elapsed_s,step_index,pwm_percent,loop_period_us,late_us,raw_rpm,filtered_rpm,target_rpm,pwm,error_rpm,intended_mode,intended_fifo,fifo_active,condition,fb_rpm
0.010019,-1,17,10019.337000,19.337000,0.000000,0.000000,360.000000,711,360.000000,PI,FIFO,true,PI_FIFO,0.000000
0.020015,-1,21,9996.100000,15.437000,0.000000,0.000000,360.000000,860,360.000000,PI,FIFO,true,PI_FIFO,0.000000
0.030018,-1,24,10002.896000,18.333000,0.001754,0.000263,360.000000,1008,359.998246,PI,FIFO,true,PI_FIFO,0.001754
0.040019,-1,16,10000.506000,18.839000,240.160689,36.024327,360.000000,682,119.839311,PI,FIFO,true,PI_FIFO,240.160689
0.050018,-1,13,9999.451000,18.290000,334.270433,80.761243,360.000000,545,25.729567,PI,FIFO,true,PI_FIFO,334.270433
0.060015,-1,12,9997.100000,15.390000,350.434539,121.212237,360.000000,524,9.565461,PI,FIFO,true,PI_FIFO,350.434539
0.070021,-1,13,10005.283000,20.673000,343.356285,154.533844,360.000000,542,16.643715,PI,FIFO,true,PI_FIFO,343.356285
0.080019,-1,13,9998.081000,18.754000,332.783976,181.271364,360.000000,570,27.216024,PI,FIFO,true,PI_FIFO,332.783976
0.090018,-1,14,9998.933000,17.687000,328.947368,203.422765,360.000000,588,31.052632,PI,FIFO,true,PI_FIFO,328.947368
0.100018,-1,14,10000.525000,18.212000,326.917918,221.947038,360.000000,605,33.082082,PI,FIFO,true,PI_FIFO,326.917918
0.110017,-1,14,9999.211000,17.423000,333.234597,238.640172,360.000000,606,26.765403,PI,FIFO,true,PI_FIFO,333.234597
0.120015,-1,15,9997.914000,15.337000,332.952816,252.787068,360.000000,618,27.047184,PI,FIFO,true,PI_FIFO,332.952816
0.130018,-1,15,10002.580000,17.917000,339.641097,265.815173,360.000000,616,20.358903,PI,FIFO,true,PI_FIFO,339.641097
0.140022,-1,15,10004.506000,22.423000,343.982598,277.540286,360.000000,616,16.017402,PI,FIFO,true,PI_FIFO,343.982598
0.150019,-1,15,9996.600000,19.023000,345.303867,287.704824,360.000000,620,14.696133,PI,FIFO,true,PI_FIFO,345.303867
0.160018,-1,15,9999.395000,18.418000,349.627064,296.993160,360.000000,617,10.372936,PI,FIFO,true,PI_FIFO,349.627064
0.170018,-1,14,9999.211000,17.629000,354.040785,305.550304,360.000000,613,5.959215,PI,FIFO,true,PI_FIFO,354.040785
0.180018,-1,14,10000.340000,17.969000,359.103677,313.583310,360.000000,605,0.896323,PI,FIFO,true,PI_FIFO,359.103677
0.190018,-1,15,9999.969000,17.938000,354.274917,319.687051,360.000000,615,5.725083,PI,FIFO,true,PI_FIFO,354.274917
0.200027,-1,14,10008.635000,26.573000,355.883948,325.116585,360.000000,614,4.116052,PI,FIFO,true,PI_FIFO,355.883948
0.210020,-1,15,9992.971000,19.544000,353.240392,329.335156,360.000000,621,6.759608,PI,FIFO,true,PI_FIFO,353.240392
0.220018,-1,15,9998.433000,17.977000,353.430633,332.949478,360.000000,624,6.569367,PI,FIFO,true,PI_FIFO,353.430633
0.230014,-1,15,9996.044000,14.021000,350.959289,335.650950,360.000000,631,9.040711,PI,FIFO,true,PI_FIFO,350.959289
0.240018,-1,15,10003.913000,17.934000,354.729730,338.512767,360.000000,628,5.270270,PI,FIFO,true,PI_FIFO,354.729730
0.250017,-1,15,9998.914000,16.848000,352.907962,340.672046,360.000000,633,7.092038,PI,FIFO,true,PI_FIFO,352.907962
0.260018,-1,15,10001.562000,18.410000,358.590881,343.359871,360.000000,625,1.409119,PI,FIFO,true,PI_FIFO,358.590881
0.270014,-1,15,9996.045000,14.455000,360.230548,345.890473,360.000000,622,-0.230548,PI,FIFO,true,PI_FIFO,360.230548
0.280018,-1,15,10003.135000,17.590000,362.318841,348.354728,360.000000,618,-2.318841,PI,FIFO,true,PI_FIFO,362.318841
0.290014,-1,15,9996.285000,13.875000,358.998906,349.951355,360.000000,624,1.001094,PI,FIFO,true,PI_FIFO,358.998906
0.300018,-1,15,10003.803000,17.678000,358.166189,351.183580,360.000000,626,1.833811,PI,FIFO,true,PI_FIFO,358.166189
0.310017,-1,15,9999.599000,17.277000,358.188996,352.234392,360.000000,626,1.811004,PI,FIFO,true,PI_FIFO,358.188996
0.320032,-1,15,10014.708000,31.985000,357.995227,353.098517,360.000000,628,2.004773,PI,FIFO,true,PI_FIFO,357.995227
0.330032,-1,15,9999.747000,31.732000,359.838792,354.109559,360.000000,625,0.161208,PI,FIFO,true,PI_FIFO,359.838792
0.340032,-1,15,9999.951000,31.683000,363.748060,355.555334,360.000000,617,-3.748060,PI,FIFO,true,PI_FIFO,363.748060
0.350083,-1,14,10050.998000,82.681000,366.927593,357.261173,360.000000,609,-6.927593,PI,FIFO,true,PI_FIFO,366.927593
0.360051,-1,15,9968.531000,51.212000,361.969112,357.967364,360.000000,616,-1.969112,PI,FIFO,true,PI_FIFO,361.969112
0.370031,-1,15,9980.176000,31.388000,358.629613,358.066701,360.000000,622,1.370387,PI,FIFO,true,PI_FIFO,358.629613
0.380013,-1,15,9981.732000,13.120000,356.851550,357.884428,360.000000,626,3.148450,PI,FIFO,true,PI_FIFO,356.851550
0.390015,-1,15,10001.506000,14.626000,357.142857,357.773193,360.000000,627,2.857143,PI,FIFO,true,PI_FIFO,357.142857
0.400015,-1,15,10000.211000,14.837000,354.274917,357.248451,360.000000,634,5.725083,PI,FIFO,true,PI_FIFO,354.274917
0.410014,-1,15,9998.747000,13.584000,357.045702,357.218039,360.000000,631,2.954298,PI,FIFO,true,PI_FIFO,357.045702
0.420015,-1,15,10001.044000,14.628000,357.483317,357.257831,360.000000,631,2.516683,PI,FIFO,true,PI_FIFO,357.483317
0.430014,-1,15,9999.043000,13.671000,362.669246,358.069543,360.000000,622,-2.669246,PI,FIFO,true,PI_FIFO,362.669246
0.440014,-1,15,10000.729000,14.400000,359.983544,358.356643,360.000000,626,0.016456,PI,FIFO,true,PI_FIFO,359.983544
0.450013,-1,15,9998.988000,13.388000,363.372093,359.108961,360.000000,619,-3.372093,PI,FIFO,true,PI_FIFO,363.372093
0.460017,-1,15,10003.506000,16.894000,360.057609,359.251258,360.000000,624,-0.057609,PI,FIFO,true,PI_FIFO,360.057609
0.470017,-1,15,10000.063000,16.957000,361.875965,359.644964,360.000000,621,-1.875965,PI,FIFO,true,PI_FIFO,361.875965
0.480017,-1,15,10000.543000,17.500000,357.824427,359.371883,360.000000,628,2.175573,PI,FIFO,true,PI_FIFO,357.824427
0.490017,-1,15,9999.285000,16.785000,361.570248,359.701638,360.000000,621,-1.570248,PI,FIFO,true,PI_FIFO,361.570248
0.500020,-1,15,10002.765000,19.550000,359.712230,359.703227,360.000000,624,0.287770,PI,FIFO,true,PI_FIFO,359.712230
0.510018,-1,14,9998.803000,18.353000,365.259740,360.536704,360.000000,614,-5.259740,PI,FIFO,true,PI_FIFO,365.259740
0.520018,-1,15,9999.840000,18.193000,362.669246,360.856585,360.000000,617,-2.669246,PI,FIFO,true,PI_FIFO,362.669246
0.530018,-1,14,9999.673000,17.866000,364.502333,361.403447,360.000000,612,-4.502333,PI,FIFO,true,PI_FIFO,364.502333
0.540019,-1,15,10001.396000,19.262000,357.483317,360.815428,360.000000,624,2.516683,PI,FIFO,true,PI_FIFO,357.483317
0.550018,-1,15,9998.747000,18.009000,356.657609,360.191755,360.000000,627,3.342391,PI,FIFO,true,PI_FIFO,356.657609
0.560019,-1,15,10000.951000,18.960000,355.956336,359.556442,360.000000,629,4.043664,PI,FIFO,true,PI_FIFO,355.956336
0.570030,-1,15,10010.542000,29.502000,355.472700,358.943881,360.000000,632,4.527300,PI,FIFO,true,PI_FIFO,355.472700
0.580019,-1,15,9989.786000,19.288000,355.281857,358.394577,360.000000,634,4.718143,PI,FIFO,true,PI_FIFO,355.281857
0.590018,-1,15,9998.488000,17.776000,358.019640,358.338337,360.000000,631,1.980360,PI,FIFO,true,PI_FIFO,358.019640
0.600018,-1,15,10000.377000,18.153000,363.901019,359.172739,360.000000,620,-3.901019,PI,FIFO,true,PI_FIFO,363.901019
0.610018,-1,15,9999.674000,17.827000,362.545496,359.678652,360.000000,621,-2.545496,PI,FIFO,true,PI_FIFO,362.545496
0.620018,-1,15,10000.340000,18.167000,361.570248,359.962392,360.000000,622,-1.570248,PI,FIFO,true,PI_FIFO,361.570248
0.630017,-1,15,9999.025000,17.192000,359.195402,359.847343,360.000000,626,0.804598,PI,FIFO,true,PI_FIFO,359.195402
0.640018,-1,15,10000.784000,17.976000,360.947125,360.012311,360.000000,623,-0.947125,PI,FIFO,true,PI_FIFO,360.947125
0.650017,-1,15,9999.081000,17.057000,357.313006,359.607415,360.000000,630,2.686994,PI,FIFO,true,PI_FIFO,357.313006
0.660019,-1,15,10001.691000,18.748000,361.769570,359.931738,360.000000,622,-1.769570,PI,FIFO,true,PI_FIFO,361.769570
0.670017,-1,15,9998.544000,17.292000,363.372093,360.447791,360.000000,618,-3.372093,PI,FIFO,true,PI_FIFO,363.372093
0.680018,-1,14,10000.822000,18.114000,367.647059,361.527682,360.000000,608,-7.647059,PI,FIFO,true,PI_FIFO,367.647059
0.690017,-1,15,9999.062000,17.176000,361.722651,361.556927,360.000000,617,-1.722651,PI,FIFO,true,PI_FIFO,361.722651
0.700025,-1,15,10007.635000,24.811000,361.172262,361.499227,360.000000,617,-1.172262,PI,FIFO,true,PI_FIFO,361.172262
0.710026,-1,15,10001.043000,25.854000,357.995227,360.973627,360.000000,623,2.004773,PI,FIFO,true,PI_FIFO,357.995227
0.720019,-1,15,9993.508000,19.362000,356.012658,360.229482,360.000000,628,3.987342,PI,FIFO,true,PI_FIFO,356.012658
0.730018,-1,15,9998.859000,18.221000,354.040785,359.301177,360.000000,633,5.959215,PI,FIFO,true,PI_FIFO,354.040785
0.740020,-1,15,10001.487000,19.708000,357.278963,358.997845,360.000000,629,2.721037,PI,FIFO,true,PI_FIFO,357.278963
0.750018,-1,15,9998.100000,17.808000,355.450237,358.465704,360.000000,634,4.549763,PI,FIFO,true,PI_FIFO,355.450237
0.760030,-1,15,10012.690000,30.498000,359.983544,358.693380,360.000000,627,0.016456,PI,FIFO,true,PI_FIFO,359.983544
0.770018,-1,15,9987.082000,17.580000,362.380628,359.246467,360.000000,622,-2.380628,PI,FIFO,true,PI_FIFO,362.380628
0.780032,-1,15,10014.505000,32.085000,364.988877,360.107829,360.000000,616,-4.988877,PI,FIFO,true,PI_FIFO,364.988877
0.790028,-1,15,9995.748000,27.833000,360.088116,360.104872,360.000000,624,-0.088116,PI,FIFO,true,PI_FIFO,360.088116
0.800018,-1,15,9990.230000,18.063000,360.181120,360.116309,360.000000,623,-0.181120,PI,FIFO,true,PI_FIFO,360.181120
0.810022,-1,15,10004.154000,22.217000,360.057609,360.107504,360.000000,624,-0.057609,PI,FIFO,true,PI_FIFO,360.057609
0.820019,-1,15,9997.118000,19.335000,360.724913,360.200115,360.000000,622,-0.724913,PI,FIFO,true,PI_FIFO,360.724913
0.830018,-1,15,9998.711000,18.046000,359.746738,360.132109,360.000000,624,0.253262,PI,FIFO,true,PI_FIFO,359.746738
0.840018,-1,15,9999.673000,17.719000,362.996902,360.561828,360.000000,618,-2.996902,PI,FIFO,true,PI_FIFO,362.996902
0.850018,-1,14,9999.914000,17.633000,366.748166,361.489779,360.000000,609,-6.748166,PI,FIFO,true,PI_FIFO,366.748166
0.860027,-1,14,10009.135000,26.768000,362.622486,361.659685,360.000000,614,-2.622486,PI,FIFO,true,PI_FIFO,362.622486
0.870018,-1,15,9990.841000,17.609000,359.884837,361.393457,360.000000,619,0.115163,PI,FIFO,true,PI_FIFO,359.884837
0.880018,-1,15,10000.525000,18.134000,357.629428,360.828853,360.000000,623,2.370572,PI,FIFO,true,PI_FIFO,357.629428
0.890018,-1,15,9999.378000,17.512000,356.633381,360.199532,360.000000,626,3.366619,PI,FIFO,true,PI_FIFO,356.633381
0.900018,-1,15,10000.284000,17.796000,353.329146,359.168974,360.000000,634,6.670854,PI,FIFO,true,PI_FIFO,353.329146
0.910017,-1,15,9999.599000,17.395000,356.633381,358.788635,360.000000,630,3.366619,PI,FIFO,true,PI_FIFO,356.633381
0.920018,-1,15,10000.636000,18.031000,357.483317,358.592838,360.000000,630,2.516683,PI,FIFO,true,PI_FIFO,357.483317
0.930015,-1,15,9996.526000,14.557000,362.569061,359.189271,360.000000,621,-2.569061,PI,FIFO,true,PI_FIFO,362.569061
0.940019,-1,15,10004.154000,18.711000,360.576923,359.397419,360.000000,624,-0.576923,PI,FIFO,true,PI_FIFO,360.576923
0.950014,-1,15,9994.952000,13.663000,362.062307,359.797152,360.000000,621,-2.062307,PI,FIFO,true,PI_FIFO,362.062307
0.960028,-1,15,10014.449000,28.112000,360.057609,359.836221,360.000000,624,-0.057609,PI,FIFO,true,PI_FIFO,360.057609
0.970017,-1,15,9989.119000,17.231000,360.392107,359.919604,360.000000,623,-0.392107,PI,FIFO,true,PI_FIFO,360.392107
0.980018,-1,15,10000.377000,17.608000,358.166189,359.656591,360.000000,627,1.833811,PI,FIFO,true,PI_FIFO,358.166189
0.990017,-1,15,9999.136000,16.744000,362.168874,360.033434,360.000000,620,-2.168874,PI,FIFO,true,PI_FIFO,362.168874
1.000015,-1,15,9997.952000,14.696000,361.271676,360.219170,360.000000,621,-1.271676,PI,FIFO,true,PI_FIFO,361.271676
1.010017,-1,14,10002.321000,17.017000,365.259740,360.975256,360.000000,613,-5.259740,PI,FIFO,true,PI_FIFO,365.259740
1.020018,-1,15,10000.599000,17.616000,362.844702,361.255673,360.000000,615,-2.844702,PI,FIFO,true,PI_FIFO,362.844702
1.030017,-1,14,9999.562000,17.178000,363.936335,361.657772,360.000000,612,-3.936335,PI,FIFO,true,PI_FIFO,363.936335
1.040017,-1,15,10000.265000,17.443000,357.824427,361.082770,360.000000,622,2.175573,PI,FIFO,true,PI_FIFO,357.824427
1.050017,-1,15,9999.618000,17.061000,356.657609,360.418996,360.000000,626,3.342391,PI,FIFO,true,PI_FIFO,356.657609
1.060026,-1,15,10008.634000,25.695000,355.618777,359.698963,360.000000,629,4.381223,PI,FIFO,true,PI_FIFO,355.618777
1.070017,-1,15,9991.527000,17.222000,355.293077,359.038080,360.000000,631,4.706923,PI,FIFO,true,PI_FIFO,355.293077
1.080017,-1,15,10000.247000,17.469000,354.219144,358.315240,360.000000,635,5.780856,PI,FIFO,true,PI_FIFO,354.219144
1.090017,-1,15,9999.210000,16.679000,357.953014,358.260906,360.000000,630,2.046986,PI,FIFO,true,PI_FIFO,357.953014
1.100017,-1,15,10000.691000,17.370000,362.809598,358.943210,360.000000,622,-2.809598,PI,FIFO,true,PI_FIFO,362.809598
1.110017,-1,15,9999.821000,17.191000,362.318841,359.449554,360.000000,622,-2.318841,PI,FIFO,true,PI_FIFO,362.318841
1.120018,-1,15,10000.525000,17.716000,362.248841,359.869447,360.000000,621,-2.248841,PI,FIFO,true,PI_FIFO,362.248841
1.130017,-1,15,9999.303000,17.019000,360.230548,359.923612,360.000000,624,-0.230548,PI,FIFO,true,PI_FIFO,360.230548
1.140018,-1,15,10000.969000,17.988000,361.689815,360.188543,360.000000,621,-1.689815,PI,FIFO,true,PI_FIFO,361.689815
1.150015,-1,15,9996.636000,14.624000,357.824427,359.833925,360.000000,628,2.175573,PI,FIFO,true,PI_FIFO,357.824427
1.160027,-1,15,10012.412000,27.036000,361.371145,360.064508,360.000000,622,-1.371145,PI,FIFO,true,PI_FIFO,361.371145
1.170017,-1,15,9989.786000,16.822000,361.969112,360.350199,360.000000,620,-1.969112,PI,FIFO,true,PI_FIFO,361.969112
1.180018,-1,14,10000.969000,17.791000,366.592805,361.286590,360.000000,610,-6.592805,PI,FIFO,true,PI_FIFO,366.592805
1.190017,-1,15,9999.469000,17.260000,361.722651,361.351999,360.000000,617,-1.722651,PI,FIFO,true,PI_FIFO,361.722651
1.200017,-1,15,10000.118000,17.378000,360.973597,361.295239,360.000000,618,-0.973597,PI,FIFO,true,PI_FIFO,360.973597
1.210017,-1,15,9999.395000,16.773000,356.633381,360.595960,360.000000,626,3.366619,PI,FIFO,true,PI_FIFO,356.633381
1.220018,-1,15,10001.025000,17.798000,354.538088,359.687279,360.000000,631,5.461912,PI,FIFO,true,PI_FIFO,354.538088
1.230017,-1,15,9999.025000,16.823000,353.440151,358.750210,360.000000,636,6.559849,PI,FIFO,true,PI_FIFO,353.440151
1.240017,-1,15,10000.543000,17.366000,356.463878,358.407260,360.000000,632,3.536122,PI,FIFO,true,PI_FIFO,356.463878
1.250014,-1,15,9996.433000,13.799000,356.657609,358.144812,360.000000,634,3.342391,PI,FIFO,true,PI_FIFO,356.657609
1.260026,-1,15,10011.708000,25.507000,360.903533,358.558620,360.000000,626,-0.903533,PI,FIFO,true,PI_FIFO,360.903533
1.270014,-1,15,9988.323000,13.830000,363.171002,359.250478,360.000000,622,-3.171002,PI,FIFO,true,PI_FIFO,363.171002
1.280017,-1,15,10003.506000,17.336000,364.254492,360.001080,360.000000,618,-4.254492,PI,FIFO,true,PI_FIFO,364.254492
1.290017,-1,15,9999.339000,16.675000,359.838792,359.976737,360.000000,625,0.161208,PI,FIFO,true,PI_FIFO,359.838792
1.300018,-1,15,10001.451000,18.126000,360.923965,360.118821,360.000000,623,-0.923965,PI,FIFO,true,PI_FIFO,360.923965
1.310017,-1,15,9999.062000,17.188000,360.207480,360.132120,360.000000,624,-0.207480,PI,FIFO,true,PI_FIFO,360.207480
1.320018,-1,15,10000.413000,17.601000,361.271676,360.303053,360.000000,622,-1.271676,PI,FIFO,true,PI_FIFO,361.271676
1.330017,-1,15,9999.211000,16.812000,359.392114,360.166412,360.000000,625,0.607886,PI,FIFO,true,PI_FIFO,359.392114
1.340018,-1,15,10001.265000,18.077000,363.372093,360.647264,360.000000,618,-3.372093,PI,FIFO,true,PI_FIFO,363.372093
1.350017,-1,14,9998.840000,16.917000,366.374498,361.506349,360.000000,610,-6.374498,PI,FIFO,true,PI_FIFO,366.374498
1.360026,-1,15,10009.282000,26.199000,361.755493,361.543721,360.000000,617,-1.755493,PI,FIFO,true,PI_FIFO,361.755493
1.370017,-1,15,9990.693000,16.892000,360.181120,361.339331,360.000000,619,-0.181120,PI,FIFO,true,PI_FIFO,360.181120
1.380017,-1,15,10000.303000,17.195000,356.803045,360.658888,360.000000,626,3.196955,PI,FIFO,true,PI_FIFO,356.803045
1.390017,-1,15,9999.951000,17.146000,357.629428,360.204469,360.000000,625,2.370572,PI,FIFO,true,PI_FIFO,357.629428
1.400017,-1,15,10000.080000,17.226000,353.273669,359.164849,360.000000,635,6.726331,PI,FIFO,true,PI_FIFO,353.273669
1.410017,-1,15,10000.043000,17.269000,355.450237,358.607657,360.000000,633,4.549763,PI,FIFO,true,PI_FIFO,355.450237
1.420026,-1,15,10008.246000,25.515000,355.691057,358.170167,360.000000,635,4.308943,PI,FIFO,true,PI_FIFO,355.691057
1.430018,-1,15,9992.582000,18.097000,362.842637,358.871038,360.000000,622,-2.842637,PI,FIFO,true,PI_FIFO,362.842637
1.440018,-1,15,9999.673000,17.770000,361.809461,359.311801,360.000000,623,-1.809461,PI,FIFO,true,PI_FIFO,361.809461
1.450017,-1,15,9999.136000,16.906000,363.206472,359.896002,360.000000,620,-3.206472,PI,FIFO,true,PI_FIFO,363.206472
1.460029,-1,15,10012.004000,28.910000,360.378913,359.968438,360.000000,624,-0.378913,PI,FIFO,true,PI_FIFO,360.378913
1.470018,-1,15,9988.675000,17.585000,360.230548,360.007755,360.000000,624,-0.230548,PI,FIFO,true,PI_FIFO,360.230548
1.480017,-1,15,9999.617000,17.202000,357.278963,359.598436,360.000000,630,2.721037,PI,FIFO,true,PI_FIFO,357.278963
1.490029,-1,15,10012.208000,29.410000,361.445783,359.875538,360.000000,623,-1.445783,PI,FIFO,true,PI_FIFO,361.445783
1.500026,-1,15,9996.563000,25.973000,361.318088,360.091921,360.000000,623,-1.318088,PI,FIFO,true,PI_FIFO,361.318088
1.510034,-1,14,10007.968000,33.941000,365.449584,360.895570,360.000000,614,-5.449584,PI,FIFO,true,PI_FIFO,365.449584
1.520018,-1,15,9983.879000,17.820000,363.865709,361.341091,360.000000,615,-3.865709,PI,FIFO,true,PI_FIFO,363.865709
1.530017,-1,14,9999.266000,17.086000,363.407307,361.651023,360.000000,614,-3.407307,PI,FIFO,true,PI_FIFO,363.407307
1.540020,-1,15,10002.913000,19.999000,357.097511,360.967997,360.000000,625,2.902489,PI,FIFO,true,PI_FIFO,357.097511
1.550017,-1,15,9997.099000,17.098000,356.463878,360.292379,360.000000,628,3.536122,PI,FIFO,true,PI_FIFO,356.463878
1.560030,-1,15,10013.338000,30.436000,355.498375,359.573278,360.000000,631,4.501625,PI,FIFO,true,PI_FIFO,355.498375
1.570017,-1,15,9986.712000,17.148000,356.294537,359.081467,360.000000,631,3.705463,PI,FIFO,true,PI_FIFO,356.294537
1.580017,-1,15,9999.895000,17.043000,355.498375,358.544003,360.000000,634,4.501625,PI,FIFO,true,PI_FIFO,355.498375
1.590017,-1,15,9999.896000,16.939000,358.680057,358.564411,360.000000,630,1.319943,PI,FIFO,true,PI_FIFO,358.680057
1.600017,-1,15,10000.432000,17.371000,363.372093,359.285564,360.000000,621,-3.372093,PI,FIFO,true,PI_FIFO,363.372093
1.610016,-1,15,9999.099000,16.470000,362.669246,359.793116,360.000000,621,-2.669246,PI,FIFO,true,PI_FIFO,362.669246
1.620017,-1,15,10000.654000,17.124000,361.875965,360.105543,360.000000,622,-1.875965,PI,FIFO,true,PI_FIFO,361.875965
1.630018,-1,15,10000.654000,17.778000,360.230548,360.124294,360.000000,624,-0.230548,PI,FIFO,true,PI_FIFO,360.230548
1.640018,-1,15,9999.988000,17.766000,361.875965,360.387045,360.000000,621,-1.875965,PI,FIFO,true,PI_FIFO,361.875965
1.650017,-1,15,9999.488000,17.254000,357.824427,360.002652,360.000000,628,2.175573,PI,FIFO,true,PI_FIFO,357.824427
1.660023,-1,15,10005.746000,23.000000,360.576923,360.088793,360.000000,623,-0.576923,PI,FIFO,true,PI_FIFO,360.576923
1.670017,-1,15,9994.082000,17.082000,361.445783,360.292341,360.000000,621,-1.445783,PI,FIFO,true,PI_FIFO,361.445783
1.680019,-1,14,10001.469000,18.551000,365.639626,361.094434,360.000000,613,-5.639626,PI,FIFO,true,PI_FIFO,365.639626
1.690014,-1,15,9995.396000,13.947000,361.794501,361.199444,360.000000,618,-1.794501,PI,FIFO,true,PI_FIFO,361.794501
1.700018,-1,15,10003.783000,17.730000,362.318841,361.367353,360.000000,616,-2.318841,PI,FIFO,true,PI_FIFO,362.318841
1.710014,-1,15,9996.488000,14.218000,358.006619,360.863243,360.000000,624,1.993381,PI,FIFO,true,PI_FIFO,358.006619
1.720024,-1,15,10009.635000,23.853000,357.313006,360.330708,360.000000,626,2.686994,PI,FIFO,true,PI_FIFO,357.313006
1.730021,-1,15,9996.692000,20.545000,352.254428,359.119266,360.000000,637,7.745572,PI,FIFO,true,PI_FIFO,352.254428
1.740017,-1,15,9996.951000,17.496000,356.803045,358.771833,360.000000,631,3.196955,PI,FIFO,true,PI_FIFO,356.803045
1.750026,-1,15,10008.505000,26.001000,356.270358,358.396611,360.000000,633,3.729642,PI,FIFO,true,PI_FIFO,356.270358
1.760032,-1,15,10005.524000,31.525000,361.230734,358.821730,360.000000,625,-1.230734,PI,FIFO,true,PI_FIFO,361.230734
1.770018,-1,15,9986.323000,17.848000,362.970133,359.443990,360.000000,621,-2.970133,PI,FIFO,true,PI_FIFO,362.970133
1.780018,-1,15,10000.432000,18.280000,364.702517,360.232769,360.000000,617,-4.702517,PI,FIFO,true,PI_FIFO,364.702517
1.790017,-1,15,9998.711000,16.991000,359.983544,360.195386,360.000000,624,0.016456,PI,FIFO,true,PI_FIFO,359.983544
1.800018,-1,15,10001.154000,18.145000,359.539789,360.097046,360.000000,625,0.460211,PI,FIFO,true,PI_FIFO,359.539789
1.810018,-1,15,9999.414000,17.559000,358.371560,359.838223,360.000000,627,1.628440,PI,FIFO,true,PI_FIFO,358.371560
1.820021,-1,15,10003.246000,20.805000,360.923965,360.001084,360.000000,623,-0.923965,PI,FIFO,true,PI_FIFO,360.923965
1.830019,-1,15,9998.618000,19.423000,360.576923,360.087460,360.000000,623,-0.576923,PI,FIFO,true,PI_FIFO,360.576923
1.840022,-1,15,10002.265000,21.688000,363.372093,360.580155,360.000000,618,-3.372093,PI,FIFO,true,PI_FIFO,363.372093
1.850018,-1,14,9996.581000,18.269000,365.829865,361.367612,360.000000,611,-5.829865,PI,FIFO,true,PI_FIFO,365.829865
1.860026,-1,15,10007.949000,26.218000,361.445783,361.379337,360.000000,618,-1.445783,PI,FIFO,true,PI_FIFO,361.445783
1.870018,-1,15,9991.453000,17.671000,359.746738,361.134447,360.000000,620,0.253262,PI,FIFO,true,PI_FIFO,359.746738
1.880018,-1,15,10000.024000,17.695000,356.836997,360.489830,360.000000,626,3.163003,PI,FIFO,true,PI_FIFO,356.836997
1.890017,-1,15,9999.785000,17.480000,357.278963,360.008200,360.000000,627,2.721037,PI,FIFO,true,PI_FIFO,357.278963
1.900018,-1,15,10000.284000,17.764000,353.773585,359.073008,360.000000,635,6.226415,PI,FIFO,true,PI_FIFO,353.773585
1.910017,-1,15,9999.506000,17.270000,355.883948,358.594649,360.000000,633,4.116052,PI,FIFO,true,PI_FIFO,355.883948
1.920018,-1,15,10000.617000,17.887000,357.142857,358.376880,360.000000,632,2.857143,PI,FIFO,true,PI_FIFO,357.142857
1.930018,-1,15,10000.173000,18.060000,363.020329,359.073397,360.000000,622,-3.020329,PI,FIFO,true,PI_FIFO,363.020329
1.940018,-1,15,9999.932000,17.992000,360.576923,359.298926,360.000000,625,-0.576923,PI,FIFO,true,PI_FIFO,360.576923
1.950017,-1,15,9999.229000,17.221000,363.020329,359.857137,360.000000,620,-3.020329,PI,FIFO,true,PI_FIFO,363.020329
1.960028,-1,15,10010.819000,28.040000,361.371145,360.084238,360.000000,622,-1.371145,PI,FIFO,true,PI_FIFO,361.371145
1.970017,-1,15,9989.268000,17.308000,361.394558,360.280786,360.000000,622,-1.394558,PI,FIFO,true,PI_FIFO,361.394558
1.980018,-1,15,10000.432000,17.740000,357.240065,359.824678,360.000000,629,2.759935,PI,FIFO,true,PI_FIFO,357.240065
1.990027,-1,15,10009.634000,27.374000,361.969112,360.146343,360.000000,621,-1.969112,PI,FIFO,true,PI_FIFO,361.969112
2.000019,-1,15,9991.360000,18.734000,361.132512,360.294268,360.000000,622,-1.132512,PI,FIFO,true,PI_FIFO,361.132512
2.010018,-1,15,9998.951000,17.685000,364.608653,360.941426,360.000000,615,-4.608653,PI,FIFO,true,PI_FIFO,364.608653
2.020018,-1,15,10000.136000,17.821000,363.748060,361.362421,360.000000,615,-3.748060,PI,FIFO,true,PI_FIFO,363.748060
2.030023,-1,14,10005.505000,23.326000,363.901019,361.743211,360.000000,613,-3.901019,PI,FIFO,true,PI_FIFO,363.901019
2.040022,-1,15,9998.617000,21.943000,358.006619,361.182722,360.000000,623,1.993381,PI,FIFO,true,PI_FIFO,358.006619
2.050015,-1,15,9993.507000,15.450000,356.012658,360.407212,360.000000,627,3.987342,PI,FIFO,true,PI_FIFO,356.012658
2.060030,-1,15,10014.134000,29.584000,353.862607,359.425522,360.000000,633,6.137393,PI,FIFO,true,PI_FIFO,353.862607
2.070019,-1,15,9989.285000,18.869000,355.618777,358.854510,360.000000,632,4.381223,PI,FIFO,true,PI_FIFO,355.618777
2.080018,-1,15,9998.803000,17.672000,354.921579,358.264570,360.000000,636,5.078421,PI,FIFO,true,PI_FIFO,354.921579
2.090017,-1,15,9999.821000,17.493000,359.023456,358.378403,360.000000,630,0.976544,PI,FIFO,true,PI_FIFO,359.023456
2.100018,-1,15,10000.320000,17.813000,364.691390,359.325351,360.000000,619,-4.691390,PI,FIFO,true,PI_FIFO,364.691390
2.110015,-1,15,9996.822000,14.635000,362.844702,359.853254,360.000000,620,-2.844702,PI,FIFO,true,PI_FIFO,362.844702
2.120025,-1,15,10010.615000,25.250000,360.576923,359.961804,360.000000,624,-0.576923,PI,FIFO,true,PI_FIFO,360.576923
2.130017,-1,15,9991.989000,17.239000,359.195402,359.846844,360.000000,626,0.804598,PI,FIFO,true,PI_FIFO,359.195402
2.140030,-1,15,10012.504000,29.743000,361.929186,360.159195,360.000000,621,-1.929186,PI,FIFO,true,PI_FIFO,361.929186
2.150018,-1,15,9988.064000,17.807000,357.858574,359.814102,360.000000,628,2.141426,PI,FIFO,true,PI_FIFO,357.858574
2.160026,-1,15,10008.523000,26.330000,360.750361,359.954541,360.000000,624,-0.750361,PI,FIFO,true,PI_FIFO,360.750361
2.170017,-1,15,9990.433000,16.763000,362.248841,360.298686,360.000000,620,-2.248841,PI,FIFO,true,PI_FIFO,362.248841
2.180017,-1,14,10000.599000,17.362000,367.054353,361.312036,360.000000,610,-7.054353,PI,FIFO,true,PI_FIFO,367.054353
2.190039,-1,15,10021.817000,39.179000,360.576923,361.201769,360.000000,620,-0.576923,PI,FIFO,true,PI_FIFO,360.576923
2.200031,-1,15,9991.729000,30.908000,362.062307,361.330850,360.000000,617,-2.062307,PI,FIFO,true,PI_FIFO,362.062307
2.210022,-1,15,9991.045000,21.953000,358.851675,360.958973,360.000000,622,1.148325,PI,FIFO,true,PI_FIFO,358.851675
2.220021,-1,15,9999.080000,21.033000,357.097511,360.379754,360.000000,626,2.902489,PI,FIFO,true,PI_FIFO,357.097511
2.230022,-1,15,10000.877000,21.910000,353.606789,359.363809,360.000000,634,6.393211,PI,FIFO,true,PI_FIFO,353.606789
2.240019,-1,15,9997.062000,18.972000,357.434641,359.074434,360.000000,629,2.565359,PI,FIFO,true,PI_FIFO,357.434641
2.250018,-1,15,9998.765000,17.737000,356.125356,358.632072,360.000000,633,3.874644,PI,FIFO,true,PI_FIFO,356.125356
2.260031,-1,15,10012.893000,30.630000,360.392107,358.896078,360.000000,626,-0.392107,PI,FIFO,true,PI_FIFO,360.392107
2.270018,-1,15,9987.749000,18.379000,362.844702,359.488371,360.000000,621,-2.844702,PI,FIFO,true,PI_FIFO,362.844702
2.280018,-1,15,9999.858000,18.237000,363.936335,360.155566,360.000000,618,-3.936335,PI,FIFO,true,PI_FIFO,363.936335
2.290018,-1,15,9999.320000,17.557000,359.367513,360.037358,360.000000,625,0.632487,PI,FIFO,true,PI_FIFO,359.367513
2.300018,-1,15,10000.562000,18.119000,360.181120,360.058922,360.000000,624,-0.181120,PI,FIFO,true,PI_FIFO,360.181120
2.310017,-1,15,9999.080000,17.199000,358.680057,359.852092,360.000000,627,1.319943,PI,FIFO,true,PI_FIFO,358.680057
2.320018,-1,15,10000.839000,18.038000,359.654731,359.822488,360.000000,625,0.345269,PI,FIFO,true,PI_FIFO,359.654731
2.330015,-1,15,9996.859000,14.897000,360.057609,359.857756,360.000000,625,-0.057609,PI,FIFO,true,PI_FIFO,360.057609
2.340019,-1,15,10004.431000,19.328000,363.196126,360.358512,360.000000,618,-3.196126,PI,FIFO,true,PI_FIFO,363.196126
2.350015,-1,14,9995.173000,14.501000,366.784038,361.322341,360.000000,610,-6.784038,PI,FIFO,true,PI_FIFO,366.784038
2.360029,-1,15,10014.078000,28.579000,362.493958,361.498083,360.000000,616,-2.493958,PI,FIFO,true,PI_FIFO,362.493958
2.370017,-1,15,9988.601000,17.180000,358.371560,361.029105,360.000000,623,1.628440,PI,FIFO,true,PI_FIFO,358.371560
2.380018,-1,15,10000.820000,18.000000,356.125356,360.293543,360.000000,628,3.874644,PI,FIFO,true,PI_FIFO,356.125356
2.390017,-1,15,9999.025000,17.025000,356.851550,359.777244,360.000000,628,3.148450,PI,FIFO,true,PI_FIFO,356.851550
2.400018,-1,15,10000.673000,17.698000,353.440151,358.826680,360.000000,636,6.559849,PI,FIFO,true,PI_FIFO,353.440151
2.410017,-1,15,9999.487000,17.185000,356.657609,358.501319,360.000000,632,3.342391,PI,FIFO,true,PI_FIFO,356.657609
2.420018,-1,15,10000.691000,17.876000,357.824427,358.399785,360.000000,632,2.175573,PI,FIFO,true,PI_FIFO,357.824427
2.430017,-1,15,9998.784000,16.660000,363.748060,359.202027,360.000000,621,-3.748060,PI,FIFO,true,PI_FIFO,363.748060
2.440018,-1,15,10001.062000,17.722000,361.097737,359.486383,360.000000,624,-1.097737,PI,FIFO,true,PI_FIFO,361.097737
2.450017,-1,15,9999.506000,17.228000,363.372093,360.069240,360.000000,619,-3.372093,PI,FIFO,true,PI_FIFO,363.372093
2.460025,-1,15,10007.764000,24.992000,361.620058,360.301862,360.000000,622,-1.620058,PI,FIFO,true,PI_FIFO,361.620058
2.470017,-1,15,9992.396000,17.388000,360.576923,360.343121,360.000000,623,-0.576923,PI,FIFO,true,PI_FIFO,360.576923
2.480018,-1,15,10000.210000,17.598000,358.680057,360.093662,360.000000,626,1.319943,PI,FIFO,true,PI_FIFO,358.680057
2.490017,-1,15,9999.598000,17.196000,362.215909,360.411999,360.000000,620,-2.215909,PI,FIFO,true,PI_FIFO,362.215909
2.500018,-1,15,10001.062000,18.258000,360.973597,360.496239,360.000000,622,-0.973597,PI,FIFO,true,PI_FIFO,360.973597
2.510017,-1,15,9998.913000,17.171000,364.254492,361.059977,360.000000,615,-4.254492,PI,FIFO,true,PI_FIFO,364.254492
2.520018,-1,15,10000.488000,17.659000,363.184401,361.378640,360.000000,615,-3.184401,PI,FIFO,true,PI_FIFO,363.184401
2.530017,-1,14,9999.228000,16.887000,363.901019,361.756997,360.000000,612,-3.901019,PI,FIFO,true,PI_FIFO,363.901019
2.540019,-1,15,10002.487000,19.374000,358.006619,361.194440,360.000000,622,1.993381,PI,FIFO,true,PI_FIFO,358.006619
2.550017,-1,15,9997.914000,17.288000,356.803045,360.535731,360.000000,626,3.196955,PI,FIFO,true,PI_FIFO,356.803045
2.560028,-1,15,10010.282000,27.570000,354.155424,359.578685,360.000000,632,5.844576,PI,FIFO,true,PI_FIFO,354.155424
2.570017,-1,15,9989.600000,17.170000,354.777673,358.858533,360.000000,633,5.222327,PI,FIFO,true,PI_FIFO,354.777673
2.580019,-1,15,10001.562000,18.732000,354.538088,358.210466,360.000000,636,5.461912,PI,FIFO,true,PI_FIFO,354.538088
2.590017,-1,15,9998.617000,17.349000,357.483317,358.101394,360.000000,632,2.516683,PI,FIFO,true,PI_FIFO,357.483317
2.600018,-1,15,10000.673000,18.022000,364.313472,359.033206,360.000000,620,-4.313472,PI,FIFO,true,PI_FIFO,364.313472
2.610017,-1,15,9999.302000,17.324000,363.548231,359.710459,360.000000,620,-3.548231,PI,FIFO,true,PI_FIFO,363.548231
2.620018,-1,15,10000.358000,17.682000,361.875965,360.035285,360.000000,621,-1.875965,PI,FIFO,true,PI_FIFO,361.875965
2.630018,-1,15,9999.839000,17.521000,361.271676,360.220744,360.000000,622,-1.271676,PI,FIFO,true,PI_FIFO,361.271676
2.640018,-1,15,10000.340000,17.861000,361.503856,360.413211,360.000000,621,-1.503856,PI,FIFO,true,PI_FIFO,361.503856
2.650014,-1,15,9995.969000,13.830000,356.803045,359.871686,360.000000,630,3.196955,PI,FIFO,true,PI_FIFO,356.803045
2.660027,-1,15,10012.745000,26.575000,360.923965,360.029528,360.000000,623,-0.923965,PI,FIFO,true,PI_FIFO,360.923965
2.670014,-1,15,9987.471000,14.046000,363.372093,360.530913,360.000000,618,-3.372093,PI,FIFO,true,PI_FIFO,363.372093
2.680018,-1,14,10003.820000,17.866000,366.716521,361.458754,360.000000,610,-6.716521,PI,FIFO,true,PI_FIFO,366.716521
2.690017,-1,15,9999.377000,17.243000,360.775151,361.356213,360.000000,618,-0.775151,PI,FIFO,true,PI_FIFO,360.775151
2.700018,-1,15,10000.543000,17.786000,362.051340,361.460482,360.000000,616,-2.051340,PI,FIFO,true,PI_FIFO,362.051340
2.710017,-1,15,9999.376000,17.162000,357.240065,360.827420,360.000000,624,2.759935,PI,FIFO,true,PI_FIFO,357.240065
2.720018,-1,15,10000.765000,17.927000,355.956336,360.096757,360.000000,628,4.043664,PI,FIFO,true,PI_FIFO,355.956336
2.730017,-1,15,9999.155000,17.082000,352.254428,358.920408,360.000000,637,7.745572,PI,FIFO,true,PI_FIFO,352.254428
2.740018,-1,15,10000.561000,17.643000,357.483317,358.704844,360.000000,630,2.516683,PI,FIFO,true,PI_FIFO,357.483317
2.750017,-1,15,9999.765000,17.408000,357.240065,358.485128,360.000000,631,2.759935,PI,FIFO,true,PI_FIFO,357.240065
2.760027,-1,15,10009.172000,26.580000,360.088116,358.725576,360.000000,627,-0.088116,PI,FIFO,true,PI_FIFO,360.088116
2.770017,-1,15,9990.340000,16.920000,362.168874,359.242071,360.000000,623,-2.168874,PI,FIFO,true,PI_FIFO,362.168874
2.780019,-1,15,10001.784000,18.704000,363.548231,359.887995,360.000000,619,-3.548231,PI,FIFO,true,PI_FIFO,363.548231
2.790018,-1,15,9999.321000,18.025000,360.392107,359.963611,360.000000,624,-0.392107,PI,FIFO,true,PI_FIFO,360.392107
2.800018,-1,15,9999.747000,17.772000,361.097737,360.133730,360.000000,622,-1.097737,PI,FIFO,true,PI_FIFO,361.097737
2.810018,-1,15,9999.802000,17.574000,359.884837,360.096396,360.000000,624,0.115163,PI,FIFO,true,PI_FIFO,359.884837
2.820020,-1,15,10001.987000,19.561000,360.576923,360.168475,360.000000,623,-0.576923,PI,FIFO,true,PI_FIFO,360.576923
2.830026,-1,15,10006.561000,26.122000,358.920368,359.981259,360.000000,626,1.079632,PI,FIFO,true,PI_FIFO,358.920368
2.840018,-1,15,9991.396000,17.518000,362.493958,360.358164,360.000000,619,-2.493958,PI,FIFO,true,PI_FIFO,362.493958
2.850017,-1,14,9999.080000,16.598000,365.141188,361.075618,360.000000,613,-5.141188,PI,FIFO,true,PI_FIFO,365.141188
2.860028,-1,15,10011.245000,27.843000,362.622486,361.307648,360.000000,616,-2.622486,PI,FIFO,true,PI_FIFO,362.622486
2.870017,-1,15,9988.823000,16.666000,359.884837,361.094226,360.000000,620,0.115163,PI,FIFO,true,PI_FIFO,359.884837
2.880017,-1,15,10000.691000,17.357000,356.657609,360.428734,360.000000,627,3.342391,PI,FIFO,true,PI_FIFO,356.657609
2.890016,-1,15,9999.062000,16.419000,356.972870,359.910354,360.000000,627,3.027130,PI,FIFO,true,PI_FIFO,356.972870
2.900029,-1,15,10012.281000,28.700000,352.974398,358.869961,360.000000,637,7.025602,PI,FIFO,true,PI_FIFO,352.974398
2.910032,-1,15,10003.765000,32.465000,355.883948,358.422059,360.000000,634,4.116052,PI,FIFO,true,PI_FIFO,355.883948
2.920019,-1,15,9986.508000,18.973000,357.995227,358.358034,360.000000,631,2.004773,PI,FIFO,true,PI_FIFO,357.995227
2.930018,-1,15,9999.192000,18.165000,362.435567,358.969664,360.000000,623,-2.435567,PI,FIFO,true,PI_FIFO,362.435567
2.940018,-1,15,9999.765000,17.930000,361.097737,359.288875,360.000000,625,-1.097737,PI,FIFO,true,PI_FIFO,361.097737
2.950019,-1,15,10001.061000,18.991000,362.622486,359.788916,360.000000,622,-2.622486,PI,FIFO,true,PI_FIFO,362.622486
2.960029,-1,15,10010.282000,29.273000,359.367513,359.725706,360.000000,627,0.632487,PI,FIFO,true,PI_FIFO,359.367513
2.970017,-1,15,9988.101000,17.374000,359.786184,359.734778,360.000000,626,0.213816,PI,FIFO,true,PI_FIFO,359.786184
2.980019,-1,15,10001.136000,18.510000,357.653791,359.422630,360.000000,631,2.346209,PI,FIFO,true,PI_FIFO,357.653791
2.990014,-1,15,9995.858000,14.368000,362.248841,359.846561,360.000000,622,-2.248841,PI,FIFO,true,PI_FIFO,362.248841
3.000018,-1,15,10003.820000,18.188000,361.271676,360.060329,360.000000,623,-1.271676,PI,FIFO,true,PI_FIFO,361.271676
3.010017,-1,15,9998.766000,16.954000,365.538991,360.882128,360.000000,615,-5.538991,PI,FIFO,true,PI_FIFO,365.538991
3.020018,-1,15,10000.561000,17.515000,362.769486,361.165232,360.000000,618,-2.769486,PI,FIFO,true,PI_FIFO,362.769486
3.030017,-1,15,9999.525000,17.040000,363.196126,361.469866,360.000000,616,-3.196126,PI,FIFO,true,PI_FIFO,363.196126
3.040026,-1,15,10009.263000,26.303000,357.642421,360.895749,360.000000,625,2.357579,PI,FIFO,true,PI_FIFO,357.642421
3.050025,-1,15,9998.932000,25.235000,357.824427,360.435051,360.000000,626,2.175573,PI,FIFO,true,PI_FIFO,357.824427
3.060030,-1,15,10004.449000,29.684000,355.305901,359.665678,360.000000,632,4.694099,PI,FIFO,true,PI_FIFO,355.305901
3.070017,-1,15,9987.545000,17.229000,355.787476,359.083948,360.000000,633,4.212524,PI,FIFO,true,PI_FIFO,355.787476
3.080018,-1,15,10000.376000,17.605000,354.576399,358.407816,360.000000,637,5.423601,PI,FIFO,true,PI_FIFO,354.576399
3.090017,-1,15,9999.525000,17.130000,359.023456,358.500162,360.000000,630,0.976544,PI,FIFO,true,PI_FIFO,359.023456
3.100018,-1,15,10000.616000,17.746000,363.171002,359.200788,360.000000,623,-3.171002,PI,FIFO,true,PI_FIFO,363.171002
3.110017,-1,15,9999.303000,17.049000,363.206472,359.801640,360.000000,621,-3.206472,PI,FIFO,true,PI_FIFO,363.206472
3.120018,-1,15,10000.820000,17.869000,362.569061,360.216754,360.000000,621,-2.569061,PI,FIFO,true,PI_FIFO,362.569061
3.130017,-1,15,9999.413000,17.282000,361.097737,360.348901,360.000000,623,-1.097737,PI,FIFO,true,PI_FIFO,361.097737
3.140019,-1,15,10001.746000,19.028000,362.622486,360.689939,360.000000,620,-2.622486,PI,FIFO,true,PI_FIFO,362.622486
3.150019,-1,15,9999.728000,18.756000,357.824427,360.260112,360.000000,628,2.175573,PI,FIFO,true,PI_FIFO,357.824427
3.160027,-1,15,10008.245000,27.001000,360.761929,360.335385,360.000000,623,-0.761929,PI,FIFO,true,PI_FIFO,360.761929
3.170017,-1,15,9990.489000,17.490000,362.669246,360.685464,360.000000,619,-2.669246,PI,FIFO,true,PI_FIFO,362.669246
3.180018,-1,14,10000.636000,18.126000,365.829865,361.457124,360.000000,612,-5.829865,PI,FIFO,true,PI_FIFO,365.829865
3.190017,-1,15,9998.505000,16.631000,361.620058,361.481564,360.000000,618,-1.620058,PI,FIFO,true,PI_FIFO,361.620058
3.200019,-1,15,10001.876000,18.507000,361.570248,361.494867,360.000000,617,-1.570248,PI,FIFO,true,PI_FIFO,361.570248
3.210014,-1,15,9995.562000,14.069000,356.633381,360.765644,360.000000,626,3.366619,PI,FIFO,true,PI_FIFO,356.633381
3.220018,-1,15,10004.209000,18.278000,355.956336,360.044248,360.000000,629,4.043664,PI,FIFO,true,PI_FIFO,355.956336
3.230014,-1,15,9995.747000,14.025000,351.311563,358.734345,360.000000,640,8.688437,PI,FIFO,true,PI_FIFO,351.311563
3.240017,-1,15,10003.320000,17.345000,356.803045,358.444650,360.000000,632,3.196955,PI,FIFO,true,PI_FIFO,356.803045
3.250017,-1,15,10000.099000,17.444000,357.278963,358.269797,360.000000,633,2.721037,PI,FIFO,true,PI_FIFO,357.278963
3.260026,-1,15,10008.448000,25.892000,362.669246,358.929714,360.000000,623,-2.669246,PI,FIFO,true,PI_FIFO,362.669246
3.270017,-1,15,9991.378000,17.270000,362.622486,359.483630,360.000000,622,-2.622486,PI,FIFO,true,PI_FIFO,362.622486
3.280018,-1,15,10000.876000,18.146000,364.254492,360.199259,360.000000,618,-4.254492,PI,FIFO,true,PI_FIFO,364.254492
3.290017,-1,15,9998.802000,16.948000,359.983544,360.166902,360.000000,625,0.016456,PI,FIFO,true,PI_FIFO,359.983544
3.300018,-1,15,10001.043000,17.991000,360.250904,360.179502,360.000000,624,-0.250904,PI,FIFO,true,PI_FIFO,360.250904
3.310017,-1,15,9999.320000,17.311000,359.786184,360.120505,360.000000,625,0.213816,PI,FIFO,true,PI_FIFO,359.786184
3.320018,-1,15,10000.432000,17.743000,360.403652,360.162977,360.000000,624,-0.403652,PI,FIFO,true,PI_FIFO,360.403652
3.330017,-1,15,9999.302000,17.045000,360.576923,360.225069,360.000000,623,-0.576923,PI,FIFO,true,PI_FIFO,360.576923
3.340018,-1,15,10000.672000,17.717000,363.724539,360.749989,360.000000,617,-3.724539,PI,FIFO,true,PI_FIFO,363.724539
3.350017,-1,14,9999.617000,17.334000,365.829865,361.511971,360.000000,611,-5.829865,PI,FIFO,true,PI_FIFO,365.829865
3.360026,-1,15,10008.671000,26.005000,362.318841,361.633001,360.000000,616,-2.318841,PI,FIFO,true,PI_FIFO,362.318841
3.370018,-1,15,9991.600000,17.605000,359.712230,361.344885,360.000000,620,0.287770,PI,FIFO,true,PI_FIFO,359.712230
3.380018,-1,15,10000.061000,17.666000,357.045702,360.700008,360.000000,625,2.954298,PI,FIFO,true,PI_FIFO,357.045702
3.390017,-1,15,9999.173000,16.839000,357.483317,360.217504,360.000000,626,2.516683,PI,FIFO,true,PI_FIFO,357.483317
3.400017,-1,15,10000.635000,17.474000,353.684608,359.237570,360.000000,634,6.315392,PI,FIFO,true,PI_FIFO,353.684608
3.410017,-1,15,9999.580000,17.054000,356.633381,358.846941,360.000000,631,3.366619,PI,FIFO,true,PI_FIFO,356.633381
3.420018,-1,15,10000.857000,17.911000,358.019640,358.722846,360.000000,630,1.980360,PI,FIFO,true,PI_FIFO,358.019640
3.430017,-1,15,9999.339000,17.250000,361.969112,359.209786,360.000000,623,-1.969112,PI,FIFO,true,PI_FIFO,361.969112
3.440018,-1,15,10000.302000,17.552000,361.132512,359.498195,360.000000,623,-1.132512,PI,FIFO,true,PI_FIFO,361.132512
3.450018,-1,15,9999.988000,17.540000,363.196126,360.052885,360.000000,619,-3.196126,PI,FIFO,true,PI_FIFO,363.196126
3.460027,-1,15,10009.004000,26.544000,359.470859,359.965581,360.000000,625,0.529141,PI,FIFO,true,PI_FIFO,359.470859
3.470017,-1,15,9990.822000,17.366000,360.923965,360.109338,360.000000,622,-0.923965,PI,FIFO,true,PI_FIFO,360.923965
3.480017,-1,15,10000.061000,17.427000,355.883948,359.475530,360.000000,632,4.116052,PI,FIFO,true,PI_FIFO,355.883948
3.490017,-1,15,9999.580000,17.007000,361.097737,359.718861,360.000000,623,-1.097737,PI,FIFO,true,PI_FIFO,361.097737
3.500018,-1,15,10000.728000,17.735000,361.318088,359.958745,360.000000,622,-1.318088,PI,FIFO,true,PI_FIFO,361.318088
3.510017,-1,14,9999.469000,17.204000,365.497076,360.789495,360.000000,614,-5.497076,PI,FIFO,true,PI_FIFO,365.497076
3.520018,-1,14,10000.857000,18.061000,364.124806,361.289791,360.000000,614,-4.124806,PI,FIFO,true,PI_FIFO,364.124806
3.530017,-1,14,9998.451000,16.512000,364.077670,361.707973,360.000000,612,-4.077670,PI,FIFO,true,PI_FIFO,364.077670
3.540018,-1,15,10001.598000,18.110000,357.483317,361.074275,360.000000,624,2.516683,PI,FIFO,true,PI_FIFO,357.483317
3.550014,-1,15,9996.099000,14.209000,355.472700,360.234039,360.000000,629,4.527300,PI,FIFO,true,PI_FIFO,355.472700
3.560029,-1,15,10014.633000,28.842000,354.755298,359.412227,360.000000,632,5.244702,PI,FIFO,true,PI_FIFO,354.755298
3.570014,-1,15,9985.397000,14.239000,356.916244,359.037830,360.000000,630,3.083756,PI,FIFO,true,PI_FIFO,356.916244
3.580017,-1,15,10003.209000,17.448000,356.125356,358.600959,360.000000,633,3.874644,PI,FIFO,true,PI_FIFO,356.125356
3.590017,-1,15,9999.579000,17.027000,359.392114,358.719632,360.000000,628,0.607886,PI,FIFO,true,PI_FIFO,359.392114
3.600030,-1,15,10013.337000,30.364000,363.041002,359.367838,360.000000,621,-3.041002,PI,FIFO,true,PI_FIFO,363.041002
3.610031,-1,15,10000.969000,31.333000,363.184401,359.940322,360.000000,619,-3.184401,PI,FIFO,true,PI_FIFO,363.184401
3.620023,-1,15,9991.748000,23.081000,360.576923,360.035812,360.000000,623,-0.576923,PI,FIFO,true,PI_FIFO,360.576923
3.630021,-1,15,9998.339000,21.420000,360.403652,360.090988,360.000000,623,-0.403652,PI,FIFO,true,PI_FIFO,360.403652
3.640024,-1,15,10002.802000,24.222000,362.435567,360.442675,360.000000,619,-2.435567,PI,FIFO,true,PI_FIFO,362.435567
3.650022,-1,15,9997.543000,21.765000,357.483317,359.998771,360.000000,628,2.516683,PI,FIFO,true,PI_FIFO,357.483317
3.660039,-1,15,10017.354000,39.119000,360.576923,360.085494,360.000000,623,-0.576923,PI,FIFO,true,PI_FIFO,360.576923
3.670020,-1,15,9980.435000,19.554000,361.969112,360.368037,360.000000,620,-1.969112,PI,FIFO,true,PI_FIFO,361.969112
3.680018,-1,14,9998.803000,18.357000,365.449584,361.130269,360.000000,612,-5.449584,PI,FIFO,true,PI_FIFO,365.449584
3.690017,-1,15,9998.709000,17.066000,361.445783,361.177596,360.000000,618,-1.445783,PI,FIFO,true,PI_FIFO,361.445783
3.700018,-1,15,10001.209000,18.275000,362.062307,361.310303,360.000000,616,-2.062307,PI,FIFO,true,PI_FIFO,362.062307
3.710017,-1,15,9999.080000,17.355000,356.972870,360.659688,360.000000,625,3.027130,PI,FIFO,true,PI_FIFO,356.972870
3.720018,-1,15,10000.747000,18.102000,357.483317,360.183232,360.000000,625,2.516683,PI,FIFO,true,PI_FIFO,357.483317
3.730014,-1,15,9995.914000,14.016000,352.443609,359.022289,360.000000,636,7.556391,PI,FIFO,true,PI_FIFO,352.443609
3.740017,-1,15,10003.375000,17.391000,355.618777,358.511762,360.000000,633,4.381223,PI,FIFO,true,PI_FIFO,355.618777
3.750019,-1,15,10001.506000,18.897000,355.498375,358.059754,360.000000,635,4.501625,PI,FIFO,true,PI_FIFO,355.498375
3.760034,-1,15,10015.392000,34.289000,361.794501,358.619966,360.000000,625,-1.794501,PI,FIFO,true,PI_FIFO,361.794501
3.770021,-1,15,9987.045000,21.334000,362.809598,359.248411,360.000000,622,-2.809598,PI,FIFO,true,PI_FIFO,362.809598
3.780018,-1,15,9996.728000,18.062000,364.077670,359.972800,360.000000,618,-4.077670,PI,FIFO,true,PI_FIFO,364.077670
3.790017,-1,15,9998.821000,16.883000,360.207480,360.008002,360.000000,624,-0.207480,PI,FIFO,true,PI_FIFO,360.207480
3.800018,-1,15,10000.783000,17.666000,360.057609,360.015443,360.000000,625,-0.057609,PI,FIFO,true,PI_FIFO,360.057609
3.810017,-1,15,9999.432000,17.098000,358.606557,359.804110,360.000000,627,1.393443,PI,FIFO,true,PI_FIFO,358.606557
3.820029,-1,15,10011.893000,28.991000,360.576923,359.920032,360.000000,624,-0.576923,PI,FIFO,true,PI_FIFO,360.576923
3.830022,-1,15,9992.840000,21.831000,359.392114,359.840844,360.000000,626,0.607886,PI,FIFO,true,PI_FIFO,359.392114
3.840019,-1,15,9997.395000,19.226000,364.702517,360.570095,360.000000,616,-4.702517,PI,FIFO,true,PI_FIFO,364.702517
3.850017,-1,14,9997.728000,16.954000,366.415410,361.446892,360.000000,611,-6.415410,PI,FIFO,true,PI_FIFO,366.415410
3.860026,-1,15,10009.004000,25.958000,362.318841,361.577685,360.000000,616,-2.318841,PI,FIFO,true,PI_FIFO,362.318841
3.870018,-1,15,9991.619000,17.577000,358.920368,361.179087,360.000000,622,1.079632,PI,FIFO,true,PI_FIFO,358.920368
3.880019,-1,15,10001.690000,19.267000,356.633381,360.497231,360.000000,627,3.366619,PI,FIFO,true,PI_FIFO,356.633381
3.890018,-1,15,9998.469000,17.736000,357.240065,360.008656,360.000000,627,2.759935,PI,FIFO,true,PI_FIFO,357.240065
3.900018,-1,15,9999.784000,17.520000,353.940538,359.098439,360.000000,635,6.059462,PI,FIFO,true,PI_FIFO,353.940538
3.910017,-1,15,9999.746000,17.266000,356.373543,358.689704,360.000000,632,3.626457,PI,FIFO,true,PI_FIFO,356.373543
3.920017,-1,15,9999.636000,16.902000,357.313006,358.483199,360.000000,632,2.686994,PI,FIFO,true,PI_FIFO,357.313006
3.930017,-1,15,10000.080000,16.982000,362.569061,359.096079,360.000000,623,-2.569061,PI,FIFO,true,PI_FIFO,362.569061
3.940018,-1,15,10000.876000,17.858000,361.722651,359.490065,360.000000,623,-1.722651,PI,FIFO,true,PI_FIFO,361.722651
3.950018,-1,15,10000.079000,17.937000,363.573407,360.102566,360.000000,619,-3.573407,PI,FIFO,true,PI_FIFO,363.573407
3.960028,-1,15,10009.616000,27.553000,360.750361,360.199735,360.000000,623,-0.750361,PI,FIFO,true,PI_FIFO,360.750361
3.970018,-1,15,9990.414000,17.967000,360.761929,360.284064,360.000000,623,-0.761929,PI,FIFO,true,PI_FIFO,360.761929
3.980017,-1,15,9999.451000,17.418000,358.166189,359.966383,360.000000,628,1.833811,PI,FIFO,true,PI_FIFO,358.166189
3.990017,-1,15,9999.950000,17.368000,362.143892,360.293009,360.000000,620,-2.143892,PI,FIFO,true,PI_FIFO,362.143892
4.000018,-1,15,10000.154000,17.522000,360.761929,360.363347,360.000000,622,-0.761929,PI,FIFO,true,PI_FIFO,360.761929
4.010018,-1,14,10000.005000,17.527000,364.785992,361.026744,360.000000,614,-4.785992,PI,FIFO,true,PI_FIFO,364.785992
4.020018,-1,15,10000.025000,17.552000,362.622486,361.266105,360.000000,616,-2.622486,PI,FIFO,true,PI_FIFO,362.622486
4.030017,-1,14,9999.209000,16.761000,364.254492,361.714363,360.000000,612,-4.254492,PI,FIFO,true,PI_FIFO,364.254492
4.040017,-1,15,10000.542000,17.303000,358.606557,361.248192,360.000000,621,1.393443,PI,FIFO,true,PI_FIFO,358.606557
4.050017,-1,15,9999.506000,16.809000,356.463878,360.530545,360.000000,626,3.536122,PI,FIFO,true,PI_FIFO,356.463878
4.060026,-1,15,10009.467000,26.276000,354.934377,359.691120,360.000000,631,5.065623,PI,FIFO,true,PI_FIFO,354.934377
4.070017,-1,15,9990.729000,17.005000,356.125356,359.156255,360.000000,630,3.874644,PI,FIFO,true,PI_FIFO,356.125356
4.080018,-1,15,10000.913000,17.918000,355.305901,358.578702,360.000000,634,4.694099,PI,FIFO,true,PI_FIFO,355.305901
4.090017,-1,15,9999.246000,17.164000,359.023456,358.645415,360.000000,628,0.976544,PI,FIFO,true,PI_FIFO,359.023456
4.100018,-1,15,10000.505000,17.669000,363.372093,359.354417,360.000000,620,-3.372093,PI,FIFO,true,PI_FIFO,363.372093
4.110017,-1,15,9999.413000,17.082000,362.493958,359.825348,360.000000,620,-2.493958,PI,FIFO,true,PI_FIFO,362.493958
4.120018,-1,15,10000.432000,17.514000,359.786184,359.819474,360.000000,625,0.213816,PI,FIFO,true,PI_FIFO,359.786184
4.130017,-1,15,9999.320000,16.834000,359.367513,359.751680,360.000000,626,0.632487,PI,FIFO,true,PI_FIFO,359.367513
4.140017,-1,15,10000.616000,17.450000,360.392107,359.847744,360.000000,624,-0.392107,PI,FIFO,true,PI_FIFO,360.392107
4.150014,-1,15,9996.858000,14.308000,357.313006,359.467533,360.000000,630,2.686994,PI,FIFO,true,PI_FIFO,357.313006
4.160032,-1,15,10017.818000,32.126000,361.445783,359.764271,360.000000,623,-1.445783,PI,FIFO,true,PI_FIFO,361.445783
4.170015,-1,15,9982.378000,14.504000,363.936335,360.390080,360.000000,617,-3.936335,PI,FIFO,true,PI_FIFO,363.936335
4.180019,-1,14,10004.487000,18.991000,366.568915,361.316905,360.000000,610,-6.568915,PI,FIFO,true,PI_FIFO,366.568915
4.190016,-1,15,9996.820000,15.811000,360.761929,361.233659,360.000000,619,-0.761929,PI,FIFO,true,PI_FIFO,360.761929
4.200018,-1,15,10002.431000,18.242000,361.969112,361.343977,360.000000,616,-1.969112,PI,FIFO,true,PI_FIFO,361.969112
4.210017,-1,15,9998.876000,17.118000,356.851550,360.670113,360.000000,626,3.148450,PI,FIFO,true,PI_FIFO,356.851550
4.220018,-1,15,10000.654000,17.772000,357.142857,360.141025,360.000000,626,2.857143,PI,FIFO,true,PI_FIFO,357.142857
4.230017,-1,15,9999.468000,17.240000,353.151683,359.092623,360.000000,636,6.848317,PI,FIFO,true,PI_FIFO,353.151683
4.240021,-1,15,10003.320000,20.560000,357.142857,358.800158,360.000000,630,2.857143,PI,FIFO,true,PI_FIFO,357.142857
4.250018,-1,15,9997.228000,17.788000,355.498375,358.304891,360.000000,635,4.501625,PI,FIFO,true,PI_FIFO,355.498375
4.260029,-1,15,10011.300000,29.088000,361.097737,358.723818,360.000000,626,-1.097737,PI,FIFO,true,PI_FIFO,361.097737
4.270017,-1,15,9987.970000,17.058000,362.062307,359.224591,360.000000,623,-2.062307,PI,FIFO,true,PI_FIFO,362.062307
4.280018,-1,15,10000.802000,17.860000,364.608653,360.032200,360.000000,617,-4.608653,PI,FIFO,true,PI_FIFO,364.608653
4.290018,-1,15,9999.765000,17.625000,360.947125,360.169439,360.000000,623,-0.947125,PI,FIFO,true,PI_FIFO,360.947125
4.300018,-1,15,9999.931000,17.556000,360.750361,360.256577,360.000000,623,-0.750361,PI,FIFO,true,PI_FIFO,360.750361
4.310023,-1,15,10005.079000,22.635000,359.589041,360.156447,360.000000,625,0.410959,PI,FIFO,true,PI_FIFO,359.589041
4.320037,-1,15,10014.633000,37.268000,359.925474,360.121801,360.000000,624,0.074526,PI,FIFO,true,PI_FIFO,359.925474
4.330019,-1,15,9982.156000,19.424000,359.983544,360.101062,360.000000,624,0.016456,PI,FIFO,true,PI_FIFO,359.983544
4.340018,-1,15,9998.376000,17.800000,363.206472,360.566874,360.000000,618,-3.206472,PI,FIFO,true,PI_FIFO,363.206472
4.350016,-1,14,9998.358000,16.158000,366.415410,361.444154,360.000000,610,-6.415410,PI,FIFO,true,PI_FIFO,366.415410
4.360039,-1,15,10023.075000,39.233000,361.722651,361.485929,360.000000,617,-1.722651,PI,FIFO,true,PI_FIFO,361.722651
4.370024,-1,15,9984.490000,23.723000,359.195402,361.142350,360.000000,621,0.804598,PI,FIFO,true,PI_FIFO,359.195402
4.380016,-1,15,9992.655000,16.378000,356.294537,360.415178,360.000000,627,3.705463,PI,FIFO,true,PI_FIFO,356.294537
4.390015,-1,15,9998.765000,15.143000,355.883948,359.735493,360.000000,629,4.116052,PI,FIFO,true,PI_FIFO,355.883948
4.400022,-1,15,10007.078000,22.221000,352.609309,358.666566,360.000000,638,7.390691,PI,FIFO,true,PI_FIFO,352.609309
4.410015,-1,15,9992.470000,14.691000,356.916244,358.404017,360.000000,632,3.083756,PI,FIFO,true,PI_FIFO,356.916244
4.420019,-1,15,10004.116000,18.807000,358.166189,358.368343,360.000000,631,1.833811,PI,FIFO,true,PI_FIFO,358.166189
4.430014,-1,15,9995.117000,13.924000,363.976705,359.209598,360.000000,620,-3.976705,PI,FIFO,true,PI_FIFO,363.976705
4.440018,-1,15,10004.523000,18.447000,361.722651,359.586556,360.000000,623,-1.722651,PI,FIFO,true,PI_FIFO,361.722651
4.450018,-1,15,9999.506000,17.953000,363.976705,360.245078,360.000000,618,-3.976705,PI,FIFO,true,PI_FIFO,363.976705
4.460028,-1,15,10009.818000,27.771000,359.367513,360.113443,360.000000,625,0.632487,PI,FIFO,true,PI_FIFO,359.367513
4.470018,-1,15,9990.007000,17.778000,361.558530,360.330206,360.000000,621,-1.558530,PI,FIFO,true,PI_FIFO,361.558530
4.480018,-1,15,10000.154000,17.932000,357.629428,359.925090,360.000000,628,2.370572,PI,FIFO,true,PI_FIFO,357.629428
4.490017,-1,15,9999.117000,17.049000,361.969112,360.231693,360.000000,621,-1.969112,PI,FIFO,true,PI_FIFO,361.969112
4.500018,-1,15,10000.616000,17.665000,361.132512,360.366816,360.000000,622,-1.132512,PI,FIFO,true,PI_FIFO,361.132512
4.510017,-1,14,9999.247000,16.912000,365.853659,361.189842,360.000000,612,-5.853659,PI,FIFO,true,PI_FIFO,365.853659
4.520018,-1,15,10000.672000,17.584000,362.435567,361.376701,360.000000,616,-2.435567,PI,FIFO,true,PI_FIFO,362.435567
4.530017,-1,14,9999.338000,16.922000,363.724539,361.728877,360.000000,613,-3.724539,PI,FIFO,true,PI_FIFO,363.724539
4.540018,-1,15,10000.876000,17.798000,357.629428,361.113959,360.000000,623,2.370572,PI,FIFO,true,PI_FIFO,357.629428
4.550018,-1,15,10000.024000,17.822000,356.633381,360.441873,360.000000,626,3.366619,PI,FIFO,true,PI_FIFO,356.633381
4.560028,-1,15,10009.948000,27.770000,355.293077,359.669553,360.000000,630,4.706923,PI,FIFO,true,PI_FIFO,355.293077
4.570018,-1,15,9990.211000,17.981000,355.956336,359.112571,360.000000,631,4.043664,PI,FIFO,true,PI_FIFO,355.956336
4.580018,-1,15,9999.765000,17.746000,353.964401,358.340345,360.000000,636,6.035599,PI,FIFO,true,PI_FIFO,353.964401
4.590017,-1,15,9998.987000,16.733000,358.166189,358.314222,360.000000,631,1.833811,PI,FIFO,true,PI_FIFO,358.166189
4.600018,-1,15,10001.190000,17.923000,363.976705,359.163594,360.000000,620,-3.976705,PI,FIFO,true,PI_FIFO,363.976705
4.610024,-1,15,10005.931000,23.854000,363.372093,359.794869,360.000000,619,-3.372093,PI,FIFO,true,PI_FIFO,363.372093
4.620019,-1,15,9994.784000,18.638000,361.969112,360.121006,360.000000,621,-1.969112,PI,FIFO,true,PI_FIFO,361.969112
4.630014,-1,15,9995.432000,14.070000,360.250904,360.140490,360.000000,623,-0.250904,PI,FIFO,true,PI_FIFO,360.250904
4.640018,-1,15,10003.505000,17.575000,360.403652,360.179965,360.000000,623,-0.403652,PI,FIFO,true,PI_FIFO,360.403652
4.650014,-1,15,9996.080000,13.655000,357.629428,359.797384,360.000000,628,2.370572,PI,FIFO,true,PI_FIFO,357.629428
4.660026,-1,15,10012.763000,26.418000,360.750361,359.940331,360.000000,623,-0.750361,PI,FIFO,true,PI_FIFO,360.750361
4.670015,-1,15,9988.655000,15.073000,362.809598,360.370721,360.000000,619,-2.809598,PI,FIFO,true,PI_FIFO,362.809598
4.680018,-1,14,10002.542000,17.615000,366.568915,361.300450,360.000000,610,-6.568915,PI,FIFO,true,PI_FIFO,366.568915
4.690017,-1,15,9999.506000,17.121000,362.248841,361.442708,360.000000,616,-2.248841,PI,FIFO,true,PI_FIFO,362.248841
4.700017,-1,15,10000.376000,17.497000,361.271676,361.417054,360.000000,617,-1.271676,PI,FIFO,true,PI_FIFO,361.271676
4.710017,-1,15,9999.505000,17.002000,356.077048,360.616053,360.000000,627,3.922952,PI,FIFO,true,PI_FIFO,356.077048
4.720018,-1,15,10000.783000,17.785000,356.972870,360.069575,360.000000,627,3.027130,PI,FIFO,true,PI_FIFO,356.972870
4.730017,-1,15,9999.098000,16.883000,352.974398,359.005299,360.000000,636,7.025602,PI,FIFO,true,PI_FIFO,352.974398
4.740018,-1,15,10000.635000,17.518000,357.313006,358.751455,360.000000,630,2.686994,PI,FIFO,true,PI_FIFO,357.313006
4.750018,-1,15,10000.895000,18.413000,356.270358,358.379290,360.000000,633,3.729642,PI,FIFO,true,PI_FIFO,356.270358
4.760028,-1,15,10009.226000,27.639000,361.620058,358.865405,360.000000,624,-1.620058,PI,FIFO,true,PI_FIFO,361.620058
4.770018,-1,15,9990.747000,18.386000,361.875965,359.316989,360.000000,623,-1.875965,PI,FIFO,true,PI_FIFO,361.875965
4.780018,-1,15,9999.487000,17.873000,363.724539,359.978122,360.000000,619,-3.724539,PI,FIFO,true,PI_FIFO,363.724539
4.790017,-1,15,9999.413000,17.286000,360.207480,360.012526,360.000000,624,-0.207480,PI,FIFO,true,PI_FIFO,360.207480
4.800018,-1,15,10000.358000,17.644000,360.576923,360.097185,360.000000,623,-0.576923,PI,FIFO,true,PI_FIFO,360.576923
4.810017,-1,15,9999.542000,17.186000,359.023456,359.936126,360.000000,626,0.976544,PI,FIFO,true,PI_FIFO,359.023456
4.820032,-1,15,10015.151000,32.337000,361.318088,360.143420,360.000000,622,-1.318088,PI,FIFO,true,PI_FIFO,361.318088
4.830021,-1,15,9989.063000,21.400000,360.181120,360.149075,360.000000,624,-0.181120,PI,FIFO,true,PI_FIFO,360.181120
4.840018,-1,15,9996.895000,18.295000,362.844702,360.553419,360.000000,618,-2.844702,PI,FIFO,true,PI_FIFO,362.844702
4.850018,-1,14,9999.487000,17.782000,364.869505,361.200832,360.000000,613,-4.869505,PI,FIFO,true,PI_FIFO,364.869505
4.860022,-1,15,10004.579000,22.361000,362.769486,361.436130,360.000000,615,-2.769486,PI,FIFO,true,PI_FIFO,362.769486
4.870018,-1,15,9995.987000,18.348000,359.712230,361.177545,360.000000,620,0.287770,PI,FIFO,true,PI_FIFO,359.712230
4.880018,-1,15,10000.006000,18.354000,357.460600,360.620003,360.000000,625,2.539400,PI,FIFO,true,PI_FIFO,357.460600
4.890017,-1,15,9998.709000,17.063000,356.803045,360.047460,360.000000,627,3.196955,PI,FIFO,true,PI_FIFO,356.803045
4.900018,-1,15,10001.191000,18.254000,353.773585,359.106378,360.000000,634,6.226415,PI,FIFO,true,PI_FIFO,353.773585
4.910018,-1,15,9999.301000,17.555000,355.787476,358.608543,360.000000,633,4.212524,PI,FIFO,true,PI_FIFO,355.787476
4.920017,-1,15,9999.710000,17.265000,357.240065,358.403271,360.000000,632,2.759935,PI,FIFO,true,PI_FIFO,357.240065
4.930017,-1,15,10000.061000,17.326000,363.537865,359.173460,360.000000,620,-3.537865,PI,FIFO,true,PI_FIFO,363.537865
4.940018,-1,15,10000.616000,17.942000,361.172262,359.473281,360.000000,624,-1.172262,PI,FIFO,true,PI_FIFO,361.172262
4.950022,-1,15,10004.283000,22.225000,362.844702,359.978994,360.000000,620,-2.844702,PI,FIFO,true,PI_FIFO,362.844702
4.960030,-1,15,10007.578000,29.803000,360.023041,359.985601,360.000000,624,-0.023041,PI,FIFO,true,PI_FIFO,360.023041
4.970018,-1,15,9988.359000,18.162000,360.403652,360.048309,360.000000,624,-0.403652,PI,FIFO,true,PI_FIFO,360.403652
4.980018,-1,15,9999.598000,17.760000,356.463878,359.510644,360.000000,631,3.536122,PI,FIFO,true,PI_FIFO,356.463878
4.990017,-1,15,9999.524000,17.284000,362.380628,359.941142,360.000000,621,-2.380628,PI,FIFO,true,PI_FIFO,362.380628
5.000018,-1,15,10000.450000,17.734000,361.371145,360.155642,360.000000,622,-1.371145,PI,FIFO,true,PI_FIFO,361.371145
5.010017,-1,14,9999.283000,17.017000,366.042719,361.038704,360.000000,612,-6.042719,PI,FIFO,true,PI_FIFO,366.042719
5.020022,-1,15,10005.061000,22.078000,363.559979,361.416895,360.000000,615,-3.559979,PI,FIFO,true,PI_FIFO,363.559979
5.030027,-1,14,10004.467000,26.545000,362.844702,361.631066,360.000000,614,-2.844702,PI,FIFO,true,PI_FIFO,362.844702
5.040018,-1,15,9991.822000,18.367000,357.045702,360.943262,360.000000,625,2.954298,PI,FIFO,true,PI_FIFO,357.045702
5.050018,-1,15,9999.708000,18.075000,356.463878,360.271354,360.000000,627,3.536122,PI,FIFO,true,PI_FIFO,356.463878
5.060031,-1,15,10012.855000,30.930000,354.576399,359.417111,360.000000,632,5.423601,PI,FIFO,true,PI_FIFO,354.576399
5.070021,-1,15,9990.007000,20.937000,357.142857,359.075973,360.000000,629,2.857143,PI,FIFO,true,PI_FIFO,357.142857
5.080018,-1,15,9997.358000,18.295000,355.305901,358.510462,360.000000,634,4.694099,PI,FIFO,true,PI_FIFO,355.305901
5.090017,-1,15,9999.061000,17.356000,358.508604,358.510183,360.000000,630,1.491396,PI,FIFO,true,PI_FIFO,358.508604
5.100018,-1,15,10000.875000,18.231000,363.936335,359.324106,360.000000,620,-3.936335,PI,FIFO,true,PI_FIFO,363.936335
5.110014,-1,15,9995.691000,13.922000,362.493958,359.799584,360.000000,621,-2.493958,PI,FIFO,true,PI_FIFO,362.493958
5.120018,-1,15,10003.690000,17.612000,361.445783,360.046514,360.000000,622,-1.445783,PI,FIFO,true,PI_FIFO,361.445783
5.130014,-1,15,9996.728000,14.340000,361.132512,360.209414,360.000000,622,-1.132512,PI,FIFO,true,PI_FIFO,361.132512
5.140018,-1,15,10003.801000,18.141000,361.271676,360.368753,360.000000,621,-1.271676,PI,FIFO,true,PI_FIFO,361.271676
5.150019,-1,15,10000.801000,18.942000,358.215066,360.045700,360.000000,627,1.784934,PI,FIFO,true,PI_FIFO,358.215066
5.160029,-1,15,10009.763000,28.705000,360.923965,360.177440,360.000000,622,-0.923965,PI,FIFO,true,PI_FIFO,360.923965
5.170018,-1,15,9988.803000,17.508000,362.248841,360.488150,360.000000,619,-2.248841,PI,FIFO,true,PI_FIFO,362.248841
5.180018,-1,14,10000.413000,17.921000,366.210938,361.346568,360.000000,610,-6.210938,PI,FIFO,true,PI_FIFO,366.210938
5.190017,-1,15,9999.079000,17.000000,361.875965,361.425978,360.000000,616,-1.875965,PI,FIFO,true,PI_FIFO,361.875965
5.200018,-1,15,10000.561000,17.561000,361.620058,361.455090,360.000000,616,-1.620058,PI,FIFO,true,PI_FIFO,361.620058
5.210017,-1,15,9999.301000,16.862000,358.188996,360.965176,360.000000,622,1.811004,PI,FIFO,true,PI_FIFO,358.188996
5.220018,-1,15,10001.320000,18.182000,356.294537,360.264580,360.000000,627,3.705463,PI,FIFO,true,PI_FIFO,356.294537
5.230018,-1,15,9999.450000,17.632000,351.876676,359.006394,360.000000,637,8.123324,PI,FIFO,true,PI_FIFO,351.876676
5.240017,-1,15,9999.764000,17.396000,357.142857,358.726864,360.000000,630,2.857143,PI,FIFO,true,PI_FIFO,357.142857
5.250014,-1,15,9996.839000,14.235000,357.240065,358.503844,360.000000,631,2.759935,PI,FIFO,true,PI_FIFO,357.240065
5.260026,-1,15,10011.392000,25.627000,361.097737,358.892928,360.000000,625,-1.097737,PI,FIFO,true,PI_FIFO,361.097737
5.270018,-1,15,9992.155000,17.782000,362.051340,359.366690,360.000000,622,-2.051340,PI,FIFO,true,PI_FIFO,362.051340
5.280018,-1,15,9999.727000,17.509000,364.380900,360.118821,360.000000,617,-4.380900,PI,FIFO,true,PI_FIFO,364.380900
5.290017,-1,15,9999.894000,17.403000,359.367513,360.006125,360.000000,625,0.632487,PI,FIFO,true,PI_FIFO,359.367513
5.300018,-1,15,10000.413000,17.816000,359.654731,359.953416,360.000000,625,0.345269,PI,FIFO,true,PI_FIFO,359.654731
5.310017,-1,15,9999.413000,17.229000,357.313006,359.557354,360.000000,629,2.686994,PI,FIFO,true,PI_FIFO,357.313006
5.320025,-1,15,10007.966000,25.195000,361.570248,359.859289,360.000000,622,-1.570248,PI,FIFO,true,PI_FIFO,361.570248
5.330019,-1,15,9993.470000,18.665000,360.403652,359.940943,360.000000,624,-0.403652,PI,FIFO,true,PI_FIFO,360.403652
5.340018,-1,15,9999.079000,17.744000,364.124806,360.568522,360.000000,616,-4.124806,PI,FIFO,true,PI_FIFO,364.124806
5.350018,-1,14,10000.209000,17.953000,366.042719,361.389652,360.000000,611,-6.042719,PI,FIFO,true,PI_FIFO,366.042719
5.360029,-1,14,10010.689000,28.642000,363.171002,361.656854,360.000000,614,-3.171002,PI,FIFO,true,PI_FIFO,363.171002
5.370018,-1,15,9989.581000,18.223000,359.367513,361.313453,360.000000,620,0.632487,PI,FIFO,true,PI_FIFO,359.367513
5.380018,-1,15,9999.449000,17.672000,356.373543,360.572467,360.000000,626,3.626457,PI,FIFO,true,PI_FIFO,356.373543
5.390017,-1,15,9999.339000,17.011000,357.483317,360.109094,360.000000,626,2.516683,PI,FIFO,true,PI_FIFO,357.483317
5.400018,-1,15,10000.764000,17.775000,354.921579,359.330967,360.000000,632,5.078421,PI,FIFO,true,PI_FIFO,354.921579
5.410014,-1,15,9996.099000,13.874000,356.294537,358.875503,360.000000,631,3.705463,PI,FIFO,true,PI_FIFO,356.294537
5.420018,-1,15,10003.708000,17.582000,357.483317,358.666675,360.000000,630,2.516683,PI,FIFO,true,PI_FIFO,357.483317
5.430014,-1,15,9996.302000,13.884000,364.124806,359.485394,360.000000,618,-4.124806,PI,FIFO,true,PI_FIFO,364.124806
5.440018,-1,15,10003.690000,17.574000,361.097737,359.727246,360.000000,622,-1.097737,PI,FIFO,true,PI_FIFO,361.097737
5.450014,-1,15,9996.080000,13.654000,361.969112,360.063526,360.000000,620,-1.969112,PI,FIFO,true,PI_FIFO,361.969112
5.460026,-1,15,10012.040000,25.694000,359.925474,360.042818,360.000000,623,0.074526,PI,FIFO,true,PI_FIFO,359.925474
5.470014,-1,15,9988.229000,13.923000,361.172262,360.212235,360.000000,621,-1.172262,PI,FIFO,true,PI_FIFO,361.172262
5.480017,-1,15,10003.486000,17.409000,356.633381,359.675407,360.000000,629,3.366619,PI,FIFO,true,PI_FIFO,356.633381
5.490017,-1,15,9999.672000,17.081000,361.689815,359.977568,360.000000,621,-1.689815,PI,FIFO,true,PI_FIFO,361.689815
5.500018,-1,15,10000.801000,17.882000,360.576923,360.067471,360.000000,622,-0.576923,PI,FIFO,true,PI_FIFO,360.576923
5.510017,-1,14,9999.265000,17.147000,365.191987,360.836148,360.000000,613,-5.191987,PI,FIFO,true,PI_FIFO,365.191987
5.520018,-1,15,10000.487000,17.634000,362.875683,361.142079,360.000000,615,-2.875683,PI,FIFO,true,PI_FIFO,362.875683
5.530017,-1,14,9999.283000,16.917000,364.380900,361.627902,360.000000,611,-4.380900,PI,FIFO,true,PI_FIFO,364.380900
5.540017,-1,15,10000.505000,17.422000,356.633381,360.878724,360.000000,625,3.366619,PI,FIFO,true,PI_FIFO,356.633381
5.550017,-1,15,9999.949000,17.371000,355.832490,360.121789,360.000000,628,4.167510,PI,FIFO,true,PI_FIFO,355.832490
5.560026,-1,15,10008.541000,25.912000,354.040785,359.209638,360.000000,633,5.959215,PI,FIFO,true,PI_FIFO,354.040785
5.570030,-1,15,10004.338000,30.250000,356.554260,358.811331,360.000000,631,3.445740,PI,FIFO,true,PI_FIFO,356.554260
5.580019,-1,15,9989.044000,19.294000,356.125356,358.408435,360.000000,633,3.874644,PI,FIFO,true,PI_FIFO,356.125356
5.590017,-1,15,9997.765000,17.059000,359.195402,358.526480,360.000000,628,0.804598,PI,FIFO,true,PI_FIFO,359.195402
5.600018,-1,15,10001.116000,18.175000,364.036090,359.352922,360.000000,619,-4.036090,PI,FIFO,true,PI_FIFO,364.036090
5.610018,-1,15,9999.875000,18.050000,361.969112,359.745350,360.000000,621,-1.969112,PI,FIFO,true,PI_FIFO,361.969112
5.620018,-1,15,10000.228000,18.278000,362.215909,360.115934,360.000000,620,-2.215909,PI,FIFO,true,PI_FIFO,362.215909
5.630018,-1,15,9999.875000,18.153000,359.392114,360.007361,360.000000,625,0.607886,PI,FIFO,true,PI_FIFO,359.392114
5.640018,-1,15,9999.950000,18.103000,361.969112,360.301624,360.000000,620,-1.969112,PI,FIFO,true,PI_FIFO,361.969112
5.650026,-1,15,10007.874000,25.977000,358.851675,360.084131,360.000000,625,1.148325,PI,FIFO,true,PI_FIFO,358.851675
5.660032,-1,15,10006.467000,32.444000,360.947125,360.213580,360.000000,622,-0.947125,PI,FIFO,true,PI_FIFO,360.947125
5.670018,-1,15,9985.212000,17.656000,362.318841,360.529369,360.000000,619,-2.318841,PI,FIFO,true,PI_FIFO,362.318841
5.680018,-1,14,9999.986000,17.642000,366.020302,361.353009,360.000000,610,-6.020302,PI,FIFO,true,PI_FIFO,366.020302
5.690015,-1,15,9997.136000,14.778000,361.969112,361.445425,360.000000,616,-1.969112,PI,FIFO,true,PI_FIFO,361.969112
5.700018,-1,15,10002.727000,17.505000,360.576923,361.315149,360.000000,618,-0.576923,PI,FIFO,true,PI_FIFO,360.576923
5.710017,-1,15,9999.449000,16.954000,357.995227,360.817161,360.000000,623,2.004773,PI,FIFO,true,PI_FIFO,357.995227
5.720024,-1,15,10006.819000,23.773000,356.077048,360.106144,360.000000,627,3.922952,PI,FIFO,true,PI_FIFO,356.077048
5.730027,-1,15,10003.245000,27.018000,352.267034,358.930278,360.000000,636,7.732966,PI,FIFO,true,PI_FIFO,352.267034
5.740019,-1,15,9991.581000,18.599000,356.633381,358.585743,360.000000,631,3.366619,PI,FIFO,true,PI_FIFO,356.633381
5.750019,-1,15,10000.542000,19.141000,356.972870,358.343812,360.000000,632,3.027130,PI,FIFO,true,PI_FIFO,356.972870
5.760034,-1,15,10014.984000,34.125000,360.576923,358.678779,360.000000,626,-0.576923,PI,FIFO,true,PI_FIFO,360.576923
5.770018,-1,15,9984.064000,18.189000,362.669246,359.277349,360.000000,621,-2.669246,PI,FIFO,true,PI_FIFO,362.669246
5.780018,-1,15,9999.338000,17.527000,364.691390,360.089455,360.000000,616,-4.691390,PI,FIFO,true,PI_FIFO,364.691390
5.790017,-1,15,9999.469000,16.996000,360.923965,360.214632,360.000000,622,-0.923965,PI,FIFO,true,PI_FIFO,360.923965
5.800017,-1,15,10000.449000,17.445000,360.576923,360.268975,360.000000,622,-0.576923,PI,FIFO,true,PI_FIFO,360.576923
5.810017,-1,15,9999.524000,16.969000,358.680057,360.030638,360.000000,626,1.319943,PI,FIFO,true,PI_FIFO,358.680057
5.820026,-1,15,10009.133000,26.102000,361.132512,360.195919,360.000000,621,-1.132512,PI,FIFO,true,PI_FIFO,361.132512
5.830020,-1,15,9994.080000,20.182000,359.884837,360.149256,360.000000,623,0.115163,PI,FIFO,true,PI_FIFO,359.884837
5.840018,-1,15,9998.080000,18.262000,363.976705,360.723374,360.000000,615,-3.976705,PI,FIFO,true,PI_FIFO,363.976705
5.850017,-1,14,9999.172000,17.434000,364.869505,361.345294,360.000000,612,-4.869505,PI,FIFO,true,PI_FIFO,364.869505
5.860029,-1,15,10011.281000,28.715000,362.368857,361.498828,360.000000,615,-2.368857,PI,FIFO,true,PI_FIFO,362.368857
5.870018,-1,15,9988.952000,17.667000,359.367513,361.179131,360.000000,620,0.632487,PI,FIFO,true,PI_FIFO,359.367513
5.880018,-1,15,10000.431000,18.098000,355.113636,360.269307,360.000000,628,4.886364,PI,FIFO,true,PI_FIFO,355.113636
5.890017,-1,15,9999.394000,17.492000,356.125356,359.647714,360.000000,629,3.874644,PI,FIFO,true,PI_FIFO,356.125356
5.900018,-1,15,10000.653000,18.145000,354.346652,358.852555,360.000000,634,5.653348,PI,FIFO,true,PI_FIFO,354.346652
5.910017,-1,15,9998.765000,16.910000,356.972870,358.570602,360.000000,631,3.027130,PI,FIFO,true,PI_FIFO,356.972870
5.920018,-1,15,10001.042000,17.952000,358.998906,358.634848,360.000000,628,1.001094,PI,FIFO,true,PI_FIFO,358.998906
5.930015,-1,15,9996.654000,14.606000,363.206472,359.320591,360.000000,620,-3.206472,PI,FIFO,true,PI_FIFO,363.206472
5.940020,-1,15,10005.837000,20.443000,360.403652,359.483050,360.000000,624,-0.403652,PI,FIFO,true,PI_FIFO,360.403652
5.950019,-1,15,9998.802000,19.245000,362.248841,359.897919,360.000000,621,-2.248841,PI,FIFO,true,PI_FIFO,362.248841
5.960028,-1,15,10008.966000,28.211000,360.923965,360.051826,360.000000,622,-0.923965,PI,FIFO,true,PI_FIFO,360.923965
5.970014,-1,15,9986.156000,14.367000,361.570248,360.279589,360.000000,621,-1.570248,PI,FIFO,true,PI_FIFO,361.570248
5.980018,-1,15,10003.412000,17.779000,357.824427,359.911315,360.000000,627,2.175573,PI,FIFO,true,PI_FIFO,357.824427
5.990017,-1,15,9999.209000,16.988000,361.875965,360.206012,360.000000,620,-1.875965,PI,FIFO,true,PI_FIFO,361.875965
6.000017,-1,15,10000.505000,17.493000,360.750361,360.287665,360.000000,622,-0.750361,PI,FIFO,true,PI_FIFO,360.750361
6.010017,-1,14,9999.542000,17.035000,364.880643,360.976612,360.000000,613,-4.880643,PI,FIFO,true,PI_FIFO,364.880643
6.020018,-1,15,10000.876000,17.911000,361.969112,361.125487,360.000000,617,-1.969112,PI,FIFO,true,PI_FIFO,361.969112
6.030019,-1,14,10001.042000,18.953000,365.191987,361.735462,360.000000,610,-5.191987,PI,FIFO,true,PI_FIFO,365.191987
6.040020,-1,15,10001.004000,19.957000,357.503365,361.100647,360.000000,623,2.496635,PI,FIFO,true,PI_FIFO,357.503365
6.050015,-1,15,9994.877000,14.834000,356.851550,360.463282,360.000000,625,3.148450,PI,FIFO,true,PI_FIFO,356.851550
6.060028,-1,15,10013.428000,28.262000,354.945575,359.635626,360.000000,630,5.054425,PI,FIFO,true,PI_FIFO,354.945575
6.070017,-1,15,9988.970000,17.232000,357.045702,359.247138,360.000000,628,2.954298,PI,FIFO,true,PI_FIFO,357.045702
6.080018,-1,15,10000.653000,17.885000,354.777673,358.576718,360.000000,634,5.222327,PI,FIFO,true,PI_FIFO,354.777673
6.090017,-1,15,9999.431000,17.316000,358.737245,358.600797,360.000000,628,1.262755,PI,FIFO,true,PI_FIFO,358.737245
6.100018,-1,15,10000.486000,17.802000,362.669246,359.211064,360.000000,621,-2.669246,PI,FIFO,true,PI_FIFO,362.669246
6.110017,-1,15,9999.301000,17.103000,363.184401,359.807065,360.000000,619,-3.184401,PI,FIFO,true,PI_FIFO,363.184401
6.120018,-1,15,10000.598000,17.701000,361.445783,360.052873,360.000000,621,-1.445783,PI,FIFO,true,PI_FIFO,361.445783
6.130017,-1,15,9999.542000,17.243000,359.983544,360.042473,360.000000,623,0.016456,PI,FIFO,true,PI_FIFO,359.983544
6.140018,-1,15,10000.431000,17.674000,360.057609,360.044744,360.000000,623,-0.057609,PI,FIFO,true,PI_FIFO,360.057609
6.150019,-1,15,10001.245000,18.919000,357.824427,359.711696,360.000000,627,2.175573,PI,FIFO,true,PI_FIFO,357.824427
6.160027,-1,15,10007.874000,26.793000,361.875965,360.036336,360.000000,620,-1.875965,PI,FIFO,true,PI_FIFO,361.875965
6.170017,-1,15,9990.340000,17.133000,362.669246,360.431273,360.000000,618,-2.669246,PI,FIFO,true,PI_FIFO,362.669246
6.180017,-1,14,10000.227000,17.360000,367.167102,361.441647,360.000000,608,-7.167102,PI,FIFO,true,PI_FIFO,367.167102
6.190017,-1,15,9999.542000,16.902000,361.794501,361.494575,360.000000,616,-1.794501,PI,FIFO,true,PI_FIFO,361.794501
6.200017,-1,15,10000.375000,17.277000,360.576923,361.356927,360.000000,617,-0.576923,PI,FIFO,true,PI_FIFO,360.576923
6.210017,-1,15,10000.098000,17.375000,355.956336,360.546839,360.000000,626,4.043664,PI,FIFO,true,PI_FIFO,355.956336
6.220017,-1,15,9999.912000,17.287000,355.883948,359.847405,360.000000,628,4.116052,PI,FIFO,true,PI_FIFO,355.883948
6.230017,-1,15,9999.523000,16.810000,353.773585,358.936332,360.000000,634,6.226415,PI,FIFO,true,PI_FIFO,353.773585
6.240018,-1,15,10001.116000,17.926000,357.824427,358.769546,360.000000,628,2.175573,PI,FIFO,true,PI_FIFO,357.824427
6.250017,-1,15,9999.098000,17.024000,357.313006,358.551065,360.000000,630,2.686994,PI,FIFO,true,PI_FIFO,357.313006
6.260025,-1,15,10008.355000,25.379000,360.761929,358.882695,360.000000,625,-0.761929,PI,FIFO,true,PI_FIFO,360.761929
6.270017,-1,15,9991.433000,16.812000,361.969112,359.345657,360.000000,622,-1.969112,PI,FIFO,true,PI_FIFO,361.969112
6.280018,-1,15,10000.819000,17.631000,364.502333,360.119159,360.000000,616,-4.502333,PI,FIFO,true,PI_FIFO,364.502333
6.290017,-1,15,9999.209000,16.840000,360.576923,360.187823,360.000000,622,-0.576923,PI,FIFO,true,PI_FIFO,360.576923
6.300018,-1,15,10000.727000,17.567000,361.570248,360.395187,360.000000,620,-1.570248,PI,FIFO,true,PI_FIFO,361.570248
6.310014,-1,15,9996.135000,13.702000,359.600632,360.276004,360.000000,623,0.399368,PI,FIFO,true,PI_FIFO,359.600632
6.320018,-1,15,10004.097000,17.799000,361.271676,360.425355,360.000000,620,-1.271676,PI,FIFO,true,PI_FIFO,361.271676
6.330014,-1,15,9995.820000,13.619000,358.410705,360.123157,360.000000,625,1.589295,PI,FIFO,true,PI_FIFO,358.410705
6.340020,-1,15,10006.541000,20.160000,363.372093,360.610498,360.000000,616,-3.372093,PI,FIFO,true,PI_FIFO,363.372093
6.350016,-1,14,9996.246000,16.406000,365.639626,361.364867,360.000000,610,-5.639626,PI,FIFO,true,PI_FIFO,365.639626
6.360040,-1,14,10023.631000,40.037000,362.844702,361.586842,360.000000,613,-2.844702,PI,FIFO,true,PI_FIFO,362.844702
6.370015,-1,15,9975.342000,15.379000,359.470859,361.269445,360.000000,619,0.529141,PI,FIFO,true,PI_FIFO,359.470859
6.380018,-1,15,10002.783000,18.162000,355.618777,360.421844,360.000000,627,4.381223,PI,FIFO,true,PI_FIFO,355.618777
6.390017,-1,15,9998.856000,17.018000,356.077048,359.770125,360.000000,627,3.922952,PI,FIFO,true,PI_FIFO,356.077048
6.400018,-1,15,10000.487000,17.505000,353.606789,358.845625,360.000000,634,6.393211,PI,FIFO,true,PI_FIFO,353.606789
6.410017,-1,15,9999.301000,16.806000,355.691057,358.372439,360.000000,632,4.308943,PI,FIFO,true,PI_FIFO,355.691057
6.420018,-1,15,10001.653000,18.459000,358.166189,358.341502,360.000000,629,1.833811,PI,FIFO,true,PI_FIFO,358.166189
6.430029,-1,15,10010.744000,29.203000,363.748060,359.152486,360.000000,619,-3.748060,PI,FIFO,true,PI_FIFO,363.748060
6.440026,-1,15,9996.561000,25.764000,361.230734,359.464223,360.000000,623,-1.230734,PI,FIFO,true,PI_FIFO,361.230734
6.450018,-1,15,9991.950000,17.714000,362.168874,359.869921,360.000000,620,-2.168874,PI,FIFO,true,PI_FIFO,362.168874
6.460029,-1,15,10011.411000,29.125000,360.057609,359.898074,360.000000,623,-0.057609,PI,FIFO,true,PI_FIFO,360.057609
6.470017,-1,15,9987.803000,16.928000,361.132512,360.083240,360.000000,621,-1.132512,PI,FIFO,true,PI_FIFO,361.132512
6.480018,-1,15,10000.727000,17.655000,356.803045,359.591210,360.000000,629,3.196955,PI,FIFO,true,PI_FIFO,356.803045
6.490017,-1,15,9998.857000,16.512000,361.875965,359.933924,360.000000,621,-1.875965,PI,FIFO,true,PI_FIFO,361.875965
6.500018,-1,15,10001.264000,17.776000,362.844702,360.370540,360.000000,618,-2.844702,PI,FIFO,true,PI_FIFO,362.844702
6.510017,-1,14,9998.894000,16.670000,364.880643,361.047056,360.000000,613,-4.880643,PI,FIFO,true,PI_FIFO,364.880643
6.520018,-1,15,10001.042000,17.712000,362.493958,361.264091,360.000000,615,-2.493958,PI,FIFO,true,PI_FIFO,362.493958
6.530017,-1,14,9999.116000,16.828000,363.976705,361.670983,360.000000,612,-3.976705,PI,FIFO,true,PI_FIFO,363.976705
6.540018,-1,15,10001.468000,18.296000,357.142857,360.991764,360.000000,623,2.857143,PI,FIFO,true,PI_FIFO,357.142857
6.550018,-1,15,10000.190000,18.486000,356.916244,360.380436,360.000000,625,3.083756,PI,FIFO,true,PI_FIFO,356.916244
6.560029,-1,15,10010.762000,29.248000,354.945575,359.565207,360.000000,630,5.054425,PI,FIFO,true,PI_FIFO,354.945575
6.570018,-1,15,9988.766000,18.014000,357.313006,359.227377,360.000000,628,2.686994,PI,FIFO,true,PI_FIFO,357.313006
6.580018,-1,15,9999.912000,17.926000,354.729730,358.552730,360.000000,634,5.270270,PI,FIFO,true,PI_FIFO,354.729730
6.590017,-1,15,9998.876000,16.802000,359.367513,358.674947,360.000000,627,0.632487,PI,FIFO,true,PI_FIFO,359.367513
6.600017,-1,15,10000.671000,17.473000,362.996902,359.323241,360.000000,620,-2.996902,PI,FIFO,true,PI_FIFO,362.996902
6.610017,-1,15,9999.746000,17.219000,362.669246,359.825141,360.000000,619,-2.669246,PI,FIFO,true,PI_FIFO,362.669246
6.620018,-1,15,10000.542000,17.761000,361.769570,360.116806,360.000000,620,-1.769570,PI,FIFO,true,PI_FIFO,361.769570
6.630017,-1,15,9999.134000,16.895000,360.088116,360.112502,360.000000,623,-0.088116,PI,FIFO,true,PI_FIFO,360.088116
6.640017,-1,15,10000.246000,17.141000,361.172262,360.271466,360.000000,620,-1.172262,PI,FIFO,true,PI_FIFO,361.172262
6.650022,-1,15,10004.393000,21.534000,357.483317,359.853244,360.000000,627,2.516683,PI,FIFO,true,PI_FIFO,357.483317
6.660025,-1,15,10003.097000,24.631000,360.576923,359.961796,360.000000,622,-0.576923,PI,FIFO,true,PI_FIFO,360.576923
6.670018,-1,15,9992.969000,17.600000,362.318841,360.315352,360.000000,618,-2.318841,PI,FIFO,true,PI_FIFO,362.318841
6.680018,-1,14,10000.505000,18.105000,366.592805,361.256970,360.000000,609,-6.592805,PI,FIFO,true,PI_FIFO,366.592805
6.690017,-1,15,9998.931000,17.036000,361.794501,361.337600,360.000000,616,-1.794501,PI,FIFO,true,PI_FIFO,361.794501
6.700018,-1,15,10000.968000,18.004000,361.570248,361.372497,360.000000,616,-1.570248,PI,FIFO,true,PI_FIFO,361.570248
6.710017,-1,15,9999.227000,17.231000,356.633381,360.661630,360.000000,625,3.366619,PI,FIFO,true,PI_FIFO,356.633381
6.720018,-1,15,10000.375000,17.606000,356.294537,360.006566,360.000000,627,3.705463,PI,FIFO,true,PI_FIFO,356.294537
6.730014,-1,15,9996.561000,14.167000,352.254428,358.843745,360.000000,636,7.745572,PI,FIFO,true,PI_FIFO,352.254428
6.740017,-1,15,10002.875000,17.042000,357.483317,358.639681,360.000000,629,2.516683,PI,FIFO,true,PI_FIFO,357.483317
6.750018,-1,15,10000.764000,17.806000,357.278963,358.435573,360.000000,631,2.721037,PI,FIFO,true,PI_FIFO,357.278963
6.760027,-1,15,10008.800000,26.606000,362.318841,359.018063,360.000000,622,-2.318841,PI,FIFO,true,PI_FIFO,362.318841
6.770017,-1,15,9990.247000,16.853000,361.689815,359.418826,360.000000,622,-1.689815,PI,FIFO,true,PI_FIFO,361.689815
6.780018,-1,15,10000.690000,17.543000,363.901019,360.091155,360.000000,617,-3.901019,PI,FIFO,true,PI_FIFO,363.901019
6.790017,-1,15,9999.690000,17.233000,360.576923,360.164020,360.000000,622,-0.576923,PI,FIFO,true,PI_FIFO,360.576923
6.800017,-1,15,9999.598000,16.831000,361.097737,360.304078,360.000000,621,-1.097737,PI,FIFO,true,PI_FIFO,361.097737
6.810016,-1,15,9999.616000,16.447000,358.802624,360.078860,360.000000,625,1.197376,PI,FIFO,true,PI_FIFO,358.802624
6.820021,-1,15,10004.726000,21.173000,361.271676,360.257782,360.000000,620,-1.271676,PI,FIFO,true,PI_FIFO,361.271676
6.830018,-1,15,9996.876000,18.049000,360.023041,360.222571,360.000000,622,-0.023041,PI,FIFO,true,PI_FIFO,360.023041
6.840018,-1,15,10000.338000,18.387000,363.020329,360.642235,360.000000,616,-3.020329,PI,FIFO,true,PI_FIFO,363.020329
6.850017,-1,14,9998.801000,17.188000,365.639626,361.391843,360.000000,610,-5.639626,PI,FIFO,true,PI_FIFO,365.639626
6.860028,-1,15,10011.207000,28.395000,361.969112,361.478434,360.000000,615,-1.969112,PI,FIFO,true,PI_FIFO,361.969112
6.870018,-1,15,9989.599000,17.994000,358.371560,361.012403,360.000000,621,1.628440,PI,FIFO,true,PI_FIFO,358.371560
6.880017,-1,15,9999.413000,17.407000,356.803045,360.380999,360.000000,625,3.196955,PI,FIFO,true,PI_FIFO,356.803045
6.890017,-1,15,9999.634000,17.041000,356.657609,359.822490,360.000000,626,3.342391,PI,FIFO,true,PI_FIFO,356.657609
6.900018,-1,15,10000.672000,17.713000,354.274917,358.990354,360.000000,633,5.725083,PI,FIFO,true,PI_FIFO,354.274917
6.910017,-1,15,9999.709000,17.422000,356.294537,358.585982,360.000000,631,3.705463,PI,FIFO,true,PI_FIFO,356.294537
6.920018,-1,15,10000.264000,17.686000,357.824427,358.471749,360.000000,629,2.175573,PI,FIFO,true,PI_FIFO,357.824427
6.930018,-1,15,9999.838000,17.524000,362.669246,359.101373,360.000000,621,-2.669246,PI,FIFO,true,PI_FIFO,362.669246
6.940018,-1,15,10000.209000,17.733000,360.947125,359.378236,360.000000,623,-0.947125,PI,FIFO,true,PI_FIFO,360.947125
6.950019,-1,15,10000.875000,18.608000,363.196126,359.950919,360.000000,618,-3.196126,PI,FIFO,true,PI_FIFO,363.196126
6.960028,-1,15,10009.799000,28.407000,360.392107,360.017098,360.000000,622,-0.392107,PI,FIFO,true,PI_FIFO,360.392107
6.970017,-1,15,9988.618000,17.025000,361.794501,360.283708,360.000000,620,-1.794501,PI,FIFO,true,PI_FIFO,361.794501
6.980018,-1,15,10000.616000,17.641000,356.270358,359.681706,360.000000,630,3.729642,PI,FIFO,true,PI_FIFO,356.270358
6.990027,-1,15,10009.763000,27.404000,361.394558,359.938633,360.000000,621,-1.394558,PI,FIFO,true,PI_FIFO,361.394558
7.000022,-1,15,9994.524000,21.928000,361.570248,360.183376,360.000000,620,-1.570248,PI,FIFO,true,PI_FIFO,361.570248
7.010021,-1,14,9999.468000,21.396000,366.210938,361.087510,360.000000,610,-6.210938,PI,FIFO,true,PI_FIFO,366.210938
7.020021,-1,15,10000.005000,21.401000,362.368857,361.279712,360.000000,615,-2.368857,PI,FIFO,true,PI_FIFO,362.368857
7.030027,-1,14,10005.726000,27.127000,363.206472,361.568726,360.000000,613,-3.206472,PI,FIFO,true,PI_FIFO,363.206472
7.040023,-1,15,9996.116000,23.243000,357.045702,360.890272,360.000000,624,2.954298,PI,FIFO,true,PI_FIFO,357.045702
7.050022,-1,15,9998.357000,21.600000,355.787476,360.124853,360.000000,627,4.212524,PI,FIFO,true,PI_FIFO,355.787476
7.060036,-1,15,10014.669000,36.269000,353.862607,359.185516,360.000000,633,6.137393,PI,FIFO,true,PI_FIFO,353.862607
7.070022,-1,15,9986.062000,22.331000,357.824427,358.981353,360.000000,628,2.175573,PI,FIFO,true,PI_FIFO,357.824427
7.080021,-1,15,9998.801000,21.132000,355.498375,358.458906,360.000000,633,4.501625,PI,FIFO,true,PI_FIFO,355.498375
7.090021,-1,15,10000.246000,21.378000,359.367513,358.595197,360.000000,627,0.632487,PI,FIFO,true,PI_FIFO,359.367513
7.100021,-1,15,9999.301000,20.679000,362.996902,359.255453,360.000000,620,-2.996902,PI,FIFO,true,PI_FIFO,362.996902
7.110021,-1,15,9999.893000,20.572000,362.669246,359.767522,360.000000,620,-2.669246,PI,FIFO,true,PI_FIFO,362.669246
7.120021,-1,15,10000.579000,21.151000,360.761929,359.916683,360.000000,622,-0.761929,PI,FIFO,true,PI_FIFO,360.761929
7.130033,-1,15,10012.058000,33.209000,360.181120,359.956348,360.000000,623,-0.181120,PI,FIFO,true,PI_FIFO,360.181120
7.140037,-1,15,10004.171000,37.380000,361.886921,360.245934,360.000000,620,-1.886921,PI,FIFO,true,PI_FIFO,361.886921
7.150022,-1,15,9984.544000,21.924000,358.737245,360.019631,360.000000,625,1.262755,PI,FIFO,true,PI_FIFO,358.737245
7.160032,-1,15,10010.503000,32.427000,360.403652,360.077234,360.000000,622,-0.403652,PI,FIFO,true,PI_FIFO,360.403652
7.170018,-1,15,9985.655000,18.082000,362.062307,360.374995,360.000000,619,-2.062307,PI,FIFO,true,PI_FIFO,362.062307
7.180018,-1,14,10000.134000,18.216000,366.210938,361.250386,360.000000,610,-6.210938,PI,FIFO,true,PI_FIFO,366.210938
7.190017,-1,15,9999.246000,17.462000,360.576923,361.149367,360.000000,619,-0.576923,PI,FIFO,true,PI_FIFO,360.576923
7.200018,-1,15,10000.319000,17.781000,362.215909,361.309348,360.000000,615,-2.215909,PI,FIFO,true,PI_FIFO,362.215909
7.210017,-1,15,9999.468000,17.249000,357.629428,360.757360,360.000000,623,2.370572,PI,FIFO,true,PI_FIFO,357.629428
7.220018,-1,15,10000.986000,18.235000,357.824427,360.317420,360.000000,624,2.175573,PI,FIFO,true,PI_FIFO,357.824427
7.230019,-1,15,10000.856000,19.091000,352.254428,359.107971,360.000000,636,7.745572,PI,FIFO,true,PI_FIFO,352.254428
7.240018,-1,15,9998.950000,18.041000,356.972870,358.787706,360.000000,630,3.027130,PI,FIFO,true,PI_FIFO,356.972870
7.250017,-1,15,9999.393000,17.434000,356.012658,358.371449,360.000000,633,3.987342,PI,FIFO,true,PI_FIFO,356.012658
7.260026,-1,15,10008.763000,26.197000,361.097737,358.780392,360.000000,624,-1.097737,PI,FIFO,true,PI_FIFO,361.097737
7.270015,-1,15,9988.747000,14.944000,362.168874,359.288665,360.000000,622,-2.168874,PI,FIFO,true,PI_FIFO,362.168874
7.280018,-1,15,10003.300000,18.244000,363.869863,359.975844,360.000000,618,-3.869863,PI,FIFO,true,PI_FIFO,363.869863
7.290018,-1,15,9999.690000,17.934000,359.392114,359.888285,360.000000,625,0.607886,PI,FIFO,true,PI_FIFO,359.392114
7.300018,-1,15,10000.042000,17.976000,360.230548,359.939624,360.000000,623,-0.230548,PI,FIFO,true,PI_FIFO,360.230548
7.310017,-1,15,9999.338000,17.314000,357.142857,359.520109,360.000000,629,2.857143,PI,FIFO,true,PI_FIFO,357.142857
7.320017,-1,15,10000.079000,17.393000,360.947125,359.734162,360.000000,623,-0.947125,PI,FIFO,true,PI_FIFO,360.947125
7.330017,-1,15,9999.560000,16.953000,360.230548,359.808619,360.000000,624,-0.230548,PI,FIFO,true,PI_FIFO,360.230548
7.340017,-1,15,10000.467000,17.420000,364.124806,360.456047,360.000000,616,-4.124806,PI,FIFO,true,PI_FIFO,364.124806
7.350018,-1,14,10000.875000,18.295000,365.497076,361.212202,360.000000,612,-5.497076,PI,FIFO,true,PI_FIFO,365.497076
7.360028,-1,15,10009.688000,27.983000,362.622486,361.423744,360.000000,615,-2.622486,PI,FIFO,true,PI_FIFO,362.622486
7.370017,-1,15,9989.285000,17.268000,358.337315,360.960780,360.000000,623,1.662685,PI,FIFO,true,PI_FIFO,358.337315
7.380017,-1,15,10000.171000,17.439000,356.270358,360.257217,360.000000,627,3.729642,PI,FIFO,true,PI_FIFO,356.270358
7.390017,-1,15,9999.727000,17.166000,356.633381,359.713641,360.000000,628,3.366619,PI,FIFO,true,PI_FIFO,356.633381
7.400018,-1,15,10000.856000,18.022000,354.538088,358.937308,360.000000,634,5.461912,PI,FIFO,true,PI_FIFO,354.538088
7.410017,-1,15,9998.838000,16.860000,356.633381,358.591719,360.000000,632,3.366619,PI,FIFO,true,PI_FIFO,356.633381
7.420018,-1,15,10000.931000,17.791000,357.824427,358.476625,360.000000,631,2.175573,PI,FIFO,true,PI_FIFO,357.824427
7.430017,-1,15,9999.393000,17.184000,363.724539,359.263812,360.000000,620,-3.724539,PI,FIFO,true,PI_FIFO,363.724539
7.440025,-1,15,10008.133000,25.317000,361.620058,359.617249,360.000000,623,-1.620058,PI,FIFO,true,PI_FIFO,361.620058
7.450015,-1,15,9989.599000,14.916000,362.435567,360.039997,360.000000,621,-2.435567,PI,FIFO,true,PI_FIFO,362.435567
7.460028,-1,15,10012.947000,27.863000,361.097737,360.198658,360.000000,622,-1.097737,PI,FIFO,true,PI_FIFO,361.097737
7.470015,-1,15,9986.655000,14.518000,362.062307,360.478205,360.000000,620,-2.062307,PI,FIFO,true,PI_FIFO,362.062307
7.480018,-1,15,10003.449000,17.967000,357.653791,360.054543,360.000000,628,2.346209,PI,FIFO,true,PI_FIFO,357.653791
7.490017,-1,15,9999.393000,17.360000,362.569061,360.431721,360.000000,619,-2.569061,PI,FIFO,true,PI_FIFO,362.569061
7.500018,-1,15,10000.560000,17.920000,360.576923,360.453501,360.000000,622,-0.576923,PI,FIFO,true,PI_FIFO,360.576923
7.510017,-1,14,9999.172000,17.092000,365.070093,361.145990,360.000000,613,-5.070093,PI,FIFO,true,PI_FIFO,365.070093
7.520018,-1,14,10000.634000,17.726000,363.196126,361.453510,360.000000,614,-3.196126,PI,FIFO,true,PI_FIFO,363.196126
7.530017,-1,14,9999.097000,16.823000,363.372093,361.741298,360.000000,613,-3.372093,PI,FIFO,true,PI_FIFO,363.372093
7.540018,-1,15,10001.005000,17.828000,356.463878,360.949685,360.000000,625,3.536122,PI,FIFO,true,PI_FIFO,356.463878
7.550018,-1,15,9999.930000,17.758000,355.498375,360.131988,360.000000,628,4.501625,PI,FIFO,true,PI_FIFO,355.498375
7.560027,-1,15,10008.929000,26.687000,353.773585,359.178228,360.000000,634,6.226415,PI,FIFO,true,PI_FIFO,353.773585
7.570018,-1,15,9990.970000,17.657000,356.851550,358.829226,360.000000,630,3.148450,PI,FIFO,true,PI_FIFO,356.851550
7.580018,-1,15,10000.134000,17.791000,355.281857,358.297121,360.000000,634,4.718143,PI,FIFO,true,PI_FIFO,355.281857
7.590017,-1,15,9999.412000,17.203000,359.287174,358.445629,360.000000,628,0.712826,PI,FIFO,true,PI_FIFO,359.287174
7.600018,-1,15,10000.690000,17.893000,363.020329,359.131834,360.000000,621,-3.020329,PI,FIFO,true,PI_FIFO,363.020329
7.610017,-1,15,9999.338000,17.231000,363.196126,359.741478,360.000000,620,-3.196126,PI,FIFO,true,PI_FIFO,363.196126
7.620018,-1,15,10000.356000,17.587000,360.761929,359.894545,360.000000,623,-0.761929,PI,FIFO,true,PI_FIFO,360.761929
7.630017,-1,15,9999.394000,16.981000,359.884837,359.893089,360.000000,625,0.115163,PI,FIFO,true,PI_FIFO,359.884837
7.640017,-1,15,10000.319000,17.300000,361.318088,360.106839,360.000000,622,-1.318088,PI,FIFO,true,PI_FIFO,361.318088
7.650017,-1,15,9999.931000,17.231000,359.195402,359.970123,360.000000,626,0.804598,PI,FIFO,true,PI_FIFO,359.195402
7.660026,-1,15,10009.207000,26.438000,362.368857,360.329934,360.000000,620,-2.368857,PI,FIFO,true,PI_FIFO,362.368857
7.670017,-1,15,9990.728000,17.166000,362.669246,360.680830,360.000000,618,-2.669246,PI,FIFO,true,PI_FIFO,362.669246
7.680018,-1,14,10000.449000,17.615000,366.975470,361.625026,360.000000,608,-6.975470,PI,FIFO,true,PI_FIFO,366.975470
7.690017,-1,15,9999.412000,17.027000,362.318841,361.729098,360.000000,615,-2.318841,PI,FIFO,true,PI_FIFO,362.318841
7.700017,-1,15,10000.412000,17.439000,360.207480,361.500856,360.000000,618,-0.207480,PI,FIFO,true,PI_FIFO,360.207480
7.710017,-1,15,9999.727000,17.166000,357.313006,360.872678,360.000000,624,2.686994,PI,FIFO,true,PI_FIFO,357.313006
7.720018,-1,15,10000.597000,17.763000,355.883948,360.124369,360.000000,628,4.116052,PI,FIFO,true,PI_FIFO,355.883948
7.730017,-1,15,9999.468000,17.231000,353.773585,359.171751,360.000000,633,6.226415,PI,FIFO,true,PI_FIFO,353.773585
7.740017,-1,15,10000.134000,17.365000,357.629428,358.940403,360.000000,628,2.370572,PI,FIFO,true,PI_FIFO,357.629428
7.750018,-1,15,10000.468000,17.833000,355.618777,358.442159,360.000000,633,4.381223,PI,FIFO,true,PI_FIFO,355.618777
7.760019,-1,15,10001.615000,19.448000,360.761929,358.790124,360.000000,625,-0.761929,PI,FIFO,true,PI_FIFO,360.761929
7.770025,-1,15,10005.059000,24.507000,361.445783,359.188473,360.000000,623,-1.445783,PI,FIFO,true,PI_FIFO,361.445783
7.780019,-1,15,9994.450000,18.957000,364.702517,360.015580,360.000000,616,-4.702517,PI,FIFO,true,PI_FIFO,364.702517
7.790014,-1,15,9995.395000,14.352000,361.172262,360.189082,360.000000,621,-1.172262,PI,FIFO,true,PI_FIFO,361.172262
7.800015,-1,15,10000.986000,15.338000,360.403652,360.221268,360.000000,622,-0.403652,PI,FIFO,true,PI_FIFO,360.403652
7.810017,-1,15,10002.134000,17.472000,359.838792,360.163896,360.000000,623,0.161208,PI,FIFO,true,PI_FIFO,359.838792
7.820031,-1,15,10013.687000,31.159000,360.750361,360.251866,360.000000,622,-0.750361,PI,FIFO,true,PI_FIFO,360.750361
7.830016,-1,15,9984.692000,15.851000,359.287174,360.107162,360.000000,624,0.712826,PI,FIFO,true,PI_FIFO,359.287174
7.840024,-1,15,10007.948000,23.799000,363.573407,360.627099,360.000000,616,-3.573407,PI,FIFO,true,PI_FIFO,363.573407
7.850035,-1,14,10010.855000,34.654000,364.702517,361.238412,360.000000,612,-4.702517,PI,FIFO,true,PI_FIFO,364.702517
7.860033,-1,14,9998.171000,32.825000,363.372093,361.558464,360.000000,613,-3.372093,PI,FIFO,true,PI_FIFO,363.372093
7.870018,-1,15,9985.137000,17.962000,359.023456,361.178213,360.000000,620,0.976544,PI,FIFO,true,PI_FIFO,359.023456
7.880022,-1,15,10004.430000,22.392000,355.305901,360.297366,360.000000,628,4.694099,PI,FIFO,true,PI_FIFO,355.305901
7.890016,-1,15,9993.506000,15.898000,355.787476,359.620883,360.000000,629,4.212524,PI,FIFO,true,PI_FIFO,355.787476
7.900015,-1,15,9999.579000,15.477000,354.729730,358.887210,360.000000,633,5.270270,PI,FIFO,true,PI_FIFO,354.729730
7.910018,-1,15,10002.356000,17.833000,356.294537,358.498309,360.000000,632,3.705463,PI,FIFO,true,PI_FIFO,356.294537
7.920018,-1,15,10000.208000,18.041000,358.920368,358.561618,360.000000,628,1.079632,PI,FIFO,true,PI_FIFO,358.920368
7.930018,-1,15,9999.931000,17.972000,364.077670,359.389025,360.000000,618,-4.077670,PI,FIFO,true,PI_FIFO,364.077670
7.940017,-1,15,9999.375000,17.347000,361.097737,359.645332,360.000000,623,-1.097737,PI,FIFO,true,PI_FIFO,361.097737
7.950015,-1,15,9997.690000,15.037000,362.435567,360.063867,360.000000,619,-2.435567,PI,FIFO,true,PI_FIFO,362.435567
7.960030,-1,15,10014.854000,29.891000,360.576923,360.140826,360.000000,622,-0.576923,PI,FIFO,true,PI_FIFO,360.576923
7.970017,-1,15,9987.303000,17.194000,361.689815,360.373174,360.000000,620,-1.689815,PI,FIFO,true,PI_FIFO,361.689815
7.980018,-1,15,10001.060000,18.254000,357.653791,359.965267,360.000000,627,2.346209,PI,FIFO,true,PI_FIFO,357.653791
7.990017,-1,15,9998.523000,16.777000,361.371145,360.176148,360.000000,621,-1.371145,PI,FIFO,true,PI_FIFO,361.371145
8.000017,-1,15,10000.709000,17.486000,361.271676,360.340478,360.000000,620,-1.271676,PI,FIFO,true,PI_FIFO,361.271676
8.010017,-1,14,9999.467000,16.953000,364.502333,360.964756,360.000000,613,-4.502333,PI,FIFO,true,PI_FIFO,364.502333
8.020018,-1,15,10000.708000,17.661000,361.969112,361.115409,360.000000,616,-1.969112,PI,FIFO,true,PI_FIFO,361.969112
8.030017,-1,14,9999.598000,17.259000,363.559979,361.482095,360.000000,613,-3.559979,PI,FIFO,true,PI_FIFO,363.559979
8.040018,-1,15,10001.041000,18.300000,357.653791,360.907849,360.000000,623,2.346209,PI,FIFO,true,PI_FIFO,357.653791
8.050018,-1,15,9999.319000,17.619000,356.851550,360.299404,360.000000,625,3.148450,PI,FIFO,true,PI_FIFO,356.851550
8.060027,-1,15,10009.244000,26.863000,355.281857,359.546772,360.000000,630,4.718143,PI,FIFO,true,PI_FIFO,355.281857
8.070017,-1,15,9990.450000,17.313000,356.373543,359.070788,360.000000,629,3.626457,PI,FIFO,true,PI_FIFO,356.373543
8.080018,-1,15,10000.579000,17.892000,354.442344,358.376521,360.000000,635,5.557656,PI,FIFO,true,PI_FIFO,354.442344
8.090018,-1,15,9999.874000,17.766000,358.606557,358.411027,360.000000,629,1.393443,PI,FIFO,true,PI_FIFO,358.606557
8.100017,-1,15,9999.727000,17.493000,363.372093,359.155187,360.000000,620,-3.372093,PI,FIFO,true,PI_FIFO,363.372093
8.110017,-1,15,9999.838000,17.331000,363.537865,359.812588,360.000000,618,-3.537865,PI,FIFO,true,PI_FIFO,363.537865
8.120017,-1,15,10000.152000,17.483000,360.576923,359.927239,360.000000,623,-0.576923,PI,FIFO,true,PI_FIFO,360.576923
8.130017,-1,15,9999.338000,16.821000,360.923965,360.076748,360.000000,622,-0.923965,PI,FIFO,true,PI_FIFO,360.923965
8.140024,-1,15,10007.151000,23.972000,360.947125,360.207304,360.000000,621,-0.947125,PI,FIFO,true,PI_FIFO,360.947125
8.150019,-1,15,9995.154000,19.126000,358.508604,359.952499,360.000000,626,1.491396,PI,FIFO,true,PI_FIFO,358.508604
8.160029,-1,15,10009.428000,28.554000,361.769570,360.225060,360.000000,620,-1.769570,PI,FIFO,true,PI_FIFO,361.769570
8.170017,-1,15,9988.507000,17.061000,362.051340,360.499002,360.000000,619,-2.051340,PI,FIFO,true,PI_FIFO,362.051340
8.180018,-1,14,10001.189000,18.250000,366.825042,361.447908,360.000000,608,-6.825042,PI,FIFO,true,PI_FIFO,366.825042
8.190020,-1,15,10001.578000,19.828000,361.722651,361.489119,360.000000,616,-1.722651,PI,FIFO,true,PI_FIFO,361.722651
8.200018,-1,15,9998.597000,18.425000,360.576923,361.352290,360.000000,617,-0.576923,PI,FIFO,true,PI_FIFO,360.576923
8.210015,-1,15,9996.191000,14.616000,356.463878,360.619028,360.000000,625,3.536122,PI,FIFO,true,PI_FIFO,356.463878
8.220018,-1,15,10003.559000,18.175000,354.729730,359.735633,360.000000,630,5.270270,PI,FIFO,true,PI_FIFO,354.729730
8.230017,-1,15,9999.245000,17.420000,352.443609,358.641830,360.000000,637,7.556391,PI,FIFO,true,PI_FIFO,352.443609
8.240017,-1,15,10000.060000,17.480000,358.188996,358.573905,360.000000,628,1.811004,PI,FIFO,true,PI_FIFO,358.188996
8.250017,-1,15,9999.893000,17.373000,357.824427,358.461483,360.000000,630,2.175573,PI,FIFO,true,PI_FIFO,357.824427
8.260027,-1,15,10010.077000,27.450000,361.620058,358.935269,360.000000,623,-1.620058,PI,FIFO,true,PI_FIFO,361.620058
8.270014,-1,15,9986.784000,14.234000,361.371145,359.300651,360.000000,623,-1.371145,PI,FIFO,true,PI_FIFO,361.371145
8.280018,-1,15,10003.393000,17.627000,363.537865,359.936233,360.000000,618,-3.537865,PI,FIFO,true,PI_FIFO,363.537865
8.290014,-1,15,9996.672000,14.299000,360.973597,360.091838,360.000000,622,-0.973597,PI,FIFO,true,PI_FIFO,360.973597
8.300018,-1,15,10003.374000,17.673000,361.620058,360.321071,360.000000,620,-1.620058,PI,FIFO,true,PI_FIFO,361.620058
8.310017,-1,15,9999.541000,17.214000,359.654731,360.221120,360.000000,623,0.345269,PI,FIFO,true,PI_FIFO,359.654731
8.320017,-1,15,10000.042000,17.256000,361.445783,360.404819,360.000000,620,-1.445783,PI,FIFO,true,PI_FIFO,361.445783
8.330017,-1,15,9999.986000,17.242000,359.589041,360.282453,360.000000,623,0.410959,PI,FIFO,true,PI_FIFO,359.589041
8.340018,-1,15,10000.522000,17.764000,363.041002,360.696235,360.000000,616,-3.041002,PI,FIFO,true,PI_FIFO,363.041002
8.350017,-1,14,9999.709000,17.473000,364.313472,361.238820,360.000000,613,-4.313472,PI,FIFO,true,PI_FIFO,364.313472
8.360027,-1,14,10009.854000,27.327000,363.548231,361.585232,360.000000,612,-3.548231,PI,FIFO,true,PI_FIFO,363.548231
8.370017,-1,15,9989.951000,17.278000,358.998906,361.197283,360.000000,620,1.001094,PI,FIFO,true,PI_FIFO,358.998906
8.380018,-1,15,10000.374000,17.652000,356.633381,360.512698,360.000000,625,3.366619,PI,FIFO,true,PI_FIFO,356.633381
8.390017,-1,15,9999.357000,17.009000,357.629428,360.080207,360.000000,624,2.370572,PI,FIFO,true,PI_FIFO,357.629428
8.400017,-1,15,10000.300000,17.309000,353.773585,359.134214,360.000000,633,6.226415,PI,FIFO,true,PI_FIFO,353.773585
8.410017,-1,15,10000.097000,17.406000,356.012658,358.665981,360.000000,631,3.987342,PI,FIFO,true,PI_FIFO,356.012658
8.420018,-1,15,10000.153000,17.559000,357.653791,358.514152,360.000000,630,2.346209,PI,FIFO,true,PI_FIFO,357.653791
8.430017,-1,15,9999.893000,17.452000,363.196126,359.216448,360.000000,620,-3.196126,PI,FIFO,true,PI_FIFO,363.196126
8.440024,-1,15,10006.300000,23.752000,361.570248,359.569518,360.000000,621,-1.570248,PI,FIFO,true,PI_FIFO,361.570248
8.450019,-1,15,9994.764000,18.516000,362.051340,359.941791,360.000000,620,-2.051340,PI,FIFO,true,PI_FIFO,362.051340
8.460028,-1,15,10009.429000,27.945000,359.983544,359.948054,360.000000,623,0.016456,PI,FIFO,true,PI_FIFO,359.983544
8.470017,-1,15,9989.265000,17.210000,360.403652,360.016394,360.000000,622,-0.403652,PI,FIFO,true,PI_FIFO,360.403652
8.480028,-1,15,10010.336000,27.546000,355.832490,359.388808,360.000000,631,4.167510,PI,FIFO,true,PI_FIFO,355.832490
8.490018,-1,15,9990.914000,18.460000,362.143892,359.802071,360.000000,620,-2.143892,PI,FIFO,true,PI_FIFO,362.143892
8.500018,-1,15,9999.448000,17.908000,361.875965,360.113155,360.000000,620,-1.875965,PI,FIFO,true,PI_FIFO,361.875965
8.510017,-1,14,9999.005000,16.913000,365.675280,360.947474,360.000000,612,-5.675280,PI,FIFO,true,PI_FIFO,365.675280
8.520018,-1,15,10000.986000,17.899000,362.062307,361.114699,360.000000,617,-2.062307,PI,FIFO,true,PI_FIFO,362.062307
8.530017,-1,14,9998.986000,16.885000,363.196126,361.426913,360.000000,613,-3.196126,PI,FIFO,true,PI_FIFO,363.196126
8.540018,-1,15,10000.634000,17.519000,358.606557,361.003860,360.000000,621,1.393443,PI,FIFO,true,PI_FIFO,358.606557
8.550023,-1,15,10005.522000,23.041000,356.543624,360.334824,360.000000,626,3.456376,PI,FIFO,true,PI_FIFO,356.543624
8.560050,-1,15,10026.740000,49.781000,354.921579,359.522837,360.000000,630,5.078421,PI,FIFO,true,PI_FIFO,354.921579
8.570019,-1,15,9968.806000,18.587000,357.313006,359.191363,360.000000,628,2.686994,PI,FIFO,true,PI_FIFO,357.313006
8.580018,-1,15,9999.245000,17.832000,356.012658,358.714557,360.000000,632,3.987342,PI,FIFO,true,PI_FIFO,356.012658
8.590017,-1,15,9999.338000,17.170000,358.554309,358.690520,360.000000,628,1.445691,PI,FIFO,true,PI_FIFO,358.554309
8.600018,-1,15,10001.023000,18.193000,362.435567,359.252277,360.000000,621,-2.435567,PI,FIFO,true,PI_FIFO,362.435567
8.610017,-1,15,9999.116000,17.309000,362.493958,359.738529,360.000000,620,-2.493958,PI,FIFO,true,PI_FIFO,362.493958
8.620018,-1,15,10000.356000,17.665000,361.132512,359.947627,360.000000,622,-1.132512,PI,FIFO,true,PI_FIFO,361.132512
8.630017,-1,15,9999.560000,17.225000,360.057609,359.964124,360.000000,623,-0.057609,PI,FIFO,true,PI_FIFO,360.057609
8.640018,-1,15,10000.560000,17.785000,361.875965,360.250900,360.000000,620,-1.875965,PI,FIFO,true,PI_FIFO,361.875965
8.650017,-1,15,9999.393000,17.178000,359.023456,360.066784,360.000000,625,0.976544,PI,FIFO,true,PI_FIFO,359.023456
8.660027,-1,15,10009.577000,26.755000,359.589041,359.995122,360.000000,624,0.410959,PI,FIFO,true,PI_FIFO,359.589041
8.670017,-1,15,9990.209000,16.964000,361.722651,360.254251,360.000000,620,-1.722651,PI,FIFO,true,PI_FIFO,361.722651
8.680017,-1,14,10000.486000,17.450000,366.825042,361.239870,360.000000,609,-6.825042,PI,FIFO,true,PI_FIFO,366.825042
8.690017,-1,15,9999.986000,17.436000,361.969112,361.349256,360.000000,616,-1.969112,PI,FIFO,true,PI_FIFO,361.969112
8.700018,-1,15,10000.208000,17.644000,361.689815,361.400340,360.000000,615,-1.689815,PI,FIFO,true,PI_FIFO,361.689815
8.710017,-1,15,9999.412000,17.056000,356.633381,360.685296,360.000000,625,3.366619,PI,FIFO,true,PI_FIFO,356.633381
8.720018,-1,15,10000.634000,17.690000,356.803045,360.102958,360.000000,626,3.196955,PI,FIFO,true,PI_FIFO,356.803045
8.730014,-1,15,9996.394000,14.084000,351.688103,358.840730,360.000000,637,8.311897,PI,FIFO,true,PI_FIFO,351.688103
8.740018,-1,15,10004.392000,18.476000,356.633381,358.509628,360.000000,631,3.366619,PI,FIFO,true,PI_FIFO,356.633381
8.750014,-1,15,9995.765000,14.241000,356.735160,358.243458,360.000000,632,3.264840,PI,FIFO,true,PI_FIFO,356.735160
8.760036,-1,15,10021.630000,35.871000,362.493958,358.881033,360.000000,622,-2.493958,PI,FIFO,true,PI_FIFO,362.493958
8.770019,-1,15,9982.637000,18.508000,361.570248,359.284415,360.000000,623,-1.570248,PI,FIFO,true,PI_FIFO,361.570248
8.780018,-1,15,9999.634000,18.142000,363.869863,359.972232,360.000000,618,-3.869863,PI,FIFO,true,PI_FIFO,363.869863
8.790017,-1,15,9998.745000,16.887000,360.181120,360.003565,360.000000,623,-0.181120,PI,FIFO,true,PI_FIFO,360.181120
8.800020,-1,15,10003.041000,19.928000,359.884837,359.985756,360.000000,624,0.115163,PI,FIFO,true,PI_FIFO,359.884837
8.810018,-1,15,9998.135000,18.063000,359.287174,359.880969,360.000000,625,0.712826,PI,FIFO,true,PI_FIFO,359.287174
8.820027,-1,15,10009.373000,27.436000,363.020329,360.351873,360.000000,618,-3.020329,PI,FIFO,true,PI_FIFO,363.020329
8.830020,-1,15,9993.024000,20.460000,360.207480,360.330214,360.000000,622,-0.207480,PI,FIFO,true,PI_FIFO,360.207480
8.840019,-1,14,9998.060000,18.520000,364.431487,360.945405,360.000000,614,-4.431487,PI,FIFO,true,PI_FIFO,364.431487
8.850017,-1,14,9998.782000,17.302000,364.313472,361.450615,360.000000,612,-4.313472,PI,FIFO,true,PI_FIFO,364.313472
8.860028,-1,15,10010.892000,28.194000,361.794501,361.502198,360.000000,616,-1.794501,PI,FIFO,true,PI_FIFO,361.794501
8.870018,-1,15,9989.950000,18.144000,358.920368,361.114923,360.000000,620,1.079632,PI,FIFO,true,PI_FIFO,358.920368
8.880018,-1,15,10000.301000,18.445000,356.012658,360.349583,360.000000,627,3.987342,PI,FIFO,true,PI_FIFO,356.012658
8.890017,-1,15,9998.912000,17.357000,357.278963,359.888990,360.000000,626,2.721037,PI,FIFO,true,PI_FIFO,357.278963
8.900018,-1,15,10000.893000,18.250000,355.281857,359.197920,360.000000,631,4.718143,PI,FIFO,true,PI_FIFO,355.281857
8.910018,-1,15,9999.430000,17.680000,355.883948,358.700825,360.000000,632,4.116052,PI,FIFO,true,PI_FIFO,355.883948
8.920018,-1,15,10000.097000,17.777000,357.313006,358.492652,360.000000,630,2.686994,PI,FIFO,true,PI_FIFO,357.313006
8.930018,-1,15,10000.486000,18.263000,362.996902,359.168289,360.000000,620,-2.996902,PI,FIFO,true,PI_FIFO,362.996902
8.940018,-1,15,9999.634000,17.897000,361.445783,359.509913,360.000000,622,-1.445783,PI,FIFO,true,PI_FIFO,361.445783
8.950017,-1,15,9999.523000,17.420000,362.318841,359.931253,360.000000,620,-2.318841,PI,FIFO,true,PI_FIFO,362.318841
8.960028,-1,15,10010.169000,27.589000,360.973597,360.087604,360.000000,622,-0.973597,PI,FIFO,true,PI_FIFO,360.973597
8.970017,-1,15,9989.636000,17.225000,361.886921,360.357502,360.000000,619,-1.886921,PI,FIFO,true,PI_FIFO,361.886921
8.980018,-1,15,10000.579000,17.804000,356.657609,359.802518,360.000000,629,3.342391,PI,FIFO,true,PI_FIFO,356.657609
8.990017,-1,15,9999.319000,17.123000,361.969112,360.127507,360.000000,620,-1.969112,PI,FIFO,true,PI_FIFO,361.969112
9.000018,-1,15,10000.671000,17.794000,361.318088,360.306094,360.000000,620,-1.318088,PI,FIFO,true,PI_FIFO,361.318088
9.010017,-1,14,9998.930000,16.724000,365.497076,361.084741,360.000000,611,-5.497076,PI,FIFO,true,PI_FIFO,365.497076
9.020018,-1,15,10000.930000,17.654000,362.435567,361.287365,360.000000,615,-2.435567,PI,FIFO,true,PI_FIFO,362.435567
9.030017,-1,14,9999.264000,16.918000,362.669246,361.494647,360.000000,614,-2.669246,PI,FIFO,true,PI_FIFO,362.669246
9.040029,-1,15,10011.761000,28.679000,358.188996,360.998800,360.000000,622,1.811004,PI,FIFO,true,PI_FIFO,358.188996
9.050027,-1,15,9997.949000,26.628000,356.012658,360.250878,360.000000,627,3.987342,PI,FIFO,true,PI_FIFO,356.012658
9.060031,-1,15,10004.744000,31.372000,353.940538,359.304327,360.000000,632,6.059462,PI,FIFO,true,PI_FIFO,353.940538
9.070015,-1,15,9983.507000,14.879000,358.019640,359.111624,360.000000,627,1.980360,PI,FIFO,true,PI_FIFO,358.019640
9.080018,-1,15,10003.467000,18.346000,356.633381,358.739888,360.000000,630,3.366619,PI,FIFO,true,PI_FIFO,356.633381
9.090017,-1,15,9998.763000,17.109000,358.920368,358.766960,360.000000,627,1.079632,PI,FIFO,true,PI_FIFO,358.920368
9.100016,-1,15,9999.134000,16.243000,362.669246,359.352303,360.000000,620,-2.669246,PI,FIFO,true,PI_FIFO,362.669246
9.110017,-1,15,10000.319000,16.562000,362.809598,359.870897,360.000000,619,-2.809598,PI,FIFO,true,PI_FIFO,362.809598
9.120019,-1,15,10002.245000,18.807000,359.539789,359.821231,360.000000,624,0.460211,PI,FIFO,true,PI_FIFO,359.539789
9.130014,-1,15,9995.523000,14.330000,359.983544,359.845578,360.000000,623,0.016456,PI,FIFO,true,PI_FIFO,359.983544
9.140018,-1,15,10003.633000,17.963000,361.097737,360.033402,360.000000,621,-1.097737,PI,FIFO,true,PI_FIFO,361.097737
9.150018,-1,15,10000.060000,18.023000,359.287174,359.921467,360.000000,624,0.712826,PI,FIFO,true,PI_FIFO,359.287174
9.160032,-1,15,10014.335000,32.358000,361.445783,360.150115,360.000000,620,-1.445783,PI,FIFO,true,PI_FIFO,361.445783
9.170018,-1,15,9985.506000,17.864000,362.062307,360.436944,360.000000,619,-2.062307,PI,FIFO,true,PI_FIFO,362.062307
9.180027,-1,14,10009.595000,27.459000,365.853659,361.249451,360.000000,610,-5.853659,PI,FIFO,true,PI_FIFO,365.853659
9.190018,-1,15,9990.895000,18.354000,361.318088,361.259746,360.000000,617,-1.318088,PI,FIFO,true,PI_FIFO,361.318088
9.200018,-1,15,9999.467000,17.821000,361.097737,361.235445,360.000000,617,-1.097737,PI,FIFO,true,PI_FIFO,361.097737
9.210017,-1,15,9999.245000,17.066000,357.642421,360.696491,360.000000,623,2.357579,PI,FIFO,true,PI_FIFO,357.642421
9.220018,-1,15,10000.504000,17.570000,356.803045,360.112474,360.000000,626,3.196955,PI,FIFO,true,PI_FIFO,356.803045
9.230018,-1,15,10000.412000,17.982000,353.582974,359.133049,360.000000,633,6.417026,PI,FIFO,true,PI_FIFO,353.582974
9.240018,-1,15,10000.207000,18.189000,356.803045,358.783549,360.000000,630,3.196955,PI,FIFO,true,PI_FIFO,356.803045
9.250023,-1,15,10004.393000,22.582000,356.657609,358.464658,360.000000,631,3.342391,PI,FIFO,true,PI_FIFO,356.657609
9.260039,-1,15,10016.705000,39.287000,361.067059,358.855018,360.000000,624,-1.067059,PI,FIFO,true,PI_FIFO,361.067059
9.270019,-1,15,9979.285000,18.572000,361.318088,359.224479,360.000000,623,-1.318088,PI,FIFO,true,PI_FIFO,361.318088
9.280018,-1,15,9999.060000,17.632000,364.785992,360.058706,360.000000,616,-4.785992,PI,FIFO,true,PI_FIFO,364.785992
9.290017,-1,15,9999.337000,16.969000,360.775151,360.166172,360.000000,622,-0.775151,PI,FIFO,true,PI_FIFO,360.775151
9.300018,-1,15,10000.708000,17.677000,361.620058,360.384255,360.000000,620,-1.620058,PI,FIFO,true,PI_FIFO,361.620058
9.310017,-1,15,9999.375000,17.052000,357.642421,359.972980,360.000000,627,2.357579,PI,FIFO,true,PI_FIFO,357.642421
9.320019,-1,15,10001.707000,18.759000,361.620058,360.220042,360.000000,620,-1.620058,PI,FIFO,true,PI_FIFO,361.620058
9.330018,-1,15,9998.856000,17.615000,360.392107,360.245852,360.000000,622,-0.392107,PI,FIFO,true,PI_FIFO,360.392107
9.340018,-1,15,10000.764000,18.379000,363.724539,360.767655,360.000000,615,-3.724539,PI,FIFO,true,PI_FIFO,363.724539
9.350019,-1,14,10000.763000,19.142000,364.313472,361.299527,360.000000,612,-4.313472,PI,FIFO,true,PI_FIFO,364.313472
9.360028,-1,14,10008.780000,27.922000,363.196126,361.584017,360.000000,613,-3.196126,PI,FIFO,true,PI_FIFO,363.196126
9.370018,-1,15,9989.988000,17.910000,357.824427,361.020079,360.000000,622,2.175573,PI,FIFO,true,PI_FIFO,357.824427
9.380019,-1,15,10000.689000,18.599000,354.777673,360.083718,360.000000,629,5.222327,PI,FIFO,true,PI_FIFO,354.777673
9.390018,-1,15,9999.411000,18.010000,356.193009,359.500111,360.000000,628,3.806991,PI,FIFO,true,PI_FIFO,356.193009
9.400017,-1,15,9999.375000,17.385000,354.040785,358.681213,360.000000,634,5.959215,PI,FIFO,true,PI_FIFO,354.040785
9.410017,-1,15,9999.837000,17.222000,356.633381,358.374038,360.000000,631,3.366619,PI,FIFO,true,PI_FIFO,356.633381
9.420018,-1,15,10000.449000,17.671000,358.920368,358.455987,360.000000,628,1.079632,PI,FIFO,true,PI_FIFO,358.920368
9.430017,-1,15,9999.356000,17.027000,363.548231,359.219824,360.000000,620,-3.548231,PI,FIFO,true,PI_FIFO,363.548231
9.440017,-1,15,10000.449000,17.476000,361.875965,359.618245,360.000000,621,-1.875965,PI,FIFO,true,PI_FIFO,361.875965
9.450017,-1,15,9999.337000,16.813000,362.669246,360.075895,360.000000,619,-2.669246,PI,FIFO,true,PI_FIFO,362.669246
9.460026,-1,15,10009.521000,26.334000,360.576923,360.151049,360.000000,622,-0.576923,PI,FIFO,true,PI_FIFO,360.576923
9.470017,-1,15,9990.617000,16.951000,361.886921,360.411430,360.000000,619,-1.886921,PI,FIFO,true,PI_FIFO,361.886921
9.480018,-1,15,10000.893000,17.844000,357.240065,359.935725,360.000000,628,2.759935,PI,FIFO,true,PI_FIFO,357.240065
9.490017,-1,15,9998.967000,16.811000,362.143892,360.266950,360.000000,619,-2.143892,PI,FIFO,true,PI_FIFO,362.143892
9.500018,-1,15,10001.022000,17.833000,361.132512,360.396784,360.000000,620,-1.132512,PI,FIFO,true,PI_FIFO,361.132512
9.510017,-1,14,9999.227000,17.060000,364.608653,361.028565,360.000000,613,-4.608653,PI,FIFO,true,PI_FIFO,364.608653
9.520018,-1,15,10000.856000,17.916000,362.062307,361.183626,360.000000,616,-2.062307,PI,FIFO,true,PI_FIFO,362.062307
9.530017,-1,14,9999.226000,17.142000,363.372093,361.511896,360.000000,613,-3.372093,PI,FIFO,true,PI_FIFO,363.372093
9.540026,-1,15,10009.244000,26.386000,357.278963,360.876956,360.000000,623,2.721037,PI,FIFO,true,PI_FIFO,357.278963
9.550016,-1,15,9989.913000,16.299000,356.972870,360.291343,360.000000,625,3.027130,PI,FIFO,true,PI_FIFO,356.972870
9.560025,-1,15,10008.891000,25.190000,354.538088,359.428355,360.000000,631,5.461912,PI,FIFO,true,PI_FIFO,354.538088
9.570015,-1,15,9989.765000,14.955000,356.294537,358.958282,360.000000,630,3.705463,PI,FIFO,true,PI_FIFO,356.294537
9.580018,-1,15,10003.300000,18.255000,355.450237,358.432075,360.000000,633,4.549763,PI,FIFO,true,PI_FIFO,355.450237
9.590014,-1,15,9995.764000,14.019000,358.998906,358.517100,360.000000,628,1.001094,PI,FIFO,true,PI_FIFO,358.998906
9.600018,-1,15,10003.670000,17.689000,363.372093,359.245349,360.000000,620,-3.372093,PI,FIFO,true,PI_FIFO,363.372093
9.610014,-1,15,9996.376000,14.065000,363.559979,359.892544,360.000000,618,-3.559979,PI,FIFO,true,PI_FIFO,363.559979
9.620018,-1,15,10003.522000,17.587000,361.271676,360.099413,360.000000,621,-1.271676,PI,FIFO,true,PI_FIFO,361.271676
9.630017,-1,15,9999.744000,17.331000,360.023041,360.087958,360.000000,623,-0.023041,PI,FIFO,true,PI_FIFO,360.023041
9.640018,-1,15,10000.634000,17.965000,359.195402,359.954074,360.000000,624,0.804598,PI,FIFO,true,PI_FIFO,359.195402
9.650018,-1,15,9999.560000,17.525000,358.215066,359.693223,360.000000,627,1.784934,PI,FIFO,true,PI_FIFO,358.215066
9.660028,-1,15,10010.669000,28.194000,361.067059,359.899298,360.000000,622,-1.067059,PI,FIFO,true,PI_FIFO,361.067059
9.670017,-1,15,9988.858000,17.052000,363.774945,360.480645,360.000000,616,-3.774945,PI,FIFO,true,PI_FIFO,363.774945
9.680018,-1,14,10001.022000,18.074000,366.210938,361.340189,360.000000,610,-6.210938,PI,FIFO,true,PI_FIFO,366.210938
9.690017,-1,15,9999.023000,17.097000,360.775151,361.255433,360.000000,618,-0.775151,PI,FIFO,true,PI_FIFO,360.775151
9.700018,-1,15,10000.504000,17.601000,361.097737,361.231779,360.000000,617,-1.097737,PI,FIFO,true,PI_FIFO,361.097737
9.710017,-1,15,9999.615000,17.216000,358.006619,360.748005,360.000000,623,1.993381,PI,FIFO,true,PI_FIFO,358.006619
9.720020,-1,15,10003.004000,20.220000,358.166189,360.360733,360.000000,623,1.833811,PI,FIFO,true,PI_FIFO,358.166189
9.730017,-1,15,9996.875000,17.095000,353.202368,359.286978,360.000000,634,6.797632,PI,FIFO,true,PI_FIFO,353.202368
9.740018,-1,15,10001.004000,18.099000,357.653791,359.042000,360.000000,628,2.346209,PI,FIFO,true,PI_FIFO,357.653791
9.750019,-1,15,10001.152000,19.251000,356.633381,358.680707,360.000000,631,3.366619,PI,FIFO,true,PI_FIFO,356.633381
9.760029,-1,15,10009.558000,28.809000,361.769570,359.144037,360.000000,622,-1.769570,PI,FIFO,true,PI_FIFO,361.769570
9.770017,-1,15,9988.580000,17.389000,361.558530,359.506211,360.000000,622,-1.558530,PI,FIFO,true,PI_FIFO,361.558530
9.780018,-1,15,10000.597000,17.986000,363.976705,360.176785,360.000000,616,-3.976705,PI,FIFO,true,PI_FIFO,363.976705
9.790019,-1,15,10000.911000,18.897000,359.925474,360.139088,360.000000,622,0.074526,PI,FIFO,true,PI_FIFO,359.925474
9.800018,-1,15,9999.097000,17.994000,360.973597,360.264265,360.000000,620,-0.973597,PI,FIFO,true,PI_FIFO,360.973597
9.810018,-1,15,9999.985000,17.979000,357.824427,359.898289,360.000000,626,2.175573,PI,FIFO,true,PI_FIFO,357.824427
9.820029,-1,15,10010.781000,28.760000,361.875965,360.194940,360.000000,619,-1.875965,PI,FIFO,true,PI_FIFO,361.875965
9.830019,-1,15,9990.579000,19.339000,359.195402,360.045010,360.000000,624,0.804598,PI,FIFO,true,PI_FIFO,359.195402
9.840018,-1,15,9998.782000,18.121000,363.171002,360.513908,360.000000,616,-3.171002,PI,FIFO,true,PI_FIFO,363.171002
9.850017,-1,14,9998.671000,16.792000,363.703788,360.992390,360.000000,614,-3.703788,PI,FIFO,true,PI_FIFO,363.703788
9.860028,-1,14,10011.003000,27.795000,362.769486,361.258955,360.000000,614,-2.769486,PI,FIFO,true,PI_FIFO,362.769486
9.870018,-1,15,9990.413000,18.208000,358.952703,360.913017,360.000000,621,1.047297,PI,FIFO,true,PI_FIFO,358.952703
9.880018,-1,15,9999.504000,17.712000,356.851550,360.303797,360.000000,625,3.148450,PI,FIFO,true,PI_FIFO,356.851550
9.890024,-1,15,10006.170000,23.882000,355.618777,359.601044,360.000000,629,4.381223,PI,FIFO,true,PI_FIFO,355.618777
9.900019,-1,15,9994.875000,18.757000,354.155424,358.784201,360.000000,634,5.844576,PI,FIFO,true,PI_FIFO,354.155424
9.910017,-1,15,9998.634000,17.391000,356.633381,358.461578,360.000000,631,3.366619,PI,FIFO,true,PI_FIFO,356.633381
9.920018,-1,15,10000.578000,17.969000,358.371560,358.448075,360.000000,629,1.628440,PI,FIFO,true,PI_FIFO,358.371560
9.930019,-1,15,10000.671000,18.640000,363.901019,359.266017,360.000000,619,-3.901019,PI,FIFO,true,PI_FIFO,363.901019
9.940018,-1,15,9999.041000,17.681000,360.378913,359.432951,360.000000,624,-0.378913,PI,FIFO,true,PI_FIFO,360.378913
9.950017,-1,15,9999.708000,17.389000,362.875683,359.949361,360.000000,619,-2.875683,PI,FIFO,true,PI_FIFO,362.875683
9.960036,-1,15,10018.223000,35.612000,359.983544,359.954488,360.000000,624,0.016456,PI,FIFO,true,PI_FIFO,359.983544
9.970027,-1,15,9991.413000,27.025000,360.903533,360.096845,360.000000,622,-0.903533,PI,FIFO,true,PI_FIFO,360.903533
9.980018,-1,15,9991.321000,18.346000,356.657609,359.580959,360.000000,630,3.342391,PI,FIFO,true,PI_FIFO,356.657609
9.990017,-1,15,9998.245000,16.591000,362.318841,359.991642,360.000000,620,-2.318841,PI,FIFO,true,PI_FIFO,362.318841
10.000018,-1,15,10000.985000,17.576000,362.248841,360.330222,360.000000,619,-2.248841,PI,FIFO,true,PI_FIFO,362.248841
10.010018,-1,14,10000.745000,18.321000,366.379310,361.237585,360.000000,610,-6.379310,PI,FIFO,true,PI_FIFO,366.379310
10.020019,-1,15,10000.689000,19.010000,360.973597,361.197987,360.000000,618,-0.973597,PI,FIFO,true,PI_FIFO,360.973597
10.030019,-1,15,9999.708000,18.718000,362.493958,361.392382,360.000000,615,-2.493958,PI,FIFO,true,PI_FIFO,362.493958
10.040022,-1,15,10003.003000,21.721000,358.371560,360.939259,360.000000,622,1.628440,PI,FIFO,true,PI_FIFO,358.371560
10.050018,-1,15,9995.968000,17.689000,357.313006,360.395321,360.000000,625,2.686994,PI,FIFO,true,PI_FIFO,357.313006
10.060018,-1,15,10000.633000,18.322000,354.921579,359.574260,360.000000,630,5.078421,PI,FIFO,true,PI_FIFO,354.921579
10.070023,-1,15,10004.337000,22.659000,356.294537,359.082301,360.000000,630,3.705463,PI,FIFO,true,PI_FIFO,356.294537
10.080019,-1,15,9996.189000,18.848000,355.691057,358.573615,360.000000,632,4.308943,PI,FIFO,true,PI_FIFO,355.691057
10.090017,-1,15,9998.615000,17.463000,358.166189,358.512501,360.000000,629,1.833811,PI,FIFO,true,PI_FIFO,358.166189
10.100019,-1,15,10001.060000,18.523000,362.996902,359.185161,360.000000,621,-2.996902,PI,FIFO,true,PI_FIFO,362.996902
10.110014,-1,15,9995.412000,13.935000,363.020329,359.760436,360.000000,619,-3.020329,PI,FIFO,true,PI_FIFO,363.020329
10.120018,-1,15,10003.910000,17.845000,361.394558,360.005555,360.000000,621,-1.394558,PI,FIFO,true,PI_FIFO,361.394558
10.130014,-1,15,9996.190000,14.035000,360.576923,360.091260,360.000000,622,-0.576923,PI,FIFO,true,PI_FIFO,360.576923
10.140018,-1,15,10003.874000,17.909000,360.923965,360.216166,360.000000,621,-0.923965,PI,FIFO,true,PI_FIFO,360.923965
10.150018,-1,15,9999.892000,17.801000,359.103677,360.049292,360.000000,625,0.896323,PI,FIFO,true,PI_FIFO,359.103677
10.160029,-1,15,10010.873000,28.674000,360.576923,360.128437,360.000000,622,-0.576923,PI,FIFO,true,PI_FIFO,360.576923
10.170017,-1,15,9988.191000,16.865000,362.368857,360.464500,360.000000,618,-2.368857,PI,FIFO,true,PI_FIFO,362.368857
10.180018,-1,14,10000.707000,17.572000,366.885359,361.427629,360.000000,608,-6.885359,PI,FIFO,true,PI_FIFO,366.885359
10.190014,-1,15,9996.245000,13.817000,361.371145,361.419156,360.000000,616,-1.371145,PI,FIFO,true,PI_FIFO,361.371145
10.200017,-1,15,10003.652000,17.469000,361.230734,361.390893,360.000000,616,-1.230734,PI,FIFO,true,PI_FIFO,361.230734
10.210017,-1,15,9999.726000,17.195000,356.657609,360.680900,360.000000,625,3.342391,PI,FIFO,true,PI_FIFO,356.657609
10.220017,-1,15,9999.800000,16.995000,355.618777,359.921582,360.000000,628,4.381223,PI,FIFO,true,PI_FIFO,355.618777
10.230017,-1,15,9999.782000,16.777000,353.202368,358.913700,360.000000,635,6.797632,PI,FIFO,true,PI_FIFO,353.202368
10.240018,-1,15,10000.837000,17.614000,357.483317,358.699142,360.000000,629,2.516683,PI,FIFO,true,PI_FIFO,357.483317
10.250017,-1,15,9999.522000,17.136000,357.097511,358.458898,360.000000,631,2.902489,PI,FIFO,true,PI_FIFO,357.097511
10.260035,-1,15,10017.946000,35.082000,362.143892,359.011647,360.000000,622,-2.143892,PI,FIFO,true,PI_FIFO,362.143892
10.270019,-1,15,9983.988000,19.070000,361.445783,359.376767,360.000000,623,-1.445783,PI,FIFO,true,PI_FIFO,361.445783
10.280018,-1,15,9999.041000,18.111000,363.936335,360.060703,360.000000,617,-3.936335,PI,FIFO,true,PI_FIFO,363.936335
10.290017,-1,15,9999.207000,17.318000,360.057609,360.060239,360.000000,623,-0.057609,PI,FIFO,true,PI_FIFO,360.057609
10.300018,-1,15,10000.467000,17.785000,361.172262,360.227042,360.000000,621,-1.172262,PI,FIFO,true,PI_FIFO,361.172262
10.310017,-1,15,9999.171000,16.956000,358.337315,359.943583,360.000000,626,1.662685,PI,FIFO,true,PI_FIFO,358.337315
10.320018,-1,15,10000.818000,17.774000,362.435567,360.317381,360.000000,619,-2.435567,PI,FIFO,true,PI_FIFO,362.435567
10.330017,-1,15,9999.041000,16.815000,359.539789,360.200742,360.000000,623,0.460211,PI,FIFO,true,PI_FIFO,359.539789
10.340018,-1,15,10000.763000,17.578000,363.748060,360.732840,360.000000,615,-3.748060,PI,FIFO,true,PI_FIFO,363.748060
10.350018,-1,14,10000.171000,17.749000,364.785992,361.340812,360.000000,612,-4.785992,PI,FIFO,true,PI_FIFO,364.785992
10.360027,-1,14,10009.169000,26.918000,362.996902,361.589226,360.000000,613,-2.996902,PI,FIFO,true,PI_FIFO,362.996902
10.370017,-1,15,9990.468000,17.386000,358.508604,361.127133,360.000000,621,1.491396,PI,FIFO,true,PI_FIFO,358.508604
10.380017,-1,15,10000.041000,17.427000,357.434641,360.573259,360.000000,623,2.565359,PI,FIFO,true,PI_FIFO,357.434641
10.390017,-1,15,9999.356000,16.783000,356.633381,359.982277,360.000000,626,3.366619,PI,FIFO,true,PI_FIFO,356.633381
10.400018,-1,15,10000.856000,17.639000,353.392569,358.993821,360.000000,634,6.607431,PI,FIFO,true,PI_FIFO,353.392569
10.410017,-1,15,9999.522000,17.161000,355.618777,358.487564,360.000000,632,4.381223,PI,FIFO,true,PI_FIFO,355.618777
10.420018,-1,15,10001.152000,18.313000,358.371560,358.470164,360.000000,629,1.628440,PI,FIFO,true,PI_FIFO,358.371560
10.430014,-1,15,9995.634000,13.947000,363.020329,359.152688,360.000000,620,-3.020329,PI,FIFO,true,PI_FIFO,363.020329
10.440018,-1,15,10003.874000,17.821000,361.620058,359.522794,360.000000,622,-1.620058,PI,FIFO,true,PI_FIFO,361.620058
10.450014,-1,15,9996.319000,14.140000,362.062307,359.903721,360.000000,620,-2.062307,PI,FIFO,true,PI_FIFO,362.062307
10.460026,-1,15,10011.428000,25.568000,360.403652,359.978710,360.000000,622,-0.403652,PI,FIFO,true,PI_FIFO,360.403652
10.470017,-1,15,9991.579000,17.147000,360.576923,360.068442,360.000000,622,-0.576923,PI,FIFO,true,PI_FIFO,360.576923
10.480018,-1,15,10000.763000,17.910000,356.972870,359.604107,360.000000,629,3.027130,PI,FIFO,true,PI_FIFO,356.972870
10.490017,-1,15,9999.374000,17.284000,361.132512,359.833367,360.000000,622,-1.132512,PI,FIFO,true,PI_FIFO,361.132512
10.500018,-1,15,10000.652000,17.936000,361.445783,360.075230,360.000000,621,-1.445783,PI,FIFO,true,PI_FIFO,361.445783
10.510017,-1,14,9999.208000,17.144000,366.210938,360.995586,360.000000,611,-6.210938,PI,FIFO,true,PI_FIFO,366.210938
10.520018,-1,15,10000.819000,17.963000,362.318841,361.194074,360.000000,616,-2.318841,PI,FIFO,true,PI_FIFO,362.318841
10.530018,-1,14,9999.652000,17.615000,362.809598,361.436403,360.000000,614,-2.809598,PI,FIFO,true,PI_FIFO,362.809598
10.540018,-1,15,9999.892000,17.507000,356.972870,360.766873,360.000000,624,3.027130,PI,FIFO,true,PI_FIFO,356.972870
10.550018,-1,15,10000.023000,17.530000,356.463878,360.121424,360.000000,627,3.536122,PI,FIFO,true,PI_FIFO,356.463878
10.560036,-1,15,10018.167000,35.697000,353.940538,359.194291,360.000000,633,6.059462,PI,FIFO,true,PI_FIFO,353.940538
10.570030,-1,15,9994.783000,30.480000,357.824427,358.988811,360.000000,628,2.175573,PI,FIFO,true,PI_FIFO,357.824427
10.580019,-1,15,9988.913000,19.393000,356.803045,358.660946,360.000000,631,3.196955,PI,FIFO,true,PI_FIFO,356.803045
10.590021,-1,15,10001.485000,20.878000,359.287174,358.754880,360.000000,627,0.712826,PI,FIFO,true,PI_FIFO,359.287174
10.600018,-1,15,9996.986000,17.864000,363.020329,359.394698,360.000000,620,-3.020329,PI,FIFO,true,PI_FIFO,363.020329
10.610017,-1,15,9999.245000,17.109000,363.184401,359.963153,360.000000,619,-3.184401,PI,FIFO,true,PI_FIFO,363.184401
10.620019,-1,15,10002.022000,19.131000,361.271676,360.159432,360.000000,621,-1.271676,PI,FIFO,true,PI_FIFO,361.271676
10.630018,-1,15,9998.393000,17.524000,360.761929,360.249806,360.000000,622,-0.761929,PI,FIFO,true,PI_FIFO,360.761929
10.640017,-1,15,9999.744000,17.268000,360.923965,360.350930,360.000000,621,-0.923965,PI,FIFO,true,PI_FIFO,360.923965
10.650017,-1,15,9999.634000,16.902000,359.287174,360.191367,360.000000,624,0.712826,PI,FIFO,true,PI_FIFO,359.287174
10.660034,-1,15,10016.779000,33.681000,360.750361,360.275216,360.000000,621,-0.750361,PI,FIFO,true,PI_FIFO,360.750361
10.670036,-1,15,10002.429000,36.110000,362.248841,360.571260,360.000000,618,-2.248841,PI,FIFO,true,PI_FIFO,362.248841
10.680020,-1,14,9983.433000,19.543000,366.210938,361.417211,360.000000,609,-6.210938,PI,FIFO,true,PI_FIFO,366.210938
10.690018,-1,15,9998.078000,17.621000,361.132512,361.374506,360.000000,617,-1.132512,PI,FIFO,true,PI_FIFO,361.132512
10.700018,-1,15,10000.504000,18.125000,360.576923,361.254869,360.000000,617,-0.576923,PI,FIFO,true,PI_FIFO,360.576923
10.710014,-1,15,9996.300000,14.425000,356.851550,360.594371,360.000000,624,3.148450,PI,FIFO,true,PI_FIFO,356.851550
10.720018,-1,15,10003.522000,17.947000,355.956336,359.898666,360.000000,627,4.043664,PI,FIFO,true,PI_FIFO,355.956336
10.730017,-1,15,9999.134000,17.081000,351.688103,358.667081,360.000000,638,8.311897,PI,FIFO,true,PI_FIFO,351.688103
10.740018,-1,15,10000.726000,17.807000,356.633381,358.362026,360.000000,631,3.366619,PI,FIFO,true,PI_FIFO,356.633381
10.750019,-1,15,10001.540000,19.347000,357.278963,358.199567,360.000000,631,2.721037,PI,FIFO,true,PI_FIFO,357.278963
10.760028,-1,15,10009.151000,28.498000,361.445783,358.686499,360.000000,624,-1.445783,PI,FIFO,true,PI_FIFO,361.445783
10.770022,-1,15,9993.005000,21.503000,362.248841,359.220850,360.000000,622,-2.248841,PI,FIFO,true,PI_FIFO,362.248841
10.780018,-1,15,9996.819000,18.322000,364.254492,359.975897,360.000000,617,-4.254492,PI,FIFO,true,PI_FIFO,364.254492
10.790017,-1,15,9998.856000,17.178000,360.378913,360.036349,360.000000,623,-0.378913,PI,FIFO,true,PI_FIFO,360.378913
10.800018,-1,15,10000.948000,18.126000,361.097737,360.195557,360.000000,621,-1.097737,PI,FIFO,true,PI_FIFO,361.097737
10.810017,-1,15,9999.004000,17.130000,357.278963,359.758068,360.000000,629,2.721037,PI,FIFO,true,PI_FIFO,357.278963
10.820024,-1,15,10007.003000,24.133000,361.794501,360.063533,360.000000,621,-1.794501,PI,FIFO,true,PI_FIFO,361.794501
10.830024,-1,15,9999.670000,23.803000,361.132512,360.223880,360.000000,621,-1.132512,PI,FIFO,true,PI_FIFO,361.132512
10.840019,-1,15,9994.746000,18.549000,364.254492,360.828472,360.000000,615,-4.254492,PI,FIFO,true,PI_FIFO,364.254492
10.850014,-1,14,9995.764000,14.313000,364.785992,361.422100,360.000000,612,-4.785992,PI,FIFO,true,PI_FIFO,364.785992
10.860029,-1,14,10014.872000,29.185000,362.996902,361.658320,360.000000,613,-2.996902,PI,FIFO,true,PI_FIFO,362.996902
10.870017,-1,15,9988.246000,17.431000,356.972870,360.955503,360.000000,624,3.027130,PI,FIFO,true,PI_FIFO,356.972870
10.880017,-1,15,9999.689000,17.120000,356.463878,360.281759,360.000000,626,3.536122,PI,FIFO,true,PI_FIFO,356.463878
10.890017,-1,15,9999.652000,16.772000,356.633381,359.734502,360.000000,627,3.366619,PI,FIFO,true,PI_FIFO,356.633381
10.900018,-1,15,10001.189000,17.961000,355.293077,359.068289,360.000000,631,4.706923,PI,FIFO,true,PI_FIFO,355.293077
10.910017,-1,15,9999.208000,17.169000,355.281857,358.500324,360.000000,633,4.718143,PI,FIFO,true,PI_FIFO,355.281857
10.920017,-1,15,9999.985000,17.154000,358.019640,358.428221,360.000000,630,1.980360,PI,FIFO,true,PI_FIFO,358.019640
10.930018,-1,15,10001.059000,18.213000,363.372093,359.169802,360.000000,620,-3.372093,PI,FIFO,true,PI_FIFO,363.372093
10.940017,-1,15,9998.838000,17.051000,361.689815,359.547804,360.000000,622,-1.689815,PI,FIFO,true,PI_FIFO,361.689815
10.950019,-1,15,10001.818000,18.869000,362.844702,360.042339,360.000000,619,-2.844702,PI,FIFO,true,PI_FIFO,362.844702
10.960029,-1,15,10009.854000,28.723000,360.576923,360.122526,360.000000,622,-0.576923,PI,FIFO,true,PI_FIFO,360.576923
10.970017,-1,15,9988.543000,17.266000,361.794501,360.373323,360.000000,620,-1.794501,PI,FIFO,true,PI_FIFO,361.794501
10.980018,-1,15,10000.522000,17.788000,356.463878,359.786906,360.000000,630,3.536122,PI,FIFO,true,PI_FIFO,356.463878
10.990017,-1,15,9999.393000,17.181000,361.394558,360.028054,360.000000,621,-1.394558,PI,FIFO,true,PI_FIFO,361.394558
11.000018,-1,15,10000.819000,18.000000,361.769570,360.289281,360.000000,620,-1.769570,PI,FIFO,true,PI_FIFO,361.769570
11.010014,-1,14,9996.226000,14.226000,364.963504,360.990415,360.000000,613,-4.963504,PI,FIFO,true,PI_FIFO,364.963504
11.020017,-1,15,10003.207000,17.433000,362.710514,361.248429,360.000000,615,-2.710514,PI,FIFO,true,PI_FIFO,362.710514
11.030014,-1,14,9996.560000,13.993000,363.774945,361.627407,360.000000,612,-3.774945,PI,FIFO,true,PI_FIFO,363.774945
11.040018,-1,15,10003.614000,17.607000,356.972870,360.929226,360.000000,624,3.027130,PI,FIFO,true,PI_FIFO,356.972870
11.050018,-1,15,10000.041000,17.648000,357.097511,360.354469,360.000000,625,2.902489,PI,FIFO,true,PI_FIFO,357.097511
11.060026,-1,15,10008.299000,25.947000,352.797291,359.220892,360.000000,635,7.202709,PI,FIFO,true,PI_FIFO,352.797291
11.070015,-1,15,9988.690000,14.637000,357.278963,358.929603,360.000000,629,2.721037,PI,FIFO,true,PI_FIFO,357.278963
11.080018,-1,15,10003.225000,17.862000,355.787476,358.458284,360.000000,633,4.212524,PI,FIFO,true,PI_FIFO,355.787476
11.090017,-1,15,9999.226000,17.088000,359.983544,358.687073,360.000000,626,0.016456,PI,FIFO,true,PI_FIFO,359.983544
11.100018,-1,15,10001.263000,18.351000,363.020329,359.337061,360.000000,620,-3.020329,PI,FIFO,true,PI_FIFO,363.020329
11.110018,-1,15,9999.282000,17.633000,363.184401,359.914162,360.000000,619,-3.184401,PI,FIFO,true,PI_FIFO,363.184401
11.120018,-1,15,10000.096000,17.729000,360.403652,359.987586,360.000000,623,-0.403652,PI,FIFO,true,PI_FIFO,360.403652
11.130018,-1,15,9999.818000,17.547000,359.654731,359.937658,360.000000,624,0.345269,PI,FIFO,true,PI_FIFO,359.654731
11.140018,-1,15,10000.133000,17.680000,360.750361,360.059563,360.000000,622,-0.750361,PI,FIFO,true,PI_FIFO,360.750361
11.150018,-1,15,10000.560000,18.240000,359.884837,360.033354,360.000000,624,0.115163,PI,FIFO,true,PI_FIFO,359.884837
11.160027,-1,15,10009.113000,27.353000,359.786184,359.996279,360.000000,624,0.213816,PI,FIFO,true,PI_FIFO,359.786184
11.170017,-1,15,9989.968000,17.321000,363.206472,360.477808,360.000000,617,-3.206472,PI,FIFO,true,PI_FIFO,363.206472
11.180018,-1,14,10000.633000,17.954000,366.592805,361.395057,360.000000,609,-6.592805,PI,FIFO,true,PI_FIFO,366.592805
11.190017,-1,15,9999.041000,16.995000,361.445783,361.402666,360.000000,617,-1.445783,PI,FIFO,true,PI_FIFO,361.445783
11.200018,-1,15,10000.522000,17.517000,360.181120,361.219434,360.000000,619,-0.181120,PI,FIFO,true,PI_FIFO,360.181120
11.210017,-1,15,9999.911000,17.428000,357.313006,360.633470,360.000000,624,2.686994,PI,FIFO,true,PI_FIFO,357.313006
11.220018,-1,15,10000.096000,17.524000,357.278963,360.130294,360.000000,625,2.721037,PI,FIFO,true,PI_FIFO,357.278963
11.230017,-1,15,9999.448000,16.972000,352.797291,359.030343,360.000000,635,7.202709,PI,FIFO,true,PI_FIFO,352.797291
11.240018,-1,15,10000.559000,17.531000,356.735160,358.686066,360.000000,631,3.264840,PI,FIFO,true,PI_FIFO,356.735160
11.250017,-1,15,9999.097000,16.628000,356.294537,358.327337,360.000000,633,3.705463,PI,FIFO,true,PI_FIFO,356.294537
11.260025,-1,15,10008.391000,25.019000,361.172262,358.754075,360.000000,625,-1.172262,PI,FIFO,true,PI_FIFO,361.172262
11.270017,-1,15,9992.394000,17.413000,361.722651,359.199362,360.000000,623,-1.722651,PI,FIFO,true,PI_FIFO,361.722651
11.280018,-1,15,10000.818000,18.231000,364.583333,360.006957,360.000000,617,-4.583333,PI,FIFO,true,PI_FIFO,364.583333
11.290026,-1,15,10007.410000,25.641000,361.969112,360.301281,360.000000,620,-1.969112,PI,FIFO,true,PI_FIFO,361.969112
11.300019,-1,15,9993.412000,19.053000,361.318088,360.453802,360.000000,620,-1.318088,PI,FIFO,true,PI_FIFO,361.318088
11.310018,-1,15,9998.504000,17.557000,358.337315,360.136329,360.000000,626,1.662685,PI,FIFO,true,PI_FIFO,358.337315
11.320018,-1,15,10000.540000,18.097000,361.503856,360.341458,360.000000,620,-1.503856,PI,FIFO,true,PI_FIFO,361.503856
11.330017,-1,15,9998.874000,16.971000,360.230548,360.324821,360.000000,622,-0.230548,PI,FIFO,true,PI_FIFO,360.230548
11.340018,-1,14,10000.708000,17.679000,364.785992,360.993997,360.000000,613,-4.785992,PI,FIFO,true,PI_FIFO,364.785992
11.350014,-1,14,9996.374000,14.053000,363.748060,361.407106,360.000000,613,-3.748060,PI,FIFO,true,PI_FIFO,363.748060
11.360051,-1,15,10036.664000,50.717000,361.969112,361.491407,360.000000,615,-1.969112,PI,FIFO,true,PI_FIFO,361.969112
11.370036,-1,15,9985.469000,36.186000,357.824427,360.941360,360.000000,622,2.175573,PI,FIFO,true,PI_FIFO,357.824427
11.380019,-1,15,9982.599000,18.785000,354.729730,360.009616,360.000000,629,5.270270,PI,FIFO,true,PI_FIFO,354.729730
11.390015,-1,15,9995.801000,14.586000,354.945575,359.250010,360.000000,631,5.054425,PI,FIFO,true,PI_FIFO,354.945575
11.400018,-1,15,10003.392000,17.978000,353.773585,358.428546,360.000000,636,6.226415,PI,FIFO,true,PI_FIFO,353.773585
11.410018,-1,15,10000.041000,18.019000,356.803045,358.184721,360.000000,632,3.196955,PI,FIFO,true,PI_FIFO,356.803045
11.420018,-1,15,9999.799000,17.818000,359.287174,358.350089,360.000000,629,0.712826,PI,FIFO,true,PI_FIFO,359.287174
11.430017,-1,15,9999.486000,17.304000,364.254492,359.235749,360.000000,619,-4.254492,PI,FIFO,true,PI_FIFO,364.254492
11.440018,-1,15,10000.781000,18.085000,362.435567,359.715722,360.000000,621,-2.435567,PI,FIFO,true,PI_FIFO,362.435567
11.450017,-1,15,9999.374000,17.459000,362.493958,360.132457,360.000000,620,-2.493958,PI,FIFO,true,PI_FIFO,362.493958
11.460029,-1,15,10012.039000,29.498000,360.403652,360.173137,360.000000,623,-0.403652,PI,FIFO,true,PI_FIFO,360.403652
11.470014,-1,15,9984.561000,14.059000,361.875965,360.428561,360.000000,620,-1.875965,PI,FIFO,true,PI_FIFO,361.875965
11.480017,-1,15,10003.281000,17.340000,358.680057,360.166285,360.000000,625,1.319943,PI,FIFO,true,PI_FIFO,358.680057
11.490018,-1,15,10000.226000,17.566000,361.969112,360.436709,360.000000,619,-1.969112,PI,FIFO,true,PI_FIFO,361.969112
11.500018,-1,15,10000.244000,17.810000,360.903533,360.506733,360.000000,621,-0.903533,PI,FIFO,true,PI_FIFO,360.903533
11.510017,-1,14,9999.652000,17.462000,365.598886,361.270556,360.000000,611,-5.598886,PI,FIFO,true,PI_FIFO,365.598886
11.520017,-1,15,9999.874000,17.336000,361.271676,361.270724,360.000000,617,-1.271676,PI,FIFO,true,PI_FIFO,361.271676
11.530017,-1,14,9999.615000,16.951000,362.809598,361.501555,360.000000,614,-2.809598,PI,FIFO,true,PI_FIFO,362.809598
11.540018,-1,15,10000.892000,17.843000,357.653791,360.924390,360.000000,623,2.346209,PI,FIFO,true,PI_FIFO,357.653791
11.550017,-1,15,9999.393000,17.236000,357.045702,360.342587,360.000000,625,2.954298,PI,FIFO,true,PI_FIFO,357.045702
11.560029,-1,15,10011.557000,28.793000,354.777673,359.507850,360.000000,631,5.222327,PI,FIFO,true,PI_FIFO,354.777673
11.570017,-1,15,9988.524000,17.317000,357.278963,359.173517,360.000000,628,2.721037,PI,FIFO,true,PI_FIFO,357.278963
11.580017,-1,15,9999.985000,17.302000,355.113636,358.564535,360.000000,633,4.886364,PI,FIFO,true,PI_FIFO,355.113636
11.590017,-1,15,9999.948000,17.250000,358.019640,358.482801,360.000000,630,1.980360,PI,FIFO,true,PI_FIFO,358.019640
11.600017,-1,15,10000.245000,17.495000,363.372093,359.216194,360.000000,620,-3.372093,PI,FIFO,true,PI_FIFO,363.372093
11.610018,-1,15,10000.373000,17.868000,363.206472,359.814736,360.000000,619,-3.206472,PI,FIFO,true,PI_FIFO,363.206472
11.620018,-1,15,10000.041000,17.909000,361.570248,360.078063,360.000000,621,-1.570248,PI,FIFO,true,PI_FIFO,361.570248
11.630017,-1,15,9999.208000,17.117000,359.712230,360.023188,360.000000,624,0.287770,PI,FIFO,true,PI_FIFO,359.712230
11.640017,-1,15,10000.299000,17.416000,360.576923,360.106248,360.000000,622,-0.576923,PI,FIFO,true,PI_FIFO,360.576923
11.650017,-1,15,9999.449000,16.865000,359.539789,360.021279,360.000000,624,0.460211,PI,FIFO,true,PI_FIFO,359.539789
11.660027,-1,15,10010.631000,27.496000,359.786184,359.986015,360.000000,624,0.213816,PI,FIFO,true,PI_FIFO,359.786184
11.670024,-1,15,9996.930000,24.426000,363.041002,360.444263,360.000000,617,-3.041002,PI,FIFO,true,PI_FIFO,363.041002
11.680018,-1,14,9993.968000,18.394000,367.235590,361.462962,360.000000,608,-7.235590,PI,FIFO,true,PI_FIFO,367.235590
11.690017,-1,15,9998.670000,17.064000,361.230734,361.428128,360.000000,617,-1.230734,PI,FIFO,true,PI_FIFO,361.230734
11.700018,-1,15,10001.374000,18.438000,360.181120,361.241077,360.000000,618,-0.181120,PI,FIFO,true,PI_FIFO,360.181120
11.710017,-1,15,9998.967000,17.405000,356.125356,360.473719,360.000000,626,3.874644,PI,FIFO,true,PI_FIFO,356.125356
11.720018,-1,15,10000.207000,17.612000,356.270358,359.843215,360.000000,627,3.729642,PI,FIFO,true,PI_FIFO,356.270358
11.730017,-1,15,9999.300000,16.912000,353.440151,358.882755,360.000000,635,6.559849,PI,FIFO,true,PI_FIFO,353.440151
11.740018,-1,15,10000.726000,17.638000,356.554260,358.533481,360.000000,631,3.445740,PI,FIFO,true,PI_FIFO,356.554260
11.750017,-1,15,9999.763000,17.401000,357.483317,358.375956,360.000000,631,2.516683,PI,FIFO,true,PI_FIFO,357.483317
11.760021,-1,15,10003.132000,20.533000,360.775151,358.735835,360.000000,625,-0.775151,PI,FIFO,true,PI_FIFO,360.775151
11.770017,-1,15,9996.967000,17.500000,362.143892,359.247044,360.000000,622,-2.143892,PI,FIFO,true,PI_FIFO,362.143892
11.780018,-1,15,10000.004000,17.504000,363.703788,359.915556,360.000000,618,-3.703788,PI,FIFO,true,PI_FIFO,363.703788
11.790014,-1,15,9996.763000,14.267000,360.973597,360.074262,360.000000,622,-0.973597,PI,FIFO,true,PI_FIFO,360.973597
11.800018,-1,15,10004.022000,18.289000,361.097737,360.227783,360.000000,621,-1.097737,PI,FIFO,true,PI_FIFO,361.097737
11.810017,-1,15,9998.707000,16.996000,359.838792,360.169435,360.000000,623,0.161208,PI,FIFO,true,PI_FIFO,359.838792
11.820031,-1,15,10013.779000,30.775000,362.318841,360.491845,360.000000,619,-2.318841,PI,FIFO,true,PI_FIFO,362.318841
11.830019,-1,15,9987.895000,18.670000,359.287174,360.311145,360.000000,624,0.712826,PI,FIFO,true,PI_FIFO,359.287174
11.840030,-1,15,10011.094000,29.764000,363.372093,360.770287,360.000000,616,-3.372093,PI,FIFO,true,PI_FIFO,363.372093
11.850018,-1,14,9988.135000,17.899000,363.936335,361.245194,360.000000,613,-3.936335,PI,FIFO,true,PI_FIFO,363.936335
11.860028,-1,14,10010.539000,28.438000,363.196126,361.537834,360.000000,613,-3.196126,PI,FIFO,true,PI_FIFO,363.196126
11.870019,-1,15,9990.450000,18.888000,358.410705,361.068765,360.000000,621,1.589295,PI,FIFO,true,PI_FIFO,358.410705
11.880018,-1,15,9999.133000,18.021000,356.633381,360.403457,360.000000,626,3.366619,PI,FIFO,true,PI_FIFO,356.633381
11.890017,-1,15,9999.115000,17.136000,355.652504,359.690814,360.000000,629,4.347496,PI,FIFO,true,PI_FIFO,355.652504
11.900018,-1,15,10000.430000,17.566000,354.609929,358.928681,360.000000,633,5.390071,PI,FIFO,true,PI_FIFO,354.609929
11.910014,-1,15,9996.615000,14.181000,355.498375,358.414135,360.000000,633,4.501625,PI,FIFO,true,PI_FIFO,355.498375
11.920018,-1,15,10003.614000,17.795000,357.313006,358.248966,360.000000,631,2.686994,PI,FIFO,true,PI_FIFO,357.313006
11.930018,-1,15,10000.152000,17.947000,364.502333,359.186971,360.000000,618,-4.502333,PI,FIFO,true,PI_FIFO,364.502333
11.940018,-1,15,10000.300000,18.247000,361.271676,359.499677,360.000000,623,-1.271676,PI,FIFO,true,PI_FIFO,361.271676
11.950018,-1,15,9999.429000,17.676000,362.844702,360.001431,360.000000,619,-2.844702,PI,FIFO,true,PI_FIFO,362.844702
11.960028,-1,15,10010.780000,28.456000,360.181120,360.028384,360.000000,623,-0.181120,PI,FIFO,true,PI_FIFO,360.181120
11.970018,-1,15,9989.302000,17.758000,360.903533,360.159656,360.000000,622,-0.903533,PI,FIFO,true,PI_FIFO,360.903533
11.980018,-1,15,9999.892000,17.650000,356.077048,359.547265,360.000000,631,3.922952,PI,FIFO,true,PI_FIFO,356.077048
11.990033,-1,15,10015.705000,33.355000,361.969112,359.910542,360.000000,621,-1.969112,PI,FIFO,true,PI_FIFO,361.969112
12.000019,-1,15,9985.765000,19.120000,362.622486,360.317334,360.000000,619,-2.622486,PI,FIFO,true,PI_FIFO,362.622486
12.010017,-1,14,9998.060000,17.180000,366.032211,361.174565,360.000000,611,-6.032211,PI,FIFO,true,PI_FIFO,366.032211
12.020018,-1,15,10000.707000,17.887000,362.062307,361.307726,360.000000,616,-2.062307,PI,FIFO,true,PI_FIFO,362.062307
12.030029,-1,14,10010.853000,28.740000,362.844702,361.538273,360.000000,614,-2.844702,PI,FIFO,true,PI_FIFO,362.844702
12.040019,-1,15,9989.987000,18.727000,356.373543,360.763563,360.000000,626,3.626457,PI,FIFO,true,PI_FIFO,356.373543
12.050018,-1,15,9998.837000,17.564000,356.463878,360.118611,360.000000,627,3.536122,PI,FIFO,true,PI_FIFO,356.463878
12.060032,-1,15,10014.704000,32.268000,355.113636,359.367864,360.000000,631,4.886364,PI,FIFO,true,PI_FIFO,355.113636
12.070025,-1,15,9992.486000,24.754000,357.097511,359.027312,360.000000,629,2.902489,PI,FIFO,true,PI_FIFO,357.097511
12.080019,-1,15,9993.857000,18.611000,355.450237,358.490750,360.000000,634,4.549763,PI,FIFO,true,PI_FIFO,355.450237
12.090018,-1,15,9999.003000,17.614000,358.606557,358.508121,360.000000,629,1.393443,PI,FIFO,true,PI_FIFO,358.606557
12.100018,-1,15,10000.189000,17.803000,362.493958,359.105997,360.000000,622,-2.493958,PI,FIFO,true,PI_FIFO,362.493958
12.110017,-1,15,9998.911000,16.714000,364.202468,359.870468,360.000000,618,-4.202468,PI,FIFO,true,PI_FIFO,364.202468
12.120018,-1,15,10001.058000,17.772000,359.392114,359.798715,360.000000,626,0.607886,PI,FIFO,true,PI_FIFO,359.392114
12.130017,-1,15,9999.133000,16.905000,361.620058,360.071916,360.000000,621,-1.620058,PI,FIFO,true,PI_FIFO,361.620058
12.140018,-1,15,10001.004000,17.909000,361.318088,360.258842,360.000000,621,-1.318088,PI,FIFO,true,PI_FIFO,361.318088
12.150017,-1,15,9999.503000,17.412000,359.539789,360.150984,360.000000,624,0.460211,PI,FIFO,true,PI_FIFO,359.539789
12.160029,-1,15,10011.113000,28.525000,360.775151,360.244609,360.000000,622,-0.775151,PI,FIFO,true,PI_FIFO,360.775151
12.170017,-1,15,9988.005000,16.530000,361.886921,360.490956,360.000000,619,-1.886921,PI,FIFO,true,PI_FIFO,361.886921
12.180022,-1,14,10005.521000,22.051000,366.210938,361.348953,360.000000,610,-6.210938,PI,FIFO,true,PI_FIFO,366.210938
12.190015,-1,15,9993.116000,15.167000,361.620058,361.389619,360.000000,617,-1.620058,PI,FIFO,true,PI_FIFO,361.620058
12.200018,-1,15,10002.614000,17.781000,361.172262,361.357015,360.000000,617,-1.172262,PI,FIFO,true,PI_FIFO,361.172262
12.210017,-1,15,9999.633000,17.414000,357.483317,360.775961,360.000000,624,2.516683,PI,FIFO,true,PI_FIFO,357.483317
12.220018,-1,15,10000.559000,17.973000,356.554260,360.142705,360.000000,627,3.445740,PI,FIFO,true,PI_FIFO,356.554260
12.230025,-1,15,10007.502000,25.475000,352.775165,359.037574,360.000000,635,7.224835,PI,FIFO,true,PI_FIFO,352.775165
12.240022,-1,15,9996.781000,22.256000,357.240065,358.767948,360.000000,630,2.759935,PI,FIFO,true,PI_FIFO,357.240065
12.250022,-1,15,9999.707000,21.963000,357.483317,358.575253,360.000000,630,2.516683,PI,FIFO,true,PI_FIFO,357.483317
12.260033,-1,15,10010.650000,32.613000,361.875965,359.070360,360.000000,623,-1.875965,PI,FIFO,true,PI_FIFO,361.875965
12.270022,-1,15,9988.894000,21.507000,360.576923,359.296345,360.000000,624,-0.576923,PI,FIFO,true,PI_FIFO,360.576923
12.280021,-1,15,9999.374000,20.881000,363.936335,359.992343,360.000000,618,-3.936335,PI,FIFO,true,PI_FIFO,363.936335
12.290021,-1,15,10000.429000,21.310000,359.539789,359.924460,360.000000,625,0.460211,PI,FIFO,true,PI_FIFO,359.539789
12.300021,-1,15,10000.078000,21.388000,360.775151,360.052064,360.000000,622,-0.775151,PI,FIFO,true,PI_FIFO,360.775151
12.310019,-1,15,9997.392000,18.780000,357.985175,359.742030,360.000000,628,2.014825,PI,FIFO,true,PI_FIFO,357.985175
12.320018,-1,15,9999.430000,18.210000,363.372093,360.286540,360.000000,618,-3.372093,PI,FIFO,true,PI_FIFO,363.372093
12.330017,-1,15,9998.763000,16.973000,360.403652,360.304107,360.000000,622,-0.403652,PI,FIFO,true,PI_FIFO,360.403652
12.340018,-1,15,10000.558000,17.531000,364.124806,360.877212,360.000000,615,-4.124806,PI,FIFO,true,PI_FIFO,364.124806
12.350015,-1,14,9997.282000,14.813000,364.254492,361.383804,360.000000,613,-4.254492,PI,FIFO,true,PI_FIFO,364.254492
12.360027,-1,15,10012.298000,27.111000,362.248841,361.513559,360.000000,615,-2.248841,PI,FIFO,true,PI_FIFO,362.248841
12.370018,-1,15,9990.486000,17.597000,358.851675,361.114277,360.000000,621,1.148325,PI,FIFO,true,PI_FIFO,358.851675
12.380018,-1,15,10000.152000,17.749000,356.077048,360.358692,360.000000,627,3.922952,PI,FIFO,true,PI_FIFO,356.077048
12.390017,-1,15,9999.207000,16.956000,356.463878,359.774470,360.000000,628,3.536122,PI,FIFO,true,PI_FIFO,356.463878
12.400018,-1,15,10000.873000,17.829000,354.934377,359.048456,360.000000,632,5.065623,PI,FIFO,true,PI_FIFO,354.934377
12.410014,-1,15,9996.634000,14.463000,355.652504,358.539063,360.000000,633,4.347496,PI,FIFO,true,PI_FIFO,355.652504
12.420017,-1,15,10002.818000,17.281000,357.503365,358.383709,360.000000,631,2.496635,PI,FIFO,true,PI_FIFO,357.503365
12.430014,-1,15,9996.615000,13.896000,364.583333,359.313652,360.000000,618,-4.583333,PI,FIFO,true,PI_FIFO,364.583333
12.440017,-1,15,10003.354000,17.250000,361.445783,359.633472,360.000000,622,-1.445783,PI,FIFO,true,PI_FIFO,361.445783
12.450017,-1,15,9999.763000,17.013000,363.559979,360.222448,360.000000,617,-3.559979,PI,FIFO,true,PI_FIFO,363.559979
12.460026,-1,15,10009.131000,26.144000,360.057609,360.197722,360.000000,623,-0.057609,PI,FIFO,true,PI_FIFO,360.057609
12.470017,-1,15,9990.987000,17.131000,361.503856,360.393642,360.000000,620,-1.503856,PI,FIFO,true,PI_FIFO,361.503856
12.480017,-1,15,10000.188000,17.319000,357.483317,359.957094,360.000000,627,2.516683,PI,FIFO,true,PI_FIFO,357.483317
12.490016,-1,15,9999.041000,16.360000,361.570248,360.199067,360.000000,620,-1.570248,PI,FIFO,true,PI_FIFO,361.570248
12.500018,-1,15,10001.355000,17.715000,361.097737,360.333867,360.000000,621,-1.097737,PI,FIFO,true,PI_FIFO,361.097737
12.510017,-1,14,9999.022000,16.737000,365.639626,361.129731,360.000000,611,-5.639626,PI,FIFO,true,PI_FIFO,365.639626
12.520017,-1,15,10000.633000,17.370000,362.318841,361.308097,360.000000,615,-2.318841,PI,FIFO,true,PI_FIFO,362.318841
12.530017,-1,14,9999.836000,17.206000,362.435567,361.477218,360.000000,614,-2.435567,PI,FIFO,true,PI_FIFO,362.435567
12.540017,-1,15,9999.837000,17.043000,356.463878,360.725217,360.000000,625,3.536122,PI,FIFO,true,PI_FIFO,356.463878
12.550017,-1,15,10000.207000,17.250000,354.729730,359.825894,360.000000,630,5.270270,PI,FIFO,true,PI_FIFO,354.729730
12.560027,-1,15,10010.057000,27.307000,352.941176,358.793186,360.000000,636,7.058824,PI,FIFO,true,PI_FIFO,352.941176
12.570017,-1,15,9990.042000,17.349000,356.972870,358.520139,360.000000,630,3.027130,PI,FIFO,true,PI_FIFO,356.972870
12.580017,-1,15,9999.652000,17.001000,356.851550,358.269850,360.000000,632,3.148450,PI,FIFO,true,PI_FIFO,356.851550
12.590017,-1,15,10000.022000,17.023000,360.088116,358.542590,360.000000,627,-0.088116,PI,FIFO,true,PI_FIFO,360.088116
12.600017,-1,15,10000.466000,17.489000,362.970133,359.206722,360.000000,621,-2.970133,PI,FIFO,true,PI_FIFO,362.970133
12.610017,-1,15,9999.411000,16.900000,363.724539,359.884394,360.000000,618,-3.724539,PI,FIFO,true,PI_FIFO,363.724539
12.620017,-1,15,10000.596000,17.496000,360.947125,360.043804,360.000000,622,-0.947125,PI,FIFO,true,PI_FIFO,360.947125
12.630017,-1,15,9999.503000,16.999000,360.923965,360.175828,360.000000,622,-0.923965,PI,FIFO,true,PI_FIFO,360.923965
12.640018,-1,15,10000.652000,17.651000,362.062307,360.458800,360.000000,619,-2.062307,PI,FIFO,true,PI_FIFO,362.062307
12.650017,-1,15,9999.022000,16.673000,359.539789,360.320948,360.000000,624,0.460211,PI,FIFO,true,PI_FIFO,359.539789
12.660027,-1,15,10010.761000,27.434000,360.181120,360.299974,360.000000,622,-0.181120,PI,FIFO,true,PI_FIFO,360.181120
12.670018,-1,15,9990.079000,17.513000,362.545496,360.636802,360.000000,618,-2.545496,PI,FIFO,true,PI_FIFO,362.545496
12.680018,-1,14,10000.207000,17.720000,367.167102,361.616347,360.000000,608,-7.167102,PI,FIFO,true,PI_FIFO,367.167102
12.690026,-1,15,10008.576000,26.296000,361.097737,361.538556,360.000000,617,-1.097737,PI,FIFO,true,PI_FIFO,361.097737
12.700019,-1,15,9992.338000,18.634000,361.172262,361.483612,360.000000,616,-1.172262,PI,FIFO,true,PI_FIFO,361.172262
12.710017,-1,15,9998.318000,16.952000,356.972870,360.807000,360.000000,624,3.027130,PI,FIFO,true,PI_FIFO,356.972870
12.720018,-1,15,10000.948000,17.900000,357.142857,360.257379,360.000000,625,2.857143,PI,FIFO,true,PI_FIFO,357.142857
12.730014,-1,15,9996.245000,14.145000,352.443609,359.085313,360.000000,635,7.556391,PI,FIFO,true,PI_FIFO,352.443609
12.740018,-1,15,10003.576000,17.721000,356.125356,358.641320,360.000000,631,3.874644,PI,FIFO,true,PI_FIFO,356.125356
12.750017,-1,15,9998.967000,16.688000,356.012658,358.247021,360.000000,633,3.987342,PI,FIFO,true,PI_FIFO,356.012658
12.760048,-1,15,10030.850000,47.538000,360.973597,358.656007,360.000000,625,-0.973597,PI,FIFO,true,PI_FIFO,360.973597
12.770026,-1,15,9978.451000,25.989000,362.380628,359.214700,360.000000,621,-2.380628,PI,FIFO,true,PI_FIFO,362.380628
12.780018,-1,15,9992.357000,18.346000,364.380900,359.989630,360.000000,617,-4.380900,PI,FIFO,true,PI_FIFO,364.380900
12.790018,-1,15,9999.226000,17.572000,360.740154,360.102209,360.000000,622,-0.740154,PI,FIFO,true,PI_FIFO,360.740154
12.800018,-1,15,10000.262000,17.834000,361.969112,360.382244,360.000000,619,-1.969112,PI,FIFO,true,PI_FIFO,361.969112
12.810017,-1,15,9999.115000,16.949000,358.166189,360.049836,360.000000,626,1.833811,PI,FIFO,true,PI_FIFO,358.166189
12.820021,-1,15,10004.058000,21.007000,361.318088,360.240074,360.000000,620,-1.318088,PI,FIFO,true,PI_FIFO,361.318088
12.830015,-1,15,9993.523000,14.530000,360.403652,360.264611,360.000000,622,-0.403652,PI,FIFO,true,PI_FIFO,360.403652
12.840019,-1,14,10004.132000,18.662000,364.785992,360.942818,360.000000,613,-4.785992,PI,FIFO,true,PI_FIFO,364.785992
12.850014,-1,14,9995.134000,13.796000,363.372093,361.307209,360.000000,614,-3.372093,PI,FIFO,true,PI_FIFO,363.372093
12.860025,-1,14,10011.261000,25.057000,362.844702,361.537833,360.000000,613,-2.844702,PI,FIFO,true,PI_FIFO,362.844702
12.870014,-1,15,9989.023000,14.080000,357.460600,360.926248,360.000000,623,2.539400,PI,FIFO,true,PI_FIFO,357.460600
12.880018,-1,15,10003.670000,17.750000,356.125356,360.206114,360.000000,627,3.874644,PI,FIFO,true,PI_FIFO,356.125356
12.890017,-1,15,9999.281000,17.031000,356.077048,359.586754,360.000000,628,3.922952,PI,FIFO,true,PI_FIFO,356.077048
12.900018,-1,15,10000.966000,17.997000,355.618777,358.991558,360.000000,631,4.381223,PI,FIFO,true,PI_FIFO,355.618777
12.910018,-1,15,9999.615000,17.612000,355.883948,358.525416,360.000000,632,4.116052,PI,FIFO,true,PI_FIFO,355.883948
12.920018,-1,15,9999.985000,17.597000,357.995227,358.445888,360.000000,630,2.004773,PI,FIFO,true,PI_FIFO,357.995227
12.930018,-1,15,9999.985000,17.582000,364.502333,359.354355,360.000000,617,-4.502333,PI,FIFO,true,PI_FIFO,364.502333
12.940018,-1,15,10000.003000,17.585000,361.794501,359.720377,360.000000,621,-1.794501,PI,FIFO,true,PI_FIFO,361.794501
12.950017,-1,15,9999.596000,17.181000,362.062307,360.071666,360.000000,620,-2.062307,PI,FIFO,true,PI_FIFO,362.062307
12.960027,-1,15,10009.354000,26.535000,360.057609,360.069558,360.000000,623,-0.057609,PI,FIFO,true,PI_FIFO,360.057609
12.970018,-1,15,9991.060000,17.595000,361.318088,360.256837,360.000000,620,-1.318088,PI,FIFO,true,PI_FIFO,361.318088
12.980018,-1,15,10000.225000,17.820000,357.824427,359.891976,360.000000,627,2.175573,PI,FIFO,true,PI_FIFO,357.824427
12.990017,-1,15,9999.152000,16.972000,361.172262,360.084019,360.000000,621,-1.172262,PI,FIFO,true,PI_FIFO,361.172262
13.000018,-1,15,10001.355000,18.327000,360.576923,360.157954,360.000000,622,-0.576923,PI,FIFO,true,PI_FIFO,360.576923
13.010018,-1,14,9999.522000,17.849000,365.259740,360.923222,360.000000,612,-5.259740,PI,FIFO,true,PI_FIFO,365.259740
13.020018,-1,15,10000.392000,18.241000,362.669246,361.185126,360.000000,615,-2.669246,PI,FIFO,true,PI_FIFO,362.669246
13.030017,-1,14,9999.133000,17.374000,362.669246,361.407744,360.000000,614,-2.669246,PI,FIFO,true,PI_FIFO,362.669246
13.040018,-1,15,10000.485000,17.859000,357.460600,360.815672,360.000000,623,2.539400,PI,FIFO,true,PI_FIFO,357.460600
13.050024,-1,15,10006.465000,24.324000,356.294537,360.137502,360.000000,627,3.705463,PI,FIFO,true,PI_FIFO,356.294537
13.060029,-1,15,10005.002000,29.326000,353.964401,359.211537,360.000000,633,6.035599,PI,FIFO,true,PI_FIFO,353.964401
13.070017,-1,15,9987.987000,17.313000,356.294537,358.773987,360.000000,631,3.705463,PI,FIFO,true,PI_FIFO,356.294537
13.080018,-1,15,10000.503000,17.816000,355.691057,358.311547,360.000000,633,4.308943,PI,FIFO,true,PI_FIFO,355.691057
13.090017,-1,15,9999.299000,17.115000,360.230548,358.599397,360.000000,626,-0.230548,PI,FIFO,true,PI_FIFO,360.230548
13.100018,-1,15,10000.540000,17.655000,362.996902,359.259023,360.000000,621,-2.996902,PI,FIFO,true,PI_FIFO,362.996902
13.110017,-1,15,9999.429000,17.084000,363.196126,359.849589,360.000000,619,-3.196126,PI,FIFO,true,PI_FIFO,363.196126
13.120018,-1,15,10000.707000,17.791000,360.947125,360.014219,360.000000,622,-0.947125,PI,FIFO,true,PI_FIFO,360.947125
13.130017,-1,15,9999.411000,17.202000,360.057609,360.020728,360.000000,623,-0.057609,PI,FIFO,true,PI_FIFO,360.057609
13.140018,-1,15,10000.855000,18.057000,359.838792,359.993437,360.000000,624,0.161208,PI,FIFO,true,PI_FIFO,359.838792
13.150017,-1,15,9999.114000,17.171000,359.884837,359.977147,360.000000,624,0.115163,PI,FIFO,true,PI_FIFO,359.884837
13.160019,-1,15,10001.762000,18.933000,359.983544,359.978107,360.000000,624,0.016456,PI,FIFO,true,PI_FIFO,359.983544
13.170014,-1,15,9995.097000,14.030000,363.372093,360.487205,360.000000,617,-3.372093,PI,FIFO,true,PI_FIFO,363.372093
13.180017,-1,14,10003.317000,17.347000,365.874656,361.295322,360.000000,611,-5.874656,PI,FIFO,true,PI_FIFO,365.874656
13.190014,-1,15,9996.763000,14.110000,361.769570,361.366459,360.000000,616,-1.769570,PI,FIFO,true,PI_FIFO,361.769570
13.200018,-1,15,10004.021000,18.131000,360.576923,361.248029,360.000000,618,-0.576923,PI,FIFO,true,PI_FIFO,360.576923
13.210017,-1,15,9999.077000,17.208000,356.657609,360.559466,360.000000,625,3.342391,PI,FIFO,true,PI_FIFO,356.657609
13.220018,-1,15,10000.651000,17.859000,357.142857,360.046975,360.000000,626,2.857143,PI,FIFO,true,PI_FIFO,357.142857
13.230017,-1,15,9999.430000,17.289000,353.582974,359.077375,360.000000,634,6.417026,PI,FIFO,true,PI_FIFO,353.582974
13.240017,-1,15,10000.151000,17.440000,356.633381,358.710775,360.000000,631,3.366619,PI,FIFO,true,PI_FIFO,356.633381
13.250017,-1,15,9999.558000,16.998000,356.077048,358.315716,360.000000,633,3.922952,PI,FIFO,true,PI_FIFO,356.077048
13.260027,-1,15,10010.243000,27.241000,362.051340,358.876060,360.000000,623,-2.051340,PI,FIFO,true,PI_FIFO,362.051340
13.270017,-1,15,9989.893000,17.134000,360.775151,359.160924,360.000000,625,-0.775151,PI,FIFO,true,PI_FIFO,360.775151
13.280018,-1,15,10000.651000,17.785000,364.608653,359.978083,360.000000,617,-4.608653,PI,FIFO,true,PI_FIFO,364.608653
13.290017,-1,15,9999.263000,17.048000,360.576923,360.067909,360.000000,623,-0.576923,PI,FIFO,true,PI_FIFO,360.576923
13.300017,-1,15,10000.447000,17.495000,362.318841,360.405549,360.000000,619,-2.318841,PI,FIFO,true,PI_FIFO,362.318841
13.310018,-1,15,10000.244000,17.739000,358.920368,360.182772,360.000000,625,1.079632,PI,FIFO,true,PI_FIFO,358.920368
13.320018,-1,15,9999.837000,17.576000,361.445783,360.372223,360.000000,620,-1.445783,PI,FIFO,true,PI_FIFO,361.445783
13.330017,-1,15,9999.799000,17.375000,360.057609,360.325031,360.000000,623,-0.057609,PI,FIFO,true,PI_FIFO,360.057609
13.340017,-1,14,10000.022000,17.397000,364.502333,360.951626,360.000000,614,-4.502333,PI,FIFO,true,PI_FIFO,364.502333
13.350017,-1,14,9999.429000,16.826000,363.724539,361.367563,360.000000,613,-3.724539,PI,FIFO,true,PI_FIFO,363.724539
13.360027,-1,14,10010.113000,26.939000,364.502333,361.837779,360.000000,610,-4.502333,PI,FIFO,true,PI_FIFO,364.502333
13.370017,-1,15,9990.375000,17.314000,357.995227,361.261396,360.000000,621,2.004773,PI,FIFO,true,PI_FIFO,357.995227
13.380018,-1,15,10000.780000,18.094000,355.498375,360.396943,360.000000,627,4.501625,PI,FIFO,true,PI_FIFO,355.498375
13.390027,-1,15,10009.335000,27.429000,355.450237,359.654937,360.000000,629,4.549763,PI,FIFO,true,PI_FIFO,355.450237
13.400019,-1,15,9991.375000,18.804000,354.729730,358.916156,360.000000,632,5.270270,PI,FIFO,true,PI_FIFO,354.729730
13.410017,-1,15,9998.615000,17.419000,356.463878,358.548314,360.000000,631,3.536122,PI,FIFO,true,PI_FIFO,356.463878
13.420018,-1,15,10000.651000,18.070000,358.737245,358.576654,360.000000,628,1.262755,PI,FIFO,true,PI_FIFO,358.737245
13.430017,-1,15,9999.170000,17.240000,364.254492,359.428330,360.000000,618,-4.254492,PI,FIFO,true,PI_FIFO,364.254492
13.440018,-1,15,10000.947000,18.187000,362.062307,359.823426,360.000000,620,-2.062307,PI,FIFO,true,PI_FIFO,362.062307
13.450018,-1,15,9999.892000,18.079000,361.445783,360.066780,360.000000,621,-1.445783,PI,FIFO,true,PI_FIFO,361.445783
13.460040,-1,15,10022.037000,40.116000,360.023041,360.060219,360.000000,623,-0.023041,PI,FIFO,true,PI_FIFO,360.023041
13.470036,-1,15,9996.077000,36.193000,360.230548,360.085768,360.000000,622,-0.230548,PI,FIFO,true,PI_FIFO,360.230548
13.480020,-1,15,9983.525000,19.718000,356.851550,359.600636,360.000000,629,3.148450,PI,FIFO,true,PI_FIFO,356.851550
13.490018,-1,15,9997.874000,17.592000,362.051340,359.968241,360.000000,620,-2.051340,PI,FIFO,true,PI_FIFO,362.051340
13.500018,-1,15,10000.540000,18.132000,362.168874,360.298336,360.000000,619,-2.168874,PI,FIFO,true,PI_FIFO,362.168874
13.510014,-1,14,9996.152000,14.284000,366.210938,361.185226,360.000000,610,-6.210938,PI,FIFO,true,PI_FIFO,366.210938
13.520018,-1,15,10003.780000,18.064000,361.172262,361.183282,360.000000,617,-1.172262,PI,FIFO,true,PI_FIFO,361.172262
13.530018,-1,14,9999.781000,17.845000,362.844702,361.432495,360.000000,614,-2.844702,PI,FIFO,true,PI_FIFO,362.844702
13.540018,-1,15,10000.114000,17.959000,358.920368,361.055676,360.000000,620,1.079632,PI,FIFO,true,PI_FIFO,358.920368
13.550017,-1,15,9999.429000,17.388000,356.463878,360.366906,360.000000,626,3.536122,PI,FIFO,true,PI_FIFO,356.463878
13.560030,-1,15,10012.538000,29.926000,354.729730,359.521330,360.000000,630,5.270270,PI,FIFO,true,PI_FIFO,354.729730
13.570018,-1,15,9988.172000,18.098000,357.313006,359.190081,360.000000,627,2.686994,PI,FIFO,true,PI_FIFO,357.313006
13.580018,-1,15,10000.207000,18.305000,355.832490,358.686442,360.000000,632,4.167510,PI,FIFO,true,PI_FIFO,355.832490
13.590017,-1,15,9999.059000,17.364000,359.539789,358.814444,360.000000,626,0.460211,PI,FIFO,true,PI_FIFO,359.539789
13.600018,-1,15,10000.669000,18.033000,362.769486,359.407701,360.000000,620,-2.769486,PI,FIFO,true,PI_FIFO,362.769486
13.610018,-1,15,9999.485000,17.518000,363.869863,360.077025,360.000000,616,-3.869863,PI,FIFO,true,PI_FIFO,363.869863
13.620018,-1,15,10000.447000,17.965000,359.589041,360.003827,360.000000,623,0.410959,PI,FIFO,true,PI_FIFO,359.589041
13.630017,-1,15,9999.263000,17.228000,360.576923,360.089792,360.000000,621,-0.576923,PI,FIFO,true,PI_FIFO,360.576923
13.640018,-1,15,10000.484000,17.712000,360.947125,360.218392,360.000000,621,-0.947125,PI,FIFO,true,PI_FIFO,360.947125
13.650014,-1,15,9996.078000,13.790000,359.023456,360.039151,360.000000,624,0.976544,PI,FIFO,true,PI_FIFO,359.023456
13.660027,-1,15,10013.131000,26.921000,360.057609,360.041920,360.000000,622,-0.057609,PI,FIFO,true,PI_FIFO,360.057609
13.670014,-1,15,9987.283000,14.204000,362.622486,360.429005,360.000000,617,-2.622486,PI,FIFO,true,PI_FIFO,362.622486
13.680018,-1,14,10003.576000,17.780000,367.107195,361.430734,360.000000,607,-7.107195,PI,FIFO,true,PI_FIFO,367.107195
13.690014,-1,15,9996.541000,14.321000,361.503856,361.441702,360.000000,615,-1.503856,PI,FIFO,true,PI_FIFO,361.503856
13.700018,-1,15,10003.207000,17.528000,359.712230,361.182281,360.000000,618,0.287770,PI,FIFO,true,PI_FIFO,359.712230
13.710017,-1,15,9999.503000,17.031000,357.045702,360.561794,360.000000,624,2.954298,PI,FIFO,true,PI_FIFO,357.045702
13.720018,-1,15,10000.484000,17.515000,356.803045,359.997982,360.000000,625,3.196955,PI,FIFO,true,PI_FIFO,356.803045
13.730017,-1,15,9999.763000,17.278000,351.499732,358.723244,360.000000,637,8.500268,PI,FIFO,true,PI_FIFO,351.499732
13.740018,-1,15,10000.392000,17.670000,357.142857,358.486186,360.000000,630,2.857143,PI,FIFO,true,PI_FIFO,357.142857
13.750017,-1,15,9999.244000,16.914000,357.460600,358.332348,360.000000,630,2.539400,PI,FIFO,true,PI_FIFO,357.460600
13.760031,-1,15,10013.741000,30.655000,362.844702,359.009201,360.000000,621,-2.844702,PI,FIFO,true,PI_FIFO,362.844702
13.770026,-1,15,9995.634000,26.289000,362.248841,359.495147,360.000000,621,-2.248841,PI,FIFO,true,PI_FIFO,362.248841
13.780019,-1,15,9992.485000,18.774000,363.196126,360.050294,360.000000,618,-3.196126,PI,FIFO,true,PI_FIFO,363.196126
13.790017,-1,15,9998.522000,17.296000,360.181120,360.069918,360.000000,622,-0.181120,PI,FIFO,true,PI_FIFO,360.181120
13.800018,-1,15,10000.818000,18.114000,361.394558,360.268614,360.000000,620,-1.394558,PI,FIFO,true,PI_FIFO,361.394558
13.810018,-1,15,9999.800000,17.914000,359.589041,360.166678,360.000000,623,0.410959,PI,FIFO,true,PI_FIFO,359.589041
13.820027,-1,15,10009.371000,27.285000,361.794501,360.410851,360.000000,619,-1.794501,PI,FIFO,true,PI_FIFO,361.794501
13.830019,-1,15,9991.690000,18.975000,360.392107,360.408040,360.000000,621,-0.392107,PI,FIFO,true,PI_FIFO,360.392107
13.840019,-1,14,9999.855000,18.830000,364.077670,360.958484,360.000000,613,-4.077670,PI,FIFO,true,PI_FIFO,364.077670
13.850018,-1,14,9999.466000,18.296000,363.196126,361.294130,360.000000,613,-3.196126,PI,FIFO,true,PI_FIFO,363.196126
13.860027,-1,14,10009.020000,27.316000,363.748060,361.662220,360.000000,611,-3.748060,PI,FIFO,true,PI_FIFO,363.748060
13.870017,-1,15,9989.709000,17.025000,357.483317,361.035385,360.000000,622,2.516683,PI,FIFO,true,PI_FIFO,357.483317
13.880018,-1,15,10000.947000,17.972000,355.498375,360.204833,360.000000,627,4.501625,PI,FIFO,true,PI_FIFO,355.498375
13.890017,-1,15,9999.133000,17.105000,355.956336,359.567559,360.000000,628,4.043664,PI,FIFO,true,PI_FIFO,355.956336
13.900018,-1,15,10000.485000,17.590000,354.576399,358.818885,360.000000,632,5.423601,PI,FIFO,true,PI_FIFO,354.576399
13.910017,-1,15,9999.373000,16.963000,354.609929,358.187541,360.000000,634,5.390071,PI,FIFO,true,PI_FIFO,354.609929
13.920017,-1,15,10000.448000,17.411000,357.824427,358.133074,360.000000,630,2.175573,PI,FIFO,true,PI_FIFO,357.824427
13.930018,-1,15,10000.318000,17.729000,363.548231,358.945348,360.000000,620,-3.548231,PI,FIFO,true,PI_FIFO,363.548231
13.940018,-1,15,9999.966000,17.695000,361.875965,359.384940,360.000000,622,-1.875965,PI,FIFO,true,PI_FIFO,361.875965
13.950017,-1,15,9999.022000,16.717000,362.669246,359.877586,360.000000,619,-2.669246,PI,FIFO,true,PI_FIFO,362.669246
13.960030,-1,15,10012.982000,29.699000,360.378913,359.952785,360.000000,623,-0.378913,PI,FIFO,true,PI_FIFO,360.378913
13.970017,-1,15,9987.672000,17.371000,361.394558,360.169051,360.000000,620,-1.394558,PI,FIFO,true,PI_FIFO,361.394558
13.980015,-1,15,9997.966000,15.337000,356.463878,359.613275,360.000000,630,3.536122,PI,FIFO,true,PI_FIFO,356.463878
13.990017,-1,15,10001.559000,16.896000,361.097737,359.835944,360.000000,622,-1.097737,PI,FIFO,true,PI_FIFO,361.097737
14.000018,-1,15,10000.781000,17.677000,362.435567,360.225888,360.000000,619,-2.435567,PI,FIFO,true,PI_FIFO,362.435567
14.010014,-1,14,9996.466000,14.143000,366.210938,361.123645,360.000000,610,-6.210938,PI,FIFO,true,PI_FIFO,366.210938
14.020022,-1,15,10007.409000,21.552000,362.669246,361.355485,360.000000,615,-2.669246,PI,FIFO,true,PI_FIFO,362.669246
14.030015,-1,15,9993.116000,14.668000,362.248841,361.489489,360.000000,615,-2.248841,PI,FIFO,true,PI_FIFO,362.248841
14.040018,-1,15,10003.798000,18.466000,356.803045,360.786522,360.000000,624,3.196955,PI,FIFO,true,PI_FIFO,356.803045
14.050015,-1,15,9996.393000,14.859000,356.270358,360.109097,360.000000,627,3.729642,PI,FIFO,true,PI_FIFO,356.270358
14.060025,-1,15,10009.964000,24.823000,353.773585,359.158771,360.000000,633,6.226415,PI,FIFO,true,PI_FIFO,353.773585
14.070017,-1,15,9992.541000,17.364000,358.188996,359.013304,360.000000,627,1.811004,PI,FIFO,true,PI_FIFO,358.188996
14.080018,-1,15,10000.540000,17.904000,356.125356,358.580112,360.000000,632,3.874644,PI,FIFO,true,PI_FIFO,356.125356
14.090027,-1,15,10008.779000,26.683000,360.181120,358.820263,360.000000,625,-0.181120,PI,FIFO,true,PI_FIFO,360.181120
14.100019,-1,15,9992.319000,19.002000,362.318841,359.345050,360.000000,621,-2.318841,PI,FIFO,true,PI_FIFO,362.318841
14.110017,-1,15,9997.651000,16.653000,363.184401,359.920953,360.000000,618,-3.184401,PI,FIFO,true,PI_FIFO,363.184401
14.120018,-1,15,10001.225000,17.878000,360.057609,359.941451,360.000000,623,-0.057609,PI,FIFO,true,PI_FIFO,360.057609
14.130017,-1,15,9999.188000,17.066000,360.761929,360.064523,360.000000,622,-0.761929,PI,FIFO,true,PI_FIFO,360.761929
14.140017,-1,15,10000.151000,17.217000,360.923965,360.193439,360.000000,621,-0.923965,PI,FIFO,true,PI_FIFO,360.923965
14.150017,-1,15,9999.448000,16.665000,359.838792,360.140242,360.000000,623,0.161208,PI,FIFO,true,PI_FIFO,359.838792
14.160043,-1,15,10026.202000,42.867000,359.539789,360.050174,360.000000,624,0.460211,PI,FIFO,true,PI_FIFO,359.539789
14.170037,-1,15,9993.819000,36.686000,362.062307,360.351994,360.000000,619,-2.062307,PI,FIFO,true,PI_FIFO,362.062307
14.180020,-1,14,9982.987000,19.673000,366.927593,361.338334,360.000000,608,-6.927593,PI,FIFO,true,PI_FIFO,366.927593
14.190017,-1,15,9997.614000,17.287000,361.689815,361.391056,360.000000,616,-1.689815,PI,FIFO,true,PI_FIFO,361.689815
14.200018,-1,15,10000.614000,17.901000,359.712230,361.139232,360.000000,619,0.287770,PI,FIFO,true,PI_FIFO,359.712230
14.210015,-1,15,9996.633000,14.534000,358.606557,360.759331,360.000000,621,1.393443,PI,FIFO,true,PI_FIFO,358.606557
14.220018,-1,15,10003.262000,17.796000,356.125356,360.064235,360.000000,627,3.874644,PI,FIFO,true,PI_FIFO,356.125356
14.230017,-1,15,9999.447000,17.243000,352.065451,358.864417,360.000000,637,7.934549,PI,FIFO,true,PI_FIFO,352.065451
14.240018,-1,15,10000.448000,17.691000,355.787476,358.402876,360.000000,633,4.212524,PI,FIFO,true,PI_FIFO,355.787476
14.250017,-1,15,9999.521000,17.212000,357.278963,358.234289,360.000000,631,2.721037,PI,FIFO,true,PI_FIFO,357.278963
14.260029,-1,15,10011.742000,28.954000,362.669246,358.899533,360.000000,622,-2.669246,PI,FIFO,true,PI_FIFO,362.669246
14.270017,-1,15,9988.208000,17.162000,361.172262,359.240442,360.000000,624,-1.172262,PI,FIFO,true,PI_FIFO,361.172262
14.280018,-1,15,10000.392000,17.554000,364.535682,360.034728,360.000000,616,-4.535682,PI,FIFO,true,PI_FIFO,364.535682
14.290017,-1,15,9999.596000,17.150000,360.057609,360.038160,360.000000,623,-0.057609,PI,FIFO,true,PI_FIFO,360.057609
14.300018,-1,15,10000.391000,17.541000,359.983544,360.029968,360.000000,624,0.016456,PI,FIFO,true,PI_FIFO,359.983544
14.310017,-1,15,9999.503000,17.044000,357.313006,359.622423,360.000000,629,2.686994,PI,FIFO,true,PI_FIFO,357.313006
14.320015,-1,15,9998.152000,15.196000,362.435567,360.044395,360.000000,620,-2.435567,PI,FIFO,true,PI_FIFO,362.435567
14.330019,-1,15,10003.743000,18.939000,360.403652,360.098284,360.000000,623,-0.403652,PI,FIFO,true,PI_FIFO,360.403652
14.340020,-1,14,10001.021000,19.960000,364.880643,360.815638,360.000000,614,-4.880643,PI,FIFO,true,PI_FIFO,364.880643
14.350017,-1,14,9997.355000,17.315000,364.077670,361.304942,360.000000,613,-4.077670,PI,FIFO,true,PI_FIFO,364.077670
14.360030,-1,14,10013.093000,30.408000,363.748060,361.671410,360.000000,612,-3.748060,PI,FIFO,true,PI_FIFO,363.748060
14.370018,-1,15,9987.098000,17.506000,356.294537,360.864879,360.000000,626,3.705463,PI,FIFO,true,PI_FIFO,356.294537
14.380018,-1,15,10000.262000,17.768000,355.498375,360.059903,360.000000,629,4.501625,PI,FIFO,true,PI_FIFO,355.498375
14.390014,-1,15,9996.503000,14.271000,355.956336,359.444368,360.000000,630,4.043664,PI,FIFO,true,PI_FIFO,355.956336
14.400018,-1,15,10003.577000,17.848000,355.305901,358.823598,360.000000,633,4.694099,PI,FIFO,true,PI_FIFO,355.305901
14.410017,-1,15,9999.058000,16.906000,356.125356,358.418862,360.000000,633,3.874644,PI,FIFO,true,PI_FIFO,356.125356
14.420017,-1,15,10000.522000,17.428000,358.188996,358.384382,360.000000,630,1.811004,PI,FIFO,true,PI_FIFO,358.188996
14.430014,-1,15,9996.633000,14.061000,364.608653,359.318023,360.000000,618,-4.608653,PI,FIFO,true,PI_FIFO,364.608653
14.440018,-1,15,10004.020000,18.081000,362.062307,359.729665,360.000000,622,-2.062307,PI,FIFO,true,PI_FIFO,362.062307
14.450014,-1,15,9995.708000,13.789000,362.844702,360.196921,360.000000,619,-2.844702,PI,FIFO,true,PI_FIFO,362.844702
14.460026,-1,15,10012.223000,26.012000,360.923965,360.305978,360.000000,622,-0.923965,PI,FIFO,true,PI_FIFO,360.923965
14.470023,-1,15,9997.485000,23.497000,362.809598,360.681521,360.000000,618,-2.809598,PI,FIFO,true,PI_FIFO,362.809598
14.480018,-1,15,9994.688000,18.185000,358.337315,360.329890,360.000000,625,1.662685,PI,FIFO,true,PI_FIFO,358.337315
14.490017,-1,15,9998.615000,16.800000,360.775151,360.396679,360.000000,621,-0.775151,PI,FIFO,true,PI_FIFO,360.775151
14.500018,-1,15,10001.039000,17.839000,361.794501,360.606352,360.000000,619,-1.794501,PI,FIFO,true,PI_FIFO,361.794501
14.510017,-1,14,9999.244000,17.083000,365.449584,361.332837,360.000000,611,-5.449584,PI,FIFO,true,PI_FIFO,365.449584
14.520018,-1,15,10000.596000,17.679000,362.143892,361.454495,360.000000,615,-2.143892,PI,FIFO,true,PI_FIFO,362.143892
14.530017,-1,14,9998.910000,16.589000,362.248841,361.573647,360.000000,614,-2.248841,PI,FIFO,true,PI_FIFO,362.248841
14.540018,-1,15,10001.188000,17.777000,356.463878,360.807182,360.000000,625,3.536122,PI,FIFO,true,PI_FIFO,356.463878
14.550017,-1,15,9998.855000,16.632000,356.270358,360.126658,360.000000,627,3.729642,PI,FIFO,true,PI_FIFO,356.270358
14.560028,-1,15,10011.260000,27.892000,352.941176,359.048836,360.000000,635,7.058824,PI,FIFO,true,PI_FIFO,352.941176
14.570017,-1,15,9989.208000,17.100000,358.006619,358.892503,360.000000,628,1.993381,PI,FIFO,true,PI_FIFO,358.006619
14.580017,-1,15,10000.188000,17.288000,356.735160,358.568902,360.000000,631,3.264840,PI,FIFO,true,PI_FIFO,356.735160
14.590017,-1,15,9999.874000,17.162000,360.207480,358.814689,360.000000,625,-0.207480,PI,FIFO,true,PI_FIFO,360.207480
14.600017,-1,15,10000.188000,17.350000,362.143892,359.314069,360.000000,621,-2.143892,PI,FIFO,true,PI_FIFO,362.143892
14.610017,-1,15,9999.780000,17.130000,363.548231,359.949193,360.000000,618,-3.548231,PI,FIFO,true,PI_FIFO,363.548231
14.620018,-1,15,10000.503000,17.633000,359.654731,359.905024,360.000000,624,0.345269,PI,FIFO,true,PI_FIFO,359.654731
14.630017,-1,15,9999.429000,17.062000,360.750361,360.031825,360.000000,622,-0.750361,PI,FIFO,true,PI_FIFO,360.750361
14.640017,-1,15,10000.392000,17.454000,360.023041,360.030507,360.000000,623,-0.023041,PI,FIFO,true,PI_FIFO,360.023041
14.650017,-1,15,9999.799000,17.253000,360.057609,360.034572,360.000000,623,-0.057609,PI,FIFO,true,PI_FIFO,360.057609
14.660026,-1,15,10009.075000,26.328000,360.181120,360.056554,360.000000,623,-0.181120,PI,FIFO,true,PI_FIFO,360.181120
14.670017,-1,15,9990.857000,17.185000,362.875683,360.479424,360.000000,617,-2.875683,PI,FIFO,true,PI_FIFO,362.875683
14.680017,-1,14,10000.095000,17.280000,366.620112,361.400527,360.000000,609,-6.620112,PI,FIFO,true,PI_FIFO,366.620112
14.690017,-1,15,9999.781000,17.061000,361.620058,361.433457,360.000000,616,-1.620058,PI,FIFO,true,PI_FIFO,361.620058
14.700017,-1,15,10000.206000,17.267000,360.947125,361.360507,360.000000,617,-0.947125,PI,FIFO,true,PI_FIFO,360.947125
14.710017,-1,15,9999.633000,16.900000,357.824427,360.830095,360.000000,622,2.175573,PI,FIFO,true,PI_FIFO,357.824427
14.720017,-1,15,10000.595000,17.495000,356.851550,360.233313,360.000000,625,3.148450,PI,FIFO,true,PI_FIFO,356.851550
14.730017,-1,15,10000.003000,17.498000,353.606789,359.239335,360.000000,633,6.393211,PI,FIFO,true,PI_FIFO,353.606789
14.740017,-1,15,9999.688000,17.186000,356.193009,358.782386,360.000000,630,3.806991,PI,FIFO,true,PI_FIFO,356.193009
14.750017,-1,15,9999.818000,17.004000,356.803045,358.485485,360.000000,631,3.196955,PI,FIFO,true,PI_FIFO,356.803045
14.760018,-1,15,10001.281000,18.285000,361.570248,358.948199,360.000000,623,-1.570248,PI,FIFO,true,PI_FIFO,361.570248
14.770014,-1,15,9996.022000,14.307000,360.923965,359.244564,360.000000,623,-0.923965,PI,FIFO,true,PI_FIFO,360.923965
14.780018,-1,15,10003.909000,18.216000,364.368999,360.013229,360.000000,616,-4.368999,PI,FIFO,true,PI_FIFO,364.368999
14.790026,-1,15,10007.780000,25.996000,360.181120,360.038413,360.000000,623,-0.181120,PI,FIFO,true,PI_FIFO,360.181120
14.800042,-1,15,10016.129000,42.125000,360.576923,360.119189,360.000000,622,-0.576923,PI,FIFO,true,PI_FIFO,360.576923
14.810021,-1,15,9979.303000,21.428000,357.483317,359.723809,360.000000,628,2.516683,PI,FIFO,true,PI_FIFO,357.483317
14.820027,-1,15,10005.502000,26.930000,362.248841,360.102563,360.000000,619,-2.248841,PI,FIFO,true,PI_FIFO,362.248841
14.830023,-1,15,9996.226000,23.156000,360.576923,360.173717,360.000000,622,-0.576923,PI,FIFO,true,PI_FIFO,360.576923
14.840021,-1,14,9997.984000,21.140000,364.124806,360.766381,360.000000,614,-4.124806,PI,FIFO,true,PI_FIFO,364.124806
14.850021,-1,14,9999.818000,20.958000,364.254492,361.289597,360.000000,612,-4.254492,PI,FIFO,true,PI_FIFO,364.254492
14.860045,-1,14,10023.962000,44.920000,363.559979,361.630155,360.000000,612,-3.559979,PI,FIFO,true,PI_FIFO,363.559979
14.870032,-1,15,9986.931000,31.851000,357.460600,361.004721,360.000000,623,2.539400,PI,FIFO,true,PI_FIFO,357.460600
14.880019,-1,15,9987.505000,19.356000,355.450237,360.171549,360.000000,628,4.549763,PI,FIFO,true,PI_FIFO,355.450237
14.890018,-1,15,9998.225000,17.581000,355.498375,359.470573,360.000000,629,4.501625,PI,FIFO,true,PI_FIFO,355.498375
14.900019,-1,15,10000.984000,18.565000,354.777673,358.766638,360.000000,633,5.222327,PI,FIFO,true,PI_FIFO,354.777673
14.910015,-1,15,9995.967000,14.532000,356.373543,358.407673,360.000000,632,3.626457,PI,FIFO,true,PI_FIFO,356.373543
14.920018,-1,15,10003.910000,18.442000,358.680057,358.448531,360.000000,629,1.319943,PI,FIFO,true,PI_FIFO,358.680057
14.930019,-1,15,10000.651000,19.093000,364.254492,359.319425,360.000000,618,-4.254492,PI,FIFO,true,PI_FIFO,364.254492
14.940018,-1,15,9998.558000,17.651000,362.168874,359.746843,360.000000,621,-2.168874,PI,FIFO,true,PI_FIFO,362.168874
14.950017,-1,15,9999.744000,17.395000,361.886921,360.067854,360.000000,620,-1.886921,PI,FIFO,true,PI_FIFO,361.886921
14.960029,-1,15,10011.982000,29.377000,360.181120,360.084844,360.000000,623,-0.181120,PI,FIFO,true,PI_FIFO,360.181120
14.970018,-1,15,9988.357000,17.734000,361.620058,360.315126,360.000000,620,-1.620058,PI,FIFO,true,PI_FIFO,361.620058
14.980018,-1,15,10000.299000,18.033000,358.006619,359.968850,360.000000,626,1.993381,PI,FIFO,true,PI_FIFO,358.006619
14.990018,-1,15,9999.596000,17.629000,361.620058,360.216531,360.000000,620,-1.620058,PI,FIFO,true,PI_FIFO,361.620058
15.000015,-1,15,9997.521000,15.150000,361.875965,360.465446,360.000000,619,-1.875965,PI,FIFO,true,PI_FIFO,361.875965
15.010018,-1,14,10002.614000,17.764000,365.141188,361.166808,360.000000,612,-5.141188,PI,FIFO,true,PI_FIFO,365.141188
15.020018,-1,15,9999.910000,17.674000,361.172262,361.167626,360.000000,617,-1.172262,PI,FIFO,true,PI_FIFO,361.172262
15.030024,-1,14,10006.520000,24.194000,362.875683,361.423834,360.000000,614,-2.875683,PI,FIFO,true,PI_FIFO,362.875683
15.040030,-1,15,10005.373000,29.567000,357.045702,360.767114,360.000000,624,2.954298,PI,FIFO,true,PI_FIFO,357.045702
15.050020,-1,15,9990.819000,20.386000,357.142857,360.223476,360.000000,625,2.857143,PI,FIFO,true,PI_FIFO,357.142857
15.060030,-1,15,10009.334000,29.720000,353.582974,359.227401,360.000000,633,6.417026,PI,FIFO,true,PI_FIFO,353.582974
15.070021,-1,15,9991.671000,21.391000,356.543624,358.824834,360.000000,630,3.456376,PI,FIFO,true,PI_FIFO,356.543624
15.080018,-1,15,9996.781000,18.172000,355.883948,358.383701,360.000000,633,4.116052,PI,FIFO,true,PI_FIFO,355.883948
15.090015,-1,15,9996.521000,14.693000,360.403652,358.686694,360.000000,625,-0.403652,PI,FIFO,true,PI_FIFO,360.403652
15.100018,-1,15,10003.095000,17.788000,362.809598,359.305129,360.000000,620,-2.809598,PI,FIFO,true,PI_FIFO,362.809598
15.110017,-1,15,9999.262000,17.050000,363.372093,359.915174,360.000000,618,-3.372093,PI,FIFO,true,PI_FIFO,363.372093
15.120018,-1,15,10000.966000,18.016000,360.181120,359.955066,360.000000,623,-0.181120,PI,FIFO,true,PI_FIFO,360.181120
15.130017,-1,15,9999.262000,17.278000,359.762980,359.926253,360.000000,624,0.237020,PI,FIFO,true,PI_FIFO,359.762980
15.140018,-1,15,10000.632000,17.910000,360.973597,360.083355,360.000000,622,-0.973597,PI,FIFO,true,PI_FIFO,360.973597
15.150014,-1,15,9996.003000,13.913000,358.508604,359.847142,360.000000,626,1.491396,PI,FIFO,true,PI_FIFO,358.508604
15.160030,-1,15,10015.963000,29.876000,360.750361,359.982625,360.000000,622,-0.750361,PI,FIFO,true,PI_FIFO,360.750361
15.170015,-1,15,9984.968000,14.844000,362.996902,360.434766,360.000000,617,-2.996902,PI,FIFO,true,PI_FIFO,362.996902
15.180019,-1,14,10003.891000,18.735000,366.379310,361.326448,360.000000,610,-6.379310,PI,FIFO,true,PI_FIFO,366.379310
15.190014,-1,15,9995.189000,13.924000,361.969112,361.422848,360.000000,616,-1.969112,PI,FIFO,true,PI_FIFO,361.969112
15.200018,-1,15,10003.613000,17.537000,360.057609,361.218062,360.000000,619,-0.057609,PI,FIFO,true,PI_FIFO,360.057609
15.210017,-1,15,9999.484000,17.021000,356.373543,360.491384,360.000000,626,3.626457,PI,FIFO,true,PI_FIFO,356.373543
15.220018,-1,15,10000.799000,17.820000,356.803045,359.938133,360.000000,626,3.196955,PI,FIFO,true,PI_FIFO,356.803045
15.230017,-1,15,9999.354000,17.174000,354.155424,359.070727,360.000000,633,5.844576,PI,FIFO,true,PI_FIFO,354.155424
15.240017,-1,15,10000.281000,17.455000,357.142857,358.781546,360.000000,630,2.857143,PI,FIFO,true,PI_FIFO,357.142857
15.250017,-1,15,9999.188000,16.643000,357.045702,358.521170,360.000000,631,2.954298,PI,FIFO,true,PI_FIFO,357.045702
15.260026,-1,15,10008.908000,25.551000,361.620058,358.986003,360.000000,623,-1.620058,PI,FIFO,true,PI_FIFO,361.620058
15.270017,-1,15,9991.393000,16.944000,360.576923,359.224641,360.000000,624,-0.576923,PI,FIFO,true,PI_FIFO,360.576923
15.280018,-1,15,10000.910000,17.854000,364.608653,360.032243,360.000000,616,-4.608653,PI,FIFO,true,PI_FIFO,364.608653
15.290018,-1,15,9999.818000,17.672000,360.576923,360.113945,360.000000,622,-0.576923,PI,FIFO,true,PI_FIFO,360.576923
15.300017,-1,15,9999.706000,17.378000,361.097737,360.261514,360.000000,621,-1.097737,PI,FIFO,true,PI_FIFO,361.097737
15.310017,-1,15,9999.854000,17.232000,358.215066,359.954546,360.000000,626,1.784934,PI,FIFO,true,PI_FIFO,358.215066
15.320018,-1,15,10000.633000,17.865000,362.143892,360.282948,360.000000,619,-2.143892,PI,FIFO,true,PI_FIFO,362.143892
15.330017,-1,15,9999.354000,17.219000,359.925474,360.229327,360.000000,623,0.074526,PI,FIFO,true,PI_FIFO,359.925474
15.340018,-1,14,10000.595000,17.814000,364.785992,360.912827,360.000000,613,-4.785992,PI,FIFO,true,PI_FIFO,364.785992
15.350017,-1,14,9999.392000,17.206000,363.372093,361.281717,360.000000,614,-3.372093,PI,FIFO,true,PI_FIFO,363.372093
15.360028,-1,14,10010.686000,27.892000,364.583333,361.776959,360.000000,610,-4.583333,PI,FIFO,true,PI_FIFO,364.583333
15.370017,-1,15,9989.301000,17.193000,358.680057,361.312424,360.000000,620,1.319943,PI,FIFO,true,PI_FIFO,358.680057
15.380019,-1,15,10002.039000,19.232000,357.097511,360.680187,360.000000,624,2.902489,PI,FIFO,true,PI_FIFO,357.097511
15.390019,-1,15,9999.281000,18.513000,355.113636,359.845205,360.000000,629,4.886364,PI,FIFO,true,PI_FIFO,355.113636
15.400018,-1,15,9999.502000,18.015000,354.729730,359.077883,360.000000,632,5.270270,PI,FIFO,true,PI_FIFO,354.729730
15.410017,-1,15,9999.299000,17.314000,356.633381,358.711208,360.000000,630,3.366619,PI,FIFO,true,PI_FIFO,356.633381
15.420021,-1,15,10003.836000,21.150000,357.824427,358.578191,360.000000,629,2.175573,PI,FIFO,true,PI_FIFO,357.824427
15.430019,-1,15,9997.384000,18.534000,363.372093,359.297276,360.000000,619,-3.372093,PI,FIFO,true,PI_FIFO,363.372093
15.440019,-1,15,10000.776000,19.310000,361.570248,359.638222,360.000000,621,-1.570248,PI,FIFO,true,PI_FIFO,361.570248
15.450015,-1,15,9996.073000,15.383000,360.740154,359.803512,360.000000,622,-0.740154,PI,FIFO,true,PI_FIFO,360.740154
15.460027,-1,15,10012.054000,27.437000,359.392114,359.741802,360.000000,624,0.607886,PI,FIFO,true,PI_FIFO,359.392114
15.470019,-1,15,9991.442000,18.879000,360.923965,359.919127,360.000000,622,-0.923965,PI,FIFO,true,PI_FIFO,360.923965
15.480018,-1,15,9999.480000,18.359000,356.735160,359.441532,360.000000,630,3.264840,PI,FIFO,true,PI_FIFO,356.735160
15.490024,-1,15,10005.351000,23.710000,361.271676,359.716053,360.000000,622,-1.271676,PI,FIFO,true,PI_FIFO,361.271676
15.500019,-1,15,9995.572000,19.282000,362.168874,360.083976,360.000000,620,-2.168874,PI,FIFO,true,PI_FIFO,362.168874
15.510019,-1,14,9999.887000,19.169000,366.885359,361.104184,360.000000,609,-6.885359,PI,FIFO,true,PI_FIFO,366.885359
15.520019,-1,15,9999.702000,18.871000,361.769570,361.203992,360.000000,617,-1.769570,PI,FIFO,true,PI_FIFO,361.769570
15.530018,-1,14,9999.258000,18.129000,362.710514,361.429970,360.000000,614,-2.710514,PI,FIFO,true,PI_FIFO,362.710514
15.540019,-1,15,10000.702000,18.831000,358.166189,360.940403,360.000000,622,1.833811,PI,FIFO,true,PI_FIFO,358.166189
15.550015,-1,15,9996.053000,14.884000,355.691057,360.153001,360.000000,628,4.308943,PI,FIFO,true,PI_FIFO,355.691057
15.560030,-1,15,10015.370000,30.254000,354.040785,359.236169,360.000000,633,5.959215,PI,FIFO,true,PI_FIFO,354.040785
15.570032,-1,15,10002.036000,32.290000,357.824427,359.024408,360.000000,628,2.175573,PI,FIFO,true,PI_FIFO,357.824427
15.580019,-1,15,9986.775000,19.065000,356.077048,358.582304,360.000000,632,3.922952,PI,FIFO,true,PI_FIFO,356.077048
15.590019,-1,15,9999.609000,18.674000,360.088116,358.808175,360.000000,626,-0.088116,PI,FIFO,true,PI_FIFO,360.088116
15.600018,-1,15,9999.795000,18.469000,361.969112,359.282316,360.000000,622,-1.969112,PI,FIFO,true,PI_FIFO,361.969112
15.610015,-1,15,9996.461000,14.930000,363.724539,359.948649,360.000000,618,-3.724539,PI,FIFO,true,PI_FIFO,363.724539
15.620018,-1,15,10003.406000,18.336000,359.838792,359.932171,360.000000,624,0.161208,PI,FIFO,true,PI_FIFO,359.838792
15.630018,-1,15,10000.091000,18.427000,360.576923,360.028884,360.000000,622,-0.576923,PI,FIFO,true,PI_FIFO,360.576923
15.640018,-1,15,9999.924000,18.351000,361.132512,360.194428,360.000000,621,-1.132512,PI,FIFO,true,PI_FIFO,361.132512
15.650018,-1,15,9999.684000,18.035000,360.923965,360.303858,360.000000,621,-0.923965,PI,FIFO,true,PI_FIFO,360.923965
15.660019,-1,15,10000.609000,18.644000,359.983544,360.255811,360.000000,623,0.016456,PI,FIFO,true,PI_FIFO,359.983544
15.670018,-1,15,9999.276000,17.920000,362.875683,360.648792,360.000000,617,-2.875683,PI,FIFO,true,PI_FIFO,362.875683
15.680018,-1,14,9999.906000,17.826000,366.401772,361.511739,360.000000,609,-6.401772,PI,FIFO,true,PI_FIFO,366.401772
15.690019,-1,15,10000.887000,18.713000,361.794501,361.554153,360.000000,615,-1.794501,PI,FIFO,true,PI_FIFO,361.794501
15.700018,-1,15,9999.276000,17.989000,360.576923,361.407569,360.000000,617,-0.576923,PI,FIFO,true,PI_FIFO,360.576923
15.710018,-1,15,10000.147000,18.136000,356.294537,360.640614,360.000000,625,3.705463,PI,FIFO,true,PI_FIFO,356.294537
15.720018,-1,15,10000.183000,18.319000,356.373543,360.000553,360.000000,626,3.626457,PI,FIFO,true,PI_FIFO,356.373543
15.730018,-1,15,9999.943000,18.262000,352.090636,358.814066,360.000000,636,7.909364,PI,FIFO,true,PI_FIFO,352.090636
15.740018,-1,15,10000.128000,18.390000,355.472700,358.312861,360.000000,633,4.527300,PI,FIFO,true,PI_FIFO,355.472700
15.750015,-1,15,9996.276000,14.666000,357.483317,358.188429,360.000000,631,2.516683,PI,FIFO,true,PI_FIFO,357.483317
15.760021,-1,15,10006.240000,20.906000,362.368857,358.815493,360.000000,622,-2.368857,PI,FIFO,true,PI_FIFO,362.368857
15.770015,-1,15,9994.164000,15.070000,362.215909,359.325556,360.000000,622,-2.215909,PI,FIFO,true,PI_FIFO,362.215909
15.780019,-1,15,10003.777000,18.847000,363.573407,359.962733,360.000000,618,-3.573407,PI,FIFO,true,PI_FIFO,363.573407
15.790015,-1,15,9995.812000,14.659000,360.230548,360.002906,360.000000,623,-0.230548,PI,FIFO,true,PI_FIFO,360.230548
15.800018,-1,15,10003.518000,18.177000,361.558530,360.236249,360.000000,620,-1.558530,PI,FIFO,true,PI_FIFO,361.558530
15.810015,-1,15,9996.442000,14.619000,357.434641,359.816008,360.000000,628,2.565359,PI,FIFO,true,PI_FIFO,357.434641
15.820031,-1,15,10016.833000,31.452000,362.844702,360.270312,360.000000,618,-2.844702,PI,FIFO,true,PI_FIFO,362.844702
15.830016,-1,15,9984.960000,16.412000,361.503856,360.455344,360.000000,620,-1.503856,PI,FIFO,true,PI_FIFO,361.503856
15.840019,-1,14,10002.295000,18.707000,364.785992,361.104941,360.000000,613,-4.785992,PI,FIFO,true,PI_FIFO,364.785992
15.850015,-1,14,9996.609000,15.316000,363.559979,361.473197,360.000000,613,-3.559979,PI,FIFO,true,PI_FIFO,363.559979
15.860020,-1,14,10004.351000,19.667000,362.669246,361.652604,360.000000,613,-2.669246,PI,FIFO,true,PI_FIFO,362.669246
15.870020,-1,15,10000.387000,20.054000,357.824427,361.078378,360.000000,622,2.175573,PI,FIFO,true,PI_FIFO,357.824427
15.880019,-1,15,9998.758000,18.812000,356.463878,360.386203,360.000000,625,3.536122,PI,FIFO,true,PI_FIFO,356.463878
15.890015,-1,15,9996.590000,15.402000,355.883948,359.710864,360.000000,628,4.116052,PI,FIFO,true,PI_FIFO,355.883948
15.900019,-1,15,10003.314000,18.716000,355.281857,359.046513,360.000000,631,4.718143,PI,FIFO,true,PI_FIFO,355.281857
15.910018,-1,15,9999.516000,18.232000,354.729730,358.398996,360.000000,634,5.270270,PI,FIFO,true,PI_FIFO,354.729730
15.920018,-1,15,9999.906000,18.138000,357.824427,358.312811,360.000000,630,2.175573,PI,FIFO,true,PI_FIFO,357.824427
15.930018,-1,15,9999.758000,17.896000,363.559979,359.099886,360.000000,620,-3.559979,PI,FIFO,true,PI_FIFO,363.559979
15.940018,-1,15,10000.165000,18.061000,362.318841,359.582729,360.000000,621,-2.318841,PI,FIFO,true,PI_FIFO,362.318841
15.950015,-1,15,9997.183000,15.244000,362.622486,360.038693,360.000000,619,-2.622486,PI,FIFO,true,PI_FIFO,362.622486
15.960018,-1,15,10003.147000,18.391000,360.923965,360.171484,360.000000,621,-0.923965,PI,FIFO,true,PI_FIFO,360.923965
15.970016,-1,15,9997.424000,15.815000,361.503856,360.371339,360.000000,620,-1.503856,PI,FIFO,true,PI_FIFO,361.503856
15.980016,-1,15,9999.795000,15.610000,357.653791,359.963707,360.000000,627,2.346209,PI,FIFO,true,PI_FIFO,357.653791
15.990016,-1,15,10000.072000,15.682000,360.576923,360.055690,360.000000,622,-0.576923,PI,FIFO,true,PI_FIFO,360.576923
16.000019,-1,15,10003.202000,18.884000,362.875683,360.478689,360.000000,617,-2.875683,PI,FIFO,true,PI_FIFO,362.875683
16.010019,-1,14,9999.832000,18.716000,365.598886,361.246718,360.000000,611,-5.598886,PI,FIFO,true,PI_FIFO,365.598886
16.020018,-1,15,9999.424000,18.140000,362.143892,361.381294,360.000000,615,-2.143892,PI,FIFO,true,PI_FIFO,362.143892
16.030023,-1,14,10004.575000,22.715000,362.622486,361.567473,360.000000,613,-2.622486,PI,FIFO,true,PI_FIFO,362.622486
16.040022,-1,15,9999.558000,22.273000,356.803045,360.852809,360.000000,624,3.196955,PI,FIFO,true,PI_FIFO,356.803045
16.050026,-1,15,10003.622000,25.895000,356.270358,360.165441,360.000000,626,3.729642,PI,FIFO,true,PI_FIFO,356.270358
16.060022,-1,15,9995.737000,21.632000,352.609309,359.032021,360.000000,635,7.390691,PI,FIFO,true,PI_FIFO,352.609309
16.070025,-1,15,10003.381000,25.013000,358.371560,358.932952,360.000000,626,1.628440,PI,FIFO,true,PI_FIFO,358.371560
16.080022,-1,15,9997.165000,22.178000,355.787476,358.461131,360.000000,632,4.212524,PI,FIFO,true,PI_FIFO,355.787476
16.090026,-1,15,10003.548000,25.726000,360.378913,358.748798,360.000000,625,-0.378913,PI,FIFO,true,PI_FIFO,360.378913
16.100022,-1,15,9995.922000,21.648000,362.844702,359.363184,360.000000,620,-2.844702,PI,FIFO,true,PI_FIFO,362.844702
16.110025,-1,15,10003.214000,24.862000,362.435567,359.824041,360.000000,620,-2.435567,PI,FIFO,true,PI_FIFO,362.435567
16.120022,-1,15,9997.499000,22.361000,360.576923,359.936973,360.000000,622,-0.576923,PI,FIFO,true,PI_FIFO,360.576923
16.130026,-1,15,10003.566000,25.927000,360.392107,360.005243,360.000000,622,-0.392107,PI,FIFO,true,PI_FIFO,360.392107
16.140022,-1,15,9996.368000,22.295000,360.057609,360.013098,360.000000,623,-0.057609,PI,FIFO,true,PI_FIFO,360.057609
16.150026,-1,15,10003.307000,25.602000,359.392114,359.919951,360.000000,624,0.607886,PI,FIFO,true,PI_FIFO,359.392114
16.160023,-1,15,9997.221000,22.823000,360.740154,360.042981,360.000000,622,-0.740154,PI,FIFO,true,PI_FIFO,360.740154
16.170027,-1,15,10004.364000,27.187000,361.570248,360.272071,360.000000,620,-1.570248,PI,FIFO,true,PI_FIFO,361.570248
16.180019,-1,14,9992.118000,19.305000,366.210938,361.162901,360.000000,610,-6.210938,PI,FIFO,true,PI_FIFO,366.210938
16.190036,-1,15,10016.480000,35.785000,361.969112,361.283833,360.000000,616,-1.969112,PI,FIFO,true,PI_FIFO,361.969112
16.200024,-1,15,9988.185000,23.970000,361.097737,361.255918,360.000000,617,-1.097737,PI,FIFO,true,PI_FIFO,361.097737
16.210026,-1,15,10002.101000,26.071000,358.006619,360.768524,360.000000,622,1.993381,PI,FIFO,true,PI_FIFO,358.006619
16.220022,-1,15,9995.495000,21.566000,357.483317,360.275743,360.000000,624,2.516683,PI,FIFO,true,PI_FIFO,357.483317
16.230025,-1,15,10003.474000,25.040000,352.254428,359.072545,360.000000,636,7.745572,PI,FIFO,true,PI_FIFO,352.254428
16.240022,-1,15,9997.277000,22.317000,355.956336,358.605114,360.000000,631,4.043664,PI,FIFO,true,PI_FIFO,355.956336
16.250025,-1,15,10002.490000,24.807000,355.691057,358.168005,360.000000,634,4.308943,PI,FIFO,true,PI_FIFO,355.691057
16.260034,-1,15,10009.151000,33.958000,362.710514,358.849382,360.000000,622,-2.710514,PI,FIFO,true,PI_FIFO,362.710514
16.270044,-1,15,10009.689000,43.647000,361.318088,359.219688,360.000000,623,-1.318088,PI,FIFO,true,PI_FIFO,361.318088
16.280022,-1,15,9978.723000,22.370000,363.901019,359.921887,360.000000,618,-3.901019,PI,FIFO,true,PI_FIFO,363.901019
16.290025,-1,15,10002.694000,25.064000,360.775151,360.049877,360.000000,622,-0.775151,PI,FIFO,true,PI_FIFO,360.775151
16.300023,-1,15,9997.629000,22.693000,361.230734,360.227006,360.000000,621,-1.230734,PI,FIFO,true,PI_FIFO,361.230734
16.310022,-1,15,9999.670000,22.363000,358.410705,359.954560,360.000000,626,1.589295,PI,FIFO,true,PI_FIFO,358.410705
16.320023,-1,15,10001.117000,23.480000,361.620058,360.204385,360.000000,620,-1.620058,PI,FIFO,true,PI_FIFO,361.620058
16.330025,-1,15,10001.600000,25.080000,360.576923,360.260266,360.000000,622,-0.576923,PI,FIFO,true,PI_FIFO,360.576923
16.340022,-1,14,9996.702000,21.782000,364.077670,360.832876,360.000000,614,-4.077670,PI,FIFO,true,PI_FIFO,364.077670
16.350025,-1,14,10002.972000,24.754000,364.502333,361.383295,360.000000,612,-4.502333,PI,FIFO,true,PI_FIFO,364.502333
16.360023,-1,14,9998.000000,22.754000,362.844702,361.602506,360.000000,613,-2.844702,PI,FIFO,true,PI_FIFO,362.844702
16.370026,-1,15,10002.750000,25.504000,356.735160,360.872404,360.000000,624,3.264840,PI,FIFO,true,PI_FIFO,356.735160
16.380022,-1,15,9996.813000,22.317000,355.652504,360.089419,360.000000,628,4.347496,PI,FIFO,true,PI_FIFO,355.652504
16.390025,-1,15,10002.565000,24.882000,355.472700,359.396911,360.000000,630,4.527300,PI,FIFO,true,PI_FIFO,355.472700
16.400022,-1,15,9996.849000,21.731000,355.450237,358.804910,360.000000,632,4.549763,PI,FIFO,true,PI_FIFO,355.450237
16.410025,-1,15,10003.233000,24.964000,357.045702,358.541029,360.000000,631,2.954298,PI,FIFO,true,PI_FIFO,357.045702
16.420021,-1,15,9996.256000,21.220000,357.995227,358.459158,360.000000,630,2.004773,PI,FIFO,true,PI_FIFO,357.995227
16.430025,-1,15,10003.585000,24.805000,364.313472,359.337305,360.000000,618,-4.313472,PI,FIFO,true,PI_FIFO,364.313472
16.440021,-1,15,9995.829000,20.634000,361.271676,359.627461,360.000000,622,-1.271676,PI,FIFO,true,PI_FIFO,361.271676
16.450025,-1,15,10004.253000,24.887000,362.062307,359.992688,360.000000,620,-2.062307,PI,FIFO,true,PI_FIFO,362.062307
16.460021,-1,15,9996.368000,21.255000,360.923965,360.132380,360.000000,622,-0.923965,PI,FIFO,true,PI_FIFO,360.923965
16.470025,-1,15,10003.788000,25.043000,361.172262,360.288362,360.000000,621,-1.172262,PI,FIFO,true,PI_FIFO,361.172262
16.480021,-1,15,9996.015000,21.058000,358.952703,360.088013,360.000000,625,1.047297,PI,FIFO,true,PI_FIFO,358.952703
16.490022,-1,15,10001.025000,22.083000,361.371145,360.280483,360.000000,620,-1.371145,PI,FIFO,true,PI_FIFO,361.371145
16.500021,-1,15,9998.946000,21.029000,361.271676,360.429162,360.000000,620,-1.271676,PI,FIFO,true,PI_FIFO,361.271676
16.510025,-1,14,10003.808000,24.837000,365.070093,361.125302,360.000000,612,-5.070093,PI,FIFO,true,PI_FIFO,365.070093
16.520021,-1,15,9996.275000,21.112000,362.143892,361.278090,360.000000,616,-2.143892,PI,FIFO,true,PI_FIFO,362.143892
16.530025,-1,14,10004.104000,25.216000,363.559979,361.620374,360.000000,612,-3.559979,PI,FIFO,true,PI_FIFO,363.559979
16.540022,-1,15,9996.405000,21.621000,357.653791,361.025386,360.000000,622,2.346209,PI,FIFO,true,PI_FIFO,357.653791
16.550025,-1,15,10003.455000,25.076000,356.270358,360.312132,360.000000,626,3.729642,PI,FIFO,true,PI_FIFO,356.270358
16.560023,-1,15,9997.499000,22.575000,353.773585,359.331350,360.000000,632,6.226415,PI,FIFO,true,PI_FIFO,353.773585
16.570032,-1,15,10009.782000,32.357000,357.460600,359.050737,360.000000,628,2.539400,PI,FIFO,true,PI_FIFO,357.460600
16.580022,-1,15,9989.743000,22.100000,355.652504,358.541002,360.000000,632,4.347496,PI,FIFO,true,PI_FIFO,355.652504
16.590025,-1,15,10002.862000,24.962000,359.103677,358.625404,360.000000,627,0.896323,PI,FIFO,true,PI_FIFO,359.103677
16.600021,-1,15,9995.903000,20.865000,362.669246,359.231980,360.000000,621,-2.669246,PI,FIFO,true,PI_FIFO,362.669246
16.610024,-1,15,10003.548000,24.413000,362.809598,359.768623,360.000000,619,-2.809598,PI,FIFO,true,PI_FIFO,362.809598
16.620021,-1,15,9996.572000,20.985000,360.750361,359.915883,360.000000,622,-0.750361,PI,FIFO,true,PI_FIFO,360.750361
16.630025,-1,15,10004.011000,24.996000,358.215066,359.660761,360.000000,627,1.784934,PI,FIFO,true,PI_FIFO,358.215066
16.640021,-1,15,9996.442000,21.438000,360.413840,359.773723,360.000000,623,-0.413840,PI,FIFO,true,PI_FIFO,360.413840
16.650025,-1,15,10003.437000,24.875000,358.606557,359.598648,360.000000,627,1.393443,PI,FIFO,true,PI_FIFO,358.606557
16.660021,-1,15,9996.219000,21.094000,361.271676,359.849602,360.000000,622,-1.271676,PI,FIFO,true,PI_FIFO,361.271676
16.670024,-1,15,10003.399000,24.493000,363.748060,360.434371,360.000000,617,-3.748060,PI,FIFO,true,PI_FIFO,363.748060
16.680021,-1,14,9996.497000,20.990000,366.716521,361.376693,360.000000,609,-6.716521,PI,FIFO,true,PI_FIFO,366.716521
16.690025,-1,15,10004.030000,25.020000,362.368857,361.525518,360.000000,615,-2.368857,PI,FIFO,true,PI_FIFO,362.368857
16.700021,-1,15,9996.220000,21.240000,361.271676,361.487442,360.000000,616,-1.271676,PI,FIFO,true,PI_FIFO,361.271676
16.710025,-1,15,10003.844000,25.084000,356.916244,360.801762,360.000000,624,3.083756,PI,FIFO,true,PI_FIFO,356.916244
16.720021,-1,15,9996.182000,21.266000,357.483317,360.303995,360.000000,624,2.516683,PI,FIFO,true,PI_FIFO,357.483317
16.730025,-1,15,10003.362000,24.628000,352.065451,359.068214,360.000000,636,7.934549,PI,FIFO,true,PI_FIFO,352.065451
16.740021,-1,15,9996.386000,21.014000,357.653791,358.856050,360.000000,628,2.346209,PI,FIFO,true,PI_FIFO,357.653791
16.750025,-1,15,10003.808000,24.822000,357.045702,358.584498,360.000000,631,2.954298,PI,FIFO,true,PI_FIFO,357.045702
16.760022,-1,15,9997.165000,21.987000,362.051340,359.104524,360.000000,622,-2.051340,PI,FIFO,true,PI_FIFO,362.051340
16.770025,-1,15,10002.750000,24.737000,360.181120,359.266014,360.000000,625,-0.181120,PI,FIFO,true,PI_FIFO,360.181120
16.780021,-1,15,9996.219000,20.956000,364.254492,360.014285,360.000000,617,-4.254492,PI,FIFO,true,PI_FIFO,364.254492
16.790025,-1,15,10003.567000,24.523000,361.132512,360.182019,360.000000,621,-1.132512,PI,FIFO,true,PI_FIFO,361.132512
16.800021,-1,15,9996.553000,21.076000,361.097737,360.319377,360.000000,621,-1.097737,PI,FIFO,true,PI_FIFO,361.097737
16.810025,-1,15,10003.751000,24.827000,358.554309,360.054617,360.000000,625,1.445691,PI,FIFO,true,PI_FIFO,358.554309
16.820035,-1,15,10010.394000,35.221000,362.143892,360.368008,360.000000,619,-2.143892,PI,FIFO,true,PI_FIFO,362.143892
16.830026,-1,15,9990.783000,26.004000,359.470859,360.233436,360.000000,623,0.529141,PI,FIFO,true,PI_FIFO,359.470859
16.840022,-1,15,9996.461000,22.465000,363.548231,360.730655,360.000000,615,-3.548231,PI,FIFO,true,PI_FIFO,363.548231
16.850031,-1,14,10008.316000,30.781000,365.395323,361.430355,360.000000,610,-5.395323,PI,FIFO,true,PI_FIFO,365.395323
16.860020,-1,14,9988.834000,19.615000,362.215909,361.548188,360.000000,614,-2.215909,PI,FIFO,true,PI_FIFO,362.215909
16.870027,-1,15,10007.834000,27.449000,358.019640,361.018906,360.000000,622,1.980360,PI,FIFO,true,PI_FIFO,358.019640
16.880022,-1,15,9994.531000,21.980000,356.125356,360.284874,360.000000,626,3.874644,PI,FIFO,true,PI_FIFO,356.125356
16.890033,-1,15,10011.247000,33.227000,356.193009,359.671094,360.000000,628,3.806991,PI,FIFO,true,PI_FIFO,356.193009
16.900023,-1,15,9989.633000,22.860000,353.684608,358.773121,360.000000,634,6.315392,PI,FIFO,true,PI_FIFO,353.684608
16.910025,-1,15,10002.471000,25.331000,356.554260,358.440292,360.000000,631,3.445740,PI,FIFO,true,PI_FIFO,356.554260
16.920023,-1,15,9997.277000,22.608000,359.195402,358.553558,360.000000,627,0.804598,PI,FIFO,true,PI_FIFO,359.195402
16.930026,-1,15,10003.436000,26.044000,363.559979,359.304521,360.000000,619,-3.559979,PI,FIFO,true,PI_FIFO,363.559979
16.940022,-1,15,9995.848000,21.892000,361.620058,359.651852,360.000000,621,-1.620058,PI,FIFO,true,PI_FIFO,361.620058
16.950025,-1,15,10003.010000,24.902000,361.969112,359.999441,360.000000,620,-1.969112,PI,FIFO,true,PI_FIFO,361.969112
16.960034,-1,15,10009.095000,33.997000,359.762980,359.963972,360.000000,624,0.237020,PI,FIFO,true,PI_FIFO,359.762980
16.970044,-1,15,10009.615000,43.612000,360.775151,360.085649,360.000000,622,-0.775151,PI,FIFO,true,PI_FIFO,360.775151
16.980023,-1,15,9979.725000,23.337000,358.188996,359.801151,360.000000,626,1.811004,PI,FIFO,true,PI_FIFO,358.188996
16.990030,-1,15,10006.776000,30.113000,362.844702,360.257684,360.000000,618,-2.844702,PI,FIFO,true,PI_FIFO,362.844702
17.000022,-1,15,9991.878000,21.991000,361.132512,360.388908,360.000000,620,-1.132512,PI,FIFO,true,PI_FIFO,361.132512
17.010022,-1,14,10000.319000,22.310000,366.032211,361.235403,360.000000,610,-6.032211,PI,FIFO,true,PI_FIFO,366.032211
17.020022,-1,15,9999.930000,22.240000,362.435567,361.415428,360.000000,615,-2.435567,PI,FIFO,true,PI_FIFO,362.435567
17.030041,-1,14,10018.997000,41.237000,362.844702,361.629819,360.000000,613,-2.844702,PI,FIFO,true,PI_FIFO,362.844702
17.040025,-1,15,9983.570000,24.807000,357.824427,361.059010,360.000000,622,2.175573,PI,FIFO,true,PI_FIFO,357.824427
17.050023,-1,15,9998.338000,23.145000,356.012658,360.302057,360.000000,626,3.987342,PI,FIFO,true,PI_FIFO,356.012658
17.060022,-1,15,9999.339000,22.484000,355.472700,359.577654,360.000000,629,4.527300,PI,FIFO,true,PI_FIFO,355.472700
17.070025,-1,15,10002.716000,25.200000,355.618777,358.983822,360.000000,630,4.381223,PI,FIFO,true,PI_FIFO,355.618777
17.080042,-1,15,10016.797000,41.997000,354.155424,358.259562,360.000000,635,5.844576,PI,FIFO,true,PI_FIFO,354.155424
17.090037,-1,15,9994.869000,36.866000,358.166189,358.245556,360.000000,629,1.833811,PI,FIFO,true,PI_FIFO,358.166189
17.100024,-1,15,9986.760000,23.626000,363.559979,359.042720,360.000000,620,-3.559979,PI,FIFO,true,PI_FIFO,363.559979
17.110023,-1,15,9998.913000,22.539000,363.372093,359.692126,360.000000,619,-3.372093,PI,FIFO,true,PI_FIFO,363.372093
17.120023,-1,15,10000.453000,22.992000,360.761929,359.852596,360.000000,622,-0.761929,PI,FIFO,true,PI_FIFO,360.761929
17.130026,-1,15,10003.050000,26.042000,360.576923,359.961245,360.000000,622,-0.576923,PI,FIFO,true,PI_FIFO,360.576923
17.140022,-1,15,9996.111000,22.153000,363.184401,360.444719,360.000000,617,-3.184401,PI,FIFO,true,PI_FIFO,363.184401
17.150025,-1,15,10002.809000,24.962000,357.995227,360.077295,360.000000,626,2.004773,PI,FIFO,true,PI_FIFO,357.995227
17.160023,-1,15,9998.040000,23.002000,360.576923,360.152239,360.000000,622,-0.576923,PI,FIFO,true,PI_FIFO,360.576923
17.170026,-1,15,10002.920000,25.922000,362.143892,360.450987,360.000000,618,-2.143892,PI,FIFO,true,PI_FIFO,362.143892
17.180022,-1,14,9995.592000,21.514000,367.358934,361.487179,360.000000,607,-7.358934,PI,FIFO,true,PI_FIFO,367.358934
17.190024,-1,15,10002.234000,23.748000,361.271676,361.454854,360.000000,616,-1.271676,PI,FIFO,true,PI_FIFO,361.271676
17.200024,-1,14,10000.192000,23.940000,361.875965,361.518020,360.000000,614,-1.875965,PI,FIFO,true,PI_FIFO,361.875965
17.210026,-1,15,10001.844000,25.784000,356.463878,360.759899,360.000000,624,3.536122,PI,FIFO,true,PI_FIFO,356.463878
17.220019,-1,15,9993.032000,18.816000,355.305901,359.941799,360.000000,628,4.694099,PI,FIFO,true,PI_FIFO,355.305901
17.230037,-1,15,10018.022000,36.838000,353.107345,358.916631,360.000000,634,6.892655,PI,FIFO,true,PI_FIFO,353.107345
17.240023,-1,15,9985.777000,22.615000,357.278963,358.670981,360.000000,629,2.721037,PI,FIFO,true,PI_FIFO,357.278963
17.250025,-1,15,10002.772000,25.387000,356.193009,358.299285,360.000000,632,3.806991,PI,FIFO,true,PI_FIFO,356.193009
17.260022,-1,15,9996.204000,21.591000,361.503856,358.779971,360.000000,623,-1.503856,PI,FIFO,true,PI_FIFO,361.503856
17.270035,-1,15,10013.847000,35.438000,362.143892,359.284559,360.000000,621,-2.143892,PI,FIFO,true,PI_FIFO,362.143892
17.280024,-1,15,9988.153000,23.591000,364.502333,360.067225,360.000000,616,-4.502333,PI,FIFO,true,PI_FIFO,364.502333
17.290026,-1,15,10002.307000,25.898000,359.539789,359.988110,360.000000,624,0.460211,PI,FIFO,true,PI_FIFO,359.539789
17.300022,-1,15,9995.666000,21.564000,360.947125,360.131962,360.000000,621,-0.947125,PI,FIFO,true,PI_FIFO,360.947125
17.310025,-1,15,10003.366000,24.930000,360.403652,360.172716,360.000000,622,-0.403652,PI,FIFO,true,PI_FIFO,360.403652
17.320022,-1,15,9997.187000,22.117000,360.775151,360.263081,360.000000,621,-0.775151,PI,FIFO,true,PI_FIFO,360.775151
17.330026,-1,15,10003.588000,25.705000,360.250904,360.261254,360.000000,622,-0.250904,PI,FIFO,true,PI_FIFO,360.250904
17.340021,-1,15,9995.777000,21.482000,363.372093,360.727880,360.000000,615,-3.372093,PI,FIFO,true,PI_FIFO,363.372093
17.350025,-1,14,10003.143000,24.625000,364.869505,361.349124,360.000000,611,-4.869505,PI,FIFO,true,PI_FIFO,364.869505
17.360022,-1,15,9997.503000,22.128000,361.371145,361.352427,360.000000,616,-1.371145,PI,FIFO,true,PI_FIFO,361.371145
17.370037,-1,15,10015.146000,37.274000,359.195402,361.028873,360.000000,620,0.804598,PI,FIFO,true,PI_FIFO,359.195402
17.380022,-1,15,9984.367000,21.641000,357.097511,360.439169,360.000000,624,2.902489,PI,FIFO,true,PI_FIFO,357.097511
17.390025,-1,15,10003.514000,25.155000,357.142857,359.944722,360.000000,625,2.857143,PI,FIFO,true,PI_FIFO,357.142857
17.400021,-1,15,9996.222000,21.377000,352.822581,358.876401,360.000000,635,7.177419,PI,FIFO,true,PI_FIFO,352.822581
17.410025,-1,15,10003.941000,25.318000,355.281857,358.337219,360.000000,633,4.718143,PI,FIFO,true,PI_FIFO,355.281857
17.420022,-1,15,9996.594000,21.912000,356.463878,358.056218,360.000000,633,3.536122,PI,FIFO,true,PI_FIFO,356.463878
17.430025,-1,15,10002.808000,24.720000,362.669246,358.748172,360.000000,622,-2.669246,PI,FIFO,true,PI_FIFO,362.669246
17.440022,-1,15,9997.317000,22.037000,361.132512,359.105823,360.000000,624,-1.132512,PI,FIFO,true,PI_FIFO,361.132512
17.450025,-1,15,10002.531000,24.568000,363.724539,359.798631,360.000000,618,-3.724539,PI,FIFO,true,PI_FIFO,363.724539
17.460022,-1,15,9997.874000,22.442000,361.132512,359.998713,360.000000,622,-1.132512,PI,FIFO,true,PI_FIFO,361.132512
17.470022,-1,15,10000.025000,22.467000,360.923965,360.137501,360.000000,622,-0.923965,PI,FIFO,true,PI_FIFO,360.923965
17.480023,-1,15,10000.416000,22.883000,357.240065,359.702885,360.000000,629,2.759935,PI,FIFO,true,PI_FIFO,357.240065
17.490024,-1,15,10001.547000,24.430000,361.097737,359.912113,360.000000,622,-1.097737,PI,FIFO,true,PI_FIFO,361.097737
17.500022,-1,15,9997.466000,21.896000,361.318088,360.123009,360.000000,621,-1.318088,PI,FIFO,true,PI_FIFO,361.318088
17.510025,-1,14,10002.827000,24.723000,365.675280,360.955850,360.000000,612,-5.675280,PI,FIFO,true,PI_FIFO,365.675280
17.520023,-1,15,9997.799000,22.522000,362.996902,361.262008,360.000000,615,-2.996902,PI,FIFO,true,PI_FIFO,362.996902
17.530025,-1,15,10002.048000,24.570000,362.669246,361.473094,360.000000,615,-2.669246,PI,FIFO,true,PI_FIFO,362.669246
17.540022,-1,15,9997.243000,21.813000,356.463878,360.721711,360.000000,626,3.536122,PI,FIFO,true,PI_FIFO,356.463878
17.550025,-1,15,10003.199000,25.012000,354.346652,359.765452,360.000000,631,5.653348,PI,FIFO,true,PI_FIFO,354.346652
17.560023,-1,15,9997.669000,22.681000,354.442344,358.966986,360.000000,633,5.557656,PI,FIFO,true,PI_FIFO,354.442344
17.570025,-1,15,10002.160000,24.841000,356.012658,358.523837,360.000000,633,3.987342,PI,FIFO,true,PI_FIFO,356.012658
17.580022,-1,15,9997.502000,22.343000,356.294537,358.189442,360.000000,634,3.705463,PI,FIFO,true,PI_FIFO,356.294537
17.590034,-1,15,10011.603000,33.946000,358.410705,358.222631,360.000000,631,1.589295,PI,FIFO,true,PI_FIFO,358.410705
17.600021,-1,15,9987.225000,21.171000,364.608653,359.180535,360.000000,619,-4.608653,PI,FIFO,true,PI_FIFO,364.608653
17.610027,-1,15,10005.758000,26.929000,362.062307,359.612800,360.000000,623,-2.062307,PI,FIFO,true,PI_FIFO,362.062307
17.620023,-1,15,9995.945000,22.874000,362.844702,360.097586,360.000000,620,-2.844702,PI,FIFO,true,PI_FIFO,362.844702
17.630025,-1,15,10001.658000,24.532000,361.689815,360.336420,360.000000,621,-1.689815,PI,FIFO,true,PI_FIFO,361.689815
17.640023,-1,15,9998.096000,22.628000,361.969112,360.581324,360.000000,620,-1.969112,PI,FIFO,true,PI_FIFO,361.969112
17.650024,-1,15,10001.807000,24.435000,358.554309,360.277272,360.000000,626,1.445691,PI,FIFO,true,PI_FIFO,358.554309
17.660035,-1,15,10010.712000,35.147000,361.570248,360.471218,360.000000,621,-1.570248,PI,FIFO,true,PI_FIFO,361.570248
17.670043,-1,15,10007.818000,42.965000,361.558530,360.634315,360.000000,620,-1.558530,PI,FIFO,true,PI_FIFO,361.558530
17.680023,-1,14,9980.360000,23.325000,366.020302,361.442213,360.000000,611,-6.020302,PI,FIFO,true,PI_FIFO,366.020302
17.690025,-1,15,10001.659000,24.984000,361.620058,361.468890,360.000000,617,-1.620058,PI,FIFO,true,PI_FIFO,361.620058
17.700022,-1,15,9996.965000,21.949000,360.947125,361.390625,360.000000,617,-0.947125,PI,FIFO,true,PI_FIFO,360.947125
17.710022,-1,15,10000.267000,22.216000,357.483317,360.804529,360.000000,624,2.516683,PI,FIFO,true,PI_FIFO,357.483317
17.720022,-1,15,9999.896000,22.112000,355.113636,359.950895,360.000000,630,4.886364,PI,FIFO,true,PI_FIFO,355.113636
17.730026,-1,15,10003.625000,25.737000,352.941176,358.899437,360.000000,636,7.058824,PI,FIFO,true,PI_FIFO,352.941176
17.740021,-1,15,9995.740000,21.477000,357.240065,358.650531,360.000000,630,2.759935,PI,FIFO,true,PI_FIFO,357.240065
17.750025,-1,15,10003.625000,25.102000,356.125356,358.271755,360.000000,634,3.874644,PI,FIFO,true,PI_FIFO,356.125356
17.760022,-1,15,9997.243000,22.345000,360.761929,358.645281,360.000000,626,-0.761929,PI,FIFO,true,PI_FIFO,360.761929
17.770026,-1,15,10004.144000,26.489000,362.493958,359.222583,360.000000,622,-2.493958,PI,FIFO,true,PI_FIFO,362.493958
17.780022,-1,15,9995.128000,21.617000,363.936335,359.929646,360.000000,619,-3.936335,PI,FIFO,true,PI_FIFO,363.936335
17.790025,-1,15,10003.199000,24.816000,360.230548,359.974781,360.000000,624,-0.230548,PI,FIFO,true,PI_FIFO,360.230548
17.800022,-1,15,9996.760000,21.576000,359.589041,359.916920,360.000000,625,0.410959,PI,FIFO,true,PI_FIFO,359.589041
17.810025,-1,15,10003.922000,25.498000,359.884837,359.912108,360.000000,625,0.115163,PI,FIFO,true,PI_FIFO,359.884837
17.820031,-1,15,10005.814000,31.312000,360.761929,360.039581,360.000000,623,-0.761929,PI,FIFO,true,PI_FIFO,360.761929
17.830028,-1,15,9996.891000,28.203000,360.057609,360.042285,360.000000,624,-0.057609,PI,FIFO,true,PI_FIFO,360.057609
17.840022,-1,15,9993.606000,21.809000,362.996902,360.485478,360.000000,619,-2.996902,PI,FIFO,true,PI_FIFO,362.996902
17.850026,-1,14,10004.015000,25.824000,367.107195,361.478735,360.000000,609,-7.107195,PI,FIFO,true,PI_FIFO,367.107195
17.860022,-1,15,9996.074000,21.898000,362.809598,361.678365,360.000000,615,-2.809598,PI,FIFO,true,PI_FIFO,362.809598
17.870025,-1,15,10003.087000,24.985000,360.057609,361.435251,360.000000,619,-0.057609,PI,FIFO,true,PI_FIFO,360.057609
17.880022,-1,15,9997.020000,22.005000,357.045702,360.776819,360.000000,625,2.954298,PI,FIFO,true,PI_FIFO,357.045702
17.890022,-1,15,10000.063000,22.068000,357.483317,360.282794,360.000000,625,2.516683,PI,FIFO,true,PI_FIFO,357.483317
17.900022,-1,15,9999.451000,21.519000,353.506787,359.266393,360.000000,634,6.493213,PI,FIFO,true,PI_FIFO,353.506787
17.910025,-1,15,10003.069000,24.588000,356.294537,358.820614,360.000000,631,3.705463,PI,FIFO,true,PI_FIFO,356.294537
17.920022,-1,15,9997.372000,21.960000,357.240065,358.583532,360.000000,631,2.759935,PI,FIFO,true,PI_FIFO,357.240065
17.930027,-1,15,10004.553000,26.513000,362.844702,359.222708,360.000000,621,-2.844702,PI,FIFO,true,PI_FIFO,362.844702
17.940021,-1,15,9994.850000,21.363000,360.947125,359.481370,360.000000,624,-0.947125,PI,FIFO,true,PI_FIFO,360.947125
17.950025,-1,15,10003.272000,24.635000,363.724539,360.117846,360.000000,618,-3.724539,PI,FIFO,true,PI_FIFO,363.724539
17.960023,-1,15,9997.967000,22.602000,360.761929,360.214458,360.000000,622,-0.761929,PI,FIFO,true,PI_FIFO,360.761929
17.970025,-1,15,10002.790000,25.392000,361.445783,360.399157,360.000000,620,-1.445783,PI,FIFO,true,PI_FIFO,361.445783
17.980022,-1,15,9996.482000,21.874000,358.215066,360.071543,360.000000,626,1.784934,PI,FIFO,true,PI_FIFO,358.215066
17.990025,-1,15,10002.828000,24.702000,360.923965,360.199406,360.000000,622,-0.923965,PI,FIFO,true,PI_FIFO,360.923965
18.000022,-1,15,9996.927000,21.629000,360.207480,360.200617,360.000000,623,-0.207480,PI,FIFO,true,PI_FIFO,360.207480
18.010025,-1,15,10003.180000,24.809000,363.901019,360.755678,360.000000,615,-3.901019,PI,FIFO,true,PI_FIFO,363.901019
18.020025,-1,14,10000.619000,25.428000,365.449584,361.459764,360.000000,611,-5.449584,PI,FIFO,true,PI_FIFO,365.449584
18.030025,-1,14,9999.769000,25.197000,363.020329,361.693848,360.000000,613,-3.020329,PI,FIFO,true,PI_FIFO,363.020329
18.040024,-1,15,9998.711000,23.908000,357.460600,361.058861,360.000000,623,2.539400,PI,FIFO,true,PI_FIFO,357.460600
18.050025,-1,15,10001.364000,25.272000,356.125356,360.318835,360.000000,627,3.874644,PI,FIFO,true,PI_FIFO,356.125356
18.060024,-1,15,9999.157000,24.429000,355.691057,359.624669,360.000000,629,4.308943,PI,FIFO,true,PI_FIFO,355.691057
18.070026,-1,15,10001.716000,26.145000,354.777673,358.897619,360.000000,633,5.222327,PI,FIFO,true,PI_FIFO,354.777673
18.080022,-1,15,9995.929000,22.074000,355.498375,358.387733,360.000000,633,4.501625,PI,FIFO,true,PI_FIFO,355.498375
18.090025,-1,15,10003.330000,25.404000,359.195402,358.508883,360.000000,628,0.804598,PI,FIFO,true,PI_FIFO,359.195402
18.100022,-1,15,9996.300000,21.704000,365.070093,359.493065,360.000000,617,-5.070093,PI,FIFO,true,PI_FIFO,365.070093
18.110025,-1,15,10003.479000,25.183000,361.271676,359.759856,360.000000,622,-1.271676,PI,FIFO,true,PI_FIFO,361.271676
18.120022,-1,15,9996.726000,21.909000,362.996902,360.245413,360.000000,618,-2.996902,PI,FIFO,true,PI_FIFO,362.996902
18.130025,-1,15,10003.126000,25.035000,359.712230,360.165436,360.000000,623,0.287770,PI,FIFO,true,PI_FIFO,359.712230
18.140022,-1,15,9996.560000,21.595000,361.769570,360.406056,360.000000,619,-1.769570,PI,FIFO,true,PI_FIFO,361.769570
18.150024,-1,15,10002.607000,24.202000,358.307104,360.091213,360.000000,626,1.692896,PI,FIFO,true,PI_FIFO,358.307104
18.160023,-1,15,9998.804000,23.006000,360.973597,360.223571,360.000000,621,-0.973597,PI,FIFO,true,PI_FIFO,360.973597
18.170024,-1,15,10001.123000,24.129000,361.445783,360.406903,360.000000,620,-1.445783,PI,FIFO,true,PI_FIFO,361.445783
18.180021,-1,14,9997.301000,21.430000,365.259740,361.134828,360.000000,611,-5.259740,PI,FIFO,true,PI_FIFO,365.259740
18.190024,-1,15,10002.959000,24.389000,362.143892,361.286188,360.000000,615,-2.143892,PI,FIFO,true,PI_FIFO,362.143892
18.200022,-1,14,9997.357000,21.746000,362.622486,361.486633,360.000000,614,-2.622486,PI,FIFO,true,PI_FIFO,362.622486
18.210024,-1,15,10002.552000,24.298000,357.653791,360.911706,360.000000,622,2.346209,PI,FIFO,true,PI_FIFO,357.653791
18.220022,-1,15,9997.579000,21.877000,356.851550,360.302683,360.000000,625,3.148450,PI,FIFO,true,PI_FIFO,356.851550
18.230025,-1,15,10002.811000,24.688000,353.773585,359.323318,360.000000,632,6.226415,PI,FIFO,true,PI_FIFO,353.773585
18.240022,-1,15,9997.506000,22.194000,356.851550,358.952553,360.000000,629,3.148450,PI,FIFO,true,PI_FIFO,356.851550
18.250024,-1,15,10002.199000,24.393000,355.450237,358.427206,360.000000,633,4.549763,PI,FIFO,true,PI_FIFO,355.450237
18.260022,-1,15,9997.616000,22.009000,359.276375,358.554581,360.000000,627,0.723625,PI,FIFO,true,PI_FIFO,359.276375
18.270024,-1,15,10002.125000,24.134000,362.168874,359.096725,360.000000,622,-2.168874,PI,FIFO,true,PI_FIFO,362.168874
18.280022,-1,15,9998.006000,22.140000,364.368999,359.887566,360.000000,617,-4.368999,PI,FIFO,true,PI_FIFO,364.368999
18.290033,-1,15,10011.159000,33.299000,359.983544,359.901963,360.000000,623,0.016456,PI,FIFO,true,PI_FIFO,359.983544
18.300023,-1,15,9990.104000,23.403000,360.392107,359.975484,360.000000,623,-0.392107,PI,FIFO,true,PI_FIFO,360.392107
18.310025,-1,15,10001.512000,24.915000,361.445783,360.196029,360.000000,620,-1.445783,PI,FIFO,true,PI_FIFO,361.445783
18.320023,-1,15,9997.747000,22.662000,359.884837,360.149350,360.000000,623,0.115163,PI,FIFO,true,PI_FIFO,359.884837
18.330025,-1,15,10001.846000,24.508000,359.786184,360.094875,360.000000,623,0.213816,PI,FIFO,true,PI_FIFO,359.786184
18.340021,-1,15,9996.856000,21.364000,362.875683,360.511996,360.000000,617,-2.875683,PI,FIFO,true,PI_FIFO,362.875683
18.350024,-1,14,10002.867000,24.231000,367.235590,361.520536,360.000000,607,-7.235590,PI,FIFO,true,PI_FIFO,367.235590
18.360035,-1,15,10010.491000,34.722000,361.875965,361.573850,360.000000,615,-1.875965,PI,FIFO,true,PI_FIFO,361.875965
18.370044,-1,15,10009.453000,44.175000,360.088116,361.350990,360.000000,618,-0.088116,PI,FIFO,true,PI_FIFO,360.088116
18.380023,-1,15,9978.564000,22.739000,355.691057,360.502000,360.000000,626,4.308943,PI,FIFO,true,PI_FIFO,355.691057
18.390025,-1,15,10002.403000,25.142000,356.463878,359.896282,360.000000,627,3.536122,PI,FIFO,true,PI_FIFO,356.463878
18.400022,-1,15,9996.986000,22.128000,352.065451,358.721657,360.000000,637,7.934549,PI,FIFO,true,PI_FIFO,352.065451
18.410022,-1,15,9999.546000,21.674000,357.313006,358.510359,360.000000,630,2.686994,PI,FIFO,true,PI_FIFO,357.313006
18.420023,-1,15,10001.253000,22.927000,357.278963,358.325650,360.000000,631,2.721037,PI,FIFO,true,PI_FIFO,357.278963
18.430025,-1,15,10002.162000,25.089000,362.493958,358.950896,360.000000,622,-2.493958,PI,FIFO,true,PI_FIFO,362.493958
18.440027,-1,15,10002.328000,27.417000,361.969112,359.403629,360.000000,622,-1.969112,PI,FIFO,true,PI_FIFO,361.969112
18.450027,-1,15,9999.342000,26.759000,363.206472,359.974055,360.000000,618,-3.206472,PI,FIFO,true,PI_FIFO,363.206472
18.460021,-1,15,9994.723000,21.482000,360.775151,360.094220,360.000000,622,-0.775151,PI,FIFO,true,PI_FIFO,360.775151
18.470024,-1,15,10003.015000,24.497000,361.230734,360.264697,360.000000,621,-1.230734,PI,FIFO,true,PI_FIFO,361.230734
18.480022,-1,15,9997.190000,21.687000,359.786184,360.192920,360.000000,623,0.213816,PI,FIFO,true,PI_FIFO,359.786184
18.490026,-1,15,10004.165000,25.852000,361.620058,360.406991,360.000000,619,-1.620058,PI,FIFO,true,PI_FIFO,361.620058
18.500021,-1,15,9995.502000,21.354000,360.207480,360.377064,360.000000,621,-0.207480,PI,FIFO,true,PI_FIFO,360.207480
18.510025,-1,15,10003.646000,25.000000,363.196126,360.799923,360.000000,616,-3.196126,PI,FIFO,true,PI_FIFO,363.196126
18.520021,-1,14,9996.281000,21.281000,364.502333,361.355285,360.000000,612,-4.502333,PI,FIFO,true,PI_FIFO,364.502333
18.530025,-1,14,10003.887000,25.168000,362.493958,361.526086,360.000000,614,-2.493958,PI,FIFO,true,PI_FIFO,362.493958
18.540022,-1,15,9996.411000,21.579000,359.983544,361.294704,360.000000,618,0.016456,PI,FIFO,true,PI_FIFO,359.983544
18.550024,-1,15,10002.588000,24.167000,356.294537,360.544679,360.000000,625,3.705463,PI,FIFO,true,PI_FIFO,356.294537
18.560023,-1,15,9999.101000,23.268000,356.554260,359.946116,360.000000,626,3.445740,PI,FIFO,true,PI_FIFO,356.554260
18.570024,-1,15,10001.086000,24.354000,353.684608,359.006890,360.000000,633,6.315392,PI,FIFO,true,PI_FIFO,353.684608
18.580022,-1,15,9997.450000,21.804000,356.554260,358.638995,360.000000,630,3.445740,PI,FIFO,true,PI_FIFO,356.554260
18.590022,-1,15,10000.028000,21.832000,357.653791,358.491215,360.000000,629,2.346209,PI,FIFO,true,PI_FIFO,357.653791
18.600021,-1,15,9999.546000,21.378000,363.196126,359.196951,360.000000,619,-3.196126,PI,FIFO,true,PI_FIFO,363.196126
18.610024,-1,15,10002.960000,24.338000,361.875965,359.598804,360.000000,621,-1.875965,PI,FIFO,true,PI_FIFO,361.875965
18.620022,-1,15,9997.171000,21.509000,362.493958,360.033077,360.000000,619,-2.493958,PI,FIFO,true,PI_FIFO,362.493958
18.630024,-1,15,10002.718000,24.227000,358.802624,359.848509,360.000000,625,1.197376,PI,FIFO,true,PI_FIFO,358.802624
18.640022,-1,15,9997.691000,21.918000,360.923965,360.009827,360.000000,621,-0.923965,PI,FIFO,true,PI_FIFO,360.923965
18.650024,-1,15,10002.051000,23.969000,356.916244,359.545790,360.000000,629,3.083756,PI,FIFO,true,PI_FIFO,356.916244
18.660022,-1,15,9998.117000,22.086000,360.750361,359.726475,360.000000,622,-0.750361,PI,FIFO,true,PI_FIFO,360.750361
18.670032,-1,15,10009.416000,31.502000,362.435567,360.132839,360.000000,619,-2.435567,PI,FIFO,true,PI_FIFO,362.435567
18.680023,-1,14,9991.680000,23.182000,366.032211,361.017745,360.000000,611,-6.032211,PI,FIFO,true,PI_FIFO,366.032211
18.690024,-1,15,10001.234000,24.416000,362.435567,361.230418,360.000000,615,-2.435567,PI,FIFO,true,PI_FIFO,362.435567
18.700022,-1,14,9997.413000,21.829000,362.669246,361.446242,360.000000,614,-2.669246,PI,FIFO,true,PI_FIFO,362.669246
18.710024,-1,15,10002.662000,24.491000,357.240065,360.815316,360.000000,623,2.759935,PI,FIFO,true,PI_FIFO,357.240065
18.720022,-1,15,9997.023000,21.514000,355.618777,360.035835,360.000000,628,4.381223,PI,FIFO,true,PI_FIFO,355.618777
18.730024,-1,15,10002.626000,24.140000,354.921579,359.268697,360.000000,631,5.078421,PI,FIFO,true,PI_FIFO,354.921579
18.740022,-1,15,9997.728000,21.868000,356.463878,358.847974,360.000000,630,3.536122,PI,FIFO,true,PI_FIFO,356.463878
18.750024,-1,15,10002.514000,24.382000,356.012658,358.422676,360.000000,632,3.987342,PI,FIFO,true,PI_FIFO,356.012658
18.760022,-1,15,9997.283000,21.665000,359.539789,358.590243,360.000000,627,0.460211,PI,FIFO,true,PI_FIFO,359.539789
18.770025,-1,15,10002.922000,24.587000,363.936335,359.392157,360.000000,618,-3.936335,PI,FIFO,true,PI_FIFO,363.936335
18.780026,-1,15,10001.550000,26.137000,362.143892,359.804917,360.000000,620,-2.143892,PI,FIFO,true,PI_FIFO,362.143892
18.790025,-1,15,9998.915000,25.052000,361.570248,360.069717,360.000000,621,-1.570248,PI,FIFO,true,PI_FIFO,361.570248
18.800022,-1,15,9996.893000,21.945000,360.576923,360.145798,360.000000,622,-0.576923,PI,FIFO,true,PI_FIFO,360.576923
18.810024,-1,15,10002.422000,24.367000,360.973597,360.269968,360.000000,621,-0.973597,PI,FIFO,true,PI_FIFO,360.973597
18.820035,-1,15,10010.417000,34.784000,359.539789,360.160441,360.000000,623,0.460211,PI,FIFO,true,PI_FIFO,359.539789
18.830027,-1,15,9991.829000,26.613000,361.503856,360.361953,360.000000,620,-1.503856,PI,FIFO,true,PI_FIFO,361.503856
18.840023,-1,15,9995.891000,22.504000,361.794501,360.576835,360.000000,618,-1.794501,PI,FIFO,true,PI_FIFO,361.794501
18.850024,-1,14,10001.735000,24.239000,366.401772,361.450576,360.000000,609,-6.401772,PI,FIFO,true,PI_FIFO,366.401772
18.860021,-1,15,9997.005000,21.244000,361.271676,361.423741,360.000000,616,-1.271676,PI,FIFO,true,PI_FIFO,361.271676
18.870025,-1,15,10003.349000,24.593000,361.132512,361.380056,360.000000,616,-1.132512,PI,FIFO,true,PI_FIFO,361.132512
18.880031,-1,15,10006.391000,30.984000,357.483317,360.795546,360.000000,623,2.516683,PI,FIFO,true,PI_FIFO,357.483317
18.890025,-1,15,9994.074000,25.058000,355.691057,360.029872,360.000000,627,4.308943,PI,FIFO,true,PI_FIFO,355.691057
18.900021,-1,15,9996.021000,21.079000,352.278065,358.867101,360.000000,636,7.721935,PI,FIFO,true,PI_FIFO,352.278065
18.910025,-1,15,10003.479000,24.558000,356.077048,358.448593,360.000000,631,3.922952,PI,FIFO,true,PI_FIFO,356.077048
18.920021,-1,15,9996.819000,21.377000,356.125356,358.100108,360.000000,633,3.874644,PI,FIFO,true,PI_FIFO,356.125356
18.930025,-1,15,10004.109000,25.486000,362.062307,358.694438,360.000000,623,-2.062307,PI,FIFO,true,PI_FIFO,362.062307
18.940024,-1,15,9998.062000,23.548000,363.020329,359.343321,360.000000,620,-3.020329,PI,FIFO,true,PI_FIFO,363.020329
18.950022,-1,15,9998.322000,21.870000,363.936335,360.032273,360.000000,617,-3.936335,PI,FIFO,true,PI_FIFO,363.936335
18.960023,-1,15,10000.808000,22.678000,360.230548,360.062015,360.000000,623,-0.230548,PI,FIFO,true,PI_FIFO,360.230548
18.970026,-1,15,10003.145000,25.823000,360.576923,360.139251,360.000000,622,-0.576923,PI,FIFO,true,PI_FIFO,360.576923
18.980023,-1,15,9996.856000,22.679000,358.851675,359.946114,360.000000,625,1.148325,PI,FIFO,true,PI_FIFO,358.851675
18.990035,-1,15,10011.994000,34.673000,361.132512,360.124074,360.000000,621,-1.132512,PI,FIFO,true,PI_FIFO,361.132512
19.000023,-1,15,9988.081000,22.754000,361.097737,360.270123,360.000000,621,-1.097737,PI,FIFO,true,PI_FIFO,361.097737
19.010025,-1,15,10002.180000,24.934000,363.559979,360.763602,360.000000,615,-3.559979,PI,FIFO,true,PI_FIFO,363.559979
19.020021,-1,14,9996.448000,21.382000,365.675280,361.500354,360.000000,610,-5.675280,PI,FIFO,true,PI_FIFO,365.675280
19.030024,-1,14,10002.635000,24.017000,362.062307,361.584647,360.000000,614,-2.062307,PI,FIFO,true,PI_FIFO,362.062307
19.040021,-1,15,9997.451000,21.468000,359.023456,361.200468,360.000000,620,0.976544,PI,FIFO,true,PI_FIFO,359.023456
19.050025,-1,15,10003.666000,25.134000,356.270358,360.460952,360.000000,625,3.729642,PI,FIFO,true,PI_FIFO,356.270358
19.060034,-1,15,10008.785000,33.919000,356.224855,359.825537,360.000000,627,3.775145,PI,FIFO,true,PI_FIFO,356.224855
19.070040,-1,15,10005.762000,39.681000,353.964401,358.946367,360.000000,633,6.035599,PI,FIFO,true,PI_FIFO,353.964401
19.080023,-1,15,9983.278000,22.959000,356.193009,358.533363,360.000000,631,3.806991,PI,FIFO,true,PI_FIFO,356.193009
19.090024,-1,15,10001.532000,24.491000,357.653791,358.401427,360.000000,630,2.346209,PI,FIFO,true,PI_FIFO,357.653791
19.100020,-1,15,9995.281000,19.772000,361.570248,358.876750,360.000000,623,-1.570248,PI,FIFO,true,PI_FIFO,361.570248
19.110025,-1,15,10005.613000,25.385000,361.794501,359.314413,360.000000,622,-1.794501,PI,FIFO,true,PI_FIFO,361.794501
19.120022,-1,15,9996.969000,22.354000,363.748060,359.979460,360.000000,617,-3.748060,PI,FIFO,true,PI_FIFO,363.748060
19.130025,-1,15,10002.311000,24.665000,360.923965,360.121136,360.000000,621,-0.923965,PI,FIFO,true,PI_FIFO,360.923965
19.140023,-1,15,9998.082000,22.747000,361.132512,360.272842,360.000000,621,-1.132512,PI,FIFO,true,PI_FIFO,361.132512
19.150024,-1,15,10001.551000,24.298000,357.824427,359.905580,360.000000,627,2.175573,PI,FIFO,true,PI_FIFO,357.824427
19.160026,-1,15,10001.699000,25.997000,361.769570,360.185178,360.000000,620,-1.769570,PI,FIFO,true,PI_FIFO,361.769570
19.170025,-1,15,9998.638000,24.635000,360.088116,360.170619,360.000000,622,-0.088116,PI,FIFO,true,PI_FIFO,360.088116
19.180022,-1,14,9997.656000,22.291000,364.988877,360.893358,360.000000,613,-4.988877,PI,FIFO,true,PI_FIFO,364.988877
19.190024,-1,14,10002.144000,24.435000,363.703788,361.314922,360.000000,613,-3.703788,PI,FIFO,true,PI_FIFO,363.703788
19.200022,-1,14,9997.395000,21.830000,363.573407,361.653695,360.000000,612,-3.573407,PI,FIFO,true,PI_FIFO,363.573407
19.210024,-1,15,10002.052000,23.882000,356.972870,360.951571,360.000000,624,3.027130,PI,FIFO,true,PI_FIFO,356.972870
19.220022,-1,15,9998.564000,22.446000,355.691057,360.162494,360.000000,627,4.308943,PI,FIFO,true,PI_FIFO,355.691057
19.230024,-1,15,10001.681000,24.127000,355.113636,359.405165,360.000000,630,4.886364,PI,FIFO,true,PI_FIFO,355.113636
19.240022,-1,15,9998.007000,22.134000,354.755298,358.707685,360.000000,633,5.244702,PI,FIFO,true,PI_FIFO,354.755298
19.250024,-1,15,10002.015000,24.149000,355.787476,358.269654,360.000000,633,4.212524,PI,FIFO,true,PI_FIFO,355.787476
19.260022,-1,15,9997.822000,21.971000,360.230548,358.563788,360.000000,626,-0.230548,PI,FIFO,true,PI_FIFO,360.230548
19.270024,-1,15,10002.088000,24.059000,364.583333,359.466720,360.000000,617,-4.583333,PI,FIFO,true,PI_FIFO,364.583333
19.280021,-1,15,9997.210000,21.269000,362.051340,359.854413,360.000000,620,-2.051340,PI,FIFO,true,PI_FIFO,362.051340
19.290024,-1,15,10002.905000,24.174000,360.973597,360.022291,360.000000,622,-0.973597,PI,FIFO,true,PI_FIFO,360.973597
19.300022,-1,15,9997.655000,21.829000,359.367513,359.924074,360.000000,624,0.632487,PI,FIFO,true,PI_FIFO,359.367513
19.310024,-1,15,10002.312000,24.141000,361.318088,360.133176,360.000000,621,-1.318088,PI,FIFO,true,PI_FIFO,361.318088
19.320021,-1,15,9997.098000,21.239000,358.508604,359.889490,360.000000,626,1.491396,PI,FIFO,true,PI_FIFO,358.508604
19.330024,-1,15,10003.221000,24.460000,361.875965,360.187462,360.000000,620,-1.875965,PI,FIFO,true,PI_FIFO,361.875965
19.340021,-1,15,9996.672000,21.132000,362.493958,360.533436,360.000000,618,-2.493958,PI,FIFO,true,PI_FIFO,362.493958
19.350024,-1,14,10003.331000,24.463000,366.592805,361.442341,360.000000,609,-6.592805,PI,FIFO,true,PI_FIFO,366.592805
19.360020,-1,15,9995.726000,20.189000,361.620058,361.468999,360.000000,616,-1.620058,PI,FIFO,true,PI_FIFO,361.620058
19.370032,-1,15,10011.772000,31.961000,361.570248,361.484186,360.000000,615,-1.570248,PI,FIFO,true,PI_FIFO,361.570248
19.380023,-1,15,9990.884000,22.845000,356.803045,360.782015,360.000000,624,3.196955,PI,FIFO,true,PI_FIFO,356.803045
19.390025,-1,15,10001.811000,24.656000,356.554260,360.147852,360.000000,626,3.445740,PI,FIFO,true,PI_FIFO,356.554260
19.400022,-1,15,9997.098000,21.754000,353.440151,359.141697,360.000000,633,6.559849,PI,FIFO,true,PI_FIFO,353.440151
19.410024,-1,15,10002.442000,24.196000,356.463878,358.740024,360.000000,630,3.536122,PI,FIFO,true,PI_FIFO,356.463878
19.420022,-1,15,9997.896000,22.092000,356.294537,358.373201,360.000000,632,3.705463,PI,FIFO,true,PI_FIFO,356.294537
19.430024,-1,15,10001.940000,24.032000,360.775151,358.733493,360.000000,625,-0.775151,PI,FIFO,true,PI_FIFO,360.775151
19.440021,-1,15,9997.358000,21.390000,362.215909,359.255856,360.000000,621,-2.215909,PI,FIFO,true,PI_FIFO,362.215909
19.450024,-1,15,10002.553000,23.943000,364.988877,360.115809,360.000000,615,-4.988877,PI,FIFO,true,PI_FIFO,364.988877
19.460022,-1,15,9997.878000,21.821000,360.740154,360.209461,360.000000,621,-0.740154,PI,FIFO,true,PI_FIFO,360.740154
19.470024,-1,15,10002.144000,23.965000,360.973597,360.324081,360.000000,621,-0.973597,PI,FIFO,true,PI_FIFO,360.973597
19.480021,-1,15,9996.913000,20.878000,359.367513,360.180596,360.000000,623,0.632487,PI,FIFO,true,PI_FIFO,359.367513
19.490024,-1,15,10003.517000,24.395000,360.392107,360.212323,360.000000,622,-0.392107,PI,FIFO,true,PI_FIFO,360.392107
19.500021,-1,15,9996.171000,20.566000,360.057609,360.189116,360.000000,622,-0.057609,PI,FIFO,true,PI_FIFO,360.057609
19.510024,-1,14,10003.183000,23.749000,363.936335,360.751199,360.000000,614,-3.936335,PI,FIFO,true,PI_FIFO,363.936335
19.520021,-1,14,9997.043000,20.792000,365.497076,361.463080,360.000000,610,-5.497076,PI,FIFO,true,PI_FIFO,365.497076
19.530024,-1,15,10003.276000,24.068000,361.570248,361.479155,360.000000,615,-1.570248,PI,FIFO,true,PI_FIFO,361.570248
19.540021,-1,15,9996.784000,20.852000,359.884837,361.240008,360.000000,618,0.115163,PI,FIFO,true,PI_FIFO,359.884837
19.550022,-1,15,10001.625000,22.477000,355.472700,360.374911,360.000000,627,4.527300,PI,FIFO,true,PI_FIFO,355.472700
19.560021,-1,15,9998.341000,20.818000,355.618777,359.661491,360.000000,628,4.381223,PI,FIFO,true,PI_FIFO,355.618777
19.570024,-1,15,10003.220000,24.038000,352.254428,358.550432,360.000000,637,7.745572,PI,FIFO,true,PI_FIFO,352.254428
19.580020,-1,15,9996.450000,20.488000,356.803045,358.288324,360.000000,631,3.196955,PI,FIFO,true,PI_FIFO,356.803045
19.590024,-1,15,10003.628000,24.116000,358.006619,358.246068,360.000000,630,1.993381,PI,FIFO,true,PI_FIFO,358.006619
19.600021,-1,15,9996.913000,21.029000,363.724539,359.067839,360.000000,619,-3.724539,PI,FIFO,true,PI_FIFO,363.724539
19.610024,-1,15,10003.072000,24.101000,360.576923,359.294201,360.000000,624,-0.576923,PI,FIFO,true,PI_FIFO,360.576923
19.620021,-1,15,9996.542000,20.643000,364.202468,360.030441,360.000000,617,-4.202468,PI,FIFO,true,PI_FIFO,364.202468
19.630024,-1,15,10003.239000,23.882000,360.181120,360.053043,360.000000,623,-0.181120,PI,FIFO,true,PI_FIFO,360.181120
19.640021,-1,15,9996.969000,20.851000,361.097737,360.209747,360.000000,621,-1.097737,PI,FIFO,true,PI_FIFO,361.097737
19.650024,-1,15,10003.183000,24.034000,358.371560,359.934019,360.000000,626,1.628440,PI,FIFO,true,PI_FIFO,358.371560
19.660024,-1,15,10000.029000,24.063000,362.318841,360.291742,360.000000,619,-2.318841,PI,FIFO,true,PI_FIFO,362.318841
19.670023,-1,15,9998.602000,22.665000,360.392107,360.306797,360.000000,622,-0.392107,PI,FIFO,true,PI_FIFO,360.392107
19.680022,-1,14,9998.879000,21.544000,365.319045,361.058634,360.000000,612,-5.319045,PI,FIFO,true,PI_FIFO,365.319045
19.690031,-1,14,10009.324000,30.868000,363.936335,361.490289,360.000000,612,-3.936335,PI,FIFO,true,PI_FIFO,363.936335
19.700022,-1,14,9991.533000,22.401000,363.196126,361.746165,360.000000,612,-3.196126,PI,FIFO,true,PI_FIFO,363.196126
19.710025,-1,15,10002.330000,24.731000,357.434641,361.099436,360.000000,622,2.565359,PI,FIFO,true,PI_FIFO,357.434641
19.720021,-1,15,9996.431000,21.162000,356.803045,360.454977,360.000000,625,3.196955,PI,FIFO,true,PI_FIFO,356.803045
19.730024,-1,15,10003.257000,24.419000,355.832490,359.761604,360.000000,628,4.167510,PI,FIFO,true,PI_FIFO,355.832490
19.740021,-1,15,9996.227000,20.646000,355.450237,359.114899,360.000000,630,4.549763,PI,FIFO,true,PI_FIFO,355.450237
19.750024,-1,15,10003.313000,23.959000,353.964401,358.342325,360.000000,635,6.035599,PI,FIFO,true,PI_FIFO,353.964401
19.760026,-1,15,10001.996000,25.955000,358.508604,358.367266,360.000000,629,1.491396,PI,FIFO,true,PI_FIFO,358.508604
19.770044,-1,15,10017.597000,43.552000,363.936335,359.202627,360.000000,618,-3.936335,PI,FIFO,true,PI_FIFO,363.936335
19.780024,-1,15,9979.958000,23.510000,362.248841,359.659559,360.000000,620,-2.248841,PI,FIFO,true,PI_FIFO,362.248841
19.790030,-1,15,10006.225000,29.735000,362.844702,360.137330,360.000000,618,-2.844702,PI,FIFO,true,PI_FIFO,362.844702
19.800022,-1,15,9992.684000,22.419000,359.654731,360.064941,360.000000,623,0.345269,PI,FIFO,true,PI_FIFO,359.654731
19.810025,-1,15,10002.385000,24.804000,359.884837,360.037925,360.000000,623,0.115163,PI,FIFO,true,PI_FIFO,359.884837
19.820037,-1,15,10012.607000,37.411000,355.883948,359.414828,360.000000,631,4.116052,PI,FIFO,true,PI_FIFO,355.883948
19.830026,-1,15,9989.048000,26.459000,360.750361,359.615158,360.000000,623,-0.750361,PI,FIFO,true,PI_FIFO,360.750361
19.840022,-1,15,9995.837000,22.296000,361.875965,359.954279,360.000000,620,-1.875965,PI,FIFO,true,PI_FIFO,361.875965
19.850025,-1,14,10002.422000,24.718000,366.568915,360.946475,360.000000,610,-6.568915,PI,FIFO,true,PI_FIFO,366.568915
19.860021,-1,15,9996.246000,20.964000,362.435567,361.169839,360.000000,616,-2.435567,PI,FIFO,true,PI_FIFO,362.435567
19.870025,-1,14,10004.166000,25.130000,362.669246,361.394750,360.000000,614,-2.669246,PI,FIFO,true,PI_FIFO,362.669246
19.880024,-1,15,9998.527000,23.657000,357.629428,360.829951,360.000000,623,2.370572,PI,FIFO,true,PI_FIFO,357.629428
19.890022,-1,15,9998.583000,22.240000,355.747768,360.067624,360.000000,628,4.252232,PI,FIFO,true,PI_FIFO,355.747768
19.900023,-1,15,10000.382000,22.622000,354.155424,359.180794,360.000000,633,5.844576,PI,FIFO,true,PI_FIFO,354.155424
19.910024,-1,15,10001.384000,24.006000,357.995227,359.002959,360.000000,628,2.004773,PI,FIFO,true,PI_FIFO,357.995227
19.920023,-1,15,9998.712000,22.718000,356.657609,358.651156,360.000000,631,3.342391,PI,FIFO,true,PI_FIFO,356.657609
19.930025,-1,15,10001.866000,24.584000,360.230548,358.888065,360.000000,625,-0.230548,PI,FIFO,true,PI_FIFO,360.230548
19.940022,-1,15,9997.154000,21.738000,362.996902,359.504391,360.000000,620,-2.996902,PI,FIFO,true,PI_FIFO,362.996902
19.950024,-1,15,10002.238000,23.976000,362.844702,360.005437,360.000000,619,-2.844702,PI,FIFO,true,PI_FIFO,362.844702
19.960024,-1,15,10000.252000,24.228000,360.923965,360.143217,360.000000,622,-0.923965,PI,FIFO,true,PI_FIFO,360.923965
19.970024,-1,15,10000.178000,24.406000,360.576923,360.208273,360.000000,622,-0.576923,PI,FIFO,true,PI_FIFO,360.576923
19.980021,-1,15,9996.746000,21.152000,359.884837,360.159757,360.000000,623,0.115163,PI,FIFO,true,PI_FIFO,359.884837
19.990024,-1,15,10003.202000,24.354000,360.023041,360.139250,360.000000,623,-0.023041,PI,FIFO,true,PI_FIFO,360.023041
