elapsed_s,step_index,pwm_percent,loop_period_us,late_us,raw_rpm,filtered_rpm,target_rpm,pwm,error_rpm,intended_mode,intended_fifo,fifo_active,condition,fb_rpm
0.010021,-1,17,10020.898000,20.898000,0.000000,0.000000,360.000000,711,360.000000,PI,FIFO,true,PI_FIFO,0.000000
0.020016,-1,21,9995.121000,16.019000,0.000000,0.000000,360.000000,860,360.000000,PI,FIFO,true,PI_FIFO,0.000000
0.030019,-1,24,10003.454000,19.473000,0.002632,0.000395,360.000000,1008,359.997368,PI,FIFO,true,PI_FIFO,0.001579
0.040032,-1,21,10012.324000,31.797000,248.350352,37.252888,360.000000,862,111.649648,PI,FIFO,true,PI_FIFO,149.010843
0.050021,-1,17,9988.973000,20.770000,351.914414,84.452117,360.000000,708,8.085586,PI,FIFO,true,PI_FIFO,270.752986
0.060019,-1,14,9998.602000,19.372000,393.540112,130.815316,360.000000,600,-33.540112,PI,FIFO,true,PI_FIFO,344.425261
0.070018,-1,13,9998.862000,18.234000,392.259414,170.031931,360.000000,549,-32.259414,PI,FIFO,true,PI_FIFO,373.125753
0.080018,-1,13,9999.750000,17.984000,375.353274,200.830132,360.000000,541,-15.353274,PI,FIFO,true,PI_FIFO,374.462265
0.090018,-1,13,10000.121000,18.105000,363.372093,225.211427,360.000000,548,-3.372093,PI,FIFO,true,PI_FIFO,367.808162
0.100015,-1,13,9997.214000,15.319000,349.813433,243.901727,360.000000,567,10.186567,PI,FIFO,true,PI_FIFO,357.011324
0.110019,-1,14,10003.916000,19.235000,342.153285,258.639461,360.000000,585,17.846715,PI,FIFO,true,PI_FIFO,348.096501
0.120016,-1,14,9997.066000,16.301000,334.343795,269.995111,360.000000,607,25.656205,PI,FIFO,true,PI_FIFO,339.844877
0.130020,-1,15,10003.657000,19.958000,340.053013,280.503796,360.000000,615,19.946987,PI,FIFO,true,PI_FIFO,339.969759
0.140015,-1,15,9995.381000,15.339000,339.366516,289.333204,360.000000,624,20.633484,PI,FIFO,true,PI_FIFO,339.607813
0.150019,-1,15,10003.528000,18.867000,347.958643,298.127020,360.000000,622,12.041357,PI,FIFO,true,PI_FIFO,344.618311
0.160015,-1,15,9995.954000,14.821000,354.777673,306.624618,360.000000,616,5.222327,PI,FIFO,true,PI_FIFO,350.713928
0.170018,-1,15,10003.269000,18.090000,353.926222,313.719859,360.000000,617,6.073778,PI,FIFO,true,PI_FIFO,352.641304
0.180015,-1,15,9997.065000,15.155000,353.306953,319.657923,360.000000,619,6.693047,PI,FIFO,true,PI_FIFO,353.040693
0.190018,-1,15,10002.843000,17.998000,351.499732,324.434194,360.000000,623,8.500268,PI,FIFO,true,PI_FIFO,352.116117
0.200015,-1,15,9996.750000,14.748000,351.452671,328.486966,360.000000,627,8.547329,PI,FIFO,true,PI_FIFO,351.718049
0.210018,-1,15,10002.917000,17.665000,348.661141,331.513092,360.000000,635,11.338859,PI,FIFO,true,PI_FIFO,349.883904
0.220018,-1,15,10000.084000,17.749000,353.306953,334.782171,360.000000,635,6.693047,PI,FIFO,true,PI_FIFO,351.937734
0.230018,-1,15,10000.306000,18.055000,353.582974,337.602292,360.000000,636,6.417026,PI,FIFO,true,PI_FIFO,352.924878
0.240018,-1,15,9999.676000,17.731000,360.542256,341.043286,360.000000,630,-0.542256,PI,FIFO,true,PI_FIFO,357.495305
0.250018,-1,15,10000.214000,17.945000,360.429055,343.951151,360.000000,627,-0.429055,PI,FIFO,true,PI_FIFO,359.255555
0.260018,-1,15,10000.084000,18.029000,364.077670,346.970129,360.000000,622,-4.077670,PI,FIFO,true,PI_FIFO,362.148824
0.270017,-1,15,9998.472000,16.501000,361.445783,349.141477,360.000000,622,-1.445783,PI,FIFO,true,PI_FIFO,361.726999
0.280019,-1,15,10002.547000,19.048000,362.062307,351.079602,360.000000,621,-2.062307,PI,FIFO,true,PI_FIFO,361.928184
0.290015,-1,15,9996.250000,15.298000,358.166189,352.142590,360.000000,625,1.833811,PI,FIFO,true,PI_FIFO,359.670987
0.300018,-1,15,10002.584000,17.882000,362.168874,353.646533,360.000000,622,-2.168874,PI,FIFO,true,PI_FIFO,361.169719
0.310051,-1,15,10033.434000,51.316000,360.023041,354.603009,360.000000,623,-0.023041,PI,FIFO,true,PI_FIFO,360.481713
0.320035,-1,15,9983.603000,34.919000,363.703788,355.968126,360.000000,619,-3.703788,PI,FIFO,true,PI_FIFO,362.414958
0.330034,-1,15,9999.418000,34.337000,362.435567,356.938242,360.000000,618,-2.435567,PI,FIFO,true,PI_FIFO,362.427323
0.340031,-1,15,9996.509000,30.846000,362.809598,357.818945,360.000000,616,-2.809598,PI,FIFO,true,PI_FIFO,362.656688
0.350027,-1,15,9996.545000,27.391000,356.890363,357.679658,360.000000,622,3.109637,PI,FIFO,true,PI_FIFO,359.196893
0.360026,-1,15,9998.712000,26.103000,355.956336,357.421160,360.000000,626,4.043664,PI,FIFO,true,PI_FIFO,357.252559
0.370018,-1,15,9991.934000,18.037000,355.113636,357.075031,360.000000,630,4.886364,PI,FIFO,true,PI_FIFO,355.969205
0.380049,-1,15,10030.989000,49.026000,354.107649,356.629924,360.000000,634,5.892351,PI,FIFO,true,PI_FIFO,354.852271
0.390034,-1,15,9985.416000,34.442000,353.293639,356.129481,360.000000,638,6.706361,PI,FIFO,true,PI_FIFO,353.917092
0.400017,-1,15,9982.453000,16.895000,357.496949,356.334601,360.000000,636,2.503051,PI,FIFO,true,PI_FIFO,356.065006
0.410020,-1,15,10003.119000,20.014000,363.703788,357.439979,360.000000,628,-3.703788,PI,FIFO,true,PI_FIFO,360.648275
0.420016,-1,15,9995.490000,15.504000,362.569061,358.209342,360.000000,626,-2.569061,PI,FIFO,true,PI_FIFO,361.800747
0.430016,-1,15,10000.545000,16.049000,364.077670,359.089591,360.000000,622,-4.077670,PI,FIFO,true,PI_FIFO,363.166901
0.440018,-1,15,10001.657000,17.706000,361.875965,359.507547,360.000000,623,-1.875965,PI,FIFO,true,PI_FIFO,362.392339
0.450019,-1,15,10001.230000,18.936000,363.020329,360.034464,360.000000,621,-3.020329,PI,FIFO,true,PI_FIFO,362.769133
0.460019,-1,15,9999.638000,18.574000,356.657609,359.527936,360.000000,627,3.342391,PI,FIFO,true,PI_FIFO,359.102218
0.470018,-1,15,9999.082000,17.656000,361.394558,359.807929,360.000000,625,-1.394558,PI,FIFO,true,PI_FIFO,360.477622
0.480018,-1,15,10000.434000,18.090000,360.933891,359.976823,360.000000,624,-0.933891,PI,FIFO,true,PI_FIFO,360.751383
0.490018,-1,15,9999.693000,17.783000,365.908256,360.866538,360.000000,617,-5.908256,PI,FIFO,true,PI_FIFO,363.845507
0.500018,-1,15,10000.046000,17.829000,361.794501,361.005733,360.000000,618,-1.794501,PI,FIFO,true,PI_FIFO,362.614903
0.510018,-1,15,9999.823000,17.652000,362.929986,361.294371,360.000000,617,-2.929986,PI,FIFO,true,PI_FIFO,362.803953
0.520019,-1,15,10001.656000,19.308000,355.652504,360.448091,360.000000,624,4.347496,PI,FIFO,true,PI_FIFO,358.513083
0.530018,-1,15,9998.915000,18.223000,354.934377,359.621033,360.000000,629,5.065623,PI,FIFO,true,PI_FIFO,356.365859
0.540018,-1,15,9999.935000,18.158000,351.562500,358.412253,360.000000,636,8.437500,PI,FIFO,true,PI_FIFO,353.483844
0.550018,-1,15,10000.082000,18.240000,355.652504,357.998291,360.000000,636,4.347496,PI,FIFO,true,PI_FIFO,354.785040
0.560019,-1,15,10000.767000,19.007000,355.080011,357.560549,360.000000,638,4.919989,PI,FIFO,true,PI_FIFO,354.962023
0.570020,-1,15,10001.212000,20.219000,360.418497,357.989241,360.000000,634,-0.418497,PI,FIFO,true,PI_FIFO,358.235908
0.580017,-1,15,9996.897000,17.116000,363.196126,358.770274,360.000000,629,-3.196126,PI,FIFO,true,PI_FIFO,361.212039
0.590018,-1,15,10000.453000,17.569000,364.880643,359.686829,360.000000,624,-4.880643,PI,FIFO,true,PI_FIFO,363.413202
0.600015,-1,15,9997.767000,15.336000,363.196126,360.213224,360.000000,623,-3.196126,PI,FIFO,true,PI_FIFO,363.282956
0.610018,-1,15,10002.768000,18.104000,362.622486,360.574613,360.000000,622,-2.622486,PI,FIFO,true,PI_FIFO,362.886674
0.620018,-1,15,9999.841000,17.945000,361.794501,360.757596,360.000000,622,-1.794501,PI,FIFO,true,PI_FIFO,362.231370
0.630017,-1,15,9999.471000,17.416000,360.207480,360.675079,360.000000,624,-0.207480,PI,FIFO,true,PI_FIFO,361.017036
0.640018,-1,15,10000.879000,18.295000,359.884837,360.556543,360.000000,625,0.115163,PI,FIFO,true,PI_FIFO,360.337716
0.650020,-1,15,10001.804000,20.099000,361.503856,360.698640,360.000000,623,-1.503856,PI,FIFO,true,PI_FIFO,361.037400
0.660014,-1,15,9994.212000,14.311000,365.141188,361.365022,360.000000,618,-5.141188,PI,FIFO,true,PI_FIFO,363.499673
0.670019,-1,15,10004.341000,18.652000,362.062307,361.469615,360.000000,618,-2.062307,PI,FIFO,true,PI_FIFO,362.637253
0.680018,-1,15,9999.212000,17.864000,359.023456,361.102691,360.000000,621,0.976544,PI,FIFO,true,PI_FIFO,360.468975
0.690018,-1,15,9999.749000,17.613000,357.434641,360.552483,360.000000,625,2.565359,PI,FIFO,true,PI_FIFO,358.648374
0.700016,-1,15,9998.249000,15.862000,356.125356,359.888414,360.000000,628,3.874644,PI,FIFO,true,PI_FIFO,357.134563
0.710028,-1,15,10011.823000,27.685000,350.186766,358.433167,360.000000,638,9.813234,PI,FIFO,true,PI_FIFO,352.965885
0.720016,-1,15,9988.712000,16.397000,354.442344,357.834544,360.000000,639,5.557656,PI,FIFO,true,PI_FIFO,353.851760
0.730018,-1,15,10001.990000,18.387000,356.193009,357.588313,360.000000,638,3.806991,PI,FIFO,true,PI_FIFO,355.256510
0.740015,-1,15,9996.638000,15.025000,362.844702,358.376772,360.000000,631,-2.844702,PI,FIFO,true,PI_FIFO,359.809425
0.750018,-1,15,10003.378000,18.403000,361.689815,358.873728,360.000000,629,-1.689815,PI,FIFO,true,PI_FIFO,360.937659
0.760015,-1,15,9996.360000,14.763000,365.817969,359.915364,360.000000,623,-5.817969,PI,FIFO,true,PI_FIFO,363.865845
0.770018,-1,15,10003.545000,18.308000,361.913218,360.215042,360.000000,624,-1.913218,PI,FIFO,true,PI_FIFO,362.694269
0.780030,-1,15,10011.619000,29.927000,363.196126,360.662205,360.000000,622,-3.196126,PI,FIFO,true,PI_FIFO,362.995383
0.790037,-1,15,10006.971000,36.898000,359.287174,360.455950,360.000000,625,0.712826,PI,FIFO,true,PI_FIFO,360.770458
0.800021,-1,15,9984.527000,21.425000,362.318841,360.735384,360.000000,623,-2.318841,PI,FIFO,true,PI_FIFO,361.699487
0.810019,-1,15,9997.342000,18.767000,360.761929,360.739366,360.000000,624,-0.761929,PI,FIFO,true,PI_FIFO,361.136953
0.820018,-1,15,9999.378000,18.145000,364.963504,361.372986,360.000000,619,-4.963504,PI,FIFO,true,PI_FIFO,363.432883
0.830018,-1,15,9999.786000,17.931000,363.936335,361.757489,360.000000,617,-3.936335,PI,FIFO,true,PI_FIFO,363.734955
0.840017,-1,15,9998.638000,16.569000,363.548231,362.026100,360.000000,615,-3.548231,PI,FIFO,true,PI_FIFO,363.622920
0.850020,-1,15,10003.008000,19.577000,356.231680,361.156937,360.000000,622,3.768320,PI,FIFO,true,PI_FIFO,359.188176
0.860019,-1,15,9999.731000,19.308000,354.979175,360.230273,360.000000,628,5.020825,PI,FIFO,true,PI_FIFO,356.662775
0.870019,-1,15,9999.563000,18.871000,354.755298,359.409026,360.000000,631,5.244702,PI,FIFO,true,PI_FIFO,355.518289
0.880018,-1,15,9999.342000,18.213000,353.151683,358.470425,360.000000,636,6.848317,PI,FIFO,true,PI_FIFO,354.098325
0.890028,-1,15,10009.822000,28.035000,354.576399,357.886321,360.000000,638,5.423601,PI,FIFO,true,PI_FIFO,354.385170
0.900030,-1,15,10002.305000,30.340000,357.449242,357.820759,360.000000,637,2.550758,PI,FIFO,true,PI_FIFO,356.223613
0.910036,-1,15,10005.341000,35.681000,364.162523,358.772024,360.000000,629,-4.162523,PI,FIFO,true,PI_FIFO,360.986959
0.920033,-1,15,9997.730000,33.411000,362.772160,359.372044,360.000000,626,-2.772160,PI,FIFO,true,PI_FIFO,362.058080
0.930019,-1,15,9985.750000,19.161000,365.070093,360.226752,360.000000,622,-5.070093,PI,FIFO,true,PI_FIFO,363.865288
0.940013,-1,15,9993.545000,12.706000,363.171002,360.668389,360.000000,621,-3.171002,PI,FIFO,true,PI_FIFO,363.448716
0.950014,-1,15,10001.268000,13.974000,363.865709,361.147987,360.000000,619,-3.865709,PI,FIFO,true,PI_FIFO,363.698912
0.960015,-1,15,10000.619000,14.593000,357.858574,360.654575,360.000000,625,2.141426,PI,FIFO,true,PI_FIFO,360.194709
0.970015,-1,15,10000.619000,15.212000,361.769570,360.821824,360.000000,623,-1.769570,PI,FIFO,true,PI_FIFO,361.139626
0.980015,-1,15,10000.101000,15.313000,360.750361,360.811105,360.000000,623,-0.750361,PI,FIFO,true,PI_FIFO,360.906067
0.990014,-1,15,9999.008000,14.321000,365.497076,361.514001,360.000000,617,-5.497076,PI,FIFO,true,PI_FIFO,363.660672
1.000014,-1,15,9999.786000,14.107000,361.503856,361.512479,360.000000,618,-1.503856,PI,FIFO,true,PI_FIFO,362.366583
1.010014,-1,15,10000.027000,14.134000,363.372093,361.791421,360.000000,616,-3.372093,PI,FIFO,true,PI_FIFO,362.969889
1.020014,-1,15,10000.323000,14.457000,356.938892,361.063542,360.000000,622,3.061108,PI,FIFO,true,PI_FIFO,359.351291
1.030015,-1,15,10000.101000,14.558000,355.152073,360.176821,360.000000,627,4.847927,PI,FIFO,true,PI_FIFO,356.831760
1.040023,-1,15,10007.952000,22.510000,351.947443,358.942414,360.000000,634,8.052557,PI,FIFO,true,PI_FIFO,353.901169
1.050033,-1,15,10010.878000,33.388000,356.463878,358.570634,360.000000,633,3.536122,PI,FIFO,true,PI_FIFO,355.438795
1.060017,-1,15,9984.101000,17.489000,354.274917,357.926277,360.000000,637,5.725083,PI,FIFO,true,PI_FIFO,354.740468
1.070018,-1,15,10000.323000,17.812000,359.367513,358.142462,360.000000,633,0.632487,PI,FIFO,true,PI_FIFO,357.516695
1.080017,-1,15,9999.638000,17.450000,362.996902,358.870628,360.000000,628,-2.996902,PI,FIFO,true,PI_FIFO,360.804820
1.090017,-1,15,9999.712000,17.162000,365.141188,359.811212,360.000000,622,-5.141188,PI,FIFO,true,PI_FIFO,363.406641
1.100017,-1,15,9999.934000,17.096000,361.132512,360.009407,360.000000,624,-1.132512,PI,FIFO,true,PI_FIFO,362.042163
1.110018,-1,15,10000.619000,17.715000,361.271676,360.198747,360.000000,624,-1.271676,PI,FIFO,true,PI_FIFO,361.579871
1.120018,-1,15,10000.453000,18.168000,360.576923,360.255474,360.000000,624,-0.576923,PI,FIFO,true,PI_FIFO,360.978102
1.130017,-1,15,9999.175000,17.343000,359.884837,360.199878,360.000000,625,0.115163,PI,FIFO,true,PI_FIFO,360.322143
1.140017,-1,15,9999.786000,17.129000,359.589041,360.108253,360.000000,626,0.410959,PI,FIFO,true,PI_FIFO,359.882282
1.150019,-1,15,10001.415000,18.544000,363.537865,360.622694,360.000000,622,-3.537865,PI,FIFO,true,PI_FIFO,362.075632
1.160018,-1,15,9999.064000,17.608000,366.620112,361.522307,360.000000,615,-6.620112,PI,FIFO,true,PI_FIFO,364.802320
1.170018,-1,15,10000.693000,18.301000,361.620058,361.536970,360.000000,617,-1.620058,PI,FIFO,true,PI_FIFO,362.892963
1.180017,-1,15,9999.157000,17.458000,360.576923,361.392963,360.000000,619,-0.576923,PI,FIFO,true,PI_FIFO,361.503339
1.190018,-1,15,10000.119000,17.577000,356.125356,360.602822,360.000000,624,3.874644,PI,FIFO,true,PI_FIFO,358.276549
1.200018,-1,15,10000.138000,17.715000,356.851550,360.040131,360.000000,627,3.148450,PI,FIFO,true,PI_FIFO,357.421550
1.210018,-1,15,10000.471000,18.186000,351.288056,358.727320,360.000000,635,8.711944,PI,FIFO,true,PI_FIFO,353.741454
1.220018,-1,15,9999.601000,17.787000,354.945575,358.160058,360.000000,636,5.054425,PI,FIFO,true,PI_FIFO,354.463926
1.230017,-1,15,9999.600000,17.387000,355.883948,357.818641,360.000000,637,4.116052,PI,FIFO,true,PI_FIFO,355.315939
1.240018,-1,15,10000.157000,17.544000,361.097737,358.310506,360.000000,632,-1.097737,PI,FIFO,true,PI_FIFO,358.785018
1.250018,-1,15,10000.452000,17.996000,361.689815,358.817402,360.000000,629,-1.689815,PI,FIFO,true,PI_FIFO,360.527896
1.260018,-1,15,9999.805000,17.801000,366.748166,360.007017,360.000000,622,-6.748166,PI,FIFO,true,PI_FIFO,364.260058
1.270018,-1,15,9999.730000,17.531000,362.809598,360.427404,360.000000,621,-2.809598,PI,FIFO,true,PI_FIFO,363.389782
1.280018,-1,15,10000.119000,17.650000,363.724539,360.921974,360.000000,620,-3.724539,PI,FIFO,true,PI_FIFO,363.590636
1.290018,-1,15,10000.379000,18.029000,359.067000,360.643728,360.000000,624,0.933000,PI,FIFO,true,PI_FIFO,360.876455
1.300018,-1,15,9999.971000,18.000000,362.353851,360.900247,360.000000,621,-2.353851,PI,FIFO,true,PI_FIFO,361.762892
1.310018,-1,15,9999.638000,17.638000,360.378913,360.822046,360.000000,622,-0.378913,PI,FIFO,true,PI_FIFO,360.932505
1.320015,-1,15,9997.675000,15.313000,363.206472,361.179710,360.000000,619,-3.206472,PI,FIFO,true,PI_FIFO,362.296885
1.330018,-1,15,10003.102000,18.415000,363.976705,361.599260,360.000000,616,-3.976705,PI,FIFO,true,PI_FIFO,363.304777
1.340014,-1,15,9996.025000,14.440000,362.545496,361.741195,360.000000,616,-2.545496,PI,FIFO,true,PI_FIFO,362.849208
1.350018,-1,15,10003.692000,18.132000,355.305901,360.775901,360.000000,624,4.694099,PI,FIFO,true,PI_FIFO,358.323224
1.360018,-1,15,9999.656000,17.788000,354.408846,359.820843,360.000000,629,5.591154,PI,FIFO,true,PI_FIFO,355.974597
1.370018,-1,15,10000.321000,18.109000,353.430633,358.862311,360.000000,634,6.569367,PI,FIFO,true,PI_FIFO,354.448219
1.380018,-1,15,9999.433000,17.542000,352.112676,357.849866,360.000000,639,7.887324,PI,FIFO,true,PI_FIFO,353.046893
1.390018,-1,15,10000.137000,17.679000,354.729730,357.381846,360.000000,640,5.270270,PI,FIFO,true,PI_FIFO,354.056595
1.400017,-1,15,9999.470000,17.149000,357.824427,357.448233,360.000000,638,2.175573,PI,FIFO,true,PI_FIFO,356.317295
1.410027,-1,15,10010.080000,27.229000,364.535682,358.511350,360.000000,629,-4.535682,PI,FIFO,true,PI_FIFO,361.248327
1.420019,-1,15,9991.674000,18.903000,364.380900,359.391783,360.000000,625,-4.380900,PI,FIFO,true,PI_FIFO,363.127870
1.430019,-1,15,10000.044000,18.947000,364.702517,360.188393,360.000000,622,-4.702517,PI,FIFO,true,PI_FIFO,364.072658
1.440019,-1,15,10000.378000,19.325000,363.372093,360.665948,360.000000,621,-3.372093,PI,FIFO,true,PI_FIFO,363.652319
1.450031,-1,15,10011.395000,30.720000,363.372093,361.071870,360.000000,620,-3.372093,PI,FIFO,true,PI_FIFO,363.484183
1.460019,-1,15,9988.545000,19.265000,358.410705,360.672695,360.000000,625,1.589295,PI,FIFO,true,PI_FIFO,360.440096
1.470018,-1,15,9998.951000,18.216000,362.318841,360.919617,360.000000,622,-2.318841,PI,FIFO,true,PI_FIFO,361.567343
1.480035,-1,15,10016.432000,34.648000,360.910071,360.918185,360.000000,622,-0.910071,PI,FIFO,true,PI_FIFO,361.172980
1.490030,-1,15,9995.415000,30.063000,366.401772,361.740723,360.000000,616,-6.401772,PI,FIFO,true,PI_FIFO,364.310255
1.500016,-1,15,9985.452000,15.515000,361.558530,361.713394,360.000000,617,-1.558530,PI,FIFO,true,PI_FIFO,362.659220
1.510019,-1,15,10003.340000,18.855000,362.009047,361.757742,360.000000,617,-2.009047,PI,FIFO,true,PI_FIFO,362.269116
1.520017,-1,15,9998.081000,16.936000,356.463878,360.963662,360.000000,623,3.536122,PI,FIFO,true,PI_FIFO,358.785973
1.530019,-1,15,10001.748000,18.684000,354.883193,360.051592,360.000000,628,5.116807,PI,FIFO,true,PI_FIFO,356.444305
1.540014,-1,15,9995.600000,14.284000,352.311161,358.890527,360.000000,634,7.688839,PI,FIFO,true,PI_FIFO,353.964419
1.550018,-1,15,10003.414000,17.698000,356.012658,358.458847,360.000000,634,3.987342,PI,FIFO,true,PI_FIFO,355.193362
1.560014,-1,15,9996.748000,14.446000,354.040785,357.796138,360.000000,638,5.959215,PI,FIFO,true,PI_FIFO,354.501816
1.570018,-1,15,10003.192000,17.638000,358.920368,357.964772,360.000000,635,1.079632,PI,FIFO,true,PI_FIFO,357.152947
1.580018,-1,15,10000.099000,17.737000,363.372093,358.775870,360.000000,628,-3.372093,PI,FIFO,true,PI_FIFO,360.884435
1.590018,-1,15,10000.100000,17.837000,365.639626,359.805434,360.000000,622,-5.639626,PI,FIFO,true,PI_FIFO,363.737549
1.600017,-1,15,9999.470000,17.307000,363.372093,360.340433,360.000000,621,-3.372093,PI,FIFO,true,PI_FIFO,363.518275
1.610018,-1,15,10000.711000,18.018000,362.622486,360.682741,360.000000,621,-2.622486,PI,FIFO,true,PI_FIFO,362.980802
1.620018,-1,15,9999.988000,18.006000,361.271676,360.771081,360.000000,622,-1.271676,PI,FIFO,true,PI_FIFO,361.955326
1.630018,-1,15,9999.896000,17.902000,360.057609,360.664060,360.000000,623,-0.057609,PI,FIFO,true,PI_FIFO,360.816696
1.640018,-1,15,10000.081000,17.983000,360.207480,360.595573,360.000000,624,-0.207480,PI,FIFO,true,PI_FIFO,360.451166
1.650018,-1,15,9999.840000,17.823000,362.809598,360.927677,360.000000,621,-2.809598,PI,FIFO,true,PI_FIFO,361.866225
1.660018,-1,15,10000.044000,17.867000,365.449584,361.605963,360.000000,616,-5.449584,PI,FIFO,true,PI_FIFO,364.016241
1.670025,-1,15,10006.766000,24.633000,362.178868,361.691899,360.000000,616,-2.178868,PI,FIFO,true,PI_FIFO,362.913817
1.680018,-1,15,9993.285000,17.918000,359.392114,361.346931,360.000000,619,0.607886,PI,FIFO,true,PI_FIFO,360.800795
1.690018,-1,15,10000.266000,18.184000,355.450237,360.462427,360.000000,625,4.549763,PI,FIFO,true,PI_FIFO,357.590460
1.700017,-1,15,9998.693000,16.877000,356.156924,359.816601,360.000000,628,3.843076,PI,FIFO,true,PI_FIFO,356.730339
1.710017,-1,15,10000.358000,17.235000,350.895798,358.478481,360.000000,636,9.104202,PI,FIFO,true,PI_FIFO,353.229614
1.720018,-1,15,10000.989000,18.224000,355.472700,358.027614,360.000000,636,4.527300,PI,FIFO,true,PI_FIFO,354.575466
1.730019,-1,15,10001.229000,19.453000,357.142857,357.894900,360.000000,635,2.857143,PI,FIFO,true,PI_FIFO,356.115900
1.740018,-1,15,9998.452000,17.905000,361.769570,358.476101,360.000000,630,-1.769570,PI,FIFO,true,PI_FIFO,359.508102
1.750018,-1,15,9999.988000,17.893000,362.669246,359.105072,360.000000,627,-2.669246,PI,FIFO,true,PI_FIFO,361.404788
1.760018,-1,15,10000.025000,17.918000,365.449584,360.056749,360.000000,621,-5.449584,PI,FIFO,true,PI_FIFO,363.831666
1.770018,-1,15,9999.785000,17.703000,362.143892,360.369821,360.000000,622,-2.143892,PI,FIFO,true,PI_FIFO,362.819001
1.780018,-1,15,9999.859000,17.562000,363.041002,360.770498,360.000000,620,-3.041002,PI,FIFO,true,PI_FIFO,362.952202
1.790018,-1,15,10000.303000,17.865000,358.998906,360.504759,360.000000,624,1.001094,PI,FIFO,true,PI_FIFO,360.580224
1.800017,-1,15,9999.452000,17.317000,361.445783,360.645913,360.000000,623,-1.445783,PI,FIFO,true,PI_FIFO,361.099560
1.810018,-1,15,10000.322000,17.639000,359.838792,360.524845,360.000000,624,0.161208,PI,FIFO,true,PI_FIFO,360.343099
1.820017,-1,15,9999.692000,17.331000,364.254492,361.084292,360.000000,619,-4.254492,PI,FIFO,true,PI_FIFO,362.689935
1.830018,-1,15,10000.303000,17.634000,363.559979,361.455645,360.000000,617,-3.559979,PI,FIFO,true,PI_FIFO,363.211962
1.840018,-1,15,10000.544000,18.178000,363.336886,361.737831,360.000000,615,-3.336886,PI,FIFO,true,PI_FIFO,363.286916
1.850018,-1,15,10000.229000,18.407000,357.678808,361.128978,360.000000,620,2.321192,PI,FIFO,true,PI_FIFO,359.922051
1.860018,-1,15,9999.322000,17.729000,355.652504,360.307506,360.000000,626,4.347496,PI,FIFO,true,PI_FIFO,357.360323
1.870018,-1,15,10000.100000,17.829000,354.576399,359.447840,360.000000,630,5.423601,PI,FIFO,true,PI_FIFO,355.689969
1.880018,-1,15,9999.803000,17.632000,353.151683,358.503417,360.000000,635,6.848317,PI,FIFO,true,PI_FIFO,354.166997
1.890017,-1,15,9999.673000,17.305000,353.649029,357.775259,360.000000,638,6.350971,PI,FIFO,true,PI_FIFO,353.856216
1.900014,-1,15,9997.082000,14.387000,357.687905,357.762156,360.000000,636,2.312095,PI,FIFO,true,PI_FIFO,356.155230
1.910018,-1,15,10003.710000,18.097000,365.558155,358.931556,360.000000,626,-5.558155,PI,FIFO,true,PI_FIFO,361.796985
1.920018,-1,15,9999.952000,18.049000,362.710514,359.498399,360.000000,624,-2.710514,PI,FIFO,true,PI_FIFO,362.345103
1.930018,-1,15,9999.766000,17.815000,364.880643,360.305736,360.000000,620,-4.880643,PI,FIFO,true,PI_FIFO,363.866427
1.940017,-1,15,9999.377000,17.192000,362.178868,360.586706,360.000000,621,-2.178868,PI,FIFO,true,PI_FIFO,362.853892
1.950018,-1,15,10000.803000,17.995000,362.769486,360.914123,360.000000,620,-2.769486,PI,FIFO,true,PI_FIFO,362.803248
1.960018,-1,15,9999.859000,17.854000,357.483317,360.399502,360.000000,625,2.516683,PI,FIFO,true,PI_FIFO,359.611290
1.970017,-1,15,9999.285000,17.139000,362.318841,360.687403,360.000000,622,-2.318841,PI,FIFO,true,PI_FIFO,361.235820
1.980017,-1,15,9999.914000,17.053000,360.761929,360.698582,360.000000,622,-0.761929,PI,FIFO,true,PI_FIFO,360.951486
1.990017,-1,15,10000.100000,17.153000,365.853659,361.471843,360.000000,616,-5.853659,PI,FIFO,true,PI_FIFO,363.892789
2.000018,-1,15,10000.414000,17.567000,361.132512,361.420944,360.000000,617,-1.132512,PI,FIFO,true,PI_FIFO,362.236623
2.010017,-1,15,9999.841000,17.408000,361.969112,361.503169,360.000000,617,-1.969112,PI,FIFO,true,PI_FIFO,362.076116
2.020018,-1,15,10000.877000,18.285000,355.498375,360.602450,360.000000,624,4.501625,PI,FIFO,true,PI_FIFO,358.129471
2.030018,-1,15,9999.451000,17.736000,355.747768,359.874247,360.000000,627,4.252232,PI,FIFO,true,PI_FIFO,356.700449
2.040031,-1,15,10013.488000,31.224000,351.311563,358.589845,360.000000,635,8.688437,PI,FIFO,true,PI_FIFO,353.467118
2.050020,-1,15,9988.563000,19.787000,356.125356,358.220171,360.000000,635,3.874644,PI,FIFO,true,PI_FIFO,355.062061
2.060018,-1,15,9998.563000,18.350000,355.113636,357.754191,360.000000,637,4.886364,PI,FIFO,true,PI_FIFO,355.093006
2.070018,-1,15,10000.081000,18.431000,360.023041,358.094519,360.000000,633,-0.023041,PI,FIFO,true,PI_FIFO,358.051027
2.080018,-1,15,9999.692000,18.123000,362.996902,358.829876,360.000000,628,-2.996902,PI,FIFO,true,PI_FIFO,361.018552
2.090019,-1,15,10000.433000,18.556000,366.067942,359.915586,360.000000,621,-6.067942,PI,FIFO,true,PI_FIFO,364.048186
2.100017,-1,15,9998.711000,17.267000,362.809598,360.349688,360.000000,621,-2.809598,PI,FIFO,true,PI_FIFO,363.305033
2.110017,-1,15,9999.803000,17.070000,363.865709,360.877091,360.000000,619,-3.865709,PI,FIFO,true,PI_FIFO,363.641439
2.120026,-1,15,10008.507000,25.577000,361.541032,360.976682,360.000000,620,-1.541032,PI,FIFO,true,PI_FIFO,362.381195
2.130018,-1,15,9992.822000,18.399000,360.230548,360.864762,360.000000,622,-0.230548,PI,FIFO,true,PI_FIFO,361.090807
2.140018,-1,15,9999.451000,17.850000,359.103677,360.600599,360.000000,623,0.896323,PI,FIFO,true,PI_FIFO,359.898529
2.150027,-1,15,10009.433000,27.283000,362.493958,360.884603,360.000000,620,-2.493958,PI,FIFO,true,PI_FIFO,361.455787
2.160019,-1,15,9991.840000,19.123000,365.449584,361.569350,360.000000,615,-5.449584,PI,FIFO,true,PI_FIFO,363.852065
2.170016,-1,15,9997.359000,16.482000,361.794501,361.603123,360.000000,616,-1.794501,PI,FIFO,true,PI_FIFO,362.617527
2.180019,-1,15,10002.304000,18.786000,360.576923,361.449193,360.000000,617,-0.576923,PI,FIFO,true,PI_FIFO,361.393164
2.190034,-1,15,10015.006000,33.792000,355.906655,360.617812,360.000000,623,4.093345,PI,FIFO,true,PI_FIFO,358.101259
2.200034,-1,15,10000.044000,33.836000,356.463878,359.994722,360.000000,626,3.536122,PI,FIFO,true,PI_FIFO,357.118830
2.210020,-1,15,9985.859000,19.695000,350.149397,358.517923,360.000000,635,9.850603,PI,FIFO,true,PI_FIFO,352.937170
2.220018,-1,15,9998.322000,18.017000,355.652504,358.088110,360.000000,635,4.347496,PI,FIFO,true,PI_FIFO,354.566370
2.230019,-1,15,10000.489000,18.506000,356.294537,357.819074,360.000000,635,3.705463,PI,FIFO,true,PI_FIFO,355.603270
2.240018,-1,15,9999.396000,17.902000,362.248841,358.483539,360.000000,629,-2.248841,PI,FIFO,true,PI_FIFO,359.590613
2.250019,-1,15,10000.932000,18.834000,363.020329,359.164058,360.000000,625,-3.020329,PI,FIFO,true,PI_FIFO,361.648443
2.260018,-1,15,9999.100000,17.934000,365.259740,360.078410,360.000000,620,-5.259740,PI,FIFO,true,PI_FIFO,363.815221
2.270018,-1,15,10000.229000,18.163000,361.271676,360.257400,360.000000,622,-1.271676,PI,FIFO,true,PI_FIFO,362.289094
2.280017,-1,15,9999.192000,17.355000,361.132512,360.388667,360.000000,622,-1.132512,PI,FIFO,true,PI_FIFO,361.595145
2.290018,-1,15,10000.285000,17.640000,358.508604,360.106657,360.000000,625,1.491396,PI,FIFO,true,PI_FIFO,359.743220
2.300018,-1,15,10000.118000,17.758000,362.368857,360.445987,360.000000,622,-2.368857,PI,FIFO,true,PI_FIFO,361.318602
2.310018,-1,15,10000.211000,17.969000,360.088116,360.392307,360.000000,623,-0.088116,PI,FIFO,true,PI_FIFO,360.580310
2.320030,-1,15,10012.266000,30.235000,365.598886,361.173293,360.000000,617,-5.598886,PI,FIFO,true,PI_FIFO,363.591456
2.330019,-1,15,9988.731000,18.966000,363.548231,361.529534,360.000000,616,-3.548231,PI,FIFO,true,PI_FIFO,363.565521
2.340018,-1,14,9999.247000,18.213000,363.184401,361.777764,360.000000,614,-3.184401,PI,FIFO,true,PI_FIFO,363.336849
2.350018,-1,15,9999.358000,17.571000,357.483317,361.133597,360.000000,620,2.516683,PI,FIFO,true,PI_FIFO,359.824730
2.360021,-1,15,10003.413000,20.984000,355.498375,360.288314,360.000000,625,4.501625,PI,FIFO,true,PI_FIFO,357.228917
2.370018,-1,15,9997.006000,17.990000,354.777673,359.461718,360.000000,629,5.222327,PI,FIFO,true,PI_FIFO,355.758170
2.380018,-1,15,9999.747000,17.737000,353.116211,358.509892,360.000000,634,6.883789,PI,FIFO,true,PI_FIFO,354.172995
2.390017,-1,15,9999.432000,17.169000,353.898228,357.818142,360.000000,637,6.101772,PI,FIFO,true,PI_FIFO,354.008135
2.400018,-1,15,10000.673000,17.842000,356.972870,357.691351,360.000000,636,3.027130,PI,FIFO,true,PI_FIFO,355.786976
2.410017,-1,15,9999.580000,17.422000,363.936335,358.628099,360.000000,628,-3.936335,PI,FIFO,true,PI_FIFO,360.676592
2.420018,-1,15,10000.451000,17.873000,363.372093,359.339698,360.000000,624,-3.372093,PI,FIFO,true,PI_FIFO,362.293892
2.430018,-1,15,10000.080000,17.953000,364.880643,360.170840,360.000000,620,-4.880643,PI,FIFO,true,PI_FIFO,363.845943
2.440017,-1,15,9999.525000,17.478000,362.844702,360.571919,360.000000,620,-2.844702,PI,FIFO,true,PI_FIFO,363.245199
2.450018,-1,15,10000.376000,17.854000,362.585087,360.873894,360.000000,619,-2.585087,PI,FIFO,true,PI_FIFO,362.849131
2.460017,-1,15,9999.395000,17.249000,357.517399,360.370420,360.000000,625,2.482601,PI,FIFO,true,PI_FIFO,359.650092
2.470017,-1,15,10000.173000,17.422000,360.576923,360.401396,360.000000,624,-0.576923,PI,FIFO,true,PI_FIFO,360.206191
2.480017,-1,15,10000.061000,17.483000,360.230548,360.375768,360.000000,624,-0.230548,PI,FIFO,true,PI_FIFO,360.220805
2.490018,-1,15,10000.118000,17.601000,365.639626,361.165347,360.000000,617,-5.639626,PI,FIFO,true,PI_FIFO,363.472097
2.500014,-1,15,9996.784000,14.385000,361.969112,361.285912,360.000000,617,-1.969112,PI,FIFO,true,PI_FIFO,362.570306
2.510018,-1,15,10003.209000,17.594000,363.372093,361.598839,360.000000,615,-3.372093,PI,FIFO,true,PI_FIFO,363.051378
2.520019,-1,15,10001.729000,19.323000,355.248200,360.646243,360.000000,623,4.751800,PI,FIFO,true,PI_FIFO,358.369471
2.530018,-1,15,9999.061000,18.384000,354.768083,359.764519,360.000000,628,5.231917,PI,FIFO,true,PI_FIFO,356.208638
2.540018,-1,15,9999.358000,17.742000,350.959289,358.443735,360.000000,636,9.040711,PI,FIFO,true,PI_FIFO,353.059029
2.550019,-1,15,10000.784000,18.526000,356.270358,358.117728,360.000000,635,3.729642,PI,FIFO,true,PI_FIFO,354.985826
2.560018,-1,15,9999.247000,17.773000,355.787476,357.768190,360.000000,636,4.212524,PI,FIFO,true,PI_FIFO,355.466816
2.570017,-1,15,9999.525000,17.298000,359.539789,358.033930,360.000000,633,0.460211,PI,FIFO,true,PI_FIFO,357.910600
2.580018,-1,15,10000.932000,18.230000,363.372093,358.834655,360.000000,628,-3.372093,PI,FIFO,true,PI_FIFO,361.187496
2.590018,-1,15,9999.635000,17.865000,365.497076,359.834018,360.000000,622,-5.497076,PI,FIFO,true,PI_FIFO,363.773244
2.600018,-1,15,9999.673000,17.538000,362.622486,360.252288,360.000000,622,-2.622486,PI,FIFO,true,PI_FIFO,363.082789
2.610017,-1,15,9999.895000,17.433000,362.143892,360.536029,360.000000,622,-2.143892,PI,FIFO,true,PI_FIFO,362.519451
2.620017,-1,15,10000.006000,17.439000,361.689815,360.709096,360.000000,622,-1.689815,PI,FIFO,true,PI_FIFO,362.021669
2.630019,-1,15,10001.062000,18.501000,361.585189,360.840510,360.000000,621,-1.585189,PI,FIFO,true,PI_FIFO,361.759781
2.640018,-1,15,9999.839000,18.340000,359.628452,360.658702,360.000000,623,0.371548,PI,FIFO,true,PI_FIFO,360.480984
2.650018,-1,15,9999.358000,17.698000,362.380628,360.916991,360.000000,621,-2.380628,PI,FIFO,true,PI_FIFO,361.620770
2.660018,-1,14,10000.321000,18.019000,366.415410,361.741754,360.000000,614,-6.415410,PI,FIFO,true,PI_FIFO,364.497554
2.670018,-1,15,9999.562000,17.581000,361.394558,361.689674,360.000000,616,-1.394558,PI,FIFO,true,PI_FIFO,362.635756
2.680018,-1,15,10000.061000,17.642000,359.589041,361.374579,360.000000,619,0.410959,PI,FIFO,true,PI_FIFO,360.807727
2.690018,-1,15,10000.007000,17.649000,355.618777,360.511209,360.000000,625,4.381223,PI,FIFO,true,PI_FIFO,357.694357
2.700017,-1,15,9999.580000,17.229000,355.883948,359.817120,360.000000,628,4.116052,PI,FIFO,true,PI_FIFO,356.608112
2.710017,-1,15,10000.135000,17.364000,350.959289,358.488445,360.000000,636,9.040711,PI,FIFO,true,PI_FIFO,353.218818
2.720018,-1,15,10000.581000,17.945000,354.346652,357.867176,360.000000,637,5.653348,PI,FIFO,true,PI_FIFO,353.895518
2.730018,-1,15,9999.784000,17.729000,354.945575,357.428936,360.000000,638,5.054425,PI,FIFO,true,PI_FIFO,354.525552
2.740018,-1,15,10000.394000,18.123000,361.445783,358.031463,360.000000,633,-1.445783,PI,FIFO,true,PI_FIFO,358.677691
2.750018,-1,15,10000.284000,18.407000,362.585087,358.714507,360.000000,628,-2.585087,PI,FIFO,true,PI_FIFO,361.022128
2.760019,-1,15,10000.303000,18.710000,366.246704,359.844336,360.000000,622,-6.246704,PI,FIFO,true,PI_FIFO,364.156874
2.770018,-1,15,9999.191000,17.901000,362.996902,360.317221,360.000000,622,-2.996902,PI,FIFO,true,PI_FIFO,363.460891
2.780018,-1,15,10000.043000,17.944000,363.372093,360.775452,360.000000,620,-3.372093,PI,FIFO,true,PI_FIFO,363.407612
2.790018,-1,15,10000.117000,18.061000,359.067000,360.519184,360.000000,624,0.933000,PI,FIFO,true,PI_FIFO,360.803245
2.800018,-1,15,10000.284000,18.345000,362.178868,360.768137,360.000000,622,-2.178868,PI,FIFO,true,PI_FIFO,361.628619
2.810018,-1,15,9999.951000,18.296000,360.378913,360.709753,360.000000,623,-0.378913,PI,FIFO,true,PI_FIFO,360.878795
2.820015,-1,15,9996.784000,15.080000,364.202468,361.233660,360.000000,618,-4.202468,PI,FIFO,true,PI_FIFO,362.872999
2.830025,-1,15,10009.987000,25.067000,363.748060,361.610820,360.000000,616,-3.748060,PI,FIFO,true,PI_FIFO,363.398036
2.840018,-1,15,9993.155000,18.222000,362.318841,361.717023,360.000000,616,-2.318841,PI,FIFO,true,PI_FIFO,362.750519
2.850027,-1,15,10008.302000,26.524000,355.883948,360.842062,360.000000,623,4.116052,PI,FIFO,true,PI_FIFO,358.630576
2.860020,-1,15,9993.673000,20.197000,354.107649,359.831900,360.000000,629,5.892351,PI,FIFO,true,PI_FIFO,355.916820
2.870021,-1,15,10000.432000,20.629000,354.538088,359.037828,360.000000,632,5.461912,PI,FIFO,true,PI_FIFO,355.089580
2.880014,-1,15,9993.636000,14.265000,352.775165,358.098429,360.000000,637,7.224835,PI,FIFO,true,PI_FIFO,353.700931
2.890019,-1,15,10004.413000,18.678000,354.755298,357.596959,360.000000,638,5.244702,PI,FIFO,true,PI_FIFO,354.333551
2.900035,-1,15,10016.598000,35.276000,357.824427,357.631079,360.000000,637,2.175573,PI,FIFO,true,PI_FIFO,356.428077
2.910033,-1,15,9998.062000,33.338000,364.880643,358.718514,360.000000,628,-4.880643,PI,FIFO,true,PI_FIFO,361.499617
2.920022,-1,15,9988.858000,22.196000,363.548231,359.442971,360.000000,625,-3.548231,PI,FIFO,true,PI_FIFO,362.728785
2.930019,-1,15,9996.525000,18.721000,365.259740,360.315487,360.000000,621,-5.259740,PI,FIFO,true,PI_FIFO,364.247358
2.940018,-1,15,9999.432000,18.153000,362.669246,360.668551,360.000000,621,-2.669246,PI,FIFO,true,PI_FIFO,363.300491
2.950018,-1,15,10000.228000,18.381000,364.124806,361.186989,360.000000,619,-4.124806,PI,FIFO,true,PI_FIFO,363.795080
2.960018,-1,15,9999.932000,18.313000,358.680057,360.810949,360.000000,623,1.319943,PI,FIFO,true,PI_FIFO,360.726066
2.970017,-1,15,9998.432000,16.745000,360.576923,360.775845,360.000000,623,-0.576923,PI,FIFO,true,PI_FIFO,360.636580
2.980018,-1,15,10001.432000,18.177000,360.576923,360.746007,360.000000,623,-0.576923,PI,FIFO,true,PI_FIFO,360.600786
2.990018,-1,15,10000.247000,18.424000,364.988877,361.382437,360.000000,617,-4.988877,PI,FIFO,true,PI_FIFO,363.233640
3.000018,-1,15,9999.488000,17.912000,361.097737,361.339732,360.000000,619,-1.097737,PI,FIFO,true,PI_FIFO,361.952098
3.010018,-1,15,9999.876000,17.788000,362.622486,361.532145,360.000000,617,-2.622486,PI,FIFO,true,PI_FIFO,362.354331
3.020014,-1,15,9996.673000,14.461000,356.972870,360.848254,360.000000,622,3.027130,PI,FIFO,true,PI_FIFO,359.125454
3.030018,-1,15,10003.506000,17.967000,355.883948,360.103608,360.000000,627,4.116052,PI,FIFO,true,PI_FIFO,357.180551
3.040029,-1,15,10011.154000,29.121000,351.947443,358.880183,360.000000,634,8.052557,PI,FIFO,true,PI_FIFO,354.040686
3.050020,-1,15,9990.951000,20.072000,355.113636,358.315201,360.000000,635,4.886364,PI,FIFO,true,PI_FIFO,354.684456
3.060014,-1,15,9994.358000,14.430000,354.576399,357.754381,360.000000,638,5.423601,PI,FIFO,true,PI_FIFO,354.619622
3.070018,-1,15,10003.543000,17.973000,358.737245,357.901811,360.000000,635,1.262755,PI,FIFO,true,PI_FIFO,357.090196
3.080018,-1,15,10000.080000,18.053000,363.372093,358.722353,360.000000,629,-3.372093,PI,FIFO,true,PI_FIFO,360.859334
3.090019,-1,15,10000.543000,18.596000,365.829865,359.788480,360.000000,622,-5.829865,PI,FIFO,true,PI_FIFO,363.841652
3.100018,-1,15,9998.969000,17.565000,362.493958,360.194302,360.000000,622,-2.493958,PI,FIFO,true,PI_FIFO,363.033036
3.110018,-1,15,10000.266000,17.831000,362.669246,360.565543,360.000000,622,-2.669246,PI,FIFO,true,PI_FIFO,362.814762
3.120017,-1,15,9999.358000,17.189000,360.947125,360.622780,360.000000,623,-0.947125,PI,FIFO,true,PI_FIFO,361.694180
3.130016,-1,15,9998.932000,16.121000,360.230548,360.563946,360.000000,624,-0.230548,PI,FIFO,true,PI_FIFO,360.816000
3.140018,-1,15,10001.691000,17.812000,360.576923,360.565892,360.000000,624,-0.576923,PI,FIFO,true,PI_FIFO,360.672554
3.150026,-1,15,10008.506000,26.318000,362.493958,360.855102,360.000000,621,-2.493958,PI,FIFO,true,PI_FIFO,361.765397
3.160018,-1,14,9992.117000,18.435000,367.030201,361.781367,360.000000,614,-7.030201,PI,FIFO,true,PI_FIFO,364.924279
3.170019,-1,15,10000.321000,18.756000,360.740154,361.625185,360.000000,617,-0.740154,PI,FIFO,true,PI_FIFO,362.413804
3.180019,-1,15,9999.858000,18.614000,359.195402,361.260718,360.000000,620,0.804598,PI,FIFO,true,PI_FIFO,360.482763
3.190015,-1,15,9996.395000,15.009000,354.274917,360.212848,360.000000,627,5.725083,PI,FIFO,true,PI_FIFO,356.758056
3.200019,-1,15,10004.302000,19.311000,355.498375,359.505677,360.000000,630,4.501625,PI,FIFO,true,PI_FIFO,356.002247
3.210019,-1,15,9999.303000,18.614000,350.959289,358.223718,360.000000,638,9.040711,PI,FIFO,true,PI_FIFO,352.976472
3.220018,-1,15,9998.988000,17.602000,354.538088,357.670874,360.000000,639,5.461912,PI,FIFO,true,PI_FIFO,353.913441
3.230017,-1,15,9999.098000,16.700000,356.633381,357.515250,360.000000,638,3.366619,PI,FIFO,true,PI_FIFO,355.545405
3.240018,-1,15,10001.062000,17.762000,361.875965,358.169357,360.000000,632,-1.875965,PI,FIFO,true,PI_FIFO,359.343741
3.250017,-1,15,9999.469000,17.231000,362.318841,358.791780,360.000000,629,-2.318841,PI,FIFO,true,PI_FIFO,361.128801
3.260017,-1,15,10000.228000,17.459000,367.358934,360.076853,360.000000,621,-7.358934,PI,FIFO,true,PI_FIFO,364.866881
3.270017,-1,15,9999.395000,16.854000,363.372093,360.571139,360.000000,621,-3.372093,PI,FIFO,true,PI_FIFO,363.970008
3.280018,-1,15,10001.080000,17.934000,363.936335,361.075918,360.000000,619,-3.936335,PI,FIFO,true,PI_FIFO,363.949804
3.290018,-1,15,9999.581000,17.515000,359.539789,360.845499,360.000000,623,0.460211,PI,FIFO,true,PI_FIFO,361.303795
3.300017,-1,15,9999.672000,17.187000,361.271676,360.909426,360.000000,622,-1.271676,PI,FIFO,true,PI_FIFO,361.284524
3.310017,-1,15,10000.284000,17.471000,359.103677,360.638563,360.000000,624,0.896323,PI,FIFO,true,PI_FIFO,359.976016
3.320018,-1,15,10000.821000,18.292000,363.548231,361.075013,360.000000,620,-3.548231,PI,FIFO,true,PI_FIFO,362.119345
3.330019,-1,15,10000.749000,19.041000,363.936335,361.504212,360.000000,617,-3.936335,PI,FIFO,true,PI_FIFO,363.209539
3.340018,-1,15,9999.042000,18.083000,361.410948,361.490222,360.000000,618,-1.410948,PI,FIFO,true,PI_FIFO,362.130385
3.350017,-1,15,9999.302000,17.385000,356.696380,360.771146,360.000000,624,3.303620,PI,FIFO,true,PI_FIFO,358.869982
3.360017,-1,15,9999.821000,17.206000,354.777673,359.872125,360.000000,629,5.222327,PI,FIFO,true,PI_FIFO,356.414596
3.370018,-1,15,10000.672000,17.878000,353.773585,358.957344,360.000000,634,6.226415,PI,FIFO,true,PI_FIFO,354.829989
3.380015,-1,15,9996.672000,14.550000,353.440151,358.129765,360.000000,637,6.559849,PI,FIFO,true,PI_FIFO,353.996086
3.390018,-1,15,10003.117000,17.667000,354.155424,357.533614,360.000000,640,5.844576,PI,FIFO,true,PI_FIFO,354.091689
3.400014,-1,15,9996.672000,14.339000,357.483317,357.526069,360.000000,638,2.516683,PI,FIFO,true,PI_FIFO,356.126666
3.410018,-1,15,10003.542000,17.881000,365.259740,358.686120,360.000000,629,-5.259740,PI,FIFO,true,PI_FIFO,361.606511
3.420017,-1,15,9999.487000,17.368000,363.020329,359.336251,360.000000,626,-3.020329,PI,FIFO,true,PI_FIFO,362.454802
3.430018,-1,15,10000.450000,17.818000,364.691390,360.139522,360.000000,623,-4.691390,PI,FIFO,true,PI_FIFO,363.796755
3.440017,-1,15,9999.358000,17.176000,363.020329,360.571643,360.000000,622,-3.020329,PI,FIFO,true,PI_FIFO,363.330899
3.450018,-1,15,10000.598000,17.774000,362.380628,360.842991,360.000000,622,-2.380628,PI,FIFO,true,PI_FIFO,362.760736
3.460017,-1,15,9999.320000,17.094000,357.434641,360.331738,360.000000,627,2.565359,PI,FIFO,true,PI_FIFO,359.565079
3.470018,-1,15,10000.728000,17.822000,362.318841,360.629804,360.000000,624,-2.318841,PI,FIFO,true,PI_FIFO,361.217336
3.480017,-1,15,9999.524000,17.346000,361.318088,360.733046,360.000000,623,-1.318088,PI,FIFO,true,PI_FIFO,361.277787
3.490017,-1,15,10000.006000,17.352000,365.675280,361.474381,360.000000,618,-5.675280,PI,FIFO,true,PI_FIFO,363.916283
3.500017,-1,15,10000.079000,17.431000,361.838720,361.529032,360.000000,618,-1.838720,PI,FIFO,true,PI_FIFO,362.669745
3.510015,-1,15,9997.598000,15.029000,362.529002,361.679028,360.000000,618,-2.529002,PI,FIFO,true,PI_FIFO,362.585299
3.520019,-1,15,10004.450000,19.479000,355.691057,360.780832,360.000000,625,4.308943,PI,FIFO,true,PI_FIFO,358.448754
3.530027,-1,15,10007.672000,27.151000,356.633381,360.158714,360.000000,627,3.366619,PI,FIFO,true,PI_FIFO,357.359530
3.540019,-1,15,9992.080000,19.231000,352.443609,359.001449,360.000000,634,7.556391,PI,FIFO,true,PI_FIFO,354.409977
3.550019,-1,15,9999.950000,19.181000,355.281857,358.443510,360.000000,636,4.718143,PI,FIFO,true,PI_FIFO,354.933105
3.560018,-1,15,9998.635000,17.816000,354.755298,357.890278,360.000000,638,5.244702,PI,FIFO,true,PI_FIFO,354.826421
3.570018,-1,15,9999.691000,17.507000,359.712230,358.163571,360.000000,634,0.287770,PI,FIFO,true,PI_FIFO,357.757906
3.580017,-1,15,9999.913000,17.420000,362.368857,358.794364,360.000000,630,-2.368857,PI,FIFO,true,PI_FIFO,360.524477
3.590018,-1,15,10000.339000,17.759000,364.869505,359.705635,360.000000,624,-4.869505,PI,FIFO,true,PI_FIFO,363.131494
3.600035,-1,15,10017.282000,35.041000,362.996902,360.199325,360.000000,623,-2.996902,PI,FIFO,true,PI_FIFO,363.050739
3.610035,-1,15,10000.098000,35.139000,363.020329,360.622476,360.000000,622,-3.020329,PI,FIFO,true,PI_FIFO,363.032493
3.620020,-1,15,9985.155000,20.294000,361.875965,360.810499,360.000000,622,-1.875965,PI,FIFO,true,PI_FIFO,362.338576
3.630019,-1,15,9998.394000,18.688000,359.884837,360.671650,360.000000,624,0.115163,PI,FIFO,true,PI_FIFO,360.866333
3.640019,-1,15,9999.858000,18.546000,358.606557,360.361886,360.000000,626,1.393443,PI,FIFO,true,PI_FIFO,359.510467
3.650020,-1,15,10001.820000,20.366000,362.051340,360.615304,360.000000,624,-2.051340,PI,FIFO,true,PI_FIFO,361.034991
3.660017,-1,15,9997.024000,17.390000,367.030201,361.577539,360.000000,616,-7.030201,PI,FIFO,true,PI_FIFO,364.632117
3.670018,-1,15,10000.154000,17.544000,361.271676,361.531659,360.000000,618,-1.271676,PI,FIFO,true,PI_FIFO,362.615853
3.680018,-1,15,10000.061000,17.605000,360.207480,361.333032,360.000000,620,-0.207480,PI,FIFO,true,PI_FIFO,361.170829
3.690017,-1,15,9999.894000,17.499000,355.113636,360.400123,360.000000,627,4.886364,PI,FIFO,true,PI_FIFO,357.536513
3.700018,-1,15,10000.469000,17.968000,355.113636,359.607150,360.000000,630,4.886364,PI,FIFO,true,PI_FIFO,356.082787
3.710018,-1,15,9999.653000,17.621000,351.123596,358.334617,360.000000,638,8.876404,PI,FIFO,true,PI_FIFO,353.107272
3.720019,-1,15,10001.691000,19.312000,355.883948,357.967016,360.000000,638,4.116052,PI,FIFO,true,PI_FIFO,354.773278
3.730024,-1,15,10004.857000,24.169000,355.787476,357.640085,360.000000,638,4.212524,PI,FIFO,true,PI_FIFO,355.381797
3.740019,-1,15,9994.858000,19.027000,362.318841,358.341899,360.000000,632,-2.318841,PI,FIFO,true,PI_FIFO,359.544023
3.750018,-1,15,9998.950000,17.977000,361.689815,358.844086,360.000000,630,-1.689815,PI,FIFO,true,PI_FIFO,360.831498
3.760018,-1,15,10000.098000,18.075000,366.568915,360.002810,360.000000,623,-6.568915,PI,FIFO,true,PI_FIFO,364.273948
3.770016,-1,15,9997.876000,15.951000,363.372093,360.508203,360.000000,622,-3.372093,PI,FIFO,true,PI_FIFO,363.732835
3.780018,-1,15,10002.209000,18.160000,363.901019,361.017125,360.000000,620,-3.901019,PI,FIFO,true,PI_FIFO,363.833745
3.790019,-1,15,10000.561000,18.721000,359.654731,360.812766,360.000000,624,0.345269,PI,FIFO,true,PI_FIFO,361.326337
3.800017,-1,15,9998.709000,17.430000,362.669246,361.091238,360.000000,621,-2.669246,PI,FIFO,true,PI_FIFO,362.132082
3.810018,-1,15,10000.191000,17.621000,360.181120,360.954720,360.000000,623,-0.181120,PI,FIFO,true,PI_FIFO,360.961505
3.820017,-1,15,9999.709000,17.330000,363.537865,361.342192,360.000000,619,-3.537865,PI,FIFO,true,PI_FIFO,362.507321
3.830018,-1,15,10000.617000,17.947000,361.969112,361.436230,360.000000,619,-1.969112,PI,FIFO,true,PI_FIFO,362.184396
3.840014,-1,15,9996.524000,14.471000,362.215909,361.553182,360.000000,618,-2.215909,PI,FIFO,true,PI_FIFO,362.203304
3.850018,-1,15,10003.617000,18.088000,356.851550,360.847937,360.000000,624,3.148450,PI,FIFO,true,PI_FIFO,358.992251
3.860017,-1,15,9999.227000,17.315000,355.787476,360.088868,360.000000,628,4.212524,PI,FIFO,true,PI_FIFO,357.069386
3.870018,-1,15,10000.395000,17.710000,355.305901,359.371423,360.000000,631,4.694099,PI,FIFO,true,PI_FIFO,356.011295
3.880017,-1,15,9999.413000,17.123000,352.941176,358.406886,360.000000,636,7.058824,PI,FIFO,true,PI_FIFO,354.169224
3.890018,-1,15,10000.450000,17.573000,354.442344,357.812205,360.000000,638,5.557656,PI,FIFO,true,PI_FIFO,354.333096
3.900017,-1,15,9999.264000,16.837000,356.270358,357.580928,360.000000,638,3.729642,PI,FIFO,true,PI_FIFO,355.495453
3.910017,-1,15,10000.487000,17.324000,363.336886,358.444321,360.000000,631,-3.336886,PI,FIFO,true,PI_FIFO,360.200313
3.920018,-1,15,10000.376000,17.700000,363.372093,359.183487,360.000000,627,-3.372093,PI,FIFO,true,PI_FIFO,362.103381
3.930018,-1,15,10000.506000,18.206000,364.999027,360.055818,360.000000,623,-4.999027,PI,FIFO,true,PI_FIFO,363.840768
3.940014,-1,15,9995.635000,13.841000,363.559979,360.581442,360.000000,622,-3.559979,PI,FIFO,true,PI_FIFO,363.672295
3.950018,-1,15,10003.820000,17.661000,362.985190,360.942004,360.000000,621,-2.985190,PI,FIFO,true,PI_FIFO,363.260032
3.960018,-1,15,10000.728000,18.389000,358.590881,360.589336,360.000000,625,1.409119,PI,FIFO,true,PI_FIFO,360.458542
3.970018,-1,15,9999.635000,18.024000,361.445783,360.717803,360.000000,624,-1.445783,PI,FIFO,true,PI_FIFO,361.050887
3.980018,-1,15,9999.987000,18.011000,360.181120,360.637301,360.000000,624,-0.181120,PI,FIFO,true,PI_FIFO,360.529026
3.990018,-1,15,9999.784000,17.795000,366.547838,361.523881,360.000000,617,-6.547838,PI,FIFO,true,PI_FIFO,364.140313
4.000019,-1,15,10001.116000,18.911000,360.576923,361.381837,360.000000,620,-0.576923,PI,FIFO,true,PI_FIFO,362.002279
4.010017,-1,15,9998.358000,17.269000,362.875683,361.605914,360.000000,618,-2.875683,PI,FIFO,true,PI_FIFO,362.526322
4.020018,-1,15,10000.468000,17.737000,355.305901,360.660912,360.000000,625,4.694099,PI,FIFO,true,PI_FIFO,358.194069
4.030017,-1,15,9999.728000,17.465000,355.113636,359.828821,360.000000,630,4.886364,PI,FIFO,true,PI_FIFO,356.345810
4.040030,-1,15,10012.931000,30.396000,352.632993,358.749447,360.000000,635,7.367007,PI,FIFO,true,PI_FIFO,354.118120
4.050019,-1,15,9988.802000,19.198000,355.618777,358.279846,360.000000,636,4.381223,PI,FIFO,true,PI_FIFO,355.018514
4.060018,-1,15,9998.783000,17.981000,354.777673,357.754520,360.000000,638,5.222327,PI,FIFO,true,PI_FIFO,354.874009
4.070018,-1,15,10000.006000,17.987000,360.181120,358.118510,360.000000,634,-0.181120,PI,FIFO,true,PI_FIFO,358.058275
4.080018,-1,15,9999.802000,17.789000,363.206472,358.881704,360.000000,629,-3.206472,PI,FIFO,true,PI_FIFO,361.147193
4.090018,-1,15,10000.357000,18.146000,364.988877,359.797780,360.000000,624,-4.988877,PI,FIFO,true,PI_FIFO,363.452203
4.100018,-1,15,9999.746000,17.892000,363.206472,360.309084,360.000000,623,-3.206472,PI,FIFO,true,PI_FIFO,363.304765
4.110018,-1,15,10000.099000,17.991000,362.328843,360.612048,360.000000,623,-2.328843,PI,FIFO,true,PI_FIFO,362.719212
4.120019,-1,15,10000.598000,18.589000,361.886921,360.803279,360.000000,622,-1.886921,PI,FIFO,true,PI_FIFO,362.219837
4.130018,-1,15,9999.339000,17.928000,361.410948,360.894429,360.000000,623,-1.410948,PI,FIFO,true,PI_FIFO,361.734504
4.140018,-1,15,9999.764000,17.692000,359.884837,360.742990,360.000000,624,0.115163,PI,FIFO,true,PI_FIFO,360.624704
4.150026,-1,15,10008.691000,26.383000,362.062307,360.940888,360.000000,622,-2.062307,PI,FIFO,true,PI_FIFO,361.487266
4.160016,-1,15,9989.302000,15.685000,365.497076,361.624316,360.000000,617,-5.497076,PI,FIFO,true,PI_FIFO,363.893152
4.170018,-1,15,10002.505000,18.190000,360.947125,361.522737,360.000000,619,-0.947125,PI,FIFO,true,PI_FIFO,362.125536
4.180015,-1,15,9996.376000,14.566000,360.057609,361.302968,360.000000,620,-0.057609,PI,FIFO,true,PI_FIFO,360.884780
4.190018,-1,15,10003.135000,17.701000,357.045702,360.664378,360.000000,624,2.954298,PI,FIFO,true,PI_FIFO,358.581333
4.200020,-1,15,10002.154000,19.855000,356.463878,360.034303,360.000000,627,3.536122,PI,FIFO,true,PI_FIFO,357.310860
4.210018,-1,15,9998.339000,18.194000,351.738369,358.789913,360.000000,635,8.261631,PI,FIFO,true,PI_FIFO,353.967366
4.220016,-1,15,9997.654000,15.848000,354.755298,358.184721,360.000000,637,5.244702,PI,FIFO,true,PI_FIFO,354.440125
4.230019,-1,15,10002.931000,18.779000,354.755298,357.670307,360.000000,639,5.244702,PI,FIFO,true,PI_FIFO,354.629229
4.240026,-1,15,10006.746000,25.525000,361.794501,358.288936,360.000000,632,-1.794501,PI,FIFO,true,PI_FIFO,358.928392
4.250020,-1,15,9994.061000,19.586000,361.570248,358.781133,360.000000,630,-1.570248,PI,FIFO,true,PI_FIFO,360.513506
4.260018,-1,15,9998.173000,17.759000,366.042719,359.870371,360.000000,623,-6.042719,PI,FIFO,true,PI_FIFO,363.831034
4.270018,-1,15,10000.320000,18.079000,362.669246,360.290202,360.000000,623,-2.669246,PI,FIFO,true,PI_FIFO,363.133961
4.280017,-1,15,9999.283000,17.362000,362.622486,360.640045,360.000000,622,-2.622486,PI,FIFO,true,PI_FIFO,362.827076
4.290018,-1,15,10000.228000,17.590000,357.995227,360.243322,360.000000,627,2.004773,PI,FIFO,true,PI_FIFO,359.927966
4.300017,-1,15,9999.820000,17.410000,363.171002,360.682474,360.000000,623,-3.171002,PI,FIFO,true,PI_FIFO,361.873788
4.310033,-1,15,10016.024000,33.434000,360.088116,360.593320,360.000000,624,-0.088116,PI,FIFO,true,PI_FIFO,360.802384
4.320038,-1,15,10004.209000,37.643000,364.502333,361.179672,360.000000,619,-4.502333,PI,FIFO,true,PI_FIFO,363.022353
4.330021,-1,15,9983.027000,20.670000,364.380900,361.659856,360.000000,617,-4.380900,PI,FIFO,true,PI_FIFO,363.837481
4.340018,-1,15,9997.264000,17.934000,362.380628,361.767972,360.000000,617,-2.380628,PI,FIFO,true,PI_FIFO,362.963369
4.350020,-1,15,10002.228000,20.162000,357.434641,361.117972,360.000000,622,2.565359,PI,FIFO,true,PI_FIFO,359.646132
4.360016,-1,15,9995.764000,15.926000,354.408846,360.111603,360.000000,628,5.591154,PI,FIFO,true,PI_FIFO,356.503760
4.370024,-1,15,10007.913000,23.839000,355.152073,359.367674,360.000000,631,4.847927,PI,FIFO,true,PI_FIFO,355.692748
4.380019,-1,15,9994.950000,18.789000,353.273669,358.453573,360.000000,636,6.726331,PI,FIFO,true,PI_FIFO,354.241301
4.390019,-1,15,10000.579000,19.368000,354.729730,357.894997,360.000000,638,5.270270,PI,FIFO,true,PI_FIFO,354.534358
4.400018,-1,15,9998.524000,17.892000,356.463878,357.680329,360.000000,638,3.536122,PI,FIFO,true,PI_FIFO,355.692070
4.410018,-1,15,9999.912000,17.804000,363.372093,358.534093,360.000000,630,-3.372093,PI,FIFO,true,PI_FIFO,360.300084
4.420018,-1,15,9999.821000,17.625000,363.774945,359.320221,360.000000,626,-3.774945,PI,FIFO,true,PI_FIFO,362.385000
4.430018,-1,15,10000.412000,18.037000,364.535682,360.102540,360.000000,623,-4.535682,PI,FIFO,true,PI_FIFO,363.675409
4.440018,-1,15,10000.098000,18.135000,363.372093,360.592973,360.000000,622,-3.372093,PI,FIFO,true,PI_FIFO,363.493419
4.450018,-1,15,9999.505000,17.640000,363.537865,361.034707,360.000000,620,-3.537865,PI,FIFO,true,PI_FIFO,363.520087
4.460018,-1,15,10000.691000,18.331000,359.195402,360.758811,360.000000,624,0.804598,PI,FIFO,true,PI_FIFO,360.925276
4.470019,-1,15,10000.227000,18.558000,361.097737,360.809650,360.000000,623,-1.097737,PI,FIFO,true,PI_FIFO,361.028753
4.480018,-1,15,9999.468000,18.026000,360.761929,360.802492,360.000000,623,-0.761929,PI,FIFO,true,PI_FIFO,360.868659
4.490018,-1,15,9999.746000,17.772000,365.141188,361.453296,360.000000,618,-5.141188,PI,FIFO,true,PI_FIFO,363.432176
4.500018,-1,15,9999.783000,17.555000,361.875965,361.516697,360.000000,618,-1.875965,PI,FIFO,true,PI_FIFO,362.498449
4.510028,-1,15,10010.635000,28.190000,361.445783,361.506060,360.000000,618,-1.445783,PI,FIFO,true,PI_FIFO,361.866850
4.520021,-1,15,9992.857000,21.047000,355.498375,360.604907,360.000000,625,4.501625,PI,FIFO,true,PI_FIFO,358.045765
4.530018,-1,15,9996.746000,17.793000,354.777673,359.730822,360.000000,630,5.222327,PI,FIFO,true,PI_FIFO,356.084910
4.540017,-1,15,9999.469000,17.262000,351.499732,358.496158,360.000000,637,8.500268,PI,FIFO,true,PI_FIFO,353.333803
4.550019,-1,15,10001.301000,18.563000,354.911982,357.958532,360.000000,638,5.088018,PI,FIFO,true,PI_FIFO,354.280710
4.560018,-1,15,9999.654000,18.217000,354.791099,357.483417,360.000000,639,5.208901,PI,FIFO,true,PI_FIFO,354.586944
4.570017,-1,15,9999.135000,17.352000,360.750361,357.973459,360.000000,634,-0.750361,PI,FIFO,true,PI_FIFO,358.284994
4.580018,-1,15,10000.653000,18.005000,363.372093,358.783254,360.000000,629,-3.372093,PI,FIFO,true,PI_FIFO,361.337253
4.590018,-1,15,9999.987000,17.992000,365.706746,359.821778,360.000000,623,-5.706746,PI,FIFO,true,PI_FIFO,363.958949
4.600018,-1,15,9999.875000,17.867000,363.020329,360.301560,360.000000,623,-3.020329,PI,FIFO,true,PI_FIFO,363.395777
4.610018,-1,15,9999.783000,17.650000,362.062307,360.565672,360.000000,623,-2.062307,PI,FIFO,true,PI_FIFO,362.595695
4.620018,-1,15,9999.876000,17.526000,361.097737,360.645482,360.000000,624,-1.097737,PI,FIFO,true,PI_FIFO,361.696920
4.630017,-1,15,9999.801000,17.327000,361.172262,360.724499,360.000000,624,-1.172262,PI,FIFO,true,PI_FIFO,361.382125
4.640018,-1,15,10000.728000,18.055000,360.403652,360.676372,360.000000,624,-0.403652,PI,FIFO,true,PI_FIFO,360.795041
4.650018,-1,15,9999.950000,18.005000,363.372093,361.080730,360.000000,621,-3.372093,PI,FIFO,true,PI_FIFO,362.341272
4.660018,-1,15,9999.560000,17.565000,365.706746,361.774633,360.000000,616,-5.706746,PI,FIFO,true,PI_FIFO,364.360557
4.670018,-1,15,10000.302000,17.867000,361.331351,361.708140,360.000000,618,-1.331351,PI,FIFO,true,PI_FIFO,362.543033
4.680017,-1,15,9999.505000,17.372000,360.265155,361.491693,360.000000,619,-0.265155,PI,FIFO,true,PI_FIFO,361.176306
4.690018,-1,15,10000.246000,17.618000,356.373543,360.723970,360.000000,624,3.626457,PI,FIFO,true,PI_FIFO,358.294648
4.700015,-1,15,9997.043000,14.661000,356.012658,360.017273,360.000000,628,3.987342,PI,FIFO,true,PI_FIFO,356.925454
4.710018,-1,15,10003.153000,17.814000,351.211289,358.696376,360.000000,636,8.788711,PI,FIFO,true,PI_FIFO,353.496955
4.720014,-1,15,9996.413000,14.227000,354.755298,358.105214,360.000000,637,5.244702,PI,FIFO,true,PI_FIFO,354.251961
4.730018,-1,15,10004.079000,18.306000,355.113636,357.656477,360.000000,638,4.886364,PI,FIFO,true,PI_FIFO,354.768966
4.740014,-1,15,9996.079000,14.385000,361.097737,358.172666,360.000000,633,-1.097737,PI,FIFO,true,PI_FIFO,358.566229
4.750018,-1,15,10003.265000,17.650000,361.318088,358.644480,360.000000,630,-1.318088,PI,FIFO,true,PI_FIFO,360.217345
4.760018,-1,15,10000.042000,17.692000,366.568915,359.833145,360.000000,623,-6.568915,PI,FIFO,true,PI_FIFO,364.028287
4.770018,-1,15,10000.487000,18.179000,362.996902,360.307709,360.000000,622,-2.996902,PI,FIFO,true,PI_FIFO,363.409456
4.780018,-1,15,9999.375000,17.554000,363.548231,360.793787,360.000000,621,-3.548231,PI,FIFO,true,PI_FIFO,363.492721
4.790018,-1,15,9999.987000,17.541000,359.884837,360.657444,360.000000,624,0.115163,PI,FIFO,true,PI_FIFO,361.327990
4.800018,-1,15,10000.098000,17.639000,362.248841,360.896154,360.000000,622,-2.248841,PI,FIFO,true,PI_FIFO,361.880501
4.810018,-1,15,10000.005000,17.644000,359.367513,360.666858,360.000000,624,0.632487,PI,FIFO,true,PI_FIFO,360.372708
4.820018,-1,15,10000.024000,17.668000,364.785992,361.284728,360.000000,619,-4.785992,PI,FIFO,true,PI_FIFO,363.020679
4.830018,-1,15,10000.061000,17.729000,363.041002,361.548169,360.000000,618,-3.041002,PI,FIFO,true,PI_FIFO,363.032873
4.840018,-1,15,9999.820000,17.549000,362.769486,361.731367,360.000000,617,-2.769486,PI,FIFO,true,PI_FIFO,362.874841
4.850019,-1,15,10001.709000,19.258000,357.824427,361.145326,360.000000,621,2.175573,PI,FIFO,true,PI_FIFO,359.844593
4.860018,-1,15,9998.561000,17.819000,354.576399,360.159987,360.000000,628,5.423601,PI,FIFO,true,PI_FIFO,356.683677
4.870018,-1,15,9999.931000,17.750000,353.506787,359.162007,360.000000,633,6.493213,PI,FIFO,true,PI_FIFO,354.777543
4.880018,-1,15,9999.857000,17.607000,352.797291,358.207299,360.000000,637,7.202709,PI,FIFO,true,PI_FIFO,353.589392
4.890017,-1,15,9999.727000,17.334000,354.719504,357.684130,360.000000,639,5.280496,PI,FIFO,true,PI_FIFO,354.267459
4.900018,-1,15,10000.209000,17.543000,358.590881,357.820143,360.000000,636,1.409119,PI,FIFO,true,PI_FIFO,356.861512
4.910017,-1,15,9999.654000,17.197000,363.724539,358.705802,360.000000,629,-3.724539,PI,FIFO,true,PI_FIFO,360.979328
4.920018,-1,15,10000.598000,17.795000,362.809598,359.321371,360.000000,626,-2.809598,PI,FIFO,true,PI_FIFO,362.077490
4.930018,-1,15,10000.560000,18.355000,364.077670,360.034816,360.000000,623,-4.077670,PI,FIFO,true,PI_FIFO,363.277598
4.940021,-1,15,10002.765000,21.120000,362.809598,360.451033,360.000000,622,-2.809598,PI,FIFO,true,PI_FIFO,362.996798
4.950025,-1,15,10003.764000,24.884000,364.077670,360.995029,360.000000,620,-4.077670,PI,FIFO,true,PI_FIFO,363.645321
4.960015,-1,15,9989.691000,14.575000,357.824427,360.519439,360.000000,625,2.175573,PI,FIFO,true,PI_FIFO,360.152785
4.970027,-1,15,10012.338000,26.913000,361.794501,360.710698,360.000000,623,-1.794501,PI,FIFO,true,PI_FIFO,361.137814
4.980020,-1,15,9992.691000,19.604000,359.838792,360.579912,360.000000,624,0.161208,PI,FIFO,true,PI_FIFO,360.358401
4.990018,-1,15,9998.431000,18.035000,365.497076,361.317487,360.000000,618,-5.497076,PI,FIFO,true,PI_FIFO,363.441606
5.000018,-1,15,9999.820000,17.855000,360.947125,361.261933,360.000000,620,-0.947125,PI,FIFO,true,PI_FIFO,361.944918
5.010029,-1,15,10010.709000,28.564000,362.493958,361.446736,360.000000,618,-2.493958,PI,FIFO,true,PI_FIFO,362.274342
5.020036,-1,15,10007.541000,36.105000,356.554260,360.712865,360.000000,624,3.445740,PI,FIFO,true,PI_FIFO,358.842293
5.030021,-1,15,9984.506000,20.611000,356.294537,360.050116,360.000000,628,3.705463,PI,FIFO,true,PI_FIFO,357.313639
5.040031,-1,15,10010.339000,30.950000,351.876676,358.824100,360.000000,635,8.123324,PI,FIFO,true,PI_FIFO,354.051461
5.050021,-1,15,9990.320000,21.270000,356.916244,358.537921,360.000000,634,3.083756,PI,FIFO,true,PI_FIFO,355.770331
5.060018,-1,15,9996.987000,18.257000,354.755298,357.970528,360.000000,637,5.244702,PI,FIFO,true,PI_FIFO,355.161311
5.070018,-1,15,9999.987000,18.244000,359.925474,358.263770,360.000000,633,0.074526,PI,FIFO,true,PI_FIFO,358.019809
5.080018,-1,15,9999.431000,17.675000,362.929986,358.963702,360.000000,628,-2.929986,PI,FIFO,true,PI_FIFO,360.965915
5.090018,-1,15,9999.987000,17.662000,365.070093,359.879661,360.000000,623,-5.070093,PI,FIFO,true,PI_FIFO,363.428422
5.100017,-1,15,9999.801000,17.463000,362.970133,360.343232,360.000000,622,-2.970133,PI,FIFO,true,PI_FIFO,363.153448
5.110018,-1,15,10000.431000,17.894000,362.283837,360.634322,360.000000,622,-2.283837,PI,FIFO,true,PI_FIFO,362.631682
5.120018,-1,15,9999.895000,17.789000,362.099598,360.854114,360.000000,622,-2.099598,PI,FIFO,true,PI_FIFO,362.312432
5.130024,-1,15,10006.319000,24.108000,359.539789,360.656965,360.000000,624,0.460211,PI,FIFO,true,PI_FIFO,360.648846
5.140022,-1,15,9997.746000,21.854000,360.576923,360.644959,360.000000,624,-0.576923,PI,FIFO,true,PI_FIFO,360.605692
5.150022,-1,15,9999.820000,21.674000,362.493958,360.922309,360.000000,621,-2.493958,PI,FIFO,true,PI_FIFO,361.738652
5.160021,-1,14,9999.450000,21.124000,367.358934,361.887803,360.000000,614,-7.358934,PI,FIFO,true,PI_FIFO,365.110821
5.170021,-1,15,9999.968000,21.092000,361.271676,361.795384,360.000000,616,-1.271676,PI,FIFO,true,PI_FIFO,362.807334
5.180021,-1,15,9999.469000,20.561000,359.287174,361.419152,360.000000,619,0.712826,PI,FIFO,true,PI_FIFO,360.695238
5.190027,-1,15,10006.745000,27.306000,354.576399,360.392739,360.000000,626,5.423601,PI,FIFO,true,PI_FIFO,357.023935
5.200018,-1,15,9991.099000,18.405000,354.576399,359.520288,360.000000,630,5.423601,PI,FIFO,true,PI_FIFO,355.555414
5.210018,-1,15,9999.764000,18.169000,351.584474,358.329916,360.000000,637,8.415526,PI,FIFO,true,PI_FIFO,353.172850
5.220018,-1,15,9999.876000,18.045000,355.344379,357.882086,360.000000,637,4.655621,PI,FIFO,true,PI_FIFO,354.475768
5.230018,-1,15,9999.486000,17.531000,356.803045,357.720230,360.000000,637,3.196955,PI,FIFO,true,PI_FIFO,355.872134
5.240016,-1,15,9998.117000,15.648000,362.622486,358.455568,360.000000,630,-2.622486,PI,FIFO,true,PI_FIFO,359.922345
5.250019,-1,15,10003.524000,19.172000,361.969112,358.982600,360.000000,628,-1.969112,PI,FIFO,true,PI_FIFO,361.150405
5.260018,-1,15,9998.968000,18.140000,365.598886,359.975043,360.000000,622,-5.598886,PI,FIFO,true,PI_FIFO,363.819494
5.270018,-1,15,9999.653000,17.793000,363.703788,360.534354,360.000000,621,-3.703788,PI,FIFO,true,PI_FIFO,363.750070
5.280018,-1,15,10000.117000,17.910000,363.533127,360.984170,360.000000,620,-3.533127,PI,FIFO,true,PI_FIFO,363.619904
5.290018,-1,15,9999.857000,17.767000,359.746738,360.798555,360.000000,623,0.253262,PI,FIFO,true,PI_FIFO,361.296005
5.300018,-1,15,10000.153000,17.920000,362.248841,361.016098,360.000000,621,-2.248841,PI,FIFO,true,PI_FIFO,361.867706
5.310017,-1,15,9999.283000,17.203000,359.884837,360.846409,360.000000,623,0.115163,PI,FIFO,true,PI_FIFO,360.677985
5.320018,-1,15,10000.987000,18.190000,362.844702,361.146153,360.000000,620,-2.844702,PI,FIFO,true,PI_FIFO,361.978015
5.330019,-1,15,10000.563000,18.753000,362.809598,361.395670,360.000000,618,-2.809598,PI,FIFO,true,PI_FIFO,362.476965
5.340018,-1,15,9998.802000,17.555000,363.548231,361.718554,360.000000,616,-3.548231,PI,FIFO,true,PI_FIFO,363.119724
5.350018,-1,15,10000.116000,17.671000,357.642421,361.107134,360.000000,621,2.357579,PI,FIFO,true,PI_FIFO,359.833342
5.360018,-1,15,10000.746000,18.417000,355.416548,360.253546,360.000000,626,4.583452,PI,FIFO,true,PI_FIFO,357.183266
5.370018,-1,15,9999.802000,18.219000,354.576399,359.401974,360.000000,630,5.423601,PI,FIFO,true,PI_FIFO,355.619146
5.380018,-1,15,9999.968000,18.187000,354.442344,358.658030,360.000000,634,5.557656,PI,FIFO,true,PI_FIFO,354.913065
5.390018,-1,15,9999.635000,17.822000,353.582974,357.896771,360.000000,637,6.417026,PI,FIFO,true,PI_FIFO,354.115010
5.400018,-1,15,10000.542000,18.364000,356.803045,357.732712,360.000000,637,3.196955,PI,FIFO,true,PI_FIFO,355.727831
5.410019,-1,15,10000.524000,18.888000,364.313472,358.719826,360.000000,628,-4.313472,PI,FIFO,true,PI_FIFO,360.879215
5.420018,-1,15,9999.135000,18.023000,362.669246,359.312239,360.000000,626,-2.669246,PI,FIFO,true,PI_FIFO,361.953234
5.430018,-1,15,9999.875000,17.898000,364.502333,360.090753,360.000000,622,-4.502333,PI,FIFO,true,PI_FIFO,363.482693
5.440018,-1,15,10000.117000,18.015000,361.445783,360.294008,360.000000,623,-1.445783,PI,FIFO,true,PI_FIFO,362.260547
5.450017,-1,15,9999.450000,17.465000,362.585087,360.637669,360.000000,621,-2.585087,PI,FIFO,true,PI_FIFO,362.455271
5.460015,-1,15,9997.153000,14.618000,357.517399,360.169629,360.000000,626,2.482601,PI,FIFO,true,PI_FIFO,359.492548
5.470017,-1,15,10002.839000,17.457000,361.969112,360.439551,360.000000,624,-1.969112,PI,FIFO,true,PI_FIFO,360.978486
5.480015,-1,15,9997.986000,15.443000,360.903533,360.509149,360.000000,623,-0.903533,PI,FIFO,true,PI_FIFO,360.933514
5.490018,-1,15,10002.728000,18.171000,366.825042,361.456533,360.000000,616,-6.825042,PI,FIFO,true,PI_FIFO,364.468431
5.500015,-1,15,9996.357000,14.528000,362.710514,361.644630,360.000000,616,-2.710514,PI,FIFO,true,PI_FIFO,363.413681
5.510018,-1,15,10003.227000,17.755000,362.769486,361.813358,360.000000,615,-2.769486,PI,FIFO,true,PI_FIFO,363.027164
5.520018,-1,15,10000.172000,17.927000,355.281857,360.833633,360.000000,623,4.718143,PI,FIFO,true,PI_FIFO,358.379980
5.530016,-1,15,9998.413000,16.340000,355.498375,360.033344,360.000000,628,4.501625,PI,FIFO,true,PI_FIFO,356.651017
5.540021,-1,15,10005.116000,21.456000,352.112676,358.845244,360.000000,634,7.887324,PI,FIFO,true,PI_FIFO,353.928012
5.550021,-1,15,9999.802000,21.258000,357.097511,358.583084,360.000000,633,2.902489,PI,FIFO,true,PI_FIFO,355.829712
5.560021,-1,15,9999.931000,21.189000,354.945575,358.037458,360.000000,636,5.054425,PI,FIFO,true,PI_FIFO,355.299230
5.570022,-1,15,10000.746000,21.935000,359.983544,358.329371,360.000000,632,0.016456,PI,FIFO,true,PI_FIFO,358.109818
5.580021,-1,15,9999.524000,21.459000,362.215909,358.912351,360.000000,628,-2.215909,PI,FIFO,true,PI_FIFO,360.573473
5.590023,-1,15,10001.098000,22.557000,366.210938,360.007139,360.000000,621,-6.210938,PI,FIFO,true,PI_FIFO,363.955952
5.600019,-1,15,9996.820000,19.377000,362.143892,360.327652,360.000000,622,-2.143892,PI,FIFO,true,PI_FIFO,362.868716
5.610019,-1,15,9999.616000,18.993000,361.769570,360.543940,360.000000,622,-1.769570,PI,FIFO,true,PI_FIFO,362.209228
5.620018,-1,15,9998.876000,17.869000,362.051340,360.770050,360.000000,621,-2.051340,PI,FIFO,true,PI_FIFO,362.114495
5.630018,-1,15,10000.283000,18.152000,359.392114,360.563360,360.000000,623,0.607886,PI,FIFO,true,PI_FIFO,360.481067
5.640014,-1,15,9996.117000,14.269000,360.023041,360.482312,360.000000,624,-0.023041,PI,FIFO,true,PI_FIFO,360.206252
5.650027,-1,15,10013.097000,27.366000,361.541032,360.641120,360.000000,622,-1.541032,PI,FIFO,true,PI_FIFO,361.007120
5.660015,-1,15,9988.080000,15.446000,365.675280,361.396244,360.000000,616,-5.675280,PI,FIFO,true,PI_FIFO,363.808016
5.670018,-1,15,10002.746000,18.192000,361.132512,361.356684,360.000000,618,-1.132512,PI,FIFO,true,PI_FIFO,362.202713
5.680015,-1,15,9996.672000,14.864000,360.230548,361.187764,360.000000,619,-0.230548,PI,FIFO,true,PI_FIFO,361.019414
5.690018,-1,15,10002.746000,17.610000,356.012658,360.411498,360.000000,625,3.987342,PI,FIFO,true,PI_FIFO,358.015360
5.700014,-1,15,9996.690000,14.300000,356.012658,359.751672,360.000000,628,3.987342,PI,FIFO,true,PI_FIFO,356.813739
5.710018,-1,15,10003.320000,17.620000,350.000000,358.288921,360.000000,637,10.000000,PI,FIFO,true,PI_FIFO,352.725496
5.720026,-1,15,10008.172000,25.792000,356.224855,357.979311,360.000000,636,3.775145,PI,FIFO,true,PI_FIFO,354.825111
5.730038,-1,15,10012.152000,37.944000,355.883948,357.665007,360.000000,637,4.116052,PI,FIFO,true,PI_FIFO,355.460413
5.740017,-1,15,9979.322000,17.266000,362.143892,358.336839,360.000000,631,-2.143892,PI,FIFO,true,PI_FIFO,359.470500
5.750020,-1,15,10002.394000,19.660000,361.875965,358.867708,360.000000,628,-1.875965,PI,FIFO,true,PI_FIFO,360.913779
5.760018,-1,15,9998.727000,18.387000,366.379310,359.994449,360.000000,621,-6.379310,PI,FIFO,true,PI_FIFO,364.193098
5.770018,-1,15,9999.987000,18.374000,361.769570,360.260717,360.000000,623,-1.769570,PI,FIFO,true,PI_FIFO,362.738981
5.780015,-1,15,9996.468000,14.842000,362.318841,360.569435,360.000000,622,-2.318841,PI,FIFO,true,PI_FIFO,362.486897
5.790018,-1,15,10003.135000,17.977000,359.287174,360.377096,360.000000,625,0.712826,PI,FIFO,true,PI_FIFO,360.567063
5.800015,-1,15,9996.524000,14.501000,363.372093,360.826346,360.000000,621,-3.372093,PI,FIFO,true,PI_FIFO,362.250081
5.810018,-1,15,10003.468000,17.969000,360.761929,360.816683,360.000000,622,-0.761929,PI,FIFO,true,PI_FIFO,361.357190
5.820015,-1,15,9997.154000,15.123000,364.750511,361.406757,360.000000,617,-4.750511,PI,FIFO,true,PI_FIFO,363.393182
5.830019,-1,15,10003.801000,18.924000,364.017085,361.798306,360.000000,615,-4.017085,PI,FIFO,true,PI_FIFO,363.767524
5.840018,-1,15,9998.746000,17.670000,362.051340,361.836262,360.000000,616,-2.051340,PI,FIFO,true,PI_FIFO,362.737814
5.850018,-1,15,9999.950000,17.620000,356.294537,361.005003,360.000000,622,3.705463,PI,FIFO,true,PI_FIFO,358.871848
5.860018,-1,15,10000.172000,17.792000,355.305901,360.150138,360.000000,627,4.694099,PI,FIFO,true,PI_FIFO,356.732280
5.870018,-1,15,10000.301000,18.093000,354.107649,359.243764,360.000000,631,5.892351,PI,FIFO,true,PI_FIFO,355.157501
5.880018,-1,15,9999.524000,17.617000,353.582974,358.394646,360.000000,635,6.417026,PI,FIFO,true,PI_FIFO,354.212785
5.890017,-1,15,9999.876000,17.493000,354.609929,357.826938,360.000000,637,5.390071,PI,FIFO,true,PI_FIFO,354.451071
5.900018,-1,15,10000.746000,18.239000,357.240065,357.738907,360.000000,636,2.759935,PI,FIFO,true,PI_FIFO,356.124468
5.910018,-1,15,10000.098000,18.337000,363.869863,358.658551,360.000000,629,-3.869863,PI,FIFO,true,PI_FIFO,360.771705
5.920019,-1,15,10000.209000,18.546000,363.171002,359.335418,360.000000,625,-3.171002,PI,FIFO,true,PI_FIFO,362.211283
5.930019,-1,15,10000.320000,18.866000,364.202468,360.065476,360.000000,622,-4.202468,PI,FIFO,true,PI_FIFO,363.405994
5.940018,-1,15,9999.616000,18.482000,363.976705,360.652160,360.000000,620,-3.976705,PI,FIFO,true,PI_FIFO,363.748421
5.950017,-1,15,9998.783000,17.265000,362.875683,360.985689,360.000000,620,-2.875683,PI,FIFO,true,PI_FIFO,363.224778
5.960018,-1,15,10000.653000,17.918000,358.019640,360.540781,360.000000,624,1.980360,PI,FIFO,true,PI_FIFO,360.101695
5.970017,-1,15,9999.413000,17.331000,361.271676,360.650416,360.000000,623,-1.271676,PI,FIFO,true,PI_FIFO,360.803684
5.980018,-1,15,10000.265000,17.596000,359.986177,360.550780,360.000000,624,0.013823,PI,FIFO,true,PI_FIFO,360.313179
5.990018,-1,15,10000.190000,17.786000,366.425640,361.432009,360.000000,616,-6.425640,PI,FIFO,true,PI_FIFO,363.980656
6.000018,-1,15,10000.246000,18.032000,361.689815,361.470680,360.000000,617,-1.689815,PI,FIFO,true,PI_FIFO,362.606151
6.010017,-1,15,9999.043000,17.075000,362.108922,361.566416,360.000000,617,-2.108922,PI,FIFO,true,PI_FIFO,362.307814
6.020024,-1,15,10007.301000,24.376000,356.328392,360.780713,360.000000,623,3.671608,PI,FIFO,true,PI_FIFO,358.720161
6.030019,-1,15,9994.135000,18.511000,354.538088,359.844319,360.000000,629,5.461912,PI,FIFO,true,PI_FIFO,356.210917
6.040030,-1,15,10011.282000,29.793000,351.688103,358.620886,360.000000,635,8.311897,PI,FIFO,true,PI_FIFO,353.497228
6.050020,-1,15,9989.951000,19.744000,356.463878,358.297335,360.000000,635,3.536122,PI,FIFO,true,PI_FIFO,355.277218
6.060018,-1,15,9998.172000,17.916000,355.113636,357.819780,360.000000,637,4.886364,PI,FIFO,true,PI_FIFO,355.179069
6.070018,-1,15,9999.986000,17.902000,361.132512,358.316690,360.000000,632,-1.132512,PI,FIFO,true,PI_FIFO,358.751135
6.080018,-1,15,10000.395000,18.297000,362.634175,358.964313,360.000000,628,-2.634175,PI,FIFO,true,PI_FIFO,361.080959
6.090018,-1,15,9999.597000,17.894000,365.449584,359.937103,360.000000,622,-5.449584,PI,FIFO,true,PI_FIFO,363.702134
6.100018,-1,15,9999.969000,17.863000,362.353851,360.299616,360.000000,622,-2.353851,PI,FIFO,true,PI_FIFO,362.893164
6.110018,-1,15,10000.597000,18.460000,361.875965,360.536068,360.000000,622,-1.875965,PI,FIFO,true,PI_FIFO,362.282845
6.120019,-1,15,10000.191000,18.651000,361.097737,360.620318,360.000000,623,-1.097737,PI,FIFO,true,PI_FIFO,361.571780
6.130018,-1,15,9999.839000,18.490000,360.181120,360.554439,360.000000,624,-0.181120,PI,FIFO,true,PI_FIFO,360.737384
6.140018,-1,15,9999.320000,17.810000,360.740154,360.582296,360.000000,623,-0.740154,PI,FIFO,true,PI_FIFO,360.739046
6.150019,-1,15,10001.042000,18.852000,361.969112,360.790318,360.000000,621,-1.969112,PI,FIFO,true,PI_FIFO,361.477086
6.160014,-1,15,9994.876000,13.728000,365.706746,361.527782,360.000000,616,-5.706746,PI,FIFO,true,PI_FIFO,364.014882
6.170018,-1,15,10003.894000,17.622000,360.339337,361.349516,360.000000,619,-0.339337,PI,FIFO,true,PI_FIFO,361.809555
6.180015,-1,15,9997.024000,14.646000,360.611597,361.238828,360.000000,619,-0.611597,PI,FIFO,true,PI_FIFO,361.090780
6.190018,-1,15,10002.894000,17.540000,355.652504,360.400879,360.000000,625,4.347496,PI,FIFO,true,PI_FIFO,357.827814
6.200018,-1,15,9999.968000,17.508000,356.125356,359.759551,360.000000,628,3.874644,PI,FIFO,true,PI_FIFO,356.806339
6.210018,-1,15,10000.005000,17.513000,351.311563,358.492353,360.000000,636,8.688437,PI,FIFO,true,PI_FIFO,353.509474
6.220014,-1,15,9996.932000,14.445000,355.113636,357.985545,360.000000,637,4.886364,PI,FIFO,true,PI_FIFO,354.471971
6.230018,-1,15,10003.264000,17.709000,355.691057,357.641372,360.000000,638,4.308943,PI,FIFO,true,PI_FIFO,355.203423
6.240027,-1,15,10009.171000,26.880000,361.759599,358.259106,360.000000,632,-1.759599,PI,FIFO,true,PI_FIFO,359.137128
6.250018,-1,15,9991.228000,18.108000,362.847043,358.947297,360.000000,628,-2.847043,PI,FIFO,true,PI_FIFO,361.363077
6.260018,-1,15,9999.580000,17.688000,366.389839,360.063678,360.000000,621,-6.389839,PI,FIFO,true,PI_FIFO,364.379134
6.270018,-1,15,10000.338000,18.026000,362.710514,360.460703,360.000000,621,-2.710514,PI,FIFO,true,PI_FIFO,363.377962
6.280018,-1,15,9999.839000,17.865000,363.372093,360.897412,360.000000,620,-3.372093,PI,FIFO,true,PI_FIFO,363.374441
6.290017,-1,15,9999.616000,17.481000,358.337315,360.513397,360.000000,625,1.662685,PI,FIFO,true,PI_FIFO,360.352165
6.300017,-1,15,9999.894000,17.375000,362.622486,360.829761,360.000000,622,-2.622486,PI,FIFO,true,PI_FIFO,361.714358
6.310018,-1,15,10000.172000,17.547000,360.403652,360.765844,360.000000,623,-0.403652,PI,FIFO,true,PI_FIFO,360.927934
6.320024,-1,15,10005.963000,23.510000,365.070093,361.411482,360.000000,617,-5.070093,PI,FIFO,true,PI_FIFO,363.413230
6.330026,-1,15,10002.210000,25.720000,363.372093,361.705573,360.000000,616,-3.372093,PI,FIFO,true,PI_FIFO,363.388548
6.340037,-1,15,10010.949000,36.669000,363.184401,361.927397,360.000000,615,-3.184401,PI,FIFO,true,PI_FIFO,363.266060
6.350023,-1,15,9986.025000,22.694000,355.787476,361.006409,360.000000,622,4.212524,PI,FIFO,true,PI_FIFO,358.778910
6.360025,-1,15,10002.783000,25.477000,354.346652,360.007446,360.000000,628,5.653348,PI,FIFO,true,PI_FIFO,356.119555
6.370022,-1,15,9996.487000,21.964000,352.609309,358.897725,360.000000,634,7.390691,PI,FIFO,true,PI_FIFO,354.013407
6.380022,-1,15,9999.710000,21.674000,353.964401,358.157727,360.000000,636,6.035599,PI,FIFO,true,PI_FIFO,353.984004
6.390021,-1,15,9999.450000,21.124000,355.618777,357.776884,360.000000,637,4.381223,PI,FIFO,true,PI_FIFO,354.964867
6.400021,-1,15,10000.005000,21.129000,357.395709,357.719708,360.000000,636,2.604291,PI,FIFO,true,PI_FIFO,356.423372
6.410021,-1,15,9999.487000,20.616000,364.069353,358.672155,360.000000,628,-4.069353,PI,FIFO,true,PI_FIFO,361.010961
6.420021,-1,15,10000.210000,20.826000,363.774945,359.437573,360.000000,625,-3.774945,PI,FIFO,true,PI_FIFO,362.669351
6.430029,-1,15,10008.597000,29.423000,364.368999,360.177287,360.000000,622,-4.368999,PI,FIFO,true,PI_FIFO,363.689140
6.440042,-1,15,10012.320000,41.743000,363.748060,360.712903,360.000000,620,-3.748060,PI,FIFO,true,PI_FIFO,363.724492
6.450025,-1,15,9983.340000,25.083000,363.936335,361.196418,360.000000,618,-3.936335,PI,FIFO,true,PI_FIFO,363.851598
6.460019,-1,15,9994.061000,19.144000,358.680057,360.818964,360.000000,623,1.319943,PI,FIFO,true,PI_FIFO,360.748674
6.470018,-1,15,9998.821000,17.965000,361.570248,360.931656,360.000000,622,-1.570248,PI,FIFO,true,PI_FIFO,361.241618
6.480018,-1,15,10000.505000,18.470000,360.230548,360.826490,360.000000,622,-0.230548,PI,FIFO,true,PI_FIFO,360.634976
6.490018,-1,15,9999.728000,18.198000,365.874656,361.583715,360.000000,616,-5.874656,PI,FIFO,true,PI_FIFO,363.778784
6.500018,-1,15,9999.746000,17.944000,360.181120,361.373326,360.000000,618,-0.181120,PI,FIFO,true,PI_FIFO,361.620185
6.510019,-1,15,10000.895000,18.839000,361.620058,361.410335,360.000000,618,-1.620058,PI,FIFO,true,PI_FIFO,361.620109
6.520017,-1,15,9998.376000,17.215000,356.618846,360.691612,360.000000,623,3.381154,PI,FIFO,true,PI_FIFO,358.619351
6.530021,-1,15,10003.672000,20.887000,355.779534,359.954800,360.000000,627,4.220466,PI,FIFO,true,PI_FIFO,356.915461
6.540031,-1,15,10009.820000,30.707000,351.688103,358.714796,360.000000,634,8.311897,PI,FIFO,true,PI_FIFO,353.779046
6.550021,-1,15,9990.654000,21.361000,354.945575,358.149413,360.000000,636,5.054425,PI,FIFO,true,PI_FIFO,354.478963
6.560021,-1,15,9999.265000,20.626000,355.305901,357.722886,360.000000,637,4.694099,PI,FIFO,true,PI_FIFO,354.975126
6.570020,-1,15,9999.709000,20.335000,360.903533,358.199983,360.000000,632,-0.903533,PI,FIFO,true,PI_FIFO,358.532170
6.580018,-1,15,9998.043000,18.378000,362.769486,358.885408,360.000000,628,-2.769486,PI,FIFO,true,PI_FIFO,361.074560
6.590019,-1,15,10000.172000,18.550000,365.203941,359.833188,360.000000,622,-5.203941,PI,FIFO,true,PI_FIFO,363.552189
6.600019,-1,15,9999.969000,18.519000,362.168874,360.183541,360.000000,622,-2.168874,PI,FIFO,true,PI_FIFO,362.722200
6.610018,-1,15,9999.672000,18.191000,362.143892,360.477594,360.000000,622,-2.143892,PI,FIFO,true,PI_FIFO,362.375215
6.620018,-1,15,10000.228000,18.419000,361.503856,360.631533,360.000000,622,-1.503856,PI,FIFO,true,PI_FIFO,361.852400
6.630018,-1,15,9999.931000,18.350000,359.884837,360.519529,360.000000,624,0.115163,PI,FIFO,true,PI_FIFO,360.671862
6.640027,-1,15,10009.098000,27.448000,360.207480,360.472721,360.000000,624,-0.207480,PI,FIFO,true,PI_FIFO,360.393232
6.650018,-1,15,9990.543000,17.991000,362.669246,360.802200,360.000000,621,-2.669246,PI,FIFO,true,PI_FIFO,361.758840
6.660018,-1,14,9999.987000,17.978000,367.167102,361.756935,360.000000,614,-7.167102,PI,FIFO,true,PI_FIFO,365.003797
6.670018,-1,15,9999.691000,17.669000,361.445783,361.710262,360.000000,616,-1.445783,PI,FIFO,true,PI_FIFO,362.868989
6.680018,-1,15,10000.061000,17.730000,359.470859,361.374352,360.000000,619,0.529141,PI,FIFO,true,PI_FIFO,360.830111
6.690018,-1,15,9999.913000,17.643000,356.193009,360.597150,360.000000,624,3.806991,PI,FIFO,true,PI_FIFO,358.047850
6.700018,-1,15,10000.191000,17.834000,356.012658,359.909477,360.000000,627,3.987342,PI,FIFO,true,PI_FIFO,356.826735
6.710018,-1,15,9999.820000,17.654000,352.090636,358.736651,360.000000,634,7.909364,PI,FIFO,true,PI_FIFO,353.985076
6.720018,-1,15,10000.228000,17.882000,355.832490,358.301026,360.000000,634,4.167510,PI,FIFO,true,PI_FIFO,355.093524
6.730018,-1,15,10000.617000,18.499000,355.956336,357.949323,360.000000,635,4.043664,PI,FIFO,true,PI_FIFO,355.611211
6.740029,-1,15,10010.116000,28.615000,361.620058,358.499933,360.000000,630,-1.620058,PI,FIFO,true,PI_FIFO,359.216519
6.750019,-1,15,9990.228000,18.843000,360.947125,358.867012,360.000000,628,-0.947125,PI,FIFO,true,PI_FIFO,360.254883
6.760018,-1,15,9998.802000,17.645000,366.210938,359.968601,360.000000,621,-6.210938,PI,FIFO,true,PI_FIFO,363.828516
6.770018,-1,15,10000.098000,17.743000,361.875965,360.254705,360.000000,622,-1.875965,PI,FIFO,true,PI_FIFO,362.656985
6.780017,-1,15,9999.710000,17.453000,363.020329,360.669549,360.000000,620,-3.020329,PI,FIFO,true,PI_FIFO,362.874992
6.790018,-1,15,10000.431000,17.884000,358.998906,360.418953,360.000000,624,1.001094,PI,FIFO,true,PI_FIFO,360.549340
6.800018,-1,15,10000.043000,17.927000,361.394558,360.565293,360.000000,623,-1.394558,PI,FIFO,true,PI_FIFO,361.056471
6.810017,-1,15,9999.431000,17.358000,359.195402,360.359810,360.000000,624,0.804598,PI,FIFO,true,PI_FIFO,359.939830
6.820017,-1,15,10000.006000,17.364000,364.431487,360.970561,360.000000,619,-4.431487,PI,FIFO,true,PI_FIFO,362.634824
6.830018,-1,15,10000.357000,17.721000,364.124806,361.443698,360.000000,616,-4.124806,PI,FIFO,true,PI_FIFO,363.528813
6.840023,-1,15,10005.431000,23.152000,363.372093,361.732957,360.000000,615,-3.372093,PI,FIFO,true,PI_FIFO,363.434781
6.850021,-1,15,9997.636000,20.788000,356.735160,360.983288,360.000000,621,3.264840,PI,FIFO,true,PI_FIFO,359.415008
6.860015,-1,15,9993.820000,14.608000,354.945575,360.077631,360.000000,627,5.054425,PI,FIFO,true,PI_FIFO,356.733348
6.870018,-1,15,10002.987000,17.595000,353.392569,359.074871,360.000000,632,6.607431,PI,FIFO,true,PI_FIFO,354.728881
6.880017,-1,15,9999.858000,17.453000,354.107649,358.329788,360.000000,635,5.892351,PI,FIFO,true,PI_FIFO,354.356141
6.890018,-1,15,10000.487000,17.940000,353.582974,357.617766,360.000000,638,6.417026,PI,FIFO,true,PI_FIFO,353.892241
6.900018,-1,15,10000.005000,17.945000,357.995227,357.674385,360.000000,636,2.004773,PI,FIFO,true,PI_FIFO,356.354032
6.910018,-1,15,9999.784000,17.729000,365.070093,358.783741,360.000000,627,-5.070093,PI,FIFO,true,PI_FIFO,361.583669
6.920017,-1,15,9999.691000,17.420000,362.669246,359.366567,360.000000,625,-2.669246,PI,FIFO,true,PI_FIFO,362.235015
6.930018,-1,15,10000.227000,17.647000,364.608653,360.152880,360.000000,622,-4.608653,PI,FIFO,true,PI_FIFO,363.659198
6.940027,-1,15,10009.783000,27.430000,361.503856,360.355526,360.000000,623,-1.503856,PI,FIFO,true,PI_FIFO,362.365993
6.950018,-1,15,9990.358000,17.788000,362.669246,360.702584,360.000000,621,-2.669246,PI,FIFO,true,PI_FIFO,362.547945
6.960017,-1,15,9999.635000,17.423000,358.920368,360.435252,360.000000,625,1.079632,PI,FIFO,true,PI_FIFO,360.371398
6.970017,-1,15,9999.913000,17.336000,361.062969,360.529409,360.000000,624,-1.062969,PI,FIFO,true,PI_FIFO,360.786341
6.980017,-1,15,9999.950000,17.286000,361.410948,360.661640,360.000000,623,-1.410948,PI,FIFO,true,PI_FIFO,361.161105
6.990018,-1,15,10000.636000,17.922000,366.379310,361.519291,360.000000,616,-6.379310,PI,FIFO,true,PI_FIFO,364.292028
7.000018,-1,15,10000.024000,17.946000,361.371145,361.497069,360.000000,618,-1.371145,PI,FIFO,true,PI_FIFO,362.539499
7.010018,-1,15,9999.672000,17.618000,362.143892,361.594092,360.000000,617,-2.143892,PI,FIFO,true,PI_FIFO,362.302135
7.020017,-1,15,9999.728000,17.346000,356.373543,360.811010,360.000000,623,3.626457,PI,FIFO,true,PI_FIFO,358.744980
7.030017,-1,15,10000.098000,17.444000,355.618777,360.032175,360.000000,627,4.381223,PI,FIFO,true,PI_FIFO,356.869258
7.040039,-1,15,10021.634000,39.078000,351.688103,358.780564,360.000000,635,8.311897,PI,FIFO,true,PI_FIFO,353.760565
7.050019,-1,15,9980.266000,19.344000,355.787476,358.331601,360.000000,635,4.212524,PI,FIFO,true,PI_FIFO,354.976712
7.060027,-1,15,10007.968000,27.312000,355.691057,357.935519,360.000000,636,4.308943,PI,FIFO,true,PI_FIFO,355.405319
7.070021,-1,15,9993.543000,20.855000,359.367513,358.150318,360.000000,633,0.632487,PI,FIFO,true,PI_FIFO,357.782635
7.080019,-1,15,9998.265000,19.120000,363.184401,358.905431,360.000000,628,-3.184401,PI,FIFO,true,PI_FIFO,361.023695
7.090018,-1,15,9998.931000,18.051000,365.319045,359.867473,360.000000,622,-5.319045,PI,FIFO,true,PI_FIFO,363.600905
7.100018,-1,15,10000.099000,18.150000,362.809598,360.308792,360.000000,622,-2.809598,PI,FIFO,true,PI_FIFO,363.126121
7.110017,-1,15,9999.320000,17.470000,362.493958,360.636567,360.000000,621,-2.493958,PI,FIFO,true,PI_FIFO,362.746823
7.120018,-1,15,10000.431000,17.901000,362.248841,360.878408,360.000000,621,-2.248841,PI,FIFO,true,PI_FIFO,362.448034
7.130032,-1,15,10013.987000,31.888000,359.712230,360.703481,360.000000,623,0.287770,PI,FIFO,true,PI_FIFO,360.806552
7.140045,-1,15,10013.449000,45.337000,359.838792,360.573778,360.000000,624,0.161208,PI,FIFO,true,PI_FIFO,360.225896
7.150021,-1,15,9975.340000,20.677000,362.318841,360.835537,360.000000,621,-2.318841,PI,FIFO,true,PI_FIFO,361.481663
7.160018,-1,15,9997.302000,17.979000,366.592805,361.699127,360.000000,615,-6.592805,PI,FIFO,true,PI_FIFO,364.548348
7.170019,-1,15,10001.506000,19.485000,361.969112,361.739625,360.000000,616,-1.969112,PI,FIFO,true,PI_FIFO,363.000806
7.180021,-1,15,10001.135000,20.620000,359.838792,361.454500,360.000000,618,0.161208,PI,FIFO,true,PI_FIFO,361.103598
7.190019,-1,15,9998.339000,18.959000,354.945575,360.478161,360.000000,625,5.054425,PI,FIFO,true,PI_FIFO,357.408784
7.200019,-1,15,9999.746000,18.705000,356.270358,359.846991,360.000000,627,3.729642,PI,FIFO,true,PI_FIFO,356.725729
7.210018,-1,15,9999.728000,18.433000,350.959289,358.513836,360.000000,636,9.040711,PI,FIFO,true,PI_FIFO,353.265865
7.220019,-1,15,10000.098000,18.531000,355.883948,358.119352,360.000000,635,4.116052,PI,FIFO,true,PI_FIFO,354.836715
7.230018,-1,15,9999.969000,18.500000,355.787476,357.769571,360.000000,636,4.212524,PI,FIFO,true,PI_FIFO,355.407172
7.240027,-1,15,10008.172000,26.672000,362.435567,358.469470,360.000000,630,-2.435567,PI,FIFO,true,PI_FIFO,359.624209
7.250018,-1,15,9990.895000,17.567000,361.271676,358.889801,360.000000,628,-1.271676,PI,FIFO,true,PI_FIFO,360.612689
7.260018,-1,15,10000.227000,17.794000,366.020302,359.959376,360.000000,621,-6.020302,PI,FIFO,true,PI_FIFO,363.857257
7.270018,-1,15,10000.284000,18.078000,361.969112,360.260837,360.000000,622,-1.969112,PI,FIFO,true,PI_FIFO,362.724370
7.280018,-1,15,10000.079000,18.157000,362.809598,360.643151,360.000000,621,-2.809598,PI,FIFO,true,PI_FIFO,362.775506
7.290015,-1,15,9996.599000,14.756000,358.508604,360.322969,360.000000,625,1.491396,PI,FIFO,true,PI_FIFO,360.215365
7.300019,-1,15,10003.912000,18.668000,362.493958,360.648617,360.000000,622,-2.493958,PI,FIFO,true,PI_FIFO,361.582521
7.310018,-1,15,9998.895000,17.563000,360.775151,360.667597,360.000000,622,-0.775151,PI,FIFO,true,PI_FIFO,361.098099
7.320018,-1,15,10000.038000,17.601000,364.368999,361.222808,360.000000,618,-4.368999,PI,FIFO,true,PI_FIFO,363.060639
7.330020,-1,15,10002.228000,19.829000,363.171002,361.515037,360.000000,617,-3.171002,PI,FIFO,true,PI_FIFO,363.126857
7.340028,-1,15,10008.043000,27.872000,363.372093,361.793595,360.000000,615,-3.372093,PI,FIFO,true,PI_FIFO,363.273998
7.350018,-1,15,9990.229000,18.101000,357.434641,361.139752,360.000000,621,2.565359,PI,FIFO,true,PI_FIFO,359.770384
7.360021,-1,15,10003.098000,21.199000,356.463878,360.438371,360.000000,625,3.536122,PI,FIFO,true,PI_FIFO,357.786480
7.370019,-1,15,9997.562000,18.761000,354.538088,359.553328,360.000000,629,5.461912,PI,FIFO,true,PI_FIFO,355.837445
7.380018,-1,15,9999.080000,17.841000,354.609929,358.811818,360.000000,633,5.390071,PI,FIFO,true,PI_FIFO,355.100935
7.390018,-1,15,9999.858000,17.699000,353.582974,358.027492,360.000000,636,6.417026,PI,FIFO,true,PI_FIFO,354.190159
7.400015,-1,15,9996.877000,14.576000,357.824427,357.997032,360.000000,634,2.175573,PI,FIFO,true,PI_FIFO,356.370720
7.410018,-1,15,10002.951000,17.527000,363.936335,358.887928,360.000000,627,-3.936335,PI,FIFO,true,PI_FIFO,360.910089
7.420015,-1,15,9997.025000,14.552000,361.794501,359.323914,360.000000,626,-1.794501,PI,FIFO,true,PI_FIFO,361.440736
7.430017,-1,15,10002.876000,17.428000,364.124806,360.044047,360.000000,622,-4.124806,PI,FIFO,true,PI_FIFO,363.051178
7.440027,-1,15,10009.469000,26.897000,361.620058,360.280449,360.000000,622,-1.620058,PI,FIFO,true,PI_FIFO,362.192506
7.450018,-1,15,9991.321000,18.218000,362.435567,360.603717,360.000000,621,-2.435567,PI,FIFO,true,PI_FIFO,362.338343
7.460017,-1,15,9998.840000,17.058000,357.653791,360.161228,360.000000,626,2.346209,PI,FIFO,true,PI_FIFO,359.527612
7.470018,-1,15,10000.469000,17.527000,361.097737,360.301704,360.000000,624,-1.097737,PI,FIFO,true,PI_FIFO,360.469687
7.480018,-1,15,10000.024000,17.551000,361.318088,360.454162,360.000000,623,-1.318088,PI,FIFO,true,PI_FIFO,360.978728
7.490018,-1,15,10000.025000,17.576000,366.210938,361.317678,360.000000,616,-6.210938,PI,FIFO,true,PI_FIFO,364.118054
7.500018,-1,15,10000.117000,17.693000,360.775151,361.236299,360.000000,618,-0.775151,PI,FIFO,true,PI_FIFO,362.112312
7.510017,-1,15,9999.488000,17.181000,362.545496,361.432679,360.000000,617,-2.545496,PI,FIFO,true,PI_FIFO,362.372222
7.520018,-1,15,10000.876000,18.057000,355.498375,360.542533,360.000000,624,4.501625,PI,FIFO,true,PI_FIFO,358.247914
7.530018,-1,15,10000.173000,18.230000,354.777673,359.677804,360.000000,629,5.222327,PI,FIFO,true,PI_FIFO,356.165769
7.540028,-1,15,10009.413000,27.643000,351.688103,358.479349,360.000000,636,8.311897,PI,FIFO,true,PI_FIFO,353.479169
7.550016,-1,15,9987.896000,15.539000,355.956336,358.100897,360.000000,636,4.043664,PI,FIFO,true,PI_FIFO,354.965469
7.560018,-1,15,10002.654000,18.193000,356.851550,357.913495,360.000000,635,3.148450,PI,FIFO,true,PI_FIFO,356.097118
7.570018,-1,15,9999.673000,17.866000,360.903533,358.362001,360.000000,631,-0.903533,PI,FIFO,true,PI_FIFO,358.980967
7.580018,-1,15,9999.729000,17.595000,362.769486,359.023123,360.000000,627,-2.769486,PI,FIFO,true,PI_FIFO,361.254078
7.590017,-1,15,9999.339000,16.934000,364.608653,359.860953,360.000000,623,-4.608653,PI,FIFO,true,PI_FIFO,363.266823
7.600018,-1,15,10001.173000,18.107000,362.809598,360.303250,360.000000,622,-2.809598,PI,FIFO,true,PI_FIFO,362.992488
7.610018,-1,15,9999.617000,17.724000,363.196126,360.737181,360.000000,621,-3.196126,PI,FIFO,true,PI_FIFO,363.114671
7.620018,-1,15,10000.006000,17.730000,360.250904,360.664239,360.000000,623,-0.250904,PI,FIFO,true,PI_FIFO,361.396411
7.630018,-1,15,9999.895000,17.625000,361.570248,360.800141,360.000000,622,-1.570248,PI,FIFO,true,PI_FIFO,361.500713
7.640026,-1,15,10008.543000,26.168000,359.539789,360.611088,360.000000,624,0.460211,PI,FIFO,true,PI_FIFO,360.324159
7.650018,-1,15,9991.692000,17.860000,361.689815,360.772897,360.000000,622,-1.689815,PI,FIFO,true,PI_FIFO,361.143552
7.660018,-1,15,9999.710000,17.570000,365.675280,361.508255,360.000000,616,-5.675280,PI,FIFO,true,PI_FIFO,363.862589
7.670018,-1,15,10000.376000,17.946000,361.503856,361.507595,360.000000,617,-1.503856,PI,FIFO,true,PI_FIFO,362.447349
7.680018,-1,15,9999.729000,17.675000,359.539789,361.212424,360.000000,620,0.460211,PI,FIFO,true,PI_FIFO,360.702813
7.690018,-1,15,10000.247000,17.922000,355.883948,360.413152,360.000000,625,4.116052,PI,FIFO,true,PI_FIFO,357.811494
7.700017,-1,15,9999.321000,17.243000,355.281857,359.643458,360.000000,629,4.718143,PI,FIFO,true,PI_FIFO,356.293712
7.710018,-1,15,10000.321000,17.564000,351.499732,358.421899,360.000000,636,8.500268,PI,FIFO,true,PI_FIFO,353.417324
7.720014,-1,15,9996.691000,14.255000,354.777673,357.875265,360.000000,637,5.222327,PI,FIFO,true,PI_FIFO,354.233533
7.730018,-1,15,10003.525000,17.780000,355.498375,357.518732,360.000000,638,4.501625,PI,FIFO,true,PI_FIFO,354.992438
7.740023,-1,15,10005.413000,23.193000,363.041002,358.347072,360.000000,631,-3.041002,PI,FIFO,true,PI_FIFO,359.821577
7.750018,-1,15,9994.655000,17.848000,361.969112,358.890378,360.000000,628,-1.969112,PI,FIFO,true,PI_FIFO,361.110098
7.760017,-1,15,9999.321000,17.169000,365.874656,359.938020,360.000000,622,-5.874656,PI,FIFO,true,PI_FIFO,363.968833
7.770028,-1,15,10010.968000,28.137000,362.368857,360.302645,360.000000,622,-2.368857,PI,FIFO,true,PI_FIFO,363.008847
7.780019,-1,15,9990.877000,19.014000,362.875683,360.688601,360.000000,621,-2.875683,PI,FIFO,true,PI_FIFO,362.928949
7.790018,-1,15,9999.210000,18.224000,357.824427,360.258975,360.000000,626,2.175573,PI,FIFO,true,PI_FIFO,359.866236
7.800018,-1,15,9999.451000,17.675000,363.196126,360.699548,360.000000,622,-3.196126,PI,FIFO,true,PI_FIFO,361.864170
7.810018,-1,15,10000.802000,18.477000,360.576923,360.681154,360.000000,623,-0.576923,PI,FIFO,true,PI_FIFO,361.091822
7.820018,-1,15,9999.432000,17.909000,365.449584,361.396419,360.000000,617,-5.449584,PI,FIFO,true,PI_FIFO,363.706479
7.830018,-1,15,10000.192000,18.101000,363.548231,361.719190,360.000000,616,-3.548231,PI,FIFO,true,PI_FIFO,363.611530
7.840043,-1,14,10025.190000,43.291000,363.936335,362.051762,360.000000,614,-3.936335,PI,FIFO,true,PI_FIFO,363.806413
7.850028,-1,15,9985.062000,28.353000,357.278963,361.335842,360.000000,620,2.721037,PI,FIFO,true,PI_FIFO,359.889943
7.860025,-1,15,9996.581000,24.934000,355.281857,360.427744,360.000000,626,4.718143,PI,FIFO,true,PI_FIFO,357.125092
7.870022,-1,15,9997.098000,22.032000,354.219144,359.496454,360.000000,630,5.780856,PI,FIFO,true,PI_FIFO,355.381523
7.880022,-1,15,9999.544000,21.576000,354.442344,358.738338,360.000000,633,5.557656,PI,FIFO,true,PI_FIFO,354.818016
7.890023,-1,15,10001.302000,22.878000,354.155424,358.050901,360.000000,636,5.844576,PI,FIFO,true,PI_FIFO,354.420460
7.900021,-1,15,9998.043000,20.921000,357.278963,357.935110,360.000000,635,2.721037,PI,FIFO,true,PI_FIFO,356.135562
7.910021,-1,15,9999.970000,20.891000,363.724539,358.803524,360.000000,628,-3.724539,PI,FIFO,true,PI_FIFO,360.688948
7.920026,-1,15,10004.876000,25.767000,362.622486,359.376369,360.000000,625,-2.622486,PI,FIFO,true,PI_FIFO,361.849071
7.930020,-1,15,9994.136000,19.903000,364.254492,360.108087,360.000000,622,-4.254492,PI,FIFO,true,PI_FIFO,363.292324
7.940030,-1,15,10009.969000,29.872000,363.559979,360.625871,360.000000,620,-3.559979,PI,FIFO,true,PI_FIFO,363.452917
7.950018,-1,15,9988.469000,18.341000,363.020329,360.985040,360.000000,619,-3.020329,PI,FIFO,true,PI_FIFO,363.193364
7.960018,-1,15,9999.358000,17.699000,357.824427,360.510948,360.000000,624,2.175573,PI,FIFO,true,PI_FIFO,359.972002
7.970018,-1,15,9999.803000,17.502000,360.903533,360.569836,360.000000,623,-0.903533,PI,FIFO,true,PI_FIFO,360.530920
7.980018,-1,15,10000.599000,18.101000,360.181120,360.511528,360.000000,623,-0.181120,PI,FIFO,true,PI_FIFO,360.321040
7.990017,-1,15,9999.395000,17.496000,365.319045,361.232656,360.000000,617,-5.319045,PI,FIFO,true,PI_FIFO,363.319843
8.000018,-1,15,10000.098000,17.594000,362.875683,361.479110,360.000000,616,-2.875683,PI,FIFO,true,PI_FIFO,363.053347
8.010018,-1,15,10000.729000,18.323000,361.371145,361.462915,360.000000,617,-1.371145,PI,FIFO,true,PI_FIFO,362.044026
8.020017,-1,15,9999.062000,17.385000,356.972870,360.789408,360.000000,622,3.027130,PI,FIFO,true,PI_FIFO,359.001332
8.030018,-1,15,10000.376000,17.761000,355.113636,359.938043,360.000000,627,4.886364,PI,FIFO,true,PI_FIFO,356.668715
8.040040,-1,15,10021.764000,39.525000,351.617440,358.689952,360.000000,635,8.382560,PI,FIFO,true,PI_FIFO,353.637950
8.050019,-1,15,9979.711000,19.236000,356.012658,358.288358,360.000000,634,3.987342,PI,FIFO,true,PI_FIFO,355.062775
8.060018,-1,15,9999.136000,18.372000,355.787476,357.913226,360.000000,636,4.212524,PI,FIFO,true,PI_FIFO,355.497596
8.070018,-1,15,9999.469000,17.841000,361.172262,358.402081,360.000000,631,-1.172262,PI,FIFO,true,PI_FIFO,358.902395
8.080018,-1,15,9999.988000,17.829000,363.196126,359.121188,360.000000,626,-3.196126,PI,FIFO,true,PI_FIFO,361.478634
8.090016,-1,15,9998.414000,16.243000,365.259740,360.041971,360.000000,621,-5.259740,PI,FIFO,true,PI_FIFO,363.747298
8.100018,-1,15,10001.987000,18.230000,361.097737,360.200336,360.000000,623,-1.097737,PI,FIFO,true,PI_FIFO,362.157561
8.110018,-1,15,9999.654000,17.884000,361.689815,360.423758,360.000000,622,-1.689815,PI,FIFO,true,PI_FIFO,361.876913
8.120014,-1,15,9996.155000,14.039000,360.750361,360.472748,360.000000,623,-0.750361,PI,FIFO,true,PI_FIFO,361.200982
8.130019,-1,15,10005.191000,19.230000,360.378913,360.458673,360.000000,623,-0.378913,PI,FIFO,true,PI_FIFO,360.707740
8.140027,-1,15,10007.969000,27.199000,361.230734,360.574482,360.000000,622,-1.230734,PI,FIFO,true,PI_FIFO,361.021537
8.150019,-1,15,9992.062000,19.261000,362.368857,360.843638,360.000000,620,-2.368857,PI,FIFO,true,PI_FIFO,361.829929
8.160018,-1,15,9998.691000,17.952000,365.706746,361.573104,360.000000,615,-5.706746,PI,FIFO,true,PI_FIFO,364.156019
8.170018,-1,15,9999.951000,17.903000,361.969112,361.632506,360.000000,616,-1.969112,PI,FIFO,true,PI_FIFO,362.843875
8.180017,-1,15,9999.099000,17.002000,359.786184,361.355557,360.000000,618,0.213816,PI,FIFO,true,PI_FIFO,361.009260
8.190017,-1,15,10000.469000,17.471000,355.618777,360.495040,360.000000,624,4.381223,PI,FIFO,true,PI_FIFO,357.774970
8.200018,-1,15,10000.395000,17.866000,356.012658,359.822683,360.000000,627,3.987342,PI,FIFO,true,PI_FIFO,356.717583
8.210018,-1,15,9999.784000,17.650000,352.443609,358.715822,360.000000,634,7.556391,PI,FIFO,true,PI_FIFO,354.153199
8.220017,-1,15,9999.710000,17.360000,355.472700,358.229354,360.000000,635,4.527300,PI,FIFO,true,PI_FIFO,354.944899
8.230018,-1,15,10000.432000,17.792000,355.618777,357.837767,360.000000,636,4.381223,PI,FIFO,true,PI_FIFO,355.349226
8.240026,-1,15,10008.635000,26.427000,362.368857,358.517431,360.000000,630,-2.368857,PI,FIFO,true,PI_FIFO,359.561004
8.250018,-1,15,9991.877000,18.304000,362.143892,359.061400,360.000000,627,-2.143892,PI,FIFO,true,PI_FIFO,361.110737
8.260018,-1,15,9999.877000,18.181000,365.829865,360.076669,360.000000,621,-5.829865,PI,FIFO,true,PI_FIFO,363.942214
8.270018,-1,15,9999.617000,17.798000,363.020329,360.518218,360.000000,620,-3.020329,PI,FIFO,true,PI_FIFO,363.389083
8.280018,-1,15,9999.840000,17.638000,362.809598,360.861925,360.000000,619,-2.809598,PI,FIFO,true,PI_FIFO,363.041392
8.290017,-1,15,9999.506000,17.144000,359.367513,360.637763,360.000000,622,0.632487,PI,FIFO,true,PI_FIFO,360.837065
8.300018,-1,15,10000.358000,17.502000,362.622486,360.935472,360.000000,620,-2.622486,PI,FIFO,true,PI_FIFO,361.908317
8.310017,-1,15,9999.395000,16.897000,359.023456,360.648669,360.000000,623,0.976544,PI,FIFO,true,PI_FIFO,360.177401
8.320018,-1,15,10001.446000,18.343000,364.178690,361.178173,360.000000,618,-4.178690,PI,FIFO,true,PI_FIFO,362.578174
8.330018,-1,15,9999.507000,17.850000,363.703788,361.557015,360.000000,615,-3.703788,PI,FIFO,true,PI_FIFO,363.253543
8.340026,-1,15,10008.340000,26.190000,362.143892,361.645046,360.000000,615,-2.143892,PI,FIFO,true,PI_FIFO,362.587752
8.350017,-1,15,9990.877000,17.067000,356.657609,360.896931,360.000000,621,3.342391,PI,FIFO,true,PI_FIFO,359.029666
8.360017,-1,15,10000.193000,17.260000,354.442344,359.928743,360.000000,627,5.557656,PI,FIFO,true,PI_FIFO,356.277273
8.370018,-1,15,10000.599000,17.859000,352.822581,358.862818,360.000000,633,7.177419,PI,FIFO,true,PI_FIFO,354.204458
8.380018,-1,15,9999.711000,17.570000,353.273669,358.024446,360.000000,636,6.726331,PI,FIFO,true,PI_FIFO,353.645985
8.390018,-1,15,10000.155000,17.725000,354.934377,357.560936,360.000000,637,5.065623,PI,FIFO,true,PI_FIFO,354.419020
8.400017,-1,15,9999.711000,17.436000,358.508604,357.703086,360.000000,635,1.491396,PI,FIFO,true,PI_FIFO,356.872770
8.410017,-1,15,9999.952000,17.388000,364.583333,358.735123,360.000000,627,-4.583333,PI,FIFO,true,PI_FIFO,361.499108
8.420014,-1,15,9997.025000,14.413000,363.703788,359.480423,360.000000,624,-3.703788,PI,FIFO,true,PI_FIFO,362.821916
8.430017,-1,15,10003.007000,17.420000,364.988877,360.306691,360.000000,620,-4.988877,PI,FIFO,true,PI_FIFO,364.122092
8.440023,-1,15,10005.451000,22.871000,362.545496,360.642512,360.000000,620,-2.545496,PI,FIFO,true,PI_FIFO,363.176135
8.450018,-1,15,9995.082000,17.953000,363.171002,361.021785,360.000000,619,-3.171002,PI,FIFO,true,PI_FIFO,363.173055
8.460018,-1,15,9999.729000,17.682000,358.166189,360.593446,360.000000,624,1.833811,PI,FIFO,true,PI_FIFO,360.168935
8.470028,-1,15,10010.414000,28.096000,360.947125,360.646498,360.000000,623,-0.947125,PI,FIFO,true,PI_FIFO,360.635849
8.480019,-1,15,9990.804000,18.900000,360.403652,360.610071,360.000000,623,-0.403652,PI,FIFO,true,PI_FIFO,360.496531
8.490018,-1,15,9999.303000,18.203000,365.449584,361.335998,360.000000,616,-5.449584,PI,FIFO,true,PI_FIFO,363.468363
8.500017,-1,15,9999.081000,17.284000,361.620058,361.378607,360.000000,617,-1.620058,PI,FIFO,true,PI_FIFO,362.359380
8.510019,-1,15,10001.322000,18.606000,362.143892,361.493400,360.000000,617,-2.143892,PI,FIFO,true,PI_FIFO,362.230087
8.520018,-1,15,9999.229000,17.835000,356.193009,360.698341,360.000000,623,3.806991,PI,FIFO,true,PI_FIFO,358.607840
8.530018,-1,15,10000.230000,18.065000,356.972870,360.139520,360.000000,625,3.027130,PI,FIFO,true,PI_FIFO,357.626858
8.540040,-1,15,10022.320000,40.385000,351.499732,358.843552,360.000000,634,8.500268,PI,FIFO,true,PI_FIFO,353.950583
8.550031,-1,15,9990.193000,30.578000,355.652504,358.364895,360.000000,634,4.347496,PI,FIFO,true,PI_FIFO,354.971735
8.560022,-1,15,9991.841000,22.419000,355.281857,357.902439,360.000000,636,4.718143,PI,FIFO,true,PI_FIFO,355.157808
8.570021,-1,15,9998.081000,20.500000,360.576923,358.303612,360.000000,631,-0.576923,PI,FIFO,true,PI_FIFO,358.409277
8.580021,-1,15,10000.063000,20.563000,362.380628,358.915164,360.000000,627,-2.380628,PI,FIFO,true,PI_FIFO,360.792087
8.590023,-1,15,10002.358000,22.921000,366.006693,359.978893,360.000000,621,-6.006693,PI,FIFO,true,PI_FIFO,363.920851
8.600020,-1,15,9997.026000,19.947000,361.886921,360.265098,360.000000,621,-1.886921,PI,FIFO,true,PI_FIFO,362.700493
8.610018,-1,15,9998.192000,18.139000,362.168874,360.550664,360.000000,621,-2.168874,PI,FIFO,true,PI_FIFO,362.381522
8.620018,-1,15,9999.637000,17.776000,359.539789,360.399033,360.000000,623,0.460211,PI,FIFO,true,PI_FIFO,360.676482
8.630018,-1,15,10000.192000,17.968000,360.576923,360.425716,360.000000,623,-0.576923,PI,FIFO,true,PI_FIFO,360.616747
8.640027,-1,15,10009.285000,27.253000,359.539789,360.292827,360.000000,624,0.460211,PI,FIFO,true,PI_FIFO,359.970572
8.650018,-1,15,9990.637000,17.890000,362.769486,360.664326,360.000000,621,-2.769486,PI,FIFO,true,PI_FIFO,361.649920
8.660014,-1,15,9996.452000,14.342000,365.874656,361.445875,360.000000,615,-5.874656,PI,FIFO,true,PI_FIFO,364.184762
8.670018,-1,15,10003.692000,18.034000,361.371145,361.434666,360.000000,617,-1.371145,PI,FIFO,true,PI_FIFO,362.496592
8.680017,-1,15,9999.321000,17.355000,359.539789,361.150434,360.000000,619,0.460211,PI,FIFO,true,PI_FIFO,360.722510
8.690018,-1,15,10000.600000,17.955000,356.012658,360.379768,360.000000,625,3.987342,PI,FIFO,true,PI_FIFO,357.896599
8.700017,-1,15,9999.507000,17.462000,355.618777,359.665619,360.000000,628,4.381223,PI,FIFO,true,PI_FIFO,356.529906
8.710018,-1,15,10000.192000,17.654000,351.738369,358.476532,360.000000,635,8.261631,PI,FIFO,true,PI_FIFO,353.654984
8.720017,-1,15,9999.581000,17.235000,355.832490,358.079926,360.000000,635,4.167510,PI,FIFO,true,PI_FIFO,354.961487
8.730018,-1,15,10000.878000,18.113000,356.633381,357.862944,360.000000,635,3.366619,PI,FIFO,true,PI_FIFO,355.964624
8.740028,-1,15,10010.080000,28.193000,362.368857,358.538831,360.000000,630,-2.368857,PI,FIFO,true,PI_FIFO,359.807164
8.750018,-1,15,9989.545000,17.738000,362.875683,359.189359,360.000000,626,-2.875683,PI,FIFO,true,PI_FIFO,361.648275
8.760018,-1,15,9999.785000,17.523000,364.178690,359.937758,360.000000,622,-4.178690,PI,FIFO,true,PI_FIFO,363.166524
8.770017,-1,15,9999.488000,17.011000,362.669246,360.347481,360.000000,622,-2.669246,PI,FIFO,true,PI_FIFO,362.868157
8.780017,-1,15,10000.470000,17.481000,362.996902,360.744895,360.000000,620,-2.996902,PI,FIFO,true,PI_FIFO,362.945404
8.790018,-1,15,10000.415000,17.896000,359.195402,360.512471,360.000000,623,0.804598,PI,FIFO,true,PI_FIFO,360.695403
8.800018,-1,15,10000.248000,18.144000,361.689815,360.689072,360.000000,622,-1.689815,PI,FIFO,true,PI_FIFO,361.292050
8.810018,-1,15,9999.562000,17.706000,359.712230,360.542546,360.000000,623,0.287770,PI,FIFO,true,PI_FIFO,360.344158
8.820018,-1,15,9999.915000,17.621000,363.936335,361.051614,360.000000,619,-3.936335,PI,FIFO,true,PI_FIFO,362.499465
8.830018,-1,15,9999.933000,17.554000,363.196126,361.373291,360.000000,617,-3.196126,PI,FIFO,true,PI_FIFO,362.917461
8.840026,-1,15,10008.043000,25.597000,363.372093,361.673111,360.000000,615,-3.372093,PI,FIFO,true,PI_FIFO,363.190240
8.850019,-1,15,9993.248000,18.845000,357.313006,361.019096,360.000000,621,2.686994,PI,FIFO,true,PI_FIFO,359.663900
8.860020,-1,15,10001.415000,20.260000,355.293077,360.160193,360.000000,626,4.706923,PI,FIFO,true,PI_FIFO,357.041406
8.870018,-1,15,9998.025000,18.285000,353.440151,359.152187,360.000000,632,6.559849,PI,FIFO,true,PI_FIFO,354.880653
8.880017,-1,15,9998.971000,17.256000,353.862607,358.358750,360.000000,635,6.137393,PI,FIFO,true,PI_FIFO,354.269825
8.890016,-1,15,9998.266000,15.522000,353.862607,357.684328,360.000000,638,6.137393,PI,FIFO,true,PI_FIFO,354.025494
8.900018,-1,15,10002.322000,17.844000,357.483317,357.654177,360.000000,636,2.516683,PI,FIFO,true,PI_FIFO,356.100188
8.910017,-1,15,9999.433000,17.277000,364.785992,358.723949,360.000000,628,-4.785992,PI,FIFO,true,PI_FIFO,361.311671
8.920018,-1,15,10000.766000,18.043000,363.206472,359.396327,360.000000,625,-3.206472,PI,FIFO,true,PI_FIFO,362.448552
8.930019,-1,15,10001.099000,19.142000,364.583333,360.174378,360.000000,621,-4.583333,PI,FIFO,true,PI_FIFO,363.729421
8.940026,-1,15,10007.229000,26.371000,362.051340,360.455923,360.000000,622,-2.051340,PI,FIFO,true,PI_FIFO,362.722572
8.950018,-1,15,9991.508000,17.879000,363.372093,360.893348,360.000000,620,-3.372093,PI,FIFO,true,PI_FIFO,363.112285
8.960014,-1,15,9996.526000,14.405000,357.995227,360.458630,360.000000,625,2.004773,PI,FIFO,true,PI_FIFO,360.042050
8.970018,-1,15,10003.303000,17.708000,362.062307,360.699182,360.000000,622,-2.062307,PI,FIFO,true,PI_FIFO,361.254204
8.980017,-1,15,9999.766000,17.474000,361.445783,360.811172,360.000000,621,-1.445783,PI,FIFO,true,PI_FIFO,361.369152
8.990018,-1,15,10000.063000,17.537000,366.020302,361.592541,360.000000,615,-6.020302,PI,FIFO,true,PI_FIFO,364.159842
9.000014,-1,15,9996.896000,14.433000,360.576923,361.440199,360.000000,618,-0.576923,PI,FIFO,true,PI_FIFO,362.010091
9.010017,-1,15,10003.044000,17.477000,361.689815,361.477641,360.000000,617,-1.689815,PI,FIFO,true,PI_FIFO,361.817925
9.020017,-1,15,9999.914000,17.391000,355.832490,360.630868,360.000000,624,4.167510,PI,FIFO,true,PI_FIFO,358.226664
9.030019,-1,15,10001.118000,18.509000,355.832490,359.911112,360.000000,627,4.167510,PI,FIFO,true,PI_FIFO,356.790160
9.040041,-1,15,10022.247000,40.756000,351.288056,358.617653,360.000000,635,8.711944,PI,FIFO,true,PI_FIFO,353.488898
9.050020,-1,15,9979.286000,20.042000,356.851550,358.352738,360.000000,634,3.148450,PI,FIFO,true,PI_FIFO,355.506489
9.060018,-1,15,9997.488000,17.530000,354.107649,357.715974,360.000000,637,5.892351,PI,FIFO,true,PI_FIFO,354.667185
9.070018,-1,15,10000.267000,17.797000,360.403652,358.119126,360.000000,633,-0.403652,PI,FIFO,true,PI_FIFO,358.109065
9.080017,-1,15,9999.303000,17.100000,362.435567,358.766592,360.000000,629,-2.435567,PI,FIFO,true,PI_FIFO,360.704966
9.090018,-1,15,10000.655000,17.755000,365.497076,359.776165,360.000000,623,-5.497076,PI,FIFO,true,PI_FIFO,363.580232
9.100017,-1,15,9999.692000,17.447000,362.809598,360.231180,360.000000,622,-2.809598,PI,FIFO,true,PI_FIFO,363.117851
9.110017,-1,15,9999.600000,17.047000,364.077670,360.808153,360.000000,620,-4.077670,PI,FIFO,true,PI_FIFO,363.693742
9.120018,-1,15,10001.044000,18.091000,361.570248,360.922467,360.000000,621,-1.570248,PI,FIFO,true,PI_FIFO,362.419646
9.130019,-1,15,10000.563000,18.654000,360.403652,360.844645,360.000000,622,-0.403652,PI,FIFO,true,PI_FIFO,361.210050
9.140028,-1,15,10009.488000,28.142000,359.470859,360.638577,360.000000,624,0.529141,PI,FIFO,true,PI_FIFO,360.166535
9.150023,-1,15,9994.433000,22.575000,362.318841,360.890617,360.000000,621,-2.318841,PI,FIFO,true,PI_FIFO,361.457918
9.160021,-1,15,9998.007000,20.582000,366.210938,361.688665,360.000000,615,-6.210938,PI,FIFO,true,PI_FIFO,364.309730
9.170020,-1,15,9999.322000,19.904000,362.215909,361.767751,360.000000,615,-2.215909,PI,FIFO,true,PI_FIFO,363.053437
9.180030,-1,15,10009.821000,29.725000,358.802624,361.322982,360.000000,619,1.197376,PI,FIFO,true,PI_FIFO,360.502950
9.190020,-1,15,9990.341000,20.066000,356.633381,360.619542,360.000000,624,3.366619,PI,FIFO,true,PI_FIFO,358.181208
9.200019,-1,15,9998.507000,18.573000,356.077048,359.938168,360.000000,627,3.922952,PI,FIFO,true,PI_FIFO,356.918712
9.210018,-1,15,9999.045000,17.618000,350.631136,358.542113,360.000000,635,9.368864,PI,FIFO,true,PI_FIFO,353.146167
9.220018,-1,15,10000.118000,17.736000,355.498375,358.085553,360.000000,636,4.501625,PI,FIFO,true,PI_FIFO,354.557492
9.230018,-1,15,10000.044000,17.780000,356.125356,357.791523,360.000000,636,3.874644,PI,FIFO,true,PI_FIFO,355.498210
9.240030,-1,15,10012.321000,30.101000,362.248841,358.460121,360.000000,630,-2.248841,PI,FIFO,true,PI_FIFO,359.548589
9.250036,-1,15,10005.525000,35.626000,362.493958,359.065196,360.000000,626,-2.493958,PI,FIFO,true,PI_FIFO,361.315810
9.260034,-1,15,9998.341000,33.967000,365.259740,359.994378,360.000000,621,-5.259740,PI,FIFO,true,PI_FIFO,363.682168
9.270019,-1,15,9985.433000,19.400000,362.215909,360.327608,360.000000,621,-2.215909,PI,FIFO,true,PI_FIFO,362.802413
9.280018,-1,15,9999.026000,18.426000,361.172262,360.454306,360.000000,622,-1.172262,PI,FIFO,true,PI_FIFO,361.824322
9.290018,-1,15,9999.544000,17.970000,358.851675,360.213911,360.000000,625,1.148325,PI,FIFO,true,PI_FIFO,360.040734
9.300020,-1,15,10002.526000,20.496000,362.062307,360.491170,360.000000,623,-2.062307,PI,FIFO,true,PI_FIFO,361.253678
9.310019,-1,15,9998.081000,18.577000,360.576923,360.504033,360.000000,623,-0.576923,PI,FIFO,true,PI_FIFO,360.847625
9.320031,-1,15,10011.983000,30.560000,364.880643,361.160525,360.000000,618,-4.880643,PI,FIFO,true,PI_FIFO,363.267436
9.330021,-1,15,9990.453000,21.013000,363.196126,361.465865,360.000000,616,-3.196126,PI,FIFO,true,PI_FIFO,363.224650
9.340024,-1,15,10002.953000,23.966000,363.372093,361.751799,360.000000,615,-3.372093,PI,FIFO,true,PI_FIFO,363.313116
9.350018,-1,15,9994.064000,18.030000,357.653791,361.137098,360.000000,620,2.346209,PI,FIFO,true,PI_FIFO,359.917521
9.360019,-1,15,10001.452000,19.482000,355.305901,360.262419,360.000000,626,4.694099,PI,FIFO,true,PI_FIFO,357.150549
9.370016,-1,15,9996.860000,16.342000,354.107649,359.339203,360.000000,631,5.892351,PI,FIFO,true,PI_FIFO,355.324809
9.380016,-1,15,9999.342000,15.684000,353.684608,358.491014,360.000000,634,6.315392,PI,FIFO,true,PI_FIFO,354.340688
9.390016,-1,15,10000.138000,15.822000,354.397681,357.877014,360.000000,637,5.602319,PI,FIFO,true,PI_FIFO,354.374884
9.400016,-1,15,9999.971000,15.793000,357.278963,357.787306,360.000000,636,2.721037,PI,FIFO,true,PI_FIFO,356.117332
9.410016,-1,15,10000.249000,16.042000,364.124806,358.737931,360.000000,628,-4.124806,PI,FIFO,true,PI_FIFO,360.921816
9.420015,-1,15,9999.453000,15.495000,363.548231,359.459476,360.000000,624,-3.548231,PI,FIFO,true,PI_FIFO,362.497665
9.430016,-1,15,10000.434000,15.929000,364.608653,360.231853,360.000000,621,-4.608653,PI,FIFO,true,PI_FIFO,363.764258
9.440026,-1,15,10010.007000,25.936000,363.372093,360.702889,360.000000,620,-3.372093,PI,FIFO,true,PI_FIFO,363.528959
9.450018,-1,15,9992.453000,18.389000,362.844702,361.024161,360.000000,619,-2.844702,PI,FIFO,true,PI_FIFO,363.118405
9.460018,-1,15,9999.675000,18.064000,358.019640,360.573483,360.000000,624,1.980360,PI,FIFO,true,PI_FIFO,360.059146
9.470018,-1,15,9999.694000,17.758000,361.394558,360.696644,360.000000,622,-1.394558,PI,FIFO,true,PI_FIFO,360.860393
9.480017,-1,15,9999.656000,17.414000,361.172262,360.767987,360.000000,621,-1.172262,PI,FIFO,true,PI_FIFO,361.047514
9.490017,-1,15,9999.656000,17.070000,365.141188,361.423967,360.000000,616,-5.141188,PI,FIFO,true,PI_FIFO,363.503719
9.500018,-1,15,10000.786000,17.856000,361.132512,361.380249,360.000000,617,-1.132512,PI,FIFO,true,PI_FIFO,362.080994
9.510030,-1,15,10012.545000,30.401000,361.271676,361.363963,360.000000,618,-1.271676,PI,FIFO,true,PI_FIFO,361.595404
9.520021,-1,15,9990.583000,20.984000,355.472700,360.480273,360.000000,624,4.527300,PI,FIFO,true,PI_FIFO,357.921781
9.530019,-1,15,9998.397000,19.381000,354.219144,359.541104,360.000000,629,5.780856,PI,FIFO,true,PI_FIFO,355.700199
9.540031,-1,15,10011.341000,30.722000,350.631136,358.204609,360.000000,637,9.368864,PI,FIFO,true,PI_FIFO,352.658761
9.550018,-1,15,9987.416000,18.138000,355.472700,357.794822,360.000000,637,4.527300,PI,FIFO,true,PI_FIFO,354.347124
9.560015,-1,15,9996.749000,14.887000,354.934377,357.365755,360.000000,639,5.065623,PI,FIFO,true,PI_FIFO,354.699476
9.570019,-1,15,10003.934000,18.821000,362.248841,358.098218,360.000000,632,-2.248841,PI,FIFO,true,PI_FIFO,359.229095
9.580017,-1,15,9998.545000,17.366000,363.196126,358.862904,360.000000,627,-3.196126,PI,FIFO,true,PI_FIFO,361.609313
9.590018,-1,15,10000.231000,17.597000,366.210938,359.965109,360.000000,621,-6.210938,PI,FIFO,true,PI_FIFO,364.370288
9.600018,-1,15,10000.193000,17.790000,363.196126,360.449762,360.000000,621,-3.196126,PI,FIFO,true,PI_FIFO,363.665791
9.610018,-1,15,10000.082000,17.872000,362.809598,360.803737,360.000000,620,-2.809598,PI,FIFO,true,PI_FIFO,363.152075
9.620018,-1,15,9999.823000,17.695000,361.445783,360.900044,360.000000,621,-1.445783,PI,FIFO,true,PI_FIFO,362.128300
9.630018,-1,15,10000.323000,18.018000,361.318088,360.962751,360.000000,621,-1.318088,PI,FIFO,true,PI_FIFO,361.642173
9.640023,-1,15,10004.527000,22.545000,360.750361,360.930892,360.000000,622,-0.750361,PI,FIFO,true,PI_FIFO,361.107086
9.650018,-1,15,9995.545000,18.090000,361.969112,361.086625,360.000000,620,-1.969112,PI,FIFO,true,PI_FIFO,361.624301
9.660014,-1,15,9996.268000,14.358000,365.371389,361.729340,360.000000,615,-5.371389,PI,FIFO,true,PI_FIFO,363.872554
9.670018,-1,15,10003.230000,17.588000,360.181120,361.497107,360.000000,618,-0.181120,PI,FIFO,true,PI_FIFO,361.657693
9.680018,-1,15,10000.193000,17.781000,360.576923,361.359079,360.000000,618,-0.576923,PI,FIFO,true,PI_FIFO,361.009231
9.690019,-1,15,10000.916000,18.697000,355.652504,360.503093,360.000000,624,4.347496,PI,FIFO,true,PI_FIFO,357.795195
9.700018,-1,15,9998.879000,17.576000,356.125356,359.846432,360.000000,627,3.874644,PI,FIFO,true,PI_FIFO,356.793292
9.710017,-1,15,9999.711000,17.287000,351.562500,358.603843,360.000000,635,8.437500,PI,FIFO,true,PI_FIFO,353.654817
9.720017,-1,15,9999.879000,17.166000,354.576399,357.999726,360.000000,636,5.423601,PI,FIFO,true,PI_FIFO,354.207766
9.730018,-1,15,10000.823000,17.989000,356.294537,357.743948,360.000000,636,3.705463,PI,FIFO,true,PI_FIFO,355.459829
9.740027,-1,15,10008.804000,26.793000,363.171002,358.558006,360.000000,629,-3.171002,PI,FIFO,true,PI_FIFO,360.086532
9.750017,-1,15,9990.694000,17.487000,361.620058,359.017314,360.000000,627,-1.620058,PI,FIFO,true,PI_FIFO,361.006648
9.760017,-1,15,9999.916000,17.403000,366.210938,360.096357,360.000000,620,-6.210938,PI,FIFO,true,PI_FIFO,364.129222
9.770018,-1,15,10000.471000,17.874000,363.206472,360.562874,360.000000,620,-3.206472,PI,FIFO,true,PI_FIFO,363.575572
9.780018,-1,15,10000.230000,18.104000,362.368857,360.833772,360.000000,620,-2.368857,PI,FIFO,true,PI_FIFO,362.851543
9.790018,-1,15,9999.730000,17.834000,357.995227,360.407990,360.000000,624,2.004773,PI,FIFO,true,PI_FIFO,359.937753
9.800018,-1,15,9999.842000,17.676000,362.622486,360.740164,360.000000,621,-2.622486,PI,FIFO,true,PI_FIFO,361.548593
9.810018,-1,15,10000.008000,17.684000,360.057609,360.637781,360.000000,622,-0.057609,PI,FIFO,true,PI_FIFO,360.654003
9.820017,-1,15,9999.786000,17.470000,364.880643,361.274210,360.000000,617,-4.880643,PI,FIFO,true,PI_FIFO,363.189987
9.830017,-1,15,9999.212000,16.682000,363.020329,361.536128,360.000000,616,-3.020329,PI,FIFO,true,PI_FIFO,363.088192
9.840026,-1,14,10008.860000,25.542000,364.124806,361.924430,360.000000,613,-4.124806,PI,FIFO,true,PI_FIFO,363.710160
9.850017,-1,15,9991.805000,17.347000,356.294537,361.079946,360.000000,621,3.705463,PI,FIFO,true,PI_FIFO,359.260786
9.860018,-1,15,10000.286000,17.633000,354.155424,360.041268,360.000000,627,5.844576,PI,FIFO,true,PI_FIFO,356.197569
9.870018,-1,15,10000.026000,17.659000,354.609929,359.226567,360.000000,630,5.390071,PI,FIFO,true,PI_FIFO,355.244985
9.880018,-1,15,9999.990000,17.649000,353.862607,358.421973,360.000000,634,6.137393,PI,FIFO,true,PI_FIFO,354.415558
9.890027,-1,15,10009.822000,27.471000,354.755298,357.871972,360.000000,636,5.244702,PI,FIFO,true,PI_FIFO,354.619402
9.900019,-1,15,9991.842000,19.313000,358.680057,357.993184,360.000000,633,1.319943,PI,FIFO,true,PI_FIFO,357.055795
9.910018,-1,15,9998.416000,17.729000,363.748060,358.856416,360.000000,627,-3.748060,PI,FIFO,true,PI_FIFO,361.071154
9.920015,-1,15,9997.657000,15.386000,363.020329,359.481003,360.000000,624,-3.020329,PI,FIFO,true,PI_FIFO,362.240659
9.930019,-1,15,10003.230000,18.616000,364.785992,360.276751,360.000000,620,-4.785992,PI,FIFO,true,PI_FIFO,363.767859
9.940027,-1,15,10008.878000,27.494000,362.215909,360.567625,360.000000,620,-2.215909,PI,FIFO,true,PI_FIFO,362.836689
9.950018,-1,15,9990.601000,18.095000,363.774945,361.048723,360.000000,618,-3.774945,PI,FIFO,true,PI_FIFO,363.399642
9.960034,-1,15,10015.600000,33.695000,358.468286,360.661657,360.000000,622,1.531714,PI,FIFO,true,PI_FIFO,360.440829
9.970031,-1,15,9997.619000,31.314000,360.207480,360.593531,360.000000,623,-0.207480,PI,FIFO,true,PI_FIFO,360.300819
9.980021,-1,15,9989.324000,20.638000,359.589041,360.442857,360.000000,623,0.410959,PI,FIFO,true,PI_FIFO,359.873752
9.990018,-1,15,9997.231000,17.869000,365.141188,361.147607,360.000000,617,-5.141188,PI,FIFO,true,PI_FIFO,363.034214
10.000018,-1,15,9999.693000,17.562000,360.947125,361.117535,360.000000,618,-0.947125,PI,FIFO,true,PI_FIFO,361.781961
10.010021,-1,15,10003.267000,20.829000,362.493958,361.323998,360.000000,617,-2.493958,PI,FIFO,true,PI_FIFO,362.209159
10.020019,-1,15,9997.990000,18.819000,357.097511,360.690025,360.000000,622,2.902489,PI,FIFO,true,PI_FIFO,359.142171
10.030018,-1,15,9998.805000,17.624000,355.787476,359.954643,360.000000,626,4.212524,PI,FIFO,true,PI_FIFO,357.129354
10.040042,-1,15,10024.062000,41.686000,351.688103,358.714662,360.000000,634,8.311897,PI,FIFO,true,PI_FIFO,353.864603
10.050019,-1,15,9977.639000,19.325000,355.787476,358.275584,360.000000,634,4.212524,PI,FIFO,true,PI_FIFO,355.018327
10.060018,-1,15,9998.842000,18.167000,355.305901,357.830132,360.000000,636,4.694099,PI,FIFO,true,PI_FIFO,355.190872
10.070017,-1,15,9999.156000,17.323000,359.925474,358.144433,360.000000,632,0.074526,PI,FIFO,true,PI_FIFO,358.031633
10.080017,-1,15,9999.990000,17.313000,363.171002,358.898418,360.000000,627,-3.171002,PI,FIFO,true,PI_FIFO,361.115254
10.090017,-1,15,10000.175000,17.488000,365.371389,359.869364,360.000000,621,-5.371389,PI,FIFO,true,PI_FIFO,363.668935
10.100017,-1,15,9999.712000,17.200000,362.769486,360.304382,360.000000,621,-2.769486,PI,FIFO,true,PI_FIFO,363.129266
10.110018,-1,15,10001.082000,18.282000,361.794501,360.527900,360.000000,621,-1.794501,PI,FIFO,true,PI_FIFO,362.328407
10.120018,-1,15,10000.119000,18.401000,360.947125,360.590784,360.000000,622,-0.947125,PI,FIFO,true,PI_FIFO,361.499638
10.130019,-1,15,10000.879000,19.280000,360.576923,360.588705,360.000000,622,-0.576923,PI,FIFO,true,PI_FIFO,360.946009
10.140023,-1,15,10004.119000,23.399000,361.097737,360.665060,360.000000,622,-1.097737,PI,FIFO,true,PI_FIFO,361.037046
10.150027,-1,15,10003.452000,26.851000,362.622486,360.958673,360.000000,619,-2.622486,PI,FIFO,true,PI_FIFO,361.988310
10.160019,-1,15,9991.805000,18.656000,365.141188,361.586051,360.000000,615,-5.141188,PI,FIFO,true,PI_FIFO,363.880037
10.170018,-1,15,9999.249000,17.905000,360.947125,361.490212,360.000000,617,-0.947125,PI,FIFO,true,PI_FIFO,362.120290
10.180018,-1,15,9999.879000,17.784000,359.023456,361.120199,360.000000,620,0.976544,PI,FIFO,true,PI_FIFO,360.262190
10.190018,-1,15,10000.563000,18.347000,356.657609,360.450810,360.000000,624,3.342391,PI,FIFO,true,PI_FIFO,358.099441
10.200018,-1,15,9999.879000,18.226000,356.125356,359.801992,360.000000,627,3.874644,PI,FIFO,true,PI_FIFO,356.914990
10.210018,-1,15,9999.786000,18.012000,351.876676,358.613194,360.000000,634,8.123324,PI,FIFO,true,PI_FIFO,353.892001
10.220017,-1,15,9999.341000,17.353000,355.618777,358.164032,360.000000,635,4.381223,PI,FIFO,true,PI_FIFO,354.928067
10.230018,-1,15,10000.657000,18.010000,356.012658,357.841326,360.000000,635,3.987342,PI,FIFO,true,PI_FIFO,355.578822
10.240024,-1,15,10005.730000,23.740000,362.844702,358.591832,360.000000,629,-2.844702,PI,FIFO,true,PI_FIFO,359.938350
10.250018,-1,15,9994.490000,18.230000,361.689815,359.056530,360.000000,627,-1.689815,PI,FIFO,true,PI_FIFO,360.989229
10.260016,-1,15,9997.638000,15.868000,365.141188,359.969228,360.000000,621,-5.141188,PI,FIFO,true,PI_FIFO,363.480404
10.270018,-1,15,10002.156000,18.024000,362.970133,360.419364,360.000000,620,-2.970133,PI,FIFO,true,PI_FIFO,363.174241
10.280018,-1,15,9999.656000,17.680000,364.036090,360.961873,360.000000,618,-4.036090,PI,FIFO,true,PI_FIFO,363.691350
10.290018,-1,15,10000.305000,17.985000,358.019640,360.520538,360.000000,623,1.980360,PI,FIFO,true,PI_FIFO,360.288324
10.300017,-1,15,9999.304000,17.289000,361.794501,360.711632,360.000000,621,-1.794501,PI,FIFO,true,PI_FIFO,361.192030
10.310017,-1,15,10000.008000,17.297000,359.539789,360.535856,360.000000,623,0.460211,PI,FIFO,true,PI_FIFO,360.200685
10.320017,-1,15,9999.490000,16.787000,364.313472,361.102498,360.000000,618,-4.313472,PI,FIFO,true,PI_FIFO,362.668357
10.330026,-1,15,10009.141000,25.928000,363.372093,361.442937,360.000000,616,-3.372093,PI,FIFO,true,PI_FIFO,363.090599
10.340031,-1,15,10004.898000,30.826000,363.184401,361.704157,360.000000,615,-3.184401,PI,FIFO,true,PI_FIFO,363.146880
10.350018,-1,15,9987.048000,17.874000,357.483317,361.071031,360.000000,620,2.516683,PI,FIFO,true,PI_FIFO,359.748742
10.360015,-1,15,9997.158000,15.032000,354.729730,360.119836,360.000000,626,5.270270,PI,FIFO,true,PI_FIFO,356.737335
10.370018,-1,15,10002.768000,17.800000,354.442344,359.268212,360.000000,630,5.557656,PI,FIFO,true,PI_FIFO,355.360340
10.380018,-1,15,9999.732000,17.532000,352.254428,358.216144,360.000000,636,7.745572,PI,FIFO,true,PI_FIFO,353.496793
10.390018,-1,15,10000.639000,18.171000,355.113636,357.750768,360.000000,636,4.886364,PI,FIFO,true,PI_FIFO,354.466899
10.400018,-1,15,9999.566000,17.737000,357.460600,357.707243,360.000000,635,2.539400,PI,FIFO,true,PI_FIFO,356.263120
10.410018,-1,15,10000.491000,18.228000,364.431487,358.715880,360.000000,627,-4.431487,PI,FIFO,true,PI_FIFO,361.164140
10.420017,-1,15,9999.120000,17.348000,362.996902,359.358033,360.000000,624,-2.996902,PI,FIFO,true,PI_FIFO,362.263797
10.430017,-1,15,10000.028000,17.376000,363.020329,359.907377,360.000000,623,-3.020329,PI,FIFO,true,PI_FIFO,362.717716
10.440026,-1,15,10008.269000,25.645000,362.769486,360.336694,360.000000,621,-2.769486,PI,FIFO,true,PI_FIFO,362.748778
10.450019,-1,15,9992.991000,18.636000,362.380628,360.643284,360.000000,621,-2.380628,PI,FIFO,true,PI_FIFO,362.527888
10.460019,-1,15,9999.880000,18.516000,358.019640,360.249737,360.000000,625,1.980360,PI,FIFO,true,PI_FIFO,359.822939
10.470018,-1,15,9999.380000,17.896000,361.620058,360.455285,360.000000,623,-1.620058,PI,FIFO,true,PI_FIFO,360.901210
10.480018,-1,15,10000.306000,18.202000,361.132512,360.556869,360.000000,622,-1.132512,PI,FIFO,true,PI_FIFO,361.039991
10.490017,-1,15,9999.177000,17.379000,366.210938,361.404979,360.000000,616,-6.210938,PI,FIFO,true,PI_FIFO,364.142559
10.500018,-1,15,10000.139000,17.518000,361.620058,361.437241,360.000000,617,-1.620058,PI,FIFO,true,PI_FIFO,362.629058
10.510018,-1,15,10000.324000,17.842000,361.769570,361.487091,360.000000,617,-1.769570,PI,FIFO,true,PI_FIFO,362.113365
10.520018,-1,15,10000.251000,18.093000,356.803045,360.784484,360.000000,622,3.196955,PI,FIFO,true,PI_FIFO,358.927173
10.530018,-1,15,10000.176000,18.269000,356.373543,360.122843,360.000000,626,3.626457,PI,FIFO,true,PI_FIFO,357.394995
10.540026,-1,15,10007.676000,25.945000,351.738369,358.865172,360.000000,634,8.261631,PI,FIFO,true,PI_FIFO,354.001019
10.550017,-1,15,9991.547000,17.492000,356.373543,358.491427,360.000000,633,3.626457,PI,FIFO,true,PI_FIFO,355.424533
10.560018,-1,15,10000.324000,17.816000,354.609929,357.909203,360.000000,636,5.390071,PI,FIFO,true,PI_FIFO,354.935771
10.570018,-1,15,9999.843000,17.659000,361.371145,358.428494,360.000000,631,-1.371145,PI,FIFO,true,PI_FIFO,358.796996
10.580018,-1,15,9999.880000,17.539000,362.051340,358.971921,360.000000,627,-2.051340,PI,FIFO,true,PI_FIFO,360.749602
10.590021,-1,15,10003.843000,21.382000,366.415410,360.088444,360.000000,620,-6.415410,PI,FIFO,true,PI_FIFO,364.149087
10.600018,-1,15,9996.899000,18.281000,362.710514,360.481755,360.000000,620,-2.710514,PI,FIFO,true,PI_FIFO,363.285943
10.610017,-1,15,9998.694000,16.975000,361.371145,360.615163,360.000000,621,-1.371145,PI,FIFO,true,PI_FIFO,362.137065
10.620018,-1,15,10000.751000,17.726000,360.750361,360.635443,360.000000,622,-0.750361,PI,FIFO,true,PI_FIFO,361.305042
10.630020,-1,15,10002.250000,19.976000,360.761929,360.654416,360.000000,622,-0.761929,PI,FIFO,true,PI_FIFO,360.979174
10.640028,-1,15,10008.416000,28.392000,359.195402,360.435564,360.000000,624,0.804598,PI,FIFO,true,PI_FIFO,359.908911
10.650020,-1,15,9991.307000,19.699000,362.168874,360.695560,360.000000,621,-2.168874,PI,FIFO,true,PI_FIFO,361.264889
10.660035,-1,15,10015.638000,35.337000,365.706746,361.447238,360.000000,615,-5.706746,PI,FIFO,true,PI_FIFO,363.930003
10.670026,-1,15,9990.547000,25.884000,361.689815,361.483625,360.000000,616,-1.689815,PI,FIFO,true,PI_FIFO,362.585890
10.680024,-1,15,9998.214000,24.098000,360.023041,361.264537,360.000000,618,-0.023041,PI,FIFO,true,PI_FIFO,361.048181
10.690019,-1,15,9994.454000,18.552000,354.755298,360.288151,360.000000,625,5.244702,PI,FIFO,true,PI_FIFO,357.272451
10.700017,-1,15,9998.658000,17.210000,354.442344,359.411280,360.000000,630,5.557656,PI,FIFO,true,PI_FIFO,355.574387
10.710018,-1,15,10000.676000,17.886000,351.211289,358.181282,360.000000,637,8.788711,PI,FIFO,true,PI_FIFO,352.956528
10.720017,-1,15,9999.473000,17.359000,355.652504,357.801965,360.000000,636,4.347496,PI,FIFO,true,PI_FIFO,354.574113
10.730019,-1,15,10001.176000,18.535000,357.097511,357.696297,360.000000,636,2.902489,PI,FIFO,true,PI_FIFO,356.088152
10.740029,-1,15,10010.546000,29.081000,362.844702,358.468558,360.000000,629,-2.844702,PI,FIFO,true,PI_FIFO,360.142082
10.750017,-1,15,9988.270000,17.351000,362.062307,359.007620,360.000000,627,-2.062307,PI,FIFO,true,PI_FIFO,361.294217
10.760017,-1,15,9999.787000,17.138000,366.210938,360.088118,360.000000,621,-6.210938,PI,FIFO,true,PI_FIFO,364.244249
10.770019,-1,15,10002.306000,19.444000,362.996902,360.524435,360.000000,620,-2.996902,PI,FIFO,true,PI_FIFO,363.495841
10.780017,-1,15,9997.510000,16.954000,363.901019,361.030923,360.000000,618,-3.901019,PI,FIFO,true,PI_FIFO,363.738948
10.790019,-1,15,10002.472000,19.426000,358.998906,360.726120,360.000000,623,1.001094,PI,FIFO,true,PI_FIFO,360.894923
10.800015,-1,15,9995.362000,14.788000,363.206472,361.098173,360.000000,619,-3.206472,PI,FIFO,true,PI_FIFO,362.281852
10.810018,-1,15,10002.768000,17.556000,359.983544,360.930979,360.000000,621,0.016456,PI,FIFO,true,PI_FIFO,360.902867
10.820017,-1,15,9999.640000,17.196000,363.869863,361.371811,360.000000,617,-3.869863,PI,FIFO,true,PI_FIFO,362.683065
10.830019,-1,15,10001.898000,19.094000,363.774945,361.732281,360.000000,615,-3.774945,PI,FIFO,true,PI_FIFO,363.338193
10.840027,-1,15,10007.713000,26.807000,361.620058,361.715448,360.000000,616,-1.620058,PI,FIFO,true,PI_FIFO,362.307312
10.850019,-1,15,9992.251000,19.058000,356.735160,360.968405,360.000000,621,3.264840,PI,FIFO,true,PI_FIFO,358.964021
10.860019,-1,15,10000.380000,19.438000,355.450237,360.140679,360.000000,626,4.549763,PI,FIFO,true,PI_FIFO,356.855750
10.870019,-1,15,9999.509000,18.947000,353.773585,359.185615,360.000000,631,6.226415,PI,FIFO,true,PI_FIFO,355.006451
10.880015,-1,15,9995.566000,14.513000,353.773585,358.373811,360.000000,634,6.226415,PI,FIFO,true,PI_FIFO,354.266731
10.890018,-1,15,10003.954000,18.467000,353.606789,357.658758,360.000000,637,6.393211,PI,FIFO,true,PI_FIFO,353.870766
10.900017,-1,15,9998.694000,17.161000,356.851550,357.537676,360.000000,636,3.148450,PI,FIFO,true,PI_FIFO,355.659236
10.910018,-1,15,10000.547000,17.708000,364.036090,358.512438,360.000000,628,-4.036090,PI,FIFO,true,PI_FIFO,360.685348
10.920017,-1,15,9999.139000,16.847000,363.573407,359.271584,360.000000,625,-3.573407,PI,FIFO,true,PI_FIFO,362.418184
10.930019,-1,15,10001.714000,18.561000,364.785992,360.098745,360.000000,621,-4.785992,PI,FIFO,true,PI_FIFO,363.838869
10.940025,-1,15,10006.712000,25.273000,363.184401,360.561593,360.000000,620,-3.184401,PI,FIFO,true,PI_FIFO,363.446188
10.950017,-1,15,9991.955000,17.228000,363.548231,361.009589,360.000000,618,-3.548231,PI,FIFO,true,PI_FIFO,363.507414
10.960017,-1,15,9999.991000,17.219000,358.554309,360.641297,360.000000,623,1.445691,PI,FIFO,true,PI_FIFO,360.535551
10.970018,-1,15,10000.380000,17.599000,361.271676,360.735854,360.000000,622,-1.271676,PI,FIFO,true,PI_FIFO,360.977226
10.980017,-1,15,9999.602000,17.201000,360.947125,360.767545,360.000000,621,-0.947125,PI,FIFO,true,PI_FIFO,360.959166
10.990017,-1,14,10000.010000,17.211000,367.107195,361.718492,360.000000,614,-7.107195,PI,FIFO,true,PI_FIFO,364.647983
11.000017,-1,15,10000.009000,17.220000,360.181120,361.487886,360.000000,617,-0.181120,PI,FIFO,true,PI_FIFO,361.967865
11.010018,-1,15,10001.140000,18.360000,362.215909,361.597090,360.000000,616,-2.215909,PI,FIFO,true,PI_FIFO,362.116692
11.020017,-1,15,9999.083000,17.443000,355.305901,360.653411,360.000000,623,4.694099,PI,FIFO,true,PI_FIFO,358.030217
11.030017,-1,15,9999.584000,17.027000,355.281857,359.847678,360.000000,627,4.718143,PI,FIFO,true,PI_FIFO,356.381201
11.040036,-1,15,10018.564000,35.591000,351.876676,358.652028,360.000000,634,8.123324,PI,FIFO,true,PI_FIFO,353.678486
11.050019,-1,15,9983.900000,19.491000,355.956336,358.247674,360.000000,634,4.043664,PI,FIFO,true,PI_FIFO,355.045196
11.060018,-1,15,9998.861000,18.352000,355.293077,357.804485,360.000000,636,4.706923,PI,FIFO,true,PI_FIFO,355.193925
11.070018,-1,15,9999.769000,18.121000,361.097737,358.298472,360.000000,631,-1.097737,PI,FIFO,true,PI_FIFO,358.736212
11.080018,-1,15,9999.806000,17.927000,363.774945,359.119943,360.000000,625,-3.774945,PI,FIFO,true,PI_FIFO,361.759452
11.090018,-1,15,10000.028000,17.955000,365.036647,360.007449,360.000000,621,-5.036647,PI,FIFO,true,PI_FIFO,363.725769
11.100018,-1,15,9999.732000,17.687000,362.318841,360.354158,360.000000,621,-2.318841,PI,FIFO,true,PI_FIFO,362.881612
11.110018,-1,15,10000.343000,18.030000,362.622486,360.694407,360.000000,620,-2.622486,PI,FIFO,true,PI_FIFO,362.726136
11.120018,-1,15,9999.695000,17.725000,360.923965,360.728841,360.000000,621,-0.923965,PI,FIFO,true,PI_FIFO,361.644834
11.130019,-1,15,10000.787000,18.512000,360.576923,360.706053,360.000000,621,-0.576923,PI,FIFO,true,PI_FIFO,361.004087
11.140026,-1,15,10007.861000,26.373000,359.438430,360.515910,360.000000,623,0.561570,PI,FIFO,true,PI_FIFO,360.064693
11.150018,-1,15,9992.103000,18.476000,361.769570,360.703959,360.000000,621,-1.769570,PI,FIFO,true,PI_FIFO,361.087619
11.160015,-1,15,9996.602000,15.078000,365.141188,361.369543,360.000000,616,-5.141188,PI,FIFO,true,PI_FIFO,363.519760
11.170019,-1,15,10003.676000,18.754000,361.689815,361.417584,360.000000,616,-1.689815,PI,FIFO,true,PI_FIFO,362.421793
11.180018,-1,15,9999.602000,18.356000,359.023456,361.058465,360.000000,619,0.976544,PI,FIFO,true,PI_FIFO,360.382791
11.190018,-1,15,9999.417000,17.773000,356.077048,360.311252,360.000000,624,3.922952,PI,FIFO,true,PI_FIFO,357.799345
11.200018,-1,15,10000.269000,18.042000,355.956336,359.658015,360.000000,627,4.043664,PI,FIFO,true,PI_FIFO,356.693540
11.210018,-1,15,9999.732000,17.774000,351.123596,358.377852,360.000000,635,8.876404,PI,FIFO,true,PI_FIFO,353.351573
11.220017,-1,15,9999.584000,17.358000,354.609929,357.812663,360.000000,637,5.390071,PI,FIFO,true,PI_FIFO,354.106587
11.230018,-1,15,10000.472000,17.830000,356.373543,357.596795,360.000000,636,3.626457,PI,FIFO,true,PI_FIFO,355.466760
11.240023,-1,15,10004.824000,22.654000,363.020329,358.410325,360.000000,629,-3.020329,PI,FIFO,true,PI_FIFO,359.998902
11.250018,-1,15,9995.233000,17.887000,361.318088,358.846490,360.000000,628,-1.318088,PI,FIFO,true,PI_FIFO,360.790414
11.260014,-1,15,9996.565000,14.452000,366.210938,359.951157,360.000000,621,-6.210938,PI,FIFO,true,PI_FIFO,364.042728
11.270018,-1,15,10003.454000,17.906000,362.622486,360.351856,360.000000,621,-2.622486,PI,FIFO,true,PI_FIFO,363.190583
11.280017,-1,15,9999.454000,17.360000,362.318841,360.646904,360.000000,621,-2.318841,PI,FIFO,true,PI_FIFO,362.667537
11.290029,-1,15,10012.046000,29.406000,358.606557,360.340852,360.000000,624,1.393443,PI,FIFO,true,PI_FIFO,360.230949
11.300019,-1,15,9989.251000,18.657000,362.493958,360.663818,360.000000,622,-2.493958,PI,FIFO,true,PI_FIFO,361.588755
11.310018,-1,15,9999.769000,18.426000,360.392107,360.623061,360.000000,622,-0.392107,PI,FIFO,true,PI_FIFO,360.870766
11.320018,-1,15,9999.361000,17.787000,364.431487,361.194325,360.000000,618,-4.431487,PI,FIFO,true,PI_FIFO,363.007198
11.330021,-1,15,10002.847000,20.634000,363.372093,361.520990,360.000000,616,-3.372093,PI,FIFO,true,PI_FIFO,363.226135
11.340031,-1,15,10009.918000,30.552000,363.196126,361.772261,360.000000,615,-3.196126,PI,FIFO,true,PI_FIFO,363.208130
11.350018,-1,15,9987.808000,18.360000,356.633381,361.001429,360.000000,621,3.366619,PI,FIFO,true,PI_FIFO,359.263280
11.360026,-1,15,10007.956000,26.316000,354.934377,360.091371,360.000000,627,5.065623,PI,FIFO,true,PI_FIFO,356.665938
11.370039,-1,15,10012.362000,38.678000,353.964401,359.172325,360.000000,631,6.035599,PI,FIFO,true,PI_FIFO,355.045016
11.380016,-1,15,9976.920000,15.598000,354.442344,358.462828,360.000000,634,5.557656,PI,FIFO,true,PI_FIFO,354.683413
11.390020,-1,15,10003.993000,19.591000,355.113636,357.960449,360.000000,636,4.886364,PI,FIFO,true,PI_FIFO,354.941547
11.400014,-1,15,9994.715000,14.306000,357.824427,357.940046,360.000000,634,2.175573,PI,FIFO,true,PI_FIFO,356.671275
11.410020,-1,15,10006.103000,20.409000,364.785992,358.966938,360.000000,626,-4.785992,PI,FIFO,true,PI_FIFO,361.540105
11.420018,-1,15,9997.253000,17.662000,363.041002,359.578048,360.000000,624,-3.041002,PI,FIFO,true,PI_FIFO,362.440644
11.430019,-1,15,10001.344000,19.006000,363.976705,360.237846,360.000000,621,-3.976705,PI,FIFO,true,PI_FIFO,363.362281
11.440027,-1,15,10008.344000,27.350000,363.196126,360.681588,360.000000,620,-3.196126,PI,FIFO,true,PI_FIFO,363.262588
11.450024,-1,15,9996.382000,23.732000,363.936335,361.169800,360.000000,618,-3.936335,PI,FIFO,true,PI_FIFO,363.666836
11.460019,-1,15,9995.141000,18.873000,358.508604,360.770621,360.000000,622,1.491396,PI,FIFO,true,PI_FIFO,360.571897
11.470019,-1,15,10000.326000,19.199000,361.875965,360.936423,360.000000,620,-1.875965,PI,FIFO,true,PI_FIFO,361.354338
11.480018,-1,15,9998.401000,17.600000,360.750361,360.908513,360.000000,621,-0.750361,PI,FIFO,true,PI_FIFO,360.991952
11.490018,-1,14,10000.011000,17.611000,366.210938,361.703877,360.000000,614,-6.210938,PI,FIFO,true,PI_FIFO,364.123343
11.500017,-1,15,9999.197000,16.808000,359.983544,361.445827,360.000000,617,0.016456,PI,FIFO,true,PI_FIFO,361.639463
11.510018,-1,15,10000.752000,17.560000,361.271676,361.419704,360.000000,617,-1.271676,PI,FIFO,true,PI_FIFO,361.418791
11.520018,-1,15,9999.955000,17.515000,355.652504,360.554624,360.000000,623,4.347496,PI,FIFO,true,PI_FIFO,357.959019
11.530019,-1,15,10000.993000,18.508000,354.576399,359.657891,360.000000,628,5.423601,PI,FIFO,true,PI_FIFO,355.929447
11.540030,-1,15,10011.066000,29.574000,351.035946,358.364599,360.000000,636,8.964054,PI,FIFO,true,PI_FIFO,352.993347
11.550018,-1,15,9988.494000,18.068000,355.113636,357.876954,360.000000,636,4.886364,PI,FIFO,true,PI_FIFO,354.265520
11.560019,-1,15,10000.548000,18.616000,356.270358,357.635965,360.000000,636,3.729642,PI,FIFO,true,PI_FIFO,355.468423
11.570018,-1,15,9999.196000,17.812000,360.576923,358.077109,360.000000,632,-0.576923,PI,FIFO,true,PI_FIFO,358.533523
11.580016,-1,15,9997.845000,15.657000,363.748060,358.927751,360.000000,626,-3.748060,PI,FIFO,true,PI_FIFO,361.662245
11.590019,-1,15,10003.160000,18.817000,365.319045,359.886446,360.000000,621,-5.319045,PI,FIFO,true,PI_FIFO,363.856325
11.600018,-1,15,9999.400000,18.217000,362.248841,360.240805,360.000000,621,-2.248841,PI,FIFO,true,PI_FIFO,362.891835
11.610018,-1,15,9999.622000,17.839000,361.445783,360.421552,360.000000,622,-1.445783,PI,FIFO,true,PI_FIFO,362.024204
11.620018,-1,15,9999.900000,17.739000,361.371145,360.563991,360.000000,622,-1.371145,PI,FIFO,true,PI_FIFO,361.632369
11.630018,-1,15,9999.771000,17.510000,360.740154,360.590415,360.000000,622,-0.740154,PI,FIFO,true,PI_FIFO,361.097040
11.640027,-1,15,10009.066000,26.576000,359.589041,360.440209,360.000000,624,0.410959,PI,FIFO,true,PI_FIFO,360.192241
11.650018,-1,15,9991.531000,18.107000,361.271676,360.564929,360.000000,622,-1.271676,PI,FIFO,true,PI_FIFO,360.839902
11.660027,-1,15,10008.714000,26.821000,364.502333,361.155540,360.000000,618,-4.502333,PI,FIFO,true,PI_FIFO,363.037360
11.670020,-1,15,9992.993000,19.814000,361.097737,361.146869,360.000000,619,-1.097737,PI,FIFO,true,PI_FIFO,361.873586
11.680018,-1,15,9997.808000,17.622000,359.539789,360.905807,360.000000,621,0.460211,PI,FIFO,true,PI_FIFO,360.473308
11.690018,-1,15,10000.122000,17.744000,356.851550,360.297669,360.000000,625,3.148450,PI,FIFO,true,PI_FIFO,358.300253
11.700017,-1,15,9999.567000,17.311000,357.653791,359.901087,360.000000,626,2.346209,PI,FIFO,true,PI_FIFO,357.912376
11.710017,-1,15,9999.771000,17.082000,351.914414,358.703086,360.000000,634,8.085586,PI,FIFO,true,PI_FIFO,354.313599
11.720017,-1,15,10000.011000,17.093000,355.956336,358.291074,360.000000,635,4.043664,PI,FIFO,true,PI_FIFO,355.299241
11.730020,-1,15,10002.845000,19.938000,356.463878,358.016994,360.000000,635,3.536122,PI,FIFO,true,PI_FIFO,355.998023
11.740027,-1,15,10007.362000,27.300000,362.669246,358.714832,360.000000,629,-2.669246,PI,FIFO,true,PI_FIFO,360.000757
11.750019,-1,15,9991.956000,19.256000,361.132512,359.077484,360.000000,628,-1.132512,PI,FIFO,true,PI_FIFO,360.679810
11.760015,-1,15,9995.864000,15.120000,365.319045,360.013718,360.000000,622,-5.319045,PI,FIFO,true,PI_FIFO,363.463351
11.770018,-1,15,10003.029000,18.149000,362.622486,360.405033,360.000000,621,-2.622486,PI,FIFO,true,PI_FIFO,362.958832
11.780014,-1,15,9996.142000,14.291000,363.548231,360.876513,360.000000,619,-3.548231,PI,FIFO,true,PI_FIFO,363.312471
11.790017,-1,15,10003.011000,17.302000,358.998906,360.594872,360.000000,623,1.001094,PI,FIFO,true,PI_FIFO,360.724332
11.800018,-1,15,10000.252000,17.554000,362.051340,360.813342,360.000000,621,-2.051340,PI,FIFO,true,PI_FIFO,361.520537
11.810018,-1,15,10000.678000,18.232000,359.786184,360.659268,360.000000,623,0.213816,PI,FIFO,true,PI_FIFO,360.479925
11.820017,-1,15,9999.233000,17.465000,364.785992,361.278277,360.000000,617,-4.785992,PI,FIFO,true,PI_FIFO,363.063565
11.830018,-1,15,10000.067000,17.532000,362.215909,361.418922,360.000000,617,-2.215909,PI,FIFO,true,PI_FIFO,362.554972
11.840026,-1,14,10008.715000,26.247000,364.178690,361.832887,360.000000,614,-4.178690,PI,FIFO,true,PI_FIFO,363.529203
11.850018,-1,15,9991.863000,18.110000,356.972870,361.103885,360.000000,620,3.027130,PI,FIFO,true,PI_FIFO,359.595403
11.860018,-1,15,9999.419000,17.529000,354.576399,360.124762,360.000000,627,5.423601,PI,FIFO,true,PI_FIFO,356.584001
11.870018,-1,15,10000.085000,17.614000,353.506787,359.132066,360.000000,632,6.493213,PI,FIFO,true,PI_FIFO,354.737673
11.880017,-1,15,9999.845000,17.459000,353.506787,358.288274,360.000000,635,6.493213,PI,FIFO,true,PI_FIFO,353.999142
11.890018,-1,15,10000.270000,17.729000,354.609929,357.736522,360.000000,637,5.390071,PI,FIFO,true,PI_FIFO,354.365614
11.900018,-1,15,10000.215000,17.944000,358.606557,357.867027,360.000000,634,1.393443,PI,FIFO,true,PI_FIFO,356.910180
11.910018,-1,15,10000.178000,18.122000,363.724539,358.745654,360.000000,628,-3.724539,PI,FIFO,true,PI_FIFO,360.998796
11.920017,-1,15,9999.327000,17.449000,363.559979,359.467803,360.000000,624,-3.559979,PI,FIFO,true,PI_FIFO,362.535506
11.930018,-1,15,10000.715000,18.164000,363.901019,360.132785,360.000000,621,-3.901019,PI,FIFO,true,PI_FIFO,363.354814
11.940027,-1,15,10008.881000,27.045000,362.809598,360.534307,360.000000,621,-2.809598,PI,FIFO,true,PI_FIFO,363.027684
11.950018,-1,15,9990.530000,17.575000,363.372093,360.959975,360.000000,619,-3.372093,PI,FIFO,true,PI_FIFO,363.234329
11.960015,-1,15,9997.049000,14.624000,358.371560,360.571713,360.000000,623,1.628440,PI,FIFO,true,PI_FIFO,360.316668
11.970018,-1,15,10003.177000,17.801000,361.445783,360.702823,360.000000,622,-1.445783,PI,FIFO,true,PI_FIFO,360.994137
11.980018,-1,15,9999.863000,17.664000,360.775151,360.713672,360.000000,622,-0.775151,PI,FIFO,true,PI_FIFO,360.862745
11.990027,-1,15,10009.733000,27.397000,365.874656,361.487820,360.000000,616,-5.874656,PI,FIFO,true,PI_FIFO,363.869892
12.000020,-1,15,9992.364000,19.761000,361.271676,361.455398,360.000000,617,-1.271676,PI,FIFO,true,PI_FIFO,362.310962
12.010018,-1,15,9998.345000,18.106000,361.503856,361.462667,360.000000,617,-1.503856,PI,FIFO,true,PI_FIFO,361.826699
12.020018,-1,15,9999.641000,17.747000,356.735160,360.753541,360.000000,622,3.264840,PI,FIFO,true,PI_FIFO,358.771775
12.030017,-1,15,9999.622000,17.369000,355.472700,359.961415,360.000000,627,4.527300,PI,FIFO,true,PI_FIFO,356.792330
12.040044,-1,15,10026.880000,44.249000,351.782364,358.734557,360.000000,634,8.217636,PI,FIFO,true,PI_FIFO,353.786350
12.050021,-1,15,9977.142000,21.391000,355.498375,358.249130,360.000000,635,4.501625,PI,FIFO,true,PI_FIFO,354.813565
12.060032,-1,15,10010.159000,31.550000,354.934377,357.751917,360.000000,637,5.065623,PI,FIFO,true,PI_FIFO,354.886052
12.070038,-1,15,10006.678000,38.228000,359.712230,358.045964,360.000000,633,0.287770,PI,FIFO,true,PI_FIFO,357.781759
12.080020,-1,15,9982.253000,20.481000,362.622486,358.732442,360.000000,628,-2.622486,PI,FIFO,true,PI_FIFO,360.686195
12.090018,-1,15,9997.697000,18.178000,366.210938,359.854216,360.000000,621,-6.210938,PI,FIFO,true,PI_FIFO,364.001041
12.100018,-1,15,9999.585000,17.763000,362.622486,360.269457,360.000000,621,-2.622486,PI,FIFO,true,PI_FIFO,363.173908
12.110021,-1,15,10002.789000,20.552000,361.969112,360.524405,360.000000,621,-1.969112,PI,FIFO,true,PI_FIFO,362.451030
12.120018,-1,15,9997.937000,18.489000,360.576923,360.532283,360.000000,623,-0.576923,PI,FIFO,true,PI_FIFO,361.326566
12.130019,-1,15,10000.863000,19.352000,360.740154,360.563463,360.000000,623,-0.740154,PI,FIFO,true,PI_FIFO,360.974719
12.140028,-1,15,10008.196000,27.548000,358.606557,360.269928,360.000000,625,1.393443,PI,FIFO,true,PI_FIFO,359.553822
12.150018,-1,15,9990.697000,18.245000,363.372093,360.735252,360.000000,621,-3.372093,PI,FIFO,true,PI_FIFO,361.844785
12.160017,-1,14,9999.234000,17.479000,366.620112,361.617981,360.000000,614,-6.620112,PI,FIFO,true,PI_FIFO,364.709981
12.170018,-1,15,10000.104000,17.583000,361.794501,361.644459,360.000000,616,-1.794501,PI,FIFO,true,PI_FIFO,362.960693
12.180018,-1,15,10000.122000,17.705000,359.470859,361.318419,360.000000,619,0.529141,PI,FIFO,true,PI_FIFO,360.866792
12.190019,-1,15,10000.900000,18.605000,354.945575,360.362493,360.000000,625,5.054425,PI,FIFO,true,PI_FIFO,357.314062
12.200018,-1,15,9999.771000,18.376000,355.883948,359.690711,360.000000,628,4.116052,PI,FIFO,true,PI_FIFO,356.455994
12.210018,-1,15,9999.715000,18.091000,351.947443,358.529221,360.000000,635,8.052557,PI,FIFO,true,PI_FIFO,353.750863
12.220017,-1,15,9999.363000,17.454000,354.609929,357.941327,360.000000,637,5.390071,PI,FIFO,true,PI_FIFO,354.266303
12.230018,-1,15,10000.104000,17.558000,355.691057,357.603786,360.000000,637,4.308943,PI,FIFO,true,PI_FIFO,355.121155
12.240026,-1,15,10008.659000,26.217000,363.020329,358.416268,360.000000,630,-3.020329,PI,FIFO,true,PI_FIFO,359.860660
12.250018,-1,15,9992.030000,18.247000,361.318088,358.851541,360.000000,628,-1.318088,PI,FIFO,true,PI_FIFO,360.735117
12.260018,-1,15,9999.419000,17.666000,366.389839,359.982286,360.000000,621,-6.389839,PI,FIFO,true,PI_FIFO,364.127950
12.270018,-1,15,10000.233000,17.899000,363.184401,360.462603,360.000000,621,-3.184401,PI,FIFO,true,PI_FIFO,363.561821
12.280018,-1,15,9999.678000,17.577000,363.196126,360.872631,360.000000,620,-3.196126,PI,FIFO,true,PI_FIFO,363.342404
12.290018,-1,15,10000.438000,18.015000,359.470859,360.662365,360.000000,623,0.529141,PI,FIFO,true,PI_FIFO,361.019477
12.300014,-1,15,9995.956000,13.971000,363.020329,361.016060,360.000000,620,-3.020329,PI,FIFO,true,PI_FIFO,362.219988
12.310018,-1,15,10004.103000,18.074000,360.207480,360.894773,360.000000,622,-0.207480,PI,FIFO,true,PI_FIFO,361.012483
12.320014,-1,15,9996.049000,14.123000,364.431487,361.425280,360.000000,617,-4.431487,PI,FIFO,true,PI_FIFO,363.063885
12.330027,-1,14,10013.125000,27.248000,364.178690,361.838292,360.000000,614,-4.178690,PI,FIFO,true,PI_FIFO,363.732768
12.340037,-1,14,10009.828000,37.076000,362.710514,361.969125,360.000000,614,-2.710514,PI,FIFO,true,PI_FIFO,363.119416
12.350019,-1,15,9981.459000,18.535000,357.240065,361.259766,360.000000,620,2.759935,PI,FIFO,true,PI_FIFO,359.591806
12.360021,-1,15,10002.198000,20.733000,355.281857,360.363080,360.000000,625,4.718143,PI,FIFO,true,PI_FIFO,357.005836
12.370027,-1,15,10006.457000,27.190000,353.773585,359.374655,360.000000,630,6.226415,PI,FIFO,true,PI_FIFO,355.066486
12.380019,-1,15,9991.736000,18.926000,353.606789,358.509476,360.000000,634,6.393211,PI,FIFO,true,PI_FIFO,354.190668
12.390019,-1,15,9999.810000,18.736000,354.609929,357.924544,360.000000,636,5.390071,PI,FIFO,true,PI_FIFO,354.442225
12.400018,-1,15,9999.217000,17.953000,358.554309,358.019008,360.000000,633,1.445691,PI,FIFO,true,PI_FIFO,356.909475
12.410017,-1,15,9998.661000,16.614000,363.372093,358.821971,360.000000,627,-3.372093,PI,FIFO,true,PI_FIFO,360.787046
12.420019,-1,15,10002.143000,18.757000,362.769486,359.414098,360.000000,624,-2.769486,PI,FIFO,true,PI_FIFO,361.976510
12.430018,-1,15,9999.328000,18.085000,363.537865,360.032663,360.000000,622,-3.537865,PI,FIFO,true,PI_FIFO,362.913323
12.440026,-1,15,10008.291000,26.376000,361.969112,360.323131,360.000000,621,-1.969112,PI,FIFO,true,PI_FIFO,362.346796
12.450018,-1,15,9992.069000,18.445000,362.143892,360.596245,360.000000,621,-2.143892,PI,FIFO,true,PI_FIFO,362.225054
12.460019,-1,15,10000.087000,18.532000,357.642421,360.153171,360.000000,625,2.357579,PI,FIFO,true,PI_FIFO,359.475474
12.470018,-1,15,9999.773000,18.305000,361.271676,360.320947,360.000000,623,-1.271676,PI,FIFO,true,PI_FIFO,360.553195
12.480018,-1,15,9999.439000,17.744000,362.062307,360.582151,360.000000,621,-2.062307,PI,FIFO,true,PI_FIFO,361.458662
12.490018,-1,15,10000.143000,17.887000,366.389839,361.453304,360.000000,615,-6.389839,PI,FIFO,true,PI_FIFO,364.417368
12.500017,-1,15,9999.513000,17.400000,361.503856,361.460887,360.000000,616,-1.503856,PI,FIFO,true,PI_FIFO,362.669261
12.510017,-1,15,9999.495000,16.895000,361.097737,361.406414,360.000000,617,-1.097737,PI,FIFO,true,PI_FIFO,361.726347
12.520017,-1,15,10000.587000,17.482000,356.270358,360.636006,360.000000,623,3.729642,PI,FIFO,true,PI_FIFO,358.452754
12.530017,-1,15,9999.958000,17.440000,355.450237,359.858141,360.000000,627,4.549763,PI,FIFO,true,PI_FIFO,356.651244
12.540027,-1,15,10009.827000,27.267000,352.112676,358.696321,360.000000,634,7.887324,PI,FIFO,true,PI_FIFO,353.928103
12.550018,-1,15,9990.773000,18.040000,355.691057,358.245531,360.000000,634,4.308943,PI,FIFO,true,PI_FIFO,354.985875
12.560018,-1,15,9999.680000,17.720000,355.450237,357.826237,360.000000,636,4.549763,PI,FIFO,true,PI_FIFO,355.264492
12.570018,-1,15,9999.940000,17.660000,360.761929,358.266591,360.000000,631,-0.761929,PI,FIFO,true,PI_FIFO,358.562954
12.580018,-1,15,10000.235000,17.895000,362.493958,358.900696,360.000000,627,-2.493958,PI,FIFO,true,PI_FIFO,360.921557
12.590018,-1,15,10000.458000,18.353000,365.802676,359.935993,360.000000,621,-5.802676,PI,FIFO,true,PI_FIFO,363.850228
12.600017,-1,15,9999.069000,17.422000,363.206472,360.426565,360.000000,620,-3.206472,PI,FIFO,true,PI_FIFO,363.463975
12.610018,-1,15,10000.291000,17.713000,362.368857,360.717909,360.000000,620,-2.368857,PI,FIFO,true,PI_FIFO,362.806904
12.620017,-1,15,9999.550000,17.263000,361.558530,360.844002,360.000000,620,-1.558530,PI,FIFO,true,PI_FIFO,362.057880
12.630017,-1,15,10000.124000,17.387000,360.181120,360.744570,360.000000,622,-0.181120,PI,FIFO,true,PI_FIFO,360.931824
12.640023,-1,15,10005.180000,22.567000,359.539789,360.563852,360.000000,623,0.460211,PI,FIFO,true,PI_FIFO,360.096603
12.650018,-1,15,9995.217000,17.784000,362.248841,360.816601,360.000000,621,-2.248841,PI,FIFO,true,PI_FIFO,361.387946
12.660014,-1,15,9996.365000,14.149000,365.497076,361.518672,360.000000,615,-5.497076,PI,FIFO,true,PI_FIFO,363.853424
12.670029,-1,15,10014.753000,28.902000,362.248841,361.628197,360.000000,615,-2.248841,PI,FIFO,true,PI_FIFO,362.890674
12.680024,-1,15,9994.829000,23.731000,358.851675,361.211719,360.000000,619,1.148325,PI,FIFO,true,PI_FIFO,360.467274
12.690028,-1,15,10004.457000,28.188000,354.921579,360.268198,360.000000,625,5.078421,PI,FIFO,true,PI_FIFO,357.139857
12.700020,-1,15,9991.477000,19.665000,354.609929,359.419458,360.000000,630,5.390071,PI,FIFO,true,PI_FIFO,355.621900
12.710018,-1,15,9998.532000,18.197000,350.186766,358.034554,360.000000,638,9.813234,PI,FIFO,true,PI_FIFO,352.360820
12.720017,-1,15,9999.087000,17.284000,354.945575,357.571207,360.000000,638,5.054425,PI,FIFO,true,PI_FIFO,353.911673
12.730019,-1,15,10001.791000,19.075000,355.691057,357.289185,360.000000,638,4.308943,PI,FIFO,true,PI_FIFO,354.979303
12.740030,-1,15,10011.346000,30.421000,363.703788,358.251375,360.000000,630,-3.703788,PI,FIFO,true,PI_FIFO,360.213994
12.750018,-1,15,9987.514000,17.935000,362.669246,358.914056,360.000000,627,-2.669246,PI,FIFO,true,PI_FIFO,361.687145
12.760026,-1,15,10007.772000,25.707000,365.070093,359.837461,360.000000,622,-5.070093,PI,FIFO,true,PI_FIFO,363.716914
12.770039,-1,15,10013.161000,38.868000,362.622486,360.255215,360.000000,622,-2.622486,PI,FIFO,true,PI_FIFO,363.060257
12.780016,-1,15,9976.736000,15.604000,364.077670,360.828583,360.000000,620,-4.077670,PI,FIFO,true,PI_FIFO,363.670705
12.790018,-1,15,10002.736000,18.340000,359.103677,360.569847,360.000000,623,0.896323,PI,FIFO,true,PI_FIFO,360.930488
12.800018,-1,15,9999.717000,18.057000,363.196126,360.963789,360.000000,620,-3.196126,PI,FIFO,true,PI_FIFO,362.289871
12.810020,-1,15,10002.217000,20.274000,359.983544,360.816752,360.000000,622,0.016456,PI,FIFO,true,PI_FIFO,360.906075
12.820017,-1,15,9996.920000,17.194000,363.703788,361.249808,360.000000,619,-3.703788,PI,FIFO,true,PI_FIFO,362.584703
12.830020,-1,15,10002.532000,19.726000,362.622486,361.455709,360.000000,617,-2.622486,PI,FIFO,true,PI_FIFO,362.607373
12.840029,-1,15,10009.327000,29.053000,363.548231,361.769588,360.000000,615,-3.548231,PI,FIFO,true,PI_FIFO,363.171887
12.850030,-1,15,10001.347000,30.400000,357.045702,361.061005,360.000000,621,2.954298,PI,FIFO,true,PI_FIFO,359.496176
12.860022,-1,15,9991.773000,22.173000,355.956336,360.295304,360.000000,626,4.043664,PI,FIFO,true,PI_FIFO,357.372272
12.870021,-1,15,9998.476000,20.649000,353.506787,359.277027,360.000000,631,6.493213,PI,FIFO,true,PI_FIFO,355.052981
12.880018,-1,15,9997.403000,18.052000,354.040785,358.491591,360.000000,634,5.959215,PI,FIFO,true,PI_FIFO,354.445664
12.890019,-1,15,10000.550000,18.602000,353.506787,357.743870,360.000000,638,6.493213,PI,FIFO,true,PI_FIFO,353.882338
12.900017,-1,15,9998.550000,17.152000,357.995227,357.781574,360.000000,636,2.004773,PI,FIFO,true,PI_FIFO,356.350071
12.910018,-1,15,10000.995000,18.147000,364.608653,358.805636,360.000000,627,-4.608653,PI,FIFO,true,PI_FIFO,361.305221
12.920017,-1,15,9999.069000,17.216000,363.573407,359.520801,360.000000,624,-3.573407,PI,FIFO,true,PI_FIFO,362.666133
12.930018,-1,15,10001.198000,18.414000,364.202468,360.223051,360.000000,621,-4.202468,PI,FIFO,true,PI_FIFO,363.587934
12.940029,-1,15,10010.439000,28.853000,362.368857,360.544922,360.000000,621,-2.368857,PI,FIFO,true,PI_FIFO,362.856488
12.950018,-1,15,9988.791000,17.644000,362.875683,360.894536,360.000000,620,-2.875683,PI,FIFO,true,PI_FIFO,362.868005
12.960018,-1,15,10000.328000,17.972000,358.802624,360.580750,360.000000,624,1.197376,PI,FIFO,true,PI_FIFO,360.428777
12.970017,-1,15,9999.347000,17.319000,361.097737,360.658298,360.000000,623,-1.097737,PI,FIFO,true,PI_FIFO,360.830153
12.980018,-1,15,10000.680000,17.999000,361.689815,360.813025,360.000000,621,-1.689815,PI,FIFO,true,PI_FIFO,361.345950
12.990016,-1,15,9998.365000,16.364000,366.032211,361.595903,360.000000,615,-6.032211,PI,FIFO,true,PI_FIFO,364.157707
13.000018,-1,15,10001.550000,17.914000,361.318088,361.554231,360.000000,617,-1.318088,PI,FIFO,true,PI_FIFO,362.453936
13.010018,-1,15,9999.736000,17.650000,361.620058,361.564105,360.000000,617,-1.620058,PI,FIFO,true,PI_FIFO,361.953609
13.020017,-1,15,9999.846000,17.496000,354.729730,360.538949,360.000000,624,5.270270,PI,FIFO,true,PI_FIFO,357.619281
13.030018,-1,15,10000.106000,17.602000,355.450237,359.775642,360.000000,628,4.549763,PI,FIFO,true,PI_FIFO,356.317855
13.040043,-1,15,10025.475000,43.077000,349.813433,358.281311,360.000000,637,10.186567,PI,FIFO,true,PI_FIFO,352.415202
13.050019,-1,15,9976.181000,19.258000,356.294537,357.983294,360.000000,636,3.705463,PI,FIFO,true,PI_FIFO,354.742803
13.060018,-1,15,9998.939000,18.197000,356.012658,357.687699,360.000000,636,3.987342,PI,FIFO,true,PI_FIFO,355.504716
13.070017,-1,15,9999.051000,17.248000,361.097737,358.199205,360.000000,632,-1.097737,PI,FIFO,true,PI_FIFO,358.860529
13.080018,-1,15,10000.661000,17.909000,363.724539,359.028005,360.000000,626,-3.724539,PI,FIFO,true,PI_FIFO,361.778935
13.090018,-1,15,9999.810000,17.719000,366.210938,360.105445,360.000000,620,-6.210938,PI,FIFO,true,PI_FIFO,364.438137
13.100018,-1,15,9999.994000,17.713000,361.969112,360.384995,360.000000,621,-1.969112,PI,FIFO,true,PI_FIFO,362.956722
13.110018,-1,15,9999.902000,17.615000,362.622486,360.720619,360.000000,621,-2.622486,PI,FIFO,true,PI_FIFO,362.756180
13.120018,-1,15,10000.236000,17.851000,360.750361,360.725080,360.000000,622,-0.750361,PI,FIFO,true,PI_FIFO,361.552689
13.130019,-1,15,10001.124000,18.975000,361.570248,360.851855,360.000000,621,-1.570248,PI,FIFO,true,PI_FIFO,361.563224
13.140027,-1,15,10008.143000,27.118000,360.250904,360.761712,360.000000,622,-0.250904,PI,FIFO,true,PI_FIFO,360.775832
13.150019,-1,15,9991.606000,18.724000,362.368857,361.002784,360.000000,620,-2.368857,PI,FIFO,true,PI_FIFO,361.731647
13.160019,-1,15,10000.476000,19.200000,365.141188,361.623545,360.000000,615,-5.141188,PI,FIFO,true,PI_FIFO,363.777372
13.170018,-1,15,9999.162000,18.362000,361.318088,361.577726,360.000000,617,-1.318088,PI,FIFO,true,PI_FIFO,362.301802
13.180015,-1,15,9996.254000,14.616000,359.195402,361.220378,360.000000,619,0.804598,PI,FIFO,true,PI_FIFO,360.437962
13.190018,-1,15,10003.365000,17.981000,356.270358,360.477875,360.000000,624,3.729642,PI,FIFO,true,PI_FIFO,357.937400
13.200014,-1,15,9996.421000,14.402000,355.787476,359.774315,360.000000,627,4.212524,PI,FIFO,true,PI_FIFO,356.647446
13.210016,-1,15,10002.013000,16.415000,351.562500,358.542543,360.000000,635,8.437500,PI,FIFO,true,PI_FIFO,353.596478
13.220018,-1,15,10001.494000,17.909000,354.040785,357.867279,360.000000,637,5.959215,PI,FIFO,true,PI_FIFO,353.863063
13.230019,-1,15,10001.254000,19.163000,356.193009,357.616139,360.000000,637,3.806991,PI,FIFO,true,PI_FIFO,355.261031
13.240025,-1,15,10005.920000,25.083000,362.844702,358.400423,360.000000,630,-2.844702,PI,FIFO,true,PI_FIFO,359.811234
13.250018,-1,15,9993.033000,18.116000,361.794501,358.909535,360.000000,627,-1.794501,PI,FIFO,true,PI_FIFO,361.001194
13.260017,-1,15,9999.143000,17.259000,366.401772,360.033370,360.000000,621,-6.401772,PI,FIFO,true,PI_FIFO,364.241541
13.270018,-1,15,10000.402000,17.661000,363.372093,360.534179,360.000000,620,-3.372093,PI,FIFO,true,PI_FIFO,363.719872
13.280018,-1,15,9999.865000,17.526000,362.435567,360.819387,360.000000,620,-2.435567,PI,FIFO,true,PI_FIFO,362.949289
13.290018,-1,15,10000.050000,17.576000,358.166189,360.421407,360.000000,624,1.833811,PI,FIFO,true,PI_FIFO,360.079429
13.300018,-1,15,10000.624000,18.200000,362.368857,360.713525,360.000000,622,-2.368857,PI,FIFO,true,PI_FIFO,361.453086
13.310018,-1,15,9999.977000,18.177000,360.903533,360.742026,360.000000,622,-0.903533,PI,FIFO,true,PI_FIFO,361.123354
13.320018,-1,15,10000.217000,18.394000,364.988877,361.379054,360.000000,617,-4.988877,PI,FIFO,true,PI_FIFO,363.442667
13.330017,-1,15,9998.851000,17.245000,363.206472,361.653166,360.000000,615,-3.206472,PI,FIFO,true,PI_FIFO,363.300950
13.340024,-1,15,10006.718000,23.963000,362.368857,361.760520,360.000000,615,-2.368857,PI,FIFO,true,PI_FIFO,362.741694
13.350018,-1,15,9993.868000,17.831000,356.294537,360.940622,360.000000,622,3.705463,PI,FIFO,true,PI_FIFO,358.873400
13.360018,-1,15,9999.701000,17.532000,353.964401,359.894189,360.000000,628,6.035599,PI,FIFO,true,PI_FIFO,355.928001
13.370017,-1,15,9999.645000,17.177000,353.606789,358.951079,360.000000,632,6.393211,PI,FIFO,true,PI_FIFO,354.535274
13.380017,-1,15,10000.256000,17.433000,353.582974,358.145864,360.000000,636,6.417026,PI,FIFO,true,PI_FIFO,353.963894
13.390027,-1,15,10010.052000,27.485000,354.107649,357.540131,360.000000,638,5.892351,PI,FIFO,true,PI_FIFO,354.050147
13.400019,-1,15,9991.071000,18.556000,358.920368,357.747167,360.000000,635,1.079632,PI,FIFO,true,PI_FIFO,356.972279
13.410018,-1,15,9999.497000,18.053000,364.254492,358.723266,360.000000,627,-4.254492,PI,FIFO,true,PI_FIFO,361.341607
13.420017,-1,15,9999.294000,17.347000,363.184401,359.392436,360.000000,625,-3.184401,PI,FIFO,true,PI_FIFO,362.447283
13.430017,-1,15,9999.719000,17.066000,364.431487,360.148294,360.000000,621,-4.431487,PI,FIFO,true,PI_FIFO,363.637805
13.440019,-1,15,10001.571000,18.637000,362.996902,360.575585,360.000000,621,-2.996902,PI,FIFO,true,PI_FIFO,363.253264
13.450018,-1,15,9999.293000,17.930000,363.548231,361.021482,360.000000,619,-3.548231,PI,FIFO,true,PI_FIFO,363.430244
13.460042,-1,15,10024.069000,41.999000,359.287174,360.761336,360.000000,622,0.712826,PI,FIFO,true,PI_FIFO,360.944402
13.470038,-1,15,9996.349000,38.348000,361.503856,360.872714,360.000000,621,-1.503856,PI,FIFO,true,PI_FIFO,361.280074
13.480019,-1,15,9981.128000,19.476000,360.230548,360.776389,360.000000,622,-0.230548,PI,FIFO,true,PI_FIFO,360.650358
13.490019,-1,15,9999.812000,19.288000,366.210938,361.591571,360.000000,615,-6.210938,PI,FIFO,true,PI_FIFO,363.986706
13.500018,-1,15,9998.830000,18.118000,360.378913,361.409672,360.000000,618,-0.378913,PI,FIFO,true,PI_FIFO,361.822030
13.510018,-1,15,9999.553000,17.671000,361.722651,361.456619,360.000000,617,-1.722651,PI,FIFO,true,PI_FIFO,361.762403
13.520018,-1,15,9999.867000,17.538000,357.045702,360.794982,360.000000,622,2.954298,PI,FIFO,true,PI_FIFO,358.932382
13.530019,-1,15,10001.071000,18.609000,356.294537,360.119915,360.000000,626,3.705463,PI,FIFO,true,PI_FIFO,357.349675
13.540032,-1,15,10013.255000,31.864000,350.560897,358.686062,360.000000,635,9.439103,PI,FIFO,true,PI_FIFO,353.276408
13.550018,-1,15,9986.239000,18.103000,355.281857,358.175431,360.000000,635,4.718143,PI,FIFO,true,PI_FIFO,354.479678
13.560018,-1,15,9999.923000,18.026000,355.883948,357.831709,360.000000,636,4.116052,PI,FIFO,true,PI_FIFO,355.322240
13.570018,-1,15,9999.663000,17.689000,360.740154,358.267976,360.000000,631,-0.740154,PI,FIFO,true,PI_FIFO,358.572988
13.580018,-1,15,10000.571000,18.260000,362.769486,358.943202,360.000000,627,-2.769486,PI,FIFO,true,PI_FIFO,361.090887
13.590015,-1,15,9996.683000,14.943000,365.874656,359.982920,360.000000,621,-5.874656,PI,FIFO,true,PI_FIFO,363.961148
13.600019,-1,15,10004.089000,19.032000,362.569061,360.370841,360.000000,621,-2.569061,PI,FIFO,true,PI_FIFO,363.125896
13.610018,-1,15,9999.330000,18.362000,361.271676,360.505967,360.000000,622,-1.271676,PI,FIFO,true,PI_FIFO,362.013364
13.620019,-1,15,10000.331000,18.693000,359.470859,360.350700,360.000000,624,0.529141,PI,FIFO,true,PI_FIFO,360.487861
13.630018,-1,15,9999.719000,18.412000,360.576923,360.384634,360.000000,624,-0.576923,PI,FIFO,true,PI_FIFO,360.541298
13.640026,-1,15,10007.422000,25.834000,359.786184,360.294866,360.000000,624,0.213816,PI,FIFO,true,PI_FIFO,360.088230
13.650017,-1,15,9991.498000,17.332000,363.372093,360.756450,360.000000,620,-3.372093,PI,FIFO,true,PI_FIFO,362.058548
13.660018,-1,14,10000.515000,17.847000,366.784038,361.660588,360.000000,614,-6.784038,PI,FIFO,true,PI_FIFO,364.893842
13.670018,-1,14,9999.664000,17.511000,362.669246,361.811887,360.000000,614,-2.669246,PI,FIFO,true,PI_FIFO,363.559084
13.680017,-1,15,9999.682000,17.193000,359.195402,361.419414,360.000000,618,0.804598,PI,FIFO,true,PI_FIFO,360.940875
13.690018,-1,15,10000.811000,18.004000,355.305901,360.502387,360.000000,624,4.694099,PI,FIFO,true,PI_FIFO,357.559891
13.700018,-1,15,10000.053000,18.057000,355.618777,359.769846,360.000000,628,4.381223,PI,FIFO,true,PI_FIFO,356.395222
13.710018,-1,15,9999.534000,17.591000,352.443609,358.670910,360.000000,634,7.556391,PI,FIFO,true,PI_FIFO,354.024254
13.720017,-1,15,9999.812000,17.403000,355.281857,358.162552,360.000000,635,4.718143,PI,FIFO,true,PI_FIFO,354.778816
13.730020,-1,15,10002.182000,19.585000,356.554260,357.921308,360.000000,635,3.445740,PI,FIFO,true,PI_FIFO,355.844082
13.740028,-1,15,10008.070000,27.655000,363.196126,358.712531,360.000000,628,-3.196126,PI,FIFO,true,PI_FIFO,360.255308
13.750024,-1,15,9996.757000,24.412000,360.576923,358.992190,360.000000,627,-0.576923,PI,FIFO,true,PI_FIFO,360.448277
13.760019,-1,15,9994.238000,18.650000,364.869505,359.873787,360.000000,622,-4.869505,PI,FIFO,true,PI_FIFO,363.101014
13.770025,-1,15,10006.163000,24.813000,362.970133,360.338239,360.000000,621,-2.970133,PI,FIFO,true,PI_FIFO,363.022485
13.780014,-1,15,9989.646000,14.459000,363.537865,360.818183,360.000000,619,-3.537865,PI,FIFO,true,PI_FIFO,363.331713
13.790018,-1,15,10003.552000,18.011000,357.434641,360.310652,360.000000,625,2.565359,PI,FIFO,true,PI_FIFO,359.793470
13.800014,-1,15,9996.238000,14.249000,362.669246,360.664441,360.000000,621,-2.669246,PI,FIFO,true,PI_FIFO,361.518935
13.810018,-1,15,10003.756000,18.005000,359.103677,360.430326,360.000000,624,0.896323,PI,FIFO,true,PI_FIFO,360.069780
13.820014,-1,15,9996.478000,14.483000,365.141188,361.136955,360.000000,618,-5.141188,PI,FIFO,true,PI_FIFO,363.112625
13.830018,-1,15,10003.090000,17.573000,363.184401,361.444072,360.000000,616,-3.184401,PI,FIFO,true,PI_FIFO,363.155690
13.840027,-1,15,10009.718000,27.291000,363.020329,361.680511,360.000000,615,-3.020329,PI,FIFO,true,PI_FIFO,363.074474
13.850019,-1,15,9991.387000,18.678000,356.077048,360.839991,360.000000,622,3.922952,PI,FIFO,true,PI_FIFO,358.876018
13.860017,-1,15,9998.774000,17.452000,355.113636,359.981038,360.000000,627,4.886364,PI,FIFO,true,PI_FIFO,356.618589
13.870018,-1,15,10000.071000,17.523000,352.278065,358.825592,360.000000,634,7.721935,PI,FIFO,true,PI_FIFO,354.014275
13.880017,-1,15,9999.812000,17.335000,353.773585,358.067791,360.000000,636,6.226415,PI,FIFO,true,PI_FIFO,353.869861
13.890017,-1,15,10000.034000,17.369000,353.940538,357.448703,360.000000,639,6.059462,PI,FIFO,true,PI_FIFO,353.912267
13.900018,-1,15,10000.164000,17.533000,358.019640,357.534344,360.000000,636,1.980360,PI,FIFO,true,PI_FIFO,356.376691
13.910017,-1,15,9999.941000,17.474000,364.202468,358.534562,360.000000,629,-4.202468,PI,FIFO,true,PI_FIFO,361.072157
13.920017,-1,15,9999.719000,17.193000,363.936335,359.344828,360.000000,625,-3.936335,PI,FIFO,true,PI_FIFO,362.790664
13.930019,-1,15,10001.367000,18.560000,364.431487,360.107827,360.000000,622,-4.431487,PI,FIFO,true,PI_FIFO,363.775158
13.940028,-1,15,10009.534000,28.094000,363.171002,360.567303,360.000000,621,-3.171002,PI,FIFO,true,PI_FIFO,363.412664
13.950019,-1,15,9990.627000,18.721000,362.710514,360.888785,360.000000,620,-2.710514,PI,FIFO,true,PI_FIFO,362.991374
13.960018,-1,15,9999.552000,18.273000,358.998906,360.605303,360.000000,624,1.001094,PI,FIFO,true,PI_FIFO,360.595893
13.970018,-1,15,9999.590000,17.863000,362.493958,360.888601,360.000000,621,-2.493958,PI,FIFO,true,PI_FIFO,361.734732
13.980018,-1,15,9999.719000,17.582000,361.318088,360.953024,360.000000,621,-1.318088,PI,FIFO,true,PI_FIFO,361.484746
13.990018,-1,15,10000.256000,17.838000,366.210938,361.741711,360.000000,615,-6.210938,PI,FIFO,true,PI_FIFO,364.320461
14.000018,-1,15,9999.942000,17.780000,360.392107,361.539271,360.000000,618,-0.392107,PI,FIFO,true,PI_FIFO,361.963448
14.010014,-1,15,9996.515000,14.295000,362.493958,361.682474,360.000000,616,-2.493958,PI,FIFO,true,PI_FIFO,362.281754
14.020018,-1,15,10003.534000,17.829000,355.787476,360.798224,360.000000,623,4.212524,PI,FIFO,true,PI_FIFO,358.385188
14.030018,-1,15,9999.682000,17.511000,356.657609,360.177132,360.000000,626,3.342391,PI,FIFO,true,PI_FIFO,357.348640
14.040043,-1,15,10025.903000,43.414000,351.123596,358.819101,360.000000,634,8.876404,PI,FIFO,true,PI_FIFO,353.613613
14.050020,-1,15,9976.906000,20.320000,355.113636,358.263282,360.000000,635,4.886364,PI,FIFO,true,PI_FIFO,354.513627
14.060018,-1,15,9997.793000,18.113000,354.945575,357.765626,360.000000,637,5.054425,PI,FIFO,true,PI_FIFO,354.772796
14.070018,-1,15,9999.719000,17.832000,360.207480,358.131904,360.000000,633,-0.207480,PI,FIFO,true,PI_FIFO,358.033606
14.080018,-1,15,10000.460000,18.292000,362.669246,358.812505,360.000000,628,-2.669246,PI,FIFO,true,PI_FIFO,360.814990
14.090023,-1,15,10004.627000,22.919000,366.784038,360.008235,360.000000,620,-6.784038,PI,FIFO,true,PI_FIFO,364.396418
14.100019,-1,15,9995.886000,18.805000,363.196126,360.486419,360.000000,620,-3.196126,PI,FIFO,true,PI_FIFO,363.676243
14.110017,-1,15,9998.182000,16.987000,362.996902,360.862991,360.000000,619,-2.996902,PI,FIFO,true,PI_FIFO,363.268639
14.120017,-1,15,10000.404000,17.391000,360.230548,360.768125,360.000000,622,-0.230548,PI,FIFO,true,PI_FIFO,361.445784
14.130019,-1,15,10001.386000,18.777000,360.947125,360.794975,360.000000,622,-0.947125,PI,FIFO,true,PI_FIFO,361.146589
14.140025,-1,15,10006.645000,25.422000,360.403652,360.736276,360.000000,622,-0.403652,PI,FIFO,true,PI_FIFO,360.700827
14.150021,-1,15,9995.145000,20.567000,362.970133,361.071355,360.000000,619,-2.970133,PI,FIFO,true,PI_FIFO,362.062410
14.160036,-1,14,10015.200000,35.767000,366.210938,361.842292,360.000000,613,-6.210938,PI,FIFO,true,PI_FIFO,364.551527
14.170028,-1,14,9992.349000,28.116000,362.318841,361.913774,360.000000,614,-2.318841,PI,FIFO,true,PI_FIFO,363.211915
14.180018,-1,15,9990.331000,18.447000,357.278963,361.218553,360.000000,620,2.721037,PI,FIFO,true,PI_FIFO,359.652144
14.190020,-1,15,10001.256000,19.703000,354.609929,360.227259,360.000000,626,5.390071,PI,FIFO,true,PI_FIFO,356.626815
14.200019,-1,15,9999.034000,18.737000,355.691057,359.546829,360.000000,628,4.308943,PI,FIFO,true,PI_FIFO,356.065360
14.210018,-1,15,9999.404000,18.141000,352.278065,358.456514,360.000000,634,7.721935,PI,FIFO,true,PI_FIFO,353.792983
14.220018,-1,15,9999.627000,17.768000,355.305901,357.983922,360.000000,635,4.694099,PI,FIFO,true,PI_FIFO,354.700734
14.230018,-1,15,10000.497000,18.265000,356.803045,357.806791,360.000000,635,3.196955,PI,FIFO,true,PI_FIFO,355.962120
14.240027,-1,15,10008.755000,27.020000,362.622486,358.529145,360.000000,629,-2.622486,PI,FIFO,true,PI_FIFO,359.958340
14.250018,-1,15,9990.609000,17.629000,361.445783,358.966641,360.000000,627,-1.445783,PI,FIFO,true,PI_FIFO,360.850806
14.260018,-1,15,10000.330000,17.959000,366.210938,360.053285,360.000000,620,-6.210938,PI,FIFO,true,PI_FIFO,364.066885
14.270017,-1,15,9999.442000,17.401000,362.248841,360.382619,360.000000,621,-2.248841,PI,FIFO,true,PI_FIFO,362.976058
14.280018,-1,15,10000.145000,17.546000,363.196126,360.804645,360.000000,619,-3.196126,PI,FIFO,true,PI_FIFO,363.108099
14.290018,-1,15,10000.163000,17.709000,358.410705,360.445554,360.000000,623,1.589295,PI,FIFO,true,PI_FIFO,360.289662
14.300017,-1,15,9999.701000,17.410000,362.380628,360.735815,360.000000,621,-2.380628,PI,FIFO,true,PI_FIFO,361.544241
14.310018,-1,15,10000.164000,17.574000,359.589041,360.563799,360.000000,623,0.410959,PI,FIFO,true,PI_FIFO,360.371121
14.320030,-1,15,10012.440000,30.014000,364.869505,361.209655,360.000000,617,-4.869505,PI,FIFO,true,PI_FIFO,363.070152
14.330021,-1,15,9991.169000,21.183000,362.368857,361.383535,360.000000,617,-2.368857,PI,FIFO,true,PI_FIFO,362.649375
14.340031,-1,15,10009.795000,30.978000,363.196126,361.655424,360.000000,615,-3.196126,PI,FIFO,true,PI_FIFO,362.977426
14.350018,-1,15,9987.334000,18.312000,357.460600,361.026200,360.000000,620,2.539400,PI,FIFO,true,PI_FIFO,359.667330
14.360030,-1,15,10011.331000,29.643000,355.618777,360.215087,360.000000,625,4.381223,PI,FIFO,true,PI_FIFO,357.238198
14.370020,-1,15,9990.297000,19.940000,353.392569,359.191709,360.000000,631,6.607431,PI,FIFO,true,PI_FIFO,354.930820
14.380015,-1,15,9994.703000,14.643000,354.107649,358.429100,360.000000,634,5.892351,PI,FIFO,true,PI_FIFO,354.436917
14.390018,-1,15,10003.185000,17.828000,353.202368,357.645090,360.000000,638,6.797632,PI,FIFO,true,PI_FIFO,353.696188
14.400018,-1,15,9999.888000,17.716000,357.142857,357.569755,360.000000,636,2.857143,PI,FIFO,true,PI_FIFO,355.764189
14.410018,-1,15,10000.036000,17.752000,364.502333,358.609642,360.000000,628,-4.502333,PI,FIFO,true,PI_FIFO,361.007075
14.420014,-1,15,9996.667000,14.419000,364.431487,359.482919,360.000000,623,-4.431487,PI,FIFO,true,PI_FIFO,363.061722
14.430018,-1,15,10003.184000,17.603000,364.502333,360.235831,360.000000,620,-4.502333,PI,FIFO,true,PI_FIFO,363.926089
14.440027,-1,15,10009.573000,27.176000,362.143892,360.522040,360.000000,621,-2.143892,PI,FIFO,true,PI_FIFO,362.856771
14.450019,-1,15,9991.333000,18.509000,363.559979,360.977731,360.000000,619,-3.559979,PI,FIFO,true,PI_FIFO,363.278696
14.460015,-1,15,9996.926000,15.435000,358.166189,360.556000,360.000000,623,1.833811,PI,FIFO,true,PI_FIFO,360.211192
14.470025,-1,15,10009.276000,24.711000,361.271676,360.663351,360.000000,622,-1.271676,PI,FIFO,true,PI_FIFO,360.847482
14.480019,-1,15,9993.815000,18.526000,361.371145,360.769520,360.000000,621,-1.371145,PI,FIFO,true,PI_FIFO,361.161680
14.490018,-1,15,9999.259000,17.785000,366.042719,361.560500,360.000000,615,-6.042719,PI,FIFO,true,PI_FIFO,364.090304
14.500017,-1,15,9999.684000,17.469000,361.172262,361.502264,360.000000,617,-1.172262,PI,FIFO,true,PI_FIFO,362.339479
14.510030,-1,15,10012.628000,30.097000,360.903533,361.412455,360.000000,617,-0.903533,PI,FIFO,true,PI_FIFO,361.477911
14.520020,-1,15,9989.482000,19.579000,355.113636,360.467632,360.000000,624,4.886364,PI,FIFO,true,PI_FIFO,357.659346
14.530020,-1,15,10000.666000,20.245000,355.281857,359.689766,360.000000,628,4.718143,PI,FIFO,true,PI_FIFO,356.232853
14.540030,-1,15,10010.184000,30.429000,350.935829,358.376675,360.000000,636,9.064171,PI,FIFO,true,PI_FIFO,353.054638
14.550019,-1,15,9988.259000,18.688000,355.113636,357.887219,360.000000,636,4.886364,PI,FIFO,true,PI_FIFO,354.290037
14.560018,-1,15,9999.648000,18.336000,356.851550,357.731869,360.000000,636,3.148450,PI,FIFO,true,PI_FIFO,355.826945
14.570018,-1,15,10000.129000,18.465000,361.886921,358.355127,360.000000,630,-1.886921,PI,FIFO,true,PI_FIFO,359.462930
14.580018,-1,15,9999.536000,18.001000,364.380900,359.258993,360.000000,624,-4.380900,PI,FIFO,true,PI_FIFO,362.413712
14.590018,-1,15,9999.666000,17.667000,366.042719,360.276552,360.000000,619,-6.042719,PI,FIFO,true,PI_FIFO,364.591116
14.600017,-1,15,9999.648000,17.315000,362.569061,360.620428,360.000000,620,-2.569061,PI,FIFO,true,PI_FIFO,363.377883
14.610017,-1,15,9999.611000,16.926000,363.196126,361.006783,360.000000,618,-3.196126,PI,FIFO,true,PI_FIFO,363.268829
14.620018,-1,15,10000.592000,17.518000,361.132512,361.025642,360.000000,620,-1.132512,PI,FIFO,true,PI_FIFO,361.987038
14.630018,-1,15,10000.240000,17.758000,360.057609,360.880437,360.000000,621,-0.057609,PI,FIFO,true,PI_FIFO,360.829381
14.640026,-1,15,10008.480000,26.238000,360.057609,360.757013,360.000000,622,-0.057609,PI,FIFO,true,PI_FIFO,360.366318
14.650018,-1,15,9992.148000,18.386000,361.689815,360.896933,360.000000,620,-1.689815,PI,FIFO,true,PI_FIFO,361.160416
14.660018,-1,15,9999.240000,17.626000,364.785992,361.480292,360.000000,615,-4.785992,PI,FIFO,true,PI_FIFO,363.335762
14.670017,-1,15,9999.851000,17.477000,362.435567,361.623583,360.000000,615,-2.435567,PI,FIFO,true,PI_FIFO,362.795645
14.680017,-1,15,9999.778000,17.255000,358.508604,361.156336,360.000000,619,1.491396,PI,FIFO,true,PI_FIFO,360.223420
14.690018,-1,15,10000.443000,17.698000,355.498375,360.307642,360.000000,624,4.501625,PI,FIFO,true,PI_FIFO,357.388393
14.700018,-1,15,9999.926000,17.624000,355.281857,359.553774,360.000000,628,4.718143,PI,FIFO,true,PI_FIFO,356.124471
14.710018,-1,15,9999.907000,17.531000,350.373732,358.176768,360.000000,636,9.626268,PI,FIFO,true,PI_FIFO,352.674028
14.720017,-1,15,9999.777000,17.308000,354.442344,357.616604,360.000000,637,5.557656,PI,FIFO,true,PI_FIFO,353.735018
14.730018,-1,15,10000.240000,17.548000,355.883948,357.356706,360.000000,637,4.116052,PI,FIFO,true,PI_FIFO,355.024376
14.740023,-1,15,10005.536000,23.084000,363.537865,358.283880,360.000000,629,-3.537865,PI,FIFO,true,PI_FIFO,360.132469
14.750018,-1,15,9995.055000,18.139000,361.371145,358.746970,360.000000,628,-1.371145,PI,FIFO,true,PI_FIFO,360.875675
14.760014,-1,15,9995.926000,14.065000,365.706746,359.790936,360.000000,622,-5.706746,PI,FIFO,true,PI_FIFO,363.774318
14.770024,-1,15,10009.776000,23.841000,361.769570,360.087731,360.000000,622,-1.769570,PI,FIFO,true,PI_FIFO,362.571469
14.780018,-1,15,9993.982000,17.823000,363.372093,360.580385,360.000000,620,-3.372093,PI,FIFO,true,PI_FIFO,363.051843
14.790029,-1,15,10010.961000,28.784000,358.019640,360.196274,360.000000,625,1.980360,PI,FIFO,true,PI_FIFO,360.032521
14.800020,-1,15,9990.760000,19.544000,362.143892,360.488416,360.000000,623,-2.143892,PI,FIFO,true,PI_FIFO,361.299344
14.810018,-1,15,9998.795000,18.339000,360.576923,360.501692,360.000000,623,-0.576923,PI,FIFO,true,PI_FIFO,360.865891
14.820018,-1,15,9999.166000,17.505000,365.675280,361.277731,360.000000,617,-5.675280,PI,FIFO,true,PI_FIFO,363.751525
14.830018,-1,15,10000.315000,17.820000,362.996902,361.535606,360.000000,616,-2.996902,PI,FIFO,true,PI_FIFO,363.298751
14.840030,-1,15,10011.887000,29.707000,363.196126,361.784684,360.000000,615,-3.196126,PI,FIFO,true,PI_FIFO,363.237176
14.850018,-1,15,9988.389000,18.096000,356.972870,361.062912,360.000000,621,3.027130,PI,FIFO,true,PI_FIFO,359.478592
14.860035,-1,15,10016.573000,34.669000,355.652504,360.251351,360.000000,626,4.347496,PI,FIFO,true,PI_FIFO,357.182939
14.870037,-1,15,10002.777000,37.446000,354.346652,359.365646,360.000000,630,5.653348,PI,FIFO,true,PI_FIFO,355.481167
14.880020,-1,15,9982.667000,20.113000,354.107649,358.576946,360.000000,634,5.892351,PI,FIFO,true,PI_FIFO,354.657056
14.890018,-1,15,9998.333000,18.446000,353.964401,357.885065,360.000000,637,6.035599,PI,FIFO,true,PI_FIFO,354.241463
14.900018,-1,15,9999.573000,18.019000,357.313006,357.799256,360.000000,636,2.686994,PI,FIFO,true,PI_FIFO,356.084389
14.910019,-1,15,10000.518000,18.537000,363.748060,358.691577,360.000000,628,-3.748060,PI,FIFO,true,PI_FIFO,360.682592
14.920014,-1,15,9995.203000,13.740000,363.196126,359.367259,360.000000,625,-3.196126,PI,FIFO,true,PI_FIFO,362.190712
14.930028,-1,15,10013.906000,27.646000,363.559979,359.996167,360.000000,622,-3.559979,PI,FIFO,true,PI_FIFO,363.012272
14.940032,-1,15,10003.962000,31.608000,362.669246,360.397129,360.000000,622,-2.669246,PI,FIFO,true,PI_FIFO,362.806456
14.950019,-1,15,9987.556000,19.164000,363.559979,360.871556,360.000000,619,-3.559979,PI,FIFO,true,PI_FIFO,363.258570
14.960018,-1,15,9998.777000,17.941000,359.023456,360.594341,360.000000,623,0.976544,PI,FIFO,true,PI_FIFO,360.717502
14.970025,-1,15,10006.907000,24.848000,361.132512,360.675067,360.000000,622,-1.132512,PI,FIFO,true,PI_FIFO,360.966508
14.980019,-1,15,9993.925000,18.773000,360.576923,360.660345,360.000000,622,-0.576923,PI,FIFO,true,PI_FIFO,360.732757
14.990018,-1,15,9999.685000,18.458000,366.389839,361.519769,360.000000,615,-6.389839,PI,FIFO,true,PI_FIFO,364.127006
15.000018,-1,15,9999.203000,17.661000,361.132512,361.461681,360.000000,617,-1.132512,PI,FIFO,true,PI_FIFO,362.330309
15.010019,-1,15,10001.074000,18.735000,361.271676,361.433180,360.000000,618,-1.271676,PI,FIFO,true,PI_FIFO,361.695130
15.020018,-1,15,9999.518000,18.253000,355.883948,360.600795,360.000000,624,4.116052,PI,FIFO,true,PI_FIFO,358.208421
15.030018,-1,15,9999.943000,18.196000,355.450237,359.828211,360.000000,628,4.549763,PI,FIFO,true,PI_FIFO,356.553510
15.040042,-1,15,10023.887000,42.083000,351.035946,358.509372,360.000000,636,8.964054,PI,FIFO,true,PI_FIFO,353.242972
15.050020,-1,15,9978.279000,20.362000,356.463878,358.202548,360.000000,635,3.536122,PI,FIFO,true,PI_FIFO,355.175516
15.060018,-1,15,9997.518000,17.880000,355.450237,357.789701,360.000000,636,4.549763,PI,FIFO,true,PI_FIFO,355.340348
15.070018,-1,15,10000.147000,18.027000,361.271676,358.311997,360.000000,631,-1.271676,PI,FIFO,true,PI_FIFO,358.899145
15.080018,-1,15,9999.481000,17.508000,362.809598,358.986637,360.000000,627,-2.809598,PI,FIFO,true,PI_FIFO,361.245417
15.090017,-1,15,9999.926000,17.434000,365.675280,359.989934,360.000000,621,-5.675280,PI,FIFO,true,PI_FIFO,363.903335
15.100017,-1,15,9999.758000,17.192000,362.622486,360.384817,360.000000,621,-2.622486,PI,FIFO,true,PI_FIFO,363.134825
15.110017,-1,15,10000.148000,17.340000,361.794501,360.596269,360.000000,622,-1.794501,PI,FIFO,true,PI_FIFO,362.330631
15.120017,-1,15,9999.721000,17.061000,360.761929,360.621118,360.000000,622,-0.761929,PI,FIFO,true,PI_FIFO,361.389410
15.130027,-1,15,10009.962000,27.023000,362.143892,360.849534,360.000000,621,-2.143892,PI,FIFO,true,PI_FIFO,361.842099
15.140029,-1,15,10002.240000,29.263000,359.983544,360.719636,360.000000,622,0.016456,PI,FIFO,true,PI_FIFO,360.726966
15.150026,-1,15,9996.833000,26.096000,361.969112,360.907057,360.000000,621,-1.969112,PI,FIFO,true,PI_FIFO,361.472253
15.160019,-1,15,9993.185000,19.281000,366.020302,361.674044,360.000000,615,-6.020302,PI,FIFO,true,PI_FIFO,364.201083
15.170018,-1,15,9999.166000,18.447000,362.051340,361.730638,360.000000,615,-2.051340,PI,FIFO,true,PI_FIFO,362.911237
15.180018,-1,15,9999.481000,17.928000,358.410705,361.232648,360.000000,620,1.589295,PI,FIFO,true,PI_FIFO,360.210918
15.190019,-1,15,10000.796000,18.724000,355.956336,360.441201,360.000000,625,4.043664,PI,FIFO,true,PI_FIFO,357.658169
15.200018,-1,15,9999.666000,18.390000,357.240065,359.961031,360.000000,626,2.759935,PI,FIFO,true,PI_FIFO,357.407307
15.210018,-1,15,10000.092000,18.482000,352.112676,358.783778,360.000000,633,7.887324,PI,FIFO,true,PI_FIFO,354.230528
15.220017,-1,15,9998.981000,17.463000,354.155424,358.089525,360.000000,636,5.844576,PI,FIFO,true,PI_FIFO,354.185466
15.230018,-1,15,10000.203000,17.666000,356.972870,357.922026,360.000000,635,3.027130,PI,FIFO,true,PI_FIFO,355.857908
15.240018,-1,15,9999.962000,17.628000,361.503856,358.459301,360.000000,630,-1.503856,PI,FIFO,true,PI_FIFO,359.245477
15.250018,-1,15,10000.185000,17.813000,362.318841,359.038232,360.000000,627,-2.318841,PI,FIFO,true,PI_FIFO,361.089495
15.260015,-1,15,9997.092000,14.905000,365.639626,360.028441,360.000000,621,-5.639626,PI,FIFO,true,PI_FIFO,363.819573
15.270017,-1,15,10002.462000,17.367000,362.844702,360.450880,360.000000,620,-2.844702,PI,FIFO,true,PI_FIFO,363.234651
15.280018,-1,15,10000.259000,17.626000,363.936335,360.973698,360.000000,618,-3.936335,PI,FIFO,true,PI_FIFO,363.655662
15.290017,-1,15,9999.703000,17.329000,358.337315,360.578241,360.000000,623,1.662685,PI,FIFO,true,PI_FIFO,360.464654
15.300017,-1,15,10000.055000,17.384000,362.844702,360.918210,360.000000,620,-2.844702,PI,FIFO,true,PI_FIFO,361.892683
15.310016,-1,15,9998.129000,15.513000,360.023041,360.783935,360.000000,621,-0.023041,PI,FIFO,true,PI_FIFO,360.770898
15.320015,-1,15,9999.203000,14.716000,364.963504,361.410870,360.000000,616,-4.963504,PI,FIFO,true,PI_FIFO,363.286461
15.330028,-1,15,10013.615000,28.331000,362.062307,361.508586,360.000000,616,-2.062307,PI,FIFO,true,PI_FIFO,362.551969
15.340030,-1,14,10002.057000,30.388000,363.548231,361.814532,360.000000,614,-3.548231,PI,FIFO,true,PI_FIFO,363.149726
15.350018,-1,15,9987.799000,18.187000,355.691057,360.896011,360.000000,621,4.308943,PI,FIFO,true,PI_FIFO,358.674525
15.360019,-1,15,10000.484000,18.671000,354.777673,359.978260,360.000000,627,5.222327,PI,FIFO,true,PI_FIFO,356.336413
15.370018,-1,15,9999.687000,18.358000,353.012372,358.933377,360.000000,632,6.987628,PI,FIFO,true,PI_FIFO,354.341989
15.380018,-1,15,9999.447000,17.805000,353.606789,358.134389,360.000000,635,6.393211,PI,FIFO,true,PI_FIFO,353.900869
15.390018,-1,15,10000.150000,17.955000,355.305901,357.710116,360.000000,636,4.694099,PI,FIFO,true,PI_FIFO,354.743888
15.400014,-1,15,9996.521000,14.476000,359.114466,357.920768,360.000000,633,0.885534,PI,FIFO,true,PI_FIFO,357.366235
15.410019,-1,15,10004.705000,19.181000,363.774945,358.798895,360.000000,627,-3.774945,PI,FIFO,true,PI_FIFO,361.211461
15.420014,-1,15,9995.132000,14.313000,364.431487,359.643784,360.000000,622,-4.431487,PI,FIFO,true,PI_FIFO,363.143476
15.430018,-1,15,10003.317000,17.630000,363.559979,360.231213,360.000000,621,-3.559979,PI,FIFO,true,PI_FIFO,363.393378
15.440027,-1,15,10009.057000,26.687000,362.844702,360.623236,360.000000,620,-2.844702,PI,FIFO,true,PI_FIFO,363.064173
15.450018,-1,15,9991.688000,18.375000,362.380628,360.886845,360.000000,619,-2.380628,PI,FIFO,true,PI_FIFO,362.654046
15.460017,-1,15,9998.854000,17.229000,359.589041,360.692174,360.000000,622,0.410959,PI,FIFO,true,PI_FIFO,360.815043
15.470017,-1,15,10000.224000,17.453000,361.445783,360.805216,360.000000,621,-1.445783,PI,FIFO,true,PI_FIFO,361.193487
15.480015,-1,15,9997.243000,14.696000,361.875965,360.965828,360.000000,619,-1.875965,PI,FIFO,true,PI_FIFO,361.602974
15.490028,-1,14,10013.076000,27.772000,365.497076,361.645515,360.000000,614,-5.497076,PI,FIFO,true,PI_FIFO,363.939435
15.500019,-1,15,9991.336000,19.108000,361.503856,361.624266,360.000000,615,-1.503856,PI,FIFO,true,PI_FIFO,362.478088
15.510018,-1,15,9999.132000,18.240000,360.750361,361.493181,360.000000,616,-0.750361,PI,FIFO,true,PI_FIFO,361.441452
15.520019,-1,15,10000.705000,18.945000,357.045702,360.826059,360.000000,621,2.954298,PI,FIFO,true,PI_FIFO,358.804002
15.530026,-1,15,10007.354000,26.299000,355.787476,360.070271,360.000000,625,4.212524,PI,FIFO,true,PI_FIFO,356.994086
15.540030,-1,15,10003.557000,29.856000,350.000000,358.559731,360.000000,635,10.000000,PI,FIFO,true,PI_FIFO,352.797635
15.550018,-1,15,9987.911000,17.767000,355.113636,358.042817,360.000000,635,4.886364,PI,FIFO,true,PI_FIFO,354.187236
15.560033,-1,15,10015.723000,33.490000,355.436761,357.651908,360.000000,636,4.563239,PI,FIFO,true,PI_FIFO,354.936951
15.570038,-1,15,10004.890000,38.380000,359.919378,357.992029,360.000000,632,0.080622,PI,FIFO,true,PI_FIFO,357.926407
15.580020,-1,15,9981.319000,19.699000,363.559979,358.827221,360.000000,626,-3.559979,PI,FIFO,true,PI_FIFO,361.306550
15.590019,-1,15,9999.335000,19.034000,365.675280,359.854430,360.000000,620,-5.675280,PI,FIFO,true,PI_FIFO,363.927788
15.600018,-1,15,9998.762000,17.796000,362.435567,360.241601,360.000000,621,-2.435567,PI,FIFO,true,PI_FIFO,363.032456
15.610017,-1,15,9999.539000,17.335000,361.969112,360.500727,360.000000,621,-1.969112,PI,FIFO,true,PI_FIFO,362.394449
15.620019,-1,15,10001.520000,18.855000,359.470859,360.346247,360.000000,623,0.529141,PI,FIFO,true,PI_FIFO,360.640295
15.630019,-1,15,10000.039000,18.894000,361.097737,360.458971,360.000000,622,-1.097737,PI,FIFO,true,PI_FIFO,360.914760
15.640027,-1,15,10007.928000,26.822000,359.589041,360.328481,360.000000,624,0.410959,PI,FIFO,true,PI_FIFO,360.119329
15.650019,-1,15,9991.984000,18.806000,364.036090,360.884622,360.000000,619,-4.036090,PI,FIFO,true,PI_FIFO,362.469385
15.660018,-1,14,9999.428000,18.234000,365.395323,361.561227,360.000000,614,-5.395323,PI,FIFO,true,PI_FIFO,364.224948
15.670018,-1,15,9999.613000,17.847000,361.969112,361.622410,360.000000,615,-1.969112,PI,FIFO,true,PI_FIFO,362.871446
15.680023,-1,15,10005.613000,23.460000,358.737245,361.189635,360.000000,619,1.262755,PI,FIFO,true,PI_FIFO,360.390925
15.690025,-1,15,10001.613000,25.073000,355.113636,360.278236,360.000000,625,4.886364,PI,FIFO,true,PI_FIFO,357.224552
15.700020,-1,15,9994.577000,19.650000,355.498375,359.561256,360.000000,628,4.501625,PI,FIFO,true,PI_FIFO,356.188846
15.710018,-1,15,9998.280000,17.930000,352.278065,358.468778,360.000000,634,7.721935,PI,FIFO,true,PI_FIFO,353.842377
15.720018,-1,15,10000.132000,18.062000,354.538088,357.879174,360.000000,636,5.461912,PI,FIFO,true,PI_FIFO,354.259803
15.730026,-1,15,10007.964000,26.026000,357.142857,357.768727,360.000000,635,2.857143,PI,FIFO,true,PI_FIFO,355.989636
15.740031,-1,15,10005.020000,31.046000,362.062307,358.412764,360.000000,630,-2.062307,PI,FIFO,true,PI_FIFO,359.633238
15.750019,-1,15,9987.466000,18.512000,361.794501,358.920024,360.000000,627,-1.794501,PI,FIFO,true,PI_FIFO,360.929996
15.760018,-1,15,9999.780000,18.292000,365.675280,359.933313,360.000000,621,-5.675280,PI,FIFO,true,PI_FIFO,363.777167
15.770017,-1,15,9999.095000,17.387000,362.622486,360.336689,360.000000,621,-2.622486,PI,FIFO,true,PI_FIFO,363.084358
15.780017,-1,15,9999.836000,17.223000,363.901019,360.871338,360.000000,619,-3.901019,PI,FIFO,true,PI_FIFO,363.574355
15.790018,-1,15,10000.298000,17.521000,358.371560,360.496371,360.000000,623,1.628440,PI,FIFO,true,PI_FIFO,360.452678
15.800018,-1,15,10000.872000,18.393000,362.669246,360.822303,360.000000,621,-2.669246,PI,FIFO,true,PI_FIFO,361.782618
15.810019,-1,15,10000.151000,18.544000,360.207480,360.730079,360.000000,622,-0.207480,PI,FIFO,true,PI_FIFO,360.837535
15.820018,-1,15,9999.020000,17.564000,364.963504,361.365093,360.000000,617,-4.963504,PI,FIFO,true,PI_FIFO,363.313116
15.830018,-1,15,10000.225000,17.789000,363.171002,361.635979,360.000000,615,-3.171002,PI,FIFO,true,PI_FIFO,363.227847
15.840026,-1,15,10007.816000,25.605000,362.380628,361.747676,360.000000,615,-2.380628,PI,FIFO,true,PI_FIFO,362.719516
15.850018,-1,15,9992.188000,17.793000,356.851550,361.013257,360.000000,621,3.148450,PI,FIFO,true,PI_FIFO,359.198736
15.860015,-1,15,9997.150000,14.943000,355.450237,360.178804,360.000000,626,4.549763,PI,FIFO,true,PI_FIFO,356.949637
15.870025,-1,15,10010.465000,25.408000,352.632993,359.046933,360.000000,632,7.367007,PI,FIFO,true,PI_FIFO,354.359650
15.880015,-1,15,9989.743000,15.151000,353.606789,358.230911,360.000000,635,6.393211,PI,FIFO,true,PI_FIFO,353.907934
15.890019,-1,15,10003.743000,18.894000,353.202368,357.476630,360.000000,639,6.797632,PI,FIFO,true,PI_FIFO,353.484594
15.900017,-1,15,9998.576000,17.470000,357.995227,357.554419,360.000000,636,2.004773,PI,FIFO,true,PI_FIFO,356.190974
15.910018,-1,15,10000.706000,18.176000,365.070093,358.681770,360.000000,627,-5.070093,PI,FIFO,true,PI_FIFO,361.518446
15.920018,-1,15,9999.465000,17.641000,364.254492,359.517679,360.000000,623,-4.254492,PI,FIFO,true,PI_FIFO,363.160074
15.930026,-1,15,10008.687000,26.328000,364.036090,360.195440,360.000000,621,-4.036090,PI,FIFO,true,PI_FIFO,363.685683
15.940028,-1,15,10001.928000,28.256000,361.769570,360.431560,360.000000,621,-1.769570,PI,FIFO,true,PI_FIFO,362.536015
15.950018,-1,15,9989.373000,17.629000,363.206472,360.847797,360.000000,620,-3.206472,PI,FIFO,true,PI_FIFO,362.938289
15.960018,-1,15,9999.909000,17.538000,358.215066,360.452887,360.000000,624,1.784934,PI,FIFO,true,PI_FIFO,360.104355
15.970018,-1,15,10000.299000,17.837000,362.143892,360.706538,360.000000,622,-2.143892,PI,FIFO,true,PI_FIFO,361.328077
15.980018,-1,15,10000.335000,18.172000,362.622486,360.993930,360.000000,619,-2.622486,PI,FIFO,true,PI_FIFO,362.104722
15.990019,-1,14,10000.372000,18.544000,366.748166,361.857065,360.000000,613,-6.748166,PI,FIFO,true,PI_FIFO,364.890789
16.000018,-1,15,9999.503000,18.047000,360.947125,361.720574,360.000000,616,-0.947125,PI,FIFO,true,PI_FIFO,362.524591
16.010018,-1,15,9999.854000,17.901000,360.923965,361.601083,360.000000,617,-0.923965,PI,FIFO,true,PI_FIFO,361.564215
16.020018,-1,15,9999.798000,17.699000,355.691057,360.714579,360.000000,623,4.308943,PI,FIFO,true,PI_FIFO,358.040320
16.030017,-1,15,9999.743000,17.442000,356.125356,360.026196,360.000000,626,3.874644,PI,FIFO,true,PI_FIFO,356.891342
16.040043,-1,15,10025.278000,42.720000,351.876676,358.803768,360.000000,633,8.123324,PI,FIFO,true,PI_FIFO,353.882542
16.050020,-1,15,9977.596000,20.316000,355.450237,358.300738,360.000000,634,4.549763,PI,FIFO,true,PI_FIFO,354.823159
16.060015,-1,15,9994.966000,15.282000,355.293077,357.849589,360.000000,635,4.706923,PI,FIFO,true,PI_FIFO,355.105110
16.070018,-1,15,10002.668000,17.950000,360.576923,358.258689,360.000000,631,-0.576923,PI,FIFO,true,PI_FIFO,358.388198
16.080018,-1,15,9999.669000,17.619000,362.569061,358.905245,360.000000,627,-2.569061,PI,FIFO,true,PI_FIFO,360.896716
16.090017,-1,15,9999.724000,17.343000,365.538991,359.900307,360.000000,621,-5.538991,PI,FIFO,true,PI_FIFO,363.682081
16.100018,-1,15,10000.465000,17.808000,363.748060,360.477470,360.000000,619,-3.748060,PI,FIFO,true,PI_FIFO,363.721668
16.110026,-1,15,10008.076000,25.884000,362.318841,360.753675,360.000000,619,-2.318841,PI,FIFO,true,PI_FIFO,362.879972
16.120016,-1,15,9989.799000,15.683000,359.884837,360.623350,360.000000,622,0.115163,PI,FIFO,true,PI_FIFO,361.082891
16.130026,-1,15,10009.891000,25.574000,361.969112,360.825214,360.000000,620,-1.969112,PI,FIFO,true,PI_FIFO,361.614623
16.140030,-1,15,10003.983000,29.557000,359.195402,360.580742,360.000000,622,0.804598,PI,FIFO,true,PI_FIFO,360.163091
16.150025,-1,15,9995.613000,25.170000,362.435567,360.858966,360.000000,620,-2.435567,PI,FIFO,true,PI_FIFO,361.526577
16.160019,-1,15,9993.910000,19.080000,365.203941,361.510712,360.000000,615,-5.203941,PI,FIFO,true,PI_FIFO,363.732995
16.170017,-1,14,9998.058000,17.138000,362.769486,361.699528,360.000000,614,-2.769486,PI,FIFO,true,PI_FIFO,363.154890
16.180018,-1,15,10000.502000,17.640000,358.680057,361.246608,360.000000,618,1.319943,PI,FIFO,true,PI_FIFO,360.469990
16.190028,-1,15,10010.020000,27.660000,354.729730,360.269076,360.000000,625,5.270270,PI,FIFO,true,PI_FIFO,357.025834
16.200019,-1,15,9991.373000,19.033000,355.618777,359.571531,360.000000,628,4.381223,PI,FIFO,true,PI_FIFO,356.181600
16.210018,-1,15,9998.928000,17.961000,351.386807,358.343822,360.000000,635,8.613193,PI,FIFO,true,PI_FIFO,353.304724
16.220018,-1,15,10000.317000,18.278000,355.113636,357.859294,360.000000,636,4.886364,PI,FIFO,true,PI_FIFO,354.390071
16.230018,-1,15,9999.447000,17.725000,357.824427,357.854064,360.000000,634,2.175573,PI,FIFO,true,PI_FIFO,356.450685
16.240025,-1,15,10006.909000,24.634000,364.254492,358.814129,360.000000,626,-4.254492,PI,FIFO,true,PI_FIFO,361.132969
16.250018,-1,15,9993.428000,18.062000,361.503856,359.217588,360.000000,625,-1.503856,PI,FIFO,true,PI_FIFO,361.355501
16.260028,-1,15,10010.372000,28.434000,364.431487,359.999673,360.000000,621,-4.431487,PI,FIFO,true,PI_FIFO,363.201093
16.270038,-1,15,10009.316000,37.750000,362.435567,360.365057,360.000000,621,-2.435567,PI,FIFO,true,PI_FIFO,362.741777
16.280016,-1,15,9978.374000,16.124000,363.041002,360.766449,360.000000,619,-3.041002,PI,FIFO,true,PI_FIFO,362.921312
16.290020,-1,15,10003.391000,19.515000,357.240065,360.237491,360.000000,625,2.759935,PI,FIFO,true,PI_FIFO,359.512564
16.300018,-1,15,9998.502000,18.017000,362.669246,360.602254,360.000000,621,-2.669246,PI,FIFO,true,PI_FIFO,361.406573
16.310018,-1,15,10000.410000,18.427000,360.576923,360.598455,360.000000,622,-0.576923,PI,FIFO,true,PI_FIFO,360.908783
16.320019,-1,15,10000.354000,18.781000,365.141188,361.279865,360.000000,616,-5.141188,PI,FIFO,true,PI_FIFO,363.448226
16.330026,-1,15,10007.673000,26.454000,362.248841,361.425211,360.000000,616,-2.248841,PI,FIFO,true,PI_FIFO,362.728595
16.340030,-1,15,10003.634000,30.088000,362.493958,361.585523,360.000000,615,-2.493958,PI,FIFO,true,PI_FIFO,362.587813
16.350018,-1,15,9988.229000,18.317000,357.629428,360.992109,360.000000,620,2.370572,PI,FIFO,true,PI_FIFO,359.612782
16.360015,-1,15,9996.894000,15.211000,355.113636,360.110338,360.000000,626,4.886364,PI,FIFO,true,PI_FIFO,356.913295
16.370018,-1,15,10002.523000,17.734000,353.964401,359.188447,360.000000,630,6.035599,PI,FIFO,true,PI_FIFO,355.143959
16.380015,-1,15,9996.857000,14.591000,354.107649,358.426328,360.000000,634,5.892351,PI,FIFO,true,PI_FIFO,354.522173
16.390018,-1,15,10003.116000,17.707000,353.684608,357.715070,360.000000,637,6.315392,PI,FIFO,true,PI_FIFO,354.019634
16.400018,-1,15,9999.802000,17.509000,358.166189,357.782738,360.000000,634,1.833811,PI,FIFO,true,PI_FIFO,356.507567
16.410018,-1,15,10000.264000,17.773000,363.372093,358.621141,360.000000,628,-3.372093,PI,FIFO,true,PI_FIFO,360.626283
16.420017,-1,15,9999.449000,17.222000,364.869505,359.558396,360.000000,622,-4.869505,PI,FIFO,true,PI_FIFO,363.172216
16.430017,-1,15,10000.135000,17.357000,363.196126,360.104055,360.000000,621,-3.196126,PI,FIFO,true,PI_FIFO,363.186562
16.440025,-1,15,10007.931000,25.288000,361.969112,360.383814,360.000000,621,-1.969112,PI,FIFO,true,PI_FIFO,362.456092
16.450024,-1,15,9998.264000,23.552000,363.372093,360.832056,360.000000,619,-3.372093,PI,FIFO,true,PI_FIFO,363.005693
16.460018,-1,15,9994.598000,18.150000,359.589041,360.645603,360.000000,622,0.410959,PI,FIFO,true,PI_FIFO,360.955702
16.470017,-1,15,9998.931000,17.081000,360.576923,360.635301,360.000000,622,-0.576923,PI,FIFO,true,PI_FIFO,360.728435
16.480017,-1,15,9999.672000,16.753000,362.062307,360.849352,360.000000,620,-2.062307,PI,FIFO,true,PI_FIFO,361.528758
16.490018,-1,14,10001.135000,17.888000,366.748166,361.734174,360.000000,613,-6.748166,PI,FIFO,true,PI_FIFO,364.660403
16.500017,-1,15,9999.338000,17.226000,360.761929,361.588338,360.000000,616,-0.761929,PI,FIFO,true,PI_FIFO,362.321319
16.510018,-1,15,10000.505000,17.731000,360.057609,361.358728,360.000000,618,-0.057609,PI,FIFO,true,PI_FIFO,360.963093
16.520017,-1,15,9999.450000,17.181000,353.773585,360.220957,360.000000,626,6.226415,PI,FIFO,true,PI_FIFO,356.649388
16.530038,-1,15,10020.762000,37.943000,354.777673,359.404464,360.000000,629,5.222327,PI,FIFO,true,PI_FIFO,355.526359
16.540042,-1,15,10004.320000,42.263000,350.000000,357.993795,360.000000,638,10.000000,PI,FIFO,true,PI_FIFO,352.210544
16.550020,-1,15,9977.840000,20.103000,355.787476,357.662847,360.000000,637,4.212524,PI,FIFO,true,PI_FIFO,354.356703
16.560019,-1,15,9998.616000,18.719000,355.652504,357.361295,360.000000,638,4.347496,PI,FIFO,true,PI_FIFO,355.134184
16.570024,-1,15,10005.523000,24.242000,361.794501,358.026276,360.000000,632,-1.794501,PI,FIFO,true,PI_FIFO,359.130374
16.580018,-1,15,9994.247000,18.489000,363.372093,358.828149,360.000000,627,-3.372093,PI,FIFO,true,PI_FIFO,361.675405
16.590018,-1,15,9999.394000,17.883000,366.210938,359.935567,360.000000,621,-6.210938,PI,FIFO,true,PI_FIFO,364.396725
16.600018,-1,15,9999.875000,17.758000,362.769486,360.360655,360.000000,621,-2.769486,PI,FIFO,true,PI_FIFO,363.420381
16.610017,-1,15,9999.394000,17.152000,362.380628,360.663651,360.000000,621,-2.380628,PI,FIFO,true,PI_FIFO,362.796529
16.620018,-1,15,10000.727000,17.879000,360.576923,360.650642,360.000000,622,-0.576923,PI,FIFO,true,PI_FIFO,361.464765
16.630017,-1,15,9999.487000,17.366000,361.445783,360.769913,360.000000,622,-1.445783,PI,FIFO,true,PI_FIFO,361.453376
16.640028,-1,15,10010.819000,28.185000,360.207480,360.685548,360.000000,623,-0.207480,PI,FIFO,true,PI_FIFO,360.705838
16.650018,-1,15,9989.450000,17.635000,362.622486,360.976089,360.000000,620,-2.622486,PI,FIFO,true,PI_FIFO,361.855827
16.660018,-1,15,10000.283000,17.918000,364.963504,361.574201,360.000000,616,-4.963504,PI,FIFO,true,PI_FIFO,363.720433
16.670018,-1,15,9999.746000,17.664000,361.503856,361.563649,360.000000,617,-1.503856,PI,FIFO,true,PI_FIFO,362.390487
16.680018,-1,15,10000.061000,17.725000,359.539789,361.260070,360.000000,619,0.460211,PI,FIFO,true,PI_FIFO,360.680068
16.690026,-1,15,10007.819000,25.544000,356.012658,360.472958,360.000000,624,3.987342,PI,FIFO,true,PI_FIFO,357.879622
16.700019,-1,15,9993.080000,18.624000,356.193009,359.830966,360.000000,627,3.806991,PI,FIFO,true,PI_FIFO,356.867654
16.710018,-1,15,9999.320000,17.944000,352.443609,358.722862,360.000000,634,7.556391,PI,FIFO,true,PI_FIFO,354.213227
16.720015,-1,15,9996.709000,14.653000,353.606789,357.955451,360.000000,637,6.393211,PI,FIFO,true,PI_FIFO,353.849364
16.730026,-1,15,10011.356000,26.009000,356.657609,357.760775,360.000000,636,3.342391,PI,FIFO,true,PI_FIFO,355.534311
16.740027,-1,15,10001.097000,27.106000,363.196126,358.576078,360.000000,629,-3.196126,PI,FIFO,true,PI_FIFO,360.131400
16.750019,-1,15,9991.413000,18.519000,362.062307,359.099012,360.000000,627,-2.062307,PI,FIFO,true,PI_FIFO,361.289944
16.760018,-1,15,9999.117000,17.636000,365.141188,360.005338,360.000000,621,-5.141188,PI,FIFO,true,PI_FIFO,363.600690
16.770018,-1,15,10000.819000,18.455000,361.132512,360.174414,360.000000,623,-1.132512,PI,FIFO,true,PI_FIFO,362.119783
16.780017,-1,15,9998.654000,17.109000,362.143892,360.469836,360.000000,622,-2.143892,PI,FIFO,true,PI_FIFO,362.134248
16.790017,-1,15,10000.246000,17.355000,357.483317,360.021858,360.000000,627,2.516683,PI,FIFO,true,PI_FIFO,359.343690
16.800017,-1,15,10000.097000,17.452000,362.368857,360.373908,360.000000,623,-2.368857,PI,FIFO,true,PI_FIFO,361.158790
16.810017,-1,15,9999.950000,17.402000,360.903533,360.453352,360.000000,623,-0.903533,PI,FIFO,true,PI_FIFO,361.005636
16.820017,-1,15,9999.746000,17.148000,365.802676,361.255750,360.000000,617,-5.802676,PI,FIFO,true,PI_FIFO,363.883860
16.830017,-1,15,10000.116000,17.264000,363.206472,361.548359,360.000000,616,-3.206472,PI,FIFO,true,PI_FIFO,363.477427
16.840025,-1,15,10008.041000,25.305000,363.372093,361.821919,360.000000,615,-3.372093,PI,FIFO,true,PI_FIFO,363.414227
16.850018,-1,15,9992.728000,18.033000,356.633381,361.043638,360.000000,622,3.366619,PI,FIFO,true,PI_FIFO,359.345719
16.860019,-1,15,10000.690000,18.723000,356.193009,360.316044,360.000000,626,3.806991,PI,FIFO,true,PI_FIFO,357.454093
16.870026,-1,15,10007.153000,25.876000,353.506787,359.294655,360.000000,631,6.493213,PI,FIFO,true,PI_FIFO,355.085710
16.880020,-1,15,9993.783000,19.659000,355.293077,358.694419,360.000000,633,4.706923,PI,FIFO,true,PI_FIFO,355.210130
16.890028,-1,15,10007.894000,27.553000,354.107649,358.006403,360.000000,636,5.892351,PI,FIFO,true,PI_FIFO,354.548641
16.900019,-1,15,9991.839000,19.392000,358.802624,358.125836,360.000000,634,1.197376,PI,FIFO,true,PI_FIFO,357.101031
16.910018,-1,15,9998.801000,18.193000,363.548231,358.939195,360.000000,627,-3.548231,PI,FIFO,true,PI_FIFO,360.969351
16.920018,-1,15,9999.709000,17.902000,363.184401,359.575976,360.000000,624,-3.184401,PI,FIFO,true,PI_FIFO,362.298381
16.930028,-1,15,10009.782000,27.684000,363.196126,360.118999,360.000000,622,-3.196126,PI,FIFO,true,PI_FIFO,362.837028
16.940033,-1,15,10004.949000,32.633000,362.435567,360.466484,360.000000,621,-2.435567,PI,FIFO,true,PI_FIFO,362.596151
16.950018,-1,15,9985.728000,18.361000,363.196126,360.875930,360.000000,620,-3.196126,PI,FIFO,true,PI_FIFO,362.956136
16.960036,-1,15,10017.245000,35.606000,358.737245,360.555127,360.000000,623,1.262755,PI,FIFO,true,PI_FIFO,360.424801
16.970033,-1,15,9997.061000,32.667000,360.576923,360.558397,360.000000,623,-0.576923,PI,FIFO,true,PI_FIFO,360.516074
16.980018,-1,15,9985.580000,18.247000,360.750361,360.587191,360.000000,623,-0.750361,PI,FIFO,true,PI_FIFO,360.656646
16.990018,-1,15,9999.894000,18.141000,365.706746,361.355125,360.000000,616,-5.706746,PI,FIFO,true,PI_FIFO,363.686706
17.000017,-1,15,9999.301000,17.442000,361.371145,361.357528,360.000000,617,-1.371145,PI,FIFO,true,PI_FIFO,362.297370
17.010018,-1,15,10000.302000,17.744000,361.445783,361.370766,360.000000,618,-1.445783,PI,FIFO,true,PI_FIFO,361.786418
17.020018,-1,15,9999.912000,17.656000,356.554260,360.648290,360.000000,623,3.445740,PI,FIFO,true,PI_FIFO,358.647123
17.030018,-1,15,10000.154000,17.810000,355.281857,359.843325,360.000000,628,4.718143,PI,FIFO,true,PI_FIFO,356.627963
17.040048,-1,15,10030.317000,48.127000,351.311563,358.563561,360.000000,635,8.688437,PI,FIFO,true,PI_FIFO,353.438123
17.050020,-1,15,9972.026000,20.153000,355.787476,358.147148,360.000000,635,4.212524,PI,FIFO,true,PI_FIFO,354.847735
17.060018,-1,15,9997.912000,18.065000,355.691057,357.778734,360.000000,636,4.308943,PI,FIFO,true,PI_FIFO,355.353728
17.070018,-1,15,9999.839000,17.904000,360.750361,358.224478,360.000000,632,-0.750361,PI,FIFO,true,PI_FIFO,358.591708
17.080015,-1,15,9997.042000,14.946000,363.372093,358.996621,360.000000,627,-3.372093,PI,FIFO,true,PI_FIFO,361.459939
17.090018,-1,15,10003.412000,18.358000,365.675280,359.998420,360.000000,621,-5.675280,PI,FIFO,true,PI_FIFO,363.989144
17.100018,-1,15,9999.894000,18.252000,362.248841,360.335983,360.000000,622,-2.248841,PI,FIFO,true,PI_FIFO,362.944962
17.110018,-1,15,10000.024000,18.276000,361.445783,360.502453,360.000000,622,-1.445783,PI,FIFO,true,PI_FIFO,362.045455
17.120018,-1,15,9999.949000,18.225000,360.392107,360.485901,360.000000,623,-0.392107,PI,FIFO,true,PI_FIFO,361.053446
17.130026,-1,15,10008.209000,26.434000,361.445783,360.629883,360.000000,622,-1.445783,PI,FIFO,true,PI_FIFO,361.288848
17.140030,-1,15,10003.634000,30.068000,359.786184,360.503328,360.000000,624,0.213816,PI,FIFO,true,PI_FIFO,360.387250
17.150027,-1,15,9996.654000,26.722000,363.703788,360.983397,360.000000,619,-3.703788,PI,FIFO,true,PI_FIFO,362.377173
17.160019,-1,15,9992.709000,19.431000,365.395323,361.645186,360.000000,615,-5.395323,PI,FIFO,true,PI_FIFO,364.188063
17.170018,-1,15,9998.672000,18.103000,362.710514,361.804985,360.000000,615,-2.710514,PI,FIFO,true,PI_FIFO,363.301534
17.180017,-1,15,9999.246000,17.349000,357.434641,361.149434,360.000000,621,2.565359,PI,FIFO,true,PI_FIFO,359.781398
17.190017,-1,15,10000.116000,17.465000,356.125356,360.395822,360.000000,625,3.874644,PI,FIFO,true,PI_FIFO,357.587773
17.200018,-1,15,10000.375000,17.840000,356.657609,359.835090,360.000000,627,3.342391,PI,FIFO,true,PI_FIFO,357.029674
17.210017,-1,15,9999.616000,17.456000,352.112676,358.676728,360.000000,634,7.887324,PI,FIFO,true,PI_FIFO,354.079475
17.220018,-1,15,10000.246000,17.702000,355.281857,358.167497,360.000000,635,4.718143,PI,FIFO,true,PI_FIFO,354.800904
17.230018,-1,15,9999.987000,17.689000,356.077048,357.853930,360.000000,636,3.922952,PI,FIFO,true,PI_FIFO,355.566591
17.240028,-1,15,10010.115000,27.804000,362.380628,358.532935,360.000000,630,-2.380628,PI,FIFO,true,PI_FIFO,359.655013
17.250018,-1,15,9989.765000,17.569000,361.570248,358.988532,360.000000,627,-1.570248,PI,FIFO,true,PI_FIFO,360.804154
17.260018,-1,15,10000.339000,17.908000,364.869505,359.870678,360.000000,622,-4.869505,PI,FIFO,true,PI_FIFO,363.243365
17.270018,-1,15,10000.042000,17.950000,362.168874,360.215407,360.000000,622,-2.168874,PI,FIFO,true,PI_FIFO,362.598670
17.280018,-1,15,9999.579000,17.529000,364.036090,360.788510,360.000000,619,-4.036090,PI,FIFO,true,PI_FIFO,363.461122
17.290018,-1,15,10000.042000,17.571000,357.434641,360.285429,360.000000,625,2.565359,PI,FIFO,true,PI_FIFO,359.845233
17.300017,-1,15,9999.820000,17.391000,362.844702,360.669320,360.000000,622,-2.844702,PI,FIFO,true,PI_FIFO,361.644915
17.310019,-1,15,10001.486000,18.877000,360.023041,360.572378,360.000000,623,-0.023041,PI,FIFO,true,PI_FIFO,360.671791
17.320014,-1,15,9995.154000,14.031000,364.963504,361.231047,360.000000,618,-4.963504,PI,FIFO,true,PI_FIFO,363.246818
17.330028,-1,15,10013.657000,27.688000,363.184401,361.524050,360.000000,616,-3.184401,PI,FIFO,true,PI_FIFO,363.209368
17.340024,-1,14,9996.490000,24.178000,363.724539,361.854124,360.000000,614,-3.724539,PI,FIFO,true,PI_FIFO,363.518471
17.350018,-1,15,9994.139000,18.317000,357.629428,361.220419,360.000000,620,2.370572,PI,FIFO,true,PI_FIFO,359.985045
17.360021,-1,15,10002.415000,20.732000,355.618777,360.380173,360.000000,625,4.381223,PI,FIFO,true,PI_FIFO,357.365284
17.370019,-1,15,9998.416000,19.148000,352.443609,359.189688,360.000000,632,7.556391,PI,FIFO,true,PI_FIFO,354.412279
17.380018,-1,15,9998.749000,17.897000,354.274917,358.452473,360.000000,634,5.725083,PI,FIFO,true,PI_FIFO,354.329862
17.390018,-1,15,9999.897000,17.794000,355.450237,358.002137,360.000000,635,4.549763,PI,FIFO,true,PI_FIFO,355.002087
17.400018,-1,15,9999.897000,17.691000,358.554309,358.084963,360.000000,633,1.445691,PI,FIFO,true,PI_FIFO,357.133420
17.410017,-1,15,9999.601000,17.292000,363.548231,358.904453,360.000000,627,-3.548231,PI,FIFO,true,PI_FIFO,360.982307
17.420018,-1,15,10000.305000,17.597000,363.936335,359.659236,360.000000,623,-3.936335,PI,FIFO,true,PI_FIFO,362.754724
17.430019,-1,15,10000.953000,18.550000,362.143892,360.031934,360.000000,623,-2.143892,PI,FIFO,true,PI_FIFO,362.388225
17.440027,-1,15,10008.600000,27.150000,361.570248,360.262681,360.000000,623,-1.570248,PI,FIFO,true,PI_FIFO,361.897439
17.450019,-1,15,9991.564000,18.714000,362.545496,360.605103,360.000000,621,-2.545496,PI,FIFO,true,PI_FIFO,362.286273
17.460018,-1,15,9999.360000,18.074000,359.392114,360.423155,360.000000,623,0.607886,PI,FIFO,true,PI_FIFO,360.549778
17.470018,-1,15,10000.212000,18.286000,361.271676,360.550433,360.000000,622,-1.271676,PI,FIFO,true,PI_FIFO,360.982917
17.480018,-1,15,10000.064000,18.350000,362.248841,360.805194,360.000000,620,-2.248841,PI,FIFO,true,PI_FIFO,361.742471
17.490018,-1,15,9999.490000,17.840000,366.032211,361.589247,360.000000,615,-6.032211,PI,FIFO,true,PI_FIFO,364.316315
17.500018,-1,15,10000.045000,17.885000,360.761929,361.465149,360.000000,617,-0.761929,PI,FIFO,true,PI_FIFO,362.183684
17.510017,-1,15,9999.286000,17.171000,360.057609,361.254018,360.000000,619,-0.057609,PI,FIFO,true,PI_FIFO,360.908039
17.520018,-1,15,10000.509000,17.680000,355.113636,360.332961,360.000000,625,4.886364,PI,FIFO,true,PI_FIFO,357.431397
17.530023,-1,15,10005.359000,23.039000,356.633381,359.778024,360.000000,627,3.366619,PI,FIFO,true,PI_FIFO,356.952587
17.540029,-1,15,10005.471000,28.510000,352.112676,358.628222,360.000000,634,7.887324,PI,FIFO,true,PI_FIFO,354.048641
17.550018,-1,15,9989.472000,17.982000,355.305901,358.129874,360.000000,635,4.694099,PI,FIFO,true,PI_FIFO,354.802997
17.560018,-1,15,9999.916000,17.898000,354.945575,357.652229,360.000000,637,5.054425,PI,FIFO,true,PI_FIFO,354.888544
17.570018,-1,15,9999.656000,17.554000,360.761929,358.118684,360.000000,632,-0.761929,PI,FIFO,true,PI_FIFO,358.412575
17.580017,-1,15,9999.823000,17.377000,362.844702,358.827587,360.000000,628,-2.844702,PI,FIFO,true,PI_FIFO,361.071852
17.590027,-1,15,10009.249000,26.626000,366.020302,359.906494,360.000000,621,-6.020302,PI,FIFO,true,PI_FIFO,364.040922
17.600019,-1,15,9992.583000,19.209000,362.318841,360.268346,360.000000,622,-2.318841,PI,FIFO,true,PI_FIFO,363.007673
17.610018,-1,15,9999.267000,18.476000,362.435567,360.593429,360.000000,621,-2.435567,PI,FIFO,true,PI_FIFO,362.664409
17.620018,-1,15,9999.564000,18.040000,359.539789,360.435383,360.000000,624,0.460211,PI,FIFO,true,PI_FIFO,360.789637
17.630020,-1,15,10001.971000,20.011000,361.769570,360.635511,360.000000,622,-1.769570,PI,FIFO,true,PI_FIFO,361.377597
17.640028,-1,15,10007.526000,27.537000,359.195402,360.419495,360.000000,624,0.804598,PI,FIFO,true,PI_FIFO,360.068280
17.650018,-1,15,9990.565000,18.102000,362.809598,360.778010,360.000000,621,-2.809598,PI,FIFO,true,PI_FIFO,361.713071
17.660029,-1,15,10010.674000,28.776000,365.203941,361.441900,360.000000,616,-5.203941,PI,FIFO,true,PI_FIFO,363.807593
17.670038,-1,15,10008.989000,37.765000,361.969112,361.520982,360.000000,617,-1.969112,PI,FIFO,true,PI_FIFO,362.704504
17.680021,-1,15,9982.991000,20.756000,357.995227,360.992118,360.000000,621,2.004773,PI,FIFO,true,PI_FIFO,359.878938
17.690019,-1,15,9998.120000,18.876000,354.576399,360.029761,360.000000,628,5.423601,PI,FIFO,true,PI_FIFO,356.697415
17.700019,-1,15,9999.693000,18.569000,354.442344,359.191648,360.000000,632,5.557656,PI,FIFO,true,PI_FIFO,355.344372
17.710017,-1,15,9998.879000,17.448000,353.202368,358.293256,360.000000,636,6.797632,PI,FIFO,true,PI_FIFO,354.059170
17.720018,-1,15,10000.323000,17.771000,355.618777,357.892084,360.000000,637,4.381223,PI,FIFO,true,PI_FIFO,354.994934
17.730026,-1,15,10008.526000,26.297000,358.019640,357.911218,360.000000,635,1.980360,PI,FIFO,true,PI_FIFO,356.809758
17.740032,-1,15,10005.897000,32.194000,363.372093,358.730349,360.000000,629,-3.372093,PI,FIFO,true,PI_FIFO,360.747159
17.750018,-1,15,9985.824000,18.018000,360.576923,359.007335,360.000000,629,-0.576923,PI,FIFO,true,PI_FIFO,360.645017
17.760018,-1,15,9999.619000,17.637000,365.319045,359.954092,360.000000,623,-5.319045,PI,FIFO,true,PI_FIFO,363.449434
17.770017,-1,15,9999.861000,17.498000,362.622486,360.354351,360.000000,622,-2.622486,PI,FIFO,true,PI_FIFO,362.953265
17.780014,-1,15,9996.971000,14.469000,362.844702,360.727903,360.000000,621,-2.844702,PI,FIFO,true,PI_FIFO,362.888128
17.790018,-1,15,10003.156000,17.625000,358.737245,360.429305,360.000000,625,1.262755,PI,FIFO,true,PI_FIFO,360.397598
17.800014,-1,15,9996.786000,14.411000,363.020329,360.817958,360.000000,622,-3.020329,PI,FIFO,true,PI_FIFO,361.971237
17.810018,-1,15,10003.490000,17.901000,360.207480,360.726387,360.000000,623,-0.207480,PI,FIFO,true,PI_FIFO,360.912982
17.820014,-1,15,9996.490000,14.391000,364.431487,361.282152,360.000000,618,-4.431487,PI,FIFO,true,PI_FIFO,363.024085
17.830018,-1,15,10003.527000,17.918000,362.569061,361.475188,360.000000,618,-2.569061,PI,FIFO,true,PI_FIFO,362.751070
17.840026,-1,15,10008.007000,25.925000,362.710514,361.660487,360.000000,617,-2.710514,PI,FIFO,true,PI_FIFO,362.726737
17.850033,-1,15,10006.934000,32.859000,357.824427,361.085078,360.000000,621,2.175573,PI,FIFO,true,PI_FIFO,359.785351
17.860029,-1,15,9995.768000,28.627000,355.787476,360.290438,360.000000,626,4.212524,PI,FIFO,true,PI_FIFO,357.386626
17.870021,-1,15,9992.064000,20.691000,354.155424,359.370186,360.000000,631,5.844576,PI,FIFO,true,PI_FIFO,355.447905
17.880015,-1,15,9993.824000,14.515000,354.442344,358.631009,360.000000,634,5.557656,PI,FIFO,true,PI_FIFO,354.844568
17.890018,-1,15,10003.304000,17.819000,353.940538,357.927439,360.000000,637,6.059462,PI,FIFO,true,PI_FIFO,354.302150
17.900018,-1,15,9999.971000,17.790000,358.188996,357.966672,360.000000,635,1.811004,PI,FIFO,true,PI_FIFO,356.634258
17.910018,-1,15,9999.842000,17.632000,363.196126,358.751090,360.000000,629,-3.196126,PI,FIFO,true,PI_FIFO,360.571379
17.920018,-1,15,9999.953000,17.585000,363.573407,359.474438,360.000000,625,-3.573407,PI,FIFO,true,PI_FIFO,362.372596
17.930026,-1,15,10008.637000,26.222000,363.869863,360.133752,360.000000,622,-3.869863,PI,FIFO,true,PI_FIFO,363.270956
17.940031,-1,15,10004.712000,30.934000,362.368857,360.469017,360.000000,622,-2.368857,PI,FIFO,true,PI_FIFO,362.729697
17.950018,-1,15,9987.379000,18.313000,361.886921,360.681703,360.000000,622,-1.886921,PI,FIFO,true,PI_FIFO,362.224031
17.960018,-1,15,9999.712000,18.025000,358.215066,360.311707,360.000000,626,1.784934,PI,FIFO,true,PI_FIFO,359.818652
17.970026,-1,15,10007.712000,25.737000,361.620058,360.507960,360.000000,624,-1.620058,PI,FIFO,true,PI_FIFO,360.899495
17.980019,-1,15,9993.638000,19.375000,362.435567,360.797101,360.000000,621,-2.435567,PI,FIFO,true,PI_FIFO,361.821138
17.990018,-1,15,9998.416000,17.791000,366.568915,361.662873,360.000000,615,-6.568915,PI,FIFO,true,PI_FIFO,364.669804
18.000018,-1,15,10000.026000,17.817000,361.503856,361.639021,360.000000,617,-1.503856,PI,FIFO,true,PI_FIFO,362.770235
18.010018,-1,15,9999.916000,17.733000,361.445783,361.610035,360.000000,617,-1.445783,PI,FIFO,true,PI_FIFO,361.975564
18.020018,-1,15,10000.231000,17.964000,355.305901,360.664415,360.000000,624,4.694099,PI,FIFO,true,PI_FIFO,357.973766
18.030018,-1,15,9999.934000,17.898000,356.633381,360.059760,360.000000,627,3.366619,PI,FIFO,true,PI_FIFO,357.169535
18.040044,-1,15,10025.969000,43.867000,351.738369,358.811551,360.000000,634,8.261631,PI,FIFO,true,PI_FIFO,353.910836
18.050020,-1,15,9976.084000,19.951000,356.916244,358.527255,360.000000,633,3.083756,PI,FIFO,true,PI_FIFO,355.714080
18.060018,-1,15,9998.379000,18.330000,355.618777,358.090983,360.000000,635,4.381223,PI,FIFO,true,PI_FIFO,355.656898
18.070018,-1,15,10000.027000,18.357000,360.947125,358.519405,360.000000,631,-0.947125,PI,FIFO,true,PI_FIFO,358.831034
18.080018,-1,15,9999.304000,17.661000,361.620058,358.984503,360.000000,628,-1.620058,PI,FIFO,true,PI_FIFO,360.504448
18.090018,-1,15,10000.786000,18.447000,366.401772,360.097093,360.000000,621,-6.401772,PI,FIFO,true,PI_FIFO,364.042842
18.100018,-1,15,9999.064000,17.511000,361.969112,360.377896,360.000000,621,-1.969112,PI,FIFO,true,PI_FIFO,362.798604
18.110019,-1,15,10001.397000,18.908000,362.809598,360.742651,360.000000,620,-2.809598,PI,FIFO,true,PI_FIFO,362.805200
18.120018,-1,15,9999.490000,18.398000,359.367513,360.536380,360.000000,623,0.632487,PI,FIFO,true,PI_FIFO,360.742588
18.130026,-1,15,10007.360000,25.758000,360.973597,360.601963,360.000000,623,-0.973597,PI,FIFO,true,PI_FIFO,360.881194
18.140025,-1,15,9998.897000,24.655000,359.712230,360.468503,360.000000,624,0.287770,PI,FIFO,true,PI_FIFO,360.179816
18.150026,-1,15,10000.897000,25.552000,362.062307,360.707574,360.000000,621,-2.062307,PI,FIFO,true,PI_FIFO,361.309310
18.160015,-1,15,9989.824000,15.376000,364.963504,361.345963,360.000000,616,-4.963504,PI,FIFO,true,PI_FIFO,363.501826
18.170018,-1,15,10002.564000,17.940000,361.503856,361.369647,360.000000,617,-1.503856,PI,FIFO,true,PI_FIFO,362.303044
18.180015,-1,15,9996.638000,14.578000,359.884837,361.146926,360.000000,619,0.115163,PI,FIFO,true,PI_FIFO,360.852120
18.190017,-1,15,10002.841000,17.419000,355.498375,360.299643,360.000000,625,4.501625,PI,FIFO,true,PI_FIFO,357.639873
18.200017,-1,15,10000.027000,17.446000,356.463878,359.724278,360.000000,628,3.536122,PI,FIFO,true,PI_FIFO,356.934276
18.210018,-1,15,10000.527000,17.973000,351.738369,358.526392,360.000000,635,8.261631,PI,FIFO,true,PI_FIFO,353.816732
18.220017,-1,15,9999.175000,17.148000,355.113636,358.014479,360.000000,636,4.886364,PI,FIFO,true,PI_FIFO,354.594875
18.230017,-1,15,10000.156000,17.304000,357.824427,357.985971,360.000000,635,2.175573,PI,FIFO,true,PI_FIFO,356.532606
18.240027,-1,15,10009.434000,26.738000,362.996902,358.737611,360.000000,628,-2.996902,PI,FIFO,true,PI_FIFO,360.411184
18.250018,-1,15,9991.194000,17.932000,362.493958,359.301063,360.000000,626,-2.493958,PI,FIFO,true,PI_FIFO,361.660849
18.260017,-1,15,9999.489000,17.421000,364.124806,360.024624,360.000000,622,-4.124806,PI,FIFO,true,PI_FIFO,363.139223
18.270017,-1,15,10000.027000,17.448000,361.794501,360.290106,360.000000,622,-1.794501,PI,FIFO,true,PI_FIFO,362.332390
18.280018,-1,15,10000.416000,17.864000,362.435567,360.611925,360.000000,621,-2.435567,PI,FIFO,true,PI_FIFO,362.394296
18.290029,-1,15,10010.859000,28.723000,358.337315,360.270733,360.000000,625,1.662685,PI,FIFO,true,PI_FIFO,359.960107
18.300019,-1,15,9990.083000,18.806000,362.168874,360.555455,360.000000,622,-2.168874,PI,FIFO,true,PI_FIFO,361.285367
18.310018,-1,15,9999.212000,18.018000,361.230734,360.656746,360.000000,622,-1.230734,PI,FIFO,true,PI_FIFO,361.252588
18.320018,-1,15,9999.601000,17.619000,364.583333,361.245735,360.000000,618,-4.583333,PI,FIFO,true,PI_FIFO,363.251035
18.330031,-1,15,10013.772000,31.391000,362.215909,361.391261,360.000000,617,-2.215909,PI,FIFO,true,PI_FIFO,362.629959
18.340035,-1,15,10004.067000,35.458000,363.748060,361.744781,360.000000,615,-3.748060,PI,FIFO,true,PI_FIFO,363.300820
18.350019,-1,15,9983.902000,19.360000,356.633381,360.978071,360.000000,622,3.366619,PI,FIFO,true,PI_FIFO,359.300356
18.360036,-1,15,10016.659000,36.019000,357.434641,360.446556,360.000000,624,2.565359,PI,FIFO,true,PI_FIFO,358.180927
18.370037,-1,15,10001.474000,37.493000,354.219144,359.512444,360.000000,630,5.780856,PI,FIFO,true,PI_FIFO,355.803857
18.380016,-1,15,9978.291000,15.784000,355.618777,358.928394,360.000000,631,4.381223,PI,FIFO,true,PI_FIFO,355.692809
18.390018,-1,15,10002.475000,18.259000,353.773585,358.155173,360.000000,636,6.226415,PI,FIFO,true,PI_FIFO,354.541274
18.400018,-1,15,9999.993000,18.252000,357.313006,358.028848,360.000000,634,2.686994,PI,FIFO,true,PI_FIFO,356.204313
18.410018,-1,15,9999.715000,17.967000,363.936335,358.914971,360.000000,627,-3.936335,PI,FIFO,true,PI_FIFO,360.843527
18.420015,-1,15,9996.568000,14.535000,362.844702,359.504431,360.000000,624,-2.844702,PI,FIFO,true,PI_FIFO,362.044232
18.430018,-1,15,10003.197000,17.732000,363.184401,360.056426,360.000000,622,-3.184401,PI,FIFO,true,PI_FIFO,362.728333
18.440031,-1,15,10013.455000,31.187000,362.669246,360.448349,360.000000,621,-2.669246,PI,FIFO,true,PI_FIFO,362.692881
18.450018,-1,15,9986.624000,17.811000,362.435567,360.746432,360.000000,620,-2.435567,PI,FIFO,true,PI_FIFO,362.538492
18.460018,-1,15,9999.771000,17.582000,358.508604,360.410758,360.000000,624,1.491396,PI,FIFO,true,PI_FIFO,360.120560
18.470017,-1,15,9999.696000,17.278000,360.923965,360.487739,360.000000,623,-0.923965,PI,FIFO,true,PI_FIFO,360.602603
18.480017,-1,15,10000.216000,17.494000,361.570248,360.650115,360.000000,621,-1.570248,PI,FIFO,true,PI_FIFO,361.183190
18.490018,-1,15,10000.363000,17.857000,365.874656,361.433796,360.000000,615,-5.874656,PI,FIFO,true,PI_FIFO,363.998069
18.500017,-1,15,9999.475000,17.332000,361.570248,361.454264,360.000000,617,-1.570248,PI,FIFO,true,PI_FIFO,362.541377
18.510017,-1,15,10000.067000,17.399000,360.923965,361.374719,360.000000,617,-0.923965,PI,FIFO,true,PI_FIFO,361.570930
18.520017,-1,15,10000.031000,17.430000,356.373543,360.624543,360.000000,623,3.626457,PI,FIFO,true,PI_FIFO,358.452498
18.530029,-1,15,10011.233000,28.663000,355.787476,359.898983,360.000000,627,4.212524,PI,FIFO,true,PI_FIFO,356.853485
18.540028,-1,15,9999.271000,27.934000,351.311563,358.610870,360.000000,635,8.688437,PI,FIFO,true,PI_FIFO,353.528332
18.550015,-1,15,9987.438000,15.372000,355.787476,358.187361,360.000000,635,4.212524,PI,FIFO,true,PI_FIFO,354.883818
18.560019,-1,15,10003.882000,19.254000,355.883948,357.841849,360.000000,636,4.116052,PI,FIFO,true,PI_FIFO,355.483896
18.570030,-1,15,10010.659000,29.913000,361.271676,358.356323,360.000000,631,-1.271676,PI,FIFO,true,PI_FIFO,358.956564
18.580033,-1,15,10003.586000,33.499000,362.622486,358.996247,360.000000,627,-2.622486,PI,FIFO,true,PI_FIFO,361.156117
18.590019,-1,15,9985.401000,18.900000,365.203941,359.927401,360.000000,621,-5.203941,PI,FIFO,true,PI_FIFO,363.584812
18.600018,-1,15,9998.809000,17.709000,362.769486,360.353714,360.000000,621,-2.769486,PI,FIFO,true,PI_FIFO,363.095616
18.610018,-1,15,10000.215000,17.924000,362.493958,360.674751,360.000000,620,-2.493958,PI,FIFO,true,PI_FIFO,362.734622
18.620017,-1,15,9999.382000,17.306000,359.287174,360.466614,360.000000,623,0.712826,PI,FIFO,true,PI_FIFO,360.666153
18.630018,-1,15,10000.845000,18.151000,361.445783,360.613490,360.000000,622,-1.445783,PI,FIFO,true,PI_FIFO,361.133931
18.640029,-1,15,10011.067000,29.218000,359.654731,360.469676,360.000000,623,0.345269,PI,FIFO,true,PI_FIFO,360.246411
18.650018,-1,15,9989.068000,18.286000,363.548231,360.931459,360.000000,619,-3.548231,PI,FIFO,true,PI_FIFO,362.227503
18.660018,-1,15,9999.604000,17.890000,364.988877,361.540072,360.000000,615,-4.988877,PI,FIFO,true,PI_FIFO,363.884327
18.670025,-1,15,10007.196000,25.086000,361.886921,361.592099,360.000000,616,-1.886921,PI,FIFO,true,PI_FIFO,362.685883
18.680016,-1,15,9990.716000,15.802000,358.606557,361.144268,360.000000,620,1.393443,PI,FIFO,true,PI_FIFO,360.238288
18.690020,-1,15,10003.975000,19.777000,356.463878,360.442209,360.000000,624,3.536122,PI,FIFO,true,PI_FIFO,357.973642
18.700015,-1,15,9995.067000,14.844000,356.803045,359.896335,360.000000,626,3.196955,PI,FIFO,true,PI_FIFO,357.271284
18.710018,-1,15,10003.179000,18.023000,353.202368,358.892240,360.000000,632,6.797632,PI,FIFO,true,PI_FIFO,354.829934
18.720018,-1,15,9999.493000,17.516000,355.113636,358.325449,360.000000,634,4.886364,PI,FIFO,true,PI_FIFO,355.000156
18.730028,-1,15,10010.677000,28.193000,356.373543,358.032663,360.000000,634,3.626457,PI,FIFO,true,PI_FIFO,355.824188
18.740031,-1,15,10002.716000,30.909000,362.493958,358.701858,360.000000,628,-2.493958,PI,FIFO,true,PI_FIFO,359.826050
18.750018,-1,15,9987.346000,18.255000,360.181120,358.923747,360.000000,628,-0.181120,PI,FIFO,true,PI_FIFO,360.039092
18.760018,-1,15,9999.956000,18.211000,365.036647,359.840682,360.000000,622,-5.036647,PI,FIFO,true,PI_FIFO,363.037625
18.770018,-1,15,9999.549000,17.760000,361.969112,360.159946,360.000000,622,-1.969112,PI,FIFO,true,PI_FIFO,362.396517
18.780015,-1,15,9996.919000,14.679000,362.710514,360.542532,360.000000,621,-2.710514,PI,FIFO,true,PI_FIFO,362.584915
18.790017,-1,15,10002.789000,17.468000,356.851550,359.988884,360.000000,626,3.148450,PI,FIFO,true,PI_FIFO,359.144896
18.800014,-1,15,9996.790000,14.258000,362.493958,360.364645,360.000000,623,-2.493958,PI,FIFO,true,PI_FIFO,361.154333
18.810017,-1,15,10003.197000,17.455000,359.838792,360.285767,360.000000,624,0.161208,PI,FIFO,true,PI_FIFO,360.365009
18.820018,-1,15,10000.122000,17.577000,365.141188,361.014081,360.000000,618,-5.141188,PI,FIFO,true,PI_FIFO,363.230716
18.830018,-1,15,10000.420000,17.997000,363.936335,361.452419,360.000000,616,-3.936335,PI,FIFO,true,PI_FIFO,363.654088
18.840027,-1,15,10009.233000,27.230000,363.020329,361.687605,360.000000,615,-3.020329,PI,FIFO,true,PI_FIFO,363.273833
18.850018,-1,15,9990.753000,17.983000,356.803045,360.954921,360.000000,621,3.196955,PI,FIFO,true,PI_FIFO,359.391360
18.860019,-1,15,10001.456000,19.439000,354.729730,360.021142,360.000000,627,5.270270,PI,FIFO,true,PI_FIFO,356.594382
18.870018,-1,15,9998.086000,17.525000,353.773585,359.084009,360.000000,632,6.226415,PI,FIFO,true,PI_FIFO,354.901904
18.880018,-1,15,10000.049000,17.574000,354.729730,358.430867,360.000000,634,5.270270,PI,FIFO,true,PI_FIFO,354.798599
18.890017,-1,15,9999.845000,17.419000,354.777673,357.882888,360.000000,636,5.222327,PI,FIFO,true,PI_FIFO,354.786043
18.900017,-1,15,10000.011000,17.430000,359.103677,358.066006,360.000000,633,0.896323,PI,FIFO,true,PI_FIFO,357.376624
18.910018,-1,15,10000.716000,18.146000,362.844702,358.782811,360.000000,628,-2.844702,PI,FIFO,true,PI_FIFO,360.657471
18.920018,-1,15,9999.493000,17.639000,363.559979,359.499386,360.000000,624,-3.559979,PI,FIFO,true,PI_FIFO,362.398976
18.930027,-1,15,10009.011000,26.650000,362.844702,360.001183,360.000000,623,-2.844702,PI,FIFO,true,PI_FIFO,362.666412
18.940031,-1,15,10004.160000,30.810000,362.168874,360.326337,360.000000,622,-2.168874,PI,FIFO,true,PI_FIFO,362.367889
18.950018,-1,15,9987.457000,18.267000,363.206472,360.758357,360.000000,620,-3.206472,PI,FIFO,true,PI_FIFO,362.871039
18.960018,-1,15,9999.326000,17.593000,358.606557,360.435587,360.000000,624,1.393443,PI,FIFO,true,PI_FIFO,360.312350
18.970025,-1,15,10007.882000,25.475000,360.923965,360.508844,360.000000,623,-0.923965,PI,FIFO,true,PI_FIFO,360.679319
18.980019,-1,15,9993.271000,18.746000,362.248841,360.769844,360.000000,621,-2.248841,PI,FIFO,true,PI_FIFO,361.621032
18.990028,-1,15,10008.993000,27.739000,364.963504,361.398893,360.000000,617,-4.963504,PI,FIFO,true,PI_FIFO,363.626515
19.000019,-1,15,9990.957000,18.696000,360.576923,361.275597,360.000000,619,-0.576923,PI,FIFO,true,PI_FIFO,361.796760
19.010018,-1,15,9999.067000,17.763000,361.620058,361.327266,360.000000,618,-1.620058,PI,FIFO,true,PI_FIFO,361.690739
19.020018,-1,15,9999.993000,17.756000,357.097511,360.692803,360.000000,623,2.902489,PI,FIFO,true,PI_FIFO,358.934802
19.030018,-1,15,10000.030000,17.786000,356.972870,360.134813,360.000000,626,3.027130,PI,FIFO,true,PI_FIFO,357.757643
19.040033,-1,15,10015.270000,33.056000,350.748263,358.726831,360.000000,635,9.251737,PI,FIFO,true,PI_FIFO,353.552015
19.050020,-1,15,9986.624000,19.680000,355.618777,358.260622,360.000000,635,4.381223,PI,FIFO,true,PI_FIFO,354.792072
19.060034,-1,15,10014.437000,34.117000,353.773585,357.587567,360.000000,638,6.226415,PI,FIFO,true,PI_FIFO,354.180980
19.070038,-1,15,10004.215000,38.332000,360.761929,358.063721,360.000000,633,-0.761929,PI,FIFO,true,PI_FIFO,358.129549
19.080020,-1,15,9981.661000,19.993000,362.215909,358.686549,360.000000,629,-2.215909,PI,FIFO,true,PI_FIFO,360.581365
19.090019,-1,15,9999.178000,19.171000,367.030201,359.938097,360.000000,621,-7.030201,PI,FIFO,true,PI_FIFO,364.450667
19.100018,-1,15,9998.846000,18.017000,362.545496,360.329207,360.000000,622,-2.545496,PI,FIFO,true,PI_FIFO,363.307564
19.110018,-1,15,10000.067000,18.084000,362.669246,360.680213,360.000000,621,-2.669246,PI,FIFO,true,PI_FIFO,362.924573
19.120017,-1,15,9999.308000,17.392000,359.589041,360.516537,360.000000,624,0.410959,PI,FIFO,true,PI_FIFO,360.923254
19.130027,-1,15,10009.974000,27.366000,360.903533,360.574586,360.000000,623,-0.903533,PI,FIFO,true,PI_FIFO,360.911421
19.140029,-1,15,10001.993000,29.359000,359.786184,360.456326,360.000000,624,0.213816,PI,FIFO,true,PI_FIFO,360.236279
19.150026,-1,15,9996.771000,26.130000,364.077670,360.999528,360.000000,620,-4.077670,PI,FIFO,true,PI_FIFO,362.541114
19.160020,-1,15,9993.568000,19.698000,365.639626,361.695542,360.000000,615,-5.639626,PI,FIFO,true,PI_FIFO,364.400221
19.170018,-1,15,9998.660000,18.358000,362.493958,361.815305,360.000000,615,-2.493958,PI,FIFO,true,PI_FIFO,363.256463
19.180017,-1,15,9999.141000,17.499000,358.554309,361.326155,360.000000,620,1.445691,PI,FIFO,true,PI_FIFO,360.435171
19.190018,-1,15,10000.716000,18.215000,356.463878,360.596814,360.000000,624,3.536122,PI,FIFO,true,PI_FIFO,358.052395
19.200018,-1,15,10000.252000,18.467000,355.498375,359.832048,360.000000,628,4.501625,PI,FIFO,true,PI_FIFO,356.519983
19.210018,-1,15,9999.401000,17.868000,353.107345,358.823342,360.000000,633,6.892655,PI,FIFO,true,PI_FIFO,354.472400
19.220018,-1,15,10000.048000,17.916000,355.498375,358.324597,360.000000,634,4.501625,PI,FIFO,true,PI_FIFO,355.087985
19.230018,-1,15,9999.827000,17.743000,356.294537,358.020088,360.000000,635,3.705463,PI,FIFO,true,PI_FIFO,355.811916
19.240027,-1,15,10008.826000,26.569000,362.248841,358.654401,360.000000,629,-2.248841,PI,FIFO,true,PI_FIFO,359.674071
19.250018,-1,15,9990.938000,17.507000,361.794501,359.125416,360.000000,627,-1.794501,PI,FIFO,true,PI_FIFO,360.946329
19.260018,-1,15,10000.401000,17.908000,364.608653,359.947902,360.000000,622,-4.608653,PI,FIFO,true,PI_FIFO,363.143724
19.270017,-1,15,9999.586000,17.494000,362.062307,360.265062,360.000000,622,-2.062307,PI,FIFO,true,PI_FIFO,362.494874
19.280018,-1,15,10000.030000,17.524000,363.196126,360.704722,360.000000,620,-3.196126,PI,FIFO,true,PI_FIFO,362.915625
19.290017,-1,15,9999.919000,17.443000,357.434641,360.214210,360.000000,625,2.565359,PI,FIFO,true,PI_FIFO,359.627034
19.300017,-1,15,9999.919000,17.362000,361.067059,360.342137,360.000000,624,-1.067059,PI,FIFO,true,PI_FIFO,360.491049
19.310018,-1,15,10000.567000,17.929000,359.983544,360.288348,360.000000,624,0.016456,PI,FIFO,true,PI_FIFO,360.186546
19.320030,-1,15,10012.252000,30.181000,365.319045,361.042953,360.000000,618,-5.319045,PI,FIFO,true,PI_FIFO,363.266046
19.330028,-1,15,9997.610000,27.791000,363.372093,361.392324,360.000000,617,-3.372093,PI,FIFO,true,PI_FIFO,363.329674
19.340032,-1,15,10004.552000,32.343000,363.548231,361.715710,360.000000,615,-3.548231,PI,FIFO,true,PI_FIFO,363.460808
19.350019,-1,15,9986.183000,18.526000,357.642421,361.104717,360.000000,621,2.357579,PI,FIFO,true,PI_FIFO,359.969776
19.360033,-1,15,10014.181000,32.707000,355.618777,360.281826,360.000000,626,4.381223,PI,FIFO,true,PI_FIFO,357.359176
19.370025,-1,15,9991.905000,24.612000,353.773585,359.305589,360.000000,631,6.226415,PI,FIFO,true,PI_FIFO,355.207821
19.380015,-1,15,9990.868000,15.480000,355.113636,358.676796,360.000000,633,4.886364,PI,FIFO,true,PI_FIFO,355.151310
19.390019,-1,15,10003.126000,18.606000,354.155424,357.998591,360.000000,636,5.844576,PI,FIFO,true,PI_FIFO,354.553778
19.400015,-1,15,9995.997000,14.603000,358.680057,358.100811,360.000000,634,1.319943,PI,FIFO,true,PI_FIFO,357.029546
19.410018,-1,15,10003.127000,17.730000,363.184401,358.863349,360.000000,628,-3.184401,PI,FIFO,true,PI_FIFO,360.722459
19.420014,-1,15,9996.571000,14.301000,363.901019,359.619000,360.000000,624,-3.901019,PI,FIFO,true,PI_FIFO,362.629595
19.430018,-1,15,10003.404000,17.705000,363.372093,360.181964,360.000000,622,-3.372093,PI,FIFO,true,PI_FIFO,363.075094
19.440029,-1,15,10011.700000,29.405000,361.620058,360.397678,360.000000,622,-1.620058,PI,FIFO,true,PI_FIFO,362.202072
19.450019,-1,15,9989.164000,18.569000,362.996902,360.787561,360.000000,620,-2.996902,PI,FIFO,true,PI_FIFO,362.678970
19.460018,-1,15,9999.089000,17.658000,358.166189,360.394356,360.000000,624,1.833811,PI,FIFO,true,PI_FIFO,359.971302
19.470017,-1,15,9999.664000,17.322000,360.923965,360.473797,360.000000,623,-0.923965,PI,FIFO,true,PI_FIFO,360.542900
19.480017,-1,15,10000.145000,17.467000,361.875965,360.684122,360.000000,621,-1.875965,PI,FIFO,true,PI_FIFO,361.342739
19.490018,-1,15,10000.293000,17.760000,366.389839,361.539980,360.000000,615,-6.389839,PI,FIFO,true,PI_FIFO,364.370999
19.500017,-1,15,9999.645000,17.405000,361.172262,361.484822,360.000000,617,-1.172262,PI,FIFO,true,PI_FIFO,362.451757
19.510034,-1,15,10016.385000,33.790000,360.088116,361.275316,360.000000,619,-0.088116,PI,FIFO,true,PI_FIFO,361.033572
19.520017,-1,15,9983.313000,17.103000,356.463878,360.553600,360.000000,624,3.536122,PI,FIFO,true,PI_FIFO,358.291756
19.530028,-1,15,10011.255000,28.358000,356.463878,359.940142,360.000000,627,3.536122,PI,FIFO,true,PI_FIFO,357.195029
19.540028,-1,15,9999.330000,27.688000,352.254428,358.787285,360.000000,634,7.745572,PI,FIFO,true,PI_FIFO,354.230669
19.550020,-1,15,9991.831000,19.519000,355.618777,358.312009,360.000000,634,4.381223,PI,FIFO,true,PI_FIFO,355.063533
19.560018,-1,15,9998.867000,18.386000,354.934377,357.805364,360.000000,637,5.065623,PI,FIFO,true,PI_FIFO,354.986039
19.570019,-1,15,10000.349000,18.735000,361.097737,358.299220,360.000000,631,-1.097737,PI,FIFO,true,PI_FIFO,358.653058
19.580016,-1,15,9997.071000,15.806000,362.368857,358.909665,360.000000,627,-2.368857,PI,FIFO,true,PI_FIFO,360.882537
19.590018,-1,15,10002.478000,18.284000,365.371389,359.878924,360.000000,622,-5.371389,PI,FIFO,true,PI_FIFO,363.575849
19.600018,-1,15,9999.571000,17.855000,362.368857,360.252414,360.000000,622,-2.368857,PI,FIFO,true,PI_FIFO,362.851654
19.610018,-1,15,9999.942000,17.797000,363.196126,360.693971,360.000000,620,-3.196126,PI,FIFO,true,PI_FIFO,363.058337
19.620018,-1,15,10000.163000,17.960000,360.576923,360.676414,360.000000,622,-0.576923,PI,FIFO,true,PI_FIFO,361.569489
19.630018,-1,15,9999.682000,17.642000,361.445783,360.791819,360.000000,621,-1.445783,PI,FIFO,true,PI_FIFO,361.495265
19.640024,-1,15,10006.349000,23.991000,359.367513,360.578173,360.000000,623,0.632487,PI,FIFO,true,PI_FIFO,360.218614
19.650019,-1,15,9994.978000,18.969000,363.184401,360.969107,360.000000,620,-3.184401,PI,FIFO,true,PI_FIFO,361.998086
19.660018,-1,15,9998.775000,17.744000,365.141188,361.594919,360.000000,615,-5.141188,PI,FIFO,true,PI_FIFO,363.883947
19.670018,-1,15,9999.923000,17.667000,362.435567,361.721017,360.000000,615,-2.435567,PI,FIFO,true,PI_FIFO,363.014919
19.680017,-1,15,9999.515000,17.182000,357.483317,361.085362,360.000000,621,2.516683,PI,FIFO,true,PI_FIFO,359.695958
19.690027,-1,15,10009.515000,26.697000,355.498375,360.247314,360.000000,626,4.501625,PI,FIFO,true,PI_FIFO,357.177408
19.700020,-1,15,9993.405000,20.102000,353.606789,359.251235,360.000000,631,6.393211,PI,FIFO,true,PI_FIFO,355.035037
19.710019,-1,15,9998.534000,18.636000,352.065451,358.173367,360.000000,637,7.934549,PI,FIFO,true,PI_FIFO,353.253285
19.720018,-1,15,9999.293000,17.929000,354.777673,357.664013,360.000000,638,5.222327,PI,FIFO,true,PI_FIFO,354.167918
19.730033,-1,15,10014.755000,32.684000,358.371560,357.770145,360.000000,635,1.628440,PI,FIFO,true,PI_FIFO,356.690103
19.740037,-1,15,10004.589000,37.273000,363.372093,358.610437,360.000000,628,-3.372093,PI,FIFO,true,PI_FIFO,360.699297
19.750026,-1,15,9988.924000,26.197000,362.248841,359.156198,360.000000,626,-2.248841,PI,FIFO,true,PI_FIFO,361.629023
19.760029,-1,15,10002.663000,28.860000,364.963504,360.027294,360.000000,622,-4.963504,PI,FIFO,true,PI_FIFO,363.629711
19.770037,-1,15,10008.404000,37.264000,361.318088,360.220913,360.000000,623,-1.318088,PI,FIFO,true,PI_FIFO,362.242738
19.780019,-1,15,9982.165000,19.429000,363.020329,360.640825,360.000000,621,-3.020329,PI,FIFO,true,PI_FIFO,362.709293
19.790018,-1,15,9999.015000,18.444000,358.606557,360.335685,360.000000,625,1.393443,PI,FIFO,true,PI_FIFO,360.247651
19.800017,-1,15,9999.016000,17.460000,362.545496,360.667157,360.000000,622,-2.545496,PI,FIFO,true,PI_FIFO,361.626358
19.810026,-1,15,10008.996000,26.456000,359.983544,360.564615,360.000000,623,0.016456,PI,FIFO,true,PI_FIFO,360.640669
19.820019,-1,15,9992.942000,19.398000,365.706746,361.335935,360.000000,617,-5.706746,PI,FIFO,true,PI_FIFO,363.680315
19.830019,-1,15,9999.163000,18.561000,362.368857,361.490873,360.000000,617,-2.368857,PI,FIFO,true,PI_FIFO,362.893440
19.840031,-1,15,10012.515000,31.076000,363.206472,361.748213,360.000000,616,-3.206472,PI,FIFO,true,PI_FIFO,363.081259
19.850018,-1,15,9987.072000,18.148000,357.824427,361.159645,360.000000,620,2.175573,PI,FIFO,true,PI_FIFO,359.927160
19.860015,-1,15,9996.608000,14.756000,355.787476,360.353820,360.000000,625,4.212524,PI,FIFO,true,PI_FIFO,357.443350
19.870018,-1,15,10003.182000,17.938000,354.538088,359.481460,360.000000,630,5.461912,PI,FIFO,true,PI_FIFO,355.700192
19.880018,-1,15,9999.737000,17.675000,355.281857,358.851519,360.000000,632,4.718143,PI,FIFO,true,PI_FIFO,355.449191
19.890019,-1,15,10001.553000,19.228000,353.773585,358.089829,360.000000,636,6.226415,PI,FIFO,true,PI_FIFO,354.443827
19.900018,-1,15,9998.626000,17.854000,356.633381,357.871362,360.000000,636,3.366619,PI,FIFO,true,PI_FIFO,355.757559
19.910018,-1,15,10000.349000,18.203000,363.936335,358.781108,360.000000,628,-3.936335,PI,FIFO,true,PI_FIFO,360.664825
19.920018,-1,15,9999.904000,18.107000,363.196126,359.443361,360.000000,625,-3.196126,PI,FIFO,true,PI_FIFO,362.183606
19.930028,-1,15,10009.700000,27.807000,363.206472,360.007827,360.000000,622,-3.206472,PI,FIFO,true,PI_FIFO,362.797326
19.940026,-1,15,9998.053000,25.860000,362.168874,360.331984,360.000000,622,-2.168874,PI,FIFO,true,PI_FIFO,362.420255
19.950018,-1,15,9992.423000,18.283000,361.445783,360.499054,360.000000,622,-1.445783,PI,FIFO,true,PI_FIFO,361.835572
19.960018,-1,15,9999.312000,17.595000,358.920368,360.262251,360.000000,625,1.079632,PI,FIFO,true,PI_FIFO,360.086449
19.970017,-1,15,9999.830000,17.425000,360.403652,360.283461,360.000000,624,-0.403652,PI,FIFO,true,PI_FIFO,360.276771
19.980025,-1,15,10007.404000,24.829000,361.875965,360.522337,360.000000,622,-1.875965,PI,FIFO,true,PI_FIFO,361.236287
19.990019,-1,15,9994.553000,19.382000,366.568915,361.429324,360.000000,616,-6.568915,PI,FIFO,true,PI_FIFO,364.435864
