elapsed_s,step_index,pwm_percent,loop_period_us,late_us,raw_rpm,filtered_rpm,target_rpm,pwm,error_rpm,intended_mode,intended_fifo,fifo_active,condition,fb_rpm
0.010021,-1,15,10020.923000,20.923000,0.000000,0.000000,360.000000,652,360.000000,PI,FIFO,true,PI_FIFO,0.000000
0.020020,-1,19,9999.478000,20.401000,0.000000,0.000000,360.000000,801,360.000000,PI,FIFO,true,PI_FIFO,0.000000
0.030019,-1,23,9998.664000,19.065000,0.000438,0.000066,360.000000,949,359.999562,PI,FIFO,true,PI_FIFO,0.000219
0.040018,-1,22,9998.960000,18.025000,210.390485,31.558629,360.000000,907,149.609515,PI,FIFO,true,PI_FIFO,105.195352
0.050019,-1,19,10000.923000,18.948000,321.230891,75.009468,360.000000,816,38.769109,PI,FIFO,true,PI_FIFO,213.213121
0.060018,-1,17,9999.404000,18.352000,384.963768,121.502613,360.000000,721,-24.963768,PI,FIFO,true,PI_FIFO,299.088445
0.070018,-1,15,9999.220000,17.572000,414.823009,165.500672,360.000000,641,-54.823009,PI,FIFO,true,PI_FIFO,356.955727
0.080018,-1,14,10000.256000,17.828000,415.403451,202.986089,360.000000,589,-55.403451,PI,FIFO,true,PI_FIFO,386.179589
0.090018,-1,13,10000.053000,17.881000,404.312668,233.185076,360.000000,562,-44.312668,PI,FIFO,true,PI_FIFO,395.246129
0.100018,-1,13,10000.201000,18.082000,387.218908,256.290151,360.000000,555,-27.218908,PI,FIFO,true,PI_FIFO,391.232518
0.110018,-1,13,9999.423000,17.505000,375.400427,274.156692,360.000000,556,-15.400427,PI,FIFO,true,PI_FIFO,383.316473
0.120018,-1,13,10000.441000,17.946000,358.166189,286.758117,360.000000,570,1.833811,PI,FIFO,true,PI_FIFO,370.741331
0.130020,-1,14,10001.719000,19.665000,349.627064,296.188459,360.000000,584,10.372936,PI,FIFO,true,PI_FIFO,360.184198
0.140018,-1,14,9998.164000,17.829000,341.820613,303.033282,360.000000,601,18.179387,PI,FIFO,true,PI_FIFO,351.002405
0.150018,-1,14,10000.201000,18.030000,341.820613,308.851382,360.000000,613,18.179387,PI,FIFO,true,PI_FIFO,346.411509
0.160018,-1,15,9999.627000,17.657000,339.498189,313.448403,360.000000,625,20.501811,PI,FIFO,true,PI_FIFO,342.954849
0.170018,-1,15,10000.200000,17.857000,346.100600,318.346232,360.000000,629,13.899400,PI,FIFO,true,PI_FIFO,344.527724
0.180018,-1,15,10000.386000,18.243000,346.306069,322.540208,360.000000,634,13.693931,PI,FIFO,true,PI_FIFO,345.416897
0.190029,-1,15,10011.146000,29.389000,350.685786,326.762044,360.000000,635,9.314214,PI,FIFO,true,PI_FIFO,348.051341
0.200016,-1,15,9986.534000,15.923000,353.329146,330.747110,360.000000,635,6.670854,PI,FIFO,true,PI_FIFO,350.690243
0.210018,-1,15,10002.386000,18.309000,357.142857,334.706472,360.000000,633,2.857143,PI,FIFO,true,PI_FIFO,353.916550
0.220017,-1,15,9999.127000,17.436000,357.434641,338.115697,360.000000,632,2.565359,PI,FIFO,true,PI_FIFO,355.675595
0.230023,-1,15,10005.126000,22.562000,360.923965,341.536937,360.000000,629,-0.923965,PI,FIFO,true,PI_FIFO,358.299780
0.240022,-1,15,9999.312000,21.874000,365.449584,345.123834,360.000000,624,-5.449584,PI,FIFO,true,PI_FIFO,361.874682
0.250020,-1,15,9997.794000,19.668000,362.844702,347.781965,360.000000,622,-2.844702,PI,FIFO,true,PI_FIFO,362.359692
0.260018,-1,15,9998.497000,18.165000,360.761929,349.728959,360.000000,623,-0.761929,PI,FIFO,true,PI_FIFO,361.560811
0.270022,-1,15,10003.978000,22.143000,358.166189,350.994544,360.000000,625,1.833811,PI,FIFO,true,PI_FIFO,359.863500
0.280021,-1,15,9999.238000,21.381000,357.240065,351.931372,360.000000,627,2.759935,PI,FIFO,true,PI_FIFO,358.551783
0.290035,-1,15,10013.590000,34.971000,352.775165,352.057941,360.000000,633,7.224835,PI,FIFO,true,PI_FIFO,355.663474
0.300016,-1,15,9980.719000,15.690000,354.921579,352.487487,360.000000,636,5.078421,PI,FIFO,true,PI_FIFO,355.292526
0.310022,-1,15,10006.053000,21.743000,353.852131,352.692183,360.000000,639,6.147869,PI,FIFO,true,PI_FIFO,354.572329
0.320033,-1,15,10011.200000,32.943000,360.378913,353.845193,360.000000,636,-0.378913,PI,FIFO,true,PI_FIFO,357.475621
0.330038,-1,15,10004.646000,37.589000,359.287174,354.661490,360.000000,635,0.712826,PI,FIFO,true,PI_FIFO,358.381398
0.340039,-1,15,10001.275000,38.864000,363.020329,355.915316,360.000000,632,-3.020329,PI,FIFO,true,PI_FIFO,360.700863
0.350041,-1,15,10001.849000,40.713000,361.445783,356.744886,360.000000,631,-1.445783,PI,FIFO,true,PI_FIFO,361.073323
0.360031,-1,15,9990.034000,30.747000,361.689815,357.486625,360.000000,630,-1.689815,PI,FIFO,true,PI_FIFO,361.381569
0.370021,-1,15,9990.034000,20.781000,359.367513,357.768758,360.000000,631,0.632487,PI,FIFO,true,PI_FIFO,360.374541
0.380019,-1,15,9997.978000,18.759000,363.184401,358.581105,360.000000,628,-3.184401,PI,FIFO,true,PI_FIFO,361.779471
0.390019,-1,15,9999.905000,18.664000,362.318841,359.141765,360.000000,627,-2.318841,PI,FIFO,true,PI_FIFO,362.049156
0.400018,-1,15,9999.349000,18.013000,366.784038,360.288106,360.000000,622,-6.784038,PI,FIFO,true,PI_FIFO,364.416597
0.410026,-1,15,10007.793000,25.806000,363.936335,360.835340,360.000000,621,-3.936335,PI,FIFO,true,PI_FIFO,364.176466
0.420017,-1,15,9991.219000,17.025000,364.653563,361.408074,360.000000,618,-4.653563,PI,FIFO,true,PI_FIFO,364.415014
0.430016,-1,15,9998.738000,15.763000,358.680057,360.998871,360.000000,622,1.319943,PI,FIFO,true,PI_FIFO,361.547536
0.440021,-1,15,10005.405000,21.168000,356.270358,360.289594,360.000000,626,3.729642,PI,FIFO,true,PI_FIFO,358.908947
0.450016,-1,15,9994.608000,15.776000,354.777673,359.462806,360.000000,630,5.222327,PI,FIFO,true,PI_FIFO,356.843310
0.460015,-1,15,9999.719000,15.495000,354.576399,358.729845,360.000000,634,5.423601,PI,FIFO,true,PI_FIFO,355.709855
0.470015,-1,15,9999.757000,15.252000,352.632993,357.815317,360.000000,638,7.367007,PI,FIFO,true,PI_FIFO,354.171424
0.480017,-1,15,10001.886000,17.138000,356.294537,357.587200,360.000000,639,3.705463,PI,FIFO,true,PI_FIFO,355.232980
0.490016,-1,15,9999.349000,16.487000,361.445783,358.165988,360.000000,635,-1.445783,PI,FIFO,true,PI_FIFO,358.339382
0.500020,-1,15,10003.219000,19.706000,360.947125,358.583158,360.000000,633,-0.947125,PI,FIFO,true,PI_FIFO,359.643253
0.510019,-1,15,9999.053000,18.759000,362.004054,359.096293,360.000000,631,-2.004054,PI,FIFO,true,PI_FIFO,360.823654
0.520015,-1,15,9996.700000,15.459000,362.772160,359.647673,360.000000,629,-2.772160,PI,FIFO,true,PI_FIFO,361.797907
0.530021,-1,15,10005.868000,21.327000,363.196126,360.179941,360.000000,627,-3.196126,PI,FIFO,true,PI_FIFO,362.497016
0.540018,-1,15,9997.052000,18.379000,359.786184,360.120877,360.000000,629,0.213816,PI,FIFO,true,PI_FIFO,361.141600
0.550018,-1,15,10000.053000,18.432000,361.722651,360.361143,360.000000,628,-1.722651,PI,FIFO,true,PI_FIFO,361.432126
0.560018,-1,15,9999.645000,18.077000,362.569061,360.692331,360.000000,626,-2.569061,PI,FIFO,true,PI_FIFO,362.000593
0.570018,-1,15,10000.183000,18.260000,366.042719,361.494889,360.000000,621,-6.042719,PI,FIFO,true,PI_FIFO,364.021656
0.580015,-1,15,9996.441000,14.701000,361.172262,361.446495,360.000000,622,-1.172262,PI,FIFO,true,PI_FIFO,362.596959
0.590029,-1,15,10014.645000,29.346000,363.206472,361.710492,360.000000,621,-3.206472,PI,FIFO,true,PI_FIFO,362.901716
0.600016,-1,15,9986.959000,16.305000,358.606557,361.244902,360.000000,623,1.393443,PI,FIFO,true,PI_FIFO,360.754137
0.610020,-1,15,10003.367000,19.672000,356.667301,360.558261,360.000000,627,3.332699,PI,FIFO,true,PI_FIFO,358.710719
0.620015,-1,15,9995.126000,14.798000,351.688103,359.227738,360.000000,634,8.311897,PI,FIFO,true,PI_FIFO,355.199411
0.630021,-1,15,10006.311000,21.109000,356.091539,358.757308,360.000000,635,3.908461,PI,FIFO,true,PI_FIFO,355.645475
0.640018,-1,15,9997.033000,18.142000,353.720193,358.001741,360.000000,638,6.279807,PI,FIFO,true,PI_FIFO,354.682834
0.650019,-1,15,10000.700000,18.842000,359.333078,358.201441,360.000000,636,0.666922,PI,FIFO,true,PI_FIFO,357.007956
0.660015,-1,15,9996.311000,15.153000,361.769570,358.736661,360.000000,633,-1.769570,PI,FIFO,true,PI_FIFO,359.388763
0.670019,-1,15,10003.607000,18.760000,362.578488,359.312935,360.000000,631,-2.578488,PI,FIFO,true,PI_FIFO,360.983625
0.680015,-1,15,9996.460000,15.220000,359.195402,359.295305,360.000000,632,0.804598,PI,FIFO,true,PI_FIFO,360.089514
0.690018,-1,15,10002.922000,18.142000,360.889231,359.534394,360.000000,631,-0.889231,PI,FIFO,true,PI_FIFO,360.489372
0.700015,-1,15,9996.607000,14.749000,361.169612,359.779676,360.000000,630,-1.169612,PI,FIFO,true,PI_FIFO,360.829492
0.710018,-1,15,10003.626000,18.375000,361.969112,360.108092,360.000000,629,-1.969112,PI,FIFO,true,PI_FIFO,361.399302
0.720019,-1,15,10000.830000,19.205000,361.875965,360.373273,360.000000,628,-1.875965,PI,FIFO,true,PI_FIFO,361.637634
0.730019,-1,15,9999.848000,19.053000,363.689264,360.870671,360.000000,625,-3.689264,PI,FIFO,true,PI_FIFO,362.663449
0.740015,-1,15,9995.977000,15.030000,366.401772,361.700336,360.000000,621,-6.401772,PI,FIFO,true,PI_FIFO,364.532610
0.750018,-1,15,10003.219000,18.249000,363.407307,361.956382,360.000000,620,-3.407307,PI,FIFO,true,PI_FIFO,363.969959
0.760015,-1,15,9996.552000,14.801000,360.761929,361.777214,360.000000,621,-0.761929,PI,FIFO,true,PI_FIFO,362.365944
0.770018,-1,15,10003.144000,17.945000,357.653791,361.158701,360.000000,625,2.346209,PI,FIFO,true,PI_FIFO,360.009868
0.780021,-1,15,10002.941000,20.886000,357.980580,360.681983,360.000000,626,2.019420,PI,FIFO,true,PI_FIFO,358.995224
0.790026,-1,15,10005.588000,26.474000,353.068232,359.539920,360.000000,632,6.931768,PI,FIFO,true,PI_FIFO,356.031728
0.800019,-1,15,9992.460000,18.934000,354.768083,358.824144,360.000000,635,5.231917,PI,FIFO,true,PI_FIFO,355.399906
0.810017,-1,15,9998.440000,17.374000,354.945575,358.242359,360.000000,637,5.054425,PI,FIFO,true,PI_FIFO,355.172740
0.820018,-1,15,10000.552000,17.926000,359.589041,358.444361,360.000000,635,0.410959,PI,FIFO,true,PI_FIFO,357.380891
0.830018,-1,15,10000.570000,18.496000,360.088116,358.690925,360.000000,634,-0.088116,PI,FIFO,true,PI_FIFO,358.734503
0.840018,-1,15,9999.311000,17.807000,361.969112,359.182653,360.000000,632,-1.969112,PI,FIFO,true,PI_FIFO,360.351808
0.850022,-1,15,10004.108000,21.915000,362.143892,359.626839,360.000000,630,-2.143892,PI,FIFO,true,PI_FIFO,361.247850
0.860026,-1,15,10004.496000,26.411000,363.559979,360.216810,360.000000,627,-3.559979,PI,FIFO,true,PI_FIFO,362.403915
0.870019,-1,15,9992.885000,19.296000,359.884837,360.167014,360.000000,628,0.115163,PI,FIFO,true,PI_FIFO,361.144376
0.880018,-1,15,9998.404000,17.700000,363.559979,360.675959,360.000000,626,-3.559979,PI,FIFO,true,PI_FIFO,362.352177
0.890017,-1,15,9999.718000,17.418000,360.750361,360.687119,360.000000,626,-0.750361,PI,FIFO,true,PI_FIFO,361.551269
0.900019,-1,15,10001.107000,18.525000,365.070093,361.344565,360.000000,622,-5.070093,PI,FIFO,true,PI_FIFO,363.310681
0.910025,-1,15,10005.978000,24.503000,363.724539,361.701561,360.000000,621,-3.724539,PI,FIFO,true,PI_FIFO,363.517610
0.920029,-1,15,10004.441000,28.944000,363.689264,361.999717,360.000000,619,-3.689264,PI,FIFO,true,PI_FIFO,363.603437
0.930059,-1,15,10030.329000,59.273000,357.240065,361.285769,360.000000,623,2.759935,PI,FIFO,true,PI_FIFO,360.421751
0.940032,-1,15,9972.997000,32.270000,355.472700,360.413809,360.000000,628,4.527300,PI,FIFO,true,PI_FIFO,357.947225
0.950025,-1,15,9992.385000,24.655000,352.278065,359.193447,360.000000,634,7.721935,PI,FIFO,true,PI_FIFO,355.112645
0.960032,-1,15,10006.940000,31.595000,353.811732,358.386190,360.000000,637,6.188268,PI,FIFO,true,PI_FIFO,354.462188
0.970021,-1,15,9989.034000,20.629000,353.440151,357.644284,360.000000,640,6.559849,PI,FIFO,true,PI_FIFO,353.951170
0.980015,-1,15,9994.644000,15.273000,357.642421,357.644004,360.000000,639,2.357579,PI,FIFO,true,PI_FIFO,355.796795
0.990019,-1,15,10003.552000,18.825000,362.143892,358.318988,360.000000,635,-2.143892,PI,FIFO,true,PI_FIFO,358.970344
1.000015,-1,15,9996.552000,15.377000,361.371145,358.776811,360.000000,633,-1.371145,PI,FIFO,true,PI_FIFO,360.170744
1.010016,-1,15,10000.885000,16.262000,363.196126,359.439708,360.000000,631,-3.196126,PI,FIFO,true,PI_FIFO,361.683435
1.020017,-1,15,10000.440000,16.702000,362.875683,359.955105,360.000000,629,-2.875683,PI,FIFO,true,PI_FIFO,362.279559
1.030014,-1,15,9997.034000,13.736000,364.785992,360.679738,360.000000,626,-4.785992,PI,FIFO,true,PI_FIFO,363.532776
1.040017,-1,15,10002.792000,16.528000,361.097737,360.742438,360.000000,626,-1.097737,PI,FIFO,true,PI_FIFO,362.315256
1.050016,-1,15,9999.756000,16.284000,363.171002,361.106722,360.000000,625,-3.171002,PI,FIFO,true,PI_FIFO,362.743129
1.060016,-1,15,9999.699000,15.983000,362.215909,361.273100,360.000000,624,-2.215909,PI,FIFO,true,PI_FIFO,362.479519
1.070020,-1,15,10003.571000,19.554000,365.853659,361.960184,360.000000,620,-5.853659,PI,FIFO,true,PI_FIFO,364.166589
1.080016,-1,15,9996.422000,15.976000,359.983544,361.663688,360.000000,622,0.016456,PI,FIFO,true,PI_FIFO,362.075066
1.090017,-1,15,10001.292000,17.268000,362.844702,361.840840,360.000000,620,-2.844702,PI,FIFO,true,PI_FIFO,362.459884
1.100018,-1,15,10000.997000,18.265000,357.460600,361.183804,360.000000,624,2.539400,PI,FIFO,true,PI_FIFO,359.960242
1.110019,-1,15,10000.274000,18.539000,356.294537,360.450414,360.000000,627,3.705463,PI,FIFO,true,PI_FIFO,358.127389
1.120019,-1,15,10000.255000,18.794000,351.650413,359.130414,360.000000,634,8.349587,PI,FIFO,true,PI_FIFO,354.888901
1.130017,-1,15,9998.552000,17.346000,355.147268,358.532942,360.000000,636,4.852732,PI,FIFO,true,PI_FIFO,355.018084
1.140026,-1,15,10008.922000,26.268000,353.773585,357.819038,360.000000,639,6.226415,PI,FIFO,true,PI_FIFO,354.395835
1.150019,-1,15,9992.941000,19.209000,358.567370,357.931288,360.000000,638,1.432630,PI,FIFO,true,PI_FIFO,356.481602
1.160015,-1,15,9995.477000,14.686000,360.611597,358.333334,360.000000,635,-0.611597,PI,FIFO,true,PI_FIFO,358.546600
1.170018,-1,15,10003.460000,18.146000,365.259740,359.372295,360.000000,630,-5.259740,PI,FIFO,true,PI_FIFO,361.903170
1.180018,-1,15,9999.996000,18.142000,360.923965,359.605046,360.000000,630,-0.923965,PI,FIFO,true,PI_FIFO,361.413568
1.190019,-1,15,10000.755000,18.897000,362.809598,360.085729,360.000000,628,-2.809598,PI,FIFO,true,PI_FIFO,362.111583
1.200019,-1,15,9999.756000,18.653000,360.923965,360.211464,360.000000,628,-0.923965,PI,FIFO,true,PI_FIFO,361.517774
1.210019,-1,15,9999.903000,18.556000,360.775151,360.296017,360.000000,628,-0.775151,PI,FIFO,true,PI_FIFO,361.146463
1.220018,-1,15,9999.386000,17.942000,360.903533,360.387144,360.000000,628,-0.903533,PI,FIFO,true,PI_FIFO,361.024998
1.230018,-1,15,10000.292000,18.234000,364.178690,360.955876,360.000000,625,-4.178690,PI,FIFO,true,PI_FIFO,362.601844
1.240018,-1,15,9999.367000,17.601000,365.371389,361.618203,360.000000,621,-5.371389,PI,FIFO,true,PI_FIFO,363.986617
1.250018,-1,15,10000.718000,18.319000,363.171002,361.851123,360.000000,620,-3.171002,PI,FIFO,true,PI_FIFO,363.578809
1.260018,-1,15,9999.478000,17.797000,360.923965,361.712049,360.000000,621,-0.923965,PI,FIFO,true,PI_FIFO,362.251387
1.270018,-1,15,10000.422000,18.219000,356.916244,360.992679,360.000000,625,3.083756,PI,FIFO,true,PI_FIFO,359.583815
1.280018,-1,15,9999.570000,17.789000,356.463878,360.313358,360.000000,628,3.536122,PI,FIFO,true,PI_FIFO,358.023847
1.290018,-1,15,10000.348000,18.137000,353.506787,359.292373,360.000000,633,6.493213,PI,FIFO,true,PI_FIFO,355.765317
1.300019,-1,15,10000.534000,18.671000,355.293077,358.692478,360.000000,635,4.706923,PI,FIFO,true,PI_FIFO,355.529197
1.310018,-1,15,9999.737000,18.408000,355.787476,358.256728,360.000000,637,4.212524,PI,FIFO,true,PI_FIFO,355.658337
1.320018,-1,15,9999.737000,18.145000,360.181120,358.545387,360.000000,634,-0.181120,PI,FIFO,true,PI_FIFO,357.919728
1.330018,-1,15,10000.125000,18.270000,359.505321,358.689377,360.000000,634,0.494679,PI,FIFO,true,PI_FIFO,358.712524
1.340027,-1,15,10008.534000,26.804000,363.034387,359.341128,360.000000,631,-3.034387,PI,FIFO,true,PI_FIFO,360.873456
1.350019,-1,15,9992.348000,19.152000,361.969112,359.735326,360.000000,629,-1.969112,PI,FIFO,true,PI_FIFO,361.421284
1.360019,-1,15,9999.589000,18.741000,362.996902,360.224562,360.000000,627,-2.996902,PI,FIFO,true,PI_FIFO,362.209093
1.370018,-1,15,9999.329000,18.070000,359.712230,360.147713,360.000000,629,0.287770,PI,FIFO,true,PI_FIFO,360.960662
1.380015,-1,15,9996.885000,14.955000,362.248841,360.462882,360.000000,627,-2.248841,PI,FIFO,true,PI_FIFO,361.604751
1.390019,-1,15,10003.756000,18.711000,360.923965,360.532044,360.000000,627,-0.923965,PI,FIFO,true,PI_FIFO,361.264358
1.400015,-1,15,9996.385000,15.096000,363.976705,361.048744,360.000000,624,-3.976705,PI,FIFO,true,PI_FIFO,362.620532
1.410021,-1,15,10005.626000,20.722000,363.041002,361.347582,360.000000,622,-3.041002,PI,FIFO,true,PI_FIFO,362.830767
1.420015,-1,15,9994.385000,15.107000,364.313472,361.792466,360.000000,620,-4.313472,PI,FIFO,true,PI_FIFO,363.572119
1.430018,-1,15,10002.996000,18.103000,358.920368,361.361651,360.000000,623,1.079632,PI,FIFO,true,PI_FIFO,361.246243
1.440018,-1,15,9999.830000,17.933000,357.460600,360.776493,360.000000,626,2.539400,PI,FIFO,true,PI_FIFO,359.353422
1.450018,-1,15,10000.199000,18.132000,354.442344,359.826371,360.000000,630,5.557656,PI,FIFO,true,PI_FIFO,356.897883
1.460018,-1,15,10000.108000,18.240000,354.883193,359.084894,360.000000,633,5.116807,PI,FIFO,true,PI_FIFO,355.890538
1.470018,-1,15,9999.718000,17.958000,354.141090,358.343324,360.000000,637,5.858910,PI,FIFO,true,PI_FIFO,355.015814
1.480023,-1,15,10005.330000,23.288000,355.691057,357.945484,360.000000,638,4.308943,PI,FIFO,true,PI_FIFO,355.353435
1.490025,-1,15,10002.107000,25.395000,361.722651,358.512059,360.000000,634,-1.722651,PI,FIFO,true,PI_FIFO,358.538043
1.500019,-1,15,9993.682000,19.077000,361.318088,358.932963,360.000000,632,-1.318088,PI,FIFO,true,PI_FIFO,359.928066
1.510018,-1,15,9999.144000,18.221000,361.934176,359.383145,360.000000,631,-1.934176,PI,FIFO,true,PI_FIFO,360.931121
1.520018,-1,15,9999.607000,17.828000,362.609128,359.867043,360.000000,629,-2.609128,PI,FIFO,true,PI_FIFO,361.770125
1.530019,-1,15,10000.793000,18.621000,362.380628,360.244080,360.000000,627,-2.380628,PI,FIFO,true,PI_FIFO,362.075376
1.540025,-1,15,10006.014000,24.635000,359.786184,360.175396,360.000000,629,0.213816,PI,FIFO,true,PI_FIFO,360.930780
1.550019,-1,15,9994.608000,19.243000,362.669246,360.549473,360.000000,627,-2.669246,PI,FIFO,true,PI_FIFO,361.800013
1.560018,-1,15,9998.978000,18.221000,362.248841,360.804378,360.000000,626,-2.248841,PI,FIFO,true,PI_FIFO,362.024427
1.570019,-1,15,10001.218000,19.439000,366.032211,361.588553,360.000000,621,-6.032211,PI,FIFO,true,PI_FIFO,364.028319
1.580018,-1,15,9998.718000,18.157000,360.947125,361.492339,360.000000,622,-0.947125,PI,FIFO,true,PI_FIFO,362.487722
1.590018,-1,15,10000.274000,18.431000,361.620058,361.511497,360.000000,622,-1.620058,PI,FIFO,true,PI_FIFO,362.053890
1.600019,-1,15,10000.718000,19.149000,357.061243,360.843959,360.000000,626,2.938757,PI,FIFO,true,PI_FIFO,359.557567
1.610018,-1,15,9999.273000,18.422000,355.688486,360.070638,360.000000,629,4.311514,PI,FIFO,true,PI_FIFO,357.623026
1.620015,-1,15,9996.866000,15.288000,352.941176,359.001219,360.000000,635,7.058824,PI,FIFO,true,PI_FIFO,355.282101
1.630019,-1,15,10003.440000,18.728000,357.061243,358.710222,360.000000,635,2.938757,PI,FIFO,true,PI_FIFO,356.171672
1.640018,-1,15,9999.162000,17.890000,354.979175,358.150565,360.000000,638,5.020825,PI,FIFO,true,PI_FIFO,355.575423
1.650018,-1,15,10000.162000,18.052000,359.786184,358.395908,360.000000,636,0.213816,PI,FIFO,true,PI_FIFO,357.680804
1.660018,-1,15,9999.847000,17.899000,361.445783,358.853389,360.000000,633,-1.445783,PI,FIFO,true,PI_FIFO,359.563293
1.670018,-1,15,10000.180000,18.079000,364.313472,359.672402,360.000000,629,-4.313472,PI,FIFO,true,PI_FIFO,361.938382
1.680026,-1,15,10007.811000,25.890000,361.620058,359.964550,360.000000,628,-1.620058,PI,FIFO,true,PI_FIFO,361.779220
1.690020,-1,15,9993.847000,19.737000,362.622486,360.363240,360.000000,627,-2.622486,PI,FIFO,true,PI_FIFO,362.200853
1.700019,-1,15,9999.402000,19.139000,362.143892,360.630338,360.000000,626,-2.143892,PI,FIFO,true,PI_FIFO,362.172372
1.710019,-1,15,9999.477000,18.616000,360.539945,360.616779,360.000000,627,-0.539945,PI,FIFO,true,PI_FIFO,361.356159
1.720019,-1,15,10000.496000,19.112000,360.438293,360.590006,360.000000,627,-0.438293,PI,FIFO,true,PI_FIFO,360.897226
1.730018,-1,15,9999.143000,18.255000,361.570248,360.737042,360.000000,626,-1.570248,PI,FIFO,true,PI_FIFO,361.233737
1.740026,-1,15,10008.162000,26.417000,365.538991,361.457335,360.000000,622,-5.538991,PI,FIFO,true,PI_FIFO,363.386364
1.750018,-1,15,9992.051000,18.468000,362.970133,361.684254,360.000000,621,-2.970133,PI,FIFO,true,PI_FIFO,363.178248
1.760018,-1,15,9999.458000,17.926000,360.750361,361.544170,360.000000,621,-0.750361,PI,FIFO,true,PI_FIFO,361.964305
1.770018,-1,15,10000.237000,18.163000,357.460600,360.931635,360.000000,625,2.539400,PI,FIFO,true,PI_FIFO,359.712452
1.780023,-1,15,10004.847000,23.010000,356.429997,360.256389,360.000000,628,3.570003,PI,FIFO,true,PI_FIFO,358.071225
1.790020,-1,15,9996.699000,19.709000,352.103230,359.033415,360.000000,634,7.896770,PI,FIFO,true,PI_FIFO,355.087227
1.800016,-1,15,9996.310000,16.019000,355.113636,358.445448,360.000000,636,4.886364,PI,FIFO,true,PI_FIFO,355.100432
1.810018,-1,15,10002.125000,18.144000,354.609929,357.870121,360.000000,638,5.390071,PI,FIFO,true,PI_FIFO,354.855180
1.820018,-1,15,9999.866000,18.010000,360.378913,358.246439,360.000000,636,-0.378913,PI,FIFO,true,PI_FIFO,357.617047
1.830017,-1,15,9999.440000,17.450000,359.712230,358.466308,360.000000,635,0.287770,PI,FIFO,true,PI_FIFO,358.664638
1.840017,-1,15,9999.958000,17.408000,362.809598,359.117801,360.000000,631,-2.809598,PI,FIFO,true,PI_FIFO,360.737118
1.850018,-1,15,10000.421000,17.829000,361.097737,359.414792,360.000000,631,-1.097737,PI,FIFO,true,PI_FIFO,360.917428
1.860017,-1,15,9999.495000,17.324000,361.838720,359.778381,360.000000,630,-1.838720,PI,FIFO,true,PI_FIFO,361.378074
1.870018,-1,15,10000.348000,17.672000,358.200401,359.541684,360.000000,632,1.799599,PI,FIFO,true,PI_FIFO,359.789237
1.880017,-1,15,9999.791000,17.463000,364.785992,360.328330,360.000000,627,-4.785992,PI,FIFO,true,PI_FIFO,362.287615
1.890017,-1,15,9999.940000,17.403000,361.230734,360.463691,360.000000,627,-1.230734,PI,FIFO,true,PI_FIFO,361.759175
1.900017,-1,15,10000.033000,17.436000,365.598886,361.233970,360.000000,623,-5.598886,PI,FIFO,true,PI_FIFO,363.679030
1.910017,-1,15,9999.921000,17.357000,363.041002,361.505025,360.000000,622,-3.041002,PI,FIFO,true,PI_FIFO,363.360016
1.920017,-1,15,9999.958000,17.315000,365.802676,362.149673,360.000000,619,-5.802676,PI,FIFO,true,PI_FIFO,364.581346
1.930018,-1,15,10000.421000,17.736000,357.985175,361.524998,360.000000,623,2.014825,PI,FIFO,true,PI_FIFO,361.283261
1.940018,-1,15,10000.681000,18.417000,357.434641,360.911444,360.000000,626,2.565359,PI,FIFO,true,PI_FIFO,359.358951
1.950020,-1,15,10001.440000,19.857000,356.125356,360.193531,360.000000,629,3.874644,PI,FIFO,true,PI_FIFO,357.742153
1.960026,-1,15,10005.977000,25.834000,354.576399,359.350961,360.000000,633,5.423601,PI,FIFO,true,PI_FIFO,356.159276
1.970019,-1,15,9993.625000,19.459000,353.293639,358.442363,360.000000,637,6.706361,PI,FIFO,true,PI_FIFO,354.726458
1.980014,-1,15,9995.032000,14.491000,355.508646,358.002305,360.000000,638,4.491354,PI,FIFO,true,PI_FIFO,355.117552
1.990018,-1,15,10003.699000,18.190000,361.097737,358.466620,360.000000,635,-1.097737,PI,FIFO,true,PI_FIFO,358.107644
2.000015,-1,15,9996.458000,14.648000,361.172262,358.872466,360.000000,633,-1.172262,PI,FIFO,true,PI_FIFO,359.639953
2.010018,-1,15,10003.848000,18.496000,362.875683,359.472949,360.000000,630,-2.875683,PI,FIFO,true,PI_FIFO,361.257818
2.020015,-1,15,9996.199000,14.695000,361.969112,359.847373,360.000000,629,-1.969112,PI,FIFO,true,PI_FIFO,361.613465
2.030019,-1,15,10004.384000,19.079000,363.724539,360.428948,360.000000,627,-3.724539,PI,FIFO,true,PI_FIFO,362.669002
2.040018,-1,15,9999.329000,18.408000,359.838792,360.340425,360.000000,628,0.161208,PI,FIFO,true,PI_FIFO,361.253897
2.050018,-1,15,9999.736000,18.144000,361.969112,360.584728,360.000000,627,-1.969112,PI,FIFO,true,PI_FIFO,361.611505
2.060018,-1,15,10000.310000,18.454000,361.503856,360.722597,360.000000,626,-1.503856,PI,FIFO,true,PI_FIFO,361.557680
2.070018,-1,15,9999.625000,18.079000,366.032211,361.519039,360.000000,622,-6.032211,PI,FIFO,true,PI_FIFO,363.794946
2.080017,-1,15,9999.273000,17.352000,362.283837,361.633759,360.000000,621,-2.283837,PI,FIFO,true,PI_FIFO,363.039391
2.090018,-1,15,10000.532000,17.884000,362.472935,361.759635,360.000000,621,-2.472935,PI,FIFO,true,PI_FIFO,362.756163
2.100018,-1,15,10000.033000,17.917000,357.824427,361.169354,360.000000,624,2.175573,PI,FIFO,true,PI_FIFO,360.290295
2.110018,-1,15,10000.032000,17.949000,354.729730,360.203411,360.000000,629,5.270270,PI,FIFO,true,PI_FIFO,357.510013
2.120021,-1,15,10002.625000,20.574000,351.617440,358.915515,360.000000,635,8.382560,PI,FIFO,true,PI_FIFO,354.563726
2.130017,-1,15,9996.921000,17.495000,355.652504,358.426063,360.000000,636,4.347496,PI,FIFO,true,PI_FIFO,355.108115
2.140018,-1,15,10000.996000,18.491000,354.934377,357.902310,360.000000,639,5.065623,PI,FIFO,true,PI_FIFO,355.021246
2.150018,-1,15,9999.236000,17.727000,358.737245,358.027550,360.000000,637,1.262755,PI,FIFO,true,PI_FIFO,356.879245
2.160018,-1,15,9999.995000,17.722000,361.445783,358.540285,360.000000,634,-1.445783,PI,FIFO,true,PI_FIFO,359.162514
2.170018,-1,15,10000.088000,17.810000,364.313472,359.406263,360.000000,630,-4.313472,PI,FIFO,true,PI_FIFO,361.737993
2.180018,-1,15,9999.792000,17.602000,361.620058,359.738332,360.000000,630,-1.620058,PI,FIFO,true,PI_FIFO,361.679025
2.190036,-1,15,10018.069000,35.671000,363.372093,360.283397,360.000000,627,-3.372093,PI,FIFO,true,PI_FIFO,362.525559
2.200035,-1,15,9998.903000,34.574000,362.318841,360.588713,360.000000,626,-2.318841,PI,FIFO,true,PI_FIFO,362.422200
2.210021,-1,15,9985.995000,20.569000,362.996902,360.949942,360.000000,625,-2.996902,PI,FIFO,true,PI_FIFO,362.709551
2.220018,-1,15,9997.422000,17.991000,361.585189,361.045229,360.000000,625,-1.585189,PI,FIFO,true,PI_FIFO,362.147370
2.230019,-1,15,10000.643000,18.634000,363.221924,361.371733,360.000000,623,-3.221924,PI,FIFO,true,PI_FIFO,362.684647
2.240020,-1,15,10001.607000,20.241000,364.785992,361.883872,360.000000,620,-4.785992,PI,FIFO,true,PI_FIFO,363.735320
2.250018,-1,15,9997.810000,18.051000,362.435567,361.966626,360.000000,620,-2.435567,PI,FIFO,true,PI_FIFO,363.085443
2.260018,-1,15,9999.551000,17.602000,358.989087,361.519995,360.000000,622,1.010913,PI,FIFO,true,PI_FIFO,361.037265
2.270018,-1,15,10000.680000,18.282000,356.309045,360.738353,360.000000,626,3.690955,PI,FIFO,true,PI_FIFO,358.673155
2.280019,-1,15,10000.829000,19.111000,355.956336,360.021050,360.000000,629,4.043664,PI,FIFO,true,PI_FIFO,357.314746
2.290019,-1,15,9999.792000,18.903000,352.065451,358.827710,360.000000,635,7.934549,PI,FIFO,true,PI_FIFO,354.690098
2.300022,-1,15,10003.217000,22.120000,353.107345,357.969655,360.000000,638,6.892655,PI,FIFO,true,PI_FIFO,353.898721
2.310020,-1,15,9997.422000,19.542000,354.346652,357.426205,360.000000,641,5.653348,PI,FIFO,true,PI_FIFO,354.122687
2.320018,-1,15,9998.643000,18.185000,360.088116,357.825492,360.000000,638,-0.088116,PI,FIFO,true,PI_FIFO,357.105401
2.330018,-1,15,9999.940000,18.125000,360.576923,358.238206,360.000000,636,-0.576923,PI,FIFO,true,PI_FIFO,358.841162
2.340030,-1,15,10011.588000,29.713000,364.963504,359.247001,360.000000,631,-4.963504,PI,FIFO,true,PI_FIFO,361.902333
2.350020,-1,15,9990.088000,19.801000,362.809598,359.781390,360.000000,629,-2.809598,PI,FIFO,true,PI_FIFO,362.355965
2.360019,-1,15,9998.828000,18.629000,364.785992,360.532081,360.000000,626,-4.785992,PI,FIFO,true,PI_FIFO,363.570979
2.370019,-1,15,9999.885000,18.514000,360.023041,360.455725,360.000000,627,-0.023041,PI,FIFO,true,PI_FIFO,361.797010
2.380019,-1,15,10000.440000,18.954000,363.724539,360.946047,360.000000,625,-3.724539,PI,FIFO,true,PI_FIFO,362.760775
2.390017,-1,15,9998.328000,17.282000,361.132512,360.974017,360.000000,625,-1.132512,PI,FIFO,true,PI_FIFO,361.946643
2.400018,-1,15,10000.644000,17.926000,365.319045,361.625771,360.000000,621,-5.319045,PI,FIFO,true,PI_FIFO,363.632844
2.410017,-1,15,9999.421000,17.347000,363.372093,361.887719,360.000000,620,-3.372093,PI,FIFO,true,PI_FIFO,363.502469
2.420019,-1,15,10001.551000,18.898000,363.901019,362.189714,360.000000,618,-3.901019,PI,FIFO,true,PI_FIFO,363.701744
2.430019,-1,15,10000.125000,19.023000,357.061243,361.420444,360.000000,623,2.938757,PI,FIFO,true,PI_FIFO,360.381493
2.440018,-1,15,9998.884000,17.907000,354.970214,360.452909,360.000000,628,5.029786,PI,FIFO,true,PI_FIFO,357.675854
2.450018,-1,15,10000.162000,18.069000,353.406842,359.395999,360.000000,632,6.593158,PI,FIFO,true,PI_FIFO,355.541348
2.460018,-1,15,10000.255000,18.324000,355.328987,358.785947,360.000000,634,4.671013,PI,FIFO,true,PI_FIFO,355.435168
2.470018,-1,15,9999.421000,17.745000,353.506787,357.994073,360.000000,638,6.493213,PI,FIFO,true,PI_FIFO,354.470977
2.480018,-1,15,9999.921000,17.666000,356.193009,357.723914,360.000000,639,3.806991,PI,FIFO,true,PI_FIFO,355.331993
2.490018,-1,15,10000.274000,17.940000,361.445783,358.282194,360.000000,635,-1.445783,PI,FIFO,true,PI_FIFO,358.388888
2.500015,-1,15,9997.365000,15.305000,361.503856,358.765443,360.000000,633,-1.503856,PI,FIFO,true,PI_FIFO,359.946372
2.510020,-1,15,10004.255000,19.560000,363.020329,359.403676,360.000000,630,-3.020329,PI,FIFO,true,PI_FIFO,361.483351
2.520018,-1,15,9998.477000,18.037000,362.062307,359.802471,360.000000,629,-2.062307,PI,FIFO,true,PI_FIFO,361.772829
2.530018,-1,15,9999.680000,17.717000,362.669246,360.232487,360.000000,628,-2.669246,PI,FIFO,true,PI_FIFO,362.221037
2.540018,-1,15,10000.255000,17.972000,360.378913,360.254451,360.000000,628,-0.378913,PI,FIFO,true,PI_FIFO,361.299975
2.550018,-1,15,10000.236000,18.208000,361.722651,360.474681,360.000000,627,-1.722651,PI,FIFO,true,PI_FIFO,361.511313
2.560018,-1,15,9999.773000,17.981000,362.168874,360.728810,360.000000,626,-2.168874,PI,FIFO,true,PI_FIFO,361.840094
2.570018,-1,15,10000.273000,18.254000,365.874656,361.500687,360.000000,622,-5.874656,PI,FIFO,true,PI_FIFO,363.857375
2.580015,-1,15,9996.866000,15.120000,360.775151,361.391856,360.000000,623,-0.775151,PI,FIFO,true,PI_FIFO,362.316263
2.590018,-1,15,10002.977000,18.097000,362.844702,361.609783,360.000000,622,-2.844702,PI,FIFO,true,PI_FIFO,362.580483
2.600015,-1,15,9996.828000,14.925000,357.824427,361.041980,360.000000,625,2.175573,PI,FIFO,true,PI_FIFO,360.202455
2.610018,-1,15,10003.031000,17.956000,357.483317,360.508181,360.000000,627,2.516683,PI,FIFO,true,PI_FIFO,358.842886
2.620015,-1,15,9996.754000,14.710000,352.405757,359.292817,360.000000,634,7.594243,PI,FIFO,true,PI_FIFO,355.624321
2.630018,-1,15,10003.272000,17.982000,355.483932,358.721484,360.000000,635,4.516068,PI,FIFO,true,PI_FIFO,355.554127
2.640014,-1,15,9996.143000,14.125000,354.729730,358.122721,360.000000,638,5.270270,PI,FIFO,true,PI_FIFO,355.141928
2.650018,-1,15,10003.587000,17.712000,358.166189,358.129241,360.000000,637,1.833811,PI,FIFO,true,PI_FIFO,356.654059
2.660018,-1,15,9999.939000,17.651000,361.652608,358.657746,360.000000,634,-1.652608,PI,FIFO,true,PI_FIFO,359.153333
2.670018,-1,15,10000.531000,18.182000,363.583479,359.396606,360.000000,630,-3.583479,PI,FIFO,true,PI_FIFO,361.368406
2.680018,-1,15,9999.495000,17.677000,360.761929,359.601405,360.000000,630,-0.761929,PI,FIFO,true,PI_FIFO,361.065168
2.690018,-1,15,10000.383000,18.060000,361.271676,359.851945,360.000000,630,-1.271676,PI,FIFO,true,PI_FIFO,361.168422
2.700018,-1,15,9999.902000,17.962000,360.403652,359.934701,360.000000,630,-0.403652,PI,FIFO,true,PI_FIFO,360.786037
2.710018,-1,15,10000.291000,18.253000,361.689815,360.197968,360.000000,629,-1.689815,PI,FIFO,true,PI_FIFO,361.237926
2.720017,-1,15,9999.106000,17.359000,361.794501,360.437448,360.000000,628,-1.794501,PI,FIFO,true,PI_FIFO,361.516213
2.730018,-1,15,10000.179000,17.538000,364.178690,360.998635,360.000000,625,-4.178690,PI,FIFO,true,PI_FIFO,362.847452
2.740018,-1,15,10000.921000,18.459000,365.874656,361.730038,360.000000,621,-5.874656,PI,FIFO,true,PI_FIFO,364.361054
2.750018,-1,15,9999.457000,17.916000,363.372093,361.976346,360.000000,620,-3.372093,PI,FIFO,true,PI_FIFO,363.866573
2.760020,-1,15,10002.161000,20.077000,359.367513,361.585021,360.000000,623,0.632487,PI,FIFO,true,PI_FIFO,361.617043
2.770019,-1,15,9998.550000,18.627000,356.657609,360.845909,360.000000,626,3.342391,PI,FIFO,true,PI_FIFO,359.137326
2.780019,-1,15,10000.254000,18.881000,356.972870,360.264953,360.000000,629,3.027130,PI,FIFO,true,PI_FIFO,358.055098
2.790018,-1,15,9999.291000,18.172000,352.632993,359.120159,360.000000,634,7.367007,PI,FIFO,true,PI_FIFO,355.344046
2.800018,-1,15,10000.235000,18.407000,354.274917,358.393373,360.000000,637,5.725083,PI,FIFO,true,PI_FIFO,354.809481
2.810018,-1,15,9999.421000,17.828000,355.293077,357.928329,360.000000,639,4.706923,PI,FIFO,true,PI_FIFO,355.051279
2.820015,-1,15,9997.309000,15.137000,360.923965,358.377674,360.000000,636,-0.923965,PI,FIFO,true,PI_FIFO,357.987622
2.830023,-1,15,10008.235000,23.372000,358.606557,358.412007,360.000000,636,1.393443,PI,FIFO,true,PI_FIFO,358.297090
2.840018,-1,15,9994.939000,18.311000,364.202468,359.280576,360.000000,631,-4.202468,PI,FIFO,true,PI_FIFO,361.249779
2.850019,-1,15,10000.661000,18.972000,362.569061,359.773849,360.000000,630,-2.569061,PI,FIFO,true,PI_FIFO,361.909420
2.860035,-1,15,10015.958000,34.930000,364.431487,360.472494,360.000000,627,-4.431487,PI,FIFO,true,PI_FIFO,363.170453
2.870030,-1,15,9995.272000,30.202000,360.576923,360.488159,360.000000,628,-0.576923,PI,FIFO,true,PI_FIFO,361.873688
2.880016,-1,15,9986.198000,16.400000,364.431487,361.079658,360.000000,624,-4.431487,PI,FIFO,true,PI_FIFO,363.152588
2.890019,-1,15,10002.106000,18.506000,361.875965,361.199104,360.000000,624,-1.875965,PI,FIFO,true,PI_FIFO,362.514276
2.900036,-1,15,10017.087000,35.593000,365.802676,361.889640,360.000000,620,-5.802676,PI,FIFO,true,PI_FIFO,364.158476
2.910029,-1,15,9993.605000,29.198000,363.041002,362.062344,360.000000,620,-3.041002,PI,FIFO,true,PI_FIFO,363.599739
2.920020,-1,15,9990.402000,19.600000,363.936335,362.343443,360.000000,618,-3.936335,PI,FIFO,true,PI_FIFO,363.768037
2.930019,-1,15,9999.087000,18.687000,357.483317,361.614424,360.000000,622,2.516683,PI,FIFO,true,PI_FIFO,360.625677
2.940017,-1,15,9998.291000,16.978000,354.729730,360.581720,360.000000,627,5.270270,PI,FIFO,true,PI_FIFO,357.677704
2.950019,-1,15,10001.569000,18.547000,352.278065,359.336172,360.000000,633,7.721935,PI,FIFO,true,PI_FIFO,354.977884
2.960031,-1,15,10012.180000,30.727000,353.392569,358.444631,360.000000,636,6.607431,PI,FIFO,true,PI_FIFO,354.185226
2.970019,-1,15,9988.753000,19.480000,352.443609,357.544478,360.000000,640,7.556391,PI,FIFO,true,PI_FIFO,353.314418
2.980018,-1,15,9998.810000,18.290000,356.851550,357.440539,360.000000,640,3.148450,PI,FIFO,true,PI_FIFO,355.082984
2.990019,-1,15,10000.439000,18.729000,361.230734,358.009068,360.000000,636,-1.230734,PI,FIFO,true,PI_FIFO,358.156859
3.000019,-1,15,9999.920000,18.649000,361.530410,358.537269,360.000000,634,-1.530410,PI,FIFO,true,PI_FIFO,359.843634
3.010018,-1,15,9999.643000,18.292000,362.004054,359.057287,360.000000,632,-2.004054,PI,FIFO,true,PI_FIFO,360.923844
3.020018,-1,15,9999.920000,18.212000,361.271676,359.389445,360.000000,632,-1.271676,PI,FIFO,true,PI_FIFO,361.097760
3.030018,-1,15,10000.198000,18.410000,363.748060,360.043238,360.000000,629,-3.748060,PI,FIFO,true,PI_FIFO,362.422910
3.040018,-1,15,9999.513000,17.923000,359.884837,360.019478,360.000000,630,0.115163,PI,FIFO,true,PI_FIFO,361.153874
3.050019,-1,15,10001.569000,19.492000,362.622486,360.409929,360.000000,628,-2.622486,PI,FIFO,true,PI_FIFO,361.888180
3.060018,-1,15,9998.513000,18.005000,363.372093,360.854253,360.000000,626,-3.372093,PI,FIFO,true,PI_FIFO,362.630136
3.070018,-1,15,9999.994000,17.999000,367.743201,361.887596,360.000000,620,-7.743201,PI,FIFO,true,PI_FIFO,365.186669
3.080015,-1,15,9996.828000,14.827000,362.493958,361.978550,360.000000,621,-2.493958,PI,FIFO,true,PI_FIFO,363.840314
3.090018,-1,15,10003.069000,17.896000,362.435567,362.047103,360.000000,620,-2.435567,PI,FIFO,true,PI_FIFO,363.137940
3.100026,-1,15,10008.513000,26.409000,358.166189,361.464965,360.000000,624,1.833811,PI,FIFO,true,PI_FIFO,360.652065
3.110018,-1,15,9991.439000,17.848000,357.395709,360.854577,360.000000,626,2.604291,PI,FIFO,true,PI_FIFO,359.023887
3.120018,-1,15,9999.920000,17.768000,353.806963,359.797435,360.000000,631,6.193037,PI,FIFO,true,PI_FIFO,356.415425
3.130018,-1,15,10000.328000,18.096000,356.463878,359.297401,360.000000,633,3.536122,PI,FIFO,true,PI_FIFO,356.439652
3.140019,-1,15,10000.439000,18.535000,352.941176,358.343968,360.000000,637,7.058824,PI,FIFO,true,PI_FIFO,354.690414
3.150018,-1,15,9999.772000,18.307000,358.006619,358.293365,360.000000,637,1.993381,PI,FIFO,true,PI_FIFO,356.348517
3.160018,-1,15,9999.384000,17.691000,359.712230,358.506195,360.000000,635,0.287770,PI,FIFO,true,PI_FIFO,358.030373
3.170018,-1,15,10000.216000,17.907000,363.020329,359.183315,360.000000,631,-3.020329,PI,FIFO,true,PI_FIFO,360.525351
3.180018,-1,15,9999.995000,17.902000,360.537304,359.386413,360.000000,631,-0.537304,PI,FIFO,true,PI_FIFO,360.531327
3.190018,-1,15,10000.068000,17.970000,361.394558,359.687635,360.000000,630,-1.394558,PI,FIFO,true,PI_FIFO,360.962943
3.200018,-1,15,9999.754000,17.724000,361.410948,359.946132,360.000000,629,-1.410948,PI,FIFO,true,PI_FIFO,361.186945
3.210018,-1,15,10000.346000,18.070000,361.794501,360.223387,360.000000,628,-1.794501,PI,FIFO,true,PI_FIFO,361.490723
3.220018,-1,15,9999.680000,17.750000,360.023041,360.193336,360.000000,629,-0.023041,PI,FIFO,true,PI_FIFO,360.756882
3.230018,-1,15,10000.124000,17.874000,364.077670,360.775986,360.000000,626,-4.077670,PI,FIFO,true,PI_FIFO,362.417276
3.240015,-1,15,9996.921000,14.795000,366.784038,361.677193,360.000000,621,-6.784038,PI,FIFO,true,PI_FIFO,364.600657
3.250018,-1,15,10003.013000,17.808000,363.548231,361.957849,360.000000,620,-3.548231,PI,FIFO,true,PI_FIFO,364.074444
3.260014,-1,15,9996.661000,14.469000,360.761929,361.778461,360.000000,621,-0.761929,PI,FIFO,true,PI_FIFO,362.418186
3.270018,-1,15,10003.402000,17.871000,356.803045,361.032149,360.000000,625,3.196955,PI,FIFO,true,PI_FIFO,359.610616
3.280015,-1,15,9996.679000,14.550000,356.657609,360.375968,360.000000,628,3.342391,PI,FIFO,true,PI_FIFO,358.134112
3.290018,-1,15,10003.199000,17.749000,352.443609,359.186114,360.000000,634,7.556391,PI,FIFO,true,PI_FIFO,355.288861
3.300017,-1,15,9999.587000,17.336000,355.267432,358.598312,360.000000,636,4.732568,PI,FIFO,true,PI_FIFO,355.278146
3.310018,-1,15,10000.402000,17.738000,355.147268,358.080655,360.000000,638,4.852732,PI,FIFO,true,PI_FIFO,355.212707
3.320018,-1,15,10000.439000,18.177000,360.947125,358.510626,360.000000,635,-0.947125,PI,FIFO,true,PI_FIFO,358.079916
3.330018,-1,15,9999.439000,17.616000,359.367513,358.639159,360.000000,634,0.632487,PI,FIFO,true,PI_FIFO,358.723715
3.340018,-1,15,10000.587000,18.203000,363.196126,359.322704,360.000000,631,-3.196126,PI,FIFO,true,PI_FIFO,360.959920
3.350018,-1,15,10000.031000,18.234000,360.392107,359.483114,360.000000,631,-0.392107,PI,FIFO,true,PI_FIFO,360.676013
3.360018,-1,15,9999.291000,17.525000,362.669246,359.961034,360.000000,629,-2.669246,PI,FIFO,true,PI_FIFO,361.672630
3.370018,-1,15,10000.457000,17.982000,358.175963,359.693273,360.000000,631,1.824037,PI,FIFO,true,PI_FIFO,359.924296
3.380018,-1,15,9999.569000,17.551000,364.289878,360.382764,360.000000,627,-4.289878,PI,FIFO,true,PI_FIFO,362.107087
3.390018,-1,15,10000.254000,17.805000,362.248841,360.662675,360.000000,626,-2.248841,PI,FIFO,true,PI_FIFO,362.177964
3.400019,-1,15,10000.957000,18.762000,365.203941,361.343865,360.000000,623,-5.203941,PI,FIFO,true,PI_FIFO,363.690953
3.410018,-1,15,9999.161000,17.923000,363.573407,361.678297,360.000000,621,-3.573407,PI,FIFO,true,PI_FIFO,363.632180
3.420018,-1,15,10000.032000,17.955000,364.963504,362.171078,360.000000,619,-4.963504,PI,FIFO,true,PI_FIFO,364.297842
3.430015,-1,15,9997.272000,15.227000,359.103677,361.710968,360.000000,622,0.896323,PI,FIFO,true,PI_FIFO,361.700760
3.440018,-1,15,10002.532000,17.759000,357.142857,361.025751,360.000000,625,2.857143,PI,FIFO,true,PI_FIFO,359.421808
3.450017,-1,15,9999.476000,17.235000,354.883193,360.104367,360.000000,629,5.116807,PI,FIFO,true,PI_FIFO,357.152501
3.460018,-1,15,10000.587000,17.822000,354.308390,359.234971,360.000000,633,5.691610,PI,FIFO,true,PI_FIFO,355.730445
3.470018,-1,15,10000.217000,18.039000,351.876676,358.131226,360.000000,638,8.123324,PI,FIFO,true,PI_FIFO,353.803560
3.480018,-1,15,9999.587000,17.626000,354.945575,357.653379,360.000000,640,5.054425,PI,FIFO,true,PI_FIFO,354.374568
3.490018,-1,15,10000.439000,18.065000,361.445783,358.222239,360.000000,636,-1.445783,PI,FIFO,true,PI_FIFO,357.910175
3.500018,-1,15,9999.994000,18.059000,360.947125,358.630972,360.000000,634,-0.947125,PI,FIFO,true,PI_FIFO,359.428650
3.510018,-1,15,10000.291000,18.350000,363.020329,359.289376,360.000000,631,-3.020329,PI,FIFO,true,PI_FIFO,361.224490
3.520017,-1,15,9999.143000,17.493000,361.875965,359.677364,360.000000,630,-1.875965,PI,FIFO,true,PI_FIFO,361.550227
3.530021,-1,15,10003.920000,21.413000,362.318841,360.073586,360.000000,628,-2.318841,PI,FIFO,true,PI_FIFO,361.934534
3.540019,-1,15,9997.254000,18.667000,360.207480,360.093670,360.000000,629,-0.207480,PI,FIFO,true,PI_FIFO,361.071007
3.550018,-1,15,9999.753000,18.420000,363.196126,360.559038,360.000000,627,-3.196126,PI,FIFO,true,PI_FIFO,362.133566
3.560024,-1,15,10005.625000,24.045000,362.248841,360.812509,360.000000,626,-2.248841,PI,FIFO,true,PI_FIFO,362.191204
3.570020,-1,15,9995.513000,19.558000,367.466928,361.810671,360.000000,620,-7.466928,PI,FIFO,true,PI_FIFO,364.829066
3.580015,-1,15,9994.976000,14.534000,362.368857,361.894399,360.000000,620,-2.368857,PI,FIFO,true,PI_FIFO,363.598961
3.590015,-1,15,10000.513000,15.047000,362.710514,362.016817,360.000000,620,-2.710514,PI,FIFO,true,PI_FIFO,363.154738
3.600031,-1,15,10015.641000,30.688000,357.629428,361.358708,360.000000,623,2.370572,PI,FIFO,true,PI_FIFO,360.392083
3.610036,-1,15,10005.142000,35.830000,355.293077,360.448864,360.000000,628,4.706923,PI,FIFO,true,PI_FIFO,357.842580
3.620019,-1,15,9983.068000,18.898000,351.947443,359.173650,360.000000,634,8.052557,PI,FIFO,true,PI_FIFO,354.895011
3.630018,-1,15,9999.234000,18.132000,355.956336,358.691053,360.000000,635,4.043664,PI,FIFO,true,PI_FIFO,355.425674
3.640018,-1,15,9999.475000,17.607000,353.012372,357.839251,360.000000,639,6.987628,PI,FIFO,true,PI_FIFO,354.219023
3.650019,-1,15,10001.068000,18.675000,358.303077,357.908825,360.000000,638,1.696923,PI,FIFO,true,PI_FIFO,356.261050
3.660019,-1,15,10000.457000,19.132000,361.013313,358.374498,360.000000,635,-1.013313,PI,FIFO,true,PI_FIFO,358.637181
3.670018,-1,15,9998.438000,17.570000,362.875683,359.049676,360.000000,632,-2.875683,PI,FIFO,true,PI_FIFO,360.756432
3.680017,-1,15,9999.882000,17.452000,361.371145,359.397896,360.000000,631,-1.371145,PI,FIFO,true,PI_FIFO,361.063789
3.690017,-1,15,9999.661000,17.113000,362.844702,359.914917,360.000000,629,-2.844702,PI,FIFO,true,PI_FIFO,361.954246
3.700017,-1,15,10000.160000,17.273000,362.435567,360.293015,360.000000,628,-2.435567,PI,FIFO,true,PI_FIFO,362.194906
3.710020,-1,15,10003.216000,20.489000,362.493958,360.623156,360.000000,627,-2.493958,PI,FIFO,true,PI_FIFO,362.344432
3.720015,-1,15,9994.234000,14.723000,360.761929,360.643972,360.000000,627,-0.761929,PI,FIFO,true,PI_FIFO,361.553181
3.730018,-1,15,10003.401000,18.124000,363.196126,361.026795,360.000000,625,-3.196126,PI,FIFO,true,PI_FIFO,362.374653
3.740016,-1,15,9997.623000,15.747000,366.401772,361.833042,360.000000,620,-6.401772,PI,FIFO,true,PI_FIFO,364.388213
3.750018,-1,15,10002.494000,18.241000,363.372093,362.063899,360.000000,620,-3.372093,PI,FIFO,true,PI_FIFO,363.880153
3.760018,-1,15,9999.272000,17.513000,361.318088,361.952028,360.000000,620,-1.318088,PI,FIFO,true,PI_FIFO,362.599121
3.770018,-1,15,10000.308000,17.821000,357.995227,361.358508,360.000000,623,2.004773,PI,FIFO,true,PI_FIFO,360.297174
3.780018,-1,15,10000.142000,17.963000,357.045702,360.711587,360.000000,626,2.954298,PI,FIFO,true,PI_FIFO,358.671438
3.790018,-1,15,10000.271000,18.234000,352.609309,359.496245,360.000000,632,7.390691,PI,FIFO,true,PI_FIFO,355.640373
3.800018,-1,15,9999.623000,17.857000,353.773585,358.637846,360.000000,636,6.226415,PI,FIFO,true,PI_FIFO,354.706979
3.810018,-1,15,10000.568000,18.425000,354.921579,358.080406,360.000000,638,5.078421,PI,FIFO,true,PI_FIFO,354.814279
3.820018,-1,15,9999.364000,17.789000,360.230548,358.402927,360.000000,635,-0.230548,PI,FIFO,true,PI_FIFO,357.522413
3.830018,-1,15,9999.735000,17.524000,359.838792,358.618307,360.000000,634,0.161208,PI,FIFO,true,PI_FIFO,358.680603
3.840018,-1,15,10000.401000,17.925000,362.143892,359.147145,360.000000,631,-2.143892,PI,FIFO,true,PI_FIFO,360.412247
3.850016,-1,15,9998.030000,15.955000,359.983544,359.272605,360.000000,631,0.016456,PI,FIFO,true,PI_FIFO,360.197895
3.860019,-1,15,10002.605000,18.560000,361.230734,359.566324,360.000000,630,-1.230734,PI,FIFO,true,PI_FIFO,360.714315
3.870018,-1,15,9999.290000,17.850000,356.657609,359.130017,360.000000,634,3.342391,PI,FIFO,true,PI_FIFO,358.685962
3.880019,-1,15,10000.753000,18.603000,362.669246,359.660901,360.000000,631,-2.669246,PI,FIFO,true,PI_FIFO,360.677604
3.890018,-1,15,9999.808000,18.411000,362.211519,360.043494,360.000000,629,-2.211519,PI,FIFO,true,PI_FIFO,361.444561
3.900018,-1,15,9999.161000,17.572000,366.784038,361.054575,360.000000,624,-6.784038,PI,FIFO,true,PI_FIFO,364.114299
3.910019,-1,15,10001.290000,18.862000,364.691390,361.600097,360.000000,621,-4.691390,PI,FIFO,true,PI_FIFO,364.402845
3.920018,-1,15,9999.030000,17.892000,365.497076,362.184644,360.000000,619,-5.497076,PI,FIFO,true,PI_FIFO,364.949960
3.930026,-1,15,10007.864000,25.756000,358.371560,361.612682,360.000000,623,1.628440,PI,FIFO,true,PI_FIFO,361.660760
3.940019,-1,15,9993.327000,19.083000,357.313006,360.967730,360.000000,626,2.686994,PI,FIFO,true,PI_FIFO,359.486883
3.950019,-1,15,9999.457000,18.540000,354.219144,359.955442,360.000000,631,5.780856,PI,FIFO,true,PI_FIFO,356.853013
3.960029,-1,15,10010.105000,28.645000,355.796478,359.331598,360.000000,633,4.203522,PI,FIFO,true,PI_FIFO,356.324746
3.970020,-1,15,9991.178000,19.823000,353.140597,358.402948,360.000000,637,6.859403,PI,FIFO,true,PI_FIFO,354.732671
3.980018,-1,15,9998.216000,18.039000,355.691057,357.996164,360.000000,639,4.308943,PI,FIFO,true,PI_FIFO,355.211864
3.990018,-1,15,10000.050000,18.089000,361.585189,358.534518,360.000000,635,-1.585189,PI,FIFO,true,PI_FIFO,358.398527
4.000018,-1,15,10000.382000,18.471000,361.503856,358.979919,360.000000,633,-1.503856,PI,FIFO,true,PI_FIFO,359.951191
4.010019,-1,15,10000.512000,18.983000,362.353851,359.486008,360.000000,631,-2.353851,PI,FIFO,true,PI_FIFO,361.152521
4.020018,-1,15,9998.809000,17.792000,362.248841,359.900433,360.000000,629,-2.248841,PI,FIFO,true,PI_FIFO,361.700681
4.030018,-1,15,10000.271000,18.063000,364.077670,360.527019,360.000000,626,-4.077670,PI,FIFO,true,PI_FIFO,362.889175
4.040018,-1,15,9999.901000,17.964000,360.973597,360.594006,360.000000,627,-0.973597,PI,FIFO,true,PI_FIFO,361.931386
4.050019,-1,15,10000.735000,18.699000,362.051340,360.812606,360.000000,626,-2.051340,PI,FIFO,true,PI_FIFO,361.991363
4.060018,-1,15,9999.067000,17.766000,363.171002,361.166365,360.000000,624,-3.171002,PI,FIFO,true,PI_FIFO,362.581183
4.070016,-1,15,9998.272000,16.038000,366.379310,361.948307,360.000000,620,-6.379310,PI,FIFO,true,PI_FIFO,364.480246
4.080018,-1,15,10001.938000,17.976000,361.172262,361.831900,360.000000,621,-1.172262,PI,FIFO,true,PI_FIFO,362.826254
4.090018,-1,15,10000.401000,18.377000,363.196126,362.036534,360.000000,619,-3.196126,PI,FIFO,true,PI_FIFO,363.011190
4.100015,-1,15,9996.586000,14.963000,356.735160,361.241328,360.000000,624,3.264840,PI,FIFO,true,PI_FIFO,359.873175
4.110019,-1,15,10003.901000,18.864000,354.609929,360.246618,360.000000,628,5.390071,PI,FIFO,true,PI_FIFO,357.241552
4.120018,-1,15,9999.234000,18.098000,350.373732,358.765685,360.000000,636,9.626268,PI,FIFO,true,PI_FIFO,353.807642
4.130018,-1,15,9999.809000,17.907000,355.113636,358.217878,360.000000,637,4.886364,PI,FIFO,true,PI_FIFO,354.460639
4.140020,-1,15,10001.753000,19.660000,352.941176,357.426373,360.000000,641,7.058824,PI,FIFO,true,PI_FIFO,353.700908
4.150019,-1,15,9999.123000,18.783000,359.195402,357.691727,360.000000,638,0.804598,PI,FIFO,true,PI_FIFO,356.448155
4.160018,-1,15,9999.068000,17.851000,360.923965,358.176563,360.000000,636,-0.923965,PI,FIFO,true,PI_FIFO,358.686060
4.170018,-1,15,10000.105000,17.956000,365.259740,359.239039,360.000000,630,-5.259740,PI,FIFO,true,PI_FIFO,361.972900
4.180018,-1,15,9999.882000,17.838000,361.445783,359.570051,360.000000,630,-1.445783,PI,FIFO,true,PI_FIFO,361.709342
4.190018,-1,15,9999.864000,17.702000,361.875965,359.915938,360.000000,629,-1.875965,PI,FIFO,true,PI_FIFO,361.792653
4.200019,-1,15,10001.160000,18.862000,361.271676,360.119299,360.000000,629,-1.271676,PI,FIFO,true,PI_FIFO,361.532165
4.210018,-1,15,9999.587000,18.449000,362.970133,360.546924,360.000000,627,-2.970133,PI,FIFO,true,PI_FIFO,362.251149
4.220018,-1,15,10000.030000,18.479000,362.545496,360.846710,360.000000,626,-2.545496,PI,FIFO,true,PI_FIFO,362.398322
4.230029,-1,15,10010.735000,29.214000,363.372093,361.225517,360.000000,624,-3.372093,PI,FIFO,true,PI_FIFO,362.885208
4.240024,-1,15,9994.864000,24.078000,367.054353,362.099843,360.000000,619,-7.054353,PI,FIFO,true,PI_FIFO,364.969780
4.250021,-1,15,9996.567000,20.645000,362.622486,362.178239,360.000000,619,-2.622486,PI,FIFO,true,PI_FIFO,363.796133
4.260020,-1,15,9998.864000,19.509000,360.923965,361.990098,360.000000,620,-0.923965,PI,FIFO,true,PI_FIFO,362.360049
4.270018,-1,15,9998.883000,18.392000,356.270358,361.132137,360.000000,625,3.729642,PI,FIFO,true,PI_FIFO,359.315204
4.280018,-1,15,9999.494000,17.886000,356.463878,360.431898,360.000000,628,3.536122,PI,FIFO,true,PI_FIFO,357.889541
4.290018,-1,15,10000.012000,17.898000,352.632993,359.262062,360.000000,633,7.367007,PI,FIFO,true,PI_FIFO,355.261267
4.300018,-1,15,9999.956000,17.854000,353.907135,358.458823,360.000000,636,6.092865,PI,FIFO,true,PI_FIFO,354.584201
4.310033,-1,15,10014.901000,32.755000,353.187161,357.668074,360.000000,640,6.812839,PI,FIFO,true,PI_FIFO,353.885681
4.320032,-1,15,9999.253000,32.008000,359.712230,357.974697,360.000000,637,0.287770,PI,FIFO,true,PI_FIFO,356.798956
4.330021,-1,15,9989.124000,21.132000,358.606557,358.069476,360.000000,637,1.393443,PI,FIFO,true,PI_FIFO,357.702756
4.340023,-1,15,10001.938000,23.070000,363.537865,358.889735,360.000000,632,-3.537865,PI,FIFO,true,PI_FIFO,360.620311
4.350018,-1,15,9995.290000,18.360000,361.570248,359.291812,360.000000,631,-1.570248,PI,FIFO,true,PI_FIFO,361.095279
4.360018,-1,15,9999.567000,17.927000,364.202468,360.028410,360.000000,628,-4.202468,PI,FIFO,true,PI_FIFO,362.648874
4.370019,-1,15,10000.605000,18.532000,358.998906,359.873984,360.000000,630,1.001094,PI,FIFO,true,PI_FIFO,360.823890
4.380019,-1,15,10000.068000,18.600000,363.703788,360.448455,360.000000,627,-3.703788,PI,FIFO,true,PI_FIFO,362.263839
4.390016,-1,15,9997.753000,16.353000,362.970133,360.826707,360.000000,626,-2.970133,PI,FIFO,true,PI_FIFO,362.616986
4.400019,-1,15,10002.401000,18.754000,365.706746,361.558713,360.000000,622,-5.706746,PI,FIFO,true,PI_FIFO,364.161866
4.410018,-1,15,9999.697000,18.451000,363.774945,361.891147,360.000000,621,-3.774945,PI,FIFO,true,PI_FIFO,363.968405
4.420018,-1,15,9999.475000,17.926000,364.036090,362.212889,360.000000,619,-4.036090,PI,FIFO,true,PI_FIFO,364.002247
4.430018,-1,15,10000.457000,18.383000,358.802624,361.701349,360.000000,622,1.197376,PI,FIFO,true,PI_FIFO,361.402436
4.440018,-1,15,10000.031000,18.414000,355.956336,360.839597,360.000000,626,4.043664,PI,FIFO,true,PI_FIFO,358.679386
4.450019,-1,15,10000.141000,18.555000,353.012372,359.665513,360.000000,632,6.987628,PI,FIFO,true,PI_FIFO,355.845879
4.460017,-1,15,9998.753000,17.308000,354.274917,358.856924,360.000000,635,5.725083,PI,FIFO,true,PI_FIFO,355.060398
4.470018,-1,15,10001.179000,18.487000,354.040785,358.134503,360.000000,638,5.959215,PI,FIFO,true,PI_FIFO,354.550592
4.480018,-1,15,9999.994000,18.481000,356.972870,357.960258,360.000000,638,3.027130,PI,FIFO,true,PI_FIFO,355.761731
4.490018,-1,15,9999.623000,18.104000,362.970133,358.711739,360.000000,633,-2.970133,PI,FIFO,true,PI_FIFO,359.365932
4.500017,-1,15,9999.105000,17.209000,360.230548,358.939561,360.000000,633,-0.230548,PI,FIFO,true,PI_FIFO,359.798240
4.510017,-1,15,10000.123000,17.332000,362.809598,359.520066,360.000000,630,-2.809598,PI,FIFO,true,PI_FIFO,361.303919
4.520016,-1,15,9998.457000,15.789000,361.097737,359.756717,360.000000,630,-1.097737,PI,FIFO,true,PI_FIFO,361.200828
4.530019,-1,15,10003.012000,18.801000,364.880643,360.525306,360.000000,626,-4.880643,PI,FIFO,true,PI_FIFO,363.040736
4.540020,-1,15,10000.864000,19.665000,359.539789,360.377478,360.000000,628,0.460211,PI,FIFO,true,PI_FIFO,361.290262
4.550033,-1,15,10013.697000,33.362000,362.368857,360.676185,360.000000,626,-2.368857,PI,FIFO,true,PI_FIFO,361.829560
4.560018,-1,15,9985.086000,18.448000,362.215909,360.907144,360.000000,625,-2.215909,PI,FIFO,true,PI_FIFO,362.022734
4.570018,-1,15,9999.309000,17.757000,366.210938,361.702713,360.000000,621,-6.210938,PI,FIFO,true,PI_FIFO,364.116836
4.580017,-1,15,9999.716000,17.473000,360.947125,361.589375,360.000000,622,-0.947125,PI,FIFO,true,PI_FIFO,362.531981
4.590017,-1,15,9999.993000,17.466000,363.196126,361.830387,360.000000,620,-3.196126,PI,FIFO,true,PI_FIFO,362.864053
4.600019,-1,15,10001.530000,18.996000,358.019640,361.258775,360.000000,623,1.980360,PI,FIFO,true,PI_FIFO,360.441847
4.610039,-1,15,10019.715000,38.711000,357.097511,360.634586,360.000000,626,2.902489,PI,FIFO,true,PI_FIFO,358.769679
4.620022,-1,15,9982.808000,21.519000,352.278065,359.381108,360.000000,633,7.721935,PI,FIFO,true,PI_FIFO,355.523872
4.630022,-1,15,10000.307000,21.826000,355.293077,358.767903,360.000000,635,4.706923,PI,FIFO,true,PI_FIFO,355.408475
4.640018,-1,15,9996.363000,18.189000,353.151683,357.925470,360.000000,639,6.848317,PI,FIFO,true,PI_FIFO,354.280079
4.650018,-1,15,9999.530000,17.719000,358.006619,357.937642,360.000000,638,1.993381,PI,FIFO,true,PI_FIFO,356.143349
4.660017,-1,15,9999.641000,17.360000,360.403652,358.307544,360.000000,635,-0.403652,PI,FIFO,true,PI_FIFO,358.273500
4.670017,-1,15,10000.123000,17.483000,365.259740,359.350373,360.000000,630,-5.259740,PI,FIFO,true,PI_FIFO,361.766620
4.680018,-1,15,10000.159000,17.642000,362.143892,359.769401,360.000000,629,-2.143892,PI,FIFO,true,PI_FIFO,361.955256
4.690018,-1,15,10000.623000,18.265000,361.875965,360.085386,360.000000,628,-1.875965,PI,FIFO,true,PI_FIFO,361.915611
4.700019,-1,15,10000.659000,18.924000,361.445783,360.289445,360.000000,628,-1.445783,PI,FIFO,true,PI_FIFO,361.680697
4.710019,-1,15,10000.067000,18.991000,362.669246,360.646415,360.000000,626,-2.669246,PI,FIFO,true,PI_FIFO,362.174971
4.720018,-1,15,9998.807000,17.798000,361.132512,360.719330,360.000000,626,-1.132512,PI,FIFO,true,PI_FIFO,361.653741
4.730018,-1,15,10000.308000,18.106000,364.402323,361.271779,360.000000,623,-4.402323,PI,FIFO,true,PI_FIFO,363.028032
4.740020,-1,15,10001.604000,19.710000,365.070093,361.841526,360.000000,620,-5.070093,PI,FIFO,true,PI_FIFO,364.049063
4.750019,-1,15,9999.289000,18.999000,363.196126,362.044716,360.000000,619,-3.196126,PI,FIFO,true,PI_FIFO,363.622594
4.760015,-1,15,9995.641000,14.640000,358.998906,361.587844,360.000000,621,1.001094,PI,FIFO,true,PI_FIFO,361.310750
4.770018,-1,15,10003.474000,18.114000,355.956336,360.743118,360.000000,626,4.043664,PI,FIFO,true,PI_FIFO,358.633543
4.780018,-1,15,9999.604000,17.718000,356.270358,360.072204,360.000000,629,3.729642,PI,FIFO,true,PI_FIFO,357.451951
4.790021,-1,15,10003.641000,21.359000,352.112676,358.878275,360.000000,634,7.887324,PI,FIFO,true,PI_FIFO,354.782313
4.800022,-1,15,10000.234000,21.593000,354.397681,358.206186,360.000000,637,5.602319,PI,FIFO,true,PI_FIFO,354.589997
4.810019,-1,15,9997.881000,19.474000,354.911982,357.712055,360.000000,639,5.088018,PI,FIFO,true,PI_FIFO,354.750990
4.820018,-1,15,9998.493000,17.967000,360.814823,358.177470,360.000000,636,-0.814823,PI,FIFO,true,PI_FIFO,357.782906
4.830022,-1,15,10003.641000,21.608000,359.884837,358.433575,360.000000,635,0.115163,PI,FIFO,true,PI_FIFO,358.833872
4.840021,-1,15,9999.808000,21.416000,363.936335,359.258989,360.000000,630,-3.936335,PI,FIFO,true,PI_FIFO,361.385103
4.850020,-1,15,9998.141000,19.557000,361.445783,359.587008,360.000000,630,-1.445783,PI,FIFO,true,PI_FIFO,361.415443
4.860015,-1,15,9995.511000,15.068000,364.313472,360.295978,360.000000,627,-4.313472,PI,FIFO,true,PI_FIFO,362.864457
4.870030,-1,15,10014.770000,29.838000,360.403652,360.312129,360.000000,628,-0.403652,PI,FIFO,true,PI_FIFO,361.634055
4.880021,-1,15,9991.641000,21.479000,363.372093,360.771124,360.000000,625,-3.372093,PI,FIFO,true,PI_FIFO,362.503074
4.890019,-1,15,9997.678000,19.157000,362.318841,361.003281,360.000000,624,-2.318841,PI,FIFO,true,PI_FIFO,362.410957
4.900018,-1,15,9998.715000,17.872000,364.691390,361.556498,360.000000,621,-4.691390,PI,FIFO,true,PI_FIFO,363.551174
4.910018,-1,15,10000.623000,18.495000,362.844702,361.749728,360.000000,621,-2.844702,PI,FIFO,true,PI_FIFO,363.197938
4.920018,-1,15,9999.585000,18.080000,364.691390,362.190978,360.000000,618,-4.691390,PI,FIFO,true,PI_FIFO,363.944664
4.930019,-1,15,10000.734000,18.814000,358.166189,361.587259,360.000000,622,1.833811,PI,FIFO,true,PI_FIFO,361.055427
4.940022,-1,15,10003.104000,21.918000,356.735160,360.859444,360.000000,625,3.264840,PI,FIFO,true,PI_FIFO,358.895293
4.950024,-1,15,10002.270000,24.188000,353.506787,359.756546,360.000000,630,6.493213,PI,FIFO,true,PI_FIFO,356.201040
4.960028,-1,15,10003.567000,27.755000,354.219144,358.925935,360.000000,634,5.780856,PI,FIFO,true,PI_FIFO,355.210092
4.970020,-1,15,9992.511000,20.266000,352.609309,357.978441,360.000000,638,7.390691,PI,FIFO,true,PI_FIFO,353.909700
4.980018,-1,15,9997.660000,17.926000,357.006855,357.832703,360.000000,638,2.993145,PI,FIFO,true,PI_FIFO,355.458277
4.990018,-1,15,10000.474000,18.400000,361.480625,358.379892,360.000000,634,-1.480625,PI,FIFO,true,PI_FIFO,358.469451
5.000018,-1,15,9999.456000,17.856000,360.947125,358.764977,360.000000,633,-0.947125,PI,FIFO,true,PI_FIFO,359.708288
5.010031,-1,15,10013.530000,31.386000,362.062307,359.259576,360.000000,631,-2.062307,PI,FIFO,true,PI_FIFO,360.885298
5.020038,-1,15,10006.122000,37.508000,359.884837,359.353365,360.000000,631,0.115163,PI,FIFO,true,PI_FIFO,360.385067
5.030020,-1,15,9982.437000,19.945000,362.062307,359.759707,360.000000,629,-2.062307,PI,FIFO,true,PI_FIFO,361.223687
5.040018,-1,15,9998.326000,18.271000,359.539789,359.726719,360.000000,630,0.460211,PI,FIFO,true,PI_FIFO,360.381738
5.050018,-1,15,10000.141000,18.412000,361.769570,360.033147,360.000000,629,-1.769570,PI,FIFO,true,PI_FIFO,361.075654
5.060027,-1,15,10008.864000,27.276000,363.372093,360.533989,360.000000,626,-3.372093,PI,FIFO,true,PI_FIFO,362.223874
5.070020,-1,15,9993.048000,20.324000,368.007851,361.655068,360.000000,620,-8.007851,PI,FIFO,true,PI_FIFO,365.115862
5.080018,-1,15,9997.900000,18.224000,362.622486,361.800181,360.000000,620,-2.622486,PI,FIFO,true,PI_FIFO,363.869174
5.090019,-1,15,10000.530000,18.754000,363.196126,362.009572,360.000000,619,-3.196126,PI,FIFO,true,PI_FIFO,363.532650
5.100019,-1,15,10000.363000,19.117000,358.371560,361.463870,360.000000,623,1.628440,PI,FIFO,true,PI_FIFO,360.952105
5.110019,-1,15,9999.752000,18.869000,358.178263,360.971029,360.000000,625,1.821737,PI,FIFO,true,PI_FIFO,359.565184
5.120018,-1,15,9999.104000,17.973000,352.822581,359.748762,360.000000,631,7.177419,PI,FIFO,true,PI_FIFO,356.193882
5.130019,-1,15,10001.382000,19.355000,355.450237,359.103983,360.000000,633,4.549763,PI,FIFO,true,PI_FIFO,355.822060
5.140020,-1,15,10000.844000,20.199000,354.346652,358.390384,360.000000,636,5.653348,PI,FIFO,true,PI_FIFO,355.084356
5.150019,-1,15,9999.197000,19.396000,358.680057,358.433835,360.000000,635,1.319943,PI,FIFO,true,PI_FIFO,356.882207
5.160023,-1,15,10003.289000,22.685000,359.434107,358.583876,360.000000,634,0.565893,PI,FIFO,true,PI_FIFO,358.158157
5.170019,-1,15,9996.530000,19.215000,363.407307,359.307390,360.000000,630,-3.407307,PI,FIFO,true,PI_FIFO,360.782732
5.180018,-1,15,9998.733000,17.948000,360.973597,359.557321,360.000000,630,-0.973597,PI,FIFO,true,PI_FIFO,360.878165
5.190018,-1,15,10000.012000,17.960000,362.318841,359.971549,360.000000,628,-2.318841,PI,FIFO,true,PI_FIFO,361.598503
5.200015,-1,15,9996.678000,14.638000,361.132512,360.145694,360.000000,628,-1.132512,PI,FIFO,true,PI_FIFO,361.365507
5.210018,-1,15,10003.696000,18.334000,362.493958,360.497933,360.000000,626,-2.493958,PI,FIFO,true,PI_FIFO,361.929733
5.220014,-1,15,9996.067000,14.401000,360.576923,360.509782,360.000000,627,-0.576923,PI,FIFO,true,PI_FIFO,361.253328
5.230019,-1,15,10004.289000,18.690000,363.724539,360.991995,360.000000,624,-3.724539,PI,FIFO,true,PI_FIFO,362.488934
5.240018,-1,15,9999.159000,17.849000,365.829865,361.717676,360.000000,620,-5.829865,PI,FIFO,true,PI_FIFO,364.159399
5.250018,-1,15,10000.123000,17.972000,363.372093,361.965838,360.000000,619,-3.372093,PI,FIFO,true,PI_FIFO,363.765746
5.260018,-1,15,10000.215000,18.187000,360.761929,361.785252,360.000000,620,-0.761929,PI,FIFO,true,PI_FIFO,362.263838
5.270018,-1,15,9999.530000,17.717000,356.599467,361.007384,360.000000,624,3.400533,PI,FIFO,true,PI_FIFO,359.431653
5.280018,-1,15,10000.289000,18.006000,355.990127,360.254796,360.000000,628,4.009873,PI,FIFO,true,PI_FIFO,357.710890
5.290018,-1,15,9999.900000,17.906000,351.688103,358.969792,360.000000,634,8.311897,PI,FIFO,true,PI_FIFO,354.699496
5.300024,-1,15,10006.511000,24.417000,354.274917,358.265561,360.000000,636,5.725083,PI,FIFO,true,PI_FIFO,354.487207
5.310019,-1,15,9994.993000,19.410000,355.498375,357.850483,360.000000,638,4.501625,PI,FIFO,true,PI_FIFO,354.992791
5.320015,-1,15,9996.011000,15.421000,360.403652,358.233458,360.000000,635,-0.403652,PI,FIFO,true,PI_FIFO,357.698221
5.330018,-1,15,10002.697000,18.118000,360.392107,358.557255,360.000000,634,-0.392107,PI,FIFO,true,PI_FIFO,359.045164
5.340017,-1,15,9999.289000,17.407000,362.809598,359.195107,360.000000,630,-2.809598,PI,FIFO,true,PI_FIFO,360.927381
5.350020,-1,15,10002.604000,20.011000,361.913218,359.602823,360.000000,629,-1.913218,PI,FIFO,true,PI_FIFO,361.420299
5.360019,-1,15,9998.733000,18.744000,361.969112,359.957767,360.000000,628,-1.969112,PI,FIFO,true,PI_FIFO,361.694706
5.370018,-1,15,9999.271000,18.015000,360.181120,359.991270,360.000000,629,-0.181120,PI,FIFO,true,PI_FIFO,360.937913
5.380018,-1,15,10000.437000,18.452000,364.368999,360.647929,360.000000,625,-4.368999,PI,FIFO,true,PI_FIFO,362.653456
5.390018,-1,15,9999.808000,18.260000,362.168874,360.876071,360.000000,625,-2.168874,PI,FIFO,true,PI_FIFO,362.411165
5.400018,-1,15,9999.937000,18.197000,366.379310,361.701557,360.000000,620,-6.379310,PI,FIFO,true,PI_FIFO,364.395238
5.410018,-1,15,9999.863000,18.060000,363.372093,361.952137,360.000000,619,-3.372093,PI,FIFO,true,PI_FIFO,363.883665
5.420019,-1,15,10000.993000,19.053000,364.608653,362.350615,360.000000,617,-4.608653,PI,FIFO,true,PI_FIFO,364.246159
5.430018,-1,15,9999.382000,18.435000,358.006619,361.699015,360.000000,621,1.993381,PI,FIFO,true,PI_FIFO,361.126389
5.440018,-1,15,9999.307000,17.742000,356.803045,360.964620,360.000000,624,3.196955,PI,FIFO,true,PI_FIFO,358.964717
5.450018,-1,15,10000.567000,18.309000,353.582974,359.857373,360.000000,630,6.417026,PI,FIFO,true,PI_FIFO,356.273846
5.460018,-1,15,9999.400000,17.709000,353.940538,358.969848,360.000000,633,6.059462,PI,FIFO,true,PI_FIFO,355.107192
5.470018,-1,15,10000.326000,18.035000,351.947443,357.916487,360.000000,638,8.052557,PI,FIFO,true,PI_FIFO,353.527317
5.480019,-1,15,10000.586000,18.621000,354.729730,357.438473,360.000000,640,5.270270,PI,FIFO,true,PI_FIFO,354.128523
5.490018,-1,15,9999.863000,18.484000,360.750361,357.935256,360.000000,636,-0.750361,PI,FIFO,true,PI_FIFO,357.439442
5.500027,-1,15,10008.845000,27.329000,361.875965,358.526363,360.000000,633,-1.875965,PI,FIFO,true,PI_FIFO,359.657704
5.510026,-1,15,9998.418000,25.747000,363.372093,359.253222,360.000000,630,-3.372093,PI,FIFO,true,PI_FIFO,361.514898
5.520020,-1,15,9994.382000,20.129000,362.622486,359.758612,360.000000,628,-2.622486,PI,FIFO,true,PI_FIFO,362.068692
5.530019,-1,15,9998.882000,19.011000,363.865709,360.374676,360.000000,626,-3.865709,PI,FIFO,true,PI_FIFO,362.967201
5.540018,-1,15,9999.104000,18.115000,360.429055,360.382833,360.000000,627,-0.429055,PI,FIFO,true,PI_FIFO,361.698128
5.550024,-1,15,10006.141000,24.256000,362.669246,360.725795,360.000000,625,-2.669246,PI,FIFO,true,PI_FIFO,362.183687
5.560017,-1,15,9992.640000,16.896000,362.769486,361.032349,360.000000,624,-2.769486,PI,FIFO,true,PI_FIFO,362.476586
5.570020,-1,15,10003.327000,20.223000,367.054353,361.935649,360.000000,619,-7.054353,PI,FIFO,true,PI_FIFO,364.765470
5.580015,-1,15,9994.474000,14.697000,362.062307,361.954648,360.000000,619,-2.062307,PI,FIFO,true,PI_FIFO,363.413888
5.590031,-1,15,10015.900000,30.597000,362.669246,362.061838,360.000000,618,-2.669246,PI,FIFO,true,PI_FIFO,363.041567
5.600016,-1,15,9985.307000,15.904000,357.240065,361.338572,360.000000,622,2.759935,PI,FIFO,true,PI_FIFO,360.140816
5.610018,-1,15,10001.899000,17.803000,354.911982,360.374583,360.000000,627,5.088018,PI,FIFO,true,PI_FIFO,357.526399
5.620015,-1,15,9997.603000,15.406000,350.785760,358.936260,360.000000,634,9.214240,PI,FIFO,true,PI_FIFO,354.156080
5.630032,-1,15,10016.233000,31.639000,355.618777,358.438637,360.000000,635,4.381223,PI,FIFO,true,PI_FIFO,354.887428
5.640017,-1,15,9984.973000,16.612000,353.862607,357.752233,360.000000,638,6.137393,PI,FIFO,true,PI_FIFO,354.375018
5.650023,-1,15,10006.640000,23.252000,359.023456,357.942916,360.000000,637,0.976544,PI,FIFO,true,PI_FIFO,356.699237
5.660015,-1,15,9991.807000,15.059000,360.378913,358.308316,360.000000,635,-0.378913,PI,FIFO,true,PI_FIFO,358.539075
5.670019,-1,15,10003.659000,18.718000,363.703788,359.117637,360.000000,630,-3.703788,PI,FIFO,true,PI_FIFO,361.121431
5.680018,-1,15,9999.658000,18.376000,361.371145,359.455663,360.000000,630,-1.371145,PI,FIFO,true,PI_FIFO,361.246288
5.690018,-1,15,9999.918000,18.294000,362.318841,359.885140,360.000000,628,-2.318841,PI,FIFO,true,PI_FIFO,361.782565
5.700018,-1,15,9999.585000,17.879000,362.211519,360.234096,360.000000,627,-2.211519,PI,FIFO,true,PI_FIFO,361.997042
5.710018,-1,15,10000.399000,18.278000,363.231306,360.683678,360.000000,625,-3.231306,PI,FIFO,true,PI_FIFO,362.614174
5.720032,-1,15,10013.955000,32.233000,361.503856,360.806705,360.000000,625,-1.503856,PI,FIFO,true,PI_FIFO,362.059015
5.730037,-1,15,10004.584000,36.817000,363.537865,361.216379,360.000000,623,-3.537865,PI,FIFO,true,PI_FIFO,362.798440
5.740020,-1,15,9983.085000,19.902000,366.579153,362.020795,360.000000,618,-6.579153,PI,FIFO,true,PI_FIFO,364.688797
5.750020,-1,15,10000.010000,19.912000,362.545496,362.099500,360.000000,618,-2.545496,PI,FIFO,true,PI_FIFO,363.617146
5.760015,-1,15,9995.252000,15.164000,359.825639,361.758421,360.000000,620,0.174361,PI,FIFO,true,PI_FIFO,361.721392
5.770019,-1,15,10003.380000,18.544000,356.294537,360.938838,360.000000,625,3.705463,PI,FIFO,true,PI_FIFO,359.007965
5.780015,-1,15,9996.363000,14.907000,356.193009,360.226964,360.000000,627,3.806991,PI,FIFO,true,PI_FIFO,357.600487
5.790018,-1,15,10003.418000,18.325000,352.797291,359.112513,360.000000,633,7.202709,PI,FIFO,true,PI_FIFO,355.198889
5.800015,-1,15,9996.343000,14.668000,354.155424,358.368949,360.000000,636,5.844576,PI,FIFO,true,PI_FIFO,354.677156
5.810019,-1,15,10004.418000,19.086000,354.639519,357.809535,360.000000,638,5.360481,PI,FIFO,true,PI_FIFO,354.658338
5.820018,-1,15,9999.011000,18.097000,359.983544,358.135636,360.000000,635,0.016456,PI,FIFO,true,PI_FIFO,357.320941
5.830019,-1,15,10000.455000,18.552000,360.057609,358.423932,360.000000,634,-0.057609,PI,FIFO,true,PI_FIFO,358.689275
5.840018,-1,15,9999.640000,18.192000,363.184401,359.138002,360.000000,630,-3.184401,PI,FIFO,true,PI_FIFO,360.936838
5.850031,-1,15,10012.455000,30.647000,361.969112,359.562669,360.000000,629,-1.969112,PI,FIFO,true,PI_FIFO,361.452975
5.860020,-1,15,9989.455000,20.102000,362.622486,360.021641,360.000000,627,-2.622486,PI,FIFO,true,PI_FIFO,362.037730
5.870019,-1,15,9999.103000,19.205000,358.817338,359.840996,360.000000,630,1.182662,PI,FIFO,true,PI_FIFO,360.427534
5.880018,-1,15,9999.232000,18.437000,363.412338,360.376697,360.000000,627,-3.412338,PI,FIFO,true,PI_FIFO,361.919936
5.890018,-1,15,9999.659000,18.096000,362.051340,360.627894,360.000000,626,-2.051340,PI,FIFO,true,PI_FIFO,361.985638
5.900016,-1,15,9997.973000,16.069000,365.996486,361.433183,360.000000,621,-5.996486,PI,FIFO,true,PI_FIFO,363.991062
5.910019,-1,15,10002.622000,18.691000,363.221924,361.701494,360.000000,620,-3.221924,PI,FIFO,true,PI_FIFO,363.606493
5.920018,-1,15,9999.196000,17.887000,363.724539,362.004951,360.000000,619,-3.724539,PI,FIFO,true,PI_FIFO,363.665516
5.930018,-1,15,10000.214000,18.101000,357.045702,361.261063,360.000000,623,2.954298,PI,FIFO,true,PI_FIFO,360.355609
5.940018,-1,15,10000.047000,18.148000,355.787476,360.440025,360.000000,627,4.212524,PI,FIFO,true,PI_FIFO,358.071543
5.950020,-1,15,10001.751000,19.899000,354.155424,359.497335,360.000000,632,5.844576,PI,FIFO,true,PI_FIFO,356.113483
5.960033,-1,15,10012.881000,32.780000,354.324144,358.721356,360.000000,635,5.675856,PI,FIFO,true,PI_FIFO,355.218814
5.970021,-1,15,9987.992000,20.772000,353.202368,357.893508,360.000000,639,6.797632,PI,FIFO,true,PI_FIFO,354.210591
5.980026,-1,15,10004.733000,25.505000,356.294537,357.653662,360.000000,639,3.705463,PI,FIFO,true,PI_FIFO,355.252564
5.990019,-1,15,9993.881000,19.386000,362.569061,358.390972,360.000000,634,-2.569061,PI,FIFO,true,PI_FIFO,358.910812
6.000019,-1,15,9999.862000,19.248000,361.394558,358.841510,360.000000,633,-1.394558,PI,FIFO,true,PI_FIFO,360.152685
6.010019,-1,15,9999.751000,18.999000,362.368857,359.370612,360.000000,631,-2.368857,PI,FIFO,true,PI_FIFO,361.260771
6.020019,-1,15,9999.844000,18.843000,363.041002,359.921171,360.000000,628,-3.041002,PI,FIFO,true,PI_FIFO,362.150887
6.030019,-1,15,9999.751000,18.594000,364.785992,360.650894,360.000000,625,-4.785992,PI,FIFO,true,PI_FIFO,363.468439
6.040019,-1,15,10000.029000,18.623000,361.271676,360.744011,360.000000,626,-1.271676,PI,FIFO,true,PI_FIFO,362.370058
6.050018,-1,15,9999.844000,18.467000,362.996902,361.081945,360.000000,624,-2.996902,PI,FIFO,true,PI_FIFO,362.683480
6.060018,-1,15,9999.844000,18.311000,362.634175,361.314779,360.000000,623,-2.634175,PI,FIFO,true,PI_FIFO,362.658827
6.070018,-1,15,9999.769000,18.080000,366.439962,362.083557,360.000000,619,-6.439962,PI,FIFO,true,PI_FIFO,364.549395
6.080023,-1,15,10004.918000,22.998000,361.271676,361.961775,360.000000,620,-1.271676,PI,FIFO,true,PI_FIFO,362.910536
6.090019,-1,15,9995.992000,18.990000,362.248841,362.004835,360.000000,619,-2.248841,PI,FIFO,true,PI_FIFO,362.579688
6.100019,-1,15,10000.140000,19.130000,357.313006,361.301060,360.000000,623,2.686994,PI,FIFO,true,PI_FIFO,359.946347
6.110029,-1,15,10009.789000,28.919000,355.691057,360.459560,360.000000,627,4.308943,PI,FIFO,true,PI_FIFO,357.818702
6.120016,-1,15,9987.158000,16.077000,351.288056,359.083834,360.000000,633,8.711944,PI,FIFO,true,PI_FIFO,354.553379
6.130018,-1,15,10002.288000,18.365000,354.538088,358.401972,360.000000,636,5.461912,PI,FIFO,true,PI_FIFO,354.545733
6.140018,-1,15,9999.696000,18.061000,353.074098,357.602791,360.000000,639,6.925902,PI,FIFO,true,PI_FIFO,353.809916
6.150017,-1,15,9998.992000,17.053000,359.140362,357.833427,360.000000,637,0.859638,PI,FIFO,true,PI_FIFO,356.475139
6.160019,-1,15,10001.622000,18.675000,360.403652,358.218961,360.000000,635,-0.403652,PI,FIFO,true,PI_FIFO,358.439395
6.170019,-1,15,9999.825000,18.500000,364.077670,359.097767,360.000000,630,-4.077670,PI,FIFO,true,PI_FIFO,361.258533
6.180018,-1,15,9999.473000,17.973000,361.875965,359.514497,360.000000,629,-1.875965,PI,FIFO,true,PI_FIFO,361.567249
6.190018,-1,15,10000.455000,18.428000,362.143892,359.908906,360.000000,628,-2.143892,PI,FIFO,true,PI_FIFO,361.855570
6.200018,-1,15,9999.603000,18.031000,360.973597,360.068610,360.000000,628,-0.973597,PI,FIFO,true,PI_FIFO,361.414584
6.210018,-1,15,9999.659000,17.690000,362.545496,360.440143,360.000000,627,-2.545496,PI,FIFO,true,PI_FIFO,361.980040
6.220018,-1,15,10000.362000,18.052000,361.570248,360.609658,360.000000,626,-1.570248,PI,FIFO,true,PI_FIFO,361.775144
6.230018,-1,15,10000.011000,18.063000,364.535682,361.198562,360.000000,623,-4.535682,PI,FIFO,true,PI_FIFO,363.155413
6.240018,-1,15,9999.788000,17.851000,366.620112,362.011794,360.000000,619,-6.620112,PI,FIFO,true,PI_FIFO,364.887762
6.250019,-1,15,10000.714000,18.565000,362.844702,362.136731,360.000000,618,-2.844702,PI,FIFO,true,PI_FIFO,363.866232
6.260015,-1,15,9995.936000,14.501000,359.986177,361.814147,360.000000,620,0.013823,PI,FIFO,true,PI_FIFO,361.926204
6.270018,-1,15,10003.622000,18.123000,357.176874,361.118556,360.000000,624,2.823126,PI,FIFO,true,PI_FIFO,359.551539
6.280015,-1,15,9996.788000,14.911000,357.240065,360.536783,360.000000,626,2.759935,PI,FIFO,true,PI_FIFO,358.395802
6.290018,-1,15,10003.418000,18.329000,353.240392,359.442324,360.000000,631,6.759608,PI,FIFO,true,PI_FIFO,355.818097
6.300018,-1,15,10000.085000,18.414000,355.328987,358.825324,360.000000,634,4.671013,PI,FIFO,true,PI_FIFO,355.573542
6.310018,-1,15,9999.269000,17.683000,354.397681,358.161177,360.000000,636,5.602319,PI,FIFO,true,PI_FIFO,354.985612
6.320018,-1,15,10000.159000,17.842000,359.654731,358.385210,360.000000,634,0.345269,PI,FIFO,true,PI_FIFO,357.320172
6.330026,-1,15,10007.992000,25.834000,358.851675,358.455180,360.000000,634,1.148325,PI,FIFO,true,PI_FIFO,358.085923
6.340020,-1,15,9994.121000,19.955000,363.559979,359.220900,360.000000,630,-3.559979,PI,FIFO,true,PI_FIFO,360.822951
6.350019,-1,15,9999.233000,19.188000,361.969112,359.633132,360.000000,628,-1.969112,PI,FIFO,true,PI_FIFO,361.396032
6.360029,-1,15,10009.696000,28.884000,362.996902,360.137697,360.000000,626,-2.996902,PI,FIFO,true,PI_FIFO,362.196467
6.370020,-1,15,9991.029000,19.913000,359.195402,359.996353,360.000000,628,0.804598,PI,FIFO,true,PI_FIFO,360.695935
6.380018,-1,15,9998.529000,18.442000,363.548231,360.529135,360.000000,625,-3.548231,PI,FIFO,true,PI_FIFO,362.122083
6.390018,-1,15,9999.825000,18.267000,361.875965,360.731159,360.000000,625,-1.875965,PI,FIFO,true,PI_FIFO,361.999024
6.400018,-1,15,9999.677000,17.944000,364.785992,361.339384,360.000000,621,-4.785992,PI,FIFO,true,PI_FIFO,363.392508
6.410019,-1,15,10000.585000,18.529000,363.372093,361.644291,360.000000,620,-3.372093,PI,FIFO,true,PI_FIFO,363.382301
6.420018,-1,15,9999.751000,18.280000,364.036090,362.003060,360.000000,618,-4.036090,PI,FIFO,true,PI_FIFO,363.709195
6.430035,-1,15,10016.992000,35.272000,358.606557,361.493585,360.000000,621,1.393443,PI,FIFO,true,PI_FIFO,361.157876
6.440034,-1,15,9998.418000,33.690000,356.012658,360.671446,360.000000,625,3.987342,PI,FIFO,true,PI_FIFO,358.585267
6.450020,-1,15,9986.695000,20.385000,353.107345,359.536831,360.000000,631,6.892655,PI,FIFO,true,PI_FIFO,355.846306
6.460015,-1,15,9994.418000,14.803000,354.921579,358.844543,360.000000,633,5.078421,PI,FIFO,true,PI_FIFO,355.383943
6.470019,-1,15,10003.918000,18.721000,352.941176,357.959038,360.000000,638,7.058824,PI,FIFO,true,PI_FIFO,354.162560
6.480018,-1,15,9999.270000,17.991000,356.077048,357.676740,360.000000,638,3.922952,PI,FIFO,true,PI_FIFO,355.119804
6.490018,-1,15,10000.251000,18.242000,362.051340,358.332930,360.000000,634,-2.051340,PI,FIFO,true,PI_FIFO,358.585572
6.500018,-1,15,9999.751000,17.993000,361.794501,358.852165,360.000000,632,-1.794501,PI,FIFO,true,PI_FIFO,360.190036
6.510018,-1,15,9999.937000,17.930000,361.769570,359.289776,360.000000,630,-1.769570,PI,FIFO,true,PI_FIFO,360.979803
6.520018,-1,15,10000.288000,18.218000,361.722651,359.654707,360.000000,629,-1.722651,PI,FIFO,true,PI_FIFO,361.351227
6.530018,-1,15,9999.732000,17.950000,363.774945,360.272743,360.000000,626,-3.774945,PI,FIFO,true,PI_FIFO,362.563086
6.540019,-1,15,10001.418000,19.368000,360.230548,360.266414,360.000000,627,-0.230548,PI,FIFO,true,PI_FIFO,361.396817
6.550019,-1,15,10000.066000,19.434000,363.559979,360.760448,360.000000,625,-3.559979,PI,FIFO,true,PI_FIFO,362.478398
6.560019,-1,15,9999.455000,18.889000,362.493958,361.020475,360.000000,624,-2.493958,PI,FIFO,true,PI_FIFO,362.486178
6.570018,-1,15,9999.566000,18.455000,365.829865,361.741883,360.000000,620,-5.829865,PI,FIFO,true,PI_FIFO,364.158021
6.580018,-1,15,9999.992000,18.447000,361.969112,361.775968,360.000000,620,-1.969112,PI,FIFO,true,PI_FIFO,363.063567
6.590018,-1,15,9999.640000,18.087000,362.062307,361.818919,360.000000,620,-2.062307,PI,FIFO,true,PI_FIFO,362.562937
6.600018,-1,15,9999.565000,17.652000,357.483317,361.168578,360.000000,623,2.516683,PI,FIFO,true,PI_FIFO,360.023127
6.610018,-1,15,9999.862000,17.514000,356.657609,360.491933,360.000000,626,3.342391,PI,FIFO,true,PI_FIFO,358.340368
6.620018,-1,15,10000.528000,18.042000,352.112676,359.235044,360.000000,633,7.887324,PI,FIFO,true,PI_FIFO,355.226522
6.630018,-1,15,9999.787000,17.829000,356.077048,358.761345,360.000000,634,3.922952,PI,FIFO,true,PI_FIFO,355.651785
6.640018,-1,15,9999.714000,17.543000,352.112676,357.764045,360.000000,639,7.887324,PI,FIFO,true,PI_FIFO,353.882231
6.650018,-1,15,10000.361000,17.904000,358.337315,357.850035,360.000000,637,1.662685,PI,FIFO,true,PI_FIFO,356.109773
6.660015,-1,15,9996.880000,14.784000,360.910071,358.309041,360.000000,634,-0.910071,PI,FIFO,true,PI_FIFO,358.509922
6.670019,-1,15,10004.084000,18.868000,364.113021,359.179638,360.000000,630,-4.113021,PI,FIFO,true,PI_FIFO,361.311471
6.680018,-1,15,9999.232000,18.100000,361.769570,359.568127,360.000000,629,-1.769570,PI,FIFO,true,PI_FIFO,361.540521
6.690018,-1,15,9999.454000,17.554000,362.545496,360.014733,360.000000,627,-2.545496,PI,FIFO,true,PI_FIFO,362.043008
6.700018,-1,15,9999.954000,17.508000,361.769570,360.277958,360.000000,627,-1.769570,PI,FIFO,true,PI_FIFO,361.906289
6.710018,-1,15,10000.417000,17.925000,363.041002,360.692415,360.000000,625,-3.041002,PI,FIFO,true,PI_FIFO,362.473646
6.720018,-1,15,9999.787000,17.712000,360.775151,360.704825,360.000000,626,-0.775151,PI,FIFO,true,PI_FIFO,361.624398
6.730018,-1,15,10000.584000,18.296000,364.077670,361.210752,360.000000,623,-4.077670,PI,FIFO,true,PI_FIFO,362.851034
6.740015,-1,15,9996.232000,14.528000,366.592805,362.018060,360.000000,618,-6.592805,PI,FIFO,true,PI_FIFO,364.721920
6.750019,-1,15,10004.509000,19.037000,363.020329,362.168400,360.000000,618,-3.020329,PI,FIFO,true,PI_FIFO,363.871124
6.760015,-1,15,9995.695000,14.732000,359.838792,361.818959,360.000000,620,0.161208,PI,FIFO,true,PI_FIFO,361.854958
6.770018,-1,15,10003.195000,17.927000,355.922551,360.934498,360.000000,624,4.077449,PI,FIFO,true,PI_FIFO,358.888755
6.780018,-1,15,9999.991000,17.918000,355.922551,360.182706,360.000000,628,4.077449,PI,FIFO,true,PI_FIFO,357.405653
6.790018,-1,15,10000.028000,17.946000,351.617440,358.897916,360.000000,634,8.382560,PI,FIFO,true,PI_FIFO,354.511547
6.800018,-1,15,9999.602000,17.548000,354.346652,358.215227,360.000000,636,5.653348,PI,FIFO,true,PI_FIFO,354.429099
6.810027,-1,15,10009.677000,27.225000,354.777673,357.699593,360.000000,638,5.222327,PI,FIFO,true,PI_FIFO,354.603386
6.820019,-1,15,9992.120000,19.345000,360.057609,358.053296,360.000000,636,-0.057609,PI,FIFO,true,PI_FIFO,357.330498
6.830019,-1,15,9999.325000,18.670000,359.654731,358.293511,360.000000,635,0.345269,PI,FIFO,true,PI_FIFO,358.492615
6.840018,-1,15,9998.861000,17.531000,363.689264,359.102874,360.000000,630,-3.689264,PI,FIFO,true,PI_FIFO,361.090939
6.850018,-1,15,10000.102000,17.633000,361.013313,359.389440,360.000000,630,-1.013313,PI,FIFO,true,PI_FIFO,361.052126
6.860018,-1,15,10000.399000,18.032000,363.869863,360.061503,360.000000,627,-3.869863,PI,FIFO,true,PI_FIFO,362.460995
6.870018,-1,15,10000.417000,18.449000,360.181120,360.079446,360.000000,628,-0.181120,PI,FIFO,true,PI_FIFO,361.321057
6.880018,-1,15,9999.324000,17.773000,364.202468,360.697899,360.000000,625,-4.202468,PI,FIFO,true,PI_FIFO,362.761763
6.890018,-1,15,9999.751000,17.524000,361.570248,360.828751,360.000000,625,-1.570248,PI,FIFO,true,PI_FIFO,362.166005
6.900017,-1,15,9999.917000,17.441000,366.210938,361.636079,360.000000,620,-6.210938,PI,FIFO,true,PI_FIFO,364.188471
6.910018,-1,15,10000.120000,17.561000,363.171002,361.866318,360.000000,620,-3.171002,PI,FIFO,true,PI_FIFO,363.679737
6.920018,-1,15,10000.177000,17.738000,364.431487,362.251093,360.000000,617,-4.431487,PI,FIFO,true,PI_FIFO,364.055612
6.930018,-1,15,9999.991000,17.729000,359.103677,361.778981,360.000000,620,0.896323,PI,FIFO,true,PI_FIFO,361.579644
6.940017,-1,15,9999.695000,17.424000,356.803045,361.032590,360.000000,624,3.196955,PI,FIFO,true,PI_FIFO,359.191345
6.950020,-1,15,10002.176000,19.600000,354.729730,360.087161,360.000000,628,5.270270,PI,FIFO,true,PI_FIFO,356.960537
6.960021,-1,15,10001.565000,21.165000,354.777673,359.290738,360.000000,631,5.222327,PI,FIFO,true,PI_FIFO,355.869105
6.970020,-1,15,9998.547000,19.712000,352.443609,358.263669,360.000000,636,7.556391,PI,FIFO,true,PI_FIFO,354.156357
6.980019,-1,15,9999.417000,19.129000,355.113636,357.791164,360.000000,638,4.886364,PI,FIFO,true,PI_FIFO,354.634997
6.990019,-1,15,9999.824000,18.953000,360.750361,358.235043,360.000000,634,-0.750361,PI,FIFO,true,PI_FIFO,357.692679
7.000018,-1,15,9999.010000,17.963000,360.576923,358.586325,360.000000,633,-0.576923,PI,FIFO,true,PI_FIFO,359.134801
7.010018,-1,15,10000.046000,18.009000,362.143892,359.119960,360.000000,630,-2.143892,PI,FIFO,true,PI_FIFO,360.639346
7.020018,-1,15,10000.103000,18.112000,361.132512,359.421843,360.000000,630,-1.132512,PI,FIFO,true,PI_FIFO,360.885929
7.030018,-1,15,9999.620000,17.732000,362.283837,359.851142,360.000000,628,-2.283837,PI,FIFO,true,PI_FIFO,361.584883
7.040017,-1,15,9999.602000,17.334000,358.957014,359.717023,360.000000,630,1.042986,PI,FIFO,true,PI_FIFO,360.270949
7.050018,-1,15,10000.640000,17.974000,362.844702,360.186175,360.000000,627,-2.844702,PI,FIFO,true,PI_FIFO,361.557826
7.060030,-1,15,10011.546000,29.520000,363.559979,360.692246,360.000000,625,-3.559979,PI,FIFO,true,PI_FIFO,362.558902
7.070020,-1,15,9990.677000,20.197000,367.466928,361.708448,360.000000,619,-7.466928,PI,FIFO,true,PI_FIFO,365.012915
7.080018,-1,15,9998.083000,18.280000,362.062307,361.761527,360.000000,620,-2.062307,PI,FIFO,true,PI_FIFO,363.537611
7.090019,-1,15,10000.917000,19.197000,362.669246,361.897685,360.000000,619,-2.669246,PI,FIFO,true,PI_FIFO,363.103428
7.100018,-1,15,9999.084000,18.281000,356.657609,361.111673,360.000000,624,3.342391,PI,FIFO,true,PI_FIFO,359.880519
7.110019,-1,15,10000.269000,18.550000,356.091539,360.358653,360.000000,627,3.908461,PI,FIFO,true,PI_FIFO,357.986029
7.120018,-1,15,9999.602000,18.152000,351.949645,359.097302,360.000000,634,8.050355,PI,FIFO,true,PI_FIFO,354.967837
7.130027,-1,15,10009.047000,27.199000,356.193009,358.661658,360.000000,635,3.806991,PI,FIFO,true,PI_FIFO,355.580423
7.140033,-1,15,10006.121000,33.320000,354.040785,357.968527,360.000000,638,5.959215,PI,FIFO,true,PI_FIFO,354.810604
7.150022,-1,15,9988.324000,21.644000,359.195402,358.152558,360.000000,636,0.804598,PI,FIFO,true,PI_FIFO,357.003003
7.160018,-1,15,9996.824000,18.468000,360.392107,358.488491,360.000000,634,-0.392107,PI,FIFO,true,PI_FIFO,358.697555
7.170018,-1,15,9999.436000,17.904000,364.077670,359.326867,360.000000,630,-4.077670,PI,FIFO,true,PI_FIFO,361.387612
7.180019,-1,15,10000.602000,18.506000,361.503856,359.653416,360.000000,629,-1.503856,PI,FIFO,true,PI_FIFO,361.445734
7.190018,-1,15,9999.417000,17.923000,363.548231,360.237638,360.000000,627,-3.548231,PI,FIFO,true,PI_FIFO,362.496982
7.200018,-1,15,9999.713000,17.636000,362.168874,360.527323,360.000000,626,-2.168874,PI,FIFO,true,PI_FIFO,362.332928
7.210017,-1,15,9999.417000,17.053000,362.875683,360.879577,360.000000,625,-2.875683,PI,FIFO,true,PI_FIFO,362.604306
7.220018,-1,15,10000.492000,17.545000,361.371145,360.953313,360.000000,625,-1.371145,PI,FIFO,true,PI_FIFO,361.987726
7.230017,-1,15,9999.805000,17.350000,363.869863,361.390795,360.000000,622,-3.869863,PI,FIFO,true,PI_FIFO,362.928794
7.240017,-1,15,9999.825000,17.175000,365.802676,362.052577,360.000000,618,-5.802676,PI,FIFO,true,PI_FIFO,364.365735
7.250018,-1,15,10000.343000,17.518000,363.372093,362.250505,360.000000,617,-3.372093,PI,FIFO,true,PI_FIFO,363.868914
7.260017,-1,15,9999.695000,17.213000,359.392114,361.821746,360.000000,620,0.607886,PI,FIFO,true,PI_FIFO,361.630514
7.270019,-1,15,10002.176000,19.389000,356.294537,360.992665,360.000000,624,3.705463,PI,FIFO,true,PI_FIFO,358.962525
7.280015,-1,15,9995.250000,14.639000,355.498375,360.168521,360.000000,628,4.501625,PI,FIFO,true,PI_FIFO,357.230450
7.290018,-1,15,10003.528000,18.167000,351.452671,358.861144,360.000000,634,8.547329,PI,FIFO,true,PI_FIFO,354.341561
7.300018,-1,15,9999.806000,17.973000,354.538088,358.212685,360.000000,636,5.461912,PI,FIFO,true,PI_FIFO,354.439824
7.310018,-1,15,10000.121000,18.094000,353.773585,357.546820,360.000000,639,6.226415,PI,FIFO,true,PI_FIFO,354.106704
7.320018,-1,15,10000.010000,18.104000,360.947125,358.056866,360.000000,635,-0.947125,PI,FIFO,true,PI_FIFO,357.526915
7.330018,-1,15,9999.806000,17.910000,360.403652,358.408884,360.000000,634,-0.403652,PI,FIFO,true,PI_FIFO,358.965283
7.340018,-1,15,9999.639000,17.549000,363.748060,359.209760,360.000000,630,-3.748060,PI,FIFO,true,PI_FIFO,361.356672
7.350019,-1,15,10001.232000,18.781000,361.097737,359.492957,360.000000,629,-1.097737,PI,FIFO,true,PI_FIFO,361.227204
7.360017,-1,15,9998.620000,17.401000,363.372093,360.074827,360.000000,627,-3.372093,PI,FIFO,true,PI_FIFO,362.299649
7.370018,-1,15,10000.491000,17.892000,358.554309,359.846750,360.000000,629,1.445691,PI,FIFO,true,PI_FIFO,360.426979
7.380018,-1,15,9999.954000,17.846000,364.963504,360.614263,360.000000,625,-4.963504,PI,FIFO,true,PI_FIFO,362.695241
7.390025,-1,15,10007.492000,25.338000,361.729688,360.781576,360.000000,625,-1.729688,PI,FIFO,true,PI_FIFO,362.212465
7.400020,-1,15,9994.231000,19.569000,366.244600,361.601030,360.000000,620,-6.244600,PI,FIFO,true,PI_FIFO,364.228532
7.410018,-1,15,9998.769000,18.338000,363.184401,361.838536,360.000000,619,-3.184401,PI,FIFO,true,PI_FIFO,363.706466
7.420018,-1,15,9999.565000,17.903000,363.901019,362.147908,360.000000,618,-3.901019,PI,FIFO,true,PI_FIFO,363.803743
7.430016,-1,15,9997.621000,15.524000,358.215066,361.557982,360.000000,621,1.784934,PI,FIFO,true,PI_FIFO,361.009404
7.440025,-1,15,10009.751000,25.275000,356.125356,360.743088,360.000000,625,3.874644,PI,FIFO,true,PI_FIFO,358.567380
7.450019,-1,15,9993.879000,19.154000,354.729730,359.841084,360.000000,629,5.270270,PI,FIFO,true,PI_FIFO,356.648555
7.460019,-1,15,9999.362000,18.516000,354.777673,359.081572,360.000000,632,5.222327,PI,FIFO,true,PI_FIFO,355.713114
7.470018,-1,15,9999.713000,18.229000,352.443609,358.085878,360.000000,637,7.556391,PI,FIFO,true,PI_FIFO,354.078361
7.480018,-1,15,9999.454000,17.683000,355.652504,357.720872,360.000000,638,4.347496,PI,FIFO,true,PI_FIFO,354.865433
7.490018,-1,15,10000.158000,17.841000,361.689815,358.316213,360.000000,634,-1.689815,PI,FIFO,true,PI_FIFO,358.277624
7.500018,-1,15,9999.973000,17.814000,360.230548,358.603363,360.000000,633,-0.230548,PI,FIFO,true,PI_FIFO,359.254086
7.510018,-1,15,10000.157000,17.971000,363.748060,359.375068,360.000000,629,-3.748060,PI,FIFO,true,PI_FIFO,361.501073
7.520018,-1,15,10000.380000,18.351000,362.318841,359.816634,360.000000,628,-2.318841,PI,FIFO,true,PI_FIFO,361.909957
7.530018,-1,15,9999.603000,17.954000,363.901019,360.429292,360.000000,625,-3.901019,PI,FIFO,true,PI_FIFO,362.905488
7.540017,-1,15,9999.528000,17.482000,360.392107,360.423714,360.000000,626,-0.392107,PI,FIFO,true,PI_FIFO,361.648797
7.550018,-1,15,10000.398000,17.880000,362.318841,360.707983,360.000000,625,-2.318841,PI,FIFO,true,PI_FIFO,361.983819
7.560017,-1,15,9999.454000,17.334000,363.184401,361.079446,360.000000,623,-3.184401,PI,FIFO,true,PI_FIFO,362.584110
7.570017,-1,15,9999.991000,17.325000,366.748166,361.929754,360.000000,618,-6.748166,PI,FIFO,true,PI_FIFO,364.666138
7.580017,-1,15,9999.862000,17.187000,362.435567,362.005626,360.000000,618,-2.435567,PI,FIFO,true,PI_FIFO,363.550853
7.590017,-1,15,9999.843000,17.030000,361.794501,361.973957,360.000000,619,-1.794501,PI,FIFO,true,PI_FIFO,362.672677
7.600017,-1,15,10000.286000,17.316000,357.629428,361.322278,360.000000,622,2.370572,PI,FIFO,true,PI_FIFO,360.151052
7.610017,-1,15,9999.879000,17.195000,356.463878,360.593518,360.000000,625,3.536122,PI,FIFO,true,PI_FIFO,358.307465
7.620017,-1,15,10000.083000,17.278000,351.738369,359.265245,360.000000,632,8.261631,PI,FIFO,true,PI_FIFO,355.022917
7.630019,-1,15,10001.565000,18.843000,355.652504,358.723334,360.000000,633,4.347496,PI,FIFO,true,PI_FIFO,355.337711
7.640015,-1,15,9995.990000,14.833000,354.755298,358.128129,360.000000,636,5.244702,PI,FIFO,true,PI_FIFO,355.046504
7.650018,-1,15,10003.509000,18.342000,359.539789,358.339878,360.000000,634,0.460211,PI,FIFO,true,PI_FIFO,357.293147
7.660017,-1,15,9999.101000,17.443000,361.132512,358.758773,360.000000,632,-1.132512,PI,FIFO,true,PI_FIFO,359.212829
7.670018,-1,15,10000.268000,17.711000,362.875683,359.376309,360.000000,629,-2.875683,PI,FIFO,true,PI_FIFO,361.044256
7.680018,-1,15,10000.138000,17.849000,361.809461,359.741282,360.000000,627,-1.809461,PI,FIFO,true,PI_FIFO,361.426858
7.690018,-1,15,10000.491000,18.340000,361.969112,360.075457,360.000000,626,-1.969112,PI,FIFO,true,PI_FIFO,361.697985
7.700018,-1,15,10000.120000,18.460000,360.903533,360.199668,360.000000,626,-0.903533,PI,FIFO,true,PI_FIFO,361.300759
7.710018,-1,15,9999.638000,18.098000,362.769486,360.585141,360.000000,624,-2.769486,PI,FIFO,true,PI_FIFO,362.035122
7.720017,-1,15,9999.361000,17.459000,360.750361,360.609924,360.000000,625,-0.750361,PI,FIFO,true,PI_FIFO,361.392742
7.730018,-1,15,10000.601000,18.060000,363.936335,361.108885,360.000000,622,-3.936335,PI,FIFO,true,PI_FIFO,362.664538
7.740018,-1,15,10000.027000,18.087000,365.497076,361.767114,360.000000,618,-5.497076,PI,FIFO,true,PI_FIFO,364.080807
7.750018,-1,15,10000.009000,18.096000,361.689815,361.755519,360.000000,619,-1.689815,PI,FIFO,true,PI_FIFO,362.885311
7.760020,-1,15,10002.286000,20.382000,359.539789,361.423160,360.000000,621,0.460211,PI,FIFO,true,PI_FIFO,361.212550
7.770030,-1,15,10009.861000,30.243000,356.373543,360.665717,360.000000,624,3.626457,PI,FIFO,true,PI_FIFO,358.793046
7.780020,-1,15,9989.601000,19.844000,356.193009,359.994811,360.000000,627,3.806991,PI,FIFO,true,PI_FIFO,357.493028
7.790018,-1,15,9998.435000,18.279000,352.443609,358.862131,360.000000,633,7.556391,PI,FIFO,true,PI_FIFO,354.968318
7.800019,-1,15,10000.416000,18.695000,354.274917,358.174049,360.000000,636,5.725083,PI,FIFO,true,PI_FIFO,354.621618
7.810019,-1,15,10000.454000,19.149000,355.113636,357.714987,360.000000,637,4.886364,PI,FIFO,true,PI_FIFO,354.867627
7.820018,-1,15,9999.194000,18.343000,360.750361,358.170293,360.000000,634,-0.750361,PI,FIFO,true,PI_FIFO,357.808994
7.830019,-1,15,10000.175000,18.518000,359.617942,358.387440,360.000000,633,0.382058,PI,FIFO,true,PI_FIFO,358.713468
7.840034,-1,15,10015.675000,34.193000,363.759822,359.193297,360.000000,629,-3.759822,PI,FIFO,true,PI_FIFO,361.236645
7.850037,-1,15,10003.176000,37.369000,361.689815,359.567775,360.000000,628,-1.689815,PI,FIFO,true,PI_FIFO,361.463230
7.860020,-1,15,9983.120000,20.489000,363.901019,360.217762,360.000000,626,-3.901019,PI,FIFO,true,PI_FIFO,362.682124
7.870019,-1,15,9998.360000,18.849000,358.737245,359.995684,360.000000,628,1.262755,PI,FIFO,true,PI_FIFO,360.709685
7.880018,-1,15,9999.102000,17.951000,363.372093,360.502145,360.000000,625,-3.372093,PI,FIFO,true,PI_FIFO,362.040889
7.890018,-1,15,10000.120000,18.071000,361.371145,360.632495,360.000000,625,-1.371145,PI,FIFO,true,PI_FIFO,361.706017
7.900019,-1,15,10000.656000,18.727000,366.042719,361.444029,360.000000,621,-6.042719,PI,FIFO,true,PI_FIFO,363.874368
7.910019,-1,15,9999.991000,18.718000,362.809598,361.648864,360.000000,620,-2.809598,PI,FIFO,true,PI_FIFO,363.341983
7.920019,-1,15,9999.934000,18.652000,364.431487,362.066258,360.000000,618,-4.431487,PI,FIFO,true,PI_FIFO,363.886735
7.930019,-1,15,10000.065000,18.717000,356.463878,361.225901,360.000000,623,3.536122,PI,FIFO,true,PI_FIFO,360.175307
7.940015,-1,15,9996.712000,15.429000,355.416548,360.354498,360.000000,627,4.583452,PI,FIFO,true,PI_FIFO,357.795927
7.950021,-1,15,10005.787000,21.216000,352.860523,359.230402,360.000000,632,7.139477,PI,FIFO,true,PI_FIFO,355.328225
7.960031,-1,15,10009.860000,31.076000,354.274917,358.487079,360.000000,635,5.725083,PI,FIFO,true,PI_FIFO,354.801571
7.970020,-1,15,9989.176000,20.252000,353.506787,357.740035,360.000000,639,6.493213,PI,FIFO,true,PI_FIFO,354.154179
7.980019,-1,15,9998.527000,18.779000,356.633381,357.574037,360.000000,639,3.366619,PI,FIFO,true,PI_FIFO,355.393780
7.990019,-1,15,9999.972000,18.751000,362.529002,358.317282,360.000000,634,-2.529002,PI,FIFO,true,PI_FIFO,358.961391
8.000018,-1,15,9999.249000,18.000000,362.178868,358.896520,360.000000,632,-2.178868,PI,FIFO,true,PI_FIFO,360.570130
8.010018,-1,15,9999.768000,17.768000,361.875965,359.343437,360.000000,630,-1.875965,PI,FIFO,true,PI_FIFO,361.223047
8.020018,-1,15,10000.509000,18.277000,362.143892,359.763505,360.000000,629,-2.143892,PI,FIFO,true,PI_FIFO,361.683470
8.030018,-1,15,10000.120000,18.397000,364.124806,360.417700,360.000000,626,-4.124806,PI,FIFO,true,PI_FIFO,362.904138
8.040018,-1,15,9999.675000,18.072000,360.057609,360.363686,360.000000,627,-0.057609,PI,FIFO,true,PI_FIFO,361.480873
8.050018,-1,15,10000.306000,18.378000,362.809598,360.730573,360.000000,626,-2.809598,PI,FIFO,true,PI_FIFO,362.145235
8.060018,-1,15,9999.416000,17.794000,362.669246,361.021374,360.000000,624,-2.669246,PI,FIFO,true,PI_FIFO,362.407241
8.070019,-1,15,10001.064000,18.858000,366.401772,361.828434,360.000000,620,-6.401772,PI,FIFO,true,PI_FIFO,364.404506
8.080019,-1,15,9999.916000,18.774000,361.969112,361.849535,360.000000,620,-1.969112,PI,FIFO,true,PI_FIFO,363.186809
8.090019,-1,15,9999.842000,18.616000,363.020329,362.025154,360.000000,619,-3.020329,PI,FIFO,true,PI_FIFO,363.103569
8.100018,-1,15,9999.213000,17.829000,358.737245,361.531968,360.000000,621,1.262755,PI,FIFO,true,PI_FIFO,360.920407
8.110018,-1,15,10000.120000,17.949000,356.260688,360.741276,360.000000,625,3.739312,PI,FIFO,true,PI_FIFO,358.590547
8.120018,-1,15,9999.768000,17.717000,352.670894,359.530719,360.000000,631,7.329106,PI,FIFO,true,PI_FIFO,355.630721
8.130018,-1,15,10000.305000,18.022000,355.113636,358.868156,360.000000,634,4.886364,PI,FIFO,true,PI_FIFO,355.372179
8.140018,-1,15,10000.249000,18.271000,352.822581,357.961320,360.000000,638,7.177419,PI,FIFO,true,PI_FIFO,354.097380
8.150019,-1,15,10000.231000,18.502000,359.023456,358.120640,360.000000,636,0.976544,PI,FIFO,true,PI_FIFO,356.560418
8.160018,-1,15,9999.768000,18.270000,359.838792,358.378363,360.000000,634,0.161208,PI,FIFO,true,PI_FIFO,358.199605
8.170018,-1,15,9999.935000,18.205000,364.785992,359.339508,360.000000,629,-4.785992,PI,FIFO,true,PI_FIFO,361.492799
8.180017,-1,15,9999.046000,17.251000,360.933891,359.578665,360.000000,629,-0.933891,PI,FIFO,true,PI_FIFO,361.213345
8.190018,-1,15,10000.657000,17.908000,361.230734,359.826475,360.000000,628,-1.230734,PI,FIFO,true,PI_FIFO,361.222040
8.200014,-1,15,9996.583000,14.491000,359.431482,359.767226,360.000000,629,0.568518,PI,FIFO,true,PI_FIFO,360.326761
8.210019,-1,15,10004.119000,18.610000,360.750361,359.914697,360.000000,629,-0.750361,PI,FIFO,true,PI_FIFO,360.538561
8.220015,-1,15,9996.231000,14.841000,361.318088,360.125205,360.000000,628,-1.318088,PI,FIFO,true,PI_FIFO,360.928325
8.230018,-1,15,10002.787000,17.628000,364.077670,360.718075,360.000000,625,-4.077670,PI,FIFO,true,PI_FIFO,362.502997
8.240018,-1,15,9999.879000,17.507000,366.784038,361.627969,360.000000,620,-6.784038,PI,FIFO,true,PI_FIFO,364.643517
8.250018,-1,15,10000.472000,17.979000,362.844702,361.810479,360.000000,620,-2.844702,PI,FIFO,true,PI_FIFO,363.744110
8.260018,-1,15,10000.435000,18.414000,360.761929,361.653197,360.000000,621,-0.761929,PI,FIFO,true,PI_FIFO,362.253020
8.270017,-1,15,9999.064000,17.478000,357.313006,361.002168,360.000000,624,2.686994,PI,FIFO,true,PI_FIFO,359.783013
8.280018,-1,15,10000.509000,17.987000,356.633381,360.346850,360.000000,627,3.366619,PI,FIFO,true,PI_FIFO,358.208197
8.290018,-1,15,10000.249000,18.236000,354.155424,359.418136,360.000000,632,5.844576,PI,FIFO,true,PI_FIFO,356.181810
8.300018,-1,15,9999.601000,17.837000,355.281857,358.797694,360.000000,634,4.718143,PI,FIFO,true,PI_FIFO,355.731834
8.310018,-1,15,9999.694000,17.531000,355.498375,358.302796,360.000000,636,4.501625,PI,FIFO,true,PI_FIFO,355.615104
8.320018,-1,15,10000.398000,17.929000,360.750361,358.669931,360.000000,633,-0.750361,PI,FIFO,true,PI_FIFO,358.182732
8.330019,-1,15,10000.898000,18.827000,359.103677,358.734993,360.000000,633,0.896323,PI,FIFO,true,PI_FIFO,358.643205
8.340020,-1,15,10001.249000,20.076000,363.372093,359.430558,360.000000,629,-3.372093,PI,FIFO,true,PI_FIFO,361.007649
8.350020,-1,15,9999.657000,19.733000,360.947125,359.658043,360.000000,629,-0.947125,PI,FIFO,true,PI_FIFO,360.977387
8.360019,-1,15,9998.787000,18.520000,363.196126,360.188755,360.000000,627,-3.196126,PI,FIFO,true,PI_FIFO,362.086757
8.370018,-1,15,9999.897000,18.417000,358.371560,359.916176,360.000000,629,1.628440,PI,FIFO,true,PI_FIFO,360.229158
8.380019,-1,15,10000.250000,18.667000,363.041002,360.384900,360.000000,626,-3.041002,PI,FIFO,true,PI_FIFO,361.635080
8.390015,-1,15,9996.064000,14.731000,362.009047,360.628522,360.000000,625,-2.009047,PI,FIFO,true,PI_FIFO,361.822063
8.400018,-1,15,10002.972000,17.703000,365.371389,361.339952,360.000000,621,-5.371389,PI,FIFO,true,PI_FIFO,363.596726
8.410018,-1,15,10000.731000,18.434000,363.372093,361.644773,360.000000,620,-3.372093,PI,FIFO,true,PI_FIFO,363.484410
8.420018,-1,15,9999.324000,17.758000,364.335680,362.048409,360.000000,618,-4.335680,PI,FIFO,true,PI_FIFO,363.910045
8.430018,-1,15,10000.397000,18.155000,358.449858,361.508627,360.000000,621,1.550142,PI,FIFO,true,PI_FIFO,361.179951
8.440026,-1,15,10007.935000,26.090000,357.313006,360.879284,360.000000,624,2.686994,PI,FIFO,true,PI_FIFO,359.246479
8.450020,-1,15,9993.527000,19.617000,354.921579,359.985628,360.000000,629,5.078421,PI,FIFO,true,PI_FIFO,357.084029
8.460027,-1,15,10007.027000,26.644000,354.274917,359.129021,360.000000,632,5.725083,PI,FIFO,true,PI_FIFO,355.679473
8.470023,-1,15,9996.824000,23.468000,353.440151,358.275691,360.000000,636,6.559849,PI,FIFO,true,PI_FIFO,354.559812
8.480025,-1,15,10001.842000,25.310000,356.270358,357.974891,360.000000,637,3.729642,PI,FIFO,true,PI_FIFO,355.415085
8.490027,-1,15,10001.324000,26.634000,361.722651,358.537055,360.000000,633,-1.722651,PI,FIFO,true,PI_FIFO,358.568868
8.500017,-1,15,9990.323000,16.957000,362.368857,359.111825,360.000000,630,-2.368857,PI,FIFO,true,PI_FIFO,360.468863
8.510020,-1,15,10003.157000,20.114000,361.886921,359.528090,360.000000,629,-1.886921,PI,FIFO,true,PI_FIFO,361.177892
8.520019,-1,15,9999.250000,19.364000,360.775151,359.715149,360.000000,629,-0.775151,PI,FIFO,true,PI_FIFO,360.976521
8.530018,-1,15,9998.768000,18.132000,362.493958,360.131970,360.000000,627,-2.493958,PI,FIFO,true,PI_FIFO,361.735240
8.540018,-1,15,9999.416000,17.548000,359.838792,360.087994,360.000000,628,0.161208,PI,FIFO,true,PI_FIFO,360.787016
8.550030,-1,15,10012.898000,30.446000,363.936335,360.665245,360.000000,625,-3.936335,PI,FIFO,true,PI_FIFO,362.361676
8.560037,-1,15,10006.231000,36.677000,363.372093,361.071272,360.000000,623,-3.372093,PI,FIFO,true,PI_FIFO,362.866884
8.570021,-1,15,9984.268000,20.945000,367.358934,362.014421,360.000000,617,-7.358934,PI,FIFO,true,PI_FIFO,365.112909
8.580019,-1,15,9998.360000,19.305000,362.710514,362.118835,360.000000,617,-2.710514,PI,FIFO,true,PI_FIFO,363.911712
8.590018,-1,15,9998.953000,18.258000,362.168874,362.126341,360.000000,617,-2.168874,PI,FIFO,true,PI_FIFO,363.040293
8.600015,-1,15,9996.730000,14.988000,356.633381,361.302397,360.000000,622,3.366619,PI,FIFO,true,PI_FIFO,359.836837
8.610018,-1,15,10002.879000,17.867000,356.270358,360.547591,360.000000,625,3.729642,PI,FIFO,true,PI_FIFO,358.053598
8.620018,-1,15,10000.174000,18.041000,352.443609,359.331994,360.000000,631,7.556391,PI,FIFO,true,PI_FIFO,355.248603
8.630018,-1,15,9999.879000,17.920000,355.293077,358.726156,360.000000,633,4.706923,PI,FIFO,true,PI_FIFO,355.270840
8.640018,-1,15,10000.063000,17.983000,353.151683,357.889985,360.000000,637,6.848317,PI,FIFO,true,PI_FIFO,354.211261
8.650017,-1,15,9999.082000,17.065000,357.460600,357.825578,360.000000,636,2.539400,PI,FIFO,true,PI_FIFO,355.835931
8.660023,-1,15,10006.249000,23.314000,360.057609,358.160382,360.000000,634,-0.057609,PI,FIFO,true,PI_FIFO,357.946770
8.670019,-1,15,9995.897000,19.211000,364.077670,359.047975,360.000000,630,-4.077670,PI,FIFO,true,PI_FIFO,361.012220
8.680018,-1,15,9998.785000,17.996000,362.062307,359.500125,360.000000,628,-2.062307,PI,FIFO,true,PI_FIFO,361.537263
8.690018,-1,15,9999.786000,17.782000,362.318841,359.922932,360.000000,627,-2.318841,PI,FIFO,true,PI_FIFO,361.928052
8.700018,-1,15,10000.119000,17.901000,360.947125,360.076561,360.000000,627,-0.947125,PI,FIFO,true,PI_FIFO,361.437589
8.710016,-1,15,9997.897000,15.798000,362.493958,360.439171,360.000000,625,-2.493958,PI,FIFO,true,PI_FIFO,361.965774
8.720018,-1,15,10002.656000,18.454000,360.775151,360.489568,360.000000,626,-0.775151,PI,FIFO,true,PI_FIFO,361.370462
8.730018,-1,15,9999.952000,18.406000,364.702517,361.121510,360.000000,622,-4.702517,PI,FIFO,true,PI_FIFO,363.036490
8.740015,-1,15,9996.453000,14.859000,365.259740,361.742245,360.000000,619,-5.259740,PI,FIFO,true,PI_FIFO,364.148115
8.750020,-1,15,10005.137000,19.996000,363.901019,362.066061,360.000000,617,-3.901019,PI,FIFO,true,PI_FIFO,364.024567
8.760018,-1,15,9998.064000,18.060000,360.576923,361.842690,360.000000,619,-0.576923,PI,FIFO,true,PI_FIFO,362.300745
8.770018,-1,15,10000.397000,18.457000,356.463878,361.035868,360.000000,623,3.536122,PI,FIFO,true,PI_FIFO,359.382312
8.780015,-1,15,9996.193000,14.650000,355.832490,360.255362,360.000000,627,4.167510,PI,FIFO,true,PI_FIFO,357.607401
8.790018,-1,15,10003.637000,18.287000,352.620361,359.110112,360.000000,632,7.379639,PI,FIFO,true,PI_FIFO,355.113881
8.800015,-1,15,9996.360000,14.647000,354.576399,358.430055,360.000000,635,5.423601,PI,FIFO,true,PI_FIFO,354.845140
8.810018,-1,15,10003.452000,18.099000,354.945575,357.907383,360.000000,637,5.054425,PI,FIFO,true,PI_FIFO,354.895358
8.820018,-1,15,9999.953000,18.052000,361.371145,358.426947,360.000000,633,-1.371145,PI,FIFO,true,PI_FIFO,358.133251
8.830018,-1,15,9999.767000,17.819000,360.057609,358.671546,360.000000,632,-0.057609,PI,FIFO,true,PI_FIFO,359.095430
8.840018,-1,15,10000.138000,17.957000,362.435567,359.236150,360.000000,629,-2.435567,PI,FIFO,true,PI_FIFO,360.765499
8.850026,-1,15,10008.248000,26.205000,360.403652,359.411275,360.000000,629,-0.403652,PI,FIFO,true,PI_FIFO,360.584575
8.860020,-1,15,9993.471000,19.676000,361.503856,359.725162,360.000000,628,-1.503856,PI,FIFO,true,PI_FIFO,361.044216
8.870019,-1,15,9999.230000,18.906000,359.023456,359.619906,360.000000,630,0.976544,PI,FIFO,true,PI_FIFO,360.033836
8.880018,-1,15,9998.638000,17.544000,364.077670,360.288571,360.000000,626,-4.077670,PI,FIFO,true,PI_FIFO,362.055753
8.890018,-1,15,10000.915000,18.459000,361.875965,360.526680,360.000000,625,-1.875965,PI,FIFO,true,PI_FIFO,361.965859
8.900018,-1,15,9999.286000,17.745000,366.210938,361.379319,360.000000,621,-6.210938,PI,FIFO,true,PI_FIFO,364.088398
8.910018,-1,15,10000.026000,17.771000,363.184401,361.650081,360.000000,620,-3.184401,PI,FIFO,true,PI_FIFO,363.636400
8.920018,-1,15,10000.693000,18.464000,364.608653,362.093867,360.000000,617,-4.608653,PI,FIFO,true,PI_FIFO,364.122526
8.930024,-1,15,10005.360000,23.824000,358.737245,361.590373,360.000000,621,1.262755,PI,FIFO,true,PI_FIFO,361.429886
8.940025,-1,15,10000.953000,24.777000,358.166189,361.076746,360.000000,623,1.833811,PI,FIFO,true,PI_FIFO,359.798037
8.950021,-1,15,9996.471000,21.248000,354.921579,360.153471,360.000000,627,5.078421,PI,FIFO,true,PI_FIFO,357.359808
8.960033,-1,15,10011.563000,32.811000,355.450237,359.447986,360.000000,630,4.549763,PI,FIFO,true,PI_FIFO,356.405023
8.970020,-1,15,9987.212000,20.023000,352.822581,358.454175,360.000000,635,7.177419,PI,FIFO,true,PI_FIFO,354.613802
8.980019,-1,15,9998.971000,18.994000,355.618777,358.028865,360.000000,636,4.381223,PI,FIFO,true,PI_FIFO,355.116289
8.990019,-1,15,9999.600000,18.594000,361.875965,358.605930,360.000000,632,-1.875965,PI,FIFO,true,PI_FIFO,358.496127
9.000019,-1,15,10000.082000,18.676000,361.445783,359.031908,360.000000,630,-1.445783,PI,FIFO,true,PI_FIFO,359.970955
9.010018,-1,15,9999.397000,18.073000,361.969112,359.472489,360.000000,628,-1.969112,PI,FIFO,true,PI_FIFO,360.970034
9.020028,-1,15,10010.360000,28.433000,361.067059,359.711674,360.000000,628,-1.067059,PI,FIFO,true,PI_FIFO,361.018546
9.030019,-1,15,9990.137000,18.570000,362.970133,360.200443,360.000000,626,-2.970133,PI,FIFO,true,PI_FIFO,361.994340
9.040019,-1,15,9999.971000,18.541000,359.195402,360.049687,360.000000,627,0.804598,PI,FIFO,true,PI_FIFO,360.594871
9.050018,-1,15,9999.860000,18.401000,362.435567,360.407569,360.000000,625,-2.435567,PI,FIFO,true,PI_FIFO,361.515219
9.060015,-1,15,9996.823000,15.224000,362.318841,360.694260,360.000000,624,-2.318841,PI,FIFO,true,PI_FIFO,361.917030
9.070019,-1,15,10003.600000,18.824000,367.550967,361.722766,360.000000,618,-7.550967,PI,FIFO,true,PI_FIFO,364.733998
9.080018,-1,15,9999.082000,17.906000,362.143892,361.785935,360.000000,619,-2.143892,PI,FIFO,true,PI_FIFO,363.438945
9.090018,-1,15,10000.230000,18.136000,361.620058,361.761053,360.000000,619,-1.620058,PI,FIFO,true,PI_FIFO,362.529501
9.100018,-1,15,9999.749000,17.885000,356.373543,360.952927,360.000000,623,3.626457,PI,FIFO,true,PI_FIFO,359.451522
9.110018,-1,15,10000.286000,18.171000,354.945575,360.051824,360.000000,628,5.054425,PI,FIFO,true,PI_FIFO,357.198549
9.120018,-1,15,9999.674000,17.845000,350.935829,358.684425,360.000000,634,9.064171,PI,FIFO,true,PI_FIFO,354.067189
9.130019,-1,15,10001.064000,18.909000,354.442344,358.048113,360.000000,637,5.557656,PI,FIFO,true,PI_FIFO,354.254766
9.140031,-1,15,10012.582000,31.491000,354.346652,357.492894,360.000000,639,5.653348,PI,FIFO,true,PI_FIFO,354.300709
9.150022,-1,15,9990.119000,21.610000,360.057609,357.877601,360.000000,636,-0.057609,PI,FIFO,true,PI_FIFO,357.179159
9.160019,-1,15,9997.230000,18.840000,362.062307,358.505307,360.000000,633,-2.062307,PI,FIFO,true,PI_FIFO,359.620733
9.170018,-1,15,9999.304000,18.144000,364.927988,359.468709,360.000000,628,-4.927988,PI,FIFO,true,PI_FIFO,362.274360
9.180028,-1,15,10010.249000,28.393000,361.689815,359.801875,360.000000,628,-1.689815,PI,FIFO,true,PI_FIFO,361.982088
9.190017,-1,15,9988.174000,16.567000,362.529002,360.210944,360.000000,626,-2.529002,PI,FIFO,true,PI_FIFO,362.255545
9.200019,-1,15,10002.175000,18.742000,361.318088,360.377016,360.000000,626,-1.318088,PI,FIFO,true,PI_FIFO,361.786817
9.210018,-1,15,9999.434000,18.176000,363.372093,360.826277,360.000000,624,-3.372093,PI,FIFO,true,PI_FIFO,362.579455
9.220015,-1,15,9996.897000,15.073000,360.973597,360.848375,360.000000,625,-0.973597,PI,FIFO,true,PI_FIFO,361.776526
9.230033,-1,15,10018.230000,33.303000,364.535682,361.401471,360.000000,621,-4.535682,PI,FIFO,true,PI_FIFO,363.156104
9.240016,-1,15,9982.489000,15.792000,365.395323,362.000549,360.000000,618,-5.395323,PI,FIFO,true,PI_FIFO,364.275713
9.250037,-1,15,10021.286000,37.078000,363.041002,362.156617,360.000000,617,-3.041002,PI,FIFO,true,PI_FIFO,363.658358
9.260035,-1,15,9997.878000,34.956000,359.103677,361.698676,360.000000,620,0.896323,PI,FIFO,true,PI_FIFO,361.381018
9.270021,-1,15,9985.860000,20.816000,357.045702,361.000730,360.000000,623,2.954298,PI,FIFO,true,PI_FIFO,359.213360
9.280018,-1,15,9997.119000,17.935000,355.618777,360.193437,360.000000,627,4.381223,PI,FIFO,true,PI_FIFO,357.416068
9.290018,-1,15,10000.545000,18.480000,352.941176,359.105598,360.000000,632,7.058824,PI,FIFO,true,PI_FIFO,355.178622
9.300015,-1,15,9996.564000,15.044000,354.346652,358.391756,360.000000,635,5.653348,PI,FIFO,true,PI_FIFO,354.762637
9.310018,-1,15,10003.452000,18.496000,354.777673,357.849643,360.000000,637,5.222327,PI,FIFO,true,PI_FIFO,354.770155
9.320018,-1,15,9999.897000,18.393000,360.392107,358.231013,360.000000,634,-0.392107,PI,FIFO,true,PI_FIFO,357.581131
9.330019,-1,15,10000.137000,18.530000,360.230548,358.530943,360.000000,633,-0.230548,PI,FIFO,true,PI_FIFO,358.905839
9.340019,-1,15,10000.453000,18.983000,364.583333,359.438802,360.000000,628,-4.583333,PI,FIFO,true,PI_FIFO,361.744586
9.350029,-1,15,10009.619000,28.602000,361.067059,359.683040,360.000000,628,-1.067059,PI,FIFO,true,PI_FIFO,361.405823
9.360020,-1,15,9991.415000,20.017000,361.570248,359.966121,360.000000,627,-1.570248,PI,FIFO,true,PI_FIFO,361.488035
9.370019,-1,15,9999.064000,19.081000,358.680057,359.773212,360.000000,629,1.319943,PI,FIFO,true,PI_FIFO,360.084046
9.380015,-1,15,9995.507000,14.588000,363.184401,360.284890,360.000000,626,-3.184401,PI,FIFO,true,PI_FIFO,361.634224
9.390018,-1,15,10003.397000,17.985000,361.794501,360.511332,360.000000,625,-1.794501,PI,FIFO,true,PI_FIFO,361.714362
9.400015,-1,15,9996.897000,14.882000,366.020302,361.337677,360.000000,621,-6.020302,PI,FIFO,true,PI_FIFO,363.867332
9.410018,-1,15,10003.415000,18.297000,364.254492,361.775200,360.000000,619,-4.254492,PI,FIFO,true,PI_FIFO,364.060912
9.420015,-1,15,9996.564000,14.861000,364.124806,362.127641,360.000000,617,-4.124806,PI,FIFO,true,PI_FIFO,364.092859
9.430019,-1,15,10004.415000,19.276000,357.995227,361.507778,360.000000,621,2.004773,PI,FIFO,true,PI_FIFO,361.044043
9.440018,-1,15,9999.193000,18.469000,356.851550,360.809344,360.000000,624,3.148450,PI,FIFO,true,PI_FIFO,358.947796
9.450019,-1,15,10000.323000,18.792000,354.945575,359.929779,360.000000,628,5.054425,PI,FIFO,true,PI_FIFO,356.946686
9.460018,-1,15,9998.971000,17.763000,354.576399,359.126772,360.000000,632,5.423601,PI,FIFO,true,PI_FIFO,355.761543
9.470018,-1,15,10000.119000,17.882000,353.506787,358.283774,360.000000,635,6.493213,PI,FIFO,true,PI_FIFO,354.634165
9.480018,-1,15,9999.934000,17.816000,357.097511,358.105835,360.000000,635,2.902489,PI,FIFO,true,PI_FIFO,355.865838
9.490018,-1,15,10000.637000,18.453000,361.620058,358.632968,360.000000,632,-1.620058,PI,FIFO,true,PI_FIFO,358.742948
9.500018,-1,15,9999.601000,18.054000,361.271676,359.028774,360.000000,630,-1.271676,PI,FIFO,true,PI_FIFO,360.007312
9.510018,-1,15,10000.286000,18.340000,360.392107,359.233274,360.000000,630,-0.392107,PI,FIFO,true,PI_FIFO,360.199709
9.520018,-1,15,9999.859000,18.199000,361.620058,359.591292,360.000000,628,-1.620058,PI,FIFO,true,PI_FIFO,360.909884
9.530018,-1,15,10000.119000,18.318000,362.970133,360.098118,360.000000,626,-2.970133,PI,FIFO,true,PI_FIFO,361.940008
9.540018,-1,15,9999.471000,17.789000,359.276375,359.974857,360.000000,628,0.723625,PI,FIFO,true,PI_FIFO,360.608192
9.550026,-1,15,10008.694000,26.483000,361.969112,360.273995,360.000000,626,-1.969112,PI,FIFO,true,PI_FIFO,361.288652
9.560026,-1,15,9999.193000,25.676000,361.969112,360.528262,360.000000,625,-1.969112,PI,FIFO,true,PI_FIFO,361.628882
9.570020,-1,15,9994.526000,20.202000,366.210938,361.380664,360.000000,620,-6.210938,PI,FIFO,true,PI_FIFO,363.919910
9.580019,-1,15,9998.601000,18.803000,362.493958,361.547658,360.000000,620,-2.493958,PI,FIFO,true,PI_FIFO,363.206934
9.590019,-1,15,9999.748000,18.551000,363.559979,361.849506,360.000000,618,-3.559979,PI,FIFO,true,PI_FIFO,363.383457
9.600018,-1,15,9999.785000,18.336000,357.142857,361.143509,360.000000,623,2.857143,PI,FIFO,true,PI_FIFO,360.263157
9.610018,-1,15,10000.026000,18.362000,356.463878,360.441564,360.000000,626,3.536122,PI,FIFO,true,PI_FIFO,358.363518
9.620018,-1,15,9999.988000,18.350000,351.617440,359.117946,360.000000,633,8.382560,PI,FIFO,true,PI_FIFO,354.990479
9.630018,-1,15,9999.970000,18.320000,355.883948,358.632846,360.000000,634,4.116052,PI,FIFO,true,PI_FIFO,355.437213
9.640018,-1,15,9999.600000,17.920000,354.107649,357.954066,360.000000,637,5.892351,PI,FIFO,true,PI_FIFO,354.772431
9.650018,-1,15,10000.192000,18.112000,359.367513,358.166083,360.000000,635,0.632487,PI,FIFO,true,PI_FIFO,357.069972
9.660018,-1,15,9999.711000,17.823000,360.947125,358.583240,360.000000,633,-0.947125,PI,FIFO,true,PI_FIFO,359.008549
9.670023,-1,15,10005.192000,23.015000,364.254492,359.433928,360.000000,628,-4.254492,PI,FIFO,true,PI_FIFO,361.631521
9.680019,-1,15,9995.952000,18.967000,360.947125,359.660907,360.000000,628,-0.947125,PI,FIFO,true,PI_FIFO,361.289323
9.690021,-1,15,10001.803000,20.770000,361.794501,359.980946,360.000000,627,-1.794501,PI,FIFO,true,PI_FIFO,361.541912
9.700015,-1,15,9994.359000,15.129000,359.654731,359.932014,360.000000,628,0.345269,PI,FIFO,true,PI_FIFO,360.598322
9.710019,-1,15,10003.637000,18.766000,362.143892,360.263796,360.000000,627,-2.143892,PI,FIFO,true,PI_FIFO,361.371107
9.720019,-1,15,10000.396000,19.162000,360.775151,360.340499,360.000000,627,-0.775151,PI,FIFO,true,PI_FIFO,361.073129
9.730019,-1,15,10000.025000,19.187000,364.702517,360.994802,360.000000,623,-4.702517,PI,FIFO,true,PI_FIFO,362.887823
9.740019,-1,15,10000.082000,19.269000,366.210938,361.777222,360.000000,619,-6.210938,PI,FIFO,true,PI_FIFO,364.549380
9.750027,-1,15,10007.859000,27.128000,363.537865,362.041319,360.000000,618,-3.537865,PI,FIFO,true,PI_FIFO,364.043623
9.760020,-1,15,9993.247000,20.375000,359.589041,361.673477,360.000000,620,0.410959,PI,FIFO,true,PI_FIFO,361.816332
9.770018,-1,15,9998.026000,18.401000,356.463878,360.892037,360.000000,624,3.536122,PI,FIFO,true,PI_FIFO,359.140105
9.780018,-1,15,9999.563000,17.964000,357.460600,360.377322,360.000000,626,2.539400,PI,FIFO,true,PI_FIFO,358.300352
9.790018,-1,15,10000.470000,18.434000,352.443609,359.187265,360.000000,632,7.556391,PI,FIFO,true,PI_FIFO,355.371981
9.800015,-1,15,9996.748000,15.182000,354.397681,358.468827,360.000000,635,5.602319,PI,FIFO,true,PI_FIFO,354.884831
9.810018,-1,15,10002.803000,17.985000,354.945575,357.940339,360.000000,637,5.054425,PI,FIFO,true,PI_FIFO,354.915203
9.820014,-1,15,9996.470000,14.455000,359.983544,358.246820,360.000000,635,0.016456,PI,FIFO,true,PI_FIFO,357.449373
9.830019,-1,15,10004.100000,18.555000,360.230548,358.544379,360.000000,633,-0.230548,PI,FIFO,true,PI_FIFO,358.839960
9.840015,-1,15,9996.173000,14.728000,363.559979,359.296719,360.000000,629,-3.559979,PI,FIFO,true,PI_FIFO,361.199970
9.850018,-1,15,10003.230000,17.958000,362.318841,359.750037,360.000000,628,-2.318841,PI,FIFO,true,PI_FIFO,361.759405
9.860018,-1,15,9999.692000,17.650000,361.875965,360.068927,360.000000,627,-1.875965,PI,FIFO,true,PI_FIFO,361.817685
9.870018,-1,15,10000.063000,17.713000,359.712230,360.015422,360.000000,628,0.287770,PI,FIFO,true,PI_FIFO,360.764958
9.880018,-1,15,9999.877000,17.590000,363.976705,360.609615,360.000000,625,-3.976705,PI,FIFO,true,PI_FIFO,362.370832
9.890030,-1,15,10011.933000,29.523000,361.886921,360.801211,360.000000,624,-1.886921,PI,FIFO,true,PI_FIFO,362.128876
9.900019,-1,15,9989.230000,18.753000,365.070093,361.441543,360.000000,621,-5.070093,PI,FIFO,true,PI_FIFO,363.599485
9.910018,-1,15,9999.433000,18.186000,363.901019,361.810464,360.000000,619,-3.901019,PI,FIFO,true,PI_FIFO,363.750252
9.920018,-1,15,9999.488000,17.674000,364.785992,362.256794,360.000000,617,-4.785992,PI,FIFO,true,PI_FIFO,364.268122
9.930018,-1,15,10000.433000,18.107000,358.737245,361.728861,360.000000,620,1.262755,PI,FIFO,true,PI_FIFO,361.502683
9.940018,-1,15,9999.915000,18.022000,355.956336,360.862982,360.000000,624,4.043664,PI,FIFO,true,PI_FIFO,358.729510
9.950027,-1,15,10009.414000,27.436000,353.773585,359.799573,360.000000,629,6.226415,PI,FIFO,true,PI_FIFO,356.251547
9.960037,-1,15,10009.266000,36.702000,354.934377,359.069793,360.000000,632,5.065623,PI,FIFO,true,PI_FIFO,355.592962
9.970034,-1,15,9997.341000,34.043000,352.941176,358.150501,360.000000,636,7.058824,PI,FIFO,true,PI_FIFO,354.267069
9.980020,-1,15,9986.155000,20.198000,357.045702,357.984781,360.000000,636,2.954298,PI,FIFO,true,PI_FIFO,355.656386
9.990017,-1,15,9996.489000,16.687000,361.445783,358.503931,360.000000,633,-1.445783,PI,FIFO,true,PI_FIFO,358.551084
10.000018,-1,15,10001.173000,17.860000,361.689815,358.981814,360.000000,630,-1.689815,PI,FIFO,true,PI_FIFO,360.120450
10.010019,-1,15,10000.711000,18.571000,361.620058,359.377550,360.000000,629,-1.620058,PI,FIFO,true,PI_FIFO,360.870254
10.020015,-1,15,9996.063000,14.634000,359.838792,359.446737,360.000000,630,0.161208,PI,FIFO,true,PI_FIFO,360.354523
10.030019,-1,15,10003.951000,18.585000,362.318841,359.877552,360.000000,628,-2.318841,PI,FIFO,true,PI_FIFO,361.336682
10.040015,-1,15,9996.119000,14.704000,358.998906,359.745755,360.000000,629,1.001094,PI,FIFO,true,PI_FIFO,360.167794
10.050018,-1,15,10003.785000,18.489000,362.669246,360.184279,360.000000,627,-2.669246,PI,FIFO,true,PI_FIFO,361.418520
10.060018,-1,15,9999.340000,17.829000,363.559979,360.690634,360.000000,624,-3.559979,PI,FIFO,true,PI_FIFO,362.489250
10.070018,-1,15,10000.507000,18.336000,366.547838,361.569215,360.000000,620,-6.547838,PI,FIFO,true,PI_FIFO,364.518544
10.080019,-1,15,10001.026000,19.362000,361.371145,361.539504,360.000000,621,-1.371145,PI,FIFO,true,PI_FIFO,362.944845
10.090019,-1,15,9999.747000,19.109000,363.548231,361.840813,360.000000,619,-3.548231,PI,FIFO,true,PI_FIFO,363.246538
10.100019,-1,15,9999.415000,18.524000,358.737245,361.375278,360.000000,622,1.262755,PI,FIFO,true,PI_FIFO,360.991891
10.110019,-1,15,10000.266000,18.790000,357.313006,360.765937,360.000000,625,2.686994,PI,FIFO,true,PI_FIFO,359.152449
10.120018,-1,15,9999.674000,18.464000,353.773585,359.717084,360.000000,630,6.226415,PI,FIFO,true,PI_FIFO,356.463017
10.130018,-1,15,9999.322000,17.786000,355.113636,359.026567,360.000000,632,4.886364,PI,FIFO,true,PI_FIFO,355.788327
10.140018,-1,15,10000.229000,18.015000,353.773585,358.238620,360.000000,636,6.226415,PI,FIFO,true,PI_FIFO,354.780956
10.150030,-1,15,10011.637000,29.652000,358.802624,358.323220,360.000000,635,1.197376,PI,FIFO,true,PI_FIFO,356.791790
10.160020,-1,15,9990.322000,19.974000,360.250904,358.612373,360.000000,633,-0.250904,PI,FIFO,true,PI_FIFO,358.521347
10.170018,-1,15,9997.933000,17.907000,363.976705,359.417023,360.000000,628,-3.976705,PI,FIFO,true,PI_FIFO,361.249026
10.180018,-1,15,10000.081000,17.988000,360.403652,359.565017,360.000000,629,-0.403652,PI,FIFO,true,PI_FIFO,360.826339
10.190018,-1,15,10000.007000,17.995000,361.318088,359.827978,360.000000,628,-1.318088,PI,FIFO,true,PI_FIFO,361.072214
10.200018,-1,15,9999.989000,17.984000,360.230548,359.888363,360.000000,628,-0.230548,PI,FIFO,true,PI_FIFO,360.651381
10.210018,-1,15,10000.007000,17.991000,361.132512,360.074986,360.000000,627,-1.132512,PI,FIFO,true,PI_FIFO,360.891946
10.220016,-1,15,9997.618000,15.609000,360.750361,360.176292,360.000000,627,-0.750361,PI,FIFO,true,PI_FIFO,360.821153
10.230019,-1,15,10003.044000,18.653000,363.573407,360.685859,360.000000,624,-3.573407,PI,FIFO,true,PI_FIFO,362.197280
10.240018,-1,15,9998.952000,17.605000,367.223502,361.666506,360.000000,619,-7.223502,PI,FIFO,true,PI_FIFO,364.710391
10.250019,-1,15,10001.007000,18.612000,362.435567,361.781865,360.000000,619,-2.435567,PI,FIFO,true,PI_FIFO,363.572979
10.260027,-1,15,10008.229000,26.841000,360.750361,361.627139,360.000000,620,-0.750361,PI,FIFO,true,PI_FIFO,362.161670
10.270020,-1,15,9992.767000,19.608000,355.691057,360.736727,360.000000,625,4.308943,PI,FIFO,true,PI_FIFO,358.926363
10.280018,-1,15,9998.618000,18.226000,355.956336,360.019668,360.000000,628,4.043664,PI,FIFO,true,PI_FIFO,357.441350
10.290018,-1,15,10000.118000,18.344000,352.278065,358.858428,360.000000,634,7.721935,PI,FIFO,true,PI_FIFO,354.859707
10.300019,-1,15,10000.248000,18.592000,354.921579,358.267900,360.000000,636,5.078421,PI,FIFO,true,PI_FIFO,354.890643
10.310025,-1,15,10006.822000,25.414000,354.777673,357.744366,360.000000,638,5.222327,PI,FIFO,true,PI_FIFO,354.834158
10.320019,-1,15,9993.303000,18.717000,361.689815,358.336184,360.000000,634,-1.689815,PI,FIFO,true,PI_FIFO,358.261986
10.330018,-1,15,9999.581000,18.298000,360.230548,358.620338,360.000000,633,-0.230548,PI,FIFO,true,PI_FIFO,359.246267
10.340019,-1,15,10001.193000,19.491000,362.769486,359.242710,360.000000,630,-2.769486,PI,FIFO,true,PI_FIFO,361.007876
10.350029,-1,15,10009.673000,29.164000,361.722651,359.614701,360.000000,629,-1.722651,PI,FIFO,true,PI_FIFO,361.365264
10.360020,-1,15,9990.656000,19.820000,363.573407,360.208507,360.000000,627,-3.573407,PI,FIFO,true,PI_FIFO,362.469335
10.370019,-1,15,9999.118000,18.938000,359.367513,360.082358,360.000000,628,0.632487,PI,FIFO,true,PI_FIFO,360.918424
10.380018,-1,15,9999.007000,17.945000,365.259740,360.858965,360.000000,624,-5.259740,PI,FIFO,true,PI_FIFO,363.089082
10.390019,-1,15,10000.933000,18.878000,361.271676,360.920872,360.000000,624,-1.271676,PI,FIFO,true,PI_FIFO,362.180379
10.400014,-1,15,9995.488000,14.366000,365.639626,361.628685,360.000000,620,-5.639626,PI,FIFO,true,PI_FIFO,363.910002
10.410018,-1,15,10003.730000,18.096000,363.724539,361.943063,360.000000,619,-3.724539,PI,FIFO,true,PI_FIFO,363.817271
10.420014,-1,15,9996.359000,14.455000,363.748060,362.213813,360.000000,617,-3.748060,PI,FIFO,true,PI_FIFO,363.782665
10.430019,-1,15,10004.247000,18.702000,358.166189,361.606669,360.000000,621,1.833811,PI,FIFO,true,PI_FIFO,360.974427
10.440015,-1,15,9995.952000,14.654000,355.691057,360.719327,360.000000,625,4.308943,PI,FIFO,true,PI_FIFO,358.332742
10.450018,-1,15,10003.785000,18.439000,353.606789,359.652447,360.000000,630,6.393211,PI,FIFO,true,PI_FIFO,355.969766
10.460014,-1,15,9996.025000,14.464000,353.506787,358.730598,360.000000,634,6.493213,PI,FIFO,true,PI_FIFO,354.738277
10.470018,-1,15,10003.878000,18.342000,352.090636,357.734603,360.000000,639,7.909364,PI,FIFO,true,PI_FIFO,353.414456
10.480015,-1,15,9996.174000,14.516000,355.113636,357.341458,360.000000,640,4.886364,PI,FIFO,true,PI_FIFO,354.264046
10.490018,-1,15,10003.655000,18.171000,361.794501,358.009415,360.000000,635,-1.794501,PI,FIFO,true,PI_FIFO,358.029274
10.500018,-1,15,9999.914000,18.085000,360.973597,358.454042,360.000000,634,-0.973597,PI,FIFO,true,PI_FIFO,359.501435
10.510018,-1,15,10000.008000,18.093000,363.041002,359.142086,360.000000,631,-3.041002,PI,FIFO,true,PI_FIFO,361.271219
10.520018,-1,15,9999.896000,17.989000,362.970133,359.716293,360.000000,629,-2.970133,PI,FIFO,true,PI_FIFO,362.120676
10.530018,-1,15,10000.229000,18.218000,363.372093,360.264663,360.000000,627,-3.372093,PI,FIFO,true,PI_FIFO,362.746384
10.540018,-1,15,10000.155000,18.373000,359.600632,360.165058,360.000000,628,0.399368,PI,FIFO,true,PI_FIFO,361.173508
10.550027,-1,15,10008.563000,26.936000,363.573407,360.676311,360.000000,626,-3.573407,PI,FIFO,true,PI_FIFO,362.373458
10.560026,-1,15,9998.636000,25.572000,363.372093,361.080678,360.000000,624,-3.372093,PI,FIFO,true,PI_FIFO,362.872775
10.570019,-1,15,9993.508000,19.080000,368.265993,362.158475,360.000000,618,-8.265993,PI,FIFO,true,PI_FIFO,365.569384
10.580018,-1,15,9998.877000,17.957000,362.710514,362.241281,360.000000,618,-2.710514,PI,FIFO,true,PI_FIFO,364.139949
10.590031,-1,15,10013.433000,31.390000,362.368857,362.260418,360.000000,618,-2.368857,PI,FIFO,true,PI_FIFO,363.254403
10.600027,-1,15,9995.377000,26.767000,356.294537,361.365535,360.000000,623,3.705463,PI,FIFO,true,PI_FIFO,359.774470
10.610021,-1,15,9994.006000,20.773000,356.916244,360.698142,360.000000,626,3.083756,PI,FIFO,true,PI_FIFO,358.345357
10.620018,-1,15,9997.210000,17.983000,351.782364,359.360775,360.000000,632,8.217636,PI,FIFO,true,PI_FIFO,355.063860
10.630032,-1,15,10013.858000,31.841000,355.113636,358.723704,360.000000,634,4.886364,PI,FIFO,true,PI_FIFO,355.088748
10.640021,-1,15,9989.173000,21.014000,354.107649,358.031296,360.000000,637,5.892351,PI,FIFO,true,PI_FIFO,354.598199
10.650019,-1,15,9998.043000,19.057000,358.606557,358.117585,360.000000,636,1.393443,PI,FIFO,true,PI_FIFO,356.602378
10.660030,-1,15,10011.136000,30.193000,359.023456,358.253466,360.000000,635,0.976544,PI,FIFO,true,PI_FIFO,357.812917
10.670038,-1,15,10007.654000,37.847000,364.313472,359.162467,360.000000,630,-4.313472,PI,FIFO,true,PI_FIFO,361.063194
10.680020,-1,15,9981.840000,19.687000,360.576923,359.374635,360.000000,630,-0.576923,PI,FIFO,true,PI_FIFO,360.820059
10.690019,-1,15,9999.247000,18.934000,362.669246,359.868827,360.000000,628,-2.669246,PI,FIFO,true,PI_FIFO,361.744652
10.700018,-1,15,9999.006000,17.940000,360.923965,360.027097,360.000000,628,-0.923965,PI,FIFO,true,PI_FIFO,361.334309
10.710019,-1,15,10000.636000,18.576000,362.996902,360.472568,360.000000,626,-2.996902,PI,FIFO,true,PI_FIFO,362.165606
10.720018,-1,15,9999.618000,18.194000,360.923965,360.540278,360.000000,626,-0.923965,PI,FIFO,true,PI_FIFO,361.544785
10.730018,-1,15,10000.043000,18.237000,362.996902,360.908771,360.000000,624,-2.996902,PI,FIFO,true,PI_FIFO,362.270844
10.740018,-1,15,9999.525000,17.762000,366.389839,361.730932,360.000000,619,-6.389839,PI,FIFO,true,PI_FIFO,364.330341
10.750029,-1,15,10011.006000,28.768000,363.372093,361.977106,360.000000,619,-3.372093,PI,FIFO,true,PI_FIFO,363.851217
10.760017,-1,15,9988.043000,16.811000,360.750361,361.793094,360.000000,620,-0.750361,PI,FIFO,true,PI_FIFO,362.300789
10.770019,-1,15,10002.488000,19.299000,358.019640,361.227076,360.000000,623,1.980360,PI,FIFO,true,PI_FIFO,360.160214
10.780018,-1,15,9998.469000,17.768000,356.463878,360.512596,360.000000,626,3.536122,PI,FIFO,true,PI_FIFO,358.312046
10.790016,-1,15,9998.543000,16.311000,352.443609,359.302248,360.000000,632,7.556391,PI,FIFO,true,PI_FIFO,355.377828
10.800019,-1,15,10002.599000,18.910000,355.293077,358.700873,360.000000,634,4.706923,PI,FIFO,true,PI_FIFO,355.335453
10.810018,-1,15,9999.507000,18.417000,355.113636,358.162787,360.000000,636,4.886364,PI,FIFO,true,PI_FIFO,355.224544
10.820018,-1,15,9999.839000,18.256000,361.445783,358.655237,360.000000,632,-1.445783,PI,FIFO,true,PI_FIFO,358.335164
10.830018,-1,15,9999.932000,18.188000,359.103677,358.722503,360.000000,632,0.896323,PI,FIFO,true,PI_FIFO,358.719421
10.840018,-1,15,9999.729000,17.917000,362.844702,359.340833,360.000000,629,-2.844702,PI,FIFO,true,PI_FIFO,360.782061
10.850029,-1,15,10011.321000,29.238000,360.947125,359.581777,360.000000,629,-0.947125,PI,FIFO,true,PI_FIFO,360.864593
10.860023,-1,15,9993.691000,22.929000,361.620058,359.887519,360.000000,628,-1.620058,PI,FIFO,true,PI_FIFO,361.242326
10.870022,-1,15,9999.303000,22.232000,358.215066,359.636651,360.000000,630,1.784934,PI,FIFO,true,PI_FIFO,359.728696
10.880022,-1,15,9999.914000,22.146000,363.206472,360.172124,360.000000,627,-3.206472,PI,FIFO,true,PI_FIFO,361.467584
10.890023,-1,15,10000.358000,22.504000,361.371145,360.351977,360.000000,626,-1.371145,PI,FIFO,true,PI_FIFO,361.419365
10.900022,-1,15,9999.580000,22.084000,366.379310,361.256077,360.000000,621,-6.379310,PI,FIFO,true,PI_FIFO,363.899337
10.910021,-1,15,9999.414000,21.498000,363.372093,361.573480,360.000000,620,-3.372093,PI,FIFO,true,PI_FIFO,363.635715
10.920021,-1,15,9999.895000,21.393000,364.202468,361.967828,360.000000,618,-4.202468,PI,FIFO,true,PI_FIFO,363.919092
10.930022,-1,15,10000.747000,22.140000,358.215066,361.404913,360.000000,622,1.784934,PI,FIFO,true,PI_FIFO,361.067079
10.940022,-1,15,9999.450000,21.590000,357.142857,360.765605,360.000000,625,2.857143,PI,FIFO,true,PI_FIFO,359.104968
10.950027,-1,15,10004.970000,26.560000,354.755298,359.864059,360.000000,629,5.244702,PI,FIFO,true,PI_FIFO,356.930133
10.960032,-1,15,10005.284000,31.844000,354.921579,359.122687,360.000000,632,5.078421,PI,FIFO,true,PI_FIFO,355.925856
10.970021,-1,15,9989.099000,20.943000,353.107345,358.220386,360.000000,636,6.892655,PI,FIFO,true,PI_FIFO,354.516600
10.980018,-1,15,9997.173000,18.116000,355.113636,357.754373,360.000000,638,4.886364,PI,FIFO,true,PI_FIFO,354.815118
10.990018,-1,15,10000.247000,18.363000,361.067059,358.251276,360.000000,635,-1.067059,PI,FIFO,true,PI_FIFO,357.941089
11.000036,-1,15,10017.154000,35.517000,360.775151,358.629857,360.000000,633,-0.775151,PI,FIFO,true,PI_FIFO,359.358120
11.010022,-1,15,9986.247000,21.764000,363.206472,359.316350,360.000000,630,-3.206472,PI,FIFO,true,PI_FIFO,361.282296
11.020026,-1,15,10003.784000,25.548000,362.569061,359.804256,360.000000,628,-2.569061,PI,FIFO,true,PI_FIFO,361.925678
11.030020,-1,15,9994.451000,19.999000,363.869863,360.414097,360.000000,625,-3.869863,PI,FIFO,true,PI_FIFO,362.897771
11.040019,-1,15,9998.561000,18.560000,360.973597,360.498022,360.000000,626,-0.973597,PI,FIFO,true,PI_FIFO,361.935684
11.050018,-1,15,9999.729000,18.289000,362.710514,360.829896,360.000000,624,-2.710514,PI,FIFO,true,PI_FIFO,362.323099
11.060018,-1,15,9999.951000,18.240000,363.573407,361.241423,360.000000,622,-3.573407,PI,FIFO,true,PI_FIFO,362.948253
11.070018,-1,15,9999.654000,17.894000,366.379310,362.012106,360.000000,618,-6.379310,PI,FIFO,true,PI_FIFO,364.663782
11.080018,-1,15,10000.543000,18.437000,361.969112,362.005657,360.000000,619,-1.969112,PI,FIFO,true,PI_FIFO,363.316447
11.090018,-1,15,9999.729000,18.166000,362.168874,362.030139,360.000000,618,-2.168874,PI,FIFO,true,PI_FIFO,362.742661
11.100018,-1,15,9999.488000,17.654000,356.972870,361.271549,360.000000,622,3.027130,PI,FIFO,true,PI_FIFO,359.857765
11.110018,-1,15,10000.135000,17.789000,354.755298,360.294111,360.000000,627,5.244702,PI,FIFO,true,PI_FIFO,357.306531
11.120014,-1,15,9996.359000,14.148000,350.161853,358.774273,360.000000,635,9.838147,PI,FIFO,true,PI_FIFO,353.734192
11.130019,-1,15,10004.710000,18.858000,355.113636,358.225177,360.000000,636,4.886364,PI,FIFO,true,PI_FIFO,354.423914
11.140019,-1,15,9999.728000,18.586000,353.440151,357.507423,360.000000,639,6.559849,PI,FIFO,true,PI_FIFO,353.932033
11.150028,-1,15,10009.469000,28.055000,360.181120,357.908478,360.000000,636,-0.181120,PI,FIFO,true,PI_FIFO,357.056576
11.160019,-1,15,9991.340000,19.395000,361.097737,358.386867,360.000000,634,-1.097737,PI,FIFO,true,PI_FIFO,359.077157
11.170018,-1,15,9998.876000,18.271000,363.184401,359.106497,360.000000,630,-3.184401,PI,FIFO,true,PI_FIFO,361.130779
11.180018,-1,15,10000.081000,18.352000,361.271676,359.431274,360.000000,630,-1.271676,PI,FIFO,true,PI_FIFO,361.201228
11.190018,-1,15,9999.802000,18.154000,362.809598,359.938022,360.000000,628,-2.809598,PI,FIFO,true,PI_FIFO,362.005413
11.200019,-1,15,10001.007000,19.161000,361.620058,360.190328,360.000000,627,-1.620058,PI,FIFO,true,PI_FIFO,361.812735
11.210018,-1,15,9999.154000,18.315000,362.622486,360.555151,360.000000,626,-2.622486,PI,FIFO,true,PI_FIFO,362.217611
11.220018,-1,15,9999.303000,17.618000,361.794501,360.741054,360.000000,625,-1.794501,PI,FIFO,true,PI_FIFO,362.006056
11.230019,-1,15,10000.969000,18.587000,363.774945,361.196137,360.000000,623,-3.774945,PI,FIFO,true,PI_FIFO,362.890500
11.240015,-1,15,9996.691000,15.278000,365.538991,361.847565,360.000000,619,-5.538991,PI,FIFO,true,PI_FIFO,364.214745
11.250018,-1,15,10003.136000,18.414000,362.769486,361.985853,360.000000,619,-2.769486,PI,FIFO,true,PI_FIFO,363.492116
11.260018,-1,15,9999.303000,17.717000,360.750361,361.800530,360.000000,620,-0.750361,PI,FIFO,true,PI_FIFO,362.121238
11.270016,-1,15,9997.802000,15.519000,357.142857,361.101879,360.000000,623,2.857143,PI,FIFO,true,PI_FIFO,359.632048
11.280018,-1,15,10002.710000,18.229000,357.097511,360.501224,360.000000,626,2.902489,PI,FIFO,true,PI_FIFO,358.364780
11.290022,-1,15,10003.951000,22.180000,352.775165,359.342315,360.000000,632,7.224835,PI,FIFO,true,PI_FIFO,355.569972
11.300018,-1,15,9995.988000,18.168000,354.155424,358.564281,360.000000,635,5.844576,PI,FIFO,true,PI_FIFO,354.862698
11.310018,-1,15,9999.895000,18.063000,355.113636,358.046684,360.000000,637,4.886364,PI,FIFO,true,PI_FIFO,354.988167
11.320018,-1,15,10000.339000,18.402000,359.654731,358.287891,360.000000,634,0.345269,PI,FIFO,true,PI_FIFO,357.321449
11.330019,-1,15,10000.136000,18.538000,359.712230,358.501542,360.000000,633,0.287770,PI,FIFO,true,PI_FIFO,358.516840
11.340018,-1,15,9999.007000,17.545000,361.969112,359.021678,360.000000,631,-1.969112,PI,FIFO,true,PI_FIFO,360.242976
11.350026,-1,15,10008.839000,26.384000,360.923965,359.307021,360.000000,630,-0.923965,PI,FIFO,true,PI_FIFO,360.583471
11.360031,-1,15,10004.673000,31.057000,362.248841,359.748294,360.000000,628,-2.248841,PI,FIFO,true,PI_FIFO,361.416156
11.370037,-1,15,10006.025000,37.082000,357.642421,359.432413,360.000000,631,2.357579,PI,FIFO,true,PI_FIFO,359.529288
11.380020,-1,15,9983.395000,20.477000,363.196126,359.996970,360.000000,628,-3.196126,PI,FIFO,true,PI_FIFO,361.362707
11.390019,-1,15,9998.321000,18.798000,361.875965,360.278819,360.000000,627,-1.875965,PI,FIFO,true,PI_FIFO,361.619336
11.400019,-1,15,9999.784000,18.582000,366.210938,361.168637,360.000000,622,-6.210938,PI,FIFO,true,PI_FIFO,363.915137
11.410020,-1,15,10001.080000,19.662000,364.313472,361.640362,360.000000,620,-4.313472,PI,FIFO,true,PI_FIFO,364.114304
11.420018,-1,15,9998.562000,18.224000,364.368999,362.049658,360.000000,618,-4.368999,PI,FIFO,true,PI_FIFO,364.241651
11.430017,-1,15,9998.877000,17.101000,358.019640,361.445155,360.000000,622,1.980360,PI,FIFO,true,PI_FIFO,361.130646
11.440017,-1,15,10000.339000,17.440000,356.972870,360.774312,360.000000,625,3.027130,PI,FIFO,true,PI_FIFO,359.051758
11.450017,-1,15,9999.099000,16.539000,354.040785,359.764283,360.000000,630,5.959215,PI,FIFO,true,PI_FIFO,356.546272
11.460016,-1,15,9999.136000,15.675000,355.832490,359.174514,360.000000,632,4.167510,PI,FIFO,true,PI_FIFO,356.189381
11.470016,-1,15,9999.840000,15.515000,353.329146,358.297709,360.000000,637,6.670854,PI,FIFO,true,PI_FIFO,354.759263
11.480013,-1,15,9997.395000,12.910000,356.193009,357.982004,360.000000,638,3.806991,PI,FIFO,true,PI_FIFO,355.476136
11.490016,-1,15,10002.821000,15.731000,361.445783,358.501571,360.000000,634,-1.445783,PI,FIFO,true,PI_FIFO,358.460960
11.500016,-1,15,10000.117000,15.848000,361.271676,358.917087,360.000000,632,-1.271676,PI,FIFO,true,PI_FIFO,359.866318
11.510016,-1,15,10000.340000,16.188000,361.969112,359.374890,360.000000,630,-1.969112,PI,FIFO,true,PI_FIFO,360.917715
11.520017,-1,15,10000.488000,16.676000,362.143892,359.790241,360.000000,629,-2.143892,PI,FIFO,true,PI_FIFO,361.530803
11.530018,-1,15,10001.487000,18.163000,362.669246,360.222091,360.000000,627,-2.669246,PI,FIFO,true,PI_FIFO,362.100025
11.540018,-1,15,9999.896000,18.059000,360.761929,360.303067,360.000000,627,-0.761929,PI,FIFO,true,PI_FIFO,361.430977
11.550028,-1,15,10009.932000,27.991000,362.143892,360.579191,360.000000,626,-2.143892,PI,FIFO,true,PI_FIFO,361.787434
11.560020,-1,15,9991.673000,19.664000,362.062307,360.801658,360.000000,625,-2.062307,PI,FIFO,true,PI_FIFO,361.924871
11.570019,-1,15,9999.099000,18.763000,366.032211,361.586241,360.000000,621,-6.032211,PI,FIFO,true,PI_FIFO,363.978541
11.580018,-1,15,9999.339000,18.102000,362.435567,361.713640,360.000000,620,-2.435567,PI,FIFO,true,PI_FIFO,363.207054
11.590018,-1,15,9999.877000,17.979000,362.493958,361.830688,360.000000,620,-2.493958,PI,FIFO,true,PI_FIFO,362.850506
11.600015,-1,15,9996.727000,14.706000,357.824427,361.229749,360.000000,623,2.175573,PI,FIFO,true,PI_FIFO,360.337467
11.610018,-1,15,10003.543000,18.249000,357.142857,360.616715,360.000000,626,2.857143,PI,FIFO,true,PI_FIFO,358.740162
11.620015,-1,15,9996.320000,14.569000,351.688103,359.277423,360.000000,633,8.311897,PI,FIFO,true,PI_FIFO,355.214132
11.630018,-1,15,10003.672000,18.241000,355.618777,358.728626,360.000000,634,4.381223,PI,FIFO,true,PI_FIFO,355.416455
11.640014,-1,15,9996.209000,14.450000,353.773585,357.985370,360.000000,638,6.226415,PI,FIFO,true,PI_FIFO,354.595020
11.650018,-1,15,10003.784000,18.234000,357.824427,357.961229,360.000000,637,2.175573,PI,FIFO,true,PI_FIFO,356.209724
11.660018,-1,15,9999.579000,17.813000,360.775151,358.383317,360.000000,634,-0.775151,PI,FIFO,true,PI_FIFO,358.492437
11.670018,-1,15,10000.413000,18.226000,363.548231,359.158054,360.000000,631,-3.548231,PI,FIFO,true,PI_FIFO,361.020334
11.680018,-1,15,9999.913000,18.139000,361.132512,359.454223,360.000000,630,-1.132512,PI,FIFO,true,PI_FIFO,361.076423
11.690018,-1,15,9999.764000,17.903000,361.620058,359.779098,360.000000,629,-1.620058,PI,FIFO,true,PI_FIFO,361.348240
11.700018,-1,15,9999.710000,17.613000,360.392107,359.871049,360.000000,629,-0.392107,PI,FIFO,true,PI_FIFO,360.870173
11.710019,-1,15,10001.098000,18.711000,361.445783,360.107259,360.000000,629,-1.445783,PI,FIFO,true,PI_FIFO,361.157978
11.720019,-1,15,10000.301000,19.012000,361.689815,360.344643,360.000000,628,-1.689815,PI,FIFO,true,PI_FIFO,361.423897
11.730019,-1,15,10000.487000,19.499000,365.141188,361.064124,360.000000,624,-5.141188,PI,FIFO,true,PI_FIFO,363.282542
11.740015,-1,15,9995.394000,14.893000,366.568915,361.889843,360.000000,619,-6.568915,PI,FIFO,true,PI_FIFO,364.925729
11.750029,-1,15,10014.173000,29.066000,363.559979,362.140363,360.000000,618,-3.559979,PI,FIFO,true,PI_FIFO,364.242854
11.760020,-1,15,9990.783000,19.849000,359.539789,361.750277,360.000000,621,0.460211,PI,FIFO,true,PI_FIFO,361.891322
11.770018,-1,15,9998.468000,18.317000,356.735160,360.998010,360.000000,625,3.264840,PI,FIFO,true,PI_FIFO,359.313241
11.780015,-1,15,9996.617000,14.934000,355.281857,360.140587,360.000000,629,4.718143,PI,FIFO,true,PI_FIFO,357.297549
11.790018,-1,15,10003.542000,18.476000,353.012372,359.071355,360.000000,634,6.987628,PI,FIFO,true,PI_FIFO,355.154961
11.800018,-1,15,9999.432000,17.908000,354.274917,358.351889,360.000000,637,5.725083,PI,FIFO,true,PI_FIFO,354.714939
11.810016,-1,15,9997.875000,15.783000,355.498375,357.923862,360.000000,638,4.501625,PI,FIFO,true,PI_FIFO,355.106657
11.820019,-1,15,10003.543000,19.326000,360.576923,358.321821,360.000000,635,-0.576923,PI,FIFO,true,PI_FIFO,357.841790
11.830019,-1,15,9999.709000,19.035000,358.215066,358.305808,360.000000,636,1.784934,PI,FIFO,true,PI_FIFO,358.028428
11.840022,-1,15,10002.524000,21.559000,364.535682,359.240289,360.000000,631,-4.535682,PI,FIFO,true,PI_FIFO,361.282055
11.850022,-1,15,10000.616000,22.175000,361.503856,359.579824,360.000000,630,-1.503856,PI,FIFO,true,PI_FIFO,361.392955
11.860022,-1,15,9999.339000,21.514000,364.608653,360.334148,360.000000,626,-4.608653,PI,FIFO,true,PI_FIFO,363.000804
11.870021,-1,15,9999.524000,21.038000,360.576923,360.370565,360.000000,627,-0.576923,PI,FIFO,true,PI_FIFO,361.788864
11.880021,-1,15,9999.969000,21.007000,363.901019,360.900133,360.000000,625,-3.901019,PI,FIFO,true,PI_FIFO,362.844941
11.890021,-1,15,10000.061000,21.068000,360.947125,360.907182,360.000000,625,-0.947125,PI,FIFO,true,PI_FIFO,361.896033
11.900021,-1,15,10000.098000,21.166000,365.853659,361.649153,360.000000,621,-5.853659,PI,FIFO,true,PI_FIFO,363.874846
11.910021,-1,15,9999.931000,21.097000,362.996902,361.851316,360.000000,620,-2.996902,PI,FIFO,true,PI_FIFO,363.435874
11.920022,-1,15,10001.394000,22.491000,365.497076,362.398180,360.000000,617,-5.497076,PI,FIFO,true,PI_FIFO,364.466475
11.930023,-1,15,10000.320000,22.811000,358.737245,361.849039,360.000000,620,1.262755,PI,FIFO,true,PI_FIFO,361.601860
11.940021,-1,15,9998.136000,20.947000,357.313006,361.168634,360.000000,623,2.686994,PI,FIFO,true,PI_FIFO,359.457433
11.950032,-1,15,10011.394000,32.341000,353.964401,360.087999,360.000000,629,6.035599,PI,FIFO,true,PI_FIFO,356.710917
11.960029,-1,15,9997.061000,29.402000,355.113636,359.341845,360.000000,631,4.886364,PI,FIFO,true,PI_FIFO,355.912277
11.970022,-1,15,9992.357000,21.759000,352.822581,358.363955,360.000000,636,7.177419,PI,FIFO,true,PI_FIFO,354.367429
11.980021,-1,15,9999.302000,21.061000,355.652504,357.957238,360.000000,637,4.347496,PI,FIFO,true,PI_FIFO,355.009966
11.990024,-1,15,10002.561000,23.622000,361.445783,358.480519,360.000000,633,-1.445783,PI,FIFO,true,PI_FIFO,358.227875
12.000022,-1,15,9998.320000,21.942000,360.761929,358.822731,360.000000,632,-0.761929,PI,FIFO,true,PI_FIFO,359.494902
12.010022,-1,15,10000.450000,22.392000,361.445783,359.216189,360.000000,630,-1.445783,PI,FIFO,true,PI_FIFO,360.470343
12.020022,-1,15,9999.579000,21.971000,360.023041,359.337217,360.000000,630,-0.023041,PI,FIFO,true,PI_FIFO,360.246692
12.030023,-1,15,10000.617000,22.588000,361.794501,359.705809,360.000000,629,-1.794501,PI,FIFO,true,PI_FIFO,361.020596
12.040022,-1,15,9999.376000,21.964000,358.737245,359.560525,360.000000,630,1.262755,PI,FIFO,true,PI_FIFO,359.878921
12.050022,-1,15,10000.098000,22.062000,362.669246,360.026833,360.000000,628,-2.669246,PI,FIFO,true,PI_FIFO,361.274083
12.060034,-1,15,10011.931000,33.993000,362.996902,360.472343,360.000000,626,-2.996902,PI,FIFO,true,PI_FIFO,362.135493
12.070031,-1,15,9997.246000,31.239000,367.743201,361.562972,360.000000,620,-7.743201,PI,FIFO,true,PI_FIFO,364.939347
12.080023,-1,15,9991.302000,22.541000,362.844702,361.755231,360.000000,620,-2.844702,PI,FIFO,true,PI_FIFO,363.892025
12.090022,-1,15,9999.135000,21.676000,362.435567,361.857282,360.000000,620,-2.435567,PI,FIFO,true,PI_FIFO,363.163796
12.100021,-1,15,9999.265000,20.941000,358.337315,361.329287,360.000000,623,1.662685,PI,FIFO,true,PI_FIFO,360.750555
12.110022,-1,15,10000.672000,21.613000,357.460600,360.748984,360.000000,625,2.539400,PI,FIFO,true,PI_FIFO,359.105578
12.120022,-1,15,10000.302000,21.915000,353.440151,359.652659,360.000000,631,6.559849,PI,FIFO,true,PI_FIFO,356.272864
12.130034,-1,15,10011.931000,33.846000,355.498375,359.029516,360.000000,633,4.501625,PI,FIFO,true,PI_FIFO,355.885620
12.140019,-1,15,9985.302000,19.148000,353.273669,358.166139,360.000000,637,6.726331,PI,FIFO,true,PI_FIFO,354.579644
12.150019,-1,15,9999.505000,18.653000,358.802624,358.261612,360.000000,635,1.197376,PI,FIFO,true,PI_FIFO,356.691134
12.160022,-1,15,10003.765000,22.418000,359.884837,358.505096,360.000000,634,0.115163,PI,FIFO,true,PI_FIFO,358.287986
12.170023,-1,15,10001.005000,23.423000,364.691390,359.433040,360.000000,629,-4.691390,PI,FIFO,true,PI_FIFO,361.489688
12.180019,-1,15,9995.246000,18.669000,360.923965,359.656679,360.000000,629,-0.923965,PI,FIFO,true,PI_FIFO,361.206827
12.190017,-1,15,9997.839000,16.508000,362.669246,360.108564,360.000000,627,-2.669246,PI,FIFO,true,PI_FIFO,361.938036
12.200016,-1,15,9999.265000,15.773000,360.947125,360.234348,360.000000,627,-0.947125,PI,FIFO,true,PI_FIFO,361.442581
12.210016,-1,15,10000.265000,16.038000,362.844702,360.625901,360.000000,625,-2.844702,PI,FIFO,true,PI_FIFO,362.143642
12.220016,-1,15,9999.857000,15.895000,361.371145,360.737688,360.000000,625,-1.371145,PI,FIFO,true,PI_FIFO,361.757393
12.230016,-1,15,10000.116000,16.011000,363.901019,361.212187,360.000000,622,-3.901019,PI,FIFO,true,PI_FIFO,362.829206
12.240024,-1,15,10008.061000,24.072000,365.853659,361.908408,360.000000,618,-5.853659,PI,FIFO,true,PI_FIFO,364.341432
12.250020,-1,15,9995.728000,19.800000,362.996902,362.071682,360.000000,618,-2.996902,PI,FIFO,true,PI_FIFO,363.669167
12.260015,-1,15,9995.542000,15.342000,359.023456,361.614448,360.000000,621,0.976544,PI,FIFO,true,PI_FIFO,361.346312
12.270020,-1,15,10004.450000,19.792000,355.472700,360.693186,360.000000,625,4.527300,PI,FIFO,true,PI_FIFO,358.409506
12.280018,-1,15,9998.302000,18.094000,355.472700,359.910113,360.000000,629,4.527300,PI,FIFO,true,PI_FIFO,356.941103
12.290015,-1,15,9997.394000,15.488000,351.738369,358.684352,360.000000,635,8.261631,PI,FIFO,true,PI_FIFO,354.339736
12.300021,-1,15,10005.950000,21.438000,354.274917,358.022936,360.000000,637,5.725083,PI,FIFO,true,PI_FIFO,354.307327
12.310032,-1,15,10010.987000,32.425000,356.463878,357.789078,360.000000,637,3.536122,PI,FIFO,true,PI_FIFO,355.385602
12.320031,-1,15,9998.432000,30.857000,361.132512,358.290593,360.000000,634,-1.132512,PI,FIFO,true,PI_FIFO,358.259057
12.330021,-1,15,9990.098000,20.955000,360.576923,358.633542,360.000000,633,-0.576923,PI,FIFO,true,PI_FIFO,359.417990
12.340019,-1,15,9998.375000,19.330000,364.691390,359.542219,360.000000,628,-4.691390,PI,FIFO,true,PI_FIFO,362.054690
12.350027,-1,15,10007.672000,27.002000,361.445783,359.827754,360.000000,628,-1.445783,PI,FIFO,true,PI_FIFO,361.750237
12.360020,-1,15,9993.228000,20.230000,363.184401,360.331251,360.000000,626,-3.184401,PI,FIFO,true,PI_FIFO,362.467319
12.370018,-1,15,9998.228000,18.458000,360.576923,360.368102,360.000000,627,-0.576923,PI,FIFO,true,PI_FIFO,361.522121
12.380018,-1,15,9999.320000,17.778000,364.691390,361.016595,360.000000,623,-4.691390,PI,FIFO,true,PI_FIFO,363.106755
12.390016,-1,15,9998.413000,16.191000,362.143892,361.185690,360.000000,623,-2.143892,PI,FIFO,true,PI_FIFO,362.625324
12.400026,-1,15,10009.672000,25.863000,365.070093,361.768350,360.000000,619,-5.070093,PI,FIFO,true,PI_FIFO,363.847709
12.410019,-1,15,9993.579000,19.442000,363.196126,361.982517,360.000000,618,-3.196126,PI,FIFO,true,PI_FIFO,363.521917
12.420018,-1,15,9998.265000,17.707000,363.901019,362.270292,360.000000,617,-3.901019,PI,FIFO,true,PI_FIFO,363.711468
12.430018,-1,15,10000.413000,18.120000,357.642421,361.576111,360.000000,620,2.357579,PI,FIFO,true,PI_FIFO,360.676945
12.440018,-1,15,9999.987000,18.107000,356.294537,360.783875,360.000000,624,3.705463,PI,FIFO,true,PI_FIFO,358.485741
12.450018,-1,15,9999.709000,17.816000,353.964401,359.760954,360.000000,629,6.035599,PI,FIFO,true,PI_FIFO,356.225071
12.460018,-1,15,9999.968000,17.784000,354.945575,359.038647,360.000000,632,5.054425,PI,FIFO,true,PI_FIFO,355.585323
12.470018,-1,15,10000.654000,18.438000,351.499732,357.907810,360.000000,637,8.500268,PI,FIFO,true,PI_FIFO,353.542528
12.480018,-1,15,9999.876000,18.314000,355.618777,357.564455,360.000000,638,4.381223,PI,FIFO,true,PI_FIFO,354.580652
12.490018,-1,15,10000.079000,18.393000,361.172262,358.105626,360.000000,634,-1.172262,PI,FIFO,true,PI_FIFO,357.876457
12.500019,-1,15,10000.135000,18.528000,361.886921,358.672820,360.000000,631,-1.886921,PI,FIFO,true,PI_FIFO,359.881689
12.510018,-1,15,9999.191000,17.719000,362.569061,359.257256,360.000000,629,-2.569061,PI,FIFO,true,PI_FIFO,361.225375
12.520019,-1,15,10000.857000,18.576000,361.722651,359.627066,360.000000,628,-1.722651,PI,FIFO,true,PI_FIFO,361.474013
12.530018,-1,15,9999.580000,18.156000,363.774945,360.249247,360.000000,625,-3.774945,PI,FIFO,true,PI_FIFO,362.624479
12.540018,-1,15,9999.894000,18.050000,358.851675,360.039611,360.000000,628,1.148325,PI,FIFO,true,PI_FIFO,360.738077
12.550018,-1,15,9999.746000,17.796000,362.248841,360.370996,360.000000,626,-2.248841,PI,FIFO,true,PI_FIFO,361.493459
12.560018,-1,15,10000.154000,17.950000,362.669246,360.715733,360.000000,624,-2.669246,PI,FIFO,true,PI_FIFO,362.081352
12.570017,-1,15,9999.302000,17.252000,366.020302,361.511419,360.000000,620,-6.020302,PI,FIFO,true,PI_FIFO,364.050827
12.580015,-1,15,9997.949000,15.201000,362.669246,361.685093,360.000000,620,-2.669246,PI,FIFO,true,PI_FIFO,363.360036
12.590019,-1,15,10004.284000,19.485000,362.248841,361.769655,360.000000,619,-2.248841,PI,FIFO,true,PI_FIFO,362.804439
12.600019,-1,15,9999.152000,18.637000,357.142857,361.075635,360.000000,623,2.857143,PI,FIFO,true,PI_FIFO,359.973648
12.610018,-1,15,9999.412000,18.049000,355.618777,360.257106,360.000000,627,4.381223,PI,FIFO,true,PI_FIFO,357.796212
12.620018,-1,15,10000.301000,18.350000,351.311563,358.915275,360.000000,634,8.688437,PI,FIFO,true,PI_FIFO,354.553888
12.630018,-1,15,9999.894000,18.244000,356.294537,358.522164,360.000000,635,3.705463,PI,FIFO,true,PI_FIFO,355.424212
12.640018,-1,15,10000.023000,18.267000,354.155424,357.867153,360.000000,638,5.844576,PI,FIFO,true,PI_FIFO,354.789818
12.650018,-1,15,9999.745000,18.012000,359.884837,358.169806,360.000000,635,0.115163,PI,FIFO,true,PI_FIFO,357.337327
12.660018,-1,15,9999.505000,17.517000,360.947125,358.586404,360.000000,633,-0.947125,PI,FIFO,true,PI_FIFO,359.142226
12.670018,-1,15,10000.412000,17.929000,364.077670,359.410094,360.000000,629,-4.077670,PI,FIFO,true,PI_FIFO,361.609948
12.680018,-1,15,9999.949000,17.878000,360.947125,359.640648,360.000000,629,-0.947125,PI,FIFO,true,PI_FIFO,361.278537
12.690021,-1,15,10003.190000,21.068000,362.318841,360.042377,360.000000,627,-2.318841,PI,FIFO,true,PI_FIFO,361.798689
12.700018,-1,15,9997.078000,18.146000,361.318088,360.233734,360.000000,627,-1.318088,PI,FIFO,true,PI_FIFO,361.558389
12.710018,-1,15,9999.690000,17.836000,362.143892,360.520258,360.000000,626,-2.143892,PI,FIFO,true,PI_FIFO,361.851140
12.720015,-1,15,9996.671000,14.507000,359.589041,360.380575,360.000000,627,0.410959,PI,FIFO,true,PI_FIFO,360.720091
12.730018,-1,15,10003.616000,18.123000,363.196126,360.802908,360.000000,625,-3.196126,PI,FIFO,true,PI_FIFO,361.958108
12.740015,-1,15,9996.819000,14.942000,365.829865,361.556951,360.000000,620,-5.829865,PI,FIFO,true,PI_FIFO,363.893986
12.750019,-1,15,10004.005000,18.947000,362.318841,361.671235,360.000000,620,-2.318841,PI,FIFO,true,PI_FIFO,363.106414
12.760032,-1,15,10013.116000,32.063000,361.132512,361.590426,360.000000,621,-1.132512,PI,FIFO,true,PI_FIFO,362.119463
12.770032,-1,15,10000.338000,32.401000,357.663824,361.001436,360.000000,624,2.336176,PI,FIFO,true,PI_FIFO,359.891643
12.780021,-1,15,9988.245000,20.646000,356.463878,360.320802,360.000000,627,3.536122,PI,FIFO,true,PI_FIFO,358.177761
12.790020,-1,15,9999.264000,19.910000,353.940538,359.363763,360.000000,631,6.059462,PI,FIFO,true,PI_FIFO,356.059149
12.800019,-1,15,9999.004000,18.914000,354.921579,358.697435,360.000000,634,5.078421,PI,FIFO,true,PI_FIFO,355.490364
12.810021,-1,15,10001.783000,20.697000,355.618777,358.235636,360.000000,636,4.381223,PI,FIFO,true,PI_FIFO,355.554570
12.820019,-1,15,9998.282000,18.979000,360.207480,358.531413,360.000000,633,-0.207480,PI,FIFO,true,PI_FIFO,357.881025
12.830019,-1,15,9999.931000,18.910000,359.884837,358.734426,360.000000,633,0.115163,PI,FIFO,true,PI_FIFO,358.882931
12.840015,-1,15,9996.504000,15.414000,361.969112,359.219629,360.000000,630,-1.969112,PI,FIFO,true,PI_FIFO,360.426021
12.850018,-1,15,10002.931000,18.345000,361.886921,359.619723,360.000000,629,-1.886921,PI,FIFO,true,PI_FIFO,361.156471
12.860018,-1,15,9999.819000,18.164000,361.769570,359.942200,360.000000,628,-1.769570,PI,FIFO,true,PI_FIFO,361.463021
12.870018,-1,15,10000.301000,18.465000,358.337315,359.701467,360.000000,630,1.662685,PI,FIFO,true,PI_FIFO,359.900168
12.880015,-1,15,9996.486000,14.951000,363.372093,360.252061,360.000000,627,-3.372093,PI,FIFO,true,PI_FIFO,361.636130
12.890018,-1,15,10003.283000,18.234000,361.620058,360.457261,360.000000,626,-1.620058,PI,FIFO,true,PI_FIFO,361.628094
12.900015,-1,15,9996.282000,14.516000,366.592805,361.377592,360.000000,621,-6.592805,PI,FIFO,true,PI_FIFO,364.110450
12.910018,-1,15,10003.560000,18.076000,362.493958,361.545047,360.000000,621,-2.493958,PI,FIFO,true,PI_FIFO,363.302204
12.920018,-1,15,9999.560000,17.636000,365.070093,362.073804,360.000000,618,-5.070093,PI,FIFO,true,PI_FIFO,364.186149
12.930018,-1,15,10000.283000,17.919000,357.142857,361.334162,360.000000,622,2.857143,PI,FIFO,true,PI_FIFO,360.664503
12.940018,-1,15,10000.060000,17.979000,355.498375,360.458794,360.000000,627,4.501625,PI,FIFO,true,PI_FIFO,358.081439
12.950018,-1,15,10000.356000,18.335000,354.609929,359.581464,360.000000,631,5.390071,PI,FIFO,true,PI_FIFO,356.345684
12.960030,-1,15,10011.616000,29.951000,355.498375,358.969001,360.000000,633,4.501625,PI,FIFO,true,PI_FIFO,355.922029
12.970020,-1,15,9990.431000,20.382000,353.606789,358.164669,360.000000,637,6.393211,PI,FIFO,true,PI_FIFO,354.764409
12.980018,-1,15,9997.893000,18.275000,355.832490,357.814842,360.000000,638,4.167510,PI,FIFO,true,PI_FIFO,355.298450
12.990018,-1,15,9999.949000,18.224000,361.620058,358.385625,360.000000,634,-1.620058,PI,FIFO,true,PI_FIFO,358.459254
13.000019,-1,15,10000.523000,18.747000,360.576923,358.714319,360.000000,633,-0.576923,PI,FIFO,true,PI_FIFO,359.518088
13.010019,-1,15,9999.912000,18.659000,363.206472,359.388142,360.000000,630,-3.206472,PI,FIFO,true,PI_FIFO,361.362280
13.020017,-1,15,9998.690000,17.349000,362.318841,359.827747,360.000000,628,-2.318841,PI,FIFO,true,PI_FIFO,361.840560
13.030018,-1,15,10000.357000,17.706000,363.559979,360.387582,360.000000,626,-3.559979,PI,FIFO,true,PI_FIFO,362.700270
13.040018,-1,15,10000.004000,17.710000,360.057609,360.338086,360.000000,627,-0.057609,PI,FIFO,true,PI_FIFO,361.378940
13.050018,-1,15,10000.394000,18.104000,362.168874,360.612704,360.000000,626,-2.168874,PI,FIFO,true,PI_FIFO,361.773907
13.060015,-1,15,9996.838000,14.942000,362.143892,360.842382,360.000000,625,-2.143892,PI,FIFO,true,PI_FIFO,361.958899
13.070018,-1,15,10003.504000,18.446000,366.210938,361.647666,360.000000,620,-6.210938,PI,FIFO,true,PI_FIFO,364.084918
13.080018,-1,15,9999.468000,17.914000,361.620058,361.643524,360.000000,621,-1.620058,PI,FIFO,true,PI_FIFO,362.852488
13.090019,-1,15,10001.208000,19.122000,362.996902,361.846531,360.000000,620,-2.996902,PI,FIFO,true,PI_FIFO,362.924695
13.100019,-1,15,9999.671000,18.793000,357.653791,361.217620,360.000000,623,2.346209,PI,FIFO,true,PI_FIFO,360.289243
13.110018,-1,15,9999.116000,17.909000,356.463878,360.504559,360.000000,626,3.536122,PI,FIFO,true,PI_FIFO,358.376561
13.120018,-1,15,9999.894000,17.803000,352.775165,359.345150,360.000000,632,7.224835,PI,FIFO,true,PI_FIFO,355.575863
13.130018,-1,15,10000.300000,18.103000,355.832490,358.818251,360.000000,634,4.167510,PI,FIFO,true,PI_FIFO,355.704176
13.140017,-1,15,9999.320000,17.423000,353.506787,358.021531,360.000000,638,6.493213,PI,FIFO,true,PI_FIFO,354.605482
13.150017,-1,15,9999.819000,17.242000,358.371560,358.074036,360.000000,636,1.628440,PI,FIFO,true,PI_FIFO,356.488521
13.160018,-1,15,10001.023000,18.265000,360.403652,358.423478,360.000000,634,-0.403652,PI,FIFO,true,PI_FIFO,358.446086
13.170018,-1,15,10000.023000,18.288000,363.936335,359.250407,360.000000,630,-3.936335,PI,FIFO,true,PI_FIFO,361.191211
13.180017,-1,15,9999.098000,17.386000,360.057609,359.371487,360.000000,630,-0.057609,PI,FIFO,true,PI_FIFO,360.624410
13.190018,-1,15,10000.671000,18.057000,360.403652,359.526312,360.000000,630,-0.403652,PI,FIFO,true,PI_FIFO,360.514031
13.200018,-1,15,10000.023000,18.080000,359.392114,359.506182,360.000000,631,0.607886,PI,FIFO,true,PI_FIFO,359.953072
13.210018,-1,15,9999.579000,17.659000,362.051340,359.887956,360.000000,629,-2.051340,PI,FIFO,true,PI_FIFO,361.002206
13.220018,-1,15,9999.986000,17.645000,360.576923,359.991301,360.000000,629,-0.576923,PI,FIFO,true,PI_FIFO,360.789565
13.230018,-1,15,10000.245000,17.890000,364.077670,360.604256,360.000000,626,-4.077670,PI,FIFO,true,PI_FIFO,362.433617
13.240017,-1,15,9999.579000,17.469000,366.592805,361.502539,360.000000,621,-6.592805,PI,FIFO,true,PI_FIFO,364.513211
13.250018,-1,15,10000.319000,17.788000,363.703788,361.832726,360.000000,620,-3.703788,PI,FIFO,true,PI_FIFO,364.108500
13.260017,-1,15,9999.672000,17.460000,360.378913,361.614654,360.000000,622,-0.378913,PI,FIFO,true,PI_FIFO,362.243706
13.270018,-1,15,10000.375000,17.835000,357.995227,361.071740,360.000000,625,2.004773,PI,FIFO,true,PI_FIFO,360.119466
13.280015,-1,15,9996.800000,14.635000,359.103677,360.776531,360.000000,626,0.896323,PI,FIFO,true,PI_FIFO,359.611572
13.290019,-1,15,10004.449000,19.084000,353.862607,359.739442,360.000000,631,6.137393,PI,FIFO,true,PI_FIFO,356.737089
13.300015,-1,15,9996.098000,15.182000,356.012658,359.180424,360.000000,633,3.987342,PI,FIFO,true,PI_FIFO,356.374874
13.310018,-1,15,10003.134000,18.316000,354.609929,358.494850,360.000000,636,5.390071,PI,FIFO,true,PI_FIFO,355.492401
13.320015,-1,15,9996.801000,15.117000,359.983544,358.718154,360.000000,634,0.016456,PI,FIFO,true,PI_FIFO,357.737973
13.330018,-1,15,10003.338000,18.455000,358.680057,358.712440,360.000000,634,1.319943,PI,FIFO,true,PI_FIFO,358.209015
13.340015,-1,15,9996.338000,14.793000,362.996902,359.355109,360.000000,630,-2.996902,PI,FIFO,true,PI_FIFO,360.602959
13.350018,-1,15,10003.430000,18.223000,360.750361,359.564397,360.000000,630,-0.750361,PI,FIFO,true,PI_FIFO,360.676660
13.360019,-1,15,10000.412000,18.635000,361.969112,359.925104,360.000000,629,-1.969112,PI,FIFO,true,PI_FIFO,361.322886
13.370018,-1,15,9999.616000,18.251000,358.554309,359.719485,360.000000,630,1.445691,PI,FIFO,true,PI_FIFO,359.938597
13.380018,-1,15,9999.282000,17.533000,362.669246,360.161949,360.000000,628,-2.669246,PI,FIFO,true,PI_FIFO,361.303922
13.390021,-1,15,10003.801000,21.334000,361.172262,360.313496,360.000000,628,-1.172262,PI,FIFO,true,PI_FIFO,361.238092
13.400019,-1,15,9997.449000,18.783000,365.036647,361.021969,360.000000,624,-5.036647,PI,FIFO,true,PI_FIFO,363.137369
13.410018,-1,15,9999.246000,18.029000,363.171002,361.344324,360.000000,622,-3.171002,PI,FIFO,true,PI_FIFO,363.154185
13.420015,-1,15,9996.912000,14.941000,364.368999,361.798025,360.000000,620,-4.368999,PI,FIFO,true,PI_FIFO,363.761592
13.430019,-1,15,10003.763000,18.704000,358.998906,361.378157,360.000000,623,1.001094,PI,FIFO,true,PI_FIFO,361.380249
13.440018,-1,15,9999.450000,18.154000,356.463878,360.641015,360.000000,627,3.536122,PI,FIFO,true,PI_FIFO,358.922064
13.450018,-1,15,9999.967000,18.121000,354.538088,359.725576,360.000000,631,5.461912,PI,FIFO,true,PI_FIFO,356.730076
13.460030,-1,15,10011.505000,29.626000,354.609929,358.958229,360.000000,634,5.390071,PI,FIFO,true,PI_FIFO,355.670002
13.470032,-1,15,10002.615000,32.241000,353.506787,358.140513,360.000000,638,6.493213,PI,FIFO,true,PI_FIFO,354.588395
13.480023,-1,15,9990.727000,22.968000,356.972870,357.965366,360.000000,638,3.027130,PI,FIFO,true,PI_FIFO,355.780632
13.490021,-1,15,9998.209000,21.177000,362.248841,358.607887,360.000000,634,-2.248841,PI,FIFO,true,PI_FIFO,359.014737
13.500021,-1,15,10000.097000,21.274000,361.620058,359.059713,360.000000,632,-1.620058,PI,FIFO,true,PI_FIFO,360.317397
13.510022,-1,15,10001.023000,22.297000,361.769570,359.466192,360.000000,631,-1.769570,PI,FIFO,true,PI_FIFO,361.043484
13.520022,-1,15,9999.227000,21.524000,361.394558,359.755447,360.000000,630,-1.394558,PI,FIFO,true,PI_FIFO,361.219021
13.530021,-1,15,9999.875000,21.399000,364.583333,360.479630,360.000000,626,-4.583333,PI,FIFO,true,PI_FIFO,362.901177
13.540021,-1,15,10000.097000,21.496000,360.903533,360.543215,360.000000,627,-0.903533,PI,FIFO,true,PI_FIFO,361.902355
13.550021,-1,15,9999.986000,21.482000,362.970133,360.907253,360.000000,625,-2.970133,PI,FIFO,true,PI_FIFO,362.436244
13.560023,-1,15,10001.097000,22.579000,362.380628,361.128259,360.000000,624,-2.380628,PI,FIFO,true,PI_FIFO,362.408436
13.570026,-1,15,10003.245000,25.824000,367.441209,362.075201,360.000000,619,-7.441209,PI,FIFO,true,PI_FIFO,364.924823
13.580021,-1,15,9995.412000,21.236000,361.722651,362.022319,360.000000,619,-1.722651,PI,FIFO,true,PI_FIFO,363.323737
13.590021,-1,15,10000.135000,21.371000,361.371145,361.924643,360.000000,620,-1.371145,PI,FIFO,true,PI_FIFO,362.347441
13.600022,-1,15,10000.189000,21.560000,356.972870,361.181877,360.000000,624,3.027130,PI,FIFO,true,PI_FIFO,359.660156
13.610021,-1,15,9999.633000,21.193000,356.916244,360.542032,360.000000,626,3.083756,PI,FIFO,true,PI_FIFO,358.288200
13.620021,-1,15,10000.078000,21.271000,351.386807,359.168748,360.000000,633,8.613193,PI,FIFO,true,PI_FIFO,354.837503
13.630021,-1,15,9999.781000,21.052000,354.934377,358.533592,360.000000,635,5.065623,PI,FIFO,true,PI_FIFO,354.885940
13.640022,-1,15,10001.004000,22.056000,352.609309,357.644950,360.000000,640,7.390691,PI,FIFO,true,PI_FIFO,353.747624
13.650022,-1,15,9999.689000,21.745000,358.802624,357.818601,360.000000,638,1.197376,PI,FIFO,true,PI_FIFO,356.275124
13.660021,-1,15,9999.226000,20.971000,360.403652,358.206359,360.000000,635,-0.403652,PI,FIFO,true,PI_FIFO,358.339388
13.670021,-1,15,9999.930000,20.901000,364.502333,359.150755,360.000000,630,-4.502333,PI,FIFO,true,PI_FIFO,361.420861
13.680021,-1,15,9999.652000,20.553000,361.445783,359.495009,360.000000,630,-1.445783,PI,FIFO,true,PI_FIFO,361.433322
13.690021,-1,15,10000.818000,21.371000,362.435567,359.936093,360.000000,628,-2.435567,PI,FIFO,true,PI_FIFO,361.934444
13.700021,-1,15,9999.800000,21.171000,361.271676,360.136430,360.000000,628,-1.271676,PI,FIFO,true,PI_FIFO,361.603060
13.710021,-1,15,10000.004000,21.175000,362.248841,360.453292,360.000000,627,-2.248841,PI,FIFO,true,PI_FIFO,361.925951
13.720021,-1,15,9999.504000,20.679000,360.923965,360.523893,360.000000,627,-0.923965,PI,FIFO,true,PI_FIFO,361.424958
13.730021,-1,15,10000.041000,20.720000,364.880643,361.177405,360.000000,623,-4.880643,PI,FIFO,true,PI_FIFO,363.152801
13.740021,-1,15,10000.355000,21.075000,365.497076,361.825356,360.000000,620,-5.497076,PI,FIFO,true,PI_FIFO,364.324938
13.750021,-1,15,9999.671000,20.746000,363.936335,362.142003,360.000000,618,-3.936335,PI,FIFO,true,PI_FIFO,364.130637
13.760022,-1,15,10000.948000,21.694000,359.712230,361.777537,360.000000,621,0.287770,PI,FIFO,true,PI_FIFO,361.921434
13.770022,-1,15,10000.189000,21.883000,356.270358,360.951460,360.000000,625,3.729642,PI,FIFO,true,PI_FIFO,359.095896
13.780021,-1,15,9999.541000,21.424000,355.956336,360.202192,360.000000,628,4.043664,PI,FIFO,true,PI_FIFO,357.526116
13.790021,-1,15,9999.448000,20.872000,352.974398,359.118023,360.000000,633,7.025602,PI,FIFO,true,PI_FIFO,355.250257
13.800021,-1,15,9999.782000,20.654000,355.787476,358.618441,360.000000,635,4.212524,PI,FIFO,true,PI_FIFO,355.518867
13.810021,-1,15,10000.800000,21.454000,355.113636,358.092720,360.000000,637,4.886364,PI,FIFO,true,PI_FIFO,355.316251
13.820021,-1,15,9999.337000,20.791000,360.230548,358.413394,360.000000,635,-0.230548,PI,FIFO,true,PI_FIFO,357.773399
13.830021,-1,15,10000.318000,21.109000,358.554309,358.434531,360.000000,635,1.445691,PI,FIFO,true,PI_FIFO,358.163854
13.840021,-1,15,10000.152000,21.261000,362.844702,359.096057,360.000000,631,-2.844702,PI,FIFO,true,PI_FIFO,360.504278
13.850021,-1,15,10000.023000,21.284000,361.689815,359.485121,360.000000,630,-1.689815,PI,FIFO,true,PI_FIFO,361.097047
13.860021,-1,15,10000.078000,21.362000,362.669246,359.962739,360.000000,628,-2.669246,PI,FIFO,true,PI_FIFO,361.883146
13.870021,-1,15,9999.837000,21.199000,358.215066,359.700588,360.000000,631,1.784934,PI,FIFO,true,PI_FIFO,360.049106
13.880021,-1,15,10000.059000,21.258000,363.537865,360.276180,360.000000,628,-3.537865,PI,FIFO,true,PI_FIFO,361.793485
13.890021,-1,15,9999.763000,21.021000,360.775151,360.351026,360.000000,628,-0.775151,PI,FIFO,true,PI_FIFO,361.284318
13.900021,-1,15,9999.819000,20.840000,365.706746,361.154384,360.000000,623,-5.706746,PI,FIFO,true,PI_FIFO,363.495532
13.910021,-1,15,10000.207000,21.047000,363.573407,361.517237,360.000000,622,-3.573407,PI,FIFO,true,PI_FIFO,363.534470
13.920021,-1,15,9999.837000,20.884000,364.368999,361.945001,360.000000,619,-4.368999,PI,FIFO,true,PI_FIFO,363.951734
13.930021,-1,15,9999.837000,20.721000,360.181120,361.680419,360.000000,621,-0.181120,PI,FIFO,true,PI_FIFO,362.066427
13.940021,-1,15,10000.726000,21.447000,358.146067,361.150266,360.000000,624,1.853933,PI,FIFO,true,PI_FIFO,360.106247
13.950022,-1,15,10000.541000,21.988000,354.155424,360.101040,360.000000,629,5.844576,PI,FIFO,true,PI_FIFO,357.130835
13.960027,-1,15,10005.393000,27.381000,355.113636,359.352929,360.000000,632,4.886364,PI,FIFO,true,PI_FIFO,356.122236
13.970022,-1,15,9994.318000,21.699000,352.065451,358.259808,360.000000,638,7.934549,PI,FIFO,true,PI_FIFO,354.093843
13.980021,-1,15,9999.689000,21.388000,356.463878,357.990418,360.000000,638,3.536122,PI,FIFO,true,PI_FIFO,355.278861
13.990021,-1,15,9999.689000,21.077000,361.875965,358.573250,360.000000,634,-1.875965,PI,FIFO,true,PI_FIFO,358.577413
14.000021,-1,15,10000.078000,21.155000,361.794501,359.056438,360.000000,632,-1.794501,PI,FIFO,true,PI_FIFO,360.185957
14.010022,-1,15,10000.597000,21.752000,361.318088,359.395685,360.000000,630,-1.318088,PI,FIFO,true,PI_FIFO,360.752023
14.020021,-1,15,9999.077000,20.829000,361.620058,359.729341,360.000000,629,-1.620058,PI,FIFO,true,PI_FIFO,361.186040
14.030021,-1,15,10000.208000,21.037000,362.168874,360.095271,360.000000,628,-2.168874,PI,FIFO,true,PI_FIFO,361.677457
14.040021,-1,15,10000.244000,21.281000,359.114466,359.948150,360.000000,630,0.885534,PI,FIFO,true,PI_FIFO,360.395962
14.050021,-1,15,9999.875000,21.156000,362.168874,360.281259,360.000000,628,-2.168874,PI,FIFO,true,PI_FIFO,361.282418
14.060021,-1,15,10000.040000,21.196000,363.020329,360.692120,360.000000,626,-3.020329,PI,FIFO,true,PI_FIFO,362.151374
14.070021,-1,15,9999.504000,20.700000,367.358934,361.692142,360.000000,620,-7.358934,PI,FIFO,true,PI_FIFO,364.755154
14.080021,-1,15,10000.096000,20.796000,362.143892,361.759904,360.000000,620,-2.143892,PI,FIFO,true,PI_FIFO,363.449523
14.090024,-1,15,10003.652000,24.448000,362.622486,361.889291,360.000000,620,-2.622486,PI,FIFO,true,PI_FIFO,363.036004
14.100022,-1,15,9997.856000,22.304000,356.803045,361.126354,360.000000,624,3.196955,PI,FIFO,true,PI_FIFO,359.919525
14.110021,-1,15,9998.763000,21.067000,356.554260,360.440540,360.000000,627,3.445740,PI,FIFO,true,PI_FIFO,358.236892
14.120021,-1,15,9999.930000,20.997000,350.510967,358.951104,360.000000,635,9.489033,PI,FIFO,true,PI_FIFO,354.373930
14.130021,-1,15,9999.615000,20.612000,355.472700,358.429344,360.000000,636,4.527300,PI,FIFO,true,PI_FIFO,354.923315
14.140021,-1,15,10000.726000,21.338000,353.440151,357.680965,360.000000,640,6.559849,PI,FIFO,true,PI_FIFO,354.181733
14.150021,-1,15,9999.818000,21.156000,358.802624,357.849214,360.000000,638,1.197376,PI,FIFO,true,PI_FIFO,356.492179
14.160032,-1,15,10010.689000,31.845000,360.392107,358.230648,360.000000,636,-0.392107,PI,FIFO,true,PI_FIFO,358.442143
14.170038,-1,15,10005.837000,37.682000,363.869863,359.076530,360.000000,632,-3.869863,PI,FIFO,true,PI_FIFO,361.156003
14.180020,-1,15,9982.523000,20.205000,362.622486,359.608423,360.000000,630,-2.622486,PI,FIFO,true,PI_FIFO,361.889244
14.190018,-1,15,9998.170000,18.375000,364.077670,360.278810,360.000000,627,-4.077670,PI,FIFO,true,PI_FIFO,362.983457
14.200019,-1,15,10000.708000,19.083000,362.168874,360.562320,360.000000,627,-2.168874,PI,FIFO,true,PI_FIFO,362.576166
14.210018,-1,15,9999.374000,18.457000,363.537865,361.008652,360.000000,625,-3.537865,PI,FIFO,true,PI_FIFO,363.057015
14.220018,-1,15,9999.892000,18.349000,360.181120,360.884522,360.000000,626,-0.181120,PI,FIFO,true,PI_FIFO,361.619067
14.230036,-1,15,10017.967000,36.316000,363.548231,361.284078,360.000000,624,-3.548231,PI,FIFO,true,PI_FIFO,362.583649
14.240018,-1,15,9981.800000,18.116000,365.829865,361.965946,360.000000,620,-5.829865,PI,FIFO,true,PI_FIFO,364.206757
14.250020,-1,15,10001.393000,19.509000,363.372093,362.176868,360.000000,619,-3.372093,PI,FIFO,true,PI_FIFO,363.789425
14.260021,-1,15,10001.374000,20.883000,360.023041,361.853794,360.000000,620,-0.023041,PI,FIFO,true,PI_FIFO,361.906233
14.270020,-1,15,9998.726000,19.609000,356.803045,361.096182,360.000000,624,3.196955,PI,FIFO,true,PI_FIFO,359.354639
14.280015,-1,15,9995.652000,15.261000,355.113636,360.198800,360.000000,628,4.886364,PI,FIFO,true,PI_FIFO,357.234138
14.290016,-1,15,10000.874000,16.135000,350.631136,358.763650,360.000000,636,9.368864,PI,FIFO,true,PI_FIFO,353.932637
14.300018,-1,15,10002.004000,18.139000,352.822581,357.872490,360.000000,639,7.177419,PI,FIFO,true,PI_FIFO,353.377609
14.310017,-1,15,9998.818000,16.957000,354.777673,357.408267,360.000000,640,5.222327,PI,FIFO,true,PI_FIFO,354.077641
14.320019,-1,15,10001.967000,18.924000,360.207480,357.828149,360.000000,637,-0.207480,PI,FIFO,true,PI_FIFO,357.142560
14.330019,-1,15,9999.763000,18.687000,360.750361,358.266481,360.000000,635,-0.750361,PI,FIFO,true,PI_FIFO,358.946460
14.340016,-1,15,9996.893000,15.580000,363.171002,359.002159,360.000000,632,-3.171002,PI,FIFO,true,PI_FIFO,361.058731
14.350021,-1,15,10005.170000,20.750000,361.722651,359.410233,360.000000,631,-1.722651,PI,FIFO,true,PI_FIFO,361.390691
14.360019,-1,15,9998.449000,19.199000,362.248841,359.836024,360.000000,629,-2.248841,PI,FIFO,true,PI_FIFO,361.819766
14.370019,-1,15,9999.411000,18.610000,358.920368,359.698676,360.000000,631,1.079632,PI,FIFO,true,PI_FIFO,360.370067
14.380018,-1,15,9999.374000,17.984000,363.936335,360.334325,360.000000,628,-3.936335,PI,FIFO,true,PI_FIFO,362.153201
14.390019,-1,15,10000.633000,18.617000,361.445783,360.501043,360.000000,628,-1.445783,PI,FIFO,true,PI_FIFO,361.799492
14.400018,-1,15,9999.300000,17.917000,366.210938,361.357527,360.000000,623,-6.210938,PI,FIFO,true,PI_FIFO,364.005215
14.410018,-1,15,10000.226000,18.143000,363.559979,361.687895,360.000000,622,-3.559979,PI,FIFO,true,PI_FIFO,363.782597
14.420018,-1,15,9999.671000,17.814000,365.141188,362.205889,360.000000,619,-5.141188,PI,FIFO,true,PI_FIFO,364.461892
14.430018,-1,15,10000.189000,18.003000,358.410705,361.636611,360.000000,623,1.589295,PI,FIFO,true,PI_FIFO,361.436299
14.440018,-1,15,10000.226000,18.229000,358.851675,361.218871,360.000000,624,1.148325,PI,FIFO,true,PI_FIFO,360.143987
14.450019,-1,15,10000.559000,18.788000,354.219144,360.168912,360.000000,630,5.780856,PI,FIFO,true,PI_FIFO,357.181565
14.460018,-1,15,9999.671000,18.459000,355.281857,359.435854,360.000000,633,4.718143,PI,FIFO,true,PI_FIFO,356.231711
14.470025,-1,15,10006.652000,25.111000,353.012372,358.472331,360.000000,637,6.987628,PI,FIFO,true,PI_FIFO,354.622042
14.480019,-1,15,9994.151000,19.262000,355.787476,358.069603,360.000000,638,4.212524,PI,FIFO,true,PI_FIFO,355.204759
14.490018,-1,15,9998.856000,18.118000,361.969112,358.654529,360.000000,634,-1.969112,PI,FIFO,true,PI_FIFO,358.586935
14.500018,-1,15,9999.948000,18.066000,360.923965,358.994945,360.000000,632,-0.923965,PI,FIFO,true,PI_FIFO,359.755450
14.510019,-1,15,10000.449000,18.515000,362.435567,359.511038,360.000000,630,-2.435567,PI,FIFO,true,PI_FIFO,361.095509
14.520018,-1,15,9999.300000,17.815000,361.794501,359.853558,360.000000,629,-1.794501,PI,FIFO,true,PI_FIFO,361.445005
14.530019,-1,15,10000.689000,18.504000,363.936335,360.465974,360.000000,626,-3.936335,PI,FIFO,true,PI_FIFO,362.690670
14.540018,-1,15,9999.540000,18.044000,358.508604,360.172369,360.000000,629,1.491396,PI,FIFO,true,PI_FIFO,360.599637
14.550018,-1,15,9999.930000,17.974000,361.689815,360.399986,360.000000,628,-1.689815,PI,FIFO,true,PI_FIFO,361.144726
14.560018,-1,15,10000.504000,18.478000,362.318841,360.687814,360.000000,626,-2.318841,PI,FIFO,true,PI_FIFO,361.731783
14.570018,-1,15,10000.004000,18.482000,367.550967,361.717287,360.000000,620,-7.550967,PI,FIFO,true,PI_FIFO,364.641375
14.580018,-1,15,9999.781000,18.263000,362.669246,361.860081,360.000000,620,-2.669246,PI,FIFO,true,PI_FIFO,363.655310
14.590018,-1,15,10000.189000,18.452000,363.020329,362.034118,360.000000,619,-3.020329,PI,FIFO,true,PI_FIFO,363.337820
14.600016,-1,15,9997.633000,16.085000,357.097511,361.293627,360.000000,623,2.902489,PI,FIFO,true,PI_FIFO,360.217666
14.610018,-1,15,10002.225000,18.310000,356.294537,360.543763,360.000000,627,3.705463,PI,FIFO,true,PI_FIFO,358.256101
14.620019,-1,15,10000.262000,18.572000,350.373732,359.018259,360.000000,635,9.626268,PI,FIFO,true,PI_FIFO,354.314917
14.630018,-1,15,9999.910000,18.482000,355.293077,358.459482,360.000000,636,4.706923,PI,FIFO,true,PI_FIFO,354.803997
14.640019,-1,15,10000.281000,18.763000,354.397681,357.850212,360.000000,639,5.602319,PI,FIFO,true,PI_FIFO,354.600839
14.650019,-1,15,9999.799000,18.562000,359.023456,358.026198,360.000000,637,0.976544,PI,FIFO,true,PI_FIFO,356.812148
14.660018,-1,15,9999.763000,18.325000,362.368857,358.677597,360.000000,633,-2.368857,PI,FIFO,true,PI_FIFO,359.590502
14.670018,-1,15,9999.817000,18.142000,362.875683,359.307310,360.000000,630,-2.875683,PI,FIFO,true,PI_FIFO,361.233093
14.680015,-1,15,9996.411000,14.553000,360.973597,359.557253,360.000000,630,-0.973597,PI,FIFO,true,PI_FIFO,361.103345
14.690018,-1,15,10003.540000,18.093000,362.051340,359.931366,360.000000,629,-2.051340,PI,FIFO,true,PI_FIFO,361.577343
14.700014,-1,15,9996.299000,14.392000,361.570248,360.177198,360.000000,628,-1.570248,PI,FIFO,true,PI_FIFO,361.573795
14.710018,-1,15,10003.855000,18.247000,362.143892,360.472202,360.000000,627,-2.143892,PI,FIFO,true,PI_FIFO,361.858844
14.720018,-1,15,9999.410000,17.657000,360.392107,360.460188,360.000000,628,-0.392107,PI,FIFO,true,PI_FIFO,361.125475
14.730018,-1,15,10000.318000,17.975000,363.372093,360.896974,360.000000,625,-3.372093,PI,FIFO,true,PI_FIFO,362.248784
14.740018,-1,15,9999.577000,17.552000,365.829865,361.636907,360.000000,621,-5.829865,PI,FIFO,true,PI_FIFO,364.039324
14.750018,-1,15,10000.447000,17.999000,362.669246,361.791758,360.000000,620,-2.669246,PI,FIFO,true,PI_FIFO,363.354285
14.760019,-1,15,10000.614000,18.613000,360.761929,361.637284,360.000000,621,-0.761929,PI,FIFO,true,PI_FIFO,362.058107
14.770026,-1,15,10007.503000,26.116000,357.483317,361.014189,360.000000,625,2.516683,PI,FIFO,true,PI_FIFO,359.770712
14.780019,-1,15,9993.096000,19.212000,356.125356,360.280864,360.000000,628,3.874644,PI,FIFO,true,PI_FIFO,357.948034
14.790019,-1,15,10000.040000,19.252000,353.012372,359.190590,360.000000,633,6.987628,PI,FIFO,true,PI_FIFO,355.480203
14.800019,-1,15,9999.484000,18.736000,353.273669,358.303052,360.000000,637,6.726331,PI,FIFO,true,PI_FIFO,354.376936
14.810019,-1,15,9999.966000,18.702000,354.729730,357.767054,360.000000,639,5.270270,PI,FIFO,true,PI_FIFO,354.553333
14.820018,-1,15,9998.985000,17.687000,360.230548,358.136578,360.000000,636,-0.230548,PI,FIFO,true,PI_FIFO,357.391940
14.830018,-1,15,9999.873000,17.560000,359.838792,358.391910,360.000000,635,0.161208,PI,FIFO,true,PI_FIFO,358.615366
14.840029,-1,15,10011.522000,29.082000,363.901019,359.218276,360.000000,631,-3.901019,PI,FIFO,true,PI_FIFO,361.258193
14.850015,-1,15,9985.891000,14.973000,362.062307,359.644881,360.000000,630,-2.062307,PI,FIFO,true,PI_FIFO,361.660250
14.860031,-1,15,10015.948000,30.921000,363.020329,360.151198,360.000000,628,-3.020329,PI,FIFO,true,PI_FIFO,362.340289
14.870035,-1,15,10004.410000,35.331000,358.737245,359.939105,360.000000,630,1.262755,PI,FIFO,true,PI_FIFO,360.538767
14.880020,-1,15,9984.522000,19.853000,363.976705,360.544745,360.000000,627,-3.976705,PI,FIFO,true,PI_FIFO,362.257736
14.890020,-1,15,9999.892000,19.745000,361.722651,360.721431,360.000000,626,-1.722651,PI,FIFO,true,PI_FIFO,361.990194
14.900019,-1,15,9999.169000,18.914000,366.620112,361.606233,360.000000,621,-6.620112,PI,FIFO,true,PI_FIFO,364.305153
14.910018,-1,15,9999.577000,18.491000,363.703788,361.920866,360.000000,620,-3.703788,PI,FIFO,true,PI_FIFO,364.004470
14.920018,-1,15,9999.225000,17.716000,365.141188,362.403915,360.000000,617,-5.141188,PI,FIFO,true,PI_FIFO,364.572829
14.930018,-1,15,10000.170000,17.886000,357.824427,361.716992,360.000000,622,2.175573,PI,FIFO,true,PI_FIFO,361.198628
14.940028,-1,15,10010.003000,27.889000,355.832490,360.834316,360.000000,626,4.167510,PI,FIFO,true,PI_FIFO,358.515559
14.950018,-1,15,9990.392000,18.281000,352.797291,359.628762,360.000000,632,7.202709,PI,FIFO,true,PI_FIFO,355.656425
14.960033,-1,15,10014.429000,32.710000,354.274917,358.825686,360.000000,635,5.725083,PI,FIFO,true,PI_FIFO,354.965671
14.970020,-1,15,9987.688000,20.398000,352.443609,357.868374,360.000000,639,7.556391,PI,FIFO,true,PI_FIFO,353.704640
14.980018,-1,15,9997.632000,18.030000,356.463878,357.657700,360.000000,639,3.536122,PI,FIFO,true,PI_FIFO,355.084259
14.990018,-1,15,10000.059000,18.089000,361.570248,358.244582,360.000000,635,-1.570248,PI,FIFO,true,PI_FIFO,358.327254
15.000018,-1,15,10000.318000,18.407000,360.903533,358.643425,360.000000,634,-0.903533,PI,FIFO,true,PI_FIFO,359.615393
15.010019,-1,15,10000.132000,18.539000,362.569061,359.232270,360.000000,631,-2.569061,PI,FIFO,true,PI_FIFO,361.092227
15.020018,-1,15,9999.874000,18.413000,362.318841,359.695256,360.000000,630,-2.318841,PI,FIFO,true,PI_FIFO,361.705534
15.030019,-1,15,10000.410000,18.823000,363.559979,360.274964,360.000000,627,-3.559979,PI,FIFO,true,PI_FIFO,362.632757
15.040018,-1,15,9999.651000,18.474000,360.403652,360.294267,360.000000,628,-0.403652,PI,FIFO,true,PI_FIFO,361.518204
15.050019,-1,15,10000.059000,18.533000,362.622486,360.643500,360.000000,627,-2.622486,PI,FIFO,true,PI_FIFO,362.070345
15.060018,-1,15,9999.725000,18.258000,362.143892,360.868559,360.000000,626,-2.143892,PI,FIFO,true,PI_FIFO,362.107118
15.070018,-1,15,9999.910000,18.168000,367.358934,361.842115,360.000000,620,-7.358934,PI,FIFO,true,PI_FIFO,364.733026
15.080018,-1,15,9999.707000,17.875000,362.669246,361.966185,360.000000,620,-2.669246,PI,FIFO,true,PI_FIFO,363.701136
15.090015,-1,15,9996.947000,14.822000,362.996902,362.120792,360.000000,619,-2.996902,PI,FIFO,true,PI_FIFO,363.349019
15.100018,-1,15,10002.948000,17.770000,358.851675,361.630425,360.000000,622,1.148325,PI,FIFO,true,PI_FIFO,361.100347
15.110016,-1,15,9998.484000,16.254000,356.851550,360.913593,360.000000,625,3.148450,PI,FIFO,true,PI_FIFO,358.975948
15.120019,-1,15,10002.707000,18.961000,352.775165,359.692829,360.000000,631,7.224835,PI,FIFO,true,PI_FIFO,355.875556
15.130019,-1,15,9999.688000,18.649000,354.442344,358.905256,360.000000,634,5.557656,PI,FIFO,true,PI_FIFO,355.158950
15.140018,-1,15,9999.003000,17.652000,353.012372,358.021324,360.000000,638,6.987628,PI,FIFO,true,PI_FIFO,354.085661
15.150018,-1,15,10000.447000,18.099000,358.680057,358.120134,360.000000,637,1.319943,PI,FIFO,true,PI_FIFO,356.382859
15.160018,-1,15,10000.151000,18.250000,360.392107,358.460930,360.000000,634,-0.392107,PI,FIFO,true,PI_FIFO,358.387483
15.170018,-1,15,9999.855000,18.105000,363.196126,359.171209,360.000000,631,-3.196126,PI,FIFO,true,PI_FIFO,360.791804
15.180018,-1,15,10000.096000,18.201000,360.576923,359.382066,360.000000,631,-0.576923,PI,FIFO,true,PI_FIFO,360.684364
15.190024,-1,15,10005.540000,23.741000,360.740154,359.585779,360.000000,630,-0.740154,PI,FIFO,true,PI_FIFO,360.712259
15.200020,-1,15,9995.817000,19.558000,359.786184,359.615840,360.000000,631,0.213816,PI,FIFO,true,PI_FIFO,360.249222
15.210019,-1,15,9999.170000,18.728000,361.271676,359.864216,360.000000,630,-1.271676,PI,FIFO,true,PI_FIFO,360.760449
15.220018,-1,15,9998.985000,17.713000,361.503856,360.110162,360.000000,629,-1.503856,PI,FIFO,true,PI_FIFO,361.132152
15.230018,-1,15,10000.262000,17.975000,364.608653,360.784935,360.000000,625,-4.608653,PI,FIFO,true,PI_FIFO,362.870403
15.240014,-1,15,9996.503000,14.478000,367.550967,361.799840,360.000000,620,-7.550967,PI,FIFO,true,PI_FIFO,365.210685
15.250018,-1,15,10003.947000,18.425000,363.901019,362.115017,360.000000,619,-3.901019,PI,FIFO,true,PI_FIFO,364.555852
15.260015,-1,15,9996.151000,14.576000,360.576923,361.884303,360.000000,620,-0.576923,PI,FIFO,true,PI_FIFO,362.566388
15.270018,-1,15,10003.374000,17.950000,357.313006,361.198608,360.000000,624,2.686994,PI,FIFO,true,PI_FIFO,359.939697
15.280018,-1,15,10000.132000,18.082000,357.824427,360.692481,360.000000,626,2.175573,PI,FIFO,true,PI_FIFO,358.882062
15.290018,-1,15,9999.725000,17.807000,352.443609,359.455150,360.000000,632,7.556391,PI,FIFO,true,PI_FIFO,355.662836
15.300018,-1,15,9999.948000,17.755000,353.964401,358.631538,360.000000,636,6.035599,PI,FIFO,true,PI_FIFO,354.813618
15.310018,-1,15,9999.892000,17.647000,353.773585,357.902845,360.000000,639,6.226415,PI,FIFO,true,PI_FIFO,354.293602
15.320018,-1,15,10000.354000,18.001000,359.884837,358.200144,360.000000,636,0.115163,PI,FIFO,true,PI_FIFO,357.089219
15.330019,-1,15,10000.596000,18.597000,359.654731,358.418332,360.000000,635,0.345269,PI,FIFO,true,PI_FIFO,358.371975
15.340016,-1,15,9997.151000,15.748000,363.196126,359.135001,360.000000,631,-3.196126,PI,FIFO,true,PI_FIFO,360.784051
15.350019,-1,15,10002.855000,18.603000,363.372093,359.770565,360.000000,629,-3.372093,PI,FIFO,true,PI_FIFO,362.078072
15.360019,-1,15,10000.355000,18.958000,363.901019,360.390133,360.000000,626,-3.901019,PI,FIFO,true,PI_FIFO,362.989545
15.370016,-1,15,9996.743000,15.701000,360.023041,360.335069,360.000000,628,-0.023041,PI,FIFO,true,PI_FIFO,361.506293
15.380019,-1,15,10002.837000,18.538000,364.077670,360.896459,360.000000,625,-4.077670,PI,FIFO,true,PI_FIFO,362.791982
15.390018,-1,15,9999.762000,18.300000,361.769570,361.027426,360.000000,624,-1.769570,PI,FIFO,true,PI_FIFO,362.280776
15.400018,-1,15,9999.521000,17.821000,365.538991,361.704161,360.000000,620,-5.538991,PI,FIFO,true,PI_FIFO,363.909883
15.410018,-1,15,10000.263000,18.084000,363.774945,362.014778,360.000000,619,-3.774945,PI,FIFO,true,PI_FIFO,363.842414
15.420018,-1,15,10000.410000,18.494000,363.869863,362.293041,360.000000,617,-3.869863,PI,FIFO,true,PI_FIFO,363.856138
15.430016,-1,15,9997.170000,15.664000,357.824427,361.622749,360.000000,621,2.175573,PI,FIFO,true,PI_FIFO,360.840283
15.440018,-1,15,10002.225000,17.889000,355.450237,360.696872,360.000000,626,4.549763,PI,FIFO,true,PI_FIFO,358.145260
15.450018,-1,15,9999.892000,17.781000,352.443609,359.458883,360.000000,632,7.556391,PI,FIFO,true,PI_FIFO,355.294434
15.460018,-1,15,10000.021000,17.802000,352.775165,358.456325,360.000000,636,7.224835,PI,FIFO,true,PI_FIFO,354.034800
15.470017,-1,15,9999.596000,17.398000,351.499732,357.412836,360.000000,641,8.500268,PI,FIFO,true,PI_FIFO,352.767266
15.480018,-1,15,10000.410000,17.808000,355.281857,357.093189,360.000000,641,4.718143,PI,FIFO,true,PI_FIFO,354.024561
15.490031,-1,15,10013.040000,30.848000,362.809598,357.950650,360.000000,636,-2.809598,PI,FIFO,true,PI_FIFO,358.417079
15.500020,-1,15,9988.670000,19.518000,362.844702,358.684758,360.000000,633,-2.844702,PI,FIFO,true,PI_FIFO,360.630891
15.510018,-1,15,9998.762000,18.280000,363.184401,359.359705,360.000000,630,-3.184401,PI,FIFO,true,PI_FIFO,361.907646
15.520018,-1,15,9999.540000,17.820000,361.620058,359.698758,360.000000,629,-1.620058,PI,FIFO,true,PI_FIFO,361.763852
15.530018,-1,15,10000.169000,17.989000,363.548231,360.276179,360.000000,627,-3.548231,PI,FIFO,true,PI_FIFO,362.656041
15.540018,-1,15,9999.800000,17.789000,361.132512,360.404629,360.000000,627,-1.132512,PI,FIFO,true,PI_FIFO,361.894276
15.550018,-1,15,10000.558000,18.347000,363.196126,360.823353,360.000000,625,-3.196126,PI,FIFO,true,PI_FIFO,362.545201
15.560029,-1,15,10010.337000,28.684000,364.124806,361.318571,360.000000,623,-4.124806,PI,FIFO,true,PI_FIFO,363.335003
15.570038,-1,15,10009.040000,37.724000,366.784038,362.138391,360.000000,618,-6.784038,PI,FIFO,true,PI_FIFO,365.059521
15.580020,-1,15,9982.225000,19.949000,362.215909,362.150019,360.000000,619,-2.215909,PI,FIFO,true,PI_FIFO,363.637715
15.590029,-1,15,10009.428000,29.377000,361.769570,362.092951,360.000000,619,-1.769570,PI,FIFO,true,PI_FIFO,362.703642
15.600021,-1,15,9991.132000,20.509000,357.142857,361.350437,360.000000,623,2.857143,PI,FIFO,true,PI_FIFO,359.923250
15.610018,-1,15,9997.762000,18.271000,356.012658,360.549770,360.000000,627,3.987342,PI,FIFO,true,PI_FIFO,357.967954
15.620018,-1,15,10000.039000,18.310000,351.386807,359.175326,360.000000,633,8.613193,PI,FIFO,true,PI_FIFO,354.677380
15.630029,-1,15,10010.595000,28.905000,354.576399,358.485487,360.000000,636,5.423601,PI,FIFO,true,PI_FIFO,354.626890
15.640019,-1,15,9990.557000,19.462000,352.443609,357.579205,360.000000,640,7.556391,PI,FIFO,true,PI_FIFO,353.535249
15.650019,-1,15,9999.502000,18.964000,358.019640,357.645270,360.000000,639,1.980360,PI,FIFO,true,PI_FIFO,355.777445
15.660019,-1,15,10000.299000,19.263000,360.230548,358.033062,360.000000,636,-0.230548,PI,FIFO,true,PI_FIFO,358.003996
15.670019,-1,15,9999.298000,18.561000,364.880643,359.060199,360.000000,631,-4.880643,PI,FIFO,true,PI_FIFO,361.442320
15.680018,-1,15,9999.502000,18.063000,362.669246,359.601556,360.000000,629,-2.669246,PI,FIFO,true,PI_FIFO,362.055783
15.690018,-1,15,9999.780000,17.843000,363.559979,360.195320,360.000000,627,-3.559979,PI,FIFO,true,PI_FIFO,362.807881
15.700018,-1,15,9999.984000,17.827000,360.923965,360.304617,360.000000,627,-0.923965,PI,FIFO,true,PI_FIFO,361.865923
15.710018,-1,15,10000.632000,18.459000,362.569061,360.644283,360.000000,626,-2.569061,PI,FIFO,true,PI_FIFO,362.217492
15.720018,-1,15,9999.576000,18.035000,361.620058,360.790649,360.000000,626,-1.620058,PI,FIFO,true,PI_FIFO,361.918775
15.730018,-1,15,9999.854000,17.889000,363.372093,361.177866,360.000000,624,-3.372093,PI,FIFO,true,PI_FIFO,362.645434
15.740018,-1,15,10000.428000,18.317000,366.210938,361.932827,360.000000,619,-6.210938,PI,FIFO,true,PI_FIFO,364.428186
15.750019,-1,15,10000.835000,19.152000,363.901019,362.228055,360.000000,618,-3.901019,PI,FIFO,true,PI_FIFO,364.164602
15.760029,-1,15,10009.632000,28.784000,359.786184,361.861775,360.000000,620,0.213816,PI,FIFO,true,PI_FIFO,361.975393
15.770020,-1,15,9991.058000,19.842000,356.633381,361.077516,360.000000,624,3.366619,PI,FIFO,true,PI_FIFO,359.304387
15.780019,-1,15,9998.835000,18.677000,354.397681,360.075541,360.000000,629,5.602319,PI,FIFO,true,PI_FIFO,356.851034
15.790018,-1,15,9999.225000,17.902000,351.562500,358.798584,360.000000,635,8.437500,PI,FIFO,true,PI_FIFO,354.206767
15.800018,-1,15,9999.798000,17.700000,355.113636,358.245842,360.000000,637,4.886364,PI,FIFO,true,PI_FIFO,354.660202
15.810018,-1,15,10000.410000,18.110000,355.652504,357.856841,360.000000,638,4.347496,PI,FIFO,true,PI_FIFO,355.156353
15.820015,-1,15,9996.520000,14.630000,360.761929,358.292605,360.000000,635,-0.761929,PI,FIFO,true,PI_FIFO,357.959141
15.830018,-1,15,10003.206000,17.836000,360.923965,358.687309,360.000000,633,-0.923965,PI,FIFO,true,PI_FIFO,359.441553
15.840014,-1,15,9996.502000,14.338000,363.559979,359.418209,360.000000,629,-3.559979,PI,FIFO,true,PI_FIFO,361.500766
15.850024,-1,15,10009.706000,24.044000,361.445783,359.722345,360.000000,629,-1.445783,PI,FIFO,true,PI_FIFO,361.473275
15.860019,-1,15,9995.039000,19.083000,362.996902,360.213529,360.000000,627,-2.996902,PI,FIFO,true,PI_FIFO,362.235089
15.870020,-1,15,10001.151000,20.234000,359.195402,360.060810,360.000000,629,0.804598,PI,FIFO,true,PI_FIFO,360.715245
15.880018,-1,15,9998.002000,18.236000,362.996902,360.501224,360.000000,626,-2.996902,PI,FIFO,true,PI_FIFO,361.856074
15.890020,-1,15,10002.150000,20.386000,361.445783,360.642908,360.000000,626,-1.445783,PI,FIFO,true,PI_FIFO,361.650929
15.900018,-1,15,9998.076000,18.462000,364.178690,361.173275,360.000000,623,-4.178690,PI,FIFO,true,PI_FIFO,362.914809
15.910016,-1,15,9997.873000,16.335000,363.537865,361.527964,360.000000,621,-3.537865,PI,FIFO,true,PI_FIFO,363.226337
15.920018,-1,15,10001.928000,18.263000,363.901019,361.883922,360.000000,619,-3.901019,PI,FIFO,true,PI_FIFO,363.563678
15.930018,-1,15,10000.132000,18.395000,358.606557,361.392317,360.000000,622,1.393443,PI,FIFO,true,PI_FIFO,361.085118
15.940018,-1,15,9999.761000,18.156000,357.142857,360.754898,360.000000,625,2.857143,PI,FIFO,true,PI_FIFO,359.113987
15.950019,-1,15,10001.039000,19.195000,354.040785,359.747781,360.000000,630,5.959215,PI,FIFO,true,PI_FIFO,356.577386
15.960030,-1,15,10010.928000,30.123000,354.609929,358.977103,360.000000,634,5.390071,PI,FIFO,true,PI_FIFO,355.593658
15.970022,-1,15,9992.354000,22.477000,351.311563,357.827272,360.000000,639,8.688437,PI,FIFO,true,PI_FIFO,353.452610
15.980019,-1,15,9996.651000,19.128000,355.956336,357.546632,360.000000,640,4.043664,PI,FIFO,true,PI_FIFO,354.704473
15.990019,-1,15,9999.928000,19.056000,360.973597,358.060677,360.000000,636,-0.973597,PI,FIFO,true,PI_FIFO,357.839035
16.000018,-1,15,9999.261000,18.317000,362.710514,358.758152,360.000000,633,-2.710514,PI,FIFO,true,PI_FIFO,360.274775
16.010019,-1,15,10000.428000,18.745000,362.970133,359.389949,360.000000,630,-2.970133,PI,FIFO,true,PI_FIFO,361.622454
16.020019,-1,15,9999.854000,18.599000,362.710514,359.888034,360.000000,628,-2.710514,PI,FIFO,true,PI_FIFO,362.166484
16.030019,-1,15,10000.188000,18.787000,364.380900,360.561964,360.000000,626,-4.380900,PI,FIFO,true,PI_FIFO,363.273692
16.040019,-1,15,10000.039000,18.826000,360.057609,360.486311,360.000000,627,-0.057609,PI,FIFO,true,PI_FIFO,361.665650
16.050019,-1,15,9999.817000,18.643000,362.435567,360.778699,360.000000,626,-2.435567,PI,FIFO,true,PI_FIFO,362.050609
16.060018,-1,15,9999.002000,17.645000,363.196126,361.141313,360.000000,624,-3.196126,PI,FIFO,true,PI_FIFO,362.623367
16.070018,-1,15,10000.613000,18.258000,366.784038,361.987722,360.000000,619,-6.784038,PI,FIFO,true,PI_FIFO,364.703702
16.080018,-1,15,9999.650000,17.908000,362.143892,362.011147,360.000000,619,-2.143892,PI,FIFO,true,PI_FIFO,363.423797
16.090018,-1,15,9999.836000,17.744000,361.318088,361.907189,360.000000,620,-1.318088,PI,FIFO,true,PI_FIFO,362.370943
16.100017,-1,15,9999.743000,17.487000,356.972870,361.167041,360.000000,624,3.027130,PI,FIFO,true,PI_FIFO,359.671906
16.110018,-1,15,10000.409000,17.896000,355.113636,360.259030,360.000000,628,4.886364,PI,FIFO,true,PI_FIFO,357.392771
16.120018,-1,15,10000.039000,17.935000,350.336323,358.770624,360.000000,636,9.663677,PI,FIFO,true,PI_FIFO,353.864547
16.130018,-1,15,10000.243000,18.178000,354.945575,358.196867,360.000000,637,5.054425,PI,FIFO,true,PI_FIFO,354.405061
16.140016,-1,15,9997.484000,15.662000,353.582974,357.504783,360.000000,640,6.417026,PI,FIFO,true,PI_FIFO,353.994018
16.150018,-1,15,10002.354000,18.016000,359.195402,357.758376,360.000000,638,0.804598,PI,FIFO,true,PI_FIFO,356.594710
16.160029,-1,15,10010.872000,28.888000,361.371145,358.300291,360.000000,635,-1.371145,PI,FIFO,true,PI_FIFO,358.982928
16.170020,-1,15,9990.854000,19.742000,363.372093,359.061061,360.000000,631,-3.372093,PI,FIFO,true,PI_FIFO,361.177510
16.180018,-1,15,9998.225000,17.967000,362.569061,359.587261,360.000000,630,-2.569061,PI,FIFO,true,PI_FIFO,361.873286
16.190030,-1,15,10011.706000,29.673000,362.875683,360.080525,360.000000,628,-2.875683,PI,FIFO,true,PI_FIFO,362.374484
16.200020,-1,15,9990.020000,19.693000,361.371145,360.274118,360.000000,628,-1.371145,PI,FIFO,true,PI_FIFO,361.872815
16.210019,-1,15,9998.854000,18.547000,362.493958,360.607094,360.000000,627,-2.493958,PI,FIFO,true,PI_FIFO,362.183387
16.220015,-1,15,9996.002000,14.549000,360.947125,360.658099,360.000000,627,-0.947125,PI,FIFO,true,PI_FIFO,361.565256
16.230018,-1,15,10003.706000,18.255000,363.901019,361.144537,360.000000,624,-3.901019,PI,FIFO,true,PI_FIFO,362.733137
16.240015,-1,15,9996.373000,14.628000,364.880643,361.704953,360.000000,621,-4.880643,PI,FIFO,true,PI_FIFO,363.806890
16.250018,-1,15,10003.650000,18.278000,363.372093,361.955024,360.000000,620,-3.372093,PI,FIFO,true,PI_FIFO,363.589492
16.260029,-1,15,10010.780000,29.058000,360.761929,361.776060,360.000000,621,-0.761929,PI,FIFO,true,PI_FIFO,362.175710
16.270040,-1,15,10010.780000,39.838000,358.166189,361.234579,360.000000,624,1.833811,PI,FIFO,true,PI_FIFO,360.170950
16.280020,-1,15,9980.650000,20.488000,356.373543,360.505424,360.000000,627,3.626457,PI,FIFO,true,PI_FIFO,358.272246
16.290019,-1,15,9998.873000,19.361000,351.782364,359.196965,360.000000,634,8.217636,PI,FIFO,true,PI_FIFO,355.027305
16.300019,-1,15,9999.354000,18.715000,353.964401,358.412080,360.000000,637,6.035599,PI,FIFO,true,PI_FIFO,354.495853
16.310020,-1,15,10001.780000,20.495000,354.777673,357.866919,360.000000,639,5.222327,PI,FIFO,true,PI_FIFO,354.636763
16.320019,-1,15,9998.539000,19.034000,359.786184,358.154809,360.000000,636,0.213816,PI,FIFO,true,PI_FIFO,357.211474
16.330019,-1,15,10000.132000,19.166000,360.740154,358.542611,360.000000,634,-0.740154,PI,FIFO,true,PI_FIFO,358.975814
16.340018,-1,15,9999.279000,18.445000,362.970133,359.206739,360.000000,631,-2.970133,PI,FIFO,true,PI_FIFO,360.972973
16.350030,-1,15,10011.225000,29.670000,360.403652,359.386276,360.000000,631,-0.403652,PI,FIFO,true,PI_FIFO,360.688313
16.360024,-1,15,9994.391000,24.061000,361.689815,359.731807,360.000000,630,-1.689815,PI,FIFO,true,PI_FIFO,361.189064
16.370020,-1,15,9996.391000,20.452000,357.483317,359.394533,360.000000,633,2.516683,PI,FIFO,true,PI_FIFO,359.336191
16.380018,-1,15,9997.335000,17.787000,363.184401,359.963013,360.000000,629,-3.184401,PI,FIFO,true,PI_FIFO,361.260296
16.390016,-1,15,9998.484000,16.271000,362.318841,360.316388,360.000000,628,-2.318841,PI,FIFO,true,PI_FIFO,361.789568
16.400019,-1,15,10002.928000,19.199000,366.401772,361.229195,360.000000,623,-6.401772,PI,FIFO,true,PI_FIFO,364.095670
16.410019,-1,15,9999.539000,18.738000,364.254492,361.682990,360.000000,621,-4.254492,PI,FIFO,true,PI_FIFO,364.175081
16.420015,-1,15,9996.169000,14.907000,365.639626,362.276485,360.000000,618,-5.639626,PI,FIFO,true,PI_FIFO,364.907353
16.430018,-1,15,10003.243000,18.150000,358.166189,361.659941,360.000000,622,1.833811,PI,FIFO,true,PI_FIFO,361.536771
16.440015,-1,15,9996.761000,14.911000,357.045702,360.967805,360.000000,626,2.954298,PI,FIFO,true,PI_FIFO,359.291237
16.450018,-1,15,10003.132000,18.043000,354.945575,360.064470,360.000000,630,5.054425,PI,FIFO,true,PI_FIFO,357.118406
16.460018,-1,15,10000.076000,18.119000,354.346652,359.206798,360.000000,634,5.653348,PI,FIFO,true,PI_FIFO,355.732529
16.470019,-1,15,10000.428000,18.547000,353.606789,358.366796,360.000000,637,6.393211,PI,FIFO,true,PI_FIFO,354.669659
16.480018,-1,15,9999.503000,18.050000,355.113636,357.878822,360.000000,639,4.886364,PI,FIFO,true,PI_FIFO,354.891648
16.490018,-1,15,9999.742000,17.792000,360.923965,358.335594,360.000000,636,-0.923965,PI,FIFO,true,PI_FIFO,357.907807
16.500018,-1,15,9999.799000,17.591000,361.230734,358.769865,360.000000,634,-1.230734,PI,FIFO,true,PI_FIFO,359.569270
16.510018,-1,15,10000.613000,18.204000,362.168874,359.279716,360.000000,631,-2.168874,PI,FIFO,true,PI_FIFO,360.869072
16.520018,-1,15,9999.410000,17.614000,362.051340,359.695460,360.000000,630,-2.051340,PI,FIFO,true,PI_FIFO,361.460206
16.530018,-1,15,10000.354000,17.968000,364.583333,360.428641,360.000000,627,-4.583333,PI,FIFO,true,PI_FIFO,363.021770
16.540018,-1,15,9999.780000,17.748000,360.230548,360.398927,360.000000,628,-0.230548,PI,FIFO,true,PI_FIFO,361.626159
16.550019,-1,15,10001.039000,18.787000,362.248841,360.676414,360.000000,627,-2.248841,PI,FIFO,true,PI_FIFO,361.937500
16.560027,-1,15,10008.557000,27.344000,362.318841,360.922778,360.000000,625,-2.318841,PI,FIFO,true,PI_FIFO,362.128170
16.570028,-1,15,10000.762000,28.106000,366.975470,361.830682,360.000000,620,-6.975470,PI,FIFO,true,PI_FIFO,364.551820
16.580019,-1,15,9990.650000,18.756000,362.143892,361.877663,360.000000,621,-2.143892,PI,FIFO,true,PI_FIFO,363.347856
16.590018,-1,15,9999.632000,18.388000,362.248841,361.933340,360.000000,620,-2.248841,PI,FIFO,true,PI_FIFO,362.798348
16.600019,-1,15,10000.927000,19.315000,358.337315,361.393936,360.000000,623,1.662685,PI,FIFO,true,PI_FIFO,360.567832
16.610032,-1,15,10012.390000,31.705000,355.883948,360.567438,360.000000,627,4.116052,PI,FIFO,true,PI_FIFO,358.225890
16.620017,-1,15,9985.465000,17.170000,351.617440,359.224938,360.000000,634,8.382560,PI,FIFO,true,PI_FIFO,354.921665
16.630019,-1,15,10001.668000,18.838000,355.113636,358.608243,360.000000,636,4.886364,PI,FIFO,true,PI_FIFO,355.017651
16.640020,-1,15,10001.001000,19.839000,353.773585,357.883044,360.000000,639,6.226415,PI,FIFO,true,PI_FIFO,354.395618
16.650018,-1,15,9997.927000,17.766000,358.920368,358.038643,360.000000,637,1.079632,PI,FIFO,true,PI_FIFO,356.657993
16.660018,-1,15,10000.557000,18.323000,360.750361,358.445400,360.000000,635,-0.750361,PI,FIFO,true,PI_FIFO,358.704177
16.670018,-1,15,9999.353000,17.676000,365.259740,359.467551,360.000000,629,-5.259740,PI,FIFO,true,PI_FIFO,361.981958
16.680018,-1,15,9999.872000,17.548000,361.097737,359.712079,360.000000,629,-1.097737,PI,FIFO,true,PI_FIFO,361.539848
16.690017,-1,15,9999.594000,17.142000,362.168874,360.080599,360.000000,628,-2.168874,PI,FIFO,true,PI_FIFO,361.854361
16.700018,-1,15,10000.742000,17.884000,361.230734,360.253119,360.000000,628,-1.230734,PI,FIFO,true,PI_FIFO,361.542548
16.710018,-1,15,10000.094000,17.978000,363.372093,360.720965,360.000000,626,-3.372093,PI,FIFO,true,PI_FIFO,362.457320
16.720018,-1,15,9999.872000,17.850000,361.172262,360.788660,360.000000,626,-1.172262,PI,FIFO,true,PI_FIFO,361.814791
16.730018,-1,15,9999.779000,17.629000,364.702517,361.375738,360.000000,622,-4.702517,PI,FIFO,true,PI_FIFO,363.258654
16.740018,-1,15,10000.001000,17.630000,366.006693,362.070381,360.000000,619,-6.006693,PI,FIFO,true,PI_FIFO,364.632673
16.750018,-1,15,10000.390000,18.020000,362.875683,362.191177,360.000000,618,-2.875683,PI,FIFO,true,PI_FIFO,363.754178
16.760027,-1,15,10008.798000,26.818000,359.392114,361.771317,360.000000,621,0.607886,PI,FIFO,true,PI_FIFO,361.573146
16.770019,-1,15,9992.168000,18.986000,356.294537,360.949800,360.000000,625,3.705463,PI,FIFO,true,PI_FIFO,358.933841
16.780015,-1,15,9995.983000,14.969000,357.824427,360.480994,360.000000,626,2.175573,PI,FIFO,true,PI_FIFO,358.379134
16.790018,-1,15,10003.094000,18.063000,351.617440,359.151461,360.000000,633,8.382560,PI,FIFO,true,PI_FIFO,354.998287
16.800015,-1,15,9996.482000,14.545000,353.582974,358.316188,360.000000,636,6.417026,PI,FIFO,true,PI_FIFO,354.290631
16.810026,-1,15,10011.816000,26.361000,353.773585,357.634798,360.000000,639,6.226415,PI,FIFO,true,PI_FIFO,354.032108
16.820015,-1,15,9988.891000,15.252000,359.103677,357.855130,360.000000,637,0.896323,PI,FIFO,true,PI_FIFO,356.567893
16.830018,-1,15,10003.223000,18.475000,359.539789,358.107828,360.000000,636,0.460211,PI,FIFO,true,PI_FIFO,358.053841
16.840018,-1,15,9999.724000,18.199000,363.936335,358.982105,360.000000,631,-3.936335,PI,FIFO,true,PI_FIFO,360.995088
16.850018,-1,15,9999.964000,18.163000,362.844702,359.561494,360.000000,629,-2.844702,PI,FIFO,true,PI_FIFO,361.919895
16.860018,-1,15,10000.020000,18.183000,363.748060,360.189479,360.000000,627,-3.748060,PI,FIFO,true,PI_FIFO,362.833978
16.870025,-1,15,10007.131000,25.314000,360.057609,360.169699,360.000000,628,-0.057609,PI,FIFO,true,PI_FIFO,361.445793
16.880019,-1,15,9993.946000,19.260000,363.372093,360.650058,360.000000,626,-3.372093,PI,FIFO,true,PI_FIFO,362.408943
16.890029,-1,15,10009.482000,28.742000,361.371145,360.758221,360.000000,626,-1.371145,PI,FIFO,true,PI_FIFO,361.890044
16.900016,-1,15,9987.150000,15.892000,366.210938,361.576128,360.000000,621,-6.210938,PI,FIFO,true,PI_FIFO,364.050491
16.910019,-1,15,10003.538000,19.430000,363.559979,361.873706,360.000000,620,-3.559979,PI,FIFO,true,PI_FIFO,363.805235
16.920018,-1,15,9998.891000,18.321000,364.785992,362.310549,360.000000,617,-4.785992,PI,FIFO,true,PI_FIFO,364.295614
16.930018,-1,15,9999.519000,17.840000,358.802624,361.784360,360.000000,621,1.197376,PI,FIFO,true,PI_FIFO,361.549119
16.940018,-1,15,10000.409000,18.249000,356.125356,360.935510,360.000000,625,3.874644,PI,FIFO,true,PI_FIFO,358.837238
16.950019,-1,15,10000.501000,18.750000,353.329146,359.794555,360.000000,630,6.670854,PI,FIFO,true,PI_FIFO,356.083192
16.960035,-1,15,10015.983000,34.733000,353.440151,358.841394,360.000000,634,6.559849,PI,FIFO,true,PI_FIFO,354.761671
16.970037,-1,15,10001.909000,36.642000,352.254428,357.853350,360.000000,639,7.745572,PI,FIFO,true,PI_FIFO,353.508050
16.980020,-1,15,9983.446000,20.088000,355.498375,357.500103,360.000000,640,4.501625,PI,FIFO,true,PI_FIFO,354.503212
16.990019,-1,15,9998.520000,18.608000,362.051340,358.182789,360.000000,635,-2.051340,PI,FIFO,true,PI_FIFO,358.277276
17.000018,-1,15,9999.482000,18.090000,360.378913,358.512207,360.000000,634,-0.378913,PI,FIFO,true,PI_FIFO,359.328094
17.010018,-1,15,10000.002000,18.092000,363.196126,359.214795,360.000000,631,-3.196126,PI,FIFO,true,PI_FIFO,361.262110
17.020018,-1,15,9999.520000,17.612000,362.215909,359.664962,360.000000,629,-2.215909,PI,FIFO,true,PI_FIFO,361.739010
17.030019,-1,15,10001.260000,18.872000,365.395323,360.524516,360.000000,625,-5.395323,PI,FIFO,true,PI_FIFO,363.567166
17.040020,-1,15,10000.798000,19.670000,360.250904,360.483475,360.000000,627,-0.250904,PI,FIFO,true,PI_FIFO,361.909035
17.050016,-1,15,9996.816000,16.486000,362.368857,360.766282,360.000000,625,-2.368857,PI,FIFO,true,PI_FIFO,362.138946
17.060020,-1,15,10003.631000,20.117000,362.318841,360.999166,360.000000,624,-2.318841,PI,FIFO,true,PI_FIFO,362.228893
17.070016,-1,15,9995.594000,15.711000,366.975470,361.895611,360.000000,619,-6.975470,PI,FIFO,true,PI_FIFO,364.602182
17.080019,-1,15,10002.946000,18.657000,361.445783,361.828137,360.000000,620,-1.445783,PI,FIFO,true,PI_FIFO,363.023982
17.090019,-1,15,9999.871000,18.528000,361.689815,361.807389,360.000000,620,-1.689815,PI,FIFO,true,PI_FIFO,362.356899
17.100019,-1,15,10000.316000,18.844000,357.483317,361.158778,360.000000,624,2.516683,PI,FIFO,true,PI_FIFO,359.920108
17.110018,-1,15,9999.465000,18.309000,356.463878,360.454543,360.000000,627,3.536122,PI,FIFO,true,PI_FIFO,358.191993
17.120019,-1,15,10000.371000,18.680000,351.782364,359.153716,360.000000,633,8.217636,PI,FIFO,true,PI_FIFO,354.987179
17.130018,-1,15,9999.539000,18.219000,355.305901,358.576544,360.000000,635,4.694099,PI,FIFO,true,PI_FIFO,355.146540
17.140019,-1,15,10000.668000,18.887000,352.443609,357.656604,360.000000,640,7.556391,PI,FIFO,true,PI_FIFO,353.795075
17.150018,-1,15,9999.020000,17.907000,358.554309,357.791260,360.000000,638,1.445691,PI,FIFO,true,PI_FIFO,356.174692
17.160025,-1,15,10006.649000,24.556000,360.923965,358.261165,360.000000,635,-0.923965,PI,FIFO,true,PI_FIFO,358.549329
17.170020,-1,15,9995.464000,20.020000,365.259740,359.310952,360.000000,630,-5.259740,PI,FIFO,true,PI_FIFO,361.904534
17.180018,-1,15,9998.039000,18.059000,362.318841,359.762135,360.000000,628,-2.318841,PI,FIFO,true,PI_FIFO,362.111687
17.190018,-1,15,10000.186000,18.245000,363.372093,360.303629,360.000000,626,-3.372093,PI,FIFO,true,PI_FIFO,362.741890
17.200017,-1,15,9999.205000,17.450000,361.794501,360.527259,360.000000,626,-1.794501,PI,FIFO,true,PI_FIFO,362.268195
17.210018,-1,15,10000.372000,17.822000,362.318841,360.795997,360.000000,625,-2.318841,PI,FIFO,true,PI_FIFO,362.293518
17.220018,-1,15,10000.186000,18.008000,360.973597,360.822637,360.000000,625,-0.973597,PI,FIFO,true,PI_FIFO,361.633558
17.230018,-1,15,10000.465000,18.473000,363.206472,361.180212,360.000000,623,-3.206472,PI,FIFO,true,PI_FIFO,362.420015
17.240018,-1,15,9999.075000,17.548000,366.825042,362.026937,360.000000,618,-6.825042,PI,FIFO,true,PI_FIFO,364.622528
17.250018,-1,15,10000.316000,17.864000,362.710514,362.129473,360.000000,618,-2.710514,PI,FIFO,true,PI_FIFO,363.666521
17.260018,-1,15,10000.520000,18.384000,358.215066,361.542312,360.000000,622,1.784934,PI,FIFO,true,PI_FIFO,360.940793
17.270025,-1,15,10006.242000,24.626000,355.450237,360.628501,360.000000,626,4.549763,PI,FIFO,true,PI_FIFO,358.195515
17.280018,-1,15,9993.761000,18.387000,354.921579,359.772463,360.000000,630,5.078421,PI,FIFO,true,PI_FIFO,356.558547
17.290018,-1,15,9999.834000,18.221000,350.959289,358.450486,360.000000,636,9.040711,PI,FIFO,true,PI_FIFO,353.758918
17.300015,-1,15,9996.465000,14.686000,353.964401,357.777574,360.000000,639,6.035599,PI,FIFO,true,PI_FIFO,353.861660
17.310018,-1,15,10003.260000,17.946000,354.945575,357.352774,360.000000,640,5.054425,PI,FIFO,true,PI_FIFO,354.403617
17.320015,-1,15,9996.965000,14.911000,361.689815,358.003330,360.000000,636,-1.689815,PI,FIFO,true,PI_FIFO,358.046716
17.330018,-1,15,10002.982000,17.893000,360.403652,358.363378,360.000000,635,-0.403652,PI,FIFO,true,PI_FIFO,359.225184
17.340018,-1,15,10000.150000,18.043000,365.259740,359.397833,360.000000,630,-5.259740,PI,FIFO,true,PI_FIFO,362.242462
17.350018,-1,15,10000.038000,18.081000,363.196126,359.967577,360.000000,628,-3.196126,PI,FIFO,true,PI_FIFO,362.719294
17.360026,-1,15,10007.946000,26.027000,363.976705,360.568946,360.000000,625,-3.976705,PI,FIFO,true,PI_FIFO,363.348000
17.370019,-1,15,9993.390000,19.417000,360.903533,360.619134,360.000000,626,-0.903533,PI,FIFO,true,PI_FIFO,362.125766
17.380015,-1,15,9995.668000,15.085000,364.254492,361.164438,360.000000,624,-4.254492,PI,FIFO,true,PI_FIFO,363.190129
17.390019,-1,15,10003.650000,18.735000,361.875965,361.271167,360.000000,623,-1.875965,PI,FIFO,true,PI_FIFO,362.533047
17.400027,-1,15,10008.149000,26.884000,364.963504,361.825017,360.000000,620,-4.963504,PI,FIFO,true,PI_FIFO,363.748275
17.410021,-1,15,9993.742000,20.626000,362.168874,361.876596,360.000000,620,-2.168874,PI,FIFO,true,PI_FIFO,362.958575
17.420016,-1,15,9995.057000,15.683000,363.372093,362.100920,360.000000,618,-3.372093,PI,FIFO,true,PI_FIFO,363.165334
17.430026,-1,15,10010.576000,26.259000,358.606557,361.576766,360.000000,621,1.393443,PI,FIFO,true,PI_FIFO,360.885946
17.440020,-1,15,9993.371000,19.630000,355.787476,360.708373,360.000000,626,4.212524,PI,FIFO,true,PI_FIFO,358.336711
17.450018,-1,15,9998.483000,18.113000,353.392569,359.611002,360.000000,631,6.607431,PI,FIFO,true,PI_FIFO,355.864640
17.460019,-1,15,10000.724000,18.837000,353.773585,358.735389,360.000000,634,6.226415,PI,FIFO,true,PI_FIFO,354.819112
17.470018,-1,15,9999.575000,18.412000,352.443609,357.791622,360.000000,639,7.556391,PI,FIFO,true,PI_FIFO,353.631361
17.480018,-1,15,9999.501000,17.913000,356.294537,357.567060,360.000000,639,3.705463,PI,FIFO,true,PI_FIFO,354.962949
17.490018,-1,15,9999.817000,17.730000,363.372093,358.437815,360.000000,633,-3.372093,PI,FIFO,true,PI_FIFO,359.167521
17.500018,-1,15,10000.019000,17.749000,362.669246,359.072529,360.000000,630,-2.669246,PI,FIFO,true,PI_FIFO,360.918383
17.510018,-1,15,10000.224000,17.973000,362.996902,359.661185,360.000000,628,-2.996902,PI,FIFO,true,PI_FIFO,361.957643
17.520017,-1,15,9999.520000,17.493000,362.318841,360.059833,360.000000,627,-2.318841,PI,FIFO,true,PI_FIFO,362.138242
17.530018,-1,15,10000.242000,17.735000,363.020329,360.503908,360.000000,625,-3.020329,PI,FIFO,true,PI_FIFO,362.579285
17.540018,-1,15,10000.297000,18.032000,359.470859,360.348950,360.000000,627,0.529141,PI,FIFO,true,PI_FIFO,361.025072
17.550019,-1,15,10000.724000,18.756000,361.969112,360.591975,360.000000,626,-1.969112,PI,FIFO,true,PI_FIFO,361.497092
17.560025,-1,15,10005.946000,24.702000,362.248841,360.840505,360.000000,624,-2.248841,PI,FIFO,true,PI_FIFO,361.872966
17.570020,-1,15,9994.909000,19.611000,366.927593,361.753568,360.000000,619,-6.927593,PI,FIFO,true,PI_FIFO,364.400280
17.580018,-1,15,9998.871000,18.482000,361.875965,361.771927,360.000000,620,-1.875965,PI,FIFO,true,PI_FIFO,363.138122
17.590029,-1,15,10010.538000,29.020000,362.143892,361.827722,360.000000,619,-2.143892,PI,FIFO,true,PI_FIFO,362.641007
17.600019,-1,15,9990.186000,19.206000,357.240065,361.139574,360.000000,623,2.759935,PI,FIFO,true,PI_FIFO,359.940536
17.610019,-1,15,9999.464000,18.670000,356.633381,360.463645,360.000000,626,3.366619,PI,FIFO,true,PI_FIFO,358.286959
17.620015,-1,15,9996.056000,14.726000,352.443609,359.260639,360.000000,632,7.556391,PI,FIFO,true,PI_FIFO,355.365284
17.630018,-1,15,10003.445000,18.171000,356.125356,358.790347,360.000000,633,3.874644,PI,FIFO,true,PI_FIFO,355.745320
17.640018,-1,15,10000.185000,18.356000,354.155424,358.095108,360.000000,636,5.844576,PI,FIFO,true,PI_FIFO,354.950372
17.650018,-1,15,9999.464000,17.820000,359.023456,358.234361,360.000000,635,0.976544,PI,FIFO,true,PI_FIFO,356.986914
17.660036,-1,15,10018.260000,36.080000,359.470859,358.419835,360.000000,634,0.529141,PI,FIFO,true,PI_FIFO,358.228886
17.670038,-1,15,10001.759000,37.839000,363.548231,359.189095,360.000000,630,-3.548231,PI,FIFO,true,PI_FIFO,360.888559
17.680017,-1,15,9979.038000,16.877000,361.689815,359.564203,360.000000,629,-1.689815,PI,FIFO,true,PI_FIFO,361.289187
17.690021,-1,15,10003.815000,20.692000,362.844702,360.056278,360.000000,627,-2.844702,PI,FIFO,true,PI_FIFO,362.066945
17.700019,-1,15,9998.612000,19.304000,361.132512,360.217713,360.000000,627,-1.132512,PI,FIFO,true,PI_FIFO,361.599728
17.710020,-1,15,10000.797000,20.101000,361.445783,360.401923,360.000000,626,-1.445783,PI,FIFO,true,PI_FIFO,361.522756
17.720019,-1,15,9999.167000,19.268000,359.392114,360.250452,360.000000,628,0.607886,PI,FIFO,true,PI_FIFO,360.457435
17.730019,-1,15,10000.000000,19.268000,363.869863,360.793364,360.000000,624,-3.869863,PI,FIFO,true,PI_FIFO,362.163649
17.740018,-1,15,9999.131000,18.399000,365.802676,361.544760,360.000000,620,-5.802676,PI,FIFO,true,PI_FIFO,363.983162
17.750019,-1,15,10000.296000,18.695000,363.537865,361.843726,360.000000,619,-3.537865,PI,FIFO,true,PI_FIFO,363.760514
17.760034,-1,15,10015.631000,34.326000,360.378913,361.624004,360.000000,620,-0.378913,PI,FIFO,true,PI_FIFO,362.069713
17.770020,-1,15,9985.519000,19.845000,357.142857,360.951832,360.000000,624,2.857143,PI,FIFO,true,PI_FIFO,359.606285
17.780018,-1,15,9998.111000,17.956000,356.373543,360.265089,360.000000,627,3.626457,PI,FIFO,true,PI_FIFO,357.989914
17.790018,-1,15,10000.334000,18.290000,351.914414,359.012487,360.000000,633,8.085586,PI,FIFO,true,PI_FIFO,354.952164
17.800018,-1,15,9999.704000,17.994000,354.219144,358.293486,360.000000,636,5.780856,PI,FIFO,true,PI_FIFO,354.585654
17.810019,-1,15,10001.112000,19.106000,354.945575,357.791299,360.000000,638,5.054425,PI,FIFO,true,PI_FIFO,354.765614
17.820015,-1,15,9996.019000,15.125000,361.172262,358.298444,360.000000,634,-1.172262,PI,FIFO,true,PI_FIFO,357.968938
17.830018,-1,15,10002.963000,18.088000,359.884837,358.536403,360.000000,633,0.115163,PI,FIFO,true,PI_FIFO,358.926888
17.840015,-1,15,9997.205000,15.293000,363.936335,359.346393,360.000000,629,-3.936335,PI,FIFO,true,PI_FIFO,361.431611
17.850018,-1,15,10003.093000,18.386000,360.750361,359.556988,360.000000,629,-0.750361,PI,FIFO,true,PI_FIFO,361.090986
17.860015,-1,15,9996.260000,14.646000,362.809598,360.044879,360.000000,627,-2.809598,PI,FIFO,true,PI_FIFO,361.950292
17.870018,-1,15,10003.296000,17.942000,359.367513,359.943274,360.000000,629,0.632487,PI,FIFO,true,PI_FIFO,360.658902
17.880015,-1,15,9996.760000,14.702000,363.774945,360.518025,360.000000,626,-3.774945,PI,FIFO,true,PI_FIFO,362.216924
17.890018,-1,15,10003.482000,18.184000,361.886921,360.723359,360.000000,625,-1.886921,PI,FIFO,true,PI_FIFO,362.051922
17.900018,-1,15,9999.964000,18.148000,365.802676,361.485257,360.000000,621,-5.802676,PI,FIFO,true,PI_FIFO,363.927299
17.910018,-1,15,10000.315000,18.463000,362.545496,361.644293,360.000000,621,-2.545496,PI,FIFO,true,PI_FIFO,363.236397
17.920018,-1,15,9999.741000,18.204000,365.191987,362.176447,360.000000,617,-5.191987,PI,FIFO,true,PI_FIFO,364.214192
17.930018,-1,15,10000.093000,18.297000,358.166189,361.574908,360.000000,621,1.833811,PI,FIFO,true,PI_FIFO,361.190191
17.940018,-1,15,9999.538000,17.835000,356.803045,360.859129,360.000000,625,3.196955,PI,FIFO,true,PI_FIFO,358.996618
17.950019,-1,15,10001.223000,19.058000,354.397681,359.889912,360.000000,629,5.602319,PI,FIFO,true,PI_FIFO,356.697150
17.960032,-1,15,10013.259000,32.317000,353.202368,358.886780,360.000000,634,6.797632,PI,FIFO,true,PI_FIFO,354.949759
17.970019,-1,15,9987.001000,19.318000,352.775165,357.970038,360.000000,638,7.224835,PI,FIFO,true,PI_FIFO,353.862462
17.980015,-1,15,9995.760000,15.078000,354.921579,357.512769,360.000000,639,5.078421,PI,FIFO,true,PI_FIFO,354.392020
17.990018,-1,15,10002.926000,18.004000,361.445783,358.102721,360.000000,635,-1.445783,PI,FIFO,true,PI_FIFO,357.918902
18.000018,-1,15,9999.982000,17.986000,361.722651,358.645711,360.000000,633,-1.722651,PI,FIFO,true,PI_FIFO,359.820776
18.010018,-1,15,10000.130000,18.116000,362.368857,359.204183,360.000000,631,-2.368857,PI,FIFO,true,PI_FIFO,361.094817
18.020018,-1,15,9999.797000,17.913000,363.372093,359.829369,360.000000,628,-3.372093,PI,FIFO,true,PI_FIFO,362.233455
18.030019,-1,15,10000.778000,18.691000,365.259740,360.643925,360.000000,624,-5.259740,PI,FIFO,true,PI_FIFO,363.746598
18.040019,-1,15,10000.297000,18.988000,360.403652,360.607884,360.000000,626,-0.403652,PI,FIFO,true,PI_FIFO,362.075125
18.050019,-1,15,9999.538000,18.526000,362.809598,360.938141,360.000000,624,-2.809598,PI,FIFO,true,PI_FIFO,362.442361
18.060019,-1,15,10000.408000,18.934000,362.844702,361.224125,360.000000,623,-2.844702,PI,FIFO,true,PI_FIFO,362.643532
18.070018,-1,15,9998.871000,17.805000,366.210938,361.972147,360.000000,619,-6.210938,PI,FIFO,true,PI_FIFO,364.427235
18.080018,-1,15,10000.185000,17.990000,362.844702,362.103030,360.000000,618,-2.844702,PI,FIFO,true,PI_FIFO,363.635969
18.090018,-1,15,9999.945000,17.935000,362.996902,362.237111,360.000000,617,-2.996902,PI,FIFO,true,PI_FIFO,363.316435
18.100018,-1,15,9999.778000,17.713000,356.803045,361.422001,360.000000,622,3.196955,PI,FIFO,true,PI_FIFO,360.059740
18.110018,-1,15,9999.853000,17.566000,354.538088,360.389414,360.000000,627,5.461912,PI,FIFO,true,PI_FIFO,357.298914
18.120018,-1,15,10000.334000,17.900000,350.795136,358.950272,360.000000,634,9.204864,PI,FIFO,true,PI_FIFO,354.047025
18.130018,-1,15,10000.056000,17.956000,354.538088,358.288445,360.000000,636,5.461912,PI,FIFO,true,PI_FIFO,354.292556
18.140018,-1,15,9999.982000,17.938000,353.606789,357.586196,360.000000,639,6.393211,PI,FIFO,true,PI_FIFO,353.949673
18.150019,-1,15,10000.630000,18.568000,358.802624,357.768661,360.000000,637,1.197376,PI,FIFO,true,PI_FIFO,356.376149
18.160026,-1,15,10007.315000,25.883000,360.088116,358.116579,360.000000,635,-0.088116,PI,FIFO,true,PI_FIFO,358.232132
18.170019,-1,15,9993.056000,18.939000,363.901019,358.984245,360.000000,631,-3.901019,PI,FIFO,true,PI_FIFO,361.066576
18.180015,-1,15,9996.279000,15.218000,361.969112,359.431975,360.000000,629,-1.969112,PI,FIFO,true,PI_FIFO,361.517844
18.190018,-1,15,10002.852000,18.070000,362.875683,359.948531,360.000000,628,-2.875683,PI,FIFO,true,PI_FIFO,362.196763
18.200018,-1,15,10000.038000,18.108000,361.371145,360.161923,360.000000,627,-1.371145,PI,FIFO,true,PI_FIFO,361.783954
18.210018,-1,15,9999.704000,17.812000,362.493958,360.511729,360.000000,626,-2.493958,PI,FIFO,true,PI_FIFO,362.138956
18.220018,-1,15,10000.056000,17.868000,361.132512,360.604846,360.000000,626,-1.132512,PI,FIFO,true,PI_FIFO,361.635734
18.230018,-1,15,10000.037000,17.905000,363.548231,361.046354,360.000000,624,-3.548231,PI,FIFO,true,PI_FIFO,362.591982
18.240014,-1,15,9996.519000,14.424000,366.210938,361.821041,360.000000,619,-6.210938,PI,FIFO,true,PI_FIFO,364.401460
18.250018,-1,15,10003.612000,18.036000,362.844702,361.974590,360.000000,619,-2.844702,PI,FIFO,true,PI_FIFO,363.623081
18.260015,-1,15,9996.501000,14.537000,360.947125,361.820471,360.000000,620,-0.947125,PI,FIFO,true,PI_FIFO,362.285103
18.270020,-1,15,10005.482000,20.019000,357.995227,361.246684,360.000000,623,2.004773,PI,FIFO,true,PI_FIFO,360.140165
18.280014,-1,15,9994.315000,14.334000,357.629428,360.704096,360.000000,625,2.370572,PI,FIFO,true,PI_FIFO,358.884796
18.290029,-1,15,10014.778000,29.112000,351.617440,359.341097,360.000000,632,8.382560,PI,FIFO,true,PI_FIFO,355.251118
18.300016,-1,15,9987.056000,16.168000,354.934377,358.680089,360.000000,634,5.065623,PI,FIFO,true,PI_FIFO,355.092747
18.310019,-1,15,10003.204000,19.372000,354.219144,358.010947,360.000000,637,5.780856,PI,FIFO,true,PI_FIFO,354.655946
18.320019,-1,15,9999.168000,18.540000,359.838792,358.285124,360.000000,635,0.161208,PI,FIFO,true,PI_FIFO,357.247369
18.330018,-1,15,9999.537000,18.077000,359.023456,358.395874,360.000000,634,0.976544,PI,FIFO,true,PI_FIFO,358.135413
18.340015,-1,15,9996.575000,14.652000,362.996902,359.086028,360.000000,630,-2.996902,PI,FIFO,true,PI_FIFO,360.566157
18.350033,-1,15,10018.037000,32.689000,361.794501,359.492299,360.000000,629,-1.794501,PI,FIFO,true,PI_FIFO,361.180329
18.360036,-1,15,10003.371000,36.060000,362.435567,359.933789,360.000000,627,-2.435567,PI,FIFO,true,PI_FIFO,361.807948
18.370039,-1,15,10002.593000,38.653000,358.006619,359.644714,360.000000,630,1.993381,PI,FIFO,true,PI_FIFO,359.907284
18.380016,-1,15,9977.742000,16.395000,362.318841,360.045833,360.000000,628,-2.318841,PI,FIFO,true,PI_FIFO,361.113062
18.390019,-1,15,10002.963000,19.358000,361.445783,360.255825,360.000000,627,-1.445783,PI,FIFO,true,PI_FIFO,361.279423
18.400019,-1,15,9999.427000,18.785000,366.020302,361.120497,360.000000,622,-6.020302,PI,FIFO,true,PI_FIFO,363.649862
18.410021,-1,15,10002.222000,21.007000,364.077670,361.564073,360.000000,621,-4.077670,PI,FIFO,true,PI_FIFO,363.863766
18.420018,-1,15,9997.075000,18.082000,365.070093,362.089976,360.000000,618,-5.070093,PI,FIFO,true,PI_FIFO,364.466930
18.430019,-1,15,10000.630000,18.712000,358.166189,361.501408,360.000000,622,1.833811,PI,FIFO,true,PI_FIFO,361.316559
18.440015,-1,15,9996.501000,15.213000,355.691057,360.629855,360.000000,626,4.308943,PI,FIFO,true,PI_FIFO,358.503808
18.450019,-1,15,10003.407000,18.620000,354.609929,359.726866,360.000000,630,5.390071,PI,FIFO,true,PI_FIFO,356.556869
18.460018,-1,15,9999.316000,17.936000,353.582974,358.805282,360.000000,635,6.417026,PI,FIFO,true,PI_FIFO,355.069921
18.470018,-1,15,10000.389000,18.325000,354.274917,358.125728,360.000000,637,5.725083,PI,FIFO,true,PI_FIFO,354.672419
18.480015,-1,15,9996.741000,15.066000,355.832490,357.781742,360.000000,638,4.167510,PI,FIFO,true,PI_FIFO,355.252455
18.490018,-1,15,10003.057000,18.123000,361.097737,358.279141,360.000000,635,-1.097737,PI,FIFO,true,PI_FIFO,358.175096
18.500015,-1,15,9996.519000,14.642000,360.775151,358.653543,360.000000,634,-0.775151,PI,FIFO,true,PI_FIFO,359.475124
18.510018,-1,15,10003.241000,17.883000,363.372093,359.361325,360.000000,630,-3.372093,PI,FIFO,true,PI_FIFO,361.423608
18.520015,-1,15,9997.186000,15.069000,362.769486,359.872549,360.000000,628,-2.769486,PI,FIFO,true,PI_FIFO,362.096547
18.530018,-1,15,10002.722000,17.791000,364.431487,360.556390,360.000000,625,-4.431487,PI,FIFO,true,PI_FIFO,363.264017
18.540018,-1,15,10000.167000,17.958000,360.947125,360.615000,360.000000,626,-0.947125,PI,FIFO,true,PI_FIFO,362.105571
18.550018,-1,15,9999.797000,17.755000,362.318841,360.870576,360.000000,625,-2.318841,PI,FIFO,true,PI_FIFO,362.212206
18.560028,-1,15,10010.649000,28.404000,362.996902,361.189525,360.000000,623,-2.996902,PI,FIFO,true,PI_FIFO,362.604554
18.570020,-1,15,9991.537000,19.941000,365.853659,361.889145,360.000000,619,-5.853659,PI,FIFO,true,PI_FIFO,364.229106
18.580024,-1,15,10003.575000,23.516000,361.318088,361.803487,360.000000,620,-1.318088,PI,FIFO,true,PI_FIFO,362.773597
18.590020,-1,15,9996.075000,19.591000,362.143892,361.854547,360.000000,620,-2.143892,PI,FIFO,true,PI_FIFO,362.458745
18.600018,-1,15,9998.370000,17.961000,357.483317,361.198863,360.000000,623,2.516683,PI,FIFO,true,PI_FIFO,359.971031
18.610018,-1,15,10000.333000,18.294000,356.012658,360.420932,360.000000,627,3.987342,PI,FIFO,true,PI_FIFO,357.991845
18.620018,-1,15,9999.388000,17.682000,350.860778,358.986909,360.000000,634,9.139222,PI,FIFO,true,PI_FIFO,354.426312
18.630017,-1,15,9999.352000,17.034000,354.346652,358.290871,360.000000,637,5.653348,PI,FIFO,true,PI_FIFO,354.386482
18.640018,-1,15,10001.407000,18.441000,353.107345,357.513342,360.000000,640,6.892655,PI,FIFO,true,PI_FIFO,353.746913
18.650018,-1,15,9999.277000,17.718000,358.737245,357.696927,360.000000,638,1.262755,PI,FIFO,true,PI_FIFO,356.242079
18.660024,-1,15,10006.278000,23.996000,361.097737,358.207049,360.000000,635,-1.097737,PI,FIFO,true,PI_FIFO,358.669908
18.670026,-1,15,10001.833000,25.829000,365.259740,359.264952,360.000000,630,-5.259740,PI,FIFO,true,PI_FIFO,361.964824
18.680020,-1,15,9994.037000,19.866000,362.318841,359.723036,360.000000,629,-2.318841,PI,FIFO,true,PI_FIFO,362.141832
18.690018,-1,15,9998.407000,18.273000,362.168874,360.089911,360.000000,628,-2.168874,PI,FIFO,true,PI_FIFO,362.155353
18.700018,-1,15,9999.351000,17.624000,361.394558,360.285608,360.000000,628,-1.394558,PI,FIFO,true,PI_FIFO,361.774956
18.710018,-1,15,10000.241000,17.865000,362.569061,360.628126,360.000000,626,-2.569061,PI,FIFO,true,PI_FIFO,362.172008
18.720018,-1,15,9999.944000,17.809000,362.143892,360.855491,360.000000,625,-2.143892,PI,FIFO,true,PI_FIFO,362.157950
18.730017,-1,15,9999.296000,17.105000,363.748060,361.289376,360.000000,623,-3.748060,PI,FIFO,true,PI_FIFO,362.953005
18.740018,-1,15,10000.574000,17.679000,366.389839,362.054446,360.000000,619,-6.389839,PI,FIFO,true,PI_FIFO,364.671422
18.750018,-1,15,10000.407000,18.086000,364.036090,362.351692,360.000000,617,-4.036090,PI,FIFO,true,PI_FIFO,364.353756
18.760026,-1,15,10008.074000,26.160000,358.802624,361.819332,360.000000,620,1.197376,PI,FIFO,true,PI_FIFO,361.578190
18.770019,-1,15,9992.999000,19.159000,357.142857,361.117861,360.000000,624,2.857143,PI,FIFO,true,PI_FIFO,359.360524
18.780018,-1,15,9998.574000,17.733000,356.193009,360.379133,360.000000,627,3.806991,PI,FIFO,true,PI_FIFO,357.776766
18.790018,-1,15,10000.241000,17.974000,352.267034,359.162318,360.000000,633,7.732966,PI,FIFO,true,PI_FIFO,355.021900
18.800018,-1,15,9999.833000,17.807000,354.397681,358.447623,360.000000,635,5.602319,PI,FIFO,true,PI_FIFO,354.709791
18.810018,-1,15,9999.870000,17.677000,354.609929,357.871969,360.000000,638,5.390071,PI,FIFO,true,PI_FIFO,354.659860
18.820015,-1,15,9996.907000,14.584000,360.775151,358.307446,360.000000,634,-0.775151,PI,FIFO,true,PI_FIFO,357.717506
18.830018,-1,15,10003.185000,17.769000,360.230548,358.595911,360.000000,633,-0.230548,PI,FIFO,true,PI_FIFO,358.974027
18.840014,-1,15,9996.555000,14.324000,362.996902,359.256060,360.000000,630,-2.996902,PI,FIFO,true,PI_FIFO,360.985464
18.850018,-1,15,10003.444000,17.768000,362.318841,359.715477,360.000000,628,-2.318841,PI,FIFO,true,PI_FIFO,361.652153
18.860015,-1,15,9997.018000,14.786000,363.748060,360.320364,360.000000,626,-3.748060,PI,FIFO,true,PI_FIFO,362.700106
18.870018,-1,15,10003.370000,18.156000,359.539789,360.203278,360.000000,627,0.460211,PI,FIFO,true,PI_FIFO,361.119948
18.880023,-1,15,10005.167000,23.323000,363.372093,360.678600,360.000000,625,-3.372093,PI,FIFO,true,PI_FIFO,362.246020
18.890026,-1,15,10002.796000,26.119000,360.903533,360.712340,360.000000,625,-0.903533,PI,FIFO,true,PI_FIFO,361.574776
18.900020,-1,15,9993.518000,19.637000,366.006693,361.506493,360.000000,621,-6.006693,PI,FIFO,true,PI_FIFO,363.790735
18.910018,-1,15,9998.574000,18.211000,363.206472,361.761490,360.000000,620,-3.206472,PI,FIFO,true,PI_FIFO,363.498603
18.920018,-1,15,9999.759000,17.970000,364.963504,362.241792,360.000000,617,-4.963504,PI,FIFO,true,PI_FIFO,364.231054
18.930019,-1,15,10000.611000,18.581000,359.195402,361.784834,360.000000,620,0.804598,PI,FIFO,true,PI_FIFO,361.713228
18.940018,-1,15,9999.296000,17.877000,355.618777,360.859925,360.000000,624,4.381223,PI,FIFO,true,PI_FIFO,358.666002
18.950020,-1,15,10002.055000,19.932000,353.392569,359.739822,360.000000,630,6.607431,PI,FIFO,true,PI_FIFO,356.029285
18.960033,-1,15,10013.426000,33.358000,353.695073,358.833109,360.000000,633,6.304927,PI,FIFO,true,PI_FIFO,354.862179
18.970027,-1,15,9993.499000,26.857000,352.822581,357.931530,360.000000,637,7.177419,PI,FIFO,true,PI_FIFO,353.842380
18.980016,-1,15,9989.481000,16.338000,357.142857,357.813229,360.000000,637,2.857143,PI,FIFO,true,PI_FIFO,355.492619
18.990030,-1,15,10013.296000,29.634000,361.570248,358.376782,360.000000,633,-1.570248,PI,FIFO,true,PI_FIFO,358.531433
19.000020,-1,15,9990.093000,19.727000,361.722651,358.878662,360.000000,631,-1.722651,PI,FIFO,true,PI_FIFO,360.127042
19.010019,-1,15,9999.111000,18.838000,362.168874,359.372194,360.000000,629,-2.168874,PI,FIFO,true,PI_FIFO,361.147958
19.020018,-1,15,9999.573000,18.411000,361.794501,359.735540,360.000000,628,-1.794501,PI,FIFO,true,PI_FIFO,361.471229
19.030018,-1,15,9999.796000,18.207000,362.996902,360.224744,360.000000,626,-2.996902,PI,FIFO,true,PI_FIFO,362.234066
19.040019,-1,15,10000.648000,18.855000,359.539789,360.122001,360.000000,628,0.460211,PI,FIFO,true,PI_FIFO,360.886927
19.050018,-1,15,9999.389000,18.244000,362.809598,360.525141,360.000000,625,-2.809598,PI,FIFO,true,PI_FIFO,361.848263
19.060027,-1,15,10008.888000,27.132000,362.493958,360.820463,360.000000,624,-2.493958,PI,FIFO,true,PI_FIFO,362.171110
19.070037,-1,15,10010.241000,37.373000,366.592805,361.686315,360.000000,619,-6.592805,PI,FIFO,true,PI_FIFO,364.381958
19.080020,-1,15,9982.296000,19.669000,362.143892,361.754951,360.000000,619,-2.143892,PI,FIFO,true,PI_FIFO,363.262925
19.090018,-1,15,9998.592000,18.261000,362.435567,361.857043,360.000000,619,-2.435567,PI,FIFO,true,PI_FIFO,362.849246
19.100018,-1,15,9999.555000,17.816000,357.483317,361.200985,360.000000,623,2.516683,PI,FIFO,true,PI_FIFO,360.166282
19.110020,-1,15,10002.334000,20.150000,356.270358,360.461391,360.000000,626,3.729642,PI,FIFO,true,PI_FIFO,358.218320
19.120018,-1,15,9997.981000,18.131000,351.947443,359.184298,360.000000,632,8.052557,PI,FIFO,true,PI_FIFO,355.082881
19.130026,-1,15,10008.018000,26.149000,356.270358,358.747207,360.000000,633,3.729642,PI,FIFO,true,PI_FIFO,355.676620
19.140020,-1,15,9993.463000,19.612000,353.107345,357.901228,360.000000,638,6.892655,PI,FIFO,true,PI_FIFO,354.391982
19.150018,-1,15,9998.259000,17.871000,358.371560,357.971778,360.000000,636,1.628440,PI,FIFO,true,PI_FIFO,356.381771
19.160028,-1,15,10009.999000,27.870000,360.923965,358.414606,360.000000,634,-0.923965,PI,FIFO,true,PI_FIFO,358.652868
19.170020,-1,15,9991.648000,19.518000,364.313472,359.299436,360.000000,629,-4.313472,PI,FIFO,true,PI_FIFO,361.483170
19.180019,-1,15,9999.092000,18.610000,362.669246,359.804907,360.000000,627,-2.669246,PI,FIFO,true,PI_FIFO,362.076208
19.190020,-1,15,10000.908000,19.518000,364.178690,360.460975,360.000000,625,-4.178690,PI,FIFO,true,PI_FIFO,363.127449
19.200018,-1,15,9998.536000,18.054000,362.545496,360.773653,360.000000,624,-2.545496,PI,FIFO,true,PI_FIFO,362.836472
19.210019,-1,15,10001.296000,19.350000,361.969112,360.952972,360.000000,623,-1.969112,PI,FIFO,true,PI_FIFO,362.402792
19.220019,-1,15,9999.333000,18.683000,360.903533,360.945556,360.000000,624,-0.903533,PI,FIFO,true,PI_FIFO,361.653162
19.230034,-1,15,10015.019000,33.702000,363.774945,361.369964,360.000000,621,-3.774945,PI,FIFO,true,PI_FIFO,362.714053
19.240020,-1,15,9986.222000,19.924000,365.371389,361.970178,360.000000,618,-5.371389,PI,FIFO,true,PI_FIFO,364.042721
19.250019,-1,15,9999.055000,18.979000,361.570248,361.910188,360.000000,618,-1.570248,PI,FIFO,true,PI_FIFO,362.806485
19.260023,-1,15,10004.314000,23.293000,359.539789,361.554629,360.000000,620,0.460211,PI,FIFO,true,PI_FIFO,361.173137
19.270020,-1,15,9996.444000,19.737000,355.281857,360.613713,360.000000,625,4.718143,PI,FIFO,true,PI_FIFO,358.227497
19.280018,-1,15,9998.334000,18.071000,353.862607,359.601047,360.000000,630,6.137393,PI,FIFO,true,PI_FIFO,356.045052
19.290017,-1,15,9999.425000,17.496000,350.685786,358.263758,360.000000,636,9.314214,PI,FIFO,true,PI_FIFO,353.365419
19.300018,-1,15,10000.241000,17.737000,354.155424,357.647508,360.000000,638,5.844576,PI,FIFO,true,PI_FIFO,353.760421
19.310018,-1,15,10000.092000,17.829000,355.113636,357.267427,360.000000,639,4.886364,PI,FIFO,true,PI_FIFO,354.437029
19.320018,-1,15,9999.740000,17.569000,361.318088,357.875026,360.000000,635,-1.318088,PI,FIFO,true,PI_FIFO,357.877559
19.330017,-1,15,9999.704000,17.273000,360.403652,358.254320,360.000000,634,-0.403652,PI,FIFO,true,PI_FIFO,359.140605
19.340018,-1,15,10000.240000,17.513000,363.748060,359.078381,360.000000,630,-3.748060,PI,FIFO,true,PI_FIFO,361.444333
19.350017,-1,15,9999.981000,17.494000,362.493958,359.590718,360.000000,629,-2.493958,PI,FIFO,true,PI_FIFO,361.969146
19.360029,-1,15,10011.259000,28.753000,363.748060,360.214319,360.000000,626,-3.748060,PI,FIFO,true,PI_FIFO,362.858603
19.370026,-1,15,9997.241000,25.994000,360.230548,360.216753,360.000000,627,-0.230548,PI,FIFO,true,PI_FIFO,361.544575
19.380016,-1,15,9989.870000,15.864000,363.559979,360.718237,360.000000,625,-3.559979,PI,FIFO,true,PI_FIFO,362.552277
19.390019,-1,15,10002.981000,18.845000,361.097737,360.775162,360.000000,625,-1.097737,PI,FIFO,true,PI_FIFO,361.825007
19.400015,-1,15,9996.018000,14.863000,365.395323,361.468186,360.000000,621,-5.395323,PI,FIFO,true,PI_FIFO,363.610165
19.410018,-1,15,10003.222000,18.085000,363.206472,361.728929,360.000000,620,-3.206472,PI,FIFO,true,PI_FIFO,363.408319
19.420018,-1,15,9999.722000,17.807000,364.785992,362.187489,360.000000,618,-4.785992,PI,FIFO,true,PI_FIFO,364.097155
19.430016,-1,15,9998.500000,16.307000,359.195402,361.738676,360.000000,620,0.804598,PI,FIFO,true,PI_FIFO,361.646279
19.440019,-1,15,10002.444000,18.751000,357.460600,361.096964,360.000000,623,2.539400,PI,FIFO,true,PI_FIFO,359.553439
19.450019,-1,15,10000.037000,18.788000,353.773585,359.998457,360.000000,629,6.226415,PI,FIFO,true,PI_FIFO,356.663512
19.460015,-1,15,9996.296000,15.084000,354.219144,359.131560,360.000000,632,5.780856,PI,FIFO,true,PI_FIFO,355.441328
19.470019,-1,15,10003.444000,18.528000,352.443609,358.128368,360.000000,637,7.556391,PI,FIFO,true,PI_FIFO,353.942468
19.480019,-1,15,9999.981000,18.509000,356.125356,357.827916,360.000000,638,3.874644,PI,FIFO,true,PI_FIFO,355.033912
19.490018,-1,15,9999.722000,18.231000,360.973597,358.299768,360.000000,634,-0.973597,PI,FIFO,true,PI_FIFO,358.003755
19.500018,-1,15,9999.889000,18.120000,361.097737,358.719463,360.000000,632,-1.097737,PI,FIFO,true,PI_FIFO,359.550746
19.510018,-1,15,10000.036000,18.156000,362.996902,359.361079,360.000000,629,-2.996902,PI,FIFO,true,PI_FIFO,361.273824
19.520018,-1,15,10000.333000,18.489000,360.750361,359.569472,360.000000,629,-0.750361,PI,FIFO,true,PI_FIFO,361.012092
19.530018,-1,15,9999.519000,18.008000,362.996902,360.083586,360.000000,627,-2.996902,PI,FIFO,true,PI_FIFO,362.004497
19.540018,-1,15,10000.481000,18.489000,358.508604,359.847339,360.000000,629,1.491396,PI,FIFO,true,PI_FIFO,360.256551
19.550018,-1,15,9999.463000,17.952000,361.969112,360.165605,360.000000,628,-1.969112,PI,FIFO,true,PI_FIFO,361.112831
19.560026,-1,15,10008.184000,26.136000,363.041002,360.596914,360.000000,625,-3.041002,PI,FIFO,true,PI_FIFO,362.076917
19.570019,-1,15,9993.093000,19.229000,366.825042,361.531134,360.000000,620,-6.825042,PI,FIFO,true,PI_FIFO,364.450979
19.580018,-1,15,9998.759000,17.988000,362.875683,361.732816,360.000000,620,-2.875683,PI,FIFO,true,PI_FIFO,363.663331
19.590018,-1,15,10000.259000,18.247000,363.573407,362.008905,360.000000,618,-3.573407,PI,FIFO,true,PI_FIFO,363.618369
19.600017,-1,15,9999.239000,17.486000,357.483317,361.330067,360.000000,623,2.516683,PI,FIFO,true,PI_FIFO,360.550843
19.610018,-1,15,10000.851000,18.337000,356.633381,360.625564,360.000000,626,3.366619,PI,FIFO,true,PI_FIFO,358.592112
19.620018,-1,15,9999.591000,17.928000,351.123596,359.200269,360.000000,633,8.876404,PI,FIFO,true,PI_FIFO,354.857854
19.630018,-1,15,9999.814000,17.742000,356.125356,358.739032,360.000000,634,3.874644,PI,FIFO,true,PI_FIFO,355.491605
19.640018,-1,15,9999.795000,17.537000,353.862607,358.007568,360.000000,638,6.137393,PI,FIFO,true,PI_FIFO,354.677106
19.650018,-1,15,10000.092000,17.629000,358.851675,358.134184,360.000000,636,1.148325,PI,FIFO,true,PI_FIFO,356.764390
19.660018,-1,15,10000.610000,18.239000,360.973597,358.560096,360.000000,633,-0.973597,PI,FIFO,true,PI_FIFO,358.868994
19.670018,-1,15,9999.721000,17.960000,363.537865,359.306761,360.000000,630,-3.537865,PI,FIFO,true,PI_FIFO,361.203429
19.680018,-1,15,9999.740000,17.700000,361.969112,359.706114,360.000000,628,-1.969112,PI,FIFO,true,PI_FIFO,361.586271
19.690029,-1,15,10011.406000,29.106000,362.669246,360.150584,360.000000,627,-2.669246,PI,FIFO,true,PI_FIFO,362.127758
19.700016,-1,15,9986.777000,15.883000,362.062307,360.437342,360.000000,626,-2.062307,PI,FIFO,true,PI_FIFO,362.095033
19.710019,-1,15,10002.850000,18.733000,361.445783,360.588608,360.000000,626,-1.445783,PI,FIFO,true,PI_FIFO,361.770408
19.720015,-1,15,9995.777000,14.510000,361.503856,360.725895,360.000000,625,-1.503856,PI,FIFO,true,PI_FIFO,361.637132
19.730018,-1,15,10003.666000,18.176000,363.196126,361.096430,360.000000,623,-3.196126,PI,FIFO,true,PI_FIFO,362.416629
19.740015,-1,15,9996.573000,14.749000,365.070093,361.692480,360.000000,620,-5.070093,PI,FIFO,true,PI_FIFO,363.743361
19.750018,-1,15,10003.276000,18.025000,362.844702,361.865313,360.000000,619,-2.844702,PI,FIFO,true,PI_FIFO,363.294032
19.760034,-1,15,10015.647000,33.672000,360.023041,361.588972,360.000000,621,-0.023041,PI,FIFO,true,PI_FIFO,361.658537
19.770034,-1,15,10000.722000,34.394000,356.463878,360.820208,360.000000,625,3.536122,PI,FIFO,true,PI_FIFO,359.061207
19.780019,-1,15,9984.980000,19.374000,356.463878,360.166759,360.000000,627,3.536122,PI,FIFO,true,PI_FIFO,357.762543
19.790019,-1,15,9999.351000,18.725000,352.443609,359.008286,360.000000,633,7.556391,PI,FIFO,true,PI_FIFO,355.103076
19.800015,-1,15,9996.665000,15.390000,353.392569,358.165929,360.000000,637,6.607431,PI,FIFO,true,PI_FIFO,354.247822
19.810020,-1,15,10004.999000,20.389000,353.773585,357.507077,360.000000,640,6.226415,PI,FIFO,true,PI_FIFO,354.010704
19.820015,-1,15,9994.443000,14.832000,361.132512,358.050892,360.000000,636,-1.132512,PI,FIFO,true,PI_FIFO,357.571608
19.830018,-1,15,10003.592000,18.424000,360.403652,358.403806,360.000000,634,-0.403652,PI,FIFO,true,PI_FIFO,358.987630
19.840015,-1,15,9996.443000,14.867000,363.976705,359.239741,360.000000,630,-3.976705,PI,FIFO,true,PI_FIFO,361.482168
19.850025,-1,15,10010.055000,24.922000,361.558530,359.587559,360.000000,629,-1.558530,PI,FIFO,true,PI_FIFO,361.520349
19.860015,-1,15,9990.554000,15.476000,363.171002,360.125076,360.000000,627,-3.171002,PI,FIFO,true,PI_FIFO,362.345675
19.870018,-1,15,10003.018000,18.494000,359.712230,360.063149,360.000000,629,0.287770,PI,FIFO,true,PI_FIFO,361.028953
19.880018,-1,15,9999.406000,17.900000,364.502333,360.729027,360.000000,625,-4.502333,PI,FIFO,true,PI_FIFO,362.765643
19.890019,-1,15,10000.684000,18.584000,362.318841,360.967499,360.000000,624,-2.318841,PI,FIFO,true,PI_FIFO,362.542242
19.900017,-1,15,9998.758000,17.342000,366.716521,361.829852,360.000000,619,-6.716521,PI,FIFO,true,PI_FIFO,364.629381
19.910019,-1,15,10001.962000,19.304000,364.380900,362.212509,360.000000,618,-4.380900,PI,FIFO,true,PI_FIFO,364.505140
19.920020,-1,15,10000.369000,19.673000,363.537865,362.411312,360.000000,617,-3.537865,PI,FIFO,true,PI_FIFO,364.021503
19.930019,-1,15,9999.240000,18.913000,357.824427,361.723280,360.000000,621,2.175573,PI,FIFO,true,PI_FIFO,360.922965
19.940018,-1,15,9999.092000,18.005000,356.803045,360.985244,360.000000,624,3.196955,PI,FIFO,true,PI_FIFO,358.863005
19.950019,-1,15,10000.850000,18.855000,353.773585,359.903496,360.000000,629,6.226415,PI,FIFO,true,PI_FIFO,356.318295
19.960033,-1,15,10014.092000,32.947000,353.773585,358.984009,360.000000,633,6.226415,PI,FIFO,true,PI_FIFO,355.045940
19.970017,-1,15,9983.962000,16.909000,352.443609,358.002949,360.000000,637,7.556391,PI,FIFO,true,PI_FIFO,353.744774
19.980020,-1,15,10002.702000,19.611000,354.945575,357.544343,360.000000,639,5.054425,PI,FIFO,true,PI_FIFO,354.345175
19.990019,-1,15,9999.314000,18.925000,360.947125,358.054760,360.000000,635,-0.947125,PI,FIFO,true,PI_FIFO,357.646150
