elapsed_s,step_index,pwm_percent,loop_period_us,late_us,raw_rpm,filtered_rpm,target_rpm,pwm,error_rpm,intended_mode,intended_fifo,fifo_active,condition,fb_rpm
0.010024,-1,11,10024.265000,24.265000,0.000000,0.000000,360.000000,472,360.000000,PI,FIFO,true,PI_FIFO,0.000000
0.020024,-1,15,9999.455000,23.720000,0.000000,0.000000,360.000000,621,360.000000,PI,FIFO,true,PI_FIFO,0.000000
0.030022,-1,18,9998.288000,22.008000,0.001286,0.000193,360.000000,769,359.998714,PI,FIFO,true,PI_FIFO,0.000257
0.040022,-1,21,10000.085000,22.093000,173.210162,25.981688,360.000000,872,186.789838,PI,FIFO,true,PI_FIFO,34.642238
0.050016,-1,23,9994.085000,16.178000,258.122247,60.802772,360.000000,947,101.877753,PI,FIFO,true,PI_FIFO,79.338240
0.060021,-1,24,10005.046000,21.224000,335.163432,101.956871,360.000000,996,24.836568,PI,FIFO,true,PI_FIFO,130.503278
0.070019,-1,24,9997.381000,18.605000,408.356259,147.916779,360.000000,1018,-48.356259,PI,FIFO,true,PI_FIFO,186.073874
0.080021,-1,24,10002.510000,21.115000,466.295812,195.673634,360.000000,1016,-106.295812,PI,FIFO,true,PI_FIFO,242.118262
0.090021,-1,24,10000.066000,21.181000,509.029745,242.677051,360.000000,994,-149.029745,PI,FIFO,true,PI_FIFO,295.500558
0.100020,-1,23,9998.825000,20.006000,537.389265,286.883883,360.000000,958,-177.389265,PI,FIFO,true,PI_FIFO,343.878300
0.110019,-1,22,9998.695000,18.701000,555.734536,327.211481,360.000000,909,-195.734536,PI,FIFO,true,PI_FIFO,386.249547
0.120018,-1,20,9999.196000,17.897000,559.634670,362.074959,360.000000,852,-199.634670,PI,FIFO,true,PI_FIFO,420.926572
0.130029,-1,19,10011.027000,28.924000,557.733910,391.423802,360.000000,791,-197.733910,PI,FIFO,true,PI_FIFO,448.288039
0.140020,-1,17,9991.419000,20.343000,539.040938,413.566372,360.000000,731,-179.040938,PI,FIFO,true,PI_FIFO,466.438619
0.150019,-1,16,9998.306000,18.649000,522.347384,429.883524,360.000000,672,-162.347384,PI,FIFO,true,PI_FIFO,477.620372
0.160020,-1,15,10001.436000,20.085000,505.663430,441.250510,360.000000,617,-145.663430,PI,FIFO,true,PI_FIFO,483.228984
0.170017,-1,13,9997.400000,17.485000,491.071429,448.723648,360.000000,564,-131.071429,PI,FIFO,true,PI_FIFO,484.797473
0.180018,-1,12,10000.399000,17.884000,472.981944,452.362392,360.000000,515,-112.981944,PI,FIFO,true,PI_FIFO,482.434367
0.190017,-1,11,9999.547000,17.431000,458.275140,453.249304,360.000000,471,-98.275140,PI,FIFO,true,PI_FIFO,477.602521
0.200018,-1,10,10000.399000,17.830000,440.830721,451.386517,360.000000,432,-80.830721,PI,FIFO,true,PI_FIFO,470.248161
0.210018,-1,9,9999.807000,17.637000,424.309195,447.324919,360.000000,399,-64.309195,PI,FIFO,true,PI_FIFO,461.060368
0.220017,-1,9,9999.750000,17.387000,410.509031,441.802535,360.000000,371,-50.509031,PI,FIFO,true,PI_FIFO,450.950101
0.230017,-1,8,9999.992000,17.379000,391.895030,434.316410,360.000000,349,-31.895030,PI,FIFO,true,PI_FIFO,439.139087
0.240018,-1,8,10000.251000,17.630000,381.304230,426.364583,360.000000,331,-21.304230,PI,FIFO,true,PI_FIFO,427.572115
0.250017,-1,7,9999.399000,17.029000,365.853659,417.287944,360.000000,320,-5.853659,PI,FIFO,true,PI_FIFO,415.228424
0.260017,-1,7,10000.103000,17.132000,351.211289,407.376446,360.000000,314,8.788711,PI,FIFO,true,PI_FIFO,402.424997
0.270018,-1,7,10000.621000,17.753000,330.937973,395.910675,360.000000,315,29.062027,PI,FIFO,true,PI_FIFO,388.127592
0.280017,-1,7,9999.436000,17.189000,314.434985,383.689321,360.000000,323,45.565015,PI,FIFO,true,PI_FIFO,373.389071
0.290015,-1,8,9997.437000,14.626000,300.629008,371.230274,360.000000,336,59.370992,PI,FIFO,true,PI_FIFO,358.837058
0.300018,-1,8,10003.694000,18.320000,276.957164,357.089308,360.000000,358,83.042836,PI,FIFO,true,PI_FIFO,342.461079
0.310018,-1,9,9999.381000,17.701000,267.729653,343.685359,360.000000,385,92.270347,PI,FIFO,true,PI_FIFO,327.514794
0.320033,-1,10,10015.767000,33.468000,245.418848,328.945383,360.000000,420,114.581152,PI,FIFO,true,PI_FIFO,311.095605
0.330038,-1,11,10004.769000,38.237000,241.002571,315.753961,360.000000,459,118.997429,PI,FIFO,true,PI_FIFO,297.076998
0.340042,-1,12,10003.843000,42.080000,238.825845,304.214744,360.000000,500,121.174155,PI,FIFO,true,PI_FIFO,285.426767
0.350039,-1,13,9997.066000,39.146000,250.534474,296.162703,360.000000,540,109.465526,PI,FIFO,true,PI_FIFO,278.448309
0.360034,-1,14,9995.048000,34.194000,252.559267,289.622188,360.000000,580,107.440733,PI,FIFO,true,PI_FIFO,273.270500
0.370020,-1,15,9985.957000,20.151000,274.122807,287.297281,360.000000,616,85.877193,PI,FIFO,true,PI_FIFO,273.440962
0.380018,-1,15,9998.288000,18.439000,287.737165,287.363263,360.000000,647,72.262835,PI,FIFO,true,PI_FIFO,276.300202
0.390015,-1,16,9996.307000,14.746000,309.551887,290.691557,360.000000,673,50.448113,PI,FIFO,true,PI_FIFO,282.950539
0.400017,-1,16,10002.102000,16.848000,329.442771,296.504239,360.000000,693,30.557229,PI,FIFO,true,PI_FIFO,292.248986
0.410015,-1,17,9998.418000,15.266000,344.838156,303.754327,360.000000,707,15.161844,PI,FIFO,true,PI_FIFO,302.766820
0.420015,-1,17,9999.844000,15.110000,366.748166,313.203402,360.000000,714,-6.748166,PI,FIFO,true,PI_FIFO,315.563089
0.430015,-1,17,10000.380000,15.490000,379.939210,323.213774,360.000000,715,-19.939210,PI,FIFO,true,PI_FIFO,328.438313
0.440015,-1,17,9999.325000,14.815000,395.667825,334.081881,360.000000,711,-35.667825,PI,FIFO,true,PI_FIFO,341.884216
0.450015,-1,17,10000.584000,15.399000,401.021863,344.122879,360.000000,702,-41.021863,PI,FIFO,true,PI_FIFO,353.711745
0.460015,-1,16,9999.251000,14.650000,406.504065,353.480057,360.000000,691,-46.504065,PI,FIFO,true,PI_FIFO,364.270209
0.470015,-1,16,10000.547000,15.197000,405.064810,361.217770,360.000000,679,-45.064810,PI,FIFO,true,PI_FIFO,372.429129
0.480015,-1,16,9999.825000,15.022000,403.515065,367.562364,360.000000,665,-43.515065,PI,FIFO,true,PI_FIFO,378.646316
0.490013,-1,15,9997.659000,12.681000,398.089172,372.141385,360.000000,653,-38.089172,PI,FIFO,true,PI_FIFO,382.534887
0.500017,-1,15,10004.658000,17.339000,393.324284,375.318820,360.000000,641,-33.324284,PI,FIFO,true,PI_FIFO,384.692767
0.510018,-1,15,10000.288000,17.627000,388.802488,377.341370,360.000000,629,-28.802488,PI,FIFO,true,PI_FIFO,385.514711
0.520017,-1,15,9999.565000,17.192000,385.895884,378.624547,360.000000,619,-25.895884,PI,FIFO,true,PI_FIFO,385.590946
0.530018,-1,14,10000.640000,17.832000,380.684894,378.933599,360.000000,609,-20.684894,PI,FIFO,true,PI_FIFO,384.609735
0.540018,-1,14,9999.733000,17.565000,373.593530,378.132589,360.000000,602,-13.593530,PI,FIFO,true,PI_FIFO,382.406494
0.550014,-1,14,9996.769000,14.334000,367.743201,376.574181,360.000000,597,-7.743201,PI,FIFO,true,PI_FIFO,379.473836
0.560018,-1,14,10004.029000,18.363000,362.669246,374.488440,360.000000,593,-2.669246,PI,FIFO,true,PI_FIFO,376.112918
0.570018,-1,14,9999.362000,17.725000,356.554260,371.798313,360.000000,592,3.445740,PI,FIFO,true,PI_FIFO,372.201186
0.580017,-1,14,9999.399000,17.124000,353.506787,369.054584,360.000000,592,6.493213,PI,FIFO,true,PI_FIFO,368.462306
0.590017,-1,14,10000.343000,17.467000,352.267034,366.536452,360.000000,592,7.732966,PI,FIFO,true,PI_FIFO,365.223252
0.600019,-1,14,10001.436000,18.903000,353.773585,364.622022,360.000000,593,6.226415,PI,FIFO,true,PI_FIFO,362.933318
0.610019,-1,14,9999.621000,18.524000,347.590042,362.067225,360.000000,596,12.409958,PI,FIFO,true,PI_FIFO,359.864663
0.620018,-1,14,9999.751000,18.275000,347.737389,359.917749,360.000000,599,12.262611,PI,FIFO,true,PI_FIFO,357.439208
0.630018,-1,14,9999.992000,18.267000,343.226987,357.414135,360.000000,604,16.773013,PI,FIFO,true,PI_FIFO,354.596764
0.640015,-1,14,9996.807000,15.074000,343.155198,355.275295,360.000000,609,16.844802,PI,FIFO,true,PI_FIFO,352.308451
0.650019,-1,15,10004.361000,19.435000,340.444848,353.050728,360.000000,615,19.555152,PI,FIFO,true,PI_FIFO,349.935730
0.660018,-1,15,9998.437000,17.872000,346.671949,352.093911,360.000000,620,13.328051,PI,FIFO,true,PI_FIFO,349.282974
0.670017,-1,15,9999.547000,17.419000,344.162996,350.904274,360.000000,626,15.837004,PI,FIFO,true,PI_FIFO,348.258978
0.680017,-1,15,9999.584000,17.003000,350.373732,350.824692,360.000000,631,9.626268,PI,FIFO,true,PI_FIFO,348.681929
0.690018,-1,15,10000.603000,17.606000,355.450237,351.518524,360.000000,633,4.549763,PI,FIFO,true,PI_FIFO,350.035591
0.700029,-1,15,10011.601000,29.207000,359.103677,352.656297,360.000000,635,0.896323,PI,FIFO,true,PI_FIFO,351.849208
0.710020,-1,15,9990.382000,19.589000,361.445783,353.974720,360.000000,636,-1.445783,PI,FIFO,true,PI_FIFO,353.768523
0.720018,-1,15,9998.307000,17.896000,362.435567,355.243847,360.000000,636,-2.435567,PI,FIFO,true,PI_FIFO,355.501932
0.730018,-1,15,9999.936000,17.832000,365.319045,356.755127,360.000000,636,-5.319045,PI,FIFO,true,PI_FIFO,357.465355
0.740017,-1,15,9999.658000,17.490000,366.020302,358.144903,360.000000,634,-6.020302,PI,FIFO,true,PI_FIFO,359.176344
0.750017,-1,15,9999.547000,17.037000,367.107195,359.489247,360.000000,633,-7.107195,PI,FIFO,true,PI_FIFO,360.762514
0.760018,-1,15,10000.955000,17.992000,369.482396,360.988219,360.000000,630,-9.482396,PI,FIFO,true,PI_FIFO,362.506491
0.770031,-1,15,10013.508000,31.500000,372.371495,362.695711,360.000000,626,-12.371495,PI,FIFO,true,PI_FIFO,364.479492
0.780034,-1,15,10002.769000,34.269000,369.133242,363.661340,360.000000,623,-9.133242,PI,FIFO,true,PI_FIFO,365.410242
0.790024,-1,15,9989.345000,23.614000,367.897133,364.296709,360.000000,620,-7.897133,PI,FIFO,true,PI_FIFO,365.907620
0.800022,-1,15,9998.584000,22.198000,364.036090,364.257616,360.000000,618,-4.036090,PI,FIFO,true,PI_FIFO,365.533314
0.810024,-1,15,10002.251000,24.449000,362.569061,364.004333,360.000000,617,-2.569061,PI,FIFO,true,PI_FIFO,364.940463
0.820023,-1,15,9998.862000,23.311000,357.054844,362.961910,360.000000,617,2.945156,PI,FIFO,true,PI_FIFO,363.363339
0.830021,-1,15,9997.492000,20.803000,356.618846,362.010450,360.000000,617,3.381154,PI,FIFO,true,PI_FIFO,362.014441
0.840025,-1,15,10004.269000,25.072000,354.811240,360.930569,360.000000,618,5.188760,PI,FIFO,true,PI_FIFO,360.573801
0.850019,-1,15,9993.659000,18.731000,358.959632,360.634928,360.000000,619,1.040368,PI,FIFO,true,PI_FIFO,360.250967
0.860018,-1,15,9999.085000,17.816000,356.667301,360.039784,360.000000,619,3.332699,PI,FIFO,true,PI_FIFO,359.534234
0.870018,-1,15,9999.732000,17.548000,359.434107,359.948932,360.000000,620,0.565893,PI,FIFO,true,PI_FIFO,359.514208
0.880017,-1,15,9999.733000,17.281000,357.824427,359.630257,360.000000,620,2.175573,PI,FIFO,true,PI_FIFO,359.176252
0.890017,-1,15,10000.139000,17.420000,357.863453,359.365236,360.000000,621,2.136547,PI,FIFO,true,PI_FIFO,358.913692
0.900018,-1,15,10000.251000,17.671000,355.450237,358.777986,360.000000,622,4.549763,PI,FIFO,true,PI_FIFO,358.221001
0.910017,-1,15,9999.325000,16.996000,360.392107,359.020104,360.000000,623,-0.392107,PI,FIFO,true,PI_FIFO,358.655222
0.920017,-1,15,10000.140000,17.136000,358.508604,358.943379,360.000000,623,1.491396,PI,FIFO,true,PI_FIFO,358.625899
0.930018,-1,15,10000.436000,17.572000,364.178690,359.728676,360.000000,622,-4.178690,PI,FIFO,true,PI_FIFO,359.736457
0.940018,-1,15,10000.139000,17.711000,362.710514,360.175952,360.000000,622,-2.710514,PI,FIFO,true,PI_FIFO,360.331268
0.950018,-1,15,10000.398000,18.109000,364.431487,360.814282,360.000000,620,-4.431487,PI,FIFO,true,PI_FIFO,361.151312
0.960019,-1,15,10000.509000,18.618000,358.606557,360.483123,360.000000,621,1.393443,PI,FIFO,true,PI_FIFO,360.642361
0.970017,-1,15,9998.750000,17.368000,358.468286,360.180898,360.000000,621,1.531714,PI,FIFO,true,PI_FIFO,360.207546
0.980015,-1,15,9997.788000,15.156000,356.077048,359.565320,360.000000,622,3.922952,PI,FIFO,true,PI_FIFO,359.381447
0.990017,-1,15,10002.249000,17.405000,356.294537,359.074703,360.000000,623,3.705463,PI,FIFO,true,PI_FIFO,358.764065
1.000018,-1,15,10000.158000,17.563000,354.538088,358.394210,360.000000,625,5.461912,PI,FIFO,true,PI_FIFO,357.918869
1.010017,-1,15,9999.805000,17.368000,355.618777,357.977895,360.000000,626,4.381223,PI,FIFO,true,PI_FIFO,357.458851
1.020018,-1,15,10000.250000,17.618000,360.761929,358.395500,360.000000,626,-0.761929,PI,FIFO,true,PI_FIFO,358.119466
1.030017,-1,15,9999.750000,17.368000,360.369018,358.691528,360.000000,626,-0.369018,PI,FIFO,true,PI_FIFO,358.569377
1.040017,-1,15,9999.917000,17.285000,362.009047,359.189156,360.000000,626,-2.009047,PI,FIFO,true,PI_FIFO,359.257311
1.050017,-1,15,10000.176000,17.461000,361.394558,359.519966,360.000000,626,-1.394558,PI,FIFO,true,PI_FIFO,359.684760
1.060017,-1,15,9999.731000,17.192000,363.976705,360.188477,360.000000,625,-3.976705,PI,FIFO,true,PI_FIFO,360.543149
1.070017,-1,15,10000.065000,17.257000,360.576923,360.246744,360.000000,625,-0.576923,PI,FIFO,true,PI_FIFO,360.549904
1.080017,-1,15,9999.435000,16.692000,363.184401,360.687393,360.000000,624,-3.184401,PI,FIFO,true,PI_FIFO,361.076803
1.090014,-1,15,9997.806000,14.498000,363.372093,361.090098,360.000000,623,-3.372093,PI,FIFO,true,PI_FIFO,361.535861
1.100019,-1,15,10004.268000,18.766000,367.358934,362.030423,360.000000,620,-7.358934,PI,FIFO,true,PI_FIFO,362.700476
1.110017,-1,15,9998.658000,17.424000,363.020329,362.178909,360.000000,619,-3.020329,PI,FIFO,true,PI_FIFO,362.764447
1.120017,-1,15,10000.064000,17.488000,364.691390,362.555781,360.000000,618,-4.691390,PI,FIFO,true,PI_FIFO,363.149835
1.130017,-1,15,9999.824000,17.312000,359.712230,362.129249,360.000000,617,0.287770,PI,FIFO,true,PI_FIFO,362.462314
1.140017,-1,15,9999.899000,17.211000,358.371560,361.565595,360.000000,617,1.628440,PI,FIFO,true,PI_FIFO,361.644163
1.150017,-1,15,10000.250000,17.461000,353.329146,360.330128,360.000000,619,6.670854,PI,FIFO,true,PI_FIFO,359.981160
1.160018,-1,15,10000.564000,18.025000,355.450237,359.598144,360.000000,620,4.549763,PI,FIFO,true,PI_FIFO,359.074975
1.170017,-1,15,9999.306000,17.331000,352.443609,358.524964,360.000000,622,7.556391,PI,FIFO,true,PI_FIFO,357.748702
1.180017,-1,15,9999.491000,16.822000,356.633381,358.241226,360.000000,623,3.366619,PI,FIFO,true,PI_FIFO,357.525638
1.190014,-1,15,9996.991000,13.813000,357.434641,358.120239,360.000000,624,2.565359,PI,FIFO,true,PI_FIFO,357.507438
1.200017,-1,15,10003.398000,17.211000,361.097737,358.566863,360.000000,624,-1.097737,PI,FIFO,true,PI_FIFO,358.225498
1.210025,-1,15,10007.433000,24.644000,357.460600,358.400924,360.000000,625,2.539400,PI,FIFO,true,PI_FIFO,358.072518
1.220018,-1,15,9993.492000,18.136000,360.923965,358.779380,360.000000,625,-0.923965,PI,FIFO,true,PI_FIFO,358.642808
1.230014,-1,15,9995.788000,13.924000,359.589041,358.900829,360.000000,626,0.410959,PI,FIFO,true,PI_FIFO,358.832054
1.240017,-1,15,10003.175000,17.099000,361.394558,359.274888,360.000000,626,-1.394558,PI,FIFO,true,PI_FIFO,359.344555
1.250014,-1,15,9996.880000,13.979000,361.969112,359.679022,360.000000,625,-1.969112,PI,FIFO,true,PI_FIFO,359.869467
1.260017,-1,15,10003.120000,17.099000,364.785992,360.445068,360.000000,624,-4.785992,PI,FIFO,true,PI_FIFO,360.852772
1.270017,-1,15,10000.343000,17.442000,367.935636,361.568653,360.000000,622,-7.935636,PI,FIFO,true,PI_FIFO,362.269344
1.280017,-1,15,9999.491000,16.933000,364.368999,361.988705,360.000000,620,-4.368999,PI,FIFO,true,PI_FIFO,362.689275
1.290017,-1,15,10000.490000,17.423000,362.769486,362.105822,360.000000,619,-2.769486,PI,FIFO,true,PI_FIFO,362.705317
1.300028,-1,15,10010.971000,28.394000,360.403652,361.850496,360.000000,619,-0.403652,PI,FIFO,true,PI_FIFO,362.244984
1.310018,-1,15,9989.288000,17.682000,359.470859,361.493551,360.000000,618,0.529141,PI,FIFO,true,PI_FIFO,361.690159
1.320019,-1,15,10001.065000,18.747000,355.281857,360.561797,360.000000,619,4.718143,PI,FIFO,true,PI_FIFO,360.408499
1.330018,-1,15,9999.417000,18.164000,355.883948,359.860119,360.000000,620,4.116052,PI,FIFO,true,PI_FIFO,359.503589
1.340017,-1,15,9998.787000,16.951000,354.408846,359.042428,360.000000,622,5.591154,PI,FIFO,true,PI_FIFO,358.484640
1.350014,-1,15,9997.269000,14.220000,358.590881,358.974696,360.000000,623,1.409119,PI,FIFO,true,PI_FIFO,358.505888
1.360018,-1,15,10003.657000,17.877000,357.313006,358.725443,360.000000,623,2.686994,PI,FIFO,true,PI_FIFO,358.267312
1.370018,-1,15,9999.805000,17.682000,361.172262,359.092466,360.000000,623,-1.172262,PI,FIFO,true,PI_FIFO,358.848302
1.380017,-1,15,9999.213000,16.895000,359.884837,359.211321,360.000000,624,0.115163,PI,FIFO,true,PI_FIFO,359.055609
1.390018,-1,15,10000.861000,17.756000,361.620058,359.572632,360.000000,623,-1.620058,PI,FIFO,true,PI_FIFO,359.568499
1.400027,-1,15,10008.934000,26.690000,358.554309,359.419883,360.000000,624,1.445691,PI,FIFO,true,PI_FIFO,359.365661
1.410021,-1,15,9993.825000,20.515000,363.160953,359.981044,360.000000,623,-3.160953,PI,FIFO,true,PI_FIFO,360.124719
1.420017,-1,15,9996.862000,17.377000,360.798953,360.103730,360.000000,623,-0.798953,PI,FIFO,true,PI_FIFO,360.259566
1.430017,-1,15,9999.824000,17.201000,366.032211,360.993002,360.000000,621,-6.032211,PI,FIFO,true,PI_FIFO,361.414095
1.440017,-1,15,9999.935000,17.136000,364.691390,361.547760,360.000000,620,-4.691390,PI,FIFO,true,PI_FIFO,362.069554
1.450017,-1,15,10000.176000,17.312000,365.497076,362.140158,360.000000,618,-5.497076,PI,FIFO,true,PI_FIFO,362.755058
1.460017,-1,15,9999.953000,17.265000,360.576923,361.905673,360.000000,617,-0.576923,PI,FIFO,true,PI_FIFO,362.319431
1.470017,-1,15,9999.954000,17.219000,359.276375,361.511278,360.000000,617,0.723625,PI,FIFO,true,PI_FIFO,361.710820
1.480034,-1,15,10017.210000,34.429000,356.231680,360.719338,360.000000,618,3.768320,PI,FIFO,true,PI_FIFO,360.614992
1.490036,-1,15,10001.602000,36.031000,355.483932,359.934027,360.000000,619,4.516068,PI,FIFO,true,PI_FIFO,359.588780
1.500033,-1,15,9997.324000,33.355000,353.506787,358.969941,360.000000,621,6.493213,PI,FIFO,true,PI_FIFO,358.372381
1.510018,-1,15,9984.420000,17.775000,355.585056,358.462208,360.000000,622,4.414944,PI,FIFO,true,PI_FIFO,357.814916
1.520018,-1,15,10000.064000,17.839000,359.628452,358.637145,360.000000,623,0.371548,PI,FIFO,true,PI_FIFO,358.177624
1.530020,-1,15,10002.491000,20.330000,359.195402,358.720884,360.000000,623,0.804598,PI,FIFO,true,PI_FIFO,358.381179
1.540018,-1,15,9997.176000,17.506000,360.023041,358.916207,360.000000,623,-0.023041,PI,FIFO,true,PI_FIFO,358.709552
1.550025,-1,15,10007.045000,24.551000,359.712230,359.035611,360.000000,624,0.287770,PI,FIFO,true,PI_FIFO,358.910087
1.560027,-1,15,10002.546000,27.097000,363.171002,359.655919,360.000000,623,-3.171002,PI,FIFO,true,PI_FIFO,359.762270
1.570022,-1,15,9995.158000,22.255000,358.791085,359.526194,360.000000,623,1.208915,PI,FIFO,true,PI_FIFO,359.568033
1.580022,-1,15,9999.584000,21.839000,363.171002,360.072915,360.000000,623,-3.171002,PI,FIFO,true,PI_FIFO,360.288627
1.590022,-1,15,10000.009000,21.848000,362.512510,360.438855,360.000000,622,-2.512510,PI,FIFO,true,PI_FIFO,360.733404
1.600033,-1,15,10011.396000,33.244000,367.167102,361.448092,360.000000,620,-7.167102,PI,FIFO,true,PI_FIFO,362.020143
1.610021,-1,15,9987.826000,21.070000,361.829409,361.505289,360.000000,619,-1.829409,PI,FIFO,true,PI_FIFO,361.981996
1.620022,-1,15,10000.454000,21.524000,363.372093,361.785310,360.000000,618,-3.372093,PI,FIFO,true,PI_FIFO,362.260016
1.630021,-1,15,9999.676000,21.200000,359.712230,361.474348,360.000000,618,0.287770,PI,FIFO,true,PI_FIFO,361.750459
1.640021,-1,15,10000.120000,21.320000,358.019640,360.956142,360.000000,618,1.980360,PI,FIFO,true,PI_FIFO,361.004295
1.650021,-1,15,10000.083000,21.403000,355.113636,360.079766,360.000000,619,4.886364,PI,FIFO,true,PI_FIFO,359.826163
1.660022,-1,15,10000.232000,21.635000,356.077048,359.479358,360.000000,620,3.922952,PI,FIFO,true,PI_FIFO,359.076340
1.670021,-1,15,9999.472000,21.107000,353.107345,358.523556,360.000000,622,6.892655,PI,FIFO,true,PI_FIFO,357.882541
1.680021,-1,15,10000.379000,21.486000,356.880012,358.277025,360.000000,623,3.119988,PI,FIFO,true,PI_FIFO,357.682035
1.690021,-1,15,9999.713000,21.199000,357.858574,358.214257,360.000000,624,2.141426,PI,FIFO,true,PI_FIFO,357.717343
1.700040,-1,15,10018.859000,40.058000,362.168874,358.807450,360.000000,624,-2.168874,PI,FIFO,true,PI_FIFO,358.607649
1.710019,-1,15,9979.401000,19.459000,359.276375,358.877788,360.000000,624,0.723625,PI,FIFO,true,PI_FIFO,358.741394
1.720018,-1,15,9998.509000,17.968000,361.570248,359.281657,360.000000,624,-1.570248,PI,FIFO,true,PI_FIFO,359.307165
1.730019,-1,15,10000.658000,18.626000,361.097737,359.554069,360.000000,624,-1.097737,PI,FIFO,true,PI_FIFO,359.665280
1.740018,-1,15,9999.065000,17.691000,362.435567,359.986294,360.000000,623,-2.435567,PI,FIFO,true,PI_FIFO,360.219337
1.750017,-1,15,9999.713000,17.404000,361.410948,360.199992,360.000000,623,-1.410948,PI,FIFO,true,PI_FIFO,360.457659
1.760019,-1,15,10001.249000,18.653000,364.729225,360.879377,360.000000,622,-4.729225,PI,FIFO,true,PI_FIFO,361.311972
1.770018,-1,15,9999.399000,18.052000,367.107195,361.813550,360.000000,619,-7.107195,PI,FIFO,true,PI_FIFO,362.471017
1.780017,-1,15,9999.342000,17.394000,363.559979,362.075514,360.000000,618,-3.559979,PI,FIFO,true,PI_FIFO,362.688809
1.790018,-1,15,10000.287000,17.681000,361.445783,361.981055,360.000000,617,-1.445783,PI,FIFO,true,PI_FIFO,362.440204
1.800027,-1,15,10008.897000,26.578000,357.642421,361.330260,360.000000,618,2.357579,PI,FIFO,true,PI_FIFO,361.480648
1.810024,-1,15,9997.473000,24.051000,356.972870,360.676651,360.000000,618,3.027130,PI,FIFO,true,PI_FIFO,360.579092
1.820019,-1,15,9994.880000,18.931000,353.773585,359.641191,360.000000,620,6.226415,PI,FIFO,true,PI_FIFO,359.217991
1.830018,-1,15,9999.102000,18.033000,354.274917,358.836250,360.000000,621,5.725083,PI,FIFO,true,PI_FIFO,358.229376
1.840016,-1,15,9998.195000,16.228000,353.582974,358.048259,360.000000,623,6.417026,PI,FIFO,true,PI_FIFO,357.300096
1.850015,-1,15,9998.824000,15.052000,358.680057,358.143029,360.000000,624,1.319943,PI,FIFO,true,PI_FIFO,357.576088
1.860015,-1,15,10000.176000,15.228000,356.916244,357.959011,360.000000,625,3.083756,PI,FIFO,true,PI_FIFO,357.444119
1.870015,-1,15,9999.935000,15.163000,361.097737,358.429820,360.000000,625,-1.097737,PI,FIFO,true,PI_FIFO,358.174843
1.880019,-1,15,10003.509000,18.672000,359.589041,358.603703,360.000000,626,0.410959,PI,FIFO,true,PI_FIFO,358.457682
1.890018,-1,15,9998.898000,17.570000,362.318841,359.160974,360.000000,625,-2.318841,PI,FIFO,true,PI_FIFO,359.229914
1.900027,-1,15,10009.174000,26.744000,360.250904,359.324463,360.000000,625,-0.250904,PI,FIFO,true,PI_FIFO,359.434112
1.910015,-1,15,9987.900000,14.644000,365.354638,360.228989,360.000000,624,-5.354638,PI,FIFO,true,PI_FIFO,360.618217
1.920017,-1,15,10002.195000,16.839000,361.722651,360.453039,360.000000,624,-1.722651,PI,FIFO,true,PI_FIFO,360.839104
1.930014,-1,15,9997.380000,14.219000,366.866055,361.414991,360.000000,622,-6.866055,PI,FIFO,true,PI_FIFO,362.044494
1.940017,-1,15,10002.582000,16.801000,364.869505,361.933168,360.000000,620,-4.869505,PI,FIFO,true,PI_FIFO,362.609496
1.950017,-1,15,10000.563000,17.364000,366.579153,362.630066,360.000000,618,-6.579153,PI,FIFO,true,PI_FIFO,363.403428
1.960017,-1,15,9999.675000,17.039000,360.772818,362.351479,360.000000,617,-0.772818,PI,FIFO,true,PI_FIFO,362.877306
1.970019,-1,15,10001.805000,18.844000,360.181120,362.025925,360.000000,617,-0.181120,PI,FIFO,true,PI_FIFO,362.338069
1.980017,-1,15,9998.157000,17.001000,356.972870,361.267967,360.000000,617,3.027130,PI,FIFO,true,PI_FIFO,361.265029
1.990017,-1,15,10000.378000,17.379000,355.305901,360.373657,360.000000,618,4.694099,PI,FIFO,true,PI_FIFO,360.073203
2.000027,-1,15,10009.507000,26.886000,353.606789,359.358627,360.000000,620,6.393211,PI,FIFO,true,PI_FIFO,358.779921
2.010018,-1,15,9990.825000,17.711000,354.397681,358.614485,360.000000,622,5.602319,PI,FIFO,true,PI_FIFO,357.903473
2.020017,-1,15,9999.527000,17.238000,358.851675,358.650063,360.000000,622,1.148325,PI,FIFO,true,PI_FIFO,358.093113
2.030017,-1,15,9999.989000,17.227000,357.824427,358.526218,360.000000,623,2.175573,PI,FIFO,true,PI_FIFO,358.039376
2.040017,-1,15,9999.953000,17.180000,359.539789,358.678254,360.000000,623,0.460211,PI,FIFO,true,PI_FIFO,358.339459
2.050018,-1,15,10000.453000,17.633000,359.287174,358.769592,360.000000,624,0.712826,PI,FIFO,true,PI_FIFO,358.529002
2.060033,-1,15,10015.783000,33.416000,360.576923,359.040691,360.000000,624,-0.576923,PI,FIFO,true,PI_FIFO,358.938586
2.070019,-1,15,9985.955000,19.371000,357.201176,358.764764,360.000000,625,2.798824,PI,FIFO,true,PI_FIFO,358.591104
2.080019,-1,15,9999.157000,18.528000,361.306484,359.146022,360.000000,625,-1.306484,PI,FIFO,true,PI_FIFO,359.134180
2.090019,-1,15,10000.268000,18.796000,361.689815,359.527591,360.000000,624,-1.689815,PI,FIFO,true,PI_FIFO,359.645307
2.100031,-1,15,10011.747000,30.543000,367.392808,360.707374,360.000000,622,-7.392808,PI,FIFO,true,PI_FIFO,361.194807
2.110019,-1,15,9988.010000,18.553000,362.985190,361.049046,360.000000,622,-2.985190,PI,FIFO,true,PI_FIFO,361.552884
2.120018,-1,15,9999.601000,18.154000,365.029480,361.646111,360.000000,620,-5.029480,PI,FIFO,true,PI_FIFO,362.248203
2.130019,-1,15,10000.360000,18.514000,359.762980,361.363641,360.000000,620,0.237020,PI,FIFO,true,PI_FIFO,361.751158
2.140017,-1,15,9998.805000,17.319000,359.392114,361.067912,360.000000,620,0.607886,PI,FIFO,true,PI_FIFO,361.279350
2.150017,-1,15,9999.990000,17.309000,355.281857,360.200004,360.000000,621,4.718143,PI,FIFO,true,PI_FIFO,360.079851
2.160017,-1,15,10000.082000,17.391000,358.802624,359.990397,360.000000,621,1.197376,PI,FIFO,true,PI_FIFO,359.824406
2.170019,-1,15,10001.471000,18.862000,354.274917,359.133075,360.000000,622,5.725083,PI,FIFO,true,PI_FIFO,358.714508
2.180017,-1,15,9998.305000,17.167000,359.287174,359.156190,360.000000,623,0.712826,PI,FIFO,true,PI_FIFO,358.829041
2.190037,-1,15,10019.487000,36.654000,359.067000,359.142812,360.000000,623,0.933000,PI,FIFO,true,PI_FIFO,358.876633
2.200037,-1,15,10000.508000,37.162000,361.445783,359.488257,360.000000,623,-1.445783,PI,FIFO,true,PI_FIFO,359.390463
2.210018,-1,15,9981.067000,18.229000,360.244390,359.601677,360.000000,623,-0.244390,PI,FIFO,true,PI_FIFO,359.561248
2.220018,-1,15,10000.267000,18.496000,361.794501,359.930601,360.000000,623,-1.794501,PI,FIFO,true,PI_FIFO,360.007899
2.230017,-1,15,9998.898000,17.394000,361.503856,360.166589,360.000000,622,-1.503856,PI,FIFO,true,PI_FIFO,360.307090
2.240019,-1,15,10001.656000,19.050000,360.923965,360.280195,360.000000,622,-0.923965,PI,FIFO,true,PI_FIFO,360.430465
2.250018,-1,15,9999.416000,18.466000,361.570248,360.473703,360.000000,622,-1.570248,PI,FIFO,true,PI_FIFO,360.658422
2.260017,-1,15,9999.027000,17.493000,363.372093,360.908462,360.000000,621,-3.372093,PI,FIFO,true,PI_FIFO,361.201156
2.270018,-1,15,10000.064000,17.557000,365.319045,361.570049,360.000000,619,-5.319045,PI,FIFO,true,PI_FIFO,362.024734
2.280018,-1,15,10000.323000,17.880000,363.936335,361.924992,360.000000,618,-3.936335,PI,FIFO,true,PI_FIFO,362.407054
2.290018,-1,15,9999.730000,17.610000,361.620058,361.879252,360.000000,617,-1.620058,PI,FIFO,true,PI_FIFO,362.249655
2.300026,-1,15,10008.859000,26.469000,358.802624,361.417758,360.000000,617,1.197376,PI,FIFO,true,PI_FIFO,361.560249
2.310018,-1,15,9991.065000,17.534000,358.645754,361.001957,360.000000,617,1.354246,PI,FIFO,true,PI_FIFO,360.977350
2.320017,-1,15,9999.213000,16.747000,354.433411,360.016675,360.000000,618,5.566589,PI,FIFO,true,PI_FIFO,359.668562
2.330026,-1,15,10008.784000,25.531000,354.040785,359.120292,360.000000,620,5.959215,PI,FIFO,true,PI_FIFO,358.543007
2.340016,-1,15,9990.232000,15.763000,354.576399,358.438708,360.000000,622,5.423601,PI,FIFO,true,PI_FIFO,357.749685
2.350019,-1,15,10003.360000,19.123000,358.680057,358.474910,360.000000,622,1.319943,PI,FIFO,true,PI_FIFO,357.935760
2.360018,-1,15,9998.805000,17.928000,357.590453,358.342242,360.000000,623,2.409547,PI,FIFO,true,PI_FIFO,357.866698
2.370015,-1,15,9997.286000,15.214000,361.132512,358.760782,360.000000,623,-1.132512,PI,FIFO,true,PI_FIFO,358.519861
2.380017,-1,15,10002.027000,17.241000,359.287174,358.839741,360.000000,624,0.712826,PI,FIFO,true,PI_FIFO,358.673324
2.390017,-1,15,10000.101000,17.342000,361.097737,359.178440,360.000000,623,-1.097737,PI,FIFO,true,PI_FIFO,359.158206
2.400028,-1,15,10010.284000,27.626000,358.998906,359.151510,360.000000,624,1.001094,PI,FIFO,true,PI_FIFO,359.126346
2.410017,-1,15,9989.843000,17.469000,363.206472,359.759755,360.000000,623,-3.206472,PI,FIFO,true,PI_FIFO,359.942371
2.420017,-1,15,9999.361000,16.830000,361.969112,360.091158,360.000000,623,-1.969112,PI,FIFO,true,PI_FIFO,360.347720
2.430017,-1,15,10000.452000,17.282000,366.210938,361.009125,360.000000,621,-6.210938,PI,FIFO,true,PI_FIFO,361.520363
2.440017,-1,15,10000.120000,17.402000,365.191987,361.636554,360.000000,619,-5.191987,PI,FIFO,true,PI_FIFO,362.254688
2.450017,-1,15,9999.842000,17.244000,365.203941,362.171662,360.000000,618,-5.203941,PI,FIFO,true,PI_FIFO,362.844539
2.460017,-1,15,9999.767000,17.011000,360.230548,361.880495,360.000000,617,-0.230548,PI,FIFO,true,PI_FIFO,362.321740
2.470014,-1,15,9996.916000,13.927000,359.838792,361.574240,360.000000,617,0.161208,PI,FIFO,true,PI_FIFO,361.825151
2.480017,-1,15,10003.416000,17.343000,355.652504,360.685979,360.000000,618,4.347496,PI,FIFO,true,PI_FIFO,360.590621
2.490014,-1,15,9997.156000,14.499000,356.554260,360.066221,360.000000,619,3.445740,PI,FIFO,true,PI_FIFO,359.783349
2.500026,-1,15,10011.396000,25.895000,353.440151,359.072311,360.000000,620,6.559849,PI,FIFO,true,PI_FIFO,358.514709
2.510018,-1,15,9991.676000,17.571000,355.498375,358.536220,360.000000,622,4.501625,PI,FIFO,true,PI_FIFO,357.911442
2.520017,-1,15,9999.397000,16.968000,359.195402,358.635098,360.000000,622,0.804598,PI,FIFO,true,PI_FIFO,358.168234
2.530017,-1,15,10000.342000,17.310000,358.606557,358.630817,360.000000,623,1.393443,PI,FIFO,true,PI_FIFO,358.255899
2.540017,-1,15,9999.934000,17.244000,360.250904,358.873830,360.000000,623,-0.250904,PI,FIFO,true,PI_FIFO,358.654900
2.550017,-1,15,9999.842000,17.086000,360.537304,359.123351,360.000000,623,-0.537304,PI,FIFO,true,PI_FIFO,359.031381
2.560017,-1,15,9999.897000,16.983000,362.353851,359.607926,360.000000,623,-2.353851,PI,FIFO,true,PI_FIFO,359.695875
2.570026,-1,15,10008.840000,25.823000,359.103677,359.532289,360.000000,623,0.896323,PI,FIFO,true,PI_FIFO,359.577435
2.580020,-1,15,9993.899000,19.722000,361.794501,359.871620,360.000000,623,-1.794501,PI,FIFO,true,PI_FIFO,360.020848
2.590018,-1,15,9997.971000,17.693000,362.809598,360.312317,360.000000,622,-2.809598,PI,FIFO,true,PI_FIFO,360.578598
2.600030,-1,15,10012.118000,29.811000,366.927593,361.304608,360.000000,620,-6.927593,PI,FIFO,true,PI_FIFO,361.848397
2.610018,-1,15,9987.973000,17.784000,362.809598,361.530357,360.000000,619,-2.809598,PI,FIFO,true,PI_FIFO,362.040637
2.620018,-1,15,10000.564000,18.348000,364.431487,361.965526,360.000000,617,-4.431487,PI,FIFO,true,PI_FIFO,362.518807
2.630018,-1,15,9999.823000,18.171000,360.403652,361.731245,360.000000,617,-0.403652,PI,FIFO,true,PI_FIFO,362.095776
2.640018,-1,15,9999.582000,17.753000,359.470859,361.392187,360.000000,617,0.529141,PI,FIFO,true,PI_FIFO,361.570793
2.650017,-1,15,9999.231000,16.984000,353.440151,360.199382,360.000000,618,6.559849,PI,FIFO,true,PI_FIFO,359.944664
2.660017,-1,15,9999.583000,16.567000,357.434641,359.784671,360.000000,619,2.565359,PI,FIFO,true,PI_FIFO,359.442660
2.670019,-1,15,10002.026000,18.593000,353.440151,358.832993,360.000000,621,6.559849,PI,FIFO,true,PI_FIFO,358.242158
2.680018,-1,15,9998.916000,17.509000,358.019640,358.710990,360.000000,622,1.980360,PI,FIFO,true,PI_FIFO,358.197654
2.690017,-1,15,9999.490000,16.999000,357.824427,358.578005,360.000000,622,2.175573,PI,FIFO,true,PI_FIFO,358.123009
2.700040,-1,15,10022.653000,39.652000,362.062307,359.100651,360.000000,622,-2.062307,PI,FIFO,true,PI_FIFO,358.910868
2.710020,-1,15,9980.511000,20.163000,357.995227,358.934837,360.000000,623,2.004773,PI,FIFO,true,PI_FIFO,358.727740
2.720018,-1,15,9998.120000,18.283000,360.181120,359.121779,360.000000,623,-0.181120,PI,FIFO,true,PI_FIFO,359.018416
2.730017,-1,15,9998.897000,17.180000,359.850302,359.231058,360.000000,623,0.149698,PI,FIFO,true,PI_FIFO,359.184793
2.740017,-1,15,9999.731000,16.911000,361.169612,359.521841,360.000000,623,-1.169612,PI,FIFO,true,PI_FIFO,359.581757
2.750017,-1,15,10000.212000,17.123000,361.097737,359.758225,360.000000,623,-1.097737,PI,FIFO,true,PI_FIFO,359.884953
2.760017,-1,15,10000.008000,17.131000,363.748060,360.356701,360.000000,622,-3.748060,PI,FIFO,true,PI_FIFO,360.657574
2.770018,-1,15,10000.990000,18.121000,366.389839,361.261671,360.000000,620,-6.389839,PI,FIFO,true,PI_FIFO,361.804027
2.780017,-1,15,9999.138000,17.259000,362.622486,361.465793,360.000000,619,-2.622486,PI,FIFO,true,PI_FIFO,361.967719
2.790017,-1,15,10000.175000,17.434000,362.318841,361.593751,360.000000,618,-2.318841,PI,FIFO,true,PI_FIFO,362.037943
2.800027,-1,15,10009.155000,26.589000,358.920368,361.192743,360.000000,618,1.079632,PI,FIFO,true,PI_FIFO,361.414428
2.810025,-1,15,9998.249000,24.838000,358.851675,360.841583,360.000000,618,1.148325,PI,FIFO,true,PI_FIFO,360.901877
2.820021,-1,15,9996.046000,20.884000,354.921579,359.953582,360.000000,619,5.078421,PI,FIFO,true,PI_FIFO,359.705818
2.830018,-1,15,9996.787000,17.671000,354.945575,359.202381,360.000000,621,5.054425,PI,FIFO,true,PI_FIFO,358.753769
2.840018,-1,15,10000.415000,18.086000,353.392569,358.330909,360.000000,623,6.607431,PI,FIFO,true,PI_FIFO,357.681529
2.850017,-1,15,9999.102000,17.188000,358.508604,358.357564,360.000000,623,1.491396,PI,FIFO,true,PI_FIFO,357.846944
2.860018,-1,15,10000.600000,17.788000,357.642421,358.250292,360.000000,624,2.357579,PI,FIFO,true,PI_FIFO,357.806040
2.870018,-1,15,10000.027000,17.815000,361.794501,358.781923,360.000000,624,-1.794501,PI,FIFO,true,PI_FIFO,358.603732
2.880018,-1,15,9999.934000,17.749000,360.576923,359.051173,360.000000,624,-0.576923,PI,FIFO,true,PI_FIFO,358.998370
2.890039,-1,15,10021.468000,39.217000,362.669246,359.593884,360.000000,624,-2.669246,PI,FIFO,true,PI_FIFO,359.732545
2.900040,-1,15,10001.157000,40.374000,359.103677,359.520353,360.000000,624,0.896323,PI,FIFO,true,PI_FIFO,359.606772
2.910018,-1,15,9977.789000,18.163000,363.372093,360.098114,360.000000,623,-3.372093,PI,FIFO,true,PI_FIFO,360.359836
2.920018,-1,15,9999.842000,18.005000,362.622486,360.476770,360.000000,622,-2.622486,PI,FIFO,true,PI_FIFO,360.812366
2.930017,-1,15,9999.101000,17.106000,366.210938,361.336895,360.000000,621,-6.210938,PI,FIFO,true,PI_FIFO,361.892080
2.940018,-1,15,10000.933000,18.039000,364.691390,361.840069,360.000000,619,-4.691390,PI,FIFO,true,PI_FIFO,362.451942
2.950015,-1,15,9997.008000,15.047000,364.927988,362.303257,360.000000,617,-4.927988,PI,FIFO,true,PI_FIFO,362.947151
2.960019,-1,15,10003.729000,18.776000,359.323896,361.856353,360.000000,617,0.676104,PI,FIFO,true,PI_FIFO,362.222500
2.970019,-1,15,10000.304000,19.080000,357.995227,361.277184,360.000000,617,2.004773,PI,FIFO,true,PI_FIFO,361.377046
2.980023,-1,15,10003.433000,22.513000,353.940538,360.176687,360.000000,619,6.059462,PI,FIFO,true,PI_FIFO,359.889744
2.990019,-1,15,9996.267000,18.780000,355.883948,359.532776,360.000000,620,4.116052,PI,FIFO,true,PI_FIFO,359.088585
3.000029,-1,15,10010.506000,29.286000,353.606789,358.643878,360.000000,622,6.393211,PI,FIFO,true,PI_FIFO,357.992226
3.010015,-1,15,9985.380000,14.666000,354.346652,357.999294,360.000000,623,5.653348,PI,FIFO,true,PI_FIFO,357.263111
3.020017,-1,15,10002.692000,17.358000,359.712230,358.256235,360.000000,624,0.287770,PI,FIFO,true,PI_FIFO,357.752935
3.030014,-1,15,9996.767000,14.125000,358.920368,358.355855,360.000000,625,1.079632,PI,FIFO,true,PI_FIFO,357.986421
3.040017,-1,15,10003.137000,17.262000,360.230548,358.637059,360.000000,625,-0.230548,PI,FIFO,true,PI_FIFO,358.435247
3.050017,-1,15,9999.933000,17.195000,362.569061,359.226859,360.000000,624,-2.569061,PI,FIFO,true,PI_FIFO,359.262009
3.060017,-1,15,10000.267000,17.462000,363.703788,359.898398,360.000000,624,-3.703788,PI,FIFO,true,PI_FIFO,360.150365
3.070017,-1,15,9999.489000,16.951000,360.339337,359.964539,360.000000,623,-0.339337,PI,FIFO,true,PI_FIFO,360.188160
3.080017,-1,15,10000.229000,17.180000,363.231306,360.454554,360.000000,623,-3.231306,PI,FIFO,true,PI_FIFO,360.796789
3.090017,-1,15,9999.730000,16.910000,363.559979,360.920368,360.000000,621,-3.559979,PI,FIFO,true,PI_FIFO,361.349427
3.100025,-1,15,10008.525000,25.435000,366.885359,361.815117,360.000000,619,-6.885359,PI,FIFO,true,PI_FIFO,362.456613
3.110014,-1,15,9988.842000,14.277000,361.769570,361.808285,360.000000,619,-1.769570,PI,FIFO,true,PI_FIFO,362.319205
3.120017,-1,15,10002.859000,17.136000,364.077670,362.148692,360.000000,617,-4.077670,PI,FIFO,true,PI_FIFO,362.670898
3.130017,-1,15,9999.989000,17.125000,359.838792,361.802207,360.000000,617,0.161208,PI,FIFO,true,PI_FIFO,362.104477
3.140015,-1,15,9997.934000,15.059000,358.508604,361.308167,360.000000,617,1.491396,PI,FIFO,true,PI_FIFO,361.385302
3.150018,-1,15,10002.784000,17.843000,352.822581,360.035329,360.000000,619,7.177419,PI,FIFO,true,PI_FIFO,359.672758
3.160018,-1,15,10000.489000,18.332000,355.618777,359.372846,360.000000,620,4.381223,PI,FIFO,true,PI_FIFO,358.861962
3.170019,-1,15,10000.359000,18.691000,352.632993,358.361868,360.000000,622,7.367007,PI,FIFO,true,PI_FIFO,357.616168
3.180018,-1,15,9999.397000,18.088000,356.599467,358.097508,360.000000,623,3.400533,PI,FIFO,true,PI_FIFO,357.412828
3.190018,-1,15,9999.841000,17.929000,357.687905,358.036068,360.000000,624,2.312095,PI,FIFO,true,PI_FIFO,357.467843
3.200027,-1,15,10009.524000,27.453000,361.318088,358.528371,360.000000,624,-1.318088,PI,FIFO,true,PI_FIFO,358.237892
3.210018,-1,15,9990.231000,17.684000,358.680057,358.551124,360.000000,625,1.319943,PI,FIFO,true,PI_FIFO,358.326325
3.220017,-1,15,9999.656000,17.340000,360.761929,358.882745,360.000000,625,-0.761929,PI,FIFO,true,PI_FIFO,358.813446
3.230017,-1,15,9999.711000,17.051000,359.712230,359.007167,360.000000,625,0.287770,PI,FIFO,true,PI_FIFO,358.993203
3.240017,-1,15,10000.044000,17.095000,361.172262,359.331932,360.000000,625,-1.172262,PI,FIFO,true,PI_FIFO,359.429015
3.250017,-1,15,10000.045000,17.140000,361.394558,359.641326,360.000000,625,-1.394558,PI,FIFO,true,PI_FIFO,359.822123
3.260017,-1,15,9999.656000,16.796000,364.542829,360.376551,360.000000,624,-4.542829,PI,FIFO,true,PI_FIFO,360.766264
3.270018,-1,15,10000.877000,17.673000,367.257351,361.408671,360.000000,621,-7.257351,PI,FIFO,true,PI_FIFO,362.064482
3.280017,-1,15,9999.045000,16.718000,363.774945,361.763612,360.000000,620,-3.774945,PI,FIFO,true,PI_FIFO,362.406574
3.290018,-1,15,10000.989000,17.707000,362.051340,361.806771,360.000000,619,-2.051340,PI,FIFO,true,PI_FIFO,362.335527
3.300025,-1,15,10006.932000,24.639000,359.589041,361.474112,360.000000,619,0.410959,PI,FIFO,true,PI_FIFO,361.786230
3.310017,-1,15,9992.527000,17.166000,358.337315,361.003592,360.000000,619,1.662685,PI,FIFO,true,PI_FIFO,361.096447
3.320017,-1,15,9999.693000,16.859000,355.498375,360.177810,360.000000,620,4.501625,PI,FIFO,true,PI_FIFO,359.976833
3.330017,-1,15,10000.470000,17.329000,355.956336,359.544589,360.000000,621,4.043664,PI,FIFO,true,PI_FIFO,359.172733
3.340018,-1,15,10000.655000,17.984000,354.934377,358.853057,360.000000,623,5.065623,PI,FIFO,true,PI_FIFO,358.325062
3.350017,-1,15,9999.063000,17.047000,360.057609,359.033740,360.000000,623,-0.057609,PI,FIFO,true,PI_FIFO,358.671571
3.360017,-1,15,10000.267000,17.314000,356.657609,358.677320,360.000000,624,3.342391,PI,FIFO,true,PI_FIFO,358.268779
3.370019,-1,15,10001.989000,19.303000,362.143892,359.197306,360.000000,624,-2.143892,PI,FIFO,true,PI_FIFO,359.043801
3.380018,-1,15,9998.267000,17.570000,359.712230,359.274544,360.000000,624,0.287770,PI,FIFO,true,PI_FIFO,359.177487
3.390014,-1,15,9996.674000,14.244000,361.318088,359.581076,360.000000,624,-1.318088,PI,FIFO,true,PI_FIFO,359.605607
3.400026,-1,15,10011.932000,26.176000,358.851675,359.471666,360.000000,624,1.148325,PI,FIFO,true,PI_FIFO,359.454821
3.410014,-1,15,9987.565000,13.741000,362.996902,360.000451,360.000000,623,-2.996902,PI,FIFO,true,PI_FIFO,360.163237
3.420017,-1,15,10003.451000,17.192000,360.403652,360.060931,360.000000,623,-0.403652,PI,FIFO,true,PI_FIFO,360.211320
3.430014,-1,15,9997.008000,14.200000,366.210938,360.983432,360.000000,622,-6.210938,PI,FIFO,true,PI_FIFO,361.411244
3.440017,-1,15,10002.655000,16.855000,362.844702,361.262623,360.000000,621,-2.844702,PI,FIFO,true,PI_FIFO,361.697935
3.450014,-1,15,9997.138000,13.993000,366.210938,362.004870,360.000000,619,-6.210938,PI,FIFO,true,PI_FIFO,362.600536
3.460017,-1,15,10003.006000,16.999000,359.884837,361.686865,360.000000,618,0.115163,PI,FIFO,true,PI_FIFO,362.057396
3.470023,-1,15,10006.229000,23.228000,359.195402,361.313146,360.000000,618,0.804598,PI,FIFO,true,PI_FIFO,361.484997
3.480019,-1,15,9995.527000,18.755000,356.294537,360.560354,360.000000,619,3.705463,PI,FIFO,true,PI_FIFO,360.446905
3.490018,-1,15,9998.767000,17.522000,355.832490,359.851175,360.000000,620,4.167510,PI,FIFO,true,PI_FIFO,359.524022
3.500028,-1,15,10010.968000,28.490000,352.974398,358.819658,360.000000,622,7.025602,PI,FIFO,true,PI_FIFO,358.214097
3.510017,-1,15,9988.824000,17.314000,354.934377,358.236866,360.000000,624,5.065623,PI,FIFO,true,PI_FIFO,357.558153
3.520017,-1,15,10000.137000,17.451000,360.403652,358.561884,360.000000,624,-0.403652,PI,FIFO,true,PI_FIFO,358.127253
3.530019,-1,15,10001.656000,19.107000,358.554309,358.560748,360.000000,625,1.445691,PI,FIFO,true,PI_FIFO,358.212664
3.540018,-1,15,9998.822000,17.929000,360.403652,358.837183,360.000000,625,-0.403652,PI,FIFO,true,PI_FIFO,358.650862
3.550017,-1,15,9998.934000,16.863000,359.983544,359.009137,360.000000,625,0.016456,PI,FIFO,true,PI_FIFO,358.917398
3.560018,-1,15,10001.099000,17.962000,361.969112,359.453134,360.000000,625,-1.969112,PI,FIFO,true,PI_FIFO,359.527741
3.570018,-1,15,10000.100000,18.062000,358.371560,359.290897,360.000000,625,1.628440,PI,FIFO,true,PI_FIFO,359.296505
3.580017,-1,15,9999.230000,17.292000,363.020329,359.850312,360.000000,624,-3.020329,PI,FIFO,true,PI_FIFO,360.041270
3.590017,-1,15,9999.378000,16.670000,362.996902,360.322301,360.000000,624,-2.996902,PI,FIFO,true,PI_FIFO,360.632396
3.600050,-1,15,10033.632000,50.302000,367.223502,361.357481,360.000000,622,-7.223502,PI,FIFO,true,PI_FIFO,361.950617
3.610034,-1,15,9983.362000,33.664000,362.996902,361.603394,360.000000,620,-2.996902,PI,FIFO,true,PI_FIFO,362.159874
3.620020,-1,15,9986.361000,20.025000,362.844702,361.789590,360.000000,619,-2.844702,PI,FIFO,true,PI_FIFO,362.296840
3.630015,-1,15,9994.823000,14.848000,358.567370,361.306257,360.000000,619,1.432630,PI,FIFO,true,PI_FIFO,361.550946
3.640018,-1,15,10002.804000,17.652000,358.542882,360.891751,360.000000,620,1.457118,PI,FIFO,true,PI_FIFO,360.949333
3.650020,-1,15,10002.136000,19.788000,353.151683,359.730741,360.000000,621,6.848317,PI,FIFO,true,PI_FIFO,359.389803
3.660018,-1,15,9997.841000,17.629000,357.142857,359.342558,360.000000,622,2.857143,PI,FIFO,true,PI_FIFO,358.940414
3.670017,-1,15,9999.841000,17.470000,353.582974,358.478621,360.000000,624,6.417026,PI,FIFO,true,PI_FIFO,357.868926
3.680018,-1,15,10000.045000,17.515000,357.313006,358.303778,360.000000,625,2.686994,PI,FIFO,true,PI_FIFO,357.757742
3.690018,-1,15,10000.229000,17.744000,359.786184,358.526139,360.000000,625,0.213816,PI,FIFO,true,PI_FIFO,358.163430
3.700039,-1,15,10021.393000,39.137000,362.143892,359.068802,360.000000,625,-2.143892,PI,FIFO,true,PI_FIFO,358.959523
3.710020,-1,15,9980.992000,20.129000,359.287174,359.101558,360.000000,625,0.712826,PI,FIFO,true,PI_FIFO,359.025053
3.720018,-1,15,9998.045000,18.174000,362.143892,359.557908,360.000000,625,-2.143892,PI,FIFO,true,PI_FIFO,359.648821
3.730018,-1,15,9999.952000,18.126000,361.318088,359.821935,360.000000,625,-1.318088,PI,FIFO,true,PI_FIFO,359.982674
3.740019,-1,15,10000.433000,18.559000,362.669246,360.249032,360.000000,624,-2.669246,PI,FIFO,true,PI_FIFO,360.519989
3.750018,-1,15,9999.748000,18.307000,360.923965,360.350272,360.000000,624,-0.923965,PI,FIFO,true,PI_FIFO,360.600784
3.760018,-1,15,10000.174000,18.481000,364.691390,361.001439,360.000000,622,-4.691390,PI,FIFO,true,PI_FIFO,361.418905
3.770018,-1,15,9999.934000,18.415000,366.568915,361.836561,360.000000,620,-6.568915,PI,FIFO,true,PI_FIFO,362.448907
3.780018,-1,15,9999.229000,17.644000,364.502333,362.236427,360.000000,619,-4.502333,PI,FIFO,true,PI_FIFO,362.859592
3.790017,-1,15,9999.212000,16.856000,361.969112,362.196329,360.000000,618,-1.969112,PI,FIFO,true,PI_FIFO,362.681496
3.800026,-1,15,10008.802000,25.658000,358.998906,361.716716,360.000000,618,1.001094,PI,FIFO,true,PI_FIFO,361.944978
3.810027,-1,15,10000.878000,26.536000,358.307104,361.205274,360.000000,618,1.692896,PI,FIFO,true,PI_FIFO,361.217403
3.820018,-1,15,9991.138000,17.674000,354.346652,360.176481,360.000000,619,5.653348,PI,FIFO,true,PI_FIFO,359.843253
3.830018,-1,15,9999.878000,17.552000,355.113636,359.417054,360.000000,621,4.886364,PI,FIFO,true,PI_FIFO,358.897330
3.840017,-1,15,9999.822000,17.374000,354.921579,358.742733,360.000000,622,5.078421,PI,FIFO,true,PI_FIFO,358.102180
3.850017,-1,15,10000.082000,17.456000,359.539789,358.862291,360.000000,622,0.460211,PI,FIFO,true,PI_FIFO,358.389702
3.860017,-1,15,9999.655000,17.111000,357.460600,358.652038,360.000000,623,2.539400,PI,FIFO,true,PI_FIFO,358.203881
3.870017,-1,15,10000.174000,17.285000,359.884837,358.836958,360.000000,624,0.115163,PI,FIFO,true,PI_FIFO,358.540072
3.880018,-1,15,10000.230000,17.515000,359.195402,358.890724,360.000000,624,0.804598,PI,FIFO,true,PI_FIFO,358.671138
3.890017,-1,15,9999.952000,17.467000,360.230548,359.091698,360.000000,624,-0.230548,PI,FIFO,true,PI_FIFO,358.983020
3.900027,-1,15,10009.691000,27.158000,357.824427,358.901607,360.000000,625,2.175573,PI,FIFO,true,PI_FIFO,358.751302
3.910014,-1,15,9987.250000,14.408000,363.020329,359.519415,360.000000,624,-3.020329,PI,FIFO,true,PI_FIFO,359.605107
3.920017,-1,15,10002.600000,17.008000,361.445783,359.808371,360.000000,624,-1.445783,PI,FIFO,true,PI_FIFO,359.973242
3.930014,-1,15,9997.304000,14.312000,366.020302,360.740160,360.000000,622,-6.020302,PI,FIFO,true,PI_FIFO,361.182654
3.940019,-1,15,10004.746000,19.058000,364.077670,361.240787,360.000000,621,-4.077670,PI,FIFO,true,PI_FIFO,361.761657
3.950025,-1,15,10006.210000,25.268000,366.210938,361.986309,360.000000,619,-6.210938,PI,FIFO,true,PI_FIFO,362.651513
3.960019,-1,15,9993.581000,18.849000,361.097737,361.853024,360.000000,619,-1.097737,PI,FIFO,true,PI_FIFO,362.340758
3.970019,-1,15,10000.618000,19.467000,359.470859,361.495699,360.000000,618,0.529141,PI,FIFO,true,PI_FIFO,361.766778
3.980018,-1,15,9998.451000,17.918000,357.142857,360.842773,360.000000,619,2.857143,PI,FIFO,true,PI_FIFO,360.841994
3.990018,-1,15,9999.636000,17.554000,357.434641,360.331553,360.000000,619,2.565359,PI,FIFO,true,PI_FIFO,360.160523
4.000028,-1,15,10010.172000,27.726000,353.773585,359.347858,360.000000,621,6.226415,PI,FIFO,true,PI_FIFO,358.883136
4.010017,-1,15,9989.360000,17.086000,354.729730,358.655138,360.000000,623,5.270270,PI,FIFO,true,PI_FIFO,358.052454
4.020018,-1,15,10000.617000,17.703000,359.600632,358.796962,360.000000,623,0.399368,PI,FIFO,true,PI_FIFO,358.362090
4.030018,-1,15,9999.914000,17.617000,359.589041,358.915774,360.000000,623,0.410959,PI,FIFO,true,PI_FIFO,358.607480
4.040017,-1,15,9999.803000,17.420000,359.539789,359.009376,360.000000,624,0.460211,PI,FIFO,true,PI_FIFO,358.793942
4.050017,-1,15,9999.544000,16.964000,359.838792,359.133789,360.000000,624,0.161208,PI,FIFO,true,PI_FIFO,359.002912
4.060017,-1,15,10000.451000,17.415000,361.410948,359.475363,360.000000,624,-1.410948,PI,FIFO,true,PI_FIFO,359.484519
4.070017,-1,15,9999.729000,17.144000,358.841864,359.380338,360.000000,624,1.158136,PI,FIFO,true,PI_FIFO,359.355988
4.080018,-1,15,10000.488000,17.632000,361.620058,359.716296,360.000000,624,-1.620058,PI,FIFO,true,PI_FIFO,359.808802
4.090017,-1,15,9999.802000,17.434000,362.248841,360.096178,360.000000,623,-2.248841,PI,FIFO,true,PI_FIFO,360.296810
4.100026,-1,15,10008.413000,25.847000,367.358934,361.185591,360.000000,621,-7.358934,PI,FIFO,true,PI_FIFO,361.709235
4.110018,-1,15,9992.026000,17.873000,361.809461,361.279172,360.000000,620,-1.809461,PI,FIFO,true,PI_FIFO,361.729280
4.120018,-1,15,10000.192000,18.065000,363.901019,361.672449,360.000000,619,-3.901019,PI,FIFO,true,PI_FIFO,362.163628
4.130018,-1,15,10000.247000,18.312000,359.884837,361.404307,360.000000,619,0.115163,PI,FIFO,true,PI_FIFO,361.707870
4.140018,-1,15,9999.618000,17.930000,358.006619,360.894654,360.000000,619,1.993381,PI,FIFO,true,PI_FIFO,360.967619
4.150018,-1,15,10000.118000,18.048000,353.940538,359.851536,360.000000,621,6.059462,PI,FIFO,true,PI_FIFO,359.562203
4.160017,-1,15,9999.377000,17.425000,356.851550,359.401538,360.000000,622,3.148450,PI,FIFO,true,PI_FIFO,359.020072
4.170018,-1,15,10001.025000,18.450000,354.274917,358.632545,360.000000,623,5.725083,PI,FIFO,true,PI_FIFO,358.071041
4.180018,-1,15,9999.302000,17.752000,358.606557,358.628647,360.000000,624,1.393443,PI,FIFO,true,PI_FIFO,358.178145
4.190018,-1,15,9999.766000,17.518000,358.680057,358.636359,360.000000,624,1.319943,PI,FIFO,true,PI_FIFO,358.278527
4.200026,-1,15,10008.783000,26.301000,362.248841,359.178231,360.000000,624,-2.248841,PI,FIFO,true,PI_FIFO,359.072590
4.210017,-1,15,9990.990000,17.291000,359.367513,359.206623,360.000000,624,0.632487,PI,FIFO,true,PI_FIFO,359.131575
4.220018,-1,15,10000.228000,17.519000,361.318088,359.523343,360.000000,624,-1.318088,PI,FIFO,true,PI_FIFO,359.568877
4.230017,-1,15,9999.859000,17.378000,361.445783,359.811709,360.000000,624,-1.445783,PI,FIFO,true,PI_FIFO,359.944258
4.240020,-1,15,10002.821000,20.199000,362.809598,360.261392,360.000000,623,-2.809598,PI,FIFO,true,PI_FIFO,360.517326
4.250018,-1,15,9997.396000,17.595000,360.889231,360.355568,360.000000,623,-0.889231,PI,FIFO,true,PI_FIFO,360.591707
4.260018,-1,15,9999.914000,17.509000,364.691390,361.005941,360.000000,622,-4.691390,PI,FIFO,true,PI_FIFO,361.411644
4.270017,-1,15,9999.821000,17.330000,366.246704,361.792056,360.000000,620,-6.246704,PI,FIFO,true,PI_FIFO,362.378656
4.280017,-1,15,9999.821000,17.151000,363.372093,362.029061,360.000000,618,-3.372093,PI,FIFO,true,PI_FIFO,362.577343
4.290017,-1,15,10000.248000,17.399000,361.410948,361.936344,360.000000,618,-1.410948,PI,FIFO,true,PI_FIFO,362.344064
4.300028,-1,15,10010.375000,27.774000,359.234727,361.531102,360.000000,618,0.765273,PI,FIFO,true,PI_FIFO,361.722197
4.310038,-1,15,10009.875000,37.649000,357.985175,360.999213,360.000000,618,2.014825,PI,FIFO,true,PI_FIFO,360.974793
4.320030,-1,15,9992.767000,30.416000,354.155424,359.972644,360.000000,619,5.844576,PI,FIFO,true,PI_FIFO,359.610919
4.330039,-1,15,10008.709000,39.125000,353.506787,359.002766,360.000000,621,6.493213,PI,FIFO,true,PI_FIFO,358.390092
4.340018,-1,15,9979.084000,18.209000,353.684608,358.205042,360.000000,623,6.315392,PI,FIFO,true,PI_FIFO,357.448996
4.350018,-1,15,9999.340000,17.549000,358.920368,358.312341,360.000000,623,1.079632,PI,FIFO,true,PI_FIFO,357.743270
4.360019,-1,15,10001.062000,18.611000,356.309045,358.011847,360.000000,625,3.690955,PI,FIFO,true,PI_FIFO,357.456425
4.370019,-1,15,10000.154000,18.765000,360.750361,358.422624,360.000000,625,-0.750361,PI,FIFO,true,PI_FIFO,358.115212
4.380018,-1,15,9999.007000,17.772000,359.103677,358.524782,360.000000,626,0.896323,PI,FIFO,true,PI_FIFO,358.312905
4.390017,-1,15,9999.673000,17.445000,362.143892,359.067648,360.000000,625,-2.143892,PI,FIFO,true,PI_FIFO,359.079103
4.400025,-1,15,10007.950000,25.395000,357.434641,358.822697,360.000000,626,2.565359,PI,FIFO,true,PI_FIFO,358.750210
4.410017,-1,15,9991.934000,17.329000,363.206472,359.480263,360.000000,625,-3.206472,PI,FIFO,true,PI_FIFO,359.641463
4.420018,-1,15,10000.617000,17.946000,361.172262,359.734063,360.000000,625,-1.172262,PI,FIFO,true,PI_FIFO,359.947622
4.430017,-1,15,9999.359000,17.305000,367.358934,360.877794,360.000000,623,-7.358934,PI,FIFO,true,PI_FIFO,361.429885
4.440018,-1,15,10000.247000,17.552000,365.029480,361.500547,360.000000,622,-5.029480,PI,FIFO,true,PI_FIFO,362.149804
4.450017,-1,15,9999.747000,17.299000,365.706746,362.131477,360.000000,620,-5.706746,PI,FIFO,true,PI_FIFO,362.861192
4.460018,-1,15,10000.525000,17.824000,360.973597,361.957795,360.000000,619,-0.973597,PI,FIFO,true,PI_FIFO,362.483673
4.470018,-1,15,10000.377000,18.201000,359.367513,361.569253,360.000000,619,0.632487,PI,FIFO,true,PI_FIFO,361.860441
4.480018,-1,15,9999.840000,18.041000,357.097511,360.898491,360.000000,619,2.902489,PI,FIFO,true,PI_FIFO,360.907855
4.490017,-1,15,9999.340000,17.381000,356.972870,360.309648,360.000000,620,3.027130,PI,FIFO,true,PI_FIFO,360.120858
4.500027,-1,15,10009.172000,26.553000,353.582974,359.300647,360.000000,622,6.417026,PI,FIFO,true,PI_FIFO,358.813281
4.510018,-1,15,9991.026000,17.579000,356.803045,358.926007,360.000000,623,3.196955,PI,FIFO,true,PI_FIFO,358.411234
4.520018,-1,15,10000.136000,17.715000,358.998906,358.936942,360.000000,623,1.001094,PI,FIFO,true,PI_FIFO,358.528768
4.530017,-1,15,9999.785000,17.500000,359.114466,358.963570,360.000000,624,0.885534,PI,FIFO,true,PI_FIFO,358.645908
4.540017,-1,15,9999.673000,17.173000,359.195402,358.998345,360.000000,624,0.804598,PI,FIFO,true,PI_FIFO,358.755807
4.550024,-1,15,10006.598000,23.771000,359.589041,359.086949,360.000000,624,0.410959,PI,FIFO,true,PI_FIFO,358.922454
4.560018,-1,15,9994.508000,18.279000,362.493958,359.598001,360.000000,624,-2.493958,PI,FIFO,true,PI_FIFO,359.636755
4.570016,-1,15,9997.340000,15.619000,359.103677,359.523852,360.000000,624,0.896323,PI,FIFO,true,PI_FIFO,359.530139
4.580018,-1,15,10001.951000,17.570000,361.271676,359.786026,360.000000,624,-1.271676,PI,FIFO,true,PI_FIFO,359.878447
4.590014,-1,15,9996.562000,14.132000,362.248841,360.155448,360.000000,623,-2.248841,PI,FIFO,true,PI_FIFO,360.352525
4.600030,-1,15,10015.578000,29.710000,366.927593,361.171270,360.000000,622,-6.927593,PI,FIFO,true,PI_FIFO,361.667539
4.610019,-1,15,9988.860000,18.570000,362.062307,361.304925,360.000000,621,-2.062307,PI,FIFO,true,PI_FIFO,361.746493
4.620018,-1,15,9999.063000,17.633000,364.077670,361.720837,360.000000,619,-4.077670,PI,FIFO,true,PI_FIFO,362.212728
4.630025,-1,15,10007.227000,24.860000,360.724913,361.571448,360.000000,619,-0.724913,PI,FIFO,true,PI_FIFO,361.915165
4.640019,-1,15,9994.211000,19.071000,358.886018,361.168634,360.000000,619,1.113982,PI,FIFO,true,PI_FIFO,361.309336
4.650017,-1,15,9998.396000,17.467000,354.155424,360.116652,360.000000,620,5.844576,PI,FIFO,true,PI_FIFO,359.878553
4.660019,-1,15,10001.044000,18.511000,356.633381,359.594162,360.000000,621,3.366619,PI,FIFO,true,PI_FIFO,359.229519
4.670017,-1,15,9998.654000,17.165000,353.582974,358.692483,360.000000,623,6.417026,PI,FIFO,true,PI_FIFO,358.100210
4.680018,-1,15,10001.025000,18.190000,357.824427,358.562275,360.000000,624,2.175573,PI,FIFO,true,PI_FIFO,358.045053
4.690017,-1,15,9999.192000,17.382000,358.554309,358.561080,360.000000,624,1.445691,PI,FIFO,true,PI_FIFO,358.146904
4.700035,-1,15,10017.800000,35.182000,361.969112,359.072285,360.000000,624,-1.969112,PI,FIFO,true,PI_FIFO,358.911346
4.710018,-1,15,9982.621000,17.803000,359.103677,359.076994,360.000000,625,0.896323,PI,FIFO,true,PI_FIFO,358.949812
4.720019,-1,15,10001.080000,18.883000,359.884837,359.198170,360.000000,625,0.115163,PI,FIFO,true,PI_FIFO,359.136817
4.730018,-1,15,9998.692000,17.575000,360.181120,359.345613,360.000000,625,-0.181120,PI,FIFO,true,PI_FIFO,359.345678
4.740018,-1,15,10000.025000,17.600000,360.750361,359.556325,360.000000,625,-0.750361,PI,FIFO,true,PI_FIFO,359.626614
4.750018,-1,15,10000.636000,18.236000,361.132512,359.792753,360.000000,625,-1.132512,PI,FIFO,true,PI_FIFO,359.927794
4.760017,-1,15,9998.951000,17.187000,364.785992,360.541739,360.000000,623,-4.785992,PI,FIFO,true,PI_FIFO,360.899433
4.770019,-1,15,10001.821000,19.008000,367.167102,361.535543,360.000000,621,-7.167102,PI,FIFO,true,PI_FIFO,362.152967
4.780019,-1,15,9999.581000,18.589000,363.196126,361.784631,360.000000,620,-3.196126,PI,FIFO,true,PI_FIFO,362.361599
4.790018,-1,15,9999.766000,18.355000,361.689815,361.770408,360.000000,619,-1.689815,PI,FIFO,true,PI_FIFO,362.227242
4.800027,-1,15,10008.283000,26.638000,359.023456,361.358365,360.000000,619,0.976544,PI,FIFO,true,PI_FIFO,361.586485
4.810027,-1,15,10000.414000,27.052000,358.508604,360.930901,360.000000,619,1.491396,PI,FIFO,true,PI_FIFO,360.970909
4.820019,-1,15,9992.008000,19.060000,354.729730,360.000726,360.000000,621,5.270270,PI,FIFO,true,PI_FIFO,359.722673
4.830018,-1,15,9998.654000,17.714000,355.281857,359.292895,360.000000,622,4.718143,PI,FIFO,true,PI_FIFO,358.834510
4.840018,-1,15,9999.970000,17.684000,354.755298,358.612256,360.000000,623,5.244702,PI,FIFO,true,PI_FIFO,358.018667
4.850017,-1,15,9999.710000,17.394000,359.195402,358.699728,360.000000,624,0.804598,PI,FIFO,true,PI_FIFO,358.254014
4.860017,-1,15,9999.896000,17.290000,356.463878,358.364350,360.000000,625,3.536122,PI,FIFO,true,PI_FIFO,357.895987
4.870018,-1,15,10000.599000,17.889000,361.271676,358.800449,360.000000,625,-1.271676,PI,FIFO,true,PI_FIFO,358.571125
4.880017,-1,15,9998.655000,16.544000,360.392107,359.039198,360.000000,625,-0.392107,PI,FIFO,true,PI_FIFO,358.935321
4.890017,-1,15,10000.580000,17.124000,362.143892,359.504902,360.000000,625,-2.143892,PI,FIFO,true,PI_FIFO,359.577035
4.900027,-1,15,10009.450000,26.574000,358.215066,359.311426,360.000000,625,1.784934,PI,FIFO,true,PI_FIFO,359.304641
4.910030,-1,15,10003.876000,30.450000,364.036090,360.020126,360.000000,624,-4.036090,PI,FIFO,true,PI_FIFO,360.250931
4.920019,-1,15,9988.342000,18.792000,361.570248,360.252644,360.000000,624,-1.570248,PI,FIFO,true,PI_FIFO,360.514794
4.930015,-1,15,9995.951000,14.743000,366.716521,361.222226,360.000000,622,-6.716521,PI,FIFO,true,PI_FIFO,361.755140
4.940021,-1,15,10006.227000,20.970000,364.880643,361.770988,360.000000,621,-4.880643,PI,FIFO,true,PI_FIFO,362.380240
4.950021,-1,15,10000.080000,21.050000,365.319045,362.303197,360.000000,619,-5.319045,PI,FIFO,true,PI_FIFO,362.968001
4.960022,-1,15,10000.672000,21.722000,360.392107,362.016533,360.000000,618,-0.392107,PI,FIFO,true,PI_FIFO,362.452822
4.970020,-1,15,9997.839000,19.561000,358.680057,361.516062,360.000000,618,1.319943,PI,FIFO,true,PI_FIFO,361.698269
4.980018,-1,15,9998.636000,18.197000,355.459864,360.607632,360.000000,619,4.540136,PI,FIFO,true,PI_FIFO,360.450588
4.990017,-1,15,9998.821000,17.018000,355.652504,359.864363,360.000000,620,4.347496,PI,FIFO,true,PI_FIFO,359.490971
5.000029,-1,15,10011.652000,28.670000,353.202368,358.865064,360.000000,622,6.797632,PI,FIFO,true,PI_FIFO,358.233251
5.010035,-1,15,10006.115000,34.785000,354.777673,358.251955,360.000000,624,5.222327,PI,FIFO,true,PI_FIFO,357.542135
5.020027,-1,15,9992.174000,26.959000,358.371560,358.269896,360.000000,625,1.628440,PI,FIFO,true,PI_FIFO,357.708020
5.030018,-1,15,9991.489000,18.448000,359.195402,358.408722,360.000000,625,0.804598,PI,FIFO,true,PI_FIFO,358.005496
5.040018,-1,15,9999.635000,18.083000,358.700643,358.452510,360.000000,626,1.299357,PI,FIFO,true,PI_FIFO,358.144526
5.050017,-1,15,9999.246000,17.329000,359.746738,358.646644,360.000000,626,0.253262,PI,FIFO,true,PI_FIFO,358.464968
5.060018,-1,15,10000.395000,17.724000,362.168874,359.174979,360.000000,626,-2.168874,PI,FIFO,true,PI_FIFO,359.205749
5.070017,-1,15,9999.395000,17.119000,359.367513,359.203859,360.000000,626,0.632487,PI,FIFO,true,PI_FIFO,359.238102
5.080018,-1,15,10001.153000,18.272000,363.559979,359.857277,360.000000,625,-3.559979,PI,FIFO,true,PI_FIFO,360.102478
5.090017,-1,15,9998.876000,17.148000,363.196126,360.358104,360.000000,624,-3.196126,PI,FIFO,true,PI_FIFO,360.721207
5.100029,-1,15,10012.171000,29.319000,367.550967,361.437034,360.000000,622,-7.550967,PI,FIFO,true,PI_FIFO,362.087159
5.110018,-1,15,9988.341000,17.660000,363.703788,361.777047,360.000000,621,-3.703788,PI,FIFO,true,PI_FIFO,362.410485
5.120017,-1,15,9999.765000,17.425000,363.774945,362.076732,360.000000,620,-3.774945,PI,FIFO,true,PI_FIFO,362.683377
5.130032,-1,15,10014.114000,31.539000,361.445783,361.982089,360.000000,619,-1.445783,PI,FIFO,true,PI_FIFO,362.435858
5.140021,-1,15,9989.563000,21.102000,359.470859,361.605405,360.000000,619,0.529141,PI,FIFO,true,PI_FIFO,361.842858
5.150018,-1,15,9996.877000,17.979000,355.753724,360.727653,360.000000,619,4.246276,PI,FIFO,true,PI_FIFO,360.625031
5.160017,-1,15,9999.450000,17.429000,356.502608,360.093896,360.000000,620,3.497392,PI,FIFO,true,PI_FIFO,359.800547
5.170018,-1,15,10000.357000,17.786000,353.940538,359.170892,360.000000,622,6.059462,PI,FIFO,true,PI_FIFO,358.628545
5.180018,-1,15,10000.506000,18.292000,357.642421,358.941621,360.000000,623,2.357579,PI,FIFO,true,PI_FIFO,358.431320
5.190015,-1,15,9997.099000,15.391000,357.313006,358.697329,360.000000,624,2.686994,PI,FIFO,true,PI_FIFO,358.207657
5.200027,-1,15,10011.226000,26.617000,361.969112,359.188097,360.000000,623,-1.969112,PI,FIFO,true,PI_FIFO,358.959948
5.210018,-1,15,9991.081000,17.698000,358.166189,359.034810,360.000000,624,1.833811,PI,FIFO,true,PI_FIFO,358.801196
5.220018,-1,15,10000.079000,17.777000,360.023041,359.183045,360.000000,624,-0.023041,PI,FIFO,true,PI_FIFO,359.045565
5.230017,-1,15,9999.451000,17.228000,359.023456,359.159107,360.000000,625,0.976544,PI,FIFO,true,PI_FIFO,359.041144
5.240017,-1,15,9999.691000,16.919000,360.403652,359.345789,360.000000,625,-0.403652,PI,FIFO,true,PI_FIFO,359.313645
5.250014,-1,15,9997.321000,14.240000,359.195402,359.323231,360.000000,625,0.804598,PI,FIFO,true,PI_FIFO,359.289997
5.260017,-1,15,10002.894000,17.134000,364.202468,360.055116,360.000000,624,-4.202468,PI,FIFO,true,PI_FIFO,360.272491
5.270014,-1,15,9997.043000,14.177000,366.020302,360.949894,360.000000,622,-6.020302,PI,FIFO,true,PI_FIFO,361.422053
5.280017,-1,15,10002.857000,17.034000,364.077670,361.419060,360.000000,621,-4.077670,PI,FIFO,true,PI_FIFO,361.953177
5.290018,-1,15,10000.579000,17.613000,360.973597,361.352241,360.000000,621,-0.973597,PI,FIFO,true,PI_FIFO,361.757261
5.300025,-1,15,10007.061000,24.674000,359.367513,361.054532,360.000000,620,0.632487,PI,FIFO,true,PI_FIFO,361.279311
5.310017,-1,15,9992.692000,17.366000,358.883728,360.728911,360.000000,621,1.116272,PI,FIFO,true,PI_FIFO,360.800195
5.320017,-1,15,9999.783000,17.149000,355.147268,359.891665,360.000000,622,4.852732,PI,FIFO,true,PI_FIFO,359.669609
5.330017,-1,15,10000.080000,17.229000,356.077048,359.319472,360.000000,623,3.922952,PI,FIFO,true,PI_FIFO,358.951097
5.340017,-1,15,9999.765000,16.994000,355.753724,358.784610,360.000000,624,4.246276,PI,FIFO,true,PI_FIFO,358.311622
5.350017,-1,15,10000.005000,16.999000,359.875627,358.948263,360.000000,624,0.124373,PI,FIFO,true,PI_FIFO,358.624423
5.360018,-1,15,10000.913000,17.912000,358.508604,358.882314,360.000000,625,1.491396,PI,FIFO,true,PI_FIFO,358.601259
5.370018,-1,15,10000.413000,18.325000,360.775151,359.166239,360.000000,625,-0.775151,PI,FIFO,true,PI_FIFO,359.036038
5.380018,-1,15,10000.062000,18.387000,359.712230,359.248138,360.000000,625,0.287770,PI,FIFO,true,PI_FIFO,359.171276
5.390018,-1,15,9999.598000,17.985000,362.215909,359.693304,360.000000,625,-2.215909,PI,FIFO,true,PI_FIFO,359.780203
5.400027,-1,15,10008.763000,26.748000,358.215066,359.471568,360.000000,625,1.784934,PI,FIFO,true,PI_FIFO,359.467175
5.410015,-1,15,9988.119000,14.867000,362.634175,359.945959,360.000000,625,-2.634175,PI,FIFO,true,PI_FIFO,360.100575
5.420018,-1,15,10003.246000,18.113000,360.984187,360.101693,360.000000,624,-0.984187,PI,FIFO,true,PI_FIFO,360.277298
5.430017,-1,15,9999.098000,17.211000,364.963504,360.830965,360.000000,623,-4.963504,PI,FIFO,true,PI_FIFO,361.214539
5.440017,-1,15,10000.136000,17.347000,363.748060,361.268529,360.000000,622,-3.748060,PI,FIFO,true,PI_FIFO,361.721243
5.450017,-1,15,9999.894000,17.241000,365.141188,361.849428,360.000000,620,-5.141188,PI,FIFO,true,PI_FIFO,362.405232
5.460017,-1,15,9999.784000,17.025000,360.576923,361.658552,360.000000,620,-0.576923,PI,FIFO,true,PI_FIFO,362.039570
5.470017,-1,15,9999.968000,16.993000,359.712230,361.366604,360.000000,619,0.287770,PI,FIFO,true,PI_FIFO,361.574102
5.480016,-1,15,9999.265000,16.258000,356.270358,360.602167,360.000000,620,3.729642,PI,FIFO,true,PI_FIFO,360.513353
5.490017,-1,15,10001.006000,17.264000,356.125356,359.930645,360.000000,621,3.874644,PI,FIFO,true,PI_FIFO,359.635754
5.500026,-1,15,10008.486000,25.750000,353.202368,358.921404,360.000000,623,6.797632,PI,FIFO,true,PI_FIFO,358.349077
5.510018,-1,15,9991.784000,17.534000,355.281857,358.375472,360.000000,624,4.718143,PI,FIFO,true,PI_FIFO,357.735633
5.520018,-1,15,10000.136000,17.670000,359.287174,358.512227,360.000000,625,0.712826,PI,FIFO,true,PI_FIFO,358.045941
5.530017,-1,15,9999.468000,17.138000,360.057609,358.744034,360.000000,625,-0.057609,PI,FIFO,true,PI_FIFO,358.448275
5.540017,-1,15,10000.062000,17.200000,359.786184,358.900357,360.000000,626,0.213816,PI,FIFO,true,PI_FIFO,358.715857
5.550018,-1,15,10000.450000,17.650000,359.762980,359.029750,360.000000,626,0.237020,PI,FIFO,true,PI_FIFO,358.925281
5.560018,-1,15,9999.857000,17.507000,362.368857,359.530616,360.000000,625,-2.368857,PI,FIFO,true,PI_FIFO,359.613996
5.570018,-1,15,10000.487000,17.994000,358.645754,359.397887,360.000000,626,1.354246,PI,FIFO,true,PI_FIFO,359.420348
5.580018,-1,15,9999.802000,17.796000,362.659893,359.887188,360.000000,625,-2.659893,PI,FIFO,true,PI_FIFO,360.068257
5.590017,-1,15,9999.154000,16.950000,363.020329,360.357159,360.000000,624,-3.020329,PI,FIFO,true,PI_FIFO,360.658671
5.600026,-1,15,10009.467000,26.417000,367.731887,361.463368,360.000000,622,-7.731887,PI,FIFO,true,PI_FIFO,362.073315
5.610014,-1,15,9988.045000,14.462000,363.130810,361.713485,360.000000,621,-3.130810,PI,FIFO,true,PI_FIFO,362.284814
5.620017,-1,15,10002.653000,17.115000,364.036090,362.061875,360.000000,620,-4.036090,PI,FIFO,true,PI_FIFO,362.635069
5.630014,-1,15,9996.988000,14.103000,359.628452,361.696862,360.000000,619,0.371548,PI,FIFO,true,PI_FIFO,362.033746
5.640018,-1,15,10003.709000,17.812000,358.680057,361.244341,360.000000,619,1.319943,PI,FIFO,true,PI_FIFO,361.363008
5.650017,-1,15,9998.950000,16.762000,353.735446,360.118007,360.000000,621,6.264554,PI,FIFO,true,PI_FIFO,359.837496
5.660017,-1,15,10000.598000,17.360000,356.667301,359.600401,360.000000,622,3.332699,PI,FIFO,true,PI_FIFO,359.203457
5.670017,-1,15,9999.654000,17.014000,353.506787,358.686359,360.000000,624,6.493213,PI,FIFO,true,PI_FIFO,358.064123
5.680017,-1,15,9999.561000,16.575000,357.313006,358.480356,360.000000,625,2.686994,PI,FIFO,true,PI_FIFO,357.913899
5.690017,-1,15,10000.432000,17.007000,358.019640,358.411249,360.000000,625,1.980360,PI,FIFO,true,PI_FIFO,357.935048
5.700038,-1,15,10021.206000,38.213000,362.143892,358.971145,360.000000,625,-2.143892,PI,FIFO,true,PI_FIFO,358.776816
5.710019,-1,15,9980.601000,18.814000,359.838792,359.101292,360.000000,625,0.161208,PI,FIFO,true,PI_FIFO,358.989212
5.720037,-1,15,10017.947000,36.761000,361.794501,359.505273,360.000000,625,-1.794501,PI,FIFO,true,PI_FIFO,359.550269
5.730024,-1,15,9987.638000,24.399000,360.761929,359.693772,360.000000,625,-0.761929,PI,FIFO,true,PI_FIFO,359.792601
5.740021,-1,15,9996.321000,20.720000,361.132512,359.909583,360.000000,625,-1.132512,PI,FIFO,true,PI_FIFO,360.060583
5.750017,-1,15,9996.543000,17.263000,361.062969,360.082591,360.000000,624,-1.062969,PI,FIFO,true,PI_FIFO,360.261061
5.760017,-1,15,9999.969000,17.232000,364.289878,360.713684,360.000000,623,-4.289878,PI,FIFO,true,PI_FIFO,361.066824
5.770019,-1,15,10001.561000,18.793000,366.401772,361.566897,360.000000,621,-6.401772,PI,FIFO,true,PI_FIFO,362.133814
5.780017,-1,15,9998.617000,17.410000,364.608653,362.023160,360.000000,620,-4.608653,PI,FIFO,true,PI_FIFO,362.628782
5.790017,-1,15,9999.283000,16.693000,362.211519,362.051414,360.000000,619,-2.211519,PI,FIFO,true,PI_FIFO,362.545329
5.800030,-1,15,10013.152000,29.845000,359.401955,361.653995,360.000000,619,0.598045,PI,FIFO,true,PI_FIFO,361.916654
5.810019,-1,15,9988.915000,18.760000,359.786184,361.373824,360.000000,618,0.213816,PI,FIFO,true,PI_FIFO,361.490560
5.820016,-1,15,9997.321000,16.081000,354.274917,360.308988,360.000000,620,5.725083,PI,FIFO,true,PI_FIFO,360.047432
5.830016,-1,15,10000.190000,16.271000,355.691057,359.616298,360.000000,621,4.308943,PI,FIFO,true,PI_FIFO,359.176157
5.840018,-1,15,10002.191000,18.462000,354.442344,358.840205,360.000000,622,5.557656,PI,FIFO,true,PI_FIFO,358.229394
5.850016,-1,15,9997.562000,16.024000,359.367513,358.919301,360.000000,623,0.632487,PI,FIFO,true,PI_FIFO,358.457018
5.860015,-1,15,9999.357000,15.381000,356.077048,358.492963,360.000000,624,3.922952,PI,FIFO,true,PI_FIFO,357.981024
5.870016,-1,15,10001.098000,16.479000,360.230548,358.753601,360.000000,624,-0.230548,PI,FIFO,true,PI_FIFO,358.430929
5.880016,-1,15,9999.432000,15.911000,358.851675,358.768312,360.000000,625,1.148325,PI,FIFO,true,PI_FIFO,358.515078
5.890013,-1,15,9996.617000,12.528000,359.838792,358.928884,360.000000,625,0.161208,PI,FIFO,true,PI_FIFO,358.779821
5.900025,-1,15,10012.374000,24.902000,356.193009,358.518503,360.000000,626,3.806991,PI,FIFO,true,PI_FIFO,358.262458
5.910019,-1,15,9994.285000,19.187000,362.025023,359.044481,360.000000,626,-2.025023,PI,FIFO,true,PI_FIFO,359.014971
5.920018,-1,15,9999.283000,18.470000,361.480625,359.409902,360.000000,626,-1.480625,PI,FIFO,true,PI_FIFO,359.508102
5.930018,-1,15,9999.228000,17.698000,366.210938,360.430058,360.000000,624,-6.210938,PI,FIFO,true,PI_FIFO,360.848669
5.940017,-1,15,9999.098000,16.796000,363.548231,360.897784,360.000000,623,-3.548231,PI,FIFO,true,PI_FIFO,361.388581
5.950018,-1,15,10000.764000,17.560000,366.210938,361.694757,360.000000,621,-6.210938,PI,FIFO,true,PI_FIFO,362.353053
5.960018,-1,15,10000.819000,18.379000,360.230548,361.475125,360.000000,621,-0.230548,PI,FIFO,true,PI_FIFO,361.928552
5.970019,-1,15,10000.857000,19.236000,360.761929,361.368146,360.000000,620,-0.761929,PI,FIFO,true,PI_FIFO,361.695227
5.980018,-1,15,9999.208000,18.444000,357.142857,360.734353,360.000000,621,2.857143,PI,FIFO,true,PI_FIFO,360.784753
5.990018,-1,15,9999.431000,17.875000,357.629428,360.268614,360.000000,621,2.370572,PI,FIFO,true,PI_FIFO,360.153688
6.000026,-1,15,10008.448000,26.323000,353.940538,359.319402,360.000000,623,6.059462,PI,FIFO,true,PI_FIFO,358.911058
6.010018,-1,15,9991.766000,18.089000,356.463878,358.891074,360.000000,624,3.536122,PI,FIFO,true,PI_FIFO,358.421622
6.020018,-1,15,9999.504000,17.593000,360.181120,359.084581,360.000000,624,-0.181120,PI,FIFO,true,PI_FIFO,358.773522
6.030017,-1,15,9999.468000,17.061000,360.740154,359.332917,360.000000,624,-0.740154,PI,FIFO,true,PI_FIFO,359.166848
6.040019,-1,15,10001.560000,18.621000,358.998906,359.282815,360.000000,625,1.001094,PI,FIFO,true,PI_FIFO,359.133260
6.050015,-1,15,9996.469000,15.090000,360.750361,359.502947,360.000000,625,-0.750361,PI,FIFO,true,PI_FIFO,359.456680
6.060018,-1,15,10003.115000,18.205000,362.435567,359.942840,360.000000,624,-2.435567,PI,FIFO,true,PI_FIFO,360.052457
6.070017,-1,15,9999.061000,17.266000,360.230548,359.985996,360.000000,624,-0.230548,PI,FIFO,true,PI_FIFO,360.088075
6.080017,-1,15,9999.967000,17.233000,361.875965,360.269491,360.000000,623,-1.875965,PI,FIFO,true,PI_FIFO,360.445653
6.090017,-1,15,9999.894000,17.127000,363.196126,360.708487,360.000000,623,-3.196126,PI,FIFO,true,PI_FIFO,360.995748
6.100026,-1,15,10009.318000,26.445000,367.167102,361.677279,360.000000,621,-7.167102,PI,FIFO,true,PI_FIFO,362.230019
6.110018,-1,15,9991.340000,17.785000,363.196126,361.905106,360.000000,619,-3.196126,PI,FIFO,true,PI_FIFO,362.423240
6.120018,-1,15,9999.857000,17.642000,364.124806,362.238061,360.000000,618,-4.124806,PI,FIFO,true,PI_FIFO,362.763553
6.130017,-1,15,9999.523000,17.165000,359.539789,361.833320,360.000000,618,0.460211,PI,FIFO,true,PI_FIFO,362.118800
6.140017,-1,15,9999.949000,17.114000,357.006855,361.109350,360.000000,618,2.993145,PI,FIFO,true,PI_FIFO,361.096411
6.150017,-1,15,10000.061000,17.175000,353.473466,359.963968,360.000000,620,6.526534,PI,FIFO,true,PI_FIFO,359.571822
6.160017,-1,15,9999.949000,17.124000,355.305901,359.265258,360.000000,621,4.694099,PI,FIFO,true,PI_FIFO,358.718638
6.170019,-1,15,10001.930000,19.054000,353.606789,358.416487,360.000000,623,6.393211,PI,FIFO,true,PI_FIFO,357.696268
6.180018,-1,15,9999.413000,18.467000,357.460600,358.273104,360.000000,624,2.539400,PI,FIFO,true,PI_FIFO,357.649135
6.190017,-1,15,9999.004000,17.471000,358.508604,358.308429,360.000000,625,1.491396,PI,FIFO,true,PI_FIFO,357.821029
6.200017,-1,15,9999.839000,17.310000,361.969112,358.857532,360.000000,624,-1.969112,PI,FIFO,true,PI_FIFO,358.650645
6.210014,-1,15,9997.116000,14.426000,360.057609,359.037543,360.000000,625,-0.057609,PI,FIFO,true,PI_FIFO,358.932038
6.220025,-1,15,10010.522000,24.948000,360.903533,359.317442,360.000000,625,-0.903533,PI,FIFO,true,PI_FIFO,359.326337
6.230015,-1,15,9990.321000,15.269000,360.181120,359.446993,360.000000,625,-0.181120,PI,FIFO,true,PI_FIFO,359.497293
6.240018,-1,15,10002.801000,18.070000,362.844702,359.956650,360.000000,624,-2.844702,PI,FIFO,true,PI_FIFO,360.166775
6.250014,-1,15,9996.357000,14.427000,362.248841,360.300478,360.000000,623,-2.248841,PI,FIFO,true,PI_FIFO,360.583188
6.260018,-1,15,10003.263000,17.690000,365.141188,361.026585,360.000000,622,-5.141188,PI,FIFO,true,PI_FIFO,361.494788
6.270017,-1,15,9999.690000,17.380000,366.210938,361.804238,360.000000,620,-6.210938,PI,FIFO,true,PI_FIFO,362.438018
6.280017,-1,15,9999.542000,16.922000,364.077670,362.145253,360.000000,619,-4.077670,PI,FIFO,true,PI_FIFO,362.765948
6.290017,-1,15,10000.357000,17.279000,360.947125,361.965533,360.000000,618,-0.947125,PI,FIFO,true,PI_FIFO,362.402184
6.300027,-1,15,10009.873000,27.152000,359.195402,361.550014,360.000000,618,0.804598,PI,FIFO,true,PI_FIFO,361.760828
6.310018,-1,15,9990.544000,17.696000,359.589041,361.255868,360.000000,618,0.410959,PI,FIFO,true,PI_FIFO,361.326470
6.320018,-1,15,10000.042000,17.738000,353.773585,360.133525,360.000000,619,6.226415,PI,FIFO,true,PI_FIFO,359.815893
6.330018,-1,15,10000.097000,17.835000,354.040785,359.219614,360.000000,621,5.959215,PI,FIFO,true,PI_FIFO,358.660872
6.340017,-1,15,9999.190000,17.025000,353.862607,358.416063,360.000000,622,6.137393,PI,FIFO,true,PI_FIFO,357.701219
6.350018,-1,15,10000.727000,17.752000,358.371560,358.409388,360.000000,623,1.628440,PI,FIFO,true,PI_FIFO,357.835287
6.360022,-1,15,10003.838000,21.590000,357.142857,358.219408,360.000000,624,2.857143,PI,FIFO,true,PI_FIFO,357.696801
6.370019,-1,15,9997.820000,19.410000,360.576923,358.573035,360.000000,624,-0.576923,PI,FIFO,true,PI_FIFO,358.272825
6.380019,-1,15,9999.190000,18.600000,358.680057,358.589089,360.000000,625,1.319943,PI,FIFO,true,PI_FIFO,358.354272
6.390019,-1,15,9999.986000,18.586000,360.973597,358.946765,360.000000,625,-0.973597,PI,FIFO,true,PI_FIFO,358.878137
6.400030,-1,15,10010.929000,29.515000,358.337315,358.855347,360.000000,626,1.662685,PI,FIFO,true,PI_FIFO,358.769972
6.410019,-1,15,9989.062000,18.577000,361.794501,359.296220,360.000000,625,-1.794501,PI,FIFO,true,PI_FIFO,359.374878
6.420018,-1,15,9999.709000,18.286000,361.503856,359.627366,360.000000,625,-1.503856,PI,FIFO,true,PI_FIFO,359.800674
6.430035,-1,15,10016.724000,35.010000,366.401772,360.643527,360.000000,623,-6.401772,PI,FIFO,true,PI_FIFO,361.120893
6.440038,-1,15,10002.819000,37.829000,364.368999,361.202347,360.000000,622,-4.368999,PI,FIFO,true,PI_FIFO,361.770514
6.450020,-1,15,9982.249000,20.078000,366.825042,362.045752,360.000000,620,-6.825042,PI,FIFO,true,PI_FIFO,362.781420
6.460019,-1,15,9998.690000,18.768000,360.413840,361.800965,360.000000,620,-0.413840,PI,FIFO,true,PI_FIFO,362.307904
6.470015,-1,15,9996.431000,15.199000,359.195402,361.410131,360.000000,619,0.804598,PI,FIFO,true,PI_FIFO,361.685404
6.480020,-1,15,10004.763000,19.962000,355.787476,360.566732,360.000000,620,4.212524,PI,FIFO,true,PI_FIFO,360.505818
6.490018,-1,15,9997.876000,17.838000,357.278963,360.073567,360.000000,621,2.721037,PI,FIFO,true,PI_FIFO,359.860447
6.500029,-1,15,10011.058000,28.896000,354.005135,359.163302,360.000000,622,5.994865,PI,FIFO,true,PI_FIFO,358.689385
6.510018,-1,15,9989.137000,18.033000,356.048714,358.696114,360.000000,624,3.951286,PI,FIFO,true,PI_FIFO,358.161251
6.520017,-1,15,9999.301000,17.334000,360.403652,358.952245,360.000000,624,-0.403652,PI,FIFO,true,PI_FIFO,358.609731
6.530018,-1,15,10000.449000,17.783000,358.606557,358.900392,360.000000,624,1.393443,PI,FIFO,true,PI_FIFO,358.609096
6.540017,-1,15,9999.449000,17.232000,359.712230,359.022167,360.000000,625,0.287770,PI,FIFO,true,PI_FIFO,358.829723
6.550019,-1,15,10001.412000,18.644000,360.170577,359.194429,360.000000,625,-0.170577,PI,FIFO,true,PI_FIFO,359.097894
6.560024,-1,15,10005.634000,24.278000,362.529002,359.694615,360.000000,624,-2.529002,PI,FIFO,true,PI_FIFO,359.784115
6.570020,-1,15,9995.728000,20.006000,359.367513,359.645550,360.000000,625,0.632487,PI,FIFO,true,PI_FIFO,359.700795
6.580019,-1,15,9999.264000,19.270000,361.318088,359.896430,360.000000,624,-1.318088,PI,FIFO,true,PI_FIFO,360.024254
6.590019,-1,15,9999.245000,18.515000,362.318841,360.259792,360.000000,624,-2.318841,PI,FIFO,true,PI_FIFO,360.483171
6.600028,-1,15,10009.670000,28.185000,367.167102,361.295888,360.000000,622,-7.167102,PI,FIFO,true,PI_FIFO,361.819957
6.610018,-1,15,9990.118000,18.303000,361.794501,361.370680,360.000000,621,-1.794501,PI,FIFO,true,PI_FIFO,361.814866
6.620018,-1,15,9999.264000,17.567000,364.124806,361.783799,360.000000,620,-4.124806,PI,FIFO,true,PI_FIFO,362.276854
6.630017,-1,15,9999.598000,17.165000,360.576923,361.602768,360.000000,619,-0.576923,PI,FIFO,true,PI_FIFO,361.936868
6.640017,-1,15,9999.967000,17.132000,359.392114,361.271170,360.000000,619,0.607886,PI,FIFO,true,PI_FIFO,361.427917
6.650017,-1,15,10000.005000,17.137000,354.274917,360.221732,360.000000,620,5.725083,PI,FIFO,true,PI_FIFO,359.997317
6.660017,-1,15,10000.005000,17.142000,356.373543,359.644503,360.000000,621,3.626457,PI,FIFO,true,PI_FIFO,359.272562
6.670018,-1,15,10000.468000,17.610000,353.329146,358.697200,360.000000,623,6.670854,PI,FIFO,true,PI_FIFO,358.083879
6.680017,-1,15,9999.486000,17.096000,356.916244,358.430056,360.000000,624,3.083756,PI,FIFO,true,PI_FIFO,357.850352
6.690015,-1,15,9997.431000,14.527000,356.972870,358.211478,360.000000,625,3.027130,PI,FIFO,true,PI_FIFO,357.674855
6.700038,-1,15,10023.612000,38.139000,362.569061,358.865116,360.000000,625,-2.569061,PI,FIFO,true,PI_FIFO,358.653697
6.710020,-1,15,9981.989000,20.128000,359.276375,358.926805,360.000000,625,0.723625,PI,FIFO,true,PI_FIFO,358.778232
6.720019,-1,15,9998.968000,19.096000,360.378913,359.144621,360.000000,625,-0.378913,PI,FIFO,true,PI_FIFO,359.098368
6.730015,-1,15,9996.098000,15.194000,359.712230,359.229762,360.000000,626,0.287770,PI,FIFO,true,PI_FIFO,359.221141
6.740018,-1,15,10002.708000,17.902000,361.132512,359.515175,360.000000,625,-1.132512,PI,FIFO,true,PI_FIFO,359.603415
6.750018,-1,15,9999.802000,17.704000,360.923965,359.726493,360.000000,625,-0.923965,PI,FIFO,true,PI_FIFO,359.867525
6.760018,-1,15,10000.116000,17.820000,363.936335,360.357970,360.000000,624,-3.936335,PI,FIFO,true,PI_FIFO,360.681287
6.770016,-1,15,9998.134000,15.954000,366.568915,361.289611,360.000000,622,-6.568915,PI,FIFO,true,PI_FIFO,361.858813
6.780019,-1,15,10002.579000,18.533000,363.196126,361.575589,360.000000,621,-3.196126,PI,FIFO,true,PI_FIFO,362.126275
6.790018,-1,15,9999.431000,17.964000,360.392107,361.398066,360.000000,621,-0.392107,PI,FIFO,true,PI_FIFO,361.779442
6.800028,-1,15,10009.836000,27.800000,358.508604,360.964647,360.000000,621,1.491396,PI,FIFO,true,PI_FIFO,361.125274
6.810025,-1,15,9996.820000,24.620000,358.606557,360.610934,360.000000,621,1.393443,PI,FIFO,true,PI_FIFO,360.621531
6.820020,-1,15,9995.006000,19.626000,353.940538,359.610374,360.000000,623,6.059462,PI,FIFO,true,PI_FIFO,359.285332
6.830014,-1,15,9994.728000,14.354000,355.652504,359.016694,360.000000,624,4.347496,PI,FIFO,true,PI_FIFO,358.558767
6.840017,-1,15,10002.893000,17.247000,354.777673,358.380840,360.000000,626,5.222327,PI,FIFO,true,PI_FIFO,357.802548
6.850018,-1,15,10000.264000,17.511000,360.576923,358.710253,360.000000,626,-0.576923,PI,FIFO,true,PI_FIFO,358.357423
6.860017,-1,15,9999.690000,17.201000,358.508604,358.680006,360.000000,626,1.491396,PI,FIFO,true,PI_FIFO,358.387659
6.870018,-1,15,10000.560000,17.761000,361.875965,359.159399,360.000000,626,-1.875965,PI,FIFO,true,PI_FIFO,359.085320
6.880017,-1,15,9999.042000,16.803000,359.884837,359.268215,360.000000,626,0.115163,PI,FIFO,true,PI_FIFO,359.245224
6.890017,-1,15,10000.227000,17.030000,363.184401,359.855643,360.000000,626,-3.184401,PI,FIFO,true,PI_FIFO,360.033059
6.900028,-1,15,10010.800000,27.830000,359.505321,359.803095,360.000000,626,0.494679,PI,FIFO,true,PI_FIFO,359.927511
6.910017,-1,15,9989.432000,17.262000,363.613697,360.374685,360.000000,625,-3.613697,PI,FIFO,true,PI_FIFO,360.664748
6.920018,-1,15,10000.857000,18.119000,362.143892,360.640066,360.000000,624,-2.143892,PI,FIFO,true,PI_FIFO,360.960577
6.930018,-1,15,9999.616000,17.735000,366.210938,361.475697,360.000000,622,-6.210938,PI,FIFO,true,PI_FIFO,362.010649
6.940018,-1,15,9999.874000,17.609000,363.537865,361.785022,360.000000,621,-3.537865,PI,FIFO,true,PI_FIFO,362.316092
6.950015,-1,15,9997.042000,14.651000,367.235590,362.602607,360.000000,619,-7.235590,PI,FIFO,true,PI_FIFO,363.299992
6.960017,-1,15,10002.336000,16.987000,361.410948,362.423858,360.000000,618,-1.410948,PI,FIFO,true,PI_FIFO,362.922183
6.970018,-1,15,10001.023000,18.010000,360.092184,362.074107,360.000000,617,-0.092184,PI,FIFO,true,PI_FIFO,362.356183
6.980015,-1,15,9997.393000,15.403000,355.652504,361.110867,360.000000,618,4.347496,PI,FIFO,true,PI_FIFO,361.015447
6.990018,-1,15,10002.578000,17.981000,357.483317,360.566734,360.000000,619,2.516683,PI,FIFO,true,PI_FIFO,360.309021
7.000028,-1,15,10009.724000,27.705000,353.012372,359.433580,360.000000,621,6.987628,PI,FIFO,true,PI_FIFO,358.849692
7.010018,-1,15,9990.191000,17.896000,355.450237,358.836079,360.000000,622,4.549763,PI,FIFO,true,PI_FIFO,358.169801
7.020017,-1,15,9998.912000,16.808000,358.700643,358.815763,360.000000,623,1.299357,PI,FIFO,true,PI_FIFO,358.275969
7.030017,-1,15,10000.596000,17.404000,359.746738,358.955409,360.000000,623,0.253262,PI,FIFO,true,PI_FIFO,358.570123
7.040017,-1,15,10000.059000,17.463000,358.606557,358.903082,360.000000,623,1.393443,PI,FIFO,true,PI_FIFO,358.577410
7.050017,-1,15,9999.690000,17.153000,358.166189,358.792548,360.000000,624,1.833811,PI,FIFO,true,PI_FIFO,358.495166
7.060033,-1,15,10015.686000,32.839000,360.207480,359.004788,360.000000,624,-0.207480,PI,FIFO,true,PI_FIFO,358.837628
7.070022,-1,15,9989.284000,22.123000,357.824427,358.827734,360.000000,625,2.175573,PI,FIFO,true,PI_FIFO,358.634988
7.080018,-1,15,9996.134000,18.257000,361.371145,359.209245,360.000000,625,-1.371145,PI,FIFO,true,PI_FIFO,359.182220
7.090018,-1,15,9999.504000,17.761000,361.886921,359.610897,360.000000,625,-1.886921,PI,FIFO,true,PI_FIFO,359.723160
7.100030,-1,15,10012.557000,30.318000,367.853139,360.847233,360.000000,623,-7.853139,PI,FIFO,true,PI_FIFO,361.349156
7.110018,-1,15,9987.821000,18.139000,363.537865,361.250828,360.000000,621,-3.537865,PI,FIFO,true,PI_FIFO,361.786898
7.120018,-1,15,9999.375000,17.514000,363.774945,361.629445,360.000000,620,-3.774945,PI,FIFO,true,PI_FIFO,362.184507
7.130017,-1,15,9999.818000,17.332000,361.394558,361.594212,360.000000,619,-1.394558,PI,FIFO,true,PI_FIFO,362.026517
7.140038,-1,15,10020.372000,37.704000,359.786184,361.323008,360.000000,619,0.213816,PI,FIFO,true,PI_FIFO,361.578451
7.150029,-1,15,9991.042000,28.746000,355.113636,360.391602,360.000000,620,4.886364,PI,FIFO,true,PI_FIFO,360.285488
7.160019,-1,15,9990.617000,19.363000,357.278963,359.924706,360.000000,621,2.721037,PI,FIFO,true,PI_FIFO,359.684183
7.170019,-1,15,9999.430000,18.793000,354.274917,359.077238,360.000000,622,5.725083,PI,FIFO,true,PI_FIFO,358.602330
7.180018,-1,15,9999.059000,17.852000,358.410705,358.977258,360.000000,623,1.589295,PI,FIFO,true,PI_FIFO,358.564005
7.190018,-1,15,10000.023000,17.875000,357.483317,358.753167,360.000000,624,2.516683,PI,FIFO,true,PI_FIFO,358.347867
7.200030,-1,15,10012.372000,30.247000,362.622486,359.333565,360.000000,624,-2.622486,PI,FIFO,true,PI_FIFO,359.202791
7.210018,-1,15,9987.487000,17.734000,358.851675,359.261281,360.000000,624,1.148325,PI,FIFO,true,PI_FIFO,359.132568
7.220018,-1,15,10000.097000,17.831000,361.371145,359.577761,360.000000,624,-1.371145,PI,FIFO,true,PI_FIFO,359.580283
7.230017,-1,15,9999.337000,17.168000,358.952703,359.484002,360.000000,624,1.047297,PI,FIFO,true,PI_FIFO,359.454767
7.240019,-1,15,10001.893000,19.061000,361.172262,359.737241,360.000000,624,-1.172262,PI,FIFO,true,PI_FIFO,359.798266
7.250019,-1,15,9999.985000,19.046000,359.850302,359.754200,360.000000,624,0.149698,PI,FIFO,true,PI_FIFO,359.808673
7.260018,-1,15,9998.968000,18.014000,363.559979,360.325067,360.000000,623,-3.559979,PI,FIFO,true,PI_FIFO,360.558935
7.270018,-1,15,9999.633000,17.647000,366.425640,361.240153,360.000000,621,-6.425640,PI,FIFO,true,PI_FIFO,361.732276
7.280018,-1,15,10000.023000,17.670000,363.372093,361.559944,360.000000,620,-3.372093,PI,FIFO,true,PI_FIFO,362.060239
7.290017,-1,15,9999.467000,17.137000,362.108922,361.642291,360.000000,619,-2.108922,PI,FIFO,true,PI_FIFO,362.069976
7.300027,-1,15,10009.502000,26.639000,358.590881,361.184579,360.000000,619,1.409119,PI,FIFO,true,PI_FIFO,361.374157
7.310018,-1,15,9991.024000,17.663000,357.653791,360.654961,360.000000,620,2.346209,PI,FIFO,true,PI_FIFO,360.630084
7.320017,-1,15,9999.467000,17.130000,354.609929,359.748206,360.000000,621,5.390071,PI,FIFO,true,PI_FIFO,359.426053
7.330014,-1,15,9997.042000,14.172000,354.729730,358.995435,360.000000,622,5.270270,PI,FIFO,true,PI_FIFO,358.486788
7.340018,-1,15,10003.429000,17.601000,355.618777,358.488936,360.000000,624,4.381223,PI,FIFO,true,PI_FIFO,357.913186
7.350014,-1,15,9996.412000,14.013000,359.589041,358.653952,360.000000,624,0.410959,PI,FIFO,true,PI_FIFO,358.248357
7.360017,-1,15,10003.133000,17.146000,357.653791,358.503928,360.000000,625,2.346209,PI,FIFO,true,PI_FIFO,358.129444
7.370021,-1,15,10003.781000,20.927000,360.947125,358.870407,360.000000,625,-0.947125,PI,FIFO,true,PI_FIFO,358.692980
7.380018,-1,15,9997.319000,18.246000,360.230548,359.074428,360.000000,625,-0.230548,PI,FIFO,true,PI_FIFO,359.000494
7.390018,-1,15,9999.319000,17.565000,361.689815,359.466736,360.000000,625,-1.689815,PI,FIFO,true,PI_FIFO,359.538358
7.400025,-1,15,10007.614000,25.179000,358.508604,359.323017,360.000000,625,1.491396,PI,FIFO,true,PI_FIFO,359.332407
7.410018,-1,15,9992.561000,17.740000,363.774945,359.990806,360.000000,625,-3.774945,PI,FIFO,true,PI_FIFO,360.220915
7.420018,-1,15,9999.967000,17.707000,362.875683,360.423537,360.000000,624,-2.875683,PI,FIFO,true,PI_FIFO,360.751868
7.430017,-1,15,9999.467000,17.174000,366.620112,361.353024,360.000000,622,-6.620112,PI,FIFO,true,PI_FIFO,361.925517
7.440017,-1,15,10000.263000,17.437000,364.202468,361.780440,360.000000,621,-4.202468,PI,FIFO,true,PI_FIFO,362.380907
7.450017,-1,15,9999.578000,17.015000,366.210938,362.445015,360.000000,619,-6.210938,PI,FIFO,true,PI_FIFO,363.146913
7.460015,-1,15,9998.282000,15.297000,359.677729,362.029922,360.000000,618,0.322271,PI,FIFO,true,PI_FIFO,362.453076
7.470018,-1,15,10003.003000,18.300000,360.023041,361.728890,360.000000,618,-0.023041,PI,FIFO,true,PI_FIFO,361.967069
7.480018,-1,15,9999.412000,17.712000,356.294537,360.913737,360.000000,618,3.705463,PI,FIFO,true,PI_FIFO,360.832563
7.490015,-1,15,9996.856000,14.568000,356.077048,360.188234,360.000000,619,3.922952,PI,FIFO,true,PI_FIFO,359.881460
7.500026,-1,15,10011.336000,25.904000,352.443609,359.026540,360.000000,621,7.556391,PI,FIFO,true,PI_FIFO,358.393890
7.510017,-1,15,9991.394000,17.298000,354.442344,358.338911,360.000000,623,5.557656,PI,FIFO,true,PI_FIFO,357.603581
7.520018,-1,15,10000.485000,17.783000,358.802624,358.408468,360.000000,624,1.197376,PI,FIFO,true,PI_FIFO,357.843389
7.530017,-1,15,9999.393000,17.176000,358.597336,358.436798,360.000000,624,1.402664,PI,FIFO,true,PI_FIFO,357.994179
7.540017,-1,15,9999.930000,17.106000,359.234727,358.556487,360.000000,625,0.765273,PI,FIFO,true,PI_FIFO,358.242288
7.550017,-1,15,10000.319000,17.425000,359.712230,358.729849,360.000000,625,0.287770,PI,FIFO,true,PI_FIFO,358.536277
7.560017,-1,15,10000.059000,17.484000,361.689815,359.173844,360.000000,625,-1.689815,PI,FIFO,true,PI_FIFO,359.166984
7.570023,-1,15,10005.929000,23.413000,359.023456,359.151286,360.000000,625,0.976544,PI,FIFO,true,PI_FIFO,359.138279
7.580019,-1,15,9995.153000,18.566000,362.168874,359.603924,360.000000,625,-2.168874,PI,FIFO,true,PI_FIFO,359.744398
7.590017,-1,15,9998.430000,16.996000,362.215909,359.995722,360.000000,624,-2.215909,PI,FIFO,true,PI_FIFO,360.238700
7.600028,-1,15,10011.114000,28.110000,368.514151,361.273486,360.000000,622,-8.514151,PI,FIFO,true,PI_FIFO,361.893790
7.610017,-1,15,9988.839000,16.949000,363.020329,361.535512,360.000000,621,-3.020329,PI,FIFO,true,PI_FIFO,362.119098
7.620017,-1,15,10000.300000,17.249000,364.464545,361.974867,360.000000,620,-4.464545,PI,FIFO,true,PI_FIFO,362.588187
7.630017,-1,15,9999.522000,16.771000,358.886018,361.511540,360.000000,620,1.113982,PI,FIFO,true,PI_FIFO,361.847753
7.640017,-1,15,10000.375000,17.146000,358.802624,361.105203,360.000000,620,1.197376,PI,FIFO,true,PI_FIFO,361.238728
7.650019,-1,15,10001.763000,18.909000,354.442344,360.105774,360.000000,621,5.557656,PI,FIFO,true,PI_FIFO,359.879451
7.660018,-1,15,9998.837000,17.746000,356.077048,359.501465,360.000000,622,3.922952,PI,FIFO,true,PI_FIFO,359.118970
7.670017,-1,15,9999.486000,17.232000,354.442344,358.742597,360.000000,623,5.557656,PI,FIFO,true,PI_FIFO,358.183645
7.680022,-1,15,10004.392000,21.624000,357.824427,358.604871,360.000000,624,2.175573,PI,FIFO,true,PI_FIFO,358.111802
7.690015,-1,15,9993.301000,14.925000,357.790287,358.482684,360.000000,625,2.209713,PI,FIFO,true,PI_FIFO,358.047499
7.700040,-1,15,10025.278000,40.203000,362.009047,359.011638,360.000000,625,-2.009047,PI,FIFO,true,PI_FIFO,358.839808
7.710021,-1,15,9980.488000,20.691000,358.337315,358.910490,360.000000,626,1.662685,PI,FIFO,true,PI_FIFO,358.739310
7.720018,-1,15,9997.246000,17.937000,360.023041,359.077372,360.000000,626,-0.023041,PI,FIFO,true,PI_FIFO,358.996056
7.730017,-1,15,9999.467000,17.404000,359.195402,359.095077,360.000000,626,0.804598,PI,FIFO,true,PI_FIFO,359.035925
7.740018,-1,15,10000.300000,17.704000,360.724913,359.339552,360.000000,626,-0.724913,PI,FIFO,true,PI_FIFO,359.373723
7.750017,-1,15,9999.541000,17.245000,361.132512,359.608496,360.000000,626,-1.132512,PI,FIFO,true,PI_FIFO,359.725481
7.760017,-1,15,9999.708000,16.953000,363.865709,360.247078,360.000000,625,-3.865709,PI,FIFO,true,PI_FIFO,360.553526
7.770018,-1,15,10001.411000,18.364000,365.639626,361.055960,360.000000,623,-5.639626,PI,FIFO,true,PI_FIFO,361.570746
7.780018,-1,15,9999.948000,18.312000,363.936335,361.488017,360.000000,622,-3.936335,PI,FIFO,true,PI_FIFO,362.043864
7.790018,-1,15,9999.467000,17.779000,363.231306,361.749510,360.000000,621,-3.231306,PI,FIFO,true,PI_FIFO,362.281352
7.800027,-1,15,10009.317000,27.096000,360.750361,361.599638,360.000000,620,-0.750361,PI,FIFO,true,PI_FIFO,361.975154
7.810018,-1,15,9990.450000,17.546000,358.371560,361.115426,360.000000,621,1.628440,PI,FIFO,true,PI_FIFO,361.254435
7.820017,-1,15,9999.338000,16.884000,355.956336,360.341562,360.000000,621,4.043664,PI,FIFO,true,PI_FIFO,360.194815
7.830014,-1,15,9997.263000,14.147000,355.498375,359.615084,360.000000,623,4.501625,PI,FIFO,true,PI_FIFO,359.255527
7.840032,-1,15,10018.279000,32.426000,355.883948,359.055414,360.000000,624,4.116052,PI,FIFO,true,PI_FIFO,358.581211
7.850027,-1,15,9994.431000,26.857000,360.088116,359.210319,360.000000,624,-0.088116,PI,FIFO,true,PI_FIFO,358.882592
7.860019,-1,15,9992.116000,18.973000,358.019640,359.031717,360.000000,625,1.980360,PI,FIFO,true,PI_FIFO,358.710002
7.870018,-1,15,9998.542000,17.515000,361.445783,359.393827,360.000000,624,-1.445783,PI,FIFO,true,PI_FIFO,359.257158
7.880017,-1,15,9999.744000,17.259000,360.207480,359.515875,360.000000,624,-0.207480,PI,FIFO,true,PI_FIFO,359.447222
7.890019,-1,15,10001.300000,18.559000,361.271676,359.779245,360.000000,624,-1.271676,PI,FIFO,true,PI_FIFO,359.812113
7.900032,-1,15,10013.261000,31.820000,357.460600,359.431448,360.000000,625,2.539400,PI,FIFO,true,PI_FIFO,359.341810
7.910018,-1,15,9986.173000,17.993000,362.318841,359.864557,360.000000,624,-2.318841,PI,FIFO,true,PI_FIFO,359.937217
7.920017,-1,15,9999.467000,17.460000,362.143892,360.206457,360.000000,624,-2.143892,PI,FIFO,true,PI_FIFO,360.378552
7.930018,-1,15,10000.171000,17.631000,366.020302,361.078534,360.000000,622,-6.020302,PI,FIFO,true,PI_FIFO,361.506902
7.940017,-1,15,9999.392000,17.023000,363.724539,361.475435,360.000000,621,-3.724539,PI,FIFO,true,PI_FIFO,361.950429
7.950014,-1,15,9996.985000,14.008000,364.880643,361.986216,360.000000,619,-4.880643,PI,FIFO,true,PI_FIFO,362.536472
7.960017,-1,15,10003.392000,17.400000,359.367513,361.593411,360.000000,619,0.632487,PI,FIFO,true,PI_FIFO,361.902680
7.970019,-1,15,10001.206000,18.606000,358.371560,361.110133,360.000000,619,1.628440,PI,FIFO,true,PI_FIFO,361.196456
7.980024,-1,15,10005.317000,23.923000,355.483932,360.266203,360.000000,620,4.516068,PI,FIFO,true,PI_FIFO,360.053951
7.990023,-1,15,9998.707000,22.630000,357.097511,359.790899,360.000000,621,2.902489,PI,FIFO,true,PI_FIFO,359.462663
8.000025,-1,15,10002.836000,25.466000,353.273669,358.813315,360.000000,623,6.726331,PI,FIFO,true,PI_FIFO,358.224865
8.010015,-1,15,9989.542000,15.008000,354.538088,358.172031,360.000000,625,5.461912,PI,FIFO,true,PI_FIFO,357.487509
8.020019,-1,15,10003.762000,18.770000,359.367513,358.351353,360.000000,625,0.632487,PI,FIFO,true,PI_FIFO,357.863510
8.030018,-1,15,9998.837000,17.607000,359.195402,358.477960,360.000000,626,0.804598,PI,FIFO,true,PI_FIFO,358.129888
8.040017,-1,15,9999.781000,17.388000,360.576923,358.792805,360.000000,626,-0.576923,PI,FIFO,true,PI_FIFO,358.619295
8.050018,-1,15,10000.373000,17.761000,359.786184,358.941812,360.000000,626,0.213816,PI,FIFO,true,PI_FIFO,358.852673
8.060017,-1,15,9999.337000,17.098000,363.548231,359.632775,360.000000,625,-3.548231,PI,FIFO,true,PI_FIFO,359.791785
8.070014,-1,15,9996.929000,14.027000,359.654731,359.636068,360.000000,625,0.345269,PI,FIFO,true,PI_FIFO,359.764374
8.080017,-1,15,10003.058000,17.085000,362.318841,360.038484,360.000000,625,-2.318841,PI,FIFO,true,PI_FIFO,360.275267
8.090017,-1,15,10000.281000,17.366000,362.996902,360.482247,360.000000,624,-2.996902,PI,FIFO,true,PI_FIFO,360.819594
8.100027,-1,15,10010.131000,27.497000,366.748166,361.422135,360.000000,622,-6.748166,PI,FIFO,true,PI_FIFO,362.005309
8.110018,-1,15,9990.986000,18.483000,363.372093,361.714628,360.000000,621,-3.372093,PI,FIFO,true,PI_FIFO,362.278666
8.120019,-1,15,10000.504000,18.987000,364.077670,362.069085,360.000000,620,-4.077670,PI,FIFO,true,PI_FIFO,362.638466
8.130018,-1,15,9998.984000,17.971000,360.230548,361.793304,360.000000,619,-0.230548,PI,FIFO,true,PI_FIFO,362.156883
8.140017,-1,15,9999.355000,17.326000,358.737245,361.334895,360.000000,619,1.262755,PI,FIFO,true,PI_FIFO,361.472955
8.150017,-1,15,10000.096000,17.422000,352.797291,360.054255,360.000000,621,7.202709,PI,FIFO,true,PI_FIFO,359.737822
8.160018,-1,15,10000.262000,17.684000,356.373543,359.502148,360.000000,622,3.626457,PI,FIFO,true,PI_FIFO,359.064966
8.170019,-1,15,10001.374000,19.058000,353.440151,358.592848,360.000000,624,6.559849,PI,FIFO,true,PI_FIFO,357.940003
8.180017,-1,15,9998.059000,17.117000,357.824427,358.477585,360.000000,625,2.175573,PI,FIFO,true,PI_FIFO,357.916888
8.190017,-1,15,10000.188000,17.305000,357.653791,358.354016,360.000000,625,2.346209,PI,FIFO,true,PI_FIFO,357.864269
8.200028,-1,15,10010.538000,27.843000,362.435567,358.966249,360.000000,625,-2.435567,PI,FIFO,true,PI_FIFO,358.778528
8.210017,-1,15,9989.598000,17.441000,358.645754,358.918174,360.000000,626,1.354246,PI,FIFO,true,PI_FIFO,358.751973
8.220017,-1,15,9999.707000,17.148000,360.814823,359.202672,360.000000,626,-0.814823,PI,FIFO,true,PI_FIFO,359.164543
8.230017,-1,15,10000.262000,17.410000,359.195402,359.201581,360.000000,626,0.804598,PI,FIFO,true,PI_FIFO,359.170715
8.240017,-1,15,9999.596000,17.006000,361.503856,359.546922,360.000000,626,-1.503856,PI,FIFO,true,PI_FIFO,359.637343
8.250017,-1,15,10000.133000,17.139000,360.923965,359.753479,360.000000,626,-0.923965,PI,FIFO,true,PI_FIFO,359.894668
8.260017,-1,15,9999.447000,16.586000,365.259740,360.579418,360.000000,624,-5.259740,PI,FIFO,true,PI_FIFO,360.967682
8.270017,-1,15,10000.874000,17.460000,366.389839,361.450981,360.000000,622,-6.389839,PI,FIFO,true,PI_FIFO,362.052114
8.280018,-1,15,10000.299000,17.759000,364.077670,361.844985,360.000000,621,-4.077670,PI,FIFO,true,PI_FIFO,362.457225
8.290022,-1,15,10003.799000,21.558000,362.248841,361.905563,360.000000,620,-2.248841,PI,FIFO,true,PI_FIFO,362.415548
8.300027,-1,15,10005.410000,26.968000,360.403652,361.680276,360.000000,620,-0.403652,PI,FIFO,true,PI_FIFO,362.013169
8.310021,-1,15,9994.059000,21.027000,359.470859,361.348864,360.000000,619,0.529141,PI,FIFO,true,PI_FIFO,361.504707
8.320016,-1,15,9994.597000,15.624000,356.125356,360.565338,360.000000,620,3.874644,PI,FIFO,true,PI_FIFO,360.428837
8.330018,-1,15,10001.984000,17.608000,355.691057,359.834195,360.000000,621,4.308943,PI,FIFO,true,PI_FIFO,359.481281
8.340018,-1,15,10000.281000,17.889000,355.450237,359.176602,360.000000,623,4.549763,PI,FIFO,true,PI_FIFO,358.675072
8.350017,-1,15,9999.559000,17.448000,359.589041,359.238468,360.000000,623,0.410959,PI,FIFO,true,PI_FIFO,358.857866
8.360017,-1,15,9999.688000,17.136000,357.824427,359.026362,360.000000,624,2.175573,PI,FIFO,true,PI_FIFO,358.651178
8.370019,-1,15,10001.410000,18.546000,360.378913,359.229244,360.000000,624,-0.378913,PI,FIFO,true,PI_FIFO,358.996725
8.380017,-1,15,9998.633000,17.179000,359.539789,359.275826,360.000000,624,0.460211,PI,FIFO,true,PI_FIFO,359.105338
8.390017,-1,15,9999.892000,17.071000,361.689815,359.637924,360.000000,624,-1.689815,PI,FIFO,true,PI_FIFO,359.622233
8.400028,-1,15,10010.668000,27.739000,357.142857,359.263664,360.000000,624,2.857143,PI,FIFO,true,PI_FIFO,359.126358
8.410017,-1,15,9989.690000,17.429000,362.368857,359.729443,360.000000,624,-2.368857,PI,FIFO,true,PI_FIFO,359.774858
8.420017,-1,15,9999.855000,17.284000,360.413840,359.832103,360.000000,624,-0.413840,PI,FIFO,true,PI_FIFO,359.902654
8.430017,-1,15,9999.800000,17.084000,364.785992,360.575186,360.000000,623,-4.785992,PI,FIFO,true,PI_FIFO,360.879322
8.440018,-1,15,10000.762000,17.846000,364.077670,361.100559,360.000000,621,-4.077670,PI,FIFO,true,PI_FIFO,361.518991
8.450017,-1,15,9999.429000,17.275000,366.210938,361.867115,360.000000,620,-6.210938,PI,FIFO,true,PI_FIFO,362.457381
8.460018,-1,15,10001.040000,18.315000,359.712230,361.543883,360.000000,619,0.287770,PI,FIFO,true,PI_FIFO,361.908351
8.470030,-1,15,10011.927000,30.242000,358.851675,361.140051,360.000000,619,1.148325,PI,FIFO,true,PI_FIFO,361.297015
8.480018,-1,15,9988.098000,18.340000,355.976610,360.365535,360.000000,620,4.023390,PI,FIFO,true,PI_FIFO,360.232934
8.490020,-1,15,10001.336000,19.676000,356.502608,359.786096,360.000000,621,3.497392,PI,FIFO,true,PI_FIFO,359.486869
8.500026,-1,15,10006.651000,26.327000,354.107649,358.934329,360.000000,623,5.892351,PI,FIFO,true,PI_FIFO,358.411025
8.510018,-1,15,9991.393000,17.720000,356.193009,358.523131,360.000000,624,3.806991,PI,FIFO,true,PI_FIFO,357.967422
8.520016,-1,15,9998.003000,15.723000,360.576923,358.831200,360.000000,624,-0.576923,PI,FIFO,true,PI_FIFO,358.489322
8.530019,-1,15,10002.910000,18.633000,358.019640,358.709466,360.000000,625,1.980360,PI,FIFO,true,PI_FIFO,358.395386
8.540019,-1,15,10000.041000,18.674000,359.539789,358.834014,360.000000,625,0.460211,PI,FIFO,true,PI_FIFO,358.624266
8.550029,-1,15,10010.594000,29.268000,360.761929,359.123202,360.000000,625,-0.761929,PI,FIFO,true,PI_FIFO,359.051799
8.560027,-1,15,9998.151000,27.419000,360.740154,359.365744,360.000000,625,-0.740154,PI,FIFO,true,PI_FIFO,359.389470
8.570021,-1,15,9993.412000,20.831000,359.983544,359.458414,360.000000,625,0.016456,PI,FIFO,true,PI_FIFO,359.508285
8.580018,-1,15,9996.855000,17.686000,362.143892,359.861236,360.000000,625,-2.143892,PI,FIFO,true,PI_FIFO,360.035406
8.590017,-1,15,9999.652000,17.338000,362.996902,360.331586,360.000000,624,-2.996902,PI,FIFO,true,PI_FIFO,360.627705
8.600030,-1,15,10012.390000,29.728000,367.223502,361.365373,360.000000,622,-7.223502,PI,FIFO,true,PI_FIFO,361.946865
8.610019,-1,15,9989.153000,18.881000,362.168874,361.485898,360.000000,621,-2.168874,PI,FIFO,true,PI_FIFO,361.991267
8.620018,-1,15,9999.003000,17.884000,364.202468,361.893384,360.000000,620,-4.202468,PI,FIFO,true,PI_FIFO,362.433507
8.630018,-1,15,9999.651000,17.535000,359.983544,361.606908,360.000000,619,0.016456,PI,FIFO,true,PI_FIFO,361.943514
8.640018,-1,15,10000.263000,17.798000,359.195402,361.245182,360.000000,619,0.804598,PI,FIFO,true,PI_FIFO,361.393892
8.650017,-1,15,9999.670000,17.468000,353.964401,360.153065,360.000000,621,6.035599,PI,FIFO,true,PI_FIFO,359.907994
8.660018,-1,15,10000.873000,18.341000,356.803045,359.650562,360.000000,621,3.196955,PI,FIFO,true,PI_FIFO,359.287004
8.670018,-1,15,9999.929000,18.270000,353.684608,358.755669,360.000000,623,6.315392,PI,FIFO,true,PI_FIFO,358.166525
8.680019,-1,15,10000.373000,18.643000,357.653791,358.590387,360.000000,624,2.346209,PI,FIFO,true,PI_FIFO,358.063978
8.690018,-1,15,9999.226000,17.869000,358.337315,358.552426,360.000000,625,1.662685,PI,FIFO,true,PI_FIFO,358.118645
8.700037,-1,15,10018.833000,36.702000,362.368857,359.124891,360.000000,625,-2.368857,PI,FIFO,true,PI_FIFO,358.968688
8.710019,-1,15,9981.803000,18.505000,359.539789,359.187126,360.000000,625,0.460211,PI,FIFO,true,PI_FIFO,359.082908
8.720018,-1,15,9999.021000,17.526000,361.318088,359.506770,360.000000,625,-1.318088,PI,FIFO,true,PI_FIFO,359.529944
8.730017,-1,15,9999.689000,17.215000,360.230548,359.615337,360.000000,625,-0.230548,PI,FIFO,true,PI_FIFO,359.670065
8.740017,-1,15,10000.040000,17.255000,362.435567,360.038371,360.000000,624,-2.435567,PI,FIFO,true,PI_FIFO,360.223165
8.750017,-1,15,9999.781000,17.036000,360.576923,360.119154,360.000000,624,-0.576923,PI,FIFO,true,PI_FIFO,360.293917
8.760018,-1,15,10000.466000,17.502000,364.502333,360.776631,360.000000,623,-4.502333,PI,FIFO,true,PI_FIFO,361.135600
8.770018,-1,15,10000.281000,17.783000,366.533086,361.640099,360.000000,621,-6.533086,PI,FIFO,true,PI_FIFO,362.215097
8.780018,-1,15,10000.151000,17.934000,364.691390,362.097793,360.000000,619,-4.691390,PI,FIFO,true,PI_FIFO,362.710356
8.790017,-1,15,9999.337000,17.271000,361.480625,362.005217,360.000000,618,-1.480625,PI,FIFO,true,PI_FIFO,362.464409
8.800025,-1,15,10007.890000,25.161000,359.287174,361.597511,360.000000,618,0.712826,PI,FIFO,true,PI_FIFO,361.828962
8.810018,-1,15,9992.727000,17.888000,356.803045,360.878341,360.000000,619,3.196955,PI,FIFO,true,PI_FIFO,360.823779
8.820018,-1,15,10000.244000,18.132000,352.822581,359.669977,360.000000,620,7.177419,PI,FIFO,true,PI_FIFO,359.223539
8.830017,-1,15,9999.096000,17.228000,355.113636,358.986526,360.000000,622,4.886364,PI,FIFO,true,PI_FIFO,358.401559
8.840017,-1,15,10000.058000,17.286000,355.691057,358.492206,360.000000,623,4.308943,PI,FIFO,true,PI_FIFO,357.859458
8.850018,-1,15,10001.114000,18.400000,358.474333,358.489525,360.000000,624,1.525667,PI,FIFO,true,PI_FIFO,357.982433
8.860017,-1,15,9999.059000,17.459000,356.890363,358.249650,360.000000,625,3.109637,PI,FIFO,true,PI_FIFO,357.764019
8.870017,-1,15,9999.448000,16.907000,360.903533,358.647733,360.000000,625,-0.903533,PI,FIFO,true,PI_FIFO,358.391922
8.880017,-1,15,10000.447000,17.354000,359.983544,358.848104,360.000000,625,0.016456,PI,FIFO,true,PI_FIFO,358.710246
8.890017,-1,15,9999.781000,17.135000,361.445783,359.237756,360.000000,625,-1.445783,PI,FIFO,true,PI_FIFO,359.257354
8.900027,-1,15,10009.613000,26.748000,358.700643,359.157189,360.000000,626,1.299357,PI,FIFO,true,PI_FIFO,359.146011
8.910017,-1,15,9990.505000,17.253000,363.407307,359.794707,360.000000,625,-3.407307,PI,FIFO,true,PI_FIFO,359.998271
8.920017,-1,15,9999.540000,16.793000,362.283837,360.168076,360.000000,624,-2.283837,PI,FIFO,true,PI_FIFO,360.455384
8.930014,-1,15,9997.078000,13.871000,366.439962,361.108859,360.000000,623,-6.439962,PI,FIFO,true,PI_FIFO,361.652300
8.940017,-1,15,10002.946000,16.817000,364.608653,361.633828,360.000000,621,-4.608653,PI,FIFO,true,PI_FIFO,362.243570
8.950014,-1,15,9997.058000,13.875000,366.210938,362.320395,360.000000,619,-6.210938,PI,FIFO,true,PI_FIFO,363.037044
8.960017,-1,15,10002.910000,16.785000,361.445783,362.189203,360.000000,618,-1.445783,PI,FIFO,true,PI_FIFO,362.718792
8.970017,-1,15,10000.705000,17.490000,360.023041,361.864279,360.000000,618,-0.023041,PI,FIFO,true,PI_FIFO,362.179642
8.980017,-1,15,9999.818000,17.308000,356.125356,361.003440,360.000000,619,3.874644,PI,FIFO,true,PI_FIFO,360.968785
8.990017,-1,15,9999.872000,17.180000,357.629428,360.497339,360.000000,619,2.370572,PI,FIFO,true,PI_FIFO,360.300913
9.000026,-1,15,10009.168000,26.348000,353.606789,359.463756,360.000000,621,6.393211,PI,FIFO,true,PI_FIFO,358.962088
9.010017,-1,15,9991.022000,17.370000,355.498375,358.868949,360.000000,622,4.501625,PI,FIFO,true,PI_FIFO,358.269346
9.020018,-1,15,10000.299000,17.669000,359.195402,358.917917,360.000000,623,0.804598,PI,FIFO,true,PI_FIFO,358.454557
9.030014,-1,15,9996.336000,14.005000,358.737245,358.890816,360.000000,623,1.262755,PI,FIFO,true,PI_FIFO,358.511095
9.040017,-1,15,10002.983000,16.988000,358.680057,358.859202,360.000000,624,1.319943,PI,FIFO,true,PI_FIFO,358.544887
9.050017,-1,15,10000.280000,17.268000,358.215066,358.762582,360.000000,624,1.784934,PI,FIFO,true,PI_FIFO,358.478923
9.060017,-1,15,9999.873000,17.141000,360.057609,358.956836,360.000000,625,-0.057609,PI,FIFO,true,PI_FIFO,358.794660
9.070018,-1,15,10000.428000,17.569000,356.193009,358.542262,360.000000,626,3.806991,PI,FIFO,true,PI_FIFO,358.274330
9.080018,-1,15,10000.076000,17.645000,361.445783,358.977790,360.000000,626,-1.445783,PI,FIFO,true,PI_FIFO,358.908621
9.090018,-1,15,10000.281000,17.926000,361.794501,359.400297,360.000000,625,-1.794501,PI,FIFO,true,PI_FIFO,359.485797
9.100025,-1,15,10007.315000,25.241000,367.743201,360.651732,360.000000,623,-7.743201,PI,FIFO,true,PI_FIFO,361.137277
9.110017,-1,15,9991.893000,17.134000,362.318841,360.901799,360.000000,623,-2.318841,PI,FIFO,true,PI_FIFO,361.373590
9.120017,-1,15,9999.984000,17.118000,364.691390,361.470237,360.000000,621,-4.691390,PI,FIFO,true,PI_FIFO,362.037150
9.130017,-1,15,10000.095000,17.213000,360.057609,361.258343,360.000000,621,-0.057609,PI,FIFO,true,PI_FIFO,361.641242
9.140017,-1,15,9999.798000,17.011000,359.470859,360.990220,360.000000,621,0.529141,PI,FIFO,true,PI_FIFO,361.207165
9.150017,-1,15,10000.132000,17.143000,354.219144,359.974559,360.000000,622,5.780856,PI,FIFO,true,PI_FIFO,359.809561
9.160017,-1,15,9999.614000,16.757000,358.371560,359.734109,360.000000,623,1.628440,PI,FIFO,true,PI_FIFO,359.521961
9.170018,-1,15,10001.391000,18.148000,355.113636,359.041038,360.000000,624,4.886364,PI,FIFO,true,PI_FIFO,358.640296
9.180017,-1,15,9999.021000,17.169000,358.998906,359.034718,360.000000,624,1.001094,PI,FIFO,true,PI_FIFO,358.712018
9.190021,-1,15,10003.464000,20.633000,358.851675,359.007262,360.000000,625,1.148325,PI,FIFO,true,PI_FIFO,358.739949
9.200029,-1,15,10007.890000,28.523000,363.334539,359.656353,360.000000,624,-3.334539,PI,FIFO,true,PI_FIFO,359.658867
9.210022,-1,15,9993.096000,21.619000,359.746738,359.669911,360.000000,624,0.253262,PI,FIFO,true,PI_FIFO,359.676441
9.220028,-1,15,10006.131000,27.750000,361.503856,359.945003,360.000000,624,-1.503856,PI,FIFO,true,PI_FIFO,360.041924
9.230015,-1,15,9987.653000,15.403000,360.923965,360.091847,360.000000,624,-0.923965,PI,FIFO,true,PI_FIFO,360.218333
9.240018,-1,15,10002.705000,18.108000,362.435567,360.443405,360.000000,623,-2.435567,PI,FIFO,true,PI_FIFO,360.661779
9.250019,-1,15,10000.836000,18.944000,360.403652,360.437442,360.000000,623,-0.403652,PI,FIFO,true,PI_FIFO,360.610154
9.260035,-1,15,10015.685000,34.629000,364.124806,360.990547,360.000000,622,-4.124806,PI,FIFO,true,PI_FIFO,361.313084
9.270053,-1,15,10018.666000,53.295000,366.020302,361.745010,360.000000,620,-6.020302,PI,FIFO,true,PI_FIFO,362.254528
9.280029,-1,15,9975.636000,28.931000,363.196126,361.962677,360.000000,619,-3.196126,PI,FIFO,true,PI_FIFO,362.442847
9.290019,-1,15,9990.503000,19.434000,361.503856,361.893854,360.000000,618,-1.503856,PI,FIFO,true,PI_FIFO,362.255049
9.300027,-1,15,10007.650000,27.084000,358.166189,361.334704,360.000000,618,1.833811,PI,FIFO,true,PI_FIFO,361.437277
9.310014,-1,15,9987.245000,14.329000,357.142857,360.705927,360.000000,619,2.857143,PI,FIFO,true,PI_FIFO,360.578393
9.320016,-1,15,10001.520000,15.849000,353.773585,359.666076,360.000000,620,6.226415,PI,FIFO,true,PI_FIFO,359.217432
9.330015,-1,15,9999.558000,15.407000,354.241451,358.852382,360.000000,622,5.758549,PI,FIFO,true,PI_FIFO,358.222235
9.340015,-1,15,9999.910000,15.317000,354.959974,358.268521,360.000000,623,5.040026,PI,FIFO,true,PI_FIFO,357.569783
9.350016,-1,15,10000.502000,15.819000,359.539789,358.459211,360.000000,624,0.460211,PI,FIFO,true,PI_FIFO,357.963784
9.360016,-1,15,9999.743000,15.562000,357.313006,358.287280,360.000000,625,2.686994,PI,FIFO,true,PI_FIFO,357.833629
9.370017,-1,15,10001.225000,16.787000,360.775151,358.660461,360.000000,625,-0.775151,PI,FIFO,true,PI_FIFO,358.421933
9.380015,-1,15,9998.206000,14.993000,358.508604,358.637683,360.000000,626,1.491396,PI,FIFO,true,PI_FIFO,358.439267
9.390016,-1,15,10000.576000,15.569000,360.576923,358.928569,360.000000,626,-0.576923,PI,FIFO,true,PI_FIFO,358.866799
9.400026,-1,15,10010.797000,26.366000,358.508604,358.865574,360.000000,626,1.491396,PI,FIFO,true,PI_FIFO,358.795160
9.410019,-1,15,9992.763000,19.129000,363.206472,359.516709,360.000000,626,-3.206472,PI,FIFO,true,PI_FIFO,359.677422
9.420018,-1,15,9999.021000,18.150000,362.168874,359.914534,360.000000,625,-2.168874,PI,FIFO,true,PI_FIFO,360.175713
9.430018,-1,15,9999.410000,17.560000,367.392808,361.036275,360.000000,623,-7.392808,PI,FIFO,true,PI_FIFO,361.619132
9.440017,-1,15,9999.595000,17.155000,364.583333,361.568333,360.000000,622,-4.583333,PI,FIFO,true,PI_FIFO,362.211972
9.450018,-1,15,10000.595000,17.750000,365.203941,362.113675,360.000000,620,-5.203941,PI,FIFO,true,PI_FIFO,362.810366
9.460018,-1,15,9999.946000,17.696000,360.775151,361.912896,360.000000,619,-0.775151,PI,FIFO,true,PI_FIFO,362.403323
9.470017,-1,15,9999.447000,17.143000,359.884837,361.608687,360.000000,619,0.115163,PI,FIFO,true,PI_FIFO,361.899626
9.480017,-1,15,10000.021000,17.164000,356.554260,360.850523,360.000000,620,3.445740,PI,FIFO,true,PI_FIFO,360.830552
9.490018,-1,15,10000.687000,17.851000,357.142857,360.294373,360.000000,620,2.857143,PI,FIFO,true,PI_FIFO,360.093013
9.500027,-1,15,10008.890000,26.741000,352.632993,359.145166,360.000000,622,7.367007,PI,FIFO,true,PI_FIFO,358.601009
9.510015,-1,15,9988.356000,15.097000,356.633381,358.768398,360.000000,623,3.366619,PI,FIFO,true,PI_FIFO,358.207484
9.520018,-1,15,10002.928000,18.025000,359.392114,358.861956,360.000000,624,0.607886,PI,FIFO,true,PI_FIFO,358.444410
9.530017,-1,15,9999.095000,17.120000,358.508604,358.808953,360.000000,624,1.491396,PI,FIFO,true,PI_FIFO,358.457249
9.540015,-1,15,9998.114000,15.234000,360.403652,359.048158,360.000000,624,-0.403652,PI,FIFO,true,PI_FIFO,358.846529
9.550018,-1,15,10002.557000,17.791000,360.023041,359.194390,360.000000,625,-0.023041,PI,FIFO,true,PI_FIFO,359.081832
9.560026,-1,15,10008.186000,25.977000,361.097737,359.479892,360.000000,624,-1.097737,PI,FIFO,true,PI_FIFO,359.485013
9.570020,-1,15,9994.207000,20.184000,359.287174,359.450985,360.000000,625,0.712826,PI,FIFO,true,PI_FIFO,359.445445
9.580018,-1,15,9997.744000,17.928000,360.750361,359.645891,360.000000,625,-0.750361,PI,FIFO,true,PI_FIFO,359.706428
9.590014,-1,15,9996.540000,14.468000,362.809598,360.120447,360.000000,624,-2.809598,PI,FIFO,true,PI_FIFO,360.327062
9.600030,-1,15,10015.259000,29.727000,366.927593,361.141519,360.000000,622,-6.927593,PI,FIFO,true,PI_FIFO,361.647168
9.610018,-1,15,9988.060000,17.787000,363.748060,361.532500,360.000000,621,-3.748060,PI,FIFO,true,PI_FIFO,362.067347
9.620018,-1,15,10000.372000,18.159000,364.077670,361.914276,360.000000,619,-4.077670,PI,FIFO,true,PI_FIFO,362.469411
9.630018,-1,15,9999.465000,17.624000,359.786184,361.595062,360.000000,619,0.213816,PI,FIFO,true,PI_FIFO,361.932766
9.640018,-1,15,10000.521000,18.145000,359.195402,361.235113,360.000000,619,0.804598,PI,FIFO,true,PI_FIFO,361.385293
9.650017,-1,15,9999.040000,17.185000,353.151683,360.022598,360.000000,621,6.848317,PI,FIFO,true,PI_FIFO,359.738571
9.660018,-1,15,10000.428000,17.613000,357.483317,359.641706,360.000000,621,2.516683,PI,FIFO,true,PI_FIFO,359.287520
9.670017,-1,15,9999.650000,17.263000,353.964401,358.790110,360.000000,623,6.035599,PI,FIFO,true,PI_FIFO,358.222897
9.680017,-1,15,10000.095000,17.358000,358.337315,358.722191,360.000000,624,1.662685,PI,FIFO,true,PI_FIFO,358.245780
9.690018,-1,15,10000.206000,17.564000,357.824427,358.587527,360.000000,625,2.175573,PI,FIFO,true,PI_FIFO,358.161510
9.700039,-1,15,10021.740000,39.304000,361.794501,359.068573,360.000000,624,-1.794501,PI,FIFO,true,PI_FIFO,358.888108
9.710020,-1,15,9980.450000,19.754000,359.392114,359.117104,360.000000,625,0.607886,PI,FIFO,true,PI_FIFO,358.988909
9.720024,-1,15,10003.890000,23.644000,360.576923,359.336077,360.000000,625,-0.576923,PI,FIFO,true,PI_FIFO,359.306512
9.730019,-1,15,9995.096000,18.740000,360.023041,359.439121,360.000000,625,-0.023041,PI,FIFO,true,PI_FIFO,359.449818
9.740017,-1,15,9998.743000,17.483000,361.271676,359.714005,360.000000,625,-1.271676,PI,FIFO,true,PI_FIFO,359.814189
9.750018,-1,15,10000.114000,17.597000,360.750361,359.869458,360.000000,624,-0.750361,PI,FIFO,true,PI_FIFO,360.001424
9.760017,-1,15,9999.854000,17.451000,363.936335,360.479490,360.000000,623,-3.936335,PI,FIFO,true,PI_FIFO,360.788406
9.770019,-1,15,10001.169000,18.620000,365.675280,361.258858,360.000000,622,-5.675280,PI,FIFO,true,PI_FIFO,361.765781
9.780018,-1,15,9999.095000,17.715000,363.936335,361.660480,360.000000,620,-3.936335,PI,FIFO,true,PI_FIFO,362.199892
9.790017,-1,15,9999.706000,17.421000,361.271676,361.602159,360.000000,620,-1.271676,PI,FIFO,true,PI_FIFO,362.014249
9.800027,-1,15,10009.723000,27.144000,359.470859,361.282464,360.000000,620,0.529141,PI,FIFO,true,PI_FIFO,361.505571
9.810025,-1,15,9998.354000,25.498000,358.166189,360.815023,360.000000,620,1.833811,PI,FIFO,true,PI_FIFO,360.837694
9.820019,-1,15,9993.115000,18.613000,355.113636,359.959815,360.000000,621,4.886364,PI,FIFO,true,PI_FIFO,359.692883
9.830018,-1,15,9999.058000,17.671000,355.113636,359.232888,360.000000,622,4.886364,PI,FIFO,true,PI_FIFO,358.777034
9.840017,-1,15,9999.706000,17.377000,354.921579,358.586192,360.000000,624,5.078421,PI,FIFO,true,PI_FIFO,358.005943
9.850018,-1,15,10000.261000,17.638000,359.884837,358.780989,360.000000,624,0.115163,PI,FIFO,true,PI_FIFO,358.381722
9.860017,-1,15,9999.503000,17.141000,357.642421,358.610203,360.000000,625,2.357579,PI,FIFO,true,PI_FIFO,358.233861
9.870018,-1,15,10000.743000,17.884000,360.750361,358.931227,360.000000,625,-0.750361,PI,FIFO,true,PI_FIFO,358.737161
9.880018,-1,15,10000.113000,17.997000,360.181120,359.118711,360.000000,625,-0.181120,PI,FIFO,true,PI_FIFO,359.025953
9.890021,-1,15,10002.687000,20.684000,361.394558,359.460088,360.000000,625,-1.394558,PI,FIFO,true,PI_FIFO,359.499674
9.900030,-1,15,10009.482000,30.166000,357.824427,359.214739,360.000000,626,2.175573,PI,FIFO,true,PI_FIFO,359.164625
9.910032,-1,15,10001.521000,31.687000,362.844702,359.759233,360.000000,625,-2.844702,PI,FIFO,true,PI_FIFO,359.900640
9.920019,-1,15,9987.560000,19.247000,361.689815,360.048821,360.000000,625,-1.689815,PI,FIFO,true,PI_FIFO,360.258475
9.930018,-1,15,9998.558000,17.805000,366.032211,360.946329,360.000000,623,-6.032211,PI,FIFO,true,PI_FIFO,361.413222
9.940019,-1,15,10000.983000,18.788000,364.368999,361.459730,360.000000,622,-4.368999,PI,FIFO,true,PI_FIFO,362.004378
9.950033,-1,15,10014.221000,33.009000,365.070093,362.001284,360.000000,620,-5.070093,PI,FIFO,true,PI_FIFO,362.617521
9.960036,-1,15,10003.483000,36.492000,359.195402,361.580402,360.000000,620,0.804598,PI,FIFO,true,PI_FIFO,361.933097
9.970026,-1,15,9989.096000,25.588000,357.663824,360.992915,360.000000,620,2.336176,PI,FIFO,true,PI_FIFO,361.079242
9.980022,-1,15,9995.946000,21.534000,355.498375,360.168734,360.000000,621,4.501625,PI,FIFO,true,PI_FIFO,359.963069
9.990018,-1,15,9996.280000,17.814000,356.803045,359.663881,360.000000,622,3.196955,PI,FIFO,true,PI_FIFO,359.331064
10.000030,-1,15,10011.814000,29.628000,353.582974,358.751745,360.000000,624,6.417026,PI,FIFO,true,PI_FIFO,358.181446
10.010018,-1,15,9988.022000,17.650000,356.125356,358.357786,360.000000,625,3.874644,PI,FIFO,true,PI_FIFO,357.770228
10.020018,-1,15,10000.094000,17.744000,360.023041,358.607575,360.000000,625,-0.023041,PI,FIFO,true,PI_FIFO,358.220791
10.030018,-1,15,9999.946000,17.690000,359.367513,358.721565,360.000000,626,0.632487,PI,FIFO,true,PI_FIFO,358.450135
10.040018,-1,15,10000.002000,17.692000,359.786184,358.881258,360.000000,626,0.213816,PI,FIFO,true,PI_FIFO,358.717345
10.050015,-1,15,9996.965000,14.657000,359.884837,359.031795,360.000000,626,0.115163,PI,FIFO,true,PI_FIFO,358.950843
10.060017,-1,15,10002.649000,17.306000,363.184401,359.654686,360.000000,626,-3.184401,PI,FIFO,true,PI_FIFO,359.797555
10.070017,-1,15,10000.187000,17.493000,360.057609,359.715124,360.000000,626,-0.057609,PI,FIFO,true,PI_FIFO,359.849566
10.080018,-1,15,10000.038000,17.531000,362.809598,360.179295,360.000000,625,-2.809598,PI,FIFO,true,PI_FIFO,360.441572
10.090017,-1,15,9999.965000,17.496000,363.372093,360.658215,360.000000,624,-3.372093,PI,FIFO,true,PI_FIFO,361.027676
10.100027,-1,15,10009.129000,26.625000,367.935636,361.749828,360.000000,622,-7.935636,PI,FIFO,true,PI_FIFO,362.409268
10.110017,-1,15,9990.744000,17.369000,363.901019,362.072507,360.000000,620,-3.901019,PI,FIFO,true,PI_FIFO,362.707618
10.120017,-1,15,9999.428000,16.797000,363.703788,362.317199,360.000000,619,-3.703788,PI,FIFO,true,PI_FIFO,362.906852
10.130030,-1,15,10013.684000,30.481000,360.973597,362.115659,360.000000,618,-0.973597,PI,FIFO,true,PI_FIFO,362.520201
10.140019,-1,15,9988.467000,18.948000,359.712230,361.755144,360.000000,618,0.287770,PI,FIFO,true,PI_FIFO,361.958607
10.150014,-1,15,9995.354000,14.302000,353.012372,360.443729,360.000000,620,6.987628,PI,FIFO,true,PI_FIFO,360.169360
10.160017,-1,15,10003.112000,17.414000,356.463878,359.846751,360.000000,620,3.536122,PI,FIFO,true,PI_FIFO,359.428264
10.170019,-1,15,10001.612000,19.026000,354.040785,358.975856,360.000000,622,5.959215,PI,FIFO,true,PI_FIFO,358.350768
10.180017,-1,15,9997.928000,16.954000,358.166189,358.854406,360.000000,623,1.833811,PI,FIFO,true,PI_FIFO,358.313852
10.190017,-1,15,10000.279000,17.233000,357.434641,358.641441,360.000000,624,2.565359,PI,FIFO,true,PI_FIFO,358.138010
10.200030,-1,15,10012.666000,29.899000,360.923965,358.983820,360.000000,624,-0.923965,PI,FIFO,true,PI_FIFO,358.695201
10.210018,-1,15,9987.670000,17.569000,359.103677,359.001799,360.000000,624,0.896323,PI,FIFO,true,PI_FIFO,358.776896
10.220018,-1,15,10000.706000,18.275000,360.057609,359.160170,360.000000,624,-0.057609,PI,FIFO,true,PI_FIFO,359.033039
10.230017,-1,15,9999.149000,17.424000,358.606557,359.077128,360.000000,625,1.393443,PI,FIFO,true,PI_FIFO,358.947743
10.240017,-1,15,9999.706000,17.130000,360.250904,359.253195,360.000000,625,-0.250904,PI,FIFO,true,PI_FIFO,359.208375
10.250017,-1,15,10000.260000,17.390000,360.378913,359.422052,360.000000,625,-0.378913,PI,FIFO,true,PI_FIFO,359.442482
10.260018,-1,15,10000.983000,18.373000,364.254492,360.146918,360.000000,624,-4.254492,PI,FIFO,true,PI_FIFO,360.404884
10.270018,-1,15,10000.076000,18.449000,367.167102,361.199946,360.000000,622,-7.167102,PI,FIFO,true,PI_FIFO,361.757328
10.280018,-1,15,9999.631000,18.080000,364.036090,361.625367,360.000000,621,-4.036090,PI,FIFO,true,PI_FIFO,362.213080
10.290018,-1,15,9999.816000,17.896000,361.794501,361.650737,360.000000,620,-1.794501,PI,FIFO,true,PI_FIFO,362.129364
10.300028,-1,15,10010.296000,28.192000,359.392114,361.311944,360.000000,620,0.607886,PI,FIFO,true,PI_FIFO,361.581914
10.310015,-1,15,9987.134000,15.326000,357.995227,360.814436,360.000000,620,2.004773,PI,FIFO,true,PI_FIFO,360.864577
10.320018,-1,15,10002.390000,17.716000,355.883948,360.074863,360.000000,621,4.116052,PI,FIFO,true,PI_FIFO,359.868451
10.330017,-1,15,9999.668000,17.384000,355.450237,359.381169,360.000000,622,4.549763,PI,FIFO,true,PI_FIFO,358.984808
10.340017,-1,15,10000.057000,17.441000,356.193009,358.902945,360.000000,623,3.806991,PI,FIFO,true,PI_FIFO,358.426448
10.350017,-1,15,9999.594000,17.035000,359.712230,359.024338,360.000000,624,0.287770,PI,FIFO,true,PI_FIFO,358.683605
10.360017,-1,15,9999.946000,16.981000,358.215066,358.902947,360.000000,624,1.784934,PI,FIFO,true,PI_FIFO,358.589897
10.370019,-1,15,10001.594000,18.575000,360.403652,359.128053,360.000000,624,-0.403652,PI,FIFO,true,PI_FIFO,358.952648
10.380017,-1,15,9998.853000,17.428000,359.287174,359.151921,360.000000,625,0.712826,PI,FIFO,true,PI_FIFO,359.019553
10.390018,-1,15,10000.613000,18.041000,362.318841,359.626959,360.000000,624,-2.318841,PI,FIFO,true,PI_FIFO,359.679411
10.400028,-1,15,10010.333000,28.374000,357.629428,359.327329,360.000000,625,2.370572,PI,FIFO,true,PI_FIFO,359.269414
10.410018,-1,15,9989.263000,17.637000,362.215909,359.760616,360.000000,625,-2.215909,PI,FIFO,true,PI_FIFO,359.858713
10.420017,-1,15,9999.112000,16.749000,361.172262,359.972363,360.000000,624,-1.172262,PI,FIFO,true,PI_FIFO,360.121423
10.430017,-1,15,10000.539000,17.288000,366.210938,360.908149,360.000000,623,-6.210938,PI,FIFO,true,PI_FIFO,361.339326
10.440017,-1,15,10000.057000,17.345000,362.769486,361.187350,360.000000,622,-2.769486,PI,FIFO,true,PI_FIFO,361.625358
10.450017,-1,15,9999.761000,17.106000,365.874656,361.890446,360.000000,620,-5.874656,PI,FIFO,true,PI_FIFO,362.475217
10.460017,-1,15,10000.242000,17.348000,360.403652,361.667427,360.000000,619,-0.403652,PI,FIFO,true,PI_FIFO,362.060904
10.470014,-1,15,9996.891000,14.239000,359.392114,361.326130,360.000000,619,0.607886,PI,FIFO,true,PI_FIFO,361.527146
10.480017,-1,15,10002.908000,17.147000,355.618777,360.470027,360.000000,620,4.381223,PI,FIFO,true,PI_FIFO,360.345472
10.490014,-1,15,9997.095000,14.242000,358.188996,360.127872,360.000000,621,1.811004,PI,FIFO,true,PI_FIFO,359.914177
10.500025,-1,15,10011.240000,25.482000,353.506787,359.134709,360.000000,622,6.493213,PI,FIFO,true,PI_FIFO,358.632699
10.510017,-1,15,9991.799000,17.281000,357.097511,358.829130,360.000000,623,2.902489,PI,FIFO,true,PI_FIFO,358.325662
10.520026,-1,15,10008.260000,25.541000,360.057609,359.013402,360.000000,624,-0.057609,PI,FIFO,true,PI_FIFO,358.672051
10.530016,-1,15,9990.170000,15.711000,359.589041,359.099748,360.000000,624,0.410959,PI,FIFO,true,PI_FIFO,358.855449
10.540018,-1,15,10002.519000,18.230000,359.276375,359.126242,360.000000,624,0.723625,PI,FIFO,true,PI_FIFO,358.939634
10.550024,-1,15,10005.853000,24.083000,358.802624,359.077699,360.000000,625,1.197376,PI,FIFO,true,PI_FIFO,358.912232
10.560019,-1,15,9994.669000,18.752000,361.271676,359.406796,360.000000,624,-1.271676,PI,FIFO,true,PI_FIFO,359.384121
10.570018,-1,15,9999.057000,17.809000,358.737245,359.306363,360.000000,625,1.262755,PI,FIFO,true,PI_FIFO,359.254746
10.580019,-1,15,10000.983000,18.792000,362.318841,359.758235,360.000000,624,-2.318841,PI,FIFO,true,PI_FIFO,359.867565
10.590020,-1,15,10000.945000,19.737000,363.559979,360.328496,360.000000,624,-3.559979,PI,FIFO,true,PI_FIFO,360.606048
10.600029,-1,15,10009.352000,29.089000,366.748166,361.291447,360.000000,622,-6.748166,PI,FIFO,true,PI_FIFO,361.834471
10.610020,-1,15,9990.670000,19.759000,362.996902,361.547265,360.000000,621,-2.996902,PI,FIFO,true,PI_FIFO,362.066958
10.620019,-1,15,9999.724000,19.483000,363.724539,361.873856,360.000000,619,-3.724539,PI,FIFO,true,PI_FIFO,362.398474
10.630019,-1,15,9999.501000,18.984000,360.576923,361.679316,360.000000,619,-0.576923,PI,FIFO,true,PI_FIFO,362.034164
10.640019,-1,15,9999.909000,18.893000,360.057609,361.436060,360.000000,618,-0.057609,PI,FIFO,true,PI_FIFO,361.638853
10.650018,-1,15,9999.280000,18.173000,354.609929,360.412141,360.000000,620,5.390071,PI,FIFO,true,PI_FIFO,360.233068
10.660035,-1,15,10016.573000,34.746000,356.077048,359.761877,360.000000,621,3.922952,PI,FIFO,true,PI_FIFO,359.401864
10.670028,-1,15,9993.465000,28.211000,352.974398,358.743755,360.000000,623,7.025602,PI,FIFO,true,PI_FIFO,358.116371
10.680019,-1,15,9990.503000,18.714000,358.680057,358.734200,360.000000,623,1.319943,PI,FIFO,true,PI_FIFO,358.229108
10.690018,-1,15,9998.891000,17.605000,357.045702,358.480925,360.000000,624,2.954298,PI,FIFO,true,PI_FIFO,357.992427
10.700044,-1,15,10026.589000,44.194000,361.794501,358.977962,360.000000,624,-1.794501,PI,FIFO,true,PI_FIFO,358.752842
10.710021,-1,15,9976.598000,20.792000,358.920368,358.969323,360.000000,625,1.079632,PI,FIFO,true,PI_FIFO,358.786347
10.720019,-1,15,9997.762000,18.554000,361.445783,359.340792,360.000000,624,-1.445783,PI,FIFO,true,PI_FIFO,359.318234
10.730018,-1,15,9999.038000,17.592000,360.023041,359.443129,360.000000,624,-0.023041,PI,FIFO,true,PI_FIFO,359.459196
10.740017,-1,15,9999.817000,17.409000,361.271676,359.717411,360.000000,624,-1.271676,PI,FIFO,true,PI_FIFO,359.821692
10.750017,-1,15,9999.557000,16.966000,360.947125,359.901868,360.000000,624,-0.947125,PI,FIFO,true,PI_FIFO,360.046778
10.760018,-1,15,10000.575000,17.541000,364.077670,360.528239,360.000000,623,-4.077670,PI,FIFO,true,PI_FIFO,360.852957
10.770017,-1,15,9999.909000,17.450000,365.829865,361.323483,360.000000,621,-5.829865,PI,FIFO,true,PI_FIFO,361.848338
10.780019,-1,15,10001.575000,19.025000,364.963504,361.869486,360.000000,620,-4.963504,PI,FIFO,true,PI_FIFO,362.471371
10.790017,-1,15,9998.169000,17.194000,360.761929,361.703352,360.000000,619,-0.761929,PI,FIFO,true,PI_FIFO,362.129483
10.800026,-1,15,10008.778000,25.972000,359.712230,361.404684,360.000000,619,0.287770,PI,FIFO,true,PI_FIFO,361.646032
10.810022,-1,15,9996.520000,22.492000,357.434641,360.809177,360.000000,619,2.565359,PI,FIFO,true,PI_FIFO,360.803754
10.820018,-1,15,9995.762000,18.254000,354.609929,359.879290,360.000000,621,5.390071,PI,FIFO,true,PI_FIFO,359.564989
10.830017,-1,15,9999.076000,17.330000,355.691057,359.251055,360.000000,622,4.308943,PI,FIFO,true,PI_FIFO,358.790203
10.840019,-1,15,10001.260000,18.590000,355.281857,358.655675,360.000000,623,4.718143,PI,FIFO,true,PI_FIFO,358.088533
10.850023,-1,15,10004.871000,23.461000,360.392107,358.916140,360.000000,623,-0.392107,PI,FIFO,true,PI_FIFO,358.549248
10.860019,-1,15,9996.039000,19.500000,357.653791,358.726788,360.000000,624,2.346209,PI,FIFO,true,PI_FIFO,358.370157
10.870019,-1,15,9999.650000,19.150000,360.181120,358.944938,360.000000,624,-0.181120,PI,FIFO,true,PI_FIFO,358.732349
10.880018,-1,15,9998.872000,18.022000,359.438430,359.018961,360.000000,625,0.561570,PI,FIFO,true,PI_FIFO,358.873565
10.890018,-1,15,10000.187000,18.209000,360.576923,359.252656,360.000000,625,-0.576923,PI,FIFO,true,PI_FIFO,359.214237
10.900029,-1,15,10011.018000,29.227000,357.240065,358.950767,360.000000,626,2.759935,PI,FIFO,true,PI_FIFO,358.819403
10.910018,-1,15,9988.874000,18.101000,362.143892,359.429736,360.000000,625,-2.143892,PI,FIFO,true,PI_FIFO,359.484301
10.920017,-1,15,9999.131000,17.232000,361.689815,359.768748,360.000000,625,-1.689815,PI,FIFO,true,PI_FIFO,359.925403
10.930017,-1,15,10000.113000,17.345000,365.675280,360.654728,360.000000,623,-5.675280,PI,FIFO,true,PI_FIFO,361.075379
10.940017,-1,15,9999.815000,17.160000,363.184401,361.034179,360.000000,622,-3.184401,PI,FIFO,true,PI_FIFO,361.497183
10.950017,-1,15,10000.186000,17.346000,364.963504,361.623577,360.000000,621,-4.963504,PI,FIFO,true,PI_FIFO,362.190447
10.960017,-1,15,9999.501000,16.847000,360.947125,361.522110,360.000000,620,-0.947125,PI,FIFO,true,PI_FIFO,361.941783
10.970017,-1,15,10000.389000,17.236000,360.057609,361.302434,360.000000,620,-0.057609,PI,FIFO,true,PI_FIFO,361.564948
10.980018,-1,15,10000.334000,17.570000,356.657609,360.605711,360.000000,621,3.342391,PI,FIFO,true,PI_FIFO,360.583480
10.990017,-1,15,9999.575000,17.145000,357.824427,360.188518,360.000000,621,2.175573,PI,FIFO,true,PI_FIFO,360.031670
11.000027,-1,15,10009.370000,26.515000,353.684608,359.212932,360.000000,623,6.315392,PI,FIFO,true,PI_FIFO,358.762257
11.010017,-1,15,9990.521000,17.036000,357.142857,358.902420,360.000000,624,2.857143,PI,FIFO,true,PI_FIFO,358.438377
11.020017,-1,15,10000.463000,17.499000,359.589041,359.005414,360.000000,624,0.410959,PI,FIFO,true,PI_FIFO,358.668510
11.030018,-1,15,10000.482000,17.981000,360.230548,359.189184,360.000000,624,-0.230548,PI,FIFO,true,PI_FIFO,358.980918
11.040017,-1,15,9999.038000,17.019000,359.470859,359.231435,360.000000,624,0.529141,PI,FIFO,true,PI_FIFO,359.078906
11.050018,-1,15,10000.890000,17.909000,360.576923,359.433258,360.000000,624,-0.576923,PI,FIFO,true,PI_FIFO,359.378509
11.060017,-1,15,9999.556000,17.465000,361.132512,359.688146,360.000000,624,-1.132512,PI,FIFO,true,PI_FIFO,359.729310
11.070017,-1,15,9999.630000,17.095000,359.023456,359.588443,360.000000,625,0.976544,PI,FIFO,true,PI_FIFO,359.588139
11.080019,-1,15,10001.427000,18.522000,360.973597,359.796216,360.000000,624,-0.973597,PI,FIFO,true,PI_FIFO,359.865231
11.090017,-1,15,9998.649000,17.171000,362.318841,360.174610,360.000000,624,-2.318841,PI,FIFO,true,PI_FIFO,360.355953
11.100027,-1,15,10009.369000,26.540000,366.379310,361.105315,360.000000,622,-6.379310,PI,FIFO,true,PI_FIFO,361.560624
11.110014,-1,15,9987.633000,14.173000,362.569061,361.324877,360.000000,621,-2.569061,PI,FIFO,true,PI_FIFO,361.762312
11.120017,-1,15,10002.685000,16.858000,361.558530,361.359925,360.000000,620,-1.558530,PI,FIFO,true,PI_FIFO,361.721555
11.130014,-1,15,9997.076000,13.934000,358.606557,360.946920,360.000000,621,1.393443,PI,FIFO,true,PI_FIFO,361.098556
11.140017,-1,15,10002.741000,16.675000,356.633381,360.299889,360.000000,621,3.366619,PI,FIFO,true,PI_FIFO,360.205521
11.150017,-1,15,10000.315000,16.990000,352.443609,359.121447,360.000000,623,7.556391,PI,FIFO,true,PI_FIFO,358.653138
11.160017,-1,15,10000.241000,17.231000,356.633381,358.748237,360.000000,624,3.366619,PI,FIFO,true,PI_FIFO,358.249187
11.170017,-1,15,9999.779000,17.010000,353.964401,358.030662,360.000000,626,6.035599,PI,FIFO,true,PI_FIFO,357.392230
11.180018,-1,15,10000.723000,17.733000,358.680057,358.128071,360.000000,627,1.319943,PI,FIFO,true,PI_FIFO,357.649795
11.190017,-1,15,9999.538000,17.271000,358.188996,358.137210,360.000000,628,1.811004,PI,FIFO,true,PI_FIFO,357.757636
11.200027,-1,15,10009.277000,26.548000,362.318841,358.764454,360.000000,627,-2.318841,PI,FIFO,true,PI_FIFO,358.669877
11.210017,-1,15,9990.872000,17.420000,360.576923,359.036325,360.000000,627,-0.576923,PI,FIFO,true,PI_FIFO,359.051286
11.220023,-1,15,10005.667000,23.087000,363.020329,359.633925,360.000000,627,-3.020329,PI,FIFO,true,PI_FIFO,359.845094
11.230018,-1,15,9994.742000,17.829000,361.689815,359.942309,360.000000,626,-1.689815,PI,FIFO,true,PI_FIFO,360.214039
11.240017,-1,15,9999.630000,17.459000,363.372093,360.456776,360.000000,625,-3.372093,PI,FIFO,true,PI_FIFO,360.845649
11.250018,-1,15,10000.316000,17.775000,362.248841,360.725586,360.000000,625,-2.248841,PI,FIFO,true,PI_FIFO,361.126288
11.260018,-1,15,9999.797000,17.572000,365.675280,361.468040,360.000000,623,-5.675280,PI,FIFO,true,PI_FIFO,362.036086
11.270018,-1,15,10000.593000,18.165000,366.210938,362.179475,360.000000,621,-6.210938,PI,FIFO,true,PI_FIFO,362.871056
11.280018,-1,15,9999.482000,17.647000,365.639626,362.698497,360.000000,619,-5.639626,PI,FIFO,true,PI_FIFO,363.424770
11.290021,-1,15,10003.519000,21.166000,361.794501,362.562898,360.000000,618,-1.794501,PI,FIFO,true,PI_FIFO,363.098716
11.300031,-1,15,10009.647000,30.813000,359.838792,362.154282,360.000000,618,0.161208,PI,FIFO,true,PI_FIFO,362.446732
11.310018,-1,15,9987.373000,18.186000,356.803045,361.351596,360.000000,618,3.196955,PI,FIFO,true,PI_FIFO,361.317994
11.320017,-1,15,9999.298000,17.484000,355.305901,360.444742,360.000000,619,4.694099,PI,FIFO,true,PI_FIFO,360.115576
11.330015,-1,15,9997.093000,14.577000,353.773585,359.444069,360.000000,621,6.226415,PI,FIFO,true,PI_FIFO,358.847177
11.340018,-1,15,10003.408000,17.985000,354.346652,358.679456,360.000000,623,5.653348,PI,FIFO,true,PI_FIFO,357.947072
11.350017,-1,15,9999.279000,17.264000,359.539789,358.808506,360.000000,623,0.460211,PI,FIFO,true,PI_FIFO,358.265616
11.360042,-1,15,10025.181000,42.445000,358.006619,358.688223,360.000000,624,1.993381,PI,FIFO,true,PI_FIFO,358.213816
11.370032,-1,15,9989.688000,32.133000,360.023041,358.888446,360.000000,624,-0.023041,PI,FIFO,true,PI_FIFO,358.575661
11.380042,-1,15,10009.925000,42.058000,358.920368,358.893234,360.000000,625,1.079632,PI,FIFO,true,PI_FIFO,358.644603
11.390018,-1,15,9976.005000,18.063000,360.750361,359.171803,360.000000,625,-0.750361,PI,FIFO,true,PI_FIFO,359.065754
11.400029,-1,15,10011.202000,29.265000,356.803045,358.816489,360.000000,626,3.196955,PI,FIFO,true,PI_FIFO,358.613212
11.410017,-1,15,9987.577000,16.842000,361.689815,359.247488,360.000000,625,-1.689815,PI,FIFO,true,PI_FIFO,359.228533
11.420016,-1,15,9999.056000,15.898000,362.669246,359.760752,360.000000,625,-2.669246,PI,FIFO,true,PI_FIFO,359.916675
11.430015,-1,15,9999.279000,15.177000,365.395323,360.605937,360.000000,623,-5.395323,PI,FIFO,true,PI_FIFO,361.012405
11.440016,-1,15,10000.593000,15.770000,364.077670,361.126697,360.000000,622,-4.077670,PI,FIFO,true,PI_FIFO,361.625458
11.450015,-1,15,9999.094000,14.864000,365.538991,361.788541,360.000000,620,-5.538991,PI,FIFO,true,PI_FIFO,362.408165
11.460015,-1,15,10000.297000,15.161000,359.589041,361.458616,360.000000,620,0.410959,PI,FIFO,true,PI_FIFO,361.844340
11.470015,-1,15,9999.908000,15.069000,360.057609,361.248465,360.000000,620,-0.057609,PI,FIFO,true,PI_FIFO,361.486994
11.480018,-1,15,10002.944000,18.013000,357.434641,360.676392,360.000000,620,2.565359,PI,FIFO,true,PI_FIFO,360.676523
11.490015,-1,15,9996.742000,14.755000,357.824427,360.248597,360.000000,621,2.175573,PI,FIFO,true,PI_FIFO,360.106104
11.500022,-1,15,10007.537000,22.292000,354.777673,359.427958,360.000000,622,5.222327,PI,FIFO,true,PI_FIFO,359.040418
11.510018,-1,15,9995.316000,17.608000,357.629428,359.158179,360.000000,623,2.370572,PI,FIFO,true,PI_FIFO,358.758220
11.520017,-1,15,9999.705000,17.313000,359.367513,359.189579,360.000000,623,0.632487,PI,FIFO,true,PI_FIFO,358.880078
11.530017,-1,15,9999.630000,16.943000,360.761929,359.425431,360.000000,623,-0.761929,PI,FIFO,true,PI_FIFO,359.256449
11.540017,-1,15,10000.501000,17.444000,359.367513,359.416744,360.000000,624,0.632487,PI,FIFO,true,PI_FIFO,359.278661
11.550017,-1,15,9999.945000,17.389000,360.761929,359.618522,360.000000,623,-0.761929,PI,FIFO,true,PI_FIFO,359.575315
11.560024,-1,15,10006.351000,23.740000,360.750361,359.788297,360.000000,623,-0.750361,PI,FIFO,true,PI_FIFO,359.810324
11.570024,-1,15,9999.890000,23.630000,359.195402,359.699363,360.000000,624,0.804598,PI,FIFO,true,PI_FIFO,359.687340
11.580021,-1,15,9996.946000,20.576000,360.403652,359.805006,360.000000,623,-0.403652,PI,FIFO,true,PI_FIFO,359.830602
11.590015,-1,15,9994.649000,15.225000,361.689815,360.087728,360.000000,623,-1.689815,PI,FIFO,true,PI_FIFO,360.202445
11.600030,-1,15,10014.425000,29.650000,367.286974,361.167615,360.000000,621,-7.286974,PI,FIFO,true,PI_FIFO,361.619351
11.610019,-1,15,9989.261000,18.911000,362.062307,361.301818,360.000000,620,-2.062307,PI,FIFO,true,PI_FIFO,361.707942
11.620017,-1,15,9998.557000,17.468000,363.724539,361.665227,360.000000,619,-3.724539,PI,FIFO,true,PI_FIFO,362.111261
11.630018,-1,15,10000.704000,18.172000,359.287174,361.308519,360.000000,619,0.712826,PI,FIFO,true,PI_FIFO,361.546444
11.640017,-1,15,9999.205000,17.377000,358.166189,360.837169,360.000000,619,1.833811,PI,FIFO,true,PI_FIFO,360.870393
11.650017,-1,15,9999.926000,17.303000,353.606789,359.752612,360.000000,621,6.393211,PI,FIFO,true,PI_FIFO,359.417672
11.660017,-1,15,9999.834000,17.137000,355.305901,359.085606,360.000000,622,4.694099,PI,FIFO,true,PI_FIFO,358.595318
11.670020,-1,15,10003.186000,20.323000,354.609929,358.414254,360.000000,624,5.390071,PI,FIFO,true,PI_FIFO,357.798240
11.680018,-1,15,9997.797000,18.120000,358.215066,358.384376,360.000000,625,1.784934,PI,FIFO,true,PI_FIFO,357.881605
11.690018,-1,15,9999.797000,17.917000,357.995227,358.326003,360.000000,625,2.004773,PI,FIFO,true,PI_FIFO,357.904330
11.700042,-1,15,10024.275000,42.192000,362.435567,358.942438,360.000000,625,-2.435567,PI,FIFO,true,PI_FIFO,358.810577
11.710020,-1,15,9977.541000,19.733000,358.851675,358.928824,360.000000,626,1.148325,PI,FIFO,true,PI_FIFO,358.818797
11.720018,-1,15,9998.279000,18.012000,361.503856,359.315078,360.000000,625,-1.503856,PI,FIFO,true,PI_FIFO,359.355808
11.730018,-1,15,10000.241000,18.253000,359.712230,359.374651,360.000000,625,0.287770,PI,FIFO,true,PI_FIFO,359.427093
11.740017,-1,15,9999.131000,17.384000,363.171002,359.944104,360.000000,625,-3.171002,PI,FIFO,true,PI_FIFO,360.175875
11.750018,-1,15,10000.297000,17.681000,361.722651,360.210886,360.000000,624,-1.722651,PI,FIFO,true,PI_FIFO,360.485230
11.760017,-1,15,9998.908000,16.589000,365.191987,360.958051,360.000000,623,-5.191987,PI,FIFO,true,PI_FIFO,361.426581
11.770019,-1,15,10002.001000,18.590000,365.874656,361.695542,360.000000,621,-5.874656,PI,FIFO,true,PI_FIFO,362.316196
11.780017,-1,15,9997.945000,16.535000,365.449584,362.258648,360.000000,619,-5.449584,PI,FIFO,true,PI_FIFO,362.942874
11.790018,-1,15,10001.389000,17.924000,360.750361,362.032405,360.000000,619,-0.750361,PI,FIFO,true,PI_FIFO,362.504371
11.800025,-1,15,10007.352000,25.276000,359.195402,361.606855,360.000000,618,0.804598,PI,FIFO,true,PI_FIFO,361.842577
11.810022,-1,15,9996.853000,22.129000,357.995227,361.065110,360.000000,619,2.004773,PI,FIFO,true,PI_FIFO,361.073107
11.820018,-1,15,9995.835000,17.964000,355.113636,360.172389,360.000000,620,4.886364,PI,FIFO,true,PI_FIFO,359.881213
11.830018,-1,15,10000.408000,18.372000,354.609929,359.338020,360.000000,621,5.390071,PI,FIFO,true,PI_FIFO,358.826956
11.840017,-1,15,9999.056000,17.428000,355.305901,358.733202,360.000000,623,4.694099,PI,FIFO,true,PI_FIFO,358.122745
11.850017,-1,15,9999.945000,17.373000,359.539789,358.854190,360.000000,623,0.460211,PI,FIFO,true,PI_FIFO,358.406154
11.860017,-1,15,9999.649000,17.022000,357.995227,358.725346,360.000000,624,2.004773,PI,FIFO,true,PI_FIFO,358.323969
11.870023,-1,15,10006.278000,23.300000,360.378913,358.973381,360.000000,624,-0.378913,PI,FIFO,true,PI_FIFO,358.734957
11.880019,-1,15,9995.223000,18.523000,359.438430,359.043138,360.000000,624,0.561570,PI,FIFO,true,PI_FIFO,358.875652
11.890014,-1,15,9995.965000,14.488000,361.570248,359.422205,360.000000,624,-1.570248,PI,FIFO,true,PI_FIFO,359.414571
11.900027,-1,15,10012.665000,27.153000,357.824427,359.182538,360.000000,625,2.175573,PI,FIFO,true,PI_FIFO,359.096542
11.910018,-1,15,9990.984000,18.137000,361.689815,359.558630,360.000000,624,-1.689815,PI,FIFO,true,PI_FIFO,359.615197
11.920017,-1,15,9999.334000,17.471000,361.620058,359.867844,360.000000,624,-1.620058,PI,FIFO,true,PI_FIFO,360.016169
11.930018,-1,15,10000.056000,17.527000,366.020302,360.790713,360.000000,623,-6.020302,PI,FIFO,true,PI_FIFO,361.216996
11.940017,-1,15,9999.815000,17.342000,363.196126,361.151525,360.000000,621,-3.196126,PI,FIFO,true,PI_FIFO,361.612822
11.950017,-1,15,9999.463000,16.805000,364.502333,361.654146,360.000000,620,-4.502333,PI,FIFO,true,PI_FIFO,362.190724
11.960017,-1,15,10000.407000,17.212000,360.057609,361.414665,360.000000,620,-0.057609,PI,FIFO,true,PI_FIFO,361.764101
11.970017,-1,15,10000.130000,17.342000,358.410705,360.964071,360.000000,620,1.589295,PI,FIFO,true,PI_FIFO,361.093422
11.980018,-1,15,10000.925000,18.267000,355.113636,360.086506,360.000000,621,4.886364,PI,FIFO,true,PI_FIFO,359.897465
11.990017,-1,15,9998.297000,16.564000,357.642421,359.719893,360.000000,622,2.357579,PI,FIFO,true,PI_FIFO,359.446456
12.000030,-1,15,10013.905000,30.469000,354.576399,358.948369,360.000000,623,5.423601,PI,FIFO,true,PI_FIFO,358.472445
12.010016,-1,15,9985.058000,15.527000,356.735160,358.616388,360.000000,624,3.264840,PI,FIFO,true,PI_FIFO,358.124988
12.020018,-1,15,10002.888000,18.415000,360.230548,358.858512,360.000000,624,-0.230548,PI,FIFO,true,PI_FIFO,358.546100
12.030018,-1,15,9999.593000,18.008000,360.576923,359.116273,360.000000,625,-0.576923,PI,FIFO,true,PI_FIFO,358.952264
12.040018,-1,15,9999.815000,17.823000,359.287174,359.141909,360.000000,625,0.712826,PI,FIFO,true,PI_FIFO,359.019246
12.050018,-1,15,9999.685000,17.508000,360.057609,359.279264,360.000000,625,-0.057609,PI,FIFO,true,PI_FIFO,359.226919
12.060035,-1,15,10017.275000,34.783000,361.318088,359.585087,360.000000,625,-1.318088,PI,FIFO,true,PI_FIFO,359.645153
12.070025,-1,15,9990.353000,25.136000,360.181120,359.674492,360.000000,625,-0.181120,PI,FIFO,true,PI_FIFO,359.752346
12.080019,-1,15,9993.945000,19.081000,361.230734,359.907929,360.000000,624,-1.230734,PI,FIFO,true,PI_FIFO,360.048024
12.090018,-1,15,9998.575000,17.656000,364.583333,360.609239,360.000000,623,-4.583333,PI,FIFO,true,PI_FIFO,360.955086
12.100029,-1,15,10011.664000,29.320000,366.547838,361.500029,360.000000,621,-6.547838,PI,FIFO,true,PI_FIFO,362.073636
12.110018,-1,15,9988.669000,17.989000,363.184401,361.752685,360.000000,620,-3.184401,PI,FIFO,true,PI_FIFO,362.295789
12.120017,-1,15,9999.000000,16.989000,363.372093,361.995596,360.000000,619,-3.372093,PI,FIFO,true,PI_FIFO,362.511050
12.130017,-1,15,10000.000000,16.989000,360.576923,361.782795,360.000000,618,-0.576923,PI,FIFO,true,PI_FIFO,362.124225
12.140018,-1,15,10001.148000,18.137000,359.539789,361.446344,360.000000,618,0.460211,PI,FIFO,true,PI_FIFO,361.607337
12.150018,-1,15,9999.370000,17.507000,354.040785,360.335510,360.000000,620,5.959215,PI,FIFO,true,PI_FIFO,360.094027
12.160017,-1,15,9999.833000,17.340000,356.554260,359.768323,360.000000,621,3.445740,PI,FIFO,true,PI_FIFO,359.386074
12.170018,-1,15,10000.630000,17.970000,352.797291,358.722668,360.000000,622,7.202709,PI,FIFO,true,PI_FIFO,358.068317
12.180019,-1,15,10001.463000,19.433000,357.995227,358.613552,360.000000,623,2.004773,PI,FIFO,true,PI_FIFO,358.053699
12.190019,-1,15,9999.314000,18.747000,357.240065,358.407529,360.000000,624,2.759935,PI,FIFO,true,PI_FIFO,357.890972
12.200028,-1,15,10009.091000,27.838000,361.394558,358.855583,360.000000,624,-1.394558,PI,FIFO,true,PI_FIFO,358.591689
12.210018,-1,15,9989.835000,17.673000,358.920368,358.865301,360.000000,625,1.079632,PI,FIFO,true,PI_FIFO,358.657425
12.220017,-1,15,9999.667000,17.340000,360.576923,359.122044,360.000000,625,-0.576923,PI,FIFO,true,PI_FIFO,359.041325
12.230018,-1,15,10000.167000,17.507000,357.483317,358.876235,360.000000,626,2.516683,PI,FIFO,true,PI_FIFO,358.729723
12.240018,-1,15,10000.240000,17.747000,361.875965,359.326195,360.000000,625,-1.875965,PI,FIFO,true,PI_FIFO,359.358972
12.250018,-1,15,9999.834000,17.581000,360.576923,359.513804,360.000000,625,-0.576923,PI,FIFO,true,PI_FIFO,359.602562
12.260017,-1,15,9999.111000,16.692000,364.583333,360.274233,360.000000,624,-4.583333,PI,FIFO,true,PI_FIFO,360.598716
12.270017,-1,15,10000.703000,17.395000,365.538991,361.063947,360.000000,623,-5.538991,PI,FIFO,true,PI_FIFO,361.586771
12.280017,-1,15,9999.815000,17.210000,365.191987,361.683153,360.000000,621,-5.191987,PI,FIFO,true,PI_FIFO,362.307814
12.290014,-1,15,9997.056000,14.266000,361.230734,361.615290,360.000000,620,-1.230734,PI,FIFO,true,PI_FIFO,362.092398
12.300025,-1,15,10010.813000,25.079000,358.998906,361.222832,360.000000,620,1.001094,PI,FIFO,true,PI_FIFO,361.473700
12.310017,-1,15,9992.094000,17.173000,357.995227,360.738692,360.000000,621,2.004773,PI,FIFO,true,PI_FIFO,360.778005
12.320017,-1,15,10000.092000,17.265000,354.921579,359.866125,360.000000,622,5.078421,PI,FIFO,true,PI_FIFO,359.606720
12.330018,-1,15,10000.259000,17.524000,356.633381,359.381213,360.000000,623,3.366619,PI,FIFO,true,PI_FIFO,359.012052
12.340017,-1,15,9999.612000,17.136000,355.787476,358.842153,360.000000,624,4.212524,PI,FIFO,true,PI_FIFO,358.367137
12.350017,-1,15,9999.981000,17.117000,361.689815,359.269302,360.000000,624,-1.689815,PI,FIFO,true,PI_FIFO,359.031673
12.360019,-1,15,10001.963000,19.080000,358.508604,359.155197,360.000000,624,1.491396,PI,FIFO,true,PI_FIFO,358.927059
12.370014,-1,15,9994.852000,13.932000,361.689815,359.535390,360.000000,624,-1.689815,PI,FIFO,true,PI_FIFO,359.479610
12.380019,-1,15,10004.629000,18.561000,359.884837,359.587807,360.000000,624,0.115163,PI,FIFO,true,PI_FIFO,359.560655
12.390014,-1,15,9995.556000,14.117000,361.969112,359.945003,360.000000,624,-1.969112,PI,FIFO,true,PI_FIFO,360.042347
12.400027,-1,15,10013.202000,27.319000,358.680057,359.755261,360.000000,624,1.319943,PI,FIFO,true,PI_FIFO,359.769889
12.410017,-1,15,9989.853000,17.172000,363.372093,360.297786,360.000000,623,-3.372093,PI,FIFO,true,PI_FIFO,360.490330
12.420017,-1,15,9999.963000,17.135000,362.143892,360.574702,360.000000,623,-2.143892,PI,FIFO,true,PI_FIFO,360.821042
12.430017,-1,15,10000.315000,17.450000,366.592805,361.477417,360.000000,621,-6.592805,PI,FIFO,true,PI_FIFO,361.975395
12.440017,-1,15,9999.851000,17.301000,362.844702,361.682510,360.000000,620,-2.844702,PI,FIFO,true,PI_FIFO,362.149256
12.450017,-1,15,9999.889000,17.190000,365.070093,362.190647,360.000000,618,-5.070093,PI,FIFO,true,PI_FIFO,362.733424
12.460017,-1,15,10000.241000,17.431000,359.884837,361.844776,360.000000,618,0.115163,PI,FIFO,true,PI_FIFO,362.163706
12.470017,-1,15,9999.852000,17.283000,358.188996,361.296409,360.000000,618,1.811004,PI,FIFO,true,PI_FIFO,361.368764
12.480017,-1,15,9999.444000,16.727000,354.934377,360.342104,360.000000,619,5.065623,PI,FIFO,true,PI_FIFO,360.081887
12.490017,-1,15,10000.759000,17.486000,356.554260,359.773927,360.000000,620,3.445740,PI,FIFO,true,PI_FIFO,359.376361
12.500026,-1,15,10008.388000,25.874000,352.620361,358.700892,360.000000,622,7.379639,PI,FIFO,true,PI_FIFO,358.025161
12.510019,-1,15,9992.871000,18.745000,356.463878,358.365340,360.000000,623,3.536122,PI,FIFO,true,PI_FIFO,357.712905
12.520018,-1,15,9999.556000,18.301000,359.103677,358.476091,360.000000,624,0.896323,PI,FIFO,true,PI_FIFO,357.991059
12.530018,-1,15,9999.296000,17.597000,360.057609,358.713319,360.000000,624,-0.057609,PI,FIFO,true,PI_FIFO,358.404369
12.540017,-1,15,9999.556000,17.153000,358.920368,358.744376,360.000000,624,1.079632,PI,FIFO,true,PI_FIFO,358.507569
12.550017,-1,15,10000.222000,17.375000,359.712230,358.889554,360.000000,625,0.287770,PI,FIFO,true,PI_FIFO,358.748501
12.560017,-1,15,9999.592000,16.967000,360.378913,359.112958,360.000000,625,-0.378913,PI,FIFO,true,PI_FIFO,359.074583
12.570017,-1,15,10000.148000,17.115000,359.195402,359.125325,360.000000,625,0.804598,PI,FIFO,true,PI_FIFO,359.098747
12.580024,-1,15,10006.851000,23.966000,361.875965,359.537921,360.000000,625,-1.875965,PI,FIFO,true,PI_FIFO,359.654191
12.590027,-1,15,10002.870000,26.836000,363.724539,360.165913,360.000000,624,-3.724539,PI,FIFO,true,PI_FIFO,360.468260
12.600029,-1,15,10002.148000,28.984000,368.128272,361.360267,360.000000,622,-8.128272,PI,FIFO,true,PI_FIFO,362.000263
12.610016,-1,15,9987.076000,16.060000,363.548231,361.688462,360.000000,620,-3.548231,PI,FIFO,true,PI_FIFO,362.309856
12.620016,-1,15,9999.722000,15.782000,363.559979,361.969189,360.000000,619,-3.559979,PI,FIFO,true,PI_FIFO,362.559881
12.630018,-1,15,10001.740000,17.522000,359.884837,361.656537,360.000000,619,0.115163,PI,FIFO,true,PI_FIFO,362.024872
12.640018,-1,15,10000.204000,17.726000,359.654731,361.356266,360.000000,619,0.345269,PI,FIFO,true,PI_FIFO,361.550844
12.650018,-1,15,9999.778000,17.504000,354.040785,360.258944,360.000000,620,5.959215,PI,FIFO,true,PI_FIFO,360.048832
12.660018,-1,15,10000.111000,17.615000,356.735160,359.730376,360.000000,621,3.264840,PI,FIFO,true,PI_FIFO,359.386098
12.670018,-1,15,10000.500000,18.115000,355.113636,359.037865,360.000000,622,4.886364,PI,FIFO,true,PI_FIFO,358.531606
12.680017,-1,15,9999.277000,17.392000,358.680057,358.984194,360.000000,623,1.319943,PI,FIFO,true,PI_FIFO,358.561296
12.690024,-1,15,10006.203000,23.595000,357.240065,358.722575,360.000000,624,2.759935,PI,FIFO,true,PI_FIFO,358.297050
12.700063,-1,15,10039.808000,63.403000,362.622486,359.307561,360.000000,623,-2.622486,PI,FIFO,true,PI_FIFO,359.162137
12.710019,-1,15,9956.007000,19.410000,359.023456,359.264946,360.000000,624,0.976544,PI,FIFO,true,PI_FIFO,359.134401
12.720018,-1,15,9998.464000,17.874000,361.097737,359.539864,360.000000,623,-1.097737,PI,FIFO,true,PI_FIFO,359.527068
12.730017,-1,15,9999.259000,17.133000,359.838792,359.584704,360.000000,624,0.161208,PI,FIFO,true,PI_FIFO,359.589413
12.740018,-1,15,10000.463000,17.596000,361.620058,359.890007,360.000000,623,-1.620058,PI,FIFO,true,PI_FIFO,359.995542
12.750017,-1,15,9999.574000,17.170000,360.378913,359.963343,360.000000,623,-0.378913,PI,FIFO,true,PI_FIFO,360.072216
12.760018,-1,15,10000.685000,17.855000,364.702517,360.674219,360.000000,622,-4.702517,PI,FIFO,true,PI_FIFO,360.998276
12.770036,-1,15,10017.738000,35.593000,364.880643,361.305182,360.000000,620,-4.880643,PI,FIFO,true,PI_FIFO,361.774750
12.780038,-1,15,10002.869000,38.462000,365.070093,361.869919,360.000000,619,-5.070093,PI,FIFO,true,PI_FIFO,362.433818
12.790020,-1,15,9981.392000,19.854000,360.750361,361.701985,360.000000,618,-0.750361,PI,FIFO,true,PI_FIFO,362.097127
12.800031,-1,15,10011.517000,31.371000,358.337315,361.197285,360.000000,618,1.662685,PI,FIFO,true,PI_FIFO,361.345165
12.810026,-1,15,9994.871000,26.242000,357.045702,360.574547,360.000000,619,2.954298,PI,FIFO,true,PI_FIFO,360.485272
12.820022,-1,15,9995.556000,21.798000,354.609929,359.679855,360.000000,620,5.390071,PI,FIFO,true,PI_FIFO,359.310203
12.830014,-1,15,9992.168000,13.966000,354.729730,358.937336,360.000000,622,5.270270,PI,FIFO,true,PI_FIFO,358.394109
12.840017,-1,15,10003.499000,17.465000,355.281857,358.389014,360.000000,623,4.718143,PI,FIFO,true,PI_FIFO,357.771658
12.850018,-1,15,10000.093000,17.558000,360.576923,358.717200,360.000000,623,-0.576923,PI,FIFO,true,PI_FIFO,358.332711
12.860018,-1,15,9999.981000,17.539000,357.995227,358.608904,360.000000,624,2.004773,PI,FIFO,true,PI_FIFO,358.265214
12.870018,-1,15,10000.019000,17.558000,360.181120,358.844737,360.000000,624,-0.181120,PI,FIFO,true,PI_FIFO,358.648395
12.880017,-1,15,9999.315000,16.873000,359.884837,359.000752,360.000000,625,0.115163,PI,FIFO,true,PI_FIFO,358.895684
12.890018,-1,15,10000.722000,17.595000,361.132512,359.320516,360.000000,625,-1.132512,PI,FIFO,true,PI_FIFO,359.343049
12.900041,-1,15,10023.477000,41.072000,357.653791,359.070507,360.000000,625,2.346209,PI,FIFO,true,PI_FIFO,359.005198
12.910020,-1,15,9978.559000,19.631000,362.435567,359.575266,360.000000,625,-2.435567,PI,FIFO,true,PI_FIFO,359.691272
12.920019,-1,15,9999.556000,19.187000,362.493958,360.013070,360.000000,624,-2.493958,PI,FIFO,true,PI_FIFO,360.251809
12.930016,-1,15,9996.334000,15.521000,365.829865,360.885589,360.000000,623,-5.829865,PI,FIFO,true,PI_FIFO,361.367420
12.940019,-1,15,10003.221000,18.742000,361.794501,361.021926,360.000000,622,-1.794501,PI,FIFO,true,PI_FIFO,361.452836
12.950017,-1,15,9998.758000,17.500000,364.880643,361.600733,360.000000,620,-4.880643,PI,FIFO,true,PI_FIFO,362.138398
12.960017,-1,15,9999.759000,17.259000,360.057609,361.369265,360.000000,620,-0.057609,PI,FIFO,true,PI_FIFO,361.722240
12.970018,-1,15,10000.425000,17.684000,359.195402,361.043185,360.000000,620,0.804598,PI,FIFO,true,PI_FIFO,361.216872
12.980025,-1,15,10006.831000,24.515000,355.787476,360.254829,360.000000,621,4.212524,PI,FIFO,true,PI_FIFO,360.130993
12.990019,-1,15,9994.852000,19.367000,357.824427,359.890269,360.000000,622,2.175573,PI,FIFO,true,PI_FIFO,359.669680
13.000030,-1,15,10010.238000,29.605000,353.773585,358.972766,360.000000,623,6.226415,PI,FIFO,true,PI_FIFO,358.490461
13.010018,-1,15,9988.112000,17.717000,357.142857,358.698280,360.000000,624,2.857143,PI,FIFO,true,PI_FIFO,358.220940
13.020017,-1,15,9998.852000,16.569000,359.838792,358.869357,360.000000,624,0.161208,PI,FIFO,true,PI_FIFO,358.544511
13.030017,-1,15,10000.480000,17.049000,361.097737,359.203614,360.000000,624,-1.097737,PI,FIFO,true,PI_FIFO,359.055156
13.040017,-1,15,10000.166000,17.215000,359.786184,359.290999,360.000000,625,0.213816,PI,FIFO,true,PI_FIFO,359.201362
13.050017,-1,15,10000.018000,17.233000,361.558530,359.631129,360.000000,624,-1.558530,PI,FIFO,true,PI_FIFO,359.672795
13.060016,-1,15,9999.240000,16.473000,361.969112,359.981826,360.000000,624,-1.969112,PI,FIFO,true,PI_FIFO,360.132059
13.070023,-1,15,10006.313000,22.786000,360.576923,360.071091,360.000000,624,-0.576923,PI,FIFO,true,PI_FIFO,360.221031
13.080018,-1,15,9995.240000,18.026000,361.769570,360.325863,360.000000,623,-1.769570,PI,FIFO,true,PI_FIFO,360.530739
13.090018,-1,15,9999.592000,17.618000,363.020329,360.730033,360.000000,622,-3.020329,PI,FIFO,true,PI_FIFO,361.028657
13.100027,-1,15,10009.738000,27.356000,368.128272,361.839769,360.000000,620,-8.128272,PI,FIFO,true,PI_FIFO,362.448580
13.110017,-1,15,9990.075000,17.431000,362.669246,361.964190,360.000000,619,-2.669246,PI,FIFO,true,PI_FIFO,362.492713
13.120017,-1,15,9999.944000,17.375000,363.372093,362.175376,360.000000,618,-3.372093,PI,FIFO,true,PI_FIFO,362.668589
13.130018,-1,15,10000.962000,18.337000,358.680057,361.651078,360.000000,618,1.319943,PI,FIFO,true,PI_FIFO,361.870883
13.140018,-1,15,9999.869000,18.206000,356.851550,360.931149,360.000000,618,3.148450,PI,FIFO,true,PI_FIFO,360.867016
13.150017,-1,15,9998.796000,17.002000,352.443609,359.658018,360.000000,620,7.556391,PI,FIFO,true,PI_FIFO,359.182335
13.160017,-1,15,10000.073000,17.075000,354.442344,358.875667,360.000000,622,5.557656,PI,FIFO,true,PI_FIFO,358.234337
13.170014,-1,15,9997.204000,14.279000,353.582974,358.081763,360.000000,624,6.417026,PI,FIFO,true,PI_FIFO,357.304064
13.180018,-1,15,10003.498000,17.777000,358.166189,358.094427,360.000000,624,1.833811,PI,FIFO,true,PI_FIFO,357.476489
13.190014,-1,15,9996.333000,14.110000,357.278963,357.972107,360.000000,626,2.721037,PI,FIFO,true,PI_FIFO,357.436984
13.200025,-1,15,10011.090000,25.200000,362.143892,358.597875,360.000000,625,-2.143892,PI,FIFO,true,PI_FIFO,358.378366
13.210019,-1,15,9994.260000,19.460000,359.287174,358.701270,360.000000,626,0.712826,PI,FIFO,true,PI_FIFO,358.560127
13.220018,-1,15,9998.777000,18.237000,361.969112,359.191446,360.000000,625,-1.969112,PI,FIFO,true,PI_FIFO,359.241924
13.230017,-1,15,9998.962000,17.199000,360.576923,359.399268,360.000000,625,-0.576923,PI,FIFO,true,PI_FIFO,359.508924
13.240018,-1,15,10000.888000,18.087000,362.710514,359.895955,360.000000,625,-2.710514,PI,FIFO,true,PI_FIFO,360.149242
13.250017,-1,15,9999.166000,17.253000,361.371145,360.117233,360.000000,624,-1.371145,PI,FIFO,true,PI_FIFO,360.393623
13.260018,-1,15,10000.425000,17.678000,365.538991,360.930497,360.000000,623,-5.538991,PI,FIFO,true,PI_FIFO,361.422696
13.270017,-1,15,9999.592000,17.270000,364.988877,361.539254,360.000000,621,-4.988877,PI,FIFO,true,PI_FIFO,362.135932
13.280017,-1,15,10000.055000,17.325000,365.036647,362.063863,360.000000,620,-5.036647,PI,FIFO,true,PI_FIFO,362.716075
13.290018,-1,15,10000.295000,17.620000,361.172262,361.930123,360.000000,619,-1.172262,PI,FIFO,true,PI_FIFO,362.407313
13.300026,-1,15,10008.794000,26.414000,359.712230,361.597439,360.000000,619,0.287770,PI,FIFO,true,PI_FIFO,361.868296
13.310018,-1,15,9991.445000,17.859000,358.371560,361.113557,360.000000,619,1.628440,PI,FIFO,true,PI_FIFO,361.168949
13.320017,-1,15,9999.092000,16.951000,355.787476,360.314645,360.000000,620,4.212524,PI,FIFO,true,PI_FIFO,360.092654
13.330017,-1,15,10000.443000,17.394000,353.773585,359.333486,360.000000,621,6.226415,PI,FIFO,true,PI_FIFO,358.828840
13.340017,-1,15,10000.092000,17.486000,355.113636,358.700508,360.000000,623,4.886364,PI,FIFO,true,PI_FIFO,358.085800
13.350018,-1,15,10000.462000,17.948000,360.576923,358.981971,360.000000,623,-0.576923,PI,FIFO,true,PI_FIFO,358.584024
13.360017,-1,15,9999.425000,17.373000,357.995227,358.833959,360.000000,624,2.004773,PI,FIFO,true,PI_FIFO,358.466265
13.370017,-1,15,9999.592000,16.965000,360.413840,359.070941,360.000000,624,-0.413840,PI,FIFO,true,PI_FIFO,358.855780
13.380016,-1,15,9999.388000,16.353000,359.392114,359.119117,360.000000,624,0.607886,PI,FIFO,true,PI_FIFO,358.963047
13.390018,-1,15,10001.629000,17.982000,361.097737,359.415910,360.000000,624,-1.097737,PI,FIFO,true,PI_FIFO,359.389985
13.400032,-1,15,10014.052000,32.034000,356.554260,358.986663,360.000000,625,3.445740,PI,FIFO,true,PI_FIFO,358.822840
13.410018,-1,15,9985.687000,17.721000,360.923965,359.277258,360.000000,625,-0.923965,PI,FIFO,true,PI_FIFO,359.243065
13.420017,-1,15,9999.388000,17.109000,360.973597,359.531709,360.000000,625,-0.973597,PI,FIFO,true,PI_FIFO,359.589171
13.430017,-1,15,9999.666000,16.775000,366.042719,360.508360,360.000000,623,-6.042719,PI,FIFO,true,PI_FIFO,360.879881
13.440017,-1,15,9999.907000,16.682000,362.368857,360.787435,360.000000,623,-2.368857,PI,FIFO,true,PI_FIFO,361.177676
13.450017,-1,15,10000.462000,17.144000,365.036647,361.424817,360.000000,621,-5.036647,PI,FIFO,true,PI_FIFO,361.949470
13.460016,-1,15,9999.332000,16.476000,359.195402,361.090405,360.000000,621,0.804598,PI,FIFO,true,PI_FIFO,361.398657
13.470036,-1,15,10019.552000,36.028000,358.508604,360.703134,360.000000,621,1.491396,PI,FIFO,true,PI_FIFO,360.820646
13.480037,-1,15,10001.314000,37.342000,355.652504,359.945540,360.000000,622,4.347496,PI,FIFO,true,PI_FIFO,359.787018
13.490020,-1,15,9982.279000,19.621000,357.653791,359.601778,360.000000,623,2.346209,PI,FIFO,true,PI_FIFO,359.360372
13.500031,-1,15,10011.350000,30.971000,354.921579,358.899748,360.000000,624,5.078421,PI,FIFO,true,PI_FIFO,358.472614
13.510018,-1,15,9986.612000,17.583000,357.313006,358.661737,360.000000,625,2.686994,PI,FIFO,true,PI_FIFO,358.240692
13.520021,-1,15,10003.499000,21.082000,359.838792,358.838295,360.000000,626,0.161208,PI,FIFO,true,PI_FIFO,358.560312
13.530018,-1,15,9996.592000,17.674000,361.097737,359.177211,360.000000,625,-1.097737,PI,FIFO,true,PI_FIFO,359.067797
13.540017,-1,15,9999.166000,16.840000,359.654731,359.248839,360.000000,626,0.345269,PI,FIFO,true,PI_FIFO,359.185184
13.550017,-1,15,10000.499000,17.339000,361.620058,359.604522,360.000000,625,-1.620058,PI,FIFO,true,PI_FIFO,359.672159
13.560017,-1,15,9999.629000,16.968000,361.570248,359.899381,360.000000,625,-1.570248,PI,FIFO,true,PI_FIFO,360.051777
13.570018,-1,15,10000.758000,17.726000,359.712230,359.871308,360.000000,625,0.287770,PI,FIFO,true,PI_FIFO,359.983867
13.580019,-1,15,10001.369000,19.095000,362.062307,360.199958,360.000000,625,-2.062307,PI,FIFO,true,PI_FIFO,360.399555
13.590019,-1,15,9999.611000,18.706000,362.844702,360.596670,360.000000,624,-2.844702,PI,FIFO,true,PI_FIFO,360.888585
13.600027,-1,15,10008.109000,26.815000,366.784038,361.524775,360.000000,622,-6.784038,PI,FIFO,true,PI_FIFO,362.067675
13.610015,-1,15,9988.260000,15.075000,362.493958,361.670152,360.000000,621,-2.493958,PI,FIFO,true,PI_FIFO,362.152932
13.620017,-1,15,10002.221000,17.296000,363.748060,361.981839,360.000000,620,-3.748060,PI,FIFO,true,PI_FIFO,362.471958
13.630018,-1,15,10000.258000,17.554000,359.539789,361.615531,360.000000,619,0.460211,PI,FIFO,true,PI_FIFO,361.885524
13.640019,-1,15,10001.814000,19.368000,358.188996,361.101551,360.000000,620,1.811004,PI,FIFO,true,PI_FIFO,361.146218
13.650018,-1,15,9998.833000,18.201000,352.974398,359.882478,360.000000,621,7.025602,PI,FIFO,true,PI_FIFO,359.511854
13.660018,-1,15,9999.332000,17.533000,355.618777,359.242923,360.000000,622,4.381223,PI,FIFO,true,PI_FIFO,358.733239
13.670017,-1,15,9999.648000,17.181000,353.392569,358.365370,360.000000,624,6.607431,PI,FIFO,true,PI_FIFO,357.665105
13.680017,-1,15,9999.499000,16.680000,358.468286,358.380807,360.000000,625,1.531714,PI,FIFO,true,PI_FIFO,357.825741
13.690014,-1,15,9997.759000,14.439000,356.657609,358.122327,360.000000,626,3.342391,PI,FIFO,true,PI_FIFO,357.592115
13.700050,-1,15,10035.382000,49.821000,362.143892,358.725562,360.000000,626,-2.143892,PI,FIFO,true,PI_FIFO,358.502470
13.710031,-1,15,9981.410000,31.231000,359.470859,358.837357,360.000000,626,0.529141,PI,FIFO,true,PI_FIFO,358.696148
13.720019,-1,15,9988.223000,19.454000,360.923965,359.150348,360.000000,626,-0.923965,PI,FIFO,true,PI_FIFO,359.141711
13.730014,-1,15,9994.648000,14.102000,359.470859,359.198425,360.000000,627,0.529141,PI,FIFO,true,PI_FIFO,359.207541
13.740018,-1,15,10003.702000,17.804000,363.020329,359.771710,360.000000,626,-3.020329,PI,FIFO,true,PI_FIFO,359.970098
13.750017,-1,15,9999.500000,17.304000,360.775151,359.922226,360.000000,626,-0.775151,PI,FIFO,true,PI_FIFO,360.131109
13.760017,-1,15,9999.721000,17.025000,366.210938,360.865533,360.000000,624,-6.210938,PI,FIFO,true,PI_FIFO,361.347075
13.770017,-1,15,10000.296000,17.321000,365.598886,361.575536,360.000000,622,-5.598886,PI,FIFO,true,PI_FIFO,362.197437
13.780018,-1,15,10000.499000,17.820000,365.036647,362.094703,360.000000,621,-5.036647,PI,FIFO,true,PI_FIFO,362.765279
13.790018,-1,15,9999.888000,17.708000,361.172262,361.956336,360.000000,620,-1.172262,PI,FIFO,true,PI_FIFO,362.446676
13.800028,-1,15,10009.886000,27.594000,359.276375,361.554342,360.000000,620,0.723625,PI,FIFO,true,PI_FIFO,361.812615
13.810026,-1,15,9998.037000,25.631000,357.240065,360.907201,360.000000,620,2.759935,PI,FIFO,true,PI_FIFO,360.898105
13.820018,-1,15,9992.778000,18.409000,355.281857,360.063399,360.000000,621,4.718143,PI,FIFO,true,PI_FIFO,359.774856
13.830018,-1,15,9999.443000,17.852000,354.155424,359.177203,360.000000,623,5.844576,PI,FIFO,true,PI_FIFO,358.650969
13.840017,-1,15,9999.037000,16.889000,354.442344,358.466974,360.000000,625,5.557656,PI,FIFO,true,PI_FIFO,357.809244
13.850017,-1,15,10000.536000,17.425000,360.973597,358.842968,360.000000,625,-0.973597,PI,FIFO,true,PI_FIFO,358.442115
13.860018,-1,15,10000.536000,17.961000,357.995227,358.715806,360.000000,626,2.004773,PI,FIFO,true,PI_FIFO,358.352737
13.870018,-1,15,10000.370000,18.331000,360.413840,358.970511,360.000000,626,-0.413840,PI,FIFO,true,PI_FIFO,358.764958
13.880018,-1,15,9999.591000,17.922000,360.973597,359.270974,360.000000,626,-0.973597,PI,FIFO,true,PI_FIFO,359.206686
13.890017,-1,15,9999.444000,17.366000,363.372093,359.886142,360.000000,625,-3.372093,PI,FIFO,true,PI_FIFO,360.039767
13.900028,-1,15,10010.905000,28.271000,357.629428,359.547635,360.000000,625,2.370572,PI,FIFO,true,PI_FIFO,359.557699
13.910017,-1,15,9989.205000,17.476000,363.724539,360.174171,360.000000,625,-3.724539,PI,FIFO,true,PI_FIFO,360.391067
13.920017,-1,15,9999.980000,17.456000,362.622486,360.541418,360.000000,624,-2.622486,PI,FIFO,true,PI_FIFO,360.837351
13.930017,-1,15,9999.925000,17.381000,366.568915,361.445542,360.000000,622,-6.568915,PI,FIFO,true,PI_FIFO,361.983664
13.940017,-1,15,9999.314000,16.695000,363.748060,361.790920,360.000000,621,-3.748060,PI,FIFO,true,PI_FIFO,362.336543
13.950017,-1,15,10000.405000,17.100000,365.675280,362.373574,360.000000,619,-5.675280,PI,FIFO,true,PI_FIFO,363.004290
13.960017,-1,15,9999.980000,17.080000,360.207480,362.048660,360.000000,618,-0.207480,PI,FIFO,true,PI_FIFO,362.444928
13.970017,-1,15,10000.276000,17.356000,360.057609,361.750002,360.000000,618,-0.057609,PI,FIFO,true,PI_FIFO,361.967464
13.980017,-1,15,9999.869000,17.225000,354.346652,360.639500,360.000000,619,5.653348,PI,FIFO,true,PI_FIFO,360.443302
13.990017,-1,15,10000.239000,17.464000,357.142857,360.115003,360.000000,620,2.857143,PI,FIFO,true,PI_FIFO,359.783213
14.000027,-1,15,10009.090000,26.554000,353.582974,359.135199,360.000000,622,6.417026,PI,FIFO,true,PI_FIFO,358.543165
14.010018,-1,15,9991.796000,18.350000,357.313006,358.861870,360.000000,622,2.686994,PI,FIFO,true,PI_FIFO,358.297133
14.020018,-1,15,9999.313000,17.663000,358.554309,358.815736,360.000000,623,1.445691,PI,FIFO,true,PI_FIFO,358.348569
14.030017,-1,15,9999.517000,17.180000,360.923965,359.131970,360.000000,623,-0.923965,PI,FIFO,true,PI_FIFO,358.863648
14.040017,-1,15,9999.814000,16.994000,358.006619,358.963168,360.000000,624,1.993381,PI,FIFO,true,PI_FIFO,358.692242
14.050014,-1,15,9996.887000,13.881000,359.367513,359.023819,360.000000,624,0.632487,PI,FIFO,true,PI_FIFO,358.827296
14.060017,-1,15,10003.276000,17.157000,359.195402,359.049557,360.000000,625,0.804598,PI,FIFO,true,PI_FIFO,358.900918
14.070014,-1,15,9996.592000,13.749000,358.606557,358.983107,360.000000,625,1.393443,PI,FIFO,true,PI_FIFO,358.842046
14.080017,-1,15,10002.942000,16.691000,361.097737,359.300302,360.000000,625,-1.097737,PI,FIFO,true,PI_FIFO,359.293184
14.090014,-1,15,9997.147000,13.838000,362.622486,359.798629,360.000000,624,-2.622486,PI,FIFO,true,PI_FIFO,359.959044
14.100032,-1,15,10018.347000,32.185000,367.054353,360.886988,360.000000,623,-7.054353,PI,FIFO,true,PI_FIFO,361.378106
14.110014,-1,15,9982.224000,14.409000,363.171002,361.229590,360.000000,622,-3.171002,PI,FIFO,true,PI_FIFO,361.736685
14.120017,-1,15,10002.720000,17.129000,363.020329,361.498201,360.000000,620,-3.020329,PI,FIFO,true,PI_FIFO,361.993414
14.130019,-1,15,10001.628000,18.757000,360.207480,361.304593,360.000000,620,-0.207480,PI,FIFO,true,PI_FIFO,361.636227
14.140015,-1,15,9996.276000,15.033000,359.367513,361.014031,360.000000,620,0.632487,PI,FIFO,true,PI_FIFO,361.182484
14.150014,-1,15,9999.462000,14.495000,354.346652,360.013924,360.000000,621,5.653348,PI,FIFO,true,PI_FIFO,359.815318
14.160018,-1,15,10003.442000,17.937000,356.803045,359.532292,360.000000,622,3.196955,PI,FIFO,true,PI_FIFO,359.212863
14.170036,-1,15,10018.181000,36.118000,354.397681,358.762100,360.000000,624,5.602319,PI,FIFO,true,PI_FIFO,358.249827
14.180036,-1,15,10000.072000,36.190000,359.023456,358.801304,360.000000,624,0.976544,PI,FIFO,true,PI_FIFO,358.404553
14.190019,-1,15,9982.724000,18.914000,356.851550,358.508841,360.000000,625,3.148450,PI,FIFO,true,PI_FIFO,358.093952
14.200030,-1,15,10011.144000,30.058000,362.710514,359.139092,360.000000,625,-2.710514,PI,FIFO,true,PI_FIFO,359.017265
14.210015,-1,15,9984.557000,14.615000,360.181120,359.295396,360.000000,625,-0.181120,PI,FIFO,true,PI_FIFO,359.250036
14.220022,-1,15,10007.405000,22.020000,361.886921,359.684125,360.000000,625,-1.886921,PI,FIFO,true,PI_FIFO,359.777413
14.230019,-1,15,9996.536000,18.556000,359.786184,359.699434,360.000000,625,0.213816,PI,FIFO,true,PI_FIFO,359.779167
14.240018,-1,15,9999.072000,17.628000,362.493958,360.118612,360.000000,624,-2.493958,PI,FIFO,true,PI_FIFO,360.322125
14.250014,-1,15,9996.740000,14.368000,361.132512,360.270697,360.000000,624,-1.132512,PI,FIFO,true,PI_FIFO,360.484203
14.260017,-1,15,10002.998000,17.366000,365.853659,361.108141,360.000000,622,-5.853659,PI,FIFO,true,PI_FIFO,361.558094
14.270018,-1,15,10000.202000,17.568000,364.880643,361.674017,360.000000,621,-4.880643,PI,FIFO,true,PI_FIFO,362.222604
14.280017,-1,15,9999.702000,17.270000,364.431487,362.087637,360.000000,619,-4.431487,PI,FIFO,true,PI_FIFO,362.664380
14.290018,-1,15,10000.350000,17.620000,360.023041,361.777948,360.000000,619,-0.023041,PI,FIFO,true,PI_FIFO,362.136113
14.300027,-1,15,10009.645000,27.265000,357.483317,361.133753,360.000000,619,2.516683,PI,FIFO,true,PI_FIFO,361.205554
14.310018,-1,15,9990.352000,17.617000,355.883948,360.346283,360.000000,620,4.116052,PI,FIFO,true,PI_FIFO,360.141232
14.320017,-1,15,9999.776000,17.393000,353.606789,359.335359,360.000000,622,6.393211,PI,FIFO,true,PI_FIFO,358.834344
14.330017,-1,15,9999.999000,17.392000,352.443609,358.301596,360.000000,624,7.556391,PI,FIFO,true,PI_FIFO,357.556197
14.340017,-1,15,9999.794000,17.186000,355.450237,357.873892,360.000000,625,4.549763,PI,FIFO,true,PI_FIFO,357.135005
14.350017,-1,15,9999.925000,17.111000,359.654731,358.141018,360.000000,626,0.345269,PI,FIFO,true,PI_FIFO,357.638950
14.360027,-1,15,10009.719000,26.830000,358.508604,358.196156,360.000000,627,1.491396,PI,FIFO,true,PI_FIFO,357.812881
14.370019,-1,15,9992.574000,19.404000,360.576923,358.553271,360.000000,627,-0.576923,PI,FIFO,true,PI_FIFO,358.365689
14.380019,-1,15,9999.868000,19.272000,360.378913,358.827117,360.000000,627,-0.378913,PI,FIFO,true,PI_FIFO,358.768334
14.390018,-1,15,9998.943000,18.215000,363.548231,359.535284,360.000000,626,-3.548231,PI,FIFO,true,PI_FIFO,359.724313
14.400025,-1,15,10006.775000,24.990000,359.287174,359.498068,360.000000,626,0.712826,PI,FIFO,true,PI_FIFO,359.636886
14.410018,-1,15,9992.556000,17.546000,363.548231,360.105592,360.000000,626,-3.548231,PI,FIFO,true,PI_FIFO,360.419155
14.420017,-1,15,9999.757000,17.303000,363.184401,360.567414,360.000000,625,-3.184401,PI,FIFO,true,PI_FIFO,360.972204
14.430017,-1,15,10000.165000,17.468000,367.466928,361.602341,360.000000,623,-7.466928,PI,FIFO,true,PI_FIFO,362.271149
14.440019,-1,15,10001.110000,18.578000,363.559979,361.895986,360.000000,621,-3.559979,PI,FIFO,true,PI_FIFO,362.528915
14.450016,-1,15,9997.036000,15.614000,366.210938,362.543229,360.000000,619,-6.210938,PI,FIFO,true,PI_FIFO,363.265319
14.460017,-1,15,10001.794000,17.408000,359.470859,362.082374,360.000000,619,0.529141,PI,FIFO,true,PI_FIFO,362.506427
14.470017,-1,15,9999.628000,17.036000,359.539789,361.700986,360.000000,619,0.460211,PI,FIFO,true,PI_FIFO,361.913100
14.480020,-1,15,10002.591000,19.627000,355.113636,360.712883,360.000000,620,4.886364,PI,FIFO,true,PI_FIFO,360.553207
14.490019,-1,15,9999.369000,18.996000,356.125356,360.024754,360.000000,621,3.874644,PI,FIFO,true,PI_FIFO,359.667637
14.500028,-1,15,10009.108000,28.104000,353.506787,359.047059,360.000000,622,6.493213,PI,FIFO,true,PI_FIFO,358.435467
14.510018,-1,15,9990.092000,18.196000,356.125356,358.608804,360.000000,624,3.874644,PI,FIFO,true,PI_FIFO,357.973445
14.520017,-1,15,9998.758000,16.954000,358.019640,358.520429,360.000000,624,1.980360,PI,FIFO,true,PI_FIFO,357.982684
14.530017,-1,15,10000.128000,17.082000,360.923965,358.880960,360.000000,624,-0.923965,PI,FIFO,true,PI_FIFO,358.570940
14.540024,-1,15,10007.294000,24.376000,358.920368,358.886871,360.000000,625,1.079632,PI,FIFO,true,PI_FIFO,358.640826
14.550019,-1,15,9994.480000,18.856000,359.539789,358.984809,360.000000,625,0.460211,PI,FIFO,true,PI_FIFO,358.820618
14.560017,-1,15,9998.536000,17.392000,360.403652,359.197635,360.000000,625,-0.403652,PI,FIFO,true,PI_FIFO,359.137225
14.570014,-1,15,9996.684000,14.076000,359.392114,359.226807,360.000000,626,0.607886,PI,FIFO,true,PI_FIFO,359.188203
14.580018,-1,15,10004.331000,18.407000,360.403652,359.403334,360.000000,626,-0.403652,PI,FIFO,true,PI_FIFO,359.431293
14.590014,-1,15,9996.036000,14.443000,363.559979,360.026831,360.000000,625,-3.559979,PI,FIFO,true,PI_FIFO,360.257030
14.600028,-1,15,10013.552000,27.995000,367.562269,361.157146,360.000000,623,-7.562269,PI,FIFO,true,PI_FIFO,361.718078
14.610015,-1,15,9987.297000,15.292000,363.774945,361.549816,360.000000,622,-3.774945,PI,FIFO,true,PI_FIFO,362.129451
14.620018,-1,15,10002.627000,17.919000,363.372093,361.823158,360.000000,620,-3.372093,PI,FIFO,true,PI_FIFO,362.377980
14.630015,-1,15,9997.166000,15.085000,359.392114,361.458501,360.000000,620,0.607886,PI,FIFO,true,PI_FIFO,361.780806
14.640017,-1,15,10002.331000,17.416000,359.367513,361.144853,360.000000,620,0.632487,PI,FIFO,true,PI_FIFO,361.298148
14.650018,-1,15,10000.443000,17.859000,353.773585,360.039163,360.000000,621,6.226415,PI,FIFO,true,PI_FIFO,359.793235
14.660015,-1,15,9997.369000,15.228000,357.142857,359.604717,360.000000,622,2.857143,PI,FIFO,true,PI_FIFO,359.263160
14.670018,-1,15,10003.054000,18.282000,354.934377,358.904166,360.000000,624,5.065623,PI,FIFO,true,PI_FIFO,358.397403
14.680018,-1,15,9999.332000,17.614000,359.195402,358.947851,360.000000,624,0.804598,PI,FIFO,true,PI_FIFO,358.557003
14.690017,-1,15,9999.554000,17.168000,358.410705,358.867279,360.000000,625,1.589295,PI,FIFO,true,PI_FIFO,358.527743
14.700046,-1,15,10028.530000,45.698000,361.886921,359.320226,360.000000,625,-1.886921,PI,FIFO,true,PI_FIFO,359.199579
14.710032,-1,15,9986.297000,31.995000,359.589041,359.360548,360.000000,625,0.410959,PI,FIFO,true,PI_FIFO,359.277471
14.720020,-1,15,9987.742000,19.737000,362.844702,359.883171,360.000000,624,-2.844702,PI,FIFO,true,PI_FIFO,359.990917
14.730017,-1,15,9997.721000,17.458000,358.920368,359.738751,360.000000,624,1.079632,PI,FIFO,true,PI_FIFO,359.776807
14.740017,-1,15,9999.831000,17.289000,362.844702,360.204643,360.000000,624,-2.844702,PI,FIFO,true,PI_FIFO,360.390386
14.750017,-1,15,10000.054000,17.343000,360.207480,360.205069,360.000000,624,-0.207480,PI,FIFO,true,PI_FIFO,360.353805
14.760019,-1,15,10001.998000,19.341000,363.901019,360.759461,360.000000,622,-3.901019,PI,FIFO,true,PI_FIFO,361.063248
14.770018,-1,15,9998.925000,18.266000,364.502333,361.320892,360.000000,621,-4.502333,PI,FIFO,true,PI_FIFO,361.751065
14.780022,-1,15,10003.794000,22.060000,365.497076,361.947320,360.000000,619,-5.497076,PI,FIFO,true,PI_FIFO,362.500267
14.790018,-1,15,9995.851000,17.911000,359.838792,361.631041,360.000000,619,0.161208,PI,FIFO,true,PI_FIFO,361.967972
14.800034,-1,15,10015.681000,33.592000,359.367513,361.291511,360.000000,619,0.632487,PI,FIFO,true,PI_FIFO,361.447880
14.810026,-1,15,9992.685000,26.277000,357.045702,360.654640,360.000000,620,2.954298,PI,FIFO,true,PI_FIFO,360.567445
14.820018,-1,15,9991.851000,18.128000,354.442344,359.722796,360.000000,621,5.557656,PI,FIFO,true,PI_FIFO,359.342425
14.830018,-1,15,9999.647000,17.775000,354.040785,358.870494,360.000000,623,5.959215,PI,FIFO,true,PI_FIFO,358.282097
14.840018,-1,15,10000.480000,18.255000,355.832490,358.414793,360.000000,624,4.167510,PI,FIFO,true,PI_FIFO,357.792175
14.850018,-1,15,10000.035000,18.290000,360.576923,358.739113,360.000000,624,-0.576923,PI,FIFO,true,PI_FIFO,358.349125
14.860018,-1,15,10000.073000,18.363000,357.995227,358.627530,360.000000,625,2.004773,PI,FIFO,true,PI_FIFO,358.278345
14.870035,-1,15,10017.106000,35.469000,361.689815,359.086873,360.000000,625,-1.689815,PI,FIFO,true,PI_FIFO,358.960639
14.880038,-1,15,10002.461000,37.930000,359.367513,359.128969,360.000000,625,0.632487,PI,FIFO,true,PI_FIFO,359.042014
14.890019,-1,15,9981.502000,19.432000,361.689815,359.513096,360.000000,625,-1.689815,PI,FIFO,true,PI_FIFO,359.571574
14.900032,-1,15,10012.163000,31.595000,357.653791,359.234200,360.000000,625,2.346209,PI,FIFO,true,PI_FIFO,359.188018
14.910031,-1,15,9999.165000,30.760000,362.168874,359.674401,360.000000,625,-2.168874,PI,FIFO,true,PI_FIFO,359.784189
14.920020,-1,15,9989.463000,20.223000,362.875683,360.154593,360.000000,624,-2.875683,PI,FIFO,true,PI_FIFO,360.402488
14.930018,-1,15,9997.647000,17.870000,367.167102,361.206470,360.000000,622,-7.167102,PI,FIFO,true,PI_FIFO,361.755411
14.940018,-1,15,9999.924000,17.794000,362.844702,361.452205,360.000000,621,-2.844702,PI,FIFO,true,PI_FIFO,361.973269
14.950030,-1,15,10011.866000,29.660000,364.691390,361.938082,360.000000,620,-4.691390,PI,FIFO,true,PI_FIFO,362.516893
14.960019,-1,15,9989.481000,19.141000,359.195402,361.526680,360.000000,620,0.804598,PI,FIFO,true,PI_FIFO,361.852595
14.970018,-1,15,9998.516000,17.657000,357.434641,360.912874,360.000000,620,2.565359,PI,FIFO,true,PI_FIFO,360.969004
14.980019,-1,15,10001.053000,18.710000,355.113636,360.042989,360.000000,621,4.886364,PI,FIFO,true,PI_FIFO,359.797931
14.990018,-1,15,9999.072000,17.782000,357.278963,359.628385,360.000000,622,2.721037,PI,FIFO,true,PI_FIFO,359.294137
15.000031,-1,15,10012.773000,30.555000,354.040785,358.790245,360.000000,624,5.959215,PI,FIFO,true,PI_FIFO,358.243467
15.010018,-1,15,9987.463000,18.018000,357.278963,358.563553,360.000000,625,2.721037,PI,FIFO,true,PI_FIFO,358.050566
15.020017,-1,15,9999.313000,17.331000,359.195402,358.658330,360.000000,625,0.804598,PI,FIFO,true,PI_FIFO,358.279533
15.030019,-1,15,10001.238000,18.569000,360.576923,358.946119,360.000000,625,-0.576923,PI,FIFO,true,PI_FIFO,358.739011
15.040018,-1,15,9999.183000,17.752000,360.576923,359.190740,360.000000,625,-0.576923,PI,FIFO,true,PI_FIFO,359.106594
15.050018,-1,15,10000.701000,18.453000,360.973597,359.458168,360.000000,625,-0.973597,PI,FIFO,true,PI_FIFO,359.479994
15.060018,-1,15,9999.498000,17.951000,361.969112,359.834810,360.000000,625,-1.969112,PI,FIFO,true,PI_FIFO,359.977818
15.070018,-1,15,10000.238000,18.189000,361.558530,360.093368,360.000000,624,-1.558530,PI,FIFO,true,PI_FIFO,360.293960
15.080018,-1,15,9999.591000,17.780000,360.181120,360.106531,360.000000,624,-0.181120,PI,FIFO,true,PI_FIFO,360.271392
15.090017,-1,15,9999.608000,17.388000,363.901019,360.675704,360.000000,623,-3.901019,PI,FIFO,true,PI_FIFO,360.997318
15.100026,-1,15,10008.497000,25.885000,367.550967,361.706993,360.000000,621,-7.550967,PI,FIFO,true,PI_FIFO,362.308047
15.110017,-1,15,9991.406000,17.291000,363.206472,361.931915,360.000000,620,-3.206472,PI,FIFO,true,PI_FIFO,362.487732
15.120017,-1,15,9999.850000,17.141000,362.970133,362.087648,360.000000,619,-2.970133,PI,FIFO,true,PI_FIFO,362.584212
15.130031,-1,15,10013.662000,30.803000,359.195402,361.653811,360.000000,618,0.804598,PI,FIFO,true,PI_FIFO,361.906450
15.140019,-1,15,9988.481000,19.284000,359.103677,361.271291,360.000000,618,0.896323,PI,FIFO,true,PI_FIFO,361.345896
15.150017,-1,15,9997.887000,17.171000,353.440151,360.096620,360.000000,620,6.559849,PI,FIFO,true,PI_FIFO,359.764747
15.160017,-1,15,9999.905000,17.076000,354.538088,359.262840,360.000000,621,5.461912,PI,FIFO,true,PI_FIFO,358.719415
15.170015,-1,15,9997.424000,14.500000,354.609929,358.564903,360.000000,623,5.390071,PI,FIFO,true,PI_FIFO,357.897518
15.180028,-1,15,10013.255000,27.755000,357.629428,358.424582,360.000000,624,2.370572,PI,FIFO,true,PI_FIFO,357.843900
15.190019,-1,15,9991.462000,19.217000,357.483317,358.283392,360.000000,625,2.516683,PI,FIFO,true,PI_FIFO,357.771783
15.200018,-1,15,9998.923000,18.140000,361.132512,358.710760,360.000000,625,-1.132512,PI,FIFO,true,PI_FIFO,358.443929
15.210018,-1,15,9999.850000,17.990000,358.680057,358.706155,360.000000,625,1.319943,PI,FIFO,true,PI_FIFO,358.491155
15.220018,-1,15,9999.738000,17.728000,360.378913,358.957069,360.000000,626,-0.378913,PI,FIFO,true,PI_FIFO,358.868706
15.230017,-1,15,9999.739000,17.467000,358.508604,358.889799,360.000000,626,1.491396,PI,FIFO,true,PI_FIFO,358.796686
15.240017,-1,15,9999.479000,16.946000,363.184401,359.533989,360.000000,626,-3.184401,PI,FIFO,true,PI_FIFO,359.674229
15.250017,-1,15,10000.238000,17.184000,360.576923,359.690429,360.000000,625,-0.576923,PI,FIFO,true,PI_FIFO,359.854768
15.260017,-1,15,9999.850000,17.034000,365.874656,360.618063,360.000000,624,-5.874656,PI,FIFO,true,PI_FIFO,361.058745
15.270014,-1,15,9997.054000,14.088000,365.395323,361.334652,360.000000,622,-5.395323,PI,FIFO,true,PI_FIFO,361.926061
15.280017,-1,15,10003.163000,17.251000,365.538991,361.965303,360.000000,621,-5.538991,PI,FIFO,true,PI_FIFO,362.648647
15.290014,-1,15,9996.850000,14.101000,360.973597,361.816547,360.000000,620,-0.973597,PI,FIFO,true,PI_FIFO,362.313637
15.300028,-1,15,10013.977000,28.078000,360.230548,361.578647,360.000000,620,-0.230548,PI,FIFO,true,PI_FIFO,361.897019
15.310018,-1,15,9989.814000,17.892000,358.737245,361.152437,360.000000,620,1.262755,PI,FIFO,true,PI_FIFO,361.265064
15.320018,-1,15,9999.998000,17.890000,356.803045,360.500028,360.000000,620,3.196955,PI,FIFO,true,PI_FIFO,360.372660
15.330017,-1,15,9999.146000,17.036000,353.964401,359.519684,360.000000,622,6.035599,PI,FIFO,true,PI_FIFO,359.091009
15.340017,-1,15,10000.350000,17.386000,355.450237,358.909267,360.000000,623,4.549763,PI,FIFO,true,PI_FIFO,358.362854
15.350017,-1,15,9999.534000,16.920000,361.371145,359.278549,360.000000,623,-1.371145,PI,FIFO,true,PI_FIFO,358.964512
15.360028,-1,15,10010.626000,27.546000,358.166189,359.111695,360.000000,624,1.833811,PI,FIFO,true,PI_FIFO,358.804848
15.370015,-1,15,9987.870000,15.416000,360.947125,359.387009,360.000000,624,-0.947125,PI,FIFO,true,PI_FIFO,359.233303
15.380018,-1,15,10002.645000,18.061000,360.403652,359.539506,360.000000,624,-0.403652,PI,FIFO,true,PI_FIFO,359.467373
15.390018,-1,15,10000.165000,18.226000,361.503856,359.834158,360.000000,623,-1.503856,PI,FIFO,true,PI_FIFO,359.874670
15.400027,-1,15,10008.644000,26.870000,357.995227,359.558319,360.000000,624,2.004773,PI,FIFO,true,PI_FIFO,359.498781
15.410018,-1,15,9990.703000,17.573000,361.969112,359.919938,360.000000,623,-1.969112,PI,FIFO,true,PI_FIFO,359.992847
15.420017,-1,15,9999.257000,16.830000,361.067059,360.092006,360.000000,623,-1.067059,PI,FIFO,true,PI_FIFO,360.207690
15.430014,-1,15,9997.646000,14.476000,366.032211,360.983037,360.000000,621,-6.032211,PI,FIFO,true,PI_FIFO,361.372594
15.440017,-1,15,10002.849000,17.325000,362.062307,361.144927,360.000000,621,-2.062307,PI,FIFO,true,PI_FIFO,361.510536
15.450017,-1,15,10000.016000,17.341000,365.141188,361.744366,360.000000,619,-5.141188,PI,FIFO,true,PI_FIFO,362.236667
15.460017,-1,15,9999.591000,16.932000,358.019640,361.185657,360.000000,619,1.980360,PI,FIFO,true,PI_FIFO,361.393261
15.470017,-1,15,10000.219000,17.151000,357.653791,360.655877,360.000000,620,2.346209,PI,FIFO,true,PI_FIFO,360.645367
15.480017,-1,15,9999.609000,16.760000,353.329146,359.556868,360.000000,621,6.670854,PI,FIFO,true,PI_FIFO,359.182123
15.490017,-1,15,10000.128000,16.888000,355.787476,358.991459,360.000000,623,4.212524,PI,FIFO,true,PI_FIFO,358.503194
15.500032,-1,15,10014.754000,31.642000,354.538088,358.323453,360.000000,624,5.461912,PI,FIFO,true,PI_FIFO,357.710172
15.510018,-1,15,9986.481000,18.123000,357.313006,358.171886,360.000000,625,2.686994,PI,FIFO,true,PI_FIFO,357.630739
15.520017,-1,15,9998.628000,16.751000,359.470859,358.366732,360.000000,626,0.529141,PI,FIFO,true,PI_FIFO,357.998763
15.530017,-1,15,10000.442000,17.193000,361.271676,358.802474,360.000000,626,-1.271676,PI,FIFO,true,PI_FIFO,358.653346
15.540017,-1,15,10000.053000,17.246000,359.786184,358.950030,360.000000,626,0.213816,PI,FIFO,true,PI_FIFO,358.879913
15.550018,-1,15,10000.683000,17.929000,361.445783,359.324393,360.000000,626,-1.445783,PI,FIFO,true,PI_FIFO,359.393087
15.560017,-1,15,9999.201000,17.130000,362.435567,359.791069,360.000000,625,-2.435567,PI,FIFO,true,PI_FIFO,360.001583
15.570034,-1,15,10016.792000,33.922000,362.669246,360.222796,360.000000,625,-2.669246,PI,FIFO,true,PI_FIFO,360.535116
15.580038,-1,15,10003.774000,37.696000,362.248841,360.526702,360.000000,624,-2.248841,PI,FIFO,true,PI_FIFO,360.877861
15.590020,-1,15,9982.631000,20.327000,364.368999,361.103047,360.000000,623,-4.368999,PI,FIFO,true,PI_FIFO,361.576088
15.600031,-1,15,10010.681000,31.008000,368.472768,362.208505,360.000000,620,-8.472768,PI,FIFO,true,PI_FIFO,362.955424
15.610019,-1,15,9987.888000,18.896000,363.206472,362.358200,360.000000,619,-3.206472,PI,FIFO,true,PI_FIFO,363.005634
15.620018,-1,15,9998.924000,17.820000,362.569061,362.389829,360.000000,618,-2.569061,PI,FIFO,true,PI_FIFO,362.918319
15.630017,-1,15,9999.516000,17.336000,359.367513,361.936482,360.000000,617,0.632487,PI,FIFO,true,PI_FIFO,362.208158
15.640018,-1,15,10000.183000,17.519000,358.554309,361.429156,360.000000,617,1.445691,PI,FIFO,true,PI_FIFO,361.477388
15.650014,-1,15,9996.887000,14.406000,351.782364,359.982137,360.000000,619,8.217636,PI,FIFO,true,PI_FIFO,359.538383
15.660019,-1,15,10004.590000,18.996000,353.773585,359.050854,360.000000,621,6.226415,PI,FIFO,true,PI_FIFO,358.385424
15.670027,-1,15,10007.681000,26.677000,352.443609,358.059768,360.000000,623,7.556391,PI,FIFO,true,PI_FIFO,357.197061
15.680017,-1,15,9990.129000,16.806000,357.045702,357.907658,360.000000,625,2.954298,PI,FIFO,true,PI_FIFO,357.166789
15.690015,-1,15,9998.368000,15.174000,357.483317,357.844007,360.000000,626,2.516683,PI,FIFO,true,PI_FIFO,357.230095
15.700040,-1,15,10024.568000,39.742000,360.761929,358.281695,360.000000,626,-0.761929,PI,FIFO,true,PI_FIFO,357.936462
15.710031,-1,15,9990.999000,30.741000,359.712230,358.496275,360.000000,626,0.287770,PI,FIFO,true,PI_FIFO,358.291615
15.720019,-1,15,9988.611000,19.352000,362.168874,359.047165,360.000000,626,-2.168874,PI,FIFO,true,PI_FIFO,359.067067
15.730018,-1,15,9998.813000,18.165000,359.114466,359.057260,360.000000,626,0.885534,PI,FIFO,true,PI_FIFO,359.076547
15.740017,-1,15,9999.090000,17.255000,363.976705,359.795177,360.000000,625,-3.976705,PI,FIFO,true,PI_FIFO,360.056579
15.750017,-1,15,10000.220000,17.475000,362.051340,360.133602,360.000000,625,-2.051340,PI,FIFO,true,PI_FIFO,360.455531
15.760018,-1,15,10000.627000,18.102000,366.210938,361.045202,360.000000,623,-6.210938,PI,FIFO,true,PI_FIFO,361.606612
15.770018,-1,15,9999.461000,17.563000,366.042719,361.794830,360.000000,621,-6.042719,PI,FIFO,true,PI_FIFO,362.493834
15.780017,-1,15,9999.386000,16.949000,366.592805,362.514526,360.000000,619,-6.592805,PI,FIFO,true,PI_FIFO,363.313628
15.790018,-1,15,10000.961000,17.910000,360.230548,362.171929,360.000000,619,-0.230548,PI,FIFO,true,PI_FIFO,362.697012
15.800018,-1,15,10000.257000,18.167000,358.606557,361.637123,360.000000,619,1.393443,PI,FIFO,true,PI_FIFO,361.878921
15.810017,-1,15,9999.257000,17.424000,356.633381,360.886562,360.000000,619,3.366619,PI,FIFO,true,PI_FIFO,360.829813
15.820026,-1,15,10009.033000,26.457000,355.618777,360.096394,360.000000,620,4.381223,PI,FIFO,true,PI_FIFO,359.787606
15.830015,-1,15,9988.851000,15.308000,353.202368,359.062290,360.000000,622,6.797632,PI,FIFO,true,PI_FIFO,358.470558
15.840017,-1,15,10002.183000,17.491000,354.945575,358.444783,360.000000,624,5.054425,PI,FIFO,true,PI_FIFO,357.765562
15.850014,-1,15,9996.757000,14.248000,360.207480,358.709187,360.000000,624,-0.207480,PI,FIFO,true,PI_FIFO,358.253945
15.860027,-1,15,10012.440000,26.688000,357.824427,358.576473,360.000000,625,2.175573,PI,FIFO,true,PI_FIFO,358.168042
15.870019,-1,15,9992.481000,19.169000,361.769570,359.055438,360.000000,625,-1.769570,PI,FIFO,true,PI_FIFO,358.888347
15.880018,-1,15,9998.701000,17.870000,359.195402,359.076433,360.000000,625,0.804598,PI,FIFO,true,PI_FIFO,358.949758
15.890018,-1,15,9999.924000,17.794000,362.809598,359.636407,360.000000,624,-2.809598,PI,FIFO,true,PI_FIFO,359.721726
15.900028,-1,15,10010.551000,28.345000,358.851675,359.518697,360.000000,625,1.148325,PI,FIFO,true,PI_FIFO,359.547716
15.910018,-1,15,9989.611000,17.956000,361.689815,359.844365,360.000000,624,-1.689815,PI,FIFO,true,PI_FIFO,359.976136
15.920017,-1,15,9999.461000,17.417000,361.620058,360.110719,360.000000,624,-1.620058,PI,FIFO,true,PI_FIFO,360.304920
15.930018,-1,15,10000.312000,17.729000,366.415410,361.056423,360.000000,622,-6.415410,PI,FIFO,true,PI_FIFO,361.527018
15.940017,-1,15,9999.479000,17.208000,363.537865,361.428639,360.000000,621,-3.537865,PI,FIFO,true,PI_FIFO,361.929188
15.950031,-1,15,10013.791000,30.999000,365.449584,362.031781,360.000000,619,-5.449584,PI,FIFO,true,PI_FIFO,362.633267
15.960021,-1,15,9989.813000,20.812000,359.884837,361.709739,360.000000,619,0.115163,PI,FIFO,true,PI_FIFO,362.083581
15.970019,-1,15,9998.664000,19.476000,358.554309,361.236425,360.000000,619,1.445691,PI,FIFO,true,PI_FIFO,361.377726
15.980017,-1,15,9997.071000,16.547000,354.040785,360.157079,360.000000,620,5.959215,PI,FIFO,true,PI_FIFO,359.910338
15.990018,-1,15,10001.182000,17.729000,357.097511,359.698144,360.000000,621,2.902489,PI,FIFO,true,PI_FIFO,359.347773
16.000029,-1,15,10011.514000,29.243000,353.107345,358.709524,360.000000,623,6.892655,PI,FIFO,true,PI_FIFO,358.099687
16.010018,-1,15,9988.499000,17.742000,357.434641,358.518291,360.000000,624,2.565359,PI,FIFO,true,PI_FIFO,357.966678
16.020018,-1,15,10000.441000,18.183000,359.195402,358.619858,360.000000,624,0.804598,PI,FIFO,true,PI_FIFO,358.212423
16.030017,-1,15,9999.090000,17.273000,360.761929,358.941169,360.000000,625,-0.761929,PI,FIFO,true,PI_FIFO,358.722324
16.040018,-1,15,10000.607000,17.880000,359.195402,358.979304,360.000000,625,0.804598,PI,FIFO,true,PI_FIFO,358.816940
16.050019,-1,15,10000.942000,18.822000,359.983544,359.129940,360.000000,625,0.016456,PI,FIFO,true,PI_FIFO,359.050260
16.060018,-1,15,9999.386000,18.208000,360.923965,359.399044,360.000000,625,-0.923965,PI,FIFO,true,PI_FIFO,359.425001
16.070018,-1,15,9999.552000,17.760000,360.413840,359.551263,360.000000,625,-0.413840,PI,FIFO,true,PI_FIFO,359.622769
16.080018,-1,15,10000.071000,17.831000,359.983544,359.616105,360.000000,625,0.016456,PI,FIFO,true,PI_FIFO,359.694924
16.090018,-1,15,9999.738000,17.569000,364.431487,360.338412,360.000000,624,-4.431487,PI,FIFO,true,PI_FIFO,360.642237
16.100026,-1,15,10008.792000,26.361000,367.550967,361.420296,360.000000,622,-7.550967,PI,FIFO,true,PI_FIFO,362.023983
16.110017,-1,15,9990.961000,17.322000,363.703788,361.762819,360.000000,621,-3.703788,PI,FIFO,true,PI_FIFO,362.359944
16.120017,-1,15,9999.738000,17.060000,361.969112,361.793763,360.000000,620,-1.969112,PI,FIFO,true,PI_FIFO,362.281777
16.130017,-1,15,10000.015000,17.075000,359.195402,361.404009,360.000000,620,0.804598,PI,FIFO,true,PI_FIFO,361.664502
16.140017,-1,15,10000.145000,17.220000,358.006619,360.894401,360.000000,620,1.993381,PI,FIFO,true,PI_FIFO,360.932926
16.150017,-1,15,10000.238000,17.458000,353.684608,359.812932,360.000000,621,6.315392,PI,FIFO,true,PI_FIFO,359.483262
16.160017,-1,15,9999.404000,16.862000,355.832490,359.215865,360.000000,623,4.167510,PI,FIFO,true,PI_FIFO,358.753108
16.170018,-1,15,10000.756000,17.618000,354.274917,358.474723,360.000000,624,5.725083,PI,FIFO,true,PI_FIFO,357.857470
16.180018,-1,15,10000.442000,18.060000,358.802624,358.523908,360.000000,625,1.197376,PI,FIFO,true,PI_FIFO,358.046501
16.190017,-1,15,9999.200000,17.260000,357.995227,358.444606,360.000000,626,2.004773,PI,FIFO,true,PI_FIFO,358.036246
16.200030,-1,15,10012.810000,30.070000,362.622486,359.071288,360.000000,625,-2.622486,PI,FIFO,true,PI_FIFO,358.953494
16.210018,-1,15,9988.055000,18.125000,359.884837,359.193320,360.000000,626,0.115163,PI,FIFO,true,PI_FIFO,359.139762
16.220018,-1,15,9999.978000,18.103000,362.809598,359.735762,360.000000,625,-2.809598,PI,FIFO,true,PI_FIFO,359.873729
16.230020,-1,15,10001.830000,19.933000,360.403652,359.835945,360.000000,625,-0.403652,PI,FIFO,true,PI_FIFO,359.979714
16.240018,-1,15,9998.497000,18.430000,364.502333,360.535904,360.000000,624,-4.502333,PI,FIFO,true,PI_FIFO,360.884238
16.250017,-1,15,9998.942000,17.372000,361.445783,360.672386,360.000000,623,-1.445783,PI,FIFO,true,PI_FIFO,360.996547
16.260021,-1,15,10003.218000,20.590000,366.210938,361.503168,360.000000,621,-6.210938,PI,FIFO,true,PI_FIFO,362.039425
16.270032,-1,15,10011.514000,32.104000,365.036647,362.033190,360.000000,620,-5.036647,PI,FIFO,true,PI_FIFO,362.638869
16.280037,-1,15,10004.737000,36.841000,365.449584,362.545649,360.000000,618,-5.449584,PI,FIFO,true,PI_FIFO,363.201012
16.290020,-1,15,9983.259000,20.100000,360.576923,362.250340,360.000000,617,-0.576923,PI,FIFO,true,PI_FIFO,362.676194
16.300031,-1,15,10011.198000,31.298000,356.916244,361.450226,360.000000,618,3.083756,PI,FIFO,true,PI_FIFO,361.524204
16.310018,-1,15,9986.685000,17.983000,355.281857,360.524970,360.000000,619,4.718143,PI,FIFO,true,PI_FIFO,360.275735
16.320020,-1,15,10001.645000,19.628000,353.773585,359.512263,360.000000,620,6.226415,PI,FIFO,true,PI_FIFO,358.975305
16.330018,-1,15,9998.423000,18.051000,352.797291,358.505017,360.000000,622,7.202709,PI,FIFO,true,PI_FIFO,357.739702
16.340017,-1,15,9999.015000,17.066000,354.576399,357.915724,360.000000,624,5.423601,PI,FIFO,true,PI_FIFO,357.107041
16.350017,-1,15,10000.108000,17.174000,359.367513,358.133493,360.000000,625,0.632487,PI,FIFO,true,PI_FIFO,357.559136
16.360017,-1,15,10000.219000,17.393000,358.019640,358.116415,360.000000,626,1.980360,PI,FIFO,true,PI_FIFO,357.651237
16.370025,-1,15,10007.663000,25.056000,359.712230,358.355787,360.000000,626,0.287770,PI,FIFO,true,PI_FIFO,358.063435
16.380020,-1,15,9994.942000,19.998000,359.925474,358.591240,360.000000,626,0.074526,PI,FIFO,true,PI_FIFO,358.435843
16.390018,-1,15,9998.090000,18.088000,361.969112,359.097921,360.000000,626,-1.969112,PI,FIFO,true,PI_FIFO,359.142497
16.400029,-1,15,10011.236000,29.324000,358.851675,359.060984,360.000000,626,1.148325,PI,FIFO,true,PI_FIFO,359.084332
16.410015,-1,15,9985.221000,14.545000,362.996902,359.651372,360.000000,626,-2.996902,PI,FIFO,true,PI_FIFO,359.866846
16.420018,-1,15,10003.385000,17.930000,363.548231,360.235901,360.000000,625,-3.548231,PI,FIFO,true,PI_FIFO,360.603123
16.430018,-1,15,9999.609000,17.539000,367.743201,361.361996,360.000000,623,-7.743201,PI,FIFO,true,PI_FIFO,362.031139
16.440018,-1,15,10000.071000,17.610000,364.077670,361.769347,360.000000,621,-4.077670,PI,FIFO,true,PI_FIFO,362.440445
16.450015,-1,15,9997.090000,14.700000,365.829865,362.378424,360.000000,620,-5.829865,PI,FIFO,true,PI_FIFO,363.118329
16.460018,-1,15,10002.959000,17.659000,360.923965,362.160256,360.000000,619,-0.923965,PI,FIFO,true,PI_FIFO,362.679456
16.470017,-1,15,9999.812000,17.471000,359.287174,361.729293,360.000000,619,0.712826,PI,FIFO,true,PI_FIFO,362.001000
16.480018,-1,15,10000.145000,17.616000,356.125356,360.888703,360.000000,619,3.874644,PI,FIFO,true,PI_FIFO,360.825871
16.490018,-1,15,10000.126000,17.742000,358.998906,360.605233,360.000000,619,1.001094,PI,FIFO,true,PI_FIFO,360.460478
16.500026,-1,15,10008.644000,26.386000,353.606789,359.555467,360.000000,621,6.393211,PI,FIFO,true,PI_FIFO,359.089740
16.510019,-1,15,9992.424000,18.810000,357.045702,359.179002,360.000000,622,2.954298,PI,FIFO,true,PI_FIFO,358.680933
16.520018,-1,15,9999.460000,18.270000,359.539789,359.233120,360.000000,622,0.460211,PI,FIFO,true,PI_FIFO,358.852704
16.530018,-1,15,10000.201000,18.471000,359.884837,359.330878,360.000000,622,0.115163,PI,FIFO,true,PI_FIFO,359.059130
16.540018,-1,15,9999.274000,17.745000,358.371560,359.186980,360.000000,623,1.628440,PI,FIFO,true,PI_FIFO,358.921616
16.550017,-1,15,9999.701000,17.446000,359.367513,359.214060,360.000000,623,0.632487,PI,FIFO,true,PI_FIFO,359.010796
16.560017,-1,15,9999.701000,17.147000,359.983544,359.329482,360.000000,624,0.016456,PI,FIFO,true,PI_FIFO,359.205345
16.570024,-1,15,10006.459000,23.606000,359.438430,359.345825,360.000000,624,0.561570,PI,FIFO,true,PI_FIFO,359.251962
16.580029,-1,15,10005.755000,29.361000,359.983544,359.441482,360.000000,624,0.016456,PI,FIFO,true,PI_FIFO,359.398279
16.590020,-1,15,9990.869000,20.230000,362.493958,359.899354,360.000000,623,-2.493958,PI,FIFO,true,PI_FIFO,360.017415
16.600030,-1,15,10010.199000,30.429000,366.592805,360.903372,360.000000,622,-6.592805,PI,FIFO,true,PI_FIFO,361.332493
16.610018,-1,15,9987.147000,17.576000,363.372093,361.273680,360.000000,621,-3.372093,PI,FIFO,true,PI_FIFO,361.740413
16.620018,-1,15,10000.793000,18.369000,362.062307,361.391974,360.000000,620,-2.062307,PI,FIFO,true,PI_FIFO,361.804792
16.630018,-1,15,9999.367000,17.736000,359.367513,361.088305,360.000000,620,0.632487,PI,FIFO,true,PI_FIFO,361.317336
16.640017,-1,15,9999.497000,17.233000,358.371560,360.680793,360.000000,620,1.628440,PI,FIFO,true,PI_FIFO,360.728181
16.650018,-1,15,10001.034000,18.267000,353.506787,359.604692,360.000000,621,6.493213,PI,FIFO,true,PI_FIFO,359.283902
16.660018,-1,15,9999.368000,17.635000,356.193009,359.092940,360.000000,623,3.806991,PI,FIFO,true,PI_FIFO,358.665723
16.670017,-1,15,9999.756000,17.391000,355.281857,358.521277,360.000000,624,4.718143,PI,FIFO,true,PI_FIFO,357.988950
16.680019,-1,15,10001.496000,18.887000,359.392114,358.651903,360.000000,624,0.607886,PI,FIFO,true,PI_FIFO,358.269583
16.690017,-1,15,9998.368000,17.255000,357.824427,358.527781,360.000000,625,2.175573,PI,FIFO,true,PI_FIFO,358.180552
16.700049,-1,15,10031.436000,48.691000,362.622486,359.141987,360.000000,625,-2.622486,PI,FIFO,true,PI_FIFO,359.068939
16.710026,-1,15,9977.427000,26.118000,359.023456,359.124207,360.000000,625,0.976544,PI,FIFO,true,PI_FIFO,359.059842
16.720019,-1,15,9993.239000,19.357000,362.435567,359.620911,360.000000,625,-2.435567,PI,FIFO,true,PI_FIFO,359.734987
16.730018,-1,15,9998.923000,18.280000,359.367513,359.582902,360.000000,625,0.632487,PI,FIFO,true,PI_FIFO,359.661492
16.740017,-1,15,9998.497000,16.777000,364.583333,360.332966,360.000000,624,-4.583333,PI,FIFO,true,PI_FIFO,360.645861
16.750018,-1,15,10001.571000,18.348000,361.394558,360.492205,360.000000,623,-1.394558,PI,FIFO,true,PI_FIFO,360.795600
16.760018,-1,15,9999.848000,18.196000,365.675280,361.269666,360.000000,622,-5.675280,PI,FIFO,true,PI_FIFO,361.771536
16.770014,-1,15,9995.905000,14.101000,364.313472,361.726237,360.000000,620,-4.313472,PI,FIFO,true,PI_FIFO,362.279923
16.780021,-1,15,10006.404000,20.505000,365.497076,362.291863,360.000000,619,-5.497076,PI,FIFO,true,PI_FIFO,362.923354
16.790014,-1,15,9993.294000,13.799000,359.654731,361.896293,360.000000,618,0.345269,PI,FIFO,true,PI_FIFO,362.269629
16.800027,-1,15,10012.939000,26.738000,359.023456,361.465368,360.000000,618,0.976544,PI,FIFO,true,PI_FIFO,361.620395
16.810018,-1,15,9991.017000,17.755000,355.691057,360.599221,360.000000,619,4.308943,PI,FIFO,true,PI_FIFO,360.434527
16.820025,-1,15,10007.422000,25.177000,354.609929,359.700827,360.000000,620,5.390071,PI,FIFO,true,PI_FIFO,359.269607
16.830019,-1,15,9993.350000,18.527000,353.392569,358.754588,360.000000,622,6.607431,PI,FIFO,true,PI_FIFO,358.094200
16.840017,-1,15,9998.830000,17.357000,354.107649,358.057548,360.000000,624,5.892351,PI,FIFO,true,PI_FIFO,357.296890
16.850017,-1,15,10000.016000,17.373000,360.378913,358.405752,360.000000,624,-0.378913,PI,FIFO,true,PI_FIFO,357.913294
16.860017,-1,15,9999.774000,17.147000,357.483317,358.267387,360.000000,625,2.516683,PI,FIFO,true,PI_FIFO,357.827299
16.870017,-1,15,10000.312000,17.459000,360.576923,358.613817,360.000000,625,-0.576923,PI,FIFO,true,PI_FIFO,358.377224
16.880023,-1,15,10006.014000,23.473000,360.230548,358.856327,360.000000,626,-0.230548,PI,FIFO,true,PI_FIFO,358.747888
16.890019,-1,15,9995.961000,19.434000,361.875965,359.309273,360.000000,625,-1.875965,PI,FIFO,true,PI_FIFO,359.373504
16.900033,-1,15,10013.661000,33.095000,358.166189,359.137810,360.000000,626,1.833811,PI,FIFO,true,PI_FIFO,359.132041
16.910019,-1,15,9986.185000,19.280000,362.569061,359.652498,360.000000,625,-2.569061,PI,FIFO,true,PI_FIFO,359.819445
16.920016,-1,15,9996.349000,15.629000,363.041002,360.160773,360.000000,625,-3.041002,PI,FIFO,true,PI_FIFO,360.463756
16.930018,-1,15,10002.552000,18.181000,367.358934,361.240498,360.000000,623,-7.358934,PI,FIFO,true,PI_FIFO,361.842792
16.940018,-1,15,9999.848000,18.029000,363.901019,361.639576,360.000000,621,-3.901019,PI,FIFO,true,PI_FIFO,362.254437
16.950018,-1,15,9999.941000,17.970000,365.497076,362.218201,360.000000,620,-5.497076,PI,FIFO,true,PI_FIFO,362.902965
16.960018,-1,15,10000.218000,18.188000,359.838792,361.861290,360.000000,619,0.161208,PI,FIFO,true,PI_FIFO,362.290130
16.970036,-1,15,10017.346000,35.534000,358.606557,361.373080,360.000000,619,1.393443,PI,FIFO,true,PI_FIFO,361.553416
16.980036,-1,15,10000.736000,36.270000,354.945575,360.408954,360.000000,620,5.054425,PI,FIFO,true,PI_FIFO,360.231848
16.990020,-1,15,9983.425000,19.695000,357.460600,359.966701,360.000000,621,2.539400,PI,FIFO,true,PI_FIFO,359.677598
17.000031,-1,15,10011.365000,31.060000,353.606789,359.012714,360.000000,623,6.393211,PI,FIFO,true,PI_FIFO,358.463436
17.010018,-1,15,9986.702000,17.762000,356.851550,358.688539,360.000000,624,3.148450,PI,FIFO,true,PI_FIFO,358.141059
17.020021,-1,15,10003.181000,20.943000,359.023456,358.738777,360.000000,624,0.976544,PI,FIFO,true,PI_FIFO,358.317538
17.030018,-1,15,9997.423000,18.366000,360.576923,359.014499,360.000000,624,-0.576923,PI,FIFO,true,PI_FIFO,358.769415
17.040018,-1,15,10000.033000,18.399000,359.195402,359.041634,360.000000,625,0.804598,PI,FIFO,true,PI_FIFO,358.854613
17.050018,-1,15,9999.570000,17.969000,360.576923,359.271928,360.000000,625,-0.576923,PI,FIFO,true,PI_FIFO,359.199075
17.060033,-1,15,10015.290000,33.259000,361.969112,359.676505,360.000000,624,-1.969112,PI,FIFO,true,PI_FIFO,359.753082
17.070020,-1,15,9986.461000,19.720000,360.740154,359.836053,360.000000,624,-0.740154,PI,FIFO,true,PI_FIFO,359.950497
17.080018,-1,15,9998.127000,17.847000,360.775151,359.976917,360.000000,624,-0.775151,PI,FIFO,true,PI_FIFO,360.115428
17.090018,-1,15,9999.903000,17.750000,364.036090,360.585793,360.000000,623,-4.036090,PI,FIFO,true,PI_FIFO,360.899560
17.100031,-1,15,10013.031000,30.781000,367.235590,361.583263,360.000000,621,-7.235590,PI,FIFO,true,PI_FIFO,362.166766
17.110018,-1,15,9987.462000,18.243000,363.020329,361.798823,360.000000,620,-3.020329,PI,FIFO,true,PI_FIFO,362.337479
17.120017,-1,15,9998.959000,17.202000,364.124806,362.147720,360.000000,618,-4.124806,PI,FIFO,true,PI_FIFO,362.694944
17.130018,-1,15,10001.181000,18.383000,359.884837,361.808288,360.000000,618,0.115163,PI,FIFO,true,PI_FIFO,362.132923
17.140018,-1,15,9999.311000,17.694000,359.654731,361.485254,360.000000,618,0.345269,PI,FIFO,true,PI_FIFO,361.637284
17.150017,-1,15,9999.682000,17.376000,353.940538,360.353547,360.000000,619,6.059462,PI,FIFO,true,PI_FIFO,360.097935
17.160017,-1,15,9999.718000,17.094000,354.921579,359.538752,360.000000,620,5.078421,PI,FIFO,true,PI_FIFO,359.062664
17.170018,-1,15,10000.811000,17.905000,354.107649,358.724086,360.000000,622,5.892351,PI,FIFO,true,PI_FIFO,358.071661
17.180018,-1,15,10000.330000,18.235000,357.629428,358.559887,360.000000,623,2.370572,PI,FIFO,true,PI_FIFO,357.983214
17.190017,-1,15,9998.718000,16.953000,356.633381,358.270911,360.000000,624,3.366619,PI,FIFO,true,PI_FIFO,357.713248
17.200038,-1,15,10020.826000,37.779000,360.750361,358.642829,360.000000,624,-0.750361,PI,FIFO,true,PI_FIFO,358.320670
17.210015,-1,15,9977.204000,14.983000,358.371560,358.602138,360.000000,625,1.628440,PI,FIFO,true,PI_FIFO,358.330848
17.220016,-1,15,10001.366000,16.349000,360.057609,358.820459,360.000000,625,-0.057609,PI,FIFO,true,PI_FIFO,358.676200
17.230015,-1,15,9998.867000,15.216000,356.851550,358.525123,360.000000,626,3.148450,PI,FIFO,true,PI_FIFO,358.311270
17.240018,-1,15,10002.644000,17.860000,361.097737,358.911015,360.000000,626,-1.097737,PI,FIFO,true,PI_FIFO,358.868564
17.250017,-1,15,9999.404000,17.264000,360.761929,359.188652,360.000000,626,-0.761929,PI,FIFO,true,PI_FIFO,359.247237
17.260017,-1,15,9999.996000,17.260000,366.032211,360.215186,360.000000,625,-6.032211,PI,FIFO,true,PI_FIFO,360.604232
17.270017,-1,15,10000.144000,17.404000,365.829865,361.057388,360.000000,623,-5.829865,PI,FIFO,true,PI_FIFO,361.649358
17.280023,-1,15,10005.607000,23.011000,365.319045,361.696636,360.000000,621,-5.319045,PI,FIFO,true,PI_FIFO,362.383296
17.290018,-1,15,9995.367000,18.378000,361.318088,361.639854,360.000000,621,-1.318088,PI,FIFO,true,PI_FIFO,362.170254
17.300035,-1,15,10016.494000,34.872000,360.230548,361.428458,360.000000,620,-0.230548,PI,FIFO,true,PI_FIFO,361.782313
17.310019,-1,15,9984.239000,19.111000,357.824427,360.887854,360.000000,621,2.175573,PI,FIFO,true,PI_FIFO,360.990736
17.320018,-1,15,9999.108000,18.219000,355.956336,360.148126,360.000000,622,4.043664,PI,FIFO,true,PI_FIFO,359.983856
17.330017,-1,15,9999.051000,17.270000,354.755298,359.339202,360.000000,623,5.244702,PI,FIFO,true,PI_FIFO,358.938144
17.340018,-1,15,10000.367000,17.637000,356.294537,358.882502,360.000000,624,3.705463,PI,FIFO,true,PI_FIFO,358.409423
17.350018,-1,15,10000.126000,17.763000,360.230548,359.084709,360.000000,624,-0.230548,PI,FIFO,true,PI_FIFO,358.773648
17.360018,-1,15,10000.477000,18.240000,359.392114,359.130820,360.000000,625,0.607886,PI,FIFO,true,PI_FIFO,358.897341
17.370018,-1,15,9999.423000,17.663000,360.923965,359.399791,360.000000,625,-0.923965,PI,FIFO,true,PI_FIFO,359.302666
17.380018,-1,15,10000.051000,17.714000,360.947125,359.631892,360.000000,624,-0.947125,PI,FIFO,true,PI_FIFO,359.631558
17.390018,-1,15,9999.885000,17.599000,362.844702,360.113813,360.000000,624,-2.844702,PI,FIFO,true,PI_FIFO,360.274187
17.400028,-1,15,10010.384000,27.983000,358.920368,359.934796,360.000000,624,1.079632,PI,FIFO,true,PI_FIFO,360.003423
17.410018,-1,15,9990.368000,18.351000,362.493958,360.318671,360.000000,623,-2.493958,PI,FIFO,true,PI_FIFO,360.501530
17.420017,-1,15,9998.885000,17.236000,362.248841,360.608196,360.000000,623,-2.248841,PI,FIFO,true,PI_FIFO,360.850992
17.430017,-1,15,9999.811000,17.047000,366.748166,361.529192,360.000000,621,-6.748166,PI,FIFO,true,PI_FIFO,362.030427
17.440017,-1,15,9999.774000,16.821000,362.809598,361.721253,360.000000,620,-2.809598,PI,FIFO,true,PI_FIFO,362.186261
17.450017,-1,15,10000.571000,17.392000,364.608653,362.154363,360.000000,618,-4.608653,PI,FIFO,true,PI_FIFO,362.670740
17.460017,-1,15,9999.588000,16.980000,358.410705,361.592814,360.000000,618,1.589295,PI,FIFO,true,PI_FIFO,361.818733
17.470017,-1,15,10000.256000,17.236000,358.508604,361.130182,360.000000,618,1.491396,PI,FIFO,true,PI_FIFO,361.156707
17.480019,-1,15,10001.718000,18.954000,352.267034,359.800710,360.000000,620,7.732966,PI,FIFO,true,PI_FIFO,359.378772
17.490018,-1,15,9998.756000,17.710000,355.472700,359.151509,360.000000,621,4.527300,PI,FIFO,true,PI_FIFO,358.597558
17.500026,-1,15,10008.476000,26.186000,352.620361,358.171837,360.000000,624,7.379639,PI,FIFO,true,PI_FIFO,357.402118
17.510024,-1,15,9998.182000,24.368000,356.633381,357.941068,360.000000,625,3.366619,PI,FIFO,true,PI_FIFO,357.248371
17.520015,-1,15,9991.127000,15.495000,357.824427,357.923572,360.000000,626,2.175573,PI,FIFO,true,PI_FIFO,357.363582
17.530014,-1,15,9998.830000,14.325000,360.775151,358.351309,360.000000,626,-0.775151,PI,FIFO,true,PI_FIFO,358.045896
17.540018,-1,15,10004.162000,18.487000,359.195402,358.477923,360.000000,627,0.804598,PI,FIFO,true,PI_FIFO,358.275797
17.550014,-1,15,9995.312000,13.799000,360.207480,358.737356,360.000000,627,-0.207480,PI,FIFO,true,PI_FIFO,358.662134
17.560017,-1,15,10003.329000,17.128000,361.794501,359.195928,360.000000,626,-1.794501,PI,FIFO,true,PI_FIFO,359.288607
17.570014,-1,15,9996.959000,14.087000,361.132512,359.486416,360.000000,626,-1.132512,PI,FIFO,true,PI_FIFO,359.657388
17.580018,-1,15,10003.940000,18.027000,362.844702,359.990159,360.000000,626,-2.844702,PI,FIFO,true,PI_FIFO,360.294851
17.590026,-1,15,10007.551000,25.578000,364.502333,360.666985,360.000000,624,-4.502333,PI,FIFO,true,PI_FIFO,361.136347
17.600034,-1,15,10008.550000,34.128000,368.007851,361.768115,360.000000,622,-8.007851,PI,FIFO,true,PI_FIFO,362.510648
17.610024,-1,15,9990.017000,24.145000,363.748060,362.065106,360.000000,621,-3.748060,PI,FIFO,true,PI_FIFO,362.758130
17.620019,-1,15,9994.719000,18.864000,363.372093,362.261154,360.000000,619,-3.372093,PI,FIFO,true,PI_FIFO,362.880923
17.630018,-1,15,9998.922000,17.786000,361.132512,362.091858,360.000000,619,-1.132512,PI,FIFO,true,PI_FIFO,362.531241
17.640018,-1,15,10000.145000,17.931000,359.023456,361.631598,360.000000,619,0.976544,PI,FIFO,true,PI_FIFO,361.829684
17.650017,-1,15,9999.311000,17.242000,353.773585,360.452896,360.000000,620,6.226415,PI,FIFO,true,PI_FIFO,360.218464
17.660017,-1,15,10000.125000,17.367000,355.618777,359.727778,360.000000,621,4.381223,PI,FIFO,true,PI_FIFO,359.298527
17.670035,-1,15,10017.920000,35.287000,353.773585,358.834649,360.000000,623,6.226415,PI,FIFO,true,PI_FIFO,358.193538
17.680037,-1,15,10001.959000,37.246000,357.985175,358.707228,360.000000,624,2.014825,PI,FIFO,true,PI_FIFO,358.151866
17.690019,-1,15,9981.925000,19.171000,357.045702,358.457999,360.000000,625,2.954298,PI,FIFO,true,PI_FIFO,357.930633
17.700046,-1,15,10027.158000,46.329000,361.445783,358.906167,360.000000,625,-1.445783,PI,FIFO,true,PI_FIFO,358.633663
17.710030,-1,15,9983.443000,29.772000,359.103677,358.935793,360.000000,625,0.896323,PI,FIFO,true,PI_FIFO,358.727666
17.720022,-1,15,9991.868000,21.640000,361.794501,359.364599,360.000000,625,-1.794501,PI,FIFO,true,PI_FIFO,359.341033
17.730016,-1,15,9994.183000,15.823000,358.802624,359.280303,360.000000,625,1.197376,PI,FIFO,true,PI_FIFO,359.233351
17.740019,-1,15,10003.199000,19.022000,362.380628,359.745352,360.000000,625,-2.380628,PI,FIFO,true,PI_FIFO,359.862806
17.750018,-1,15,9999.070000,18.092000,360.775151,359.899822,360.000000,624,-0.775151,PI,FIFO,true,PI_FIFO,360.045275
17.760017,-1,15,9999.108000,17.200000,365.141188,360.686027,360.000000,623,-5.141188,PI,FIFO,true,PI_FIFO,361.064458
17.770015,-1,15,9997.330000,14.530000,366.020302,361.486168,360.000000,621,-6.020302,PI,FIFO,true,PI_FIFO,362.055627
17.780019,-1,15,10004.014000,18.544000,364.202468,361.893613,360.000000,620,-4.202468,PI,FIFO,true,PI_FIFO,362.484995
17.790018,-1,15,9999.144000,17.688000,359.589041,361.547927,360.000000,620,0.410959,PI,FIFO,true,PI_FIFO,361.905804
17.800028,-1,15,10010.643000,28.331000,358.337315,361.066335,360.000000,620,1.662685,PI,FIFO,true,PI_FIFO,361.192106
17.810019,-1,15,9990.813000,19.144000,356.193009,360.335336,360.000000,621,3.806991,PI,FIFO,true,PI_FIFO,360.192287
17.820029,-1,15,10009.513000,28.657000,354.755298,359.498331,360.000000,622,5.244702,PI,FIFO,true,PI_FIFO,359.104889
17.830019,-1,15,9990.683000,19.340000,353.940538,358.664662,360.000000,624,6.059462,PI,FIFO,true,PI_FIFO,358.072019
17.840016,-1,15,9996.163000,15.503000,355.293077,358.158924,360.000000,625,4.706923,PI,FIFO,true,PI_FIFO,357.516231
17.850018,-1,15,10002.681000,18.184000,360.403652,358.495633,360.000000,626,-0.403652,PI,FIFO,true,PI_FIFO,358.093715
17.860017,-1,15,9999.163000,17.347000,358.410705,358.482894,360.000000,626,1.589295,PI,FIFO,true,PI_FIFO,358.157113
17.870018,-1,15,10000.163000,17.510000,360.750361,358.823014,360.000000,626,-0.750361,PI,FIFO,true,PI_FIFO,358.675762
17.880018,-1,15,10000.089000,17.599000,360.761929,359.113851,360.000000,626,-0.761929,PI,FIFO,true,PI_FIFO,359.092996
17.890018,-1,15,10000.255000,17.854000,362.493958,359.620867,360.000000,626,-2.493958,PI,FIFO,true,PI_FIFO,359.773188
17.900030,-1,15,10011.680000,29.534000,359.103677,359.543289,360.000000,626,0.896323,PI,FIFO,true,PI_FIFO,359.639286
17.910018,-1,15,9988.794000,18.328000,363.372093,360.117609,360.000000,625,-3.372093,PI,FIFO,true,PI_FIFO,360.385847
17.920018,-1,15,9999.496000,17.824000,362.168874,360.425299,360.000000,625,-2.168874,PI,FIFO,true,PI_FIFO,360.742453
17.930018,-1,15,10000.126000,17.950000,367.223502,361.445030,360.000000,623,-7.223502,PI,FIFO,true,PI_FIFO,362.038663
17.940018,-1,15,9999.848000,17.798000,362.368857,361.583604,360.000000,622,-2.368857,PI,FIFO,true,PI_FIFO,362.104702
17.950018,-1,15,10000.236000,18.034000,365.036647,362.101560,360.000000,620,-5.036647,PI,FIFO,true,PI_FIFO,362.691091
17.960018,-1,15,9999.940000,17.974000,360.181120,361.813494,360.000000,620,-0.181120,PI,FIFO,true,PI_FIFO,362.189096
17.970018,-1,15,9999.662000,17.636000,360.057609,361.550111,360.000000,619,-0.057609,PI,FIFO,true,PI_FIFO,361.762799
17.980024,-1,15,10005.957000,23.593000,355.113636,360.584640,360.000000,620,4.886364,PI,FIFO,true,PI_FIFO,360.432966
17.990015,-1,15,9991.442000,15.035000,357.097511,360.061571,360.000000,621,2.902489,PI,FIFO,true,PI_FIFO,359.765875
18.000028,-1,15,10013.160000,28.195000,352.775165,358.968610,360.000000,623,7.224835,PI,FIFO,true,PI_FIFO,358.367733
18.010014,-1,15,9986.109000,14.304000,357.824427,358.796983,360.000000,624,2.175573,PI,FIFO,true,PI_FIFO,358.259072
18.020018,-1,15,10003.587000,17.891000,358.851675,358.805186,360.000000,624,1.148325,PI,FIFO,true,PI_FIFO,358.377593
18.030018,-1,15,9999.811000,17.702000,360.947125,359.126477,360.000000,624,-0.947125,PI,FIFO,true,PI_FIFO,358.891499
18.040017,-1,15,9999.532000,17.234000,359.195402,359.136816,360.000000,625,0.804598,PI,FIFO,true,PI_FIFO,358.952280
18.050018,-1,15,10000.347000,17.581000,360.378913,359.323130,360.000000,625,-0.378913,PI,FIFO,true,PI_FIFO,359.237606
18.060017,-1,15,9999.681000,17.262000,360.750361,359.537215,360.000000,625,-0.750361,PI,FIFO,true,PI_FIFO,359.540157
18.070018,-1,15,10000.255000,17.517000,360.207480,359.637755,360.000000,625,-0.207480,PI,FIFO,true,PI_FIFO,359.673622
18.080017,-1,15,9999.866000,17.383000,360.750361,359.804646,360.000000,624,-0.750361,PI,FIFO,true,PI_FIFO,359.888970
18.090018,-1,15,10000.273000,17.656000,363.748060,360.396158,360.000000,623,-3.748060,PI,FIFO,true,PI_FIFO,360.660788
18.100026,-1,15,10008.476000,26.132000,366.210938,361.268375,360.000000,622,-6.210938,PI,FIFO,true,PI_FIFO,361.770818
18.110018,-1,15,9991.978000,18.110000,363.936335,361.668569,360.000000,620,-3.936335,PI,FIFO,true,PI_FIFO,362.203921
18.120018,-1,15,10000.310000,18.420000,361.097737,361.582944,360.000000,620,-1.097737,PI,FIFO,true,PI_FIFO,361.982684
18.130018,-1,15,9999.829000,18.249000,358.508604,361.121793,360.000000,620,1.491396,PI,FIFO,true,PI_FIFO,361.287868
18.140018,-1,15,9999.570000,17.819000,358.215066,360.685784,360.000000,620,1.784934,PI,FIFO,true,PI_FIFO,360.673308
18.150018,-1,15,10000.310000,18.129000,352.775165,359.499191,360.000000,622,7.224835,PI,FIFO,true,PI_FIFO,359.093679
18.160017,-1,15,9999.162000,17.291000,355.305901,358.870198,360.000000,623,4.694099,PI,FIFO,true,PI_FIFO,358.336124
18.170017,-1,15,9999.811000,17.102000,354.442344,358.206020,360.000000,625,5.557656,PI,FIFO,true,PI_FIFO,357.557368
18.180017,-1,15,9999.958000,17.060000,358.554309,358.258263,360.000000,626,1.445691,PI,FIFO,true,PI_FIFO,357.756756
18.190017,-1,15,10000.236000,17.296000,357.483317,358.142021,360.000000,627,2.516683,PI,FIFO,true,PI_FIFO,357.702068
18.200025,-1,15,10008.161000,25.457000,361.969112,358.716085,360.000000,627,-1.969112,PI,FIFO,true,PI_FIFO,358.555477
18.210017,-1,15,9992.034000,17.491000,359.539789,358.839640,360.000000,627,0.460211,PI,FIFO,true,PI_FIFO,358.752339
18.220017,-1,15,9999.477000,16.968000,362.622486,359.407067,360.000000,626,-2.622486,PI,FIFO,true,PI_FIFO,359.526369
18.230017,-1,15,10000.532000,17.500000,359.539789,359.426976,360.000000,627,0.460211,PI,FIFO,true,PI_FIFO,359.529053
18.240017,-1,15,9999.607000,17.107000,364.313472,360.159950,360.000000,626,-4.313472,PI,FIFO,true,PI_FIFO,360.485937
18.250014,-1,15,9997.089000,14.196000,361.620058,360.378966,360.000000,625,-1.620058,PI,FIFO,true,PI_FIFO,360.712761
18.260017,-1,15,10002.754000,16.950000,366.210938,361.253762,360.000000,623,-6.210938,PI,FIFO,true,PI_FIFO,361.812396
18.270017,-1,15,10000.403000,17.353000,364.963504,361.810223,360.000000,622,-4.963504,PI,FIFO,true,PI_FIFO,362.442618
18.280017,-1,15,10000.032000,17.385000,366.020302,362.441735,360.000000,620,-6.020302,PI,FIFO,true,PI_FIFO,363.158154
18.290017,-1,15,9999.588000,16.973000,361.620058,362.318483,360.000000,619,-1.620058,PI,FIFO,true,PI_FIFO,362.850535
18.300038,-1,15,10021.474000,38.447000,359.539789,361.901679,360.000000,619,0.460211,PI,FIFO,true,PI_FIFO,362.188386
18.310015,-1,15,9976.499000,14.946000,356.851550,361.144160,360.000000,619,3.148450,PI,FIFO,true,PI_FIFO,361.121019
18.320018,-1,15,10003.384000,18.330000,355.618777,360.315352,360.000000,620,4.381223,PI,FIFO,true,PI_FIFO,360.020570
18.330014,-1,15,9995.793000,14.123000,352.620361,359.161104,360.000000,622,7.379639,PI,FIFO,true,PI_FIFO,358.540528
18.340017,-1,15,10002.902000,17.025000,354.945575,358.528774,360.000000,624,5.054425,PI,FIFO,true,PI_FIFO,357.821538
18.350017,-1,15,10000.273000,17.298000,360.181120,358.776626,360.000000,624,-0.181120,PI,FIFO,true,PI_FIFO,358.293454
18.360017,-1,15,10000.162000,17.460000,357.995227,358.659416,360.000000,625,2.004773,PI,FIFO,true,PI_FIFO,358.233809
18.370035,-1,15,10017.512000,34.972000,360.207480,358.891626,360.000000,625,-0.207480,PI,FIFO,true,PI_FIFO,358.628543
18.380037,-1,15,10001.624000,36.596000,359.103677,358.923433,360.000000,625,0.896323,PI,FIFO,true,PI_FIFO,358.723570
18.390020,-1,15,9983.128000,19.724000,360.750361,359.197473,360.000000,625,-0.750361,PI,FIFO,true,PI_FIFO,359.128928
18.400019,-1,15,9999.440000,19.164000,356.077048,358.729409,360.000000,626,3.922952,PI,FIFO,true,PI_FIFO,358.518552
18.410018,-1,15,9998.737000,17.901000,361.969112,359.215364,360.000000,626,-1.969112,PI,FIFO,true,PI_FIFO,359.208664
18.420018,-1,15,9999.755000,17.656000,361.886921,359.616098,360.000000,626,-1.886921,PI,FIFO,true,PI_FIFO,359.744315
18.430023,-1,15,10004.846000,22.502000,367.030201,360.728213,360.000000,624,-7.030201,PI,FIFO,true,PI_FIFO,361.201493
18.440016,-1,15,9993.960000,16.462000,364.036090,361.224395,360.000000,623,-4.036090,PI,FIFO,true,PI_FIFO,361.768412
18.450018,-1,15,10001.569000,18.031000,365.598886,361.880568,360.000000,621,-5.598886,PI,FIFO,true,PI_FIFO,362.534507
18.460018,-1,15,9999.977000,18.008000,360.740154,361.709506,360.000000,620,-0.740154,PI,FIFO,true,PI_FIFO,362.175636
18.470033,-1,15,10014.567000,32.575000,359.195402,361.332391,360.000000,620,0.804598,PI,FIFO,true,PI_FIFO,361.579589
18.480019,-1,15,9986.831000,19.406000,355.618777,360.475349,360.000000,621,4.381223,PI,FIFO,true,PI_FIFO,360.387427
18.490018,-1,15,9998.681000,18.087000,358.802624,360.224440,360.000000,622,1.197376,PI,FIFO,true,PI_FIFO,360.070466
18.500024,-1,15,10005.994000,24.081000,354.274917,359.332012,360.000000,623,5.725083,PI,FIFO,true,PI_FIFO,358.911357
18.510018,-1,15,9994.108000,18.189000,357.460600,359.051300,360.000000,624,2.539400,PI,FIFO,true,PI_FIFO,358.621205
18.520018,-1,15,10000.033000,18.222000,358.851675,359.021356,360.000000,624,1.148325,PI,FIFO,true,PI_FIFO,358.667299
18.530019,-1,15,10000.384000,18.606000,360.973597,359.314192,360.000000,624,-0.973597,PI,FIFO,true,PI_FIFO,359.128559
18.540018,-1,15,9999.051000,17.657000,359.884837,359.399789,360.000000,624,0.115163,PI,FIFO,true,PI_FIFO,359.279814
18.550018,-1,15,10000.014000,17.671000,360.947125,359.631889,360.000000,624,-0.947125,PI,FIFO,true,PI_FIFO,359.613277
18.560017,-1,15,9999.440000,17.111000,360.576923,359.773644,360.000000,624,-0.576923,PI,FIFO,true,PI_FIFO,359.806006
18.570017,-1,15,10000.273000,17.384000,359.838792,359.783417,360.000000,624,0.161208,PI,FIFO,true,PI_FIFO,359.812563
18.580019,-1,15,10001.607000,18.991000,360.923965,359.954499,360.000000,624,-0.923965,PI,FIFO,true,PI_FIFO,360.034844
18.590018,-1,15,9999.366000,18.357000,362.844702,360.388029,360.000000,623,-2.844702,PI,FIFO,true,PI_FIFO,360.596815
18.600029,-1,15,10010.401000,28.758000,366.592805,361.318746,360.000000,621,-6.592805,PI,FIFO,true,PI_FIFO,361.796013
18.610018,-1,15,9989.349000,18.107000,363.020329,361.573983,360.000000,620,-3.020329,PI,FIFO,true,PI_FIFO,362.040876
18.620017,-1,15,9999.218000,17.325000,362.062307,361.647232,360.000000,620,-2.062307,PI,FIFO,true,PI_FIFO,362.045163
18.630017,-1,15,10000.143000,17.468000,358.680057,361.202156,360.000000,620,1.319943,PI,FIFO,true,PI_FIFO,361.372142
18.640017,-1,15,9999.440000,16.908000,358.410705,360.783438,360.000000,620,1.589295,PI,FIFO,true,PI_FIFO,360.779854
18.650017,-1,15,10000.514000,17.422000,353.107345,359.632024,360.000000,622,6.892655,PI,FIFO,true,PI_FIFO,359.245352
18.660017,-1,15,9999.700000,17.122000,355.883948,359.069813,360.000000,623,4.116052,PI,FIFO,true,PI_FIFO,358.573071
18.670017,-1,15,9999.977000,17.099000,354.274917,358.350578,360.000000,624,5.725083,PI,FIFO,true,PI_FIFO,357.713441
18.680025,-1,15,10007.494000,24.593000,359.287174,358.491068,360.000000,625,0.712826,PI,FIFO,true,PI_FIFO,358.028187
18.690016,-1,15,9990.960000,15.553000,357.824427,358.391072,360.000000,626,2.175573,PI,FIFO,true,PI_FIFO,357.987435
18.700046,-1,15,10030.527000,46.080000,361.371145,358.838083,360.000000,626,-1.371145,PI,FIFO,true,PI_FIFO,358.664177
18.710029,-1,15,9983.073000,29.153000,359.195402,358.891681,360.000000,626,0.804598,PI,FIFO,true,PI_FIFO,358.770422
18.720019,-1,15,9989.978000,19.131000,361.503856,359.283507,360.000000,626,-1.503856,PI,FIFO,true,PI_FIFO,359.317109
18.730016,-1,15,9996.941000,16.072000,358.851675,359.218732,360.000000,626,1.148325,PI,FIFO,true,PI_FIFO,359.224022
18.740018,-1,15,10001.606000,17.678000,364.502333,360.011272,360.000000,625,-4.502333,PI,FIFO,true,PI_FIFO,360.279684
18.750018,-1,15,10000.588000,18.266000,361.271676,360.200333,360.000000,625,-1.271676,PI,FIFO,true,PI_FIFO,360.478083
18.760018,-1,15,9999.348000,17.614000,366.401772,361.130549,360.000000,623,-6.401772,PI,FIFO,true,PI_FIFO,361.662821
18.770017,-1,15,9999.699000,17.313000,365.141188,361.732145,360.000000,622,-5.141188,PI,FIFO,true,PI_FIFO,362.358494
18.780018,-1,15,10000.477000,17.790000,365.829865,362.346803,360.000000,620,-5.829865,PI,FIFO,true,PI_FIFO,363.052768
18.790016,-1,15,9998.014000,15.804000,360.576923,362.081321,360.000000,619,-0.576923,PI,FIFO,true,PI_FIFO,362.557599
18.800026,-1,15,10009.809000,25.613000,359.195402,361.648433,360.000000,619,0.804598,PI,FIFO,true,PI_FIFO,361.885160
18.810015,-1,15,9988.960000,14.573000,356.657609,360.899809,360.000000,620,3.342391,PI,FIFO,true,PI_FIFO,360.839650
18.820026,-1,15,10011.827000,26.400000,355.281857,360.057116,360.000000,621,4.718143,PI,FIFO,true,PI_FIFO,359.728091
18.830015,-1,15,9988.757000,15.157000,352.974398,358.994709,360.000000,623,7.025602,PI,FIFO,true,PI_FIFO,358.377352
18.840018,-1,15,10003.050000,18.207000,354.397681,358.305155,360.000000,624,5.602319,PI,FIFO,true,PI_FIFO,357.581418
18.850018,-1,15,9999.514000,17.721000,359.287174,358.452457,360.000000,625,0.712826,PI,FIFO,true,PI_FIFO,357.922569
18.860018,-1,15,9999.940000,17.661000,358.508604,358.460879,360.000000,625,1.491396,PI,FIFO,true,PI_FIFO,358.039776
18.870018,-1,15,9999.959000,17.620000,360.973597,358.837787,360.000000,626,-0.973597,PI,FIFO,true,PI_FIFO,358.626541
18.880017,-1,15,9999.754000,17.374000,359.925474,359.000940,360.000000,626,0.074526,PI,FIFO,true,PI_FIFO,358.886327
18.890017,-1,15,9999.737000,17.111000,363.171002,359.626449,360.000000,625,-3.171002,PI,FIFO,true,PI_FIFO,359.743262
18.900026,-1,15,10009.308000,26.419000,358.337315,359.433079,360.000000,626,1.662685,PI,FIFO,true,PI_FIFO,359.462073
18.910018,-1,15,9991.368000,17.787000,362.622486,359.911490,360.000000,625,-2.622486,PI,FIFO,true,PI_FIFO,360.094155
18.920017,-1,15,9999.236000,17.023000,362.143892,360.246350,360.000000,624,-2.143892,PI,FIFO,true,PI_FIFO,360.504103
18.930018,-1,15,10000.625000,17.648000,366.592805,361.198319,360.000000,623,-6.592805,PI,FIFO,true,PI_FIFO,361.721843
18.940018,-1,15,10000.180000,17.828000,364.077670,361.630221,360.000000,621,-4.077670,PI,FIFO,true,PI_FIFO,362.193008
18.950015,-1,15,9997.236000,15.064000,365.449584,362.203126,360.000000,619,-5.449584,PI,FIFO,true,PI_FIFO,362.844324
18.960018,-1,15,10002.495000,17.559000,359.195402,361.751967,360.000000,619,0.804598,PI,FIFO,true,PI_FIFO,362.114539
18.970017,-1,15,9999.902000,17.461000,358.680057,361.291181,360.000000,619,1.319943,PI,FIFO,true,PI_FIFO,361.427643
18.980023,-1,15,10005.938000,23.399000,353.202368,360.077859,360.000000,621,6.797632,PI,FIFO,true,PI_FIFO,359.782588
18.990018,-1,15,9994.514000,17.913000,356.972870,359.612111,360.000000,622,3.027130,PI,FIFO,true,PI_FIFO,359.220644
19.000040,-1,15,10021.658000,39.571000,353.329146,358.669666,360.000000,624,6.670854,PI,FIFO,true,PI_FIFO,358.042345
19.010019,-1,15,9979.609000,19.180000,358.508604,358.645507,360.000000,624,1.491396,PI,FIFO,true,PI_FIFO,358.135597
19.020018,-1,15,9998.662000,17.842000,358.410705,358.610286,360.000000,625,1.589295,PI,FIFO,true,PI_FIFO,358.190618
19.030017,-1,15,9999.495000,17.337000,360.923965,358.957338,360.000000,625,-0.923965,PI,FIFO,true,PI_FIFO,358.737288
19.040017,-1,15,10000.143000,17.480000,358.737245,358.924324,360.000000,625,1.262755,PI,FIFO,true,PI_FIFO,358.737279
19.050017,-1,15,9999.865000,17.345000,359.884837,359.068401,360.000000,626,0.115163,PI,FIFO,true,PI_FIFO,358.966791
19.060017,-1,15,10000.106000,17.451000,361.371145,359.413813,360.000000,625,-1.371145,PI,FIFO,true,PI_FIFO,359.447662
19.070036,-1,15,10018.344000,35.795000,360.250904,359.539376,360.000000,626,-0.250904,PI,FIFO,true,PI_FIFO,359.608310
19.080037,-1,15,10001.105000,36.900000,361.132512,359.778347,360.000000,625,-1.132512,PI,FIFO,true,PI_FIFO,359.913150
19.090020,-1,15,9983.109000,20.009000,363.196126,360.291014,360.000000,624,-3.196126,PI,FIFO,true,PI_FIFO,360.569745
19.100031,-1,15,10011.030000,31.039000,366.210938,361.179002,360.000000,623,-6.210938,PI,FIFO,true,PI_FIFO,361.697984
19.110018,-1,15,9986.830000,17.869000,363.724539,361.560833,360.000000,622,-3.724539,PI,FIFO,true,PI_FIFO,362.103295
19.120021,-1,15,10002.921000,20.790000,362.769486,361.742131,360.000000,620,-2.769486,PI,FIFO,true,PI_FIFO,362.236533
19.130018,-1,15,9997.587000,18.377000,358.952703,361.323717,360.000000,620,1.047297,PI,FIFO,true,PI_FIFO,361.579767
19.140018,-1,15,9999.255000,17.632000,359.589041,361.063515,360.000000,620,0.410959,PI,FIFO,true,PI_FIFO,361.181622
19.150017,-1,15,9999.809000,17.441000,353.940538,359.995069,360.000000,622,6.059462,PI,FIFO,true,PI_FIFO,359.733405
19.160018,-1,15,10000.106000,17.547000,355.305901,359.291694,360.000000,623,4.694099,PI,FIFO,true,PI_FIFO,358.847904
19.170017,-1,15,9999.699000,17.246000,353.773585,358.463977,360.000000,625,6.226415,PI,FIFO,true,PI_FIFO,357.833040
19.180017,-1,15,10000.235000,17.481000,359.103677,358.559932,360.000000,625,0.896323,PI,FIFO,true,PI_FIFO,358.087168
19.190018,-1,15,10000.717000,18.198000,357.653791,358.424011,360.000000,626,2.346209,PI,FIFO,true,PI_FIFO,358.000492
19.200029,-1,15,10010.697000,28.895000,361.570248,358.895947,360.000000,626,-1.570248,PI,FIFO,true,PI_FIFO,358.714444
19.210017,-1,15,9988.422000,17.317000,359.367513,358.966682,360.000000,626,0.632487,PI,FIFO,true,PI_FIFO,358.845057
19.220018,-1,15,10000.458000,17.775000,361.875965,359.403074,360.000000,626,-1.875965,PI,FIFO,true,PI_FIFO,359.451239
19.230017,-1,15,9999.699000,17.474000,358.851675,359.320364,360.000000,627,1.148325,PI,FIFO,true,PI_FIFO,359.331326
19.240017,-1,15,9999.624000,17.098000,363.372093,359.928124,360.000000,626,-3.372093,PI,FIFO,true,PI_FIFO,360.139480
19.250014,-1,15,9996.810000,13.908000,361.318088,360.136618,360.000000,625,-1.318088,PI,FIFO,true,PI_FIFO,360.375201
19.260017,-1,15,10003.217000,17.125000,366.210938,361.047766,360.000000,624,-6.210938,PI,FIFO,true,PI_FIFO,361.542349
19.270014,-1,15,9997.125000,14.250000,364.880643,361.622698,360.000000,622,-4.880643,PI,FIFO,true,PI_FIFO,362.210008
19.280017,-1,15,10002.735000,16.985000,365.853659,362.257342,360.000000,620,-5.853659,PI,FIFO,true,PI_FIFO,362.938738
19.290017,-1,15,10000.161000,17.146000,359.287174,361.811817,360.000000,620,0.712826,PI,FIFO,true,PI_FIFO,362.208425
19.300026,-1,15,10008.586000,25.732000,357.995227,361.239328,360.000000,620,2.004773,PI,FIFO,true,PI_FIFO,361.365785
19.310018,-1,15,9992.033000,17.765000,355.883948,360.436021,360.000000,621,4.116052,PI,FIFO,true,PI_FIFO,360.269418
19.320017,-1,15,9999.699000,17.464000,354.274917,359.511856,360.000000,623,5.725083,PI,FIFO,true,PI_FIFO,359.070518
19.330017,-1,15,9999.735000,17.199000,353.773585,358.651115,360.000000,624,6.226415,PI,FIFO,true,PI_FIFO,358.011131
19.340017,-1,15,10000.162000,17.361000,355.618777,358.196264,360.000000,626,4.381223,PI,FIFO,true,PI_FIFO,357.532660
19.350017,-1,15,9999.976000,17.337000,360.207480,358.497947,360.000000,626,-0.207480,PI,FIFO,true,PI_FIFO,358.067624
19.360017,-1,15,9999.643000,16.980000,358.337315,358.473852,360.000000,627,1.662685,PI,FIFO,true,PI_FIFO,358.121562
19.370017,-1,15,10000.402000,17.382000,361.570248,358.938311,360.000000,627,-1.570248,PI,FIFO,true,PI_FIFO,358.811299
19.380023,-1,15,10005.772000,23.154000,360.403652,359.158112,360.000000,627,-0.403652,PI,FIFO,true,PI_FIFO,359.129770
19.390020,-1,15,9996.569000,19.723000,363.372093,359.790209,360.000000,626,-3.372093,PI,FIFO,true,PI_FIFO,359.978235
19.400029,-1,15,10009.142000,28.865000,359.287174,359.714754,360.000000,626,0.712826,PI,FIFO,true,PI_FIFO,359.840022
19.410018,-1,15,9988.959000,17.824000,363.724539,360.316222,360.000000,625,-3.724539,PI,FIFO,true,PI_FIFO,360.616926
19.420018,-1,15,9999.736000,17.560000,362.996902,360.718324,360.000000,624,-2.996902,PI,FIFO,true,PI_FIFO,361.092921
19.430017,-1,15,9999.532000,17.092000,367.107195,361.676655,360.000000,622,-7.107195,PI,FIFO,true,PI_FIFO,362.295776
19.440018,-1,15,10000.532000,17.624000,363.559979,361.959153,360.000000,621,-3.559979,PI,FIFO,true,PI_FIFO,362.548617
19.450017,-1,15,9999.569000,17.193000,365.675280,362.516572,360.000000,619,-5.675280,PI,FIFO,true,PI_FIFO,363.173949
19.460017,-1,15,9999.976000,17.169000,359.654731,362.087296,360.000000,619,0.345269,PI,FIFO,true,PI_FIFO,362.470106
19.470017,-1,15,10000.069000,17.238000,359.023456,361.627720,360.000000,619,0.976544,PI,FIFO,true,PI_FIFO,361.780776
19.480017,-1,15,9999.661000,16.899000,353.773585,360.449600,360.000000,620,6.226415,PI,FIFO,true,PI_FIFO,360.179338
19.490018,-1,15,10000.699000,17.598000,355.113636,359.649205,360.000000,621,4.886364,PI,FIFO,true,PI_FIFO,359.166197
19.500026,-1,15,10008.030000,25.628000,354.155424,358.825138,360.000000,623,5.844576,PI,FIFO,true,PI_FIFO,358.164043
19.510018,-1,15,9992.033000,17.661000,356.125356,358.420171,360.000000,624,3.874644,PI,FIFO,true,PI_FIFO,357.756305
19.520017,-1,15,9999.606000,17.267000,358.188996,358.385495,360.000000,625,1.811004,PI,FIFO,true,PI_FIFO,357.842844
19.530015,-1,15,9997.329000,14.596000,360.403652,358.688218,360.000000,625,-0.403652,PI,FIFO,true,PI_FIFO,358.355005
19.540017,-1,15,10002.402000,16.998000,357.629428,358.529400,360.000000,626,2.370572,PI,FIFO,true,PI_FIFO,358.209890
19.550018,-1,15,10000.735000,17.733000,359.762980,358.714437,360.000000,627,0.237020,PI,FIFO,true,PI_FIFO,358.520508
19.560018,-1,15,9999.773000,17.506000,359.983544,358.904803,360.000000,627,0.016456,PI,FIFO,true,PI_FIFO,358.813115
19.570017,-1,15,9999.643000,17.149000,359.712230,359.025917,360.000000,627,0.287770,PI,FIFO,true,PI_FIFO,358.992938
19.580017,-1,15,9999.828000,16.977000,361.271676,359.362781,360.000000,627,-1.271676,PI,FIFO,true,PI_FIFO,359.448686
19.590014,-1,15,9997.458000,14.435000,364.313472,360.105384,360.000000,626,-4.313472,PI,FIFO,true,PI_FIFO,360.421643
19.600026,-1,15,10011.586000,26.021000,367.286974,361.182623,360.000000,624,-7.286974,PI,FIFO,true,PI_FIFO,361.794709
19.610015,-1,15,9988.552000,14.573000,364.313472,361.652250,360.000000,622,-4.313472,PI,FIFO,true,PI_FIFO,362.298461
19.620017,-1,15,10002.753000,17.326000,363.901019,361.989565,360.000000,621,-3.901019,PI,FIFO,true,PI_FIFO,362.618973
19.630017,-1,15,9999.754000,17.080000,361.132512,361.861007,360.000000,620,-1.132512,PI,FIFO,true,PI_FIFO,362.321681
19.640017,-1,15,10000.125000,17.205000,360.576923,361.668395,360.000000,620,-0.576923,PI,FIFO,true,PI_FIFO,361.972729
19.650018,-1,15,10000.420000,17.625000,354.729730,360.627595,360.000000,621,5.270270,PI,FIFO,true,PI_FIFO,360.524129
19.660028,-1,15,10009.901000,27.526000,356.543624,360.014999,360.000000,622,3.456376,PI,FIFO,true,PI_FIFO,359.728028
19.670016,-1,15,9988.941000,16.467000,354.921579,359.250986,360.000000,623,5.078421,PI,FIFO,true,PI_FIFO,358.766738
19.680019,-1,15,10002.254000,18.721000,359.023456,359.216857,360.000000,624,0.976544,PI,FIFO,true,PI_FIFO,358.818082
19.690015,-1,15,9996.217000,14.938000,357.240065,358.920338,360.000000,624,2.759935,PI,FIFO,true,PI_FIFO,358.502479
19.700047,-1,15,10031.731000,46.669000,361.394558,359.291471,360.000000,624,-1.394558,PI,FIFO,true,PI_FIFO,359.080894
19.710032,-1,15,9985.682000,32.351000,358.802624,359.218144,360.000000,625,1.197376,PI,FIFO,true,PI_FIFO,359.025240
19.720019,-1,15,9986.756000,19.107000,361.445783,359.552290,360.000000,625,-1.445783,PI,FIFO,true,PI_FIFO,359.509349
19.730018,-1,15,9998.495000,17.602000,358.006619,359.320439,360.000000,625,1.993381,PI,FIFO,true,PI_FIFO,359.208803
19.740017,-1,15,9999.773000,17.375000,361.969112,359.717740,360.000000,625,-1.969112,PI,FIFO,true,PI_FIFO,359.760865
19.750015,-1,15,9997.662000,15.037000,360.576923,359.846618,360.000000,625,-0.576923,PI,FIFO,true,PI_FIFO,359.924076
19.760025,-1,15,10009.826000,24.863000,365.675280,360.720917,360.000000,623,-5.675280,PI,FIFO,true,PI_FIFO,361.074317
19.770035,-1,15,10010.234000,35.097000,364.880643,361.344876,360.000000,622,-4.880643,PI,FIFO,true,PI_FIFO,361.835582
19.780027,-1,15,9991.700000,26.797000,365.141188,361.914323,360.000000,620,-5.141188,PI,FIFO,true,PI_FIFO,362.496704
19.790020,-1,15,9993.440000,20.237000,360.947125,361.769243,360.000000,619,-0.947125,PI,FIFO,true,PI_FIFO,362.186788
19.800027,-1,15,10006.864000,27.101000,358.337315,361.254454,360.000000,620,1.662685,PI,FIFO,true,PI_FIFO,361.416893
19.810018,-1,15,9990.719000,17.820000,356.851550,360.594018,360.000000,620,3.148450,PI,FIFO,true,PI_FIFO,360.503825
19.820021,-1,15,10003.494000,21.314000,355.450237,359.822451,360.000000,621,4.549763,PI,FIFO,true,PI_FIFO,359.493107
19.830018,-1,15,9996.644000,17.958000,354.397681,359.008736,360.000000,623,5.602319,PI,FIFO,true,PI_FIFO,358.474022
19.840018,-1,15,9999.902000,17.860000,355.450237,358.474961,360.000000,624,4.549763,PI,FIFO,true,PI_FIFO,357.869265
19.850017,-1,15,9999.125000,16.985000,359.983544,358.701248,360.000000,625,0.016456,PI,FIFO,true,PI_FIFO,358.292121
19.860018,-1,15,10000.735000,17.720000,359.367513,358.801188,360.000000,625,0.632487,PI,FIFO,true,PI_FIFO,358.507199
19.870017,-1,15,9999.606000,17.326000,360.023041,358.984466,360.000000,625,-0.023041,PI,FIFO,true,PI_FIFO,358.810368
19.880018,-1,15,10001.161000,18.487000,359.195402,359.016106,360.000000,626,0.804598,PI,FIFO,true,PI_FIFO,358.887375
19.890018,-1,15,9999.199000,17.686000,362.368857,359.519019,360.000000,625,-2.368857,PI,FIFO,true,PI_FIFO,359.583671
19.900028,-1,15,10010.511000,28.197000,358.680057,359.393175,360.000000,626,1.319943,PI,FIFO,true,PI_FIFO,359.402948
19.910033,-1,15,10004.828000,33.025000,362.622486,359.877571,360.000000,625,-2.622486,PI,FIFO,true,PI_FIFO,360.046856
19.920019,-1,15,9986.089000,19.114000,363.041002,360.352086,360.000000,624,-3.041002,PI,FIFO,true,PI_FIFO,360.645685
19.930018,-1,15,9998.792000,17.906000,366.825042,361.323029,360.000000,622,-6.825042,PI,FIFO,true,PI_FIFO,361.881556
19.940018,-1,15,9999.735000,17.641000,363.196126,361.603994,360.000000,621,-3.196126,PI,FIFO,true,PI_FIFO,362.144470
19.950031,-1,15,10013.010000,30.651000,363.936335,361.953845,360.000000,620,-3.936335,PI,FIFO,true,PI_FIFO,362.502843
19.960020,-1,15,9988.959000,19.610000,359.925474,361.649590,360.000000,619,0.074526,PI,FIFO,true,PI_FIFO,361.987370
19.970018,-1,15,9998.513000,18.123000,358.802624,361.222545,360.000000,619,1.197376,PI,FIFO,true,PI_FIFO,361.350421
19.980018,-1,15,10000.013000,18.136000,354.609929,360.230652,360.000000,621,5.390071,PI,FIFO,true,PI_FIFO,360.002322
19.990019,-1,15,10001.142000,19.278000,357.045702,359.752910,360.000000,621,2.954298,PI,FIFO,true,PI_FIFO,359.410998
