elapsed_s,step_index,pwm_percent,loop_period_us,late_us,raw_rpm,filtered_rpm,target_rpm,pwm,error_rpm,intended_mode,intended_fifo,fifo_active,condition,fb_rpm
0.010010,-1,9,10010.358000,10.358000,0.000000,0.000000,360.000000,400,360.000000,PI,FIFO,true,PI_FIFO,0.000000
0.020008,-1,13,9997.617000,7.975000,0.000000,0.000000,360.000000,548,360.000000,PI,FIFO,true,PI_FIFO,0.000000
0.030008,-1,17,9999.765000,7.740000,0.000311,0.000047,360.000000,697,359.999689,PI,FIFO,true,PI_FIFO,0.000047
0.040007,-1,20,9999.618000,7.358000,127.101410,19.065251,360.000000,824,232.898590,PI,FIFO,true,PI_FIFO,19.065251
0.050007,-1,22,9999.987000,7.345000,213.456284,48.223906,360.000000,932,146.543716,PI,FIFO,true,PI_FIFO,48.223906
0.060008,-1,24,10000.321000,7.666000,300.184729,86.018030,360.000000,1019,59.815271,PI,FIFO,true,PI_FIFO,86.018030
0.070007,-1,26,9999.450000,7.116000,379.554656,130.048524,360.000000,1083,-19.554656,PI,FIFO,true,PI_FIFO,130.048524
0.080007,-1,27,10000.080000,7.196000,444.645532,177.238075,360.000000,1125,-84.645532,PI,FIFO,true,PI_FIFO,177.238075
0.090007,-1,27,10000.118000,7.314000,509.007897,227.003548,360.000000,1145,-149.007897,PI,FIFO,true,PI_FIFO,227.003548
0.100007,-1,27,10000.024000,7.338000,560.258964,276.991861,360.000000,1144,-200.258964,PI,FIFO,true,PI_FIFO,276.991861
0.110007,-1,27,9999.765000,7.103000,597.895408,325.127393,360.000000,1125,-237.895408,PI,FIFO,true,PI_FIFO,325.127393
0.120007,-1,26,10000.154000,7.257000,624.075444,369.969600,360.000000,1089,-264.075444,PI,FIFO,true,PI_FIFO,369.969600
0.130007,-1,25,10000.172000,7.429000,640.174507,410.500336,360.000000,1040,-280.174507,PI,FIFO,true,PI_FIFO,410.500336
0.140008,-1,23,10000.505000,7.934000,644.329897,445.574770,360.000000,980,-284.329897,PI,FIFO,true,PI_FIFO,445.574770
0.150013,-1,22,10004.839000,12.773000,638.116846,474.456082,360.000000,913,-278.116846,PI,FIFO,true,PI_FIFO,474.456082
0.160007,-1,20,9994.561000,7.334000,622.846949,496.714712,360.000000,841,-262.846949,PI,FIFO,true,PI_FIFO,496.714712
0.170008,-1,18,10000.302000,7.636000,605.439642,513.023451,360.000000,766,-245.439642,PI,FIFO,true,PI_FIFO,513.023451
0.180007,-1,16,9999.765000,7.401000,587.111723,524.136692,360.000000,691,-227.111723,PI,FIFO,true,PI_FIFO,524.136692
0.190007,-1,15,9999.598000,6.999000,576.036866,531.921718,360.000000,615,-216.036866,PI,FIFO,true,PI_FIFO,531.921718
0.200007,-1,13,9999.950000,6.949000,556.379822,535.590434,360.000000,540,-196.379822,PI,FIFO,true,PI_FIFO,535.590434
0.210011,-1,11,10004.412000,11.361000,539.332166,536.151694,360.000000,467,-179.332166,PI,FIFO,true,PI_FIFO,536.151694
0.220009,-1,9,9997.654000,9.015000,522.347384,534.081047,360.000000,396,-162.347384,PI,FIFO,true,PI_FIFO,534.081047
0.230011,-1,8,10002.061000,11.076000,507.933437,530.158906,360.000000,329,-147.933437,PI,FIFO,true,PI_FIFO,530.158906
0.240007,-1,6,9996.154000,7.230000,492.187500,524.463195,360.000000,265,-132.187500,PI,FIFO,true,PI_FIFO,524.463195
0.250006,-1,5,9998.857000,6.087000,478.781615,517.610958,360.000000,205,-118.781615,PI,FIFO,true,PI_FIFO,517.610958
0.260007,-1,3,10001.172000,7.259000,460.747543,509.081446,360.000000,150,-100.747543,PI,FIFO,true,PI_FIFO,509.081446
0.270008,-1,2,10000.394000,7.653000,441.997519,499.018856,360.000000,99,-81.997519,PI,FIFO,true,PI_FIFO,499.018856
0.280007,-1,1,9999.302000,6.955000,424.848943,487.893369,360.000000,54,-64.848943,PI,FIFO,true,PI_FIFO,487.893369
0.290006,-1,0,9998.783000,5.738000,403.901388,475.294572,360.000000,16,-43.901388,PI,FIFO,true,PI_FIFO,475.294572
0.300007,-1,0,10001.358000,7.096000,386.996904,462.049922,360.000000,0,-26.996904,PI,FIFO,true,PI_FIFO,462.049922
0.310005,-1,0,9998.301000,5.397000,370.919881,448.380416,360.000000,0,-10.919881,PI,FIFO,true,PI_FIFO,448.380416
0.320007,-1,0,10001.265000,6.662000,359.103677,434.988905,360.000000,0,0.896323,PI,FIFO,true,PI_FIFO,434.988905
0.330015,-1,0,10007.894000,14.556000,338.040865,420.446699,360.000000,0,21.959135,PI,FIFO,true,PI_FIFO,420.446699
0.340017,-1,0,10002.265000,16.821000,324.074074,405.990805,360.000000,0,35.925926,PI,FIFO,true,PI_FIFO,405.990805
0.350020,-1,0,10003.654000,20.475000,304.992492,390.841058,360.000000,0,55.007508,PI,FIFO,true,PI_FIFO,390.841058
0.360030,-1,0,10009.320000,29.795000,290.547521,375.797028,360.000000,0,69.452479,PI,FIFO,true,PI_FIFO,375.797028
0.370028,-1,0,9998.394000,28.189000,276.277014,360.869026,360.000000,0,83.722986,PI,FIFO,true,PI_FIFO,360.869026
0.380073,-1,0,10044.413000,72.602000,255.588877,345.077003,360.000000,0,104.411123,PI,FIFO,true,PI_FIFO,345.077003
0.390034,-1,0,9961.302000,33.904000,250.668449,330.915720,360.000000,0,109.331551,PI,FIFO,true,PI_FIFO,330.915720
0.400022,-1,0,9987.876000,21.780000,228.993649,315.627410,360.000000,0,131.006351,PI,FIFO,true,PI_FIFO,315.627410
0.410009,-1,0,9986.820000,8.600000,220.380818,301.340421,360.000000,25,139.619182,PI,FIFO,true,PI_FIFO,301.340421
0.420008,-1,1,9999.098000,7.698000,205.030071,286.893868,360.000000,65,154.969929,PI,FIFO,true,PI_FIFO,286.893868
0.430006,-1,2,9998.413000,6.111000,199.373819,273.765861,360.000000,110,160.626181,PI,FIFO,true,PI_FIFO,273.765861
0.440006,-1,3,10000.246000,6.357000,183.105469,260.166802,360.000000,161,176.894531,PI,FIFO,true,PI_FIFO,260.166802
0.450006,-1,5,9999.728000,6.085000,159.801136,245.111952,360.000000,219,200.198864,PI,FIFO,true,PI_FIFO,245.111952
0.460008,-1,6,10001.505000,7.590000,157.072762,231.906074,360.000000,281,202.927238,PI,FIFO,true,PI_FIFO,231.906074
0.470007,-1,8,9999.728000,7.318000,144.601542,218.810394,360.000000,348,215.398458,PI,FIFO,true,PI_FIFO,218.810394
0.480007,-1,10,9999.950000,7.268000,133.992377,206.087692,360.000000,420,226.007623,PI,FIFO,true,PI_FIFO,206.087692
0.490007,-1,12,9999.672000,6.940000,149.362719,197.578946,360.000000,493,210.637281,PI,FIFO,true,PI_FIFO,197.578946
0.500007,-1,13,10000.154000,7.094000,173.852573,194.019990,360.000000,564,186.147427,PI,FIFO,true,PI_FIFO,194.019990
0.510017,-1,15,10009.690000,16.784000,200.701713,195.022248,360.000000,632,159.298287,PI,FIFO,true,PI_FIFO,195.022248
0.520008,-1,16,9991.710000,8.494000,237.944162,201.460535,360.000000,692,122.055838,PI,FIFO,true,PI_FIFO,201.460535
0.530007,-1,18,9998.672000,7.166000,268.275234,211.482740,360.000000,747,91.724766,PI,FIFO,true,PI_FIFO,211.482740
0.540007,-1,19,10000.153000,7.319000,312.500000,226.635329,360.000000,791,47.500000,PI,FIFO,true,PI_FIFO,226.635329
0.550007,-1,20,9999.858000,7.177000,345.855878,244.518411,360.000000,826,14.144122,PI,FIFO,true,PI_FIFO,244.518411
0.560012,-1,20,10004.838000,12.015000,381.097561,265.005284,360.000000,851,-21.097561,PI,FIFO,true,PI_FIFO,265.005284
0.570007,-1,21,9994.673000,6.688000,414.008832,287.355816,360.000000,865,-54.008832,PI,FIFO,true,PI_FIFO,287.355816
0.580008,-1,21,10001.135000,7.823000,442.216981,310.584991,360.000000,869,-82.216981,PI,FIFO,true,PI_FIFO,310.584991
0.590006,-1,21,9998.172000,5.995000,462.422118,333.360560,360.000000,864,-102.422118,PI,FIFO,true,PI_FIFO,333.360560
0.600007,-1,20,10001.264000,7.259000,479.481247,355.278663,360.000000,851,-119.481247,PI,FIFO,true,PI_FIFO,355.278663
0.610008,-1,20,10000.413000,7.672000,488.766137,375.301784,360.000000,831,-128.766137,PI,FIFO,true,PI_FIFO,375.301784
0.620007,-1,19,9999.728000,7.400000,491.205090,392.687280,360.000000,805,-131.205090,PI,FIFO,true,PI_FIFO,392.687280
0.630007,-1,18,9999.728000,7.128000,496.406959,408.245232,360.000000,774,-136.406959,PI,FIFO,true,PI_FIFO,408.245232
0.640007,-1,18,10000.005000,7.133000,488.766137,420.323368,360.000000,741,-128.766137,PI,FIFO,true,PI_FIFO,420.323368
0.650007,-1,17,9999.783000,6.916000,477.585329,428.912662,360.000000,706,-117.585329,PI,FIFO,true,PI_FIFO,428.912662
0.660008,-1,16,10000.876000,7.792000,467.115097,434.643027,360.000000,672,-107.115097,PI,FIFO,true,PI_FIFO,434.643027
0.670007,-1,15,9999.265000,7.057000,450.265420,436.986386,360.000000,638,-90.265420,PI,FIFO,true,PI_FIFO,436.986386
0.680007,-1,14,10000.376000,7.433000,436.794998,436.957678,360.000000,607,-76.794998,PI,FIFO,true,PI_FIFO,436.957678
0.690007,-1,14,9999.690000,7.123000,424.208145,435.045248,360.000000,577,-64.208145,PI,FIFO,true,PI_FIFO,435.045248
0.700007,-1,13,10000.061000,7.184000,411.585366,431.526265,360.000000,550,-51.585366,PI,FIFO,true,PI_FIFO,431.526265
0.710012,-1,12,10004.358000,11.542000,396.652563,426.295210,360.000000,526,-36.652563,PI,FIFO,true,PI_FIFO,426.295210
0.720008,-1,12,9996.246000,7.788000,378.787879,419.169110,360.000000,507,-18.787879,PI,FIFO,true,PI_FIFO,419.169110
0.730007,-1,12,9999.431000,7.219000,364.254492,410.931918,360.000000,492,-4.254492,PI,FIFO,true,PI_FIFO,410.931918
0.740007,-1,11,9999.839000,7.058000,349.813433,401.764145,360.000000,481,10.186567,PI,FIFO,true,PI_FIFO,401.764145
0.750007,-1,11,9999.894000,6.952000,336.423445,391.963040,360.000000,475,23.576555,PI,FIFO,true,PI_FIFO,391.963040
0.760007,-1,11,10000.228000,7.180000,324.715487,381.875907,360.000000,473,35.284513,PI,FIFO,true,PI_FIFO,381.875907
0.770007,-1,11,9999.857000,7.037000,313.948995,371.686870,360.000000,475,46.051005,PI,FIFO,true,PI_FIFO,371.686870
0.780016,-1,11,10008.876000,15.913000,307.765152,362.098613,360.000000,481,52.234848,PI,FIFO,true,PI_FIFO,362.098613
0.790018,-1,11,10002.098000,18.011000,295.382937,352.091261,360.000000,491,64.617063,PI,FIFO,true,PI_FIFO,352.091261
0.800009,-1,12,9991.395000,9.406000,291.149068,342.949932,360.000000,504,68.850932,PI,FIFO,true,PI_FIFO,342.949932
0.810011,-1,12,10001.820000,11.226000,282.379518,333.864370,360.000000,522,77.620482,PI,FIFO,true,PI_FIFO,333.864370
0.820009,-1,13,9997.635000,8.861000,282.237832,326.120390,360.000000,541,77.762168,PI,FIFO,true,PI_FIFO,326.120390
0.830011,-1,13,10001.672000,10.533000,284.234462,319.837500,360.000000,562,75.765538,PI,FIFO,true,PI_FIFO,319.837500
0.840009,-1,14,9998.061000,8.594000,288.906009,315.197777,360.000000,584,71.093991,PI,FIFO,true,PI_FIFO,315.197777
0.850009,-1,14,10000.320000,8.914000,295.956775,312.311626,360.000000,605,64.043225,PI,FIFO,true,PI_FIFO,312.311626
0.860009,-1,15,10000.450000,9.364000,305.911145,311.351554,360.000000,626,54.088855,PI,FIFO,true,PI_FIFO,311.351554
0.870012,-1,15,10002.450000,11.814000,317.642788,312.295239,360.000000,645,42.357212,PI,FIFO,true,PI_FIFO,312.295239
0.880009,-1,16,9997.561000,9.375000,330.937973,315.091649,360.000000,662,29.062027,PI,FIFO,true,PI_FIFO,315.091649
0.890009,-1,16,9999.487000,8.862000,342.486605,319.200893,360.000000,676,17.513395,PI,FIFO,true,PI_FIFO,319.200893
0.900009,-1,16,10000.172000,9.034000,358.554309,325.103905,360.000000,686,1.445691,PI,FIFO,true,PI_FIFO,325.103905
0.910009,-1,16,9999.691000,8.725000,367.286974,331.431365,360.000000,693,-7.286974,PI,FIFO,true,PI_FIFO,331.431365
0.920009,-1,17,10000.191000,8.916000,378.787879,338.534842,360.000000,697,-18.787879,PI,FIFO,true,PI_FIFO,338.534842
0.930009,-1,17,10000.098000,9.014000,384.024578,345.358303,360.000000,698,-24.024578,PI,FIFO,true,PI_FIFO,345.358303
0.940008,-1,16,9999.357000,8.371000,393.130242,352.524094,360.000000,696,-33.130242,PI,FIFO,true,PI_FIFO,352.524094
0.950012,-1,16,10003.191000,11.562000,396.061133,359.054649,360.000000,692,-36.061133,PI,FIFO,true,PI_FIFO,359.054649
0.960010,-1,16,9998.912000,10.474000,404.094828,365.810676,360.000000,685,-44.094828,PI,FIFO,true,PI_FIFO,365.810676
0.970009,-1,16,9998.487000,8.961000,401.246224,371.126008,360.000000,677,-41.246224,PI,FIFO,true,PI_FIFO,371.126008
0.980009,-1,16,10000.339000,9.300000,401.594479,375.696279,360.000000,667,-41.594479,PI,FIFO,true,PI_FIFO,375.696279
0.990009,-1,16,9999.561000,8.861000,395.987328,378.739936,360.000000,657,-35.987328,PI,FIFO,true,PI_FIFO,378.739936
1.000008,-1,15,9999.506000,8.367000,392.355982,380.782343,360.000000,647,-32.355982,PI,FIFO,true,PI_FIFO,380.782343
1.010009,-1,15,10000.894000,9.261000,384.963768,381.409557,360.000000,638,-24.963768,PI,FIFO,true,PI_FIFO,381.409557
1.020009,-1,15,9999.672000,8.933000,381.485249,381.420911,360.000000,629,-21.485249,PI,FIFO,true,PI_FIFO,381.420911
1.030011,-1,15,10001.802000,10.735000,377.821064,380.880934,360.000000,621,-17.821064,PI,FIFO,true,PI_FIFO,380.880934
1.040011,-1,14,10000.209000,10.944000,377.073906,380.309880,360.000000,613,-17.073906,PI,FIFO,true,PI_FIFO,380.309880
1.050008,-1,14,9997.117000,8.061000,369.822485,378.736770,360.000000,606,-9.822485,PI,FIFO,true,PI_FIFO,378.736770
1.060007,-1,14,9999.338000,7.399000,366.210938,376.857896,360.000000,601,-6.210938,PI,FIFO,true,PI_FIFO,376.857896
1.070007,-1,14,9999.765000,7.164000,360.403652,374.389759,360.000000,596,-0.403652,PI,FIFO,true,PI_FIFO,374.389759
1.080008,-1,14,10000.672000,7.836000,358.737245,372.041882,360.000000,593,1.262755,PI,FIFO,true,PI_FIFO,372.041882
1.090007,-1,14,9999.228000,7.064000,351.035946,368.890992,360.000000,592,8.964054,PI,FIFO,true,PI_FIFO,368.890992
1.100007,-1,14,10000.172000,7.236000,352.090636,366.370938,360.000000,591,7.909364,PI,FIFO,true,PI_FIFO,366.370938
1.110007,-1,14,9999.857000,7.093000,348.945409,363.757109,360.000000,591,11.054591,PI,FIFO,true,PI_FIFO,363.757109
1.120007,-1,14,9999.598000,6.691000,350.685786,361.796410,360.000000,592,9.314214,PI,FIFO,true,PI_FIFO,361.796410
1.130007,-1,14,10000.468000,7.159000,345.346267,359.328889,360.000000,594,14.653733,PI,FIFO,true,PI_FIFO,359.328889
1.140007,-1,14,9999.523000,6.682000,348.143236,357.651041,360.000000,596,11.856764,PI,FIFO,true,PI_FIFO,357.651041
1.150006,-1,14,9999.320000,6.002000,341.322816,355.201807,360.000000,600,18.677184,PI,FIFO,true,PI_FIFO,355.201807
1.160007,-1,14,10001.005000,7.007000,340.991756,353.070299,360.000000,604,19.008244,PI,FIFO,true,PI_FIFO,353.070299
1.170006,-1,14,9998.579000,5.586000,339.498189,351.034483,360.000000,609,20.501811,PI,FIFO,true,PI_FIFO,351.034483
1.180007,-1,15,10001.264000,6.850000,340.002418,349.379673,360.000000,615,19.997582,PI,FIFO,true,PI_FIFO,349.379673
1.190006,-1,15,9999.023000,5.873000,340.202177,348.003049,360.000000,620,19.797823,PI,FIFO,true,PI_FIFO,348.003049
1.200014,-1,15,10008.116000,13.989000,343.322754,347.301005,360.000000,626,16.677246,PI,FIFO,true,PI_FIFO,347.301005
1.210007,-1,15,9993.431000,7.420000,352.090636,348.019449,360.000000,631,7.909364,PI,FIFO,true,PI_FIFO,348.019449
1.220007,-1,15,9999.746000,7.166000,350.685786,348.419400,360.000000,635,9.314214,PI,FIFO,true,PI_FIFO,348.419400
1.230006,-1,15,9998.653000,5.819000,357.824427,349.830154,360.000000,638,2.175573,PI,FIFO,true,PI_FIFO,349.830154
1.240007,-1,15,10001.171000,6.990000,359.470859,351.276260,360.000000,641,0.529141,PI,FIFO,true,PI_FIFO,351.276260
1.250006,-1,15,9998.839000,5.829000,365.141188,353.355999,360.000000,642,-5.141188,PI,FIFO,true,PI_FIFO,353.355999
1.260007,-1,15,10000.875000,6.704000,362.809598,354.774039,360.000000,643,-2.809598,PI,FIFO,true,PI_FIFO,354.774039
1.270006,-1,15,9999.023000,5.727000,369.822485,357.031306,360.000000,643,-9.822485,PI,FIFO,true,PI_FIFO,357.031306
1.280012,-1,15,10006.431000,12.158000,369.458128,358.895329,360.000000,642,-9.458128,PI,FIFO,true,PI_FIFO,358.895329
1.290009,-1,15,9996.968000,9.126000,375.563345,361.395531,360.000000,640,-15.563345,PI,FIFO,true,PI_FIFO,361.395531
1.300008,-1,15,9999.153000,8.279000,372.763419,363.100715,360.000000,637,-12.763419,PI,FIFO,true,PI_FIFO,363.100715
1.310008,-1,15,10000.061000,8.340000,375.563345,364.970109,360.000000,634,-15.563345,PI,FIFO,true,PI_FIFO,364.970109
1.320008,-1,15,10000.079000,8.419000,368.912937,365.561533,360.000000,631,-8.912937,PI,FIFO,true,PI_FIFO,365.561533
1.330009,-1,15,10000.560000,8.979000,367.107195,365.793383,360.000000,629,-7.107195,PI,FIFO,true,PI_FIFO,365.793383
1.340009,-1,15,9999.783000,8.762000,360.947125,365.066444,360.000000,627,-0.947125,PI,FIFO,true,PI_FIFO,365.066444
1.350011,-1,15,10001.968000,10.730000,364.077670,364.918128,360.000000,625,-4.077670,PI,FIFO,true,PI_FIFO,364.918128
1.360010,-1,15,9999.745000,10.475000,360.947125,364.322477,360.000000,624,-0.947125,PI,FIFO,true,PI_FIFO,364.322477
1.370021,-1,15,10010.690000,21.165000,363.372093,364.179920,360.000000,622,-3.372093,PI,FIFO,true,PI_FIFO,364.179920
1.380022,-1,15,10000.413000,21.578000,362.062307,363.862278,360.000000,621,-2.062307,PI,FIFO,true,PI_FIFO,363.862278
1.390021,-1,15,9999.542000,21.120000,363.724539,363.841617,360.000000,619,-3.724539,PI,FIFO,true,PI_FIFO,363.841617
1.400038,-1,15,10016.875000,37.995000,360.207480,363.296496,360.000000,618,-0.207480,PI,FIFO,true,PI_FIFO,363.296496
1.410041,-1,15,10002.801000,40.796000,361.503856,363.027600,360.000000,617,-1.503856,PI,FIFO,true,PI_FIFO,363.027600
1.420030,-1,15,9989.542000,30.338000,360.023041,362.576917,360.000000,617,-0.023041,PI,FIFO,true,PI_FIFO,362.576917
1.430018,-1,15,9987.450000,17.788000,360.750361,362.302933,360.000000,616,-0.750361,PI,FIFO,true,PI_FIFO,362.302933
1.440016,-1,15,9998.208000,15.996000,358.371560,361.713227,360.000000,615,1.628440,PI,FIFO,true,PI_FIFO,361.713227
1.450016,-1,15,9999.653000,15.649000,360.576923,361.542782,360.000000,615,-0.576923,PI,FIFO,true,PI_FIFO,361.542782
1.460016,-1,14,9999.950000,15.599000,363.372093,361.817178,360.000000,614,-3.372093,PI,FIFO,true,PI_FIFO,361.817178
1.470018,-1,14,10002.356000,17.955000,359.023456,361.398120,360.000000,614,0.976544,PI,FIFO,true,PI_FIFO,361.398120
1.480018,-1,14,10000.191000,18.146000,357.240065,360.774412,360.000000,614,2.759935,PI,FIFO,true,PI_FIFO,360.774412
1.490029,-1,15,10010.578000,28.724000,354.442344,359.824602,360.000000,615,5.557656,PI,FIFO,true,PI_FIFO,359.824602
1.500033,-1,15,10004.098000,32.822000,354.576399,359.037371,360.000000,616,5.423601,PI,FIFO,true,PI_FIFO,359.037371
1.510029,-1,15,9996.320000,29.142000,348.698193,357.486495,360.000000,618,11.301807,PI,FIFO,true,PI_FIFO,357.486495
1.520021,-1,15,9992.301000,21.443000,351.617440,356.606136,360.000000,620,8.382560,PI,FIFO,true,PI_FIFO,356.606136
1.530021,-1,15,9999.635000,21.078000,350.748263,355.727455,360.000000,622,9.251737,PI,FIFO,true,PI_FIFO,355.727455
1.540022,-1,15,10001.041000,22.119000,356.224855,355.802065,360.000000,624,3.775145,PI,FIFO,true,PI_FIFO,355.802065
1.550023,-1,15,10000.783000,22.902000,354.538088,355.612469,360.000000,626,5.461912,PI,FIFO,true,PI_FIFO,355.612469
1.560023,-1,15,10000.375000,23.277000,360.403652,356.331146,360.000000,627,-0.403652,PI,FIFO,true,PI_FIFO,356.331146
1.570019,-1,15,9995.431000,18.708000,359.838792,356.857293,360.000000,628,0.161208,PI,FIFO,true,PI_FIFO,356.857293
1.580033,-1,15,10013.894000,32.602000,361.794501,357.597874,360.000000,628,-1.794501,PI,FIFO,true,PI_FIFO,357.597874
1.590039,-1,15,10006.449000,39.051000,360.023041,357.961649,360.000000,629,-0.023041,PI,FIFO,true,PI_FIFO,357.961649
1.600033,-1,15,9994.265000,33.316000,364.608653,358.958700,360.000000,628,-4.608653,PI,FIFO,true,PI_FIFO,358.958700
1.610024,-1,15,9991.097000,24.413000,363.976705,359.711401,360.000000,628,-3.976705,PI,FIFO,true,PI_FIFO,359.711401
1.620019,-1,15,9994.376000,18.789000,367.562269,360.889031,360.000000,627,-7.562269,PI,FIFO,true,PI_FIFO,360.889031
1.630040,-1,15,10020.986000,39.775000,367.550967,361.888321,360.000000,625,-7.550967,PI,FIFO,true,PI_FIFO,361.888321
1.640029,-1,15,9989.634000,29.409000,367.286974,362.698119,360.000000,624,-7.286974,PI,FIFO,true,PI_FIFO,362.698119
1.650019,-1,15,9989.654000,19.063000,360.230548,362.327984,360.000000,623,-0.230548,PI,FIFO,true,PI_FIFO,362.327984
1.660019,-1,15,9999.541000,18.604000,359.786184,361.946714,360.000000,622,0.213816,PI,FIFO,true,PI_FIFO,361.946714
1.670030,-1,15,10011.209000,29.813000,357.278963,361.246551,360.000000,622,2.721037,PI,FIFO,true,PI_FIFO,361.246551
1.680043,-1,15,10013.653000,43.466000,355.747768,360.421734,360.000000,623,4.252232,PI,FIFO,true,PI_FIFO,360.421734
1.690035,-1,15,9991.061000,34.527000,353.964401,359.453134,360.000000,624,6.035599,PI,FIFO,true,PI_FIFO,359.453134
1.700033,-1,15,9998.393000,32.920000,355.652504,358.883039,360.000000,625,4.347496,PI,FIFO,true,PI_FIFO,358.883039
1.710027,-1,15,9994.394000,27.314000,361.097737,359.215244,360.000000,625,-1.097737,PI,FIFO,true,PI_FIFO,359.215244
1.720035,-1,15,10007.209000,34.523000,358.371560,359.088691,360.000000,625,1.628440,PI,FIFO,true,PI_FIFO,359.088691
1.730018,-1,15,9983.079000,17.602000,361.097737,359.390048,360.000000,625,-1.097737,PI,FIFO,true,PI_FIFO,359.390048
1.740017,-1,15,9999.357000,16.959000,361.371145,359.687213,360.000000,625,-1.371145,PI,FIFO,true,PI_FIFO,359.687213
1.750013,-1,15,9996.523000,13.482000,363.020329,360.187180,360.000000,625,-3.020329,PI,FIFO,true,PI_FIFO,360.187180
1.760022,-1,15,10008.987000,22.469000,360.403652,360.219651,360.000000,624,-0.403652,PI,FIFO,true,PI_FIFO,360.219651
1.770018,-1,15,9995.504000,17.973000,363.372093,360.692517,360.000000,624,-3.372093,PI,FIFO,true,PI_FIFO,360.692517
1.780017,-1,15,9999.265000,17.238000,363.196126,361.068059,360.000000,623,-3.196126,PI,FIFO,true,PI_FIFO,361.068059
1.790016,-1,15,9999.060000,16.298000,366.975470,361.954170,360.000000,622,-6.975470,PI,FIFO,true,PI_FIFO,361.954170
1.800017,-1,15,10000.449000,16.747000,363.548231,362.193279,360.000000,621,-3.548231,PI,FIFO,true,PI_FIFO,362.193279
1.810017,-1,15,10000.339000,17.086000,364.431487,362.529010,360.000000,619,-4.431487,PI,FIFO,true,PI_FIFO,362.529010
1.820017,-1,15,9999.968000,17.054000,359.983544,362.147190,360.000000,619,0.016456,PI,FIFO,true,PI_FIFO,362.147190
1.830016,-1,15,9999.356000,16.410000,357.995227,361.524396,360.000000,619,2.004773,PI,FIFO,true,PI_FIFO,361.524396
1.840017,-1,15,10000.450000,16.860000,352.822581,360.219124,360.000000,619,7.177419,PI,FIFO,true,PI_FIFO,360.219124
1.850025,-1,15,10007.782000,24.642000,356.633381,359.681262,360.000000,620,3.366619,PI,FIFO,true,PI_FIFO,359.681262
1.860018,-1,15,9993.376000,18.018000,352.941176,358.670249,360.000000,621,7.058824,PI,FIFO,true,PI_FIFO,358.670249
1.870018,-1,15,9999.782000,17.800000,356.463878,358.339294,360.000000,622,3.536122,PI,FIFO,true,PI_FIFO,358.339294
1.880018,-1,15,10000.616000,18.416000,357.483317,358.210897,360.000000,623,2.516683,PI,FIFO,true,PI_FIFO,358.210897
1.890018,-1,15,9999.302000,17.718000,359.287174,358.372339,360.000000,623,0.712826,PI,FIFO,true,PI_FIFO,358.372339
1.900018,-1,15,10000.505000,18.223000,357.653791,358.264557,360.000000,624,2.346209,PI,FIFO,true,PI_FIFO,358.264557
1.910019,-1,15,10000.727000,18.950000,359.392114,358.433690,360.000000,625,0.607886,PI,FIFO,true,PI_FIFO,358.433690
1.920016,-1,15,9997.097000,16.047000,359.114466,358.535807,360.000000,625,0.885534,PI,FIFO,true,PI_FIFO,358.535807
1.930015,-1,15,9999.431000,15.478000,359.392114,358.664253,360.000000,626,0.607886,PI,FIFO,true,PI_FIFO,358.664253
1.940019,-1,15,10003.394000,18.872000,362.143892,359.186199,360.000000,626,-2.143892,PI,FIFO,true,PI_FIFO,359.186199
1.950023,-1,15,10004.060000,22.932000,364.313472,359.955290,360.000000,625,-4.313472,PI,FIFO,true,PI_FIFO,359.955290
1.960019,-1,15,9995.802000,18.734000,367.827366,361.136101,360.000000,624,-7.827366,PI,FIFO,true,PI_FIFO,361.136101
1.970019,-1,15,10000.190000,18.924000,364.313472,361.612707,360.000000,623,-4.313472,PI,FIFO,true,PI_FIFO,361.612707
1.980018,-1,15,9999.245000,18.169000,363.196126,361.850219,360.000000,622,-3.196126,PI,FIFO,true,PI_FIFO,361.850219
1.990018,-1,15,10000.079000,18.248000,360.207480,361.603809,360.000000,622,-0.207480,PI,FIFO,true,PI_FIFO,361.603809
2.000018,-1,15,9999.783000,18.031000,359.884837,361.345963,360.000000,621,0.115163,PI,FIFO,true,PI_FIFO,361.345963
2.010028,-1,15,10010.283000,28.314000,355.787476,360.512190,360.000000,622,4.212524,PI,FIFO,true,PI_FIFO,360.512190
2.020021,-1,15,9992.412000,20.726000,357.240065,360.021371,360.000000,622,2.759935,PI,FIFO,true,PI_FIFO,360.021371
2.030019,-1,15,9998.227000,18.953000,356.463878,359.487747,360.000000,622,3.536122,PI,FIFO,true,PI_FIFO,359.487747
2.040019,-1,15,9999.857000,18.810000,360.207480,359.595707,360.000000,623,-0.207480,PI,FIFO,true,PI_FIFO,359.595707
2.050018,-1,15,9999.135000,17.945000,357.995227,359.355635,360.000000,623,2.004773,PI,FIFO,true,PI_FIFO,359.355635
2.060019,-1,15,10000.819000,18.764000,361.769570,359.717725,360.000000,623,-1.769570,PI,FIFO,true,PI_FIFO,359.717725
2.070018,-1,15,9999.302000,18.066000,360.576923,359.846605,360.000000,623,-0.576923,PI,FIFO,true,PI_FIFO,359.846605
2.080018,-1,15,9999.708000,17.774000,362.062307,360.178960,360.000000,623,-2.062307,PI,FIFO,true,PI_FIFO,360.178960
2.090018,-1,15,10000.209000,17.983000,360.403652,360.212664,360.000000,622,-0.403652,PI,FIFO,true,PI_FIFO,360.212664
2.100019,-1,15,10001.079000,19.062000,364.124806,360.799485,360.000000,622,-4.124806,PI,FIFO,true,PI_FIFO,360.799485
2.110018,-1,15,9998.542000,17.604000,360.923965,360.818157,360.000000,621,-0.923965,PI,FIFO,true,PI_FIFO,360.818157
2.120026,-1,15,10008.356000,25.960000,365.449584,361.512871,360.000000,620,-5.449584,PI,FIFO,true,PI_FIFO,361.512871
2.130020,-1,15,9993.689000,19.649000,364.254492,361.924114,360.000000,619,-4.254492,PI,FIFO,true,PI_FIFO,361.924114
2.140017,-1,15,9997.820000,17.469000,365.639626,362.481441,360.000000,618,-5.639626,PI,FIFO,true,PI_FIFO,362.481441
2.150018,-1,15,10000.856000,18.325000,359.712230,362.066060,360.000000,617,0.287770,PI,FIFO,true,PI_FIFO,362.066060
2.160028,-1,15,10009.356000,27.681000,358.371560,361.511885,360.000000,617,1.628440,PI,FIFO,true,PI_FIFO,361.511885
2.170016,-1,15,9988.745000,16.426000,354.945575,360.526938,360.000000,617,5.054425,PI,FIFO,true,PI_FIFO,360.526938
2.180025,-1,15,10008.079000,24.505000,354.155424,359.571211,360.000000,618,5.844576,PI,FIFO,true,PI_FIFO,359.571211
2.190036,-1,15,10011.171000,35.676000,353.107345,358.601631,360.000000,619,6.892655,PI,FIFO,true,PI_FIFO,358.601631
2.200028,-1,15,9991.856000,27.532000,355.883948,358.193979,360.000000,621,4.116052,PI,FIFO,true,PI_FIFO,358.193979
2.210049,-1,15,10021.226000,48.758000,360.023041,358.468338,360.000000,621,-0.023041,PI,FIFO,true,PI_FIFO,358.468338
2.220020,-1,15,9970.986000,19.744000,357.824427,358.371751,360.000000,622,2.175573,PI,FIFO,true,PI_FIFO,358.371751
2.230015,-1,15,9995.449000,15.193000,359.884837,358.598714,360.000000,622,0.115163,PI,FIFO,true,PI_FIFO,358.598714
2.240018,-1,15,10002.856000,18.049000,360.023041,358.812363,360.000000,622,-0.023041,PI,FIFO,true,PI_FIFO,358.812363
2.250025,-1,15,10007.338000,25.387000,362.143892,359.312093,360.000000,622,-2.143892,PI,FIFO,true,PI_FIFO,359.312093
2.260026,-1,15,10000.153000,25.540000,358.554309,359.198425,360.000000,623,1.445691,PI,FIFO,true,PI_FIFO,359.198425
2.270021,-1,15,9994.986000,20.526000,363.901019,359.903814,360.000000,622,-3.901019,PI,FIFO,true,PI_FIFO,359.903814
2.280018,-1,15,9997.708000,18.234000,363.559979,360.452239,360.000000,622,-3.559979,PI,FIFO,true,PI_FIFO,360.452239
2.290018,-1,15,9999.874000,18.108000,367.647059,361.531462,360.000000,620,-7.647059,PI,FIFO,true,PI_FIFO,361.531462
2.300019,-1,15,10000.412000,18.520000,362.809598,361.723182,360.000000,620,-2.809598,PI,FIFO,true,PI_FIFO,361.723182
2.310019,-1,15,10000.079000,18.599000,364.785992,362.182604,360.000000,618,-4.785992,PI,FIFO,true,PI_FIFO,362.182604
2.320019,-1,15,9999.930000,18.529000,360.181120,361.882381,360.000000,618,-0.181120,PI,FIFO,true,PI_FIFO,361.882381
2.330018,-1,15,9999.838000,18.367000,359.276375,361.491480,360.000000,617,0.723625,PI,FIFO,true,PI_FIFO,361.491480
2.340019,-1,15,10000.763000,19.130000,353.392569,360.276643,360.000000,618,6.607431,PI,FIFO,true,PI_FIFO,360.276643
2.350018,-1,15,9998.968000,18.098000,356.463878,359.704729,360.000000,619,3.536122,PI,FIFO,true,PI_FIFO,359.704729
2.360018,-1,15,10000.097000,18.195000,353.582974,358.786466,360.000000,620,6.417026,PI,FIFO,true,PI_FIFO,358.786466
2.370015,-1,15,9996.763000,14.958000,357.653791,358.616564,360.000000,620,2.346209,PI,FIFO,true,PI_FIFO,358.616564
2.380019,-1,15,10004.023000,18.981000,358.998906,358.673916,360.000000,621,1.001094,PI,FIFO,true,PI_FIFO,358.673916
2.390015,-1,15,9995.801000,14.782000,360.250904,358.910464,360.000000,621,-0.250904,PI,FIFO,true,PI_FIFO,358.910464
2.400018,-1,15,10003.671000,18.453000,359.589041,359.012250,360.000000,622,0.410959,PI,FIFO,true,PI_FIFO,359.012250
2.410018,-1,15,10000.004000,18.457000,360.403652,359.220961,360.000000,622,-0.403652,PI,FIFO,true,PI_FIFO,359.220961
2.420018,-1,15,9999.412000,17.869000,360.947125,359.479885,360.000000,622,-0.947125,PI,FIFO,true,PI_FIFO,359.479885
2.430015,-1,15,9997.245000,15.114000,361.097737,359.722563,360.000000,622,-1.097737,PI,FIFO,true,PI_FIFO,359.722563
2.440019,-1,15,10003.671000,18.785000,361.969112,360.059545,360.000000,622,-1.969112,PI,FIFO,true,PI_FIFO,360.059545
2.450018,-1,15,9999.134000,17.919000,364.691390,360.754322,360.000000,621,-4.691390,PI,FIFO,true,PI_FIFO,360.754322
2.460016,-1,15,9997.986000,15.905000,367.647059,361.788233,360.000000,619,-7.647059,PI,FIFO,true,PI_FIFO,361.788233
2.470027,-1,15,10010.616000,26.521000,364.313472,362.167018,360.000000,618,-4.313472,PI,FIFO,true,PI_FIFO,362.167018
2.480020,-1,15,9993.226000,19.747000,363.196126,362.321385,360.000000,617,-3.196126,PI,FIFO,true,PI_FIFO,362.321385
2.490015,-1,15,9995.412000,15.159000,358.920368,361.811232,360.000000,617,1.079632,PI,FIFO,true,PI_FIFO,361.811232
2.500018,-1,15,10002.949000,18.108000,358.337315,361.290144,360.000000,616,1.662685,PI,FIFO,true,PI_FIFO,361.290144
2.510033,-1,15,10014.856000,32.964000,354.921579,360.334860,360.000000,617,5.078421,PI,FIFO,true,PI_FIFO,360.334860
2.520021,-1,15,9987.745000,20.709000,356.294537,359.728811,360.000000,618,3.705463,PI,FIFO,true,PI_FIFO,359.728811
2.530019,-1,15,9997.949000,18.658000,354.934377,359.009646,360.000000,618,5.065623,PI,FIFO,true,PI_FIFO,359.009646
2.540018,-1,15,9999.838000,18.496000,360.057609,359.166841,360.000000,619,-0.057609,PI,FIFO,true,PI_FIFO,359.166841
2.550017,-1,15,9998.949000,17.445000,356.657609,358.790456,360.000000,619,3.342391,PI,FIFO,true,PI_FIFO,358.790456
2.560019,-1,15,10001.134000,18.579000,360.576923,359.058426,360.000000,620,-0.576923,PI,FIFO,true,PI_FIFO,359.058426
2.570024,-1,15,10005.448000,24.027000,358.554309,358.982808,360.000000,620,1.445691,PI,FIFO,true,PI_FIFO,358.982808
2.580020,-1,15,9996.005000,20.032000,360.403652,359.195935,360.000000,620,-0.403652,PI,FIFO,true,PI_FIFO,359.195935
2.590018,-1,15,9997.986000,18.018000,358.215066,359.048804,360.000000,621,1.784934,PI,FIFO,true,PI_FIFO,359.048804
2.600018,-1,15,9999.967000,17.985000,362.669246,359.591871,360.000000,621,-2.669246,PI,FIFO,true,PI_FIFO,359.591871
2.610019,-1,15,10001.375000,19.360000,360.947125,359.795159,360.000000,621,-0.947125,PI,FIFO,true,PI_FIFO,359.795159
2.620026,-1,15,10006.893000,26.253000,365.538991,360.656734,360.000000,620,-5.538991,PI,FIFO,true,PI_FIFO,360.656734
2.630020,-1,15,9993.412000,19.665000,364.785992,361.276122,360.000000,619,-4.785992,PI,FIFO,true,PI_FIFO,361.276122
2.640018,-1,15,9998.745000,18.410000,364.869505,361.815130,360.000000,618,-4.869505,PI,FIFO,true,PI_FIFO,361.815130
2.650035,-1,15,10016.597000,35.007000,361.318088,361.740574,360.000000,617,-1.318088,PI,FIFO,true,PI_FIFO,361.740574
2.660020,-1,15,9984.801000,19.808000,359.539789,361.410456,360.000000,617,0.460211,PI,FIFO,true,PI_FIFO,361.410456
2.670015,-1,15,9995.615000,15.423000,357.045702,360.755743,360.000000,617,2.954298,PI,FIFO,true,PI_FIFO,360.755743
2.680019,-1,15,10003.523000,18.946000,356.463878,360.111963,360.000000,617,3.536122,PI,FIFO,true,PI_FIFO,360.111963
2.690018,-1,15,9998.838000,17.784000,353.582974,359.132615,360.000000,618,6.417026,PI,FIFO,true,PI_FIFO,359.132615
2.700019,-1,15,10001.078000,18.862000,355.113636,358.529768,360.000000,619,4.886364,PI,FIFO,true,PI_FIFO,358.529768
2.710019,-1,15,9999.782000,18.644000,359.838792,358.726122,360.000000,620,0.161208,PI,FIFO,true,PI_FIFO,358.726122
2.720019,-1,15,9999.968000,18.612000,358.508604,358.693494,360.000000,620,1.491396,PI,FIFO,true,PI_FIFO,358.693494
2.730018,-1,15,9999.189000,17.801000,359.786184,358.857398,360.000000,620,0.213816,PI,FIFO,true,PI_FIFO,358.857398
2.740019,-1,15,10001.690000,19.491000,359.367513,358.933915,360.000000,621,0.632487,PI,FIFO,true,PI_FIFO,358.933915
2.750020,-1,15,10000.152000,19.643000,362.062307,359.403174,360.000000,621,-2.062307,PI,FIFO,true,PI_FIFO,359.403174
2.760033,-1,15,10013.820000,33.463000,357.313006,359.089649,360.000000,621,2.686994,PI,FIFO,true,PI_FIFO,359.089649
2.770020,-1,15,9986.134000,19.597000,361.875965,359.507596,360.000000,621,-1.875965,PI,FIFO,true,PI_FIFO,359.507596
2.780019,-1,15,9999.782000,19.379000,362.493958,359.955550,360.000000,621,-2.493958,PI,FIFO,true,PI_FIFO,359.955550
2.790016,-1,15,9996.208000,15.587000,367.167102,361.037283,360.000000,620,-7.167102,PI,FIFO,true,PI_FIFO,361.037283
2.800018,-1,15,10002.764000,18.351000,363.372093,361.387505,360.000000,619,-3.372093,PI,FIFO,true,PI_FIFO,361.387505
2.810019,-1,15,10001.041000,19.392000,363.724539,361.738060,360.000000,618,-3.724539,PI,FIFO,true,PI_FIFO,361.738060
2.820018,-1,15,9998.615000,18.007000,358.737245,361.287938,360.000000,618,1.262755,PI,FIFO,true,PI_FIFO,361.287938
2.830027,-1,15,10009.079000,27.086000,357.483317,360.717245,360.000000,618,2.516683,PI,FIFO,true,PI_FIFO,360.717245
2.840019,-1,15,9991.597000,18.683000,352.443609,359.476199,360.000000,619,7.556391,PI,FIFO,true,PI_FIFO,359.476199
2.850016,-1,15,9996.967000,15.650000,356.803045,359.075226,360.000000,620,3.196955,PI,FIFO,true,PI_FIFO,359.075226
2.860020,-1,15,10003.968000,19.618000,354.538088,358.394655,360.000000,621,5.461912,PI,FIFO,true,PI_FIFO,358.394655
2.870018,-1,15,9998.597000,18.215000,357.824427,358.309121,360.000000,622,2.175573,PI,FIFO,true,PI_FIFO,358.309121
2.880020,-1,15,10002.282000,20.497000,358.737245,358.373340,360.000000,622,1.262755,PI,FIFO,true,PI_FIFO,358.373340
2.890015,-1,15,9994.819000,15.316000,361.271676,358.808090,360.000000,622,-1.271676,PI,FIFO,true,PI_FIFO,358.808090
2.900035,-1,15,10020.078000,35.394000,360.392107,359.045693,360.000000,623,-0.392107,PI,FIFO,true,PI_FIFO,359.045693
2.910037,-1,15,10001.505000,36.899000,360.181120,359.216007,360.000000,623,-0.181120,PI,FIFO,true,PI_FIFO,359.216007
2.920019,-1,15,9981.949000,18.848000,362.051340,359.641307,360.000000,623,-2.051340,PI,FIFO,true,PI_FIFO,359.641307
2.930025,-1,15,10006.615000,25.463000,362.569061,360.080470,360.000000,622,-2.569061,PI,FIFO,true,PI_FIFO,360.080470
2.940016,-1,15,9990.745000,16.208000,362.875683,360.499752,360.000000,622,-2.875683,PI,FIFO,true,PI_FIFO,360.499752
2.950017,-1,15,10001.005000,17.213000,363.976705,361.021295,360.000000,621,-3.976705,PI,FIFO,true,PI_FIFO,361.021295
2.960021,-1,15,10003.430000,20.643000,368.411928,362.129890,360.000000,619,-8.411928,PI,FIFO,true,PI_FIFO,362.129890
2.970016,-1,15,9995.023000,15.666000,364.313472,362.457427,360.000000,618,-4.313472,PI,FIFO,true,PI_FIFO,362.457427
2.980019,-1,15,10003.301000,18.967000,362.844702,362.515518,360.000000,617,-2.844702,PI,FIFO,true,PI_FIFO,362.515518
2.990019,-1,15,9999.578000,18.545000,359.654731,362.086400,360.000000,616,0.345269,PI,FIFO,true,PI_FIFO,362.086400
3.000018,-1,15,9999.486000,18.031000,359.023456,361.626959,360.000000,616,0.976544,PI,FIFO,true,PI_FIFO,361.626959
3.010020,-1,15,10001.986000,20.017000,354.576399,360.569375,360.000000,617,5.423601,PI,FIFO,true,PI_FIFO,360.569375
3.020018,-1,15,9998.041000,18.058000,354.219144,359.616840,360.000000,617,5.780856,PI,FIFO,true,PI_FIFO,359.616840
3.030018,-1,15,10000.356000,18.414000,355.113636,358.941360,360.000000,618,4.886364,PI,FIFO,true,PI_FIFO,358.941360
3.040018,-1,15,9999.431000,17.845000,359.195402,358.979466,360.000000,619,0.804598,PI,FIFO,true,PI_FIFO,358.979466
3.050018,-1,15,10000.467000,18.312000,357.313006,358.729497,360.000000,619,2.686994,PI,FIFO,true,PI_FIFO,358.729497
3.060018,-1,15,10000.097000,18.409000,360.207480,358.951194,360.000000,620,-0.207480,PI,FIFO,true,PI_FIFO,358.951194
3.070018,-1,15,9999.653000,18.062000,358.166189,358.833444,360.000000,620,1.833811,PI,FIFO,true,PI_FIFO,358.833444
3.080018,-1,15,10000.060000,18.122000,358.802624,358.828821,360.000000,621,1.197376,PI,FIFO,true,PI_FIFO,358.828821
3.090016,-1,15,9998.059000,16.181000,356.972870,358.550428,360.000000,622,3.027130,PI,FIFO,true,PI_FIFO,358.550428
3.100027,-1,15,10010.764000,26.945000,361.503856,358.993442,360.000000,622,-1.503856,PI,FIFO,true,PI_FIFO,358.993442
3.110028,-1,15,10000.838000,27.783000,361.875965,359.425821,360.000000,622,-1.875965,PI,FIFO,true,PI_FIFO,359.425821
3.120035,-1,15,10007.707000,35.490000,365.706746,360.367960,360.000000,621,-5.706746,PI,FIFO,true,PI_FIFO,360.367960
3.130017,-1,15,9981.634000,17.124000,365.802676,361.183167,360.000000,620,-5.802676,PI,FIFO,true,PI_FIFO,361.183167
3.140019,-1,15,10001.689000,18.813000,365.371389,361.811400,360.000000,619,-5.371389,PI,FIFO,true,PI_FIFO,361.811400
3.150015,-1,15,9996.152000,14.965000,361.570248,361.775227,360.000000,618,-1.570248,PI,FIFO,true,PI_FIFO,361.775227
3.160020,-1,15,10005.226000,20.191000,360.088116,361.522161,360.000000,617,-0.088116,PI,FIFO,true,PI_FIFO,361.522161
3.170017,-1,15,9996.744000,16.935000,357.629428,360.938251,360.000000,617,2.370572,PI,FIFO,true,PI_FIFO,360.938251
3.180015,-1,15,9998.467000,15.402000,357.653791,360.445582,360.000000,618,2.346209,PI,FIFO,true,PI_FIFO,360.445582
3.190020,-1,15,10005.097000,20.499000,355.113636,359.645790,360.000000,618,4.886364,PI,FIFO,true,PI_FIFO,359.645790
3.200016,-1,15,9995.448000,15.947000,356.972870,359.244852,360.000000,619,3.027130,PI,FIFO,true,PI_FIFO,359.244852
3.210017,-1,15,10000.763000,16.710000,360.750361,359.470678,360.000000,619,-0.750361,PI,FIFO,true,PI_FIFO,359.470678
3.220015,-1,15,9998.559000,15.269000,358.606557,359.341060,360.000000,619,1.393443,PI,FIFO,true,PI_FIFO,359.341060
3.230014,-1,15,9998.430000,13.699000,360.403652,359.500449,360.000000,619,-0.403652,PI,FIFO,true,PI_FIFO,359.500449
3.240031,-1,15,10017.800000,31.499000,359.103677,359.440933,360.000000,620,0.896323,PI,FIFO,true,PI_FIFO,359.440933
3.250028,-1,15,9996.282000,27.781000,361.445783,359.741661,360.000000,620,-1.445783,PI,FIFO,true,PI_FIFO,359.741661
3.260016,-1,15,9988.448000,16.229000,357.629428,359.424826,360.000000,620,2.370572,PI,FIFO,true,PI_FIFO,359.424826
3.270016,-1,15,9999.337000,15.566000,361.394558,359.720286,360.000000,620,-1.394558,PI,FIFO,true,PI_FIFO,359.720286
3.280019,-1,15,10003.893000,19.459000,361.570248,359.997780,360.000000,620,-1.570248,PI,FIFO,true,PI_FIFO,359.997780
3.290018,-1,15,9999.023000,18.482000,366.547838,360.980289,360.000000,619,-6.547838,PI,FIFO,true,PI_FIFO,360.980289
3.300018,-1,15,9999.818000,18.300000,362.493958,361.207339,360.000000,618,-2.493958,PI,FIFO,true,PI_FIFO,361.207339
3.310018,-1,15,9999.893000,18.193000,363.372093,361.532052,360.000000,617,-3.372093,PI,FIFO,true,PI_FIFO,361.532052
3.320018,-1,15,10000.282000,18.475000,359.438430,361.218009,360.000000,617,0.561570,PI,FIFO,true,PI_FIFO,361.218009
3.330015,-1,15,9996.244000,14.719000,358.410705,360.796913,360.000000,617,1.589295,PI,FIFO,true,PI_FIFO,360.796913
3.340019,-1,15,10003.986000,18.705000,353.273669,359.668427,360.000000,618,6.726331,PI,FIFO,true,PI_FIFO,359.668427
3.350018,-1,15,9999.337000,18.042000,357.629428,359.362577,360.000000,618,2.370572,PI,FIFO,true,PI_FIFO,359.362577
3.360018,-1,15,10000.411000,18.453000,354.442344,358.624542,360.000000,619,5.557656,PI,FIFO,true,PI_FIFO,358.624542
3.370018,-1,15,9999.967000,18.420000,359.838792,358.806679,360.000000,620,0.161208,PI,FIFO,true,PI_FIFO,358.806679
3.380018,-1,15,9999.615000,18.035000,358.851675,358.813429,360.000000,620,1.148325,PI,FIFO,true,PI_FIFO,358.813429
3.390018,-1,15,10000.022000,18.057000,361.769570,359.256850,360.000000,620,-1.769570,PI,FIFO,true,PI_FIFO,359.256850
3.400019,-1,15,10000.874000,18.931000,357.824427,359.041987,360.000000,621,2.175573,PI,FIFO,true,PI_FIFO,359.041987
3.410019,-1,15,10000.486000,19.417000,358.371560,358.941423,360.000000,621,1.628440,PI,FIFO,true,PI_FIFO,358.941423
3.420018,-1,15,9998.448000,17.865000,359.023456,358.953728,360.000000,622,0.976544,PI,FIFO,true,PI_FIFO,358.953728
3.430018,-1,15,10000.189000,18.054000,358.802624,358.931062,360.000000,622,1.197376,PI,FIFO,true,PI_FIFO,358.931062
3.440018,-1,15,10000.059000,18.113000,360.413840,359.153479,360.000000,622,-0.413840,PI,FIFO,true,PI_FIFO,359.153479
3.450015,-1,15,9997.097000,15.210000,361.371145,359.486129,360.000000,622,-1.371145,PI,FIFO,true,PI_FIFO,359.486129
3.460018,-1,15,10002.559000,17.769000,365.319045,360.361066,360.000000,622,-5.319045,PI,FIFO,true,PI_FIFO,360.361066
3.470018,-1,15,10000.337000,18.106000,361.318088,360.504620,360.000000,621,-1.318088,PI,FIFO,true,PI_FIFO,360.504620
3.480018,-1,15,9999.615000,17.721000,360.576923,360.515465,360.000000,621,-0.576923,PI,FIFO,true,PI_FIFO,360.515465
3.490018,-1,15,10000.115000,17.836000,357.995227,360.137429,360.000000,621,2.004773,PI,FIFO,true,PI_FIFO,360.137429
3.500032,-1,15,10014.375000,32.211000,357.460600,359.735905,360.000000,622,2.539400,PI,FIFO,true,PI_FIFO,359.735905
3.510058,-1,15,10026.188000,58.399000,353.506787,358.801537,360.000000,623,6.493213,PI,FIFO,true,PI_FIFO,358.801537
3.520056,-1,15,9997.967000,56.366000,354.576399,358.167767,360.000000,624,5.423601,PI,FIFO,true,PI_FIFO,358.167767
3.530036,-1,15,9979.541000,35.907000,354.346652,357.594599,360.000000,625,5.653348,PI,FIFO,true,PI_FIFO,357.594599
3.540090,-1,15,10053.819000,89.726000,358.629613,357.749851,360.000000,626,1.370387,PI,FIFO,true,PI_FIFO,357.749851
3.550042,-1,15,9952.522000,42.248000,357.240065,357.673384,360.000000,627,2.759935,PI,FIFO,true,PI_FIFO,357.673384
3.560054,-1,15,10011.911000,54.159000,361.620058,358.265385,360.000000,627,-1.620058,PI,FIFO,true,PI_FIFO,358.265385
3.570089,-1,15,10034.523000,88.682000,359.786184,358.493505,360.000000,628,0.213816,PI,FIFO,true,PI_FIFO,358.493505
3.580069,-1,15,9980.615000,69.297000,362.545496,359.101303,360.000000,628,-2.545496,PI,FIFO,true,PI_FIFO,359.101303
3.590043,-1,15,9973.411000,42.708000,360.392107,359.294924,360.000000,628,-0.392107,PI,FIFO,true,PI_FIFO,359.294924
3.600035,-1,15,9992.097000,34.805000,365.449584,360.218123,360.000000,627,-5.449584,PI,FIFO,true,PI_FIFO,360.218123
3.610022,-1,15,9987.578000,22.383000,362.545496,360.567229,360.000000,627,-2.545496,PI,FIFO,true,PI_FIFO,360.567229
3.620017,-1,15,9994.596000,16.979000,367.441209,361.598326,360.000000,625,-7.441209,PI,FIFO,true,PI_FIFO,361.598326
3.630012,-1,15,9995.448000,12.427000,367.286974,362.451623,360.000000,624,-7.286974,PI,FIFO,true,PI_FIFO,362.451623
3.640011,-1,15,9998.819000,11.246000,366.568915,363.069217,360.000000,622,-6.568915,PI,FIFO,true,PI_FIFO,363.069217
3.650031,-1,15,10019.819000,31.065000,361.318088,362.806548,360.000000,621,-1.318088,PI,FIFO,true,PI_FIFO,362.806548
3.660070,-1,15,10038.540000,69.605000,359.195402,362.264876,360.000000,621,0.804598,PI,FIFO,true,PI_FIFO,362.264876
3.670057,-1,15,9987.763000,57.368000,356.703223,361.430628,360.000000,621,3.296777,PI,FIFO,true,PI_FIFO,361.430628
3.680035,-1,15,9977.171000,34.539000,355.956336,360.609484,360.000000,621,4.043664,PI,FIFO,true,PI_FIFO,360.609484
3.690043,-1,15,10008.263000,42.802000,354.397681,359.677714,360.000000,622,5.602319,PI,FIFO,true,PI_FIFO,359.677714
3.700050,-1,15,10006.856000,49.658000,356.373543,359.182088,360.000000,622,3.626457,PI,FIFO,true,PI_FIFO,359.182088
3.710050,-1,15,10000.207000,49.865000,359.983544,359.302306,360.000000,623,0.016456,PI,FIFO,true,PI_FIFO,359.302306
3.720031,-1,15,9980.727000,30.592000,357.503365,359.032465,360.000000,623,2.496635,PI,FIFO,true,PI_FIFO,359.032465
3.730027,-1,15,9996.096000,26.688000,358.410705,358.939201,360.000000,624,1.589295,PI,FIFO,true,PI_FIFO,358.939201
3.740022,-1,15,9995.782000,22.470000,358.508604,358.874612,360.000000,624,1.491396,PI,FIFO,true,PI_FIFO,358.874612
3.750029,-1,15,10006.374000,28.844000,360.761929,359.157709,360.000000,624,-0.761929,PI,FIFO,true,PI_FIFO,359.157709
3.760037,-1,15,10008.633000,37.477000,357.824427,358.957717,360.000000,625,2.175573,PI,FIFO,true,PI_FIFO,358.957717
3.770026,-1,15,9988.838000,26.315000,361.097737,359.278720,360.000000,625,-1.097737,PI,FIFO,true,PI_FIFO,359.278720
3.780027,-1,15,10000.633000,26.948000,361.875965,359.668307,360.000000,625,-1.875965,PI,FIFO,true,PI_FIFO,359.668307
3.790013,-1,15,9986.300000,13.248000,366.210938,360.649701,360.000000,624,-6.210938,PI,FIFO,true,PI_FIFO,360.649701
3.800011,-1,15,9997.875000,11.123000,362.143892,360.873830,360.000000,623,-2.143892,PI,FIFO,true,PI_FIFO,360.873830
3.810010,-1,15,9998.448000,9.571000,364.502333,361.418105,360.000000,622,-4.502333,PI,FIFO,true,PI_FIFO,361.418105
3.820008,-1,15,9998.633000,8.204000,359.367513,361.110517,360.000000,622,0.632487,PI,FIFO,true,PI_FIFO,361.110517
3.830008,-1,15,9999.467000,7.671000,358.554309,360.727085,360.000000,622,1.445691,PI,FIFO,true,PI_FIFO,360.727085
3.840008,-1,15,10000.300000,7.971000,354.934377,359.858179,360.000000,623,5.065623,PI,FIFO,true,PI_FIFO,359.858179
3.850007,-1,15,9999.467000,7.438000,356.916244,359.416889,360.000000,623,3.083756,PI,FIFO,true,PI_FIFO,359.416889
3.860011,-1,15,10003.189000,10.627000,353.940538,358.595436,360.000000,624,6.059462,PI,FIFO,true,PI_FIFO,358.595436
3.870007,-1,15,9995.911000,6.538000,357.824427,358.479785,360.000000,625,2.175573,PI,FIFO,true,PI_FIFO,358.479785
3.880007,-1,15,10000.838000,7.376000,358.920368,358.545872,360.000000,626,1.079632,PI,FIFO,true,PI_FIFO,358.545872
3.890007,-1,15,9999.670000,7.046000,360.576923,358.850530,360.000000,626,-0.576923,PI,FIFO,true,PI_FIFO,358.850530
3.900006,-1,15,9998.930000,5.976000,358.006619,358.723943,360.000000,627,1.993381,PI,FIFO,true,PI_FIFO,358.723943
3.910006,-1,15,9999.874000,5.850000,359.838792,358.891171,360.000000,627,0.161208,PI,FIFO,true,PI_FIFO,358.891171
3.920007,-1,15,10000.967000,6.817000,359.884837,359.040221,360.000000,627,0.115163,PI,FIFO,true,PI_FIFO,359.040221
3.930006,-1,15,9998.948000,5.765000,360.207480,359.215309,360.000000,627,-0.207480,PI,FIFO,true,PI_FIFO,359.215309
3.940007,-1,15,10001.337000,7.102000,360.947125,359.475082,360.000000,627,-0.947125,PI,FIFO,true,PI_FIFO,359.475082
3.950006,-1,15,9998.523000,5.625000,363.196126,360.033238,360.000000,627,-3.196126,PI,FIFO,true,PI_FIFO,360.033238
3.960007,-1,15,10001.022000,6.647000,368.550369,361.310808,360.000000,626,-8.550369,PI,FIFO,true,PI_FIFO,361.310808
3.970006,-1,15,9999.023000,5.670000,364.124806,361.732908,360.000000,625,-4.124806,PI,FIFO,true,PI_FIFO,361.732908
3.980007,-1,15,10000.874000,6.544000,363.196126,361.952390,360.000000,624,-3.196126,PI,FIFO,true,PI_FIFO,361.952390
3.990008,-1,15,10000.985000,7.529000,359.654731,361.607742,360.000000,623,0.345269,PI,FIFO,true,PI_FIFO,361.607742
4.000007,-1,15,9999.874000,7.403000,359.287174,361.259656,360.000000,623,0.712826,PI,FIFO,true,PI_FIFO,361.259656
4.010007,-1,15,9999.986000,7.389000,353.862607,360.150099,360.000000,624,6.137393,PI,FIFO,true,PI_FIFO,360.150099
4.020007,-1,15,9999.559000,6.948000,356.633381,359.622591,360.000000,624,3.366619,PI,FIFO,true,PI_FIFO,359.622591
4.030007,-1,15,10000.337000,7.285000,355.293077,358.973164,360.000000,625,4.706923,PI,FIFO,true,PI_FIFO,358.973164
4.040007,-1,15,10000.023000,7.308000,359.287174,359.020266,360.000000,625,0.712826,PI,FIFO,true,PI_FIFO,359.020266
4.050007,-1,15,9999.689000,6.997000,356.916244,358.704662,360.000000,626,3.083756,PI,FIFO,true,PI_FIFO,358.704662
4.060007,-1,15,9999.596000,6.593000,361.271676,359.089714,360.000000,626,-1.271676,PI,FIFO,true,PI_FIFO,359.089714
4.070007,-1,15,10000.097000,6.690000,359.103677,359.091809,360.000000,627,0.896323,PI,FIFO,true,PI_FIFO,359.091809
4.080007,-1,15,10000.189000,6.879000,361.969112,359.523404,360.000000,627,-1.969112,PI,FIFO,true,PI_FIFO,359.523404
4.090007,-1,15,9999.707000,6.586000,359.470859,359.515523,360.000000,627,0.529141,PI,FIFO,true,PI_FIFO,359.515523
4.100007,-1,15,9999.985000,6.571000,363.901019,360.173347,360.000000,626,-3.901019,PI,FIFO,true,PI_FIFO,360.173347
4.110015,-1,15,10008.393000,14.964000,362.062307,360.456691,360.000000,626,-2.062307,PI,FIFO,true,PI_FIFO,360.456691
4.120009,-1,15,9994.151000,9.115000,365.141188,361.159366,360.000000,625,-5.141188,PI,FIFO,true,PI_FIFO,361.159366
4.130007,-1,15,9997.985000,7.100000,364.880643,361.717557,360.000000,624,-4.880643,PI,FIFO,true,PI_FIFO,361.717557
4.140007,-1,15,9999.726000,6.826000,365.319045,362.257780,360.000000,623,-5.319045,PI,FIFO,true,PI_FIFO,362.257780
4.150007,-1,15,10000.114000,6.940000,359.470859,361.839742,360.000000,622,0.529141,PI,FIFO,true,PI_FIFO,361.839742
4.160007,-1,15,10000.170000,7.110000,357.653791,361.211850,360.000000,622,2.346209,PI,FIFO,true,PI_FIFO,361.211850
4.170007,-1,15,9999.855000,6.965000,355.652504,360.377948,360.000000,622,4.347496,PI,FIFO,true,PI_FIFO,360.377948
4.180007,-1,15,9999.782000,6.747000,354.397681,359.480908,360.000000,623,5.602319,PI,FIFO,true,PI_FIFO,359.480908
4.190007,-1,15,10000.188000,6.935000,352.797291,358.478365,360.000000,625,7.202709,PI,FIFO,true,PI_FIFO,358.478365
4.200007,-1,15,9999.633000,6.568000,354.934377,357.946767,360.000000,626,5.065623,PI,FIFO,true,PI_FIFO,357.946767
4.210009,-1,15,10002.226000,8.794000,359.654731,358.202962,360.000000,626,0.345269,PI,FIFO,true,PI_FIFO,358.202962
4.220008,-1,15,9999.188000,7.982000,357.824427,358.146181,360.000000,627,2.175573,PI,FIFO,true,PI_FIFO,358.146181
4.230007,-1,15,9998.837000,6.819000,359.838792,358.400073,360.000000,628,0.161208,PI,FIFO,true,PI_FIFO,358.400073
4.240007,-1,15,9999.892000,6.711000,359.654731,358.588272,360.000000,628,0.345269,PI,FIFO,true,PI_FIFO,358.588272
4.250012,-1,15,10005.318000,12.029000,361.445783,359.016899,360.000000,628,-1.445783,PI,FIFO,true,PI_FIFO,359.016899
4.260009,-1,15,9996.781000,8.810000,358.188996,358.892713,360.000000,629,1.811004,PI,FIFO,true,PI_FIFO,358.892713
4.270009,-1,15,10000.115000,8.925000,364.254492,359.696980,360.000000,628,-4.254492,PI,FIFO,true,PI_FIFO,359.696980
4.280009,-1,15,9999.762000,8.687000,363.936335,360.332883,360.000000,628,-3.936335,PI,FIFO,true,PI_FIFO,360.332883
4.290008,-1,15,9999.781000,8.468000,368.369352,361.538354,360.000000,626,-8.369352,PI,FIFO,true,PI_FIFO,361.538354
4.300009,-1,15,10000.263000,8.731000,365.141188,362.078779,360.000000,625,-5.141188,PI,FIFO,true,PI_FIFO,362.078779
4.310008,-1,15,9999.466000,8.197000,365.497076,362.591523,360.000000,624,-5.497076,PI,FIFO,true,PI_FIFO,362.591523
4.320016,-1,15,10007.670000,15.867000,360.576923,362.289333,360.000000,623,-0.576923,PI,FIFO,true,PI_FIFO,362.289333
4.330021,-1,15,10004.688000,20.555000,359.392114,361.854750,360.000000,622,0.607886,PI,FIFO,true,PI_FIFO,361.854750
4.340008,-1,15,9987.411000,7.966000,355.293077,360.870499,360.000000,623,4.706923,PI,FIFO,true,PI_FIFO,360.870499
4.350009,-1,15,10000.541000,8.507000,357.824427,360.413589,360.000000,623,2.175573,PI,FIFO,true,PI_FIFO,360.413589
4.360008,-1,15,9999.355000,7.862000,355.113636,359.618596,360.000000,624,4.886364,PI,FIFO,true,PI_FIFO,359.618596
4.370012,-1,15,10003.651000,11.513000,356.916244,359.213243,360.000000,624,3.083756,PI,FIFO,true,PI_FIFO,359.213243
4.380008,-1,15,9996.911000,8.424000,358.920368,359.169312,360.000000,625,1.079632,PI,FIFO,true,PI_FIFO,359.169312
4.390007,-1,15,9998.948000,7.372000,360.576923,359.380453,360.000000,625,-0.576923,PI,FIFO,true,PI_FIFO,359.380453
4.400007,-1,15,9999.836000,7.208000,357.642421,359.119749,360.000000,625,2.357579,PI,FIFO,true,PI_FIFO,359.119749
4.410008,-1,15,10000.893000,8.101000,360.207480,359.282908,360.000000,625,-0.207480,PI,FIFO,true,PI_FIFO,359.282908
4.420010,-1,15,10002.059000,10.160000,360.923965,359.529067,360.000000,625,-0.923965,PI,FIFO,true,PI_FIFO,359.529067
4.430007,-1,15,9996.466000,6.626000,360.392107,359.658523,360.000000,625,-0.392107,PI,FIFO,true,PI_FIFO,359.658523
4.440007,-1,15,10000.262000,6.888000,361.097737,359.874405,360.000000,625,-1.097737,PI,FIFO,true,PI_FIFO,359.874405
4.450007,-1,15,10000.170000,7.058000,362.062307,360.202590,360.000000,625,-2.062307,PI,FIFO,true,PI_FIFO,360.202590
4.460007,-1,15,10000.281000,7.339000,366.748166,361.184427,360.000000,624,-6.748166,PI,FIFO,true,PI_FIFO,361.184427
4.470007,-1,15,9999.800000,7.139000,362.996902,361.456298,360.000000,623,-2.996902,PI,FIFO,true,PI_FIFO,361.456298
4.480007,-1,15,9999.818000,6.957000,362.493958,361.611947,360.000000,622,-2.493958,PI,FIFO,true,PI_FIFO,361.611947
4.490007,-1,15,9999.800000,6.757000,359.103677,361.235707,360.000000,622,0.896323,PI,FIFO,true,PI_FIFO,361.235707
4.500007,-1,15,9999.985000,6.742000,358.371560,360.806085,360.000000,622,1.628440,PI,FIFO,true,PI_FIFO,360.806085
4.510010,-1,15,10003.170000,9.912000,352.941176,359.626348,360.000000,623,7.058824,PI,FIFO,true,PI_FIFO,359.626348
4.520008,-1,15,9997.892000,7.804000,356.373543,359.138427,360.000000,624,3.626457,PI,FIFO,true,PI_FIFO,359.138427
4.530007,-1,15,9999.281000,7.085000,354.755298,358.480958,360.000000,625,5.244702,PI,FIFO,true,PI_FIFO,358.480958
4.540007,-1,15,10000.040000,7.125000,359.838792,358.684633,360.000000,625,0.161208,PI,FIFO,true,PI_FIFO,358.684633
4.550007,-1,15,9999.670000,6.795000,356.803045,358.402395,360.000000,626,3.196955,PI,FIFO,true,PI_FIFO,358.402395
4.560007,-1,15,10000.226000,7.021000,361.503856,358.867614,360.000000,626,-1.503856,PI,FIFO,true,PI_FIFO,358.867614
4.570007,-1,15,9999.651000,6.672000,358.006619,358.738465,360.000000,627,1.993381,PI,FIFO,true,PI_FIFO,358.738465
4.580007,-1,15,10000.281000,6.953000,360.750361,359.040249,360.000000,627,-0.750361,PI,FIFO,true,PI_FIFO,359.040249
4.590007,-1,15,9999.652000,6.605000,358.188996,358.912561,360.000000,628,1.811004,PI,FIFO,true,PI_FIFO,358.912561
4.600007,-1,15,10000.114000,6.719000,361.132512,359.245554,360.000000,628,-1.132512,PI,FIFO,true,PI_FIFO,359.245554
4.610008,-1,15,10001.281000,8.000000,358.508604,359.135011,360.000000,628,1.491396,PI,FIFO,true,PI_FIFO,359.135011
4.620007,-1,15,9998.911000,6.911000,362.622486,359.658133,360.000000,628,-2.622486,PI,FIFO,true,PI_FIFO,359.658133
4.630007,-1,15,10000.059000,6.970000,362.143892,360.030996,360.000000,628,-2.143892,PI,FIFO,true,PI_FIFO,360.030996
4.640007,-1,15,9999.596000,6.566000,364.502333,360.701697,360.000000,627,-4.502333,PI,FIFO,true,PI_FIFO,360.701697
4.650007,-1,15,10000.096000,6.662000,359.884837,360.579168,360.000000,627,0.115163,PI,FIFO,true,PI_FIFO,360.579168
4.660007,-1,15,10000.022000,6.684000,359.287174,360.385369,360.000000,627,0.712826,PI,FIFO,true,PI_FIFO,360.385369
4.670007,-1,15,10000.077000,6.761000,358.920368,360.165619,360.000000,627,1.079632,PI,FIFO,true,PI_FIFO,360.165619
4.680007,-1,15,9999.948000,6.709000,356.803045,359.661233,360.000000,627,3.196955,PI,FIFO,true,PI_FIFO,359.661233
4.690007,-1,15,9999.837000,6.546000,356.373543,359.168079,360.000000,628,3.626457,PI,FIFO,true,PI_FIFO,359.168079
4.700007,-1,15,10000.114000,6.660000,357.097511,358.857494,360.000000,629,2.902489,PI,FIFO,true,PI_FIFO,358.857494
4.710026,-1,15,10019.725000,26.385000,362.493958,359.402964,360.000000,628,-2.493958,PI,FIFO,true,PI_FIFO,359.402964
4.720024,-1,15,9997.411000,23.796000,360.576923,359.579058,360.000000,628,-0.576923,PI,FIFO,true,PI_FIFO,359.579058
4.730007,-1,15,9983.559000,7.355000,363.372093,360.148013,360.000000,628,-3.372093,PI,FIFO,true,PI_FIFO,360.148013
4.740007,-1,15,9999.577000,6.932000,362.062307,360.435157,360.000000,628,-2.062307,PI,FIFO,true,PI_FIFO,360.435157
4.750006,-1,15,9999.430000,6.362000,364.077670,360.981534,360.000000,627,-4.077670,PI,FIFO,true,PI_FIFO,360.981534
4.760006,-1,15,9999.614000,5.976000,360.392107,360.893120,360.000000,627,-0.392107,PI,FIFO,true,PI_FIFO,360.893120
4.770006,-1,15,10000.059000,6.035000,364.431487,361.423875,360.000000,626,-4.431487,PI,FIFO,true,PI_FIFO,361.423875
4.780006,-1,15,9999.911000,5.946000,364.313472,361.857314,360.000000,625,-4.313472,PI,FIFO,true,PI_FIFO,361.857314
4.790006,-1,15,9999.911000,5.857000,368.188513,362.806994,360.000000,623,-8.188513,PI,FIFO,true,PI_FIFO,362.806994
4.800007,-1,15,10001.021000,6.878000,364.431487,363.050668,360.000000,621,-4.431487,PI,FIFO,true,PI_FIFO,363.050668
4.810006,-1,15,9999.615000,6.493000,364.313472,363.240089,360.000000,620,-4.313472,PI,FIFO,true,PI_FIFO,363.240089
4.820007,-1,15,10000.522000,7.015000,359.023456,362.607594,360.000000,619,0.976544,PI,FIFO,true,PI_FIFO,362.607594
4.830006,-1,15,9998.762000,5.777000,356.373543,361.672486,360.000000,619,3.626457,PI,FIFO,true,PI_FIFO,361.672486
4.840007,-1,15,10001.170000,6.947000,351.738369,360.182369,360.000000,620,8.261631,PI,FIFO,true,PI_FIFO,360.182369
4.850006,-1,15,9998.818000,5.765000,354.576399,359.341473,360.000000,621,5.423601,PI,FIFO,true,PI_FIFO,359.341473
4.860007,-1,15,10000.855000,6.620000,352.443609,358.306794,360.000000,622,7.556391,PI,FIFO,true,PI_FIFO,358.306794
4.870006,-1,15,9999.096000,5.716000,356.373543,358.016806,360.000000,623,3.626457,PI,FIFO,true,PI_FIFO,358.016806
4.880007,-1,15,10001.152000,6.868000,356.554260,357.797424,360.000000,624,3.445740,PI,FIFO,true,PI_FIFO,357.797424
4.890006,-1,15,9998.874000,5.742000,358.680057,357.929819,360.000000,625,1.319943,PI,FIFO,true,PI_FIFO,357.929819
4.900007,-1,15,10001.058000,6.800000,356.735160,357.750620,360.000000,626,3.264840,PI,FIFO,true,PI_FIFO,357.750620
4.910006,-1,15,9998.985000,5.785000,358.920368,357.926082,360.000000,627,1.079632,PI,FIFO,true,PI_FIFO,357.926082
4.920007,-1,15,10001.189000,6.974000,360.403652,358.297718,360.000000,627,-0.403652,PI,FIFO,true,PI_FIFO,358.297718
4.930006,-1,15,9998.614000,5.588000,360.761929,358.667349,360.000000,628,-0.761929,PI,FIFO,true,PI_FIFO,358.667349
4.940007,-1,15,10001.226000,6.814000,361.132512,359.037124,360.000000,628,-1.132512,PI,FIFO,true,PI_FIFO,359.037124
4.950011,-1,15,10004.299000,11.113000,363.372093,359.687369,360.000000,628,-3.372093,PI,FIFO,true,PI_FIFO,359.687369
4.960010,-1,15,9999.059000,10.172000,367.647059,360.881323,360.000000,626,-7.647059,PI,FIFO,true,PI_FIFO,360.881323
4.970007,-1,15,9997.300000,7.472000,363.748060,361.311333,360.000000,626,-3.748060,PI,FIFO,true,PI_FIFO,361.311333
4.980007,-1,15,9999.448000,6.920000,364.254492,361.752807,360.000000,624,-4.254492,PI,FIFO,true,PI_FIFO,361.752807
4.990007,-1,15,10000.058000,6.978000,361.132512,361.659763,360.000000,624,-1.132512,PI,FIFO,true,PI_FIFO,361.659763
5.000007,-1,15,10000.374000,7.352000,360.750361,361.523352,360.000000,623,-0.750361,PI,FIFO,true,PI_FIFO,361.523352
5.010008,-1,15,10000.503000,7.855000,354.934377,360.535006,360.000000,624,5.065623,PI,FIFO,true,PI_FIFO,360.535006
5.020007,-1,15,9999.300000,7.155000,356.916244,359.992192,360.000000,624,3.083756,PI,FIFO,true,PI_FIFO,359.992192
5.030014,-1,15,10006.948000,14.103000,355.472700,359.314268,360.000000,625,4.527300,PI,FIFO,true,PI_FIFO,359.314268
5.040015,-1,15,10000.725000,14.828000,359.367513,359.322255,360.000000,625,0.632487,PI,FIFO,true,PI_FIFO,359.322255
5.050008,-1,15,9993.041000,7.869000,357.460600,359.043006,360.000000,626,2.539400,PI,FIFO,true,PI_FIFO,359.043006
5.060007,-1,15,9999.040000,6.909000,361.620058,359.429564,360.000000,626,-1.620058,PI,FIFO,true,PI_FIFO,359.429564
5.070007,-1,15,9999.985000,6.894000,358.371560,359.270864,360.000000,626,1.628440,PI,FIFO,true,PI_FIFO,359.270864
5.080007,-1,15,10000.077000,6.971000,360.761929,359.494523,360.000000,626,-0.761929,PI,FIFO,true,PI_FIFO,359.494523
5.090007,-1,15,9999.930000,6.901000,358.166189,359.295273,360.000000,627,1.833811,PI,FIFO,true,PI_FIFO,359.295273
5.100007,-1,15,9999.836000,6.737000,362.248841,359.738308,360.000000,626,-2.248841,PI,FIFO,true,PI_FIFO,359.738308
5.110007,-1,15,10000.059000,6.796000,360.576923,359.864101,360.000000,626,-0.576923,PI,FIFO,true,PI_FIFO,359.864101
5.120007,-1,15,9999.929000,6.725000,366.401772,360.844751,360.000000,625,-6.401772,PI,FIFO,true,PI_FIFO,360.844751
5.130007,-1,15,10000.391000,7.116000,364.254492,361.356212,360.000000,624,-4.254492,PI,FIFO,true,PI_FIFO,361.356212
5.140007,-1,15,10000.336000,7.452000,365.449584,361.970218,360.000000,623,-5.449584,PI,FIFO,true,PI_FIFO,361.970218
5.150007,-1,15,9999.800000,7.252000,359.712230,361.631520,360.000000,623,0.287770,PI,FIFO,true,PI_FIFO,361.631520
5.160007,-1,15,9999.632000,6.884000,358.188996,361.115141,360.000000,623,1.811004,PI,FIFO,true,PI_FIFO,361.115141
5.170007,-1,15,10000.021000,6.905000,357.278963,360.539715,360.000000,623,2.721037,PI,FIFO,true,PI_FIFO,360.539715
5.180007,-1,15,9999.985000,6.890000,356.193009,359.887709,360.000000,623,3.806991,PI,FIFO,true,PI_FIFO,359.887709
5.190007,-1,15,9999.891000,6.781000,355.113636,359.171598,360.000000,624,4.886364,PI,FIFO,true,PI_FIFO,359.171598
5.200007,-1,15,9999.873000,6.654000,356.373543,358.751890,360.000000,625,3.626457,PI,FIFO,true,PI_FIFO,358.751890
5.210008,-1,15,10001.577000,8.231000,360.947125,359.081175,360.000000,625,-0.947125,PI,FIFO,true,PI_FIFO,359.081175
5.220007,-1,15,9998.633000,6.864000,358.680057,359.021007,360.000000,626,1.319943,PI,FIFO,true,PI_FIFO,359.021007
5.230007,-1,15,10000.262000,7.126000,359.287174,359.060932,360.000000,626,0.712826,PI,FIFO,true,PI_FIFO,359.060932
5.240007,-1,15,9999.706000,6.832000,361.503856,359.427371,360.000000,626,-1.503856,PI,FIFO,true,PI_FIFO,359.427371
5.250007,-1,15,10000.318000,7.150000,362.493958,359.887359,360.000000,626,-2.493958,PI,FIFO,true,PI_FIFO,359.887359
5.260007,-1,15,9999.854000,7.004000,359.287174,359.797331,360.000000,626,0.712826,PI,FIFO,true,PI_FIFO,359.797331
5.270007,-1,15,9999.911000,6.915000,362.143892,360.149315,360.000000,626,-2.143892,PI,FIFO,true,PI_FIFO,360.149315
5.280007,-1,15,9999.854000,6.769000,362.435567,360.492253,360.000000,625,-2.435567,PI,FIFO,true,PI_FIFO,360.492253
5.290007,-1,15,10000.188000,6.957000,367.827366,361.592520,360.000000,624,-7.827366,PI,FIFO,true,PI_FIFO,361.592520
5.300007,-1,15,9999.707000,6.664000,362.996902,361.803177,360.000000,623,-2.996902,PI,FIFO,true,PI_FIFO,361.803177
5.310007,-1,15,10000.114000,6.778000,364.431487,362.197424,360.000000,622,-4.431487,PI,FIFO,true,PI_FIFO,362.197424
5.320007,-1,15,10000.058000,6.836000,359.470859,361.788439,360.000000,621,0.529141,PI,FIFO,true,PI_FIFO,361.788439
5.330007,-1,15,10000.225000,7.061000,358.851675,361.347924,360.000000,621,1.148325,PI,FIFO,true,PI_FIFO,361.347924
5.340007,-1,15,9999.651000,6.712000,353.151683,360.118488,360.000000,622,6.848317,PI,FIFO,true,PI_FIFO,360.118488
5.350008,-1,15,10001.188000,7.900000,356.373543,359.556746,360.000000,622,3.626457,PI,FIFO,true,PI_FIFO,359.556746
5.360007,-1,15,9999.169000,7.069000,353.329146,358.622606,360.000000,624,6.670854,PI,FIFO,true,PI_FIFO,358.622606
5.370007,-1,15,9999.670000,6.739000,357.824427,358.502879,360.000000,624,2.175573,PI,FIFO,true,PI_FIFO,358.502879
5.380007,-1,15,10000.169000,6.908000,358.166189,358.452376,360.000000,625,1.833811,PI,FIFO,true,PI_FIFO,358.452376
5.390007,-1,15,10000.040000,6.948000,361.132512,358.854396,360.000000,625,-1.132512,PI,FIFO,true,PI_FIFO,358.854396
5.400007,-1,15,9999.707000,6.655000,358.188996,358.754586,360.000000,626,1.811004,PI,FIFO,true,PI_FIFO,358.754586
5.410009,-1,15,10002.076000,8.731000,360.378913,358.998235,360.000000,626,-0.378913,PI,FIFO,true,PI_FIFO,358.998235
5.420008,-1,15,9998.911000,7.642000,360.576923,359.235038,360.000000,626,-0.576923,PI,FIFO,true,PI_FIFO,359.235038
5.430007,-1,15,9999.410000,7.052000,359.838792,359.325601,360.000000,626,0.161208,PI,FIFO,true,PI_FIFO,359.325601
5.440007,-1,15,10000.151000,7.203000,362.143892,359.748345,360.000000,626,-2.143892,PI,FIFO,true,PI_FIFO,359.748345
5.450007,-1,15,9999.836000,7.039000,364.313472,360.433114,360.000000,625,-4.313472,PI,FIFO,true,PI_FIFO,360.433114
5.460007,-1,15,10000.169000,7.208000,368.369352,361.623550,360.000000,624,-8.369352,PI,FIFO,true,PI_FIFO,361.623550
5.470006,-1,15,9998.577000,5.785000,363.184401,361.857677,360.000000,623,-3.184401,PI,FIFO,true,PI_FIFO,361.857677
5.480007,-1,15,10001.373000,7.158000,363.196126,362.058445,360.000000,622,-3.196126,PI,FIFO,true,PI_FIFO,362.058445
5.490007,-1,15,9999.818000,6.976000,359.470859,361.670307,360.000000,622,0.529141,PI,FIFO,true,PI_FIFO,361.670307
5.500007,-1,15,9999.910000,6.886000,359.103677,361.285312,360.000000,621,0.896323,PI,FIFO,true,PI_FIFO,361.285312
5.510009,-1,15,10001.966000,8.852000,354.609929,360.284005,360.000000,622,5.390071,PI,FIFO,true,PI_FIFO,360.284005
5.520008,-1,15,9998.651000,7.503000,355.652504,359.589280,360.000000,623,4.347496,PI,FIFO,true,PI_FIFO,359.589280
5.530006,-1,15,9998.373000,5.876000,353.684608,358.703579,360.000000,624,6.315392,PI,FIFO,true,PI_FIFO,358.703579
5.540007,-1,15,10000.799000,6.675000,358.371560,358.653776,360.000000,624,1.628440,PI,FIFO,true,PI_FIFO,358.653776
5.550005,-1,15,9998.799000,5.474000,356.633381,358.350717,360.000000,625,3.366619,PI,FIFO,true,PI_FIFO,358.350717
5.560007,-1,15,10001.336000,6.810000,361.132512,358.767986,360.000000,625,-1.132512,PI,FIFO,true,PI_FIFO,358.767986
5.570006,-1,15,9998.837000,5.647000,358.737245,358.763375,360.000000,626,1.262755,PI,FIFO,true,PI_FIFO,358.763375
5.580007,-1,15,10001.002000,6.649000,361.271676,359.139620,360.000000,626,-1.271676,PI,FIFO,true,PI_FIFO,359.139620
5.590006,-1,15,9998.929000,5.578000,358.920368,359.106732,360.000000,626,1.079632,PI,FIFO,true,PI_FIFO,359.106732
5.600007,-1,15,10001.225000,6.803000,363.748060,359.802931,360.000000,626,-3.748060,PI,FIFO,true,PI_FIFO,359.802931
5.610006,-1,15,9999.133000,5.936000,360.576923,359.919030,360.000000,626,-0.576923,PI,FIFO,true,PI_FIFO,359.919030
5.620007,-1,15,10001.058000,6.994000,366.210938,360.862816,360.000000,625,-6.210938,PI,FIFO,true,PI_FIFO,360.862816
5.630006,-1,15,9998.762000,5.756000,365.449584,361.550831,360.000000,624,-5.449584,PI,FIFO,true,PI_FIFO,361.550831
5.640007,-1,15,10001.021000,6.777000,366.032211,362.223038,360.000000,622,-6.032211,PI,FIFO,true,PI_FIFO,362.223038
5.650006,-1,15,9999.059000,5.836000,360.761929,362.003872,360.000000,622,-0.761929,PI,FIFO,true,PI_FIFO,362.003872
5.660007,-1,15,10000.836000,6.672000,359.287174,361.596367,360.000000,621,0.712826,PI,FIFO,true,PI_FIFO,361.596367
5.670011,-1,15,10004.188000,10.860000,357.142857,360.928341,360.000000,621,2.857143,PI,FIFO,true,PI_FIFO,360.928341
5.680007,-1,15,9996.521000,7.381000,354.576399,359.975550,360.000000,622,5.423601,PI,FIFO,true,PI_FIFO,359.975550
5.690007,-1,15,9999.577000,6.958000,354.040785,359.085335,360.000000,623,5.959215,PI,FIFO,true,PI_FIFO,359.085335
5.700007,-1,15,9999.725000,6.683000,355.832490,358.597408,360.000000,624,4.167510,PI,FIFO,true,PI_FIFO,358.597408
5.710007,-1,15,10000.077000,6.760000,359.287174,358.700873,360.000000,625,0.712826,PI,FIFO,true,PI_FIFO,358.700873
5.720007,-1,15,9999.965000,6.725000,357.995227,358.595026,360.000000,625,2.004773,PI,FIFO,true,PI_FIFO,358.595026
5.730007,-1,15,10000.151000,6.876000,359.654731,358.753982,360.000000,626,0.345269,PI,FIFO,true,PI_FIFO,358.753982
5.740013,-1,15,10006.614000,13.490000,358.508604,358.717175,360.000000,626,1.491396,PI,FIFO,true,PI_FIFO,358.717175
5.750018,-1,15,10004.929000,18.419000,361.503856,359.135177,360.000000,626,-1.503856,PI,FIFO,true,PI_FIFO,359.135177
5.760010,-1,15,9991.095000,9.514000,357.642421,358.911264,360.000000,627,2.357579,PI,FIFO,true,PI_FIFO,358.911264
5.770008,-1,15,9998.022000,7.536000,363.548231,359.606809,360.000000,626,-3.548231,PI,FIFO,true,PI_FIFO,359.606809
5.780007,-1,15,9999.706000,7.242000,362.622486,360.059161,360.000000,626,-2.622486,PI,FIFO,true,PI_FIFO,360.059161
5.790007,-1,15,9999.947000,7.189000,367.286974,361.143332,360.000000,625,-7.286974,PI,FIFO,true,PI_FIFO,361.143332
5.800008,-1,15,10000.355000,7.544000,363.901019,361.556985,360.000000,624,-3.901019,PI,FIFO,true,PI_FIFO,361.556985
5.810008,-1,15,10000.892000,8.436000,364.502333,361.998788,360.000000,623,-4.502333,PI,FIFO,true,PI_FIFO,361.998788
5.820008,-1,15,9999.095000,7.531000,360.403652,361.759517,360.000000,622,-0.403652,PI,FIFO,true,PI_FIFO,361.759517
5.830007,-1,15,9999.818000,7.349000,359.103677,361.361141,360.000000,622,0.896323,PI,FIFO,true,PI_FIFO,361.361141
5.840011,-1,15,10003.206000,10.555000,355.113636,360.424015,360.000000,622,4.886364,PI,FIFO,true,PI_FIFO,360.424015
5.850008,-1,15,9997.133000,7.688000,356.554260,359.843552,360.000000,623,3.445740,PI,FIFO,true,PI_FIFO,359.843552
5.860007,-1,15,9999.262000,6.950000,354.576399,359.053479,360.000000,624,5.423601,PI,FIFO,true,PI_FIFO,359.053479
5.870007,-1,15,10000.058000,7.008000,357.313006,358.792408,360.000000,625,2.686994,PI,FIFO,true,PI_FIFO,358.792408
5.880007,-1,15,10000.188000,7.196000,358.006619,358.674540,360.000000,625,1.993381,PI,FIFO,true,PI_FIFO,358.674540
5.890007,-1,15,9999.688000,6.884000,361.689815,359.126831,360.000000,625,-1.689815,PI,FIFO,true,PI_FIFO,359.126831
5.900007,-1,15,9999.929000,6.813000,359.195402,359.137117,360.000000,626,0.804598,PI,FIFO,true,PI_FIFO,359.137117
5.910007,-1,15,10000.151000,6.964000,361.689815,359.520022,360.000000,626,-1.689815,PI,FIFO,true,PI_FIFO,359.520022
5.920007,-1,15,10000.095000,7.059000,361.271676,359.782770,360.000000,625,-1.271676,PI,FIFO,true,PI_FIFO,359.782770
5.930007,-1,15,10000.151000,7.210000,362.435567,360.180689,360.000000,625,-2.435567,PI,FIFO,true,PI_FIFO,360.180689
5.940007,-1,15,9999.929000,7.139000,361.969112,360.448953,360.000000,625,-1.969112,PI,FIFO,true,PI_FIFO,360.448953
5.950010,-1,15,10003.002000,10.141000,364.502333,361.056960,360.000000,624,-4.502333,PI,FIFO,true,PI_FIFO,361.056960
5.960007,-1,15,9997.263000,7.404000,367.827366,362.072521,360.000000,622,-7.827366,PI,FIFO,true,PI_FIFO,362.072521
5.970007,-1,15,9999.725000,7.129000,364.431487,362.426366,360.000000,621,-4.431487,PI,FIFO,true,PI_FIFO,362.426366
5.980007,-1,15,10000.076000,7.205000,360.761929,362.176700,360.000000,620,-0.761929,PI,FIFO,true,PI_FIFO,362.176700
5.990007,-1,15,9999.855000,7.060000,357.278963,361.442040,360.000000,620,2.721037,PI,FIFO,true,PI_FIFO,361.442040
6.000007,-1,15,9999.892000,6.952000,357.097511,360.790360,360.000000,620,2.902489,PI,FIFO,true,PI_FIFO,360.790360
6.010008,-1,15,10000.706000,7.658000,351.782364,359.439161,360.000000,622,8.217636,PI,FIFO,true,PI_FIFO,359.439161
6.020007,-1,15,9999.448000,7.106000,354.934377,358.763443,360.000000,623,5.065623,PI,FIFO,true,PI_FIFO,358.763443
6.030007,-1,15,10000.317000,7.423000,354.219144,358.081798,360.000000,624,5.780856,PI,FIFO,true,PI_FIFO,358.081798
6.040007,-1,15,9999.781000,7.204000,358.737245,358.180115,360.000000,624,1.262755,PI,FIFO,true,PI_FIFO,358.180115
6.050007,-1,15,10000.225000,7.429000,356.916244,357.990535,360.000000,625,3.083756,PI,FIFO,true,PI_FIFO,357.990535
6.060007,-1,15,9999.799000,7.228000,360.750361,358.404509,360.000000,626,-0.750361,PI,FIFO,true,PI_FIFO,358.404509
6.070007,-1,15,9999.595000,6.823000,359.838792,358.619651,360.000000,626,0.161208,PI,FIFO,true,PI_FIFO,358.619651
6.080007,-1,15,10000.225000,7.048000,362.318841,359.174529,360.000000,626,-2.318841,PI,FIFO,true,PI_FIFO,359.174529
6.090011,-1,15,10003.762000,10.810000,359.654731,359.246560,360.000000,626,0.345269,PI,FIFO,true,PI_FIFO,359.246560
6.100008,-1,15,9997.077000,7.887000,364.313472,360.006597,360.000000,626,-4.313472,PI,FIFO,true,PI_FIFO,360.006597
6.110007,-1,15,9999.151000,7.038000,362.669246,360.405994,360.000000,625,-2.669246,PI,FIFO,true,PI_FIFO,360.405994
6.120007,-1,15,10000.132000,7.170000,366.748166,361.357320,360.000000,624,-6.748166,PI,FIFO,true,PI_FIFO,361.357320
6.130007,-1,15,9999.946000,7.116000,365.829865,362.028202,360.000000,623,-5.829865,PI,FIFO,true,PI_FIFO,362.028202
6.140007,-1,15,9999.762000,6.878000,365.497076,362.548533,360.000000,622,-5.497076,PI,FIFO,true,PI_FIFO,362.548533
6.150007,-1,15,9999.984000,6.862000,360.392107,362.225069,360.000000,621,-0.392107,PI,FIFO,true,PI_FIFO,362.225069
6.160007,-1,15,10000.391000,7.253000,359.539789,361.822277,360.000000,620,0.460211,PI,FIFO,true,PI_FIFO,361.822277
6.170007,-1,15,9999.595000,6.848000,355.832490,360.923809,360.000000,621,4.167510,PI,FIFO,true,PI_FIFO,360.923809
6.180007,-1,15,10000.280000,7.128000,355.832490,360.160111,360.000000,621,4.167510,PI,FIFO,true,PI_FIFO,360.160111
6.190007,-1,15,9999.724000,6.852000,353.151683,359.108847,360.000000,622,6.848317,PI,FIFO,true,PI_FIFO,359.108847
6.200007,-1,15,10000.077000,6.929000,354.397681,358.402172,360.000000,623,5.602319,PI,FIFO,true,PI_FIFO,358.402172
6.210008,-1,15,10000.594000,7.523000,358.851675,358.469597,360.000000,624,1.148325,PI,FIFO,true,PI_FIFO,358.469597
6.220007,-1,15,9999.669000,7.192000,357.824427,358.372822,360.000000,625,2.175573,PI,FIFO,true,PI_FIFO,358.372822
6.230007,-1,15,9999.836000,7.028000,360.403652,358.677446,360.000000,625,-0.403652,PI,FIFO,true,PI_FIFO,358.677446
6.240007,-1,15,10000.354000,7.382000,359.654731,358.824039,360.000000,625,0.345269,PI,FIFO,true,PI_FIFO,358.824039
6.250007,-1,15,9999.484000,6.866000,361.969112,359.295800,360.000000,625,-1.969112,PI,FIFO,true,PI_FIFO,359.295800
6.260007,-1,15,10000.039000,6.905000,357.824427,359.075094,360.000000,626,2.175573,PI,FIFO,true,PI_FIFO,359.075094
6.270006,-1,15,9999.225000,6.130000,362.809598,359.635270,360.000000,626,-2.809598,PI,FIFO,true,PI_FIFO,359.635270
6.280010,-1,15,10004.243000,10.373000,362.844702,360.116685,360.000000,625,-2.844702,PI,FIFO,true,PI_FIFO,360.116685
6.290007,-1,15,9996.909000,7.282000,368.188513,361.327459,360.000000,624,-8.188513,PI,FIFO,true,PI_FIFO,361.327459
6.300008,-1,15,10000.854000,8.136000,364.124806,361.747061,360.000000,623,-4.124806,PI,FIFO,true,PI_FIFO,361.747061
6.310007,-1,15,9999.058000,7.194000,365.853659,362.363050,360.000000,621,-5.853659,PI,FIFO,true,PI_FIFO,362.363050
6.320007,-1,15,9999.984000,7.178000,359.103677,361.874145,360.000000,621,0.896323,PI,FIFO,true,PI_FIFO,361.874145
6.330007,-1,15,10000.187000,7.365000,358.680057,361.395031,360.000000,621,1.319943,PI,FIFO,true,PI_FIFO,361.395031
6.340007,-1,15,9999.484000,6.849000,353.862607,360.265168,360.000000,621,6.137393,PI,FIFO,true,PI_FIFO,360.265168
6.350006,-1,15,9999.077000,5.926000,358.188996,359.953742,360.000000,622,1.811004,PI,FIFO,true,PI_FIFO,359.953742
6.360007,-1,15,10000.761000,6.687000,354.219144,359.093552,360.000000,623,5.780856,PI,FIFO,true,PI_FIFO,359.093552
6.370006,-1,15,9998.965000,5.652000,357.824427,358.903184,360.000000,623,2.175573,PI,FIFO,true,PI_FIFO,358.903184
6.380012,-1,15,10006.243000,11.895000,358.508604,358.843997,360.000000,624,1.491396,PI,FIFO,true,PI_FIFO,358.843997
6.390008,-1,15,9995.762000,7.657000,361.132512,359.187274,360.000000,624,-1.132512,PI,FIFO,true,PI_FIFO,359.187274
6.400007,-1,15,9999.447000,7.104000,358.851675,359.136934,360.000000,624,1.148325,PI,FIFO,true,PI_FIFO,359.136934
6.410008,-1,15,10000.891000,7.995000,359.287174,359.159470,360.000000,625,0.712826,PI,FIFO,true,PI_FIFO,359.159470
6.420007,-1,15,9998.854000,6.849000,361.503856,359.511128,360.000000,625,-1.503856,PI,FIFO,true,PI_FIFO,359.511128
6.430007,-1,15,10000.095000,6.944000,360.576923,359.670997,360.000000,625,-0.576923,PI,FIFO,true,PI_FIFO,359.670997
6.440007,-1,15,9999.780000,6.724000,360.392107,359.779164,360.000000,625,-0.392107,PI,FIFO,true,PI_FIFO,359.779164
6.450016,-1,15,10009.169000,15.893000,363.020329,360.265338,360.000000,624,-3.020329,PI,FIFO,true,PI_FIFO,360.265338
6.460017,-1,15,10001.039000,16.932000,366.927593,361.264677,360.000000,623,-6.927593,PI,FIFO,true,PI_FIFO,361.264677
6.470009,-1,15,9992.373000,9.305000,363.184401,361.552635,360.000000,622,-3.184401,PI,FIFO,true,PI_FIFO,361.552635
6.480009,-1,15,9999.706000,9.011000,362.318841,361.667566,360.000000,621,-2.318841,PI,FIFO,true,PI_FIFO,361.667566
6.490009,-1,15,10000.243000,9.254000,359.287174,361.310507,360.000000,621,0.712826,PI,FIFO,true,PI_FIFO,361.310507
6.500010,-1,15,10000.428000,9.682000,358.554309,360.897078,360.000000,621,1.445691,PI,FIFO,true,PI_FIFO,360.897078
6.510014,-1,15,10004.057000,13.739000,353.862607,359.841907,360.000000,622,6.137393,PI,FIFO,true,PI_FIFO,359.841907
6.520009,-1,15,9995.484000,9.223000,355.113636,359.132666,360.000000,623,4.886364,PI,FIFO,true,PI_FIFO,359.132666
6.530008,-1,15,9999.206000,8.429000,355.472700,358.583671,360.000000,624,4.527300,PI,FIFO,true,PI_FIFO,358.583671
6.540009,-1,15,10000.095000,8.524000,359.103677,358.661672,360.000000,624,0.896323,PI,FIFO,true,PI_FIFO,358.661672
6.550008,-1,15,9999.651000,8.175000,357.483317,358.484919,360.000000,625,2.516683,PI,FIFO,true,PI_FIFO,358.484919
6.560008,-1,15,9999.928000,8.103000,360.761929,358.826471,360.000000,625,-0.761929,PI,FIFO,true,PI_FIFO,358.826471
6.570009,-1,15,10000.465000,8.568000,358.920368,358.840555,360.000000,625,1.079632,PI,FIFO,true,PI_FIFO,358.840555
6.580008,-1,15,9999.650000,8.218000,361.620058,359.257481,360.000000,625,-1.620058,PI,FIFO,true,PI_FIFO,359.257481
6.590008,-1,15,10000.169000,8.387000,357.460600,358.987948,360.000000,626,2.539400,PI,FIFO,true,PI_FIFO,358.987948
6.600008,-1,15,9999.799000,8.186000,364.077670,359.751407,360.000000,626,-4.077670,PI,FIFO,true,PI_FIFO,359.751407
6.610010,-1,15,10001.335000,9.521000,361.503856,360.014274,360.000000,625,-1.503856,PI,FIFO,true,PI_FIFO,360.014274
6.620009,-1,15,9999.484000,9.005000,366.210938,360.943774,360.000000,624,-6.210938,PI,FIFO,true,PI_FIFO,360.943774
6.630010,-1,15,10001.039000,10.044000,364.988877,361.550539,360.000000,623,-4.988877,PI,FIFO,true,PI_FIFO,361.550539
6.640011,-1,15,10001.058000,11.102000,366.032211,362.222790,360.000000,622,-6.032211,PI,FIFO,true,PI_FIFO,362.222790
6.650008,-1,15,9996.669000,7.771000,359.103677,361.754923,360.000000,622,0.896323,PI,FIFO,true,PI_FIFO,361.754923
6.660007,-1,15,9999.595000,7.366000,358.188996,361.220034,360.000000,621,1.811004,PI,FIFO,true,PI_FIFO,361.220034
6.670007,-1,15,9999.651000,7.017000,357.824427,360.710693,360.000000,622,2.175573,PI,FIFO,true,PI_FIFO,360.710693
6.680007,-1,15,9999.928000,6.945000,355.113636,359.871134,360.000000,622,4.886364,PI,FIFO,true,PI_FIFO,359.871134
6.690007,-1,15,10000.372000,7.317000,353.862607,358.969855,360.000000,623,6.137393,PI,FIFO,true,PI_FIFO,358.969855
6.700007,-1,15,9999.669000,6.986000,355.113636,358.391422,360.000000,624,4.886364,PI,FIFO,true,PI_FIFO,358.391422
6.710007,-1,15,9999.966000,6.952000,359.838792,358.608528,360.000000,625,0.161208,PI,FIFO,true,PI_FIFO,358.608528
6.720007,-1,15,10000.076000,7.028000,358.337315,358.567846,360.000000,625,1.662685,PI,FIFO,true,PI_FIFO,358.567846
6.730007,-1,15,9999.761000,6.789000,360.392107,358.841485,360.000000,626,-0.392107,PI,FIFO,true,PI_FIFO,358.841485
6.740007,-1,15,9999.910000,6.699000,360.023041,359.018719,360.000000,626,-0.023041,PI,FIFO,true,PI_FIFO,359.018719
6.750007,-1,15,9999.984000,6.683000,363.020329,359.618960,360.000000,626,-3.020329,PI,FIFO,true,PI_FIFO,359.618960
6.760007,-1,15,10000.280000,6.963000,359.287174,359.569192,360.000000,626,0.712826,PI,FIFO,true,PI_FIFO,359.569192
6.770006,-1,15,9998.761000,5.724000,362.844702,360.060519,360.000000,625,-2.844702,PI,FIFO,true,PI_FIFO,360.060519
6.780007,-1,15,10000.947000,6.671000,362.248841,360.388767,360.000000,625,-2.248841,PI,FIFO,true,PI_FIFO,360.388767
6.790006,-1,15,9998.910000,5.581000,367.286974,361.423498,360.000000,624,-7.286974,PI,FIFO,true,PI_FIFO,361.423498
6.800007,-1,15,10001.095000,6.676000,363.559979,361.743970,360.000000,623,-3.559979,PI,FIFO,true,PI_FIFO,361.743970
6.810006,-1,15,9999.428000,6.104000,365.853659,362.360423,360.000000,621,-5.853659,PI,FIFO,true,PI_FIFO,362.360423
6.820007,-1,15,10000.576000,6.680000,359.654731,361.954570,360.000000,621,0.345269,PI,FIFO,true,PI_FIFO,361.954570
6.830006,-1,15,9999.169000,5.849000,358.680057,361.463393,360.000000,621,1.319943,PI,FIFO,true,PI_FIFO,361.463393
6.840007,-1,15,10000.873000,6.722000,353.329146,360.243256,360.000000,621,6.670854,PI,FIFO,true,PI_FIFO,360.243256
6.850006,-1,15,9999.039000,5.761000,357.278963,359.798612,360.000000,622,2.721037,PI,FIFO,true,PI_FIFO,359.798612
6.860007,-1,15,10000.910000,6.671000,354.040785,358.934938,360.000000,623,5.959215,PI,FIFO,true,PI_FIFO,358.934938
6.870006,-1,15,9999.076000,5.747000,357.642421,358.741060,360.000000,623,2.357579,PI,FIFO,true,PI_FIFO,358.741060
6.880007,-1,15,10000.984000,6.731000,357.995227,358.629185,360.000000,624,2.004773,PI,FIFO,true,PI_FIFO,358.629185
6.890006,-1,15,9998.798000,5.529000,360.576923,358.921346,360.000000,624,-0.576923,PI,FIFO,true,PI_FIFO,358.921346
6.900007,-1,15,10001.077000,6.606000,357.642421,358.729507,360.000000,625,2.357579,PI,FIFO,true,PI_FIFO,358.729507
6.910006,-1,15,9999.039000,5.645000,359.367513,358.825208,360.000000,625,0.632487,PI,FIFO,true,PI_FIFO,358.825208
6.920007,-1,15,10000.873000,6.518000,360.207480,359.032549,360.000000,626,-0.207480,PI,FIFO,true,PI_FIFO,359.032549
6.930006,-1,15,9999.113000,5.631000,359.470859,359.098295,360.000000,626,0.529141,PI,FIFO,true,PI_FIFO,359.098295
6.940007,-1,15,10000.984000,6.615000,361.794501,359.502726,360.000000,626,-1.794501,PI,FIFO,true,PI_FIFO,359.502726
6.950007,-1,15,10000.243000,6.858000,362.809598,359.998757,360.000000,626,-2.809598,PI,FIFO,true,PI_FIFO,359.998757
6.960007,-1,15,10000.280000,7.138000,367.286974,361.091989,360.000000,624,-7.286974,PI,FIFO,true,PI_FIFO,361.091989
6.970006,-1,15,9998.502000,5.640000,363.936335,361.518641,360.000000,623,-3.936335,PI,FIFO,true,PI_FIFO,361.518641
6.980007,-1,15,10001.224000,6.864000,363.020329,361.743894,360.000000,623,-3.020329,PI,FIFO,true,PI_FIFO,361.743894
6.990006,-1,15,9998.929000,5.793000,360.576923,361.568849,360.000000,622,-0.576923,PI,FIFO,true,PI_FIFO,361.568849
7.000007,-1,15,10001.076000,6.869000,359.195402,361.212832,360.000000,622,0.804598,PI,FIFO,true,PI_FIFO,361.212832
7.010006,-1,15,9998.891000,5.760000,355.472700,360.351812,360.000000,622,4.527300,PI,FIFO,true,PI_FIFO,360.351812
7.020007,-1,15,10001.502000,7.262000,356.193009,359.727992,360.000000,623,3.806991,PI,FIFO,true,PI_FIFO,359.727992
7.030006,-1,15,9998.651000,5.913000,354.040785,358.874911,360.000000,624,5.959215,PI,FIFO,true,PI_FIFO,358.874911
7.040007,-1,15,10000.798000,6.711000,359.103677,358.909226,360.000000,624,0.896323,PI,FIFO,true,PI_FIFO,358.909226
7.050006,-1,15,9998.855000,5.566000,357.142857,358.644270,360.000000,625,2.857143,PI,FIFO,true,PI_FIFO,358.644270
7.060007,-1,15,10001.131000,6.697000,361.689815,359.101102,360.000000,625,-1.689815,PI,FIFO,true,PI_FIFO,359.101102
7.070006,-1,15,9998.855000,5.552000,359.470859,359.156566,360.000000,625,0.529141,PI,FIFO,true,PI_FIFO,359.156566
7.080007,-1,15,10001.354000,6.906000,360.750361,359.395635,360.000000,625,-0.750361,PI,FIFO,true,PI_FIFO,359.395635
7.090006,-1,15,9998.761000,5.667000,358.554309,359.269436,360.000000,626,1.445691,PI,FIFO,true,PI_FIFO,359.269436
7.100012,-1,15,10006.558000,12.225000,362.493958,359.753114,360.000000,626,-2.493958,PI,FIFO,true,PI_FIFO,359.753114
7.110008,-1,15,9995.761000,7.986000,360.576923,359.876686,360.000000,626,-0.576923,PI,FIFO,true,PI_FIFO,359.876686
7.120007,-1,15,9999.076000,7.062000,365.853659,360.773232,360.000000,625,-5.853659,PI,FIFO,true,PI_FIFO,360.773232
7.130007,-1,15,10000.094000,7.156000,366.020302,361.560292,360.000000,623,-6.020302,PI,FIFO,true,PI_FIFO,361.560292
7.140007,-1,15,10000.187000,7.343000,366.032211,362.231080,360.000000,622,-6.032211,PI,FIFO,true,PI_FIFO,362.231080
7.150007,-1,15,9999.817000,7.160000,359.654731,361.844628,360.000000,622,0.345269,PI,FIFO,true,PI_FIFO,361.844628
7.160007,-1,15,9999.742000,6.902000,358.166189,361.292862,360.000000,621,1.833811,PI,FIFO,true,PI_FIFO,361.292862
7.170013,-1,15,10005.872000,12.774000,356.193009,360.527884,360.000000,622,3.806991,PI,FIFO,true,PI_FIFO,360.527884
7.180017,-1,15,10003.910000,16.684000,354.219144,359.581573,360.000000,623,5.780856,PI,FIFO,true,PI_FIFO,359.581573
7.190010,-1,15,9993.001000,9.685000,354.945575,358.886173,360.000000,624,5.054425,PI,FIFO,true,PI_FIFO,358.886173
7.200008,-1,15,9998.595000,8.280000,356.193009,358.482199,360.000000,624,3.806991,PI,FIFO,true,PI_FIFO,358.482199
7.210011,-1,15,10002.409000,10.689000,360.947125,358.851938,360.000000,625,-0.947125,PI,FIFO,true,PI_FIFO,358.851938
7.220010,-1,15,9999.076000,9.765000,358.166189,358.749075,360.000000,625,1.833811,PI,FIFO,true,PI_FIFO,358.749075
7.230009,-1,15,9998.909000,8.674000,360.392107,358.995530,360.000000,625,-0.392107,PI,FIFO,true,PI_FIFO,358.995530
7.240008,-1,15,9999.816000,8.490000,360.761929,359.260490,360.000000,626,-0.761929,PI,FIFO,true,PI_FIFO,359.260490
7.250008,-1,15,9999.854000,8.344000,363.196126,359.850835,360.000000,625,-3.196126,PI,FIFO,true,PI_FIFO,359.850835
7.260009,-1,15,10000.761000,9.105000,360.392107,359.932026,360.000000,625,-0.392107,PI,FIFO,true,PI_FIFO,359.932026
7.270008,-1,15,9999.205000,8.310000,363.372093,360.448036,360.000000,625,-3.372093,PI,FIFO,true,PI_FIFO,360.448036
7.280008,-1,15,9999.965000,8.275000,363.184401,360.858491,360.000000,624,-3.184401,PI,FIFO,true,PI_FIFO,360.858491
7.290008,-1,15,9999.983000,8.258000,367.827366,361.903822,360.000000,623,-7.827366,PI,FIFO,true,PI_FIFO,361.903822
7.300008,-1,15,9999.928000,8.186000,363.372093,362.124063,360.000000,622,-3.372093,PI,FIFO,true,PI_FIFO,362.124063
7.310008,-1,15,9999.872000,8.058000,364.691390,362.509162,360.000000,620,-4.691390,PI,FIFO,true,PI_FIFO,362.509162
7.320008,-1,15,10000.150000,8.208000,360.230548,362.167370,360.000000,620,-0.230548,PI,FIFO,true,PI_FIFO,362.167370
7.330008,-1,15,9999.817000,8.025000,357.460600,361.461354,360.000000,619,2.539400,PI,FIFO,true,PI_FIFO,361.461354
7.340008,-1,15,10000.261000,8.286000,353.151683,360.214903,360.000000,620,6.848317,PI,FIFO,true,PI_FIFO,360.214903
7.350008,-1,15,10000.038000,8.324000,354.397681,359.342320,360.000000,621,5.602319,PI,FIFO,true,PI_FIFO,359.342320
7.360012,-1,15,10003.761000,12.085000,353.012372,358.392828,360.000000,622,6.987628,PI,FIFO,true,PI_FIFO,358.392828
7.370010,-1,15,9998.132000,10.217000,355.832490,358.008777,360.000000,624,4.167510,PI,FIFO,true,PI_FIFO,358.008777
7.380008,-1,15,9998.038000,8.255000,358.920368,358.145516,360.000000,624,1.079632,PI,FIFO,true,PI_FIFO,358.145516
7.390007,-1,15,9999.095000,7.350000,359.884837,358.406414,360.000000,625,0.115163,PI,FIFO,true,PI_FIFO,358.406414
7.400007,-1,15,9999.446000,6.796000,358.188996,358.373801,360.000000,625,1.811004,PI,FIFO,true,PI_FIFO,358.373801
7.410008,-1,15,10001.372000,8.168000,359.838792,358.593550,360.000000,626,0.161208,PI,FIFO,true,PI_FIFO,358.593550
7.420008,-1,15,9999.391000,7.559000,360.230548,358.839100,360.000000,626,-0.230548,PI,FIFO,true,PI_FIFO,358.839100
7.430007,-1,15,9999.483000,7.042000,361.689815,359.266707,360.000000,626,-1.689815,PI,FIFO,true,PI_FIFO,359.266707
7.440007,-1,15,9999.983000,7.025000,361.794501,359.645876,360.000000,626,-1.794501,PI,FIFO,true,PI_FIFO,359.645876
7.450006,-1,15,9998.928000,5.953000,364.502333,360.374344,360.000000,625,-4.502333,PI,FIFO,true,PI_FIFO,360.374344
7.460008,-1,15,10001.557000,7.510000,368.731563,361.627927,360.000000,624,-8.731563,PI,FIFO,true,PI_FIFO,361.627927
7.470007,-1,15,9999.706000,7.216000,364.431487,362.048461,360.000000,623,-4.431487,PI,FIFO,true,PI_FIFO,362.048461
7.480007,-1,15,9999.668000,6.884000,362.622486,362.134565,360.000000,622,-2.622486,PI,FIFO,true,PI_FIFO,362.134565
7.490005,-1,15,9998.539000,5.423000,359.654731,361.762590,360.000000,621,0.345269,PI,FIFO,true,PI_FIFO,361.762590
7.500007,-1,15,10001.242000,6.665000,358.680057,361.300210,360.000000,621,1.319943,PI,FIFO,true,PI_FIFO,361.300210
7.510008,-1,15,10001.280000,7.945000,354.397681,360.264831,360.000000,622,5.602319,PI,FIFO,true,PI_FIFO,360.264831
7.520008,-1,15,10000.039000,7.984000,356.554260,359.708245,360.000000,622,3.445740,PI,FIFO,true,PI_FIFO,359.708245
7.530007,-1,15,9999.224000,7.208000,354.755298,358.965303,360.000000,623,5.244702,PI,FIFO,true,PI_FIFO,358.965303
7.540007,-1,15,9999.909000,7.117000,359.367513,359.025635,360.000000,623,0.632487,PI,FIFO,true,PI_FIFO,359.025635
7.550007,-1,15,9999.798000,6.915000,357.097511,358.736416,360.000000,624,2.902489,PI,FIFO,true,PI_FIFO,358.736416
7.560007,-1,15,10000.335000,7.250000,361.132512,359.095830,360.000000,624,-1.132512,PI,FIFO,true,PI_FIFO,359.095830
7.570007,-1,15,10000.039000,7.289000,359.023456,359.084974,360.000000,625,0.976544,PI,FIFO,true,PI_FIFO,359.084974
7.580007,-1,15,9999.798000,7.087000,361.318088,359.419941,360.000000,625,-1.318088,PI,FIFO,true,PI_FIFO,359.419941
7.590007,-1,15,9999.779000,6.866000,359.287174,359.400026,360.000000,625,0.712826,PI,FIFO,true,PI_FIFO,359.400026
7.600007,-1,15,10000.391000,7.257000,362.493958,359.864116,360.000000,625,-2.493958,PI,FIFO,true,PI_FIFO,359.864116
7.610008,-1,15,10001.020000,8.277000,361.097737,360.049159,360.000000,625,-1.097737,PI,FIFO,true,PI_FIFO,360.049159
7.620008,-1,15,10000.094000,8.371000,365.449584,360.859223,360.000000,624,-5.449584,PI,FIFO,true,PI_FIFO,360.859223
7.630007,-1,15,9998.632000,7.003000,364.785992,361.448238,360.000000,623,-4.785992,PI,FIFO,true,PI_FIFO,361.448238
7.640007,-1,15,10000.076000,7.079000,366.401772,362.191268,360.000000,621,-6.401772,PI,FIFO,true,PI_FIFO,362.191268
7.650007,-1,15,10000.020000,7.099000,360.576923,361.949117,360.000000,621,-0.576923,PI,FIFO,true,PI_FIFO,361.949117
7.660007,-1,15,10000.020000,7.119000,359.287174,361.549825,360.000000,620,0.712826,PI,FIFO,true,PI_FIFO,361.549825
7.670007,-1,15,9999.743000,6.862000,357.097511,360.881978,360.000000,620,2.902489,PI,FIFO,true,PI_FIFO,360.881978
7.680007,-1,15,10000.001000,6.863000,355.652504,360.097557,360.000000,621,4.347496,PI,FIFO,true,PI_FIFO,360.097557
7.690007,-1,15,10000.335000,7.198000,354.609929,359.274413,360.000000,622,5.390071,PI,FIFO,true,PI_FIFO,359.274413
7.700007,-1,15,9999.928000,7.126000,355.652504,358.731126,360.000000,623,4.347496,PI,FIFO,true,PI_FIFO,358.731126
7.710007,-1,15,9999.557000,6.683000,360.023041,358.924914,360.000000,623,-0.023041,PI,FIFO,true,PI_FIFO,358.924914
7.720007,-1,15,10000.372000,7.055000,358.554309,358.869323,360.000000,623,1.445691,PI,FIFO,true,PI_FIFO,358.869323
7.730007,-1,15,9999.984000,7.039000,359.539789,358.969893,360.000000,624,0.460211,PI,FIFO,true,PI_FIFO,358.969893
7.740007,-1,15,9999.872000,6.911000,359.470859,359.045038,360.000000,624,0.529141,PI,FIFO,true,PI_FIFO,359.045038
7.750007,-1,15,10000.150000,7.061000,360.576923,359.274821,360.000000,624,-0.576923,PI,FIFO,true,PI_FIFO,359.274821
7.760011,-1,15,10003.557000,10.618000,358.371560,359.139331,360.000000,625,1.628440,PI,FIFO,true,PI_FIFO,359.139331
7.770007,-1,15,9996.872000,7.490000,361.503856,359.494010,360.000000,625,-1.503856,PI,FIFO,true,PI_FIFO,359.494010
7.780008,-1,15,10000.205000,7.695000,362.669246,359.970295,360.000000,624,-2.669246,PI,FIFO,true,PI_FIFO,359.970295
7.790007,-1,15,9999.447000,7.142000,367.167102,361.049816,360.000000,623,-7.167102,PI,FIFO,true,PI_FIFO,361.049816
7.800007,-1,15,9999.798000,6.940000,362.318841,361.240170,360.000000,622,-2.318841,PI,FIFO,true,PI_FIFO,361.240170
7.810014,-1,15,10007.501000,14.441000,363.901019,361.639297,360.000000,621,-3.901019,PI,FIFO,true,PI_FIFO,361.639297
7.820008,-1,15,9993.873000,8.314000,358.188996,361.121752,360.000000,621,1.811004,PI,FIFO,true,PI_FIFO,361.121752
7.830007,-1,15,9998.742000,7.056000,357.642421,360.599853,360.000000,622,2.357579,PI,FIFO,true,PI_FIFO,360.599853
7.840007,-1,15,10000.113000,7.169000,353.329146,359.509247,360.000000,622,6.670854,PI,FIFO,true,PI_FIFO,359.509247
7.850007,-1,15,10000.076000,7.245000,356.012658,358.984758,360.000000,623,3.987342,PI,FIFO,true,PI_FIFO,358.984758
7.860007,-1,15,9999.742000,6.987000,354.609929,358.328534,360.000000,624,5.390071,PI,FIFO,true,PI_FIFO,358.328534
7.870007,-1,15,10000.187000,7.174000,357.278963,358.171098,360.000000,625,2.721037,PI,FIFO,true,PI_FIFO,358.171098
7.880017,-1,15,10009.965000,17.139000,359.103677,358.310985,360.000000,626,0.896323,PI,FIFO,true,PI_FIFO,358.310985
7.890023,-1,15,10005.372000,22.511000,362.062307,358.873683,360.000000,626,-2.062307,PI,FIFO,true,PI_FIFO,358.873683
7.900009,-1,15,9986.279000,8.790000,360.023041,359.046087,360.000000,626,-0.023041,PI,FIFO,true,PI_FIFO,359.046087
7.910008,-1,15,9998.835000,7.625000,361.969112,359.484541,360.000000,626,-1.969112,PI,FIFO,true,PI_FIFO,359.484541
7.920007,-1,15,9999.632000,7.257000,361.875965,359.843254,360.000000,626,-1.875965,PI,FIFO,true,PI_FIFO,359.843254
7.930007,-1,15,10000.168000,7.425000,362.669246,360.267153,360.000000,626,-2.669246,PI,FIFO,true,PI_FIFO,360.267153
7.940011,-1,15,10003.613000,11.038000,362.248841,360.564406,360.000000,625,-2.248841,PI,FIFO,true,PI_FIFO,360.564406
7.950008,-1,15,9996.909000,7.947000,364.431487,361.144468,360.000000,624,-4.431487,PI,FIFO,true,PI_FIFO,361.144468
7.960007,-1,15,9999.539000,7.486000,368.007851,362.173976,360.000000,623,-8.007851,PI,FIFO,true,PI_FIFO,362.173976
7.970007,-1,15,9999.928000,7.414000,363.372093,362.353693,360.000000,622,-3.372093,PI,FIFO,true,PI_FIFO,362.353693
7.980008,-1,15,10000.168000,7.582000,363.020329,362.453689,360.000000,620,-3.020329,PI,FIFO,true,PI_FIFO,362.453689
7.990007,-1,15,9999.576000,7.158000,358.188996,361.813985,360.000000,620,1.811004,PI,FIFO,true,PI_FIFO,361.813985
8.000007,-1,15,10000.020000,7.178000,357.278963,361.133732,360.000000,620,2.721037,PI,FIFO,true,PI_FIFO,361.133732
8.010009,-1,15,10002.187000,9.365000,351.386807,359.671693,360.000000,621,8.613193,PI,FIFO,true,PI_FIFO,359.671693
8.020008,-1,15,9998.187000,7.552000,354.755298,358.934234,360.000000,622,5.244702,PI,FIFO,true,PI_FIFO,358.934234
8.030008,-1,15,10000.298000,7.850000,353.862607,358.173490,360.000000,624,6.137393,PI,FIFO,true,PI_FIFO,358.173490
8.040007,-1,15,9999.391000,7.241000,358.508604,358.223757,360.000000,624,1.491396,PI,FIFO,true,PI_FIFO,358.223757
8.050007,-1,15,10000.001000,7.242000,356.012658,357.892092,360.000000,625,3.987342,PI,FIFO,true,PI_FIFO,357.892092
8.060007,-1,15,9999.873000,7.115000,361.318088,358.405991,360.000000,626,-1.318088,PI,FIFO,true,PI_FIFO,358.405991
8.070007,-1,15,10000.353000,7.468000,358.508604,358.421383,360.000000,626,1.491396,PI,FIFO,true,PI_FIFO,358.421383
8.080007,-1,15,9999.650000,7.118000,360.207480,358.689298,360.000000,627,-0.207480,PI,FIFO,true,PI_FIFO,358.689298
8.090006,-1,15,9998.854000,5.972000,359.838792,358.861722,360.000000,627,0.161208,PI,FIFO,true,PI_FIFO,358.861722
8.100007,-1,15,10001.316000,7.288000,363.196126,359.511883,360.000000,627,-3.196126,PI,FIFO,true,PI_FIFO,359.511883
8.110007,-1,15,9999.687000,6.975000,361.875965,359.866495,360.000000,627,-1.875965,PI,FIFO,true,PI_FIFO,359.866495
8.120008,-1,15,10000.575000,7.550000,366.210938,360.818161,360.000000,626,-6.210938,PI,FIFO,true,PI_FIFO,360.818161
8.130006,-1,15,9998.224000,5.774000,365.853659,361.573486,360.000000,624,-5.853659,PI,FIFO,true,PI_FIFO,361.573486
8.140007,-1,15,10001.130000,6.904000,366.784038,362.355069,360.000000,623,-6.784038,PI,FIFO,true,PI_FIFO,362.355069
8.150007,-1,15,10000.298000,7.202000,360.923965,362.140403,360.000000,622,-0.923965,PI,FIFO,true,PI_FIFO,362.140403
8.160007,-1,15,9999.779000,6.981000,360.023041,361.822799,360.000000,622,-0.023041,PI,FIFO,true,PI_FIFO,361.822799
8.170007,-1,15,10000.020000,7.001000,358.006619,361.250372,360.000000,621,1.993381,PI,FIFO,true,PI_FIFO,361.250372
8.180009,-1,15,10001.519000,8.520000,357.313006,360.659767,360.000000,622,2.686994,PI,FIFO,true,PI_FIFO,360.659767
8.190007,-1,15,9998.650000,7.170000,354.040785,359.666920,360.000000,622,5.959215,PI,FIFO,true,PI_FIFO,359.666920
8.200007,-1,15,9999.631000,6.801000,356.012658,359.118781,360.000000,623,3.987342,PI,FIFO,true,PI_FIFO,359.118781
8.210008,-1,15,10001.001000,7.802000,359.470859,359.171592,360.000000,623,0.529141,PI,FIFO,true,PI_FIFO,359.171592
8.220007,-1,15,9999.557000,7.359000,358.680057,359.097862,360.000000,624,1.319943,PI,FIFO,true,PI_FIFO,359.097862
8.230007,-1,15,9999.556000,6.915000,360.392107,359.291999,360.000000,624,-0.392107,PI,FIFO,true,PI_FIFO,359.291999
8.240007,-1,15,10000.187000,7.102000,358.920368,359.236254,360.000000,624,1.079632,PI,FIFO,true,PI_FIFO,359.236254
8.250007,-1,15,9999.983000,7.085000,361.620058,359.593825,360.000000,624,-1.620058,PI,FIFO,true,PI_FIFO,359.593825
8.260007,-1,15,10000.001000,7.086000,357.642421,359.301114,360.000000,625,2.357579,PI,FIFO,true,PI_FIFO,359.301114
8.270007,-1,15,10000.001000,7.087000,361.445783,359.622814,360.000000,625,-1.445783,PI,FIFO,true,PI_FIFO,359.622814
8.280007,-1,15,9999.631000,6.718000,361.689815,359.932865,360.000000,625,-1.689815,PI,FIFO,true,PI_FIFO,359.932865
8.290007,-1,15,10000.297000,7.015000,366.927593,360.982074,360.000000,623,-6.927593,PI,FIFO,true,PI_FIFO,360.982074
8.300007,-1,15,9999.909000,6.924000,362.435567,361.200098,360.000000,623,-2.435567,PI,FIFO,true,PI_FIFO,361.200098
8.310007,-1,15,10000.001000,6.925000,363.724539,361.578764,360.000000,622,-3.724539,PI,FIFO,true,PI_FIFO,361.578764
8.320008,-1,15,10000.946000,7.871000,358.554309,361.125096,360.000000,622,1.445691,PI,FIFO,true,PI_FIFO,361.125096
8.330008,-1,15,9999.631000,7.502000,357.642421,360.602695,360.000000,622,2.357579,PI,FIFO,true,PI_FIFO,360.602695
8.340007,-1,15,9999.593000,7.095000,352.443609,359.378832,360.000000,623,7.556391,PI,FIFO,true,PI_FIFO,359.378832
8.350007,-1,15,9999.724000,6.819000,357.483317,359.094505,360.000000,624,2.516683,PI,FIFO,true,PI_FIFO,359.094505
8.360007,-1,15,10000.057000,6.876000,353.329146,358.229701,360.000000,625,6.670854,PI,FIFO,true,PI_FIFO,358.229701
8.370007,-1,15,10000.168000,7.044000,358.737245,358.305832,360.000000,625,1.262755,PI,FIFO,true,PI_FIFO,358.305832
8.380007,-1,15,9999.908000,6.952000,358.737245,358.370544,360.000000,626,1.262755,PI,FIFO,true,PI_FIFO,358.370544
8.390007,-1,15,9999.798000,6.750000,361.445783,358.831830,360.000000,626,-1.445783,PI,FIFO,true,PI_FIFO,358.831830
8.400007,-1,15,10000.168000,6.918000,359.287174,358.900132,360.000000,627,0.712826,PI,FIFO,true,PI_FIFO,358.900132
8.410008,-1,15,10000.649000,7.567000,360.023041,359.068568,360.000000,627,-0.023041,PI,FIFO,true,PI_FIFO,359.068568
8.420008,-1,15,10000.038000,7.605000,361.445783,359.425150,360.000000,627,-1.445783,PI,FIFO,true,PI_FIFO,359.425150
8.430007,-1,15,9999.409000,7.014000,363.559979,360.045375,360.000000,626,-3.559979,PI,FIFO,true,PI_FIFO,360.045375
8.440007,-1,15,9999.945000,6.959000,360.923965,360.177163,360.000000,626,-0.923965,PI,FIFO,true,PI_FIFO,360.177163
8.450007,-1,15,9999.983000,6.942000,363.901019,360.735742,360.000000,626,-3.901019,PI,FIFO,true,PI_FIFO,360.735742
8.460007,-1,15,9999.983000,6.925000,367.358934,361.729221,360.000000,624,-7.358934,PI,FIFO,true,PI_FIFO,361.729221
8.470007,-1,15,9999.760000,6.685000,363.724539,362.028518,360.000000,623,-3.724539,PI,FIFO,true,PI_FIFO,362.028518
8.480007,-1,15,10000.168000,6.853000,362.248841,362.061567,360.000000,622,-2.248841,PI,FIFO,true,PI_FIFO,362.061567
8.490007,-1,15,10000.020000,6.873000,359.884837,361.735057,360.000000,622,0.115163,PI,FIFO,true,PI_FIFO,361.735057
8.500007,-1,15,10000.297000,7.170000,358.006619,361.175792,360.000000,622,1.993381,PI,FIFO,true,PI_FIFO,361.175792
8.510010,-1,15,10003.002000,10.172000,354.040785,360.105541,360.000000,622,5.959215,PI,FIFO,true,PI_FIFO,360.105541
8.520014,-1,15,10003.501000,13.673000,355.498375,359.414466,360.000000,623,4.501625,PI,FIFO,true,PI_FIFO,359.414466
8.530008,-1,15,9994.168000,7.841000,354.040785,358.608414,360.000000,624,5.959215,PI,FIFO,true,PI_FIFO,358.608414
8.540007,-1,15,9999.594000,7.435000,358.006619,358.518145,360.000000,625,1.993381,PI,FIFO,true,PI_FIFO,358.518145
8.550007,-1,15,9999.464000,6.899000,356.373543,358.196454,360.000000,626,3.626457,PI,FIFO,true,PI_FIFO,358.196454
8.560007,-1,15,10000.501000,7.400000,361.097737,358.631647,360.000000,626,-1.097737,PI,FIFO,true,PI_FIFO,358.631647
8.570006,-1,15,9998.538000,5.938000,359.287174,358.729976,360.000000,627,0.712826,PI,FIFO,true,PI_FIFO,358.729976
8.580007,-1,15,10001.076000,7.014000,360.207480,358.951601,360.000000,627,-0.207480,PI,FIFO,true,PI_FIFO,358.951601
8.590020,-1,15,10012.964000,19.978000,358.508604,358.885152,360.000000,627,1.491396,PI,FIFO,true,PI_FIFO,358.885152
8.600018,-1,15,9997.593000,17.571000,363.196126,359.531798,360.000000,627,-3.196126,PI,FIFO,true,PI_FIFO,359.531798
8.610009,-1,15,9991.761000,9.332000,361.503856,359.827607,360.000000,627,-1.503856,PI,FIFO,true,PI_FIFO,359.827607
8.620010,-1,15,10000.816000,10.148000,366.568915,360.838803,360.000000,626,-6.568915,PI,FIFO,true,PI_FIFO,360.838803
8.630009,-1,15,9999.112000,9.260000,365.853659,361.591031,360.000000,625,-5.853659,PI,FIFO,true,PI_FIFO,361.591031
8.640009,-1,15,9999.835000,9.095000,366.032211,362.257208,360.000000,623,-6.032211,PI,FIFO,true,PI_FIFO,362.257208
8.650009,-1,15,9999.631000,8.726000,360.576923,362.005165,360.000000,623,-0.576923,PI,FIFO,true,PI_FIFO,362.005165
8.660008,-1,15,9999.649000,8.375000,358.920368,361.542446,360.000000,622,1.079632,PI,FIFO,true,PI_FIFO,361.542446
8.670008,-1,15,9999.853000,8.228000,357.278963,360.902923,360.000000,623,2.721037,PI,FIFO,true,PI_FIFO,360.902923
8.680008,-1,15,9999.890000,8.118000,356.463878,360.237067,360.000000,623,3.536122,PI,FIFO,true,PI_FIFO,360.237067
8.690008,-1,15,10000.020000,8.138000,354.397681,359.361159,360.000000,624,5.602319,PI,FIFO,true,PI_FIFO,359.361159
8.700008,-1,15,10000.223000,8.361000,355.472700,358.777890,360.000000,625,4.527300,PI,FIFO,true,PI_FIFO,358.777890
8.710008,-1,15,9999.946000,8.307000,360.403652,359.021754,360.000000,625,-0.403652,PI,FIFO,true,PI_FIFO,359.021754
8.720008,-1,15,9999.853000,8.160000,358.920368,359.006546,360.000000,625,1.079632,PI,FIFO,true,PI_FIFO,359.006546
8.730009,-1,15,10000.446000,8.606000,360.023041,359.159021,360.000000,626,-0.023041,PI,FIFO,true,PI_FIFO,359.159021
8.740008,-1,15,9999.427000,8.033000,360.230548,359.319750,360.000000,626,-0.230548,PI,FIFO,true,PI_FIFO,359.319750
8.750008,-1,15,10000.205000,8.238000,362.248841,359.759113,360.000000,626,-2.248841,PI,FIFO,true,PI_FIFO,359.759113
8.760008,-1,15,9999.946000,8.184000,359.539789,359.726215,360.000000,626,0.460211,PI,FIFO,true,PI_FIFO,359.726215
8.770008,-1,15,10000.186000,8.370000,362.809598,360.188722,360.000000,625,-2.809598,PI,FIFO,true,PI_FIFO,360.188722
8.780019,-1,15,10010.983000,19.353000,362.248841,360.497740,360.000000,625,-2.248841,PI,FIFO,true,PI_FIFO,360.497740
8.790021,-1,15,10001.908000,21.261000,367.466928,361.543118,360.000000,623,-7.466928,PI,FIFO,true,PI_FIFO,361.543118
8.800021,-1,15,10000.168000,21.429000,362.435567,361.676985,360.000000,623,-2.435567,PI,FIFO,true,PI_FIFO,361.676985
8.810021,-1,15,10000.057000,21.486000,364.785992,362.143336,360.000000,621,-4.785992,PI,FIFO,true,PI_FIFO,362.143336
8.820022,-1,15,10000.742000,22.228000,359.654731,361.770046,360.000000,621,0.345269,PI,FIFO,true,PI_FIFO,361.770046
8.830022,-1,15,9999.279000,21.507000,359.023456,361.358057,360.000000,621,0.976544,PI,FIFO,true,PI_FIFO,361.358057
8.840021,-1,15,9999.445000,20.952000,353.392569,360.163234,360.000000,621,6.607431,PI,FIFO,true,PI_FIFO,360.163234
8.850021,-1,15,9999.965000,20.917000,356.803045,359.659206,360.000000,622,3.196955,PI,FIFO,true,PI_FIFO,359.659206
8.860021,-1,15,10000.482000,21.399000,353.392569,358.719210,360.000000,623,6.607431,PI,FIFO,true,PI_FIFO,358.719210
8.870021,-1,15,9999.539000,20.938000,357.824427,358.584993,360.000000,624,2.175573,PI,FIFO,true,PI_FIFO,358.584993
8.880021,-1,15,10000.223000,21.161000,358.737245,358.607831,360.000000,624,1.262755,PI,FIFO,true,PI_FIFO,358.607831
8.890023,-1,15,10001.964000,23.125000,360.403652,358.877204,360.000000,625,-0.403652,PI,FIFO,true,PI_FIFO,358.877204
8.900021,-1,15,9998.261000,21.386000,358.006619,358.746616,360.000000,625,1.993381,PI,FIFO,true,PI_FIFO,358.746616
8.910021,-1,15,10000.019000,21.405000,358.680057,358.736632,360.000000,626,1.319943,PI,FIFO,true,PI_FIFO,358.736632
8.920021,-1,15,9999.705000,21.110000,359.195402,358.805448,360.000000,626,0.804598,PI,FIFO,true,PI_FIFO,358.805448
8.930021,-1,15,9999.742000,20.852000,360.057609,358.993272,360.000000,627,-0.057609,PI,FIFO,true,PI_FIFO,358.993272
8.940021,-1,15,9999.909000,20.761000,360.392107,359.203097,360.000000,627,-0.392107,PI,FIFO,true,PI_FIFO,359.203097
8.950023,-1,15,10001.964000,22.725000,363.196126,359.802051,360.000000,626,-3.196126,PI,FIFO,true,PI_FIFO,359.802051
8.960022,-1,15,9998.890000,21.615000,368.321111,361.079910,360.000000,625,-8.321111,PI,FIFO,true,PI_FIFO,361.079910
8.970021,-1,15,9999.483000,21.098000,363.901019,361.503077,360.000000,624,-3.901019,PI,FIFO,true,PI_FIFO,361.503077
8.980021,-1,15,10000.390000,21.488000,362.435567,361.642950,360.000000,623,-2.435567,PI,FIFO,true,PI_FIFO,361.642950
8.990021,-1,15,9999.186000,20.674000,359.884837,361.379233,360.000000,623,0.115163,PI,FIFO,true,PI_FIFO,361.379233
9.000024,-1,15,10003.002000,23.676000,359.838792,361.148167,360.000000,623,0.161208,PI,FIFO,true,PI_FIFO,361.148167
9.010021,-1,15,9997.816000,21.492000,355.450237,360.293478,360.000000,623,4.549763,PI,FIFO,true,PI_FIFO,360.293478
9.020023,-1,15,10001.186000,22.678000,356.270358,359.690010,360.000000,624,3.729642,PI,FIFO,true,PI_FIFO,359.690010
9.030021,-1,15,9998.538000,21.216000,356.125356,359.155312,360.000000,624,3.874644,PI,FIFO,true,PI_FIFO,359.155312
9.040021,-1,15,9999.946000,21.162000,359.103677,359.147566,360.000000,625,0.896323,PI,FIFO,true,PI_FIFO,359.147566
9.050021,-1,15,9999.723000,20.885000,358.337315,359.026029,360.000000,625,1.662685,PI,FIFO,true,PI_FIFO,359.026029
9.060021,-1,15,10000.002000,20.887000,362.368857,359.527453,360.000000,625,-2.368857,PI,FIFO,true,PI_FIFO,359.527453
9.070021,-1,15,9999.908000,20.795000,360.088116,359.611552,360.000000,625,-0.088116,PI,FIFO,true,PI_FIFO,359.611552
9.080021,-1,15,10000.076000,20.871000,362.168874,359.995151,360.000000,625,-2.168874,PI,FIFO,true,PI_FIFO,359.995151
9.090021,-1,15,10000.019000,20.890000,359.539789,359.926846,360.000000,625,0.460211,PI,FIFO,true,PI_FIFO,359.926846
9.100021,-1,15,10000.205000,21.095000,363.559979,360.471816,360.000000,624,-3.559979,PI,FIFO,true,PI_FIFO,360.471816
9.110028,-1,15,10006.760000,27.855000,361.969112,360.696411,360.000000,624,-1.969112,PI,FIFO,true,PI_FIFO,360.696411
9.120026,-1,15,9998.112000,25.967000,366.020302,361.494994,360.000000,623,-6.020302,PI,FIFO,true,PI_FIFO,361.494994
9.130024,-1,15,9997.853000,23.820000,364.036090,361.876159,360.000000,622,-4.036090,PI,FIFO,true,PI_FIFO,361.876159
9.140022,-1,15,9998.149000,21.969000,365.802676,362.465136,360.000000,620,-5.802676,PI,FIFO,true,PI_FIFO,362.465136
9.150027,-1,15,10004.649000,26.618000,359.114466,361.962536,360.000000,620,0.885534,PI,FIFO,true,PI_FIFO,361.962536
9.160022,-1,15,9995.519000,22.137000,357.045702,361.225011,360.000000,620,2.954298,PI,FIFO,true,PI_FIFO,361.225011
9.170022,-1,15,10000.093000,22.230000,353.773585,360.107297,360.000000,621,6.226415,PI,FIFO,true,PI_FIFO,360.107297
9.180019,-1,15,9996.667000,18.897000,354.538088,359.271915,360.000000,622,5.461912,PI,FIFO,true,PI_FIFO,359.271915
9.190018,-1,15,9999.390000,18.287000,353.606789,358.422146,360.000000,623,6.393211,PI,FIFO,true,PI_FIFO,358.422146
9.200019,-1,15,10000.260000,18.547000,354.346652,357.810822,360.000000,624,5.653348,PI,FIFO,true,PI_FIFO,357.810822
9.210019,-1,15,10000.260000,18.807000,360.403652,358.199747,360.000000,625,-0.403652,PI,FIFO,true,PI_FIFO,358.199747
9.220019,-1,15,9999.908000,18.715000,358.606557,358.260768,360.000000,625,1.393443,PI,FIFO,true,PI_FIFO,358.260768
9.230024,-1,15,10005.112000,23.827000,359.762980,358.486100,360.000000,626,0.237020,PI,FIFO,true,PI_FIFO,358.486100
9.240019,-1,15,9994.963000,18.790000,359.195402,358.592495,360.000000,626,0.804598,PI,FIFO,true,PI_FIFO,358.592495
9.250018,-1,15,9999.612000,18.402000,361.886921,359.086659,360.000000,626,-1.886921,PI,FIFO,true,PI_FIFO,359.086659
9.260018,-1,15,9999.908000,18.310000,359.195402,359.102971,360.000000,627,0.804598,PI,FIFO,true,PI_FIFO,359.102971
9.270019,-1,15,10000.464000,18.774000,363.020329,359.690574,360.000000,626,-3.020329,PI,FIFO,true,PI_FIFO,359.690574
9.280026,-1,15,10007.612000,26.386000,362.996902,360.186524,360.000000,626,-2.996902,PI,FIFO,true,PI_FIFO,360.186524
9.290016,-1,15,9989.334000,15.720000,367.466928,361.278584,360.000000,625,-7.466928,PI,FIFO,true,PI_FIFO,361.278584
9.300034,-1,15,10018.778000,34.498000,364.691390,361.790505,360.000000,624,-4.691390,PI,FIFO,true,PI_FIFO,361.790505
9.310027,-1,15,9992.501000,26.999000,365.203941,362.302521,360.000000,622,-5.203941,PI,FIFO,true,PI_FIFO,362.302521
9.320018,-1,15,9991.464000,18.463000,360.947125,362.099211,360.000000,621,-0.947125,PI,FIFO,true,PI_FIFO,362.099211
9.330018,-1,15,9999.982000,18.445000,360.057609,361.792971,360.000000,621,-0.057609,PI,FIFO,true,PI_FIFO,361.792971
9.340016,-1,15,9997.964000,16.409000,354.538088,360.704738,360.000000,621,5.461912,PI,FIFO,true,PI_FIFO,360.704738
9.350019,-1,15,10002.148000,18.557000,357.483317,360.221525,360.000000,622,2.516683,PI,FIFO,true,PI_FIFO,360.221525
9.360019,-1,15,10000.353000,18.910000,354.346652,359.340294,360.000000,623,5.653348,PI,FIFO,true,PI_FIFO,359.340294
9.370032,-1,15,10012.797000,31.707000,357.483317,359.061748,360.000000,623,2.516683,PI,FIFO,true,PI_FIFO,359.061748
9.380020,-1,15,9988.241000,19.948000,358.371560,358.958220,360.000000,624,1.628440,PI,FIFO,true,PI_FIFO,358.958220
9.390019,-1,15,9998.816000,18.764000,361.445783,359.331354,360.000000,624,-1.445783,PI,FIFO,true,PI_FIFO,359.331354
9.400019,-1,15,10000.112000,18.876000,359.195402,359.310961,360.000000,624,0.804598,PI,FIFO,true,PI_FIFO,359.310961
9.410015,-1,15,9995.760000,14.636000,359.762980,359.378764,360.000000,624,0.237020,PI,FIFO,true,PI_FIFO,359.378764
9.420019,-1,15,10004.778000,19.414000,360.378913,359.528786,360.000000,624,-0.378913,PI,FIFO,true,PI_FIFO,359.528786
9.430016,-1,15,9996.260000,15.674000,360.403652,359.660016,360.000000,624,-0.403652,PI,FIFO,true,PI_FIFO,359.660016
9.440019,-1,15,10003.593000,19.267000,360.576923,359.797552,360.000000,624,-0.576923,PI,FIFO,true,PI_FIFO,359.797552
9.450019,-1,15,9999.631000,18.898000,363.020329,360.280969,360.000000,624,-3.020329,PI,FIFO,true,PI_FIFO,360.280969
9.460019,-1,15,10000.056000,18.954000,367.107195,361.304903,360.000000,623,-7.107195,PI,FIFO,true,PI_FIFO,361.304903
9.470018,-1,15,9999.056000,18.010000,363.372093,361.614981,360.000000,622,-3.372093,PI,FIFO,true,PI_FIFO,361.614981
9.480019,-1,15,10001.038000,19.048000,362.493958,361.746828,360.000000,621,-2.493958,PI,FIFO,true,PI_FIFO,361.746828
9.490018,-1,15,9998.871000,17.919000,357.824427,361.158468,360.000000,621,2.175573,PI,FIFO,true,PI_FIFO,361.158468
9.500019,-1,15,10000.890000,18.809000,358.337315,360.735295,360.000000,621,1.662685,PI,FIFO,true,PI_FIFO,360.735295
9.510028,-1,15,10008.852000,27.661000,353.392569,359.633886,360.000000,622,6.607431,PI,FIFO,true,PI_FIFO,359.633886
9.520026,-1,15,9997.890000,25.551000,356.125356,359.107606,360.000000,622,3.874644,PI,FIFO,true,PI_FIFO,359.107606
9.530019,-1,15,9993.315000,18.866000,355.305901,358.537351,360.000000,623,4.694099,PI,FIFO,true,PI_FIFO,358.537351
9.540019,-1,15,9999.779000,18.645000,360.250904,358.794384,360.000000,624,-0.250904,PI,FIFO,true,PI_FIFO,358.794384
9.550018,-1,15,9999.334000,17.979000,356.077048,358.386783,360.000000,625,3.922952,PI,FIFO,true,PI_FIFO,358.386783
9.560018,-1,15,9999.889000,17.868000,360.923965,358.767361,360.000000,625,-0.923965,PI,FIFO,true,PI_FIFO,358.767361
9.570018,-1,15,10000.112000,17.980000,358.019640,358.655203,360.000000,626,1.980360,PI,FIFO,true,PI_FIFO,358.655203
9.580018,-1,15,10000.427000,18.407000,362.545496,359.238747,360.000000,626,-2.545496,PI,FIFO,true,PI_FIFO,359.238747
9.590018,-1,15,9999.389000,17.796000,356.851550,358.880667,360.000000,626,3.148450,PI,FIFO,true,PI_FIFO,358.880667
9.600019,-1,15,10000.723000,18.519000,364.036090,359.653980,360.000000,626,-4.036090,PI,FIFO,true,PI_FIFO,359.653980
9.610019,-1,15,10000.205000,18.724000,360.378913,359.762720,360.000000,626,-0.378913,PI,FIFO,true,PI_FIFO,359.762720
9.620019,-1,15,9999.834000,18.558000,366.032211,360.703144,360.000000,625,-6.032211,PI,FIFO,true,PI_FIFO,360.703144
9.630019,-1,15,10000.167000,18.725000,365.259740,361.386633,360.000000,624,-5.259740,PI,FIFO,true,PI_FIFO,361.386633
9.640018,-1,15,9999.056000,17.781000,365.853659,362.056687,360.000000,623,-5.853659,PI,FIFO,true,PI_FIFO,362.056687
9.650018,-1,15,10000.131000,17.912000,361.318088,361.945897,360.000000,622,-1.318088,PI,FIFO,true,PI_FIFO,361.945897
9.660018,-1,15,10000.185000,18.097000,361.097737,361.818673,360.000000,621,-1.097737,PI,FIFO,true,PI_FIFO,361.818673
9.670018,-1,15,9999.723000,17.820000,358.166189,361.270801,360.000000,621,1.833811,PI,FIFO,true,PI_FIFO,361.270801
9.680018,-1,15,10000.020000,17.840000,356.735160,360.590455,360.000000,621,3.264840,PI,FIFO,true,PI_FIFO,360.590455
9.690018,-1,15,10000.074000,17.914000,354.945575,359.743723,360.000000,622,5.054425,PI,FIFO,true,PI_FIFO,359.743723
9.700018,-1,15,10000.038000,17.952000,356.077048,359.193721,360.000000,623,3.922952,PI,FIFO,true,PI_FIFO,359.193721
9.710024,-1,15,10005.834000,23.786000,360.750361,359.427217,360.000000,623,-0.750361,PI,FIFO,true,PI_FIFO,359.427217
9.720018,-1,15,9994.260000,18.046000,359.654731,359.461344,360.000000,623,0.345269,PI,FIFO,true,PI_FIFO,359.461344
9.730018,-1,15,10000.408000,18.454000,360.057609,359.550784,360.000000,623,-0.057609,PI,FIFO,true,PI_FIFO,359.550784
9.740017,-1,15,9998.834000,17.288000,359.589041,359.556523,360.000000,623,0.410959,PI,FIFO,true,PI_FIFO,359.556523
9.750018,-1,15,10000.612000,17.900000,360.750361,359.735598,360.000000,623,-0.750361,PI,FIFO,true,PI_FIFO,359.735598
9.760018,-1,15,10000.167000,18.067000,357.097511,359.339885,360.000000,624,2.902489,PI,FIFO,true,PI_FIFO,359.339885
9.770023,-1,15,10004.612000,22.679000,361.445783,359.655770,360.000000,624,-1.445783,PI,FIFO,true,PI_FIFO,359.655770
9.780022,-1,15,9999.075000,21.754000,362.062307,360.016751,360.000000,623,-2.062307,PI,FIFO,true,PI_FIFO,360.016751
9.790021,-1,15,9999.501000,21.255000,366.927593,361.053377,360.000000,622,-6.927593,PI,FIFO,true,PI_FIFO,361.053377
9.800021,-1,15,10000.167000,21.422000,361.875965,361.176765,360.000000,622,-1.875965,PI,FIFO,true,PI_FIFO,361.176765
9.810021,-1,15,9999.908000,21.330000,363.196126,361.479669,360.000000,621,-3.196126,PI,FIFO,true,PI_FIFO,361.479669
9.820022,-1,15,10000.760000,22.090000,357.824427,360.931383,360.000000,621,2.175573,PI,FIFO,true,PI_FIFO,360.931383
9.830022,-1,15,9999.445000,21.535000,357.824427,360.465340,360.000000,621,2.175573,PI,FIFO,true,PI_FIFO,360.465340
9.840021,-1,15,9999.075000,20.610000,352.632993,359.290488,360.000000,622,7.367007,PI,FIFO,true,PI_FIFO,359.290488
9.850021,-1,15,10000.704000,21.314000,357.313006,358.993865,360.000000,623,2.686994,PI,FIFO,true,PI_FIFO,358.993865
9.860021,-1,15,9999.649000,20.963000,354.155424,358.268099,360.000000,624,5.844576,PI,FIFO,true,PI_FIFO,358.268099
9.870021,-1,15,10000.131000,21.094000,357.142857,358.099313,360.000000,625,2.857143,PI,FIFO,true,PI_FIFO,358.099313
9.880021,-1,15,9999.778000,20.872000,358.371560,358.140150,360.000000,626,1.628440,PI,FIFO,true,PI_FIFO,358.140150
9.890022,-1,15,10001.149000,22.021000,360.750361,358.531682,360.000000,626,-0.750361,PI,FIFO,true,PI_FIFO,358.531682
9.900022,-1,15,9999.538000,21.559000,359.838792,358.727748,360.000000,626,0.161208,PI,FIFO,true,PI_FIFO,358.727748
9.910021,-1,15,9999.926000,21.485000,361.620058,359.161595,360.000000,626,-1.620058,PI,FIFO,true,PI_FIFO,359.161595
9.920022,-1,15,10000.094000,21.579000,360.973597,359.433395,360.000000,626,-0.973597,PI,FIFO,true,PI_FIFO,359.433395
9.930021,-1,15,9999.778000,21.357000,362.710514,359.924963,360.000000,626,-2.710514,PI,FIFO,true,PI_FIFO,359.924963
9.940024,-1,15,10003.056000,24.413000,361.172262,360.112058,360.000000,626,-1.172262,PI,FIFO,true,PI_FIFO,360.112058
9.950022,-1,15,9997.390000,21.803000,363.869863,360.675729,360.000000,625,-3.869863,PI,FIFO,true,PI_FIFO,360.675729
9.960022,-1,15,9999.852000,21.655000,367.743201,361.735849,360.000000,624,-7.743201,PI,FIFO,true,PI_FIFO,361.735849
9.970021,-1,15,9999.483000,21.138000,364.785992,362.193371,360.000000,623,-4.785992,PI,FIFO,true,PI_FIFO,362.193371
9.980022,-1,15,10000.889000,22.027000,363.184401,362.342025,360.000000,622,-3.184401,PI,FIFO,true,PI_FIFO,362.342025
9.990021,-1,15,9999.205000,21.232000,360.576923,362.077260,360.000000,621,-0.576923,PI,FIFO,true,PI_FIFO,362.077260
10.000021,-1,15,9999.871000,21.103000,360.378913,361.822508,360.000000,620,-0.378913,PI,FIFO,true,PI_FIFO,361.822508
10.010031,-1,15,10009.574000,30.677000,354.609929,360.740621,360.000000,621,5.390071,PI,FIFO,true,PI_FIFO,360.740621
10.020030,-1,15,9999.186000,29.863000,356.193009,360.058479,360.000000,621,3.806991,PI,FIFO,true,PI_FIFO,360.058479
10.030021,-1,15,9991.519000,21.382000,354.346652,359.201705,360.000000,622,5.653348,PI,FIFO,true,PI_FIFO,359.201705
10.040022,-1,15,10000.760000,22.142000,359.438430,359.237214,360.000000,622,0.561570,PI,FIFO,true,PI_FIFO,359.237214
10.050021,-1,15,9998.723000,20.865000,356.851550,358.879364,360.000000,623,3.148450,PI,FIFO,true,PI_FIFO,358.879364
10.060019,-1,15,9998.427000,19.292000,359.884837,359.030185,360.000000,623,0.115163,PI,FIFO,true,PI_FIFO,359.030185
10.070019,-1,15,9999.908000,19.200000,356.554260,358.658796,360.000000,624,3.445740,PI,FIFO,true,PI_FIFO,358.658796
10.080019,-1,15,9999.630000,18.830000,359.023456,358.713495,360.000000,625,0.976544,PI,FIFO,true,PI_FIFO,358.713495
10.090019,-1,15,10000.075000,18.905000,356.270358,358.347025,360.000000,626,3.729642,PI,FIFO,true,PI_FIFO,358.347025
10.100019,-1,15,9999.686000,18.591000,361.306484,358.790944,360.000000,626,-1.306484,PI,FIFO,true,PI_FIFO,358.790944
10.110018,-1,15,9999.223000,17.814000,360.392107,359.031118,360.000000,626,-0.392107,PI,FIFO,true,PI_FIFO,359.031118
10.120019,-1,15,10000.889000,18.703000,364.927988,359.915649,360.000000,625,-4.927988,PI,FIFO,true,PI_FIFO,359.915649
10.130018,-1,15,9999.426000,18.129000,365.639626,360.774245,360.000000,625,-5.639626,PI,FIFO,true,PI_FIFO,360.774245
10.140015,-1,15,9997.278000,15.407000,365.853659,361.536157,360.000000,623,-5.853659,PI,FIFO,true,PI_FIFO,361.536157
10.150018,-1,15,10002.982000,18.389000,360.761929,361.420023,360.000000,623,-0.761929,PI,FIFO,true,PI_FIFO,361.420023
10.160018,-1,15,9999.740000,18.129000,359.539789,361.137988,360.000000,623,0.460211,PI,FIFO,true,PI_FIFO,361.137988
10.170018,-1,15,10000.204000,18.333000,358.680057,360.769298,360.000000,623,1.319943,PI,FIFO,true,PI_FIFO,360.769298
10.180018,-1,15,9999.538000,17.871000,357.668411,360.304165,360.000000,623,2.331589,PI,FIFO,true,PI_FIFO,360.304165
10.190018,-1,15,10000.407000,18.278000,355.922551,359.646923,360.000000,623,4.077449,PI,FIFO,true,PI_FIFO,359.646923
10.200019,-1,15,10000.223000,18.501000,356.590425,359.188448,360.000000,624,3.409575,PI,FIFO,true,PI_FIFO,359.188448
10.210019,-1,15,10000.018000,18.519000,360.542256,359.391519,360.000000,624,-0.542256,PI,FIFO,true,PI_FIFO,359.391519
10.220019,-1,15,10000.371000,18.890000,359.038188,359.338520,360.000000,624,0.961812,PI,FIFO,true,PI_FIFO,359.338520
10.230019,-1,15,10000.130000,19.020000,360.576923,359.524280,360.000000,624,-0.576923,PI,FIFO,true,PI_FIFO,359.524280
10.240018,-1,15,9999.259000,18.279000,360.576923,359.682177,360.000000,625,-0.576923,PI,FIFO,true,PI_FIFO,359.682177
10.250018,-1,15,9999.593000,17.872000,361.969112,360.025217,360.000000,624,-1.969112,PI,FIFO,true,PI_FIFO,360.025217
10.260018,-1,15,10000.518000,18.390000,359.287174,359.914511,360.000000,624,0.712826,PI,FIFO,true,PI_FIFO,359.914511
10.270019,-1,15,10000.112000,18.502000,361.794501,360.196509,360.000000,624,-1.794501,PI,FIFO,true,PI_FIFO,360.196509
10.280018,-1,15,9999.926000,18.428000,361.172262,360.342872,360.000000,624,-1.172262,PI,FIFO,true,PI_FIFO,360.342872
10.290015,-1,15,9996.370000,14.798000,366.885359,361.324245,360.000000,623,-6.885359,PI,FIFO,true,PI_FIFO,361.324245
10.300018,-1,15,10003.649000,18.447000,361.652608,361.373499,360.000000,622,-1.652608,PI,FIFO,true,PI_FIFO,361.373499
10.310014,-1,15,9995.981000,14.428000,364.999027,361.917329,360.000000,621,-4.999027,PI,FIFO,true,PI_FIFO,361.917329
10.320019,-1,15,10004.741000,19.169000,358.410705,361.391335,360.000000,621,1.589295,PI,FIFO,true,PI_FIFO,361.391335
10.330018,-1,15,9998.556000,17.725000,357.824427,360.856299,360.000000,621,2.175573,PI,FIFO,true,PI_FIFO,360.856299
10.340018,-1,15,9999.926000,17.651000,353.273669,359.718904,360.000000,622,6.726331,PI,FIFO,true,PI_FIFO,359.718904
10.350018,-1,15,10000.389000,18.040000,356.077048,359.172626,360.000000,622,3.922952,PI,FIFO,true,PI_FIFO,359.172626
10.360015,-1,15,9997.000000,15.040000,353.940538,358.387813,360.000000,624,6.059462,PI,FIFO,true,PI_FIFO,358.387813
10.370019,-1,15,10003.612000,18.652000,358.188996,358.357990,360.000000,624,1.811004,PI,FIFO,true,PI_FIFO,358.357990
10.380019,-1,15,10000.222000,18.874000,357.313006,358.201243,360.000000,625,2.686994,PI,FIFO,true,PI_FIFO,358.201243
10.390018,-1,15,9999.334000,18.208000,361.969112,358.766423,360.000000,625,-1.969112,PI,FIFO,true,PI_FIFO,358.766423
10.400018,-1,15,9999.833000,18.041000,359.195402,358.830770,360.000000,626,0.804598,PI,FIFO,true,PI_FIFO,358.830770
10.410018,-1,15,9999.908000,17.949000,359.470859,358.926783,360.000000,626,0.529141,PI,FIFO,true,PI_FIFO,358.926783
10.420019,-1,15,10000.778000,18.727000,360.750361,359.200320,360.000000,626,-0.750361,PI,FIFO,true,PI_FIFO,359.200320
10.430018,-1,15,9999.315000,18.042000,362.248841,359.657598,360.000000,626,-2.248841,PI,FIFO,true,PI_FIFO,359.657598
10.440018,-1,15,9999.815000,17.857000,362.283837,360.051534,360.000000,626,-2.283837,PI,FIFO,true,PI_FIFO,360.051534
10.450018,-1,15,10000.241000,18.098000,365.070093,360.804318,360.000000,625,-5.070093,PI,FIFO,true,PI_FIFO,360.804318
10.460018,-1,15,10000.370000,18.468000,368.043969,361.890266,360.000000,623,-8.043969,PI,FIFO,true,PI_FIFO,361.890266
10.470018,-1,15,9999.167000,17.635000,364.124806,362.225447,360.000000,622,-4.124806,PI,FIFO,true,PI_FIFO,362.225447
10.480018,-1,15,10000.500000,18.135000,362.809598,362.313069,360.000000,621,-2.809598,PI,FIFO,true,PI_FIFO,362.313069
10.490018,-1,15,9999.889000,18.024000,360.220661,361.999208,360.000000,620,-0.220661,PI,FIFO,true,PI_FIFO,361.999208
10.500018,-1,15,9999.778000,17.802000,358.680057,361.501335,360.000000,620,1.319943,PI,FIFO,true,PI_FIFO,361.501335
10.510028,-1,15,10009.722000,27.524000,353.862607,360.355526,360.000000,621,6.137393,PI,FIFO,true,PI_FIFO,360.355526
10.520018,-1,15,9990.834000,18.358000,354.744111,359.513814,360.000000,622,5.255889,PI,FIFO,true,PI_FIFO,359.513814
10.530019,-1,15,10000.389000,18.747000,353.430633,358.601337,360.000000,623,6.569367,PI,FIFO,true,PI_FIFO,358.601337
10.540018,-1,15,9998.945000,17.692000,357.995227,358.510420,360.000000,624,2.004773,PI,FIFO,true,PI_FIFO,358.510420
10.550018,-1,15,10000.352000,18.044000,356.633381,358.228864,360.000000,624,3.366619,PI,FIFO,true,PI_FIFO,358.228864
10.560017,-1,15,9999.444000,17.488000,360.576923,358.581073,360.000000,625,-0.576923,PI,FIFO,true,PI_FIFO,358.581073
10.570017,-1,15,9999.815000,17.303000,359.195402,358.673223,360.000000,625,0.804598,PI,FIFO,true,PI_FIFO,358.673223
10.580019,-1,15,10001.704000,19.007000,360.775151,358.988512,360.000000,625,-0.775151,PI,FIFO,true,PI_FIFO,358.988512
10.590018,-1,15,9998.667000,17.674000,358.508604,358.916526,360.000000,626,1.491396,PI,FIFO,true,PI_FIFO,358.916526
10.600018,-1,15,10000.630000,18.304000,363.522387,359.607405,360.000000,626,-3.522387,PI,FIFO,true,PI_FIFO,359.607405
10.610018,-1,15,9999.389000,17.693000,360.958706,359.810100,360.000000,626,-0.958706,PI,FIFO,true,PI_FIFO,359.810100
10.620020,-1,15,10002.056000,19.749000,365.829865,360.713065,360.000000,625,-5.829865,PI,FIFO,true,PI_FIFO,360.713065
10.630019,-1,15,9999.055000,18.804000,365.319045,361.403962,360.000000,624,-5.319045,PI,FIFO,true,PI_FIFO,361.403962
10.640022,-1,15,10002.982000,21.786000,366.592805,362.182288,360.000000,622,-6.592805,PI,FIFO,true,PI_FIFO,362.182288
10.650019,-1,15,9997.185000,18.971000,360.576923,361.941484,360.000000,622,-0.576923,PI,FIFO,true,PI_FIFO,361.941484
10.660018,-1,15,9998.760000,17.731000,359.287174,361.543337,360.000000,621,0.712826,PI,FIFO,true,PI_FIFO,361.543337
10.670017,-1,15,9999.537000,17.268000,356.972870,360.857767,360.000000,621,3.027130,PI,FIFO,true,PI_FIFO,360.857767
10.680018,-1,15,10000.926000,18.194000,356.463878,360.198684,360.000000,622,3.536122,PI,FIFO,true,PI_FIFO,360.198684
10.690018,-1,15,9999.445000,17.639000,355.281857,359.461160,360.000000,622,4.718143,PI,FIFO,true,PI_FIFO,359.461160
10.700018,-1,15,9999.926000,17.565000,355.883948,358.924578,360.000000,623,4.116052,PI,FIFO,true,PI_FIFO,358.924578
10.710023,-1,15,10005.907000,23.472000,360.088116,359.099109,360.000000,623,-0.088116,PI,FIFO,true,PI_FIFO,359.099109
10.720024,-1,15,10000.630000,24.102000,357.642421,358.880606,360.000000,624,2.357579,PI,FIFO,true,PI_FIFO,358.880606
10.730018,-1,15,9993.889000,17.991000,359.195402,358.927825,360.000000,625,0.804598,PI,FIFO,true,PI_FIFO,358.927825
10.740017,-1,15,9999.389000,17.380000,360.378913,359.145488,360.000000,625,-0.378913,PI,FIFO,true,PI_FIFO,359.145488
10.750018,-1,15,10000.390000,17.770000,361.620058,359.516674,360.000000,625,-1.620058,PI,FIFO,true,PI_FIFO,359.516674
10.760018,-1,15,10000.277000,18.047000,358.188996,359.317522,360.000000,625,1.811004,PI,FIFO,true,PI_FIFO,359.317522
10.770018,-1,15,9999.760000,17.807000,362.493958,359.793988,360.000000,625,-2.493958,PI,FIFO,true,PI_FIFO,359.793988
10.780018,-1,15,10000.222000,18.029000,360.973597,359.970929,360.000000,625,-0.973597,PI,FIFO,true,PI_FIFO,359.970929
10.790017,-1,15,9999.112000,17.141000,366.716521,360.982768,360.000000,624,-6.716521,PI,FIFO,true,PI_FIFO,360.982768
10.800017,-1,15,9999.981000,17.122000,361.875965,361.116747,360.000000,623,-1.875965,PI,FIFO,true,PI_FIFO,361.116747
10.810018,-1,15,10000.704000,17.826000,364.608653,361.640533,360.000000,622,-4.608653,PI,FIFO,true,PI_FIFO,361.640533
10.820019,-1,15,10001.130000,18.956000,360.576923,361.480992,360.000000,622,-0.576923,PI,FIFO,true,PI_FIFO,361.480992
10.830016,-1,15,9996.741000,15.697000,359.367513,361.163970,360.000000,621,0.632487,PI,FIFO,true,PI_FIFO,361.163970
10.840019,-1,15,10003.426000,19.123000,354.397681,360.149027,360.000000,622,5.602319,PI,FIFO,true,PI_FIFO,360.149027
10.850015,-1,15,9995.759000,14.882000,356.803045,359.647129,360.000000,622,3.196955,PI,FIFO,true,PI_FIFO,359.647129
10.860019,-1,15,10004.112000,18.994000,353.773585,358.766098,360.000000,624,6.226415,PI,FIFO,true,PI_FIFO,358.766098
10.870015,-1,15,9995.685000,14.679000,357.483317,358.573681,360.000000,624,2.516683,PI,FIFO,true,PI_FIFO,358.573681
10.880019,-1,15,10004.815000,19.494000,358.371560,358.543363,360.000000,625,1.628440,PI,FIFO,true,PI_FIFO,358.543363
10.890014,-1,15,9994.963000,14.457000,361.236875,358.947389,360.000000,625,-1.236875,PI,FIFO,true,PI_FIFO,358.947389
10.900019,-1,15,10004.149000,18.606000,359.038188,358.961009,360.000000,625,0.961812,PI,FIFO,true,PI_FIFO,358.961009
10.910014,-1,15,9995.796000,14.402000,360.413840,359.178934,360.000000,626,-0.413840,PI,FIFO,true,PI_FIFO,359.178934
10.920020,-1,15,10005.259000,19.661000,359.589041,359.240450,360.000000,626,0.410959,PI,FIFO,true,PI_FIFO,359.240450
10.930018,-1,15,9998.315000,17.976000,360.576923,359.440921,360.000000,626,-0.576923,PI,FIFO,true,PI_FIFO,359.440921
10.940018,-1,15,9999.945000,17.921000,361.620058,359.767791,360.000000,626,-1.620058,PI,FIFO,true,PI_FIFO,359.767791
10.950019,-1,15,10000.908000,18.829000,363.748060,360.364832,360.000000,625,-3.748060,PI,FIFO,true,PI_FIFO,360.364832
10.960019,-1,15,10000.203000,19.032000,367.466928,361.430146,360.000000,624,-7.466928,PI,FIFO,true,PI_FIFO,361.430146
10.970018,-1,15,9999.075000,18.107000,363.559979,361.749621,360.000000,623,-3.559979,PI,FIFO,true,PI_FIFO,361.749621
10.980018,-1,15,10000.352000,18.459000,362.143892,361.808762,360.000000,622,-2.143892,PI,FIFO,true,PI_FIFO,361.808762
10.990018,-1,15,9999.815000,18.274000,358.737245,361.348034,360.000000,622,1.262755,PI,FIFO,true,PI_FIFO,361.348034
11.000018,-1,15,10000.093000,18.367000,358.337315,360.896426,360.000000,622,1.662685,PI,FIFO,true,PI_FIFO,360.896426
11.010018,-1,15,9999.166000,17.533000,354.729730,359.971422,360.000000,623,5.270270,PI,FIFO,true,PI_FIFO,359.971422
11.020019,-1,15,10001.501000,19.034000,356.463878,359.445290,360.000000,623,3.536122,PI,FIFO,true,PI_FIFO,359.445290
11.030019,-1,15,9999.666000,18.700000,354.921579,358.766734,360.000000,624,5.078421,PI,FIFO,true,PI_FIFO,358.766734
11.040017,-1,15,9998.371000,17.071000,359.367513,358.856851,360.000000,625,0.632487,PI,FIFO,true,PI_FIFO,358.856851
11.050018,-1,15,10000.833000,17.904000,357.097511,358.592950,360.000000,625,2.902489,PI,FIFO,true,PI_FIFO,358.592950
11.060019,-1,15,10001.167000,19.071000,361.097737,358.968668,360.000000,626,-1.097737,PI,FIFO,true,PI_FIFO,358.968668
11.070019,-1,15,9999.519000,18.590000,360.392107,359.182184,360.000000,626,-0.392107,PI,FIFO,true,PI_FIFO,359.182184
11.080020,-1,15,10001.315000,19.905000,362.985190,359.752635,360.000000,625,-2.985190,PI,FIFO,true,PI_FIFO,359.752635
11.090018,-1,15,9997.945000,17.850000,359.140362,359.660794,360.000000,626,0.859638,PI,FIFO,true,PI_FIFO,359.660794
11.100024,-1,15,10006.518000,24.368000,363.372093,360.217489,360.000000,625,-3.372093,PI,FIFO,true,PI_FIFO,360.217489
11.110020,-1,15,9995.315000,19.683000,361.172262,360.360705,360.000000,625,-1.172262,PI,FIFO,true,PI_FIFO,360.360705
11.120018,-1,15,9998.203000,17.886000,365.706746,361.162611,360.000000,624,-5.706746,PI,FIFO,true,PI_FIFO,361.162611
11.130018,-1,15,10000.167000,18.053000,365.395323,361.797518,360.000000,623,-5.395323,PI,FIFO,true,PI_FIFO,361.797518
11.140018,-1,15,10000.074000,18.127000,365.371389,362.333598,360.000000,621,-5.371389,PI,FIFO,true,PI_FIFO,362.333598
11.150018,-1,15,10000.351000,18.478000,360.973597,362.129598,360.000000,621,-0.973597,PI,FIFO,true,PI_FIFO,362.129598
11.160018,-1,15,9999.315000,17.793000,358.508604,361.586449,360.000000,620,1.491396,PI,FIFO,true,PI_FIFO,361.586449
11.170018,-1,15,10000.425000,18.218000,356.633381,360.843489,360.000000,620,3.366619,PI,FIFO,true,PI_FIFO,360.843489
11.180018,-1,15,10000.018000,18.236000,354.755298,359.930260,360.000000,621,5.244702,PI,FIFO,true,PI_FIFO,359.930260
11.190018,-1,15,9999.426000,17.662000,353.606789,358.981740,360.000000,622,6.393211,PI,FIFO,true,PI_FIFO,358.981740
11.200018,-1,15,10000.592000,18.254000,354.308390,358.280737,360.000000,623,5.691610,PI,FIFO,true,PI_FIFO,358.280737
11.210018,-1,15,9999.852000,18.106000,359.746738,358.500637,360.000000,624,0.253262,PI,FIFO,true,PI_FIFO,358.500637
11.220018,-1,15,10000.221000,18.327000,357.434641,358.340738,360.000000,625,2.565359,PI,FIFO,true,PI_FIFO,358.340738
11.230018,-1,15,9999.722000,18.049000,359.539789,358.520595,360.000000,625,0.460211,PI,FIFO,true,PI_FIFO,358.520595
11.240019,-1,15,10000.741000,18.790000,358.700643,358.547603,360.000000,626,1.299357,PI,FIFO,true,PI_FIFO,358.547603
11.250018,-1,15,9999.018000,17.808000,360.785068,358.883222,360.000000,626,-0.785068,PI,FIFO,true,PI_FIFO,358.883222
11.260018,-1,15,10000.648000,18.456000,357.045702,358.607594,360.000000,627,2.954298,PI,FIFO,true,PI_FIFO,358.607594
11.270018,-1,15,9999.536000,17.992000,361.969112,359.111822,360.000000,627,-1.969112,PI,FIFO,true,PI_FIFO,359.111822
11.280034,-1,15,10015.870000,33.862000,362.248841,359.582375,360.000000,627,-2.248841,PI,FIFO,true,PI_FIFO,359.582375
11.290016,-1,15,9981.685000,15.547000,367.392808,360.753940,360.000000,625,-7.392808,PI,FIFO,true,PI_FIFO,360.753940
11.300018,-1,15,10002.519000,18.066000,362.368857,360.996177,360.000000,625,-2.368857,PI,FIFO,true,PI_FIFO,360.996177
11.310015,-1,15,9996.666000,14.732000,364.702517,361.552128,360.000000,624,-4.702517,PI,FIFO,true,PI_FIFO,361.552128
11.320019,-1,15,10003.833000,18.565000,359.983544,361.316841,360.000000,623,0.016456,PI,FIFO,true,PI_FIFO,361.316841
11.330014,-1,15,9995.703000,14.268000,360.576923,361.205853,360.000000,623,-0.576923,PI,FIFO,true,PI_FIFO,361.205853
11.340029,-1,15,10015.203000,29.471000,355.652504,360.372851,360.000000,623,4.347496,PI,FIFO,true,PI_FIFO,360.372851
11.350019,-1,15,9989.704000,19.175000,358.508604,360.093214,360.000000,624,1.491396,PI,FIFO,true,PI_FIFO,360.093214
11.360019,-1,15,9999.426000,18.601000,355.618777,359.422048,360.000000,624,4.381223,PI,FIFO,true,PI_FIFO,359.422048
11.370018,-1,15,9999.240000,17.841000,358.998906,359.358577,360.000000,625,1.001094,PI,FIFO,true,PI_FIFO,359.358577
11.380030,-1,15,10012.296000,30.137000,358.680057,359.256799,360.000000,625,1.319943,PI,FIFO,true,PI_FIFO,359.256799
11.390016,-1,15,9985.370000,15.507000,362.809598,359.789719,360.000000,625,-2.809598,PI,FIFO,true,PI_FIFO,359.789719
11.400018,-1,15,10002.833000,18.340000,359.023456,359.674779,360.000000,625,0.976544,PI,FIFO,true,PI_FIFO,359.674779
11.410029,-1,15,10010.296000,28.636000,361.318088,359.921276,360.000000,625,-1.318088,PI,FIFO,true,PI_FIFO,359.921276
11.420040,-1,15,10011.703000,40.339000,361.280958,360.125228,360.000000,625,-1.280958,PI,FIFO,true,PI_FIFO,360.125228
11.430022,-1,15,9981.870000,22.209000,360.438293,360.172188,360.000000,625,-0.438293,PI,FIFO,true,PI_FIFO,360.172188
11.440019,-1,15,9997.278000,19.487000,359.589041,360.084716,360.000000,625,0.410959,PI,FIFO,true,PI_FIFO,360.084716
11.450019,-1,15,9999.185000,18.672000,363.206472,360.552979,360.000000,624,-3.206472,PI,FIFO,true,PI_FIFO,360.552979
11.460019,-1,15,10000.518000,19.190000,366.825042,361.493789,360.000000,623,-6.825042,PI,FIFO,true,PI_FIFO,361.493789
11.470018,-1,15,9998.851000,18.041000,363.869863,361.850200,360.000000,622,-3.869863,PI,FIFO,true,PI_FIFO,361.850200
11.480030,-1,15,10012.222000,30.263000,361.929186,361.862048,360.000000,621,-1.929186,PI,FIFO,true,PI_FIFO,361.862048
11.490016,-1,15,9985.296000,15.559000,358.542882,361.364173,360.000000,621,1.457118,PI,FIFO,true,PI_FIFO,361.364173
11.500019,-1,15,10003.611000,19.170000,359.103677,361.025098,360.000000,621,0.896323,PI,FIFO,true,PI_FIFO,361.025098
11.510031,-1,15,10011.610000,30.780000,353.606789,359.912352,360.000000,621,6.393211,PI,FIFO,true,PI_FIFO,359.912352
11.520020,-1,15,9989.278000,20.058000,355.883948,359.308091,360.000000,622,4.116052,PI,FIFO,true,PI_FIFO,359.308091
11.530019,-1,15,9998.981000,19.039000,355.281857,358.704156,360.000000,623,4.718143,PI,FIFO,true,PI_FIFO,358.704156
11.540019,-1,15,9999.629000,18.668000,359.067000,358.758583,360.000000,623,0.933000,PI,FIFO,true,PI_FIFO,358.758583
11.550015,-1,15,9996.333000,15.001000,357.176874,358.521327,360.000000,624,2.823126,PI,FIFO,true,PI_FIFO,358.521327
11.560019,-1,15,10003.926000,18.927000,360.775151,358.859400,360.000000,624,-0.775151,PI,FIFO,true,PI_FIFO,358.859400
11.570015,-1,15,9995.852000,14.779000,358.680057,358.832499,360.000000,625,1.319943,PI,FIFO,true,PI_FIFO,358.832499
11.580019,-1,15,10004.221000,19.000000,360.923965,359.146219,360.000000,625,-0.923965,PI,FIFO,true,PI_FIFO,359.146219
11.590018,-1,15,9999.000000,18.000000,357.642421,358.920649,360.000000,626,2.357579,PI,FIFO,true,PI_FIFO,358.920649
11.600018,-1,15,10000.333000,18.333000,362.669246,359.482939,360.000000,626,-2.669246,PI,FIFO,true,PI_FIFO,359.482939
11.610018,-1,15,9999.889000,18.222000,361.969112,359.855865,360.000000,625,-1.969112,PI,FIFO,true,PI_FIFO,359.855865
11.620019,-1,15,10000.833000,19.055000,364.368999,360.532835,360.000000,625,-4.368999,PI,FIFO,true,PI_FIFO,360.532835
11.630018,-1,15,9998.944000,17.999000,363.936335,361.043360,360.000000,624,-3.936335,PI,FIFO,true,PI_FIFO,361.043360
11.640018,-1,15,9999.814000,17.813000,365.461456,361.706074,360.000000,623,-5.461456,PI,FIFO,true,PI_FIFO,361.706074
11.650017,-1,15,9999.592000,17.405000,360.059914,361.459150,360.000000,622,-0.059914,PI,FIFO,true,PI_FIFO,361.459150
11.660018,-1,15,10000.185000,17.590000,359.367513,361.145405,360.000000,622,0.632487,PI,FIFO,true,PI_FIFO,361.145405
11.670018,-1,15,10000.056000,17.646000,357.240065,360.559604,360.000000,622,2.759935,PI,FIFO,true,PI_FIFO,360.559604
11.680017,-1,15,9999.536000,17.182000,355.922551,359.864046,360.000000,623,4.077449,PI,FIFO,true,PI_FIFO,359.864046
11.690018,-1,15,10000.518000,17.700000,354.576399,359.070899,360.000000,624,5.423601,PI,FIFO,true,PI_FIFO,359.070899
11.700019,-1,15,10001.093000,18.793000,355.618777,358.553081,360.000000,625,4.381223,PI,FIFO,true,PI_FIFO,358.553081
11.710018,-1,15,9999.425000,18.218000,360.761929,358.884408,360.000000,625,-0.761929,PI,FIFO,true,PI_FIFO,358.884408
11.720019,-1,15,10000.352000,18.570000,359.023456,358.905265,360.000000,625,0.976544,PI,FIFO,true,PI_FIFO,358.905265
11.730018,-1,15,9999.166000,17.736000,360.973597,359.215515,360.000000,625,-0.973597,PI,FIFO,true,PI_FIFO,359.215515
11.740018,-1,15,10000.129000,17.865000,359.884837,359.315913,360.000000,626,0.115163,PI,FIFO,true,PI_FIFO,359.315913
11.750018,-1,15,10000.593000,18.458000,362.248841,359.755852,360.000000,625,-2.248841,PI,FIFO,true,PI_FIFO,359.755852
11.760018,-1,15,9999.259000,17.717000,358.508604,359.568765,360.000000,626,1.491396,PI,FIFO,true,PI_FIFO,359.568765
11.770018,-1,15,10000.666000,18.383000,362.062307,359.942796,360.000000,625,-2.062307,PI,FIFO,true,PI_FIFO,359.942796
11.780018,-1,15,9999.296000,17.679000,362.844702,360.378082,360.000000,625,-2.844702,PI,FIFO,true,PI_FIFO,360.378082
11.790018,-1,15,10000.685000,18.364000,367.286974,361.414416,360.000000,624,-7.286974,PI,FIFO,true,PI_FIFO,361.414416
11.800018,-1,15,9999.499000,17.863000,363.559979,361.736251,360.000000,623,-3.559979,PI,FIFO,true,PI_FIFO,361.736251
11.810018,-1,15,10000.518000,18.381000,364.077670,362.087463,360.000000,622,-4.077670,PI,FIFO,true,PI_FIFO,362.087463
11.820018,-1,15,9999.519000,17.900000,360.207480,361.805466,360.000000,621,-0.207480,PI,FIFO,true,PI_FIFO,361.805466
11.830018,-1,15,9999.796000,17.696000,358.337315,361.285243,360.000000,621,1.662685,PI,FIFO,true,PI_FIFO,361.285243
11.840017,-1,15,9999.629000,17.325000,353.392569,360.101342,360.000000,622,6.607431,PI,FIFO,true,PI_FIFO,360.101342
11.850018,-1,15,10000.666000,17.991000,356.633381,359.581148,360.000000,622,3.366619,PI,FIFO,true,PI_FIFO,359.581148
11.860018,-1,15,9999.833000,17.824000,354.729730,358.853435,360.000000,623,5.270270,PI,FIFO,true,PI_FIFO,358.853435
11.870018,-1,15,9999.852000,17.676000,357.313006,358.622371,360.000000,624,2.686994,PI,FIFO,true,PI_FIFO,358.622371
11.880018,-1,15,9999.962000,17.638000,357.788011,358.497217,360.000000,625,2.211989,PI,FIFO,true,PI_FIFO,358.497217
11.890019,-1,15,10001.000000,18.638000,360.438293,358.788378,360.000000,625,-0.438293,PI,FIFO,true,PI_FIFO,358.788378
11.900018,-1,15,9999.518000,18.156000,358.410705,358.731727,360.000000,626,1.589295,PI,FIFO,true,PI_FIFO,358.731727
11.910018,-1,15,9999.352000,17.508000,359.438430,358.837733,360.000000,626,0.561570,PI,FIFO,true,PI_FIFO,358.837733
11.920019,-1,15,10001.092000,18.600000,360.576923,359.098611,360.000000,626,-0.576923,PI,FIFO,true,PI_FIFO,359.098611
11.930014,-1,15,9995.611000,14.211000,360.576923,359.320358,360.000000,626,-0.576923,PI,FIFO,true,PI_FIFO,359.320358
11.940020,-1,15,10005.351000,19.562000,360.392107,359.481120,360.000000,626,-0.392107,PI,FIFO,true,PI_FIFO,359.481120
11.950014,-1,15,9994.852000,14.414000,363.160953,360.033095,360.000000,626,-3.160953,PI,FIFO,true,PI_FIFO,360.033095
11.960019,-1,15,10004.351000,18.765000,366.784038,361.045737,360.000000,625,-6.784038,PI,FIFO,true,PI_FIFO,361.045737
11.970018,-1,15,9998.741000,17.506000,364.289878,361.532358,360.000000,624,-4.289878,PI,FIFO,true,PI_FIFO,361.532358
11.980018,-1,15,10000.907000,18.413000,362.809598,361.723944,360.000000,623,-2.809598,PI,FIFO,true,PI_FIFO,361.723944
11.990018,-1,15,9999.611000,18.024000,360.798953,361.585195,360.000000,622,-0.798953,PI,FIFO,true,PI_FIFO,361.585195
12.000018,-1,15,10000.314000,18.338000,360.230548,361.381998,360.000000,622,-0.230548,PI,FIFO,true,PI_FIFO,361.381998
12.010017,-1,15,9998.648000,16.986000,354.921579,360.412935,360.000000,623,5.078421,PI,FIFO,true,PI_FIFO,360.412935
12.020018,-1,15,10001.407000,18.393000,356.429997,359.815494,360.000000,623,3.570003,PI,FIFO,true,PI_FIFO,359.815494
12.030018,-1,15,9999.537000,17.930000,354.612165,359.034995,360.000000,624,5.387835,PI,FIFO,true,PI_FIFO,359.034995
12.040027,-1,15,10009.332000,27.262000,359.884837,359.162471,360.000000,624,0.115163,PI,FIFO,true,PI_FIFO,359.162471
12.050020,-1,15,9992.241000,19.503000,356.077048,358.699658,360.000000,625,3.922952,PI,FIFO,true,PI_FIFO,358.699658
12.060018,-1,15,9998.963000,18.466000,361.445783,359.111577,360.000000,625,-1.445783,PI,FIFO,true,PI_FIFO,359.111577
12.070018,-1,15,9999.407000,17.873000,358.371560,359.000574,360.000000,626,1.628440,PI,FIFO,true,PI_FIFO,359.000574
12.080019,-1,15,10000.814000,18.687000,360.230548,359.185070,360.000000,626,-0.230548,PI,FIFO,true,PI_FIFO,359.185070
12.090016,-1,15,9997.074000,15.761000,356.851550,358.835042,360.000000,627,3.148450,PI,FIFO,true,PI_FIFO,358.835042
12.100020,-1,15,10004.129000,19.890000,361.394558,359.218969,360.000000,627,-1.394558,PI,FIFO,true,PI_FIFO,359.218969
12.110035,-1,15,10015.462000,35.352000,361.929186,359.625502,360.000000,627,-1.929186,PI,FIFO,true,PI_FIFO,359.625502
12.120026,-1,15,9990.426000,25.778000,365.070093,360.442191,360.000000,626,-5.070093,PI,FIFO,true,PI_FIFO,360.442191
12.130018,-1,15,9992.721000,18.499000,364.880643,361.107959,360.000000,625,-4.880643,PI,FIFO,true,PI_FIFO,361.107959
12.140018,-1,15,9999.055000,17.554000,366.568915,361.927102,360.000000,623,-6.568915,PI,FIFO,true,PI_FIFO,361.927102
12.150018,-1,15,9999.999000,17.553000,359.654731,361.586246,360.000000,623,0.345269,PI,FIFO,true,PI_FIFO,361.586246
12.160018,-1,15,10000.610000,18.163000,358.851675,361.176061,360.000000,623,1.148325,PI,FIFO,true,PI_FIFO,361.176061
12.170018,-1,15,10000.147000,18.310000,357.045702,360.556507,360.000000,623,2.954298,PI,FIFO,true,PI_FIFO,360.556507
12.180019,-1,15,10000.425000,18.735000,356.803045,359.993488,360.000000,623,3.196955,PI,FIFO,true,PI_FIFO,359.993488
12.190018,-1,15,9998.907000,17.642000,354.883193,359.226943,360.000000,624,5.116807,PI,FIFO,true,PI_FIFO,359.226943
12.200020,-1,15,10001.925000,19.567000,356.159179,358.766779,360.000000,625,3.840821,PI,FIFO,true,PI_FIFO,358.766779
12.210018,-1,15,9998.481000,18.048000,360.207480,358.982884,360.000000,625,-0.207480,PI,FIFO,true,PI_FIFO,358.982884
12.220019,-1,15,10001.443000,19.491000,359.023456,358.988970,360.000000,626,0.976544,PI,FIFO,true,PI_FIFO,358.988970
12.230018,-1,15,9998.925000,18.416000,360.141587,359.161862,360.000000,626,-0.141587,PI,FIFO,true,PI_FIFO,359.161862
12.240018,-1,15,9999.740000,18.156000,359.925474,359.276404,360.000000,626,0.074526,PI,FIFO,true,PI_FIFO,359.276404
12.250018,-1,15,10000.055000,18.211000,363.412338,359.896794,360.000000,626,-3.412338,PI,FIFO,true,PI_FIFO,359.896794
12.260018,-1,15,10000.036000,18.247000,360.057609,359.920916,360.000000,626,-0.057609,PI,FIFO,true,PI_FIFO,359.920916
12.270026,-1,15,10007.425000,25.672000,362.996902,360.382314,360.000000,625,-2.996902,PI,FIFO,true,PI_FIFO,360.382314
12.280019,-1,15,9992.833000,18.505000,363.372093,360.830781,360.000000,625,-3.372093,PI,FIFO,true,PI_FIFO,360.830781
12.290019,-1,15,10000.721000,19.226000,367.223502,361.789689,360.000000,623,-7.223502,PI,FIFO,true,PI_FIFO,361.789689
12.300019,-1,15,9999.314000,18.540000,362.970133,361.966756,360.000000,622,-2.970133,PI,FIFO,true,PI_FIFO,361.966756
12.310025,-1,15,10005.962000,24.502000,365.259740,362.460703,360.000000,621,-5.259740,PI,FIFO,true,PI_FIFO,362.460703
12.320018,-1,15,9993.296000,17.798000,360.403652,362.152146,360.000000,620,-0.403652,PI,FIFO,true,PI_FIFO,362.152146
12.330018,-1,15,9999.888000,17.686000,358.337315,361.579921,360.000000,620,1.662685,PI,FIFO,true,PI_FIFO,361.579921
12.340018,-1,15,10000.054000,17.740000,353.684608,360.395624,360.000000,621,6.315392,PI,FIFO,true,PI_FIFO,360.395624
12.350018,-1,15,10000.055000,17.795000,355.281857,359.628559,360.000000,621,4.718143,PI,FIFO,true,PI_FIFO,359.628559
12.360018,-1,15,9999.907000,17.702000,353.012372,358.636131,360.000000,623,6.987628,PI,FIFO,true,PI_FIFO,358.636131
12.370018,-1,15,10000.165000,17.867000,357.653791,358.488780,360.000000,623,2.346209,PI,FIFO,true,PI_FIFO,358.488780
12.380017,-1,15,9999.500000,17.367000,358.215066,358.447723,360.000000,624,1.784934,PI,FIFO,true,PI_FIFO,358.447723
12.390018,-1,15,10000.499000,17.866000,360.923965,358.819159,360.000000,624,-0.923965,PI,FIFO,true,PI_FIFO,358.819159
12.400017,-1,15,9999.369000,17.235000,358.737245,358.806872,360.000000,625,1.262755,PI,FIFO,true,PI_FIFO,358.806872
12.410017,-1,15,9999.962000,17.197000,359.539789,358.916810,360.000000,625,0.460211,PI,FIFO,true,PI_FIFO,358.916810
12.420019,-1,15,10001.629000,18.826000,359.786184,359.047216,360.000000,626,0.213816,PI,FIFO,true,PI_FIFO,359.047216
12.430019,-1,15,10000.462000,19.288000,360.403652,359.250681,360.000000,626,-0.403652,PI,FIFO,true,PI_FIFO,359.250681
12.440019,-1,15,9999.240000,18.528000,361.875965,359.644474,360.000000,626,-1.875965,PI,FIFO,true,PI_FIFO,359.644474
12.450015,-1,15,9996.425000,14.953000,364.254492,360.335977,360.000000,625,-4.254492,PI,FIFO,true,PI_FIFO,360.335977
12.460019,-1,15,10004.018000,18.971000,367.550967,361.418225,360.000000,624,-7.550967,PI,FIFO,true,PI_FIFO,361.418225
12.470014,-1,15,9995.517000,14.488000,364.535682,361.885844,360.000000,623,-4.535682,PI,FIFO,true,PI_FIFO,361.885844
12.480019,-1,15,10004.537000,19.025000,362.168874,361.928298,360.000000,622,-2.168874,PI,FIFO,true,PI_FIFO,361.928298
12.490018,-1,15,9998.999000,18.024000,359.367513,361.544180,360.000000,621,0.632487,PI,FIFO,true,PI_FIFO,361.544180
12.500019,-1,15,10001.166000,19.190000,360.230548,361.347136,360.000000,621,-0.230548,PI,FIFO,true,PI_FIFO,361.347136
12.510028,-1,15,10008.980000,28.170000,355.257175,360.433641,360.000000,621,4.742825,PI,FIFO,true,PI_FIFO,360.433641
12.520026,-1,15,9997.981000,26.151000,355.990127,359.767114,360.000000,622,4.009873,PI,FIFO,true,PI_FIFO,359.767114
12.530020,-1,15,9993.462000,19.613000,355.883948,359.184639,360.000000,623,4.116052,PI,FIFO,true,PI_FIFO,359.184639
12.540018,-1,15,9998.184000,17.797000,358.817338,359.129544,360.000000,623,1.182662,PI,FIFO,true,PI_FIFO,359.129544
12.550018,-1,15,10000.185000,17.982000,355.922551,358.648495,360.000000,624,4.077449,PI,FIFO,true,PI_FIFO,358.648495
12.560019,-1,15,10000.795000,18.777000,360.740154,358.962244,360.000000,624,-0.740154,PI,FIFO,true,PI_FIFO,358.962244
12.570018,-1,15,9998.907000,17.684000,359.195402,358.997218,360.000000,625,0.804598,PI,FIFO,true,PI_FIFO,358.997218
12.580018,-1,15,9999.869000,17.553000,361.620058,359.390644,360.000000,625,-1.620058,PI,FIFO,true,PI_FIFO,359.390644
12.590018,-1,15,10000.333000,17.886000,357.097511,359.046674,360.000000,625,2.902489,PI,FIFO,true,PI_FIFO,359.046674
12.600019,-1,15,10001.499000,19.385000,362.143892,359.511257,360.000000,625,-2.143892,PI,FIFO,true,PI_FIFO,359.511257
12.610019,-1,15,9999.295000,18.680000,360.576923,359.671107,360.000000,625,-0.576923,PI,FIFO,true,PI_FIFO,359.671107
12.620019,-1,15,9999.925000,18.605000,365.371389,360.526149,360.000000,624,-5.371389,PI,FIFO,true,PI_FIFO,360.526149
12.630023,-1,15,10004.222000,22.827000,364.124806,361.065948,360.000000,623,-4.124806,PI,FIFO,true,PI_FIFO,361.065948
12.640019,-1,15,9995.980000,18.807000,365.675280,361.757347,360.000000,622,-5.675280,PI,FIFO,true,PI_FIFO,361.757347
12.650018,-1,15,9999.444000,18.251000,360.576923,361.580284,360.000000,622,-0.576923,PI,FIFO,true,PI_FIFO,361.580284
12.660019,-1,15,10000.443000,18.694000,359.367513,361.248368,360.000000,621,0.632487,PI,FIFO,true,PI_FIFO,361.248368
12.670015,-1,15,9995.963000,14.657000,356.657609,360.559754,360.000000,622,3.342391,PI,FIFO,true,PI_FIFO,360.559754
12.680019,-1,15,10004.073000,18.730000,355.956336,359.869242,360.000000,622,4.043664,PI,FIFO,true,PI_FIFO,359.869242
12.690018,-1,15,9999.610000,18.340000,354.346652,359.040853,360.000000,623,5.653348,PI,FIFO,true,PI_FIFO,359.040853
12.700018,-1,15,9999.351000,17.691000,356.803045,358.705182,360.000000,624,3.196955,PI,FIFO,true,PI_FIFO,358.705182
12.710018,-1,15,10000.240000,17.931000,359.654731,358.847614,360.000000,624,0.345269,PI,FIFO,true,PI_FIFO,358.847614
12.720018,-1,15,10000.110000,18.041000,358.680057,358.822481,360.000000,625,1.319943,PI,FIFO,true,PI_FIFO,358.822481
12.730018,-1,15,9999.925000,17.966000,359.712230,358.955943,360.000000,625,0.287770,PI,FIFO,true,PI_FIFO,358.955943
12.740027,-1,15,10009.184000,27.150000,359.786184,359.080479,360.000000,625,0.213816,PI,FIFO,true,PI_FIFO,359.080479
12.750020,-1,15,9992.592000,19.742000,360.903533,359.353937,360.000000,626,-0.903533,PI,FIFO,true,PI_FIFO,359.353937
12.760021,-1,15,10001.314000,21.056000,359.195402,359.330157,360.000000,626,0.804598,PI,FIFO,true,PI_FIFO,359.330157
12.770019,-1,15,9997.981000,19.037000,361.689815,359.684106,360.000000,626,-1.689815,PI,FIFO,true,PI_FIFO,359.684106
12.780018,-1,15,9998.647000,17.684000,362.143892,360.053074,360.000000,625,-2.143892,PI,FIFO,true,PI_FIFO,360.053074
12.790018,-1,15,10000.722000,18.406000,367.731887,361.204896,360.000000,624,-7.731887,PI,FIFO,true,PI_FIFO,361.204896
12.800018,-1,15,9999.851000,18.257000,361.969112,361.319528,360.000000,623,-1.969112,PI,FIFO,true,PI_FIFO,361.319528
12.810035,-1,15,10017.110000,35.367000,364.869505,361.852025,360.000000,622,-4.869505,PI,FIFO,true,PI_FIFO,361.852025
12.820032,-1,15,9997.110000,32.477000,360.207480,361.605343,360.000000,622,-0.207480,PI,FIFO,true,PI_FIFO,361.605343
12.830023,-1,15,9990.295000,22.772000,359.392114,361.273359,360.000000,622,0.607886,PI,FIFO,true,PI_FIFO,361.273359
12.840022,-1,15,9999.537000,22.309000,354.945575,360.324191,360.000000,622,5.054425,PI,FIFO,true,PI_FIFO,360.324191
12.850021,-1,15,9998.777000,21.086000,357.460600,359.894652,360.000000,622,2.539400,PI,FIFO,true,PI_FIFO,359.894652
12.860022,-1,15,10000.665000,21.751000,354.107649,359.026602,360.000000,623,5.892351,PI,FIFO,true,PI_FIFO,359.026602
12.870021,-1,15,9999.555000,21.306000,358.019640,358.875558,360.000000,624,1.980360,PI,FIFO,true,PI_FIFO,358.875558
12.880021,-1,15,9999.518000,20.824000,358.131984,358.764021,360.000000,625,1.868016,PI,FIFO,true,PI_FIFO,358.764021
12.890021,-1,15,10000.554000,21.378000,362.286171,359.292344,360.000000,625,-2.286171,PI,FIFO,true,PI_FIFO,359.292344
12.900019,-1,15,9998.055000,19.433000,358.851675,359.226243,360.000000,625,1.148325,PI,FIFO,true,PI_FIFO,359.226243
12.910019,-1,15,9999.407000,18.840000,361.318088,359.540020,360.000000,625,-1.318088,PI,FIFO,true,PI_FIFO,359.540020
12.920019,-1,15,10000.203000,19.043000,360.761929,359.723307,360.000000,625,-0.761929,PI,FIFO,true,PI_FIFO,359.723307
12.930015,-1,15,9995.665000,14.708000,360.947125,359.906879,360.000000,625,-0.947125,PI,FIFO,true,PI_FIFO,359.906879
12.940019,-1,15,10003.796000,18.504000,360.923965,360.059442,360.000000,625,-0.923965,PI,FIFO,true,PI_FIFO,360.059442
12.950025,-1,15,10006.203000,24.707000,363.748060,360.612735,360.000000,624,-3.748060,PI,FIFO,true,PI_FIFO,360.612735
12.960019,-1,15,9994.647000,19.354000,367.466928,361.640864,360.000000,623,-7.466928,PI,FIFO,true,PI_FIFO,361.640864
12.970019,-1,15,9999.536000,18.890000,363.559979,361.928731,360.000000,622,-3.559979,PI,FIFO,true,PI_FIFO,361.928731
12.980019,-1,15,9999.925000,18.815000,361.271676,361.830173,360.000000,621,-1.271676,PI,FIFO,true,PI_FIFO,361.830173
12.990018,-1,15,9999.573000,18.388000,357.097511,361.120274,360.000000,621,2.902489,PI,FIFO,true,PI_FIFO,361.120274
13.000018,-1,15,9999.759000,18.147000,356.972870,360.498163,360.000000,621,3.027130,PI,FIFO,true,PI_FIFO,360.498163
13.010018,-1,15,10000.166000,18.313000,353.544877,359.455170,360.000000,622,6.455123,PI,FIFO,true,PI_FIFO,359.455170
13.020020,-1,15,10001.240000,19.553000,355.315520,358.834223,360.000000,623,4.684480,PI,FIFO,true,PI_FIFO,358.834223
13.030018,-1,15,9998.351000,17.904000,354.155424,358.132403,360.000000,624,5.844576,PI,FIFO,true,PI_FIFO,358.132403
13.040018,-1,15,10000.536000,18.440000,357.995227,358.111826,360.000000,625,2.004773,PI,FIFO,true,PI_FIFO,358.111826
13.050018,-1,15,9999.666000,18.106000,356.916244,357.932489,360.000000,626,3.083756,PI,FIFO,true,PI_FIFO,357.932489
13.060018,-1,15,10000.017000,18.123000,360.750361,358.355170,360.000000,626,-0.750361,PI,FIFO,true,PI_FIFO,358.355170
13.070018,-1,15,9999.518000,17.641000,359.367513,358.507021,360.000000,627,0.632487,PI,FIFO,true,PI_FIFO,358.507021
13.080018,-1,15,10000.314000,17.955000,361.318088,358.928681,360.000000,627,-1.318088,PI,FIFO,true,PI_FIFO,358.928681
13.090017,-1,15,9999.499000,17.454000,359.539789,359.020348,360.000000,627,0.460211,PI,FIFO,true,PI_FIFO,359.020348
13.100019,-1,15,10001.166000,18.620000,364.380900,359.824430,360.000000,627,-4.380900,PI,FIFO,true,PI_FIFO,359.824430
13.110018,-1,15,9999.610000,18.230000,361.759599,360.114706,360.000000,627,-1.759599,PI,FIFO,true,PI_FIFO,360.114706
13.120018,-1,15,9999.517000,17.747000,365.829865,360.971979,360.000000,626,-5.829865,PI,FIFO,true,PI_FIFO,360.971979
13.130018,-1,15,10000.239000,17.986000,365.070093,361.586697,360.000000,625,-5.070093,PI,FIFO,true,PI_FIFO,361.586697
13.140019,-1,15,10000.517000,18.503000,368.265993,362.588591,360.000000,623,-8.265993,PI,FIFO,true,PI_FIFO,362.588591
13.150018,-1,15,9999.258000,17.761000,361.722651,362.458700,360.000000,622,-1.722651,PI,FIFO,true,PI_FIFO,362.458700
13.160019,-1,15,10000.999000,18.760000,361.132512,362.259772,360.000000,621,-1.132512,PI,FIFO,true,PI_FIFO,362.259772
13.170018,-1,15,9999.073000,17.833000,358.371560,361.676540,360.000000,621,1.628440,PI,FIFO,true,PI_FIFO,361.676540
13.180018,-1,15,10000.295000,18.128000,357.824427,361.098723,360.000000,621,2.175573,PI,FIFO,true,PI_FIFO,361.098723
13.190015,-1,15,9996.739000,14.867000,354.397681,360.093567,360.000000,621,5.602319,PI,FIFO,true,PI_FIFO,360.093567
13.200019,-1,15,10004.147000,19.014000,356.193009,359.508483,360.000000,622,3.806991,PI,FIFO,true,PI_FIFO,359.508483
13.210014,-1,15,9995.387000,14.401000,359.712230,359.539045,360.000000,622,0.287770,PI,FIFO,true,PI_FIFO,359.539045
13.220021,-1,15,10006.592000,20.993000,357.629428,359.252603,360.000000,623,2.370572,PI,FIFO,true,PI_FIFO,359.252603
13.230015,-1,15,9994.276000,15.269000,359.367513,359.269839,360.000000,623,0.632487,PI,FIFO,true,PI_FIFO,359.269839
13.240019,-1,15,10003.443000,18.712000,357.653791,359.027432,360.000000,624,2.346209,PI,FIFO,true,PI_FIFO,359.027432
13.250018,-1,15,9999.443000,18.155000,359.287174,359.066393,360.000000,624,0.712826,PI,FIFO,true,PI_FIFO,359.066393
13.260018,-1,15,10000.036000,18.191000,356.972870,358.752365,360.000000,625,3.027130,PI,FIFO,true,PI_FIFO,358.752365
13.270018,-1,15,9999.961000,18.152000,360.378913,358.996347,360.000000,625,-0.378913,PI,FIFO,true,PI_FIFO,358.996347
13.280019,-1,15,10000.573000,18.725000,361.722651,359.405293,360.000000,625,-1.722651,PI,FIFO,true,PI_FIFO,359.405293
13.290018,-1,15,9998.851000,17.576000,365.802676,360.364900,360.000000,624,-5.802676,PI,FIFO,true,PI_FIFO,360.364900
13.300017,-1,15,9999.776000,17.352000,362.710514,360.716742,360.000000,624,-2.710514,PI,FIFO,true,PI_FIFO,360.716742
13.310018,-1,15,10000.350000,17.702000,364.138275,361.229972,360.000000,623,-4.138275,PI,FIFO,true,PI_FIFO,361.229972
13.320019,-1,15,10001.092000,18.794000,359.746738,361.007487,360.000000,622,0.253262,PI,FIFO,true,PI_FIFO,361.007487
13.330018,-1,15,9999.461000,18.255000,359.287174,360.749440,360.000000,622,0.712826,PI,FIFO,true,PI_FIFO,360.749440
13.340018,-1,15,10000.166000,18.421000,356.125356,360.055828,360.000000,623,3.874644,PI,FIFO,true,PI_FIFO,360.055828
13.350018,-1,15,9999.369000,17.790000,358.606557,359.838437,360.000000,623,1.393443,PI,FIFO,true,PI_FIFO,359.838437
13.360018,-1,15,10000.702000,18.492000,355.450237,359.180207,360.000000,624,4.549763,PI,FIFO,true,PI_FIFO,359.180207
13.370018,-1,15,9999.906000,18.398000,358.188996,359.031525,360.000000,624,1.811004,PI,FIFO,true,PI_FIFO,359.031525
13.380018,-1,15,9999.517000,17.915000,358.337315,358.927394,360.000000,625,1.662685,PI,FIFO,true,PI_FIFO,358.927394
13.390018,-1,15,10000.277000,18.192000,361.570248,359.323822,360.000000,625,-1.570248,PI,FIFO,true,PI_FIFO,359.323822
13.400018,-1,15,9999.757000,17.949000,358.851675,359.253000,360.000000,625,1.148325,PI,FIFO,true,PI_FIFO,359.253000
13.410018,-1,15,9999.758000,17.707000,360.923965,359.503645,360.000000,625,-0.923965,PI,FIFO,true,PI_FIFO,359.503645
13.420019,-1,15,10001.777000,19.484000,360.392107,359.636914,360.000000,625,-0.392107,PI,FIFO,true,PI_FIFO,359.636914
13.430018,-1,15,9998.535000,18.019000,361.097737,359.856037,360.000000,625,-1.097737,PI,FIFO,true,PI_FIFO,359.856037
13.440027,-1,15,10009.110000,27.129000,359.838792,359.853451,360.000000,625,0.161208,PI,FIFO,true,PI_FIFO,359.853451
13.450019,-1,15,9992.351000,19.480000,363.196126,360.354852,360.000000,625,-3.196126,PI,FIFO,true,PI_FIFO,360.354852
13.460018,-1,15,9998.702000,18.182000,366.401772,361.261890,360.000000,624,-6.401772,PI,FIFO,true,PI_FIFO,361.261890
13.470018,-1,15,9999.610000,17.792000,363.724539,361.631287,360.000000,623,-3.724539,PI,FIFO,true,PI_FIFO,361.631287
13.480019,-1,15,10000.795000,18.587000,361.689815,361.640066,360.000000,622,-1.689815,PI,FIFO,true,PI_FIFO,361.640066
13.490018,-1,15,9999.517000,18.104000,360.057609,361.402698,360.000000,622,-0.057609,PI,FIFO,true,PI_FIFO,361.402698
13.500017,-1,15,9999.147000,17.251000,358.959632,361.036238,360.000000,621,1.040368,PI,FIFO,true,PI_FIFO,361.036238
13.510034,-1,15,10016.368000,33.619000,353.973948,359.976894,360.000000,622,6.026052,PI,FIFO,true,PI_FIFO,359.976894
13.520034,-1,15,10000.277000,33.896000,355.472700,359.301265,360.000000,623,4.527300,PI,FIFO,true,PI_FIFO,359.301265
13.530023,-1,15,9988.684000,22.580000,354.729730,358.615535,360.000000,624,5.270270,PI,FIFO,true,PI_FIFO,358.615535
13.540020,-1,15,9996.980000,19.560000,359.438430,358.738969,360.000000,624,0.561570,PI,FIFO,true,PI_FIFO,358.738969
13.550025,-1,15,10005.406000,24.966000,356.463878,358.397706,360.000000,625,3.536122,PI,FIFO,true,PI_FIFO,358.397706
13.560022,-1,15,9997.258000,22.224000,360.369018,358.693402,360.000000,626,-0.369018,PI,FIFO,true,PI_FIFO,358.693402
13.570019,-1,15,9996.684000,18.908000,358.408095,358.650606,360.000000,626,1.591905,PI,FIFO,true,PI_FIFO,358.650606
13.580018,-1,15,9999.017000,17.925000,360.923965,358.991610,360.000000,626,-0.923965,PI,FIFO,true,PI_FIFO,358.991610
13.590018,-1,15,9999.943000,17.868000,357.629428,358.787283,360.000000,627,2.370572,PI,FIFO,true,PI_FIFO,358.787283
13.600017,-1,15,9999.573000,17.441000,362.844702,359.395896,360.000000,627,-2.844702,PI,FIFO,true,PI_FIFO,359.395896
13.610018,-1,15,10000.683000,18.124000,361.689815,359.739984,360.000000,627,-1.689815,PI,FIFO,true,PI_FIFO,359.739984
13.620023,-1,15,10004.666000,22.790000,367.054353,360.837139,360.000000,626,-7.054353,PI,FIFO,true,PI_FIFO,360.837139
13.630021,-1,15,9998.165000,20.955000,365.191987,361.490366,360.000000,625,-5.191987,PI,FIFO,true,PI_FIFO,361.490366
13.640022,-1,15,10001.017000,21.972000,366.210938,362.198452,360.000000,623,-6.210938,PI,FIFO,true,PI_FIFO,362.198452
13.650021,-1,15,9999.202000,21.174000,361.132512,362.038561,360.000000,622,-1.132512,PI,FIFO,true,PI_FIFO,362.038561
13.660019,-1,15,9997.369000,18.543000,359.712230,361.689611,360.000000,622,0.287770,PI,FIFO,true,PI_FIFO,361.689611
13.670019,-1,15,10000.295000,18.838000,357.824427,361.109834,360.000000,622,2.175573,PI,FIFO,true,PI_FIFO,361.109834
13.680019,-1,15,10000.092000,18.930000,357.142857,360.514787,360.000000,622,2.857143,PI,FIFO,true,PI_FIFO,360.514787
13.690018,-1,15,9999.202000,18.132000,354.576399,359.624029,360.000000,623,5.423601,PI,FIFO,true,PI_FIFO,359.624029
13.700019,-1,15,10000.721000,18.853000,354.911982,358.917222,360.000000,624,5.088018,PI,FIFO,true,PI_FIFO,358.917222
13.710018,-1,15,9999.517000,18.370000,359.234727,358.964848,360.000000,624,0.765273,PI,FIFO,true,PI_FIFO,358.964848
13.720018,-1,15,9999.295000,17.665000,357.995227,358.819405,360.000000,625,2.004773,PI,FIFO,true,PI_FIFO,358.819405
13.730018,-1,15,10000.461000,18.126000,360.207480,359.027616,360.000000,625,-0.207480,PI,FIFO,true,PI_FIFO,359.027616
13.740018,-1,15,10000.147000,18.273000,359.333078,359.073435,360.000000,625,0.666922,PI,FIFO,true,PI_FIFO,359.073435
13.750018,-1,15,9999.703000,17.976000,362.809598,359.633859,360.000000,625,-2.809598,PI,FIFO,true,PI_FIFO,359.633859
13.760018,-1,15,10000.183000,18.159000,358.337315,359.439378,360.000000,626,1.662685,PI,FIFO,true,PI_FIFO,359.439378
13.770019,-1,15,10000.555000,18.714000,362.248841,359.860797,360.000000,625,-2.248841,PI,FIFO,true,PI_FIFO,359.860797
13.780018,-1,15,9998.961000,17.675000,361.794501,360.150853,360.000000,625,-1.794501,PI,FIFO,true,PI_FIFO,360.150853
13.790018,-1,15,10000.017000,17.692000,366.716521,361.135703,360.000000,624,-6.716521,PI,FIFO,true,PI_FIFO,361.135703
13.800018,-1,15,10000.221000,17.913000,362.769486,361.380770,360.000000,623,-2.769486,PI,FIFO,true,PI_FIFO,361.380770
13.810018,-1,15,9999.740000,17.653000,364.702517,361.879032,360.000000,622,-4.702517,PI,FIFO,true,PI_FIFO,361.879032
13.820020,-1,15,10001.869000,19.522000,359.983544,361.594709,360.000000,622,0.016456,PI,FIFO,true,PI_FIFO,361.594709
13.830018,-1,15,9998.443000,17.965000,359.195402,361.234813,360.000000,621,0.804598,PI,FIFO,true,PI_FIFO,361.234813
13.840018,-1,15,10000.461000,18.426000,353.392569,360.058476,360.000000,622,6.607431,PI,FIFO,true,PI_FIFO,360.058476
13.850018,-1,15,9999.499000,17.925000,357.995227,359.748989,360.000000,622,2.004773,PI,FIFO,true,PI_FIFO,359.748989
13.860019,-1,15,10000.610000,18.535000,354.397681,358.946293,360.000000,623,5.602319,PI,FIFO,true,PI_FIFO,358.946293
13.870018,-1,15,9999.646000,18.181000,358.166189,358.829277,360.000000,624,1.833811,PI,FIFO,true,PI_FIFO,358.829277
13.880018,-1,15,10000.110000,18.291000,357.824427,358.678550,360.000000,625,2.175573,PI,FIFO,true,PI_FIFO,358.678550
13.890018,-1,15,10000.184000,18.475000,361.097737,359.041428,360.000000,625,-1.097737,PI,FIFO,true,PI_FIFO,359.041428
13.900018,-1,15,9999.684000,18.159000,358.006619,358.886207,360.000000,625,1.993381,PI,FIFO,true,PI_FIFO,358.886207
13.910018,-1,15,9999.739000,17.898000,359.195402,358.932586,360.000000,626,0.804598,PI,FIFO,true,PI_FIFO,358.932586
13.920019,-1,15,10000.628000,18.526000,360.339337,359.143599,360.000000,626,-0.339337,PI,FIFO,true,PI_FIFO,359.143599
13.930015,-1,15,9996.073000,14.599000,359.919378,359.259965,360.000000,626,0.080622,PI,FIFO,true,PI_FIFO,359.259965
13.940018,-1,15,10003.554000,18.153000,360.761929,359.485260,360.000000,626,-0.761929,PI,FIFO,true,PI_FIFO,359.485260
13.950015,-1,15,9996.629000,14.782000,363.548231,360.094706,360.000000,626,-3.548231,PI,FIFO,true,PI_FIFO,360.094706
13.960019,-1,15,10004.628000,19.410000,366.401772,361.040766,360.000000,625,-6.401772,PI,FIFO,true,PI_FIFO,361.040766
13.970018,-1,15,9998.665000,18.075000,363.901019,361.469804,360.000000,624,-3.901019,PI,FIFO,true,PI_FIFO,361.469804
13.980019,-1,15,10000.499000,18.574000,363.206472,361.730304,360.000000,623,-3.206472,PI,FIFO,true,PI_FIFO,361.730304
13.990017,-1,15,9998.739000,17.313000,361.371145,361.676430,360.000000,622,-1.371145,PI,FIFO,true,PI_FIFO,361.676430
14.000018,-1,15,10000.202000,17.515000,360.057609,361.433607,360.000000,622,-0.057609,PI,FIFO,true,PI_FIFO,361.433607
14.010024,-1,15,10006.314000,23.829000,355.976610,360.615057,360.000000,622,4.023390,PI,FIFO,true,PI_FIFO,360.615057
14.020019,-1,15,9995.128000,18.957000,355.990127,359.921318,360.000000,623,4.009873,PI,FIFO,true,PI_FIFO,359.921318
14.030018,-1,15,9999.184000,18.141000,355.498375,359.257876,360.000000,623,4.501625,PI,FIFO,true,PI_FIFO,359.257876
14.040019,-1,15,10001.017000,19.158000,359.539789,359.300163,360.000000,624,0.460211,PI,FIFO,true,PI_FIFO,359.300163
14.050018,-1,15,9998.721000,17.879000,356.270358,358.845693,360.000000,624,3.729642,PI,FIFO,true,PI_FIFO,358.845693
14.060018,-1,15,10000.610000,18.489000,361.230734,359.203449,360.000000,625,-1.230734,PI,FIFO,true,PI_FIFO,359.203449
14.070018,-1,15,9999.221000,17.710000,359.983544,359.320463,360.000000,625,0.016456,PI,FIFO,true,PI_FIFO,359.320463
14.080018,-1,15,10000.461000,18.171000,360.923965,359.560988,360.000000,625,-0.923965,PI,FIFO,true,PI_FIFO,359.560988
14.090015,-1,15,9996.406000,14.577000,357.824427,359.300504,360.000000,625,2.175573,PI,FIFO,true,PI_FIFO,359.300504
14.100018,-1,15,10003.443000,18.020000,362.143892,359.727012,360.000000,625,-2.143892,PI,FIFO,true,PI_FIFO,359.727012
14.110027,-1,15,10009.184000,27.204000,361.503856,359.993539,360.000000,625,-1.503856,PI,FIFO,true,PI_FIFO,359.993539
14.120019,-1,15,9991.961000,19.165000,365.283460,360.787027,360.000000,624,-5.283460,PI,FIFO,true,PI_FIFO,360.787027
14.130018,-1,15,9998.609000,17.774000,364.880643,361.401070,360.000000,623,-4.880643,PI,FIFO,true,PI_FIFO,361.401070
14.140027,-1,15,10009.535000,27.309000,364.821481,361.914131,360.000000,622,-4.821481,PI,FIFO,true,PI_FIFO,361.914131
14.150032,-1,15,10004.869000,32.178000,360.207480,361.658133,360.000000,621,-0.207480,PI,FIFO,true,PI_FIFO,361.658133
14.160019,-1,15,9987.035000,19.213000,357.313006,361.006364,360.000000,621,2.686994,PI,FIFO,true,PI_FIFO,361.006364
14.170019,-1,15,9999.331000,18.544000,355.305901,360.151295,360.000000,622,4.694099,PI,FIFO,true,PI_FIFO,360.151295
14.180019,-1,15,10000.313000,18.857000,355.113636,359.395646,360.000000,623,4.886364,PI,FIFO,true,PI_FIFO,359.395646
14.190015,-1,15,9995.795000,14.652000,353.964401,358.580959,360.000000,624,6.035599,PI,FIFO,true,PI_FIFO,358.580959
14.200019,-1,15,10004.424000,19.076000,355.618777,358.136632,360.000000,625,4.381223,PI,FIFO,true,PI_FIFO,358.136632
14.210035,-1,15,10016.294000,35.370000,359.617942,358.358828,360.000000,625,0.382058,PI,FIFO,true,PI_FIFO,358.358828
14.220031,-1,15,9996.109000,31.479000,358.542882,358.386436,360.000000,626,1.457118,PI,FIFO,true,PI_FIFO,358.386436
14.230023,-1,15,9991.128000,22.607000,360.023041,358.631927,360.000000,626,-0.023041,PI,FIFO,true,PI_FIFO,358.631927
14.240022,-1,15,9999.887000,22.494000,359.023456,358.690657,360.000000,627,0.976544,PI,FIFO,true,PI_FIFO,358.690657
14.250022,-1,15,9999.202000,21.696000,363.372093,359.392872,360.000000,627,-3.372093,PI,FIFO,true,PI_FIFO,359.392872
14.260022,-1,15,10000.276000,21.972000,360.057609,359.492583,360.000000,627,-0.057609,PI,FIFO,true,PI_FIFO,359.492583
14.270021,-1,15,9998.961000,20.933000,363.522387,360.097053,360.000000,626,-3.522387,PI,FIFO,true,PI_FIFO,360.097053
14.280021,-1,15,10000.535000,21.468000,363.055475,360.540816,360.000000,626,-3.055475,PI,FIFO,true,PI_FIFO,360.540816
14.290021,-1,15,9999.498000,20.966000,368.707394,361.765803,360.000000,624,-8.707394,PI,FIFO,true,PI_FIFO,361.765803
14.300022,-1,15,10000.647000,21.613000,364.254492,362.139106,360.000000,623,-4.254492,PI,FIFO,true,PI_FIFO,362.139106
14.310021,-1,15,9998.979000,20.592000,364.313472,362.465261,360.000000,622,-4.313472,PI,FIFO,true,PI_FIFO,362.465261
14.320021,-1,15,10000.202000,20.794000,360.923965,362.234067,360.000000,621,-0.923965,PI,FIFO,true,PI_FIFO,362.234067
14.330021,-1,15,10000.294000,21.088000,359.838792,361.874776,360.000000,621,0.161208,PI,FIFO,true,PI_FIFO,361.874776
14.340021,-1,15,10000.073000,21.161000,354.442344,360.759911,360.000000,621,5.557656,PI,FIFO,true,PI_FIFO,360.759911
14.350020,-1,15,9999.257000,20.418000,356.851550,360.173657,360.000000,621,3.148450,PI,FIFO,true,PI_FIFO,360.173657
14.360021,-1,15,10000.313000,20.731000,353.440151,359.163631,360.000000,622,6.559849,PI,FIFO,true,PI_FIFO,359.163631
14.370030,-1,15,10009.498000,30.229000,357.278963,358.880931,360.000000,623,2.721037,PI,FIFO,true,PI_FIFO,358.880931
14.380023,-1,15,9992.295000,22.524000,357.434641,358.663987,360.000000,624,2.565359,PI,FIFO,true,PI_FIFO,358.663987
14.390020,-1,15,9997.905000,20.429000,360.369018,358.919742,360.000000,624,-0.369018,PI,FIFO,true,PI_FIFO,358.919742
14.400018,-1,15,9997.961000,18.390000,358.043080,358.788242,360.000000,625,1.956920,PI,FIFO,true,PI_FIFO,358.788242
14.410019,-1,15,10000.591000,18.981000,358.166189,358.694934,360.000000,625,1.833811,PI,FIFO,true,PI_FIFO,358.694934
14.420019,-1,15,10000.220000,19.201000,359.392114,358.799511,360.000000,626,0.607886,PI,FIFO,true,PI_FIFO,358.799511
14.430019,-1,15,10000.258000,19.459000,359.600632,358.919679,360.000000,626,0.399368,PI,FIFO,true,PI_FIFO,358.919679
14.440018,-1,15,9998.627000,18.086000,360.576923,359.168266,360.000000,626,-0.576923,PI,FIFO,true,PI_FIFO,359.168266
14.450019,-1,15,10000.498000,18.584000,362.844702,359.719731,360.000000,626,-2.844702,PI,FIFO,true,PI_FIFO,359.719731
14.460026,-1,15,10007.332000,25.916000,367.935636,360.952117,360.000000,625,-7.935636,PI,FIFO,true,PI_FIFO,360.952117
14.470019,-1,15,9992.702000,18.618000,363.372093,361.315114,360.000000,624,-3.372093,PI,FIFO,true,PI_FIFO,361.315114
14.480018,-1,15,9999.813000,18.431000,363.372093,361.623660,360.000000,623,-3.372093,PI,FIFO,true,PI_FIFO,361.623660
14.490022,-1,15,10003.516000,21.947000,360.181120,361.407279,360.000000,623,-0.181120,PI,FIFO,true,PI_FIFO,361.407279
14.500021,-1,15,9999.147000,21.094000,359.712230,361.153022,360.000000,622,0.287770,PI,FIFO,true,PI_FIFO,361.153022
14.510030,-1,15,10008.646000,29.740000,356.373543,360.436100,360.000000,623,3.626457,PI,FIFO,true,PI_FIFO,360.436100
14.520023,-1,15,9993.498000,23.238000,357.395709,359.980041,360.000000,623,2.604291,PI,FIFO,true,PI_FIFO,359.980041
14.530022,-1,15,9998.887000,22.125000,356.097506,359.397661,360.000000,624,3.902494,PI,FIFO,true,PI_FIFO,359.397661
14.540021,-1,15,9998.961000,21.086000,359.983544,359.485543,360.000000,624,0.016456,PI,FIFO,true,PI_FIFO,359.485543
14.550019,-1,15,9998.202000,19.288000,357.653791,359.210781,360.000000,624,2.346209,PI,FIFO,true,PI_FIFO,359.210781
14.560018,-1,15,9998.646000,17.934000,361.503856,359.554742,360.000000,624,-1.503856,PI,FIFO,true,PI_FIFO,359.554742
14.570018,-1,15,10000.146000,18.080000,359.505321,359.547329,360.000000,624,0.494679,PI,FIFO,true,PI_FIFO,359.547329
14.580019,-1,15,10001.017000,19.097000,360.798953,359.735072,360.000000,624,-0.798953,PI,FIFO,true,PI_FIFO,359.735072
14.590018,-1,15,9998.869000,17.966000,358.508604,359.551102,360.000000,625,1.491396,PI,FIFO,true,PI_FIFO,359.551102
14.600018,-1,15,10000.201000,18.167000,361.570248,359.853974,360.000000,625,-1.570248,PI,FIFO,true,PI_FIFO,359.853974
14.610015,-1,15,9996.999000,15.166000,359.712230,359.832712,360.000000,625,0.287770,PI,FIFO,true,PI_FIFO,359.832712
14.620020,-1,15,10004.553000,19.719000,365.259740,360.646767,360.000000,624,-5.259740,PI,FIFO,true,PI_FIFO,360.646767
14.630015,-1,15,9995.461000,15.180000,364.254492,361.187926,360.000000,623,-4.254492,PI,FIFO,true,PI_FIFO,361.187926
14.640019,-1,15,10003.758000,18.938000,366.210938,361.941377,360.000000,622,-6.210938,PI,FIFO,true,PI_FIFO,361.941377
14.650015,-1,15,9995.627000,14.565000,359.712230,361.607005,360.000000,621,0.287770,PI,FIFO,true,PI_FIFO,361.607005
14.660019,-1,15,10004.443000,19.008000,358.883728,361.198514,360.000000,621,1.116272,PI,FIFO,true,PI_FIFO,361.198514
14.670015,-1,15,9995.572000,14.580000,356.159179,360.442614,360.000000,621,3.840821,PI,FIFO,true,PI_FIFO,360.442614
14.680019,-1,15,10004.850000,19.430000,355.498375,359.700978,360.000000,622,4.501625,PI,FIFO,true,PI_FIFO,359.700978
14.690017,-1,15,9997.813000,17.243000,354.274917,358.887069,360.000000,623,5.725083,PI,FIFO,true,PI_FIFO,358.887069
14.700020,-1,15,10002.276000,19.519000,354.921579,358.292245,360.000000,624,5.078421,PI,FIFO,true,PI_FIFO,358.292245
14.710018,-1,15,9998.183000,17.702000,359.712230,358.505243,360.000000,625,0.287770,PI,FIFO,true,PI_FIFO,358.505243
14.720018,-1,15,10000.332000,18.034000,358.303077,358.474918,360.000000,625,1.696923,PI,FIFO,true,PI_FIFO,358.474918
14.730018,-1,15,9999.590000,17.624000,359.140362,358.574735,360.000000,626,0.859638,PI,FIFO,true,PI_FIFO,358.574735
14.740019,-1,15,10001.295000,18.919000,358.680057,358.590533,360.000000,626,1.319943,PI,FIFO,true,PI_FIFO,358.590533
14.750017,-1,15,9998.442000,17.361000,361.689815,359.055425,360.000000,626,-1.689815,PI,FIFO,true,PI_FIFO,359.055425
14.760018,-1,15,10000.628000,17.989000,358.851675,359.024863,360.000000,627,1.148325,PI,FIFO,true,PI_FIFO,359.024863
14.770018,-1,15,10000.406000,18.395000,361.769570,359.436569,360.000000,627,-1.769570,PI,FIFO,true,PI_FIFO,359.436569
14.780027,-1,15,10008.331000,26.726000,363.372093,360.026897,360.000000,626,-3.372093,PI,FIFO,true,PI_FIFO,360.026897
14.790021,-1,15,9993.924000,20.650000,366.975470,361.069183,360.000000,625,-6.975470,PI,FIFO,true,PI_FIFO,361.069183
14.800019,-1,15,9998.295000,18.945000,364.535682,361.589158,360.000000,624,-4.535682,PI,FIFO,true,PI_FIFO,361.589158
14.810018,-1,15,9998.942000,17.887000,364.178690,361.977588,360.000000,623,-4.178690,PI,FIFO,true,PI_FIFO,361.977588
14.820019,-1,15,10001.535000,19.422000,360.750361,361.793504,360.000000,622,-0.750361,PI,FIFO,true,PI_FIFO,361.793504
14.830019,-1,15,9999.128000,18.550000,360.392107,361.583294,360.000000,622,-0.392107,PI,FIFO,true,PI_FIFO,361.583294
14.840029,-1,15,10010.146000,28.696000,355.618777,360.688617,360.000000,622,4.381223,PI,FIFO,true,PI_FIFO,360.688617
14.850019,-1,15,9990.721000,19.417000,357.824427,360.258988,360.000000,622,2.175573,PI,FIFO,true,PI_FIFO,360.258988
14.860019,-1,15,9999.368000,18.785000,354.609929,359.411629,360.000000,623,5.390071,PI,FIFO,true,PI_FIFO,359.411629
14.870018,-1,15,9999.406000,18.191000,357.642421,359.146248,360.000000,624,2.357579,PI,FIFO,true,PI_FIFO,359.146248
14.880018,-1,15,10000.239000,18.430000,357.995227,358.973595,360.000000,624,2.004773,PI,FIFO,true,PI_FIFO,358.973595
14.890018,-1,15,9999.720000,18.150000,361.371145,359.333227,360.000000,624,-1.371145,PI,FIFO,true,PI_FIFO,359.333227
14.900024,-1,15,10005.591000,23.741000,359.023456,359.286762,360.000000,625,0.976544,PI,FIFO,true,PI_FIFO,359.286762
14.910035,-1,15,10011.683000,35.424000,359.654731,359.341957,360.000000,625,0.345269,PI,FIFO,true,PI_FIFO,359.341957
14.920026,-1,15,9990.331000,25.755000,360.250904,359.478299,360.000000,625,-0.250904,PI,FIFO,true,PI_FIFO,359.478299
14.930019,-1,15,9992.832000,18.587000,360.576923,359.643093,360.000000,625,-0.576923,PI,FIFO,true,PI_FIFO,359.643093
14.940018,-1,15,9999.683000,18.270000,360.403652,359.757177,360.000000,625,-0.403652,PI,FIFO,true,PI_FIFO,359.757177
14.950018,-1,15,9999.998000,18.268000,363.372093,360.299414,360.000000,625,-3.372093,PI,FIFO,true,PI_FIFO,360.299414
14.960020,-1,15,10001.295000,19.563000,367.466928,361.374541,360.000000,623,-7.466928,PI,FIFO,true,PI_FIFO,361.374541
14.970017,-1,15,9997.905000,17.468000,363.936335,361.758810,360.000000,622,-3.936335,PI,FIFO,true,PI_FIFO,361.758810
14.980020,-1,15,10002.147000,19.615000,361.969112,361.790356,360.000000,622,-1.969112,PI,FIFO,true,PI_FIFO,361.790356
14.990019,-1,15,9999.109000,18.724000,358.920368,361.359857,360.000000,621,1.079632,PI,FIFO,true,PI_FIFO,361.359857
15.000019,-1,15,9999.887000,18.611000,358.851675,360.983630,360.000000,621,1.148325,PI,FIFO,true,PI_FIFO,360.983630
15.010019,-1,15,9999.905000,18.516000,353.582974,359.873532,360.000000,622,6.417026,PI,FIFO,true,PI_FIFO,359.873532
15.020023,-1,15,10004.980000,23.496000,355.618777,359.235318,360.000000,623,4.381223,PI,FIFO,true,PI_FIFO,359.235318
15.030022,-1,15,9998.294000,21.790000,355.293077,358.643982,360.000000,624,4.706923,PI,FIFO,true,PI_FIFO,358.643982
15.040019,-1,15,9997.702000,19.492000,359.367513,358.752512,360.000000,624,0.632487,PI,FIFO,true,PI_FIFO,358.752512
15.050019,-1,15,9999.017000,18.509000,356.077048,358.351192,360.000000,625,3.922952,PI,FIFO,true,PI_FIFO,358.351192
15.060018,-1,15,9999.516000,18.025000,360.750361,358.711068,360.000000,625,-0.750361,PI,FIFO,true,PI_FIFO,358.711068
15.070018,-1,15,9999.924000,17.949000,358.152506,358.627283,360.000000,626,1.847494,PI,FIFO,true,PI_FIFO,358.627283
15.080018,-1,15,10000.462000,18.411000,360.611597,358.924930,360.000000,626,-0.611597,PI,FIFO,true,PI_FIFO,358.924930
15.090018,-1,15,9999.979000,18.390000,358.019640,358.789137,360.000000,627,1.980360,PI,FIFO,true,PI_FIFO,358.789137
15.100018,-1,15,9999.276000,17.666000,362.875683,359.402119,360.000000,627,-2.875683,PI,FIFO,true,PI_FIFO,359.402119
15.110018,-1,15,10000.646000,18.312000,360.973597,359.637841,360.000000,627,-0.973597,PI,FIFO,true,PI_FIFO,359.637841
15.120026,-1,15,10007.331000,25.643000,366.210938,360.623805,360.000000,626,-6.210938,PI,FIFO,true,PI_FIFO,360.623805
15.130025,-1,15,9998.979000,24.622000,365.598886,361.370067,360.000000,625,-5.598886,PI,FIFO,true,PI_FIFO,361.370067
15.140020,-1,15,9994.979000,19.601000,365.874656,362.045755,360.000000,623,-5.874656,PI,FIFO,true,PI_FIFO,362.045755
15.150018,-1,15,9998.776000,18.377000,362.368857,362.094221,360.000000,622,-2.368857,PI,FIFO,true,PI_FIFO,362.094221
15.160019,-1,15,10000.164000,18.541000,360.750361,361.892642,360.000000,622,-0.750361,PI,FIFO,true,PI_FIFO,361.892642
15.170018,-1,15,9999.590000,18.131000,358.680057,361.410754,360.000000,621,1.319943,PI,FIFO,true,PI_FIFO,361.410754
15.180018,-1,15,10000.201000,18.332000,357.097511,360.763768,360.000000,622,2.902489,PI,FIFO,true,PI_FIFO,360.763768
15.190018,-1,15,9999.220000,17.552000,356.125356,360.068006,360.000000,622,3.874644,PI,FIFO,true,PI_FIFO,360.068006
15.200018,-1,15,10000.461000,18.013000,355.691057,359.411464,360.000000,623,4.308943,PI,FIFO,true,PI_FIFO,359.411464
15.210028,-1,15,10010.220000,28.233000,360.403652,359.560292,360.000000,623,-0.403652,PI,FIFO,true,PI_FIFO,359.560292
15.220027,-1,15,9998.312000,26.545000,359.470859,359.546877,360.000000,623,0.529141,PI,FIFO,true,PI_FIFO,359.546877
15.230022,-1,15,9995.257000,21.802000,359.884837,359.597571,360.000000,623,0.115163,PI,FIFO,true,PI_FIFO,359.597571
15.240021,-1,15,9999.498000,21.300000,358.554309,359.441082,360.000000,624,1.445691,PI,FIFO,true,PI_FIFO,359.441082
15.250021,-1,15,9999.516000,20.816000,361.097737,359.689580,360.000000,623,-1.097737,PI,FIFO,true,PI_FIFO,359.689580
15.260021,-1,15,10000.571000,21.387000,357.201176,359.316319,360.000000,624,2.798824,PI,FIFO,true,PI_FIFO,359.316319
15.270021,-1,15,9999.368000,20.755000,360.785068,359.536632,360.000000,624,-0.785068,PI,FIFO,true,PI_FIFO,359.536632
15.280021,-1,15,10000.479000,21.234000,361.503856,359.831715,360.000000,624,-1.503856,PI,FIFO,true,PI_FIFO,359.831715
15.290021,-1,15,9999.980000,21.214000,366.716521,360.864436,360.000000,623,-6.716521,PI,FIFO,true,PI_FIFO,360.864436
15.300022,-1,15,10000.312000,21.526000,361.769570,361.000206,360.000000,622,-1.769570,PI,FIFO,true,PI_FIFO,361.000206
15.310021,-1,15,9999.664000,21.190000,363.724539,361.408856,360.000000,621,-3.724539,PI,FIFO,true,PI_FIFO,361.408856
15.320021,-1,15,9999.572000,20.762000,358.737245,361.008115,360.000000,621,1.262755,PI,FIFO,true,PI_FIFO,361.008115
15.330021,-1,15,9999.757000,20.519000,358.680057,360.658906,360.000000,621,1.319943,PI,FIFO,true,PI_FIFO,360.658906
15.340021,-1,15,10000.794000,21.313000,352.974398,359.506230,360.000000,622,7.025602,PI,FIFO,true,PI_FIFO,359.506230
15.350023,-1,15,10001.497000,22.810000,357.176874,359.156826,360.000000,623,2.823126,PI,FIFO,true,PI_FIFO,359.156826
15.360022,-1,15,9998.831000,21.641000,354.219144,358.416174,360.000000,624,5.780856,PI,FIFO,true,PI_FIFO,358.416174
15.370021,-1,15,9999.294000,20.935000,358.508604,358.430038,360.000000,625,1.491396,PI,FIFO,true,PI_FIFO,358.430038
15.380021,-1,15,10000.387000,21.322000,358.019640,358.368479,360.000000,625,1.980360,PI,FIFO,true,PI_FIFO,358.368479
15.390021,-1,15,9999.997000,21.319000,361.394558,358.822391,360.000000,626,-1.394558,PI,FIFO,true,PI_FIFO,358.822391
15.400021,-1,15,9999.387000,20.706000,358.215066,358.731292,360.000000,626,1.784934,PI,FIFO,true,PI_FIFO,358.731292
15.410021,-1,15,10000.701000,21.407000,361.271676,359.112349,360.000000,626,-1.271676,PI,FIFO,true,PI_FIFO,359.112349
15.420024,-1,15,10002.127000,23.534000,360.761929,359.359786,360.000000,626,-0.761929,PI,FIFO,true,PI_FIFO,359.359786
15.430022,-1,15,9998.405000,21.939000,362.283837,359.798394,360.000000,626,-2.283837,PI,FIFO,true,PI_FIFO,359.798394
15.440021,-1,15,9999.498000,21.437000,361.727030,360.087689,360.000000,626,-1.727030,PI,FIFO,true,PI_FIFO,360.087689
15.450021,-1,15,9999.201000,20.638000,364.785992,360.792435,360.000000,625,-4.785992,PI,FIFO,true,PI_FIFO,360.792435
15.460021,-1,15,10000.368000,21.006000,367.550967,361.806215,360.000000,624,-7.550967,PI,FIFO,true,PI_FIFO,361.806215
15.470021,-1,15,10000.035000,21.041000,364.963504,362.279808,360.000000,622,-4.963504,PI,FIFO,true,PI_FIFO,362.279808
15.480021,-1,15,9999.831000,20.872000,362.622486,362.331210,360.000000,621,-2.622486,PI,FIFO,true,PI_FIFO,362.331210
15.490021,-1,15,10000.423000,21.295000,359.712230,361.938363,360.000000,621,0.287770,PI,FIFO,true,PI_FIFO,361.938363
15.500021,-1,15,10000.017000,21.312000,359.287174,361.540684,360.000000,621,0.712826,PI,FIFO,true,PI_FIFO,361.540684
15.510029,-1,15,10007.312000,28.624000,353.940538,360.400663,360.000000,621,6.059462,PI,FIFO,true,PI_FIFO,360.400663
15.520024,-1,15,9995.757000,24.381000,355.652504,359.688439,360.000000,622,4.347496,PI,FIFO,true,PI_FIFO,359.688439
15.530021,-1,15,9997.035000,21.416000,354.141090,358.856336,360.000000,623,5.858910,PI,FIFO,true,PI_FIFO,358.856336
15.540025,-1,15,10003.812000,25.228000,359.470859,358.948515,360.000000,623,0.529141,PI,FIFO,true,PI_FIFO,358.948515
15.550024,-1,15,9998.423000,23.651000,356.270358,358.546791,360.000000,624,3.729642,PI,FIFO,true,PI_FIFO,358.546791
15.560022,-1,15,9997.868000,21.519000,360.750361,358.877327,360.000000,624,-0.750361,PI,FIFO,true,PI_FIFO,358.877327
15.570024,-1,15,10002.683000,24.202000,358.554309,358.828874,360.000000,625,1.445691,PI,FIFO,true,PI_FIFO,358.828874
15.580022,-1,15,9997.739000,21.941000,360.057609,359.013184,360.000000,625,-0.057609,PI,FIFO,true,PI_FIFO,359.013184
15.590021,-1,15,9998.682000,20.623000,356.880012,358.693209,360.000000,626,3.119988,PI,FIFO,true,PI_FIFO,358.693209
15.600019,-1,15,9998.294000,18.917000,362.704323,359.294876,360.000000,626,-2.704323,PI,FIFO,true,PI_FIFO,359.294876
15.610032,-1,15,10012.646000,31.563000,361.689815,359.654117,360.000000,626,-1.689815,PI,FIFO,true,PI_FIFO,359.654117
15.620032,-1,15,9999.961000,31.524000,366.032211,360.610831,360.000000,625,-6.032211,PI,FIFO,true,PI_FIFO,360.610831
15.630018,-1,15,9986.386000,17.910000,364.880643,361.251303,360.000000,624,-4.880643,PI,FIFO,true,PI_FIFO,361.251303
15.640017,-1,15,9999.090000,17.000000,366.210938,361.995248,360.000000,622,-6.210938,PI,FIFO,true,PI_FIFO,361.995248
15.650016,-1,15,9999.387000,16.387000,360.369018,361.751313,360.000000,622,-0.369018,PI,FIFO,true,PI_FIFO,361.751313
15.660016,-1,15,9999.794000,16.181000,360.220661,361.521716,360.000000,621,-0.220661,PI,FIFO,true,PI_FIFO,361.521716
15.670016,-1,15,9999.868000,16.049000,357.483317,360.915956,360.000000,621,2.516683,PI,FIFO,true,PI_FIFO,360.915956
15.680016,-1,15,10000.442000,16.491000,357.629428,360.422977,360.000000,622,2.370572,PI,FIFO,true,PI_FIFO,360.422977
15.690014,-1,15,9997.979000,14.470000,354.609929,359.551019,360.000000,622,5.390071,PI,FIFO,true,PI_FIFO,359.551019
15.700019,-1,15,10004.275000,18.745000,355.652504,358.966242,360.000000,623,4.347496,PI,FIFO,true,PI_FIFO,358.966242
15.710015,-1,15,9995.831000,14.576000,359.712230,359.078140,360.000000,624,0.287770,PI,FIFO,true,PI_FIFO,359.078140
15.720018,-1,15,10003.720000,18.296000,357.785411,358.884231,360.000000,624,2.214589,PI,FIFO,true,PI_FIFO,358.884231
15.730015,-1,15,9996.405000,14.701000,359.746738,359.013607,360.000000,624,0.253262,PI,FIFO,true,PI_FIFO,359.013607
15.740019,-1,15,10003.961000,18.662000,358.737245,358.972153,360.000000,625,1.262755,PI,FIFO,true,PI_FIFO,358.972153
15.750018,-1,15,9999.201000,17.863000,361.969112,359.421697,360.000000,625,-1.969112,PI,FIFO,true,PI_FIFO,359.421697
15.760018,-1,15,10000.331000,18.194000,358.508604,359.284733,360.000000,625,1.491396,PI,FIFO,true,PI_FIFO,359.284733
15.770018,-1,15,9999.775000,17.969000,360.947125,359.534092,360.000000,625,-0.947125,PI,FIFO,true,PI_FIFO,359.534092
15.780019,-1,15,10000.628000,18.597000,361.620058,359.846987,360.000000,625,-1.620058,PI,FIFO,true,PI_FIFO,359.846987
15.790017,-1,15,9998.831000,17.428000,366.401772,360.830204,360.000000,624,-6.401772,PI,FIFO,true,PI_FIFO,360.830204
15.800018,-1,15,10000.942000,18.370000,362.844702,361.132379,360.000000,623,-2.844702,PI,FIFO,true,PI_FIFO,361.132379
15.810018,-1,15,9999.460000,17.830000,364.124806,361.581243,360.000000,622,-4.124806,PI,FIFO,true,PI_FIFO,361.581243
15.820019,-1,15,10000.720000,18.550000,360.403652,361.404604,360.000000,622,-0.403652,PI,FIFO,true,PI_FIFO,361.404604
15.830018,-1,15,9999.294000,17.844000,358.410705,360.955519,360.000000,622,1.589295,PI,FIFO,true,PI_FIFO,360.955519
15.840018,-1,15,10000.331000,18.175000,354.442344,359.978543,360.000000,623,5.557656,PI,FIFO,true,PI_FIFO,359.978543
15.850018,-1,15,9999.460000,17.635000,357.629428,359.626176,360.000000,623,2.370572,PI,FIFO,true,PI_FIFO,359.626176
15.860018,-1,15,10000.628000,18.263000,355.113636,358.949295,360.000000,624,4.886364,PI,FIFO,true,PI_FIFO,358.949295
15.870018,-1,15,9999.627000,17.890000,358.006619,358.807894,360.000000,624,1.993381,PI,FIFO,true,PI_FIFO,358.807894
15.880018,-1,15,10000.127000,18.017000,358.337315,358.737307,360.000000,625,1.662685,PI,FIFO,true,PI_FIFO,358.737307
15.890018,-1,15,9999.720000,17.737000,361.769570,359.192146,360.000000,625,-1.769570,PI,FIFO,true,PI_FIFO,359.192146
15.900018,-1,15,10000.627000,18.364000,358.680057,359.115333,360.000000,625,1.319943,PI,FIFO,true,PI_FIFO,359.115333
15.910019,-1,15,10000.257000,18.621000,359.654731,359.196243,360.000000,626,0.345269,PI,FIFO,true,PI_FIFO,359.196243
15.920018,-1,15,9999.535000,18.156000,359.884837,359.299532,360.000000,626,0.115163,PI,FIFO,true,PI_FIFO,359.299532
15.930019,-1,15,10000.460000,18.616000,360.923965,359.543197,360.000000,626,-0.923965,PI,FIFO,true,PI_FIFO,359.543197
15.940018,-1,15,9999.794000,18.410000,361.503856,359.837296,360.000000,626,-1.503856,PI,FIFO,true,PI_FIFO,359.837296
15.950018,-1,15,9999.850000,18.260000,364.254492,360.499875,360.000000,625,-4.254492,PI,FIFO,true,PI_FIFO,360.499875
15.960018,-1,15,9999.997000,18.257000,366.975470,361.471214,360.000000,624,-6.975470,PI,FIFO,true,PI_FIFO,361.471214
15.970018,-1,15,10000.016000,18.273000,364.431487,361.915255,360.000000,623,-4.431487,PI,FIFO,true,PI_FIFO,361.915255
15.980018,-1,15,9999.683000,17.956000,361.318088,361.825680,360.000000,622,-1.318088,PI,FIFO,true,PI_FIFO,361.825680
15.990018,-1,15,10000.535000,18.491000,359.677729,361.503488,360.000000,622,0.322271,PI,FIFO,true,PI_FIFO,361.503488
16.000018,-1,15,9999.201000,17.692000,361.013313,361.429961,360.000000,621,-1.013313,PI,FIFO,true,PI_FIFO,361.429961
16.010019,-1,15,10001.053000,18.745000,354.777673,360.432118,360.000000,622,5.222327,PI,FIFO,true,PI_FIFO,360.432118
16.020019,-1,15,9999.868000,18.613000,356.373543,359.823332,360.000000,622,3.626457,PI,FIFO,true,PI_FIFO,359.823332
16.030018,-1,15,9999.442000,18.055000,355.618777,359.192648,360.000000,623,4.381223,PI,FIFO,true,PI_FIFO,359.192648
16.040019,-1,15,10000.535000,18.590000,358.606557,359.104735,360.000000,623,1.393443,PI,FIFO,true,PI_FIFO,359.104735
16.050018,-1,15,9999.831000,18.421000,357.313006,358.835976,360.000000,624,2.686994,PI,FIFO,true,PI_FIFO,358.835976
16.060018,-1,15,9999.516000,17.937000,360.392107,359.069395,360.000000,624,-0.392107,PI,FIFO,true,PI_FIFO,359.069395
16.070014,-1,15,9996.257000,14.194000,360.195947,359.238378,360.000000,624,-0.195947,PI,FIFO,true,PI_FIFO,359.238378
16.080019,-1,15,10004.535000,18.729000,361.610095,359.594135,360.000000,624,-1.610095,PI,FIFO,true,PI_FIFO,359.594135
16.090025,-1,15,10006.090000,24.819000,358.166189,359.379943,360.000000,625,1.833811,PI,FIFO,true,PI_FIFO,359.379943
16.100024,-1,15,9999.664000,24.483000,363.559979,360.006949,360.000000,624,-3.559979,PI,FIFO,true,PI_FIFO,360.006949
16.110016,-1,15,9991.386000,15.869000,360.923965,360.144501,360.000000,624,-0.923965,PI,FIFO,true,PI_FIFO,360.144501
16.120018,-1,15,10002.331000,18.200000,366.020302,361.025871,360.000000,623,-6.020302,PI,FIFO,true,PI_FIFO,361.025871
16.130015,-1,15,9996.571000,14.771000,365.319045,361.669848,360.000000,622,-5.319045,PI,FIFO,true,PI_FIFO,361.669848
16.140018,-1,15,10003.182000,17.953000,364.869505,362.149796,360.000000,621,-4.869505,PI,FIFO,true,PI_FIFO,362.149796
16.150017,-1,15,9999.331000,17.284000,359.786184,361.795254,360.000000,620,0.213816,PI,FIFO,true,PI_FIFO,361.795254
16.160018,-1,15,10000.552000,17.836000,357.483317,361.148464,360.000000,620,2.516683,PI,FIFO,true,PI_FIFO,361.148464
16.170018,-1,15,10000.201000,18.037000,355.293077,360.270156,360.000000,621,4.706923,PI,FIFO,true,PI_FIFO,360.270156
16.180019,-1,15,10000.849000,18.886000,354.442344,359.395984,360.000000,622,5.557656,PI,FIFO,true,PI_FIFO,359.395984
16.190028,-1,15,10009.238000,28.124000,353.926222,358.575520,360.000000,623,6.073778,PI,FIFO,true,PI_FIFO,358.575520
16.200017,-1,15,9989.238000,17.362000,355.652504,358.137067,360.000000,624,4.347496,PI,FIFO,true,PI_FIFO,358.137067
16.210018,-1,15,10000.682000,18.044000,358.998906,358.266343,360.000000,624,1.001094,PI,FIFO,true,PI_FIFO,358.266343
16.220018,-1,15,10000.294000,18.338000,358.337315,358.276989,360.000000,625,1.662685,PI,FIFO,true,PI_FIFO,358.276989
16.230019,-1,15,10000.571000,18.909000,359.617942,358.478132,360.000000,626,0.382058,PI,FIFO,true,PI_FIFO,358.478132
16.240026,-1,15,10007.460000,26.369000,359.057832,358.565087,360.000000,626,0.942168,PI,FIFO,true,PI_FIFO,358.565087
16.250019,-1,15,9992.719000,19.088000,362.569061,359.165683,360.000000,626,-2.569061,PI,FIFO,true,PI_FIFO,359.165683
16.260018,-1,15,9999.201000,18.289000,359.023456,359.144349,360.000000,626,0.976544,PI,FIFO,true,PI_FIFO,359.144349
16.270018,-1,15,10000.071000,18.360000,363.372093,359.778511,360.000000,626,-3.372093,PI,FIFO,true,PI_FIFO,359.778511
16.280027,-1,15,10008.571000,26.931000,362.318841,360.159560,360.000000,626,-2.318841,PI,FIFO,true,PI_FIFO,360.159560
16.290029,-1,15,10001.645000,28.576000,366.592805,361.124547,360.000000,625,-6.592805,PI,FIFO,true,PI_FIFO,361.124547
16.300018,-1,15,9989.035000,17.611000,364.077670,361.567515,360.000000,624,-4.077670,PI,FIFO,true,PI_FIFO,361.567515
16.310034,-1,15,10016.034000,33.645000,366.401772,362.292654,360.000000,622,-6.401772,PI,FIFO,true,PI_FIFO,362.292654
16.320034,-1,15,10000.164000,33.809000,361.558530,362.182535,360.000000,621,-1.558530,PI,FIFO,true,PI_FIFO,362.182535
16.330020,-1,15,9986.478000,20.287000,360.181120,361.882323,360.000000,621,-0.181120,PI,FIFO,true,PI_FIFO,361.882323
16.340018,-1,15,9998.071000,18.358000,355.753724,360.963033,360.000000,621,4.246276,PI,FIFO,true,PI_FIFO,360.963033
16.350018,-1,15,9999.775000,18.133000,358.225494,360.552402,360.000000,621,1.774506,PI,FIFO,true,PI_FIFO,360.552402
16.360018,-1,15,10000.146000,18.279000,354.945575,359.711378,360.000000,622,5.054425,PI,FIFO,true,PI_FIFO,359.711378
16.370019,-1,15,10000.274000,18.553000,358.215066,359.486931,360.000000,622,1.784934,PI,FIFO,true,PI_FIFO,359.486931
16.380019,-1,15,10000.349000,18.902000,358.337315,359.314489,360.000000,623,1.662685,PI,FIFO,true,PI_FIFO,359.314489
16.390032,-1,15,10013.257000,32.159000,360.392107,359.476131,360.000000,623,-0.392107,PI,FIFO,true,PI_FIFO,359.476131
16.400019,-1,15,9986.701000,18.860000,358.508604,359.331002,360.000000,623,1.491396,PI,FIFO,true,PI_FIFO,359.331002
16.410019,-1,15,10000.052000,18.912000,358.998906,359.281188,360.000000,623,1.001094,PI,FIFO,true,PI_FIFO,359.281188
16.420018,-1,15,9998.886000,17.798000,358.680057,359.191018,360.000000,624,1.319943,PI,FIFO,true,PI_FIFO,359.191018
16.430019,-1,15,10001.108000,18.906000,359.654731,359.260575,360.000000,624,0.345269,PI,FIFO,true,PI_FIFO,359.260575
16.440018,-1,15,9999.201000,18.107000,359.023456,359.225007,360.000000,624,0.976544,PI,FIFO,true,PI_FIFO,359.225007
16.450018,-1,15,10000.386000,18.493000,363.020329,359.794306,360.000000,624,-3.020329,PI,FIFO,true,PI_FIFO,359.794306
16.460018,-1,15,9999.553000,18.046000,365.829865,360.699640,360.000000,623,-5.829865,PI,FIFO,true,PI_FIFO,360.699640
16.470018,-1,15,9999.627000,17.673000,363.020329,361.047743,360.000000,623,-3.020329,PI,FIFO,true,PI_FIFO,361.047743
16.480018,-1,15,10000.812000,18.485000,361.875965,361.171976,360.000000,622,-1.875965,PI,FIFO,true,PI_FIFO,361.171976
16.490029,-1,15,10010.126000,28.611000,358.337315,360.746777,360.000000,622,1.662685,PI,FIFO,true,PI_FIFO,360.746777
16.500017,-1,15,9988.664000,17.275000,358.567370,360.419866,360.000000,622,1.432630,PI,FIFO,true,PI_FIFO,360.419866
16.510029,-1,15,10011.330000,28.605000,355.315520,359.654214,360.000000,623,4.684480,PI,FIFO,true,PI_FIFO,359.654214
16.520028,-1,15,9999.109000,27.714000,356.193009,359.135033,360.000000,623,3.806991,PI,FIFO,true,PI_FIFO,359.135033
16.530019,-1,15,9991.701000,19.415000,356.698965,358.769623,360.000000,624,3.301035,PI,FIFO,true,PI_FIFO,358.769623
16.540018,-1,15,9998.126000,17.541000,359.691529,358.907909,360.000000,625,0.308471,PI,FIFO,true,PI_FIFO,358.907909
16.550019,-1,15,10001.516000,19.057000,357.824427,358.745387,360.000000,625,2.175573,PI,FIFO,true,PI_FIFO,358.745387
16.560018,-1,15,9998.571000,17.628000,361.689815,359.187051,360.000000,625,-1.689815,PI,FIFO,true,PI_FIFO,359.187051
16.570018,-1,15,10000.386000,18.014000,360.057609,359.317635,360.000000,625,-0.057609,PI,FIFO,true,PI_FIFO,359.317635
16.580018,-1,15,10000.219000,18.233000,361.132512,359.589866,360.000000,625,-1.132512,PI,FIFO,true,PI_FIFO,359.589866
16.590030,-1,15,10011.590000,29.823000,359.574264,359.587526,360.000000,626,0.425736,PI,FIFO,true,PI_FIFO,359.587526
16.600019,-1,15,9989.164000,18.987000,363.184401,360.127057,360.000000,625,-3.184401,PI,FIFO,true,PI_FIFO,360.127057
16.610014,-1,15,9995.071000,14.058000,361.445783,360.324866,360.000000,625,-1.445783,PI,FIFO,true,PI_FIFO,360.324866
16.620019,-1,15,10004.942000,19.000000,366.020302,361.179181,360.000000,624,-6.020302,PI,FIFO,true,PI_FIFO,361.179181
16.630015,-1,15,9996.015000,15.015000,363.724539,361.560985,360.000000,623,-3.724539,PI,FIFO,true,PI_FIFO,361.560985
16.640019,-1,15,10003.571000,18.586000,367.167102,362.401903,360.000000,621,-7.167102,PI,FIFO,true,PI_FIFO,362.401903
16.650018,-1,15,9999.627000,18.213000,360.057609,362.050259,360.000000,621,-0.057609,PI,FIFO,true,PI_FIFO,362.050259
16.660018,-1,15,10000.127000,18.340000,359.712230,361.699554,360.000000,620,0.287770,PI,FIFO,true,PI_FIFO,361.699554
16.670018,-1,15,9999.164000,17.504000,356.735160,360.954895,360.000000,620,3.264840,PI,FIFO,true,PI_FIFO,360.954895
16.680019,-1,15,10001.219000,18.723000,355.787476,360.179782,360.000000,621,4.212524,PI,FIFO,true,PI_FIFO,360.179782
16.690027,-1,15,10008.756000,27.479000,353.202368,359.133170,360.000000,622,6.797632,PI,FIFO,true,PI_FIFO,359.133170
16.700019,-1,15,9991.164000,18.643000,355.248200,358.550425,360.000000,623,4.751800,PI,FIFO,true,PI_FIFO,358.550425
16.710018,-1,15,9999.071000,17.714000,358.841864,358.594141,360.000000,623,1.158136,PI,FIFO,true,PI_FIFO,358.594141
16.720019,-1,15,10000.794000,18.508000,358.508604,358.581310,360.000000,624,1.491396,PI,FIFO,true,PI_FIFO,358.581310
16.730018,-1,15,9999.423000,17.931000,358.737245,358.604700,360.000000,625,1.262755,PI,FIFO,true,PI_FIFO,358.604700
16.740018,-1,15,10000.052000,17.983000,358.508604,358.590286,360.000000,625,1.491396,PI,FIFO,true,PI_FIFO,358.590286
16.750018,-1,15,10000.238000,18.221000,361.769570,359.067178,360.000000,625,-1.769570,PI,FIFO,true,PI_FIFO,359.067178
16.760018,-1,15,9999.386000,17.607000,356.972870,358.753032,360.000000,626,3.027130,PI,FIFO,true,PI_FIFO,358.753032
16.770018,-1,15,10000.220000,17.827000,362.248841,359.277404,360.000000,626,-2.248841,PI,FIFO,true,PI_FIFO,359.277404
16.780018,-1,15,10000.256000,18.083000,362.493958,359.759887,360.000000,626,-2.493958,PI,FIFO,true,PI_FIFO,359.759887
16.790026,-1,15,10008.090000,26.173000,367.550967,360.928549,360.000000,624,-7.550967,PI,FIFO,true,PI_FIFO,360.928549
16.800018,-1,15,9991.923000,18.096000,363.724539,361.347947,360.000000,624,-3.724539,PI,FIFO,true,PI_FIFO,361.347947
16.810018,-1,15,9999.404000,17.500000,364.608653,361.837053,360.000000,623,-4.608653,PI,FIFO,true,PI_FIFO,361.837053
16.820018,-1,15,10000.794000,18.294000,359.838792,361.537314,360.000000,622,0.161208,PI,FIFO,true,PI_FIFO,361.537314
16.830018,-1,15,9999.663000,17.957000,359.539789,361.237685,360.000000,622,0.460211,PI,FIFO,true,PI_FIFO,361.237685
16.840018,-1,15,9999.683000,17.640000,354.499784,360.227000,360.000000,622,5.500216,PI,FIFO,true,PI_FIFO,360.227000
16.850018,-1,15,10000.497000,18.137000,358.200401,359.923010,360.000000,623,1.799599,PI,FIFO,true,PI_FIFO,359.923010
16.860018,-1,15,9999.812000,17.949000,353.329146,358.933931,360.000000,624,6.670854,PI,FIFO,true,PI_FIFO,358.933931
16.870018,-1,15,10000.330000,18.279000,358.166189,358.818769,360.000000,624,1.833811,PI,FIFO,true,PI_FIFO,358.818769
16.880018,-1,15,9999.553000,17.832000,359.195402,358.875264,360.000000,625,0.804598,PI,FIFO,true,PI_FIFO,358.875264
16.890026,-1,15,10008.404000,26.236000,360.057609,359.052616,360.000000,625,-0.057609,PI,FIFO,true,PI_FIFO,359.052616
16.900018,-1,15,9991.571000,17.807000,359.654731,359.142933,360.000000,625,0.345269,PI,FIFO,true,PI_FIFO,359.142933
16.910018,-1,15,10000.553000,18.360000,360.750361,359.384047,360.000000,625,-0.750361,PI,FIFO,true,PI_FIFO,359.384047
16.920018,-1,15,9999.942000,18.302000,360.576923,359.562979,360.000000,625,-0.576923,PI,FIFO,true,PI_FIFO,359.562979
16.930018,-1,15,9999.237000,17.539000,361.067059,359.788591,360.000000,625,-1.067059,PI,FIFO,true,PI_FIFO,359.788591
16.940028,-1,15,10010.257000,27.796000,360.775151,359.936575,360.000000,625,-0.775151,PI,FIFO,true,PI_FIFO,359.936575
16.950016,-1,15,9988.553000,16.349000,363.196126,360.425508,360.000000,625,-3.196126,PI,FIFO,true,PI_FIFO,360.425508
16.960017,-1,15,10000.793000,17.142000,367.128759,361.430995,360.000000,624,-7.128759,PI,FIFO,true,PI_FIFO,361.430995
16.970015,-1,15,9997.738000,14.880000,364.535682,361.896698,360.000000,622,-4.535682,PI,FIFO,true,PI_FIFO,361.896698
16.980019,-1,15,10003.719000,18.599000,363.010289,362.063737,360.000000,621,-3.010289,PI,FIFO,true,PI_FIFO,362.063737
16.990024,-1,15,10005.442000,24.041000,360.230548,361.788758,360.000000,621,-0.230548,PI,FIFO,true,PI_FIFO,361.788758
17.000019,-1,15,9994.997000,19.038000,359.838792,361.496264,360.000000,620,0.161208,PI,FIFO,true,PI_FIFO,361.496264
17.010035,-1,15,10016.126000,35.164000,354.609929,360.463313,360.000000,621,5.390071,PI,FIFO,true,PI_FIFO,360.463313
17.020036,-1,15,10001.127000,36.291000,356.270358,359.834370,360.000000,622,3.729642,PI,FIFO,true,PI_FIFO,359.834370
17.030018,-1,15,9981.275000,17.566000,355.113636,359.126260,360.000000,622,4.886364,PI,FIFO,true,PI_FIFO,359.126260
17.040020,-1,15,10002.053000,19.619000,358.737245,359.067908,360.000000,623,1.262755,PI,FIFO,true,PI_FIFO,359.067908
17.050015,-1,15,9995.108000,14.727000,356.633381,358.702729,360.000000,624,3.366619,PI,FIFO,true,PI_FIFO,358.702729
17.060019,-1,15,10004.312000,19.039000,360.775151,359.013592,360.000000,624,-0.775151,PI,FIFO,true,PI_FIFO,359.013592
17.070015,-1,15,9995.830000,14.869000,356.803045,358.682010,360.000000,625,3.196955,PI,FIFO,true,PI_FIFO,358.682010
17.080019,-1,15,10004.423000,19.292000,359.838792,358.855527,360.000000,625,0.161208,PI,FIFO,true,PI_FIFO,358.855527
17.090032,-1,15,10012.331000,31.623000,356.769099,358.542563,360.000000,626,3.230901,PI,FIFO,true,PI_FIFO,358.542563
17.100020,-1,15,9987.997000,19.620000,362.879814,359.193151,360.000000,626,-2.879814,PI,FIFO,true,PI_FIFO,359.193151
17.110019,-1,15,9999.238000,18.858000,360.947125,359.456247,360.000000,626,-0.947125,PI,FIFO,true,PI_FIFO,359.456247
17.120019,-1,15,9999.718000,18.576000,365.675280,360.389102,360.000000,625,-5.675280,PI,FIFO,true,PI_FIFO,360.389102
17.130018,-1,15,9999.108000,17.684000,364.691390,361.034445,360.000000,624,-4.691390,PI,FIFO,true,PI_FIFO,361.034445
17.140018,-1,15,10000.404000,18.088000,365.853659,361.757327,360.000000,623,-5.853659,PI,FIFO,true,PI_FIFO,361.757327
17.150017,-1,15,9999.386000,17.474000,360.207480,361.524850,360.000000,622,-0.207480,PI,FIFO,true,PI_FIFO,361.524850
17.160018,-1,15,10000.644000,18.118000,360.750361,361.408677,360.000000,622,-0.750361,PI,FIFO,true,PI_FIFO,361.408677
17.170018,-1,15,10000.090000,18.208000,357.434641,360.812571,360.000000,622,2.565359,PI,FIFO,true,PI_FIFO,360.812571
17.180024,-1,15,10005.922000,24.130000,356.803045,360.211142,360.000000,622,3.196955,PI,FIFO,true,PI_FIFO,360.211142
17.190028,-1,15,10004.071000,28.201000,354.346652,359.331469,360.000000,623,5.653348,PI,FIFO,true,PI_FIFO,359.331469
17.200018,-1,15,9989.422000,17.623000,355.113636,358.698794,360.000000,624,4.886364,PI,FIFO,true,PI_FIFO,358.698794
17.210018,-1,15,10000.386000,18.009000,360.207480,358.925097,360.000000,624,-0.207480,PI,FIFO,true,PI_FIFO,358.925097
17.220019,-1,15,10001.144000,19.153000,359.195402,358.965643,360.000000,625,0.804598,PI,FIFO,true,PI_FIFO,358.965643
17.230019,-1,15,9999.942000,19.095000,360.378913,359.177633,360.000000,625,-0.378913,PI,FIFO,true,PI_FIFO,359.177633
17.240018,-1,15,9999.385000,18.480000,360.576923,359.387527,360.000000,625,-0.576923,PI,FIFO,true,PI_FIFO,359.387527
17.250019,-1,15,10000.163000,18.643000,363.774945,360.045639,360.000000,625,-3.774945,PI,FIFO,true,PI_FIFO,360.045639
17.260018,-1,15,9999.312000,17.955000,358.680057,359.840802,360.000000,625,1.319943,PI,FIFO,true,PI_FIFO,359.840802
17.270025,-1,15,10006.996000,24.951000,362.996902,360.314217,360.000000,624,-2.996902,PI,FIFO,true,PI_FIFO,360.314217
17.280020,-1,15,9994.756000,19.707000,362.493958,360.641178,360.000000,624,-2.493958,PI,FIFO,true,PI_FIFO,360.641178
17.290030,-1,15,10010.663000,30.370000,367.392808,361.653923,360.000000,622,-7.392808,PI,FIFO,true,PI_FIFO,361.653923
17.300018,-1,15,9987.571000,17.941000,362.368857,361.761163,360.000000,622,-2.368857,PI,FIFO,true,PI_FIFO,361.761163
17.310015,-1,15,9997.534000,15.475000,364.036090,362.102402,360.000000,621,-4.036090,PI,FIFO,true,PI_FIFO,362.102402
17.320019,-1,15,10003.774000,19.249000,358.215066,361.519301,360.000000,620,1.784934,PI,FIFO,true,PI_FIFO,361.519301
17.330018,-1,15,9999.052000,18.301000,357.824427,360.965070,360.000000,620,2.175573,PI,FIFO,true,PI_FIFO,360.965070
17.340018,-1,15,10000.071000,18.372000,351.876676,359.601811,360.000000,621,8.123324,PI,FIFO,true,PI_FIFO,359.601811
17.350018,-1,15,9999.941000,18.313000,355.753724,359.024598,360.000000,622,4.246276,PI,FIFO,true,PI_FIFO,359.024598
17.360018,-1,15,9999.700000,18.013000,353.364660,358.175607,360.000000,624,6.635340,PI,FIFO,true,PI_FIFO,358.175607
17.370018,-1,15,10000.275000,18.288000,356.972870,357.995197,360.000000,625,3.027130,PI,FIFO,true,PI_FIFO,357.995197
17.380018,-1,15,9999.941000,18.229000,358.998906,358.145753,360.000000,625,1.001094,PI,FIFO,true,PI_FIFO,358.145753
17.390027,-1,15,10008.459000,26.688000,360.403652,358.484438,360.000000,626,-0.403652,PI,FIFO,true,PI_FIFO,358.484438
17.400019,-1,15,9992.034000,18.722000,359.470859,358.632401,360.000000,626,0.529141,PI,FIFO,true,PI_FIFO,358.632401
17.410018,-1,15,9999.737000,18.459000,360.403652,358.898089,360.000000,626,-0.403652,PI,FIFO,true,PI_FIFO,358.898089
17.420019,-1,15,10000.460000,18.919000,361.172262,359.239215,360.000000,626,-1.172262,PI,FIFO,true,PI_FIFO,359.239215
17.430015,-1,15,9996.052000,14.971000,362.318841,359.701159,360.000000,626,-2.318841,PI,FIFO,true,PI_FIFO,359.701159
17.440019,-1,15,10003.534000,18.505000,361.689815,359.999457,360.000000,626,-1.689815,PI,FIFO,true,PI_FIFO,359.999457
17.450015,-1,15,9996.589000,15.094000,364.077670,360.611189,360.000000,625,-4.077670,PI,FIFO,true,PI_FIFO,360.611189
17.460019,-1,15,10004.033000,19.127000,367.935636,361.709856,360.000000,624,-7.935636,PI,FIFO,true,PI_FIFO,361.709856
17.470018,-1,15,9998.627000,17.754000,363.901019,362.038530,360.000000,623,-3.901019,PI,FIFO,true,PI_FIFO,362.038530
17.480018,-1,15,10000.478000,18.232000,363.537865,362.263431,360.000000,622,-3.537865,PI,FIFO,true,PI_FIFO,362.263431
17.490027,-1,15,10008.904000,27.136000,359.983544,361.921448,360.000000,621,0.016456,PI,FIFO,true,PI_FIFO,361.921448
17.500019,-1,15,9991.422000,18.558000,358.989087,361.481593,360.000000,621,1.010913,PI,FIFO,true,PI_FIFO,361.481593
17.510031,-1,15,10012.867000,31.425000,354.970214,360.504887,360.000000,621,5.029786,PI,FIFO,true,PI_FIFO,360.504887
17.520027,-1,15,9995.626000,27.051000,355.281857,359.721432,360.000000,622,4.718143,PI,FIFO,true,PI_FIFO,359.721432
17.530016,-1,15,9988.923000,15.974000,354.538088,358.943930,360.000000,623,5.461912,PI,FIFO,true,PI_FIFO,358.943930
17.540019,-1,15,10002.571000,18.545000,358.851675,358.930092,360.000000,623,1.148325,PI,FIFO,true,PI_FIFO,358.930092
17.550018,-1,15,9999.330000,17.875000,356.077048,358.502135,360.000000,624,3.922952,PI,FIFO,true,PI_FIFO,358.502135
17.560018,-1,15,10000.533000,18.408000,361.394558,358.935999,360.000000,624,-1.394558,PI,FIFO,true,PI_FIFO,358.935999
17.570018,-1,15,9999.626000,18.034000,358.606557,358.886583,360.000000,625,1.393443,PI,FIFO,true,PI_FIFO,358.886583
17.580019,-1,15,10000.516000,18.550000,360.750361,359.166149,360.000000,625,-0.750361,PI,FIFO,true,PI_FIFO,359.166149
17.590027,-1,15,10008.292000,26.842000,357.278963,358.883071,360.000000,626,2.721037,PI,FIFO,true,PI_FIFO,358.883071
17.600018,-1,15,9991.238000,18.080000,362.318841,359.398437,360.000000,626,-2.318841,PI,FIFO,true,PI_FIFO,359.398437
17.610018,-1,15,9999.552000,17.632000,360.576923,359.575210,360.000000,626,-0.576923,PI,FIFO,true,PI_FIFO,359.575210
17.620018,-1,15,10000.571000,18.203000,365.874656,360.520127,360.000000,625,-5.874656,PI,FIFO,true,PI_FIFO,360.520127
17.630019,-1,15,10000.811000,19.014000,365.395323,361.251406,360.000000,624,-5.395323,PI,FIFO,true,PI_FIFO,361.251406
17.640026,-1,15,10007.293000,26.307000,365.706746,361.919707,360.000000,622,-5.706746,PI,FIFO,true,PI_FIFO,361.919707
17.650019,-1,15,9993.052000,19.359000,360.378913,361.688588,360.000000,622,-0.378913,PI,FIFO,true,PI_FIFO,361.688588
17.660019,-1,15,9999.293000,18.652000,359.023456,361.288818,360.000000,622,0.976544,PI,FIFO,true,PI_FIFO,361.288818
17.670019,-1,15,10000.311000,18.963000,357.097511,360.660122,360.000000,622,2.902489,PI,FIFO,true,PI_FIFO,360.660122
17.680018,-1,15,9998.738000,17.701000,356.803045,360.081561,360.000000,622,3.196955,PI,FIFO,true,PI_FIFO,360.081561
17.690030,-1,15,10012.274000,29.975000,355.450237,359.386862,360.000000,623,4.549763,PI,FIFO,true,PI_FIFO,359.386862
17.700018,-1,15,9987.626000,17.601000,356.270358,358.919386,360.000000,624,3.729642,PI,FIFO,true,PI_FIFO,358.919386
17.710035,-1,15,10017.367000,34.968000,360.576923,359.168017,360.000000,624,-0.576923,PI,FIFO,true,PI_FIFO,359.168017
17.720033,-1,15,9998.182000,33.150000,358.337315,359.043412,360.000000,624,1.662685,PI,FIFO,true,PI_FIFO,359.043412
17.730020,-1,15,9986.608000,19.758000,359.103677,359.052451,360.000000,625,0.896323,PI,FIFO,true,PI_FIFO,359.052451
17.740019,-1,15,9999.219000,18.977000,359.539789,359.125552,360.000000,625,0.460211,PI,FIFO,true,PI_FIFO,359.125552
17.750018,-1,15,9999.422000,18.399000,362.062307,359.566065,360.000000,625,-2.062307,PI,FIFO,true,PI_FIFO,359.566065
17.760027,-1,15,10008.571000,26.970000,358.680057,359.433164,360.000000,625,1.319943,PI,FIFO,true,PI_FIFO,359.433164
17.770023,-1,15,9995.663000,22.633000,360.973597,359.664229,360.000000,625,-0.973597,PI,FIFO,true,PI_FIFO,359.664229
17.780022,-1,15,9999.737000,22.370000,360.903533,359.850125,360.000000,625,-0.903533,PI,FIFO,true,PI_FIFO,359.850125
17.790032,-1,15,10009.349000,31.719000,366.006693,360.773610,360.000000,624,-6.006693,PI,FIFO,true,PI_FIFO,360.773610
17.800019,-1,15,9987.385000,19.104000,363.206472,361.138539,360.000000,623,-3.206472,PI,FIFO,true,PI_FIFO,361.138539
17.810018,-1,15,9998.775000,17.879000,363.573407,361.503769,360.000000,623,-3.573407,PI,FIFO,true,PI_FIFO,361.503769
17.820018,-1,15,10000.163000,18.042000,360.413840,361.340280,360.000000,622,-0.413840,PI,FIFO,true,PI_FIFO,361.340280
17.830019,-1,15,10000.608000,18.650000,359.589041,361.077594,360.000000,622,0.410959,PI,FIFO,true,PI_FIFO,361.077594
17.840019,-1,15,10000.478000,19.128000,355.113636,360.183000,360.000000,622,4.886364,PI,FIFO,true,PI_FIFO,360.183000
17.850019,-1,15,9999.737000,18.865000,356.657609,359.654192,360.000000,623,3.342391,PI,FIFO,true,PI_FIFO,359.654192
17.860019,-1,15,9999.645000,18.510000,354.945575,358.947899,360.000000,624,5.054425,PI,FIFO,true,PI_FIFO,358.947899
17.870018,-1,15,9999.200000,17.710000,358.188996,358.834064,360.000000,624,1.811004,PI,FIFO,true,PI_FIFO,358.834064
17.880018,-1,15,10000.515000,18.225000,358.337315,358.759551,360.000000,625,1.662685,PI,FIFO,true,PI_FIFO,358.759551
17.890018,-1,15,9999.645000,17.870000,362.769486,359.361042,360.000000,625,-2.769486,PI,FIFO,true,PI_FIFO,359.361042
17.900018,-1,15,10000.145000,18.015000,359.023456,359.310404,360.000000,625,0.976544,PI,FIFO,true,PI_FIFO,359.310404
17.910019,-1,15,10000.830000,18.845000,360.207480,359.444965,360.000000,625,-0.207480,PI,FIFO,true,PI_FIFO,359.444965
17.920015,-1,15,9995.867000,14.712000,360.023041,359.531677,360.000000,625,-0.023041,PI,FIFO,true,PI_FIFO,359.531677
17.930018,-1,15,10003.163000,17.875000,361.654933,359.850165,360.000000,625,-1.654933,PI,FIFO,true,PI_FIFO,359.850165
17.940018,-1,15,10000.256000,18.131000,360.576923,359.959179,360.000000,625,-0.576923,PI,FIFO,true,PI_FIFO,359.959179
17.950018,-1,15,9999.534000,17.665000,364.254492,360.603476,360.000000,625,-4.254492,PI,FIFO,true,PI_FIFO,360.603476
17.960027,-1,15,10009.163000,26.828000,366.975470,361.559275,360.000000,623,-6.975470,PI,FIFO,true,PI_FIFO,361.559275
17.970019,-1,15,9992.052000,18.880000,363.548231,361.857618,360.000000,622,-3.548231,PI,FIFO,true,PI_FIFO,361.857618
17.980019,-1,15,10000.071000,18.951000,361.318088,361.776689,360.000000,622,-1.318088,PI,FIFO,true,PI_FIFO,361.776689
17.990018,-1,15,9998.867000,17.818000,358.337315,361.260783,360.000000,621,1.662685,PI,FIFO,true,PI_FIFO,361.260783
18.000018,-1,15,10000.070000,17.888000,359.786184,361.039593,360.000000,621,0.213816,PI,FIFO,true,PI_FIFO,361.039593
18.010018,-1,15,10000.497000,18.385000,354.107649,359.999801,360.000000,622,5.892351,PI,FIFO,true,PI_FIFO,359.999801
18.020018,-1,15,9999.978000,18.363000,355.691057,359.353490,360.000000,623,4.308943,PI,FIFO,true,PI_FIFO,359.353490
18.030018,-1,15,9999.793000,18.156000,354.107649,358.566614,360.000000,624,5.892351,PI,FIFO,true,PI_FIFO,358.566614
18.040017,-1,15,9999.145000,17.301000,359.287174,358.674698,360.000000,624,0.712826,PI,FIFO,true,PI_FIFO,358.674698
18.050018,-1,15,10000.237000,17.538000,356.803045,358.393950,360.000000,625,3.196955,PI,FIFO,true,PI_FIFO,358.393950
18.060018,-1,15,10000.274000,17.812000,360.576923,358.721396,360.000000,625,-0.576923,PI,FIFO,true,PI_FIFO,358.721396
18.070015,-1,15,9996.719000,14.531000,359.367513,358.818313,360.000000,626,0.632487,PI,FIFO,true,PI_FIFO,358.818313
18.080019,-1,15,10004.089000,18.620000,361.466687,359.215569,360.000000,626,-1.466687,PI,FIFO,true,PI_FIFO,359.215569
18.090014,-1,15,9995.571000,14.191000,358.542882,359.114666,360.000000,626,1.457118,PI,FIFO,true,PI_FIFO,359.114666
18.100019,-1,15,10004.534000,18.725000,363.196126,359.726885,360.000000,626,-3.196126,PI,FIFO,true,PI_FIFO,359.726885
18.110018,-1,15,9998.811000,17.536000,361.132512,359.937729,360.000000,626,-1.132512,PI,FIFO,true,PI_FIFO,359.937729
18.120018,-1,15,10000.496000,18.032000,366.032211,360.851901,360.000000,625,-6.032211,PI,FIFO,true,PI_FIFO,360.851901
18.130017,-1,15,9999.200000,17.232000,364.880643,361.456213,360.000000,624,-4.880643,PI,FIFO,true,PI_FIFO,361.456213
18.140018,-1,15,10000.903000,18.135000,366.389839,362.196257,360.000000,622,-6.389839,PI,FIFO,true,PI_FIFO,362.196257
18.150018,-1,15,9999.515000,17.650000,361.503856,362.092397,360.000000,622,-1.503856,PI,FIFO,true,PI_FIFO,362.092397
18.160019,-1,15,10000.996000,18.646000,359.884837,361.761263,360.000000,621,0.115163,PI,FIFO,true,PI_FIFO,361.761263
18.170018,-1,15,9999.533000,18.179000,357.240065,361.083083,360.000000,621,2.759935,PI,FIFO,true,PI_FIFO,361.083083
18.180019,-1,15,10000.367000,18.546000,356.633381,360.415628,360.000000,621,3.366619,PI,FIFO,true,PI_FIFO,360.415628
18.190018,-1,15,9999.773000,18.319000,354.576399,359.539743,360.000000,622,5.423601,PI,FIFO,true,PI_FIFO,359.539743
18.200017,-1,15,9999.145000,17.464000,356.294537,359.052962,360.000000,623,3.705463,PI,FIFO,true,PI_FIFO,359.052962
18.210018,-1,15,10000.348000,17.812000,361.371145,359.400690,360.000000,623,-1.371145,PI,FIFO,true,PI_FIFO,359.400690
18.220018,-1,15,10000.181000,17.993000,357.824427,359.164251,360.000000,623,2.175573,PI,FIFO,true,PI_FIFO,359.164251
18.230018,-1,15,9999.996000,17.989000,358.371560,359.045347,360.000000,624,1.628440,PI,FIFO,true,PI_FIFO,359.045347
18.240018,-1,15,9999.644000,17.633000,358.337315,358.939142,360.000000,624,1.662685,PI,FIFO,true,PI_FIFO,358.939142
18.250019,-1,15,10001.126000,18.759000,360.576923,359.184809,360.000000,625,-0.576923,PI,FIFO,true,PI_FIFO,359.184809
18.260017,-1,15,9998.441000,17.200000,357.313006,358.904039,360.000000,625,2.686994,PI,FIFO,true,PI_FIFO,358.904039
18.270018,-1,15,10000.514000,17.714000,361.620058,359.311442,360.000000,625,-1.620058,PI,FIFO,true,PI_FIFO,359.311442
18.280018,-1,15,10000.348000,18.062000,361.689815,359.668198,360.000000,625,-1.689815,PI,FIFO,true,PI_FIFO,359.668198
18.290018,-1,15,9999.830000,17.892000,366.568915,360.703305,360.000000,624,-6.568915,PI,FIFO,true,PI_FIFO,360.703305
18.300018,-1,15,10000.107000,17.999000,362.996902,361.047345,360.000000,623,-2.996902,PI,FIFO,true,PI_FIFO,361.047345
18.310017,-1,15,9999.422000,17.421000,364.431487,361.554966,360.000000,622,-4.431487,PI,FIFO,true,PI_FIFO,361.554966
18.320019,-1,15,10001.607000,19.028000,360.576923,361.408260,360.000000,622,-0.576923,PI,FIFO,true,PI_FIFO,361.408260
18.330015,-1,15,9996.181000,15.209000,360.230548,361.231603,360.000000,622,-0.230548,PI,FIFO,true,PI_FIFO,361.231603
18.340020,-1,15,10004.922000,20.131000,355.498375,360.371619,360.000000,622,4.501625,PI,FIFO,true,PI_FIFO,360.371619
18.350026,-1,15,10006.256000,26.387000,357.824427,359.989540,360.000000,622,2.175573,PI,FIFO,true,PI_FIFO,359.989540
18.360019,-1,15,9992.718000,19.105000,355.113636,359.258154,360.000000,623,4.886364,PI,FIFO,true,PI_FIFO,359.258154
18.370019,-1,15,9999.774000,18.879000,357.824427,359.043095,360.000000,624,2.175573,PI,FIFO,true,PI_FIFO,359.043095
18.380019,-1,15,9999.774000,18.653000,358.567370,358.971737,360.000000,624,1.432630,PI,FIFO,true,PI_FIFO,358.971737
18.390018,-1,15,9999.385000,18.038000,361.480625,359.348070,360.000000,624,-1.480625,PI,FIFO,true,PI_FIFO,359.348070
18.400018,-1,15,10000.237000,18.275000,358.371560,359.201593,360.000000,625,1.628440,PI,FIFO,true,PI_FIFO,359.201593
18.410014,-1,15,9996.218000,14.493000,360.230548,359.355936,360.000000,625,-0.230548,PI,FIFO,true,PI_FIFO,359.355936
18.420034,-1,15,10019.570000,34.063000,359.983544,359.450077,360.000000,625,0.016456,PI,FIFO,true,PI_FIFO,359.450077
18.430034,-1,15,10000.385000,34.448000,360.250904,359.570201,360.000000,625,-0.250904,PI,FIFO,true,PI_FIFO,359.570201
18.440019,-1,15,9984.922000,19.370000,360.181120,359.661839,360.000000,625,-0.181120,PI,FIFO,true,PI_FIFO,359.661839
18.450018,-1,15,9998.792000,18.162000,363.703788,360.268132,360.000000,625,-3.703788,PI,FIFO,true,PI_FIFO,360.268132
18.460019,-1,15,10000.441000,18.603000,367.030201,361.282442,360.000000,623,-7.030201,PI,FIFO,true,PI_FIFO,361.282442
18.470015,-1,15,9996.533000,15.136000,363.537865,361.620755,360.000000,622,-3.537865,PI,FIFO,true,PI_FIFO,361.620755
18.480024,-1,15,10009.015000,24.151000,361.769570,361.643078,360.000000,622,-1.769570,PI,FIFO,true,PI_FIFO,361.643078
18.490014,-1,15,9990.237000,14.388000,359.195402,361.275926,360.000000,621,0.804598,PI,FIFO,true,PI_FIFO,361.275926
18.500019,-1,15,10004.403000,18.791000,358.006619,360.785530,360.000000,621,1.993381,PI,FIFO,true,PI_FIFO,360.785530
18.510028,-1,15,10009.348000,28.139000,353.907135,359.753771,360.000000,622,6.092865,PI,FIFO,true,PI_FIFO,359.753771
18.520029,-1,15,10000.403000,28.542000,355.344379,359.092362,360.000000,623,4.655621,PI,FIFO,true,PI_FIFO,359.092362
18.530016,-1,15,9987.293000,15.835000,355.113636,358.495553,360.000000,624,4.886364,PI,FIFO,true,PI_FIFO,358.495553
18.540019,-1,15,10003.366000,19.201000,359.654731,358.669430,360.000000,625,0.345269,PI,FIFO,true,PI_FIFO,358.669430
18.550015,-1,15,9995.811000,15.012000,356.463878,358.338597,360.000000,626,3.536122,PI,FIFO,true,PI_FIFO,358.338597
18.560020,-1,15,10004.608000,19.620000,361.570248,358.823345,360.000000,626,-1.570248,PI,FIFO,true,PI_FIFO,358.823345
18.570018,-1,15,9998.607000,18.227000,358.851675,358.827594,360.000000,626,1.148325,PI,FIFO,true,PI_FIFO,358.827594
18.580019,-1,15,10000.663000,18.890000,361.794501,359.272630,360.000000,626,-1.794501,PI,FIFO,true,PI_FIFO,359.272630
18.590018,-1,15,9999.310000,18.200000,358.700643,359.186832,360.000000,627,1.299357,PI,FIFO,true,PI_FIFO,359.186832
18.600019,-1,15,10000.867000,19.067000,364.644107,360.005423,360.000000,626,-4.644107,PI,FIFO,true,PI_FIFO,360.005423
18.610018,-1,15,9998.940000,18.007000,361.875965,360.286005,360.000000,626,-1.875965,PI,FIFO,true,PI_FIFO,360.286005
18.620018,-1,15,10000.367000,18.374000,366.389839,361.201580,360.000000,625,-6.389839,PI,FIFO,true,PI_FIFO,361.201580
18.630016,-1,15,9997.200000,15.574000,364.502333,361.696693,360.000000,623,-4.502333,PI,FIFO,true,PI_FIFO,361.696693
18.640018,-1,15,10002.829000,18.403000,366.389839,362.400665,360.000000,622,-6.389839,PI,FIFO,true,PI_FIFO,362.400665
18.650014,-1,15,9996.015000,14.418000,361.132512,362.210442,360.000000,621,-1.132512,PI,FIFO,true,PI_FIFO,362.210442
18.660019,-1,15,10004.163000,18.581000,359.505321,361.804674,360.000000,621,0.494679,PI,FIFO,true,PI_FIFO,361.804674
18.670018,-1,15,9999.496000,18.077000,356.890363,361.067527,360.000000,621,3.109637,PI,FIFO,true,PI_FIFO,361.067527
18.680018,-1,15,10000.273000,18.350000,355.113636,360.174443,360.000000,621,4.886364,PI,FIFO,true,PI_FIFO,360.174443
18.690018,-1,15,9999.460000,17.810000,352.632993,359.043226,360.000000,623,7.367007,PI,FIFO,true,PI_FIFO,359.043226
18.700018,-1,15,10000.625000,18.435000,353.773585,358.252780,360.000000,624,6.226415,PI,FIFO,true,PI_FIFO,358.252780
18.710018,-1,15,9999.404000,17.839000,359.617942,358.457554,360.000000,624,0.382058,PI,FIFO,true,PI_FIFO,358.457554
18.720017,-1,15,9999.348000,17.187000,357.687905,358.342107,360.000000,625,2.312095,PI,FIFO,true,PI_FIFO,358.342107
18.730018,-1,15,10000.440000,17.627000,359.367513,358.495918,360.000000,626,0.632487,PI,FIFO,true,PI_FIFO,358.495918
18.740018,-1,15,10000.182000,17.809000,360.181120,358.748698,360.000000,626,-0.181120,PI,FIFO,true,PI_FIFO,358.748698
18.750018,-1,15,10000.255000,18.064000,361.097737,359.101054,360.000000,626,-1.097737,PI,FIFO,true,PI_FIFO,359.101054
18.760017,-1,15,9999.181000,17.245000,358.188996,358.964245,360.000000,627,1.811004,PI,FIFO,true,PI_FIFO,358.964245
18.770018,-1,15,10000.589000,17.834000,362.143892,359.441192,360.000000,626,-2.143892,PI,FIFO,true,PI_FIFO,359.441192
18.780018,-1,15,10000.644000,18.478000,363.372093,360.030827,360.000000,626,-3.372093,PI,FIFO,true,PI_FIFO,360.030827
18.790017,-1,15,9998.737000,17.215000,367.827366,361.200308,360.000000,625,-7.827366,PI,FIFO,true,PI_FIFO,361.200308
18.800018,-1,15,10001.255000,18.470000,363.748060,361.582471,360.000000,624,-3.748060,PI,FIFO,true,PI_FIFO,361.582471
18.810018,-1,15,9999.200000,17.670000,364.785992,362.062999,360.000000,623,-4.785992,PI,FIFO,true,PI_FIFO,362.062999
18.820017,-1,15,9999.830000,17.500000,360.170577,361.779136,360.000000,622,-0.170577,PI,FIFO,true,PI_FIFO,361.779136
18.830019,-1,15,10001.014000,18.514000,359.919378,361.500172,360.000000,622,0.080622,PI,FIFO,true,PI_FIFO,361.500172
18.840018,-1,15,9999.274000,17.788000,353.392569,360.284032,360.000000,622,6.607431,PI,FIFO,true,PI_FIFO,360.284032
18.850014,-1,15,9996.218000,14.006000,358.337315,359.992024,360.000000,623,1.662685,PI,FIFO,true,PI_FIFO,359.992024
18.860018,-1,15,10004.385000,18.391000,354.921579,359.231457,360.000000,623,5.078421,PI,FIFO,true,PI_FIFO,359.231457
18.870014,-1,15,9995.830000,14.221000,357.653791,358.994807,360.000000,624,2.346209,PI,FIFO,true,PI_FIFO,358.994807
18.880019,-1,15,10004.718000,18.939000,358.737245,358.956173,360.000000,625,1.262755,PI,FIFO,true,PI_FIFO,358.956173
18.890017,-1,15,9998.552000,17.491000,360.230548,359.147329,360.000000,625,-0.230548,PI,FIFO,true,PI_FIFO,359.147329
18.900019,-1,15,10001.181000,18.672000,358.680057,359.077238,360.000000,625,1.319943,PI,FIFO,true,PI_FIFO,359.077238
18.910018,-1,15,9999.255000,17.927000,360.576923,359.302191,360.000000,625,-0.576923,PI,FIFO,true,PI_FIFO,359.302191
18.920018,-1,15,10000.293000,18.220000,360.057609,359.415504,360.000000,625,-0.057609,PI,FIFO,true,PI_FIFO,359.415504
18.930018,-1,15,9999.848000,18.068000,361.172262,359.679018,360.000000,625,-1.172262,PI,FIFO,true,PI_FIFO,359.679018
18.940016,-1,15,9997.477000,15.545000,360.057609,359.735806,360.000000,625,-0.057609,PI,FIFO,true,PI_FIFO,359.735806
18.950018,-1,15,10002.478000,18.023000,362.062307,360.084781,360.000000,625,-2.062307,PI,FIFO,true,PI_FIFO,360.084781
18.960019,-1,15,10001.311000,19.334000,365.853659,360.950113,360.000000,624,-5.853659,PI,FIFO,true,PI_FIFO,360.950113
18.970018,-1,15,9998.792000,18.126000,363.559979,361.341593,360.000000,623,-3.559979,PI,FIFO,true,PI_FIFO,361.341593
18.980018,-1,15,9999.904000,18.030000,362.318841,361.488180,360.000000,623,-2.318841,PI,FIFO,true,PI_FIFO,361.488180
18.990018,-1,15,9999.551000,17.581000,359.654731,361.213163,360.000000,622,0.345269,PI,FIFO,true,PI_FIFO,361.213163
19.000019,-1,15,10001.404000,18.985000,359.884837,361.013914,360.000000,622,0.115163,PI,FIFO,true,PI_FIFO,361.013914
19.010018,-1,15,9998.922000,17.907000,354.155424,359.985140,360.000000,623,5.844576,PI,FIFO,true,PI_FIFO,359.985140
19.020025,-1,15,10006.848000,24.755000,355.956336,359.380820,360.000000,623,4.043664,PI,FIFO,true,PI_FIFO,359.380820
19.030020,-1,15,9994.977000,19.732000,354.921579,358.711934,360.000000,624,5.078421,PI,FIFO,true,PI_FIFO,358.711934
19.040019,-1,15,9998.941000,18.673000,359.367513,358.810271,360.000000,625,0.632487,PI,FIFO,true,PI_FIFO,358.810271
19.050028,-1,15,10009.218000,27.891000,357.097511,358.553357,360.000000,626,2.902489,PI,FIFO,true,PI_FIFO,358.553357
19.060019,-1,15,9990.774000,18.665000,361.620058,359.013362,360.000000,626,-1.620058,PI,FIFO,true,PI_FIFO,359.013362
19.070019,-1,15,9999.848000,18.513000,359.392114,359.070175,360.000000,626,0.607886,PI,FIFO,true,PI_FIFO,359.070175
19.080018,-1,15,9999.681000,18.194000,360.903533,359.345178,360.000000,626,-0.903533,PI,FIFO,true,PI_FIFO,359.345178
19.090018,-1,15,9999.904000,18.098000,358.337315,359.193999,360.000000,627,1.662685,PI,FIFO,true,PI_FIFO,359.193999
19.100018,-1,15,9999.477000,17.575000,362.769486,359.730322,360.000000,626,-2.769486,PI,FIFO,true,PI_FIFO,359.730322
19.110032,-1,15,10014.367000,31.942000,361.394558,359.979957,360.000000,626,-1.394558,PI,FIFO,true,PI_FIFO,359.979957
19.120036,-1,15,10004.366000,36.308000,366.592805,360.971884,360.000000,625,-6.592805,PI,FIFO,true,PI_FIFO,360.971884
19.130032,-1,15,9995.199000,31.507000,365.070093,361.586616,360.000000,624,-5.070093,PI,FIFO,true,PI_FIFO,361.586616
19.140019,-1,15,9987.681000,19.188000,365.497076,362.173185,360.000000,623,-5.497076,PI,FIFO,true,PI_FIFO,362.173185
19.150018,-1,15,9999.106000,18.294000,359.589041,361.785563,360.000000,622,0.410959,PI,FIFO,true,PI_FIFO,361.785563
19.160016,-1,15,9997.292000,15.586000,359.539789,361.448697,360.000000,622,0.460211,PI,FIFO,true,PI_FIFO,361.448697
19.170035,-1,15,10019.329000,34.915000,357.278963,360.823237,360.000000,622,2.721037,PI,FIFO,true,PI_FIFO,360.823237
19.180020,-1,15,9984.626000,19.541000,356.463878,360.169333,360.000000,622,3.536122,PI,FIFO,true,PI_FIFO,360.169333
19.190018,-1,15,9998.736000,18.277000,353.582974,359.181379,360.000000,623,6.417026,PI,FIFO,true,PI_FIFO,359.181379
19.200019,-1,15,10000.570000,18.847000,355.956336,358.697623,360.000000,624,4.043664,PI,FIFO,true,PI_FIFO,358.697623
19.210018,-1,15,9999.125000,17.972000,359.838792,358.868798,360.000000,625,0.161208,PI,FIFO,true,PI_FIFO,358.868798
19.220018,-1,15,9999.755000,17.727000,359.023456,358.891997,360.000000,625,0.976544,PI,FIFO,true,PI_FIFO,358.891997
19.230019,-1,15,10001.569000,19.296000,360.378913,359.115034,360.000000,625,-0.378913,PI,FIFO,true,PI_FIFO,359.115034
19.240019,-1,15,9999.218000,18.514000,359.600632,359.187874,360.000000,626,0.399368,PI,FIFO,true,PI_FIFO,359.187874
19.250018,-1,15,9999.736000,18.250000,363.774945,359.875935,360.000000,625,-3.774945,PI,FIFO,true,PI_FIFO,359.875935
19.260018,-1,15,10000.015000,18.265000,360.057609,359.903186,360.000000,625,-0.057609,PI,FIFO,true,PI_FIFO,359.903186
19.270018,-1,15,9999.995000,18.260000,361.886921,360.200746,360.000000,625,-1.886921,PI,FIFO,true,PI_FIFO,360.200746
19.280018,-1,15,10000.014000,18.274000,361.969112,360.466001,360.000000,624,-1.969112,PI,FIFO,true,PI_FIFO,360.466001
19.290018,-1,15,9999.663000,17.937000,367.901662,361.581350,360.000000,623,-7.901662,PI,FIFO,true,PI_FIFO,361.581350
19.300019,-1,15,10000.717000,18.654000,361.969112,361.639514,360.000000,622,-1.969112,PI,FIFO,true,PI_FIFO,361.639514
19.310018,-1,15,9999.403000,18.057000,363.869863,361.974067,360.000000,621,-3.869863,PI,FIFO,true,PI_FIFO,361.974067
19.320018,-1,15,10000.348000,18.405000,359.392114,361.586774,360.000000,621,0.607886,PI,FIFO,true,PI_FIFO,361.586774
19.330018,-1,15,9999.236000,17.641000,357.824427,361.022422,360.000000,621,2.175573,PI,FIFO,true,PI_FIFO,361.022422
19.340019,-1,15,10001.088000,18.729000,351.688103,359.622274,360.000000,622,8.311897,PI,FIFO,true,PI_FIFO,359.622274
19.350018,-1,15,9999.514000,18.243000,356.294537,359.123113,360.000000,623,3.705463,PI,FIFO,true,PI_FIFO,359.123113
19.360019,-1,15,10000.792000,19.035000,352.822581,358.178033,360.000000,624,7.177419,PI,FIFO,true,PI_FIFO,358.178033
19.370033,-1,15,10013.755000,32.790000,357.995227,358.150612,360.000000,625,2.004773,PI,FIFO,true,PI_FIFO,358.150612
19.380020,-1,15,9987.255000,20.045000,358.006619,358.129013,360.000000,626,1.993381,PI,FIFO,true,PI_FIFO,358.129013
19.390019,-1,15,9998.792000,18.837000,360.750361,358.522216,360.000000,626,-0.750361,PI,FIFO,true,PI_FIFO,358.522216
19.400019,-1,15,9999.810000,18.647000,358.188996,358.472233,360.000000,627,1.811004,PI,FIFO,true,PI_FIFO,358.472233
19.410015,-1,15,9996.237000,14.884000,360.057609,358.710039,360.000000,627,-0.057609,PI,FIFO,true,PI_FIFO,358.710039
19.420019,-1,15,10004.162000,19.046000,359.589041,358.841889,360.000000,627,0.410959,PI,FIFO,true,PI_FIFO,358.841889
19.430016,-1,15,9996.681000,15.727000,361.620058,359.258615,360.000000,627,-1.620058,PI,FIFO,true,PI_FIFO,359.258615
19.440019,-1,15,10003.014000,18.741000,360.947125,359.511891,360.000000,627,-0.947125,PI,FIFO,true,PI_FIFO,359.511891
19.450014,-1,15,9995.366000,14.107000,364.077670,360.196758,360.000000,627,-4.077670,PI,FIFO,true,PI_FIFO,360.196758
19.460019,-1,15,10004.903000,19.010000,367.743201,361.328725,360.000000,626,-7.743201,PI,FIFO,true,PI_FIFO,361.328725
19.470015,-1,15,9995.662000,14.672000,364.077670,361.741066,360.000000,625,-4.077670,PI,FIFO,true,PI_FIFO,361.741066
19.480019,-1,15,10004.144000,18.816000,363.748060,362.042115,360.000000,623,-3.748060,PI,FIFO,true,PI_FIFO,362.042115
19.490018,-1,15,9999.088000,17.904000,360.923965,361.874393,360.000000,623,-0.923965,PI,FIFO,true,PI_FIFO,361.874393
19.500019,-1,15,10001.088000,18.992000,360.230548,361.627816,360.000000,622,-0.230548,PI,FIFO,true,PI_FIFO,361.627816
19.510028,-1,15,10008.977000,27.969000,355.832490,360.758517,360.000000,623,4.167510,PI,FIFO,true,PI_FIFO,360.758517
19.520026,-1,15,9998.162000,26.131000,356.972870,360.190670,360.000000,623,3.027130,PI,FIFO,true,PI_FIFO,360.190670
19.530020,-1,15,9993.459000,19.590000,355.883948,359.544662,360.000000,624,4.116052,PI,FIFO,true,PI_FIFO,359.544662
19.540018,-1,15,9998.866000,18.456000,359.712230,359.569797,360.000000,624,0.287770,PI,FIFO,true,PI_FIFO,359.569797
19.550018,-1,15,9999.607000,18.063000,357.097511,359.198954,360.000000,624,2.902489,PI,FIFO,true,PI_FIFO,359.198954
19.560018,-1,15,10000.181000,18.244000,360.576923,359.405650,360.000000,624,-0.576923,PI,FIFO,true,PI_FIFO,359.405650
19.570018,-1,15,9999.662000,17.906000,358.606557,359.285786,360.000000,625,1.393443,PI,FIFO,true,PI_FIFO,359.285786
19.580016,-1,15,9997.940000,15.846000,360.403652,359.453466,360.000000,625,-0.403652,PI,FIFO,true,PI_FIFO,359.453466
19.590015,-1,15,9999.125000,14.971000,357.278963,359.127290,360.000000,626,2.721037,PI,FIFO,true,PI_FIFO,359.127290
19.600019,-1,15,10004.088000,19.059000,361.271676,359.448948,360.000000,626,-1.271676,PI,FIFO,true,PI_FIFO,359.448948
19.610018,-1,15,9998.922000,17.981000,359.654731,359.479816,360.000000,626,0.345269,PI,FIFO,true,PI_FIFO,359.479816
19.620018,-1,15,10000.403000,18.384000,365.141188,360.329022,360.000000,625,-5.141188,PI,FIFO,true,PI_FIFO,360.329022
19.630019,-1,15,10000.125000,18.509000,364.124806,360.898389,360.000000,624,-4.124806,PI,FIFO,true,PI_FIFO,360.898389
19.640019,-1,15,10000.014000,18.523000,365.497076,361.588192,360.000000,623,-5.497076,PI,FIFO,true,PI_FIFO,361.588192
19.650018,-1,15,9999.774000,18.297000,359.392114,361.258780,360.000000,623,0.607886,PI,FIFO,true,PI_FIFO,361.258780
19.660018,-1,15,9999.699000,17.996000,358.629613,360.864405,360.000000,623,1.370387,PI,FIFO,true,PI_FIFO,360.864405
19.670018,-1,15,9999.884000,17.880000,356.270358,360.175298,360.000000,623,3.729642,PI,FIFO,true,PI_FIFO,360.175298
19.680018,-1,15,10000.089000,17.969000,356.294537,359.593184,360.000000,624,3.705463,PI,FIFO,true,PI_FIFO,359.593184
19.690018,-1,15,10000.254000,18.223000,354.538088,358.834920,360.000000,625,5.461912,PI,FIFO,true,PI_FIFO,358.834920
19.700018,-1,15,9999.737000,17.960000,356.803045,358.530138,360.000000,626,3.196955,PI,FIFO,true,PI_FIFO,358.530138
19.710018,-1,15,10000.125000,18.085000,360.207480,358.781740,360.000000,626,-0.207480,PI,FIFO,true,PI_FIFO,358.781740
19.720017,-1,15,9999.292000,17.377000,359.367513,358.869606,360.000000,626,0.632487,PI,FIFO,true,PI_FIFO,358.869606
19.730018,-1,15,10000.514000,17.891000,360.230548,359.073747,360.000000,626,-0.230548,PI,FIFO,true,PI_FIFO,359.073747
19.740018,-1,15,9999.847000,17.738000,360.775151,359.328958,360.000000,627,-0.775151,PI,FIFO,true,PI_FIFO,359.328958
19.750027,-1,15,10008.903000,26.641000,362.051340,359.737315,360.000000,626,-2.051340,PI,FIFO,true,PI_FIFO,359.737315
19.760018,-1,15,9991.292000,17.933000,359.589041,359.715074,360.000000,627,0.410959,PI,FIFO,true,PI_FIFO,359.715074
19.770018,-1,15,10000.051000,17.984000,363.196126,360.237232,360.000000,626,-3.196126,PI,FIFO,true,PI_FIFO,360.237232
19.780018,-1,15,9999.811000,17.795000,362.248841,360.538973,360.000000,626,-2.248841,PI,FIFO,true,PI_FIFO,360.538973
19.790018,-1,15,10000.625000,18.420000,367.286974,361.551173,360.000000,624,-7.286974,PI,FIFO,true,PI_FIFO,361.551173
19.800017,-1,15,9999.033000,17.453000,362.435567,361.683832,360.000000,624,-2.435567,PI,FIFO,true,PI_FIFO,361.683832
19.810018,-1,15,10000.606000,18.059000,364.608653,362.122555,360.000000,622,-4.608653,PI,FIFO,true,PI_FIFO,362.122555
19.820034,-1,15,10016.237000,34.296000,359.654731,361.752382,360.000000,622,0.345269,PI,FIFO,true,PI_FIFO,361.752382
19.830034,-1,15,9999.329000,33.625000,359.539789,361.420493,360.000000,622,0.460211,PI,FIFO,true,PI_FIFO,361.420493
19.840023,-1,15,9989.162000,22.787000,354.219144,360.340290,360.000000,622,5.780856,PI,FIFO,true,PI_FIFO,360.340290
19.850021,-1,15,9998.625000,21.412000,357.142857,359.860675,360.000000,623,2.857143,PI,FIFO,true,PI_FIFO,359.860675
19.860021,-1,15,9999.699000,21.111000,353.202368,358.861929,360.000000,624,6.797632,PI,FIFO,true,PI_FIFO,358.861929
19.870022,-1,15,10000.959000,22.070000,356.125356,358.451443,360.000000,625,3.874644,PI,FIFO,true,PI_FIFO,358.451443
19.880022,-1,15,9999.570000,21.640000,359.589041,358.622083,360.000000,625,0.410959,PI,FIFO,true,PI_FIFO,358.622083
19.890021,-1,15,9999.847000,21.487000,360.413840,358.890847,360.000000,625,-0.413840,PI,FIFO,true,PI_FIFO,358.890847
19.900022,-1,15,10000.255000,21.742000,358.802624,358.877613,360.000000,626,1.197376,PI,FIFO,true,PI_FIFO,358.877613
19.910021,-1,15,9999.347000,21.089000,361.097737,359.210632,360.000000,626,-1.097737,PI,FIFO,true,PI_FIFO,359.210632
19.920022,-1,15,10000.737000,21.826000,360.576923,359.415576,360.000000,626,-0.576923,PI,FIFO,true,PI_FIFO,359.415576
19.930022,-1,15,9999.681000,21.507000,360.576923,359.589778,360.000000,626,-0.576923,PI,FIFO,true,PI_FIFO,359.589778
19.940021,-1,15,9999.199000,20.706000,360.947125,359.793380,360.000000,626,-0.947125,PI,FIFO,true,PI_FIFO,359.793380
19.950021,-1,15,9999.903000,20.609000,364.608653,360.515671,360.000000,625,-4.608653,PI,FIFO,true,PI_FIFO,360.515671
19.960021,-1,15,10000.681000,21.290000,367.550967,361.570965,360.000000,624,-7.550967,PI,FIFO,true,PI_FIFO,361.570965
19.970021,-1,15,9999.680000,20.970000,364.431487,362.000044,360.000000,623,-4.431487,PI,FIFO,true,PI_FIFO,362.000044
19.980021,-1,15,9999.848000,20.818000,361.689815,361.953509,360.000000,622,-1.689815,PI,FIFO,true,PI_FIFO,361.953509
19.990021,-1,15,10000.366000,21.184000,359.367513,361.565610,360.000000,622,0.632487,PI,FIFO,true,PI_FIFO,361.565610
