elapsed_s,step_index,pwm_percent,loop_period_us,late_us,raw_rpm,filtered_rpm,target_rpm,pwm,error_rpm,intended_mode,intended_fifo,fifo_active,condition,fb_rpm
0.010020,-1,8,10020.369000,20.369000,0.000000,0.000000,360.000000,364,360.000000,PI,FIFO,true,PI_FIFO,0.000000
0.020018,-1,12,9998.058000,18.427000,0.000000,0.000000,360.000000,513,360.000000,PI,FIFO,true,PI_FIFO,0.000000
0.030017,-1,16,9998.446000,16.873000,0.000998,0.000150,360.000000,661,359.999002,PI,FIFO,true,PI_FIFO,0.000499
0.040019,-1,17,10001.706000,18.579000,144.974227,21.746261,360.000000,736,215.025773,PI,FIFO,true,PI_FIFO,72.487363
0.050015,-1,19,9996.798000,15.377000,213.932556,50.574205,360.000000,783,146.067444,PI,FIFO,true,PI_FIFO,143.209959
0.060019,-1,19,10003.242000,18.619000,283.694134,85.542195,360.000000,801,76.305866,PI,FIFO,true,PI_FIFO,213.452047
0.070019,-1,19,10000.076000,18.695000,338.203463,123.441385,360.000000,799,21.796537,PI,FIFO,true,PI_FIFO,275.827755
0.080018,-1,19,9999.243000,17.938000,380.710660,162.031776,360.000000,780,-20.710660,PI,FIFO,true,PI_FIFO,328.269207
0.090018,-1,18,9999.724000,17.662000,404.870441,198.457576,360.000000,754,-44.870441,PI,FIFO,true,PI_FIFO,366.569824
0.100027,-1,17,10009.093000,26.755000,419.187270,231.567030,360.000000,725,-59.187270,PI,FIFO,true,PI_FIFO,392.878547
0.110020,-1,17,9993.040000,19.795000,421.897205,260.116556,360.000000,697,-61.897205,PI,FIFO,true,PI_FIFO,407.387876
0.120018,-1,16,9997.909000,17.704000,421.850185,284.376601,360.000000,670,-61.850185,PI,FIFO,true,PI_FIFO,414.619031
0.130018,-1,15,9999.817000,17.521000,415.597294,304.059705,360.000000,647,-55.597294,PI,FIFO,true,PI_FIFO,415.108162
0.140015,-1,15,9997.261000,14.782000,411.184211,320.128381,360.000000,626,-51.184211,PI,FIFO,true,PI_FIFO,413.146186
0.150017,-1,14,10002.594000,17.376000,400.831354,332.233827,360.000000,611,-40.831354,PI,FIFO,true,PI_FIFO,406.988770
0.160014,-1,14,9997.095000,14.471000,389.408100,340.809967,360.000000,600,-29.408100,PI,FIFO,true,PI_FIFO,398.198435
0.170018,-1,14,10003.205000,17.676000,380.007153,346.689545,360.000000,594,-20.007153,PI,FIFO,true,PI_FIFO,389.102794
0.180030,-1,14,10011.889000,29.565000,371.238120,350.371832,360.000000,591,-11.238120,PI,FIFO,true,PI_FIFO,380.170457
0.190018,-1,14,9988.504000,18.069000,364.431487,352.480780,360.000000,590,-4.431487,PI,FIFO,true,PI_FIFO,372.300972
0.200018,-1,14,10000.131000,18.200000,357.434641,353.223859,360.000000,593,2.565359,PI,FIFO,true,PI_FIFO,364.867806
0.210018,-1,14,9999.372000,17.572000,354.442344,353.406632,360.000000,596,5.557656,PI,FIFO,true,PI_FIFO,359.655075
0.220017,-1,14,9999.910000,17.482000,355.652504,353.743513,360.000000,598,4.347496,PI,FIFO,true,PI_FIFO,357.653789
0.230018,-1,14,10000.298000,17.780000,349.639483,353.127908,360.000000,603,10.360517,PI,FIFO,true,PI_FIFO,353.646636
0.240018,-1,14,9999.871000,17.651000,349.069149,352.519094,360.000000,608,10.930851,PI,FIFO,true,PI_FIFO,351.357893
0.250017,-1,14,9999.408000,17.059000,346.901018,351.676383,360.000000,614,13.098982,PI,FIFO,true,PI_FIFO,349.129455
0.260017,-1,15,10000.111000,17.170000,347.222222,351.008259,360.000000,619,12.777778,PI,FIFO,true,PI_FIFO,348.175839
0.270018,-1,15,10000.667000,17.837000,343.586387,349.894978,360.000000,627,16.413613,PI,FIFO,true,PI_FIFO,345.881113
0.280027,-1,15,10009.407000,27.244000,348.999535,349.760661,360.000000,631,11.000465,PI,FIFO,true,PI_FIFO,347.440324
0.290018,-1,15,9990.927000,18.171000,349.440895,349.712696,360.000000,635,10.559105,PI,FIFO,true,PI_FIFO,348.440609
0.300017,-1,15,9999.242000,17.413000,354.777673,350.472443,360.000000,637,5.222327,PI,FIFO,true,PI_FIFO,351.609141
0.310017,-1,15,10000.000000,17.413000,358.410705,351.663182,360.000000,637,1.589295,PI,FIFO,true,PI_FIFO,355.009923
0.320036,-1,15,10018.738000,36.151000,362.875683,353.345057,360.000000,635,-2.875683,PI,FIFO,true,PI_FIFO,358.942803
0.330036,-1,15,9999.353000,35.504000,362.435567,354.708634,360.000000,633,-2.435567,PI,FIFO,true,PI_FIFO,360.689185
0.340038,-1,15,10002.740000,38.244000,364.691390,356.206047,360.000000,631,-4.691390,PI,FIFO,true,PI_FIFO,362.690287
0.350020,-1,15,9982.207000,20.451000,363.372093,357.280954,360.000000,630,-3.372093,PI,FIFO,true,PI_FIFO,363.031190
0.360050,-1,15,10029.440000,49.891000,365.497076,358.513372,360.000000,627,-5.497076,PI,FIFO,true,PI_FIFO,364.264133
0.370037,-1,15,9987.447000,37.338000,362.809598,359.157806,360.000000,626,-2.809598,PI,FIFO,true,PI_FIFO,363.536865
0.380033,-1,15,9995.279000,32.617000,367.071261,360.344824,360.000000,623,-7.071261,PI,FIFO,true,PI_FIFO,365.304063
0.390018,-1,15,9985.151000,17.768000,368.166824,361.518124,360.000000,619,-8.166824,PI,FIFO,true,PI_FIFO,366.735443
0.400016,-1,15,9998.001000,15.769000,364.963504,362.034931,360.000000,617,-4.963504,PI,FIFO,true,PI_FIFO,365.849474
0.410018,-1,15,10001.870000,17.639000,360.576923,361.816230,360.000000,618,-0.576923,PI,FIFO,true,PI_FIFO,363.213198
0.420016,-1,15,9997.927000,15.566000,357.653791,361.191864,360.000000,619,2.346209,PI,FIFO,true,PI_FIFO,360.433495
0.430018,-1,15,10002.241000,17.807000,355.618777,360.355901,360.000000,621,4.381223,PI,FIFO,true,PI_FIFO,358.026136
0.440016,-1,15,9997.797000,15.604000,352.254428,359.140680,360.000000,625,7.745572,PI,FIFO,true,PI_FIFO,355.140282
0.450015,-1,15,9999.815000,15.419000,354.945575,358.511414,360.000000,627,5.054425,PI,FIFO,true,PI_FIFO,355.042929
0.460016,-1,15,10000.149000,15.568000,354.442344,357.901054,360.000000,629,5.557656,PI,FIFO,true,PI_FIFO,354.742636
0.470024,-1,15,10008.221000,23.789000,360.378913,358.272733,360.000000,629,-0.378913,PI,FIFO,true,PI_FIFO,357.560774
0.480027,-1,15,10003.352000,27.141000,358.166189,358.256751,360.000000,629,1.833811,PI,FIFO,true,PI_FIFO,357.863482
0.490019,-1,15,9991.539000,18.680000,361.769570,358.783674,360.000000,628,-1.769570,PI,FIFO,true,PI_FIFO,359.816526
0.500014,-1,15,9995.816000,14.496000,360.576923,359.052661,360.000000,628,-0.576923,PI,FIFO,true,PI_FIFO,360.196724
0.510018,-1,15,10003.037000,17.533000,362.809598,359.616202,360.000000,627,-2.809598,PI,FIFO,true,PI_FIFO,361.503161
0.520018,-1,15,10000.426000,17.959000,359.712230,359.630606,360.000000,627,0.287770,PI,FIFO,true,PI_FIFO,360.607696
0.530018,-1,15,9999.926000,17.885000,364.691390,360.389724,360.000000,625,-4.691390,PI,FIFO,true,PI_FIFO,362.649543
0.540018,-1,15,9999.704000,17.589000,362.669246,360.731652,360.000000,624,-2.669246,PI,FIFO,true,PI_FIFO,362.659394
0.550018,-1,15,10000.093000,17.682000,366.210938,361.553545,360.000000,621,-6.210938,PI,FIFO,true,PI_FIFO,364.435166
0.560015,-1,15,9996.927000,14.609000,363.901019,361.905666,360.000000,619,-3.901019,PI,FIFO,true,PI_FIFO,364.168092
0.570017,-1,15,10002.834000,17.443000,364.869505,362.350242,360.000000,617,-4.869505,PI,FIFO,true,PI_FIFO,364.518799
0.580026,-1,15,10008.850000,26.293000,359.352754,361.900619,360.000000,618,0.647246,PI,FIFO,true,PI_FIFO,361.935777
0.590017,-1,15,9991.113000,17.406000,358.029406,361.319937,360.000000,619,1.970594,PI,FIFO,true,PI_FIFO,359.982591
0.600014,-1,15,9997.038000,14.444000,355.691057,360.475605,360.000000,621,4.308943,PI,FIFO,true,PI_FIFO,357.836824
0.610017,-1,15,10002.389000,16.833000,355.113636,359.671310,360.000000,623,4.886364,PI,FIFO,true,PI_FIFO,356.475230
0.620014,-1,15,9997.075000,13.908000,352.443609,358.587154,360.000000,627,7.556391,PI,FIFO,true,PI_FIFO,354.459420
0.630018,-1,15,10003.796000,17.704000,354.442344,357.965433,360.000000,629,5.557656,PI,FIFO,true,PI_FIFO,354.450882
0.640017,-1,15,9999.667000,17.371000,359.287174,358.163694,360.000000,629,0.712826,PI,FIFO,true,PI_FIFO,356.869028
0.650017,-1,15,9999.816000,17.187000,360.230548,358.473722,360.000000,629,-0.230548,PI,FIFO,true,PI_FIFO,358.549788
0.660018,-1,15,10001.037000,18.224000,359.786184,358.670591,360.000000,629,0.213816,PI,FIFO,true,PI_FIFO,359.167986
0.670017,-1,15,9999.001000,17.225000,360.903533,359.005533,360.000000,628,-0.903533,PI,FIFO,true,PI_FIFO,360.035759
0.680018,-1,15,10000.778000,18.003000,363.171002,359.630353,360.000000,626,-3.171002,PI,FIFO,true,PI_FIFO,361.603380
0.690018,-1,15,9999.519000,17.522000,360.057609,359.694441,360.000000,627,-0.057609,PI,FIFO,true,PI_FIFO,360.830495
0.700017,-1,15,9999.944000,17.466000,362.248841,360.077601,360.000000,625,-2.248841,PI,FIFO,true,PI_FIFO,361.539668
0.710027,-1,15,10009.444000,26.910000,363.901019,360.651114,360.000000,624,-3.901019,PI,FIFO,true,PI_FIFO,362.720343
0.720020,-1,15,9993.335000,20.245000,367.935636,361.743792,360.000000,620,-7.935636,PI,FIFO,true,PI_FIFO,365.327990
0.730018,-1,15,9997.260000,17.505000,363.548231,362.014458,360.000000,619,-3.548231,PI,FIFO,true,PI_FIFO,364.438110
0.740017,-1,15,9999.852000,17.357000,362.875683,362.143642,360.000000,618,-2.875683,PI,FIFO,true,PI_FIFO,363.656897
0.750015,-1,15,9997.519000,14.876000,358.802624,361.642489,360.000000,619,1.197376,PI,FIFO,true,PI_FIFO,361.229760
0.760015,-1,15,10000.427000,15.303000,358.989087,361.244479,360.000000,619,1.010913,PI,FIFO,true,PI_FIFO,360.109424
0.770018,-1,15,10002.315000,17.618000,353.050355,360.015360,360.000000,623,6.949645,PI,FIFO,true,PI_FIFO,356.579889
0.780049,-1,15,10030.902000,48.520000,356.065684,359.422909,360.000000,624,3.934316,PI,FIFO,true,PI_FIFO,356.322786
0.790037,-1,15,9988.762000,37.282000,353.964401,358.604133,360.000000,627,6.035599,PI,FIFO,true,PI_FIFO,355.143594
0.800020,-1,15,9982.707000,19.989000,357.278963,358.405357,360.000000,628,2.721037,PI,FIFO,true,PI_FIFO,356.211279
0.810018,-1,15,9998.019000,18.008000,358.166189,358.369482,360.000000,629,1.833811,PI,FIFO,true,PI_FIFO,357.188734
0.820026,-1,15,10008.444000,26.452000,363.372093,359.119874,360.000000,627,-3.372093,PI,FIFO,true,PI_FIFO,360.280413
0.830026,-1,15,9999.296000,25.748000,360.057609,359.260534,360.000000,627,-0.057609,PI,FIFO,true,PI_FIFO,360.169011
0.840019,-1,15,9993.317000,19.065000,362.809598,359.792894,360.000000,625,-2.809598,PI,FIFO,true,PI_FIFO,361.489304
0.850018,-1,15,9998.723000,17.788000,361.445783,360.040827,360.000000,625,-1.445783,PI,FIFO,true,PI_FIFO,361.467544
0.860018,-1,15,9999.870000,17.658000,362.493958,360.408797,360.000000,623,-2.493958,PI,FIFO,true,PI_FIFO,361.980751
0.870019,-1,15,10001.075000,18.733000,360.392107,360.406293,360.000000,623,-0.392107,PI,FIFO,true,PI_FIFO,361.186429
0.880032,-1,15,10013.091000,31.824000,364.431487,361.010072,360.000000,621,-4.431487,PI,FIFO,true,PI_FIFO,362.808958
0.890018,-1,15,9986.280000,18.104000,365.639626,361.704505,360.000000,619,-5.639626,PI,FIFO,true,PI_FIFO,364.224292
0.900017,-1,15,9999.204000,17.308000,364.254492,362.087003,360.000000,617,-4.254492,PI,FIFO,true,PI_FIFO,364.239392
0.910017,-1,15,9999.871000,17.179000,360.023041,361.777409,360.000000,617,-0.023041,PI,FIFO,true,PI_FIFO,362.131217
0.920018,-1,15,10000.574000,17.753000,358.680057,361.312806,360.000000,618,1.319943,PI,FIFO,true,PI_FIFO,360.405637
0.930017,-1,15,9999.242000,16.995000,356.851550,360.643618,360.000000,620,3.148450,PI,FIFO,true,PI_FIFO,358.628593
0.940018,-1,15,10000.537000,17.532000,353.273669,359.538126,360.000000,623,6.726331,PI,FIFO,true,PI_FIFO,355.951131
0.950017,-1,15,9999.612000,17.144000,354.729730,358.816866,360.000000,625,5.270270,PI,FIFO,true,PI_FIFO,355.340431
0.960016,-1,15,9999.093000,16.237000,354.609929,358.185826,360.000000,628,5.390071,PI,FIFO,true,PI_FIFO,354.975180
0.970016,-1,15,10000.185000,16.422000,359.654731,358.406161,360.000000,627,0.345269,PI,FIFO,true,PI_FIFO,357.314956
0.980027,-1,15,10010.629000,27.051000,358.166189,358.370166,360.000000,628,1.833811,PI,FIFO,true,PI_FIFO,357.740572
0.990018,-1,15,9991.094000,18.145000,361.371145,358.820313,360.000000,627,-1.371145,PI,FIFO,true,PI_FIFO,359.555859
1.000032,-1,15,10014.239000,32.384000,360.740154,359.108289,360.000000,627,-0.740154,PI,FIFO,true,PI_FIFO,360.148006
1.010022,-1,15,9989.447000,21.831000,361.570248,359.477583,360.000000,626,-1.570248,PI,FIFO,true,PI_FIFO,360.859127
1.020018,-1,15,9996.186000,18.017000,359.762980,359.520392,360.000000,626,0.237020,PI,FIFO,true,PI_FIFO,360.311053
1.030019,-1,15,10000.963000,18.980000,364.380900,360.249468,360.000000,624,-4.380900,PI,FIFO,true,PI_FIFO,362.345976
1.040017,-1,15,9998.279000,17.259000,361.969112,360.507415,360.000000,623,-1.969112,PI,FIFO,true,PI_FIFO,362.157544
1.050018,-1,15,10000.889000,18.148000,366.401772,361.391568,360.000000,620,-6.401772,PI,FIFO,true,PI_FIFO,364.279658
1.060018,-1,15,9999.648000,17.796000,363.901019,361.767986,360.000000,619,-3.901019,PI,FIFO,true,PI_FIFO,364.090338
1.070018,-1,15,9999.705000,17.501000,365.070093,362.263302,360.000000,616,-5.070093,PI,FIFO,true,PI_FIFO,364.580216
1.080023,-1,15,10005.703000,23.204000,358.680057,361.725815,360.000000,618,1.319943,PI,FIFO,true,PI_FIFO,361.630137
1.090017,-1,15,9994.223000,17.427000,357.653791,361.115012,360.000000,619,2.346209,PI,FIFO,true,PI_FIFO,359.641964
1.100026,-1,15,10008.777000,26.204000,354.219144,360.080632,360.000000,622,5.780856,PI,FIFO,true,PI_FIFO,356.930554
1.110018,-1,15,9992.206000,18.410000,355.652504,359.416412,360.000000,624,4.347496,PI,FIFO,true,PI_FIFO,356.291529
1.120014,-1,15,9995.667000,14.077000,352.974398,358.450110,360.000000,627,7.025602,PI,FIFO,true,PI_FIFO,354.632963
1.130018,-1,15,10003.685000,17.762000,354.219144,357.815465,360.000000,629,5.780856,PI,FIFO,true,PI_FIFO,354.426053
1.140017,-1,15,9999.279000,17.041000,359.654731,358.091355,360.000000,629,0.345269,PI,FIFO,true,PI_FIFO,357.040392
1.150017,-1,15,10000.389000,17.430000,361.097737,358.542312,360.000000,628,-1.097737,PI,FIFO,true,PI_FIFO,359.069065
1.160017,-1,15,9999.519000,16.949000,360.023041,358.764422,360.000000,628,-0.023041,PI,FIFO,true,PI_FIFO,359.546053
1.170017,-1,15,10000.315000,17.264000,362.318841,359.297585,360.000000,627,-2.318841,PI,FIFO,true,PI_FIFO,360.932447
1.180027,-1,15,10009.758000,27.022000,364.124806,360.021668,360.000000,625,-4.124806,PI,FIFO,true,PI_FIFO,362.528626
1.190017,-1,15,9990.243000,17.265000,360.750361,360.130972,360.000000,625,-0.750361,PI,FIFO,true,PI_FIFO,361.639494
1.200017,-1,15,10000.037000,17.302000,362.569061,360.496685,360.000000,624,-2.569061,PI,FIFO,true,PI_FIFO,362.104277
1.210018,-1,15,10000.982000,18.284000,363.372093,360.927996,360.000000,622,-3.372093,PI,FIFO,true,PI_FIFO,362.738185
1.220018,-1,15,9999.538000,17.822000,368.188513,362.017074,360.000000,618,-8.188513,PI,FIFO,true,PI_FIFO,365.463349
1.230019,-1,15,10001.111000,18.933000,363.372093,362.220327,360.000000,617,-3.372093,PI,FIFO,true,PI_FIFO,364.417721
1.240018,-1,15,9998.648000,17.581000,362.844702,362.313983,360.000000,616,-2.844702,PI,FIFO,true,PI_FIFO,363.631212
1.250018,-1,15,10000.314000,17.895000,357.824427,361.640550,360.000000,617,2.175573,PI,FIFO,true,PI_FIFO,360.727820
1.260017,-1,15,9999.277000,17.172000,357.483317,361.016965,360.000000,619,2.516683,PI,FIFO,true,PI_FIFO,359.105569
1.270017,-1,15,9999.758000,16.930000,351.499732,359.589380,360.000000,623,8.500268,PI,FIFO,true,PI_FIFO,355.302650
1.280027,-1,15,10010.201000,27.131000,355.450237,358.968508,360.000000,625,4.549763,PI,FIFO,true,PI_FIFO,355.376444
1.290017,-1,15,9990.112000,17.243000,353.506787,358.149250,360.000000,628,6.493213,PI,FIFO,true,PI_FIFO,354.441615
1.300018,-1,15,10000.721000,17.964000,358.508604,358.203153,360.000000,628,1.491396,PI,FIFO,true,PI_FIFO,356.475110
1.310017,-1,15,9999.092000,17.056000,357.629428,358.117095,360.000000,629,2.370572,PI,FIFO,true,PI_FIFO,357.052269
1.320017,-1,15,10000.314000,17.370000,363.196126,358.878949,360.000000,627,-3.196126,PI,FIFO,true,PI_FIFO,360.124197
1.330017,-1,15,9999.610000,16.980000,359.287174,358.940183,360.000000,627,0.712826,PI,FIFO,true,PI_FIFO,359.705686
1.340017,-1,15,10000.110000,17.090000,362.493958,359.473249,360.000000,626,-2.493958,PI,FIFO,true,PI_FIFO,361.099822
1.350017,-1,15,9999.999000,17.089000,360.947125,359.694331,360.000000,626,-0.947125,PI,FIFO,true,PI_FIFO,361.023474
1.360030,-1,15,10012.886000,29.975000,363.372093,360.245995,360.000000,624,-3.372093,PI,FIFO,true,PI_FIFO,362.197783
1.370019,-1,15,9988.982000,18.957000,360.775151,360.325368,360.000000,624,-0.775151,PI,FIFO,true,PI_FIFO,361.486467
1.380030,-1,15,10011.164000,30.121000,364.535682,360.956915,360.000000,622,-4.535682,PI,FIFO,true,PI_FIFO,363.011074
1.390018,-1,15,9987.427000,17.548000,366.401772,361.773644,360.000000,619,-6.401772,PI,FIFO,true,PI_FIFO,364.706423
1.400018,-1,15,10000.259000,17.807000,364.785992,362.225496,360.000000,617,-4.785992,PI,FIFO,true,PI_FIFO,364.746208
1.410027,-1,15,10009.368000,27.175000,360.207480,361.922794,360.000000,617,-0.207480,PI,FIFO,true,PI_FIFO,362.476844
1.420019,-1,15,9991.833000,19.008000,359.023456,361.487893,360.000000,618,0.976544,PI,FIFO,true,PI_FIFO,360.750150
1.430019,-1,15,10000.036000,19.044000,357.240065,360.850719,360.000000,619,2.759935,PI,FIFO,true,PI_FIFO,358.995108
1.440017,-1,15,9998.370000,17.414000,353.773585,359.789149,360.000000,622,6.226415,PI,FIFO,true,PI_FIFO,356.384346
1.450017,-1,15,10000.055000,17.469000,353.940538,358.911857,360.000000,625,6.059462,PI,FIFO,true,PI_FIFO,355.162442
1.460014,-1,15,9996.481000,13.950000,354.921579,358.313315,360.000000,627,5.078421,PI,FIFO,true,PI_FIFO,355.042011
1.470017,-1,15,10003.054000,17.004000,359.023456,358.419837,360.000000,627,0.976544,PI,FIFO,true,PI_FIFO,357.032733
1.480049,-1,15,10031.957000,48.961000,358.371560,358.412595,360.000000,628,1.628440,PI,FIFO,true,PI_FIFO,357.702147
1.490026,-1,15,9977.336000,26.297000,361.318088,358.848419,360.000000,627,-1.318088,PI,FIFO,true,PI_FIFO,359.510117
1.500019,-1,15,9992.889000,19.186000,360.230548,359.055738,360.000000,627,-0.230548,PI,FIFO,true,PI_FIFO,359.870333
1.510018,-1,15,9998.888000,18.074000,361.769570,359.462813,360.000000,626,-1.769570,PI,FIFO,true,PI_FIFO,360.819951
1.520018,-1,15,9999.518000,17.592000,358.851675,359.371142,360.000000,626,1.148325,PI,FIFO,true,PI_FIFO,359.835813
1.530018,-1,15,10000.610000,18.202000,362.622486,359.858844,360.000000,625,-2.622486,PI,FIFO,true,PI_FIFO,361.229149
1.540018,-1,15,10000.091000,18.293000,361.620058,360.123026,360.000000,624,-1.620058,PI,FIFO,true,PI_FIFO,361.424604
1.550018,-1,15,9999.555000,17.848000,366.716521,361.112050,360.000000,621,-6.716521,PI,FIFO,true,PI_FIFO,364.070562
1.560017,-1,15,9999.444000,17.292000,362.769486,361.360666,360.000000,620,-2.769486,PI,FIFO,true,PI_FIFO,363.420024
1.570017,-1,15,9999.610000,16.902000,364.368999,361.811916,360.000000,618,-4.368999,PI,FIFO,true,PI_FIFO,363.894511
1.580026,-1,15,10008.998000,25.900000,358.410705,361.301734,360.000000,619,1.589295,PI,FIFO,true,PI_FIFO,361.152608
1.590018,-1,15,9992.315000,18.215000,357.483317,360.728971,360.000000,621,2.516683,PI,FIFO,true,PI_FIFO,359.317963
1.600014,-1,15,9996.111000,14.326000,353.964401,359.714286,360.000000,624,6.035599,PI,FIFO,true,PI_FIFO,356.641182
1.610017,-1,15,10003.128000,17.454000,356.463878,359.226725,360.000000,625,3.536122,PI,FIFO,true,PI_FIFO,356.552530
1.620014,-1,15,9996.407000,13.861000,353.012372,358.294572,360.000000,628,6.987628,PI,FIFO,true,PI_FIFO,354.782451
1.630017,-1,15,10003.035000,16.896000,356.633381,358.045393,360.000000,630,3.366619,PI,FIFO,true,PI_FIFO,355.707916
1.640018,-1,15,10001.184000,18.080000,360.392107,358.397400,360.000000,629,-0.392107,PI,FIFO,true,PI_FIFO,358.050011
1.650017,-1,15,9998.740000,16.820000,360.923965,358.776385,360.000000,628,-0.923965,PI,FIFO,true,PI_FIFO,359.486988
1.660017,-1,15,10000.574000,17.394000,360.761929,359.074217,360.000000,628,-0.761929,PI,FIFO,true,PI_FIFO,360.124459
1.670017,-1,15,9999.591000,16.985000,362.318841,359.560910,360.000000,627,-2.318841,PI,FIFO,true,PI_FIFO,361.221650
1.680017,-1,15,9999.962000,16.947000,363.184401,360.104434,360.000000,625,-3.184401,PI,FIFO,true,PI_FIFO,362.203025
1.690017,-1,15,10000.055000,17.002000,361.097737,360.253429,360.000000,625,-1.097737,PI,FIFO,true,PI_FIFO,361.650381
1.700014,-1,15,9997.185000,14.187000,362.809598,360.636855,360.000000,624,-2.809598,PI,FIFO,true,PI_FIFO,362.229989
1.710017,-1,15,10002.535000,16.722000,363.372093,361.047140,360.000000,622,-3.372093,PI,FIFO,true,PI_FIFO,362.801041
1.720017,-1,15,10000.666000,17.388000,367.107195,361.956149,360.000000,619,-7.107195,PI,FIFO,true,PI_FIFO,364.954118
1.730018,-1,15,10000.369000,17.757000,362.435567,362.028061,360.000000,618,-2.435567,PI,FIFO,true,PI_FIFO,363.694843
1.740018,-1,15,9999.981000,17.738000,362.143892,362.045436,360.000000,617,-2.143892,PI,FIFO,true,PI_FIFO,362.919367
1.750018,-1,15,9999.943000,17.681000,358.215066,361.470880,360.000000,618,1.784934,PI,FIFO,true,PI_FIFO,360.567216
1.760017,-1,15,9999.518000,17.199000,356.294537,360.694429,360.000000,620,3.705463,PI,FIFO,true,PI_FIFO,358.430877
1.770017,-1,15,9999.647000,16.846000,352.090636,359.403860,360.000000,624,7.909364,PI,FIFO,true,PI_FIFO,355.260756
1.780022,-1,15,10005.202000,22.048000,354.219144,358.626152,360.000000,627,5.780856,PI,FIFO,true,PI_FIFO,354.739950
1.790017,-1,15,9995.370000,17.418000,353.151683,357.804982,360.000000,630,6.848317,PI,FIFO,true,PI_FIFO,353.945816
1.800017,-1,15,9999.611000,17.029000,357.653791,357.782303,360.000000,630,2.346209,PI,FIFO,true,PI_FIFO,355.799804
1.810016,-1,15,9999.203000,16.232000,358.606557,357.905941,360.000000,631,1.393443,PI,FIFO,true,PI_FIFO,357.203181
1.820017,-1,15,10000.795000,17.027000,363.372093,358.725864,360.000000,629,-3.372093,PI,FIFO,true,PI_FIFO,360.287637
1.830026,-1,15,10008.497000,25.524000,360.761929,359.031274,360.000000,628,-0.761929,PI,FIFO,true,PI_FIFO,360.524783
1.840017,-1,15,9991.205000,16.729000,363.020329,359.629632,360.000000,627,-3.020329,PI,FIFO,true,PI_FIFO,361.772556
1.850018,-1,15,10000.795000,17.524000,360.761929,359.799477,360.000000,627,-0.761929,PI,FIFO,true,PI_FIFO,361.267243
1.860017,-1,15,9999.943000,17.467000,363.196126,360.308974,360.000000,625,-3.196126,PI,FIFO,true,PI_FIFO,362.231684
1.870017,-1,15,9999.722000,17.189000,361.689815,360.516100,360.000000,624,-1.689815,PI,FIFO,true,PI_FIFO,361.960750
1.880029,-1,15,10011.590000,28.779000,365.675280,361.289977,360.000000,622,-5.675280,PI,FIFO,true,PI_FIFO,363.818015
1.890018,-1,15,9989.241000,18.020000,366.975470,362.142801,360.000000,619,-6.975470,PI,FIFO,true,PI_FIFO,365.396742
1.900017,-1,15,9998.981000,17.001000,364.077670,362.433031,360.000000,617,-4.077670,PI,FIFO,true,PI_FIFO,364.737206
1.910017,-1,15,10000.017000,17.018000,359.884837,362.050802,360.000000,618,0.115163,PI,FIFO,true,PI_FIFO,362.311021
1.920017,-1,15,10000.018000,17.036000,358.554309,361.526328,360.000000,618,1.445691,PI,FIFO,true,PI_FIFO,360.432665
1.930017,-1,15,10000.055000,17.091000,356.125356,360.716182,360.000000,620,3.874644,PI,FIFO,true,PI_FIFO,358.279011
1.940017,-1,15,9999.832000,16.923000,354.346652,359.760753,360.000000,623,5.653348,PI,FIFO,true,PI_FIFO,356.312831
1.950017,-1,15,10000.314000,17.237000,353.773585,358.862678,360.000000,626,6.226415,PI,FIFO,true,PI_FIFO,355.043208
1.960014,-1,15,9996.536000,13.773000,354.538088,358.213989,360.000000,628,5.461912,PI,FIFO,true,PI_FIFO,354.790648
1.970017,-1,15,10003.277000,17.050000,358.851675,358.309642,360.000000,628,1.148325,PI,FIFO,true,PI_FIFO,356.821161
1.980026,-1,15,10008.553000,25.603000,358.215066,358.295456,360.000000,629,1.784934,PI,FIFO,true,PI_FIFO,357.518113
1.990017,-1,15,9991.278000,16.881000,361.558530,358.784917,360.000000,628,-1.558530,PI,FIFO,true,PI_FIFO,359.538322
2.000021,-1,15,10003.777000,20.658000,361.371145,359.172851,360.000000,627,-1.371145,PI,FIFO,true,PI_FIFO,360.454734
2.010018,-1,15,9997.258000,17.916000,363.041002,359.753074,360.000000,626,-3.041002,PI,FIFO,true,PI_FIFO,361.747868
2.020017,-1,15,9999.074000,16.990000,358.802624,359.610506,360.000000,626,1.197376,PI,FIFO,true,PI_FIFO,360.275246
2.030018,-1,15,10000.684000,17.674000,363.901019,360.254083,360.000000,625,-3.901019,PI,FIFO,true,PI_FIFO,362.088133
2.040015,-1,15,9997.499000,15.173000,362.435567,360.581306,360.000000,624,-2.435567,PI,FIFO,true,PI_FIFO,362.261850
2.050017,-1,15,10001.832000,17.005000,366.032211,361.398942,360.000000,621,-6.032211,PI,FIFO,true,PI_FIFO,364.147030
2.060017,-1,15,10000.055000,17.060000,363.184401,361.666760,360.000000,619,-3.184401,PI,FIFO,true,PI_FIFO,363.665716
2.070018,-1,15,10000.684000,17.744000,365.853659,362.294795,360.000000,617,-5.853659,PI,FIFO,true,PI_FIFO,364.759687
2.080026,-1,15,10008.627000,26.371000,359.470859,361.871205,360.000000,618,0.529141,PI,FIFO,true,PI_FIFO,362.115273
2.090017,-1,15,9990.927000,17.298000,357.995227,361.289808,360.000000,619,2.004773,PI,FIFO,true,PI_FIFO,360.055250
2.100026,-1,15,10008.294000,25.592000,353.940538,360.187418,360.000000,622,6.059462,PI,FIFO,true,PI_FIFO,356.997894
2.110019,-1,15,9992.945000,18.537000,356.657609,359.657946,360.000000,623,3.342391,PI,FIFO,true,PI_FIFO,356.827751
2.120041,-1,15,10021.995000,40.532000,352.620361,358.602308,360.000000,627,7.379639,PI,FIFO,true,PI_FIFO,354.724056
2.130021,-1,15,9980.206000,20.738000,356.972870,358.357893,360.000000,628,3.027130,PI,FIFO,true,PI_FIFO,355.848463
2.140018,-1,15,9997.462000,18.200000,359.392114,358.513026,360.000000,628,0.607886,PI,FIFO,true,PI_FIFO,357.620289
2.150018,-1,15,9999.833000,18.033000,360.903533,358.871602,360.000000,627,-0.903533,PI,FIFO,true,PI_FIFO,359.261911
2.160018,-1,15,9999.758000,17.791000,359.589041,358.979218,360.000000,627,0.410959,PI,FIFO,true,PI_FIFO,359.425476
2.170018,-1,15,10000.314000,18.105000,361.271676,359.323087,360.000000,626,-1.271676,PI,FIFO,true,PI_FIFO,360.348576
2.180030,-1,15,10011.627000,29.732000,362.248841,359.761950,360.000000,625,-2.248841,PI,FIFO,true,PI_FIFO,361.298708
2.190035,-1,15,10005.054000,34.786000,360.230548,359.832239,360.000000,625,-0.230548,PI,FIFO,true,PI_FIFO,360.764628
2.200032,-1,15,9997.481000,32.267000,362.435567,360.222739,360.000000,624,-2.435567,PI,FIFO,true,PI_FIFO,361.600098
2.210021,-1,15,9988.389000,20.656000,363.184401,360.666988,360.000000,623,-3.184401,PI,FIFO,true,PI_FIFO,362.392249
2.220019,-1,15,9997.981000,18.637000,367.107195,361.633019,360.000000,619,-7.107195,PI,FIFO,true,PI_FIFO,364.749722
2.230018,-1,15,9999.629000,18.266000,362.875683,361.819419,360.000000,618,-2.875683,PI,FIFO,true,PI_FIFO,363.812703
2.240016,-1,15,9998.017000,16.283000,362.569061,361.931865,360.000000,617,-2.569061,PI,FIFO,true,PI_FIFO,363.190882
2.250019,-1,15,10002.794000,19.077000,358.851675,361.469836,360.000000,618,1.148325,PI,FIFO,true,PI_FIFO,361.021278
2.260014,-1,15,9994.961000,14.038000,357.642421,360.895724,360.000000,620,2.357579,PI,FIFO,true,PI_FIFO,359.331850
2.270018,-1,15,10003.701000,17.739000,352.609309,359.652762,360.000000,623,7.390691,PI,FIFO,true,PI_FIFO,355.970579
2.280033,-1,15,10015.088000,32.827000,355.305901,359.000733,360.000000,625,4.694099,PI,FIFO,true,PI_FIFO,355.638240
2.290019,-1,15,9985.981000,18.808000,353.440151,358.166645,360.000000,628,6.559849,PI,FIFO,true,PI_FIFO,354.539196
2.300018,-1,15,9999.332000,18.140000,356.463878,357.911230,360.000000,629,3.536122,PI,FIFO,true,PI_FIFO,355.501537
2.310017,-1,15,9999.220000,17.360000,358.508604,358.000836,360.000000,630,1.491396,PI,FIFO,true,PI_FIFO,357.005071
2.320018,-1,15,10000.664000,18.024000,363.748060,358.862920,360.000000,628,-3.748060,PI,FIFO,true,PI_FIFO,360.376565
2.330018,-1,15,9999.479000,17.503000,360.750361,359.146036,360.000000,627,-0.750361,PI,FIFO,true,PI_FIFO,360.563463
2.340017,-1,15,9999.831000,17.334000,363.372093,359.779945,360.000000,626,-3.372093,PI,FIFO,true,PI_FIFO,361.967778
2.350017,-1,15,9999.702000,17.036000,361.445783,360.029820,360.000000,625,-1.445783,PI,FIFO,true,PI_FIFO,361.706781
2.360018,-1,15,10000.479000,17.515000,363.976705,360.621853,360.000000,623,-3.976705,PI,FIFO,true,PI_FIFO,362.841743
2.370017,-1,15,9999.387000,16.902000,362.380628,360.885669,360.000000,622,-2.380628,PI,FIFO,true,PI_FIFO,362.611185
2.380029,-1,15,10011.755000,28.657000,365.319045,361.550676,360.000000,620,-5.319045,PI,FIFO,true,PI_FIFO,363.965115
2.390017,-1,15,9988.407000,17.064000,365.449584,362.135512,360.000000,617,-5.449584,PI,FIFO,true,PI_FIFO,364.707350
2.400018,-1,15,10000.775000,17.839000,363.901019,362.400338,360.000000,616,-3.901019,PI,FIFO,true,PI_FIFO,364.304184
2.410018,-1,15,9999.813000,17.652000,359.195402,361.919598,360.000000,617,0.804598,PI,FIFO,true,PI_FIFO,361.749793
2.420017,-1,15,9999.442000,17.094000,356.463878,361.101240,360.000000,619,3.536122,PI,FIFO,true,PI_FIFO,359.106836
2.430017,-1,15,10000.387000,17.481000,354.755298,360.149348,360.000000,621,5.244702,PI,FIFO,true,PI_FIFO,356.931067
2.440018,-1,15,10000.312000,17.793000,352.278065,358.968656,360.000000,625,7.721935,PI,FIFO,true,PI_FIFO,354.604566
2.450018,-1,15,10000.090000,17.883000,353.392569,358.132243,360.000000,628,6.607431,PI,FIFO,true,PI_FIFO,353.998567
2.460017,-1,15,9999.146000,17.029000,354.442344,357.578758,360.000000,630,5.557656,PI,FIFO,true,PI_FIFO,354.220456
2.470017,-1,15,9999.831000,16.860000,360.576923,358.028483,360.000000,629,-0.576923,PI,FIFO,true,PI_FIFO,357.398689
2.480028,-1,15,10011.033000,27.893000,358.680057,358.126219,360.000000,629,1.319943,PI,FIFO,true,PI_FIFO,358.039373
2.490017,-1,15,9989.426000,17.319000,361.689815,358.660758,360.000000,628,-1.689815,PI,FIFO,true,PI_FIFO,359.864594
2.500018,-1,15,10000.201000,17.520000,361.620058,359.104653,360.000000,628,-1.620058,PI,FIFO,true,PI_FIFO,360.742326
2.510017,-1,15,9999.813000,17.333000,362.622486,359.632328,360.000000,626,-2.622486,PI,FIFO,true,PI_FIFO,361.682406
2.520017,-1,15,9999.942000,17.275000,360.750361,359.800033,360.000000,626,-0.750361,PI,FIFO,true,PI_FIFO,361.216383
2.530017,-1,15,9999.794000,17.069000,364.124806,360.448749,360.000000,624,-4.124806,PI,FIFO,true,PI_FIFO,362.670595
2.540017,-1,15,9999.998000,17.067000,362.318841,360.729263,360.000000,623,-2.318841,PI,FIFO,true,PI_FIFO,362.494718
2.550018,-1,15,10000.479000,17.546000,366.620112,361.612890,360.000000,620,-6.620112,PI,FIFO,true,PI_FIFO,364.557415
2.560017,-1,15,9999.590000,17.136000,364.368999,362.026306,360.000000,618,-4.368999,PI,FIFO,true,PI_FIFO,364.463207
2.570017,-1,15,10000.054000,17.190000,364.785992,362.440259,360.000000,616,-4.785992,PI,FIFO,true,PI_FIFO,364.624599
2.580029,-1,15,10011.588000,28.778000,358.920368,361.912275,360.000000,617,1.079632,PI,FIFO,true,PI_FIFO,361.772483
2.590017,-1,15,9988.296000,17.074000,357.824427,361.299098,360.000000,619,2.175573,PI,FIFO,true,PI_FIFO,359.798455
2.600014,-1,15,9997.368000,14.442000,354.346652,360.256231,360.000000,621,5.653348,PI,FIFO,true,PI_FIFO,357.072554
2.610015,-1,15,10000.813000,15.255000,355.450237,359.535332,360.000000,623,4.549763,PI,FIFO,true,PI_FIFO,356.261395
2.620018,-1,15,10002.442000,17.697000,352.065451,358.414850,360.000000,627,7.934549,PI,FIFO,true,PI_FIFO,354.163423
2.630017,-1,15,9999.738000,17.435000,355.618777,357.995439,360.000000,629,4.381223,PI,FIFO,true,PI_FIFO,354.891100
2.640018,-1,15,10000.590000,18.025000,359.392114,358.204940,360.000000,629,0.607886,PI,FIFO,true,PI_FIFO,357.141607
2.650018,-1,15,10000.461000,18.486000,360.403652,358.534747,360.000000,628,-0.403652,PI,FIFO,true,PI_FIFO,358.772629
2.660018,-1,15,9999.516000,18.002000,360.392107,358.813351,360.000000,628,-0.392107,PI,FIFO,true,PI_FIFO,359.582368
2.670018,-1,15,9999.757000,17.759000,360.576923,359.077887,360.000000,627,-0.576923,PI,FIFO,true,PI_FIFO,360.079646
2.680017,-1,15,9999.443000,17.202000,362.248841,359.553530,360.000000,626,-2.248841,PI,FIFO,true,PI_FIFO,361.164243
2.690017,-1,15,9999.720000,16.922000,360.230548,359.655083,360.000000,626,-0.230548,PI,FIFO,true,PI_FIFO,360.697395
2.700017,-1,15,10000.238000,17.160000,361.875965,359.988215,360.000000,625,-1.875965,PI,FIFO,true,PI_FIFO,361.286680
2.710017,-1,15,10000.164000,17.324000,363.372093,360.495797,360.000000,624,-3.372093,PI,FIFO,true,PI_FIFO,362.329387
2.720018,-1,15,10000.554000,17.878000,367.935636,361.611772,360.000000,620,-7.935636,PI,FIFO,true,PI_FIFO,365.132511
2.730018,-1,15,10000.053000,17.931000,362.318841,361.717833,360.000000,619,-2.318841,PI,FIFO,true,PI_FIFO,363.725676
2.740018,-1,15,9999.961000,17.892000,362.669246,361.860545,360.000000,618,-2.669246,PI,FIFO,true,PI_FIFO,363.197461
2.750018,-1,15,10000.590000,18.482000,359.103677,361.447015,360.000000,619,0.896323,PI,FIFO,true,PI_FIFO,361.150569
2.760018,-1,15,9999.405000,17.887000,357.483317,360.852460,360.000000,621,2.516683,PI,FIFO,true,PI_FIFO,359.316943
2.770030,-1,15,10011.700000,29.587000,351.876676,359.506092,360.000000,625,8.123324,PI,FIFO,true,PI_FIFO,355.596809
2.780032,-1,15,10002.182000,31.769000,355.618777,358.922995,360.000000,626,4.381223,PI,FIFO,true,PI_FIFO,355.607793
2.790018,-1,15,9985.760000,17.529000,353.964401,358.179206,360.000000,629,6.035599,PI,FIFO,true,PI_FIFO,354.786097
2.800017,-1,15,9999.923000,17.452000,359.884837,358.435051,360.000000,629,0.115163,PI,FIFO,true,PI_FIFO,357.335467
2.810017,-1,15,9999.591000,17.043000,358.371560,358.425527,360.000000,629,1.628440,PI,FIFO,true,PI_FIFO,357.853513
2.820017,-1,15,10000.368000,17.411000,363.020329,359.114747,360.000000,627,-3.020329,PI,FIFO,true,PI_FIFO,360.436921
2.830033,-1,15,10015.773000,33.184000,361.132512,359.417412,360.000000,627,-1.132512,PI,FIFO,true,PI_FIFO,360.784716
2.840020,-1,15,9987.185000,20.369000,363.196126,359.984219,360.000000,625,-3.196126,PI,FIFO,true,PI_FIFO,361.990421
2.850017,-1,15,9996.979000,17.348000,361.371145,360.192258,360.000000,625,-1.371145,PI,FIFO,true,PI_FIFO,361.680783
2.860018,-1,15,10000.479000,17.827000,363.041002,360.619570,360.000000,623,-3.041002,PI,FIFO,true,PI_FIFO,362.360893
2.870018,-1,15,10000.350000,18.177000,361.570248,360.762171,360.000000,623,-1.570248,PI,FIFO,true,PI_FIFO,361.965570
2.880029,-1,15,10010.403000,28.580000,365.036647,361.403343,360.000000,621,-5.036647,PI,FIFO,true,PI_FIFO,363.501109
2.890019,-1,15,9990.037000,18.617000,364.880643,361.924938,360.000000,618,-4.880643,PI,FIFO,true,PI_FIFO,364.190876
2.900034,-1,15,10015.421000,34.038000,363.976705,362.232703,360.000000,617,-3.976705,PI,FIFO,true,PI_FIFO,364.083791
2.910024,-1,15,9989.981000,24.019000,359.925474,361.886619,360.000000,617,0.074526,PI,FIFO,true,PI_FIFO,362.004633
2.920020,-1,15,9995.517000,19.536000,357.824427,361.277290,360.000000,618,2.175573,PI,FIFO,true,PI_FIFO,359.914530
2.930018,-1,15,9998.331000,17.867000,356.463878,360.555278,360.000000,620,3.536122,PI,FIFO,true,PI_FIFO,358.189204
2.940017,-1,15,9999.331000,17.198000,352.609309,359.363383,360.000000,624,7.390691,PI,FIFO,true,PI_FIFO,355.399257
2.950027,-1,15,10009.608000,26.806000,352.797291,358.378469,360.000000,627,7.202709,PI,FIFO,true,PI_FIFO,354.098274
2.960018,-1,15,9991.462000,18.268000,354.921579,357.859936,360.000000,629,5.078421,PI,FIFO,true,PI_FIFO,354.509926
2.970018,-1,15,10000.016000,18.284000,359.712230,358.137780,360.000000,629,0.287770,PI,FIFO,true,PI_FIFO,357.111078
2.980031,-1,15,10012.533000,30.817000,359.367513,358.322240,360.000000,629,0.632487,PI,FIFO,true,PI_FIFO,358.239296
2.990021,-1,15,9990.073000,20.890000,361.689815,358.827376,360.000000,628,-1.689815,PI,FIFO,true,PI_FIFO,359.964555
3.000021,-1,15,10000.590000,21.480000,361.570248,359.238807,360.000000,627,-1.570248,PI,FIFO,true,PI_FIFO,360.767402
3.010018,-1,15,9996.350000,17.830000,361.794501,359.622161,360.000000,626,-1.794501,PI,FIFO,true,PI_FIFO,361.280951
3.020018,-1,15,9999.906000,17.736000,360.088116,359.692054,360.000000,626,-0.088116,PI,FIFO,true,PI_FIFO,360.684533
3.030015,-1,15,9997.701000,15.437000,363.372093,360.244060,360.000000,625,-3.372093,PI,FIFO,true,PI_FIFO,362.028313
3.040018,-1,15,10002.498000,17.935000,363.041002,360.663601,360.000000,623,-3.041002,PI,FIFO,true,PI_FIFO,362.534658
3.050018,-1,15,9999.590000,17.525000,367.647059,361.711120,360.000000,620,-7.647059,PI,FIFO,true,PI_FIFO,365.090858
3.060017,-1,15,9999.720000,17.245000,363.537865,361.985132,360.000000,618,-3.537865,PI,FIFO,true,PI_FIFO,364.314362
3.070017,-1,15,10000.090000,17.335000,364.785992,362.405261,360.000000,616,-4.785992,PI,FIFO,true,PI_FIFO,364.550177
3.080026,-1,15,10008.793000,26.128000,358.680057,361.846480,360.000000,617,1.319943,PI,FIFO,true,PI_FIFO,361.615117
3.090018,-1,15,9992.092000,18.220000,358.006619,361.270501,360.000000,618,1.993381,PI,FIFO,true,PI_FIFO,359.810868
3.100019,-1,15,10000.738000,18.958000,353.606789,360.120944,360.000000,622,6.393211,PI,FIFO,true,PI_FIFO,356.708829
3.110018,-1,15,9998.720000,17.678000,355.883948,359.485395,360.000000,623,4.116052,PI,FIFO,true,PI_FIFO,356.296388
3.120017,-1,15,9999.202000,16.880000,352.278065,358.404295,360.000000,627,7.721935,PI,FIFO,true,PI_FIFO,354.287227
3.130017,-1,15,10000.553000,17.433000,355.305901,357.939536,360.000000,629,4.694099,PI,FIFO,true,PI_FIFO,354.796564
3.140017,-1,15,9999.220000,16.653000,358.680057,358.050614,360.000000,629,1.319943,PI,FIFO,true,PI_FIFO,356.738311
3.150017,-1,15,10000.461000,17.114000,360.761929,358.457312,360.000000,628,-0.761929,PI,FIFO,true,PI_FIFO,358.750120
3.160017,-1,15,9999.590000,16.704000,360.923965,358.827310,360.000000,628,-0.923965,PI,FIFO,true,PI_FIFO,359.837043
3.170018,-1,15,10000.924000,17.628000,361.172262,359.179053,360.000000,627,-1.172262,PI,FIFO,true,PI_FIFO,360.504652
3.180028,-1,15,10010.125000,27.753000,362.875683,359.733547,360.000000,626,-2.875683,PI,FIFO,true,PI_FIFO,361.690168
3.190018,-1,15,9990.425000,18.178000,360.973597,359.919555,360.000000,625,-0.973597,PI,FIFO,true,PI_FIFO,361.331883
3.200017,-1,15,9999.183000,17.361000,362.318841,360.279448,360.000000,624,-2.318841,PI,FIFO,true,PI_FIFO,361.825362
3.210017,-1,15,9999.887000,17.248000,363.869863,360.818010,360.000000,623,-3.869863,PI,FIFO,true,PI_FIFO,362.847612
3.220017,-1,15,10000.165000,17.413000,367.358934,361.799149,360.000000,619,-7.358934,PI,FIFO,true,PI_FIFO,365.103273
3.230017,-1,15,9999.571000,16.984000,364.077670,362.140927,360.000000,618,-4.077670,PI,FIFO,true,PI_FIFO,364.590472
3.240017,-1,15,10000.460000,17.444000,363.372093,362.325602,360.000000,616,-3.372093,PI,FIFO,true,PI_FIFO,363.981282
3.250018,-1,15,10000.071000,17.515000,358.791085,361.795424,360.000000,617,1.208915,PI,FIFO,true,PI_FIFO,361.386184
3.260017,-1,15,9999.255000,16.770000,358.019640,361.229057,360.000000,618,1.980360,PI,FIFO,true,PI_FIFO,359.702912
3.270017,-1,15,9999.923000,16.693000,352.443609,359.911239,360.000000,622,7.556391,PI,FIFO,true,PI_FIFO,356.073260
3.280026,-1,15,10009.698000,26.391000,354.538088,359.105267,360.000000,625,5.461912,PI,FIFO,true,PI_FIFO,355.305674
3.290018,-1,15,9991.387000,17.778000,353.273669,358.230527,360.000000,628,6.726331,PI,FIFO,true,PI_FIFO,354.289672
3.300017,-1,15,9999.478000,17.256000,356.851550,358.023680,360.000000,629,3.148450,PI,FIFO,true,PI_FIFO,355.570611
3.310017,-1,15,9999.922000,17.178000,357.653791,357.968197,360.000000,629,2.346209,PI,FIFO,true,PI_FIFO,356.612201
3.320018,-1,15,10000.330000,17.508000,362.809598,358.694407,360.000000,628,-2.809598,PI,FIFO,true,PI_FIFO,359.710899
3.330017,-1,15,9999.163000,16.671000,359.195402,358.769556,360.000000,628,0.804598,PI,FIFO,true,PI_FIFO,359.453151
3.340018,-1,15,10000.830000,17.501000,361.503856,359.179701,360.000000,627,-1.503856,PI,FIFO,true,PI_FIFO,360.478503
3.350017,-1,15,9999.274000,16.775000,359.884837,359.285472,360.000000,627,0.115163,PI,FIFO,true,PI_FIFO,360.181670
3.360017,-1,15,10000.311000,17.086000,363.372093,359.898465,360.000000,626,-3.372093,PI,FIFO,true,PI_FIFO,361.776882
3.370018,-1,15,10000.552000,17.638000,361.172262,360.089534,360.000000,625,-1.172262,PI,FIFO,true,PI_FIFO,361.474572
3.380026,-1,15,10008.514000,26.152000,365.538991,360.906953,360.000000,622,-5.538991,PI,FIFO,true,PI_FIFO,363.506781
3.390018,-1,15,9991.812000,17.964000,365.639626,361.616854,360.000000,620,-5.639626,PI,FIFO,true,PI_FIFO,364.573203
3.400017,-1,15,9999.534000,17.498000,364.431487,362.039049,360.000000,618,-4.431487,PI,FIFO,true,PI_FIFO,364.502345
3.410017,-1,15,9999.737000,17.235000,360.576923,361.819730,360.000000,618,-0.576923,PI,FIFO,true,PI_FIFO,362.539634
3.420017,-1,15,9999.830000,17.065000,357.995227,361.246054,360.000000,620,2.004773,PI,FIFO,true,PI_FIFO,360.267430
3.430017,-1,15,9999.904000,16.969000,357.460600,360.678236,360.000000,621,2.539400,PI,FIFO,true,PI_FIFO,358.864015
3.440018,-1,15,10000.663000,17.632000,354.107649,359.692648,360.000000,624,5.892351,PI,FIFO,true,PI_FIFO,356.485832
3.450017,-1,15,9999.644000,17.276000,353.964401,358.833411,360.000000,626,6.035599,PI,FIFO,true,PI_FIFO,355.225117
3.460019,-1,15,10001.256000,18.532000,354.777673,358.225050,360.000000,629,5.222327,PI,FIFO,true,PI_FIFO,355.001395
3.470018,-1,15,9999.033000,17.565000,359.786184,358.459220,360.000000,628,0.213816,PI,FIFO,true,PI_FIFO,357.393789
3.480026,-1,15,10008.662000,26.227000,359.367513,358.595464,360.000000,628,0.632487,PI,FIFO,true,PI_FIFO,358.380651
3.490017,-1,15,9990.739000,16.966000,361.689815,359.059617,360.000000,627,-1.689815,PI,FIFO,true,PI_FIFO,360.035233
3.500017,-1,15,9999.996000,16.962000,361.097737,359.365335,360.000000,627,-1.097737,PI,FIFO,true,PI_FIFO,360.566485
3.510017,-1,15,10000.274000,17.236000,363.748060,360.022744,360.000000,625,-3.748060,PI,FIFO,true,PI_FIFO,362.157273
3.520017,-1,15,9999.904000,17.140000,359.195402,359.898642,360.000000,626,0.804598,PI,FIFO,true,PI_FIFO,360.676337
3.530028,-1,15,10011.143000,28.283000,363.196126,360.393265,360.000000,624,-3.196126,PI,FIFO,true,PI_FIFO,361.936232
3.540019,-1,15,9990.331000,18.614000,362.809598,360.755715,360.000000,623,-2.809598,PI,FIFO,true,PI_FIFO,362.372915
3.550017,-1,15,9998.404000,17.018000,367.286974,361.735404,360.000000,619,-7.286974,PI,FIFO,true,PI_FIFO,364.829944
3.560014,-1,15,9997.145000,14.163000,362.809598,361.896533,360.000000,618,-2.809598,PI,FIFO,true,PI_FIFO,363.819771
3.570017,-1,15,10003.144000,17.307000,364.077670,362.223703,360.000000,617,-4.077670,PI,FIFO,true,PI_FIFO,363.948720
3.580025,-1,15,10007.699000,25.006000,357.278963,361.481992,360.000000,618,2.721037,PI,FIFO,true,PI_FIFO,360.613842
3.590017,-1,15,9992.257000,17.263000,356.735160,360.769967,360.000000,620,3.264840,PI,FIFO,true,PI_FIFO,358.674501
3.600027,-1,15,10009.291000,26.554000,352.797291,359.574066,360.000000,624,7.202709,PI,FIFO,true,PI_FIFO,355.735896
3.610030,-1,15,10003.756000,30.310000,354.777673,358.854607,360.000000,626,5.222327,PI,FIFO,true,PI_FIFO,355.256784
3.620018,-1,15,9987.479000,17.789000,353.012372,357.978272,360.000000,629,6.987628,PI,FIFO,true,PI_FIFO,354.134578
3.630017,-1,15,9999.386000,17.175000,356.633381,357.776538,360.000000,630,3.366619,PI,FIFO,true,PI_FIFO,355.383980
3.640022,-1,15,10004.903000,22.078000,359.838792,358.085876,360.000000,630,0.161208,PI,FIFO,true,PI_FIFO,357.611386
3.650018,-1,15,9995.904000,17.982000,361.271676,358.563746,360.000000,629,-1.271676,PI,FIFO,true,PI_FIFO,359.441531
3.660014,-1,15,9996.423000,14.405000,361.689815,359.032657,360.000000,628,-1.689815,PI,FIFO,true,PI_FIFO,360.565673
3.670017,-1,15,10002.996000,17.401000,362.318841,359.525584,360.000000,627,-2.318841,PI,FIFO,true,PI_FIFO,361.442257
3.680024,-1,15,10006.884000,24.285000,363.748060,360.158956,360.000000,625,-3.748060,PI,FIFO,true,PI_FIFO,362.595158
3.690018,-1,15,9993.220000,17.505000,362.844702,360.561818,360.000000,624,-2.844702,PI,FIFO,true,PI_FIFO,362.719930
3.700018,-1,15,10000.441000,17.946000,362.569061,360.862904,360.000000,623,-2.569061,PI,FIFO,true,PI_FIFO,362.644496
3.710018,-1,15,9999.867000,17.813000,364.202468,361.363839,360.000000,621,-4.202468,PI,FIFO,true,PI_FIFO,363.423482
3.720017,-1,15,9999.274000,17.087000,367.935636,362.349608,360.000000,617,-7.935636,PI,FIFO,true,PI_FIFO,365.679559
3.730017,-1,15,10000.182000,17.269000,362.844702,362.423872,360.000000,616,-2.844702,PI,FIFO,true,PI_FIFO,364.262131
3.740017,-1,15,10000.089000,17.358000,362.368857,362.415620,360.000000,616,-2.368857,PI,FIFO,true,PI_FIFO,363.315494
3.750017,-1,15,9999.866000,17.224000,358.508604,361.829568,360.000000,617,1.491396,PI,FIFO,true,PI_FIFO,360.912049
3.760017,-1,15,9999.997000,17.221000,356.916244,361.092569,360.000000,618,3.083756,PI,FIFO,true,PI_FIFO,358.914146
3.770018,-1,15,10000.348000,17.569000,352.278065,359.770393,360.000000,622,7.721935,PI,FIFO,true,PI_FIFO,355.596106
3.780017,-1,15,9999.645000,17.214000,354.155424,358.928148,360.000000,625,5.844576,PI,FIFO,true,PI_FIFO,354.875765
3.790017,-1,15,9999.848000,17.062000,352.941176,358.030102,360.000000,628,7.058824,PI,FIFO,true,PI_FIFO,353.908471
3.800017,-1,15,9999.700000,16.762000,356.077048,357.737144,360.000000,629,3.922952,PI,FIFO,true,PI_FIFO,354.992759
3.810018,-1,15,10001.570000,18.332000,358.166189,357.801501,360.000000,630,1.833811,PI,FIFO,true,PI_FIFO,356.579474
3.820014,-1,15,9996.035000,14.367000,363.372093,358.637090,360.000000,628,-3.372093,PI,FIFO,true,PI_FIFO,359.975784
3.830018,-1,15,10003.625000,17.992000,361.132512,359.011403,360.000000,627,-1.132512,PI,FIFO,true,PI_FIFO,360.554148
3.840018,-1,15,10000.256000,18.248000,362.318841,359.507519,360.000000,626,-2.318841,PI,FIFO,true,PI_FIFO,361.436494
3.850018,-1,15,9999.941000,18.189000,360.576923,359.667929,360.000000,626,-0.576923,PI,FIFO,true,PI_FIFO,361.006709
3.860017,-1,15,9998.941000,17.130000,363.196126,360.197159,360.000000,624,-3.196126,PI,FIFO,true,PI_FIFO,362.101417
3.870017,-1,15,9999.700000,16.830000,361.875965,360.448980,360.000000,623,-1.875965,PI,FIFO,true,PI_FIFO,361.988691
3.880028,-1,15,10010.828000,27.658000,365.497076,361.206194,360.000000,621,-5.497076,PI,FIFO,true,PI_FIFO,363.742884
3.890018,-1,15,9990.016000,17.674000,366.020302,361.928310,360.000000,618,-6.020302,PI,FIFO,true,PI_FIFO,364.881593
3.900018,-1,15,10000.163000,17.837000,364.608653,362.330362,360.000000,616,-4.608653,PI,FIFO,true,PI_FIFO,364.745123
3.910017,-1,15,9999.552000,17.389000,359.195402,361.860118,360.000000,617,0.804598,PI,FIFO,true,PI_FIFO,361.970263
3.920017,-1,15,9999.682000,17.071000,357.313006,361.178051,360.000000,619,2.686994,PI,FIFO,true,PI_FIFO,359.641634
3.930017,-1,15,10000.033000,17.104000,355.832490,360.376217,360.000000,621,4.167510,PI,FIFO,true,PI_FIFO,357.737062
3.940018,-1,15,10000.756000,17.860000,353.940538,359.410865,360.000000,624,6.059462,PI,FIFO,true,PI_FIFO,355.838800
3.950017,-1,15,9999.497000,17.357000,354.155424,358.622549,360.000000,626,5.844576,PI,FIFO,true,PI_FIFO,354.997112
3.960017,-1,15,9999.644000,17.001000,355.618777,358.171983,360.000000,628,4.381223,PI,FIFO,true,PI_FIFO,355.307944
3.970018,-1,15,10000.774000,17.775000,360.181120,358.473354,360.000000,627,-0.181120,PI,FIFO,true,PI_FIFO,357.744532
3.980027,-1,15,10009.606000,27.381000,359.195402,358.581661,360.000000,628,0.804598,PI,FIFO,true,PI_FIFO,358.469967
3.990017,-1,15,9990.054000,17.435000,362.051340,359.102113,360.000000,626,-2.051340,PI,FIFO,true,PI_FIFO,360.260654
4.000022,-1,15,10004.995000,22.430000,361.371145,359.442468,360.000000,626,-1.371145,PI,FIFO,true,PI_FIFO,360.815900
4.010019,-1,15,9996.183000,18.613000,363.703788,360.081666,360.000000,624,-3.703788,PI,FIFO,true,PI_FIFO,362.259844
4.020017,-1,15,9998.663000,17.276000,358.606557,359.860399,360.000000,625,1.393443,PI,FIFO,true,PI_FIFO,360.433201
4.030017,-1,15,10000.126000,17.402000,363.372093,360.387154,360.000000,623,-3.372093,PI,FIFO,true,PI_FIFO,361.902647
4.040018,-1,15,10000.663000,18.065000,361.875965,360.610475,360.000000,622,-1.875965,PI,FIFO,true,PI_FIFO,361.889306
4.050017,-1,15,9999.385000,17.450000,365.853659,361.396953,360.000000,620,-5.853659,PI,FIFO,true,PI_FIFO,363.871482
4.060017,-1,15,9999.738000,17.188000,362.809598,361.608849,360.000000,619,-2.809598,PI,FIFO,true,PI_FIFO,363.340540
4.070018,-1,15,10000.403000,17.591000,364.608653,362.058820,360.000000,617,-4.608653,PI,FIFO,true,PI_FIFO,363.974597
4.080026,-1,15,10008.755000,26.346000,358.920368,361.588052,360.000000,617,1.079632,PI,FIFO,true,PI_FIFO,361.447482
4.090019,-1,15,9992.905000,19.251000,357.483317,360.972342,360.000000,619,2.516683,PI,FIFO,true,PI_FIFO,359.465400
4.100018,-1,15,9998.570000,17.821000,354.538088,360.007204,360.000000,622,5.461912,PI,FIFO,true,PI_FIFO,357.001744
4.110018,-1,15,9999.923000,17.744000,355.113636,359.273169,360.000000,624,4.886364,PI,FIFO,true,PI_FIFO,356.057690
4.120017,-1,15,9998.774000,16.518000,352.065451,358.192011,360.000000,627,7.934549,PI,FIFO,true,PI_FIFO,354.061570
4.130017,-1,15,10000.422000,16.940000,356.633381,357.958216,360.000000,629,3.366619,PI,FIFO,true,PI_FIFO,355.347476
4.140018,-1,15,10000.663000,17.603000,360.023041,358.267940,360.000000,628,-0.023041,PI,FIFO,true,PI_FIFO,357.685259
4.150018,-1,15,10000.626000,18.229000,361.097737,358.692410,360.000000,627,-1.097737,PI,FIFO,true,PI_FIFO,359.391498
4.160018,-1,15,9999.793000,18.022000,360.181120,358.915716,360.000000,627,-0.181120,PI,FIFO,true,PI_FIFO,359.786309
4.170017,-1,15,9999.404000,17.426000,361.722651,359.336756,360.000000,626,-1.722651,PI,FIFO,true,PI_FIFO,360.754480
4.180026,-1,15,10008.532000,25.958000,362.493958,359.810337,360.000000,625,-2.493958,PI,FIFO,true,PI_FIFO,361.624219
4.190018,-1,15,9992.053000,18.011000,360.973597,359.984826,360.000000,625,-0.973597,PI,FIFO,true,PI_FIFO,361.298908
4.200019,-1,15,10001.015000,19.026000,362.844702,360.413807,360.000000,623,-2.844702,PI,FIFO,true,PI_FIFO,362.071805
4.210029,-1,15,10009.958000,28.984000,364.124806,360.970457,360.000000,622,-4.124806,PI,FIFO,true,PI_FIFO,363.098306
4.220020,-1,15,9991.201000,20.185000,367.392808,361.933810,360.000000,618,-7.392808,PI,FIFO,true,PI_FIFO,365.245557
4.230018,-1,15,9998.275000,18.460000,362.168874,361.969069,360.000000,618,-2.168874,PI,FIFO,true,PI_FIFO,363.707215
4.240030,-1,15,10011.290000,29.750000,361.394558,361.882893,360.000000,617,-1.394558,PI,FIFO,true,PI_FIFO,362.550887
4.250035,-1,15,10005.439000,35.189000,358.215066,361.332719,360.000000,618,1.784934,PI,FIFO,true,PI_FIFO,360.382976
4.260027,-1,15,9991.700000,26.889000,356.463878,360.602393,360.000000,620,3.536122,PI,FIFO,true,PI_FIFO,358.423427
4.270020,-1,15,9993.200000,20.089000,351.688103,359.265249,360.000000,624,8.311897,PI,FIFO,true,PI_FIFO,355.055765
4.280027,-1,15,10006.827000,26.916000,354.777673,358.592113,360.000000,626,5.222327,PI,FIFO,true,PI_FIFO,354.916719
4.290018,-1,15,9990.885000,17.801000,353.506787,357.829314,360.000000,629,6.493213,PI,FIFO,true,PI_FIFO,354.211753
4.300017,-1,15,9999.533000,17.334000,357.995227,357.854201,360.000000,630,2.004773,PI,FIFO,true,PI_FIFO,356.103490
4.310031,-1,15,10013.863000,31.197000,357.824427,357.849735,360.000000,630,2.175573,PI,FIFO,true,PI_FIFO,356.963959
4.320032,-1,15,10000.402000,31.599000,363.936335,358.762725,360.000000,628,-3.936335,PI,FIFO,true,PI_FIFO,360.450147
4.330020,-1,15,9987.997000,19.596000,361.620058,359.191325,360.000000,627,-1.620058,PI,FIFO,true,PI_FIFO,361.035102
4.340018,-1,15,9998.440000,18.036000,363.372093,359.818440,360.000000,626,-3.372093,PI,FIFO,true,PI_FIFO,362.203598
4.350017,-1,15,9999.107000,17.143000,361.271676,360.036425,360.000000,625,-1.271676,PI,FIFO,true,PI_FIFO,361.737637
4.360014,-1,15,9997.069000,14.212000,364.431487,360.695685,360.000000,623,-4.431487,PI,FIFO,true,PI_FIFO,363.084562
4.370017,-1,15,10002.884000,17.096000,361.132512,360.761209,360.000000,623,-1.132512,PI,FIFO,true,PI_FIFO,362.108537
4.380031,-1,15,10013.548000,30.644000,364.963504,361.391553,360.000000,621,-4.963504,PI,FIFO,true,PI_FIFO,363.536020
4.390019,-1,15,9988.072000,18.716000,366.592805,362.171741,360.000000,618,-6.592805,PI,FIFO,true,PI_FIFO,365.064413
4.400018,-1,15,9999.236000,17.952000,364.431487,362.510703,360.000000,616,-4.431487,PI,FIFO,true,PI_FIFO,364.747950
4.410019,-1,15,10000.624000,18.576000,359.838792,362.109916,360.000000,616,0.161208,PI,FIFO,true,PI_FIFO,362.293371
4.420018,-1,15,9999.199000,17.775000,358.508604,361.569719,360.000000,617,1.491396,PI,FIFO,true,PI_FIFO,360.400988
4.430029,-1,15,10011.549000,29.324000,356.554260,360.817400,360.000000,619,3.445740,PI,FIFO,true,PI_FIFO,358.477624
4.440020,-1,15,9990.608000,19.932000,352.974398,359.640950,360.000000,623,7.025602,PI,FIFO,true,PI_FIFO,355.726011
4.450018,-1,15,9998.291000,18.223000,353.151683,358.667560,360.000000,626,6.848317,PI,FIFO,true,PI_FIFO,354.438847
4.460018,-1,15,9999.570000,17.793000,354.945575,358.109262,360.000000,628,5.054425,PI,FIFO,true,PI_FIFO,354.692211
4.470018,-1,15,9999.754000,17.547000,360.378913,358.449710,360.000000,627,-0.378913,PI,FIFO,true,PI_FIFO,357.535562
4.480031,-1,15,10013.123000,30.670000,358.851675,358.510004,360.000000,627,1.148325,PI,FIFO,true,PI_FIFO,358.193618
4.490017,-1,15,9986.516000,17.186000,360.761929,358.847793,360.000000,627,-0.761929,PI,FIFO,true,PI_FIFO,359.477774
4.500017,-1,15,9999.995000,17.181000,360.057609,359.029266,360.000000,627,-0.057609,PI,FIFO,true,PI_FIFO,359.767691
4.510017,-1,15,9999.532000,16.713000,361.769570,359.440311,360.000000,626,-1.769570,PI,FIFO,true,PI_FIFO,360.768631
4.520017,-1,15,10000.328000,17.041000,358.680057,359.326273,360.000000,626,1.319943,PI,FIFO,true,PI_FIFO,359.724344
4.530017,-1,15,9999.847000,16.888000,363.748060,359.989541,360.000000,625,-3.748060,PI,FIFO,true,PI_FIFO,361.736202
4.540017,-1,15,10000.125000,17.013000,362.844702,360.417815,360.000000,623,-2.844702,PI,FIFO,true,PI_FIFO,362.290452
4.550017,-1,15,10000.088000,17.101000,366.975470,361.401464,360.000000,620,-6.975470,PI,FIFO,true,PI_FIFO,364.632961
4.560017,-1,15,10000.199000,17.300000,363.548231,361.723479,360.000000,619,-3.548231,PI,FIFO,true,PI_FIFO,364.090596
4.570017,-1,15,9999.976000,17.276000,364.880643,362.197053,360.000000,617,-4.880643,PI,FIFO,true,PI_FIFO,364.485620
4.580026,-1,15,10008.550000,25.826000,359.367513,361.772622,360.000000,617,0.632487,PI,FIFO,true,PI_FIFO,361.926566
4.590017,-1,15,9991.570000,17.396000,359.023456,361.360247,360.000000,618,0.976544,PI,FIFO,true,PI_FIFO,360.475011
4.600018,-1,15,10000.440000,17.836000,355.498375,360.480967,360.000000,620,4.501625,PI,FIFO,true,PI_FIFO,357.986693
4.610017,-1,15,9999.310000,17.146000,355.956336,359.802272,360.000000,622,4.043664,PI,FIFO,true,PI_FIFO,356.971515
4.620014,-1,15,9996.810000,13.956000,352.797291,358.751525,360.000000,625,7.202709,PI,FIFO,true,PI_FIFO,354.884403
4.630017,-1,15,10003.069000,17.025000,356.125356,358.357599,360.000000,627,3.874644,PI,FIFO,true,PI_FIFO,355.504879
4.640015,-1,15,9997.718000,14.743000,358.998906,358.453795,360.000000,627,1.001094,PI,FIFO,true,PI_FIFO,357.251893
4.650018,-1,15,10003.587000,18.330000,360.403652,358.746274,360.000000,627,-0.403652,PI,FIFO,true,PI_FIFO,358.827772
4.660015,-1,15,9996.569000,14.899000,360.576923,359.020871,360.000000,626,-0.576923,PI,FIFO,true,PI_FIFO,359.702348
4.670017,-1,15,10002.440000,17.339000,361.445783,359.384608,360.000000,625,-1.445783,PI,FIFO,true,PI_FIFO,360.574065
4.680027,-1,15,10010.086000,27.425000,362.248841,359.814243,360.000000,624,-2.248841,PI,FIFO,true,PI_FIFO,361.411453
4.690017,-1,15,9989.682000,17.107000,360.576923,359.928645,360.000000,624,-0.576923,PI,FIFO,true,PI_FIFO,360.994188
4.700017,-1,15,9999.995000,17.102000,361.969112,360.234715,360.000000,623,-1.969112,PI,FIFO,true,PI_FIFO,361.481650
4.710017,-1,15,10000.143000,17.245000,362.710514,360.606085,360.000000,622,-2.710514,PI,FIFO,true,PI_FIFO,362.096082
4.720017,-1,15,10000.014000,17.259000,367.827366,361.689277,360.000000,618,-7.827366,PI,FIFO,true,PI_FIFO,364.961724
4.730017,-1,15,9999.532000,16.791000,362.435567,361.801221,360.000000,617,-2.435567,PI,FIFO,true,PI_FIFO,363.698646
4.740018,-1,15,10001.124000,17.915000,362.143892,361.852621,360.000000,617,-2.143892,PI,FIFO,true,PI_FIFO,362.921269
4.750018,-1,15,10000.440000,18.355000,357.240065,361.160738,360.000000,618,2.759935,PI,FIFO,true,PI_FIFO,360.080667
4.760018,-1,15,9999.495000,17.850000,356.972870,360.532558,360.000000,620,3.027130,PI,FIFO,true,PI_FIFO,358.526769
4.770017,-1,15,9998.977000,16.827000,351.123596,359.121213,360.000000,624,8.876404,PI,FIFO,true,PI_FIFO,354.825182
4.780026,-1,15,10009.160000,25.987000,354.777673,358.469682,360.000000,626,5.222327,PI,FIFO,true,PI_FIFO,354.801427
4.790017,-1,15,9991.460000,17.447000,353.964401,357.793890,360.000000,629,6.035599,PI,FIFO,true,PI_FIFO,354.382914
4.800017,-1,15,9999.828000,17.275000,358.166189,357.849735,360.000000,629,1.833811,PI,FIFO,true,PI_FIFO,356.274552
4.810017,-1,15,9999.736000,17.011000,358.920368,358.010330,360.000000,630,1.079632,PI,FIFO,true,PI_FIFO,357.597460
4.820017,-1,15,10000.236000,17.247000,362.844702,358.735486,360.000000,628,-2.844702,PI,FIFO,true,PI_FIFO,360.221081
4.830017,-1,15,9999.940000,17.187000,361.689815,359.178635,360.000000,627,-1.689815,PI,FIFO,true,PI_FIFO,360.955448
4.840022,-1,15,10004.679000,21.866000,363.372093,359.807654,360.000000,626,-3.372093,PI,FIFO,true,PI_FIFO,362.163770
4.850018,-1,15,9996.237000,18.103000,361.318088,360.034219,360.000000,625,-1.318088,PI,FIFO,true,PI_FIFO,361.740929
4.860017,-1,15,9999.236000,17.339000,364.785992,360.746985,360.000000,623,-4.785992,PI,FIFO,true,PI_FIFO,363.263461
4.870018,-1,15,10000.439000,17.778000,361.769570,360.900373,360.000000,622,-1.769570,PI,FIFO,true,PI_FIFO,362.516515
4.880027,-1,15,10009.586000,27.364000,366.042719,361.671725,360.000000,619,-6.042719,PI,FIFO,true,PI_FIFO,364.279617
4.890027,-1,15,9999.236000,26.600000,364.254492,362.059140,360.000000,618,-4.254492,PI,FIFO,true,PI_FIFO,364.267055
4.900018,-1,15,9991.867000,18.467000,364.502333,362.425619,360.000000,616,-4.502333,PI,FIFO,true,PI_FIFO,364.384694
4.910017,-1,15,9998.588000,17.055000,359.712230,362.018611,360.000000,616,0.287770,PI,FIFO,true,PI_FIFO,362.048462
4.920014,-1,15,9997.033000,14.088000,357.629428,361.360233,360.000000,618,2.370572,PI,FIFO,true,PI_FIFO,359.838945
4.930017,-1,15,10002.680000,16.768000,355.956336,360.549649,360.000000,620,4.043664,PI,FIFO,true,PI_FIFO,357.897640
4.940014,-1,15,9997.236000,14.004000,353.329146,359.466573,360.000000,623,6.670854,PI,FIFO,true,PI_FIFO,355.613393
4.950026,-1,15,10011.530000,25.534000,352.775165,358.462862,360.000000,626,7.224835,PI,FIFO,true,PI_FIFO,354.194279
4.960018,-1,15,9992.348000,17.882000,354.155424,357.816746,360.000000,629,5.844576,PI,FIFO,true,PI_FIFO,354.174851
4.970018,-1,15,10000.273000,18.155000,359.195402,358.023545,360.000000,628,0.804598,PI,FIFO,true,PI_FIFO,356.685127
4.980029,-1,15,10010.920000,29.075000,359.287174,358.213089,360.000000,628,0.712826,PI,FIFO,true,PI_FIFO,357.986151
4.990018,-1,15,9988.441000,17.516000,362.493958,358.855219,360.000000,627,-2.493958,PI,FIFO,true,PI_FIFO,360.240054
5.000034,-1,15,10016.511000,34.027000,360.576923,359.113475,360.000000,627,-0.576923,PI,FIFO,true,PI_FIFO,360.408489
5.010021,-1,15,9986.627000,20.654000,363.372093,359.752268,360.000000,625,-3.372093,PI,FIFO,true,PI_FIFO,361.890291
5.020028,-1,15,10006.864000,27.518000,358.215066,359.521687,360.000000,626,1.784934,PI,FIFO,true,PI_FIFO,360.052678
5.030028,-1,15,9999.995000,27.513000,363.936335,360.183885,360.000000,624,-3.936335,PI,FIFO,true,PI_FIFO,361.994507
5.040023,-1,15,9995.200000,22.713000,363.041002,360.612452,360.000000,623,-3.041002,PI,FIFO,true,PI_FIFO,362.517755
5.050018,-1,15,9995.681000,18.394000,366.592805,361.509505,360.000000,620,-6.592805,PI,FIFO,true,PI_FIFO,364.555280
5.060018,-1,15,9999.403000,17.797000,364.077670,361.894730,360.000000,618,-4.077670,PI,FIFO,true,PI_FIFO,364.316475
5.070017,-1,15,9999.439000,17.236000,364.124806,362.229241,360.000000,616,-4.124806,PI,FIFO,true,PI_FIFO,364.220640
5.080027,-1,15,10009.605000,26.841000,358.337315,361.645452,360.000000,618,1.662685,PI,FIFO,true,PI_FIFO,361.278978
5.090018,-1,15,9990.830000,17.671000,356.851550,360.926367,360.000000,619,3.148450,PI,FIFO,true,PI_FIFO,359.065264
5.100018,-1,15,9999.977000,17.648000,353.606789,359.828430,360.000000,623,6.393211,PI,FIFO,true,PI_FIFO,356.336026
5.110018,-1,15,10000.532000,18.180000,357.045702,359.411021,360.000000,624,2.954298,PI,FIFO,true,PI_FIFO,356.690864
5.120017,-1,15,9998.754000,16.934000,352.775165,358.415643,360.000000,627,7.224835,PI,FIFO,true,PI_FIFO,354.733014
5.130018,-1,15,10000.810000,17.744000,355.498375,357.978052,360.000000,629,4.501625,PI,FIFO,true,PI_FIFO,355.115695
5.140018,-1,15,10000.088000,17.832000,359.925474,358.270166,360.000000,628,0.074526,PI,FIFO,true,PI_FIFO,357.520584
5.150018,-1,15,9999.884000,17.716000,360.576923,358.616179,360.000000,628,-0.576923,PI,FIFO,true,PI_FIFO,359.048754
5.160017,-1,15,9999.773000,17.489000,360.923965,358.962347,360.000000,627,-0.923965,PI,FIFO,true,PI_FIFO,359.986360
5.170015,-1,15,9997.606000,15.095000,361.886921,359.401033,360.000000,626,-1.886921,PI,FIFO,true,PI_FIFO,360.936640
5.180027,-1,15,10012.068000,27.163000,362.368857,359.846207,360.000000,625,-2.368857,PI,FIFO,true,PI_FIFO,361.652749
5.190018,-1,15,9990.867000,18.030000,361.097737,360.033936,360.000000,625,-1.097737,PI,FIFO,true,PI_FIFO,361.375243
5.200014,-1,15,9995.958000,13.988000,361.875965,360.310241,360.000000,624,-1.875965,PI,FIFO,true,PI_FIFO,361.625604
5.210017,-1,15,10002.995000,16.983000,362.669246,360.664091,360.000000,623,-2.669246,PI,FIFO,true,PI_FIFO,362.147425
5.220014,-1,15,9997.125000,14.108000,367.935636,361.754823,360.000000,619,-7.935636,PI,FIFO,true,PI_FIFO,365.041530
5.230017,-1,15,10003.180000,17.288000,362.143892,361.813183,360.000000,618,-2.143892,PI,FIFO,true,PI_FIFO,363.592711
5.240018,-1,15,10000.679000,17.967000,362.996902,361.990741,360.000000,617,-2.996902,PI,FIFO,true,PI_FIFO,363.294807
5.250017,-1,15,9998.883000,16.850000,358.337315,361.442727,360.000000,618,1.662685,PI,FIFO,true,PI_FIFO,360.816061
5.260017,-1,15,10000.549000,17.399000,358.606557,361.017302,360.000000,619,1.393443,PI,FIFO,true,PI_FIFO,359.711309
5.270017,-1,15,9999.606000,17.005000,352.443609,359.731248,360.000000,623,7.556391,PI,FIFO,true,PI_FIFO,356.077459
5.280027,-1,15,10010.084000,27.089000,354.538088,358.952274,360.000000,625,5.461912,PI,FIFO,true,PI_FIFO,355.307773
5.290018,-1,15,9990.940000,18.029000,353.606789,358.150451,360.000000,628,6.393211,PI,FIFO,true,PI_FIFO,354.457281
5.300017,-1,15,9998.698000,16.727000,357.460600,358.046973,360.000000,629,2.539400,PI,FIFO,true,PI_FIFO,355.958941
5.310017,-1,15,10000.179000,16.906000,358.337315,358.090525,360.000000,629,1.662685,PI,FIFO,true,PI_FIFO,357.148128
5.320017,-1,15,10000.494000,17.400000,363.171002,358.852596,360.000000,627,-3.171002,PI,FIFO,true,PI_FIFO,360.159565
5.330017,-1,15,9999.123000,16.523000,360.057609,359.033348,360.000000,627,-0.057609,PI,FIFO,true,PI_FIFO,360.108587
5.340018,-1,15,10001.105000,17.628000,362.435567,359.543681,360.000000,626,-2.435567,PI,FIFO,true,PI_FIFO,361.272077
5.350018,-1,15,9999.975000,17.603000,359.884837,359.594854,360.000000,626,0.115163,PI,FIFO,true,PI_FIFO,360.578457
5.360018,-1,15,10000.420000,18.023000,363.372093,360.161440,360.000000,625,-3.372093,PI,FIFO,true,PI_FIFO,361.975275
5.370018,-1,15,10000.420000,18.443000,361.769570,360.402660,360.000000,624,-1.769570,PI,FIFO,true,PI_FIFO,361.872422
5.380027,-1,15,10008.215000,26.658000,365.371389,361.147969,360.000000,622,-5.371389,PI,FIFO,true,PI_FIFO,363.621906
5.390018,-1,15,9991.550000,18.208000,366.006693,361.876778,360.000000,619,-6.006693,PI,FIFO,true,PI_FIFO,364.814299
5.400018,-1,15,9999.809000,18.017000,364.036090,362.200674,360.000000,617,-4.036090,PI,FIFO,true,PI_FIFO,364.425194
5.410017,-1,15,9999.438000,17.455000,358.215066,361.602833,360.000000,619,1.784934,PI,FIFO,true,PI_FIFO,361.320130
5.420018,-1,15,10000.087000,17.542000,357.483317,360.984906,360.000000,620,2.516683,PI,FIFO,true,PI_FIFO,359.401724
5.430017,-1,15,9999.642000,17.184000,356.463878,360.306752,360.000000,622,3.536122,PI,FIFO,true,PI_FIFO,357.932801
5.440017,-1,15,10000.309000,17.493000,353.440151,359.276761,360.000000,625,6.559849,PI,FIFO,true,PI_FIFO,355.686476
5.450017,-1,15,9999.012000,16.505000,354.219144,358.518119,360.000000,627,5.780856,PI,FIFO,true,PI_FIFO,354.952810
5.460017,-1,15,10000.605000,17.110000,354.576399,357.926861,360.000000,630,5.423601,PI,FIFO,true,PI_FIFO,354.764605
5.470017,-1,15,9999.790000,16.900000,360.576923,358.324370,360.000000,629,-0.576923,PI,FIFO,true,PI_FIFO,357.670764
5.480027,-1,15,10010.122000,27.022000,359.195402,358.455025,360.000000,629,0.804598,PI,FIFO,true,PI_FIFO,358.433083
5.490017,-1,15,9990.255000,17.277000,362.622486,359.080144,360.000000,628,-2.622486,PI,FIFO,true,PI_FIFO,360.527784
5.500017,-1,15,9999.716000,16.993000,362.143892,359.539706,360.000000,626,-2.143892,PI,FIFO,true,PI_FIFO,361.335838
5.510017,-1,15,9999.957000,16.950000,363.936335,360.199201,360.000000,625,-3.936335,PI,FIFO,true,PI_FIFO,362.636087
5.520017,-1,15,10000.234000,17.184000,360.057609,360.177962,360.000000,625,-0.057609,PI,FIFO,true,PI_FIFO,361.346848
5.530017,-1,15,9999.679000,16.863000,363.976705,360.747773,360.000000,623,-3.976705,PI,FIFO,true,PI_FIFO,362.661777
5.540017,-1,15,10000.290000,17.153000,362.545496,361.017432,360.000000,622,-2.545496,PI,FIFO,true,PI_FIFO,362.603636
5.550017,-1,15,9999.828000,16.981000,366.592805,361.853738,360.000000,619,-6.592805,PI,FIFO,true,PI_FIFO,364.598221
5.560017,-1,15,10000.030000,17.011000,363.372093,362.081491,360.000000,618,-3.372093,PI,FIFO,true,PI_FIFO,363.985157
5.570017,-1,15,10000.328000,17.339000,363.774945,362.335509,360.000000,616,-3.774945,PI,FIFO,true,PI_FIFO,363.880051
5.580026,-1,15,10008.363000,25.702000,358.508604,361.761473,360.000000,617,1.491396,PI,FIFO,true,PI_FIFO,361.194327
5.590017,-1,15,9990.902000,16.604000,356.633381,360.992260,360.000000,619,3.366619,PI,FIFO,true,PI_FIFO,358.913854
5.600017,-1,15,10000.420000,17.024000,352.443609,359.709962,360.000000,623,7.556391,PI,FIFO,true,PI_FIFO,355.678732
5.610017,-1,15,9999.864000,16.888000,355.281857,359.045746,360.000000,625,4.718143,PI,FIFO,true,PI_FIFO,355.480294
5.620014,-1,15,9997.254000,14.142000,352.065451,357.998702,360.000000,628,7.934549,PI,FIFO,true,PI_FIFO,353.772872
5.630017,-1,15,10002.697000,16.839000,356.463878,357.768478,360.000000,629,3.536122,PI,FIFO,true,PI_FIFO,355.118375
5.640014,-1,15,9997.439000,14.278000,359.589041,358.041563,360.000000,629,0.410959,PI,FIFO,true,PI_FIFO,357.353708
5.650028,-1,15,10013.343000,27.621000,360.750361,358.447882,360.000000,629,-0.750361,PI,FIFO,true,PI_FIFO,359.052034
5.660015,-1,15,9987.848000,15.469000,360.392107,358.739516,360.000000,628,-0.392107,PI,FIFO,true,PI_FIFO,359.722071
5.670017,-1,15,10002.030000,17.499000,361.794501,359.197764,360.000000,627,-1.794501,PI,FIFO,true,PI_FIFO,360.758286
5.680027,-1,15,10009.196000,26.695000,362.435567,359.683434,360.000000,626,-2.435567,PI,FIFO,true,PI_FIFO,361.596926
5.690018,-1,15,9991.070000,17.765000,361.794501,360.000094,360.000000,625,-1.794501,PI,FIFO,true,PI_FIFO,361.695714
5.700014,-1,15,9996.531000,14.296000,362.435567,360.365415,360.000000,624,-2.435567,PI,FIFO,true,PI_FIFO,362.065640
5.710017,-1,15,10002.808000,17.104000,364.254492,360.948777,360.000000,622,-4.254492,PI,FIFO,true,PI_FIFO,363.160066
5.720049,-1,15,10032.156000,49.260000,367.647059,361.953519,360.000000,619,-7.647059,PI,FIFO,true,PI_FIFO,365.403563
5.730038,-1,15,9988.533000,37.793000,363.795111,362.229758,360.000000,617,-3.795111,PI,FIFO,true,PI_FIFO,364.599337
5.740019,-1,15,9981.645000,19.438000,362.669246,362.295681,360.000000,616,-2.669246,PI,FIFO,true,PI_FIFO,363.634291
5.750018,-1,15,9998.549000,17.987000,357.824427,361.624993,360.000000,618,2.175573,PI,FIFO,true,PI_FIFO,360.729359
5.760018,-1,15,9999.846000,17.833000,358.166189,361.106172,360.000000,619,1.833811,PI,FIFO,true,PI_FIFO,359.447774
5.770018,-1,15,10000.049000,17.882000,352.254428,359.778411,360.000000,623,7.745572,PI,FIFO,true,PI_FIFO,355.851101
5.780030,-1,15,10012.363000,30.245000,354.609929,359.003139,360.000000,625,5.390071,PI,FIFO,true,PI_FIFO,355.230515
5.790017,-1,15,9986.459000,16.704000,353.440151,358.168690,360.000000,628,6.559849,PI,FIFO,true,PI_FIFO,354.335333
5.800013,-1,15,9996.235000,12.939000,357.240065,358.029397,360.000000,629,2.759935,PI,FIFO,true,PI_FIFO,355.787699
5.810015,-1,15,10001.901000,14.840000,357.313006,357.921938,360.000000,630,2.686994,PI,FIFO,true,PI_FIFO,356.550353
5.820022,-1,15,10006.844000,21.684000,363.573407,358.769658,360.000000,628,-3.573407,PI,FIFO,true,PI_FIFO,360.061880
5.830022,-1,15,10000.309000,21.993000,360.403652,359.014757,360.000000,628,-0.403652,PI,FIFO,true,PI_FIFO,360.232766
5.840017,-1,15,9995.309000,17.302000,362.875683,359.593896,360.000000,626,-2.875683,PI,FIFO,true,PI_FIFO,361.554225
5.850016,-1,15,9998.383000,15.685000,361.371145,359.860484,360.000000,626,-1.371145,PI,FIFO,true,PI_FIFO,361.462685
5.860015,-1,15,9999.420000,15.105000,362.844702,360.308116,360.000000,624,-2.844702,PI,FIFO,true,PI_FIFO,362.153694
5.870020,-1,15,10004.771000,19.876000,361.097737,360.426560,360.000000,624,-1.097737,PI,FIFO,true,PI_FIFO,361.625715
5.880023,-1,15,10003.216000,23.092000,365.639626,361.208519,360.000000,621,-5.639626,PI,FIFO,true,PI_FIFO,363.632671
5.890018,-1,15,9994.865000,17.957000,365.497076,361.851803,360.000000,619,-5.497076,PI,FIFO,true,PI_FIFO,364.564873
5.900017,-1,15,9999.531000,17.488000,364.880643,362.306129,360.000000,617,-4.880643,PI,FIFO,true,PI_FIFO,364.722758
5.910017,-1,15,9999.586000,17.074000,359.195402,361.839520,360.000000,618,0.804598,PI,FIFO,true,PI_FIFO,361.959080
5.920017,-1,15,9999.846000,16.920000,356.657609,361.062233,360.000000,619,3.342391,PI,FIFO,true,PI_FIFO,359.308345
5.930019,-1,15,10001.697000,18.617000,355.787476,360.271020,360.000000,621,4.212524,PI,FIFO,true,PI_FIFO,357.547910
5.940018,-1,15,9999.087000,17.704000,353.202368,359.210722,360.000000,625,6.797632,PI,FIFO,true,PI_FIFO,355.375139
5.950017,-1,15,9999.327000,17.031000,353.940538,358.420194,360.000000,627,6.059462,PI,FIFO,true,PI_FIFO,354.657839
5.960017,-1,15,10000.031000,17.062000,355.293077,357.951127,360.000000,629,4.706923,PI,FIFO,true,PI_FIFO,354.975458
5.970017,-1,15,10000.216000,17.278000,360.403652,358.319006,360.000000,629,-0.403652,PI,FIFO,true,PI_FIFO,357.689555
5.980026,-1,15,10008.715000,25.993000,358.410705,358.332760,360.000000,629,1.589295,PI,FIFO,true,PI_FIFO,358.050130
5.990017,-1,15,9991.328000,17.321000,361.969112,358.878213,360.000000,628,-1.969112,PI,FIFO,true,PI_FIFO,360.009621
6.000020,-1,15,10003.142000,20.463000,361.132512,359.216358,360.000000,627,-1.132512,PI,FIFO,true,PI_FIFO,360.571066
6.010018,-1,15,9997.827000,18.290000,364.077670,359.945555,360.000000,625,-4.077670,PI,FIFO,true,PI_FIFO,362.324368
6.020017,-1,15,9999.050000,17.340000,359.539789,359.884690,360.000000,626,0.460211,PI,FIFO,true,PI_FIFO,360.932079
6.030017,-1,15,10000.160000,17.500000,363.936335,360.492437,360.000000,624,-3.936335,PI,FIFO,true,PI_FIFO,362.434207
6.040018,-1,15,10000.827000,18.327000,362.844702,360.845277,360.000000,623,-2.844702,PI,FIFO,true,PI_FIFO,362.639455
6.050018,-1,15,9999.420000,17.747000,366.592805,361.707406,360.000000,620,-6.592805,PI,FIFO,true,PI_FIFO,364.616130
6.060017,-1,15,9999.365000,17.112000,362.669246,361.851682,360.000000,619,-2.669246,PI,FIFO,true,PI_FIFO,363.642688
6.070018,-1,15,10001.049000,18.161000,364.124806,362.192650,360.000000,617,-4.124806,PI,FIFO,true,PI_FIFO,363.883747
6.080025,-1,15,10007.067000,25.228000,358.680057,361.665761,360.000000,618,1.319943,PI,FIFO,true,PI_FIFO,361.281902
6.090017,-1,15,9991.865000,17.093000,357.629428,361.060311,360.000000,619,2.370572,PI,FIFO,true,PI_FIFO,359.455665
6.100017,-1,15,9999.753000,16.846000,353.773585,359.967302,360.000000,622,6.226415,PI,FIFO,true,PI_FIFO,356.614625
6.110020,-1,15,10003.290000,20.136000,355.652504,359.320083,360.000000,624,4.347496,PI,FIFO,true,PI_FIFO,356.133564
6.120017,-1,15,9997.235000,17.371000,351.386807,358.130091,360.000000,628,8.613193,PI,FIFO,true,PI_FIFO,353.760185
6.130018,-1,15,10000.346000,17.717000,356.012658,357.812476,360.000000,630,3.987342,PI,FIFO,true,PI_FIFO,354.886422
6.140019,-1,15,10001.364000,19.081000,359.195402,358.019915,360.000000,630,0.804598,PI,FIFO,true,PI_FIFO,357.040912
6.150018,-1,15,9998.771000,17.852000,360.576923,358.403466,360.000000,629,-0.576923,PI,FIFO,true,PI_FIFO,358.808918
6.160017,-1,15,9999.235000,17.087000,360.923965,358.781541,360.000000,628,-0.923965,PI,FIFO,true,PI_FIFO,359.866441
6.170018,-1,15,10000.883000,17.970000,362.248841,359.301636,360.000000,627,-2.248841,PI,FIFO,true,PI_FIFO,361.057641
6.180027,-1,15,10009.437000,27.407000,363.020329,359.859440,360.000000,626,-3.020329,PI,FIFO,true,PI_FIFO,362.038985
6.190018,-1,15,9990.810000,18.217000,360.761929,359.994813,360.000000,626,-0.761929,PI,FIFO,true,PI_FIFO,361.400457
6.200018,-1,15,9999.734000,17.951000,362.669246,360.395978,360.000000,624,-2.669246,PI,FIFO,true,PI_FIFO,362.034851
6.210017,-1,15,9999.439000,17.390000,364.077670,360.948232,360.000000,623,-4.077670,PI,FIFO,true,PI_FIFO,363.056261
6.220017,-1,15,10000.049000,17.439000,368.707394,362.112106,360.000000,618,-8.707394,PI,FIFO,true,PI_FIFO,365.881827
6.230017,-1,15,9999.661000,17.100000,362.844702,362.221996,360.000000,618,-2.844702,PI,FIFO,true,PI_FIFO,364.363265
6.240015,-1,15,9997.401000,14.501000,361.875965,362.170091,360.000000,617,-1.875965,PI,FIFO,true,PI_FIFO,363.119615
6.250017,-1,15,10002.788000,17.289000,357.995227,361.543861,360.000000,618,2.004773,PI,FIFO,true,PI_FIFO,360.557421
6.260014,-1,15,9996.660000,13.949000,356.735160,360.822556,360.000000,620,3.264840,PI,FIFO,true,PI_FIFO,358.646290
6.270017,-1,15,10003.047000,16.996000,352.443609,359.565714,360.000000,624,7.556391,PI,FIFO,true,PI_FIFO,355.544950
6.280027,-1,15,10009.640000,26.636000,354.934377,358.871014,360.000000,626,5.065623,PI,FIFO,true,PI_FIFO,355.239663
6.290018,-1,15,9991.253000,17.889000,353.329146,358.039733,360.000000,629,6.670854,PI,FIFO,true,PI_FIFO,354.284404
6.300018,-1,15,9999.863000,17.752000,357.824427,358.007437,360.000000,629,2.175573,PI,FIFO,true,PI_FIFO,356.054416
6.310017,-1,15,9999.011000,16.763000,358.508604,358.082612,360.000000,630,1.491396,PI,FIFO,true,PI_FIFO,357.281510
6.320017,-1,15,10000.530000,17.293000,362.622486,358.763593,360.000000,628,-2.622486,PI,FIFO,true,PI_FIFO,359.951998
6.330017,-1,15,10000.029000,17.322000,360.750361,359.061609,360.000000,628,-0.750361,PI,FIFO,true,PI_FIFO,360.351179
6.340017,-1,15,9999.845000,17.167000,363.774945,359.768609,360.000000,626,-3.774945,PI,FIFO,true,PI_FIFO,362.063062
6.350017,-1,15,9999.863000,17.030000,360.576923,359.889856,360.000000,626,-0.576923,PI,FIFO,true,PI_FIFO,361.319993
6.360039,-1,15,10021.619000,38.649000,364.691390,360.610086,360.000000,624,-4.691390,PI,FIFO,true,PI_FIFO,363.005691
6.370018,-1,15,9979.736000,18.385000,361.969112,360.813940,360.000000,623,-1.969112,PI,FIFO,true,PI_FIFO,362.487402
6.380029,-1,15,10010.473000,28.858000,365.395323,361.501147,360.000000,620,-5.395323,PI,FIFO,true,PI_FIFO,363.941362
6.390018,-1,15,9988.901000,17.759000,365.036647,362.031472,360.000000,618,-5.036647,PI,FIFO,true,PI_FIFO,364.489005
6.400017,-1,15,9999.697000,17.456000,365.598886,362.566584,360.000000,616,-5.598886,PI,FIFO,true,PI_FIFO,365.043945
6.410017,-1,15,9999.807000,17.263000,360.057609,362.190238,360.000000,616,-0.057609,PI,FIFO,true,PI_FIFO,362.550777
6.420017,-1,15,10000.067000,17.330000,358.166189,361.586631,360.000000,617,1.833811,PI,FIFO,true,PI_FIFO,360.358483
6.430034,-1,15,10017.082000,34.412000,356.554260,360.831775,360.000000,619,3.445740,PI,FIFO,true,PI_FIFO,358.456371
6.440029,-1,15,9995.049000,29.461000,353.862607,359.786400,360.000000,622,6.137393,PI,FIFO,true,PI_FIFO,356.159489
6.450019,-1,15,9989.272000,18.733000,352.775165,358.734715,360.000000,625,7.224835,PI,FIFO,true,PI_FIFO,354.467327
6.460017,-1,15,9998.493000,17.226000,353.964401,358.019168,360.000000,628,6.035599,PI,FIFO,true,PI_FIFO,354.215864
6.470018,-1,15,10000.900000,18.126000,359.367513,358.221419,360.000000,628,0.632487,PI,FIFO,true,PI_FIFO,356.791689
6.480028,-1,15,10010.047000,28.173000,358.606557,358.279190,360.000000,628,1.393443,PI,FIFO,true,PI_FIFO,357.699123
6.490018,-1,15,9989.327000,17.500000,360.740154,358.648335,360.000000,628,-0.740154,PI,FIFO,true,PI_FIFO,359.219638
6.500017,-1,15,9999.419000,16.919000,360.576923,358.937623,360.000000,627,-0.576923,PI,FIFO,true,PI_FIFO,359.898281
6.510017,-1,15,10000.178000,17.097000,362.143892,359.418563,360.000000,626,-2.143892,PI,FIFO,true,PI_FIFO,361.021086
6.520017,-1,15,10000.048000,17.145000,357.642421,359.152142,360.000000,627,2.357579,PI,FIFO,true,PI_FIFO,359.331754
6.530019,-1,15,10001.363000,18.508000,363.548231,359.811555,360.000000,626,-3.548231,PI,FIFO,true,PI_FIFO,361.439992
6.540017,-1,15,9998.881000,17.389000,362.844702,360.266527,360.000000,624,-2.844702,PI,FIFO,true,PI_FIFO,362.142347
6.550018,-1,15,10001.085000,18.474000,367.358934,361.330388,360.000000,621,-7.358934,PI,FIFO,true,PI_FIFO,364.750641
6.560018,-1,15,9999.697000,18.171000,363.020329,361.583879,360.000000,620,-3.020329,PI,FIFO,true,PI_FIFO,363.885485
6.570017,-1,15,9999.159000,17.330000,364.880643,362.078394,360.000000,618,-4.880643,PI,FIFO,true,PI_FIFO,364.383064
6.580026,-1,15,10008.621000,25.951000,359.023456,361.620153,360.000000,618,0.976544,PI,FIFO,true,PI_FIFO,361.703260
6.590017,-1,15,9991.457000,17.408000,358.802624,361.197524,360.000000,619,1.197376,PI,FIFO,true,PI_FIFO,360.252942
6.600017,-1,15,9999.937000,17.345000,354.274917,360.159133,360.000000,622,5.725083,PI,FIFO,true,PI_FIFO,357.263930
6.610017,-1,15,9999.659000,17.004000,356.735160,359.645537,360.000000,624,3.264840,PI,FIFO,true,PI_FIFO,356.999545
6.620017,-1,15,10000.048000,17.052000,353.107345,358.664808,360.000000,627,6.892655,PI,FIFO,true,PI_FIFO,355.053445
6.630017,-1,15,10000.049000,17.101000,355.305901,358.160972,360.000000,629,4.694099,PI,FIFO,true,PI_FIFO,355.179673
6.640015,-1,15,9997.863000,14.964000,359.884837,358.419552,360.000000,628,0.115163,PI,FIFO,true,PI_FIFO,357.532255
6.650017,-1,15,10002.455000,17.419000,361.132512,358.826496,360.000000,627,-1.132512,PI,FIFO,true,PI_FIFO,359.332383
6.660017,-1,15,9999.844000,17.263000,360.923965,359.141116,360.000000,627,-0.923965,PI,FIFO,true,PI_FIFO,360.128174
6.670017,-1,15,9999.475000,16.738000,361.969112,359.565316,360.000000,626,-1.969112,PI,FIFO,true,PI_FIFO,361.048643
6.680027,-1,15,10010.713000,27.451000,362.844702,360.057224,360.000000,625,-2.844702,PI,FIFO,true,PI_FIFO,361.946673
6.690018,-1,15,9990.068000,17.519000,361.318088,360.246353,360.000000,624,-1.318088,PI,FIFO,true,PI_FIFO,361.632381
6.700018,-1,15,10000.770000,18.289000,362.318841,360.557226,360.000000,623,-2.318841,PI,FIFO,true,PI_FIFO,361.975611
6.710018,-1,15,9999.271000,17.560000,363.559979,361.007639,360.000000,621,-3.559979,PI,FIFO,true,PI_FIFO,362.767795
6.720017,-1,15,9999.678000,17.238000,366.885359,361.889297,360.000000,618,-6.885359,PI,FIFO,true,PI_FIFO,364.826577
6.730017,-1,15,9999.752000,16.990000,362.844702,362.032608,360.000000,617,-2.844702,PI,FIFO,true,PI_FIFO,363.835640
6.740017,-1,15,9999.992000,16.982000,361.969112,362.023084,360.000000,617,-1.969112,PI,FIFO,true,PI_FIFO,362.902376
6.750017,-1,15,9999.845000,16.827000,357.483317,361.342119,360.000000,618,2.516683,PI,FIFO,true,PI_FIFO,360.192847
6.760014,-1,15,9996.771000,13.598000,357.278963,360.732645,360.000000,620,2.721037,PI,FIFO,true,PI_FIFO,358.735905
6.770017,-1,15,10003.380000,16.978000,350.860778,359.251865,360.000000,624,9.139222,PI,FIFO,true,PI_FIFO,354.798342
6.780022,-1,15,10004.752000,21.730000,354.755298,358.577380,360.000000,626,5.244702,PI,FIFO,true,PI_FIFO,354.776820
6.790017,-1,15,9995.585000,17.315000,352.620361,357.683827,360.000000,629,7.379639,PI,FIFO,true,PI_FIFO,353.698590
6.800017,-1,15,9999.604000,16.919000,358.554309,357.814400,360.000000,630,1.445691,PI,FIFO,true,PI_FIFO,356.126450
6.810017,-1,15,9999.845000,16.764000,357.653791,357.790308,360.000000,630,2.346209,PI,FIFO,true,PI_FIFO,356.890120
6.820017,-1,15,10000.196000,16.960000,362.996902,358.571297,360.000000,629,-2.996902,PI,FIFO,true,PI_FIFO,359.943511
6.830023,-1,15,10005.862000,22.822000,361.271676,358.976354,360.000000,628,-1.271676,PI,FIFO,true,PI_FIFO,360.607594
6.840026,-1,15,10002.696000,25.518000,363.573407,359.665912,360.000000,626,-3.573407,PI,FIFO,true,PI_FIFO,362.090501
6.850019,-1,15,9993.512000,19.030000,361.067059,359.876084,360.000000,626,-1.067059,PI,FIFO,true,PI_FIFO,361.578780
6.860018,-1,15,9998.789000,17.819000,364.785992,360.612570,360.000000,624,-4.785992,PI,FIFO,true,PI_FIFO,363.182386
6.870017,-1,15,9999.419000,17.238000,362.545496,360.902509,360.000000,623,-2.545496,PI,FIFO,true,PI_FIFO,362.863941
6.880029,-1,15,10011.602000,28.840000,365.598886,361.606966,360.000000,620,-5.598886,PI,FIFO,true,PI_FIFO,364.231413
6.890027,-1,15,9997.918000,26.758000,365.538991,362.196770,360.000000,618,-5.538991,PI,FIFO,true,PI_FIFO,364.885202
6.900020,-1,15,9992.809000,19.567000,364.608653,362.558552,360.000000,616,-4.608653,PI,FIFO,true,PI_FIFO,364.746928
6.910018,-1,15,9998.900000,18.467000,359.470859,362.095398,360.000000,616,0.529141,PI,FIFO,true,PI_FIFO,362.108893
6.920018,-1,15,9999.752000,18.219000,357.995227,361.480372,360.000000,618,2.004773,PI,FIFO,true,PI_FIFO,360.052060
6.930018,-1,15,9999.456000,17.675000,356.077048,360.669874,360.000000,620,3.922952,PI,FIFO,true,PI_FIFO,358.064554
6.940017,-1,15,9999.567000,17.242000,353.940538,359.660473,360.000000,623,6.059462,PI,FIFO,true,PI_FIFO,356.002546
6.950017,-1,15,9999.788000,17.030000,352.632993,358.606351,360.000000,626,7.367007,PI,FIFO,true,PI_FIFO,354.317770
6.960017,-1,15,10000.086000,17.116000,354.274917,357.956636,360.000000,628,5.725083,PI,FIFO,true,PI_FIFO,354.296343
6.970017,-1,15,9999.937000,17.053000,360.181120,358.290309,360.000000,628,-0.181120,PI,FIFO,true,PI_FIFO,357.238732
6.980027,-1,15,10010.268000,27.321000,358.508604,358.323053,360.000000,628,1.491396,PI,FIFO,true,PI_FIFO,357.873668
6.990017,-1,15,9989.828000,17.149000,362.062307,358.883941,360.000000,627,-2.062307,PI,FIFO,true,PI_FIFO,359.967987
7.000023,-1,15,10005.658000,22.807000,361.794501,359.320525,360.000000,626,-1.794501,PI,FIFO,true,PI_FIFO,360.881244
7.010020,-1,15,9997.382000,20.189000,362.622486,359.815819,360.000000,625,-2.622486,PI,FIFO,true,PI_FIFO,361.751865
7.020018,-1,15,9997.586000,17.775000,359.539789,359.774415,360.000000,625,0.460211,PI,FIFO,true,PI_FIFO,360.645827
7.030018,-1,15,10000.678000,18.453000,363.184401,360.285913,360.000000,624,-3.184401,PI,FIFO,true,PI_FIFO,361.915114
7.040019,-1,15,10000.214000,18.667000,361.969112,360.538393,360.000000,623,-1.969112,PI,FIFO,true,PI_FIFO,361.942113
7.050017,-1,15,9998.826000,17.493000,367.167102,361.532699,360.000000,619,-7.167102,PI,FIFO,true,PI_FIFO,364.554607
7.060018,-1,15,10000.382000,17.875000,363.020329,361.755843,360.000000,618,-3.020329,PI,FIFO,true,PI_FIFO,363.787468
7.070027,-1,15,10009.213000,27.088000,364.502333,362.167817,360.000000,616,-4.502333,PI,FIFO,true,PI_FIFO,364.144901
7.080030,-1,15,10002.752000,29.840000,358.166189,361.567573,360.000000,618,1.833811,PI,FIFO,true,PI_FIFO,361.155545
7.090017,-1,15,9987.254000,17.094000,357.824427,361.006101,360.000000,619,2.175573,PI,FIFO,true,PI_FIFO,359.489986
7.100018,-1,15,10000.474000,17.568000,352.775165,359.771460,360.000000,622,7.224835,PI,FIFO,true,PI_FIFO,356.132575
7.110025,-1,15,10007.843000,25.411000,356.554260,359.288880,360.000000,624,3.445740,PI,FIFO,true,PI_FIFO,356.343418
7.120018,-1,15,9992.864000,18.275000,353.107345,358.361650,360.000000,627,6.892655,PI,FIFO,true,PI_FIFO,354.725381
7.130017,-1,15,9998.585000,16.860000,357.045702,358.164258,360.000000,628,2.954298,PI,FIFO,true,PI_FIFO,355.885541
7.140029,-1,15,10011.954000,28.814000,359.367513,358.344746,360.000000,628,0.632487,PI,FIFO,true,PI_FIFO,357.626527
7.150025,-1,15,9996.549000,25.363000,361.132512,358.762911,360.000000,627,-1.132512,PI,FIFO,true,PI_FIFO,359.379519
7.160018,-1,15,9992.697000,18.060000,361.097737,359.113135,360.000000,626,-1.097737,PI,FIFO,true,PI_FIFO,360.238628
7.170018,-1,15,10000.122000,18.182000,361.875965,359.527559,360.000000,626,-1.875965,PI,FIFO,true,PI_FIFO,361.057297
7.180025,-1,15,10007.084000,25.266000,362.669246,359.998812,360.000000,624,-2.669246,PI,FIFO,true,PI_FIFO,361.863271
7.190022,-1,15,9996.753000,22.019000,361.132512,360.168867,360.000000,624,-1.132512,PI,FIFO,true,PI_FIFO,361.497891
7.200017,-1,15,9995.438000,17.457000,362.143892,360.465121,360.000000,623,-2.143892,PI,FIFO,true,PI_FIFO,361.820892
7.210017,-1,15,9999.751000,17.208000,363.171002,360.871003,360.000000,622,-3.171002,PI,FIFO,true,PI_FIFO,362.495947
7.220014,-1,15,9997.253000,14.461000,366.379310,361.697249,360.000000,619,-6.379310,PI,FIFO,true,PI_FIFO,364.437628
7.230017,-1,15,10002.788000,17.249000,362.622486,361.836035,360.000000,618,-2.622486,PI,FIFO,true,PI_FIFO,363.530057
7.240019,-1,15,10001.918000,19.167000,361.969112,361.855996,360.000000,617,-1.969112,PI,FIFO,true,PI_FIFO,362.749585
7.250018,-1,15,9998.880000,18.047000,359.392114,361.486414,360.000000,618,0.607886,PI,FIFO,true,PI_FIFO,361.070849
7.260017,-1,15,9998.825000,16.872000,357.313006,360.860403,360.000000,619,2.686994,PI,FIFO,true,PI_FIFO,359.191928
7.270017,-1,15,10000.065000,16.937000,351.688103,359.484558,360.000000,623,8.311897,PI,FIFO,true,PI_FIFO,355.440015
7.280035,-1,15,10018.100000,35.037000,354.945575,358.803710,360.000000,625,5.054425,PI,FIFO,true,PI_FIFO,355.192795
7.290019,-1,15,9983.975000,19.012000,352.443609,357.849695,360.000000,629,7.556391,PI,FIFO,true,PI_FIFO,353.818202
7.300017,-1,15,9998.436000,17.448000,357.460600,357.791331,360.000000,629,2.539400,PI,FIFO,true,PI_FIFO,355.639401
7.310017,-1,15,9999.270000,16.718000,358.851675,357.950382,360.000000,630,1.148325,PI,FIFO,true,PI_FIFO,357.245538
7.320017,-1,15,10000.232000,16.950000,363.184401,358.735485,360.000000,628,-3.184401,PI,FIFO,true,PI_FIFO,360.214969
7.330017,-1,15,10000.102000,17.052000,360.923965,359.063757,360.000000,627,-0.923965,PI,FIFO,true,PI_FIFO,360.569467
7.340014,-1,15,9996.974000,14.026000,363.748060,359.766403,360.000000,625,-3.748060,PI,FIFO,true,PI_FIFO,362.158764
7.350017,-1,15,10002.546000,16.572000,360.057609,359.810084,360.000000,626,-0.057609,PI,FIFO,true,PI_FIFO,361.108186
7.360014,-1,15,9997.233000,13.805000,364.691390,360.542280,360.000000,623,-4.691390,PI,FIFO,true,PI_FIFO,362.899788
7.370017,-1,15,10002.713000,16.518000,361.620058,360.703946,360.000000,623,-1.620058,PI,FIFO,true,PI_FIFO,362.259923
7.380026,-1,15,10009.712000,26.230000,366.020302,361.501400,360.000000,620,-6.020302,PI,FIFO,true,PI_FIFO,364.140112
7.390017,-1,15,9991.196000,17.426000,365.141188,362.047368,360.000000,618,-5.141188,PI,FIFO,true,PI_FIFO,364.640650
7.400017,-1,15,9999.732000,17.158000,363.748060,362.302472,360.000000,616,-3.748060,PI,FIFO,true,PI_FIFO,364.194355
7.410017,-1,15,9999.603000,16.761000,359.023456,361.810619,360.000000,617,0.976544,PI,FIFO,true,PI_FIFO,361.608906
7.420017,-1,15,10000.251000,17.012000,356.657609,361.037668,360.000000,619,3.342391,PI,FIFO,true,PI_FIFO,359.133257
7.430017,-1,15,10000.232000,17.244000,355.450237,360.199553,360.000000,621,4.549763,PI,FIFO,true,PI_FIFO,357.291747
7.440019,-1,15,10001.491000,18.735000,352.443609,359.036162,360.000000,625,7.556391,PI,FIFO,true,PI_FIFO,354.867678
7.450019,-1,15,9999.991000,18.726000,353.773585,358.246775,360.000000,627,6.226415,PI,FIFO,true,PI_FIFO,354.320631
7.460018,-1,15,9999.140000,17.866000,353.773585,357.575797,360.000000,630,6.226415,PI,FIFO,true,PI_FIFO,354.047108
7.470018,-1,15,10000.047000,17.913000,361.371145,358.145099,360.000000,629,-1.371145,PI,FIFO,true,PI_FIFO,357.709127
7.480028,-1,15,10010.027000,27.940000,358.952703,358.266239,360.000000,629,1.047297,PI,FIFO,true,PI_FIFO,358.330915
7.490017,-1,15,9989.493000,17.433000,362.569061,358.911663,360.000000,628,-2.569061,PI,FIFO,true,PI_FIFO,360.449988
7.500017,-1,15,9999.510000,16.943000,361.620058,359.317922,360.000000,627,-1.620058,PI,FIFO,true,PI_FIFO,361.035023
7.510017,-1,15,9999.935000,16.878000,364.124806,360.038954,360.000000,625,-4.124806,PI,FIFO,true,PI_FIFO,362.579914
7.520017,-1,15,10000.010000,16.888000,360.057609,360.041753,360.000000,625,-0.057609,PI,FIFO,true,PI_FIFO,361.318762
7.530017,-1,15,10000.010000,16.898000,363.559979,360.569487,360.000000,623,-3.559979,PI,FIFO,true,PI_FIFO,362.439371
7.540017,-1,15,10000.195000,17.093000,362.318841,360.831890,360.000000,622,-2.318841,PI,FIFO,true,PI_FIFO,362.379106
7.550016,-1,15,9999.066000,16.159000,366.401772,361.667372,360.000000,619,-6.401772,PI,FIFO,true,PI_FIFO,364.390439
7.560017,-1,15,10000.769000,16.928000,363.196126,361.896685,360.000000,618,-3.196126,PI,FIFO,true,PI_FIFO,363.793282
7.570017,-1,15,10000.213000,17.141000,363.936335,362.202633,360.000000,617,-3.936335,PI,FIFO,true,PI_FIFO,363.864809
7.580026,-1,15,10008.509000,25.650000,359.539789,361.803206,360.000000,617,0.460211,PI,FIFO,true,PI_FIFO,361.702299
7.590018,-1,15,9991.956000,17.606000,357.824427,361.206389,360.000000,618,2.175573,PI,FIFO,true,PI_FIFO,359.763363
7.600017,-1,15,9999.306000,16.912000,353.606789,360.066449,360.000000,622,6.393211,PI,FIFO,true,PI_FIFO,356.685076
7.610017,-1,15,9999.862000,16.774000,356.012658,359.458381,360.000000,623,3.987342,PI,FIFO,true,PI_FIFO,356.348867
7.620017,-1,15,10000.509000,17.283000,352.267034,358.379679,360.000000,627,7.732966,PI,FIFO,true,PI_FIFO,354.307951
7.630017,-1,15,9999.621000,16.904000,355.787476,357.990848,360.000000,629,4.212524,PI,FIFO,true,PI_FIFO,355.047713
7.640018,-1,15,10000.714000,17.618000,359.654731,358.240431,360.000000,628,0.345269,PI,FIFO,true,PI_FIFO,357.351222
7.650017,-1,15,9999.510000,17.128000,360.923965,358.642961,360.000000,628,-0.923965,PI,FIFO,true,PI_FIFO,359.137594
7.660017,-1,15,9999.769000,16.897000,360.378913,358.903354,360.000000,627,-0.378913,PI,FIFO,true,PI_FIFO,359.758253
7.670017,-1,15,10000.232000,17.129000,361.558530,359.301630,360.000000,626,-1.558530,PI,FIFO,true,PI_FIFO,360.658392
7.680025,-1,15,10007.527000,24.656000,361.172262,359.582225,360.000000,626,-1.172262,PI,FIFO,true,PI_FIFO,360.915327
7.690017,-1,15,9992.715000,17.371000,360.403652,359.705439,360.000000,626,-0.403652,PI,FIFO,true,PI_FIFO,360.659489
7.700017,-1,15,9999.140000,16.511000,361.689815,360.003095,360.000000,625,-1.689815,PI,FIFO,true,PI_FIFO,361.174652
7.710017,-1,15,10000.602000,17.113000,364.077670,360.614282,360.000000,623,-4.077670,PI,FIFO,true,PI_FIFO,362.626161
7.720016,-1,15,9999.158000,16.271000,368.321111,361.770306,360.000000,619,-8.321111,PI,FIFO,true,PI_FIFO,365.473636
7.730017,-1,15,10001.140000,17.411000,363.724539,362.063441,360.000000,618,-3.724539,PI,FIFO,true,PI_FIFO,364.599088
7.740017,-1,15,9999.232000,16.643000,362.435567,362.119260,360.000000,617,-2.435567,PI,FIFO,true,PI_FIFO,363.517327
7.750018,-1,15,10000.861000,17.504000,359.539789,361.732339,360.000000,617,0.460211,PI,FIFO,true,PI_FIFO,361.528558
7.760017,-1,15,9999.825000,17.329000,359.195402,361.351799,360.000000,618,0.804598,PI,FIFO,true,PI_FIFO,360.361980
7.770032,-1,15,10014.230000,31.559000,353.538154,360.179752,360.000000,621,6.461846,PI,FIFO,true,PI_FIFO,356.950067
7.780032,-1,15,10000.158000,31.717000,354.921579,359.391026,360.000000,624,5.078421,PI,FIFO,true,PI_FIFO,355.935823
7.790018,-1,15,9986.549000,18.266000,353.440151,358.498395,360.000000,627,6.559849,PI,FIFO,true,PI_FIFO,354.687987
7.800017,-1,15,9998.881000,17.147000,357.045702,358.280491,360.000000,628,2.954298,PI,FIFO,true,PI_FIFO,355.866844
7.810017,-1,15,10000.028000,17.175000,357.483317,358.160915,360.000000,628,2.516683,PI,FIFO,true,PI_FIFO,356.675081
7.820017,-1,15,10000.010000,17.185000,362.622486,358.830151,360.000000,627,-2.622486,PI,FIFO,true,PI_FIFO,359.648783
7.830017,-1,15,9999.510000,16.695000,360.403652,359.066176,360.000000,627,-0.403652,PI,FIFO,true,PI_FIFO,360.026218
7.840038,-1,15,10021.543000,38.238000,363.559979,359.740246,360.000000,625,-3.559979,PI,FIFO,true,PI_FIFO,361.793099
7.850024,-1,15,9985.809000,24.047000,359.712230,359.736044,360.000000,625,0.287770,PI,FIFO,true,PI_FIFO,360.752664
7.860018,-1,15,9993.714000,17.761000,363.372093,360.281451,360.000000,623,-3.372093,PI,FIFO,true,PI_FIFO,362.062379
7.870017,-1,15,9999.621000,17.382000,361.620058,360.482242,360.000000,623,-1.620058,PI,FIFO,true,PI_FIFO,361.841218
7.880031,-1,15,10013.119000,30.501000,365.070093,361.170420,360.000000,620,-5.070093,PI,FIFO,true,PI_FIFO,363.455656
7.890018,-1,15,9987.309000,17.810000,364.608653,361.686155,360.000000,618,-4.608653,PI,FIFO,true,PI_FIFO,364.032155
7.900018,-1,15,9999.732000,17.542000,364.880643,362.165328,360.000000,616,-4.880643,PI,FIFO,true,PI_FIFO,364.456399
7.910017,-1,15,9999.843000,17.385000,359.367513,361.745656,360.000000,617,0.632487,PI,FIFO,true,PI_FIFO,361.911956
7.920018,-1,15,10000.473000,17.858000,357.434641,361.099004,360.000000,619,2.565359,PI,FIFO,true,PI_FIFO,359.673298
7.930017,-1,15,9998.751000,16.609000,355.956336,360.327604,360.000000,621,4.043664,PI,FIFO,true,PI_FIFO,357.814817
7.940018,-1,15,10001.287000,17.896000,353.107345,359.244565,360.000000,624,6.892655,PI,FIFO,true,PI_FIFO,355.461081
7.950018,-1,15,9999.917000,17.813000,352.632993,358.252829,360.000000,627,7.367007,PI,FIFO,true,PI_FIFO,354.047037
7.960018,-1,15,10000.010000,17.823000,354.777673,357.731555,360.000000,629,5.222327,PI,FIFO,true,PI_FIFO,354.412355
7.970017,-1,15,9999.566000,17.389000,360.973597,358.217862,360.000000,628,-0.973597,PI,FIFO,true,PI_FIFO,357.692976
7.980027,-1,15,10009.212000,26.601000,358.952703,358.328088,360.000000,628,1.047297,PI,FIFO,true,PI_FIFO,358.322839
7.990017,-1,15,9990.474000,17.075000,362.368857,358.934203,360.000000,627,-2.368857,PI,FIFO,true,PI_FIFO,360.345848
8.000026,-1,15,10009.397000,26.472000,361.394558,359.303256,360.000000,626,-1.394558,PI,FIFO,true,PI_FIFO,360.870203
8.010019,-1,15,9992.512000,18.984000,363.171002,359.883418,360.000000,625,-3.171002,PI,FIFO,true,PI_FIFO,362.020602
8.020018,-1,15,9998.861000,17.845000,359.884837,359.883631,360.000000,625,0.115163,PI,FIFO,true,PI_FIFO,360.952720
8.030017,-1,15,9999.344000,17.189000,363.748060,360.463295,360.000000,623,-3.748060,PI,FIFO,true,PI_FIFO,362.350390
8.040018,-1,15,10000.713000,17.902000,362.493958,360.767895,360.000000,622,-2.493958,PI,FIFO,true,PI_FIFO,362.422174
8.050017,-1,15,9999.307000,17.209000,366.401772,361.612976,360.000000,619,-6.401772,PI,FIFO,true,PI_FIFO,364.411973
8.060017,-1,15,10000.084000,17.293000,362.844702,361.797735,360.000000,618,-2.844702,PI,FIFO,true,PI_FIFO,363.628338
8.070017,-1,15,9999.676000,16.969000,363.748060,362.090284,360.000000,617,-3.748060,PI,FIFO,true,PI_FIFO,363.688199
8.080030,-1,15,10012.564000,29.533000,359.195402,361.656052,360.000000,618,0.804598,PI,FIFO,true,PI_FIFO,361.441801
8.090018,-1,15,9988.160000,17.693000,357.434641,361.022840,360.000000,619,2.565359,PI,FIFO,true,PI_FIFO,359.438221
8.100018,-1,15,9999.954000,17.647000,353.440151,359.885437,360.000000,622,6.559849,PI,FIFO,true,PI_FIFO,356.439186
8.110026,-1,15,10007.934000,25.581000,355.832490,359.277495,360.000000,624,4.167510,PI,FIFO,true,PI_FIFO,356.135838
8.120017,-1,15,9991.919000,17.500000,351.562500,358.120245,360.000000,628,8.437500,PI,FIFO,true,PI_FIFO,353.849169
8.130017,-1,15,9999.806000,17.306000,355.450237,357.719744,360.000000,630,4.549763,PI,FIFO,true,PI_FIFO,354.649703
8.140017,-1,15,10000.121000,17.427000,358.920368,357.899838,360.000000,630,1.079632,PI,FIFO,true,PI_FIFO,356.785035
8.150017,-1,15,9999.455000,16.882000,362.844702,358.641567,360.000000,628,-2.844702,PI,FIFO,true,PI_FIFO,359.814869
8.160014,-1,15,9997.066000,13.948000,359.983544,358.842864,360.000000,628,0.016456,PI,FIFO,true,PI_FIFO,359.899206
8.170017,-1,15,10003.009000,16.957000,363.537865,359.547114,360.000000,626,-3.537865,PI,FIFO,true,PI_FIFO,361.718536
8.180023,-1,15,10006.398000,23.355000,362.970133,360.060567,360.000000,625,-2.970133,PI,FIFO,true,PI_FIFO,362.344334
8.190017,-1,15,9993.881000,17.236000,360.923965,360.190077,360.000000,625,-0.923965,PI,FIFO,true,PI_FIFO,361.634150
8.200017,-1,15,9999.954000,17.190000,361.875965,360.442960,360.000000,624,-1.875965,PI,FIFO,true,PI_FIFO,361.755057
8.210015,-1,15,9998.251000,15.441000,363.901019,360.961669,360.000000,622,-3.901019,PI,FIFO,true,PI_FIFO,362.828038
8.220018,-1,15,10002.065000,17.506000,368.128272,362.036659,360.000000,618,-8.128272,PI,FIFO,true,PI_FIFO,365.478155
8.230018,-1,15,10000.010000,17.516000,363.020329,362.184210,360.000000,617,-3.020329,PI,FIFO,true,PI_FIFO,364.249242
8.240015,-1,15,9997.306000,14.822000,362.622486,362.249951,360.000000,616,-2.622486,PI,FIFO,true,PI_FIFO,363.435864
8.250018,-1,15,10002.860000,17.682000,357.995227,361.611742,360.000000,617,2.004773,PI,FIFO,true,PI_FIFO,360.715545
8.260017,-1,15,9999.768000,17.450000,357.434641,360.985177,360.000000,619,2.565359,PI,FIFO,true,PI_FIFO,359.075093
8.270017,-1,15,9999.305000,16.755000,352.278065,359.679110,360.000000,623,7.721935,PI,FIFO,true,PI_FIFO,355.676579
8.280027,-1,15,10010.377000,27.132000,354.777673,358.943895,360.000000,625,5.222327,PI,FIFO,true,PI_FIFO,355.227126
8.290018,-1,15,9990.918000,18.050000,353.582974,358.139757,360.000000,628,6.417026,PI,FIFO,true,PI_FIFO,354.405050
8.300018,-1,15,10000.138000,18.188000,358.508604,358.195084,360.000000,628,1.491396,PI,FIFO,true,PI_FIFO,356.456827
8.310018,-1,15,9999.528000,17.716000,358.371560,358.221555,360.000000,628,1.628440,PI,FIFO,true,PI_FIFO,357.414193
8.320018,-1,15,9999.823000,17.539000,361.620058,358.731331,360.000000,627,-1.620058,PI,FIFO,true,PI_FIFO,359.517126
8.330017,-1,15,9999.435000,16.974000,361.172262,359.097470,360.000000,627,-1.172262,PI,FIFO,true,PI_FIFO,360.344694
8.340017,-1,15,9999.860000,16.834000,362.545496,359.614674,360.000000,625,-2.545496,PI,FIFO,true,PI_FIFO,361.445095
8.350017,-1,15,10000.361000,17.195000,360.576923,359.759011,360.000000,625,-0.576923,PI,FIFO,true,PI_FIFO,361.011009
8.360017,-1,15,9999.916000,17.111000,362.875683,360.226512,360.000000,624,-2.875683,PI,FIFO,true,PI_FIFO,361.943346
8.370017,-1,15,9999.453000,16.564000,361.570248,360.428073,360.000000,623,-1.570248,PI,FIFO,true,PI_FIFO,361.756797
8.380026,-1,15,10009.322000,25.886000,364.963504,361.108387,360.000000,621,-4.963504,PI,FIFO,true,PI_FIFO,363.360150
8.390017,-1,15,9991.380000,17.266000,365.449584,361.759567,360.000000,619,-5.449584,PI,FIFO,true,PI_FIFO,364.404867
8.400018,-1,15,10000.398000,17.664000,364.869505,362.226058,360.000000,616,-4.869505,PI,FIFO,true,PI_FIFO,364.637186
8.410017,-1,15,9999.712000,17.376000,359.786184,361.860077,360.000000,617,0.213816,PI,FIFO,true,PI_FIFO,362.211685
8.420017,-1,15,10000.083000,17.459000,358.680057,361.383074,360.000000,618,1.319943,PI,FIFO,true,PI_FIFO,360.445871
8.430017,-1,15,9999.916000,17.375000,356.851550,360.703345,360.000000,620,3.148450,PI,FIFO,true,PI_FIFO,358.648711
8.440017,-1,15,9999.916000,17.291000,353.773585,359.663881,360.000000,623,6.226415,PI,FIFO,true,PI_FIFO,356.211148
8.450018,-1,15,10000.546000,17.837000,352.609309,358.605695,360.000000,626,7.390691,PI,FIFO,true,PI_FIFO,354.410228
8.460017,-1,15,9999.157000,16.994000,355.113636,358.081886,360.000000,628,4.886364,PI,FIFO,true,PI_FIFO,354.761932
8.470017,-1,15,9999.768000,16.762000,360.230548,358.404186,360.000000,627,-0.230548,PI,FIFO,true,PI_FIFO,357.496240
8.480039,-1,15,10022.690000,39.452000,359.654731,358.591767,360.000000,627,0.345269,PI,FIFO,true,PI_FIFO,358.575486
8.490019,-1,15,9979.753000,19.205000,361.794501,359.072177,360.000000,626,-1.794501,PI,FIFO,true,PI_FIFO,360.184993
8.500014,-1,15,9994.676000,13.881000,361.503856,359.436929,360.000000,625,-1.503856,PI,FIFO,true,PI_FIFO,360.844425
8.510017,-1,15,10002.934000,16.815000,363.372093,360.027204,360.000000,624,-3.372093,PI,FIFO,true,PI_FIFO,362.108259
8.520018,-1,15,10001.175000,17.990000,357.629428,359.667537,360.000000,625,2.370572,PI,FIFO,true,PI_FIFO,359.868843
8.530017,-1,15,9999.472000,17.462000,363.206472,360.198378,360.000000,624,-3.206472,PI,FIFO,true,PI_FIFO,361.537658
8.540017,-1,15,9999.657000,17.119000,362.569061,360.553980,360.000000,622,-2.569061,PI,FIFO,true,PI_FIFO,362.053359
8.550042,-1,15,10024.967000,42.086000,367.286974,361.563929,360.000000,619,-7.286974,PI,FIFO,true,PI_FIFO,364.670166
8.560031,-1,15,9989.233000,31.319000,363.537865,361.860019,360.000000,618,-3.537865,PI,FIFO,true,PI_FIFO,364.104016
8.570022,-1,15,9990.714000,22.033000,363.976705,362.177522,360.000000,616,-3.976705,PI,FIFO,true,PI_FIFO,364.040361
8.580034,-1,15,10011.636000,33.669000,358.166189,361.575822,360.000000,617,1.833811,PI,FIFO,true,PI_FIFO,361.103275
8.590027,-1,15,9992.881000,26.550000,356.916244,360.876886,360.000000,619,3.083756,PI,FIFO,true,PI_FIFO,359.009759
8.600016,-1,15,9989.436000,15.986000,353.107345,359.711454,360.000000,622,6.892655,PI,FIFO,true,PI_FIFO,356.058552
8.610019,-1,15,10002.527000,18.513000,357.240065,359.340746,360.000000,623,2.759935,PI,FIFO,true,PI_FIFO,356.649309
8.620015,-1,15,9996.731000,15.244000,352.443609,358.306176,360.000000,627,7.556391,PI,FIFO,true,PI_FIFO,354.546459
8.630017,-1,15,10002.212000,17.456000,356.270358,358.000803,360.000000,628,3.729642,PI,FIFO,true,PI_FIFO,355.408409
8.640017,-1,15,9999.731000,17.187000,359.367513,358.205809,360.000000,628,0.632487,PI,FIFO,true,PI_FIFO,357.387961
8.650023,-1,15,10005.415000,22.602000,361.132512,358.644815,360.000000,627,-1.132512,PI,FIFO,true,PI_FIFO,359.260236
8.660021,-1,15,9998.824000,21.426000,361.445783,359.064960,360.000000,626,-1.445783,PI,FIFO,true,PI_FIFO,360.353010
8.670023,-1,15,10001.120000,22.546000,362.622486,359.598589,360.000000,625,-2.622486,PI,FIFO,true,PI_FIFO,361.487748
8.680039,-1,15,10016.135000,38.681000,362.318841,360.006627,360.000000,624,-2.318841,PI,FIFO,true,PI_FIFO,361.903294
8.690018,-1,15,9979.253000,17.934000,362.062307,360.314979,360.000000,623,-2.062307,PI,FIFO,true,PI_FIFO,361.982801
8.700018,-1,15,9999.657000,17.591000,362.143892,360.589316,360.000000,622,-2.143892,PI,FIFO,true,PI_FIFO,362.063346
8.710017,-1,15,9999.527000,17.118000,363.559979,361.034915,360.000000,621,-3.559979,PI,FIFO,true,PI_FIFO,362.811663
8.720018,-1,15,10000.546000,17.664000,366.568915,361.865015,360.000000,618,-6.568915,PI,FIFO,true,PI_FIFO,364.690289
8.730024,-1,15,10006.378000,24.042000,362.809598,362.006703,360.000000,617,-2.809598,PI,FIFO,true,PI_FIFO,363.749943
8.740018,-1,15,9994.213000,18.255000,361.620058,361.948706,360.000000,616,-1.620058,PI,FIFO,true,PI_FIFO,362.685001
8.750016,-1,15,9997.694000,15.949000,358.215066,361.388660,360.000000,617,1.784934,PI,FIFO,true,PI_FIFO,360.450033
8.760018,-1,15,10002.268000,18.217000,357.483317,360.802858,360.000000,619,2.516683,PI,FIFO,true,PI_FIFO,358.966675
8.770020,-1,15,10001.860000,20.077000,352.443609,359.548971,360.000000,622,7.556391,PI,FIFO,true,PI_FIFO,355.705142
8.780024,-1,15,10004.212000,24.289000,354.576399,358.803085,360.000000,625,5.423601,PI,FIFO,true,PI_FIFO,355.140771
8.790018,-1,15,9993.787000,18.076000,352.443609,357.849164,360.000000,628,7.556391,PI,FIFO,true,PI_FIFO,353.792190
8.800015,-1,15,9997.176000,15.252000,357.824427,357.845453,360.000000,629,2.175573,PI,FIFO,true,PI_FIFO,355.808309
8.810018,-1,15,10003.138000,18.390000,358.851675,357.996387,360.000000,629,1.148325,PI,FIFO,true,PI_FIFO,357.329992
8.820014,-1,15,9995.546000,13.936000,362.769486,358.712351,360.000000,627,-2.769486,PI,FIFO,true,PI_FIFO,360.049739
8.830018,-1,15,10003.564000,17.500000,361.067059,359.065558,360.000000,627,-1.067059,PI,FIFO,true,PI_FIFO,360.558399
8.840014,-1,15,9996.713000,14.213000,362.769486,359.621147,360.000000,625,-2.769486,PI,FIFO,true,PI_FIFO,361.663942
8.850019,-1,15,10004.360000,18.573000,360.750361,359.790529,360.000000,625,-0.750361,PI,FIFO,true,PI_FIFO,361.207152
8.860018,-1,15,9999.768000,18.341000,364.313472,360.468970,360.000000,623,-4.313472,PI,FIFO,true,PI_FIFO,362.760312
8.870019,-1,15,10000.305000,18.646000,361.969112,360.693992,360.000000,622,-1.969112,PI,FIFO,true,PI_FIFO,362.364712
8.880024,-1,15,10005.581000,24.227000,366.020302,361.492938,360.000000,619,-6.020302,PI,FIFO,true,PI_FIFO,364.192507
8.890019,-1,15,9994.288000,18.515000,365.675280,362.120289,360.000000,617,-5.675280,PI,FIFO,true,PI_FIFO,364.933894
8.900026,-1,15,10007.526000,26.041000,364.313472,362.449267,360.000000,615,-4.313472,PI,FIFO,true,PI_FIFO,364.623683
8.910021,-1,15,9994.898000,20.939000,359.712230,362.038711,360.000000,616,0.287770,PI,FIFO,true,PI_FIFO,362.167956
8.920018,-1,15,9997.028000,17.967000,357.460600,361.351995,360.000000,617,2.539400,PI,FIFO,true,PI_FIFO,359.814278
8.930017,-1,15,9999.323000,17.290000,356.125356,360.567999,360.000000,619,3.874644,PI,FIFO,true,PI_FIFO,357.969817
8.940018,-1,15,10000.528000,17.818000,354.155424,359.606113,360.000000,622,5.844576,PI,FIFO,true,PI_FIFO,356.062620
8.950018,-1,15,10000.138000,17.956000,353.773585,358.731233,360.000000,625,6.226415,PI,FIFO,true,PI_FIFO,354.918103
8.960018,-1,15,9999.842000,17.798000,353.773585,357.987586,360.000000,628,6.226415,PI,FIFO,true,PI_FIFO,354.345844
8.970017,-1,15,9999.268000,17.066000,359.195402,358.168759,360.000000,627,0.804598,PI,FIFO,true,PI_FIFO,356.770623
8.980029,-1,15,10011.729000,28.795000,358.737245,358.254032,360.000000,628,1.262755,PI,FIFO,true,PI_FIFO,357.753934
8.990017,-1,15,9988.214000,17.009000,361.445783,358.732794,360.000000,627,-1.445783,PI,FIFO,true,PI_FIFO,359.599859
9.000027,-1,15,10010.155000,27.164000,361.769570,359.188311,360.000000,626,-1.769570,PI,FIFO,true,PI_FIFO,360.684714
9.010022,-1,15,9995.140000,22.304000,363.041002,359.766214,360.000000,624,-3.041002,PI,FIFO,true,PI_FIFO,361.862858
9.020022,-1,15,9999.601000,21.905000,359.654731,359.749492,360.000000,625,0.345269,PI,FIFO,true,PI_FIFO,360.758795
9.030019,-1,15,9997.342000,19.247000,362.493958,360.161162,360.000000,624,-2.493958,PI,FIFO,true,PI_FIFO,361.626377
9.040018,-1,15,9998.398000,17.645000,362.622486,360.530360,360.000000,622,-2.622486,PI,FIFO,true,PI_FIFO,362.124431
9.050019,-1,15,10001.212000,18.857000,366.568915,361.436144,360.000000,619,-6.568915,PI,FIFO,true,PI_FIFO,364.346673
9.060017,-1,15,9998.157000,17.014000,362.248841,361.558048,360.000000,619,-2.248841,PI,FIFO,true,PI_FIFO,363.297757
9.070017,-1,15,10000.157000,17.171000,364.785992,362.042240,360.000000,616,-4.785992,PI,FIFO,true,PI_FIFO,364.041875
9.080026,-1,15,10009.100000,26.271000,358.606557,361.526887,360.000000,617,1.393443,PI,FIFO,true,PI_FIFO,361.324216
9.090018,-1,15,9991.714000,17.985000,357.483317,360.920352,360.000000,619,2.516683,PI,FIFO,true,PI_FIFO,359.403767
9.100017,-1,15,9999.268000,17.253000,353.506787,359.808317,360.000000,622,6.493213,PI,FIFO,true,PI_FIFO,356.455277
9.110025,-1,15,10008.063000,25.316000,355.618777,359.179886,360.000000,624,4.381223,PI,FIFO,true,PI_FIFO,356.037027
9.120019,-1,15,9993.232000,18.548000,353.773585,358.368941,360.000000,627,6.226415,PI,FIFO,true,PI_FIFO,354.905306
9.130018,-1,15,9998.990000,17.538000,356.972870,358.159530,360.000000,628,3.027130,PI,FIFO,true,PI_FIFO,355.939088
9.140017,-1,15,9999.786000,17.324000,359.023456,358.289119,360.000000,628,0.976544,PI,FIFO,true,PI_FIFO,357.481272
9.150018,-1,15,10000.379000,17.703000,362.622486,358.939124,360.000000,626,-2.622486,PI,FIFO,true,PI_FIFO,360.051879
9.160018,-1,15,10000.379000,18.082000,360.230548,359.132838,360.000000,626,-0.230548,PI,FIFO,true,PI_FIFO,360.141213
9.170018,-1,15,9999.583000,17.665000,361.371145,359.468584,360.000000,626,-1.371145,PI,FIFO,true,PI_FIFO,360.756179
9.180027,-1,15,10009.600000,27.265000,362.493958,359.922390,360.000000,624,-2.493958,PI,FIFO,true,PI_FIFO,361.625069
9.190029,-1,15,10001.971000,29.236000,362.062307,360.243378,360.000000,624,-2.062307,PI,FIFO,true,PI_FIFO,361.843688
9.200019,-1,15,9990.233000,19.469000,362.318841,360.554697,360.000000,623,-2.318841,PI,FIFO,true,PI_FIFO,362.081264
9.210028,-1,15,10008.822000,28.291000,363.748060,361.033701,360.000000,621,-3.748060,PI,FIFO,true,PI_FIFO,362.914662
9.220019,-1,15,9991.066000,19.357000,367.223502,361.962172,360.000000,617,-7.223502,PI,FIFO,true,PI_FIFO,365.069082
9.230018,-1,15,9998.249000,17.606000,362.168874,361.993177,360.000000,617,-2.168874,PI,FIFO,true,PI_FIFO,363.618978
9.240018,-1,15,10000.471000,18.077000,361.271676,361.884952,360.000000,617,-1.271676,PI,FIFO,true,PI_FIFO,362.445327
9.250031,-1,15,10013.153000,31.230000,358.737245,361.412796,360.000000,617,1.262755,PI,FIFO,true,PI_FIFO,360.591286
9.260031,-1,15,9999.971000,31.201000,356.916244,360.738313,360.000000,619,3.083756,PI,FIFO,true,PI_FIFO,358.753765
9.270033,-1,15,10001.952000,33.153000,352.443609,359.494107,360.000000,623,7.556391,PI,FIFO,true,PI_FIFO,355.598687
9.280035,-1,15,10001.414000,34.567000,354.729730,358.779451,360.000000,625,5.270270,PI,FIFO,true,PI_FIFO,355.164208
9.290020,-1,15,9985.603000,20.170000,353.107345,357.928635,360.000000,628,6.892655,PI,FIFO,true,PI_FIFO,354.135776
9.300018,-1,15,9997.785000,17.955000,357.240065,357.825349,360.000000,629,2.759935,PI,FIFO,true,PI_FIFO,355.687921
9.310020,-1,15,10001.693000,19.648000,358.952703,357.994452,360.000000,629,1.047297,PI,FIFO,true,PI_FIFO,357.320312
9.320018,-1,15,9998.563000,18.211000,363.976705,358.891790,360.000000,627,-3.976705,PI,FIFO,true,PI_FIFO,360.648509
9.330019,-1,15,10000.618000,18.829000,360.750361,359.170576,360.000000,626,-0.750361,PI,FIFO,true,PI_FIFO,360.699435
9.340021,-1,15,10001.952000,20.781000,362.809598,359.716429,360.000000,625,-2.809598,PI,FIFO,true,PI_FIFO,361.754516
9.350018,-1,15,9997.508000,18.289000,360.576923,359.845503,360.000000,625,-0.576923,PI,FIFO,true,PI_FIFO,361.165720
9.360019,-1,15,10000.618000,18.907000,363.020329,360.321727,360.000000,623,-3.020329,PI,FIFO,true,PI_FIFO,362.093024
9.370018,-1,15,9999.452000,18.359000,361.503856,360.499046,360.000000,623,-1.503856,PI,FIFO,true,PI_FIFO,361.798440
9.380027,-1,15,10008.488000,26.847000,365.497076,361.248751,360.000000,620,-5.497076,PI,FIFO,true,PI_FIFO,363.647758
9.390021,-1,15,9994.101000,20.948000,364.880643,361.793535,360.000000,618,-4.880643,PI,FIFO,true,PI_FIFO,364.264201
9.400019,-1,15,9998.230000,19.178000,364.254492,362.162678,360.000000,616,-4.254492,PI,FIFO,true,PI_FIFO,364.259347
9.410018,-1,15,9998.952000,18.130000,358.188996,361.566626,360.000000,618,1.811004,PI,FIFO,true,PI_FIFO,361.224172
9.420017,-1,15,9999.174000,17.304000,357.313006,360.928583,360.000000,619,2.686994,PI,FIFO,true,PI_FIFO,359.268589
9.430023,-1,15,10005.637000,22.941000,356.077048,360.200853,360.000000,621,3.922952,PI,FIFO,true,PI_FIFO,357.672819
9.440019,-1,15,9995.767000,18.708000,353.773585,359.236763,360.000000,624,6.226415,PI,FIFO,true,PI_FIFO,355.723202
9.450026,-1,15,10006.951000,25.659000,353.012372,358.303104,360.000000,627,6.987628,PI,FIFO,true,PI_FIFO,354.367787
9.460016,-1,15,9990.361000,16.020000,355.450237,357.875174,360.000000,629,4.549763,PI,FIFO,true,PI_FIFO,354.909012
9.470018,-1,15,10002.173000,18.193000,360.392107,358.252714,360.000000,628,-0.392107,PI,FIFO,true,PI_FIFO,357.650559
9.480023,-1,15,10004.581000,22.774000,359.195402,358.394117,360.000000,628,0.804598,PI,FIFO,true,PI_FIFO,358.422981
9.490017,-1,15,9994.249000,17.023000,361.969112,358.930366,360.000000,627,-1.969112,PI,FIFO,true,PI_FIFO,360.196046
9.500019,-1,15,10002.137000,19.160000,361.722651,359.349209,360.000000,626,-1.722651,PI,FIFO,true,PI_FIFO,360.959349
9.510018,-1,15,9999.174000,18.334000,362.569061,359.832187,360.000000,625,-2.569061,PI,FIFO,true,PI_FIFO,361.764205
9.520018,-1,15,9999.804000,18.138000,360.057609,359.866000,360.000000,625,-0.057609,PI,FIFO,true,PI_FIFO,360.910907
9.530016,-1,15,9997.490000,15.628000,362.809598,360.307540,360.000000,624,-2.809598,PI,FIFO,true,PI_FIFO,361.860252
9.540018,-1,15,10002.729000,18.357000,363.196126,360.740828,360.000000,623,-3.196126,PI,FIFO,true,PI_FIFO,362.528189
9.550018,-1,15,9999.915000,18.272000,366.401772,361.589969,360.000000,620,-6.401772,PI,FIFO,true,PI_FIFO,364.464980
9.560017,-1,15,9999.118000,17.390000,363.372093,361.857288,360.000000,618,-3.372093,PI,FIFO,true,PI_FIFO,363.918537
9.570017,-1,15,9999.656000,17.046000,364.785992,362.296594,360.000000,616,-4.785992,PI,FIFO,true,PI_FIFO,364.352264
9.580027,-1,15,10010.228000,27.274000,358.737245,361.762691,360.000000,617,1.262755,PI,FIFO,true,PI_FIFO,361.544755
9.590017,-1,15,9989.602000,16.876000,359.023456,361.351806,360.000000,618,0.976544,PI,FIFO,true,PI_FIFO,360.284105
9.600014,-1,15,9997.323000,14.199000,353.582974,360.186481,360.000000,621,6.417026,PI,FIFO,true,PI_FIFO,356.933540
9.610018,-1,15,10004.044000,18.243000,355.450237,359.476045,360.000000,623,4.549763,PI,FIFO,true,PI_FIFO,356.191888
9.620019,-1,15,10000.674000,18.917000,352.632993,358.449587,360.000000,627,7.367007,PI,FIFO,true,PI_FIFO,354.412441
9.630016,-1,15,9996.767000,15.684000,356.463878,358.151731,360.000000,628,3.536122,PI,FIFO,true,PI_FIFO,355.438160
9.640018,-1,15,10001.933000,17.617000,358.920368,358.267026,360.000000,628,1.079632,PI,FIFO,true,PI_FIFO,357.179264
9.650023,-1,15,10005.784000,23.401000,361.097737,358.691633,360.000000,627,-1.097737,PI,FIFO,true,PI_FIFO,359.138500
9.660022,-1,15,9998.119000,21.520000,359.589041,358.826244,360.000000,627,0.410959,PI,FIFO,true,PI_FIFO,359.363771
9.670022,-1,15,10000.508000,22.028000,360.576923,359.088846,360.000000,627,-0.576923,PI,FIFO,true,PI_FIFO,359.970347
9.680033,-1,15,10010.746000,32.774000,361.769570,359.490954,360.000000,626,-1.769570,PI,FIFO,true,PI_FIFO,360.869958
9.690019,-1,15,9985.936000,18.710000,360.903533,359.702841,360.000000,626,-0.903533,PI,FIFO,true,PI_FIFO,360.886746
9.700017,-1,15,9998.693000,17.403000,360.775151,359.863688,360.000000,625,-0.775151,PI,FIFO,true,PI_FIFO,360.830948
9.710018,-1,15,10000.155000,17.558000,364.036090,360.489548,360.000000,623,-4.036090,PI,FIFO,true,PI_FIFO,362.433519
9.720018,-1,15,10000.156000,17.714000,368.265993,361.656015,360.000000,619,-8.265993,PI,FIFO,true,PI_FIFO,365.349756
9.730018,-1,15,10000.341000,18.055000,363.372093,361.913427,360.000000,618,-3.372093,PI,FIFO,true,PI_FIFO,364.360925
9.740017,-1,15,9999.137000,17.192000,362.769486,362.041835,360.000000,617,-2.769486,PI,FIFO,true,PI_FIFO,363.565205
9.750018,-1,15,10000.322000,17.514000,357.824427,361.409224,360.000000,619,2.175573,PI,FIFO,true,PI_FIFO,360.694816
9.760016,-1,15,9998.804000,16.318000,357.460600,360.816931,360.000000,620,2.539400,PI,FIFO,true,PI_FIFO,359.077708
9.770017,-1,15,10000.544000,16.862000,352.090636,359.507986,360.000000,624,7.909364,PI,FIFO,true,PI_FIFO,355.584172
9.780023,-1,15,10006.581000,23.443000,354.934377,358.821945,360.000000,626,5.065623,PI,FIFO,true,PI_FIFO,355.259274
9.790017,-1,15,9993.694000,17.137000,353.940538,358.089734,360.000000,629,6.059462,PI,FIFO,true,PI_FIFO,354.599906
9.800017,-1,15,10000.118000,17.255000,358.680057,358.178282,360.000000,629,1.319943,PI,FIFO,true,PI_FIFO,356.639982
9.810017,-1,15,9999.489000,16.744000,357.824427,358.125204,360.000000,630,2.175573,PI,FIFO,true,PI_FIFO,357.232205
9.820017,-1,15,10000.119000,16.863000,363.020329,358.859473,360.000000,628,-3.020329,PI,FIFO,true,PI_FIFO,360.126267
9.830018,-1,15,10000.915000,17.778000,360.947125,359.172621,360.000000,627,-0.947125,PI,FIFO,true,PI_FIFO,360.536696
9.840017,-1,15,9999.489000,17.267000,363.548231,359.828962,360.000000,626,-3.548231,PI,FIFO,true,PI_FIFO,362.042463
9.850018,-1,15,10000.988000,18.255000,361.132512,360.024495,360.000000,625,-1.132512,PI,FIFO,true,PI_FIFO,361.587487
9.860021,-1,15,10002.933000,21.188000,364.254492,360.658994,360.000000,623,-4.254492,PI,FIFO,true,PI_FIFO,362.920990
9.870024,-1,15,10002.433000,23.621000,361.875965,360.841540,360.000000,623,-1.875965,PI,FIFO,true,PI_FIFO,362.398477
9.880024,-1,15,10000.804000,24.425000,365.141188,361.486487,360.000000,620,-5.141188,PI,FIFO,true,PI_FIFO,363.769833
9.890030,-1,15,10005.599000,30.024000,365.449584,362.080952,360.000000,618,-5.449584,PI,FIFO,true,PI_FIFO,364.609708
9.900023,-1,15,9992.713000,22.737000,364.202468,362.399179,360.000000,616,-4.202468,PI,FIFO,true,PI_FIFO,364.406088
9.910021,-1,15,9998.193000,20.930000,358.998906,361.889138,360.000000,617,1.001094,PI,FIFO,true,PI_FIFO,361.702497
9.920021,-1,15,10000.044000,20.974000,357.653791,361.253836,360.000000,618,2.346209,PI,FIFO,true,PI_FIFO,359.678144
9.930021,-1,15,10000.267000,21.241000,355.113636,360.332806,360.000000,621,4.886364,PI,FIFO,true,PI_FIFO,357.395890
9.940021,-1,15,9999.378000,20.619000,353.273669,359.273936,360.000000,624,6.726331,PI,FIFO,true,PI_FIFO,355.334780
9.950021,-1,15,10000.229000,20.848000,352.267034,358.222900,360.000000,627,7.732966,PI,FIFO,true,PI_FIFO,353.800907
9.960035,-1,15,10013.969000,34.817000,354.921579,357.727702,360.000000,629,5.078421,PI,FIFO,true,PI_FIFO,354.361243
9.970033,-1,15,9997.841000,32.658000,359.925474,358.057368,360.000000,629,0.074526,PI,FIFO,true,PI_FIFO,357.143359
9.980035,-1,15,10002.229000,34.887000,358.606557,358.139746,360.000000,629,1.393443,PI,FIFO,true,PI_FIFO,357.874958
9.990021,-1,15,9986.028000,20.915000,362.143892,358.740368,360.000000,628,-2.143892,PI,FIFO,true,PI_FIFO,360.009425
10.000024,-1,15,10003.248000,24.163000,361.318088,359.127026,360.000000,627,-1.318088,PI,FIFO,true,PI_FIFO,360.663757
10.010020,-1,15,9995.990000,20.153000,362.493958,359.632066,360.000000,626,-2.493958,PI,FIFO,true,PI_FIFO,361.578858
10.020019,-1,15,9998.841000,18.994000,358.606557,359.478240,360.000000,627,1.393443,PI,FIFO,true,PI_FIFO,360.092707
10.030016,-1,15,9997.433000,16.427000,363.537865,360.087184,360.000000,625,-3.537865,PI,FIFO,true,PI_FIFO,361.815286
10.040015,-1,15,9998.749000,15.176000,363.548231,360.606341,360.000000,624,-3.548231,PI,FIFO,true,PI_FIFO,362.681758
10.050017,-1,15,10001.711000,16.887000,367.743201,361.676870,360.000000,620,-7.743201,PI,FIFO,true,PI_FIFO,365.212480
10.060016,-1,15,9998.841000,15.728000,364.077670,362.036990,360.000000,618,-4.077670,PI,FIFO,true,PI_FIFO,364.645075
10.070015,-1,15,9999.526000,15.254000,363.573407,362.267452,360.000000,617,-3.573407,PI,FIFO,true,PI_FIFO,364.109241
10.080023,-1,15,10007.913000,23.167000,359.195402,361.806645,360.000000,618,0.804598,PI,FIFO,true,PI_FIFO,361.652322
10.090019,-1,15,9995.342000,18.509000,358.166189,361.260576,360.000000,619,1.833811,PI,FIFO,true,PI_FIFO,359.909255
10.100017,-1,15,9998.767000,17.276000,353.012372,360.023346,360.000000,623,6.987628,PI,FIFO,true,PI_FIFO,356.460814
10.110018,-1,15,10000.804000,18.080000,355.618777,359.362660,360.000000,624,4.381223,PI,FIFO,true,PI_FIFO,356.039795
10.120018,-1,15,9999.526000,17.606000,352.443609,358.324803,360.000000,628,7.556391,PI,FIFO,true,PI_FIFO,354.241702
10.130017,-1,15,9999.600000,17.206000,356.125356,357.994886,360.000000,629,3.874644,PI,FIFO,true,PI_FIFO,355.183529
10.140014,-1,15,9996.730000,13.936000,358.737245,358.106240,360.000000,629,1.262755,PI,FIFO,true,PI_FIFO,356.960387
10.150017,-1,15,10003.081000,17.017000,361.794501,358.659479,360.000000,628,-1.794501,PI,FIFO,true,PI_FIFO,359.377444
10.160014,-1,15,9996.767000,13.784000,360.947125,359.002626,360.000000,628,-0.947125,PI,FIFO,true,PI_FIFO,360.162285
10.170028,-1,15,10014.394000,28.178000,361.794501,359.421407,360.000000,627,-1.794501,PI,FIFO,true,PI_FIFO,360.978393
10.180026,-1,15,9997.786000,25.964000,362.809598,359.929636,360.000000,625,-2.809598,PI,FIFO,true,PI_FIFO,361.893995
10.190019,-1,15,9992.620000,18.584000,362.143892,360.261774,360.000000,625,-2.143892,PI,FIFO,true,PI_FIFO,362.018943
10.200015,-1,15,9996.767000,15.351000,361.172262,360.398347,360.000000,624,-1.172262,PI,FIFO,true,PI_FIFO,361.595603
10.210017,-1,15,10001.804000,17.155000,363.372093,360.844409,360.000000,623,-3.372093,PI,FIFO,true,PI_FIFO,362.483848
10.220017,-1,15,10000.118000,17.273000,368.321111,361.965914,360.000000,619,-8.321111,PI,FIFO,true,PI_FIFO,365.402479
10.230017,-1,15,9999.804000,17.077000,363.548231,362.203262,360.000000,617,-3.548231,PI,FIFO,true,PI_FIFO,364.475355
10.240017,-1,15,9999.932000,17.009000,362.248841,362.210099,360.000000,617,-2.248841,PI,FIFO,true,PI_FIFO,363.362098
10.250025,-1,15,10007.913000,24.922000,358.337315,361.629181,360.000000,618,1.662685,PI,FIFO,true,PI_FIFO,360.849706
10.260016,-1,15,9991.119000,16.041000,357.629428,361.029218,360.000000,619,2.370572,PI,FIFO,true,PI_FIFO,359.239567
10.270026,-1,15,10009.542000,25.583000,352.443609,359.741377,360.000000,623,7.556391,PI,FIFO,true,PI_FIFO,355.841588
10.280024,-1,15,9998.839000,24.422000,354.538088,358.960883,360.000000,625,5.461912,PI,FIFO,true,PI_FIFO,355.189838
10.290016,-1,15,9991.545000,15.967000,353.773585,358.182789,360.000000,628,6.226415,PI,FIFO,true,PI_FIFO,354.481711
10.300018,-1,15,10002.025000,17.992000,358.737245,358.265957,360.000000,628,1.262755,PI,FIFO,true,PI_FIFO,356.609478
10.310018,-1,15,9999.821000,17.813000,357.313006,358.123014,360.000000,629,2.686994,PI,FIFO,true,PI_FIFO,356.961242
10.320017,-1,15,9999.488000,17.301000,361.969112,358.699929,360.000000,628,-1.969112,PI,FIFO,true,PI_FIFO,359.465177
10.330017,-1,15,9999.617000,16.918000,360.230548,358.929522,360.000000,628,-0.230548,PI,FIFO,true,PI_FIFO,359.847862
10.340018,-1,15,10001.228000,18.146000,362.622486,359.483466,360.000000,626,-2.622486,PI,FIFO,true,PI_FIFO,361.235174
10.350017,-1,15,9998.785000,16.931000,360.403652,359.621494,360.000000,626,-0.403652,PI,FIFO,true,PI_FIFO,360.819413
10.360017,-1,15,10000.506000,17.437000,363.372093,360.184084,360.000000,625,-3.372093,PI,FIFO,true,PI_FIFO,362.095753
10.370023,-1,15,10005.468000,22.905000,361.875965,360.437866,360.000000,624,-1.875965,PI,FIFO,true,PI_FIFO,361.985859
10.380028,-1,15,10005.376000,28.281000,365.853659,361.250235,360.000000,621,-5.853659,PI,FIFO,true,PI_FIFO,363.919759
10.390018,-1,15,9989.915000,18.196000,365.070093,361.823214,360.000000,619,-5.070093,PI,FIFO,true,PI_FIFO,364.494926
10.400018,-1,15,9999.470000,17.666000,364.785992,362.267631,360.000000,617,-4.785992,PI,FIFO,true,PI_FIFO,364.640459
10.410017,-1,15,9999.599000,17.265000,358.737245,361.738073,360.000000,618,1.262755,PI,FIFO,true,PI_FIFO,361.688852
10.420017,-1,15,9999.691000,16.956000,358.680057,361.279370,360.000000,619,1.319943,PI,FIFO,true,PI_FIFO,360.184455
10.430017,-1,15,9999.710000,16.666000,356.077048,360.499022,360.000000,621,3.922952,PI,FIFO,true,PI_FIFO,358.130752
10.440017,-1,15,10000.155000,16.821000,354.107649,359.540316,360.000000,624,5.892351,PI,FIFO,true,PI_FIFO,356.119200
10.450017,-1,15,10000.525000,17.346000,353.582974,358.646715,360.000000,626,6.417026,PI,FIFO,true,PI_FIFO,354.851087
10.460017,-1,15,9999.950000,17.296000,354.107649,357.965855,360.000000,629,5.892351,PI,FIFO,true,PI_FIFO,354.479368
10.470017,-1,15,9999.562000,16.858000,360.576923,358.357515,360.000000,628,-0.576923,PI,FIFO,true,PI_FIFO,357.528146
10.480032,-1,15,10015.041000,31.899000,358.851675,358.431639,360.000000,628,1.148325,PI,FIFO,true,PI_FIFO,358.189910
10.490017,-1,15,9984.879000,16.778000,362.435567,359.032228,360.000000,627,-2.435567,PI,FIFO,true,PI_FIFO,360.312739
10.500018,-1,15,10001.451000,18.229000,361.445783,359.394261,360.000000,626,-1.445783,PI,FIFO,true,PI_FIFO,360.879261
10.510018,-1,15,9999.951000,18.180000,363.573407,360.021133,360.000000,625,-3.573407,PI,FIFO,true,PI_FIFO,362.226334
10.520018,-1,15,9999.358000,17.538000,359.195402,359.897274,360.000000,625,0.804598,PI,FIFO,true,PI_FIFO,360.710868
10.530018,-1,15,10000.099000,17.637000,363.372093,360.418497,360.000000,624,-3.372093,PI,FIFO,true,PI_FIFO,362.041481
10.540017,-1,15,9999.469000,17.106000,362.669246,360.756109,360.000000,622,-2.669246,PI,FIFO,true,PI_FIFO,362.355363
10.550017,-1,15,10000.006000,17.112000,366.885359,361.675496,360.000000,619,-6.885359,PI,FIFO,true,PI_FIFO,364.620361
10.560017,-1,15,10000.321000,17.433000,362.569061,361.809531,360.000000,618,-2.569061,PI,FIFO,true,PI_FIFO,363.594711
10.570017,-1,15,9999.451000,16.884000,362.545496,361.919926,360.000000,617,-2.545496,PI,FIFO,true,PI_FIFO,363.070103
10.580025,-1,15,10007.653000,24.537000,357.824427,361.305601,360.000000,619,2.175573,PI,FIFO,true,PI_FIFO,360.447265
10.590028,-1,15,10003.451000,27.988000,355.618777,360.452577,360.000000,621,4.381223,PI,FIFO,true,PI_FIFO,358.033021
10.600015,-1,15,9987.508000,15.496000,352.065451,359.194508,360.000000,625,7.934549,PI,FIFO,true,PI_FIFO,355.049236
10.610018,-1,15,10002.487000,17.983000,355.281857,358.607611,360.000000,627,4.718143,PI,FIFO,true,PI_FIFO,355.165546
10.620014,-1,15,9996.266000,14.249000,352.443609,357.683010,360.000000,630,7.556391,PI,FIFO,true,PI_FIFO,353.804578
10.630017,-1,15,10003.062000,17.311000,357.313006,357.627510,360.000000,631,2.686994,PI,FIFO,true,PI_FIFO,355.558792
10.640018,-1,15,10000.265000,17.576000,359.654731,357.931593,360.000000,631,0.345269,PI,FIFO,true,PI_FIFO,357.606762
10.650018,-1,15,10000.747000,18.323000,361.969112,358.537221,360.000000,629,-1.969112,PI,FIFO,true,PI_FIFO,359.787937
10.660037,-1,15,10018.578000,36.901000,361.875965,359.038033,360.000000,628,-1.875965,PI,FIFO,true,PI_FIFO,360.831951
10.670020,-1,15,9983.490000,20.391000,361.875965,359.463722,360.000000,628,-1.875965,PI,FIFO,true,PI_FIFO,361.353958
10.680030,-1,15,10009.709000,30.100000,364.077670,360.155815,360.000000,626,-4.077670,PI,FIFO,true,PI_FIFO,362.715814
10.690026,-1,15,9995.784000,25.884000,361.318088,360.330156,360.000000,625,-1.318088,PI,FIFO,true,PI_FIFO,362.016951
10.700019,-1,15,9993.119000,19.003000,362.669246,360.681019,360.000000,624,-2.669246,PI,FIFO,true,PI_FIFO,362.343098
10.710018,-1,15,9999.043000,18.046000,363.936335,361.169317,360.000000,622,-3.936335,PI,FIFO,true,PI_FIFO,363.139717
10.720017,-1,15,9998.840000,16.886000,367.054353,362.052072,360.000000,619,-7.054353,PI,FIFO,true,PI_FIFO,365.097035
10.730018,-1,15,10001.451000,18.337000,362.970133,362.189781,360.000000,618,-2.970133,PI,FIFO,true,PI_FIFO,364.033584
10.740019,-1,15,10000.691000,19.028000,362.844702,362.288019,360.000000,617,-2.844702,PI,FIFO,true,PI_FIFO,363.439143
10.750018,-1,15,9998.932000,17.960000,359.287174,361.837893,360.000000,618,0.712826,PI,FIFO,true,PI_FIFO,361.363159
10.760018,-1,15,9999.581000,17.541000,358.166189,361.287137,360.000000,619,1.833811,PI,FIFO,true,PI_FIFO,359.764674
10.770017,-1,15,9999.636000,17.177000,352.822581,360.017454,360.000000,622,7.177419,PI,FIFO,true,PI_FIFO,356.293627
10.780025,-1,15,10007.357000,24.534000,354.609929,359.206325,360.000000,625,5.390071,PI,FIFO,true,PI_FIFO,355.451778
10.790022,-1,15,9997.414000,21.948000,353.862607,358.404767,360.000000,627,6.137393,PI,FIFO,true,PI_FIFO,354.657193
10.800015,-1,15,9993.359000,15.307000,358.851675,358.471803,360.000000,627,1.148325,PI,FIFO,true,PI_FIFO,356.754434
10.810019,-1,15,10003.247000,18.554000,357.629428,358.345447,360.000000,628,2.370572,PI,FIFO,true,PI_FIFO,357.191931
10.820015,-1,15,9996.099000,14.653000,361.620058,358.836639,360.000000,627,-1.620058,PI,FIFO,true,PI_FIFO,359.405994
10.830026,-1,15,10011.116000,25.769000,360.207480,359.042265,360.000000,627,-0.207480,PI,FIFO,true,PI_FIFO,359.806737
10.840020,-1,15,9994.063000,19.832000,361.445783,359.402793,360.000000,626,-1.445783,PI,FIFO,true,PI_FIFO,360.626260
10.850023,-1,15,10002.746000,22.578000,359.392114,359.401191,360.000000,627,0.607886,PI,FIFO,true,PI_FIFO,360.009187
10.860017,-1,15,9994.600000,17.178000,361.722651,359.749410,360.000000,626,-1.722651,PI,FIFO,true,PI_FIFO,360.865919
10.870019,-1,15,10001.562000,18.740000,361.097737,359.951659,360.000000,625,-1.097737,PI,FIFO,true,PI_FIFO,360.981828
10.880028,-1,15,10009.690000,28.430000,365.802676,360.829311,360.000000,623,-5.802676,PI,FIFO,true,PI_FIFO,363.392252
10.890020,-1,15,9991.915000,20.345000,365.203941,361.485506,360.000000,620,-5.203941,PI,FIFO,true,PI_FIFO,364.298097
10.900018,-1,15,9997.469000,17.814000,365.449584,362.080118,360.000000,618,-5.449584,PI,FIFO,true,PI_FIFO,364.873840
10.910018,-1,15,10000.358000,18.172000,359.712230,361.724935,360.000000,618,0.287770,PI,FIFO,true,PI_FIFO,362.293035
10.920017,-1,15,9998.970000,17.142000,357.240065,361.052204,360.000000,620,2.759935,PI,FIFO,true,PI_FIFO,359.766550
10.930017,-1,15,10000.099000,17.241000,355.787476,360.262495,360.000000,622,4.212524,PI,FIFO,true,PI_FIFO,357.777013
10.940017,-1,15,10000.117000,17.358000,355.293077,359.517082,360.000000,624,4.706923,PI,FIFO,true,PI_FIFO,356.535045
10.950017,-1,15,9999.562000,16.920000,353.329146,358.588892,360.000000,627,6.670854,PI,FIFO,true,PI_FIFO,354.932096
10.960017,-1,15,9999.969000,16.889000,355.113636,358.067603,360.000000,629,4.886364,PI,FIFO,true,PI_FIFO,355.022866
10.970019,-1,15,10001.914000,18.803000,359.884837,358.340189,360.000000,629,0.115163,PI,FIFO,true,PI_FIFO,357.453851
10.980028,-1,15,10009.338000,28.141000,359.392114,358.497977,360.000000,629,0.607886,PI,FIFO,true,PI_FIFO,358.422983
10.990018,-1,15,9989.823000,17.964000,361.969112,359.018648,360.000000,628,-1.969112,PI,FIFO,true,PI_FIFO,360.196047
11.000028,-1,15,10010.393000,28.357000,361.503856,359.391429,360.000000,627,-1.503856,PI,FIFO,true,PI_FIFO,360.849952
11.010020,-1,15,9991.360000,19.717000,363.548231,360.014949,360.000000,625,-3.548231,PI,FIFO,true,PI_FIFO,362.199091
11.020017,-1,15,9997.599000,17.316000,359.470859,359.933336,360.000000,626,0.529141,PI,FIFO,true,PI_FIFO,360.834975
11.030019,-1,15,10001.247000,18.563000,363.196126,360.422754,360.000000,624,-3.196126,PI,FIFO,true,PI_FIFO,362.015550
11.040018,-1,15,9999.191000,17.754000,362.435567,360.724676,360.000000,623,-2.435567,PI,FIFO,true,PI_FIFO,362.225559
11.050019,-1,15,10000.858000,18.612000,366.568915,361.601312,360.000000,620,-6.568915,PI,FIFO,true,PI_FIFO,364.397237
11.060017,-1,15,9998.137000,16.749000,362.622486,361.754488,360.000000,619,-2.622486,PI,FIFO,true,PI_FIFO,363.509861
11.070017,-1,15,10000.339000,17.088000,364.608653,362.182613,360.000000,617,-4.608653,PI,FIFO,true,PI_FIFO,364.059257
11.080026,-1,15,10009.394000,26.482000,358.920368,361.693276,360.000000,618,1.079632,PI,FIFO,true,PI_FIFO,361.489812
11.090023,-1,15,9996.433000,22.915000,357.824427,361.112949,360.000000,620,2.175573,PI,FIFO,true,PI_FIFO,359.657120
11.100021,-1,15,9998.025000,20.940000,353.202368,359.926362,360.000000,623,6.797632,PI,FIFO,true,PI_FIFO,356.429744
11.110029,-1,15,10008.357000,29.297000,355.618777,359.280224,360.000000,625,4.381223,PI,FIFO,true,PI_FIFO,356.024260
11.120018,-1,15,9989.026000,18.323000,352.797291,358.307784,360.000000,628,7.202709,PI,FIFO,true,PI_FIFO,354.410775
11.130018,-1,15,10000.007000,18.330000,356.803045,358.082073,360.000000,629,3.196955,PI,FIFO,true,PI_FIFO,355.606910
11.140018,-1,15,9999.506000,17.836000,359.983544,358.367294,360.000000,629,0.016456,PI,FIFO,true,PI_FIFO,357.795227
11.150018,-1,15,9999.710000,17.546000,361.271676,358.802951,360.000000,628,-1.271676,PI,FIFO,true,PI_FIFO,359.533452
11.160017,-1,15,9999.766000,17.312000,360.392107,359.041324,360.000000,628,-0.392107,PI,FIFO,true,PI_FIFO,359.962779
11.170017,-1,15,9999.562000,16.874000,361.794501,359.454301,360.000000,627,-1.794501,PI,FIFO,true,PI_FIFO,360.878640
11.180029,-1,15,10012.282000,29.156000,361.969112,359.831522,360.000000,626,-1.969112,PI,FIFO,true,PI_FIFO,361.423876
11.190018,-1,15,9988.804000,17.960000,362.622486,360.250167,360.000000,625,-2.622486,PI,FIFO,true,PI_FIFO,362.023181
11.200018,-1,15,10000.136000,18.096000,362.143892,360.534226,360.000000,624,-2.143892,PI,FIFO,true,PI_FIFO,362.083536
11.210017,-1,15,9999.062000,17.158000,365.070093,361.214606,360.000000,621,-5.070093,PI,FIFO,true,PI_FIFO,363.576815
11.220017,-1,15,9999.877000,17.035000,367.286974,362.125461,360.000000,618,-7.286974,PI,FIFO,true,PI_FIFO,365.431894
11.230017,-1,15,9999.802000,16.837000,363.184401,362.284302,360.000000,617,-3.184401,PI,FIFO,true,PI_FIFO,364.308148
11.240017,-1,15,10000.117000,16.954000,361.271676,362.132408,360.000000,617,-1.271676,PI,FIFO,true,PI_FIFO,362.789912
11.250019,-1,15,10002.153000,19.107000,358.410705,361.574153,360.000000,618,1.589295,PI,FIFO,true,PI_FIFO,360.600308
11.260014,-1,15,9995.228000,14.335000,357.483317,360.960527,360.000000,619,2.516683,PI,FIFO,true,PI_FIFO,359.041813
11.270017,-1,15,10002.745000,17.080000,352.065451,359.626266,360.000000,623,7.934549,PI,FIFO,true,PI_FIFO,355.553632
11.280024,-1,15,10007.079000,24.159000,354.107649,358.798473,360.000000,626,5.892351,PI,FIFO,true,PI_FIFO,354.830640
11.290029,-1,15,10004.485000,28.644000,352.797291,357.898296,360.000000,629,7.202709,PI,FIFO,true,PI_FIFO,353.813965
11.300019,-1,15,9990.822000,19.466000,358.166189,357.938480,360.000000,629,1.833811,PI,FIFO,true,PI_FIFO,355.990077
11.310018,-1,15,9998.228000,17.694000,356.851550,357.775440,360.000000,630,3.148450,PI,FIFO,true,PI_FIFO,356.420813
11.320018,-1,15,10000.042000,17.736000,362.875683,358.540477,360.000000,629,-2.875683,PI,FIFO,true,PI_FIFO,359.648248
11.330016,-1,15,9998.746000,16.482000,360.775151,358.875678,360.000000,628,-0.775151,PI,FIFO,true,PI_FIFO,360.211700
11.340017,-1,15,10000.690000,17.172000,363.724539,359.603007,360.000000,626,-3.724539,PI,FIFO,true,PI_FIFO,361.968120
11.350017,-1,15,10000.005000,17.177000,360.947125,359.804625,360.000000,626,-0.947125,PI,FIFO,true,PI_FIFO,361.457622
11.360038,-1,15,10021.280000,38.457000,364.254492,360.472105,360.000000,624,-4.254492,PI,FIFO,true,PI_FIFO,362.856057
11.370033,-1,15,9994.728000,33.185000,361.318088,360.599002,360.000000,624,-1.318088,PI,FIFO,true,PI_FIFO,362.087073
11.380032,-1,15,9998.894000,32.079000,366.210938,361.440793,360.000000,621,-6.210938,PI,FIFO,true,PI_FIFO,364.149005
11.390017,-1,15,9985.396000,17.475000,366.006693,362.125678,360.000000,618,-6.006693,PI,FIFO,true,PI_FIFO,365.077849
11.400018,-1,15,10000.172000,17.647000,364.702517,362.512204,360.000000,616,-4.702517,PI,FIFO,true,PI_FIFO,364.890183
11.410017,-1,15,9999.320000,16.967000,359.392114,362.044190,360.000000,617,0.607886,PI,FIFO,true,PI_FIFO,362.141148
11.420018,-1,15,10000.542000,17.509000,357.995227,361.436846,360.000000,618,2.004773,PI,FIFO,true,PI_FIFO,360.068188
11.430017,-1,15,9999.580000,17.089000,355.472700,360.542224,360.000000,620,4.527300,PI,FIFO,true,PI_FIFO,357.770444
11.440017,-1,15,10000.264000,17.353000,353.684608,359.513581,360.000000,623,6.315392,PI,FIFO,true,PI_FIFO,355.727526
11.450018,-1,15,10000.894000,18.247000,352.620361,358.479598,360.000000,627,7.379639,PI,FIFO,true,PI_FIFO,354.173943
11.460018,-1,15,9999.339000,17.586000,354.442344,357.874010,360.000000,629,5.557656,PI,FIFO,true,PI_FIFO,354.308144
11.470017,-1,15,9999.301000,16.887000,359.983544,358.190440,360.000000,628,0.016456,PI,FIFO,true,PI_FIFO,357.145844
11.480028,-1,15,10010.744000,27.631000,358.851675,358.289625,360.000000,629,1.148325,PI,FIFO,true,PI_FIFO,357.998759
11.490018,-1,15,9990.174000,17.805000,361.132512,358.716058,360.000000,628,-1.132512,PI,FIFO,true,PI_FIFO,359.565635
11.500017,-1,15,9999.338000,17.143000,360.576923,358.995188,360.000000,628,-0.576923,PI,FIFO,true,PI_FIFO,360.071279
11.510017,-1,15,9999.802000,16.945000,362.493958,359.520004,360.000000,626,-2.493958,PI,FIFO,true,PI_FIFO,361.282619
11.520017,-1,15,9999.894000,16.839000,359.392114,359.500820,360.000000,627,0.607886,PI,FIFO,true,PI_FIFO,360.337366
11.530017,-1,15,9999.968000,16.807000,363.372093,360.081511,360.000000,625,-3.372093,PI,FIFO,true,PI_FIFO,361.854730
11.540014,-1,15,9997.413000,14.220000,362.368857,360.424613,360.000000,624,-2.368857,PI,FIFO,true,PI_FIFO,362.111793
11.550017,-1,15,10002.875000,17.095000,367.392808,361.469842,360.000000,620,-7.392808,PI,FIFO,true,PI_FIFO,364.752301
11.560014,-1,15,9996.820000,13.915000,362.168874,361.574697,360.000000,620,-2.168874,PI,FIFO,true,PI_FIFO,363.460587
11.570017,-1,15,10003.153000,17.068000,364.368999,361.993842,360.000000,618,-4.368999,PI,FIFO,true,PI_FIFO,363.914793
11.580026,-1,15,10009.356000,26.424000,359.392114,361.603583,360.000000,619,0.607886,PI,FIFO,true,PI_FIFO,361.653453
11.590018,-1,15,9991.599000,18.023000,358.851675,361.190797,360.000000,619,1.148325,PI,FIFO,true,PI_FIFO,360.252564
11.600018,-1,15,9999.912000,17.935000,353.773585,360.078215,360.000000,623,6.226415,PI,FIFO,true,PI_FIFO,357.013074
11.610018,-1,15,9999.598000,17.533000,356.125356,359.485286,360.000000,624,3.874644,PI,FIFO,true,PI_FIFO,356.569215
11.620017,-1,15,9999.839000,17.372000,352.797291,358.482087,360.000000,628,7.202709,PI,FIFO,true,PI_FIFO,354.683253
11.630017,-1,15,9999.486000,16.858000,356.463878,358.179356,360.000000,629,3.536122,PI,FIFO,true,PI_FIFO,355.573566
11.640017,-1,15,10000.579000,17.437000,358.802624,358.272846,360.000000,629,1.197376,PI,FIFO,true,PI_FIFO,357.188095
11.650018,-1,15,10000.432000,17.869000,361.445783,358.748786,360.000000,628,-1.445783,PI,FIFO,true,PI_FIFO,359.316939
11.660017,-1,15,9999.301000,17.170000,360.750361,359.049023,360.000000,628,-0.750361,PI,FIFO,true,PI_FIFO,360.033650
11.670018,-1,15,10000.949000,18.119000,361.689815,359.445141,360.000000,627,-1.689815,PI,FIFO,true,PI_FIFO,360.861732
11.680028,-1,15,10009.652000,27.771000,362.493958,359.902464,360.000000,626,-2.493958,PI,FIFO,true,PI_FIFO,361.677845
11.690018,-1,15,9990.340000,18.111000,361.689815,360.170567,360.000000,625,-1.689815,PI,FIFO,true,PI_FIFO,361.683830
11.700017,-1,15,9999.061000,17.172000,361.794501,360.414157,360.000000,624,-1.794501,PI,FIFO,true,PI_FIFO,361.739165
11.710021,-1,15,10004.023000,21.195000,363.936335,360.942484,360.000000,622,-3.936335,PI,FIFO,true,PI_FIFO,362.837750
11.720015,-1,15,9993.951000,15.146000,367.286974,361.894157,360.000000,619,-7.286974,PI,FIFO,true,PI_FIFO,365.062362
11.730017,-1,15,10002.171000,17.317000,362.622486,362.003406,360.000000,618,-2.622486,PI,FIFO,true,PI_FIFO,363.842424
11.740018,-1,15,10000.579000,17.896000,361.445783,361.919763,360.000000,618,-1.445783,PI,FIFO,true,PI_FIFO,362.644104
11.750017,-1,15,9998.857000,16.753000,356.851550,361.159531,360.000000,619,3.148450,PI,FIFO,true,PI_FIFO,359.747827
11.760017,-1,15,10000.302000,17.055000,355.956336,360.379052,360.000000,621,4.043664,PI,FIFO,true,PI_FIFO,357.852081
11.770017,-1,15,9999.931000,16.986000,351.311563,359.018928,360.000000,626,8.688437,PI,FIFO,true,PI_FIFO,354.581822
11.780027,-1,15,10010.096000,27.082000,353.940538,358.257170,360.000000,628,6.059462,PI,FIFO,true,PI_FIFO,354.261180
11.790018,-1,15,9991.284000,18.366000,354.219144,357.651466,360.000000,631,5.780856,PI,FIFO,true,PI_FIFO,354.240162
11.800018,-1,15,9999.617000,17.983000,358.680057,357.805755,360.000000,631,1.319943,PI,FIFO,true,PI_FIFO,356.460110
11.810018,-1,15,10000.134000,18.117000,358.215066,357.867151,360.000000,631,1.784934,PI,FIFO,true,PI_FIFO,357.337588
11.820017,-1,15,9999.080000,17.197000,363.372093,358.692893,360.000000,629,-3.372093,PI,FIFO,true,PI_FIFO,360.354840
11.830018,-1,15,10000.801000,17.998000,361.620058,359.131967,360.000000,629,-1.620058,PI,FIFO,true,PI_FIFO,360.987449
11.840017,-1,15,9999.042000,17.040000,363.748060,359.824381,360.000000,627,-3.748060,PI,FIFO,true,PI_FIFO,362.367755
11.850027,-1,15,10010.060000,27.100000,361.445783,360.067592,360.000000,626,-1.445783,PI,FIFO,true,PI_FIFO,361.906769
11.860015,-1,15,9987.914000,15.014000,366.020302,360.960498,360.000000,623,-6.020302,PI,FIFO,true,PI_FIFO,363.963535
11.870018,-1,15,10002.653000,17.667000,361.969112,361.111790,360.000000,623,-1.969112,PI,FIFO,true,PI_FIFO,362.966324
11.880025,-1,15,10007.337000,25.004000,366.401772,361.905287,360.000000,620,-6.401772,PI,FIFO,true,PI_FIFO,364.684048
11.890017,-1,15,9992.155000,17.159000,364.254492,362.257668,360.000000,618,-4.254492,PI,FIFO,true,PI_FIFO,364.469270
11.900017,-1,15,9999.857000,17.016000,364.880643,362.651114,360.000000,616,-4.880643,PI,FIFO,true,PI_FIFO,364.674957
11.910017,-1,15,10000.116000,17.132000,359.884837,362.236173,360.000000,617,0.115163,PI,FIFO,true,PI_FIFO,362.279897
11.920017,-1,15,9999.987000,17.119000,357.460600,361.519837,360.000000,618,2.539400,PI,FIFO,true,PI_FIFO,359.870248
11.930017,-1,15,10000.023000,17.142000,355.472700,360.612766,360.000000,620,4.527300,PI,FIFO,true,PI_FIFO,357.671474
11.940017,-1,15,9999.968000,17.110000,353.684608,359.573543,360.000000,623,6.315392,PI,FIFO,true,PI_FIFO,355.678041
11.950017,-1,15,9999.913000,17.023000,351.914414,358.424673,360.000000,627,8.085586,PI,FIFO,true,PI_FIFO,353.796228
11.960017,-1,15,10000.375000,17.398000,353.151683,357.633725,360.000000,630,6.848317,PI,FIFO,true,PI_FIFO,353.473955
11.970017,-1,15,9999.876000,17.274000,359.195402,357.867976,360.000000,630,0.804598,PI,FIFO,true,PI_FIFO,356.334679
11.980026,-1,15,10008.356000,25.630000,359.884837,358.170505,360.000000,629,0.115163,PI,FIFO,true,PI_FIFO,358.109758
11.990018,-1,15,9992.376000,18.006000,360.973597,358.590969,360.000000,629,-0.973597,PI,FIFO,true,PI_FIFO,359.541678
12.000026,-1,15,10007.838000,25.844000,361.132512,358.972201,360.000000,628,-1.132512,PI,FIFO,true,PI_FIFO,360.337095
12.010023,-1,15,9997.190000,23.034000,362.545496,359.508195,360.000000,627,-2.545496,PI,FIFO,true,PI_FIFO,361.441295
12.020022,-1,15,9998.839000,21.873000,358.410705,359.343571,360.000000,628,1.589295,PI,FIFO,true,PI_FIFO,359.926000
12.030022,-1,15,9999.653000,21.526000,363.041002,359.898186,360.000000,626,-3.041002,PI,FIFO,true,PI_FIFO,361.483501
12.040022,-1,15,10000.006000,21.532000,363.372093,360.419272,360.000000,625,-3.372093,PI,FIFO,true,PI_FIFO,362.427797
12.050022,-1,15,10000.931000,22.463000,367.647059,361.503440,360.000000,621,-7.647059,PI,FIFO,true,PI_FIFO,365.037428
12.060021,-1,15,9998.098000,20.561000,363.748060,361.840133,360.000000,620,-3.748060,PI,FIFO,true,PI_FIFO,364.392744
12.070035,-1,15,10014.336000,34.897000,364.502333,362.239463,360.000000,618,-4.502333,PI,FIFO,true,PI_FIFO,364.447538
12.080043,-1,15,10007.726000,42.623000,359.712230,361.860378,360.000000,618,0.287770,PI,FIFO,true,PI_FIFO,362.079884
12.090020,-1,15,9977.712000,20.335000,358.019640,361.284267,360.000000,620,1.980360,PI,FIFO,true,PI_FIFO,360.049762
12.100018,-1,15,9998.154000,18.489000,353.940538,360.182708,360.000000,623,6.059462,PI,FIFO,true,PI_FIFO,356.995150
12.110026,-1,15,10007.874000,26.363000,357.642421,359.801665,360.000000,623,2.357579,PI,FIFO,true,PI_FIFO,357.318786
12.120016,-1,15,9989.266000,15.629000,353.440151,358.847438,360.000000,627,6.559849,PI,FIFO,true,PI_FIFO,355.379468
12.130018,-1,15,10002.801000,18.430000,357.240065,358.606332,360.000000,628,2.759935,PI,FIFO,true,PI_FIFO,356.309767
12.140018,-1,15,9999.431000,17.861000,358.851675,358.643133,360.000000,628,1.148325,PI,FIFO,true,PI_FIFO,357.580721
12.150017,-1,15,9999.450000,17.311000,361.620058,359.089672,360.000000,627,-1.620058,PI,FIFO,true,PI_FIFO,359.600389
12.160017,-1,15,10000.042000,17.353000,359.838792,359.202040,360.000000,627,0.161208,PI,FIFO,true,PI_FIFO,359.719591
12.170017,-1,15,9999.654000,17.007000,361.271676,359.512485,360.000000,626,-1.271676,PI,FIFO,true,PI_FIFO,360.495634
12.180025,-1,15,10007.911000,24.918000,361.875965,359.867007,360.000000,625,-1.875965,PI,FIFO,true,PI_FIFO,361.185799
12.190018,-1,15,9992.765000,17.683000,361.445783,360.103824,360.000000,625,-1.445783,PI,FIFO,true,PI_FIFO,361.315791
12.200014,-1,15,9996.562000,14.245000,359.786184,360.056178,360.000000,625,0.213816,PI,FIFO,true,PI_FIFO,360.550988
12.210018,-1,15,10003.727000,17.972000,363.548231,360.579986,360.000000,623,-3.548231,PI,FIFO,true,PI_FIFO,362.049609
12.220017,-1,15,9999.227000,17.199000,366.592805,361.481909,360.000000,620,-6.592805,PI,FIFO,true,PI_FIFO,364.321207
12.230017,-1,15,10000.098000,17.297000,362.710514,361.666200,360.000000,619,-2.710514,PI,FIFO,true,PI_FIFO,363.515861
12.240018,-1,15,10000.393000,17.690000,362.368857,361.771598,360.000000,618,-2.368857,PI,FIFO,true,PI_FIFO,362.942359
12.250018,-1,15,10000.208000,17.898000,358.508604,361.282149,360.000000,619,1.491396,PI,FIFO,true,PI_FIFO,360.725482
12.260017,-1,15,9999.430000,17.328000,357.097511,360.654453,360.000000,621,2.902489,PI,FIFO,true,PI_FIFO,358.911496
12.270017,-1,15,9999.800000,17.128000,352.620361,359.449340,360.000000,624,7.379639,PI,FIFO,true,PI_FIFO,355.765929
12.280032,-1,15,10014.428000,31.556000,354.755298,358.745233,360.000000,627,5.244702,PI,FIFO,true,PI_FIFO,355.260613
12.290018,-1,15,9986.858000,18.414000,354.040785,358.039566,360.000000,629,5.959215,PI,FIFO,true,PI_FIFO,354.650699
12.300017,-1,15,9998.911000,17.325000,358.791085,358.152294,360.000000,629,1.208915,PI,FIFO,true,PI_FIFO,356.720892
12.310016,-1,15,9998.430000,15.755000,357.824427,358.103114,360.000000,630,2.175573,PI,FIFO,true,PI_FIFO,357.272660
12.320018,-1,15,10002.097000,17.852000,362.669246,358.788034,360.000000,628,-2.669246,PI,FIFO,true,PI_FIFO,359.970953
12.330018,-1,15,9999.855000,17.707000,361.132512,359.139705,360.000000,628,-1.132512,PI,FIFO,true,PI_FIFO,360.551732
12.340014,-1,15,9996.449000,14.156000,362.669246,359.669136,360.000000,627,-2.669246,PI,FIFO,true,PI_FIFO,361.610489
12.350017,-1,15,10002.874000,17.030000,359.786184,359.686694,360.000000,627,0.213816,PI,FIFO,true,PI_FIFO,360.698337
12.360017,-1,15,9999.875000,16.905000,364.036090,360.339103,360.000000,625,-4.036090,PI,FIFO,true,PI_FIFO,362.367213
12.370017,-1,15,10000.411000,17.316000,362.168874,360.613569,360.000000,624,-2.168874,PI,FIFO,true,PI_FIFO,362.268044
12.380026,-1,15,10008.318000,25.634000,366.379310,361.478430,360.000000,621,-6.379310,PI,FIFO,true,PI_FIFO,364.323677
12.390017,-1,15,9991.709000,17.343000,364.502333,361.932015,360.000000,619,-4.502333,PI,FIFO,true,PI_FIFO,364.413005
12.400017,-1,15,9999.856000,17.199000,364.785992,362.360112,360.000000,617,-4.785992,PI,FIFO,true,PI_FIFO,364.599499
12.410017,-1,15,9999.818000,17.017000,359.392114,361.914912,360.000000,618,0.607886,PI,FIFO,true,PI_FIFO,361.995806
12.420018,-1,15,10001.004000,18.021000,357.995227,361.326959,360.000000,619,2.004773,PI,FIFO,true,PI_FIFO,359.995516
12.430017,-1,15,9998.856000,16.877000,356.012658,360.529814,360.000000,621,3.987342,PI,FIFO,true,PI_FIFO,358.004087
12.440017,-1,15,10000.226000,17.103000,354.609929,359.641831,360.000000,624,5.390071,PI,FIFO,true,PI_FIFO,356.307008
12.450018,-1,15,10000.616000,17.719000,352.632993,358.590506,360.000000,627,7.367007,PI,FIFO,true,PI_FIFO,354.470001
12.460018,-1,15,9999.818000,17.537000,353.773585,357.867968,360.000000,630,6.226415,PI,FIFO,true,PI_FIFO,354.121793
12.470018,-1,15,10000.560000,18.097000,360.378913,358.244609,360.000000,629,-0.378913,PI,FIFO,true,PI_FIFO,357.250353
12.480027,-1,15,10008.595000,26.692000,358.851675,358.335669,360.000000,629,1.148325,PI,FIFO,true,PI_FIFO,358.051014
12.490017,-1,15,9990.506000,17.198000,362.493958,358.959413,360.000000,628,-2.493958,PI,FIFO,true,PI_FIFO,360.272486
12.500017,-1,15,10000.189000,17.387000,362.062307,359.424847,360.000000,627,-2.062307,PI,FIFO,true,PI_FIFO,361.167396
12.510017,-1,15,9999.782000,17.169000,363.901019,360.096273,360.000000,625,-3.901019,PI,FIFO,true,PI_FIFO,362.534208
12.520014,-1,15,9996.763000,13.932000,360.023041,360.085288,360.000000,625,-0.023041,PI,FIFO,true,PI_FIFO,361.278625
12.530017,-1,15,10003.208000,17.140000,363.020329,360.525544,360.000000,624,-3.020329,PI,FIFO,true,PI_FIFO,362.149477
12.540014,-1,15,9996.948000,14.088000,362.622486,360.840085,360.000000,622,-2.622486,PI,FIFO,true,PI_FIFO,362.385981
12.550017,-1,15,10003.023000,17.111000,367.107195,361.780152,360.000000,619,-7.107195,PI,FIFO,true,PI_FIFO,364.746588
12.560017,-1,15,10000.133000,17.244000,362.996902,361.962664,360.000000,618,-2.996902,PI,FIFO,true,PI_FIFO,363.871745
12.570017,-1,15,10000.134000,17.378000,364.254492,362.306439,360.000000,616,-4.254492,PI,FIFO,true,PI_FIFO,364.063119
12.580025,-1,15,10007.669000,25.047000,358.188996,361.688822,360.000000,618,1.811004,PI,FIFO,true,PI_FIFO,361.126058
12.590017,-1,15,9992.302000,17.349000,357.097511,361.000126,360.000000,619,2.902489,PI,FIFO,true,PI_FIFO,359.111785
12.600017,-1,15,9999.893000,17.242000,352.620361,359.743161,360.000000,623,7.379639,PI,FIFO,true,PI_FIFO,355.866073
12.610017,-1,15,9999.337000,16.579000,355.281857,359.073965,360.000000,625,4.718143,PI,FIFO,true,PI_FIFO,355.573965
12.620018,-1,15,10001.189000,17.768000,353.012372,358.164726,360.000000,628,6.987628,PI,FIFO,true,PI_FIFO,354.293169
12.630017,-1,15,9998.967000,16.735000,356.633381,357.935025,360.000000,629,3.366619,PI,FIFO,true,PI_FIFO,355.463275
12.640018,-1,15,10000.949000,17.684000,359.023456,358.098289,360.000000,629,0.976544,PI,FIFO,true,PI_FIFO,357.243365
12.650019,-1,15,10000.966000,18.650000,361.570248,358.619083,360.000000,628,-1.570248,PI,FIFO,true,PI_FIFO,359.406807
12.660018,-1,15,9999.338000,17.988000,360.088116,358.839438,360.000000,628,-0.088116,PI,FIFO,true,PI_FIFO,359.747461
12.670018,-1,15,9999.522000,17.510000,361.969112,359.308889,360.000000,627,-1.969112,PI,FIFO,true,PI_FIFO,360.858287
12.680025,-1,15,10007.725000,25.235000,361.445783,359.629423,360.000000,626,-1.445783,PI,FIFO,true,PI_FIFO,361.152035
12.690017,-1,15,9991.765000,17.000000,362.062307,359.994356,360.000000,625,-2.062307,PI,FIFO,true,PI_FIFO,361.607171
12.700028,-1,15,10010.558000,27.558000,361.969112,360.290569,360.000000,625,-1.969112,PI,FIFO,true,PI_FIFO,361.788141
12.710019,-1,15,9991.357000,18.915000,364.502333,360.922334,360.000000,622,-4.502333,PI,FIFO,true,PI_FIFO,363.145237
12.720018,-1,15,9998.634000,17.549000,367.827366,361.958089,360.000000,619,-7.827366,PI,FIFO,true,PI_FIFO,365.486302
12.730017,-1,15,9999.874000,17.423000,362.996902,362.113911,360.000000,618,-2.996902,PI,FIFO,true,PI_FIFO,364.241602
12.740017,-1,15,9999.838000,17.261000,361.969112,362.092191,360.000000,617,-1.969112,PI,FIFO,true,PI_FIFO,363.105357
12.750017,-1,15,10000.004000,17.265000,359.654731,361.726572,360.000000,618,0.345269,PI,FIFO,true,PI_FIFO,361.380044
12.760018,-1,15,10000.300000,17.565000,358.337315,361.218183,360.000000,619,1.662685,PI,FIFO,true,PI_FIFO,359.858680
12.770040,-1,15,10022.482000,40.047000,353.012372,359.987312,360.000000,622,6.987628,PI,FIFO,true,PI_FIFO,356.435526
12.780043,-1,15,10002.540000,42.587000,354.107649,359.105362,360.000000,625,5.892351,PI,FIFO,true,PI_FIFO,355.271587
12.790023,-1,15,9979.989000,22.576000,353.151683,358.212310,360.000000,628,6.848317,PI,FIFO,true,PI_FIFO,354.211635
12.800022,-1,15,9999.764000,22.340000,358.680057,358.282472,360.000000,628,1.319943,PI,FIFO,true,PI_FIFO,356.445846
12.810021,-1,15,9998.967000,21.307000,357.434641,358.155298,360.000000,629,2.565359,PI,FIFO,true,PI_FIFO,356.940243
12.820022,-1,15,10000.578000,21.885000,362.318841,358.779829,360.000000,627,-2.318841,PI,FIFO,true,PI_FIFO,359.629542
12.830021,-1,15,9999.189000,21.074000,360.576923,359.049393,360.000000,627,-0.576923,PI,FIFO,true,PI_FIFO,360.103233
12.840023,-1,15,10002.096000,23.170000,362.062307,359.501330,360.000000,626,-2.062307,PI,FIFO,true,PI_FIFO,361.082770
12.850023,-1,15,10000.245000,23.415000,359.884837,359.558856,360.000000,626,0.115163,PI,FIFO,true,PI_FIFO,360.483803
12.860035,-1,15,10011.335000,34.750000,362.435567,359.990363,360.000000,625,-2.435567,PI,FIFO,true,PI_FIFO,361.459685
12.870021,-1,15,9986.581000,21.331000,361.969112,360.287175,360.000000,624,-1.969112,PI,FIFO,true,PI_FIFO,361.714399
12.880030,-1,15,10008.595000,29.926000,365.829865,361.118579,360.000000,621,-5.829865,PI,FIFO,true,PI_FIFO,363.772132
12.890021,-1,15,9990.931000,20.857000,364.431487,361.615515,360.000000,619,-4.431487,PI,FIFO,true,PI_FIFO,364.101809
12.900018,-1,15,9997.097000,17.954000,365.639626,362.219131,360.000000,617,-5.639626,PI,FIFO,true,PI_FIFO,364.870717
12.910018,-1,15,9999.782000,17.736000,359.367513,361.791389,360.000000,618,0.632487,PI,FIFO,true,PI_FIFO,362.119115
12.920018,-1,15,10000.134000,17.870000,357.460600,361.141770,360.000000,619,2.539400,PI,FIFO,true,PI_FIFO,359.789858
12.930017,-1,15,9999.245000,17.115000,354.934377,360.210661,360.000000,622,5.065623,PI,FIFO,true,PI_FIFO,357.362117
12.940019,-1,15,10002.114000,19.229000,354.755298,359.392357,360.000000,624,5.244702,PI,FIFO,true,PI_FIFO,356.058707
12.950016,-1,15,9996.394000,15.623000,353.606789,358.524522,360.000000,627,6.393211,PI,FIFO,true,PI_FIFO,354.832748
12.960018,-1,15,10002.096000,17.719000,355.450237,358.063379,360.000000,629,4.549763,PI,FIFO,true,PI_FIFO,355.141493
12.970019,-1,15,10001.541000,19.260000,359.983544,358.351404,360.000000,628,0.016456,PI,FIFO,true,PI_FIFO,357.562518
12.980028,-1,15,10008.743000,28.003000,359.195402,358.478003,360.000000,629,0.804598,PI,FIFO,true,PI_FIFO,358.378960
12.990018,-1,15,9989.691000,17.694000,361.503856,358.931881,360.000000,628,-1.503856,PI,FIFO,true,PI_FIFO,359.941408
13.000026,-1,15,10008.762000,26.456000,361.620058,359.335108,360.000000,627,-1.620058,PI,FIFO,true,PI_FIFO,360.780733
13.010020,-1,15,9993.375000,19.831000,362.435567,359.800177,360.000000,626,-2.435567,PI,FIFO,true,PI_FIFO,361.608150
13.020018,-1,15,9998.301000,18.132000,356.972870,359.376081,360.000000,627,3.027130,PI,FIFO,true,PI_FIFO,359.290510
13.030018,-1,15,9999.504000,17.636000,358.998906,359.319504,360.000000,628,1.001094,PI,FIFO,true,PI_FIFO,359.144708
13.040014,-1,15,9996.764000,14.400000,359.023456,359.275097,360.000000,628,0.976544,PI,FIFO,true,PI_FIFO,359.084082
13.050019,-1,15,10004.614000,19.014000,362.435567,359.749168,360.000000,627,-2.435567,PI,FIFO,true,PI_FIFO,360.759825
13.060017,-1,15,9998.227000,17.241000,360.230548,359.821375,360.000000,627,-0.230548,PI,FIFO,true,PI_FIFO,360.495186
13.070017,-1,15,9999.633000,16.874000,363.774945,360.414410,360.000000,625,-3.774945,PI,FIFO,true,PI_FIFO,362.135065
13.080023,-1,15,10006.244000,23.118000,359.195402,360.231559,360.000000,626,0.804598,PI,FIFO,true,PI_FIFO,360.665234
13.090018,-1,15,9994.487000,17.605000,359.103677,360.062377,360.000000,626,0.896323,PI,FIFO,true,PI_FIFO,359.884456
13.100018,-1,15,9999.967000,17.572000,355.450237,359.370556,360.000000,628,4.549763,PI,FIFO,true,PI_FIFO,357.667346
13.110025,-1,15,10007.558000,25.130000,358.606557,359.255956,360.000000,629,1.393443,PI,FIFO,true,PI_FIFO,358.136952
13.120018,-1,15,9993.172000,18.302000,354.274917,358.508800,360.000000,632,5.725083,PI,FIFO,true,PI_FIFO,356.205935
13.130018,-1,15,9999.856000,18.158000,358.737245,358.543067,360.000000,632,1.262755,PI,FIFO,true,PI_FIFO,357.471590
13.140018,-1,15,9999.726000,17.884000,361.271676,358.952358,360.000000,631,-1.271676,PI,FIFO,true,PI_FIFO,359.371633
13.150018,-1,15,9999.948000,17.832000,364.254492,359.747678,360.000000,629,-4.254492,PI,FIFO,true,PI_FIFO,361.813063
13.160017,-1,15,9999.245000,17.077000,361.875965,360.066921,360.000000,628,-1.875965,PI,FIFO,true,PI_FIFO,361.844514
13.170017,-1,15,10000.078000,17.155000,363.901019,360.642036,360.000000,626,-3.901019,PI,FIFO,true,PI_FIFO,362.872766
13.180024,-1,15,10006.670000,23.825000,362.435567,360.911066,360.000000,625,-2.435567,PI,FIFO,true,PI_FIFO,362.654167
13.190018,-1,15,9993.690000,17.515000,362.844702,361.201111,360.000000,624,-2.844702,PI,FIFO,true,PI_FIFO,362.749435
13.200014,-1,15,9996.431000,13.946000,361.769570,361.286380,360.000000,623,-1.769570,PI,FIFO,true,PI_FIFO,362.259502
13.210017,-1,15,10002.985000,16.931000,364.368999,361.748773,360.000000,621,-4.368999,PI,FIFO,true,PI_FIFO,363.314250
13.220017,-1,15,10000.226000,17.157000,367.167102,362.561522,360.000000,618,-7.167102,PI,FIFO,true,PI_FIFO,365.240676
13.230017,-1,15,9999.874000,17.031000,363.372093,362.683108,360.000000,617,-3.372093,PI,FIFO,true,PI_FIFO,364.306385
13.240017,-1,15,9999.948000,16.979000,361.570248,362.516179,360.000000,617,-1.570248,PI,FIFO,true,PI_FIFO,362.938316
13.250017,-1,15,10000.355000,17.334000,357.824427,361.812416,360.000000,618,2.175573,PI,FIFO,true,PI_FIFO,360.381372
13.260017,-1,15,10000.095000,17.429000,357.278963,361.132398,360.000000,619,2.721037,PI,FIFO,true,PI_FIFO,358.830168
13.270017,-1,15,9999.781000,17.210000,352.775165,359.878813,360.000000,623,7.224835,PI,FIFO,true,PI_FIFO,355.802666
13.280027,-1,15,10009.797000,27.007000,353.964401,358.991651,360.000000,626,6.035599,PI,FIFO,true,PI_FIFO,354.883534
13.290017,-1,15,9990.245000,17.252000,353.107345,358.109005,360.000000,629,6.892655,PI,FIFO,true,PI_FIFO,353.995439
13.300017,-1,15,9999.744000,16.996000,357.824427,358.066319,360.000000,629,2.175573,PI,FIFO,true,PI_FIFO,355.909933
13.310017,-1,15,10000.355000,17.351000,356.463878,357.825953,360.000000,631,3.536122,PI,FIFO,true,PI_FIFO,356.186906
13.320018,-1,15,10000.410000,17.761000,361.620058,358.395068,360.000000,629,-1.620058,PI,FIFO,true,PI_FIFO,358.903482
13.330015,-1,15,9997.540000,15.301000,361.318088,358.833521,360.000000,629,-1.318088,PI,FIFO,true,PI_FIFO,360.110785
13.340017,-1,15,10001.744000,17.045000,363.724539,359.567174,360.000000,627,-3.724539,PI,FIFO,true,PI_FIFO,361.917662
13.350017,-1,15,9999.947000,16.992000,360.392107,359.690914,360.000000,627,-0.392107,PI,FIFO,true,PI_FIFO,361.154884
13.360014,-1,15,9997.263000,14.255000,363.901019,360.322430,360.000000,625,-3.901019,PI,FIFO,true,PI_FIFO,362.527952
13.370017,-1,15,10002.984000,17.239000,362.168874,360.599396,360.000000,624,-2.168874,PI,FIFO,true,PI_FIFO,362.348413
13.380025,-1,15,10007.816000,25.055000,365.203941,361.290078,360.000000,622,-5.203941,PI,FIFO,true,PI_FIFO,363.776177
13.390017,-1,15,9992.041000,17.096000,365.829865,361.971046,360.000000,619,-5.829865,PI,FIFO,true,PI_FIFO,364.803021
13.400027,-1,15,10009.742000,26.838000,365.675280,362.526681,360.000000,617,-5.675280,PI,FIFO,true,PI_FIFO,365.239151
13.410019,-1,15,9991.856000,18.694000,359.654731,362.095889,360.000000,617,0.345269,PI,FIFO,true,PI_FIFO,362.446941
13.420018,-1,15,9998.966000,17.660000,359.023456,361.635024,360.000000,618,0.976544,PI,FIFO,true,PI_FIFO,360.735199
13.430017,-1,15,9999.725000,17.385000,355.691057,360.743429,360.000000,620,4.308943,PI,FIFO,true,PI_FIFO,358.213128
13.440017,-1,15,9999.874000,17.259000,354.777673,359.848565,360.000000,623,5.222327,PI,FIFO,true,PI_FIFO,356.495400
13.450018,-1,15,10000.706000,17.965000,352.443609,358.737822,360.000000,626,7.556391,PI,FIFO,true,PI_FIFO,354.469505
13.460017,-1,15,9999.077000,17.042000,354.945575,358.168985,360.000000,628,5.054425,PI,FIFO,true,PI_FIFO,354.707540
13.470034,-1,15,10017.352000,34.394000,360.207480,358.474759,360.000000,628,-0.207480,PI,FIFO,true,PI_FIFO,357.457510
13.480044,-1,15,10009.724000,44.118000,359.023456,358.557064,360.000000,628,0.976544,PI,FIFO,true,PI_FIFO,358.240483
13.490020,-1,15,9975.914000,20.032000,361.318088,358.971217,360.000000,627,-1.318088,PI,FIFO,true,PI_FIFO,359.779286
13.500017,-1,15,9997.355000,17.387000,360.923965,359.264130,360.000000,627,-0.923965,PI,FIFO,true,PI_FIFO,360.351626
13.510017,-1,15,9999.707000,17.094000,363.559979,359.908507,360.000000,625,-3.559979,PI,FIFO,true,PI_FIFO,361.955802
13.520017,-1,15,10000.225000,17.319000,359.367513,359.827358,360.000000,625,0.632487,PI,FIFO,true,PI_FIFO,360.661658
13.530017,-1,15,10000.040000,17.359000,363.372093,360.359068,360.000000,624,-3.372093,PI,FIFO,true,PI_FIFO,362.016875
13.540017,-1,15,9999.799000,17.158000,362.710514,360.711785,360.000000,622,-2.710514,PI,FIFO,true,PI_FIFO,362.363695
13.550017,-1,15,10000.077000,17.235000,367.441209,361.721199,360.000000,619,-7.441209,PI,FIFO,true,PI_FIFO,364.902452
13.560017,-1,15,10000.114000,17.349000,362.493958,361.837113,360.000000,618,-2.493958,PI,FIFO,true,PI_FIFO,363.698205
13.570017,-1,15,9999.910000,17.259000,363.559979,362.095543,360.000000,617,-3.559979,PI,FIFO,true,PI_FIFO,363.629092
13.580027,-1,15,10009.502000,26.761000,358.337315,361.531809,360.000000,618,1.662685,PI,FIFO,true,PI_FIFO,360.983204
13.590018,-1,15,9990.837000,17.598000,357.460600,360.921127,360.000000,619,2.539400,PI,FIFO,true,PI_FIFO,359.221902
13.600017,-1,15,9999.781000,17.379000,353.606789,359.823977,360.000000,622,6.393211,PI,FIFO,true,PI_FIFO,356.414345
13.610017,-1,15,10000.003000,17.382000,355.832490,359.225254,360.000000,624,4.167510,PI,FIFO,true,PI_FIFO,356.123418
13.620017,-1,15,9999.577000,16.959000,352.620361,358.234520,360.000000,627,7.379639,PI,FIFO,true,PI_FIFO,354.371889
13.630017,-1,15,10000.262000,17.221000,356.803045,358.019798,360.000000,629,3.196955,PI,FIFO,true,PI_FIFO,355.587467
13.640014,-1,15,9996.929000,14.150000,358.606557,358.107812,360.000000,629,1.393443,PI,FIFO,true,PI_FIFO,357.097012
13.650019,-1,15,10004.558000,18.708000,362.669246,358.792027,360.000000,627,-2.669246,PI,FIFO,true,PI_FIFO,359.883129
13.660014,-1,15,9995.448000,14.156000,360.576923,359.059762,360.000000,627,-0.576923,PI,FIFO,true,PI_FIFO,360.230026
13.670017,-1,15,10003.280000,17.436000,363.372093,359.706611,360.000000,625,-3.372093,PI,FIFO,true,PI_FIFO,361.801060
13.680026,-1,15,10008.983000,26.419000,362.809598,360.172059,360.000000,624,-2.809598,PI,FIFO,true,PI_FIFO,362.305329
13.690017,-1,15,9990.930000,17.349000,362.318841,360.494076,360.000000,623,-2.318841,PI,FIFO,true,PI_FIFO,362.312085
13.700017,-1,15,9999.744000,17.093000,361.371145,360.625637,360.000000,623,-1.371145,PI,FIFO,true,PI_FIFO,361.841615
13.710018,-1,15,10000.781000,17.874000,364.702517,361.237169,360.000000,620,-4.702517,PI,FIFO,true,PI_FIFO,363.272066
13.720017,-1,15,9999.021000,16.895000,366.401772,362.011859,360.000000,617,-6.401772,PI,FIFO,true,PI_FIFO,364.836919
13.730017,-1,15,10000.410000,17.305000,363.020329,362.163130,360.000000,616,-3.020329,PI,FIFO,true,PI_FIFO,363.928624
13.740017,-1,15,10000.133000,17.438000,360.378913,361.895497,360.000000,617,-0.378913,PI,FIFO,true,PI_FIFO,362.153768
13.750017,-1,15,9999.429000,16.867000,358.166189,361.336101,360.000000,618,1.833811,PI,FIFO,true,PI_FIFO,360.159979
13.760017,-1,15,10000.280000,17.147000,356.125356,360.554489,360.000000,620,3.874644,PI,FIFO,true,PI_FIFO,358.142667
13.770018,-1,15,10000.596000,17.743000,351.386807,359.179337,360.000000,624,8.613193,PI,FIFO,true,PI_FIFO,354.764737
13.780027,-1,15,10009.075000,26.818000,354.219144,358.435308,360.000000,626,5.780856,PI,FIFO,true,PI_FIFO,354.491940
13.790018,-1,15,9990.912000,17.730000,353.151683,357.642764,360.000000,629,6.848317,PI,FIFO,true,PI_FIFO,353.821811
13.800018,-1,15,9999.910000,17.640000,359.367513,357.901476,360.000000,629,0.632487,PI,FIFO,true,PI_FIFO,356.594662
13.810014,-1,15,9996.763000,14.403000,357.629428,357.860669,360.000000,630,2.370572,PI,FIFO,true,PI_FIFO,357.112045
13.820021,-1,15,10006.835000,21.238000,362.493958,358.555663,360.000000,628,-2.493958,PI,FIFO,true,PI_FIFO,359.803002
13.830019,-1,15,9997.411000,18.649000,360.576923,358.858852,360.000000,628,-0.576923,PI,FIFO,true,PI_FIFO,360.189962
13.840015,-1,15,9996.281000,14.930000,363.724539,359.588705,360.000000,626,-3.724539,PI,FIFO,true,PI_FIFO,361.957251
13.850019,-1,15,10003.928000,18.858000,360.576923,359.736938,360.000000,626,-0.576923,PI,FIFO,true,PI_FIFO,361.267087
13.860017,-1,15,9998.540000,17.398000,364.431487,360.441120,360.000000,624,-4.431487,PI,FIFO,true,PI_FIFO,362.849287
13.870017,-1,15,9999.226000,16.624000,361.689815,360.628424,360.000000,623,-1.689815,PI,FIFO,true,PI_FIFO,362.269551
13.880028,-1,15,10011.556000,28.180000,366.568915,361.519498,360.000000,620,-6.568915,PI,FIFO,true,PI_FIFO,364.419233
13.890017,-1,15,9989.060000,17.240000,365.070093,362.052087,360.000000,618,-5.070093,PI,FIFO,true,PI_FIFO,364.744663
13.900017,-1,15,9999.670000,16.910000,364.963504,362.488800,360.000000,616,-4.963504,PI,FIFO,true,PI_FIFO,364.854083
13.910027,-1,15,10009.909000,26.819000,359.287174,362.008556,360.000000,617,0.712826,PI,FIFO,true,PI_FIFO,362.070629
13.920018,-1,15,9991.393000,18.212000,359.023456,361.560791,360.000000,617,0.976544,PI,FIFO,true,PI_FIFO,360.547043
13.930017,-1,15,9999.133000,17.345000,356.077048,360.738229,360.000000,619,3.922952,PI,FIFO,true,PI_FIFO,358.312045
13.940018,-1,15,10000.373000,17.718000,354.777673,359.844146,360.000000,622,5.222327,PI,FIFO,true,PI_FIFO,356.544859
13.950018,-1,15,10000.188000,17.906000,351.876676,358.649025,360.000000,626,8.123324,PI,FIFO,true,PI_FIFO,354.210767
13.960017,-1,15,9999.558000,17.464000,353.606789,357.892690,360.000000,628,6.393211,PI,FIFO,true,PI_FIFO,353.908778
13.970017,-1,15,9999.948000,17.412000,359.470859,358.129415,360.000000,628,0.529141,PI,FIFO,true,PI_FIFO,356.689819
13.980028,-1,15,10010.723000,28.135000,359.023456,358.263521,360.000000,628,0.976544,PI,FIFO,true,PI_FIFO,357.856637
13.990018,-1,15,9989.949000,18.084000,360.576923,358.610532,360.000000,628,-0.576923,PI,FIFO,true,PI_FIFO,359.216780
14.000025,-1,15,10007.113000,25.197000,361.969112,359.114319,360.000000,627,-1.969112,PI,FIFO,true,PI_FIFO,360.592946
14.010022,-1,15,9997.077000,22.274000,362.545496,359.628995,360.000000,626,-2.545496,PI,FIFO,true,PI_FIFO,361.569221
14.020021,-1,15,9998.763000,21.037000,358.410705,359.446252,360.000000,626,1.589295,PI,FIFO,true,PI_FIFO,359.989963
14.030021,-1,15,10000.262000,21.299000,362.493958,359.903408,360.000000,625,-2.493958,PI,FIFO,true,PI_FIFO,361.241961
14.040021,-1,15,9999.521000,20.820000,362.062307,360.227243,360.000000,624,-2.062307,PI,FIFO,true,PI_FIFO,361.652134
14.050023,-1,15,10002.188000,23.008000,367.731887,361.352939,360.000000,621,-7.731887,PI,FIFO,true,PI_FIFO,364.692011
14.060021,-1,15,9997.762000,20.770000,362.970133,361.595518,360.000000,619,-2.970133,PI,FIFO,true,PI_FIFO,363.831072
14.070022,-1,15,10000.874000,21.644000,364.036090,361.961604,360.000000,618,-4.036090,PI,FIFO,true,PI_FIFO,363.933581
14.080031,-1,15,10009.649000,31.293000,358.998906,361.517199,360.000000,619,1.001094,PI,FIFO,true,PI_FIFO,361.466243
14.090021,-1,15,9990.023000,21.316000,358.337315,361.040217,360.000000,620,1.662685,PI,FIFO,true,PI_FIFO,359.901779
14.100026,-1,15,10005.021000,26.337000,353.329146,359.883556,360.000000,623,6.670854,PI,FIFO,true,PI_FIFO,356.615462
14.110026,-1,15,10000.058000,26.395000,356.125356,359.319826,360.000000,625,3.874644,PI,FIFO,true,PI_FIFO,356.370409
14.120018,-1,15,9991.949000,18.344000,353.964401,358.516512,360.000000,627,6.035599,PI,FIFO,true,PI_FIFO,355.167405
14.130018,-1,15,9999.373000,17.717000,357.483317,358.361533,360.000000,628,2.516683,PI,FIFO,true,PI_FIFO,356.325361
14.140014,-1,15,9996.411000,14.128000,359.195402,358.486613,360.000000,628,0.804598,PI,FIFO,true,PI_FIFO,357.760382
14.150017,-1,15,10003.113000,17.241000,361.620058,358.956630,360.000000,627,-1.620058,PI,FIFO,true,PI_FIFO,359.690220
14.160014,-1,15,9996.856000,14.097000,359.838792,359.088954,360.000000,627,0.161208,PI,FIFO,true,PI_FIFO,359.764506
14.170046,-1,15,10032.331000,46.428000,362.062307,359.534957,360.000000,626,-2.062307,PI,FIFO,true,PI_FIFO,360.913406
14.180041,-1,15,9994.837000,41.265000,361.722651,359.863111,360.000000,625,-1.722651,PI,FIFO,true,PI_FIFO,361.318029
14.190027,-1,15,9985.727000,26.992000,362.368857,360.238973,360.000000,624,-2.368857,PI,FIFO,true,PI_FIFO,361.843443
14.200019,-1,15,9991.764000,18.756000,361.271676,360.393879,360.000000,624,-1.271676,PI,FIFO,true,PI_FIFO,361.557560
14.210026,-1,15,10007.557000,26.313000,363.559979,360.868794,360.000000,622,-3.559979,PI,FIFO,true,PI_FIFO,362.558769
14.220019,-1,15,9992.485000,18.798000,366.927593,361.777614,360.000000,619,-6.927593,PI,FIFO,true,PI_FIFO,364.743181
14.230018,-1,15,9999.355000,18.153000,362.809598,361.932411,360.000000,618,-2.809598,PI,FIFO,true,PI_FIFO,363.776389
14.240018,-1,15,9999.391000,17.544000,362.669246,362.042936,360.000000,617,-2.669246,PI,FIFO,true,PI_FIFO,363.222818
14.250031,-1,15,10013.315000,30.859000,358.737245,361.547083,360.000000,618,1.262755,PI,FIFO,true,PI_FIFO,360.980031
14.260020,-1,15,9988.763000,19.622000,357.824427,360.988684,360.000000,619,2.175573,PI,FIFO,true,PI_FIFO,359.402229
14.270018,-1,15,9998.761000,18.383000,353.012372,359.792238,360.000000,623,6.987628,PI,FIFO,true,PI_FIFO,356.207301
14.280031,-1,15,10012.592000,30.975000,354.442344,358.989754,360.000000,625,5.557656,PI,FIFO,true,PI_FIFO,355.324822
14.290018,-1,15,9986.893000,17.868000,353.392569,358.150176,360.000000,628,6.607431,PI,FIFO,true,PI_FIFO,354.358696
14.300018,-1,15,9999.928000,17.796000,358.166189,358.152578,360.000000,628,1.833811,PI,FIFO,true,PI_FIFO,356.262442
14.310018,-1,15,10000.094000,17.890000,358.737245,358.240278,360.000000,629,1.262755,PI,FIFO,true,PI_FIFO,357.499844
14.320018,-1,15,9999.743000,17.633000,363.020329,358.957286,360.000000,627,-3.020329,PI,FIFO,true,PI_FIFO,360.260086
14.330018,-1,15,10000.113000,17.746000,361.132512,359.283569,360.000000,626,-1.132512,PI,FIFO,true,PI_FIFO,360.696299
14.340017,-1,15,9999.650000,17.396000,362.844702,359.817739,360.000000,625,-2.844702,PI,FIFO,true,PI_FIFO,361.770501
14.350017,-1,15,9999.687000,17.083000,359.539789,359.776047,360.000000,625,0.460211,PI,FIFO,true,PI_FIFO,360.655145
14.360018,-1,15,10000.872000,17.955000,363.748060,360.371849,360.000000,624,-3.748060,PI,FIFO,true,PI_FIFO,362.201602
14.370017,-1,15,9999.205000,17.160000,362.143892,360.637655,360.000000,623,-2.143892,PI,FIFO,true,PI_FIFO,362.172747
14.380022,-1,15,10004.872000,22.032000,366.592805,361.530928,360.000000,620,-6.592805,PI,FIFO,true,PI_FIFO,364.382776
14.390018,-1,15,9996.187000,18.219000,364.254492,361.939462,360.000000,618,-4.254492,PI,FIFO,true,PI_FIFO,364.318634
14.400014,-1,15,9995.577000,13.796000,365.449584,362.465981,360.000000,615,-5.449584,PI,FIFO,true,PI_FIFO,364.884109
14.410017,-1,15,10003.223000,17.019000,359.023456,361.949602,360.000000,616,0.976544,PI,FIFO,true,PI_FIFO,361.953783
14.420017,-1,15,10000.280000,17.299000,357.629428,361.301576,360.000000,618,2.370572,PI,FIFO,true,PI_FIFO,359.791605
14.430026,-1,15,10009.130000,26.429000,355.618777,360.449156,360.000000,620,4.381223,PI,FIFO,true,PI_FIFO,357.705191
14.440022,-1,15,9995.558000,21.987000,353.862607,359.461174,360.000000,623,6.137393,PI,FIFO,true,PI_FIFO,355.783899
14.450020,-1,15,9998.317000,20.304000,352.443609,358.408539,360.000000,626,7.556391,PI,FIFO,true,PI_FIFO,354.113754
14.460018,-1,15,9997.372000,17.676000,354.397681,357.806910,360.000000,629,5.602319,PI,FIFO,true,PI_FIFO,354.255718
14.470024,-1,15,10006.612000,24.288000,359.023456,357.989392,360.000000,629,0.976544,PI,FIFO,true,PI_FIFO,356.639587
14.480039,-1,15,10014.907000,39.195000,359.786184,358.258911,360.000000,628,0.213816,PI,FIFO,true,PI_FIFO,358.212886
14.490022,-1,15,9982.967000,22.162000,361.230734,358.704685,360.000000,628,-1.230734,PI,FIFO,true,PI_FIFO,359.721810
14.500022,-1,15,9999.798000,21.960000,361.689815,359.152454,360.000000,627,-1.689815,PI,FIFO,true,PI_FIFO,360.705812
14.510022,-1,15,9999.743000,21.703000,364.431487,359.944309,360.000000,624,-4.431487,PI,FIFO,true,PI_FIFO,362.568650
14.520022,-1,15,10000.076000,21.779000,359.983544,359.950194,360.000000,625,0.016456,PI,FIFO,true,PI_FIFO,361.276097
14.530021,-1,15,9999.131000,20.910000,363.041002,360.413815,360.000000,623,-3.041002,PI,FIFO,true,PI_FIFO,362.158549
14.540021,-1,15,10000.354000,21.264000,362.970133,360.797263,360.000000,622,-2.970133,PI,FIFO,true,PI_FIFO,362.564341
14.550021,-1,15,9999.835000,21.099000,366.885359,361.710477,360.000000,619,-6.885359,PI,FIFO,true,PI_FIFO,364.724850
14.560020,-1,15,9999.298000,20.397000,362.435567,361.819241,360.000000,618,-2.435567,PI,FIFO,true,PI_FIFO,363.580209
14.570022,-1,15,10001.224000,21.621000,364.431487,362.211078,360.000000,616,-4.431487,PI,FIFO,true,PI_FIFO,364.005848
14.580029,-1,15,10007.241000,28.862000,359.392114,361.788233,360.000000,617,0.607886,PI,FIFO,true,PI_FIFO,361.698981
14.590022,-1,15,9992.948000,21.810000,357.995227,361.219282,360.000000,618,2.004773,PI,FIFO,true,PI_FIFO,359.847104
14.600021,-1,15,9999.594000,21.404000,353.151683,360.009142,360.000000,621,6.848317,PI,FIFO,true,PI_FIFO,356.499393
14.610022,-1,15,10000.409000,21.813000,355.450237,359.325306,360.000000,623,4.549763,PI,FIFO,true,PI_FIFO,355.974815
14.620021,-1,15,9999.206000,21.019000,353.012372,358.378366,360.000000,626,6.987628,PI,FIFO,true,PI_FIFO,354.493594
14.630021,-1,15,10000.465000,21.484000,357.313006,358.218562,360.000000,627,2.686994,PI,FIFO,true,PI_FIFO,355.903300
14.640021,-1,15,9999.613000,21.097000,358.006619,358.186771,360.000000,628,1.993381,PI,FIFO,true,PI_FIFO,356.954960
14.650023,-1,15,10002.057000,23.154000,361.794501,358.727930,360.000000,627,-1.794501,PI,FIFO,true,PI_FIFO,359.374730
14.660021,-1,15,9998.242000,21.396000,359.392114,358.827558,360.000000,627,0.607886,PI,FIFO,true,PI_FIFO,359.383422
14.670021,-1,15,9999.910000,21.306000,361.230734,359.188034,360.000000,626,-1.230734,PI,FIFO,true,PI_FIFO,360.307078
14.680032,-1,15,10010.240000,31.546000,359.786184,359.277757,360.000000,626,0.213816,PI,FIFO,true,PI_FIFO,360.046631
14.690021,-1,15,9989.911000,21.457000,362.143892,359.707677,360.000000,625,-2.143892,PI,FIFO,true,PI_FIFO,361.095262
14.700020,-1,15,9998.965000,20.422000,361.132512,359.921402,360.000000,625,-1.132512,PI,FIFO,true,PI_FIFO,361.113887
14.710021,-1,15,10000.761000,21.183000,364.785992,360.651091,360.000000,623,-4.785992,PI,FIFO,true,PI_FIFO,362.949939
14.720020,-1,15,9999.224000,20.407000,366.784038,361.571033,360.000000,619,-6.784038,PI,FIFO,true,PI_FIFO,364.866988
14.730021,-1,15,10000.631000,21.038000,363.869863,361.915857,360.000000,618,-3.869863,PI,FIFO,true,PI_FIFO,364.368426
14.740021,-1,15,9999.465000,20.503000,360.973597,361.774518,360.000000,618,-0.973597,PI,FIFO,true,PI_FIFO,362.671012
14.750021,-1,15,10000.335000,20.838000,358.337315,361.258938,360.000000,619,1.662685,PI,FIFO,true,PI_FIFO,360.504163
14.760020,-1,15,9999.447000,20.285000,358.371560,360.825831,360.000000,620,1.628440,PI,FIFO,true,PI_FIFO,359.437861
14.770021,-1,15,10000.298000,20.583000,353.773585,359.767994,360.000000,623,6.226415,PI,FIFO,true,PI_FIFO,356.605723
14.780030,-1,15,10009.463000,30.046000,354.155424,358.926109,360.000000,626,5.844576,PI,FIFO,true,PI_FIFO,355.380573
14.790022,-1,15,9991.485000,21.531000,353.940538,358.178273,360.000000,628,6.059462,PI,FIFO,true,PI_FIFO,354.660556
14.800025,-1,15,10003.186000,24.717000,357.824427,358.125196,360.000000,629,2.175573,PI,FIFO,true,PI_FIFO,356.242492
14.810022,-1,15,9997.354000,22.071000,359.114466,358.273587,360.000000,629,0.885534,PI,FIFO,true,PI_FIFO,357.678479
14.820021,-1,15,9998.465000,20.536000,362.769486,358.947972,360.000000,627,-2.769486,PI,FIFO,true,PI_FIFO,360.223982
14.830021,-1,15,10000.391000,20.927000,361.271676,359.296527,360.000000,627,-1.271676,PI,FIFO,true,PI_FIFO,360.747829
14.840020,-1,15,9999.483000,20.410000,363.372093,359.907862,360.000000,625,-3.372093,PI,FIFO,true,PI_FIFO,362.059961
14.850022,-1,15,10001.668000,22.078000,359.367513,359.826810,360.000000,626,0.632487,PI,FIFO,true,PI_FIFO,360.713737
14.860021,-1,15,9998.798000,20.876000,364.124806,360.471509,360.000000,624,-4.124806,PI,FIFO,true,PI_FIFO,362.419271
14.870029,-1,15,10008.538000,29.414000,361.445783,360.617650,360.000000,623,-1.445783,PI,FIFO,true,PI_FIFO,361.932527
14.880040,-1,15,10010.315000,39.729000,366.020302,361.428048,360.000000,620,-6.020302,PI,FIFO,true,PI_FIFO,363.976415
14.890024,-1,15,9984.338000,24.067000,364.691390,361.917549,360.000000,618,-4.691390,PI,FIFO,true,PI_FIFO,364.333902
14.900020,-1,15,9996.317000,20.384000,364.963504,362.374442,360.000000,616,-4.963504,PI,FIFO,true,PI_FIFO,364.648703
14.910019,-1,15,9998.428000,18.812000,357.824427,361.691940,360.000000,618,2.175573,PI,FIFO,true,PI_FIFO,361.236565
14.920019,-1,15,10000.168000,18.980000,356.851550,360.965882,360.000000,619,3.148450,PI,FIFO,true,PI_FIFO,359.044057
14.930019,-1,15,9999.650000,18.630000,353.440151,359.837022,360.000000,623,6.559849,PI,FIFO,true,PI_FIFO,356.242104
14.940023,-1,15,10004.334000,22.964000,353.964401,358.956129,360.000000,625,6.035599,PI,FIFO,true,PI_FIFO,355.103253
14.950017,-1,15,9994.522000,17.486000,352.278065,357.954419,360.000000,629,7.721935,PI,FIFO,true,PI_FIFO,353.690659
14.960015,-1,15,9997.965000,15.451000,355.281857,357.553535,360.000000,630,4.718143,PI,FIFO,true,PI_FIFO,354.486258
14.970015,-1,15,9999.853000,15.304000,360.775151,358.036777,360.000000,630,-0.775151,PI,FIFO,true,PI_FIFO,357.630705
14.980025,-1,15,10009.353000,24.657000,360.230548,358.365843,360.000000,629,-0.230548,PI,FIFO,true,PI_FIFO,358.930626
14.990019,-1,15,9994.095000,18.752000,362.248841,358.948293,360.000000,628,-2.248841,PI,FIFO,true,PI_FIFO,360.589733
15.000027,-1,15,10007.834000,26.586000,362.669246,359.506436,360.000000,627,-2.669246,PI,FIFO,true,PI_FIFO,361.629490
15.010016,-1,15,9989.133000,15.719000,364.313472,360.227491,360.000000,625,-4.313472,PI,FIFO,true,PI_FIFO,362.971481
15.020018,-1,15,10002.427000,18.146000,361.097737,360.358028,360.000000,624,-1.097737,PI,FIFO,true,PI_FIFO,362.034609
15.030018,-1,15,10000.076000,18.222000,363.748060,360.866533,360.000000,623,-3.748060,PI,FIFO,true,PI_FIFO,362.891334
15.040018,-1,15,9999.891000,18.113000,363.020329,361.189602,360.000000,621,-3.020329,PI,FIFO,true,PI_FIFO,362.955832
15.050020,-1,15,10001.631000,19.744000,366.620112,362.004179,360.000000,618,-6.620112,PI,FIFO,true,PI_FIFO,364.787972
15.060018,-1,15,9997.835000,17.579000,363.041002,362.159702,360.000000,617,-3.041002,PI,FIFO,true,PI_FIFO,363.914487
15.070017,-1,15,9999.447000,17.026000,362.669246,362.236134,360.000000,616,-2.669246,PI,FIFO,true,PI_FIFO,363.291866
15.080023,-1,15,10006.093000,23.119000,358.554309,361.683860,360.000000,617,1.445691,PI,FIFO,true,PI_FIFO,360.923088
15.090018,-1,15,9994.521000,17.640000,356.803045,360.951738,360.000000,619,3.196955,PI,FIFO,true,PI_FIFO,358.863066
15.100017,-1,15,9999.298000,16.938000,352.065451,359.618795,360.000000,623,7.934549,PI,FIFO,true,PI_FIFO,355.464258
15.110018,-1,15,10001.058000,17.996000,354.945575,358.917812,360.000000,625,5.054425,PI,FIFO,true,PI_FIFO,355.204917
15.120021,-1,15,10002.705000,20.701000,352.254428,357.918304,360.000000,629,7.745572,PI,FIFO,true,PI_FIFO,353.729673
15.130018,-1,15,9997.631000,18.332000,356.294537,357.674739,360.000000,630,3.705463,PI,FIFO,true,PI_FIFO,355.012105
15.140014,-1,15,9996.021000,14.353000,358.998906,357.873364,360.000000,630,1.001094,PI,FIFO,true,PI_FIFO,357.005505
15.150017,-1,15,10003.113000,17.466000,362.545496,358.574184,360.000000,628,-2.545496,PI,FIFO,true,PI_FIFO,359.775501
15.160017,-1,15,10000.002000,17.468000,360.973597,358.934096,360.000000,628,-0.973597,PI,FIFO,true,PI_FIFO,360.374549
15.170017,-1,15,9999.501000,16.969000,363.020329,359.547031,360.000000,626,-3.020329,PI,FIFO,true,PI_FIFO,361.697439
15.180027,-1,15,10009.723000,26.692000,362.062307,359.924322,360.000000,625,-2.062307,PI,FIFO,true,PI_FIFO,361.879873
15.190017,-1,15,9990.374000,17.066000,362.493958,360.309768,360.000000,624,-2.493958,PI,FIFO,true,PI_FIFO,362.186916
15.200017,-1,15,9999.724000,16.790000,362.062307,360.572649,360.000000,623,-2.062307,PI,FIFO,true,PI_FIFO,362.124611
15.210017,-1,15,10000.557000,17.347000,363.901019,361.071904,360.000000,622,-3.901019,PI,FIFO,true,PI_FIFO,363.012815
15.220017,-1,15,9999.891000,17.238000,367.743201,362.072599,360.000000,618,-7.743201,PI,FIFO,true,PI_FIFO,365.378008
15.230017,-1,15,9999.557000,16.795000,363.196126,362.241128,360.000000,617,-3.196126,PI,FIFO,true,PI_FIFO,364.287067
15.240017,-1,15,10000.445000,17.240000,361.097737,362.069619,360.000000,617,-1.097737,PI,FIFO,true,PI_FIFO,362.692402
15.250020,-1,15,10002.371000,19.611000,357.460600,361.378266,360.000000,618,2.539400,PI,FIFO,true,PI_FIFO,360.076501
15.260018,-1,15,9998.112000,17.723000,356.294537,360.615707,360.000000,620,3.705463,PI,FIFO,true,PI_FIFO,358.185519
15.270018,-1,15,10000.575000,18.298000,353.773585,359.589389,360.000000,623,6.226415,PI,FIFO,true,PI_FIFO,355.979552
15.280028,-1,15,10009.221000,27.519000,354.274917,358.792218,360.000000,626,5.725083,PI,FIFO,true,PI_FIFO,355.127235
15.290017,-1,15,9989.614000,17.133000,354.921579,358.211622,360.000000,628,5.078421,PI,FIFO,true,PI_FIFO,355.024407
15.300017,-1,15,10000.000000,17.133000,358.680057,358.281887,360.000000,628,1.319943,PI,FIFO,true,PI_FIFO,356.852232
15.310017,-1,15,10000.297000,17.430000,358.188996,358.267954,360.000000,629,1.811004,PI,FIFO,true,PI_FIFO,357.520614
15.320017,-1,15,9999.705000,17.135000,362.318841,358.875587,360.000000,627,-2.318841,PI,FIFO,true,PI_FIFO,359.919727
15.330017,-1,15,9999.501000,16.636000,360.775151,359.160521,360.000000,627,-0.775151,PI,FIFO,true,PI_FIFO,360.347439
15.340018,-1,15,10001.185000,17.821000,362.710514,359.693020,360.000000,625,-2.710514,PI,FIFO,true,PI_FIFO,361.528977
15.350017,-1,15,9999.149000,16.970000,359.589041,359.677423,360.000000,626,0.410959,PI,FIFO,true,PI_FIFO,360.559009
15.360017,-1,15,10000.223000,17.193000,363.724539,360.284491,360.000000,624,-3.724539,PI,FIFO,true,PI_FIFO,362.141774
15.370017,-1,15,9999.593000,16.786000,361.318088,360.439530,360.000000,624,-1.318088,PI,FIFO,true,PI_FIFO,361.729931
15.380022,-1,15,10004.834000,21.620000,365.319045,361.171458,360.000000,621,-5.319045,PI,FIFO,true,PI_FIFO,363.524488
15.390018,-1,15,9996.834000,18.454000,364.691390,361.699448,360.000000,619,-4.691390,PI,FIFO,true,PI_FIFO,364.107939
15.400018,-1,15,9999.353000,17.807000,365.141188,362.215709,360.000000,617,-5.141188,PI,FIFO,true,PI_FIFO,364.624564
15.410015,-1,15,9997.501000,15.308000,359.539789,361.814321,360.000000,617,0.460211,PI,FIFO,true,PI_FIFO,362.082176
15.420024,-1,15,10008.610000,23.918000,358.371560,361.297907,360.000000,618,1.628440,PI,FIFO,true,PI_FIFO,360.226868
15.430022,-1,15,9997.798000,21.716000,355.281857,360.395499,360.000000,621,4.718143,PI,FIFO,true,PI_FIFO,357.754362
15.440021,-1,15,9999.130000,20.846000,354.921579,359.574411,360.000000,623,5.078421,PI,FIFO,true,PI_FIFO,356.337971
15.450024,-1,15,10003.334000,24.180000,352.609309,358.529646,360.000000,627,7.390691,PI,FIFO,true,PI_FIFO,354.473640
15.460021,-1,15,9996.890000,21.070000,354.729730,357.959658,360.000000,629,5.270270,PI,FIFO,true,PI_FIFO,354.601685
15.470022,-1,15,10000.445000,21.515000,359.712230,358.222544,360.000000,628,0.287770,PI,FIFO,true,PI_FIFO,357.156958
15.480033,-1,15,10011.888000,33.403000,360.023041,358.492619,360.000000,628,-0.023041,PI,FIFO,true,PI_FIFO,358.589999
15.490023,-1,15,9989.132000,22.535000,361.445783,358.935593,360.000000,627,-1.445783,PI,FIFO,true,PI_FIFO,360.017891
15.500025,-1,15,10002.204000,24.739000,361.318088,359.292968,360.000000,627,-1.318088,PI,FIFO,true,PI_FIFO,360.667990
15.510021,-1,15,9996.538000,21.277000,362.669246,359.799409,360.000000,625,-2.669246,PI,FIFO,true,PI_FIFO,361.668618
15.520022,-1,15,10000.519000,21.796000,360.023041,359.832954,360.000000,625,-0.023041,PI,FIFO,true,PI_FIFO,360.845830
15.530021,-1,15,9999.131000,20.927000,362.669246,360.258398,360.000000,624,-2.669246,PI,FIFO,true,PI_FIFO,361.757538
15.540021,-1,15,9999.889000,20.816000,363.184401,360.697298,360.000000,623,-3.184401,PI,FIFO,true,PI_FIFO,362.470969
15.550020,-1,15,9999.371000,20.187000,367.466928,361.712743,360.000000,619,-7.466928,PI,FIFO,true,PI_FIFO,364.968949
15.560020,-1,15,9999.853000,20.040000,361.689815,361.709304,360.000000,619,-1.689815,PI,FIFO,true,PI_FIFO,363.329382
15.570047,-1,15,10026.478000,46.518000,362.809598,361.874348,360.000000,618,-2.809598,PI,FIFO,true,PI_FIFO,363.069490
15.580041,-1,15,9994.057000,40.575000,357.824427,361.266860,360.000000,619,2.175573,PI,FIFO,true,PI_FIFO,360.446959
15.590021,-1,15,9979.967000,20.542000,356.851550,360.604563,360.000000,621,3.148450,PI,FIFO,true,PI_FIFO,358.649254
15.600019,-1,15,9998.149000,18.691000,353.273669,359.504929,360.000000,624,6.726331,PI,FIFO,true,PI_FIFO,355.961462
15.610018,-1,15,9999.704000,18.395000,355.832490,358.954063,360.000000,626,4.167510,PI,FIFO,true,PI_FIFO,355.896976
15.620019,-1,15,10000.390000,18.785000,353.273669,358.102004,360.000000,629,6.726331,PI,FIFO,true,PI_FIFO,354.585323
15.630018,-1,15,9999.001000,17.786000,357.824427,358.060368,360.000000,629,2.175573,PI,FIFO,true,PI_FIFO,356.204875
15.640019,-1,15,10000.871000,18.657000,359.539789,358.282281,360.000000,629,0.460211,PI,FIFO,true,PI_FIFO,357.872332
15.650020,-1,15,10001.519000,20.176000,362.622486,358.933312,360.000000,628,-2.622486,PI,FIFO,true,PI_FIFO,360.247409
15.660018,-1,15,9998.075000,18.251000,360.923965,359.231910,360.000000,627,-0.923965,PI,FIFO,true,PI_FIFO,360.585687
15.670018,-1,15,9999.482000,17.733000,362.809598,359.768563,360.000000,626,-2.809598,PI,FIFO,true,PI_FIFO,361.697642
15.680028,-1,15,10010.184000,27.917000,361.620058,360.046287,360.000000,625,-1.620058,PI,FIFO,true,PI_FIFO,361.658850
15.690020,-1,15,9992.039000,19.956000,362.569061,360.424703,360.000000,624,-2.569061,PI,FIFO,true,PI_FIFO,362.113955
15.700018,-1,15,9998.075000,18.031000,361.558530,360.594777,360.000000,623,-1.558530,PI,FIFO,true,PI_FIFO,361.836243
15.710018,-1,15,9999.594000,17.625000,362.970133,360.951080,360.000000,622,-2.970133,PI,FIFO,true,PI_FIFO,362.403188
15.720018,-1,15,9999.889000,17.514000,367.054353,361.866571,360.000000,619,-7.054353,PI,FIFO,true,PI_FIFO,364.728770
15.730018,-1,15,10000.538000,18.052000,362.569061,361.971945,360.000000,618,-2.569061,PI,FIFO,true,PI_FIFO,363.648916
15.740017,-1,15,9999.353000,17.405000,362.051340,361.983854,360.000000,617,-2.051340,PI,FIFO,true,PI_FIFO,362.850128
15.750017,-1,15,9999.908000,17.313000,357.995227,361.385560,360.000000,619,2.004773,PI,FIFO,true,PI_FIFO,360.422677
15.760017,-1,15,9999.501000,16.814000,358.802624,360.998120,360.000000,619,1.197376,PI,FIFO,true,PI_FIFO,359.612651
15.770017,-1,15,9999.945000,16.759000,352.775165,359.764676,360.000000,623,7.224835,PI,FIFO,true,PI_FIFO,356.193908
15.780023,-1,15,10006.351000,23.110000,354.729730,359.009434,360.000000,625,5.270270,PI,FIFO,true,PI_FIFO,355.461819
15.790017,-1,15,9994.224000,17.334000,353.773585,358.224057,360.000000,628,6.226415,PI,FIFO,true,PI_FIFO,354.617702
15.800014,-1,15,9996.835000,14.169000,359.287174,358.383525,360.000000,628,0.712826,PI,FIFO,true,PI_FIFO,356.952438
15.810018,-1,15,10003.352000,17.521000,359.367513,358.531123,360.000000,628,0.632487,PI,FIFO,true,PI_FIFO,358.159976
15.820017,-1,15,9999.519000,17.040000,361.371145,358.957126,360.000000,627,-1.371145,PI,FIFO,true,PI_FIFO,359.765560
15.830017,-1,15,10000.167000,17.207000,360.057609,359.122199,360.000000,627,-0.057609,PI,FIFO,true,PI_FIFO,359.911585
15.840023,-1,15,10005.296000,22.503000,362.435567,359.619204,360.000000,626,-2.435567,PI,FIFO,true,PI_FIFO,361.173576
15.850019,-1,15,9996.650000,19.153000,358.680057,359.478332,360.000000,626,1.319943,PI,FIFO,true,PI_FIFO,359.926817
15.860018,-1,15,9998.704000,17.857000,363.372093,360.062396,360.000000,625,-3.372093,PI,FIFO,true,PI_FIFO,361.649455
15.870018,-1,15,9999.760000,17.617000,362.143892,360.374620,360.000000,624,-2.143892,PI,FIFO,true,PI_FIFO,361.896673
15.880028,-1,15,10010.462000,28.079000,366.784038,361.336033,360.000000,620,-6.784038,PI,FIFO,true,PI_FIFO,364.340355
15.890017,-1,15,9989.021000,17.100000,364.431487,361.800351,360.000000,619,-4.431487,PI,FIFO,true,PI_FIFO,364.385921
15.900018,-1,15,10001.019000,18.119000,364.963504,362.274824,360.000000,616,-4.963504,PI,FIFO,true,PI_FIFO,364.674712
15.910018,-1,15,9999.797000,17.916000,359.838792,361.909419,360.000000,617,0.161208,PI,FIFO,true,PI_FIFO,362.256752
15.920014,-1,15,9996.298000,14.214000,358.337315,361.373604,360.000000,618,1.662685,PI,FIFO,true,PI_FIFO,360.297034
15.930019,-1,15,10004.370000,18.584000,355.498375,360.492319,360.000000,620,4.501625,PI,FIFO,true,PI_FIFO,357.897704
15.940017,-1,15,9998.464000,17.048000,355.618777,359.761288,360.000000,622,4.381223,PI,FIFO,true,PI_FIFO,356.758240
15.950017,-1,15,9999.575000,16.623000,351.876676,358.578596,360.000000,626,8.123324,PI,FIFO,true,PI_FIFO,354.317458
15.960018,-1,15,10000.964000,17.587000,354.274917,357.933044,360.000000,629,5.725083,PI,FIFO,true,PI_FIFO,354.296188
15.970017,-1,15,9999.130000,16.717000,359.470859,358.163716,360.000000,628,0.529141,PI,FIFO,true,PI_FIFO,356.883523
15.980025,-1,15,10007.999000,24.716000,359.712230,358.395993,360.000000,628,0.287770,PI,FIFO,true,PI_FIFO,358.297877
15.990017,-1,15,9992.391000,17.107000,361.769570,358.902030,360.000000,627,-1.769570,PI,FIFO,true,PI_FIFO,360.033723
16.000027,-1,15,10009.759000,26.866000,361.394558,359.275909,360.000000,626,-1.394558,PI,FIFO,true,PI_FIFO,360.714141
16.010022,-1,15,9995.445000,22.311000,364.178690,360.011326,360.000000,624,-4.178690,PI,FIFO,true,PI_FIFO,362.446415
16.020015,-1,15,9992.743000,15.054000,359.539789,359.940596,360.000000,625,0.460211,PI,FIFO,true,PI_FIFO,360.993102
16.030018,-1,15,10003.278000,18.332000,362.435567,360.314841,360.000000,624,-2.435567,PI,FIFO,true,PI_FIFO,361.714335
16.040018,-1,15,9999.205000,17.537000,362.143892,360.589199,360.000000,623,-2.143892,PI,FIFO,true,PI_FIFO,361.929113
16.050018,-1,15,10000.204000,17.741000,367.358934,361.604659,360.000000,619,-7.358934,PI,FIFO,true,PI_FIFO,364.644024
16.060018,-1,15,9999.982000,17.723000,362.318841,361.711786,360.000000,618,-2.318841,PI,FIFO,true,PI_FIFO,363.481432
16.070017,-1,15,9999.168000,16.891000,363.559979,361.989015,360.000000,617,-3.559979,PI,FIFO,true,PI_FIFO,363.520706
16.080029,-1,15,10012.517000,29.408000,358.508604,361.466954,360.000000,618,1.491396,PI,FIFO,true,PI_FIFO,361.014655
16.090017,-1,15,9987.614000,17.022000,356.463878,360.716492,360.000000,620,3.536122,PI,FIFO,true,PI_FIFO,358.739267
16.100017,-1,15,10000.315000,17.337000,352.941176,359.550195,360.000000,623,7.058824,PI,FIFO,true,PI_FIFO,355.840222
16.110017,-1,15,10000.019000,17.356000,354.755298,358.830960,360.000000,626,5.244702,PI,FIFO,true,PI_FIFO,355.297760
16.120017,-1,15,9999.538000,16.894000,353.329146,358.005688,360.000000,629,6.670854,PI,FIFO,true,PI_FIFO,354.313453
16.130017,-1,15,10000.149000,17.043000,356.916244,357.842272,360.000000,630,3.083756,PI,FIFO,true,PI_FIFO,355.614848
16.140017,-1,15,10000.186000,17.229000,359.367513,358.071058,360.000000,630,0.632487,PI,FIFO,true,PI_FIFO,357.491181
16.150018,-1,15,10000.519000,17.748000,362.996902,358.809934,360.000000,628,-2.996902,PI,FIFO,true,PI_FIFO,360.244042
16.160017,-1,15,9999.649000,17.397000,360.576923,359.074983,360.000000,628,-0.576923,PI,FIFO,true,PI_FIFO,360.410482
16.170017,-1,15,9999.538000,16.935000,363.548231,359.745970,360.000000,626,-3.548231,PI,FIFO,true,PI_FIFO,361.979357
16.180026,-1,15,10008.610000,25.545000,361.689815,360.037547,360.000000,625,-1.689815,PI,FIFO,true,PI_FIFO,361.834586
16.190017,-1,15,9991.335000,16.880000,364.077670,360.643565,360.000000,623,-4.077670,PI,FIFO,true,PI_FIFO,362.956128
16.200024,-1,15,10007.537000,24.417000,361.769570,360.812466,360.000000,623,-1.769570,PI,FIFO,true,PI_FIFO,362.362849
16.210022,-1,15,9997.483000,21.900000,364.036090,361.296009,360.000000,621,-4.036090,PI,FIFO,true,PI_FIFO,363.199469
16.220021,-1,15,9999.371000,21.271000,366.020302,362.004653,360.000000,618,-6.020302,PI,FIFO,true,PI_FIFO,364.609886
16.230021,-1,15,9999.352000,20.623000,363.372093,362.209769,360.000000,617,-3.372093,PI,FIFO,true,PI_FIFO,363.990989
16.240022,-1,15,10001.537000,22.160000,360.207480,361.909426,360.000000,617,-0.207480,PI,FIFO,true,PI_FIFO,362.099234
16.250023,-1,15,10000.907000,23.067000,358.337315,361.373609,360.000000,618,1.662685,PI,FIFO,true,PI_FIFO,360.218275
16.260021,-1,15,9997.722000,20.789000,357.434641,360.782764,360.000000,619,2.565359,PI,FIFO,true,PI_FIFO,358.826458
16.270029,-1,15,10007.758000,28.547000,352.609309,359.556746,360.000000,623,7.390691,PI,FIFO,true,PI_FIFO,355.717883
16.280043,-1,15,10014.367000,42.914000,353.151683,358.595986,360.000000,626,6.848317,PI,FIFO,true,PI_FIFO,354.434783
16.290023,-1,15,9980.022000,22.936000,353.012372,357.758444,360.000000,629,6.987628,PI,FIFO,true,PI_FIFO,353.723578
16.300019,-1,15,9995.889000,18.825000,358.166189,357.819606,360.000000,629,1.833811,PI,FIFO,true,PI_FIFO,355.944883
16.310017,-1,15,9998.093000,16.918000,357.045702,357.703520,360.000000,631,2.954298,PI,FIFO,true,PI_FIFO,356.495293
16.320014,-1,15,9997.388000,14.306000,363.206472,358.528963,360.000000,629,-3.206472,PI,FIFO,true,PI_FIFO,359.850882
16.330017,-1,15,10003.092000,17.398000,361.172262,358.925458,360.000000,628,-1.172262,PI,FIFO,true,PI_FIFO,360.511572
16.340018,-1,15,10000.166000,17.564000,363.206472,359.567610,360.000000,626,-3.206472,PI,FIFO,true,PI_FIFO,361.859022
16.350017,-1,15,9999.889000,17.453000,359.786184,359.600396,360.000000,627,0.213816,PI,FIFO,true,PI_FIFO,360.822603
16.360018,-1,15,10000.888000,18.341000,364.077670,360.271987,360.000000,625,-4.077670,PI,FIFO,true,PI_FIFO,362.450137
16.370019,-1,15,10000.389000,18.730000,361.620058,360.474198,360.000000,624,-1.620058,PI,FIFO,true,PI_FIFO,362.035097
16.380030,-1,15,10010.813000,29.543000,367.358934,361.506908,360.000000,621,-7.358934,PI,FIFO,true,PI_FIFO,364.697016
16.390017,-1,15,9987.797000,17.340000,364.702517,361.986250,360.000000,619,-4.702517,PI,FIFO,true,PI_FIFO,364.699766
16.400015,-1,15,9997.297000,14.637000,366.006693,362.589316,360.000000,616,-6.006693,PI,FIFO,true,PI_FIFO,365.353230
16.410019,-1,15,10003.962000,18.599000,359.712230,362.157753,360.000000,617,0.287770,PI,FIFO,true,PI_FIFO,362.532730
16.420014,-1,15,9995.259000,13.858000,357.278963,361.425935,360.000000,618,2.721037,PI,FIFO,true,PI_FIFO,359.905847
16.430017,-1,15,10003.092000,16.950000,354.609929,360.403534,360.000000,621,5.390071,PI,FIFO,true,PI_FIFO,357.257888
16.440018,-1,15,10000.851000,17.801000,354.538088,359.523717,360.000000,624,5.461912,PI,FIFO,true,PI_FIFO,355.897988
16.450023,-1,15,10005.370000,23.171000,352.609309,358.486556,360.000000,627,7.390691,PI,FIFO,true,PI_FIFO,354.253648
16.460021,-1,15,9998.185000,21.356000,355.305901,358.009458,360.000000,629,4.694099,PI,FIFO,true,PI_FIFO,354.779775
16.470019,-1,15,9997.926000,19.282000,359.367513,358.213166,360.000000,629,0.632487,PI,FIFO,true,PI_FIFO,357.073644
16.480028,-1,15,10008.776000,28.058000,359.654731,358.429401,360.000000,628,0.345269,PI,FIFO,true,PI_FIFO,358.364188
16.490022,-1,15,9993.482000,21.540000,361.271676,358.855742,360.000000,628,-1.271676,PI,FIFO,true,PI_FIFO,359.817932
16.500021,-1,15,9999.222000,20.762000,361.689815,359.280853,360.000000,627,-1.689815,PI,FIFO,true,PI_FIFO,360.753873
16.510019,-1,15,9998.037000,18.799000,364.077670,360.000376,360.000000,625,-4.077670,PI,FIFO,true,PI_FIFO,362.415772
16.520017,-1,15,9998.666000,17.465000,359.470859,359.920948,360.000000,625,0.529141,PI,FIFO,true,PI_FIFO,360.943315
16.530022,-1,15,10004.110000,21.575000,362.669246,360.333193,360.000000,624,-2.669246,PI,FIFO,true,PI_FIFO,361.806280
16.540021,-1,15,9999.463000,21.038000,363.184401,360.760874,360.000000,623,-3.184401,PI,FIFO,true,PI_FIFO,362.495341
16.550019,-1,15,9998.166000,19.204000,366.748166,361.658968,360.000000,619,-6.748166,PI,FIFO,true,PI_FIFO,364.621753
16.560018,-1,15,9998.297000,17.501000,361.875965,361.691517,360.000000,619,-1.875965,PI,FIFO,true,PI_FIFO,363.248859
16.570023,-1,15,10005.184000,22.685000,363.724539,361.996471,360.000000,617,-3.724539,PI,FIFO,true,PI_FIFO,363.486699
16.580030,-1,15,10007.720000,30.405000,358.920368,361.535055,360.000000,618,1.079632,PI,FIFO,true,PI_FIFO,361.203533
16.590019,-1,15,9988.224000,18.629000,357.824427,360.978461,360.000000,619,2.175573,PI,FIFO,true,PI_FIFO,359.513980
16.600017,-1,15,9998.722000,17.351000,352.443609,359.698233,360.000000,623,7.556391,PI,FIFO,true,PI_FIFO,355.978795
16.610022,-1,15,10004.425000,21.776000,355.618777,359.086315,360.000000,625,4.381223,PI,FIFO,true,PI_FIFO,355.798786
16.620021,-1,15,9999.389000,21.165000,352.822581,358.146755,360.000000,628,7.177419,PI,FIFO,true,PI_FIFO,354.310683
16.630019,-1,15,9997.759000,18.924000,357.653791,358.072810,360.000000,629,2.346209,PI,FIFO,true,PI_FIFO,355.982237
16.640017,-1,15,9998.185000,17.109000,359.103677,358.227440,360.000000,629,0.896323,PI,FIFO,true,PI_FIFO,357.542957
16.650023,-1,15,10006.369000,23.478000,363.020329,358.946374,360.000000,627,-3.020329,PI,FIFO,true,PI_FIFO,360.281643
16.660021,-1,15,9997.333000,20.811000,361.132512,359.274294,360.000000,627,-1.132512,PI,FIFO,true,PI_FIFO,360.707077
16.670018,-1,15,9997.445000,18.256000,361.271676,359.573902,360.000000,626,-1.271676,PI,FIFO,true,PI_FIFO,360.989377
16.680028,-1,15,10009.627000,27.883000,361.570248,359.873353,360.000000,625,-1.570248,PI,FIFO,true,PI_FIFO,361.279812
16.690021,-1,15,9993.408000,21.291000,361.722651,360.150748,360.000000,625,-1.722651,PI,FIFO,true,PI_FIFO,361.501232
16.700021,-1,15,9999.222000,20.513000,360.973597,360.274175,360.000000,624,-0.973597,PI,FIFO,true,PI_FIFO,361.237415
16.710019,-1,15,9998.093000,18.606000,364.535682,360.913401,360.000000,622,-4.535682,PI,FIFO,true,PI_FIFO,362.886548
16.720017,-1,15,9998.741000,17.347000,365.802676,361.646793,360.000000,619,-5.802676,PI,FIFO,true,PI_FIFO,364.344612
16.730021,-1,15,10003.554000,20.901000,363.206472,361.880744,360.000000,618,-3.206472,PI,FIFO,true,PI_FIFO,363.775542
16.740021,-1,15,10000.148000,21.049000,360.181120,361.625801,360.000000,618,-0.181120,PI,FIFO,true,PI_FIFO,361.978331
16.750019,-1,15,9997.981000,19.030000,357.313006,360.978882,360.000000,620,2.686994,PI,FIFO,true,PI_FIFO,359.645669
16.760017,-1,15,9998.111000,17.141000,357.824427,360.505713,360.000000,621,2.175573,PI,FIFO,true,PI_FIFO,358.735048
16.770021,-1,15,10003.907000,21.048000,352.775165,359.346131,360.000000,625,7.224835,PI,FIFO,true,PI_FIFO,355.755106
16.780029,-1,15,10007.924000,28.972000,354.155424,358.567525,360.000000,627,5.844576,PI,FIFO,true,PI_FIFO,354.955265
16.790019,-1,15,9989.650000,18.622000,353.940538,357.873477,360.000000,630,6.059462,PI,FIFO,true,PI_FIFO,354.447901
16.800017,-1,15,9998.351000,16.973000,359.654731,358.140665,360.000000,629,0.345269,PI,FIFO,true,PI_FIFO,357.051316
16.810021,-1,15,10004.444000,21.417000,359.023456,358.273084,360.000000,630,0.976544,PI,FIFO,true,PI_FIFO,358.037386
16.820021,-1,15,9999.944000,21.361000,362.168874,358.857452,360.000000,628,-2.168874,PI,FIFO,true,PI_FIFO,360.103130
16.830019,-1,15,9998.018000,19.379000,362.051340,359.336536,360.000000,627,-2.051340,PI,FIFO,true,PI_FIFO,361.077235
16.840015,-1,15,9995.778000,15.157000,363.573407,359.972066,360.000000,626,-3.573407,PI,FIFO,true,PI_FIFO,362.325321
16.850023,-1,15,10007.739000,22.896000,360.576923,360.062795,360.000000,626,-0.576923,PI,FIFO,true,PI_FIFO,361.451122
16.860023,-1,15,9999.926000,22.822000,365.070093,360.813890,360.000000,623,-5.070093,PI,FIFO,true,PI_FIFO,363.260608
16.870019,-1,15,9995.778000,18.600000,362.493958,361.065900,360.000000,622,-2.493958,PI,FIFO,true,PI_FIFO,362.877283
16.880033,-1,15,10014.368000,32.968000,366.401772,361.866281,360.000000,619,-6.401772,PI,FIFO,true,PI_FIFO,364.639527
16.890019,-1,15,9986.113000,19.081000,363.041002,362.042489,360.000000,618,-3.041002,PI,FIFO,true,PI_FIFO,363.840265
16.900030,-1,15,10010.590000,29.671000,364.988877,362.484447,360.000000,616,-4.988877,PI,FIFO,true,PI_FIFO,364.414571
16.910019,-1,15,9989.150000,18.821000,358.851675,361.939531,360.000000,617,1.148325,PI,FIFO,true,PI_FIFO,361.633123
16.920018,-1,15,9999.314000,18.135000,356.554260,361.131740,360.000000,619,3.445740,PI,FIFO,true,PI_FIFO,359.093691
16.930018,-1,15,9999.407000,17.542000,353.773585,360.028017,360.000000,622,6.226415,PI,FIFO,true,PI_FIFO,356.433638
16.940018,-1,15,10000.333000,17.875000,353.964401,359.118475,360.000000,625,6.035599,PI,FIFO,true,PI_FIFO,355.199020
16.950018,-1,15,10000.481000,18.356000,352.609309,358.142100,360.000000,628,7.390691,PI,FIFO,true,PI_FIFO,353.904164
16.960019,-1,15,10000.278000,18.634000,354.155424,357.544098,360.000000,630,5.844576,PI,FIFO,true,PI_FIFO,354.029794
16.970034,-1,15,10015.700000,34.334000,360.403652,357.973031,360.000000,630,-0.403652,PI,FIFO,true,PI_FIFO,357.216723
16.980039,-1,15,10004.277000,38.611000,359.654731,358.225286,360.000000,629,0.345269,PI,FIFO,true,PI_FIFO,358.435727
16.990019,-1,15,9980.373000,18.984000,362.318841,358.839320,360.000000,628,-2.318841,PI,FIFO,true,PI_FIFO,360.377284
17.000025,-1,15,10006.036000,25.020000,361.132512,359.183298,360.000000,628,-1.132512,PI,FIFO,true,PI_FIFO,360.754898
17.010019,-1,15,9993.686000,18.706000,363.724539,359.864485,360.000000,626,-3.724539,PI,FIFO,true,PI_FIFO,362.239719
17.020015,-1,15,9996.204000,14.910000,360.207480,359.915934,360.000000,626,-0.207480,PI,FIFO,true,PI_FIFO,361.223599
17.030018,-1,15,10002.740000,17.650000,363.372093,360.434358,360.000000,624,-3.372093,PI,FIFO,true,PI_FIFO,362.297846
17.040017,-1,15,9999.536000,17.186000,363.936335,360.959654,360.000000,623,-3.936335,PI,FIFO,true,PI_FIFO,363.117091
17.050019,-1,15,10002.222000,19.408000,367.647059,361.962765,360.000000,619,-7.647059,PI,FIFO,true,PI_FIFO,365.382075
17.060018,-1,15,9998.092000,17.500000,362.062307,361.977696,360.000000,618,-2.062307,PI,FIFO,true,PI_FIFO,363.722191
17.070018,-1,15,10000.204000,17.704000,363.724539,362.239723,360.000000,617,-3.724539,PI,FIFO,true,PI_FIFO,363.723365
17.080026,-1,15,10008.405000,26.109000,358.554309,361.686911,360.000000,618,1.445691,PI,FIFO,true,PI_FIFO,361.138837
17.090017,-1,15,9991.335000,17.444000,358.508604,361.210165,360.000000,619,1.491396,PI,FIFO,true,PI_FIFO,359.823721
17.100017,-1,15,9999.888000,17.332000,352.065451,359.838458,360.000000,623,7.934549,PI,FIFO,true,PI_FIFO,355.944586
17.110027,-1,15,10009.554000,26.886000,356.294537,359.306869,360.000000,624,3.705463,PI,FIFO,true,PI_FIFO,356.119561
17.120019,-1,15,9992.353000,19.239000,352.620361,358.303893,360.000000,628,7.379639,PI,FIFO,true,PI_FIFO,354.369961
17.130019,-1,15,9999.351000,18.590000,357.278963,358.150154,360.000000,629,2.721037,PI,FIFO,true,PI_FIFO,355.824462
17.140018,-1,15,9999.778000,18.368000,358.680057,358.229639,360.000000,629,1.319943,PI,FIFO,true,PI_FIFO,357.252260
17.150015,-1,15,9997.074000,15.442000,363.171002,358.970844,360.000000,627,-3.171002,PI,FIFO,true,PI_FIFO,360.211631
17.160018,-1,15,10002.314000,17.756000,360.088116,359.138434,360.000000,627,-0.088116,PI,FIFO,true,PI_FIFO,360.149873
17.170018,-1,15,10000.499000,18.255000,362.970133,359.713189,360.000000,625,-2.970133,PI,FIFO,true,PI_FIFO,361.560003
17.180027,-1,15,10008.277000,26.532000,360.903533,359.891741,360.000000,625,-0.903533,PI,FIFO,true,PI_FIFO,361.231768
17.190017,-1,15,9990.834000,17.366000,362.168874,360.233311,360.000000,624,-2.168874,PI,FIFO,true,PI_FIFO,361.700321
17.200014,-1,15,9996.685000,14.051000,360.923965,360.336909,360.000000,624,-0.923965,PI,FIFO,true,PI_FIFO,361.312143
17.210016,-1,15,10002.370000,16.421000,364.313472,360.933393,360.000000,622,-4.313472,PI,FIFO,true,PI_FIFO,362.812807
17.220017,-1,15,10000.722000,17.143000,366.389839,361.751860,360.000000,619,-6.389839,PI,FIFO,true,PI_FIFO,364.601323
17.230017,-1,15,9999.796000,16.939000,363.748060,362.051290,360.000000,617,-3.748060,PI,FIFO,true,PI_FIFO,364.174692
17.240017,-1,15,10000.128000,17.067000,361.271676,361.934348,360.000000,617,-1.271676,PI,FIFO,true,PI_FIFO,362.723184
17.250017,-1,15,9999.665000,16.732000,357.278963,361.236040,360.000000,619,2.721037,PI,FIFO,true,PI_FIFO,360.001074
17.260018,-1,15,10001.017000,17.749000,356.803045,360.571091,360.000000,620,3.196955,PI,FIFO,true,PI_FIFO,358.402059
17.270017,-1,15,9999.166000,16.915000,353.012372,359.437283,360.000000,624,6.987628,PI,FIFO,true,PI_FIFO,355.707216
17.280034,-1,15,10016.903000,33.818000,354.442344,358.688042,360.000000,626,5.557656,PI,FIFO,true,PI_FIFO,355.074780
17.290019,-1,15,9985.168000,18.986000,354.155424,358.008150,360.000000,629,5.844576,PI,FIFO,true,PI_FIFO,354.615102
17.300017,-1,15,9998.369000,17.355000,360.057609,358.315568,360.000000,628,-0.057609,PI,FIFO,true,PI_FIFO,357.336355
17.310017,-1,15,9999.424000,16.779000,358.508604,358.344524,360.000000,629,1.491396,PI,FIFO,true,PI_FIFO,357.922480
17.320017,-1,15,10000.203000,16.982000,362.062307,358.902191,360.000000,627,-2.062307,PI,FIFO,true,PI_FIFO,359.992393
17.330017,-1,15,10000.054000,17.036000,361.097737,359.231523,360.000000,627,-1.097737,PI,FIFO,true,PI_FIFO,360.545065
17.340014,-1,15,9997.369000,14.405000,363.171002,359.822445,360.000000,625,-3.171002,PI,FIFO,true,PI_FIFO,361.858033
17.350014,-1,15,9999.832000,14.237000,359.925474,359.837899,360.000000,625,0.074526,PI,FIFO,true,PI_FIFO,360.891754
17.360014,-1,15,9999.925000,14.162000,363.976705,360.458720,360.000000,624,-3.976705,PI,FIFO,true,PI_FIFO,362.434230
17.370018,-1,15,10004.238000,18.400000,361.067059,360.549971,360.000000,623,-1.067059,PI,FIFO,true,PI_FIFO,361.750645
17.380026,-1,15,10007.164000,25.564000,366.006693,361.368479,360.000000,620,-6.006693,PI,FIFO,true,PI_FIFO,363.878669
17.390018,-1,15,9991.963000,17.527000,363.724539,361.721888,360.000000,619,-3.724539,PI,FIFO,true,PI_FIFO,363.801604
17.400017,-1,15,9999.888000,17.415000,364.502333,362.138955,360.000000,617,-4.502333,PI,FIFO,true,PI_FIFO,364.151968
17.410017,-1,15,9999.628000,17.043000,358.680057,361.620120,360.000000,618,1.319943,PI,FIFO,true,PI_FIFO,361.416013
17.420017,-1,15,10000.332000,17.375000,357.278963,360.968947,360.000000,619,2.721037,PI,FIFO,true,PI_FIFO,359.347488
17.430019,-1,15,10001.424000,18.799000,355.293077,360.117566,360.000000,622,4.706923,PI,FIFO,true,PI_FIFO,357.320283
17.440018,-1,15,9998.851000,17.650000,354.219144,359.232803,360.000000,624,5.780856,PI,FIFO,true,PI_FIFO,355.769713
17.450017,-1,15,9999.387000,17.037000,351.782364,358.115237,360.000000,628,8.217636,PI,FIFO,true,PI_FIFO,353.776039
17.460015,-1,15,9998.369000,15.406000,355.113636,357.664997,360.000000,630,4.886364,PI,FIFO,true,PI_FIFO,354.444837
17.470017,-1,15,10001.332000,16.738000,359.786184,357.983175,360.000000,630,0.213816,PI,FIFO,true,PI_FIFO,357.115511
17.480026,-1,15,10009.071000,25.809000,359.539789,358.216667,360.000000,630,0.460211,PI,FIFO,true,PI_FIFO,358.327650
17.490018,-1,15,9991.982000,17.791000,361.503856,358.709746,360.000000,629,-1.503856,PI,FIFO,true,PI_FIFO,359.915753
17.500017,-1,15,9999.517000,17.308000,361.620058,359.146292,360.000000,628,-1.620058,PI,FIFO,true,PI_FIFO,360.767905
17.510017,-1,15,10000.072000,17.380000,364.583333,359.961849,360.000000,626,-4.583333,PI,FIFO,true,PI_FIFO,362.675619
17.520017,-1,15,9999.369000,16.749000,360.250904,360.005207,360.000000,626,-0.250904,PI,FIFO,true,PI_FIFO,361.463262
17.530017,-1,15,10000.499000,17.248000,364.178690,360.631229,360.000000,624,-4.178690,PI,FIFO,true,PI_FIFO,362.820976
17.540018,-1,15,10000.387000,17.635000,363.703788,361.092113,360.000000,622,-3.703788,PI,FIFO,true,PI_FIFO,363.262382
17.550017,-1,15,9999.129000,16.764000,367.853139,362.106267,360.000000,619,-7.853139,PI,FIFO,true,PI_FIFO,365.557761
17.560017,-1,15,10000.054000,16.818000,363.206472,362.271298,360.000000,617,-3.206472,PI,FIFO,true,PI_FIFO,364.382116
17.570017,-1,15,9999.924000,16.742000,363.573407,362.466614,360.000000,616,-3.573407,PI,FIFO,true,PI_FIFO,363.977762
17.580025,-1,15,10008.146000,24.888000,358.508604,361.872913,360.000000,617,1.491396,PI,FIFO,true,PI_FIFO,361.243183
17.590018,-1,15,9993.110000,17.998000,356.554260,361.075115,360.000000,619,3.445740,PI,FIFO,true,PI_FIFO,358.898721
17.600026,-1,15,10008.312000,26.310000,352.278065,359.755557,360.000000,623,7.721935,PI,FIFO,true,PI_FIFO,355.588393
17.610018,-1,15,9992.019000,18.329000,354.729730,359.001683,360.000000,625,5.270270,PI,FIFO,true,PI_FIFO,355.159061
17.620018,-1,15,9999.443000,17.772000,352.609309,358.042827,360.000000,628,7.390691,PI,FIFO,true,PI_FIFO,353.884185
17.630018,-1,15,9999.832000,17.604000,356.851550,357.864135,360.000000,629,3.148450,PI,FIFO,true,PI_FIFO,355.367867
17.640017,-1,15,9999.628000,17.232000,358.508604,357.960806,360.000000,630,1.491396,PI,FIFO,true,PI_FIFO,356.938236
17.650017,-1,15,9999.888000,17.120000,362.318841,358.614511,360.000000,628,-2.318841,PI,FIFO,true,PI_FIFO,359.628538
17.660018,-1,15,10001.165000,18.285000,360.576923,358.908873,360.000000,628,-0.576923,PI,FIFO,true,PI_FIFO,360.102731
17.670037,-1,15,10018.273000,36.558000,362.435567,359.437877,360.000000,627,-2.435567,PI,FIFO,true,PI_FIFO,361.269149
17.680045,-1,15,10008.701000,45.259000,362.669246,359.922582,360.000000,625,-2.669246,PI,FIFO,true,PI_FIFO,361.969197
17.690019,-1,15,9974.058000,19.317000,362.622486,360.327568,360.000000,624,-2.622486,PI,FIFO,true,PI_FIFO,362.295842
17.700018,-1,15,9998.999000,18.316000,361.794501,360.547608,360.000000,624,-1.794501,PI,FIFO,true,PI_FIFO,362.045171
17.710017,-1,15,9998.814000,17.130000,364.313472,361.112487,360.000000,622,-4.313472,PI,FIFO,true,PI_FIFO,363.179321
17.720017,-1,15,9999.813000,16.943000,366.389839,361.904090,360.000000,619,-6.389839,PI,FIFO,true,PI_FIFO,364.784580
17.730037,-1,15,10020.032000,36.975000,364.313472,362.265497,360.000000,617,-4.313472,PI,FIFO,true,PI_FIFO,364.549026
17.740034,-1,15,9997.259000,34.234000,361.886921,362.208711,360.000000,616,-1.886921,PI,FIFO,true,PI_FIFO,363.217973
17.750019,-1,15,9984.815000,19.049000,358.998906,361.727240,360.000000,617,1.001094,PI,FIFO,true,PI_FIFO,361.108440
17.760015,-1,15,9996.389000,15.438000,356.972870,361.014085,360.000000,619,3.027130,PI,FIFO,true,PI_FIFO,359.040655
17.770032,-1,15,10016.088000,31.526000,353.964401,359.956632,360.000000,622,6.035599,PI,FIFO,true,PI_FIFO,356.502528
17.780032,-1,15,10000.295000,31.821000,353.773585,359.029175,360.000000,625,6.226415,PI,FIFO,true,PI_FIFO,355.138056
17.790018,-1,15,9986.075000,17.896000,354.040785,358.280917,360.000000,627,5.959215,PI,FIFO,true,PI_FIFO,354.589421
17.800018,-1,15,9999.647000,17.543000,357.460600,358.157869,360.000000,628,2.539400,PI,FIFO,true,PI_FIFO,356.025010
17.810017,-1,15,9999.554000,17.097000,357.460600,358.053279,360.000000,629,2.539400,PI,FIFO,true,PI_FIFO,356.742805
17.820017,-1,15,10000.350000,17.447000,361.271676,358.536038,360.000000,628,-1.271676,PI,FIFO,true,PI_FIFO,359.007241
17.830017,-1,15,9999.888000,17.335000,359.654731,358.703842,360.000000,628,0.345269,PI,FIFO,true,PI_FIFO,359.330986
17.840017,-1,15,9999.998000,17.333000,361.271676,359.089017,360.000000,627,-1.271676,PI,FIFO,true,PI_FIFO,360.301331
17.850017,-1,15,9999.628000,16.961000,357.045702,358.782520,360.000000,629,2.954298,PI,FIFO,true,PI_FIFO,358.673517
17.860019,-1,15,10001.610000,18.571000,362.493958,359.339236,360.000000,627,-2.493958,PI,FIFO,true,PI_FIFO,360.583737
17.870017,-1,15,9998.517000,17.088000,361.503856,359.663929,360.000000,627,-1.503856,PI,FIFO,true,PI_FIFO,361.043797
17.880027,-1,15,10010.256000,27.344000,366.210938,360.645980,360.000000,624,-6.210938,PI,FIFO,true,PI_FIFO,363.627367
17.890017,-1,15,9989.889000,17.233000,364.988877,361.297415,360.000000,622,-4.988877,PI,FIFO,true,PI_FIFO,364.308122
17.900017,-1,15,10000.129000,17.362000,365.853659,361.980851,360.000000,619,-5.853659,PI,FIFO,true,PI_FIFO,365.080890
17.910017,-1,15,9999.480000,16.842000,360.088116,361.696941,360.000000,619,-0.088116,PI,FIFO,true,PI_FIFO,362.584503
17.920017,-1,15,10000.313000,17.155000,359.195402,361.321710,360.000000,620,0.804598,PI,FIFO,true,PI_FIFO,360.889953
17.930017,-1,15,9999.869000,17.024000,356.463878,360.593035,360.000000,622,3.536122,PI,FIFO,true,PI_FIFO,358.676915
17.940015,-1,15,9997.925000,14.949000,356.012658,359.905979,360.000000,624,3.987342,PI,FIFO,true,PI_FIFO,357.344787
17.950017,-1,15,10001.757000,16.706000,353.151683,358.892834,360.000000,627,6.848317,PI,FIFO,true,PI_FIFO,355.248235
17.960014,-1,15,9997.370000,14.076000,355.832490,358.433783,360.000000,629,4.167510,PI,FIFO,true,PI_FIFO,355.540362
17.970015,-1,15,10001.295000,15.371000,359.712230,358.625550,360.000000,628,0.287770,PI,FIFO,true,PI_FIFO,357.626296
17.980028,-1,15,10012.533000,27.904000,359.983544,358.829249,360.000000,628,0.016456,PI,FIFO,true,PI_FIFO,358.804920
17.990018,-1,15,9990.167000,18.071000,362.143892,359.326445,360.000000,627,-2.143892,PI,FIFO,true,PI_FIFO,360.474406
18.000029,-1,15,10010.441000,28.512000,361.503856,359.653057,360.000000,626,-1.503856,PI,FIFO,true,PI_FIFO,360.989131
18.010020,-1,15,9991.796000,20.308000,363.548231,360.237333,360.000000,625,-3.548231,PI,FIFO,true,PI_FIFO,362.268681
18.020018,-1,15,9997.222000,17.530000,359.470859,360.122362,360.000000,625,0.529141,PI,FIFO,true,PI_FIFO,360.869770
18.030019,-1,15,10001.702000,19.232000,362.493958,360.478101,360.000000,624,-2.493958,PI,FIFO,true,PI_FIFO,361.681864
18.040017,-1,15,9998.036000,17.268000,362.622486,360.799759,360.000000,623,-2.622486,PI,FIFO,true,PI_FIFO,362.152175
18.050017,-1,15,9999.757000,17.025000,366.389839,361.638271,360.000000,620,-6.389839,PI,FIFO,true,PI_FIFO,364.271007
18.060019,-1,15,10001.573000,18.598000,362.248841,361.729856,360.000000,619,-2.248841,PI,FIFO,true,PI_FIFO,363.259924
18.070019,-1,15,10000.609000,19.207000,363.020329,361.923427,360.000000,618,-3.020329,PI,FIFO,true,PI_FIFO,363.140126
18.080027,-1,15,10008.146000,27.353000,358.019640,361.337859,360.000000,619,1.980360,PI,FIFO,true,PI_FIFO,360.579883
18.090017,-1,15,9990.056000,17.409000,357.483317,360.759678,360.000000,620,2.516683,PI,FIFO,true,PI_FIFO,359.031600
18.100017,-1,15,9999.961000,17.370000,351.782364,359.413081,360.000000,624,8.217636,PI,FIFO,true,PI_FIFO,355.406982
18.110027,-1,15,10009.238000,26.608000,354.538088,358.681832,360.000000,627,5.461912,PI,FIFO,true,PI_FIFO,354.972535
18.120019,-1,15,9992.241000,18.849000,352.775165,357.795832,360.000000,630,7.224835,PI,FIFO,true,PI_FIFO,353.873850
18.130019,-1,15,9999.683000,18.532000,357.460600,357.745547,360.000000,631,2.539400,PI,FIFO,true,PI_FIFO,355.667225
18.140017,-1,15,9998.906000,17.438000,359.367513,357.988842,360.000000,631,0.632487,PI,FIFO,true,PI_FIFO,357.517369
18.150017,-1,15,9999.981000,17.419000,363.774945,358.856757,360.000000,628,-3.774945,PI,FIFO,true,PI_FIFO,360.646157
18.160018,-1,15,10000.535000,17.954000,360.903533,359.163774,360.000000,628,-0.903533,PI,FIFO,true,PI_FIFO,360.774845
18.170017,-1,15,9999.128000,17.082000,361.570248,359.524745,360.000000,627,-1.570248,PI,FIFO,true,PI_FIFO,361.172546
18.180028,-1,15,10010.682000,27.764000,362.493958,359.970127,360.000000,626,-2.493958,PI,FIFO,true,PI_FIFO,361.833252
18.190017,-1,15,9989.612000,17.376000,362.809598,360.396047,360.000000,625,-2.809598,PI,FIFO,true,PI_FIFO,362.321425
18.200018,-1,15,10000.258000,17.634000,362.143892,360.658224,360.000000,624,-2.143892,PI,FIFO,true,PI_FIFO,362.232658
18.210018,-1,15,9999.980000,17.614000,365.259740,361.348452,360.000000,622,-5.259740,PI,FIFO,true,PI_FIFO,363.746199
18.220017,-1,15,9999.572000,17.186000,366.927593,362.185323,360.000000,618,-6.927593,PI,FIFO,true,PI_FIFO,365.336896
18.230017,-1,15,9999.536000,16.722000,363.372093,362.363338,360.000000,617,-3.372093,PI,FIFO,true,PI_FIFO,364.354495
18.240017,-1,15,10000.202000,16.924000,360.750361,362.121392,360.000000,617,-0.750361,PI,FIFO,true,PI_FIFO,362.552428
18.250017,-1,15,10000.404000,17.328000,359.287174,361.696259,360.000000,618,0.712826,PI,FIFO,true,PI_FIFO,360.919801
18.260017,-1,15,10000.054000,17.382000,356.972870,360.987751,360.000000,619,3.027130,PI,FIFO,true,PI_FIFO,358.946336
18.270017,-1,15,9999.849000,17.231000,353.151683,359.812340,360.000000,623,6.848317,PI,FIFO,true,PI_FIFO,356.049009
18.280027,-1,15,10009.366000,26.597000,354.219144,358.973361,360.000000,625,5.780856,PI,FIFO,true,PI_FIFO,355.134076
18.290017,-1,15,9990.499000,17.096000,353.506787,358.153375,360.000000,628,6.493213,PI,FIFO,true,PI_FIFO,354.320432
18.300023,-1,15,10006.090000,23.186000,358.371560,358.186103,360.000000,629,1.628440,PI,FIFO,true,PI_FIFO,356.345996
18.310019,-1,15,9996.164000,19.350000,358.337315,358.208784,360.000000,629,1.662685,PI,FIFO,true,PI_FIFO,357.341655
18.320018,-1,15,9998.480000,17.830000,362.435567,358.842802,360.000000,628,-2.435567,PI,FIFO,true,PI_FIFO,359.888611
18.330017,-1,15,9999.423000,17.253000,361.445783,359.233249,360.000000,627,-1.445783,PI,FIFO,true,PI_FIFO,360.667197
18.340014,-1,15,9997.202000,14.455000,362.569061,359.733621,360.000000,626,-2.569061,PI,FIFO,true,PI_FIFO,361.618129
18.350017,-1,15,10002.219000,16.674000,359.925474,359.762399,360.000000,626,0.074526,PI,FIFO,true,PI_FIFO,360.771802
18.360017,-1,15,10000.553000,17.227000,363.976705,360.394545,360.000000,624,-3.976705,PI,FIFO,true,PI_FIFO,362.374254
18.370036,-1,15,10019.235000,36.462000,362.545496,360.717187,360.000000,623,-2.545496,PI,FIFO,true,PI_FIFO,362.459875
18.380038,-1,15,10001.609000,38.071000,366.592805,361.598530,360.000000,620,-6.592805,PI,FIFO,true,PI_FIFO,364.526340
18.390020,-1,15,9981.648000,19.719000,364.880643,362.090847,360.000000,618,-4.880643,PI,FIFO,true,PI_FIFO,364.703492
18.400018,-1,15,9998.295000,18.014000,365.141188,362.548398,360.000000,615,-5.141188,PI,FIFO,true,PI_FIFO,364.922340
18.410018,-1,15,9999.701000,17.715000,359.023456,362.019657,360.000000,616,0.976544,PI,FIFO,true,PI_FIFO,361.972898
18.420017,-1,15,9999.535000,17.250000,358.371560,361.472442,360.000000,617,1.628440,PI,FIFO,true,PI_FIFO,360.172229
18.430017,-1,15,10000.108000,17.358000,354.576399,360.438036,360.000000,620,5.423601,PI,FIFO,true,PI_FIFO,357.374314
18.440014,-1,15,9997.017000,14.375000,354.934377,359.612487,360.000000,622,5.065623,PI,FIFO,true,PI_FIFO,356.154345
18.450017,-1,15,10002.126000,16.501000,352.620361,358.563668,360.000000,626,7.379639,PI,FIFO,true,PI_FIFO,354.387353
18.460020,-1,15,10003.349000,19.850000,355.472700,358.100023,360.000000,628,4.527300,PI,FIFO,true,PI_FIFO,354.930026
18.470018,-1,15,9997.943000,17.793000,360.057609,358.393661,360.000000,627,-0.057609,PI,FIFO,true,PI_FIFO,357.493818
18.480023,-1,15,10005.681000,23.474000,358.998906,358.484448,360.000000,627,1.001094,PI,FIFO,true,PI_FIFO,358.246362
18.490018,-1,15,9994.443000,17.917000,361.230734,358.896391,360.000000,627,-1.230734,PI,FIFO,true,PI_FIFO,359.738548
18.500018,-1,15,9999.813000,17.730000,360.576923,359.148470,360.000000,626,-0.576923,PI,FIFO,true,PI_FIFO,360.157736
18.510017,-1,15,9999.516000,17.246000,362.844702,359.702905,360.000000,625,-2.844702,PI,FIFO,true,PI_FIFO,361.501219
18.520017,-1,15,9999.997000,17.243000,360.576923,359.834008,360.000000,625,-0.576923,PI,FIFO,true,PI_FIFO,361.039071
18.530017,-1,15,9999.702000,16.945000,361.620058,360.101915,360.000000,624,-1.620058,PI,FIFO,true,PI_FIFO,361.329564
18.540018,-1,15,10000.830000,17.775000,363.372093,360.592442,360.000000,622,-3.372093,PI,FIFO,true,PI_FIFO,362.350829
18.550017,-1,15,9998.794000,16.569000,366.748166,361.515801,360.000000,619,-6.748166,PI,FIFO,true,PI_FIFO,364.549497
18.560017,-1,15,10000.868000,17.437000,361.318088,361.486144,360.000000,619,-1.318088,PI,FIFO,true,PI_FIFO,362.933793
18.570017,-1,15,9999.776000,17.213000,363.020329,361.716272,360.000000,618,-3.020329,PI,FIFO,true,PI_FIFO,362.977061
18.580025,-1,15,10007.977000,25.190000,358.680057,361.260840,360.000000,619,1.319943,PI,FIFO,true,PI_FIFO,360.828559
18.590018,-1,15,9992.777000,17.967000,358.006619,360.772706,360.000000,620,1.993381,PI,FIFO,true,PI_FIFO,359.417589
18.600018,-1,15,10000.201000,18.168000,353.151683,359.629553,360.000000,623,6.848317,PI,FIFO,true,PI_FIFO,356.284636
18.610018,-1,15,9999.664000,17.832000,356.012658,359.087019,360.000000,625,3.987342,PI,FIFO,true,PI_FIFO,356.148647
18.620017,-1,15,9999.572000,17.404000,352.620361,358.117020,360.000000,628,7.379639,PI,FIFO,true,PI_FIFO,354.384504
18.630017,-1,15,9999.664000,17.068000,358.188996,358.127816,360.000000,629,1.811004,PI,FIFO,true,PI_FIFO,356.286750
18.640017,-1,15,10000.053000,17.121000,359.023456,358.262162,360.000000,629,0.976544,PI,FIFO,true,PI_FIFO,357.655103
18.650017,-1,15,9999.998000,17.119000,363.372093,359.028652,360.000000,627,-3.372093,PI,FIFO,true,PI_FIFO,360.513598
18.660018,-1,15,10000.608000,17.727000,360.750361,359.286908,360.000000,626,-0.750361,PI,FIFO,true,PI_FIFO,360.631979
18.670017,-1,15,9998.905000,16.632000,362.168874,359.719203,360.000000,625,-2.168874,PI,FIFO,true,PI_FIFO,361.400427
18.680027,-1,15,10009.996000,26.628000,361.067059,359.921382,360.000000,625,-1.067059,PI,FIFO,true,PI_FIFO,361.233743
18.690017,-1,15,9990.851000,17.479000,362.569061,360.318534,360.000000,624,-2.569061,PI,FIFO,true,PI_FIFO,361.901402
18.700017,-1,15,9999.461000,16.940000,360.750361,360.383308,360.000000,624,-0.750361,PI,FIFO,true,PI_FIFO,361.325881
18.710017,-1,15,9999.868000,16.808000,365.070093,361.086325,360.000000,621,-5.070093,PI,FIFO,true,PI_FIFO,363.197987
18.720017,-1,15,10000.164000,16.972000,366.389839,361.881852,360.000000,618,-6.389839,PI,FIFO,true,PI_FIFO,364.793913
18.730018,-1,15,10000.590000,17.562000,362.809598,362.021014,360.000000,617,-2.809598,PI,FIFO,true,PI_FIFO,363.801755
18.740017,-1,15,9999.646000,17.208000,360.057609,361.726503,360.000000,618,-0.057609,PI,FIFO,true,PI_FIFO,361.929682
18.750017,-1,15,9999.905000,17.113000,357.142857,361.038957,360.000000,619,2.857143,PI,FIFO,true,PI_FIFO,359.536270
18.760017,-1,15,10000.238000,17.351000,356.077048,360.294670,360.000000,621,3.922952,PI,FIFO,true,PI_FIFO,357.806659
18.770028,-1,15,10010.366000,27.717000,353.107345,359.216571,360.000000,624,6.892655,PI,FIFO,true,PI_FIFO,355.457002
18.780025,-1,15,9996.831000,24.548000,354.346652,358.486084,360.000000,627,5.653348,PI,FIFO,true,PI_FIFO,354.901827
18.790019,-1,15,9994.221000,18.769000,354.274917,357.854409,360.000000,629,5.725083,PI,FIFO,true,PI_FIFO,354.588372
18.800014,-1,15,9995.684000,14.453000,359.470859,358.096876,360.000000,629,0.529141,PI,FIFO,true,PI_FIFO,357.029616
18.810018,-1,15,10003.256000,17.709000,358.680057,358.184353,360.000000,629,1.319943,PI,FIFO,true,PI_FIFO,357.854836
18.820018,-1,15,9999.812000,17.521000,362.622486,358.850073,360.000000,628,-2.622486,PI,FIFO,true,PI_FIFO,360.238661
18.830017,-1,15,9999.572000,17.093000,361.097737,359.187223,360.000000,627,-1.097737,PI,FIFO,true,PI_FIFO,360.668199
18.840017,-1,15,10000.257000,17.350000,363.372093,359.814953,360.000000,626,-3.372093,PI,FIFO,true,PI_FIFO,362.020146
18.850017,-1,15,9999.719000,17.069000,360.740154,359.953733,360.000000,626,-0.740154,PI,FIFO,true,PI_FIFO,361.380150
18.860019,-1,15,10001.590000,18.659000,362.970133,360.406193,360.000000,624,-2.970133,PI,FIFO,true,PI_FIFO,362.175141
18.870020,-1,15,10001.201000,19.860000,362.493958,360.719358,360.000000,623,-2.493958,PI,FIFO,true,PI_FIFO,362.334550
18.880029,-1,15,10008.811000,28.671000,365.829865,361.485934,360.000000,620,-5.829865,PI,FIFO,true,PI_FIFO,364.082207
18.890019,-1,15,9990.259000,18.930000,364.077670,361.874694,360.000000,619,-4.077670,PI,FIFO,true,PI_FIFO,364.079939
18.900017,-1,15,9997.720000,16.650000,364.869505,362.323916,360.000000,617,-4.869505,PI,FIFO,true,PI_FIFO,364.474722
18.910018,-1,15,10000.886000,17.536000,359.786184,361.943256,360.000000,617,0.213816,PI,FIFO,true,PI_FIFO,362.130453
18.920017,-1,15,9999.887000,17.423000,358.508604,361.428059,360.000000,618,1.491396,PI,FIFO,true,PI_FIFO,360.319529
18.930017,-1,15,9999.886000,17.309000,355.832490,360.588723,360.000000,620,4.167510,PI,FIFO,true,PI_FIFO,358.076009
18.940017,-1,15,9999.609000,16.918000,355.113636,359.767460,360.000000,623,4.886364,PI,FIFO,true,PI_FIFO,356.594823
18.950017,-1,15,10000.368000,17.286000,352.632993,358.697290,360.000000,626,7.367007,PI,FIFO,true,PI_FIFO,354.613908
18.960017,-1,15,9999.904000,17.190000,355.281857,358.184975,360.000000,628,4.718143,PI,FIFO,true,PI_FIFO,354.947882
18.970017,-1,15,10000.072000,17.262000,360.181120,358.484397,360.000000,627,-0.181120,PI,FIFO,true,PI_FIFO,357.564501
18.980026,-1,15,10009.218000,26.480000,359.712230,358.668572,360.000000,627,0.287770,PI,FIFO,true,PI_FIFO,358.638366
18.990017,-1,15,9990.962000,17.442000,360.576923,358.954825,360.000000,627,-0.576923,PI,FIFO,true,PI_FIFO,359.607644
19.000028,-1,15,10010.959000,28.401000,359.884837,359.094326,360.000000,627,0.115163,PI,FIFO,true,PI_FIFO,359.746241
19.010021,-1,15,9992.388000,20.789000,362.062307,359.539523,360.000000,626,-2.062307,PI,FIFO,true,PI_FIFO,360.904274
19.020018,-1,15,9997.498000,18.287000,358.680057,359.410604,360.000000,627,1.319943,PI,FIFO,true,PI_FIFO,359.792166
19.030020,-1,15,10001.275000,19.562000,362.569061,359.884372,360.000000,625,-2.569061,PI,FIFO,true,PI_FIFO,361.180613
19.040019,-1,15,9998.979000,18.541000,362.710514,360.308293,360.000000,624,-2.710514,PI,FIFO,true,PI_FIFO,361.945564
19.050018,-1,15,9999.035000,17.576000,367.441209,361.378231,360.000000,620,-7.441209,PI,FIFO,true,PI_FIFO,364.693387
19.060019,-1,15,10001.367000,18.943000,363.537865,361.702176,360.000000,619,-3.537865,PI,FIFO,true,PI_FIFO,364.115626
19.070039,-1,15,10020.402000,39.345000,362.970133,361.892369,360.000000,618,-2.970133,PI,FIFO,true,PI_FIFO,363.542879
19.080044,-1,15,10004.812000,44.157000,359.925474,361.597335,360.000000,618,0.074526,PI,FIFO,true,PI_FIFO,361.734177
19.090020,-1,15,9975.390000,19.547000,357.629428,361.002149,360.000000,620,2.370572,PI,FIFO,true,PI_FIFO,359.681802
19.100018,-1,15,9998.146000,17.693000,354.442344,360.018178,360.000000,622,5.557656,PI,FIFO,true,PI_FIFO,357.062073
19.110025,-1,15,10007.422000,25.115000,356.012658,359.417350,360.000000,624,3.987342,PI,FIFO,true,PI_FIFO,356.537366
19.120019,-1,15,9993.999000,19.114000,353.329146,358.504120,360.000000,627,6.670854,PI,FIFO,true,PI_FIFO,354.933256
19.130018,-1,15,9998.812000,17.926000,358.006619,358.429495,360.000000,628,1.993381,PI,FIFO,true,PI_FIFO,356.469937
19.140018,-1,15,9999.998000,17.924000,359.023456,358.518589,360.000000,628,0.976544,PI,FIFO,true,PI_FIFO,357.746697
19.150017,-1,15,9999.423000,17.347000,362.622486,359.134173,360.000000,626,-2.622486,PI,FIFO,true,PI_FIFO,360.184591
19.160018,-1,15,10000.220000,17.567000,360.750361,359.376601,360.000000,626,-0.750361,PI,FIFO,true,PI_FIFO,360.467476
19.170017,-1,15,9999.442000,17.009000,361.969112,359.765478,360.000000,625,-1.969112,PI,FIFO,true,PI_FIFO,361.218294
19.180028,-1,15,10011.477000,28.486000,360.923965,359.939251,360.000000,625,-0.923965,PI,FIFO,true,PI_FIFO,361.071130
19.190018,-1,15,9989.925000,18.411000,362.435567,360.313699,360.000000,624,-2.435567,PI,FIFO,true,PI_FIFO,361.753348
19.200017,-1,15,9998.943000,17.354000,361.271676,360.457395,360.000000,623,-1.271676,PI,FIFO,true,PI_FIFO,361.512512
19.210031,-1,15,10013.773000,31.127000,364.124806,361.007507,360.000000,621,-4.124806,PI,FIFO,true,PI_FIFO,362.818659
19.220019,-1,15,9987.573000,18.700000,366.032211,361.761212,360.000000,618,-6.032211,PI,FIFO,true,PI_FIFO,364.425435
19.230018,-1,15,9998.961000,17.661000,363.703788,362.052599,360.000000,617,-3.703788,PI,FIFO,true,PI_FIFO,364.064612
19.240018,-1,15,10000.034000,17.695000,359.786184,361.712637,360.000000,617,0.213816,PI,FIFO,true,PI_FIFO,361.925398
19.250030,-1,15,10012.420000,30.115000,358.337315,361.206338,360.000000,618,1.662685,PI,FIFO,true,PI_FIFO,360.131356
19.260020,-1,15,9990.146000,20.261000,356.373543,360.481419,360.000000,620,3.626457,PI,FIFO,true,PI_FIFO,358.252450
19.270018,-1,15,9998.238000,18.499000,353.506787,359.435224,360.000000,623,6.493213,PI,FIFO,true,PI_FIFO,355.879618
19.280029,-1,15,10010.624000,29.123000,354.040785,358.626058,360.000000,626,5.959215,PI,FIFO,true,PI_FIFO,354.960202
19.290018,-1,15,9989.091000,18.214000,355.113636,358.099195,360.000000,628,4.886364,PI,FIFO,true,PI_FIFO,355.036919
19.300018,-1,15,9999.626000,17.840000,359.786184,358.352243,360.000000,628,0.213816,PI,FIFO,true,PI_FIFO,357.411552
19.310018,-1,15,9999.886000,17.726000,358.851675,358.427158,360.000000,628,1.148325,PI,FIFO,true,PI_FIFO,358.131613
19.320017,-1,15,9999.274000,17.000000,362.996902,359.112620,360.000000,626,-2.996902,PI,FIFO,true,PI_FIFO,360.564258
19.330017,-1,15,10000.256000,17.256000,360.576923,359.332265,360.000000,626,-0.576923,PI,FIFO,true,PI_FIFO,360.570590
19.340017,-1,15,9999.626000,16.882000,363.171002,359.908076,360.000000,624,-3.171002,PI,FIFO,true,PI_FIFO,361.870796
19.350017,-1,15,10000.608000,17.490000,360.250904,359.959500,360.000000,625,-0.250904,PI,FIFO,true,PI_FIFO,361.060850
19.360017,-1,15,9999.811000,17.301000,363.774945,360.531817,360.000000,623,-3.774945,PI,FIFO,true,PI_FIFO,362.417897
19.370017,-1,15,9999.719000,17.020000,362.875683,360.883397,360.000000,621,-2.875683,PI,FIFO,true,PI_FIFO,362.646790
19.380026,-1,15,10009.069000,26.089000,366.210938,361.682528,360.000000,619,-6.210938,PI,FIFO,true,PI_FIFO,364.428864
19.390017,-1,15,9990.979000,17.068000,363.537865,361.960828,360.000000,617,-3.537865,PI,FIFO,true,PI_FIFO,363.983364
19.400017,-1,15,10000.127000,17.195000,364.254492,362.304878,360.000000,615,-4.254492,PI,FIFO,true,PI_FIFO,364.118928
19.410017,-1,15,10000.274000,17.469000,359.195402,361.838457,360.000000,616,0.804598,PI,FIFO,true,PI_FIFO,361.657165
19.420018,-1,15,10000.663000,18.132000,357.313006,361.159639,360.000000,618,2.686994,PI,FIFO,true,PI_FIFO,359.485086
19.430021,-1,15,10002.533000,20.665000,354.755298,360.198988,360.000000,620,5.244702,PI,FIFO,true,PI_FIFO,357.120192
19.440017,-1,15,9996.645000,17.310000,354.777673,359.385791,360.000000,623,5.222327,PI,FIFO,true,PI_FIFO,355.948932
19.450018,-1,15,10000.886000,18.196000,351.123596,358.146461,360.000000,627,8.876404,PI,FIFO,true,PI_FIFO,353.536264
19.460019,-1,15,10000.940000,19.136000,355.113636,357.691538,360.000000,629,4.886364,PI,FIFO,true,PI_FIFO,354.324950
19.470017,-1,15,9998.090000,17.226000,359.983544,358.035338,360.000000,628,0.016456,PI,FIFO,true,PI_FIFO,357.154247
19.480022,-1,15,10004.718000,21.944000,359.884837,358.312763,360.000000,628,0.115163,PI,FIFO,true,PI_FIFO,358.519542
19.490018,-1,15,9995.590000,17.534000,362.062307,358.875195,360.000000,627,-2.062307,PI,FIFO,true,PI_FIFO,360.290924
19.500017,-1,15,9999.681000,17.215000,361.969112,359.339282,360.000000,626,-1.969112,PI,FIFO,true,PI_FIFO,361.130018
19.510018,-1,15,10000.571000,17.786000,364.502333,360.113740,360.000000,624,-4.502333,PI,FIFO,true,PI_FIFO,362.816175
19.520017,-1,15,9999.645000,17.431000,360.403652,360.157227,360.000000,624,-0.403652,PI,FIFO,true,PI_FIFO,361.609914
19.530017,-1,15,9999.626000,17.057000,362.996902,360.583178,360.000000,622,-2.996902,PI,FIFO,true,PI_FIFO,362.303408
19.540017,-1,15,10000.070000,17.127000,363.196126,360.975120,360.000000,621,-3.196126,PI,FIFO,true,PI_FIFO,362.749767
19.550017,-1,15,9999.608000,16.735000,367.935636,362.019198,360.000000,617,-7.935636,PI,FIFO,true,PI_FIFO,365.342701
19.560017,-1,15,10000.459000,17.194000,363.372093,362.222132,360.000000,616,-3.372093,PI,FIFO,true,PI_FIFO,364.357397
19.570017,-1,15,9999.923000,17.117000,363.184401,362.366472,360.000000,615,-3.184401,PI,FIFO,true,PI_FIFO,363.770899
19.580026,-1,15,10008.773000,25.890000,358.680057,361.813510,360.000000,616,1.319943,PI,FIFO,true,PI_FIFO,361.225478
19.590017,-1,15,9990.757000,16.647000,356.633381,361.036491,360.000000,618,3.366619,PI,FIFO,true,PI_FIFO,358.929430
19.600017,-1,15,10000.237000,16.884000,351.499732,359.605977,360.000000,622,8.500268,PI,FIFO,true,PI_FIFO,355.214581
19.610017,-1,15,9999.978000,16.862000,354.945575,358.906917,360.000000,624,5.054425,PI,FIFO,true,PI_FIFO,355.080078
19.620014,-1,15,9996.979000,13.841000,354.155424,358.194193,360.000000,626,5.844576,PI,FIFO,true,PI_FIFO,354.617751
19.630017,-1,15,10002.792000,16.633000,357.824427,358.138728,360.000000,627,2.175573,PI,FIFO,true,PI_FIFO,356.221089
19.640014,-1,15,9997.034000,13.667000,359.392114,358.326736,360.000000,627,0.607886,PI,FIFO,true,PI_FIFO,357.806602
19.650017,-1,15,10003.163000,16.830000,361.886921,358.860764,360.000000,626,-1.886921,PI,FIFO,true,PI_FIFO,359.846761
19.660018,-1,15,10000.681000,17.511000,359.983544,359.029181,360.000000,626,0.016456,PI,FIFO,true,PI_FIFO,359.915152
19.670019,-1,15,10001.089000,18.600000,361.794501,359.443979,360.000000,625,-1.794501,PI,FIFO,true,PI_FIFO,360.854827
19.680026,-1,15,10007.107000,25.707000,361.318088,359.725095,360.000000,624,-1.318088,PI,FIFO,true,PI_FIFO,361.086457
19.690017,-1,15,9991.664000,17.371000,362.844702,360.193036,360.000000,623,-2.844702,PI,FIFO,true,PI_FIFO,361.965580
19.700021,-1,15,10003.496000,20.867000,361.503856,360.389659,360.000000,622,-1.503856,PI,FIFO,true,PI_FIFO,361.734718
19.710019,-1,15,9997.849000,18.716000,364.431487,360.995933,360.000000,620,-4.431487,PI,FIFO,true,PI_FIFO,363.083102
19.720017,-1,15,9998.219000,16.935000,366.210938,361.778184,360.000000,617,-6.210938,PI,FIFO,true,PI_FIFO,364.647020
19.730018,-1,15,10000.607000,17.542000,363.196126,361.990875,360.000000,616,-3.196126,PI,FIFO,true,PI_FIFO,363.921573
19.740017,-1,15,9999.775000,17.317000,360.392107,361.751060,360.000000,616,-0.392107,PI,FIFO,true,PI_FIFO,362.156840
19.750018,-1,15,10000.589000,17.906000,358.337315,361.238998,360.000000,617,1.662685,PI,FIFO,true,PI_FIFO,360.247077
19.760018,-1,15,9999.848000,17.754000,356.972870,360.599079,360.000000,619,3.027130,PI,FIFO,true,PI_FIFO,358.609974
19.770035,-1,15,10017.216000,34.970000,353.392569,359.518102,360.000000,622,6.607431,PI,FIFO,true,PI_FIFO,356.001271
19.780043,-1,15,10007.625000,42.595000,353.684608,358.643078,360.000000,625,6.315392,PI,FIFO,true,PI_FIFO,354.842939
19.790019,-1,15,9976.223000,18.818000,354.040785,357.952734,360.000000,628,5.959215,PI,FIFO,true,PI_FIFO,354.441862
19.800017,-1,15,9998.404000,17.222000,359.287174,358.152900,360.000000,627,0.712826,PI,FIFO,true,PI_FIFO,356.864518
19.810019,-1,15,10001.441000,18.663000,358.851675,358.257716,360.000000,628,1.148325,PI,FIFO,true,PI_FIFO,357.858096
19.820018,-1,15,9998.978000,17.641000,362.622486,358.912432,360.000000,626,-2.622486,PI,FIFO,true,PI_FIFO,360.240291
19.830018,-1,15,9999.885000,17.526000,362.143892,359.397151,360.000000,625,-2.143892,PI,FIFO,true,PI_FIFO,361.192091
19.840018,-1,15,10000.126000,17.652000,362.809598,359.909018,360.000000,624,-2.809598,PI,FIFO,true,PI_FIFO,362.000845
19.850017,-1,15,9999.219000,16.871000,359.712230,359.879500,360.000000,624,0.287770,PI,FIFO,true,PI_FIFO,360.856537
19.860021,-1,15,10004.496000,21.367000,364.178690,360.524378,360.000000,622,-4.178690,PI,FIFO,true,PI_FIFO,362.517614
19.870018,-1,15,9996.608000,17.975000,362.493958,360.819815,360.000000,621,-2.493958,PI,FIFO,true,PI_FIFO,362.505786
19.880026,-1,15,10007.829000,25.804000,366.379310,361.653740,360.000000,618,-6.379310,PI,FIFO,true,PI_FIFO,364.442548
19.890017,-1,15,9991.238000,17.042000,362.622486,361.799052,360.000000,617,-2.622486,PI,FIFO,true,PI_FIFO,363.532517
19.900017,-1,15,9999.627000,16.669000,364.077670,362.140844,360.000000,615,-4.077670,PI,FIFO,true,PI_FIFO,363.805093
19.910017,-1,15,10000.589000,17.258000,357.824427,361.493382,360.000000,617,2.175573,PI,FIFO,true,PI_FIFO,360.814760
19.920017,-1,15,9999.496000,16.754000,356.125356,360.688178,360.000000,619,3.874644,PI,FIFO,true,PI_FIFO,358.470058
19.930017,-1,15,10000.441000,17.195000,354.040785,359.691069,360.000000,622,5.959215,PI,FIFO,true,PI_FIFO,356.255422
19.940017,-1,15,9999.311000,16.506000,354.219144,358.870280,360.000000,624,5.780856,PI,FIFO,true,PI_FIFO,355.237283
19.950018,-1,15,10001.052000,17.558000,352.443609,357.906280,360.000000,628,7.556391,PI,FIFO,true,PI_FIFO,353.840446
19.960020,-1,15,10002.108000,19.666000,355.618777,357.563154,360.000000,629,4.381223,PI,FIFO,true,PI_FIFO,354.729611
19.970018,-1,15,9998.700000,18.366000,361.132512,358.098558,360.000000,628,-1.132512,PI,FIFO,true,PI_FIFO,357.931061
19.980026,-1,15,10007.569000,25.935000,361.097737,358.548435,360.000000,628,-1.097737,PI,FIFO,true,PI_FIFO,359.514399
19.990017,-1,15,9990.961000,16.896000,362.248841,359.103496,360.000000,626,-2.248841,PI,FIFO,true,PI_FIFO,360.881620
