elapsed_s,step_index,pwm_percent,loop_period_us,late_us,raw_rpm,filtered_rpm,target_rpm,pwm,error_rpm,intended_mode,intended_fifo,fifo_active,condition,fb_rpm
0.010028,-1,8,10028.405000,28.405000,0.000000,0.000000,360.000000,328,360.000000,PI,FIFO,true,PI_FIFO,0.000000
0.020020,-1,11,9992.017000,20.422000,0.000000,0.000000,360.000000,477,360.000000,PI,FIFO,true,PI_FIFO,0.000000
0.030023,-1,15,10002.165000,22.587000,0.000241,0.000036,360.000000,625,359.999759,PI,FIFO,true,PI_FIFO,0.000241
0.040020,-1,16,9997.147000,19.734000,102.571116,15.385698,360.000000,680,257.428884,PI,FIFO,true,PI_FIFO,102.571116
0.050018,-1,17,9998.665000,18.399000,176.553672,39.560894,360.000000,718,183.446328,PI,FIFO,true,PI_FIFO,176.553672
0.060018,-1,17,9999.628000,18.027000,250.424964,71.190505,360.000000,727,109.575036,PI,FIFO,true,PI_FIFO,250.424964
0.070018,-1,17,9999.831000,17.858000,297.934322,105.202077,360.000000,729,62.065678,PI,FIFO,true,PI_FIFO,297.934322
0.080019,-1,17,10001.536000,19.394000,334.343795,139.573335,360.000000,721,25.656205,PI,FIFO,true,PI_FIFO,334.343795
0.090018,-1,17,9998.943000,18.337000,361.318088,172.835048,360.000000,707,-1.318088,PI,FIFO,true,PI_FIFO,361.318088
0.100021,-1,16,10002.368000,20.705000,373.320060,202.907800,360.000000,695,-13.320060,PI,FIFO,true,PI_FIFO,373.320060
0.110018,-1,16,9997.017000,17.722000,383.828045,230.045836,360.000000,680,-23.828045,PI,FIFO,true,PI_FIFO,383.828045
0.120019,-1,16,10001.276000,18.998000,388.340643,253.790057,360.000000,666,-28.340643,PI,FIFO,true,PI_FIFO,388.340643
0.130015,-1,15,9996.129000,15.127000,393.494229,274.745683,360.000000,650,-33.494229,PI,FIFO,true,PI_FIFO,393.494229
0.140018,-1,15,10003.313000,18.440000,390.987025,292.181884,360.000000,638,-30.987025,PI,FIFO,true,PI_FIFO,390.987025
0.150030,-1,15,10011.887000,30.327000,386.544805,306.336323,360.000000,630,-26.544805,PI,FIFO,true,PI_FIFO,386.544805
0.160019,-1,15,9988.998000,19.325000,382.133152,317.705847,360.000000,623,-22.133152,PI,FIFO,true,PI_FIFO,382.133152
0.170015,-1,15,9995.517000,14.842000,378.024194,326.753599,360.000000,617,-18.024194,PI,FIFO,true,PI_FIFO,378.024194
0.180019,-1,15,10003.776000,18.618000,372.719832,333.648534,360.000000,615,-12.719832,PI,FIFO,true,PI_FIFO,372.719832
0.190015,-1,14,9996.777000,15.395000,370.065789,339.111122,360.000000,612,-10.065789,PI,FIFO,true,PI_FIFO,370.065789
0.200021,-1,14,10005.387000,20.782000,368.152366,343.467309,360.000000,610,-8.152366,PI,FIFO,true,PI_FIFO,368.152366
0.210025,-1,14,10003.979000,24.761000,368.939553,347.288145,360.000000,606,-8.939553,PI,FIFO,true,PI_FIFO,368.939553
0.220019,-1,14,9994.480000,19.241000,363.020329,349.647973,360.000000,607,-3.020329,PI,FIFO,true,PI_FIFO,363.020329
0.230015,-1,14,9995.554000,14.795000,358.554309,350.983923,360.000000,610,1.445691,PI,FIFO,true,PI_FIFO,358.554309
0.240018,-1,15,10003.351000,18.146000,354.397681,351.495987,360.000000,615,5.602319,PI,FIFO,true,PI_FIFO,354.397681
0.250015,-1,15,9996.942000,15.088000,353.862607,351.850980,360.000000,617,6.137393,PI,FIFO,true,PI_FIFO,353.862607
0.260018,-1,15,10002.925000,18.013000,349.292101,351.467148,360.000000,624,10.707899,PI,FIFO,true,PI_FIFO,349.292101
0.270018,-1,15,9999.739000,17.752000,352.112676,351.563977,360.000000,626,7.887324,PI,FIFO,true,PI_FIFO,352.112676
0.280018,-1,15,10000.165000,17.917000,353.012372,351.781237,360.000000,628,6.987628,PI,FIFO,true,PI_FIFO,353.012372
0.290017,-1,15,9999.183000,17.100000,357.995227,352.713335,360.000000,627,2.004773,PI,FIFO,true,PI_FIFO,357.995227
0.300017,-1,15,10000.388000,17.488000,357.642421,353.452698,360.000000,628,2.357579,PI,FIFO,true,PI_FIFO,357.642421
0.310018,-1,15,10000.646000,18.134000,361.934176,354.724920,360.000000,625,-1.934176,PI,FIFO,true,PI_FIFO,361.934176
0.320028,-1,15,10010.146000,28.280000,360.613909,355.608268,360.000000,625,-0.613909,PI,FIFO,true,PI_FIFO,360.613909
0.330034,-1,15,10006.147000,34.427000,362.062307,356.576374,360.000000,624,-2.062307,PI,FIFO,true,PI_FIFO,362.062307
0.340049,-1,15,10014.164000,48.591000,360.947125,357.231987,360.000000,624,-0.947125,PI,FIFO,true,PI_FIFO,360.947125
0.350043,-1,15,9994.703000,43.294000,363.041002,358.103339,360.000000,622,-3.041002,PI,FIFO,true,PI_FIFO,363.041002
0.360028,-1,15,9984.406000,27.700000,361.689815,358.641310,360.000000,621,-1.689815,PI,FIFO,true,PI_FIFO,361.689815
0.370047,-1,15,10019.312000,47.012000,365.259740,359.634075,360.000000,618,-5.259740,PI,FIFO,true,PI_FIFO,365.259740
0.380024,-1,15,9976.685000,23.697000,364.077670,360.300614,360.000000,616,-4.077670,PI,FIFO,true,PI_FIFO,364.077670
0.390022,-1,14,9998.443000,22.140000,365.070093,361.016036,360.000000,614,-5.070093,PI,FIFO,true,PI_FIFO,365.070093
0.400022,-1,15,9999.498000,21.638000,359.539789,360.794599,360.000000,617,0.460211,PI,FIFO,true,PI_FIFO,359.539789
0.410025,-1,15,10003.702000,25.340000,357.097511,360.240036,360.000000,619,2.902489,PI,FIFO,true,PI_FIFO,357.097511
0.420023,-1,15,9997.832000,23.172000,355.450237,359.521566,360.000000,622,4.549763,PI,FIFO,true,PI_FIFO,355.450237
0.430033,-1,15,10010.276000,33.448000,354.499784,358.768299,360.000000,625,5.500216,PI,FIFO,true,PI_FIFO,354.499784
0.440037,-1,15,10003.516000,36.964000,353.364660,357.957753,360.000000,628,6.635340,PI,FIFO,true,PI_FIFO,353.364660
0.450037,-1,15,9999.999000,36.963000,355.787476,357.632211,360.000000,629,4.212524,PI,FIFO,true,PI_FIFO,355.787476
0.460020,-1,15,9983.517000,20.480000,362.062307,358.296726,360.000000,625,-2.062307,PI,FIFO,true,PI_FIFO,362.062307
0.470019,-1,15,9998.424000,18.904000,359.884837,358.534942,360.000000,626,0.115163,PI,FIFO,true,PI_FIFO,359.884837
0.480019,-1,15,10000.165000,19.069000,361.530410,358.984263,360.000000,624,-1.530410,PI,FIFO,true,PI_FIFO,361.530410
0.490017,-1,15,9997.962000,17.031000,359.746738,359.098634,360.000000,625,0.253262,PI,FIFO,true,PI_FIFO,359.746738
0.500024,-1,15,10006.905000,23.936000,361.585189,359.471617,360.000000,624,-1.585189,PI,FIFO,true,PI_FIFO,361.585189
0.510017,-1,15,9993.017000,16.953000,359.140362,359.421929,360.000000,625,0.859638,PI,FIFO,true,PI_FIFO,359.140362
0.520017,-1,15,9999.684000,16.637000,363.020329,359.961689,360.000000,622,-3.020329,PI,FIFO,true,PI_FIFO,363.020329
0.530017,-1,15,9999.924000,16.561000,362.970133,360.412955,360.000000,621,-2.970133,PI,FIFO,true,PI_FIFO,362.970133
0.540016,-1,15,9999.462000,16.023000,367.223502,361.434538,360.000000,616,-7.223502,PI,FIFO,true,PI_FIFO,367.223502
0.550016,-1,15,9999.498000,15.521000,363.020329,361.672406,360.000000,617,-3.020329,PI,FIFO,true,PI_FIFO,363.020329
0.560018,-1,15,10002.535000,18.056000,363.573407,361.957556,360.000000,615,-3.573407,PI,FIFO,true,PI_FIFO,363.573407
0.570017,-1,15,9999.276000,17.332000,357.995227,361.363207,360.000000,618,2.004773,PI,FIFO,true,PI_FIFO,357.995227
0.580018,-1,15,10000.591000,17.923000,356.880012,360.690728,360.000000,620,3.119988,PI,FIFO,true,PI_FIFO,356.880012
0.590018,-1,15,9999.610000,17.533000,353.898228,359.671853,360.000000,624,6.101772,PI,FIFO,true,PI_FIFO,353.898228
0.600018,-1,15,10000.128000,17.661000,356.916244,359.258511,360.000000,624,3.083756,PI,FIFO,true,PI_FIFO,356.916244
0.610027,-1,15,10009.683000,27.344000,353.440151,358.385757,360.000000,629,6.559849,PI,FIFO,true,PI_FIFO,353.440151
0.620020,-1,15,9992.221000,19.565000,357.240065,358.213904,360.000000,628,2.759935,PI,FIFO,true,PI_FIFO,357.240065
0.630018,-1,15,9998.776000,18.341000,359.884837,358.464544,360.000000,626,0.115163,PI,FIFO,true,PI_FIFO,359.884837
0.640018,-1,15,9999.295000,17.636000,361.318088,358.892575,360.000000,625,-1.318088,PI,FIFO,true,PI_FIFO,361.318088
0.650015,-1,15,9997.609000,15.245000,360.230548,359.093271,360.000000,626,-0.230548,PI,FIFO,true,PI_FIFO,360.230548
0.660019,-1,15,10003.499000,18.744000,361.371145,359.434952,360.000000,625,-1.371145,PI,FIFO,true,PI_FIFO,361.371145
0.670018,-1,15,9999.146000,17.890000,362.051340,359.827410,360.000000,623,-2.051340,PI,FIFO,true,PI_FIFO,362.051340
0.680017,-1,15,9999.350000,17.240000,361.371145,360.058971,360.000000,623,-1.371145,PI,FIFO,true,PI_FIFO,361.371145
0.690018,-1,15,10000.332000,17.572000,362.545496,360.431949,360.000000,621,-2.545496,PI,FIFO,true,PI_FIFO,362.545496
0.700017,-1,15,9999.647000,17.219000,363.901019,360.952310,360.000000,619,-3.901019,PI,FIFO,true,PI_FIFO,363.901019
0.710024,-1,15,10006.757000,23.976000,366.975470,361.855784,360.000000,615,-6.975470,PI,FIFO,true,PI_FIFO,366.975470
0.720020,-1,15,9995.536000,19.512000,362.669246,361.977803,360.000000,616,-2.669246,PI,FIFO,true,PI_FIFO,362.669246
0.730018,-1,15,9998.591000,18.103000,361.371145,361.886804,360.000000,616,-1.371145,PI,FIFO,true,PI_FIFO,361.371145
0.740018,-1,15,9999.572000,17.675000,356.633381,361.098791,360.000000,620,3.366619,PI,FIFO,true,PI_FIFO,356.633381
0.750018,-1,15,10000.424000,18.099000,356.193009,360.362924,360.000000,621,3.806991,PI,FIFO,true,PI_FIFO,356.193009
0.760018,-1,15,10000.314000,18.413000,351.738369,359.069240,360.000000,627,8.261631,PI,FIFO,true,PI_FIFO,351.738369
0.770018,-1,15,9999.794000,18.207000,354.540641,358.389951,360.000000,628,5.459359,PI,FIFO,true,PI_FIFO,354.540641
0.780034,-1,15,10016.128000,34.335000,354.643465,357.827978,360.000000,630,5.356535,PI,FIFO,true,PI_FIFO,354.643465
0.790031,-1,15,9997.165000,31.500000,360.761929,358.268071,360.000000,627,-0.761929,PI,FIFO,true,PI_FIFO,360.761929
0.800023,-1,15,9991.369000,22.869000,358.998906,358.377696,360.000000,628,1.001094,PI,FIFO,true,PI_FIFO,358.998906
0.810026,-1,15,10002.943000,25.812000,362.710514,359.027619,360.000000,625,-2.710514,PI,FIFO,true,PI_FIFO,362.710514
0.820024,-1,15,9997.998000,23.810000,360.973597,359.319515,360.000000,626,-0.973597,PI,FIFO,true,PI_FIFO,360.973597
0.830022,-1,15,9998.517000,22.327000,362.215909,359.753974,360.000000,624,-2.215909,PI,FIFO,true,PI_FIFO,362.215909
0.840023,-1,15,10000.609000,22.936000,361.371145,359.996550,360.000000,624,-1.371145,PI,FIFO,true,PI_FIFO,361.371145
0.850020,-1,15,9996.795000,19.731000,364.368999,360.652417,360.000000,621,-4.368999,PI,FIFO,true,PI_FIFO,364.368999
0.860019,-1,15,9999.387000,19.118000,362.569061,360.939914,360.000000,620,-2.569061,PI,FIFO,true,PI_FIFO,362.569061
0.870018,-1,15,9999.054000,18.172000,366.009094,361.700291,360.000000,616,-6.009094,PI,FIFO,true,PI_FIFO,366.009094
0.880019,-1,15,10000.499000,18.671000,364.880643,362.177344,360.000000,615,-4.880643,PI,FIFO,true,PI_FIFO,364.880643
0.890018,-1,14,9999.443000,18.114000,364.289878,362.494224,360.000000,613,-4.289878,PI,FIFO,true,PI_FIFO,364.289878
0.900019,-1,15,10000.887000,19.001000,357.629428,361.764504,360.000000,618,2.370572,PI,FIFO,true,PI_FIFO,357.629428
0.910023,-1,15,10003.794000,22.795000,355.956336,360.893279,360.000000,620,4.043664,PI,FIFO,true,PI_FIFO,355.956336
0.920018,-1,15,9994.832000,17.627000,355.976610,360.155779,360.000000,622,4.023390,PI,FIFO,true,PI_FIFO,355.976610
0.930018,-1,15,10000.628000,18.255000,354.141090,359.253575,360.000000,625,5.858910,PI,FIFO,true,PI_FIFO,354.141090
0.940036,-1,15,10018.109000,36.364000,352.405757,358.226403,360.000000,629,7.594243,PI,FIFO,true,PI_FIFO,352.405757
0.950041,-1,15,10004.462000,40.826000,354.811240,357.714128,360.000000,630,5.188760,PI,FIFO,true,PI_FIFO,354.811240
0.960034,-1,15,9993.628000,34.454000,360.761929,358.171298,360.000000,627,-0.761929,PI,FIFO,true,PI_FIFO,360.761929
0.970026,-1,15,9991.332000,25.786000,359.470859,358.366233,360.000000,628,0.529141,PI,FIFO,true,PI_FIFO,359.470859
0.980016,-1,15,9989.795000,15.581000,362.318841,358.959124,360.000000,625,-2.318841,PI,FIFO,true,PI_FIFO,362.318841
0.990014,-1,15,9998.313000,13.894000,361.689815,359.368727,360.000000,625,-1.689815,PI,FIFO,true,PI_FIFO,361.689815
1.000018,-1,15,10003.776000,17.670000,363.196126,359.942837,360.000000,623,-3.196126,PI,FIFO,true,PI_FIFO,363.196126
1.010024,-1,15,10006.461000,24.131000,358.920368,359.789467,360.000000,625,1.079632,PI,FIFO,true,PI_FIFO,358.920368
1.020018,-1,15,9993.517000,17.648000,363.559979,360.355044,360.000000,622,-3.559979,PI,FIFO,true,PI_FIFO,363.559979
1.030031,-1,15,10013.665000,31.313000,362.634175,360.696913,360.000000,621,-2.634175,PI,FIFO,true,PI_FIFO,362.634175
1.040019,-1,15,9987.665000,18.978000,366.592805,361.581297,360.000000,616,-6.592805,PI,FIFO,true,PI_FIFO,366.592805
1.050017,-1,15,9997.980000,16.958000,363.407307,361.855199,360.000000,616,-3.407307,PI,FIFO,true,PI_FIFO,363.407307
1.060020,-1,15,10003.128000,20.086000,363.336886,362.077452,360.000000,615,-3.336886,PI,FIFO,true,PI_FIFO,363.336886
1.070019,-1,15,9998.906000,18.992000,357.496949,361.390376,360.000000,619,2.503051,PI,FIFO,true,PI_FIFO,357.496949
1.080018,-1,15,9998.961000,17.953000,355.787476,360.549941,360.000000,622,4.212524,PI,FIFO,true,PI_FIFO,355.787476
1.090028,-1,15,10010.091000,28.044000,351.876676,359.248951,360.000000,627,8.123324,PI,FIFO,true,PI_FIFO,351.876676
1.100020,-1,15,9991.591000,19.635000,355.281857,358.653887,360.000000,627,4.718143,PI,FIFO,true,PI_FIFO,355.281857
1.110018,-1,15,9998.795000,18.430000,355.691057,358.209463,360.000000,629,4.308943,PI,FIFO,true,PI_FIFO,355.691057
1.120018,-1,15,9999.628000,18.058000,358.508604,358.254334,360.000000,628,1.491396,PI,FIFO,true,PI_FIFO,358.508604
1.130018,-1,15,9999.832000,17.890000,360.392107,358.575000,360.000000,627,-0.392107,PI,FIFO,true,PI_FIFO,360.392107
1.140019,-1,15,10000.739000,18.629000,361.969112,359.084117,360.000000,625,-1.969112,PI,FIFO,true,PI_FIFO,361.969112
1.150018,-1,15,9999.257000,17.886000,360.181120,359.248667,360.000000,626,-0.181120,PI,FIFO,true,PI_FIFO,360.181120
1.160019,-1,15,10000.739000,18.625000,361.445783,359.578235,360.000000,625,-1.445783,PI,FIFO,true,PI_FIFO,361.445783
1.170015,-1,15,9996.573000,15.198000,362.622486,360.034872,360.000000,623,-2.622486,PI,FIFO,true,PI_FIFO,362.622486
1.180018,-1,15,10003.054000,18.252000,362.143892,360.351225,360.000000,622,-2.143892,PI,FIFO,true,PI_FIFO,362.143892
1.190022,-1,15,10003.776000,22.028000,361.652608,360.546433,360.000000,622,-1.652608,PI,FIFO,true,PI_FIFO,361.652608
1.200022,-1,15,9999.776000,21.804000,364.069353,361.074871,360.000000,619,-4.069353,PI,FIFO,true,PI_FIFO,364.069353
1.210029,-1,15,10006.832000,28.636000,365.449584,361.731078,360.000000,616,-5.449584,PI,FIFO,true,PI_FIFO,365.449584
1.220019,-1,15,9990.498000,19.134000,362.493958,361.845510,360.000000,617,-2.493958,PI,FIFO,true,PI_FIFO,362.493958
1.230018,-1,15,9999.128000,18.262000,361.729688,361.828137,360.000000,616,-1.729688,PI,FIFO,true,PI_FIFO,361.729688
1.240018,-1,15,9999.832000,18.094000,357.176874,361.130447,360.000000,620,2.823126,PI,FIFO,true,PI_FIFO,357.176874
1.250018,-1,15,10000.054000,18.148000,357.460600,360.579970,360.000000,621,2.539400,PI,FIFO,true,PI_FIFO,357.460600
1.260019,-1,15,10000.480000,18.628000,352.775165,359.409249,360.000000,626,7.224835,PI,FIFO,true,PI_FIFO,352.775165
1.270018,-1,15,9999.239000,17.867000,354.155424,358.621175,360.000000,628,5.844576,PI,FIFO,true,PI_FIFO,354.155424
1.280018,-1,15,10000.109000,17.976000,354.107649,357.944146,360.000000,630,5.892351,PI,FIFO,true,PI_FIFO,354.107649
1.290015,-1,15,9996.906000,14.882000,359.983544,358.250056,360.000000,627,0.016456,PI,FIFO,true,PI_FIFO,359.983544
1.300019,-1,15,10004.073000,18.955000,359.195402,358.391858,360.000000,628,0.804598,PI,FIFO,true,PI_FIFO,359.195402
1.310015,-1,15,9995.868000,14.823000,362.996902,359.082615,360.000000,625,-2.996902,PI,FIFO,true,PI_FIFO,362.996902
1.320018,-1,15,10003.480000,18.303000,360.750361,359.332777,360.000000,626,-0.750361,PI,FIFO,true,PI_FIFO,360.750361
1.330015,-1,15,9996.758000,15.061000,362.809598,359.854300,360.000000,623,-2.809598,PI,FIFO,true,PI_FIFO,362.809598
1.340018,-1,15,10003.035000,18.096000,359.884837,359.858880,360.000000,625,0.115163,PI,FIFO,true,PI_FIFO,359.884837
1.350018,-1,15,9999.665000,17.761000,364.431487,360.544771,360.000000,621,-4.431487,PI,FIFO,true,PI_FIFO,364.431487
1.360018,-1,15,10000.425000,18.186000,361.689815,360.716528,360.000000,622,-1.689815,PI,FIFO,true,PI_FIFO,361.689815
1.370018,-1,15,9999.424000,17.610000,365.497076,361.433610,360.000000,617,-5.497076,PI,FIFO,true,PI_FIFO,365.497076
1.380018,-1,15,10000.443000,18.053000,365.449584,362.036006,360.000000,615,-5.449584,PI,FIFO,true,PI_FIFO,365.449584
1.390018,-1,15,9999.591000,17.644000,363.724539,362.289286,360.000000,615,-3.724539,PI,FIFO,true,PI_FIFO,363.724539
1.400018,-1,15,10000.313000,17.957000,358.019640,361.648839,360.000000,618,1.980360,PI,FIFO,true,PI_FIFO,358.019640
1.410031,-1,15,10013.109000,31.066000,355.113636,360.668559,360.000000,622,4.886364,PI,FIFO,true,PI_FIFO,355.113636
1.420020,-1,15,9989.128000,20.194000,354.219144,359.701146,360.000000,624,5.780856,PI,FIFO,true,PI_FIFO,354.219144
1.430018,-1,15,9997.684000,17.878000,354.442344,358.912326,360.000000,627,5.557656,PI,FIFO,true,PI_FIFO,354.442344
1.440018,-1,15,10000.054000,17.932000,353.202368,358.055832,360.000000,630,6.797632,PI,FIFO,true,PI_FIFO,353.202368
1.450018,-1,15,9999.887000,17.819000,356.294537,357.791638,360.000000,630,3.705463,PI,FIFO,true,PI_FIFO,356.294537
1.460019,-1,15,10000.758000,18.577000,361.570248,358.358430,360.000000,627,-1.570248,PI,FIFO,true,PI_FIFO,361.570248
1.470018,-1,15,9999.887000,18.464000,359.925474,358.593486,360.000000,628,0.074526,PI,FIFO,true,PI_FIFO,359.925474
1.480033,-1,15,10014.294000,32.758000,363.372093,359.310277,360.000000,625,-3.372093,PI,FIFO,true,PI_FIFO,363.372093
1.490035,-1,15,10002.517000,35.275000,360.576923,359.500274,360.000000,626,-0.576923,PI,FIFO,true,PI_FIFO,360.576923
1.500021,-1,15,9985.814000,21.089000,363.372093,360.081047,360.000000,623,-3.372093,PI,FIFO,true,PI_FIFO,363.372093
1.510019,-1,15,9997.517000,18.606000,360.903533,360.204420,360.000000,624,-0.903533,PI,FIFO,true,PI_FIFO,360.903533
1.520021,-1,15,10002.165000,20.771000,362.970133,360.619277,360.000000,621,-2.970133,PI,FIFO,true,PI_FIFO,362.970133
1.530021,-1,15,10000.480000,21.251000,362.318841,360.874211,360.000000,621,-2.318841,PI,FIFO,true,PI_FIFO,362.318841
1.540019,-1,15,9997.535000,18.786000,366.401772,361.703345,360.000000,616,-6.401772,PI,FIFO,true,PI_FIFO,366.401772
1.550019,-1,15,9999.961000,18.747000,363.206472,361.928814,360.000000,616,-3.206472,PI,FIFO,true,PI_FIFO,363.206472
1.560020,-1,15,10001.351000,20.098000,362.769486,362.054915,360.000000,616,-2.769486,PI,FIFO,true,PI_FIFO,362.769486
1.570018,-1,15,9997.961000,18.059000,358.337315,361.497275,360.000000,618,1.662685,PI,FIFO,true,PI_FIFO,358.337315
1.580018,-1,15,9999.980000,18.039000,356.916244,360.810120,360.000000,620,3.083756,PI,FIFO,true,PI_FIFO,356.916244
1.590018,-1,15,10000.257000,18.296000,352.267034,359.528657,360.000000,626,7.732966,PI,FIFO,true,PI_FIFO,352.267034
1.600018,-1,15,9999.591000,17.887000,356.193009,359.028310,360.000000,626,3.806991,PI,FIFO,true,PI_FIFO,356.193009
1.610028,-1,15,10009.665000,27.552000,353.862607,358.253455,360.000000,629,6.137393,PI,FIFO,true,PI_FIFO,353.862607
1.620020,-1,15,9992.499000,20.051000,357.097511,358.080063,360.000000,629,2.902489,PI,FIFO,true,PI_FIFO,357.097511
1.630019,-1,15,9999.165000,19.216000,359.850302,358.345599,360.000000,627,0.149698,PI,FIFO,true,PI_FIFO,359.850302
1.640019,-1,15,9999.609000,18.825000,361.689815,358.847231,360.000000,626,-1.689815,PI,FIFO,true,PI_FIFO,361.689815
1.650018,-1,15,9999.110000,17.935000,358.542882,358.801579,360.000000,628,1.457118,PI,FIFO,true,PI_FIFO,358.542882
1.660019,-1,15,10000.887000,18.822000,359.392114,358.890159,360.000000,628,0.607886,PI,FIFO,true,PI_FIFO,359.392114
1.670018,-1,15,9998.702000,17.524000,360.403652,359.117183,360.000000,627,-0.403652,PI,FIFO,true,PI_FIFO,360.403652
1.680018,-1,15,10000.332000,17.856000,361.722651,359.508003,360.000000,626,-1.722651,PI,FIFO,true,PI_FIFO,361.722651
1.690018,-1,15,9999.850000,17.706000,361.172262,359.757642,360.000000,626,-1.172262,PI,FIFO,true,PI_FIFO,361.172262
1.700018,-1,15,10000.276000,17.982000,364.368999,360.449346,360.000000,622,-4.368999,PI,FIFO,true,PI_FIFO,364.368999
1.710018,-1,15,10000.258000,18.240000,367.647059,361.529003,360.000000,617,-7.647059,PI,FIFO,true,PI_FIFO,367.647059
1.720018,-1,15,9999.369000,17.609000,364.036090,361.905066,360.000000,618,-4.036090,PI,FIFO,true,PI_FIFO,364.036090
1.730025,-1,15,10007.850000,25.459000,361.172262,361.795145,360.000000,619,-1.172262,PI,FIFO,true,PI_FIFO,361.172262
1.740020,-1,15,9994.165000,19.624000,357.824427,361.199537,360.000000,621,2.175573,PI,FIFO,true,PI_FIFO,357.824427
1.750018,-1,15,9998.369000,17.993000,358.006619,360.720600,360.000000,622,1.993381,PI,FIFO,true,PI_FIFO,358.006619
1.760018,-1,15,10000.276000,18.269000,353.151683,359.585262,360.000000,627,6.848317,PI,FIFO,true,PI_FIFO,353.151683
1.770018,-1,15,9999.702000,17.971000,356.193009,359.076424,360.000000,627,3.806991,PI,FIFO,true,PI_FIFO,356.193009
1.780018,-1,15,10000.424000,18.395000,355.450237,358.532496,360.000000,629,4.549763,PI,FIFO,true,PI_FIFO,355.450237
1.790024,-1,15,10005.776000,24.171000,358.802624,358.573015,360.000000,628,1.197376,PI,FIFO,true,PI_FIFO,358.802624
1.800019,-1,15,9994.869000,19.040000,358.337315,358.537660,360.000000,629,1.662685,PI,FIFO,true,PI_FIFO,358.337315
1.810027,-1,15,10007.461000,26.501000,362.062307,359.066357,360.000000,626,-2.062307,PI,FIFO,true,PI_FIFO,362.062307
1.820019,-1,15,9992.147000,18.648000,360.230548,359.240986,360.000000,627,-0.230548,PI,FIFO,true,PI_FIFO,360.230548
1.830024,-1,15,10005.609000,24.257000,361.769570,359.620273,360.000000,626,-1.769570,PI,FIFO,true,PI_FIFO,361.769570
1.840016,-1,15,9992.129000,16.386000,359.925474,359.666054,360.000000,627,0.074526,PI,FIFO,true,PI_FIFO,359.925474
1.850018,-1,15,10002.072000,18.458000,363.724539,360.274826,360.000000,623,-3.724539,PI,FIFO,true,PI_FIFO,363.724539
1.860019,-1,15,10000.832000,19.290000,361.769570,360.499038,360.000000,623,-1.769570,PI,FIFO,true,PI_FIFO,361.769570
1.870018,-1,15,9998.998000,18.288000,365.036647,361.179679,360.000000,620,-5.036647,PI,FIFO,true,PI_FIFO,365.036647
1.880019,-1,15,10000.387000,18.675000,364.785992,361.720626,360.000000,618,-4.785992,PI,FIFO,true,PI_FIFO,364.785992
1.890018,-1,15,9999.036000,17.711000,364.702517,362.167910,360.000000,616,-4.702517,PI,FIFO,true,PI_FIFO,364.702517
1.900018,-1,15,10000.313000,18.024000,358.606557,361.633707,360.000000,620,1.393443,PI,FIFO,true,PI_FIFO,358.606557
1.910018,-1,15,9999.758000,17.782000,356.972870,360.934581,360.000000,622,3.027130,PI,FIFO,true,PI_FIFO,356.972870
1.920018,-1,15,10000.572000,18.354000,355.883948,360.176986,360.000000,624,4.116052,PI,FIFO,true,PI_FIFO,355.883948
1.930018,-1,15,10000.128000,18.482000,353.940538,359.241519,360.000000,627,6.059462,PI,FIFO,true,PI_FIFO,353.940538
1.940018,-1,15,9999.795000,18.277000,353.684608,358.407982,360.000000,630,6.315392,PI,FIFO,true,PI_FIFO,353.684608
1.950019,-1,15,10000.498000,18.775000,355.956336,358.040235,360.000000,631,4.043664,PI,FIFO,true,PI_FIFO,355.956336
1.960018,-1,15,9999.647000,18.422000,361.969112,358.629567,360.000000,627,-1.969112,PI,FIFO,true,PI_FIFO,361.969112
1.970019,-1,15,10000.109000,18.531000,359.161000,358.709282,360.000000,629,0.839000,PI,FIFO,true,PI_FIFO,359.161000
1.980018,-1,15,9999.110000,17.641000,362.248841,359.240216,360.000000,626,-2.248841,PI,FIFO,true,PI_FIFO,362.248841
1.990018,-1,15,10000.035000,17.676000,360.438293,359.419927,360.000000,627,-0.438293,PI,FIFO,true,PI_FIFO,360.438293
2.000018,-1,15,10000.387000,18.063000,362.622486,359.900311,360.000000,625,-2.622486,PI,FIFO,true,PI_FIFO,362.622486
2.010027,-1,15,10009.110000,27.173000,360.403652,359.975812,360.000000,626,-0.403652,PI,FIFO,true,PI_FIFO,360.403652
2.020020,-1,15,9992.332000,19.505000,363.573407,360.515451,360.000000,623,-3.573407,PI,FIFO,true,PI_FIFO,363.573407
2.030032,-1,15,10012.220000,31.725000,364.036090,361.043547,360.000000,621,-4.036090,PI,FIFO,true,PI_FIFO,364.036090
2.040020,-1,15,9988.128000,19.853000,366.975470,361.933336,360.000000,616,-6.975470,PI,FIFO,true,PI_FIFO,366.975470
2.050018,-1,15,9998.351000,18.204000,362.143892,361.964919,360.000000,618,-2.143892,PI,FIFO,true,PI_FIFO,362.143892
2.060032,-1,15,10013.942000,32.146000,364.502333,362.345531,360.000000,615,-4.502333,PI,FIFO,true,PI_FIFO,364.502333
2.070019,-1,15,9986.591000,18.737000,358.337315,361.744299,360.000000,619,1.662685,PI,FIFO,true,PI_FIFO,358.337315
2.080018,-1,15,9998.943000,17.680000,356.633381,360.977661,360.000000,621,3.366619,PI,FIFO,true,PI_FIFO,356.633381
2.090018,-1,15,10000.387000,18.067000,351.876676,359.612513,360.000000,627,8.123324,PI,FIFO,true,PI_FIFO,351.876676
2.100018,-1,15,9999.869000,17.936000,355.956336,359.064087,360.000000,626,4.043664,PI,FIFO,true,PI_FIFO,355.956336
2.110017,-1,15,9999.480000,17.416000,353.012372,358.156329,360.000000,631,6.987628,PI,FIFO,true,PI_FIFO,353.012372
2.120028,-1,15,10010.128000,27.544000,356.803045,357.953337,360.000000,630,3.196955,PI,FIFO,true,PI_FIFO,356.803045
2.130019,-1,15,9991.739000,19.283000,359.654731,358.208546,360.000000,629,0.345269,PI,FIFO,true,PI_FIFO,359.654731
2.140018,-1,15,9998.591000,17.874000,363.020329,358.930313,360.000000,626,-3.020329,PI,FIFO,true,PI_FIFO,363.020329
2.150018,-1,15,10000.184000,18.058000,359.589041,359.029123,360.000000,628,0.410959,PI,FIFO,true,PI_FIFO,359.589041
2.160018,-1,15,9999.646000,17.704000,362.215909,359.507141,360.000000,625,-2.215909,PI,FIFO,true,PI_FIFO,362.215909
2.170018,-1,15,9999.851000,17.555000,362.168874,359.906401,360.000000,625,-2.168874,PI,FIFO,true,PI_FIFO,362.168874
2.180018,-1,15,10000.516000,18.071000,361.097737,360.085101,360.000000,625,-1.097737,PI,FIFO,true,PI_FIFO,361.097737
2.190034,-1,15,10015.443000,33.514000,362.622486,360.465709,360.000000,623,-2.622486,PI,FIFO,true,PI_FIFO,362.622486
2.200036,-1,15,10002.295000,35.809000,363.869863,360.976332,360.000000,621,-3.869863,PI,FIFO,true,PI_FIFO,363.869863
2.210028,-1,15,9991.906000,27.715000,367.550967,361.962527,360.000000,616,-7.550967,PI,FIFO,true,PI_FIFO,367.550967
2.220020,-1,15,9991.906000,19.621000,362.844702,362.094853,360.000000,617,-2.844702,PI,FIFO,true,PI_FIFO,362.844702
2.230018,-1,15,9998.220000,17.841000,361.769570,362.046061,360.000000,617,-1.769570,PI,FIFO,true,PI_FIFO,361.769570
2.240020,-1,15,10002.313000,20.154000,356.803045,361.259609,360.000000,620,3.196955,PI,FIFO,true,PI_FIFO,356.803045
2.250019,-1,15,9998.443000,18.597000,356.193009,360.499619,360.000000,622,3.806991,PI,FIFO,true,PI_FIFO,356.193009
2.260019,-1,15,9999.925000,18.522000,351.914414,359.211838,360.000000,628,8.085586,PI,FIFO,true,PI_FIFO,351.914414
2.270018,-1,15,9999.554000,18.076000,354.361959,358.484356,360.000000,629,5.638041,PI,FIFO,true,PI_FIFO,354.361959
2.280018,-1,15,10000.035000,18.111000,355.315520,358.009031,360.000000,630,4.684480,PI,FIFO,true,PI_FIFO,355.315520
2.290018,-1,15,9999.480000,17.591000,358.802624,358.128070,360.000000,629,1.197376,PI,FIFO,true,PI_FIFO,358.802624
2.300018,-1,15,10000.443000,18.034000,359.195402,358.288170,360.000000,629,0.804598,PI,FIFO,true,PI_FIFO,359.195402
2.310015,-1,15,9996.776000,14.810000,362.062307,358.854290,360.000000,627,-2.062307,PI,FIFO,true,PI_FIFO,362.062307
2.320018,-1,15,10003.480000,18.290000,361.097737,359.190807,360.000000,627,-1.097737,PI,FIFO,true,PI_FIFO,361.097737
2.330015,-1,15,9996.887000,15.177000,363.372093,359.818000,360.000000,624,-3.372093,PI,FIFO,true,PI_FIFO,363.372093
2.340018,-1,15,10002.795000,17.972000,360.576923,359.931839,360.000000,626,-0.576923,PI,FIFO,true,PI_FIFO,360.576923
2.350018,-1,15,10000.054000,18.026000,364.431487,360.606786,360.000000,622,-4.431487,PI,FIFO,true,PI_FIFO,364.431487
2.360018,-1,15,10000.035000,18.061000,362.809598,360.937208,360.000000,621,-2.809598,PI,FIFO,true,PI_FIFO,362.809598
2.370017,-1,15,9999.424000,17.485000,365.283460,361.589145,360.000000,618,-5.283460,PI,FIFO,true,PI_FIFO,365.283460
2.380018,-1,15,10000.295000,17.780000,364.124806,361.969495,360.000000,617,-4.124806,PI,FIFO,true,PI_FIFO,364.124806
2.390018,-1,15,9999.850000,17.630000,364.289878,362.317552,360.000000,615,-4.289878,PI,FIFO,true,PI_FIFO,364.289878
2.400018,-1,15,10000.351000,17.981000,359.392114,361.878736,360.000000,618,0.607886,PI,FIFO,true,PI_FIFO,359.392114
2.410027,-1,15,10009.405000,27.386000,357.653791,361.244994,360.000000,620,2.346209,PI,FIFO,true,PI_FIFO,357.653791
2.420019,-1,15,9991.369000,18.755000,355.976610,360.454737,360.000000,622,4.023390,PI,FIFO,true,PI_FIFO,355.976610
2.430018,-1,15,9999.202000,17.957000,354.308390,359.532785,360.000000,625,5.691610,PI,FIFO,true,PI_FIFO,354.308390
2.440018,-1,15,10000.239000,18.196000,353.202368,358.583222,360.000000,629,6.797632,PI,FIFO,true,PI_FIFO,353.202368
2.450018,-1,15,9999.795000,17.991000,355.450237,358.113274,360.000000,629,4.549763,PI,FIFO,true,PI_FIFO,355.450237
2.460018,-1,15,9999.943000,17.934000,361.570248,358.631821,360.000000,626,-1.570248,PI,FIFO,true,PI_FIFO,361.570248
2.470018,-1,15,9999.646000,17.580000,359.539789,358.768016,360.000000,627,0.460211,PI,FIFO,true,PI_FIFO,359.539789
2.480018,-1,15,10000.110000,17.690000,360.947125,359.094882,360.000000,626,-0.947125,PI,FIFO,true,PI_FIFO,360.947125
2.490025,-1,15,10007.146000,24.836000,360.057609,359.239291,360.000000,626,-0.057609,PI,FIFO,true,PI_FIFO,360.057609
2.500020,-1,15,9994.665000,19.501000,362.996902,359.802933,360.000000,624,-2.996902,PI,FIFO,true,PI_FIFO,362.996902
2.510018,-1,15,9998.962000,18.463000,358.680057,359.634502,360.000000,626,1.319943,PI,FIFO,true,PI_FIFO,358.680057
2.520018,-1,15,9999.406000,17.869000,363.336886,360.189859,360.000000,623,-3.336886,PI,FIFO,true,PI_FIFO,363.336886
2.530018,-1,15,9999.868000,17.737000,362.996902,360.610916,360.000000,621,-2.996902,PI,FIFO,true,PI_FIFO,362.996902
2.540018,-1,15,9999.832000,17.569000,367.502940,361.644719,360.000000,616,-7.502940,PI,FIFO,true,PI_FIFO,367.502940
2.550018,-1,15,10000.387000,17.956000,362.062307,361.707358,360.000000,618,-2.062307,PI,FIFO,true,PI_FIFO,362.062307
2.560018,-1,15,10000.073000,18.029000,362.985190,361.899032,360.000000,616,-2.985190,PI,FIFO,true,PI_FIFO,362.985190
2.570017,-1,15,9999.387000,17.416000,356.890363,361.147732,360.000000,621,3.109637,PI,FIFO,true,PI_FIFO,356.890363
2.580025,-1,15,10007.758000,25.174000,356.125356,360.394376,360.000000,623,3.874644,PI,FIFO,true,PI_FIFO,356.125356
2.590019,-1,15,9993.554000,18.728000,353.582974,359.372665,360.000000,627,6.417026,PI,FIFO,true,PI_FIFO,353.582974
2.600018,-1,15,9999.628000,18.356000,356.125356,358.885569,360.000000,627,3.874644,PI,FIFO,true,PI_FIFO,356.125356
2.610027,-1,15,10008.239000,26.595000,354.719504,358.260659,360.000000,630,5.280496,PI,FIFO,true,PI_FIFO,354.719504
2.620019,-1,15,9992.387000,18.982000,357.517399,358.149170,360.000000,629,2.482601,PI,FIFO,true,PI_FIFO,357.517399
2.630015,-1,15,9995.721000,14.703000,360.181120,358.453963,360.000000,628,-0.181120,PI,FIFO,true,PI_FIFO,360.181120
2.640018,-1,15,10003.294000,17.997000,362.143892,359.007452,360.000000,626,-2.143892,PI,FIFO,true,PI_FIFO,362.143892
2.650015,-1,15,9997.240000,15.237000,360.947125,359.298403,360.000000,626,-0.947125,PI,FIFO,true,PI_FIFO,360.947125
2.660018,-1,15,10002.461000,17.698000,362.143892,359.725226,360.000000,625,-2.143892,PI,FIFO,true,PI_FIFO,362.143892
2.670017,-1,15,9999.628000,17.326000,362.493958,360.140536,360.000000,624,-2.493958,PI,FIFO,true,PI_FIFO,362.493958
2.680018,-1,15,10000.924000,18.250000,362.809598,360.540895,360.000000,622,-2.809598,PI,FIFO,true,PI_FIFO,362.809598
2.690018,-1,15,9999.610000,17.860000,361.794501,360.728936,360.000000,622,-1.794501,PI,FIFO,true,PI_FIFO,361.794501
2.700017,-1,15,9999.609000,17.469000,363.184401,361.097256,360.000000,620,-3.184401,PI,FIFO,true,PI_FIFO,363.184401
2.710018,-1,15,10000.462000,17.931000,366.568915,361.918005,360.000000,616,-6.568915,PI,FIFO,true,PI_FIFO,366.568915
2.720018,-1,15,9999.998000,17.929000,363.184401,362.107964,360.000000,616,-3.184401,PI,FIFO,true,PI_FIFO,363.184401
2.730018,-1,15,9999.609000,17.538000,360.923965,361.930364,360.000000,617,-0.923965,PI,FIFO,true,PI_FIFO,360.923965
2.740018,-1,15,10000.758000,18.296000,358.019640,361.343756,360.000000,619,1.980360,PI,FIFO,true,PI_FIFO,358.019640
2.750019,-1,15,10000.295000,18.591000,356.463878,360.611774,360.000000,621,3.536122,PI,FIFO,true,PI_FIFO,356.463878
2.760018,-1,15,9999.554000,18.145000,351.562500,359.254383,360.000000,627,8.437500,PI,FIFO,true,PI_FIFO,351.562500
2.770019,-1,15,10000.480000,18.625000,354.934377,358.606382,360.000000,628,5.065623,PI,FIFO,true,PI_FIFO,354.934377
2.780018,-1,15,9999.479000,18.104000,353.862607,357.894816,360.000000,631,6.137393,PI,FIFO,true,PI_FIFO,353.862607
2.790018,-1,15,9999.425000,17.529000,359.850302,358.188139,360.000000,628,0.149698,PI,FIFO,true,PI_FIFO,359.850302
2.800018,-1,15,10000.646000,18.175000,358.645754,358.256781,360.000000,629,1.354246,PI,FIFO,true,PI_FIFO,358.645754
2.810026,-1,15,10007.480000,25.655000,362.669246,358.918651,360.000000,626,-2.669246,PI,FIFO,true,PI_FIFO,362.669246
2.820019,-1,15,9993.165000,18.820000,360.023041,359.084309,360.000000,627,-0.023041,PI,FIFO,true,PI_FIFO,360.023041
2.830029,-1,15,10009.832000,28.652000,361.620058,359.464672,360.000000,626,-1.620058,PI,FIFO,true,PI_FIFO,361.620058
2.840020,-1,15,9991.017000,19.669000,360.023041,359.548427,360.000000,626,-0.023041,PI,FIFO,true,PI_FIFO,360.023041
2.850018,-1,15,9998.109000,17.778000,363.724539,360.174844,360.000000,623,-3.724539,PI,FIFO,true,PI_FIFO,363.724539
2.860017,-1,15,9999.610000,17.388000,362.248841,360.485943,360.000000,623,-2.248841,PI,FIFO,true,PI_FIFO,362.248841
2.870018,-1,15,10000.443000,17.831000,365.319045,361.210909,360.000000,619,-5.319045,PI,FIFO,true,PI_FIFO,365.319045
2.880018,-1,15,10000.202000,18.033000,365.141188,361.800451,360.000000,617,-5.141188,PI,FIFO,true,PI_FIFO,365.141188
2.890018,-1,15,9999.720000,17.753000,364.502333,362.205733,360.000000,616,-4.502333,PI,FIFO,true,PI_FIFO,364.502333
2.900033,-1,15,10014.998000,32.751000,359.287174,361.767949,360.000000,618,0.712826,PI,FIFO,true,PI_FIFO,359.287174
2.910038,-1,15,10005.091000,37.842000,357.824427,361.176421,360.000000,620,2.175573,PI,FIFO,true,PI_FIFO,357.824427
2.920033,-1,15,9995.369000,33.211000,356.657609,360.498599,360.000000,622,3.342391,PI,FIFO,true,PI_FIFO,356.657609
2.930019,-1,15,9986.203000,19.414000,354.945575,359.665645,360.000000,625,5.054425,PI,FIFO,true,PI_FIFO,354.945575
2.940019,-1,15,9999.146000,18.560000,354.397681,358.875451,360.000000,628,5.602319,PI,FIFO,true,PI_FIFO,354.397681
2.950023,-1,15,10004.924000,23.484000,355.281857,358.336412,360.000000,629,4.718143,PI,FIFO,true,PI_FIFO,355.281857
2.960026,-1,15,10002.573000,26.057000,361.570248,358.821487,360.000000,625,-1.570248,PI,FIFO,true,PI_FIFO,361.570248
2.970020,-1,15,9993.887000,19.944000,359.367513,358.903391,360.000000,627,0.632487,PI,FIFO,true,PI_FIFO,359.367513
2.980019,-1,15,9998.758000,18.702000,360.576923,359.154421,360.000000,626,-0.576923,PI,FIFO,true,PI_FIFO,360.576923
2.990018,-1,15,9999.072000,17.774000,361.318088,359.478971,360.000000,625,-1.318088,PI,FIFO,true,PI_FIFO,361.318088
3.000018,-1,15,10000.240000,18.014000,363.020329,360.010175,360.000000,623,-3.020329,PI,FIFO,true,PI_FIFO,363.020329
3.010026,-1,15,10008.442000,26.456000,358.371560,359.764382,360.000000,626,1.628440,PI,FIFO,true,PI_FIFO,358.371560
3.020024,-1,15,9997.332000,23.788000,362.318841,360.147551,360.000000,623,-2.318841,PI,FIFO,true,PI_FIFO,362.318841
3.030034,-1,15,10010.535000,34.323000,362.368857,360.480747,360.000000,622,-2.368857,PI,FIFO,true,PI_FIFO,362.368857
3.040019,-1,15,9984.647000,18.970000,365.538991,361.239484,360.000000,618,-5.538991,PI,FIFO,true,PI_FIFO,365.538991
3.050018,-1,15,9998.925000,17.895000,362.622486,361.446934,360.000000,618,-2.622486,PI,FIFO,true,PI_FIFO,362.622486
3.060019,-1,15,10001.479000,19.374000,364.431487,361.894617,360.000000,616,-4.431487,PI,FIFO,true,PI_FIFO,364.431487
3.070019,-1,15,9999.258000,18.632000,357.980580,361.307511,360.000000,620,2.019420,PI,FIFO,true,PI_FIFO,357.980580
3.080019,-1,15,10000.258000,18.890000,356.328392,360.560644,360.000000,622,3.671608,PI,FIFO,true,PI_FIFO,356.328392
3.090018,-1,15,9999.072000,17.962000,353.329146,359.475919,360.000000,626,6.670854,PI,FIFO,true,PI_FIFO,353.329146
3.100018,-1,15,10000.128000,18.090000,356.337421,359.005144,360.000000,626,3.662579,PI,FIFO,true,PI_FIFO,356.337421
3.110018,-1,15,9999.499000,17.589000,354.433411,358.319384,360.000000,630,5.566589,PI,FIFO,true,PI_FIFO,354.433411
3.120018,-1,15,10000.072000,17.661000,358.680057,358.373485,360.000000,628,1.319943,PI,FIFO,true,PI_FIFO,358.680057
3.130015,-1,15,9997.184000,14.845000,359.589041,358.555819,360.000000,628,0.410959,PI,FIFO,true,PI_FIFO,359.589041
3.140018,-1,15,10003.035000,17.880000,361.886921,359.055484,360.000000,626,-1.886921,PI,FIFO,true,PI_FIFO,361.886921
3.150015,-1,15,9996.962000,14.842000,359.786184,359.165089,360.000000,627,0.213816,PI,FIFO,true,PI_FIFO,359.786184
3.160018,-1,15,10002.998000,17.840000,360.923965,359.428920,360.000000,626,-0.923965,PI,FIFO,true,PI_FIFO,360.923965
3.170018,-1,15,9999.961000,17.801000,362.493958,359.888676,360.000000,624,-2.493958,PI,FIFO,true,PI_FIFO,362.493958
3.180018,-1,15,9999.962000,17.763000,361.689815,360.158847,360.000000,624,-1.689815,PI,FIFO,true,PI_FIFO,361.689815
3.190025,-1,15,10007.016000,24.779000,362.669246,360.535407,360.000000,622,-2.669246,PI,FIFO,true,PI_FIFO,362.669246
3.200020,-1,15,9994.758000,19.537000,363.936335,361.045546,360.000000,620,-3.936335,PI,FIFO,true,PI_FIFO,363.936335
3.210028,-1,15,10008.128000,27.665000,367.286974,361.981760,360.000000,615,-7.286974,PI,FIFO,true,PI_FIFO,367.286974
3.220020,-1,15,9992.165000,19.830000,362.062307,361.993842,360.000000,617,-2.062307,PI,FIFO,true,PI_FIFO,362.062307
3.230018,-1,15,9997.999000,17.829000,361.620058,361.937775,360.000000,617,-1.620058,PI,FIFO,true,PI_FIFO,361.620058
3.240018,-1,15,9999.905000,17.734000,358.215066,361.379368,360.000000,619,1.784934,PI,FIFO,true,PI_FIFO,358.215066
3.250018,-1,15,10000.332000,18.066000,357.619683,360.815415,360.000000,620,2.380317,PI,FIFO,true,PI_FIFO,357.619683
3.260026,-1,15,10007.961000,26.027000,353.009840,359.644579,360.000000,626,6.990160,PI,FIFO,true,PI_FIFO,353.009840
3.270024,-1,15,9998.425000,24.452000,354.911982,358.934690,360.000000,627,5.088018,PI,FIFO,true,PI_FIFO,354.911982
3.280020,-1,15,9995.720000,20.172000,354.002589,358.194875,360.000000,630,5.997411,PI,FIFO,true,PI_FIFO,354.002589
3.290019,-1,15,9998.740000,18.912000,359.367513,358.370770,360.000000,627,0.632487,PI,FIFO,true,PI_FIFO,359.367513
3.300019,-1,15,9999.924000,18.836000,358.802624,358.435548,360.000000,628,1.197376,PI,FIFO,true,PI_FIFO,358.802624
3.310018,-1,15,9999.332000,18.168000,363.206472,359.151187,360.000000,624,-3.206472,PI,FIFO,true,PI_FIFO,363.206472
3.320018,-1,15,10000.202000,18.370000,360.181120,359.305677,360.000000,626,-0.181120,PI,FIFO,true,PI_FIFO,360.181120
3.330018,-1,15,9999.535000,17.905000,362.545496,359.791650,360.000000,624,-2.545496,PI,FIFO,true,PI_FIFO,362.545496
3.340018,-1,15,9999.665000,17.570000,360.181120,359.850070,360.000000,625,-0.181120,PI,FIFO,true,PI_FIFO,360.181120
3.350018,-1,15,10000.295000,17.865000,364.077670,360.484210,360.000000,621,-4.077670,PI,FIFO,true,PI_FIFO,364.077670
3.360018,-1,15,9999.776000,17.641000,362.051340,360.719280,360.000000,621,-2.051340,PI,FIFO,true,PI_FIFO,362.051340
3.370018,-1,15,10000.536000,18.177000,365.598886,361.451221,360.000000,617,-5.598886,PI,FIFO,true,PI_FIFO,365.598886
3.380018,-1,15,9999.794000,17.971000,365.003206,361.984018,360.000000,615,-5.003206,PI,FIFO,true,PI_FIFO,365.003206
3.390017,-1,14,9999.480000,17.451000,365.639626,362.532360,360.000000,613,-5.639626,PI,FIFO,true,PI_FIFO,365.639626
3.400018,-1,15,10000.276000,17.727000,357.995227,361.851790,360.000000,617,2.004773,PI,FIFO,true,PI_FIFO,357.995227
3.410028,-1,15,10010.591000,28.318000,356.193009,361.002973,360.000000,620,3.806991,PI,FIFO,true,PI_FIFO,356.193009
3.420020,-1,15,9991.739000,20.057000,354.609929,360.044016,360.000000,623,5.390071,PI,FIFO,true,PI_FIFO,354.609929
3.430018,-1,15,9998.054000,18.111000,353.392569,359.046299,360.000000,626,6.607431,PI,FIFO,true,PI_FIFO,353.392569
3.440018,-1,15,10000.110000,18.221000,354.107649,358.305501,360.000000,628,5.892351,PI,FIFO,true,PI_FIFO,354.107649
3.450018,-1,15,9999.572000,17.793000,355.691057,357.913335,360.000000,629,4.308943,PI,FIFO,true,PI_FIFO,355.691057
3.460018,-1,15,10000.351000,18.144000,361.097737,358.390995,360.000000,626,-1.097737,PI,FIFO,true,PI_FIFO,361.097737
3.470015,-1,15,9996.813000,14.957000,359.287174,358.525422,360.000000,627,0.712826,PI,FIFO,true,PI_FIFO,359.287174
3.480018,-1,15,10002.758000,17.715000,361.445783,358.963476,360.000000,626,-1.445783,PI,FIFO,true,PI_FIFO,361.445783
3.490015,-1,15,9997.091000,14.806000,360.973597,359.264994,360.000000,626,-0.973597,PI,FIFO,true,PI_FIFO,360.973597
3.500018,-1,15,10003.128000,17.934000,363.041002,359.831396,360.000000,623,-3.041002,PI,FIFO,true,PI_FIFO,363.041002
3.510018,-1,15,9999.831000,17.765000,360.576923,359.943225,360.000000,624,-0.576923,PI,FIFO,true,PI_FIFO,360.576923
3.520018,-1,15,10000.425000,18.190000,363.976705,360.548247,360.000000,621,-3.976705,PI,FIFO,true,PI_FIFO,363.976705
3.530035,-1,15,10017.164000,35.354000,363.173366,360.942015,360.000000,620,-3.173366,PI,FIFO,true,PI_FIFO,363.173366
3.540020,-1,15,9984.573000,19.927000,367.167102,361.875778,360.000000,615,-7.167102,PI,FIFO,true,PI_FIFO,367.167102
3.550018,-1,15,9998.073000,18.000000,363.407307,362.105507,360.000000,615,-3.407307,PI,FIFO,true,PI_FIFO,363.407307
3.560026,-1,14,10007.646000,25.646000,363.372093,362.295495,360.000000,614,-3.372093,PI,FIFO,true,PI_FIFO,363.372093
3.570019,-1,15,9993.221000,18.867000,359.195402,361.830481,360.000000,617,0.804598,PI,FIFO,true,PI_FIFO,359.195402
3.580019,-1,15,9999.980000,18.847000,355.883948,360.938501,360.000000,620,4.116052,PI,FIFO,true,PI_FIFO,355.883948
3.590018,-1,15,9999.109000,17.956000,353.107345,359.763828,360.000000,624,6.892655,PI,FIFO,true,PI_FIFO,353.107345
3.600035,-1,15,10017.091000,35.047000,356.851550,359.326986,360.000000,624,3.148450,PI,FIFO,true,PI_FIFO,356.851550
3.610040,-1,15,10005.276000,40.323000,352.974398,358.374098,360.000000,628,7.025602,PI,FIFO,true,PI_FIFO,352.974398
3.620023,-1,15,9982.276000,22.599000,357.483317,358.240481,360.000000,627,2.516683,PI,FIFO,true,PI_FIFO,357.483317
3.630018,-1,15,9995.166000,17.765000,359.539789,358.435377,360.000000,626,0.460211,PI,FIFO,true,PI_FIFO,359.539789
3.640018,-1,15,10000.646000,18.411000,362.062307,358.979416,360.000000,624,-2.062307,PI,FIFO,true,PI_FIFO,362.062307
3.650015,-1,15,9996.091000,14.502000,359.195402,359.011814,360.000000,626,0.804598,PI,FIFO,true,PI_FIFO,359.195402
3.660019,-1,15,10004.721000,19.223000,360.378913,359.216879,360.000000,625,-0.378913,PI,FIFO,true,PI_FIFO,360.378913
3.670018,-1,15,9998.980000,18.203000,361.271676,359.525099,360.000000,624,-1.271676,PI,FIFO,true,PI_FIFO,361.271676
3.680025,-1,15,10007.128000,25.331000,360.207480,359.627456,360.000000,625,-0.207480,PI,FIFO,true,PI_FIFO,360.207480
3.690023,-1,15,9997.350000,22.681000,362.493958,360.057431,360.000000,623,-2.493958,PI,FIFO,true,PI_FIFO,362.493958
3.700021,-1,15,9998.276000,20.957000,363.559979,360.582813,360.000000,621,-3.559979,PI,FIFO,true,PI_FIFO,363.559979
3.710022,-1,15,10000.832000,21.789000,367.647059,361.642450,360.000000,615,-7.647059,PI,FIFO,true,PI_FIFO,367.647059
3.720022,-1,15,10000.239000,22.028000,363.748060,361.958292,360.000000,616,-3.748060,PI,FIFO,true,PI_FIFO,363.748060
3.730021,-1,15,9998.776000,20.804000,360.923965,361.803143,360.000000,617,-0.923965,PI,FIFO,true,PI_FIFO,360.923965
3.740023,-1,15,10002.110000,22.914000,357.824427,361.206335,360.000000,619,2.175573,PI,FIFO,true,PI_FIFO,357.824427
3.750021,-1,15,9998.239000,21.153000,357.142857,360.596814,360.000000,621,2.857143,PI,FIFO,true,PI_FIFO,357.142857
3.760023,-1,15,10001.517000,22.670000,352.822581,359.430679,360.000000,626,7.177419,PI,FIFO,true,PI_FIFO,352.822581
3.770021,-1,15,9998.443000,21.113000,355.281857,358.808355,360.000000,627,4.718143,PI,FIFO,true,PI_FIFO,355.281857
3.780023,-1,15,10001.831000,22.944000,354.729730,358.196562,360.000000,629,5.270270,PI,FIFO,true,PI_FIFO,354.729730
3.790021,-1,15,9998.258000,21.202000,360.055576,358.475414,360.000000,626,-0.055576,PI,FIFO,true,PI_FIFO,360.055576
3.800022,-1,15,10001.165000,22.367000,358.449858,358.471580,360.000000,628,1.550142,PI,FIFO,true,PI_FIFO,358.449858
3.810021,-1,15,9998.702000,21.069000,362.669246,359.101230,360.000000,625,-2.669246,PI,FIFO,true,PI_FIFO,362.669246
3.820024,-1,15,10003.202000,24.271000,361.132512,359.405922,360.000000,625,-1.132512,PI,FIFO,true,PI_FIFO,361.132512
3.830022,-1,15,9997.776000,22.047000,363.372093,360.000848,360.000000,622,-3.372093,PI,FIFO,true,PI_FIFO,363.372093
3.840022,-1,15,9999.814000,21.861000,360.207480,360.031843,360.000000,624,-0.207480,PI,FIFO,true,PI_FIFO,360.207480
3.850021,-1,15,9999.609000,21.470000,364.608653,360.718364,360.000000,620,-4.608653,PI,FIFO,true,PI_FIFO,364.608653
3.860022,-1,15,10000.184000,21.654000,362.062307,360.919956,360.000000,620,-2.062307,PI,FIFO,true,PI_FIFO,362.062307
3.870020,-1,15,9998.646000,20.300000,364.963504,361.526488,360.000000,617,-4.963504,PI,FIFO,true,PI_FIFO,364.963504
3.880022,-1,15,10002.147000,22.447000,364.691390,362.001223,360.000000,615,-4.691390,PI,FIFO,true,PI_FIFO,364.691390
3.890021,-1,14,9998.498000,20.945000,364.254492,362.339214,360.000000,613,-4.254492,PI,FIFO,true,PI_FIFO,364.254492
3.900022,-1,15,10001.184000,22.129000,358.554309,361.771478,360.000000,617,1.445691,PI,FIFO,true,PI_FIFO,358.554309
3.910021,-1,15,9999.369000,21.498000,355.281857,360.798035,360.000000,620,4.718143,PI,FIFO,true,PI_FIFO,355.281857
3.920023,-1,15,10001.054000,22.552000,354.538088,359.859043,360.000000,623,5.461912,PI,FIFO,true,PI_FIFO,354.538088
3.930021,-1,15,9998.794000,21.346000,353.273669,358.871237,360.000000,626,6.726331,PI,FIFO,true,PI_FIFO,353.273669
3.940022,-1,15,10001.091000,22.437000,352.443609,357.907093,360.000000,630,7.556391,PI,FIFO,true,PI_FIFO,352.443609
3.950021,-1,15,9998.869000,21.306000,356.429997,357.685528,360.000000,629,3.570003,PI,FIFO,true,PI_FIFO,356.429997
3.960023,-1,15,10001.239000,22.545000,360.984187,358.180327,360.000000,627,-0.984187,PI,FIFO,true,PI_FIFO,360.984187
3.970021,-1,15,9998.350000,20.895000,359.884837,358.436004,360.000000,627,0.115163,PI,FIFO,true,PI_FIFO,359.884837
3.980023,-1,15,10001.943000,22.838000,361.689815,358.924075,360.000000,626,-1.689815,PI,FIFO,true,PI_FIFO,361.689815
3.990020,-1,15,9997.573000,20.411000,360.403652,359.146012,360.000000,626,-0.403652,PI,FIFO,true,PI_FIFO,360.403652
4.000023,-1,15,10002.183000,22.594000,363.559979,359.808107,360.000000,623,-3.559979,PI,FIFO,true,PI_FIFO,363.559979
4.010020,-1,15,9997.758000,20.352000,359.712230,359.793725,360.000000,625,0.287770,PI,FIFO,true,PI_FIFO,359.712230
4.020024,-1,15,10003.350000,23.702000,363.774945,360.390908,360.000000,622,-3.774945,PI,FIFO,true,PI_FIFO,363.774945
4.030029,-1,15,10005.147000,28.849000,363.869863,360.912751,360.000000,620,-3.869863,PI,FIFO,true,PI_FIFO,363.869863
4.040023,-1,15,9994.054000,22.903000,366.975470,361.822159,360.000000,616,-6.975470,PI,FIFO,true,PI_FIFO,366.975470
4.050022,-1,15,9998.665000,21.568000,362.844702,361.975541,360.000000,616,-2.844702,PI,FIFO,true,PI_FIFO,362.844702
4.060023,-1,15,10001.350000,22.918000,363.184401,362.156870,360.000000,615,-3.184401,PI,FIFO,true,PI_FIFO,363.184401
4.070021,-1,15,9998.462000,21.380000,357.995227,361.532623,360.000000,618,2.004773,PI,FIFO,true,PI_FIFO,357.995227
4.080022,-1,15,10000.387000,21.767000,357.045702,360.859585,360.000000,620,2.954298,PI,FIFO,true,PI_FIFO,357.045702
4.090021,-1,15,9999.720000,21.487000,352.775165,359.646922,360.000000,625,7.224835,PI,FIFO,true,PI_FIFO,352.775165
4.100022,-1,15,10000.795000,22.282000,357.240065,359.285893,360.000000,624,2.759935,PI,FIFO,true,PI_FIFO,357.240065
4.110021,-1,15,9998.462000,20.744000,353.606789,358.434028,360.000000,629,6.393211,PI,FIFO,true,PI_FIFO,353.606789
4.120022,-1,15,10000.942000,21.686000,357.278963,358.260768,360.000000,628,2.721037,PI,FIFO,true,PI_FIFO,357.278963
4.130021,-1,15,9999.165000,20.851000,359.505321,358.447451,360.000000,627,0.494679,PI,FIFO,true,PI_FIFO,359.505321
4.140022,-1,15,10001.091000,21.942000,363.184401,359.157994,360.000000,624,-3.184401,PI,FIFO,true,PI_FIFO,363.184401
4.150020,-1,15,9998.332000,20.274000,359.919378,359.272201,360.000000,625,0.080622,PI,FIFO,true,PI_FIFO,359.919378
4.160023,-1,15,10002.480000,22.754000,361.570248,359.616908,360.000000,624,-1.570248,PI,FIFO,true,PI_FIFO,361.570248
4.170021,-1,15,9998.036000,20.790000,362.051340,359.982073,360.000000,623,-2.051340,PI,FIFO,true,PI_FIFO,362.051340
4.180022,-1,15,10001.646000,22.436000,361.371145,360.190434,360.000000,623,-1.371145,PI,FIFO,true,PI_FIFO,361.371145
4.190023,-1,15,10000.387000,22.823000,361.445783,360.378736,360.000000,622,-1.445783,PI,FIFO,true,PI_FIFO,361.445783
4.200024,-1,15,10000.777000,23.600000,363.372093,360.827740,360.000000,620,-3.372093,PI,FIFO,true,PI_FIFO,363.372093
4.210021,-1,15,9997.757000,21.357000,366.032211,361.608410,360.000000,616,-6.032211,PI,FIFO,true,PI_FIFO,366.032211
4.220024,-1,15,10002.795000,24.152000,363.372093,361.872963,360.000000,616,-3.372093,PI,FIFO,true,PI_FIFO,363.372093
4.230021,-1,15,9997.147000,21.299000,361.271676,361.782770,360.000000,616,-1.271676,PI,FIFO,true,PI_FIFO,361.271676
4.240026,-1,15,10004.331000,25.630000,358.188996,361.243704,360.000000,619,1.811004,PI,FIFO,true,PI_FIFO,358.188996
4.250021,-1,15,9995.814000,21.444000,356.125356,360.475952,360.000000,621,3.874644,PI,FIFO,true,PI_FIFO,356.125356
4.260022,-1,15,10000.702000,22.146000,352.065451,359.214377,360.000000,627,7.934549,PI,FIFO,true,PI_FIFO,352.065451
4.270021,-1,15,9998.776000,20.922000,355.956336,358.725670,360.000000,626,4.043664,PI,FIFO,true,PI_FIFO,355.956336
4.280022,-1,15,10001.165000,22.087000,354.729730,358.126279,360.000000,629,5.270270,PI,FIFO,true,PI_FIFO,354.729730
4.290024,-1,15,10001.758000,23.845000,360.740154,358.518361,360.000000,626,-0.740154,PI,FIFO,true,PI_FIFO,360.740154
4.300025,-1,15,10001.183000,25.028000,358.567370,358.525712,360.000000,627,1.432630,PI,FIFO,true,PI_FIFO,358.567370
4.310038,-1,15,10013.350000,38.378000,362.659893,359.145839,360.000000,624,-2.659893,PI,FIFO,true,PI_FIFO,362.659893
4.320031,-1,15,9993.017000,31.395000,360.088116,359.287181,360.000000,626,-0.088116,PI,FIFO,true,PI_FIFO,360.088116
4.330019,-1,15,9987.925000,19.320000,362.569061,359.779463,360.000000,623,-2.569061,PI,FIFO,true,PI_FIFO,362.569061
4.340018,-1,15,9998.869000,18.189000,360.403652,359.873091,360.000000,624,-0.403652,PI,FIFO,true,PI_FIFO,360.403652
4.350018,-1,15,9999.850000,18.039000,363.748060,360.454336,360.000000,621,-3.748060,PI,FIFO,true,PI_FIFO,363.748060
4.360018,-1,15,10000.461000,18.500000,361.794501,360.655361,360.000000,621,-1.794501,PI,FIFO,true,PI_FIFO,361.794501
4.370018,-1,15,9999.313000,17.813000,365.070093,361.317571,360.000000,617,-5.070093,PI,FIFO,true,PI_FIFO,365.070093
4.380035,-1,15,10017.313000,35.126000,363.703788,361.675503,360.000000,617,-3.703788,PI,FIFO,true,PI_FIFO,363.703788
4.390017,-1,14,9981.610000,16.736000,364.380900,362.081313,360.000000,614,-4.380900,PI,FIFO,true,PI_FIFO,364.380900
4.400019,-1,15,10002.480000,19.216000,359.195402,361.648426,360.000000,617,0.804598,PI,FIFO,true,PI_FIFO,359.195402
4.410018,-1,15,9999.202000,18.418000,357.061243,360.960349,360.000000,620,2.938757,PI,FIFO,true,PI_FIFO,357.061243
4.420020,-1,15,10001.110000,19.528000,354.979175,360.063173,360.000000,623,5.020825,PI,FIFO,true,PI_FIFO,354.979175
4.430018,-1,15,9998.239000,17.767000,354.921579,359.291934,360.000000,625,5.078421,PI,FIFO,true,PI_FIFO,354.921579
4.440018,-1,15,10000.498000,18.265000,353.107345,358.364245,360.000000,629,6.892655,PI,FIFO,true,PI_FIFO,353.107345
4.450019,-1,15,10000.258000,18.523000,355.883948,357.992201,360.000000,629,4.116052,PI,FIFO,true,PI_FIFO,355.883948
4.460019,-1,15,10000.054000,18.577000,360.576923,358.379909,360.000000,626,-0.576923,PI,FIFO,true,PI_FIFO,360.576923
4.470018,-1,15,9999.165000,17.742000,359.470859,358.543552,360.000000,627,0.529141,PI,FIFO,true,PI_FIFO,359.470859
4.480018,-1,15,10000.091000,17.833000,361.620058,359.005027,360.000000,625,-1.620058,PI,FIFO,true,PI_FIFO,361.620058
4.490015,-1,15,9996.924000,14.757000,361.503856,359.379852,360.000000,625,-1.503856,PI,FIFO,true,PI_FIFO,361.503856
4.500018,-1,15,10003.573000,18.330000,363.548231,360.005109,360.000000,622,-3.548231,PI,FIFO,true,PI_FIFO,363.548231
4.510015,-1,15,9996.183000,14.513000,358.802624,359.824736,360.000000,625,1.197376,PI,FIFO,true,PI_FIFO,358.802624
4.520017,-1,15,10002.869000,17.382000,362.875683,360.282378,360.000000,622,-2.875683,PI,FIFO,true,PI_FIFO,362.875683
4.530015,-1,15,9997.517000,14.899000,363.171002,360.715672,360.000000,621,-3.171002,PI,FIFO,true,PI_FIFO,363.171002
4.540018,-1,15,10003.424000,18.323000,366.042719,361.514729,360.000000,617,-6.042719,PI,FIFO,true,PI_FIFO,366.042719
4.550018,-1,15,9999.591000,17.914000,363.020329,361.740569,360.000000,617,-3.020329,PI,FIFO,true,PI_FIFO,363.020329
4.560018,-1,15,10000.332000,18.246000,362.996902,361.929019,360.000000,616,-2.996902,PI,FIFO,true,PI_FIFO,362.996902
4.570018,-1,15,9999.295000,17.541000,357.142857,361.211095,360.000000,620,2.857143,PI,FIFO,true,PI_FIFO,357.142857
4.580018,-1,15,10000.091000,17.632000,355.498375,360.354187,360.000000,622,4.501625,PI,FIFO,true,PI_FIFO,355.498375
4.590018,-1,15,10000.146000,17.778000,352.278065,359.142768,360.000000,627,7.721935,PI,FIFO,true,PI_FIFO,352.278065
4.600018,-1,15,9999.906000,17.684000,357.785411,358.939165,360.000000,625,2.214589,PI,FIFO,true,PI_FIFO,357.785411
4.610026,-1,15,10008.202000,25.886000,353.973948,358.194382,360.000000,630,6.026052,PI,FIFO,true,PI_FIFO,353.973948
4.620020,-1,15,9994.165000,20.051000,358.215066,358.197485,360.000000,628,1.784934,PI,FIFO,true,PI_FIFO,358.215066
4.630019,-1,15,9998.758000,18.809000,360.403652,358.528410,360.000000,627,-0.403652,PI,FIFO,true,PI_FIFO,360.403652
4.640018,-1,15,9999.406000,18.215000,362.062307,359.058494,360.000000,625,-2.062307,PI,FIFO,true,PI_FIFO,362.062307
4.650019,-1,15,10000.350000,18.565000,360.403652,359.260268,360.000000,626,-0.403652,PI,FIFO,true,PI_FIFO,360.403652
4.660018,-1,15,9999.702000,18.267000,362.062307,359.680574,360.000000,624,-2.062307,PI,FIFO,true,PI_FIFO,362.062307
4.670019,-1,15,10000.258000,18.525000,362.283837,360.071063,360.000000,623,-2.283837,PI,FIFO,true,PI_FIFO,362.283837
4.680018,-1,15,9999.535000,18.060000,362.659893,360.459388,360.000000,622,-2.659893,PI,FIFO,true,PI_FIFO,362.659893
4.690018,-1,15,9999.517000,17.577000,362.143892,360.712063,360.000000,621,-2.143892,PI,FIFO,true,PI_FIFO,362.143892
4.700018,-1,15,10000.165000,17.742000,362.569061,360.990613,360.000000,620,-2.569061,PI,FIFO,true,PI_FIFO,362.569061
4.710017,-1,15,9999.740000,17.482000,366.379310,361.798918,360.000000,616,-6.379310,PI,FIFO,true,PI_FIFO,366.379310
4.720018,-1,15,10000.257000,17.739000,362.318841,361.876906,360.000000,617,-2.318841,PI,FIFO,true,PI_FIFO,362.318841
4.730018,-1,15,10000.054000,17.793000,362.248841,361.932696,360.000000,616,-2.248841,PI,FIFO,true,PI_FIFO,362.248841
4.740018,-1,15,9999.980000,17.773000,357.824427,361.316456,360.000000,619,2.175573,PI,FIFO,true,PI_FIFO,357.824427
4.750015,-1,15,9997.165000,14.938000,358.175963,360.845382,360.000000,620,1.824037,PI,FIFO,true,PI_FIFO,358.175963
4.760019,-1,15,10003.647000,18.585000,353.806963,359.789619,360.000000,624,6.193037,PI,FIFO,true,PI_FIFO,353.806963
4.770018,-1,15,9999.091000,17.676000,354.538088,359.001889,360.000000,626,5.461912,PI,FIFO,true,PI_FIFO,354.538088
4.780018,-1,15,10000.257000,17.933000,354.107649,358.267753,360.000000,629,5.892351,PI,FIFO,true,PI_FIFO,354.107649
4.790018,-1,15,10000.166000,18.099000,359.195402,358.406901,360.000000,627,0.804598,PI,FIFO,true,PI_FIFO,359.195402
4.800019,-1,15,10000.628000,18.727000,358.146067,358.367776,360.000000,628,1.853933,PI,FIFO,true,PI_FIFO,358.146067
4.810018,-1,15,9998.905000,17.632000,362.769486,359.028032,360.000000,624,-2.769486,PI,FIFO,true,PI_FIFO,362.769486
4.820019,-1,15,10000.943000,18.575000,359.712230,359.130662,360.000000,626,0.287770,PI,FIFO,true,PI_FIFO,359.712230
4.830015,-1,15,9995.943000,14.518000,361.838720,359.536871,360.000000,624,-1.838720,PI,FIFO,true,PI_FIFO,361.838720
4.840018,-1,15,10003.628000,18.146000,357.858574,359.285126,360.000000,627,2.141426,PI,FIFO,true,PI_FIFO,357.858574
4.850015,-1,15,9996.647000,14.793000,363.936335,359.982808,360.000000,622,-3.936335,PI,FIFO,true,PI_FIFO,363.936335
4.860018,-1,15,10003.294000,18.087000,361.620058,360.228395,360.000000,623,-1.620058,PI,FIFO,true,PI_FIFO,361.620058
4.870017,-1,15,9999.351000,17.438000,365.853659,361.072185,360.000000,618,-5.853659,PI,FIFO,true,PI_FIFO,365.853659
4.880018,-1,15,10000.535000,17.973000,364.502333,361.586707,360.000000,617,-4.502333,PI,FIFO,true,PI_FIFO,364.502333
4.890018,-1,15,9999.999000,17.972000,364.785992,362.066600,360.000000,615,-4.785992,PI,FIFO,true,PI_FIFO,364.785992
4.900024,-1,15,10006.164000,24.136000,358.737245,361.567196,360.000000,619,1.262755,PI,FIFO,true,PI_FIFO,358.737245
4.910016,-1,15,9992.092000,16.228000,357.142857,360.903546,360.000000,621,2.857143,PI,FIFO,true,PI_FIFO,357.142857
4.920020,-1,15,10003.628000,19.856000,356.270358,360.208567,360.000000,623,3.729642,PI,FIFO,true,PI_FIFO,356.270358
4.930016,-1,15,9996.017000,15.873000,355.281857,359.469561,360.000000,625,4.718143,PI,FIFO,true,PI_FIFO,355.281857
4.940028,-1,15,10012.498000,28.371000,355.113636,358.816172,360.000000,627,4.886364,PI,FIFO,true,PI_FIFO,355.113636
4.950028,-1,15,9999.591000,27.962000,355.956336,358.387197,360.000000,628,4.043664,PI,FIFO,true,PI_FIFO,355.956336
4.960020,-1,15,9991.869000,19.831000,361.318088,358.826831,360.000000,625,-1.318088,PI,FIFO,true,PI_FIFO,361.318088
4.970019,-1,15,9998.869000,18.700000,359.195402,358.882116,360.000000,627,0.804598,PI,FIFO,true,PI_FIFO,359.195402
4.980019,-1,15,9999.979000,18.679000,361.318088,359.247512,360.000000,625,-1.318088,PI,FIFO,true,PI_FIFO,361.318088
4.990018,-1,15,9999.184000,17.863000,361.271676,359.551137,360.000000,624,-1.271676,PI,FIFO,true,PI_FIFO,361.271676
5.000018,-1,15,10000.461000,18.324000,363.573407,360.154477,360.000000,622,-3.573407,PI,FIFO,true,PI_FIFO,363.573407
5.010018,-1,15,9999.591000,17.915000,359.276375,360.022762,360.000000,624,0.723625,PI,FIFO,true,PI_FIFO,359.276375
5.020036,-1,15,10018.054000,35.969000,362.622486,360.412721,360.000000,622,-2.622486,PI,FIFO,true,PI_FIFO,362.622486
5.030033,-1,15,9997.350000,33.319000,361.570248,360.586350,360.000000,621,-1.570248,PI,FIFO,true,PI_FIFO,361.570248
5.040020,-1,15,9987.055000,20.374000,365.538991,361.329246,360.000000,617,-5.538991,PI,FIFO,true,PI_FIFO,365.538991
5.050018,-1,15,9997.887000,18.261000,361.689815,361.383331,360.000000,618,-1.689815,PI,FIFO,true,PI_FIFO,361.689815
5.060018,-1,15,10000.147000,18.408000,364.254492,361.814005,360.000000,615,-4.254492,PI,FIFO,true,PI_FIFO,364.254492
5.070020,-1,15,10001.998000,20.406000,358.410705,361.303510,360.000000,619,1.589295,PI,FIFO,true,PI_FIFO,358.410705
5.080019,-1,15,9998.147000,18.553000,357.142857,360.679412,360.000000,621,2.857143,PI,FIFO,true,PI_FIFO,357.142857
5.090015,-1,15,9996.535000,15.088000,353.773585,359.643538,360.000000,625,6.226415,PI,FIFO,true,PI_FIFO,353.773585
5.100018,-1,15,10002.647000,17.735000,356.125356,359.115811,360.000000,625,3.874644,PI,FIFO,true,PI_FIFO,356.125356
5.110015,-1,15,9997.091000,14.826000,353.684608,358.301130,360.000000,629,6.315392,PI,FIFO,true,PI_FIFO,353.684608
5.120018,-1,15,10003.183000,18.009000,358.508604,358.332251,360.000000,627,1.491396,PI,FIFO,true,PI_FIFO,358.508604
5.130018,-1,15,9999.721000,17.730000,359.884837,358.565139,360.000000,627,0.115163,PI,FIFO,true,PI_FIFO,359.884837
5.140019,-1,15,10001.313000,19.043000,363.372093,359.286182,360.000000,624,-3.372093,PI,FIFO,true,PI_FIFO,363.372093
5.150029,-1,15,10010.406000,29.449000,360.403652,359.453803,360.000000,625,-0.403652,PI,FIFO,true,PI_FIFO,360.403652
5.160019,-1,15,9989.832000,19.281000,360.973597,359.681772,360.000000,624,-0.973597,PI,FIFO,true,PI_FIFO,360.973597
5.170018,-1,15,9998.961000,18.242000,361.271676,359.920258,360.000000,624,-1.271676,PI,FIFO,true,PI_FIFO,361.271676
5.180018,-1,15,10000.110000,18.352000,362.062307,360.241565,360.000000,622,-2.062307,PI,FIFO,true,PI_FIFO,362.062307
5.190018,-1,15,9999.480000,17.832000,363.160953,360.679473,360.000000,620,-3.160953,PI,FIFO,true,PI_FIFO,363.160953
5.200018,-1,15,10000.646000,18.478000,363.597580,361.117189,360.000000,619,-3.597580,PI,FIFO,true,PI_FIFO,363.597580
5.210018,-1,14,9999.906000,18.384000,367.466928,362.069650,360.000000,614,-7.466928,PI,FIFO,true,PI_FIFO,367.466928
5.220019,-1,15,10000.646000,19.030000,362.996902,362.208738,360.000000,615,-2.996902,PI,FIFO,true,PI_FIFO,362.996902
5.230019,-1,15,10000.017000,19.047000,360.576923,361.963966,360.000000,616,-0.576923,PI,FIFO,true,PI_FIFO,360.576923
5.240019,-1,15,9999.536000,18.583000,357.460600,361.288461,360.000000,618,2.539400,PI,FIFO,true,PI_FIFO,357.460600
5.250019,-1,15,9999.961000,18.544000,356.972870,360.641122,360.000000,620,3.027130,PI,FIFO,true,PI_FIFO,356.972870
5.260019,-1,15,9999.999000,18.543000,352.065451,359.354771,360.000000,626,7.934549,PI,FIFO,true,PI_FIFO,352.065451
5.270018,-1,15,9999.220000,17.763000,354.777673,358.668207,360.000000,626,5.222327,PI,FIFO,true,PI_FIFO,354.777673
5.280018,-1,15,10000.314000,18.077000,353.862607,357.947367,360.000000,629,6.137393,PI,FIFO,true,PI_FIFO,353.862607
5.290018,-1,15,9999.461000,17.538000,359.287174,358.148338,360.000000,627,0.712826,PI,FIFO,true,PI_FIFO,359.287174
5.300018,-1,15,10000.739000,18.277000,358.337315,358.176684,360.000000,628,1.662685,PI,FIFO,true,PI_FIFO,358.337315
5.310024,-1,15,10005.943000,24.220000,362.996902,358.899717,360.000000,625,-2.996902,PI,FIFO,true,PI_FIFO,362.996902
5.320020,-1,15,9995.554000,19.774000,360.750361,359.177314,360.000000,625,-0.750361,PI,FIFO,true,PI_FIFO,360.750361
5.330018,-1,15,9998.461000,18.235000,362.769486,359.716139,360.000000,623,-2.769486,PI,FIFO,true,PI_FIFO,362.769486
5.340016,-1,15,9997.443000,15.678000,360.750361,359.871273,360.000000,624,-0.750361,PI,FIFO,true,PI_FIFO,360.750361
5.350020,-1,15,10004.369000,20.047000,364.502333,360.565932,360.000000,620,-4.502333,PI,FIFO,true,PI_FIFO,364.502333
5.360019,-1,15,9999.313000,19.360000,360.923965,360.619637,360.000000,622,-0.923965,PI,FIFO,true,PI_FIFO,360.923965
5.370019,-1,15,9999.684000,19.044000,365.639626,361.372635,360.000000,617,-5.639626,PI,FIFO,true,PI_FIFO,365.639626
5.380016,-1,15,9996.517000,15.561000,364.608653,361.858038,360.000000,615,-4.608653,PI,FIFO,true,PI_FIFO,364.608653
5.390027,-1,14,10011.202000,26.763000,364.880643,362.311429,360.000000,613,-4.880643,PI,FIFO,true,PI_FIFO,364.880643
5.400020,-1,15,9993.387000,20.150000,359.367513,361.869841,360.000000,616,0.632487,PI,FIFO,true,PI_FIFO,359.367513
5.410018,-1,15,9997.999000,18.149000,356.012658,360.991264,360.000000,620,3.987342,PI,FIFO,true,PI_FIFO,356.012658
5.420017,-1,15,9999.350000,17.499000,354.777673,360.059225,360.000000,622,5.222327,PI,FIFO,true,PI_FIFO,354.777673
5.430015,-1,15,9997.276000,14.775000,354.691385,359.254049,360.000000,625,5.308615,PI,FIFO,true,PI_FIFO,354.691385
5.440018,-1,15,10003.684000,18.459000,353.140597,358.337031,360.000000,628,6.859403,PI,FIFO,true,PI_FIFO,353.140597
5.450015,-1,15,9996.535000,14.994000,356.851550,358.114209,360.000000,628,3.148450,PI,FIFO,true,PI_FIFO,356.851550
5.460024,-1,15,10009.313000,24.307000,360.889231,358.530462,360.000000,625,-0.889231,PI,FIFO,true,PI_FIFO,360.889231
5.470016,-1,15,9992.091000,16.398000,359.229811,358.635365,360.000000,626,0.770189,PI,FIFO,true,PI_FIFO,359.229811
5.480020,-1,15,10003.851000,20.249000,361.318088,359.037773,360.000000,625,-1.318088,PI,FIFO,true,PI_FIFO,361.318088
5.490018,-1,15,9998.202000,18.451000,360.230548,359.216689,360.000000,625,-0.230548,PI,FIFO,true,PI_FIFO,360.230548
5.500018,-1,15,9999.980000,18.431000,362.996902,359.783721,360.000000,623,-2.996902,PI,FIFO,true,PI_FIFO,362.996902
5.510018,-1,15,9999.220000,17.651000,359.367513,359.721290,360.000000,625,0.632487,PI,FIFO,true,PI_FIFO,359.367513
5.520019,-1,15,10000.999000,18.650000,363.976705,360.359602,360.000000,621,-3.976705,PI,FIFO,true,PI_FIFO,363.976705
5.530018,-1,15,9999.165000,17.815000,362.875683,360.737015,360.000000,620,-2.875683,PI,FIFO,true,PI_FIFO,362.875683
5.540018,-1,15,10000.183000,17.998000,366.415410,361.588774,360.000000,616,-6.415410,PI,FIFO,true,PI_FIFO,366.415410
5.550018,-1,15,10000.462000,18.460000,362.380628,361.707552,360.000000,617,-2.380628,PI,FIFO,true,PI_FIFO,362.380628
5.560019,-1,14,10000.609000,19.069000,363.976705,362.047925,360.000000,614,-3.976705,PI,FIFO,true,PI_FIFO,363.976705
5.570019,-1,15,9999.610000,18.679000,358.131984,361.460534,360.000000,618,1.868016,PI,FIFO,true,PI_FIFO,358.131984
5.580018,-1,15,9999.795000,18.474000,356.590425,360.730017,360.000000,620,3.409575,PI,FIFO,true,PI_FIFO,356.590425
5.590019,-1,15,10000.257000,18.731000,353.506787,359.646533,360.000000,625,6.493213,PI,FIFO,true,PI_FIFO,353.506787
5.600019,-1,15,10000.054000,18.785000,356.554260,359.182692,360.000000,624,3.445740,PI,FIFO,true,PI_FIFO,356.554260
5.610019,-1,15,9999.813000,18.598000,352.775165,358.221563,360.000000,629,7.224835,PI,FIFO,true,PI_FIFO,352.775165
5.620020,-1,15,10001.740000,20.338000,356.851550,358.016061,360.000000,629,3.148450,PI,FIFO,true,PI_FIFO,356.851550
5.630018,-1,15,9997.646000,17.984000,360.057609,358.322293,360.000000,627,-0.057609,PI,FIFO,true,PI_FIFO,360.057609
5.640019,-1,15,10000.573000,18.557000,362.809598,358.995389,360.000000,624,-2.809598,PI,FIFO,true,PI_FIFO,362.809598
5.650027,-1,15,10008.220000,26.777000,359.884837,359.128806,360.000000,626,0.115163,PI,FIFO,true,PI_FIFO,359.884837
5.660020,-1,15,9992.795000,19.572000,362.248841,359.596811,360.000000,624,-2.248841,PI,FIFO,true,PI_FIFO,362.248841
5.670018,-1,15,9998.647000,18.219000,362.143892,359.978873,360.000000,623,-2.143892,PI,FIFO,true,PI_FIFO,362.143892
5.680018,-1,15,9999.961000,18.180000,361.445783,360.198910,360.000000,623,-1.445783,PI,FIFO,true,PI_FIFO,361.445783
5.690018,-1,15,9999.517000,17.697000,362.248841,360.506399,360.000000,621,-2.248841,PI,FIFO,true,PI_FIFO,362.248841
5.700018,-1,15,10000.239000,17.936000,364.431487,361.095163,360.000000,618,-4.431487,PI,FIFO,true,PI_FIFO,364.431487
5.710019,-1,15,10000.591000,18.527000,366.592805,361.919809,360.000000,615,-6.592805,PI,FIFO,true,PI_FIFO,366.592805
5.720032,-1,15,10013.406000,31.933000,362.493958,362.005931,360.000000,616,-2.493958,PI,FIFO,true,PI_FIFO,362.493958
5.730031,-1,15,9999.535000,31.468000,360.761929,361.819331,360.000000,616,-0.761929,PI,FIFO,true,PI_FIFO,360.761929
5.740020,-1,15,9988.703000,20.171000,357.045702,361.103287,360.000000,619,2.954298,PI,FIFO,true,PI_FIFO,357.045702
5.750016,-1,15,9995.461000,15.632000,355.113636,360.204839,360.000000,622,4.886364,PI,FIFO,true,PI_FIFO,355.113636
5.760019,-1,15,10003.332000,18.964000,350.560897,358.758248,360.000000,628,9.439103,PI,FIFO,true,PI_FIFO,350.560897
5.770021,-1,15,10001.924000,20.888000,355.281857,358.236789,360.000000,628,4.718143,PI,FIFO,true,PI_FIFO,355.281857
5.780019,-1,15,9997.628000,18.516000,355.618777,357.844087,360.000000,630,4.381223,PI,FIFO,true,PI_FIFO,355.618777
5.790018,-1,15,9999.332000,17.848000,359.287174,358.060550,360.000000,628,0.712826,PI,FIFO,true,PI_FIFO,359.287174
5.800018,-1,15,9999.795000,17.643000,360.230548,358.386050,360.000000,628,-0.230548,PI,FIFO,true,PI_FIFO,360.230548
5.810018,-1,15,10000.405000,18.048000,362.970133,359.073662,360.000000,625,-2.970133,PI,FIFO,true,PI_FIFO,362.970133
5.820020,-1,15,10001.851000,19.899000,361.097737,359.377274,360.000000,625,-1.097737,PI,FIFO,true,PI_FIFO,361.097737
5.830018,-1,15,9997.961000,17.860000,363.748060,360.032892,360.000000,623,-3.748060,PI,FIFO,true,PI_FIFO,363.748060
5.840018,-1,15,10000.313000,18.173000,360.750361,360.140512,360.000000,624,-0.750361,PI,FIFO,true,PI_FIFO,360.750361
5.850018,-1,15,9999.610000,17.783000,365.259740,360.908396,360.000000,619,-5.259740,PI,FIFO,true,PI_FIFO,365.259740
5.860019,-1,15,10000.813000,18.596000,362.143892,361.093721,360.000000,620,-2.143892,PI,FIFO,true,PI_FIFO,362.143892
5.870018,-1,15,9999.573000,18.169000,365.259740,361.718623,360.000000,616,-5.259740,PI,FIFO,true,PI_FIFO,365.259740
5.880018,-1,15,9999.850000,18.019000,364.254492,362.099004,360.000000,615,-4.254492,PI,FIFO,true,PI_FIFO,364.254492
5.890015,-1,14,9996.535000,14.554000,364.880643,362.516250,360.000000,613,-4.880643,PI,FIFO,true,PI_FIFO,364.880643
5.900018,-1,15,10003.536000,18.090000,358.680057,361.940821,360.000000,616,1.319943,PI,FIFO,true,PI_FIFO,358.680057
5.910015,-1,15,9996.776000,14.866000,356.077048,361.061255,360.000000,619,3.922952,PI,FIFO,true,PI_FIFO,356.077048
5.920018,-1,15,10002.850000,17.716000,355.281857,360.194345,360.000000,622,4.718143,PI,FIFO,true,PI_FIFO,355.281857
5.930018,-1,15,10000.054000,17.770000,353.606789,359.206212,360.000000,625,6.393211,PI,FIFO,true,PI_FIFO,353.606789
5.940017,-1,15,9999.702000,17.472000,352.254428,358.163444,360.000000,629,7.745572,PI,FIFO,true,PI_FIFO,352.254428
5.950017,-1,15,9999.888000,17.360000,355.618777,357.781744,360.000000,629,4.381223,PI,FIFO,true,PI_FIFO,355.618777
5.960018,-1,15,10000.628000,17.988000,361.132512,358.284359,360.000000,626,-1.132512,PI,FIFO,true,PI_FIFO,361.132512
5.970017,-1,15,9999.257000,17.245000,360.403652,358.602253,360.000000,626,-0.403652,PI,FIFO,true,PI_FIFO,360.403652
5.980018,-1,15,10000.666000,17.911000,362.368857,359.167244,360.000000,624,-2.368857,PI,FIFO,true,PI_FIFO,362.368857
5.990018,-1,15,9999.961000,17.872000,360.740154,359.403180,360.000000,625,-0.740154,PI,FIFO,true,PI_FIFO,360.740154
6.000018,-1,15,9999.813000,17.685000,363.372093,359.998517,360.000000,622,-3.372093,PI,FIFO,true,PI_FIFO,363.372093
6.010018,-1,15,10000.239000,17.924000,358.680057,359.800748,360.000000,625,1.319943,PI,FIFO,true,PI_FIFO,358.680057
6.020019,-1,15,10001.239000,19.163000,362.996902,360.280171,360.000000,621,-2.996902,PI,FIFO,true,PI_FIFO,362.996902
6.030031,-1,15,10011.610000,30.773000,363.548231,360.770380,360.000000,620,-3.548231,PI,FIFO,true,PI_FIFO,363.548231
6.040025,-1,15,9994.313000,25.086000,366.592805,361.643744,360.000000,615,-6.592805,PI,FIFO,true,PI_FIFO,366.592805
6.050021,-1,15,9995.462000,20.548000,363.206472,361.878153,360.000000,616,-3.206472,PI,FIFO,true,PI_FIFO,363.206472
6.060019,-1,14,9998.405000,18.953000,364.178690,362.223234,360.000000,614,-4.178690,PI,FIFO,true,PI_FIFO,364.178690
6.070019,-1,15,9999.573000,18.526000,357.142857,361.461177,360.000000,618,2.857143,PI,FIFO,true,PI_FIFO,357.142857
6.080018,-1,15,9999.221000,17.747000,357.097511,360.806627,360.000000,620,2.902489,PI,FIFO,true,PI_FIFO,357.097511
6.090027,-1,15,10009.128000,26.875000,353.107345,359.651735,360.000000,624,6.892655,PI,FIFO,true,PI_FIFO,353.107345
6.100022,-1,15,9994.850000,21.725000,357.240065,359.289985,360.000000,623,2.759935,PI,FIFO,true,PI_FIFO,357.240065
6.110019,-1,15,9997.424000,19.149000,353.606789,358.437505,360.000000,628,6.393211,PI,FIFO,true,PI_FIFO,353.606789
6.120018,-1,15,9999.314000,18.463000,357.045702,358.228735,360.000000,627,2.954298,PI,FIFO,true,PI_FIFO,357.045702
6.130019,-1,15,10000.424000,18.887000,359.539789,358.425393,360.000000,626,0.460211,PI,FIFO,true,PI_FIFO,359.539789
6.140018,-1,15,9999.350000,18.237000,361.318088,358.859297,360.000000,625,-1.318088,PI,FIFO,true,PI_FIFO,361.318088
6.150019,-1,15,10001.221000,19.458000,359.712230,358.987237,360.000000,626,0.287770,PI,FIFO,true,PI_FIFO,359.712230
6.160016,-1,15,9996.443000,15.901000,360.973597,359.285191,360.000000,625,-0.973597,PI,FIFO,true,PI_FIFO,360.973597
6.170018,-1,15,10001.776000,17.677000,361.886921,359.675451,360.000000,624,-1.886921,PI,FIFO,true,PI_FIFO,361.886921
6.180018,-1,15,10000.276000,17.953000,361.445783,359.941001,360.000000,623,-1.445783,PI,FIFO,true,PI_FIFO,361.445783
6.190018,-1,15,9999.665000,17.618000,361.132512,360.119727,360.000000,623,-1.132512,PI,FIFO,true,PI_FIFO,361.132512
6.200018,-1,15,10000.314000,17.932000,363.548231,360.634003,360.000000,620,-3.548231,PI,FIFO,true,PI_FIFO,363.548231
6.210018,-1,15,9999.942000,17.874000,367.358934,361.642742,360.000000,615,-7.358934,PI,FIFO,true,PI_FIFO,367.358934
6.220019,-1,15,10001.480000,19.354000,362.844702,361.823036,360.000000,616,-2.844702,PI,FIFO,true,PI_FIFO,362.844702
6.230018,-1,15,9998.832000,18.186000,362.769486,361.965004,360.000000,615,-2.769486,PI,FIFO,true,PI_FIFO,362.769486
6.240018,-1,15,9999.887000,18.073000,357.824427,361.343917,360.000000,619,2.175573,PI,FIFO,true,PI_FIFO,357.824427
6.250018,-1,15,9999.740000,17.813000,357.242658,360.728729,360.000000,620,2.757342,PI,FIFO,true,PI_FIFO,357.242658
6.260015,-1,15,9997.665000,15.478000,352.476737,359.490930,360.000000,625,7.523263,PI,FIFO,true,PI_FIFO,352.476737
6.270018,-1,15,10002.406000,17.884000,354.729730,358.776750,360.000000,627,5.270270,PI,FIFO,true,PI_FIFO,354.729730
6.280018,-1,15,10000.146000,18.030000,354.442344,358.126589,360.000000,629,5.557656,PI,FIFO,true,PI_FIFO,354.442344
6.290018,-1,15,9999.554000,17.584000,359.392114,358.316418,360.000000,627,0.607886,PI,FIFO,true,PI_FIFO,359.392114
6.300018,-1,15,10000.536000,18.120000,359.023456,358.422473,360.000000,627,0.976544,PI,FIFO,true,PI_FIFO,359.023456
6.310014,-1,15,9996.313000,14.433000,362.435567,359.024437,360.000000,625,-2.435567,PI,FIFO,true,PI_FIFO,362.435567
6.320018,-1,15,10003.350000,17.783000,360.195947,359.200164,360.000000,626,-0.195947,PI,FIFO,true,PI_FIFO,360.195947
6.330015,-1,15,9997.295000,15.078000,361.913218,359.607122,360.000000,624,-1.913218,PI,FIFO,true,PI_FIFO,361.913218
6.340018,-1,15,10003.220000,18.298000,359.195402,359.545364,360.000000,626,0.804598,PI,FIFO,true,PI_FIFO,359.195402
6.350018,-1,15,9999.999000,18.297000,364.583333,360.301059,360.000000,621,-4.583333,PI,FIFO,true,PI_FIFO,364.583333
6.360027,-1,15,10009.183000,27.480000,361.722651,360.514298,360.000000,622,-1.722651,PI,FIFO,true,PI_FIFO,361.722651
6.370017,-1,15,9989.480000,16.960000,366.401772,361.397419,360.000000,617,-6.401772,PI,FIFO,true,PI_FIFO,366.401772
6.380020,-1,15,10003.221000,20.181000,364.254492,361.825980,360.000000,616,-4.254492,PI,FIFO,true,PI_FIFO,364.254492
6.390018,-1,14,9998.036000,18.217000,364.608653,362.243381,360.000000,614,-4.608653,PI,FIFO,true,PI_FIFO,364.608653
6.400018,-1,15,10000.128000,18.345000,357.824427,361.580538,360.000000,618,2.175573,PI,FIFO,true,PI_FIFO,357.824427
6.410018,-1,15,9999.368000,17.713000,357.142857,360.914886,360.000000,620,2.857143,PI,FIFO,true,PI_FIFO,357.142857
6.420026,-1,15,10008.684000,26.397000,356.193009,360.206604,360.000000,622,3.806991,PI,FIFO,true,PI_FIFO,356.193009
6.430036,-1,15,10009.276000,35.673000,354.442344,359.341965,360.000000,625,5.557656,PI,FIFO,true,PI_FIFO,354.442344
6.440032,-1,15,9996.295000,31.968000,353.354512,358.443847,360.000000,628,6.645488,PI,FIFO,true,PI_FIFO,353.354512
6.450016,-1,15,9983.721000,15.689000,354.433411,357.842282,360.000000,630,5.566589,PI,FIFO,true,PI_FIFO,354.433411
6.460020,-1,15,10003.924000,19.613000,361.620058,358.408948,360.000000,626,-1.620058,PI,FIFO,true,PI_FIFO,361.620058
6.470015,-1,15,9995.554000,15.167000,360.023041,358.651062,360.000000,627,-0.023041,PI,FIFO,true,PI_FIFO,360.023041
6.480022,-1,15,10006.646000,21.813000,361.271676,359.044154,360.000000,626,-1.271676,PI,FIFO,true,PI_FIFO,361.271676
6.490015,-1,15,9992.851000,14.664000,362.970133,359.633051,360.000000,623,-2.970133,PI,FIFO,true,PI_FIFO,362.970133
6.500020,-1,15,10005.702000,20.366000,363.041002,360.144244,360.000000,622,-3.041002,PI,FIFO,true,PI_FIFO,363.041002
6.510018,-1,15,9997.943000,18.309000,360.057609,360.131249,360.000000,624,-0.057609,PI,FIFO,true,PI_FIFO,360.057609
6.520018,-1,15,9999.776000,18.085000,362.769486,360.526984,360.000000,621,-2.769486,PI,FIFO,true,PI_FIFO,362.769486
6.530018,-1,15,9999.813000,17.898000,362.710514,360.854514,360.000000,620,-2.710514,PI,FIFO,true,PI_FIFO,362.710514
6.540018,-1,15,9999.721000,17.619000,366.620112,361.719353,360.000000,615,-6.620112,PI,FIFO,true,PI_FIFO,366.620112
6.550018,-1,15,10000.072000,17.691000,363.041002,361.917601,360.000000,616,-3.041002,PI,FIFO,true,PI_FIFO,363.041002
6.560018,-1,14,10000.721000,18.412000,363.774945,362.196202,360.000000,614,-3.774945,PI,FIFO,true,PI_FIFO,363.774945
6.570018,-1,15,9999.887000,18.299000,357.653791,361.514841,360.000000,618,2.346209,PI,FIFO,true,PI_FIFO,357.653791
6.580018,-1,15,10000.184000,18.483000,356.735160,360.797889,360.000000,620,3.264840,PI,FIFO,true,PI_FIFO,356.735160
6.590018,-1,15,9999.535000,18.018000,351.914414,359.465367,360.000000,626,8.085586,PI,FIFO,true,PI_FIFO,351.914414
6.600018,-1,15,10000.332000,18.350000,356.012658,358.947461,360.000000,625,3.987342,PI,FIFO,true,PI_FIFO,356.012658
6.610018,-1,15,10000.091000,18.441000,354.241451,358.241560,360.000000,628,5.758549,PI,FIFO,true,PI_FIFO,354.241451
6.620019,-1,15,10000.851000,19.292000,357.668411,358.155587,360.000000,628,2.331589,PI,FIFO,true,PI_FIFO,357.668411
6.630018,-1,15,9998.405000,17.697000,360.576923,358.518788,360.000000,626,-0.576923,PI,FIFO,true,PI_FIFO,360.576923
6.640019,-1,15,10000.943000,18.640000,361.503856,358.966548,360.000000,625,-1.503856,PI,FIFO,true,PI_FIFO,361.503856
6.650023,-1,15,10004.443000,23.083000,359.539789,359.052534,360.000000,626,0.460211,PI,FIFO,true,PI_FIFO,359.539789
6.660019,-1,15,9995.924000,19.007000,360.775151,359.310927,360.000000,625,-0.775151,PI,FIFO,true,PI_FIFO,360.775151
6.670018,-1,15,9998.684000,17.691000,362.545496,359.796112,360.000000,623,-2.545496,PI,FIFO,true,PI_FIFO,362.545496
6.680018,-1,15,10000.499000,18.190000,360.889231,359.960080,360.000000,624,-0.889231,PI,FIFO,true,PI_FIFO,360.889231
6.690018,-1,15,9999.628000,17.818000,362.609128,360.357437,360.000000,622,-2.609128,PI,FIFO,true,PI_FIFO,362.609128
6.700018,-1,15,9999.757000,17.575000,363.869863,360.884301,360.000000,619,-3.869863,PI,FIFO,true,PI_FIFO,363.869863
6.710018,-1,15,10000.888000,18.463000,367.235590,361.836994,360.000000,615,-7.235590,PI,FIFO,true,PI_FIFO,367.235590
6.720018,-1,15,9999.757000,18.220000,362.842637,361.987841,360.000000,616,-2.842637,PI,FIFO,true,PI_FIFO,362.842637
6.730016,-1,15,9997.351000,15.571000,362.009047,361.991022,360.000000,615,-2.009047,PI,FIFO,true,PI_FIFO,362.009047
6.740018,-1,15,10002.813000,18.384000,357.995227,361.391652,360.000000,618,2.004773,PI,FIFO,true,PI_FIFO,357.995227
6.750018,-1,15,9999.572000,17.956000,359.103677,361.048456,360.000000,618,0.896323,PI,FIFO,true,PI_FIFO,359.103677
6.760018,-1,15,9999.888000,17.844000,352.443609,359.757729,360.000000,625,7.556391,PI,FIFO,true,PI_FIFO,352.443609
6.770018,-1,15,9999.757000,17.601000,354.921579,359.032307,360.000000,625,5.078421,PI,FIFO,true,PI_FIFO,354.921579
6.780018,-1,15,10000.277000,17.878000,354.442344,358.343812,360.000000,628,5.557656,PI,FIFO,true,PI_FIFO,354.442344
6.790015,-1,15,9996.813000,14.691000,358.998906,358.442076,360.000000,626,1.001094,PI,FIFO,true,PI_FIFO,358.998906
6.800018,-1,15,10002.924000,17.615000,358.166189,358.400693,360.000000,627,1.833811,PI,FIFO,true,PI_FIFO,358.166189
6.810015,-1,15,9996.980000,14.595000,362.996902,359.090125,360.000000,624,-2.996902,PI,FIFO,true,PI_FIFO,362.996902
6.820019,-1,15,10004.165000,18.760000,359.195402,359.105916,360.000000,626,0.804598,PI,FIFO,true,PI_FIFO,359.195402
6.830018,-1,15,9999.110000,17.870000,362.318841,359.587855,360.000000,623,-2.318841,PI,FIFO,true,PI_FIFO,362.318841
6.840018,-1,15,9999.831000,17.701000,359.838792,359.625495,360.000000,625,0.161208,PI,FIFO,true,PI_FIFO,359.838792
6.850017,-1,15,9999.536000,17.237000,362.844702,360.108377,360.000000,622,-2.844702,PI,FIFO,true,PI_FIFO,362.844702
6.860018,-1,15,10000.609000,17.846000,361.172262,360.267959,360.000000,622,-1.172262,PI,FIFO,true,PI_FIFO,361.172262
6.870017,-1,15,9999.480000,17.326000,365.337887,361.028449,360.000000,618,-5.337887,PI,FIFO,true,PI_FIFO,365.337887
6.880018,-1,15,10000.721000,18.047000,365.829865,361.748661,360.000000,615,-5.829865,PI,FIFO,true,PI_FIFO,365.829865
6.890018,-1,14,9999.980000,18.027000,364.821481,362.209584,360.000000,614,-4.821481,PI,FIFO,true,PI_FIFO,364.821481
6.900018,-1,15,9999.758000,17.785000,358.410705,361.639752,360.000000,618,1.589295,PI,FIFO,true,PI_FIFO,358.410705
6.910018,-1,15,10000.220000,18.005000,355.787476,360.761911,360.000000,621,4.212524,PI,FIFO,true,PI_FIFO,355.787476
6.920018,-1,15,9999.980000,17.985000,355.113636,359.914670,360.000000,623,4.886364,PI,FIFO,true,PI_FIFO,355.113636
6.930018,-1,15,10000.425000,18.410000,355.113636,359.194515,360.000000,625,4.886364,PI,FIFO,true,PI_FIFO,355.113636
6.940018,-1,15,9999.405000,17.815000,354.219144,358.448209,360.000000,628,5.780856,PI,FIFO,true,PI_FIFO,354.219144
6.950018,-1,15,10000.554000,18.369000,355.450237,357.998513,360.000000,629,4.549763,PI,FIFO,true,PI_FIFO,355.450237
6.960015,-1,15,9997.073000,15.442000,362.569061,358.684095,360.000000,625,-2.569061,PI,FIFO,true,PI_FIFO,362.569061
6.970018,-1,15,10002.332000,17.774000,359.712230,358.838316,360.000000,626,0.287770,PI,FIFO,true,PI_FIFO,359.712230
6.980019,-1,15,10001.220000,18.994000,362.435567,359.377903,360.000000,624,-2.435567,PI,FIFO,true,PI_FIFO,362.435567
6.990018,-1,15,9998.925000,17.919000,360.923965,359.609813,360.000000,624,-0.923965,PI,FIFO,true,PI_FIFO,360.923965
7.000018,-1,15,10000.202000,18.121000,363.020329,360.121390,360.000000,622,-3.020329,PI,FIFO,true,PI_FIFO,363.020329
7.010018,-1,15,9999.443000,17.564000,360.207480,360.134303,360.000000,623,-0.207480,PI,FIFO,true,PI_FIFO,360.207480
7.020019,-1,15,10001.220000,18.784000,363.196126,360.593577,360.000000,620,-3.196126,PI,FIFO,true,PI_FIFO,363.196126
7.030034,-1,15,10014.776000,33.560000,362.062307,360.813886,360.000000,620,-2.062307,PI,FIFO,true,PI_FIFO,362.062307
7.040020,-1,15,9986.332000,19.892000,365.853659,361.569852,360.000000,616,-5.853659,PI,FIFO,true,PI_FIFO,365.853659
7.050018,-1,15,9998.277000,18.169000,362.809598,361.755814,360.000000,616,-2.809598,PI,FIFO,true,PI_FIFO,362.809598
7.060021,-1,15,10003.146000,21.315000,362.669246,361.892829,360.000000,615,-2.669246,PI,FIFO,true,PI_FIFO,362.669246
7.070027,-1,15,10005.350000,26.665000,357.824427,361.282569,360.000000,618,2.175573,PI,FIFO,true,PI_FIFO,357.824427
7.080022,-1,15,9995.406000,22.071000,357.142857,360.661612,360.000000,620,2.857143,PI,FIFO,true,PI_FIFO,357.142857
7.090021,-1,15,9999.425000,21.496000,351.499732,359.287330,360.000000,626,8.500268,PI,FIFO,true,PI_FIFO,351.499732
7.100021,-1,15,9999.943000,21.439000,355.450237,358.711766,360.000000,626,4.549763,PI,FIFO,true,PI_FIFO,355.450237
7.110021,-1,15,9999.405000,20.844000,353.202368,357.885356,360.000000,630,6.797632,PI,FIFO,true,PI_FIFO,353.202368
7.120022,-1,15,10000.832000,21.676000,356.972870,357.748483,360.000000,629,3.027130,PI,FIFO,true,PI_FIFO,356.972870
7.130021,-1,15,9999.573000,21.249000,361.132512,358.256088,360.000000,627,-1.132512,PI,FIFO,true,PI_FIFO,361.132512
7.140030,-1,15,10008.887000,30.136000,363.372093,359.023488,360.000000,624,-3.372093,PI,FIFO,true,PI_FIFO,363.372093
7.150033,-1,15,10002.554000,32.690000,360.207480,359.201087,360.000000,626,-0.207480,PI,FIFO,true,PI_FIFO,360.207480
7.160022,-1,15,9989.147000,21.837000,360.775151,359.437197,360.000000,625,-0.775151,PI,FIFO,true,PI_FIFO,360.775151
7.170015,-1,15,9992.943000,14.780000,361.969112,359.816984,360.000000,624,-1.969112,PI,FIFO,true,PI_FIFO,361.969112
7.180016,-1,15,10001.461000,16.241000,361.886921,360.127475,360.000000,623,-1.886921,PI,FIFO,true,PI_FIFO,361.886921
7.190015,-1,15,9998.387000,14.628000,362.769486,360.523776,360.000000,622,-2.769486,PI,FIFO,true,PI_FIFO,362.769486
7.200022,-1,15,10007.591000,22.219000,364.077670,361.056860,360.000000,619,-4.077670,PI,FIFO,true,PI_FIFO,364.077670
7.210019,-1,14,9996.554000,18.773000,368.514151,362.175454,360.000000,614,-8.514151,PI,FIFO,true,PI_FIFO,368.514151
7.220022,-1,15,10003.573000,22.346000,363.206472,362.330107,360.000000,615,-3.206472,PI,FIFO,true,PI_FIFO,363.206472
7.230019,-1,15,9996.332000,18.678000,361.769570,362.246026,360.000000,615,-1.769570,PI,FIFO,true,PI_FIFO,361.769570
7.240020,-1,15,10001.165000,19.843000,357.142857,361.480551,360.000000,618,2.857143,PI,FIFO,true,PI_FIFO,357.142857
7.250018,-1,15,9998.257000,18.100000,357.097511,360.823095,360.000000,620,2.902489,PI,FIFO,true,PI_FIFO,357.097511
7.260023,-1,15,10004.962000,23.062000,351.947443,359.491747,360.000000,625,8.052557,PI,FIFO,true,PI_FIFO,351.947443
7.270022,-1,15,9998.572000,21.634000,354.346652,358.719983,360.000000,627,5.653348,PI,FIFO,true,PI_FIFO,354.346652
7.280020,-1,15,9997.888000,19.522000,354.777673,358.128636,360.000000,629,5.222327,PI,FIFO,true,PI_FIFO,354.777673
7.290019,-1,15,9999.017000,18.539000,358.606557,358.200324,360.000000,627,1.393443,PI,FIFO,true,PI_FIFO,358.606557
7.300019,-1,15,10000.368000,18.907000,359.712230,358.427110,360.000000,627,0.287770,PI,FIFO,true,PI_FIFO,359.712230
7.310015,-1,15,9995.925000,14.832000,362.622486,359.056417,360.000000,624,-2.622486,PI,FIFO,true,PI_FIFO,362.622486
7.320018,-1,15,10003.313000,18.145000,360.576923,359.284493,360.000000,625,-0.576923,PI,FIFO,true,PI_FIFO,360.576923
7.330015,-1,15,9996.425000,14.570000,362.435567,359.757154,360.000000,623,-2.435567,PI,FIFO,true,PI_FIFO,362.435567
7.340018,-1,15,10003.535000,18.105000,360.576923,359.880119,360.000000,624,-0.576923,PI,FIFO,true,PI_FIFO,360.576923
7.350015,-1,15,9996.869000,14.974000,364.691390,360.601810,360.000000,620,-4.691390,PI,FIFO,true,PI_FIFO,364.691390
7.360018,-1,15,10003.257000,18.231000,360.923965,360.650133,360.000000,621,-0.923965,PI,FIFO,true,PI_FIFO,360.923965
7.370018,-1,15,9999.962000,18.193000,364.963504,361.297139,360.000000,617,-4.963504,PI,FIFO,true,PI_FIFO,364.963504
7.380018,-1,15,9999.906000,18.099000,365.070093,361.863082,360.000000,615,-5.070093,PI,FIFO,true,PI_FIFO,365.070093
7.390018,-1,14,9999.794000,17.893000,364.608653,362.274918,360.000000,613,-4.608653,PI,FIFO,true,PI_FIFO,364.608653
7.400018,-1,15,10000.221000,18.114000,358.019640,361.636626,360.000000,617,1.980360,PI,FIFO,true,PI_FIFO,358.019640
7.410018,-1,15,9999.591000,17.705000,356.803045,360.911589,360.000000,619,3.196955,PI,FIFO,true,PI_FIFO,356.803045
7.420019,-1,15,10001.165000,18.870000,355.113636,360.041896,360.000000,622,4.886364,PI,FIFO,true,PI_FIFO,355.113636
7.430018,-1,15,9998.888000,17.758000,354.107649,359.151759,360.000000,625,5.892351,PI,FIFO,true,PI_FIFO,354.107649
7.440026,-1,15,10007.887000,25.645000,352.632993,358.173944,360.000000,629,7.367007,PI,FIFO,true,PI_FIFO,352.632993
7.450020,-1,15,9994.480000,20.125000,356.294537,357.892033,360.000000,629,3.705463,PI,FIFO,true,PI_FIFO,356.294537
7.460019,-1,15,9998.424000,18.549000,361.371145,358.413900,360.000000,626,-1.371145,PI,FIFO,true,PI_FIFO,361.371145
7.470019,-1,15,10000.332000,18.881000,359.925474,358.640636,360.000000,626,0.074526,PI,FIFO,true,PI_FIFO,359.925474
7.480018,-1,15,9999.591000,18.472000,362.368857,359.199869,360.000000,624,-2.368857,PI,FIFO,true,PI_FIFO,362.368857
7.490019,-1,15,10000.221000,18.693000,360.057609,359.328530,360.000000,625,-0.057609,PI,FIFO,true,PI_FIFO,360.057609
7.500019,-1,15,10000.146000,18.839000,362.435567,359.794586,360.000000,623,-2.435567,PI,FIFO,true,PI_FIFO,362.435567
7.510018,-1,15,9999.110000,17.949000,358.680057,359.627406,360.000000,625,1.319943,PI,FIFO,true,PI_FIFO,358.680057
7.520018,-1,15,9999.758000,17.707000,363.548231,360.215530,360.000000,622,-3.548231,PI,FIFO,true,PI_FIFO,363.548231
7.530018,-1,15,10000.239000,17.946000,361.875965,360.464595,360.000000,622,-1.875965,PI,FIFO,true,PI_FIFO,361.875965
7.540018,-1,15,10000.109000,18.055000,366.927593,361.434045,360.000000,616,-6.927593,PI,FIFO,true,PI_FIFO,366.927593
7.550035,-1,15,10017.350000,35.405000,361.689815,361.472410,360.000000,618,-1.689815,PI,FIFO,true,PI_FIFO,361.689815
7.560018,-1,15,9982.980000,18.385000,363.372093,361.757363,360.000000,616,-3.372093,PI,FIFO,true,PI_FIFO,363.372093
7.570019,-1,15,10001.091000,19.476000,358.337315,361.244356,360.000000,619,1.662685,PI,FIFO,true,PI_FIFO,358.337315
7.580020,-1,15,10000.203000,19.679000,356.270358,360.498256,360.000000,622,3.729642,PI,FIFO,true,PI_FIFO,356.270358
7.590019,-1,15,9998.831000,18.510000,353.940538,359.514598,360.000000,625,6.059462,PI,FIFO,true,PI_FIFO,353.940538
7.600019,-1,15,10000.277000,18.787000,356.193009,359.016360,360.000000,626,3.806991,PI,FIFO,true,PI_FIFO,356.193009
7.610019,-1,15,9999.998000,18.785000,354.274917,358.305144,360.000000,629,5.725083,PI,FIFO,true,PI_FIFO,354.274917
7.620020,-1,15,10000.776000,19.561000,358.019640,358.262318,360.000000,628,1.980360,PI,FIFO,true,PI_FIFO,358.019640
7.630019,-1,15,9999.202000,18.763000,360.576923,358.609509,360.000000,627,-0.576923,PI,FIFO,true,PI_FIFO,360.576923
7.640018,-1,15,9999.443000,18.206000,362.062307,359.127428,360.000000,625,-2.062307,PI,FIFO,true,PI_FIFO,362.062307
7.650018,-1,15,10000.036000,18.242000,361.271676,359.449066,360.000000,625,-1.271676,PI,FIFO,true,PI_FIFO,361.271676
7.660018,-1,15,9999.906000,18.148000,361.689815,359.785178,360.000000,624,-1.689815,PI,FIFO,true,PI_FIFO,361.689815
7.670018,-1,15,9999.646000,17.794000,362.318841,360.165227,360.000000,623,-2.318841,PI,FIFO,true,PI_FIFO,362.318841
7.680018,-1,15,10000.665000,18.459000,361.969112,360.435810,360.000000,622,-1.969112,PI,FIFO,true,PI_FIFO,361.969112
7.690015,-1,15,9996.925000,15.384000,362.215909,360.702825,360.000000,621,-2.215909,PI,FIFO,true,PI_FIFO,362.215909
7.700018,-1,15,10002.869000,18.253000,362.769486,361.012824,360.000000,620,-2.769486,PI,FIFO,true,PI_FIFO,362.769486
7.710018,-1,14,9999.350000,17.603000,367.562269,361.995241,360.000000,614,-7.562269,PI,FIFO,true,PI_FIFO,367.562269
7.720018,-1,15,10000.739000,18.342000,361.794501,361.965130,360.000000,616,-1.794501,PI,FIFO,true,PI_FIFO,361.794501
7.730015,-1,15,9996.313000,14.655000,361.132512,361.840237,360.000000,616,-1.132512,PI,FIFO,true,PI_FIFO,361.132512
7.740018,-1,15,10003.258000,17.913000,356.554260,361.047340,360.000000,620,3.445740,PI,FIFO,true,PI_FIFO,356.554260
7.750019,-1,15,10000.702000,18.615000,355.832490,360.265113,360.000000,622,4.167510,PI,FIFO,true,PI_FIFO,355.832490
7.760018,-1,15,9999.499000,18.114000,351.738369,358.986101,360.000000,627,8.261631,PI,FIFO,true,PI_FIFO,351.738369
7.770027,-1,15,10008.701000,26.815000,354.219144,358.271058,360.000000,628,5.780856,PI,FIFO,true,PI_FIFO,354.219144
7.780020,-1,15,9992.906000,19.721000,354.609929,357.721888,360.000000,631,5.390071,PI,FIFO,true,PI_FIFO,354.609929
7.790019,-1,15,9998.925000,18.646000,359.983544,358.061137,360.000000,628,0.016456,PI,FIFO,true,PI_FIFO,359.983544
7.800018,-1,15,9999.517000,18.163000,359.712230,358.308801,360.000000,628,0.287770,PI,FIFO,true,PI_FIFO,359.712230
7.810019,-1,15,10000.387000,18.550000,363.372093,359.068295,360.000000,625,-3.372093,PI,FIFO,true,PI_FIFO,363.372093
7.820019,-1,15,10000.925000,19.475000,360.576923,359.294589,360.000000,626,-0.576923,PI,FIFO,true,PI_FIFO,360.576923
7.830018,-1,15,9998.850000,18.325000,362.622486,359.793773,360.000000,624,-2.622486,PI,FIFO,true,PI_FIFO,362.622486
7.840032,-1,15,10013.442000,31.767000,360.750361,359.937261,360.000000,625,-0.750361,PI,FIFO,true,PI_FIFO,360.750361
7.850035,-1,15,10003.536000,35.303000,364.691390,360.650381,360.000000,621,-4.691390,PI,FIFO,true,PI_FIFO,364.691390
7.860020,-1,15,9984.850000,20.153000,362.248841,360.890150,360.000000,621,-2.248841,PI,FIFO,true,PI_FIFO,362.248841
7.870019,-1,15,9998.425000,18.578000,365.141188,361.527805,360.000000,617,-5.141188,PI,FIFO,true,PI_FIFO,365.141188
7.880019,-1,15,10000.517000,19.095000,364.502333,361.973985,360.000000,616,-4.502333,PI,FIFO,true,PI_FIFO,364.502333
7.890020,-1,14,10001.091000,20.186000,364.963504,362.422412,360.000000,614,-4.963504,PI,FIFO,true,PI_FIFO,364.963504
7.900024,-1,15,10004.146000,24.332000,358.680057,361.861059,360.000000,617,1.319943,PI,FIFO,true,PI_FIFO,358.680057
7.910016,-1,15,9991.758000,16.090000,356.916244,361.119337,360.000000,619,3.083756,PI,FIFO,true,PI_FIFO,356.916244
7.920019,-1,15,10003.406000,19.496000,355.787476,360.319558,360.000000,622,4.212524,PI,FIFO,true,PI_FIFO,355.787476
7.930018,-1,15,9998.332000,17.828000,354.346652,359.423622,360.000000,625,5.653348,PI,FIFO,true,PI_FIFO,354.346652
7.940018,-1,15,10000.628000,18.456000,352.941176,358.451255,360.000000,628,7.058824,PI,FIFO,true,PI_FIFO,352.941176
7.950015,-1,15,9996.406000,14.862000,355.305901,357.979452,360.000000,629,4.694099,PI,FIFO,true,PI_FIFO,355.305901
7.960026,-1,15,10011.054000,25.916000,360.923965,358.421129,360.000000,626,-0.923965,PI,FIFO,true,PI_FIFO,360.923965
7.970020,-1,15,9993.646000,19.562000,359.654731,358.606169,360.000000,627,0.345269,PI,FIFO,true,PI_FIFO,359.654731
7.980019,-1,15,9999.073000,18.635000,361.445783,359.032111,360.000000,625,-1.445783,PI,FIFO,true,PI_FIFO,361.445783
7.990018,-1,15,9999.387000,18.022000,361.503856,359.402873,360.000000,625,-1.503856,PI,FIFO,true,PI_FIFO,361.503856
8.000018,-1,15,9999.980000,18.002000,362.143892,359.814026,360.000000,623,-2.143892,PI,FIFO,true,PI_FIFO,362.143892
8.010018,-1,15,9999.647000,17.649000,358.998906,359.691758,360.000000,625,1.001094,PI,FIFO,true,PI_FIFO,358.998906
8.020019,-1,15,10001.294000,18.943000,362.545496,360.119819,360.000000,623,-2.545496,PI,FIFO,true,PI_FIFO,362.545496
8.030032,-1,15,10012.832000,31.775000,362.368857,360.457174,360.000000,622,-2.368857,PI,FIFO,true,PI_FIFO,362.368857
8.040020,-1,15,9987.851000,19.626000,367.223502,361.472124,360.000000,616,-7.223502,PI,FIFO,true,PI_FIFO,367.223502
8.050018,-1,15,9998.165000,17.791000,362.970133,361.696825,360.000000,617,-2.970133,PI,FIFO,true,PI_FIFO,362.970133
8.060018,-1,15,10000.128000,17.919000,364.202468,362.072671,360.000000,615,-4.202468,PI,FIFO,true,PI_FIFO,364.202468
8.070015,-1,15,9997.221000,15.140000,357.629428,361.406185,360.000000,619,2.370572,PI,FIFO,true,PI_FIFO,357.629428
8.080018,-1,15,10003.035000,18.175000,357.142857,360.766686,360.000000,620,2.857143,PI,FIFO,true,PI_FIFO,357.142857
8.090015,-1,15,9996.387000,14.562000,353.392569,359.660568,360.000000,625,6.607431,PI,FIFO,true,PI_FIFO,353.392569
8.100018,-1,15,10003.239000,17.801000,356.294537,359.155663,360.000000,625,3.705463,PI,FIFO,true,PI_FIFO,356.294537
8.110015,-1,15,9997.092000,14.893000,353.862607,358.361705,360.000000,629,6.137393,PI,FIFO,true,PI_FIFO,353.862607
8.120018,-1,15,10002.942000,17.835000,358.337315,358.358046,360.000000,627,1.662685,PI,FIFO,true,PI_FIFO,358.337315
8.130018,-1,15,9999.851000,17.686000,359.539789,358.535308,360.000000,627,0.460211,PI,FIFO,true,PI_FIFO,359.539789
8.140018,-1,15,10000.072000,17.758000,362.970133,359.200532,360.000000,624,-2.970133,PI,FIFO,true,PI_FIFO,362.970133
8.150018,-1,15,10000.258000,18.016000,360.576923,359.406990,360.000000,625,-0.576923,PI,FIFO,true,PI_FIFO,360.576923
8.160018,-1,15,9999.943000,17.959000,360.973597,359.641981,360.000000,624,-0.973597,PI,FIFO,true,PI_FIFO,360.973597
8.170018,-1,15,9999.683000,17.642000,362.318841,360.043510,360.000000,623,-2.318841,PI,FIFO,true,PI_FIFO,362.318841
8.180018,-1,15,10000.351000,17.993000,361.689815,360.290456,360.000000,622,-1.689815,PI,FIFO,true,PI_FIFO,361.689815
8.190018,-1,15,9999.702000,17.695000,361.445783,360.463755,360.000000,622,-1.445783,PI,FIFO,true,PI_FIFO,361.445783
8.200026,-1,15,10007.980000,25.675000,362.435567,360.759527,360.000000,620,-2.435567,PI,FIFO,true,PI_FIFO,362.435567
8.210020,-1,15,9994.072000,19.747000,366.389839,361.604074,360.000000,616,-6.389839,PI,FIFO,true,PI_FIFO,366.389839
8.220019,-1,15,9998.999000,18.746000,362.248841,361.700789,360.000000,617,-2.248841,PI,FIFO,true,PI_FIFO,362.248841
8.230019,-1,15,9999.832000,18.578000,361.620058,361.688679,360.000000,617,-1.620058,PI,FIFO,true,PI_FIFO,361.620058
8.240018,-1,15,9999.517000,18.095000,358.998906,361.285213,360.000000,618,1.001094,PI,FIFO,true,PI_FIFO,358.998906
8.250018,-1,15,9999.572000,17.667000,356.633381,360.587438,360.000000,621,3.366619,PI,FIFO,true,PI_FIFO,356.633381
8.260018,-1,15,10000.424000,18.091000,351.123596,359.167862,360.000000,627,8.876404,PI,FIFO,true,PI_FIFO,351.123596
8.270024,-1,15,10005.851000,23.942000,354.955457,358.536001,360.000000,627,5.044543,PI,FIFO,true,PI_FIFO,354.955457
8.280029,-1,15,10004.868000,28.810000,353.964401,357.850261,360.000000,630,6.035599,PI,FIFO,true,PI_FIFO,353.964401
8.290019,-1,15,9990.647000,19.457000,359.539789,358.103690,360.000000,628,0.460211,PI,FIFO,true,PI_FIFO,359.539789
8.300019,-1,15,9999.202000,18.659000,359.392114,358.296954,360.000000,628,0.607886,PI,FIFO,true,PI_FIFO,359.392114
8.310018,-1,15,9999.165000,17.824000,362.844702,358.979116,360.000000,625,-2.844702,PI,FIFO,true,PI_FIFO,362.844702
8.320018,-1,15,10000.369000,18.193000,360.947125,359.274317,360.000000,626,-0.947125,PI,FIFO,true,PI_FIFO,360.947125
8.330018,-1,15,9999.554000,17.747000,361.969112,359.678537,360.000000,624,-1.969112,PI,FIFO,true,PI_FIFO,361.969112
8.340017,-1,15,9999.647000,17.394000,360.088116,359.739974,360.000000,625,-0.088116,PI,FIFO,true,PI_FIFO,360.088116
8.350018,-1,15,10000.387000,17.781000,364.988877,360.527309,360.000000,621,-4.988877,PI,FIFO,true,PI_FIFO,364.988877
8.360018,-1,15,10000.165000,17.946000,362.143892,360.769796,360.000000,621,-2.143892,PI,FIFO,true,PI_FIFO,362.143892
8.370018,-1,15,9999.777000,17.723000,365.829865,361.528807,360.000000,617,-5.829865,PI,FIFO,true,PI_FIFO,365.829865
8.380018,-1,15,10000.091000,17.814000,364.535682,361.979838,360.000000,616,-4.535682,PI,FIFO,true,PI_FIFO,364.535682
8.390018,-1,14,9999.757000,17.571000,365.395323,362.492161,360.000000,613,-5.395323,PI,FIFO,true,PI_FIFO,365.395323
8.400018,-1,15,9999.999000,17.570000,358.508604,361.894627,360.000000,617,1.491396,PI,FIFO,true,PI_FIFO,358.508604
8.410017,-1,15,9999.887000,17.457000,356.916244,361.147870,360.000000,619,3.083756,PI,FIFO,true,PI_FIFO,356.916244
8.420019,-1,15,10001.295000,18.752000,354.609929,360.167179,360.000000,623,5.390071,PI,FIFO,true,PI_FIFO,354.609929
8.430017,-1,15,9998.721000,17.473000,353.964401,359.236762,360.000000,626,6.035599,PI,FIFO,true,PI_FIFO,353.964401
8.440026,-1,15,10008.127000,25.600000,353.940538,358.442328,360.000000,628,6.059462,PI,FIFO,true,PI_FIFO,353.940538
8.450020,-1,15,9994.110000,19.710000,354.729730,357.885439,360.000000,630,5.270270,PI,FIFO,true,PI_FIFO,354.729730
8.460018,-1,15,9998.591000,18.301000,360.230548,358.237205,360.000000,627,-0.230548,PI,FIFO,true,PI_FIFO,360.230548
8.470018,-1,15,9999.443000,17.744000,360.023041,358.505080,360.000000,627,-0.023041,PI,FIFO,true,PI_FIFO,360.023041
8.480027,-1,15,10009.239000,26.983000,361.794501,358.998493,360.000000,626,-1.794501,PI,FIFO,true,PI_FIFO,361.794501
8.490016,-1,15,9989.036000,16.019000,360.775151,359.264992,360.000000,626,-0.775151,PI,FIFO,true,PI_FIFO,360.775151
8.500020,-1,15,10004.146000,20.165000,363.206472,359.856214,360.000000,623,-3.206472,PI,FIFO,true,PI_FIFO,363.206472
8.510015,-1,15,9994.555000,14.720000,358.606557,359.668766,360.000000,626,1.393443,PI,FIFO,true,PI_FIFO,358.606557
8.520018,-1,15,10003.646000,18.366000,363.869863,360.298930,360.000000,622,-3.869863,PI,FIFO,true,PI_FIFO,363.869863
8.530032,-1,15,10013.720000,32.086000,362.569061,360.639450,360.000000,621,-2.569061,PI,FIFO,true,PI_FIFO,362.569061
8.540020,-1,15,9987.555000,19.641000,366.379310,361.500429,360.000000,617,-6.379310,PI,FIFO,true,PI_FIFO,366.379310
8.550035,-1,15,10015.220000,34.861000,362.970133,361.720884,360.000000,617,-2.970133,PI,FIFO,true,PI_FIFO,362.970133
8.560037,-1,15,10002.017000,36.878000,364.702517,362.168129,360.000000,615,-4.702517,PI,FIFO,true,PI_FIFO,364.702517
8.570020,-1,15,9983.554000,20.432000,358.019640,361.545856,360.000000,619,1.980360,PI,FIFO,true,PI_FIFO,358.019640
8.580019,-1,15,9998.721000,19.153000,357.653791,360.962046,360.000000,620,2.346209,PI,FIFO,true,PI_FIFO,357.653791
8.590016,-1,15,9996.758000,15.911000,353.151683,359.790492,360.000000,625,6.848317,PI,FIFO,true,PI_FIFO,353.151683
8.600018,-1,15,10002.220000,18.131000,355.618777,359.164734,360.000000,625,4.381223,PI,FIFO,true,PI_FIFO,355.618777
8.610019,-1,15,10001.277000,19.408000,354.538088,358.470737,360.000000,628,5.461912,PI,FIFO,true,PI_FIFO,354.538088
8.620020,-1,15,10000.665000,20.073000,357.995227,358.399411,360.000000,627,2.004773,PI,FIFO,true,PI_FIFO,357.995227
8.630018,-1,15,9998.202000,18.275000,360.576923,358.726038,360.000000,626,-0.576923,PI,FIFO,true,PI_FIFO,360.576923
8.640018,-1,15,9999.832000,18.107000,361.230734,359.101742,360.000000,625,-1.230734,PI,FIFO,true,PI_FIFO,361.230734
8.650025,-1,15,10007.016000,25.123000,358.802624,359.056874,360.000000,627,1.197376,PI,FIFO,true,PI_FIFO,358.802624
8.660020,-1,15,9994.425000,19.548000,359.712230,359.155178,360.000000,626,0.287770,PI,FIFO,true,PI_FIFO,359.712230
8.670015,-1,15,9995.739000,15.287000,360.761929,359.396191,360.000000,626,-0.761929,PI,FIFO,true,PI_FIFO,360.761929
8.680018,-1,15,10002.684000,17.971000,360.750361,359.599316,360.000000,625,-0.750361,PI,FIFO,true,PI_FIFO,360.750361
8.690018,-1,15,10000.128000,18.099000,362.493958,360.033512,360.000000,623,-2.493958,PI,FIFO,true,PI_FIFO,362.493958
8.700018,-1,15,9999.721000,17.820000,363.559979,360.562482,360.000000,621,-3.559979,PI,FIFO,true,PI_FIFO,363.559979
8.710018,-1,15,9999.831000,17.651000,367.107195,361.544189,360.000000,617,-7.107195,PI,FIFO,true,PI_FIFO,367.107195
8.720018,-1,15,10000.128000,17.779000,363.748060,361.874770,360.000000,617,-3.748060,PI,FIFO,true,PI_FIFO,363.748060
8.730017,-1,15,9999.369000,17.148000,361.794501,361.862730,360.000000,617,-1.794501,PI,FIFO,true,PI_FIFO,361.794501
8.740018,-1,15,10000.406000,17.554000,359.287174,361.476396,360.000000,619,0.712826,PI,FIFO,true,PI_FIFO,359.287174
8.750018,-1,15,10000.332000,17.886000,357.483317,360.877434,360.000000,620,2.516683,PI,FIFO,true,PI_FIFO,357.483317
8.760018,-1,15,9999.906000,17.792000,353.012372,359.697675,360.000000,626,6.987628,PI,FIFO,true,PI_FIFO,353.012372
8.770018,-1,15,10000.387000,18.179000,355.113636,359.010069,360.000000,627,4.886364,PI,FIFO,true,PI_FIFO,355.113636
8.780019,-1,15,10000.369000,18.548000,354.155424,358.281872,360.000000,629,5.844576,PI,FIFO,true,PI_FIFO,354.155424
8.790019,-1,15,9999.980000,18.528000,359.712230,358.496426,360.000000,627,0.287770,PI,FIFO,true,PI_FIFO,359.712230
8.800019,-1,15,10000.128000,18.656000,358.371560,358.477696,360.000000,628,1.628440,PI,FIFO,true,PI_FIFO,358.371560
8.810019,-1,15,9999.998000,18.654000,363.020329,359.159091,360.000000,625,-3.020329,PI,FIFO,true,PI_FIFO,363.020329
8.820019,-1,15,9999.962000,18.616000,360.378913,359.342064,360.000000,626,-0.378913,PI,FIFO,true,PI_FIFO,360.378913
8.830018,-1,15,9999.646000,18.262000,362.875683,359.872107,360.000000,623,-2.875683,PI,FIFO,true,PI_FIFO,362.875683
8.840018,-1,15,10000.110000,18.372000,359.589041,359.829647,360.000000,625,0.410959,PI,FIFO,true,PI_FIFO,359.589041
8.850024,-1,15,10005.924000,24.296000,363.703788,360.410768,360.000000,622,-3.703788,PI,FIFO,true,PI_FIFO,363.703788
8.860018,-1,15,9993.888000,18.184000,360.403652,360.409701,360.000000,623,-0.403652,PI,FIFO,true,PI_FIFO,360.403652
8.870018,-1,15,9999.943000,18.127000,366.415410,361.310557,360.000000,617,-6.415410,PI,FIFO,true,PI_FIFO,366.415410
8.880018,-1,15,9999.739000,17.866000,364.202468,361.744344,360.000000,617,-4.202468,PI,FIFO,true,PI_FIFO,364.202468
8.890018,-1,14,10000.572000,18.438000,364.785992,362.200591,360.000000,614,-4.785992,PI,FIFO,true,PI_FIFO,364.785992
8.900019,-1,15,10000.110000,18.548000,358.680057,361.672511,360.000000,618,1.319943,PI,FIFO,true,PI_FIFO,358.680057
8.910018,-1,15,9998.980000,17.528000,355.293077,360.715596,360.000000,622,4.706923,PI,FIFO,true,PI_FIFO,355.293077
8.920018,-1,15,10000.554000,18.082000,353.940538,359.699337,360.000000,625,6.059462,PI,FIFO,true,PI_FIFO,353.940538
8.930018,-1,15,10000.017000,18.099000,353.012372,358.696293,360.000000,628,6.987628,PI,FIFO,true,PI_FIFO,353.012372
8.940018,-1,15,9999.869000,17.968000,354.442344,358.058200,360.000000,630,5.557656,PI,FIFO,true,PI_FIFO,354.442344
8.950018,-1,15,9999.813000,17.781000,355.498375,357.674226,360.000000,631,4.501625,PI,FIFO,true,PI_FIFO,355.498375
8.960018,-1,15,10000.221000,18.002000,361.794501,358.292268,360.000000,627,-1.794501,PI,FIFO,true,PI_FIFO,361.794501
8.970014,-1,15,9996.276000,14.278000,359.654731,358.496637,360.000000,628,0.345269,PI,FIFO,true,PI_FIFO,359.654731
8.980018,-1,15,10003.406000,17.684000,361.969112,359.017508,360.000000,626,-1.969112,PI,FIFO,true,PI_FIFO,361.969112
8.990014,-1,15,9996.739000,14.423000,360.775151,359.281155,360.000000,627,-0.775151,PI,FIFO,true,PI_FIFO,360.775151
9.000018,-1,15,10003.313000,17.736000,363.703788,359.944550,360.000000,624,-3.703788,PI,FIFO,true,PI_FIFO,363.703788
9.010015,-1,15,9996.777000,14.513000,359.195402,359.832178,360.000000,626,0.804598,PI,FIFO,true,PI_FIFO,359.195402
9.020018,-1,15,10003.053000,17.566000,364.535682,360.537703,360.000000,622,-4.535682,PI,FIFO,true,PI_FIFO,364.535682
9.030032,-1,15,10014.110000,31.676000,362.970133,360.902568,360.000000,621,-2.970133,PI,FIFO,true,PI_FIFO,362.970133
9.040020,-1,15,9988.239000,19.915000,366.547838,361.749358,360.000000,617,-6.547838,PI,FIFO,true,PI_FIFO,366.547838
9.050015,-1,15,9995.406000,15.321000,361.969112,361.782321,360.000000,618,-1.969112,PI,FIFO,true,PI_FIFO,361.969112
9.060018,-1,15,10002.887000,18.208000,363.537865,362.045653,360.000000,616,-3.537865,PI,FIFO,true,PI_FIFO,363.537865
9.070018,-1,15,10000.017000,18.225000,357.653791,361.386874,360.000000,620,2.346209,PI,FIFO,true,PI_FIFO,357.653791
9.080018,-1,15,9999.684000,17.909000,357.434641,360.794039,360.000000,621,2.565359,PI,FIFO,true,PI_FIFO,357.434641
9.090018,-1,15,9999.924000,17.833000,352.775165,359.591208,360.000000,627,7.224835,PI,FIFO,true,PI_FIFO,352.775165
9.100018,-1,15,10000.443000,18.276000,356.077048,359.064084,360.000000,626,3.922952,PI,FIFO,true,PI_FIFO,356.077048
9.110017,-1,15,9999.017000,17.293000,353.440151,358.220494,360.000000,630,6.559849,PI,FIFO,true,PI_FIFO,353.440151
9.120018,-1,15,10000.443000,17.736000,357.240065,358.073429,360.000000,630,2.759935,PI,FIFO,true,PI_FIFO,357.240065
9.130017,-1,15,9999.665000,17.401000,360.057609,358.371056,360.000000,628,-0.057609,PI,FIFO,true,PI_FIFO,360.057609
9.140018,-1,15,10000.462000,17.863000,362.622486,359.008771,360.000000,626,-2.622486,PI,FIFO,true,PI_FIFO,362.622486
9.150022,-1,15,10004.369000,22.232000,360.576923,359.243994,360.000000,627,-0.576923,PI,FIFO,true,PI_FIFO,360.576923
9.160020,-1,15,9998.165000,20.397000,361.132512,359.527271,360.000000,626,-1.132512,PI,FIFO,true,PI_FIFO,361.132512
9.170020,-1,15,9999.257000,19.654000,361.969112,359.893547,360.000000,625,-1.969112,PI,FIFO,true,PI_FIFO,361.969112
9.180018,-1,15,9998.295000,17.949000,360.576923,359.996054,360.000000,625,-0.576923,PI,FIFO,true,PI_FIFO,360.576923
9.190025,-1,15,10007.536000,25.485000,361.620058,360.239654,360.000000,624,-1.620058,PI,FIFO,true,PI_FIFO,361.620058
9.200027,-1,15,10001.868000,27.353000,364.124806,360.822427,360.000000,621,-4.124806,PI,FIFO,true,PI_FIFO,364.124806
9.210022,-1,15,9994.591000,21.944000,367.054353,361.757216,360.000000,617,-7.054353,PI,FIFO,true,PI_FIFO,367.054353
9.220024,-1,15,10002.351000,24.295000,363.171002,361.969284,360.000000,617,-3.171002,PI,FIFO,true,PI_FIFO,363.171002
9.230021,-1,15,9996.980000,21.275000,362.143892,361.995475,360.000000,617,-2.143892,PI,FIFO,true,PI_FIFO,362.143892
9.240023,-1,15,10001.609000,22.884000,357.097511,361.260780,360.000000,621,2.902489,PI,FIFO,true,PI_FIFO,357.097511
9.250021,-1,15,9998.295000,21.179000,356.125356,360.490467,360.000000,623,3.874644,PI,FIFO,true,PI_FIFO,356.125356
9.260036,-1,15,10014.813000,35.992000,353.012372,359.368753,360.000000,627,6.987628,PI,FIFO,true,PI_FIFO,353.012372
9.270032,-1,15,9996.462000,32.454000,355.832490,358.838313,360.000000,628,4.167510,PI,FIFO,true,PI_FIFO,355.832490
9.280021,-1,15,9988.443000,20.897000,355.450237,358.330102,360.000000,630,4.549763,PI,FIFO,true,PI_FIFO,355.450237
9.290019,-1,15,9997.869000,18.766000,360.207480,358.611708,360.000000,627,-0.207480,PI,FIFO,true,PI_FIFO,360.207480
9.300018,-1,15,9999.702000,18.468000,359.712230,358.776787,360.000000,627,0.287770,PI,FIFO,true,PI_FIFO,359.712230
9.310020,-1,15,10001.980000,20.448000,362.569061,359.345628,360.000000,625,-2.569061,PI,FIFO,true,PI_FIFO,362.569061
9.320018,-1,15,9997.961000,18.409000,360.740154,359.554807,360.000000,626,-0.740154,PI,FIFO,true,PI_FIFO,360.740154
9.330019,-1,15,10000.813000,19.222000,361.969112,359.916953,360.000000,624,-1.969112,PI,FIFO,true,PI_FIFO,361.969112
9.340018,-1,15,9998.832000,18.054000,360.057609,359.938051,360.000000,625,-0.057609,PI,FIFO,true,PI_FIFO,360.057609
9.350018,-1,15,9999.702000,17.756000,364.502333,360.622693,360.000000,621,-4.502333,PI,FIFO,true,PI_FIFO,364.502333
9.360030,-1,15,10011.758000,29.514000,359.884837,360.512015,360.000000,623,0.115163,PI,FIFO,true,PI_FIFO,359.884837
9.370015,-1,15,9985.832000,15.346000,364.691390,361.138921,360.000000,619,-4.691390,PI,FIFO,true,PI_FIFO,364.691390
9.380018,-1,15,10002.795000,18.141000,363.724539,361.526764,360.000000,618,-3.724539,PI,FIFO,true,PI_FIFO,363.724539
9.390015,-1,15,9996.572000,14.713000,364.124806,361.916470,360.000000,616,-4.124806,PI,FIFO,true,PI_FIFO,364.124806
9.400018,-1,15,10003.239000,17.952000,358.680057,361.431008,360.000000,619,1.319943,PI,FIFO,true,PI_FIFO,358.680057
9.410018,-1,15,10000.128000,18.080000,357.313006,360.813308,360.000000,621,2.686994,PI,FIFO,true,PI_FIFO,357.313006
9.420020,-1,15,10002.166000,20.246000,354.729730,359.900771,360.000000,625,5.270270,PI,FIFO,true,PI_FIFO,354.729730
9.430019,-1,15,9998.905000,19.151000,354.609929,359.107145,360.000000,627,5.390071,PI,FIFO,true,PI_FIFO,354.609929
9.440018,-1,15,9999.073000,18.224000,352.632993,358.136022,360.000000,631,7.367007,PI,FIFO,true,PI_FIFO,352.632993
9.450018,-1,15,9999.424000,17.648000,355.787476,357.783740,360.000000,631,4.212524,PI,FIFO,true,PI_FIFO,355.787476
9.460027,-1,15,10009.739000,27.387000,361.689815,358.369651,360.000000,627,-1.689815,PI,FIFO,true,PI_FIFO,361.689815
9.470018,-1,15,9990.147000,17.534000,361.097737,358.778864,360.000000,627,-1.097737,PI,FIFO,true,PI_FIFO,361.097737
9.480018,-1,15,10000.147000,17.681000,361.969112,359.257401,360.000000,626,-1.969112,PI,FIFO,true,PI_FIFO,361.969112
9.490018,-1,15,9999.924000,17.605000,361.230734,359.553401,360.000000,626,-1.230734,PI,FIFO,true,PI_FIFO,361.230734
9.500018,-1,15,10000.017000,17.622000,362.569061,360.005750,360.000000,624,-2.569061,PI,FIFO,true,PI_FIFO,362.569061
9.510018,-1,15,10000.054000,17.676000,360.057609,360.013529,360.000000,625,-0.057609,PI,FIFO,true,PI_FIFO,360.057609
9.520018,-1,15,10000.776000,18.452000,362.809598,360.432939,360.000000,623,-2.809598,PI,FIFO,true,PI_FIFO,362.809598
9.530019,-1,15,10000.295000,18.747000,363.196126,360.847417,360.000000,621,-3.196126,PI,FIFO,true,PI_FIFO,363.196126
9.540018,-1,15,9999.647000,18.394000,366.784038,361.737910,360.000000,617,-6.784038,PI,FIFO,true,PI_FIFO,366.784038
9.550018,-1,15,10000.017000,18.411000,362.318841,361.825050,360.000000,618,-2.318841,PI,FIFO,true,PI_FIFO,362.318841
9.560027,-1,15,10008.146000,26.557000,363.372093,362.057106,360.000000,616,-3.372093,PI,FIFO,true,PI_FIFO,363.372093
9.570017,-1,15,9990.851000,17.408000,357.313006,361.345491,360.000000,620,2.686994,PI,FIFO,true,PI_FIFO,357.313006
9.580018,-1,15,10000.869000,18.277000,356.463878,360.613249,360.000000,622,3.536122,PI,FIFO,true,PI_FIFO,356.463878
9.590018,-1,15,9999.498000,17.775000,352.941176,359.462438,360.000000,627,7.058824,PI,FIFO,true,PI_FIFO,352.941176
9.600018,-1,15,9999.758000,17.533000,356.373543,358.999104,360.000000,627,3.626457,PI,FIFO,true,PI_FIFO,356.373543
9.610018,-1,15,10000.109000,17.642000,353.862607,358.228630,360.000000,630,6.137393,PI,FIFO,true,PI_FIFO,353.862607
9.620019,-1,15,10000.888000,18.530000,357.483317,358.116833,360.000000,630,2.516683,PI,FIFO,true,PI_FIFO,357.483317
9.630017,-1,15,9998.943000,17.473000,360.392107,358.458124,360.000000,628,-0.392107,PI,FIFO,true,PI_FIFO,360.392107
9.640018,-1,15,10000.239000,17.712000,362.143892,359.010989,360.000000,626,-2.143892,PI,FIFO,true,PI_FIFO,362.143892
9.650019,-1,15,10000.832000,18.544000,360.947125,359.301409,360.000000,626,-0.947125,PI,FIFO,true,PI_FIFO,360.947125
9.660027,-1,15,10008.535000,27.079000,361.794501,359.675373,360.000000,625,-1.794501,PI,FIFO,true,PI_FIFO,361.794501
9.670018,-1,15,9990.813000,17.892000,362.368857,360.079396,360.000000,624,-2.368857,PI,FIFO,true,PI_FIFO,362.368857
9.680018,-1,15,10000.351000,18.243000,361.722651,360.325884,360.000000,624,-1.722651,PI,FIFO,true,PI_FIFO,361.722651
9.690018,-1,15,9999.480000,17.723000,361.371145,360.482673,360.000000,623,-1.371145,PI,FIFO,true,PI_FIFO,361.371145
9.700018,-1,15,10000.294000,18.017000,362.844702,360.836978,360.000000,621,-2.844702,PI,FIFO,true,PI_FIFO,362.844702
9.710018,-1,15,9999.832000,17.849000,367.743201,361.872911,360.000000,616,-7.743201,PI,FIFO,true,PI_FIFO,367.743201
9.720018,-1,15,10000.091000,17.940000,363.537865,362.122654,360.000000,616,-3.537865,PI,FIFO,true,PI_FIFO,363.537865
9.730014,-1,15,9996.406000,14.346000,361.769570,362.069692,360.000000,616,-1.769570,PI,FIFO,true,PI_FIFO,361.769570
9.740018,-1,15,10003.350000,17.696000,357.824427,361.432902,360.000000,619,2.175573,PI,FIFO,true,PI_FIFO,357.824427
9.750015,-1,15,9997.240000,14.936000,356.916244,360.755403,360.000000,621,3.083756,PI,FIFO,true,PI_FIFO,356.916244
9.760026,-1,15,10010.868000,25.804000,351.914414,359.429255,360.000000,627,8.085586,PI,FIFO,true,PI_FIFO,351.914414
9.770018,-1,15,9991.869000,17.673000,354.107649,358.631014,360.000000,628,5.892351,PI,FIFO,true,PI_FIFO,354.107649
9.780018,-1,15,10000.128000,17.801000,354.155424,357.959675,360.000000,631,5.844576,PI,FIFO,true,PI_FIFO,354.155424
9.790018,-1,15,9999.814000,17.615000,360.576923,358.352263,360.000000,627,-0.576923,PI,FIFO,true,PI_FIFO,360.576923
9.800018,-1,15,10000.072000,17.687000,358.554309,358.382570,360.000000,629,1.445691,PI,FIFO,true,PI_FIFO,358.554309
9.810018,-1,15,10000.017000,17.704000,362.669246,359.025571,360.000000,626,-2.669246,PI,FIFO,true,PI_FIFO,362.669246
9.820019,-1,15,10001.165000,18.869000,360.023041,359.175192,360.000000,627,-0.023041,PI,FIFO,true,PI_FIFO,360.023041
9.830018,-1,15,9998.851000,17.720000,361.097737,359.463573,360.000000,626,-1.097737,PI,FIFO,true,PI_FIFO,361.097737
9.840018,-1,15,10000.035000,17.755000,359.786184,359.511965,360.000000,627,0.213816,PI,FIFO,true,PI_FIFO,359.786184
9.850018,-1,15,10000.165000,17.920000,363.206472,360.066141,360.000000,624,-3.206472,PI,FIFO,true,PI_FIFO,363.206472
9.860027,-1,15,10008.776000,26.696000,362.569061,360.441579,360.000000,623,-2.569061,PI,FIFO,true,PI_FIFO,362.569061
9.870018,-1,15,9991.462000,18.158000,365.874656,361.256541,360.000000,619,-5.874656,PI,FIFO,true,PI_FIFO,365.874656
9.880018,-1,15,10000.146000,18.304000,365.191987,361.846857,360.000000,617,-5.191987,PI,FIFO,true,PI_FIFO,365.191987
9.890027,-1,15,10008.739000,27.043000,365.203941,362.350420,360.000000,615,-5.203941,PI,FIFO,true,PI_FIFO,365.203941
9.900030,-1,15,10002.777000,29.820000,358.410705,361.759463,360.000000,619,1.589295,PI,FIFO,true,PI_FIFO,358.410705
9.910020,-1,15,9990.313000,20.133000,357.824427,361.169207,360.000000,620,2.175573,PI,FIFO,true,PI_FIFO,357.824427
9.920018,-1,15,9998.091000,18.224000,356.270358,360.434380,360.000000,622,3.729642,PI,FIFO,true,PI_FIFO,356.270358
9.930019,-1,15,10000.610000,18.834000,355.113636,359.636268,360.000000,625,4.886364,PI,FIFO,true,PI_FIFO,355.113636
9.940028,-1,15,10009.498000,28.332000,353.773585,358.756866,360.000000,628,6.226415,PI,FIFO,true,PI_FIFO,353.773585
9.950022,-1,15,9993.202000,21.534000,355.113636,358.210382,360.000000,630,4.886364,PI,FIFO,true,PI_FIFO,355.113636
9.960040,-1,15,10018.146000,39.680000,361.132512,358.648701,360.000000,626,-1.132512,PI,FIFO,true,PI_FIFO,361.132512
9.970025,-1,15,9985.296000,24.976000,359.838792,358.827215,360.000000,627,0.161208,PI,FIFO,true,PI_FIFO,359.838792
9.980020,-1,15,9994.795000,19.771000,361.445783,359.220000,360.000000,625,-1.445783,PI,FIFO,true,PI_FIFO,361.445783
9.990015,-1,15,9995.294000,15.065000,361.689815,359.590472,360.000000,625,-1.689815,PI,FIFO,true,PI_FIFO,361.689815
10.000016,-1,15,10000.851000,15.916000,362.318841,359.999727,360.000000,623,-2.318841,PI,FIFO,true,PI_FIFO,362.318841
10.010018,-1,15,10002.202000,18.118000,358.410705,359.761374,360.000000,626,1.589295,PI,FIFO,true,PI_FIFO,358.410705
10.020020,-1,15,10002.350000,20.468000,362.380628,360.154262,360.000000,623,-2.380628,PI,FIFO,true,PI_FIFO,362.380628
10.030028,-1,15,10007.072000,27.540000,362.368857,360.486451,360.000000,622,-2.368857,PI,FIFO,true,PI_FIFO,362.368857
10.040021,-1,15,9993.055000,20.595000,366.547838,361.395659,360.000000,617,-6.547838,PI,FIFO,true,PI_FIFO,366.547838
10.050018,-1,15,9997.461000,18.056000,363.196126,361.665729,360.000000,618,-3.196126,PI,FIFO,true,PI_FIFO,363.196126
10.060030,-1,15,10011.739000,29.795000,363.171002,361.891520,360.000000,616,-3.171002,PI,FIFO,true,PI_FIFO,363.171002
10.070018,-1,15,9987.943000,17.738000,357.985175,361.305568,360.000000,620,2.014825,PI,FIFO,true,PI_FIFO,357.985175
10.080020,-1,15,10002.684000,20.422000,355.883948,360.492325,360.000000,622,4.116052,PI,FIFO,true,PI_FIFO,355.883948
10.090018,-1,15,9997.295000,17.717000,352.609309,359.309873,360.000000,627,7.390691,PI,FIFO,true,PI_FIFO,352.609309
10.100020,-1,15,10002.443000,20.160000,356.463878,358.882974,360.000000,627,3.536122,PI,FIFO,true,PI_FIFO,356.463878
10.110017,-1,15,9997.276000,17.436000,354.274917,358.191765,360.000000,630,5.725083,PI,FIFO,true,PI_FIFO,354.274917
10.120020,-1,15,10002.406000,19.842000,358.019640,358.165946,360.000000,629,1.980360,PI,FIFO,true,PI_FIFO,358.019640
10.130018,-1,15,9998.239000,18.081000,360.576923,358.527593,360.000000,628,-0.576923,PI,FIFO,true,PI_FIFO,360.576923
10.140021,-1,15,10002.535000,20.616000,362.569061,359.133813,360.000000,626,-2.569061,PI,FIFO,true,PI_FIFO,362.569061
10.150021,-1,15,10000.795000,21.411000,361.097737,359.428402,360.000000,626,-1.097737,PI,FIFO,true,PI_FIFO,361.097737
10.160030,-1,15,10008.647000,30.058000,362.248841,359.851468,360.000000,624,-2.248841,PI,FIFO,true,PI_FIFO,362.248841
10.170018,-1,15,9988.109000,18.167000,362.318841,360.221574,360.000000,623,-2.318841,PI,FIFO,true,PI_FIFO,362.318841
10.180018,-1,15,9999.980000,18.147000,362.809598,360.609777,360.000000,622,-2.809598,PI,FIFO,true,PI_FIFO,362.809598
10.190019,-1,15,10000.480000,18.627000,362.318841,360.866137,360.000000,621,-2.318841,PI,FIFO,true,PI_FIFO,362.318841
10.200019,-1,15,10000.165000,18.792000,363.559979,361.270213,360.000000,619,-3.559979,PI,FIFO,true,PI_FIFO,363.559979
10.210018,-1,15,9999.573000,18.365000,366.748166,362.091906,360.000000,615,-6.748166,PI,FIFO,true,PI_FIFO,366.748166
10.220020,-1,15,10001.221000,19.586000,361.875965,362.059515,360.000000,616,-1.875965,PI,FIFO,true,PI_FIFO,361.875965
10.230018,-1,15,9998.183000,17.769000,359.884837,361.733313,360.000000,617,0.115163,PI,FIFO,true,PI_FIFO,359.884837
10.240018,-1,15,10000.369000,18.138000,357.045702,361.030171,360.000000,620,2.954298,PI,FIFO,true,PI_FIFO,357.045702
10.250018,-1,15,9999.443000,17.581000,356.294537,360.319826,360.000000,622,3.705463,PI,FIFO,true,PI_FIFO,356.294537
10.260028,-1,15,10010.684000,28.265000,351.123596,358.940392,360.000000,628,8.876404,PI,FIFO,true,PI_FIFO,351.123596
10.270018,-1,15,9989.683000,17.948000,353.012372,358.051189,360.000000,630,6.987628,PI,FIFO,true,PI_FIFO,353.012372
10.280018,-1,15,9999.943000,17.891000,354.442344,357.509862,360.000000,632,5.557656,PI,FIFO,true,PI_FIFO,354.442344
10.290018,-1,15,9999.684000,17.575000,358.802624,357.703776,360.000000,630,1.197376,PI,FIFO,true,PI_FIFO,358.802624
10.300018,-1,15,10000.091000,17.666000,359.712230,358.005044,360.000000,630,0.287770,PI,FIFO,true,PI_FIFO,359.712230
10.310018,-1,15,9999.887000,17.553000,363.559979,358.838285,360.000000,626,-3.559979,PI,FIFO,true,PI_FIFO,363.559979
10.320018,-1,15,10000.129000,17.682000,361.445783,359.229409,360.000000,627,-1.445783,PI,FIFO,true,PI_FIFO,361.445783
10.330018,-1,15,10000.054000,17.736000,362.622486,359.738371,360.000000,625,-2.622486,PI,FIFO,true,PI_FIFO,362.622486
10.340018,-1,15,10000.313000,18.049000,361.271676,359.968367,360.000000,625,-1.271676,PI,FIFO,true,PI_FIFO,361.271676
10.350018,-1,15,9999.609000,17.658000,365.259740,360.762073,360.000000,621,-5.259740,PI,FIFO,true,PI_FIFO,365.259740
10.360027,-1,15,10009.017000,26.675000,361.794501,360.916937,360.000000,622,-1.794501,PI,FIFO,true,PI_FIFO,361.794501
10.370015,-1,15,9988.258000,14.933000,366.210938,361.711037,360.000000,617,-6.210938,PI,FIFO,true,PI_FIFO,366.210938
10.380018,-1,15,10003.295000,18.228000,365.319045,362.252238,360.000000,616,-5.319045,PI,FIFO,true,PI_FIFO,365.319045
10.390015,-1,14,9996.480000,14.708000,365.070093,362.674917,360.000000,614,-5.070093,PI,FIFO,true,PI_FIFO,365.070093
10.400018,-1,15,10003.628000,18.336000,357.995227,361.972963,360.000000,618,2.004773,PI,FIFO,true,PI_FIFO,357.995227
10.410018,-1,15,9999.258000,17.594000,356.633381,361.172026,360.000000,620,3.366619,PI,FIFO,true,PI_FIFO,356.633381
10.420020,-1,15,10002.813000,20.407000,354.346652,360.148220,360.000000,624,5.653348,PI,FIFO,true,PI_FIFO,354.346652
10.430018,-1,15,9997.165000,17.572000,353.440151,359.142009,360.000000,627,6.559849,PI,FIFO,true,PI_FIFO,353.440151
10.440019,-1,15,10001.517000,19.089000,353.773585,358.336746,360.000000,629,6.226415,PI,FIFO,true,PI_FIFO,353.773585
10.450017,-1,15,9998.258000,17.347000,355.618777,357.929050,360.000000,630,4.381223,PI,FIFO,true,PI_FIFO,355.618777
10.460029,-1,15,10011.628000,28.975000,360.576923,358.326231,360.000000,627,-0.576923,PI,FIFO,true,PI_FIFO,360.576923
10.470018,-1,15,9989.239000,18.214000,359.023456,358.430815,360.000000,628,0.976544,PI,FIFO,true,PI_FIFO,359.023456
10.480019,-1,15,10000.739000,18.953000,362.368857,359.021521,360.000000,626,-2.368857,PI,FIFO,true,PI_FIFO,362.368857
10.490017,-1,15,9998.277000,17.230000,360.740154,359.279316,360.000000,626,-0.740154,PI,FIFO,true,PI_FIFO,360.740154
10.500017,-1,15,9999.628000,16.858000,363.774945,359.953660,360.000000,623,-3.774945,PI,FIFO,true,PI_FIFO,363.774945
10.510020,-1,15,10003.183000,20.041000,359.884837,359.943337,360.000000,625,0.115163,PI,FIFO,true,PI_FIFO,359.884837
10.520018,-1,15,9998.351000,18.392000,363.372093,360.457650,360.000000,622,-3.372093,PI,FIFO,true,PI_FIFO,363.372093
10.530019,-1,15,10000.220000,18.612000,361.969112,360.684370,360.000000,622,-1.969112,PI,FIFO,true,PI_FIFO,361.969112
10.540018,-1,15,9999.758000,18.370000,365.829865,361.456194,360.000000,618,-5.829865,PI,FIFO,true,PI_FIFO,365.829865
10.550018,-1,15,9999.850000,18.220000,363.196126,361.717184,360.000000,618,-3.196126,PI,FIFO,true,PI_FIFO,363.196126
10.560028,-1,15,10010.054000,28.274000,363.559979,361.993603,360.000000,616,-3.559979,PI,FIFO,true,PI_FIFO,363.559979
10.570019,-1,15,9990.258000,18.532000,358.680057,361.496571,360.000000,619,1.319943,PI,FIFO,true,PI_FIFO,358.680057
10.580019,-1,15,10000.147000,18.679000,357.240065,360.858095,360.000000,621,2.759935,PI,FIFO,true,PI_FIFO,357.240065
10.590026,-1,15,10007.313000,25.992000,353.440151,359.745404,360.000000,625,6.559849,PI,FIFO,true,PI_FIFO,353.440151
10.600020,-1,15,9994.165000,20.157000,356.193009,359.212544,360.000000,626,3.806991,PI,FIFO,true,PI_FIFO,356.193009
10.610018,-1,15,9998.184000,18.341000,353.151683,358.303415,360.000000,630,6.848317,PI,FIFO,true,PI_FIFO,353.151683
10.620018,-1,15,10000.146000,18.487000,357.824427,358.231567,360.000000,629,2.175573,PI,FIFO,true,PI_FIFO,357.824427
10.630018,-1,15,9999.462000,17.949000,359.712230,358.453666,360.000000,628,0.287770,PI,FIFO,true,PI_FIFO,359.712230
10.640018,-1,15,9999.628000,17.577000,362.143892,359.007200,360.000000,626,-2.143892,PI,FIFO,true,PI_FIFO,362.143892
10.650018,-1,15,10000.128000,17.705000,360.207480,359.187242,360.000000,626,-0.207480,PI,FIFO,true,PI_FIFO,360.207480
10.660036,-1,15,10018.683000,36.388000,361.097737,359.473816,360.000000,626,-1.097737,PI,FIFO,true,PI_FIFO,361.097737
10.670032,-1,15,9995.462000,31.850000,361.875965,359.834139,360.000000,624,-1.875965,PI,FIFO,true,PI_FIFO,361.875965
10.680021,-1,15,9988.813000,20.663000,361.132512,360.028895,360.000000,624,-1.132512,PI,FIFO,true,PI_FIFO,361.132512
10.690019,-1,15,9998.555000,19.218000,362.318841,360.372387,360.000000,623,-2.318841,PI,FIFO,true,PI_FIFO,362.318841
10.700018,-1,15,9998.498000,17.716000,363.976705,360.913034,360.000000,620,-3.976705,PI,FIFO,true,PI_FIFO,363.976705
10.710020,-1,15,10002.295000,20.011000,366.885359,361.808883,360.000000,616,-6.885359,PI,FIFO,true,PI_FIFO,366.885359
10.720018,-1,15,9997.683000,17.694000,362.996902,361.987086,360.000000,617,-2.996902,PI,FIFO,true,PI_FIFO,362.996902
10.730018,-1,15,10000.369000,18.063000,360.230548,361.723605,360.000000,618,-0.230548,PI,FIFO,true,PI_FIFO,360.230548
10.740018,-1,15,9999.554000,17.617000,356.294537,360.909245,360.000000,622,3.705463,PI,FIFO,true,PI_FIFO,356.294537
10.750018,-1,15,10000.128000,17.745000,357.629428,360.417272,360.000000,622,2.370572,PI,FIFO,true,PI_FIFO,357.629428
10.760027,-1,15,10009.276000,27.021000,352.443609,359.221223,360.000000,628,7.556391,PI,FIFO,true,PI_FIFO,352.443609
10.770018,-1,15,9991.073000,18.094000,355.305901,358.633925,360.000000,628,4.694099,PI,FIFO,true,PI_FIFO,355.305901
10.780018,-1,15,9999.813000,17.907000,355.113636,358.105881,360.000000,630,4.886364,PI,FIFO,true,PI_FIFO,355.113636
10.790018,-1,15,9999.740000,17.647000,359.654731,358.338209,360.000000,628,0.345269,PI,FIFO,true,PI_FIFO,359.654731
10.800018,-1,15,10000.165000,17.812000,359.539789,358.518446,360.000000,628,0.460211,PI,FIFO,true,PI_FIFO,359.539789
10.810018,-1,15,10000.517000,18.329000,363.171002,359.216329,360.000000,625,-3.171002,PI,FIFO,true,PI_FIFO,363.171002
10.820020,-1,15,10001.665000,19.994000,360.923965,359.472475,360.000000,626,-0.923965,PI,FIFO,true,PI_FIFO,360.923965
10.830018,-1,15,9998.091000,18.085000,363.372093,360.057417,360.000000,623,-3.372093,PI,FIFO,true,PI_FIFO,363.372093
10.840018,-1,15,10000.036000,18.121000,360.923965,360.187400,360.000000,624,-0.923965,PI,FIFO,true,PI_FIFO,360.923965
10.850017,-1,15,9999.331000,17.452000,364.124806,360.778011,360.000000,621,-4.124806,PI,FIFO,true,PI_FIFO,364.124806
10.860027,-1,15,10009.573000,27.025000,361.271676,360.852060,360.000000,622,-1.271676,PI,FIFO,true,PI_FIFO,361.271676
10.870018,-1,15,9990.998000,18.023000,365.639626,361.570195,360.000000,617,-5.639626,PI,FIFO,true,PI_FIFO,365.639626
10.880018,-1,15,10000.184000,18.207000,364.431487,361.999389,360.000000,616,-4.431487,PI,FIFO,true,PI_FIFO,364.431487
10.890015,-1,14,9996.647000,14.854000,364.880643,362.431577,360.000000,614,-4.880643,PI,FIFO,true,PI_FIFO,364.880643
10.900018,-1,15,10002.868000,17.722000,357.824427,361.740505,360.000000,618,2.175573,PI,FIFO,true,PI_FIFO,357.824427
10.910018,-1,15,9999.999000,17.721000,355.956336,360.872879,360.000000,621,4.043664,PI,FIFO,true,PI_FIFO,355.956336
10.920018,-1,15,10000.535000,18.256000,354.729730,359.951407,360.000000,624,5.270270,PI,FIFO,true,PI_FIFO,354.729730
10.930018,-1,15,9999.480000,17.736000,353.606789,358.999714,360.000000,627,6.393211,PI,FIFO,true,PI_FIFO,353.606789
10.940018,-1,15,10000.554000,18.290000,352.632993,358.044706,360.000000,630,7.367007,PI,FIFO,true,PI_FIFO,352.632993
10.950017,-1,15,9999.073000,17.363000,355.956336,357.731451,360.000000,630,4.043664,PI,FIFO,true,PI_FIFO,355.956336
10.960028,-1,15,10010.276000,27.639000,361.503856,358.297311,360.000000,627,-1.503856,PI,FIFO,true,PI_FIFO,361.503856
10.970018,-1,15,9990.277000,17.916000,359.023456,358.406233,360.000000,629,0.976544,PI,FIFO,true,PI_FIFO,359.023456
10.980018,-1,15,10000.072000,17.988000,362.569061,359.030657,360.000000,626,-2.569061,PI,FIFO,true,PI_FIFO,362.569061
10.990017,-1,15,9999.406000,17.394000,360.088116,359.189276,360.000000,627,-0.088116,PI,FIFO,true,PI_FIFO,360.088116
11.000025,-1,15,10007.887000,25.281000,363.171002,359.786535,360.000000,624,-3.171002,PI,FIFO,true,PI_FIFO,363.171002
11.010017,-1,15,9991.332000,16.613000,358.337315,359.569152,360.000000,627,1.662685,PI,FIFO,true,PI_FIFO,358.337315
11.020021,-1,15,10004.332000,20.945000,363.748060,360.195988,360.000000,623,-3.748060,PI,FIFO,true,PI_FIFO,363.748060
11.030020,-1,15,9999.184000,20.129000,362.318841,360.514416,360.000000,623,-2.318841,PI,FIFO,true,PI_FIFO,362.318841
11.040019,-1,15,9998.813000,18.942000,366.592805,361.426174,360.000000,618,-6.592805,PI,FIFO,true,PI_FIFO,366.592805
11.050018,-1,15,9999.221000,18.163000,362.844702,361.638954,360.000000,619,-2.844702,PI,FIFO,true,PI_FIFO,362.844702
11.060030,-1,15,10012.331000,30.494000,364.313472,362.040131,360.000000,616,-4.313472,PI,FIFO,true,PI_FIFO,364.313472
11.070018,-1,15,9987.906000,18.400000,358.680057,361.536120,360.000000,619,1.319943,PI,FIFO,true,PI_FIFO,358.680057
11.080019,-1,15,10000.165000,18.565000,356.657609,360.804343,360.000000,622,3.342391,PI,FIFO,true,PI_FIFO,356.657609
11.090019,-1,15,10000.906000,19.471000,354.442344,359.850044,360.000000,625,5.557656,PI,FIFO,true,PI_FIFO,354.442344
11.100019,-1,15,9999.499000,18.970000,357.097511,359.437164,360.000000,625,2.902489,PI,FIFO,true,PI_FIFO,357.097511
11.110019,-1,15,9999.980000,18.950000,353.440151,358.537612,360.000000,630,6.559849,PI,FIFO,true,PI_FIFO,353.440151
11.120018,-1,15,9999.313000,18.263000,357.045702,358.313825,360.000000,629,2.954298,PI,FIFO,true,PI_FIFO,357.045702
11.130018,-1,15,9999.647000,17.910000,359.884837,358.549477,360.000000,628,0.115163,PI,FIFO,true,PI_FIFO,359.884837
11.140018,-1,15,10000.257000,18.167000,361.689815,359.020528,360.000000,626,-1.689815,PI,FIFO,true,PI_FIFO,361.689815
11.150018,-1,15,9999.480000,17.647000,360.576923,359.253987,360.000000,626,-0.576923,PI,FIFO,true,PI_FIFO,360.576923
11.160027,-1,15,10009.851000,27.498000,361.271676,359.556640,360.000000,625,-1.271676,PI,FIFO,true,PI_FIFO,361.271676
11.170018,-1,15,9990.554000,18.052000,361.503856,359.848723,360.000000,625,-1.503856,PI,FIFO,true,PI_FIFO,361.503856
11.180018,-1,15,9999.702000,17.754000,361.620058,360.114423,360.000000,624,-1.620058,PI,FIFO,true,PI_FIFO,361.620058
11.190018,-1,15,10000.369000,18.123000,360.775151,360.213532,360.000000,624,-0.775151,PI,FIFO,true,PI_FIFO,360.775151
11.200018,-1,15,10000.295000,18.418000,363.703788,360.737071,360.000000,621,-3.703788,PI,FIFO,true,PI_FIFO,363.703788
11.210018,-1,15,9999.257000,17.675000,366.620112,361.619527,360.000000,617,-6.620112,PI,FIFO,true,PI_FIFO,366.620112
11.220018,-1,15,10000.814000,18.489000,363.041002,361.832748,360.000000,617,-3.041002,PI,FIFO,true,PI_FIFO,363.041002
11.230017,-1,15,9998.906000,17.395000,361.969112,361.853203,360.000000,617,-1.969112,PI,FIFO,true,PI_FIFO,361.969112
11.240018,-1,15,10000.202000,17.597000,357.142857,361.146651,360.000000,621,2.857143,PI,FIFO,true,PI_FIFO,357.142857
11.250018,-1,15,10000.072000,17.669000,356.373543,360.430685,360.000000,623,3.626457,PI,FIFO,true,PI_FIFO,356.373543
11.260028,-1,15,10010.536000,28.205000,352.090636,359.179677,360.000000,628,7.909364,PI,FIFO,true,PI_FIFO,352.090636
11.270018,-1,15,9989.758000,17.963000,354.934377,358.542882,360.000000,629,5.065623,PI,FIFO,true,PI_FIFO,354.934377
11.280018,-1,15,9999.998000,17.961000,355.450237,358.078985,360.000000,630,4.549763,PI,FIFO,true,PI_FIFO,355.450237
11.290028,-1,15,10010.443000,28.404000,359.786184,358.335065,360.000000,628,0.213816,PI,FIFO,true,PI_FIFO,359.786184
11.300020,-1,15,9991.369000,19.773000,358.508604,358.361096,360.000000,630,1.491396,PI,FIFO,true,PI_FIFO,358.508604
11.310015,-1,15,9995.443000,15.216000,363.559979,359.140929,360.000000,626,-3.559979,PI,FIFO,true,PI_FIFO,363.559979
11.320018,-1,15,10002.887000,18.103000,360.403652,359.330337,360.000000,627,-0.403652,PI,FIFO,true,PI_FIFO,360.403652
11.330019,-1,15,10000.961000,19.064000,361.969112,359.726153,360.000000,625,-1.969112,PI,FIFO,true,PI_FIFO,361.969112
11.340017,-1,15,9998.258000,17.322000,360.947125,359.909299,360.000000,625,-0.947125,PI,FIFO,true,PI_FIFO,360.947125
11.350018,-1,15,10000.425000,17.747000,364.077670,360.534555,360.000000,622,-4.077670,PI,FIFO,true,PI_FIFO,364.077670
11.360049,-1,15,10031.294000,49.041000,361.132512,360.624248,360.000000,623,-1.132512,PI,FIFO,true,PI_FIFO,361.132512
11.370033,-1,15,9984.128000,33.169000,365.070093,361.291125,360.000000,619,-5.070093,PI,FIFO,true,PI_FIFO,365.070093
11.380021,-1,15,9987.406000,20.575000,363.724539,361.656137,360.000000,618,-3.724539,PI,FIFO,true,PI_FIFO,363.724539
11.390018,-1,15,9997.869000,18.444000,363.936335,361.998167,360.000000,617,-3.936335,PI,FIFO,true,PI_FIFO,363.936335
11.400018,-1,15,9999.758000,18.202000,358.680057,361.500450,360.000000,620,1.319943,PI,FIFO,true,PI_FIFO,358.680057
11.410015,-1,15,9996.887000,15.089000,357.240065,360.861393,360.000000,622,2.759935,PI,FIFO,true,PI_FIFO,357.240065
11.420022,-1,15,10007.388000,22.477000,356.294537,360.176364,360.000000,624,3.705463,PI,FIFO,true,PI_FIFO,356.294537
11.430018,-1,15,9995.609000,18.086000,354.755298,359.363204,360.000000,627,5.244702,PI,FIFO,true,PI_FIFO,354.755298
11.440019,-1,15,10001.017000,19.103000,353.329146,358.458096,360.000000,630,6.670854,PI,FIFO,true,PI_FIFO,353.329146
11.450015,-1,15,9996.036000,15.139000,355.113636,357.956427,360.000000,631,4.886364,PI,FIFO,true,PI_FIFO,355.113636
11.460030,-1,15,10015.072000,30.211000,360.923965,358.401557,360.000000,628,-0.923965,PI,FIFO,true,PI_FIFO,360.923965
11.470018,-1,15,9987.851000,18.062000,360.230548,358.675906,360.000000,628,-0.230548,PI,FIFO,true,PI_FIFO,360.230548
11.480018,-1,15,10000.239000,18.301000,362.569061,359.259879,360.000000,626,-2.569061,PI,FIFO,true,PI_FIFO,362.569061
11.490018,-1,15,9999.628000,17.929000,360.903533,359.506427,360.000000,626,-0.903533,PI,FIFO,true,PI_FIFO,360.903533
11.500018,-1,15,10000.017000,17.946000,364.380900,360.237598,360.000000,623,-4.380900,PI,FIFO,true,PI_FIFO,364.380900
11.510017,-1,15,9999.369000,17.315000,359.023456,360.055477,360.000000,626,0.976544,PI,FIFO,true,PI_FIFO,359.023456
11.520018,-1,15,10000.702000,18.017000,363.372093,360.552969,360.000000,622,-3.372093,PI,FIFO,true,PI_FIFO,363.372093
11.530015,-1,15,9996.665000,14.682000,363.020329,360.923073,360.000000,621,-3.020329,PI,FIFO,true,PI_FIFO,363.020329
11.540018,-1,15,10003.091000,17.773000,367.550967,361.917257,360.000000,616,-7.550967,PI,FIFO,true,PI_FIFO,367.550967
11.550018,-1,15,10000.110000,17.883000,362.844702,362.056374,360.000000,617,-2.844702,PI,FIFO,true,PI_FIFO,362.844702
11.560025,-1,15,10006.628000,24.511000,362.996902,362.197453,360.000000,616,-2.996902,PI,FIFO,true,PI_FIFO,362.996902
11.570018,-1,15,9993.573000,18.084000,357.483317,361.490333,360.000000,619,2.516683,PI,FIFO,true,PI_FIFO,357.483317
11.580019,-1,15,10000.517000,18.601000,355.498375,360.591539,360.000000,622,4.501625,PI,FIFO,true,PI_FIFO,355.498375
11.590014,-1,15,9995.702000,14.303000,352.443609,359.369350,360.000000,627,7.556391,PI,FIFO,true,PI_FIFO,352.443609
11.600018,-1,15,10004.109000,18.412000,356.463878,358.933529,360.000000,626,3.536122,PI,FIFO,true,PI_FIFO,356.463878
11.610018,-1,15,9999.332000,17.744000,353.107345,358.059601,360.000000,631,6.892655,PI,FIFO,true,PI_FIFO,353.107345
11.620021,-1,15,10002.962000,20.706000,357.460600,357.969751,360.000000,630,2.539400,PI,FIFO,true,PI_FIFO,357.460600
11.630018,-1,15,9997.554000,18.260000,359.884837,358.257014,360.000000,629,0.115163,PI,FIFO,true,PI_FIFO,359.884837
11.640017,-1,15,9999.220000,17.480000,362.493958,358.892556,360.000000,626,-2.493958,PI,FIFO,true,PI_FIFO,362.493958
11.650017,-1,15,9999.999000,17.479000,360.378913,359.115509,360.000000,627,-0.378913,PI,FIFO,true,PI_FIFO,360.378913
11.660026,-1,15,10008.887000,26.366000,361.886921,359.531221,360.000000,626,-1.886921,PI,FIFO,true,PI_FIFO,361.886921
11.670018,-1,15,9991.739000,18.105000,363.573407,360.137549,360.000000,623,-3.573407,PI,FIFO,true,PI_FIFO,363.573407
11.680018,-1,15,9999.554000,17.659000,361.722651,360.375314,360.000000,624,-1.722651,PI,FIFO,true,PI_FIFO,361.722651
11.690017,-1,15,9999.832000,17.491000,360.775151,360.435290,360.000000,624,-0.775151,PI,FIFO,true,PI_FIFO,360.775151
11.700017,-1,15,9999.480000,16.971000,363.548231,360.902231,360.000000,621,-3.548231,PI,FIFO,true,PI_FIFO,363.548231
11.710018,-1,15,10000.684000,17.655000,367.550967,361.899541,360.000000,616,-7.550967,PI,FIFO,true,PI_FIFO,367.550967
11.720020,-1,15,10002.795000,20.450000,363.206472,362.095581,360.000000,617,-3.206472,PI,FIFO,true,PI_FIFO,363.206472
11.730019,-1,15,9998.554000,19.004000,361.570248,362.016781,360.000000,617,-1.570248,PI,FIFO,true,PI_FIFO,361.570248
11.740019,-1,15,9999.906000,18.910000,358.166189,361.439192,360.000000,619,1.833811,PI,FIFO,true,PI_FIFO,358.166189
11.750014,-1,15,9995.406000,14.316000,357.460600,360.842403,360.000000,621,2.539400,PI,FIFO,true,PI_FIFO,357.460600
11.760027,-1,15,10012.720000,27.036000,352.620361,359.609097,360.000000,626,7.379639,PI,FIFO,true,PI_FIFO,352.620361
11.770014,-1,15,9987.425000,14.461000,354.397681,358.827385,360.000000,628,5.602319,PI,FIFO,true,PI_FIFO,354.397681
11.780018,-1,15,10003.331000,17.792000,354.609929,358.194766,360.000000,630,5.390071,PI,FIFO,true,PI_FIFO,354.609929
11.790015,-1,15,9997.036000,14.828000,359.195402,358.344862,360.000000,628,0.804598,PI,FIFO,true,PI_FIFO,359.195402
11.800018,-1,15,10003.239000,18.067000,359.712230,358.549967,360.000000,628,0.287770,PI,FIFO,true,PI_FIFO,359.712230
11.810018,-1,15,9999.665000,17.732000,361.969112,359.062839,360.000000,626,-1.969112,PI,FIFO,true,PI_FIFO,361.969112
11.820019,-1,15,10001.758000,19.490000,360.761929,359.317702,360.000000,626,-0.761929,PI,FIFO,true,PI_FIFO,360.761929
11.830018,-1,15,9998.295000,17.785000,360.923965,359.558642,360.000000,625,-0.923965,PI,FIFO,true,PI_FIFO,360.923965
11.840019,-1,15,10000.739000,18.524000,358.606557,359.415829,360.000000,627,1.393443,PI,FIFO,true,PI_FIFO,358.606557
11.850017,-1,15,9998.850000,17.374000,363.372093,360.009269,360.000000,623,-3.372093,PI,FIFO,true,PI_FIFO,363.372093
11.860028,-1,15,10010.165000,27.539000,361.172262,360.183718,360.000000,624,-1.172262,PI,FIFO,true,PI_FIFO,361.172262
11.870018,-1,15,9990.221000,17.760000,365.538991,360.987009,360.000000,620,-5.538991,PI,FIFO,true,PI_FIFO,365.538991
11.880018,-1,15,9999.795000,17.555000,365.191987,361.617755,360.000000,618,-5.191987,PI,FIFO,true,PI_FIFO,365.191987
11.890018,-1,15,10000.276000,17.831000,364.535682,362.055444,360.000000,616,-4.535682,PI,FIFO,true,PI_FIFO,364.535682
11.900024,-1,15,10006.350000,24.181000,358.019640,361.450074,360.000000,620,1.980360,PI,FIFO,true,PI_FIFO,358.019640
11.910016,-1,15,9991.573000,15.754000,356.803045,360.753019,360.000000,622,3.196955,PI,FIFO,true,PI_FIFO,356.803045
11.920019,-1,15,10003.276000,19.030000,356.012658,360.041965,360.000000,624,3.987342,PI,FIFO,true,PI_FIFO,356.012658
11.930018,-1,15,9998.777000,17.807000,355.113636,359.302716,360.000000,627,4.886364,PI,FIFO,true,PI_FIFO,355.113636
11.940018,-1,15,10000.350000,18.157000,353.862607,358.486699,360.000000,630,6.137393,PI,FIFO,true,PI_FIFO,353.862607
11.950018,-1,15,9999.647000,17.804000,355.787476,358.081816,360.000000,630,4.212524,PI,FIFO,true,PI_FIFO,355.787476
11.960028,-1,15,10009.813000,27.617000,361.969112,358.664910,360.000000,627,-1.969112,PI,FIFO,true,PI_FIFO,361.969112
11.970018,-1,15,9990.036000,17.653000,358.680057,358.667182,360.000000,629,1.319943,PI,FIFO,true,PI_FIFO,358.680057
11.980018,-1,15,10000.350000,18.003000,362.669246,359.267492,360.000000,626,-2.669246,PI,FIFO,true,PI_FIFO,362.669246
11.990025,-1,15,10007.146000,25.149000,362.248841,359.714694,360.000000,625,-2.248841,PI,FIFO,true,PI_FIFO,362.248841
12.000019,-1,15,9994.129000,19.278000,363.548231,360.289725,360.000000,623,-3.548231,PI,FIFO,true,PI_FIFO,363.548231
12.010019,-1,15,9999.517000,18.795000,360.023041,360.249722,360.000000,625,-0.023041,PI,FIFO,true,PI_FIFO,360.023041
12.020019,-1,15,10000.572000,19.367000,363.196126,360.691683,360.000000,622,-3.196126,PI,FIFO,true,PI_FIFO,363.196126
12.030023,-1,15,10003.832000,23.199000,361.689815,360.841403,360.000000,622,-1.689815,PI,FIFO,true,PI_FIFO,361.689815
12.040036,-1,15,10012.868000,36.067000,366.592805,361.704113,360.000000,617,-6.592805,PI,FIFO,true,PI_FIFO,366.592805
12.050018,-1,15,9982.110000,18.177000,363.020329,361.901545,360.000000,617,-3.020329,PI,FIFO,true,PI_FIFO,363.020329
12.060050,-1,15,10031.665000,49.842000,362.622486,362.009686,360.000000,616,-2.622486,PI,FIFO,true,PI_FIFO,362.622486
12.070026,-1,15,9976.499000,26.341000,357.483317,361.330731,360.000000,620,2.516683,PI,FIFO,true,PI_FIFO,357.483317
12.080021,-1,15,9995.147000,21.488000,356.193009,360.560073,360.000000,622,3.806991,PI,FIFO,true,PI_FIFO,356.193009
12.090019,-1,15,9997.517000,19.005000,351.738369,359.236817,360.000000,628,8.261631,PI,FIFO,true,PI_FIFO,351.738369
12.100018,-1,15,9999.424000,18.429000,356.373543,358.807326,360.000000,627,3.626457,PI,FIFO,true,PI_FIFO,356.373543
12.110021,-1,15,10002.073000,20.502000,353.107345,357.952329,360.000000,631,6.892655,PI,FIFO,true,PI_FIFO,353.107345
12.120018,-1,15,9997.906000,18.408000,358.215066,357.991739,360.000000,630,1.784934,PI,FIFO,true,PI_FIFO,358.215066
12.130018,-1,15,9999.813000,18.221000,360.230548,358.327561,360.000000,628,-0.230548,PI,FIFO,true,PI_FIFO,360.230548
12.140018,-1,15,10000.017000,18.238000,361.875965,358.859821,360.000000,627,-1.875965,PI,FIFO,true,PI_FIFO,361.875965
12.150018,-1,15,9999.406000,17.644000,360.576923,359.117387,360.000000,627,-0.576923,PI,FIFO,true,PI_FIFO,360.576923
12.160031,-1,15,10013.517000,31.161000,361.445783,359.466646,360.000000,626,-1.445783,PI,FIFO,true,PI_FIFO,361.445783
12.170018,-1,15,9986.980000,18.141000,362.248841,359.883975,360.000000,625,-2.248841,PI,FIFO,true,PI_FIFO,362.248841
12.180018,-1,15,10000.128000,18.269000,361.969112,360.196746,360.000000,624,-1.969112,PI,FIFO,true,PI_FIFO,361.969112
12.190017,-1,15,9999.073000,17.342000,362.368857,360.522562,360.000000,623,-2.368857,PI,FIFO,true,PI_FIFO,362.368857
12.200025,-1,15,10007.627000,24.969000,364.202468,361.074548,360.000000,620,-4.202468,PI,FIFO,true,PI_FIFO,364.202468
12.210020,-1,15,9994.573000,19.542000,367.853139,362.091337,360.000000,615,-7.853139,PI,FIFO,true,PI_FIFO,367.853139
12.220020,-1,15,10000.721000,20.263000,362.875683,362.208989,360.000000,617,-2.875683,PI,FIFO,true,PI_FIFO,362.875683
12.230018,-1,15,9997.517000,17.780000,361.570248,362.113178,360.000000,617,-1.570248,PI,FIFO,true,PI_FIFO,361.570248
12.240018,-1,15,10000.184000,17.964000,357.142857,361.367630,360.000000,620,2.857143,PI,FIFO,true,PI_FIFO,357.142857
12.250018,-1,15,9999.924000,17.888000,357.278963,360.754330,360.000000,621,2.721037,PI,FIFO,true,PI_FIFO,357.278963
12.260031,-1,15,10012.646000,30.534000,352.797291,359.560774,360.000000,626,7.202709,PI,FIFO,true,PI_FIFO,352.797291
12.270018,-1,15,9987.092000,17.626000,354.755298,358.839952,360.000000,627,5.244702,PI,FIFO,true,PI_FIFO,354.755298
12.280018,-1,15,10000.424000,18.050000,353.862607,358.093351,360.000000,630,6.137393,PI,FIFO,true,PI_FIFO,353.862607
12.290015,-1,15,9996.888000,14.938000,358.188996,358.107697,360.000000,629,1.811004,PI,FIFO,true,PI_FIFO,358.188996
12.300018,-1,15,10002.850000,17.788000,358.680057,358.193551,360.000000,629,1.319943,PI,FIFO,true,PI_FIFO,358.680057
12.310015,-1,15,9997.184000,14.972000,363.559979,358.998516,360.000000,625,-3.559979,PI,FIFO,true,PI_FIFO,363.559979
12.320018,-1,15,10003.109000,18.081000,360.230548,359.183320,360.000000,627,-0.230548,PI,FIFO,true,PI_FIFO,360.230548
12.330018,-1,15,9999.684000,17.765000,363.020329,359.758872,360.000000,624,-3.020329,PI,FIFO,true,PI_FIFO,363.020329
12.340018,-1,15,10000.091000,17.856000,359.838792,359.770860,360.000000,626,0.161208,PI,FIFO,true,PI_FIFO,359.838792
12.350018,-1,15,9999.776000,17.632000,363.724539,360.363912,360.000000,623,-3.724539,PI,FIFO,true,PI_FIFO,363.724539
12.360027,-1,15,10008.869000,26.501000,361.570248,360.544862,360.000000,623,-1.570248,PI,FIFO,true,PI_FIFO,361.570248
12.370018,-1,15,9991.424000,17.925000,365.371389,361.268841,360.000000,619,-5.371389,PI,FIFO,true,PI_FIFO,365.371389
12.380018,-1,15,9999.703000,17.628000,365.639626,361.924459,360.000000,616,-5.639626,PI,FIFO,true,PI_FIFO,365.639626
12.390017,-1,15,9999.850000,17.478000,364.077670,362.247441,360.000000,615,-4.077670,PI,FIFO,true,PI_FIFO,364.077670
12.400018,-1,15,10000.591000,18.069000,358.998906,361.760160,360.000000,618,1.001094,PI,FIFO,true,PI_FIFO,358.998906
12.410018,-1,15,9999.647000,17.716000,355.618777,360.838953,360.000000,622,4.381223,PI,FIFO,true,PI_FIFO,355.618777
12.420020,-1,15,10002.109000,19.825000,355.472700,360.034015,360.000000,624,4.527300,PI,FIFO,true,PI_FIFO,355.472700
12.430019,-1,15,9998.869000,18.694000,354.040785,359.135030,360.000000,627,5.959215,PI,FIFO,true,PI_FIFO,354.040785
12.440018,-1,15,9999.628000,18.322000,354.040785,358.370894,360.000000,629,5.959215,PI,FIFO,true,PI_FIFO,354.040785
12.450018,-1,15,9999.480000,17.802000,356.463878,358.084841,360.000000,630,3.536122,PI,FIFO,true,PI_FIFO,356.463878
12.460028,-1,15,10009.813000,27.615000,362.368857,358.727444,360.000000,626,-2.368857,PI,FIFO,true,PI_FIFO,362.368857
12.470018,-1,15,9990.240000,17.855000,359.367513,358.823454,360.000000,628,0.632487,PI,FIFO,true,PI_FIFO,359.367513
12.480018,-1,15,10000.072000,17.927000,361.969112,359.295303,360.000000,625,-1.969112,PI,FIFO,true,PI_FIFO,361.969112
12.490017,-1,15,9999.536000,17.463000,360.576923,359.487546,360.000000,626,-0.576923,PI,FIFO,true,PI_FIFO,360.576923
12.500018,-1,15,10000.258000,17.721000,363.372093,360.070228,360.000000,623,-3.372093,PI,FIFO,true,PI_FIFO,363.372093
12.510018,-1,15,10000.220000,17.941000,359.838792,360.035513,360.000000,625,0.161208,PI,FIFO,true,PI_FIFO,359.838792
12.520018,-1,15,9999.906000,17.847000,363.372093,360.536000,360.000000,622,-3.372093,PI,FIFO,true,PI_FIFO,363.372093
12.530018,-1,15,10000.091000,17.938000,361.503856,360.681178,360.000000,622,-1.503856,PI,FIFO,true,PI_FIFO,361.503856
12.540018,-1,15,9999.573000,17.511000,366.927593,361.618140,360.000000,617,-6.927593,PI,FIFO,true,PI_FIFO,366.927593
12.550017,-1,15,9999.980000,17.491000,362.062307,361.684765,360.000000,618,-2.062307,PI,FIFO,true,PI_FIFO,362.062307
12.560027,-1,15,10009.905000,27.396000,363.196126,361.911469,360.000000,616,-3.196126,PI,FIFO,true,PI_FIFO,363.196126
12.570018,-1,15,9990.314000,17.710000,357.824427,361.298413,360.000000,620,2.175573,PI,FIFO,true,PI_FIFO,357.824427
12.580018,-1,15,10000.332000,18.042000,356.972870,360.649582,360.000000,622,3.027130,PI,FIFO,true,PI_FIFO,356.972870
12.590023,-1,15,10005.128000,23.170000,352.974398,359.498304,360.000000,626,7.025602,PI,FIFO,true,PI_FIFO,352.974398
12.600020,-1,15,9997.295000,20.465000,356.125356,358.992362,360.000000,626,3.874644,PI,FIFO,true,PI_FIFO,356.125356
12.610018,-1,15,9997.480000,17.945000,354.538088,358.324221,360.000000,629,5.461912,PI,FIFO,true,PI_FIFO,354.538088
12.620020,-1,15,10001.572000,19.517000,356.125356,357.994391,360.000000,630,3.874644,PI,FIFO,true,PI_FIFO,356.125356
12.630015,-1,15,9995.610000,15.127000,359.983544,358.292764,360.000000,628,0.016456,PI,FIFO,true,PI_FIFO,359.983544
12.640018,-1,15,10002.795000,17.922000,362.493958,358.922943,360.000000,626,-2.493958,PI,FIFO,true,PI_FIFO,362.493958
12.650015,-1,15,9997.091000,15.013000,360.576923,359.171040,360.000000,627,-0.576923,PI,FIFO,true,PI_FIFO,360.576923
12.660029,-1,15,10014.424000,29.437000,360.923965,359.433979,360.000000,626,-0.923965,PI,FIFO,true,PI_FIFO,360.923965
12.670018,-1,15,9988.758000,18.195000,362.143892,359.840466,360.000000,625,-2.143892,PI,FIFO,true,PI_FIFO,362.143892
12.680018,-1,15,9999.535000,17.730000,361.132512,360.034273,360.000000,625,-1.132512,PI,FIFO,true,PI_FIFO,361.132512
12.690027,-1,15,10008.906000,26.636000,361.969112,360.324499,360.000000,624,-1.969112,PI,FIFO,true,PI_FIFO,361.969112
12.700019,-1,15,9992.740000,19.376000,364.124806,360.894545,360.000000,621,-4.124806,PI,FIFO,true,PI_FIFO,364.124806
12.710018,-1,15,9998.331000,17.707000,367.647059,361.907422,360.000000,616,-7.647059,PI,FIFO,true,PI_FIFO,367.647059
12.720019,-1,15,10000.906000,18.613000,362.062307,361.930655,360.000000,618,-2.062307,PI,FIFO,true,PI_FIFO,362.062307
12.730018,-1,15,9999.258000,17.871000,360.403652,361.701604,360.000000,618,-0.403652,PI,FIFO,true,PI_FIFO,360.403652
12.740018,-1,15,10000.628000,18.499000,356.851550,360.974096,360.000000,622,3.148450,PI,FIFO,true,PI_FIFO,356.851550
12.750015,-1,15,9996.795000,15.294000,356.294537,360.272162,360.000000,623,3.705463,PI,FIFO,true,PI_FIFO,356.294537
12.760044,-1,15,10028.442000,43.736000,351.738369,358.992093,360.000000,629,8.261631,PI,FIFO,true,PI_FIFO,351.738369
12.770025,-1,15,9980.962000,24.698000,354.945575,358.385115,360.000000,630,5.054425,PI,FIFO,true,PI_FIFO,354.945575
12.780020,-1,15,9995.610000,20.308000,354.921579,357.865585,360.000000,632,5.078421,PI,FIFO,true,PI_FIFO,354.921579
12.790018,-1,15,9997.554000,17.862000,360.057609,358.194389,360.000000,629,-0.057609,PI,FIFO,true,PI_FIFO,360.057609
12.800020,-1,15,10002.313000,20.175000,358.006619,358.166223,360.000000,631,1.993381,PI,FIFO,true,PI_FIFO,358.006619
12.810019,-1,15,9998.443000,18.618000,363.372093,358.947104,360.000000,627,-3.372093,PI,FIFO,true,PI_FIFO,363.372093
12.820020,-1,15,10001.332000,19.950000,360.761929,359.219328,360.000000,628,-0.761929,PI,FIFO,true,PI_FIFO,360.761929
12.830019,-1,15,9998.924000,18.874000,362.669246,359.736815,360.000000,626,-2.669246,PI,FIFO,true,PI_FIFO,362.669246
12.840021,-1,15,10002.425000,21.299000,360.973597,359.922333,360.000000,626,-0.973597,PI,FIFO,true,PI_FIFO,360.973597
12.850018,-1,15,9996.480000,17.779000,363.703788,360.489551,360.000000,623,-3.703788,PI,FIFO,true,PI_FIFO,363.703788
12.860030,-1,15,10012.609000,30.388000,361.769570,360.681554,360.000000,624,-1.769570,PI,FIFO,true,PI_FIFO,361.769570
12.870020,-1,15,9989.240000,19.628000,365.371389,361.385029,360.000000,620,-5.371389,PI,FIFO,true,PI_FIFO,365.371389
12.880018,-1,15,9998.628000,18.256000,365.598886,362.017108,360.000000,617,-5.598886,PI,FIFO,true,PI_FIFO,365.598886
12.890018,-1,15,10000.165000,18.421000,364.368999,362.369891,360.000000,616,-4.368999,PI,FIFO,true,PI_FIFO,364.368999
12.900027,-1,15,10008.295000,26.716000,359.195402,361.893718,360.000000,619,0.804598,PI,FIFO,true,PI_FIFO,359.195402
12.910023,-1,15,9996.183000,22.899000,357.653791,361.257729,360.000000,621,2.346209,PI,FIFO,true,PI_FIFO,357.653791
12.920020,-1,15,9996.925000,19.824000,355.832490,360.443943,360.000000,623,4.167510,PI,FIFO,true,PI_FIFO,355.832490
12.930019,-1,15,9998.684000,18.508000,354.107649,359.493499,360.000000,626,5.892351,PI,FIFO,true,PI_FIFO,354.107649
12.940021,-1,15,10002.554000,21.062000,354.346652,358.721472,360.000000,629,5.653348,PI,FIFO,true,PI_FIFO,354.346652
12.950019,-1,15,9997.776000,18.838000,355.113636,358.180297,360.000000,630,4.886364,PI,FIFO,true,PI_FIFO,355.113636
12.960036,-1,15,10016.739000,35.577000,361.969112,358.748619,360.000000,626,-1.969112,PI,FIFO,true,PI_FIFO,361.969112
12.970025,-1,15,9989.165000,24.742000,359.367513,358.841453,360.000000,628,0.632487,PI,FIFO,true,PI_FIFO,359.367513
12.980020,-1,15,9995.054000,19.796000,360.947125,359.157304,360.000000,626,-0.947125,PI,FIFO,true,PI_FIFO,360.947125
12.990015,-1,15,9995.388000,15.184000,360.057609,359.292350,360.000000,627,-0.057609,PI,FIFO,true,PI_FIFO,360.057609
13.000018,-1,15,10002.887000,18.071000,361.620058,359.641506,360.000000,625,-1.620058,PI,FIFO,true,PI_FIFO,361.620058
13.010018,-1,15,10000.221000,18.292000,358.006619,359.396273,360.000000,628,1.993381,PI,FIFO,true,PI_FIFO,358.006619
13.020018,-1,15,10000.146000,18.438000,361.969112,359.782199,360.000000,625,-1.969112,PI,FIFO,true,PI_FIFO,361.969112
13.030023,-1,15,10004.980000,23.418000,362.809598,360.236309,360.000000,624,-2.809598,PI,FIFO,true,PI_FIFO,362.809598
13.040019,-1,15,9995.906000,19.324000,367.647059,361.347921,360.000000,618,-7.647059,PI,FIFO,true,PI_FIFO,367.647059
13.050018,-1,15,9998.721000,18.045000,363.936335,361.736183,360.000000,618,-3.936335,PI,FIFO,true,PI_FIFO,363.936335
13.060028,-1,15,10009.591000,27.636000,363.901019,362.060909,360.000000,617,-3.901019,PI,FIFO,true,PI_FIFO,363.901019
13.070018,-1,15,9990.628000,18.264000,358.410705,361.513378,360.000000,620,1.589295,PI,FIFO,true,PI_FIFO,358.410705
13.080019,-1,15,10000.295000,18.559000,358.166189,361.011300,360.000000,621,1.833811,PI,FIFO,true,PI_FIFO,358.166189
13.090018,-1,15,9999.313000,17.872000,354.397681,360.019257,360.000000,625,5.602319,PI,FIFO,true,PI_FIFO,354.397681
13.100019,-1,15,10001.369000,19.241000,356.463878,359.485950,360.000000,626,3.536122,PI,FIFO,true,PI_FIFO,356.463878
13.110018,-1,15,9998.906000,18.147000,354.538088,358.743771,360.000000,629,5.461912,PI,FIFO,true,PI_FIFO,354.538088
13.120018,-1,15,9999.869000,18.016000,357.824427,358.605869,360.000000,628,2.175573,PI,FIFO,true,PI_FIFO,357.824427
13.130015,-1,15,9996.536000,14.552000,360.181120,358.842157,360.000000,627,-0.181120,PI,FIFO,true,PI_FIFO,360.181120
13.140018,-1,15,10003.517000,18.069000,361.394558,359.225017,360.000000,626,-1.394558,PI,FIFO,true,PI_FIFO,361.394558
13.150015,-1,15,9996.980000,15.049000,359.786184,359.309192,360.000000,627,0.213816,PI,FIFO,true,PI_FIFO,359.786184
13.160027,-1,15,10012.109000,27.158000,361.097737,359.577474,360.000000,625,-1.097737,PI,FIFO,true,PI_FIFO,361.097737
13.170018,-1,15,9990.925000,18.083000,361.620058,359.883861,360.000000,625,-1.620058,PI,FIFO,true,PI_FIFO,361.620058
13.180018,-1,15,10000.091000,18.174000,361.318088,360.098995,360.000000,624,-1.318088,PI,FIFO,true,PI_FIFO,361.318088
13.190018,-1,15,9999.480000,17.654000,361.794501,360.353321,360.000000,623,-1.794501,PI,FIFO,true,PI_FIFO,361.794501
13.200026,-1,15,10008.294000,25.948000,363.559979,360.834320,360.000000,621,-3.559979,PI,FIFO,true,PI_FIFO,363.559979
13.210019,-1,15,9992.684000,18.632000,366.389839,361.667648,360.000000,617,-6.389839,PI,FIFO,true,PI_FIFO,366.389839
13.220018,-1,15,9999.443000,18.075000,362.622486,361.810873,360.000000,618,-2.622486,PI,FIFO,true,PI_FIFO,362.622486
13.230019,-1,15,10000.628000,18.703000,361.620058,361.782251,360.000000,617,-1.620058,PI,FIFO,true,PI_FIFO,361.620058
13.240018,-1,15,9998.851000,17.554000,358.215066,361.247173,360.000000,620,1.784934,PI,FIFO,true,PI_FIFO,358.215066
13.250018,-1,15,10000.461000,18.015000,357.313006,360.657048,360.000000,621,2.686994,PI,FIFO,true,PI_FIFO,357.313006
13.260030,-1,15,10011.850000,29.865000,353.151683,359.531243,360.000000,626,6.848317,PI,FIFO,true,PI_FIFO,353.151683
13.270019,-1,15,9989.073000,18.938000,354.609929,358.793046,360.000000,628,5.390071,PI,FIFO,true,PI_FIFO,354.609929
13.280024,-1,15,10005.276000,24.214000,354.729730,358.183549,360.000000,630,5.270270,PI,FIFO,true,PI_FIFO,354.729730
13.290019,-1,15,9994.814000,19.028000,359.539789,358.386985,360.000000,628,0.460211,PI,FIFO,true,PI_FIFO,359.539789
13.300018,-1,15,9999.313000,18.341000,358.802624,358.449331,360.000000,629,1.197376,PI,FIFO,true,PI_FIFO,358.802624
13.310018,-1,15,9999.906000,18.247000,362.710514,359.088508,360.000000,625,-2.710514,PI,FIFO,true,PI_FIFO,362.710514
13.320018,-1,15,9999.795000,18.042000,360.576923,359.311771,360.000000,626,-0.576923,PI,FIFO,true,PI_FIFO,360.576923
13.330018,-1,15,9999.776000,17.818000,361.769570,359.680440,360.000000,625,-1.769570,PI,FIFO,true,PI_FIFO,361.769570
13.340017,-1,15,9999.443000,17.261000,360.057609,359.737016,360.000000,626,-0.057609,PI,FIFO,true,PI_FIFO,360.057609
13.350018,-1,15,10000.832000,18.093000,364.880643,360.508560,360.000000,621,-4.880643,PI,FIFO,true,PI_FIFO,364.880643
13.360028,-1,15,10009.720000,27.813000,362.143892,360.753860,360.000000,622,-2.143892,PI,FIFO,true,PI_FIFO,362.143892
13.370018,-1,15,9990.073000,17.886000,366.401772,361.601047,360.000000,617,-6.401772,PI,FIFO,true,PI_FIFO,366.401772
13.380018,-1,15,10000.110000,17.996000,364.608653,362.052188,360.000000,616,-4.608653,PI,FIFO,true,PI_FIFO,364.608653
13.390021,-1,15,10003.239000,21.235000,363.559979,362.278356,360.000000,615,-3.559979,PI,FIFO,true,PI_FIFO,363.559979
13.400019,-1,15,9997.758000,18.993000,358.680057,361.738611,360.000000,618,1.319943,PI,FIFO,true,PI_FIFO,358.680057
13.410018,-1,15,9998.813000,17.806000,357.097511,361.042446,360.000000,620,2.902489,PI,FIFO,true,PI_FIFO,357.097511
13.420018,-1,15,10000.258000,18.064000,355.618777,360.228896,360.000000,623,4.381223,PI,FIFO,true,PI_FIFO,355.618777
13.430019,-1,15,10001.072000,19.136000,353.202368,359.174917,360.000000,627,6.797632,PI,FIFO,true,PI_FIFO,353.202368
13.440019,-1,15,9999.591000,18.727000,354.107649,358.414827,360.000000,629,5.892351,PI,FIFO,true,PI_FIFO,354.107649
13.450018,-1,15,9999.184000,17.911000,354.921579,357.890839,360.000000,630,5.078421,PI,FIFO,true,PI_FIFO,354.921579
13.460048,-1,15,10029.627000,47.538000,360.230548,358.241796,360.000000,628,-0.230548,PI,FIFO,true,PI_FIFO,360.230548
13.470028,-1,15,9980.296000,27.834000,359.838792,358.481345,360.000000,628,0.161208,PI,FIFO,true,PI_FIFO,359.838792
13.480019,-1,15,9991.035000,18.869000,362.143892,359.030727,360.000000,626,-2.143892,PI,FIFO,true,PI_FIFO,362.143892
13.490018,-1,15,9998.832000,17.701000,361.503856,359.401697,360.000000,626,-1.503856,PI,FIFO,true,PI_FIFO,361.503856
13.500018,-1,15,10000.073000,17.774000,363.548231,360.023677,360.000000,623,-3.548231,PI,FIFO,true,PI_FIFO,363.548231
13.510017,-1,15,9999.684000,17.458000,360.392107,360.078941,360.000000,624,-0.392107,PI,FIFO,true,PI_FIFO,360.392107
13.520020,-1,15,10002.054000,19.512000,362.844702,360.493805,360.000000,622,-2.844702,PI,FIFO,true,PI_FIFO,362.844702
13.530024,-1,15,10004.979000,24.491000,362.435567,360.785070,360.000000,621,-2.435567,PI,FIFO,true,PI_FIFO,362.435567
13.540021,-1,15,9996.443000,20.934000,366.748166,361.679534,360.000000,616,-6.748166,PI,FIFO,true,PI_FIFO,366.748166
13.550018,-1,15,9996.647000,17.581000,362.368857,361.782933,360.000000,618,-2.368857,PI,FIFO,true,PI_FIFO,362.368857
13.560032,-1,15,10014.609000,32.190000,363.869863,362.095972,360.000000,615,-3.869863,PI,FIFO,true,PI_FIFO,363.869863
13.570018,-1,15,9985.333000,17.523000,358.998906,361.631412,360.000000,618,1.001094,PI,FIFO,true,PI_FIFO,358.998906
13.580018,-1,15,10000.961000,18.484000,355.956336,360.780151,360.000000,621,4.043664,PI,FIFO,true,PI_FIFO,355.956336
13.590015,-1,15,9996.221000,14.705000,352.974398,359.609288,360.000000,626,7.025602,PI,FIFO,true,PI_FIFO,352.974398
13.600018,-1,15,10003.554000,18.259000,356.554260,359.151034,360.000000,625,3.445740,PI,FIFO,true,PI_FIFO,356.554260
13.610018,-1,15,10000.054000,18.313000,354.274917,358.419616,360.000000,629,5.725083,PI,FIFO,true,PI_FIFO,354.274917
13.620019,-1,15,10000.295000,18.608000,358.188996,358.385023,360.000000,628,1.811004,PI,FIFO,true,PI_FIFO,358.188996
13.630019,-1,15,10000.869000,19.477000,360.230548,358.661852,360.000000,626,-0.230548,PI,FIFO,true,PI_FIFO,360.230548
13.640019,-1,15,9999.331000,18.808000,362.622486,359.255947,360.000000,624,-2.622486,PI,FIFO,true,PI_FIFO,362.622486
13.650017,-1,15,9998.517000,17.325000,359.023456,359.221073,360.000000,626,0.976544,PI,FIFO,true,PI_FIFO,359.023456
13.660028,-1,15,10010.795000,28.120000,360.973597,359.483952,360.000000,625,-0.973597,PI,FIFO,true,PI_FIFO,360.973597
13.670018,-1,15,9989.814000,17.934000,362.143892,359.882943,360.000000,624,-2.143892,PI,FIFO,true,PI_FIFO,362.143892
13.680018,-1,15,10000.239000,18.173000,361.503856,360.126080,360.000000,623,-1.503856,PI,FIFO,true,PI_FIFO,361.503856
13.690018,-1,15,9999.832000,18.005000,361.445783,360.324035,360.000000,623,-1.445783,PI,FIFO,true,PI_FIFO,361.445783
13.700018,-1,15,10000.017000,18.022000,363.559979,360.809427,360.000000,620,-3.559979,PI,FIFO,true,PI_FIFO,363.559979
13.710017,-1,15,9999.369000,17.391000,366.748166,361.700238,360.000000,616,-6.748166,PI,FIFO,true,PI_FIFO,366.748166
13.720019,-1,15,10001.313000,18.704000,361.875965,361.726597,360.000000,617,-1.875965,PI,FIFO,true,PI_FIFO,361.875965
13.730018,-1,15,9999.758000,18.462000,361.445783,361.684475,360.000000,617,-1.445783,PI,FIFO,true,PI_FIFO,361.445783
13.740018,-1,15,9999.202000,17.664000,358.215066,361.164063,360.000000,619,1.784934,PI,FIFO,true,PI_FIFO,358.215066
13.750019,-1,15,10001.128000,18.792000,357.653791,360.637523,360.000000,621,2.346209,PI,FIFO,true,PI_FIFO,357.653791
13.760027,-1,15,10007.720000,26.512000,352.620361,359.434948,360.000000,626,7.379639,PI,FIFO,true,PI_FIFO,352.620361
13.770017,-1,15,9990.888000,17.400000,355.450237,358.837242,360.000000,627,4.549763,PI,FIFO,true,PI_FIFO,355.450237
13.780021,-1,15,10003.221000,20.621000,353.202368,357.992011,360.000000,631,6.797632,PI,FIFO,true,PI_FIFO,353.202368
13.790018,-1,15,9997.258000,17.879000,359.884837,358.275935,360.000000,627,0.115163,PI,FIFO,true,PI_FIFO,359.884837
13.800017,-1,15,9999.461000,17.340000,359.539789,358.465513,360.000000,628,0.460211,PI,FIFO,true,PI_FIFO,359.539789
13.810019,-1,15,10001.165000,18.505000,362.435567,359.061021,360.000000,625,-2.435567,PI,FIFO,true,PI_FIFO,362.435567
13.820017,-1,15,9998.925000,17.430000,361.097737,359.366528,360.000000,625,-1.097737,PI,FIFO,true,PI_FIFO,361.097737
13.830019,-1,15,10001.442000,18.872000,361.371145,359.667221,360.000000,625,-1.371145,PI,FIFO,true,PI_FIFO,361.371145
13.840019,-1,15,10000.092000,18.964000,359.884837,359.699863,360.000000,625,0.115163,PI,FIFO,true,PI_FIFO,359.884837
13.850017,-1,15,9998.368000,17.332000,363.748060,360.307093,360.000000,622,-3.748060,PI,FIFO,true,PI_FIFO,363.748060
13.860026,-1,15,10008.684000,26.016000,361.097737,360.425689,360.000000,623,-1.097737,PI,FIFO,true,PI_FIFO,361.097737
13.870018,-1,15,9992.017000,18.033000,365.639626,361.207780,360.000000,618,-5.639626,PI,FIFO,true,PI_FIFO,365.639626
13.880021,-1,15,10002.721000,20.754000,364.431487,361.691336,360.000000,617,-4.431487,PI,FIFO,true,PI_FIFO,364.431487
13.890018,-1,15,9997.072000,17.826000,363.936335,362.028086,360.000000,616,-3.936335,PI,FIFO,true,PI_FIFO,363.936335
13.900019,-1,15,10001.443000,19.269000,357.995227,361.423157,360.000000,619,2.004773,PI,FIFO,true,PI_FIFO,357.995227
13.910017,-1,15,9997.832000,17.101000,355.691057,360.563342,360.000000,622,4.308943,PI,FIFO,true,PI_FIFO,355.691057
13.920018,-1,15,10000.777000,17.878000,354.777673,359.695492,360.000000,625,5.222327,PI,FIFO,true,PI_FIFO,354.777673
13.930015,-1,15,9996.757000,14.635000,353.202368,358.721523,360.000000,629,6.797632,PI,FIFO,true,PI_FIFO,353.202368
13.940018,-1,15,10003.425000,18.060000,354.442344,358.079646,360.000000,630,5.557656,PI,FIFO,true,PI_FIFO,354.442344
13.950018,-1,15,10000.202000,18.262000,356.294537,357.811880,360.000000,631,3.705463,PI,FIFO,true,PI_FIFO,356.294537
13.960027,-1,15,10008.832000,27.094000,362.248841,358.477424,360.000000,627,-2.248841,PI,FIFO,true,PI_FIFO,362.248841
13.970018,-1,15,9991.184000,18.278000,359.712230,358.662645,360.000000,628,0.287770,PI,FIFO,true,PI_FIFO,359.712230
13.980018,-1,15,9999.609000,17.887000,362.435567,359.228583,360.000000,626,-2.435567,PI,FIFO,true,PI_FIFO,362.435567
13.990018,-1,15,9999.906000,17.793000,361.969112,359.639663,360.000000,625,-1.969112,PI,FIFO,true,PI_FIFO,361.969112
14.000018,-1,15,10000.443000,18.236000,363.372093,360.199527,360.000000,623,-3.372093,PI,FIFO,true,PI_FIFO,363.372093
14.010018,-1,15,9999.554000,17.790000,360.230548,360.204180,360.000000,625,-0.230548,PI,FIFO,true,PI_FIFO,360.230548
14.020018,-1,15,10000.221000,18.011000,363.184401,360.651213,360.000000,622,-3.184401,PI,FIFO,true,PI_FIFO,363.184401
14.030023,-1,15,10005.128000,23.139000,361.969112,360.848898,360.000000,622,-1.969112,PI,FIFO,true,PI_FIFO,361.969112
14.040021,-1,15,9997.758000,20.897000,366.592805,361.710484,360.000000,617,-6.592805,PI,FIFO,true,PI_FIFO,366.592805
14.050018,-1,15,9996.665000,17.562000,362.710514,361.860489,360.000000,618,-2.710514,PI,FIFO,true,PI_FIFO,362.710514
14.060028,-1,15,10010.665000,28.227000,363.372093,362.087229,360.000000,616,-3.372093,PI,FIFO,true,PI_FIFO,363.372093
14.070019,-1,15,9991.017000,19.244000,358.508604,361.550436,360.000000,619,1.491396,PI,FIFO,true,PI_FIFO,358.508604
14.080018,-1,15,9999.036000,18.280000,356.193009,360.746822,360.000000,622,3.806991,PI,FIFO,true,PI_FIFO,356.193009
14.090028,-1,15,10009.646000,27.926000,352.267034,359.474853,360.000000,627,7.732966,PI,FIFO,true,PI_FIFO,352.267034
14.100021,-1,15,9992.814000,20.740000,356.012658,358.955524,360.000000,627,3.987342,PI,FIFO,true,PI_FIFO,356.012658
14.110019,-1,15,9997.943000,18.683000,352.775165,358.028470,360.000000,631,7.224835,PI,FIFO,true,PI_FIFO,352.775165
14.120018,-1,15,9999.683000,18.366000,357.629428,357.968614,360.000000,630,2.370572,PI,FIFO,true,PI_FIFO,357.629428
14.130019,-1,15,10000.851000,19.217000,360.576923,358.359860,360.000000,628,-0.576923,PI,FIFO,true,PI_FIFO,360.576923
14.140018,-1,15,9999.072000,18.289000,362.248841,358.943207,360.000000,626,-2.248841,PI,FIFO,true,PI_FIFO,362.248841
14.150018,-1,15,10000.110000,18.399000,360.057609,359.110368,360.000000,627,-0.057609,PI,FIFO,true,PI_FIFO,360.057609
14.160047,-1,15,10028.461000,46.860000,360.576923,359.330351,360.000000,627,-0.576923,PI,FIFO,true,PI_FIFO,360.576923
14.170028,-1,15,9981.443000,28.303000,361.558530,359.664578,360.000000,626,-1.558530,PI,FIFO,true,PI_FIFO,361.558530
14.180023,-1,15,9994.388000,22.691000,360.576923,359.801430,360.000000,626,-0.576923,PI,FIFO,true,PI_FIFO,360.576923
14.190019,-1,15,9996.517000,19.208000,363.372093,360.337029,360.000000,623,-3.372093,PI,FIFO,true,PI_FIFO,363.372093
14.200027,-1,15,10007.368000,26.576000,363.372093,360.792289,360.000000,622,-3.372093,PI,FIFO,true,PI_FIFO,363.372093
14.210016,-1,15,9989.258000,15.834000,367.392808,361.782367,360.000000,617,-7.392808,PI,FIFO,true,PI_FIFO,367.392808
14.220019,-1,15,10003.110000,18.944000,362.809598,361.936451,360.000000,618,-2.809598,PI,FIFO,true,PI_FIFO,362.809598
14.230020,-1,15,10000.758000,19.702000,361.969112,361.941350,360.000000,617,-1.969112,PI,FIFO,true,PI_FIFO,361.969112
14.240019,-1,15,9998.887000,18.589000,358.998906,361.499984,360.000000,619,1.001094,PI,FIFO,true,PI_FIFO,358.998906
14.250019,-1,15,10000.128000,18.717000,357.995227,360.974270,360.000000,621,2.004773,PI,FIFO,true,PI_FIFO,357.995227
14.260031,-1,15,10012.684000,31.401000,353.151683,359.800882,360.000000,626,6.848317,PI,FIFO,true,PI_FIFO,353.151683
14.270018,-1,15,9986.461000,17.862000,356.463878,359.300331,360.000000,626,3.536122,PI,FIFO,true,PI_FIFO,356.463878
14.280018,-1,15,10000.240000,18.102000,354.538088,358.585995,360.000000,629,5.461912,PI,FIFO,true,PI_FIFO,354.538088
14.290018,-1,15,9999.665000,17.767000,359.539789,358.729064,360.000000,627,0.460211,PI,FIFO,true,PI_FIFO,359.539789
14.300018,-1,15,10000.184000,17.951000,358.337315,358.670302,360.000000,628,1.662685,PI,FIFO,true,PI_FIFO,358.337315
14.310018,-1,15,9999.942000,17.893000,362.809598,359.291196,360.000000,625,-2.809598,PI,FIFO,true,PI_FIFO,362.809598
14.320018,-1,15,10000.036000,17.929000,360.576923,359.484055,360.000000,625,-0.576923,PI,FIFO,true,PI_FIFO,360.576923
14.330018,-1,15,9999.943000,17.872000,361.769570,359.826882,360.000000,624,-1.769570,PI,FIFO,true,PI_FIFO,361.769570
14.340023,-1,15,10005.461000,23.333000,359.539789,359.783818,360.000000,625,0.460211,PI,FIFO,true,PI_FIFO,359.539789
14.350020,-1,15,9996.740000,20.073000,363.748060,360.378455,360.000000,622,-3.748060,PI,FIFO,true,PI_FIFO,363.748060
14.360029,-1,15,10008.850000,28.923000,361.097737,360.486347,360.000000,623,-1.097737,PI,FIFO,true,PI_FIFO,361.097737
14.370018,-1,15,9989.073000,17.996000,364.502333,361.088745,360.000000,619,-4.502333,PI,FIFO,true,PI_FIFO,364.502333
14.380019,-1,15,10000.831000,18.827000,364.785992,361.643332,360.000000,617,-4.785992,PI,FIFO,true,PI_FIFO,364.785992
14.390014,-1,15,9995.573000,14.400000,364.502333,362.072182,360.000000,615,-4.502333,PI,FIFO,true,PI_FIFO,364.502333
14.400018,-1,15,10003.832000,18.232000,359.539789,361.692323,360.000000,618,0.460211,PI,FIFO,true,PI_FIFO,359.539789
14.410018,-1,15,9999.276000,17.508000,356.554260,360.921614,360.000000,621,3.445740,PI,FIFO,true,PI_FIFO,356.554260
14.420018,-1,15,10000.480000,17.988000,355.652504,360.131247,360.000000,623,4.347496,PI,FIFO,true,PI_FIFO,355.652504
14.430015,-1,15,9997.202000,15.190000,353.329146,359.110932,360.000000,627,6.670854,PI,FIFO,true,PI_FIFO,353.329146
14.440018,-1,15,10002.740000,17.930000,354.219144,358.377164,360.000000,629,5.780856,PI,FIFO,true,PI_FIFO,354.219144
14.450014,-1,15,9996.443000,14.373000,356.373543,358.076621,360.000000,629,3.626457,PI,FIFO,true,PI_FIFO,356.373543
14.460028,-1,15,10013.461000,27.834000,361.271676,358.555879,360.000000,626,-1.271676,PI,FIFO,true,PI_FIFO,361.271676
14.470019,-1,15,9990.702000,18.536000,360.023041,358.775953,360.000000,627,-0.023041,PI,FIFO,true,PI_FIFO,360.023041
14.480019,-1,15,10000.517000,19.053000,360.750361,359.072114,360.000000,626,-0.750361,PI,FIFO,true,PI_FIFO,360.750361
14.490018,-1,15,9998.999000,18.052000,360.923965,359.349892,360.000000,626,-0.923965,PI,FIFO,true,PI_FIFO,360.923965
14.500018,-1,15,9999.535000,17.587000,362.368857,359.802737,360.000000,624,-2.368857,PI,FIFO,true,PI_FIFO,362.368857
14.510019,-1,15,10000.925000,18.512000,359.762980,359.796773,360.000000,626,0.237020,PI,FIFO,true,PI_FIFO,359.762980
14.520018,-1,15,9999.906000,18.418000,363.372093,360.333071,360.000000,622,-3.372093,PI,FIFO,true,PI_FIFO,363.372093
14.530018,-1,15,9999.313000,17.731000,362.710514,360.689688,360.000000,622,-2.710514,PI,FIFO,true,PI_FIFO,362.710514
14.540018,-1,15,10000.517000,18.248000,367.235590,361.671573,360.000000,616,-7.235590,PI,FIFO,true,PI_FIFO,367.235590
14.550019,-1,15,10000.332000,18.580000,362.545496,361.802661,360.000000,618,-2.545496,PI,FIFO,true,PI_FIFO,362.545496
14.560026,-1,15,10007.869000,26.449000,363.976705,362.128768,360.000000,615,-3.976705,PI,FIFO,true,PI_FIFO,363.976705
14.570018,-1,15,9991.554000,18.003000,357.483317,361.431950,360.000000,620,2.516683,PI,FIFO,true,PI_FIFO,357.483317
14.580018,-1,15,10000.313000,18.316000,357.097511,360.781785,360.000000,621,2.902489,PI,FIFO,true,PI_FIFO,357.097511
14.590018,-1,15,9999.906000,18.222000,353.506787,359.690535,360.000000,625,6.493213,PI,FIFO,true,PI_FIFO,353.506787
14.600018,-1,15,10000.091000,18.313000,357.097511,359.301581,360.000000,625,2.902489,PI,FIFO,true,PI_FIFO,357.097511
14.610019,-1,15,10000.314000,18.627000,353.273669,358.397395,360.000000,629,6.726331,PI,FIFO,true,PI_FIFO,353.273669
14.620018,-1,15,9999.794000,18.421000,356.463878,358.107367,360.000000,629,3.536122,PI,FIFO,true,PI_FIFO,356.463878
14.630018,-1,15,9999.647000,18.068000,360.403652,358.451810,360.000000,627,-0.403652,PI,FIFO,true,PI_FIFO,360.403652
14.640018,-1,15,10000.036000,18.104000,361.969112,358.979405,360.000000,626,-1.969112,PI,FIFO,true,PI_FIFO,361.969112
14.650017,-1,15,9999.387000,17.491000,360.392107,359.191310,360.000000,626,-0.392107,PI,FIFO,true,PI_FIFO,360.392107
14.660027,-1,15,10009.739000,27.230000,361.445783,359.529481,360.000000,625,-1.445783,PI,FIFO,true,PI_FIFO,361.445783
14.670018,-1,15,9990.554000,17.784000,362.062307,359.909405,360.000000,624,-2.062307,PI,FIFO,true,PI_FIFO,362.062307
14.680018,-1,15,10000.184000,17.968000,361.969112,360.218361,360.000000,623,-1.969112,PI,FIFO,true,PI_FIFO,361.969112
14.690018,-1,15,9999.961000,17.929000,361.371145,360.391279,360.000000,623,-1.371145,PI,FIFO,true,PI_FIFO,361.371145
14.700018,-1,15,9999.703000,17.632000,363.869863,360.913066,360.000000,620,-3.869863,PI,FIFO,true,PI_FIFO,363.869863
14.710018,-1,15,9999.961000,17.593000,368.059450,361.985024,360.000000,615,-8.059450,PI,FIFO,true,PI_FIFO,368.059450
14.720018,-1,15,10000.443000,18.036000,363.372093,362.193084,360.000000,616,-3.372093,PI,FIFO,true,PI_FIFO,363.372093
14.730015,-1,15,9997.276000,15.312000,361.570248,362.099659,360.000000,616,-1.570248,PI,FIFO,true,PI_FIFO,361.570248
14.740018,-1,15,10002.758000,18.070000,356.972870,361.330641,360.000000,619,3.027130,PI,FIFO,true,PI_FIFO,356.972870
14.750018,-1,15,9999.517000,17.587000,356.735160,360.641318,360.000000,621,3.264840,PI,FIFO,true,PI_FIFO,356.735160
14.760027,-1,15,10009.035000,26.622000,351.914414,359.332283,360.000000,627,8.085586,PI,FIFO,true,PI_FIFO,351.914414
14.770015,-1,15,9988.240000,14.862000,355.832490,358.807314,360.000000,626,4.167510,PI,FIFO,true,PI_FIFO,355.832490
14.780018,-1,15,10003.332000,18.194000,355.113636,358.253262,360.000000,629,4.886364,PI,FIFO,true,PI_FIFO,355.113636
14.790025,-1,15,10006.498000,24.692000,359.786184,358.483201,360.000000,627,0.213816,PI,FIFO,true,PI_FIFO,359.786184
14.800019,-1,15,9994.758000,19.450000,359.023456,358.564239,360.000000,627,0.976544,PI,FIFO,true,PI_FIFO,359.023456
14.810015,-1,15,9995.425000,14.875000,362.435567,359.144938,360.000000,625,-2.435567,PI,FIFO,true,PI_FIFO,362.435567
14.820018,-1,15,10003.331000,18.206000,360.403652,359.333745,360.000000,625,-0.403652,PI,FIFO,true,PI_FIFO,360.403652
14.830015,-1,15,9997.166000,15.372000,362.622486,359.827056,360.000000,623,-2.622486,PI,FIFO,true,PI_FIFO,362.622486
14.840018,-1,15,10002.868000,18.240000,359.367513,359.758125,360.000000,625,0.632487,PI,FIFO,true,PI_FIFO,359.367513
14.850018,-1,15,9999.832000,18.072000,364.431487,360.459129,360.000000,621,-4.431487,PI,FIFO,true,PI_FIFO,364.431487
14.860044,-1,15,10026.091000,44.163000,362.062307,360.699606,360.000000,621,-2.062307,PI,FIFO,true,PI_FIFO,362.062307
14.870028,-1,15,9983.406000,27.569000,364.880643,361.326761,360.000000,618,-4.880643,PI,FIFO,true,PI_FIFO,364.880643
14.880021,-1,15,9993.888000,21.457000,364.077670,361.739398,360.000000,616,-4.077670,PI,FIFO,true,PI_FIFO,364.077670
14.890015,-1,14,9993.683000,15.140000,365.070093,362.239002,360.000000,614,-5.070093,PI,FIFO,true,PI_FIFO,365.070093
14.900030,-1,15,10014.628000,29.768000,359.195402,361.782462,360.000000,617,0.804598,PI,FIFO,true,PI_FIFO,359.195402
14.910016,-1,15,9986.647000,16.415000,357.278963,361.106937,360.000000,619,2.721037,PI,FIFO,true,PI_FIFO,357.278963
14.920019,-1,15,10002.425000,18.840000,356.012658,360.342795,360.000000,621,3.987342,PI,FIFO,true,PI_FIFO,356.012658
14.930015,-1,15,9995.720000,14.560000,354.934377,359.531533,360.000000,624,5.065623,PI,FIFO,true,PI_FIFO,354.934377
14.940026,-1,15,10011.499000,26.059000,354.107649,358.717950,360.000000,627,5.892351,PI,FIFO,true,PI_FIFO,354.107649
14.950016,-1,15,9989.628000,15.687000,354.921579,358.148494,360.000000,629,5.078421,PI,FIFO,true,PI_FIFO,354.921579
14.960032,-1,15,10016.072000,31.759000,360.750361,358.538774,360.000000,625,-0.750361,PI,FIFO,true,PI_FIFO,360.750361
14.970015,-1,15,9983.407000,15.166000,359.838792,358.733777,360.000000,626,0.161208,PI,FIFO,true,PI_FIFO,359.838792
14.980018,-1,15,10002.942000,18.108000,361.445783,359.140578,360.000000,625,-1.445783,PI,FIFO,true,PI_FIFO,361.445783
14.990018,-1,15,9999.906000,18.014000,359.884837,359.252217,360.000000,625,0.115163,PI,FIFO,true,PI_FIFO,359.884837
15.000019,-1,15,10000.758000,18.772000,361.570248,359.599921,360.000000,624,-1.570248,PI,FIFO,true,PI_FIFO,361.570248
15.010018,-1,15,9998.869000,17.641000,359.114466,359.527103,360.000000,625,0.885534,PI,FIFO,true,PI_FIFO,359.114466
15.020018,-1,15,10000.628000,18.269000,362.168874,359.923369,360.000000,623,-2.168874,PI,FIFO,true,PI_FIFO,362.168874
15.030025,-1,15,10006.387000,24.656000,362.545496,360.316688,360.000000,622,-2.545496,PI,FIFO,true,PI_FIFO,362.545496
15.040021,-1,15,9996.777000,21.433000,367.441209,361.385366,360.000000,616,-7.441209,PI,FIFO,true,PI_FIFO,367.441209
15.050018,-1,15,9996.498000,17.931000,362.875683,361.608914,360.000000,617,-2.875683,PI,FIFO,true,PI_FIFO,362.875683
15.060031,-1,15,10012.850000,30.781000,364.178690,361.994380,360.000000,615,-4.178690,PI,FIFO,true,PI_FIFO,364.178690
15.070018,-1,15,9986.740000,17.521000,357.824427,361.368887,360.000000,619,2.175573,PI,FIFO,true,PI_FIFO,357.824427
15.080020,-1,15,10002.350000,19.871000,356.193009,360.592506,360.000000,621,3.806991,PI,FIFO,true,PI_FIFO,356.193009
15.090018,-1,15,9998.258000,18.129000,353.329146,359.503002,360.000000,626,6.670854,PI,FIFO,true,PI_FIFO,353.329146
15.100019,-1,15,10001.369000,19.498000,356.373543,359.033583,360.000000,626,3.626457,PI,FIFO,true,PI_FIFO,356.373543
15.110017,-1,15,9997.739000,17.237000,354.442344,358.344897,360.000000,629,5.557656,PI,FIFO,true,PI_FIFO,354.442344
15.120020,-1,15,10003.221000,20.458000,358.410705,358.354768,360.000000,628,1.589295,PI,FIFO,true,PI_FIFO,358.410705
15.130019,-1,15,9998.165000,18.623000,359.712230,358.558387,360.000000,627,0.287770,PI,FIFO,true,PI_FIFO,359.712230
15.140018,-1,15,9999.814000,18.437000,362.248841,359.111955,360.000000,625,-2.248841,PI,FIFO,true,PI_FIFO,362.248841
15.150031,-1,15,10012.331000,30.768000,361.097737,359.409823,360.000000,625,-1.097737,PI,FIFO,true,PI_FIFO,361.097737
15.160033,-1,15,10001.980000,32.748000,361.318088,359.696063,360.000000,624,-1.318088,PI,FIFO,true,PI_FIFO,361.318088
15.170018,-1,15,9985.629000,18.377000,362.493958,360.115747,360.000000,623,-2.493958,PI,FIFO,true,PI_FIFO,362.493958
15.180018,-1,15,9999.628000,18.005000,362.493958,360.472479,360.000000,622,-2.493958,PI,FIFO,true,PI_FIFO,362.493958
15.190018,-1,15,9999.832000,17.837000,361.503856,360.627185,360.000000,621,-1.503856,PI,FIFO,true,PI_FIFO,361.503856
15.200018,-1,15,10000.035000,17.872000,363.548231,361.065342,360.000000,619,-3.548231,PI,FIFO,true,PI_FIFO,363.548231
15.210018,-1,14,10000.165000,18.037000,367.167102,361.980606,360.000000,614,-7.167102,PI,FIFO,true,PI_FIFO,367.167102
15.220018,-1,15,10000.073000,18.110000,361.969112,361.978882,360.000000,616,-1.969112,PI,FIFO,true,PI_FIFO,361.969112
15.230018,-1,15,10000.258000,18.368000,361.132512,361.851926,360.000000,616,-1.132512,PI,FIFO,true,PI_FIFO,361.132512
15.240018,-1,15,9999.906000,18.274000,357.824427,361.247802,360.000000,619,2.175573,PI,FIFO,true,PI_FIFO,357.824427
15.250018,-1,15,9999.387000,17.661000,357.460600,360.679721,360.000000,620,2.539400,PI,FIFO,true,PI_FIFO,357.460600
15.260028,-1,15,10010.091000,27.752000,351.617440,359.320379,360.000000,626,8.382560,PI,FIFO,true,PI_FIFO,351.617440
15.270018,-1,15,9990.739000,18.491000,354.538088,358.603035,360.000000,627,5.461912,PI,FIFO,true,PI_FIFO,354.538088
15.280019,-1,15,10000.036000,18.527000,354.442344,357.978932,360.000000,629,5.557656,PI,FIFO,true,PI_FIFO,354.442344
15.290018,-1,15,9999.036000,17.563000,359.983544,358.279623,360.000000,627,0.016456,PI,FIFO,true,PI_FIFO,359.983544
15.300018,-1,15,10000.480000,18.043000,358.851675,358.365431,360.000000,628,1.148325,PI,FIFO,true,PI_FIFO,358.851675
15.310015,-1,15,9996.591000,14.634000,363.184401,359.088277,360.000000,624,-3.184401,PI,FIFO,true,PI_FIFO,363.184401
15.320018,-1,15,10003.350000,17.984000,360.403652,359.285583,360.000000,625,-0.403652,PI,FIFO,true,PI_FIFO,360.403652
15.330015,-1,15,9996.647000,14.631000,361.132512,359.562622,360.000000,624,-1.132512,PI,FIFO,true,PI_FIFO,361.132512
15.340018,-1,15,10003.535000,18.166000,360.230548,359.662811,360.000000,625,-0.230548,PI,FIFO,true,PI_FIFO,360.230548
15.350018,-1,15,9999.591000,17.757000,363.901019,360.298542,360.000000,621,-3.901019,PI,FIFO,true,PI_FIFO,363.901019
15.360026,-1,15,10008.017000,25.774000,361.689815,360.507233,360.000000,622,-1.689815,PI,FIFO,true,PI_FIFO,361.689815
15.370018,-1,15,9991.980000,17.754000,365.853659,361.309197,360.000000,617,-5.853659,PI,FIFO,true,PI_FIFO,365.853659
15.380018,-1,15,10000.147000,17.901000,364.502333,361.788167,360.000000,616,-4.502333,PI,FIFO,true,PI_FIFO,364.502333
15.390018,-1,14,9999.832000,17.733000,364.254492,362.158116,360.000000,614,-4.254492,PI,FIFO,true,PI_FIFO,364.254492
15.400018,-1,15,10000.295000,18.028000,358.019640,361.537345,360.000000,618,1.980360,PI,FIFO,true,PI_FIFO,358.019640
15.410018,-1,15,9999.720000,17.748000,356.803045,360.827200,360.000000,620,3.196955,PI,FIFO,true,PI_FIFO,356.803045
15.420018,-1,15,10000.166000,17.914000,356.012658,360.105018,360.000000,622,3.987342,PI,FIFO,true,PI_FIFO,356.012658
15.430018,-1,15,10000.332000,18.246000,354.442344,359.255617,360.000000,625,5.557656,PI,FIFO,true,PI_FIFO,354.442344
15.440018,-1,15,9999.665000,17.911000,353.964401,358.461935,360.000000,628,6.035599,PI,FIFO,true,PI_FIFO,353.964401
15.450019,-1,15,10000.943000,18.854000,355.450237,358.010180,360.000000,629,4.549763,PI,FIFO,true,PI_FIFO,355.450237
15.460027,-1,15,10007.868000,26.722000,361.172262,358.484492,360.000000,626,-1.172262,PI,FIFO,true,PI_FIFO,361.172262
15.470019,-1,15,9991.814000,18.536000,360.088116,358.725036,360.000000,626,-0.088116,PI,FIFO,true,PI_FIFO,360.088116
15.480018,-1,15,9999.610000,18.146000,361.769570,359.181716,360.000000,625,-1.769570,PI,FIFO,true,PI_FIFO,361.769570
15.490027,-1,15,10008.387000,26.533000,361.445783,359.521326,360.000000,624,-1.445783,PI,FIFO,true,PI_FIFO,361.445783
15.500019,-1,15,9992.906000,19.439000,363.184401,360.070787,360.000000,622,-3.184401,PI,FIFO,true,PI_FIFO,363.184401
15.510018,-1,15,9998.647000,18.086000,359.539789,359.991138,360.000000,624,0.460211,PI,FIFO,true,PI_FIFO,359.539789
15.520018,-1,15,9999.480000,17.566000,363.020329,360.445516,360.000000,621,-3.020329,PI,FIFO,true,PI_FIFO,363.020329
15.530018,-1,15,10000.331000,17.897000,362.248841,360.716015,360.000000,621,-2.248841,PI,FIFO,true,PI_FIFO,362.248841
15.540018,-1,15,9999.925000,17.822000,366.032211,361.513444,360.000000,616,-6.032211,PI,FIFO,true,PI_FIFO,366.032211
15.550018,-1,15,10000.461000,18.283000,362.996902,361.735963,360.000000,617,-2.996902,PI,FIFO,true,PI_FIFO,362.996902
15.560045,-1,15,10026.868000,45.151000,363.724539,362.034250,360.000000,615,-3.724539,PI,FIFO,true,PI_FIFO,363.724539
15.570030,-1,15,9984.536000,29.687000,358.371560,361.484846,360.000000,618,1.628440,PI,FIFO,true,PI_FIFO,358.371560
15.580035,-1,15,10004.999000,34.686000,356.270358,360.702673,360.000000,621,3.729642,PI,FIFO,true,PI_FIFO,356.270358
15.590018,-1,15,9983.258000,17.944000,352.941176,359.538448,360.000000,625,7.058824,PI,FIFO,true,PI_FIFO,352.941176
15.600018,-1,15,10000.128000,18.072000,356.125356,359.026485,360.000000,625,3.874644,PI,FIFO,true,PI_FIFO,356.125356
15.610018,-1,15,9999.999000,18.071000,354.921579,358.410749,360.000000,628,5.078421,PI,FIFO,true,PI_FIFO,354.921579
15.620018,-1,15,9999.943000,18.014000,357.142857,358.220565,360.000000,628,2.857143,PI,FIFO,true,PI_FIFO,357.142857
15.630020,-1,15,10001.998000,20.012000,360.761929,358.601770,360.000000,626,-0.761929,PI,FIFO,true,PI_FIFO,360.761929
15.640018,-1,15,9998.351000,18.363000,362.493958,359.185598,360.000000,624,-2.493958,PI,FIFO,true,PI_FIFO,362.493958
15.650017,-1,15,9999.054000,17.417000,359.287174,359.200834,360.000000,626,0.712826,PI,FIFO,true,PI_FIFO,359.287174
15.660028,-1,15,10011.016000,28.433000,360.923965,359.459304,360.000000,625,-0.923965,PI,FIFO,true,PI_FIFO,360.923965
15.670018,-1,15,9989.555000,17.988000,361.769570,359.805844,360.000000,624,-1.769570,PI,FIFO,true,PI_FIFO,361.769570
15.680019,-1,15,10001.239000,19.227000,361.558530,360.068747,360.000000,623,-1.558530,PI,FIFO,true,PI_FIFO,361.558530
15.690015,-1,15,9995.554000,14.781000,361.769570,360.323870,360.000000,622,-1.769570,PI,FIFO,true,PI_FIFO,361.769570
15.700018,-1,15,10003.258000,18.039000,363.724539,360.833971,360.000000,620,-3.724539,PI,FIFO,true,PI_FIFO,363.724539
15.710014,-1,14,9996.313000,14.352000,367.743201,361.870355,360.000000,614,-7.743201,PI,FIFO,true,PI_FIFO,367.743201
15.720018,-1,15,10003.980000,18.332000,363.372093,362.095616,360.000000,615,-3.372093,PI,FIFO,true,PI_FIFO,363.372093
15.730014,-1,15,9996.054000,14.386000,361.318088,361.978987,360.000000,616,-1.318088,PI,FIFO,true,PI_FIFO,361.318088
15.740018,-1,15,10003.425000,17.811000,357.142857,361.253567,360.000000,619,2.857143,PI,FIFO,true,PI_FIFO,357.142857
15.750018,-1,15,9999.869000,17.680000,357.483317,360.688030,360.000000,620,2.516683,PI,FIFO,true,PI_FIFO,357.483317
15.760027,-1,15,10009.146000,26.826000,352.443609,359.451367,360.000000,626,7.556391,PI,FIFO,true,PI_FIFO,352.443609
15.770018,-1,15,9991.184000,18.010000,355.618777,358.876478,360.000000,626,4.381223,PI,FIFO,true,PI_FIFO,355.618777
15.780018,-1,15,10000.036000,18.046000,354.155424,358.168320,360.000000,629,5.844576,PI,FIFO,true,PI_FIFO,354.155424
15.790015,-1,15,9996.702000,14.748000,359.195402,358.322382,360.000000,627,0.804598,PI,FIFO,true,PI_FIFO,359.195402
15.800018,-1,15,10003.387000,18.135000,358.920368,358.412080,360.000000,627,1.079632,PI,FIFO,true,PI_FIFO,358.920368
15.810018,-1,15,9999.425000,17.560000,363.020329,359.103317,360.000000,624,-3.020329,PI,FIFO,true,PI_FIFO,363.020329
15.820018,-1,15,10000.406000,17.966000,361.132512,359.407697,360.000000,624,-1.132512,PI,FIFO,true,PI_FIFO,361.132512
15.830019,-1,15,10000.868000,18.834000,362.669246,359.896929,360.000000,623,-2.669246,PI,FIFO,true,PI_FIFO,362.669246
15.840018,-1,15,9999.554000,18.388000,360.378913,359.969227,360.000000,624,-0.378913,PI,FIFO,true,PI_FIFO,360.378913
15.850019,-1,15,10000.147000,18.535000,363.869863,360.554322,360.000000,620,-3.869863,PI,FIFO,true,PI_FIFO,363.869863
15.860027,-1,15,10008.239000,26.774000,361.769570,360.736609,360.000000,621,-1.769570,PI,FIFO,true,PI_FIFO,361.769570
15.870018,-1,15,9990.962000,17.736000,365.538991,361.456966,360.000000,616,-5.538991,PI,FIFO,true,PI_FIFO,365.538991
15.880018,-1,14,10000.498000,18.234000,365.598886,362.078254,360.000000,614,-5.598886,PI,FIFO,true,PI_FIFO,365.598886
15.890018,-1,14,9999.499000,17.733000,363.869863,362.346996,360.000000,613,-3.869863,PI,FIFO,true,PI_FIFO,363.869863
15.900018,-1,15,10000.054000,17.787000,357.483317,361.617444,360.000000,618,2.516683,PI,FIFO,true,PI_FIFO,357.483317
15.910015,-1,15,9997.554000,15.341000,355.691057,360.728486,360.000000,620,4.308943,PI,FIFO,true,PI_FIFO,355.691057
15.920016,-1,15,10000.702000,16.043000,354.107649,359.735360,360.000000,623,5.892351,PI,FIFO,true,PI_FIFO,354.107649
15.930019,-1,15,10002.499000,18.542000,353.773585,358.841094,360.000000,626,6.226415,PI,FIFO,true,PI_FIFO,353.773585
15.940019,-1,15,10000.109000,18.651000,353.773585,358.080968,360.000000,629,6.226415,PI,FIFO,true,PI_FIFO,353.773585
15.950017,-1,15,9998.610000,17.261000,356.270358,357.809376,360.000000,629,3.729642,PI,FIFO,true,PI_FIFO,356.270358
15.960027,-1,15,10009.850000,27.111000,361.394558,358.347153,360.000000,626,-1.394558,PI,FIFO,true,PI_FIFO,361.394558
15.970018,-1,15,9990.666000,17.777000,360.181120,358.622248,360.000000,626,-0.181120,PI,FIFO,true,PI_FIFO,360.181120
15.980018,-1,15,10000.109000,17.886000,362.143892,359.150495,360.000000,625,-2.143892,PI,FIFO,true,PI_FIFO,362.143892
15.990018,-1,15,9999.795000,17.681000,361.132512,359.447797,360.000000,625,-1.132512,PI,FIFO,true,PI_FIFO,361.132512
16.000018,-1,15,9999.962000,17.643000,363.196126,360.010047,360.000000,622,-3.196126,PI,FIFO,true,PI_FIFO,363.196126
16.010018,-1,15,10000.091000,17.734000,359.392114,359.917357,360.000000,624,0.607886,PI,FIFO,true,PI_FIFO,359.392114
16.020018,-1,15,10000.072000,17.806000,364.202468,360.560123,360.000000,620,-4.202468,PI,FIFO,true,PI_FIFO,364.202468
16.030022,-1,15,10003.702000,21.508000,361.570248,360.711642,360.000000,621,-1.570248,PI,FIFO,true,PI_FIFO,361.570248
16.040020,-1,15,9998.981000,20.489000,367.054353,361.663049,360.000000,615,-7.054353,PI,FIFO,true,PI_FIFO,367.054353
16.050018,-1,15,9997.035000,17.524000,362.062307,361.722937,360.000000,617,-2.062307,PI,FIFO,true,PI_FIFO,362.062307
16.060030,-1,14,10012.906000,30.430000,364.254492,362.102671,360.000000,614,-4.254492,PI,FIFO,true,PI_FIFO,364.254492
16.070018,-1,15,9987.165000,17.595000,358.215066,361.519530,360.000000,618,1.784934,PI,FIFO,true,PI_FIFO,358.215066
16.080018,-1,15,10000.628000,18.223000,357.824427,360.965265,360.000000,619,2.175573,PI,FIFO,true,PI_FIFO,357.824427
16.090015,-1,15,9996.851000,15.074000,353.862607,359.899866,360.000000,623,6.137393,PI,FIFO,true,PI_FIFO,353.862607
16.100018,-1,15,10002.628000,17.702000,356.294537,359.359067,360.000000,624,3.705463,PI,FIFO,true,PI_FIFO,356.294537
16.110017,-1,15,9999.776000,17.478000,353.684608,358.507898,360.000000,628,6.315392,PI,FIFO,true,PI_FIFO,353.684608
16.120018,-1,15,10000.240000,17.718000,357.642421,358.378076,360.000000,627,2.357579,PI,FIFO,true,PI_FIFO,357.642421
16.130018,-1,15,9999.961000,17.679000,360.230548,358.655947,360.000000,625,-0.230548,PI,FIFO,true,PI_FIFO,360.230548
16.140018,-1,15,10000.684000,18.363000,362.435567,359.222890,360.000000,623,-2.435567,PI,FIFO,true,PI_FIFO,362.435567
16.150017,-1,15,9999.017000,17.380000,359.367513,359.244583,360.000000,625,0.632487,PI,FIFO,true,PI_FIFO,359.367513
16.160027,-1,15,10010.072000,27.452000,359.983544,359.355427,360.000000,625,0.016456,PI,FIFO,true,PI_FIFO,359.983544
16.170018,-1,15,9990.129000,17.581000,360.230548,359.486695,360.000000,624,-0.230548,PI,FIFO,true,PI_FIFO,360.230548
16.180018,-1,15,10000.183000,17.764000,359.287174,359.456767,360.000000,625,0.712826,PI,FIFO,true,PI_FIFO,359.287174
16.190027,-1,15,10009.610000,27.374000,361.445783,359.755120,360.000000,624,-1.445783,PI,FIFO,true,PI_FIFO,361.445783
16.200026,-1,15,9998.739000,26.113000,362.996902,360.241387,360.000000,622,-2.996902,PI,FIFO,true,PI_FIFO,362.996902
16.210020,-1,15,9994.221000,20.334000,367.286974,361.298225,360.000000,616,-7.286974,PI,FIFO,true,PI_FIFO,367.286974
16.220019,-1,15,9998.406000,18.740000,363.559979,361.637488,360.000000,617,-3.559979,PI,FIFO,true,PI_FIFO,363.559979
16.230019,-1,15,10000.461000,19.201000,361.794501,361.661040,360.000000,617,-1.794501,PI,FIFO,true,PI_FIFO,361.794501
16.240018,-1,15,9998.943000,18.144000,358.606557,361.202868,360.000000,619,1.393443,PI,FIFO,true,PI_FIFO,358.606557
16.250019,-1,15,10000.406000,18.550000,357.313006,360.619388,360.000000,621,2.686994,PI,FIFO,true,PI_FIFO,357.313006
16.260050,-1,15,10031.165000,49.715000,353.506787,359.552498,360.000000,625,6.493213,PI,FIFO,true,PI_FIFO,353.506787
16.270027,-1,15,9977.165000,26.880000,355.281857,358.911902,360.000000,626,4.718143,PI,FIFO,true,PI_FIFO,355.281857
16.280021,-1,15,9994.610000,21.490000,354.729730,358.284576,360.000000,629,5.270270,PI,FIFO,true,PI_FIFO,354.729730
16.290018,-1,15,9996.314000,17.804000,360.576923,358.628428,360.000000,626,-0.576923,PI,FIFO,true,PI_FIFO,360.576923
16.300019,-1,15,10001.572000,19.376000,357.240065,358.420174,360.000000,629,2.759935,PI,FIFO,true,PI_FIFO,357.240065
16.310018,-1,15,9999.073000,18.449000,363.372093,359.162962,360.000000,624,-3.372093,PI,FIFO,true,PI_FIFO,363.372093
16.320020,-1,15,10001.943000,20.392000,360.023041,359.291974,360.000000,626,-0.023041,PI,FIFO,true,PI_FIFO,360.023041
16.330018,-1,15,9997.591000,17.983000,362.669246,359.798564,360.000000,623,-2.669246,PI,FIFO,true,PI_FIFO,362.669246
16.340020,-1,15,10002.054000,20.037000,360.207480,359.859902,360.000000,625,-0.207480,PI,FIFO,true,PI_FIFO,360.207480
16.350019,-1,15,9998.480000,18.517000,365.141188,360.652095,360.000000,620,-5.141188,PI,FIFO,true,PI_FIFO,365.141188
16.360031,-1,15,10012.165000,30.682000,361.371145,360.759952,360.000000,621,-1.371145,PI,FIFO,true,PI_FIFO,361.371145
16.370019,-1,15,9988.739000,19.421000,364.535682,361.326312,360.000000,618,-4.535682,PI,FIFO,true,PI_FIFO,364.535682
16.380019,-1,15,9999.499000,18.920000,364.785992,361.845264,360.000000,616,-4.785992,PI,FIFO,true,PI_FIFO,364.785992
16.390018,-1,14,9998.758000,17.678000,364.202468,362.198844,360.000000,614,-4.202468,PI,FIFO,true,PI_FIFO,364.202468
16.400018,-1,15,10000.072000,17.750000,359.195402,361.748328,360.000000,617,0.804598,PI,FIFO,true,PI_FIFO,359.195402
16.410018,-1,15,9999.925000,17.675000,357.240065,361.072089,360.000000,619,2.759935,PI,FIFO,true,PI_FIFO,357.240065
16.420018,-1,15,10000.276000,17.951000,355.113636,360.178321,360.000000,622,4.886364,PI,FIFO,true,PI_FIFO,355.113636
16.430019,-1,15,10001.425000,19.376000,354.346652,359.303571,360.000000,625,5.653348,PI,FIFO,true,PI_FIFO,354.346652
16.440018,-1,15,9998.943000,18.319000,352.941176,358.349211,360.000000,629,7.058824,PI,FIFO,true,PI_FIFO,352.941176
16.450025,-1,15,10006.183000,24.502000,356.077048,358.008387,360.000000,629,3.922952,PI,FIFO,true,PI_FIFO,356.077048
16.460030,-1,15,10005.980000,30.482000,360.740154,358.418152,360.000000,626,-0.740154,PI,FIFO,true,PI_FIFO,360.740154
16.470018,-1,15,9987.777000,18.259000,360.181120,358.682597,360.000000,626,-0.181120,PI,FIFO,true,PI_FIFO,360.181120
16.480018,-1,15,9999.591000,17.850000,361.445783,359.097075,360.000000,625,-1.445783,PI,FIFO,true,PI_FIFO,361.445783
16.490015,-1,15,9997.276000,15.126000,360.576923,359.319052,360.000000,625,-0.576923,PI,FIFO,true,PI_FIFO,360.576923
16.500018,-1,15,10002.832000,17.958000,361.794501,359.690370,360.000000,624,-1.794501,PI,FIFO,true,PI_FIFO,361.794501
16.510028,-1,15,10009.720000,27.678000,357.824427,359.410478,360.000000,627,2.175573,PI,FIFO,true,PI_FIFO,357.824427
16.520020,-1,15,9991.851000,19.529000,364.202468,360.129277,360.000000,622,-4.202468,PI,FIFO,true,PI_FIFO,364.202468
16.530015,-1,15,9995.295000,14.824000,363.573407,360.645896,360.000000,621,-3.573407,PI,FIFO,true,PI_FIFO,363.573407
16.540018,-1,15,10003.239000,18.063000,367.562269,361.683352,360.000000,616,-7.562269,PI,FIFO,true,PI_FIFO,367.562269
16.550014,-1,15,9996.425000,14.488000,363.936335,362.021300,360.000000,616,-3.936335,PI,FIFO,true,PI_FIFO,363.936335
16.560029,-1,15,10014.739000,29.227000,363.372093,362.223919,360.000000,615,-3.372093,PI,FIFO,true,PI_FIFO,363.372093
16.570020,-1,15,9990.832000,20.059000,358.508604,361.666622,360.000000,618,1.491396,PI,FIFO,true,PI_FIFO,358.508604
16.580025,-1,15,10005.257000,25.316000,356.851550,360.944361,360.000000,620,3.148450,PI,FIFO,true,PI_FIFO,356.851550
16.590019,-1,15,9993.943000,19.259000,353.440151,359.818729,360.000000,624,6.559849,PI,FIFO,true,PI_FIFO,353.440151
16.600020,-1,15,10000.258000,19.517000,356.463878,359.315502,360.000000,624,3.536122,PI,FIFO,true,PI_FIFO,356.463878
16.610018,-1,15,9998.295000,17.812000,353.606789,358.459195,360.000000,628,6.393211,PI,FIFO,true,PI_FIFO,353.606789
16.620021,-1,15,10002.887000,20.699000,357.642421,358.336679,360.000000,627,2.357579,PI,FIFO,true,PI_FIFO,357.642421
16.630018,-1,15,9997.536000,18.235000,358.851675,358.413928,360.000000,627,1.148325,PI,FIFO,true,PI_FIFO,358.851675
16.640020,-1,15,10001.962000,20.197000,362.062307,358.961185,360.000000,625,-2.062307,PI,FIFO,true,PI_FIFO,362.062307
16.650018,-1,15,9997.461000,17.658000,360.576923,359.203546,360.000000,625,-0.576923,PI,FIFO,true,PI_FIFO,360.576923
16.660030,-1,15,10012.276000,29.934000,360.973597,359.469053,360.000000,624,-0.973597,PI,FIFO,true,PI_FIFO,360.973597
16.670018,-1,15,9988.536000,18.470000,362.318841,359.896521,360.000000,623,-2.318841,PI,FIFO,true,PI_FIFO,362.318841
16.680017,-1,15,9998.980000,17.450000,361.875965,360.193438,360.000000,622,-1.875965,PI,FIFO,true,PI_FIFO,361.875965
16.690018,-1,15,10000.313000,17.763000,361.794501,360.433597,360.000000,622,-1.794501,PI,FIFO,true,PI_FIFO,361.794501
16.700018,-1,15,10000.128000,17.891000,363.748060,360.930767,360.000000,619,-3.748060,PI,FIFO,true,PI_FIFO,363.748060
16.710015,-1,15,9997.499000,15.390000,366.748166,361.803377,360.000000,615,-6.748166,PI,FIFO,true,PI_FIFO,366.748166
16.720019,-1,15,10003.276000,18.666000,362.435567,361.898205,360.000000,616,-2.435567,PI,FIFO,true,PI_FIFO,362.435567
16.730018,-1,15,9999.351000,18.017000,362.493958,361.987568,360.000000,615,-2.493958,PI,FIFO,true,PI_FIFO,362.493958
16.740018,-1,15,10000.220000,18.237000,358.410705,361.451039,360.000000,618,1.589295,PI,FIFO,true,PI_FIFO,358.410705
16.750018,-1,15,9999.721000,17.958000,357.142857,360.804811,360.000000,619,2.857143,PI,FIFO,true,PI_FIFO,357.142857
16.760026,-1,15,10007.721000,25.679000,352.278065,359.525799,360.000000,625,7.721935,PI,FIFO,true,PI_FIFO,352.278065
16.770018,-1,15,9992.239000,17.918000,354.921579,358.835166,360.000000,626,5.078421,PI,FIFO,true,PI_FIFO,354.921579
16.780018,-1,15,10000.202000,18.120000,355.281857,358.302170,360.000000,628,4.718143,PI,FIFO,true,PI_FIFO,355.281857
16.790018,-1,15,9999.703000,17.823000,359.838792,358.532663,360.000000,625,0.161208,PI,FIFO,true,PI_FIFO,359.838792
16.800018,-1,15,10000.054000,17.877000,358.851675,358.580515,360.000000,626,1.148325,PI,FIFO,true,PI_FIFO,358.851675
16.810018,-1,15,9999.961000,17.838000,362.168874,359.118769,360.000000,624,-2.168874,PI,FIFO,true,PI_FIFO,362.168874
16.820019,-1,15,10000.776000,18.614000,359.925474,359.239775,360.000000,625,0.074526,PI,FIFO,true,PI_FIFO,359.925474
16.830018,-1,15,9998.962000,17.576000,360.775151,359.470081,360.000000,624,-0.775151,PI,FIFO,true,PI_FIFO,360.775151
16.840018,-1,15,10000.499000,18.075000,359.023456,359.403087,360.000000,625,0.976544,PI,FIFO,true,PI_FIFO,359.023456
16.850018,-1,15,9999.517000,17.592000,364.313472,360.139645,360.000000,621,-4.313472,PI,FIFO,true,PI_FIFO,364.313472
16.860027,-1,15,10009.905000,27.497000,361.794501,360.387873,360.000000,622,-1.794501,PI,FIFO,true,PI_FIFO,361.794501
16.870015,-1,15,9987.777000,15.274000,365.449584,361.147130,360.000000,617,-5.449584,PI,FIFO,true,PI_FIFO,365.449584
16.880018,-1,15,10002.684000,17.958000,364.431487,361.639784,360.000000,616,-4.431487,PI,FIFO,true,PI_FIFO,364.431487
16.890024,-1,14,10006.257000,24.215000,364.502333,362.069166,360.000000,614,-4.502333,PI,FIFO,true,PI_FIFO,364.502333
16.900020,-1,15,9995.628000,19.843000,358.337315,361.509388,360.000000,618,1.662685,PI,FIFO,true,PI_FIFO,358.337315
16.910015,-1,15,9995.573000,15.416000,357.434641,360.898176,360.000000,620,2.565359,PI,FIFO,true,PI_FIFO,357.434641
16.920019,-1,15,10003.387000,18.803000,355.450237,360.080985,360.000000,622,4.549763,PI,FIFO,true,PI_FIFO,355.450237
16.930018,-1,15,9999.536000,18.339000,354.777673,359.285488,360.000000,625,5.222327,PI,FIFO,true,PI_FIFO,354.777673
16.940019,-1,15,10000.258000,18.597000,353.012372,358.344521,360.000000,629,6.987628,PI,FIFO,true,PI_FIFO,353.012372
16.950018,-1,15,9999.369000,17.966000,354.777673,357.809494,360.000000,630,5.222327,PI,FIFO,true,PI_FIFO,354.777673
16.960045,-1,15,10026.572000,44.538000,360.947125,358.280138,360.000000,626,-0.947125,PI,FIFO,true,PI_FIFO,360.947125
16.970029,-1,15,9984.610000,29.148000,359.838792,358.513936,360.000000,627,0.161208,PI,FIFO,true,PI_FIFO,359.838792
16.980020,-1,15,9991.202000,20.350000,361.271676,358.927597,360.000000,626,-1.271676,PI,FIFO,true,PI_FIFO,361.271676
16.990015,-1,15,9995.054000,15.404000,360.973597,359.234497,360.000000,626,-0.973597,PI,FIFO,true,PI_FIFO,360.973597
17.000018,-1,15,10002.703000,18.107000,362.875683,359.780675,360.000000,623,-2.875683,PI,FIFO,true,PI_FIFO,362.875683
17.010018,-1,15,9999.572000,17.679000,359.712230,359.770409,360.000000,625,0.287770,PI,FIFO,true,PI_FIFO,359.712230
17.020018,-1,15,10000.332000,18.011000,362.809598,360.226287,360.000000,622,-2.809598,PI,FIFO,true,PI_FIFO,362.809598
17.030024,-1,15,10005.739000,23.750000,363.573407,360.728355,360.000000,621,-3.573407,PI,FIFO,true,PI_FIFO,363.573407
17.040020,-1,15,9995.888000,19.638000,366.716521,361.626580,360.000000,616,-6.716521,PI,FIFO,true,PI_FIFO,366.716521
17.050019,-1,15,9998.980000,18.618000,363.372093,361.888407,360.000000,617,-3.372093,PI,FIFO,true,PI_FIFO,363.372093
17.060045,-1,15,10025.979000,44.597000,362.622486,361.998519,360.000000,616,-2.622486,PI,FIFO,true,PI_FIFO,362.622486
17.070017,-1,15,9972.351000,16.948000,357.434641,361.313937,360.000000,619,2.565359,PI,FIFO,true,PI_FIFO,357.434641
17.080026,-1,15,10008.554000,25.502000,355.450237,360.434382,360.000000,622,4.549763,PI,FIFO,true,PI_FIFO,355.450237
17.090019,-1,15,9993.703000,19.205000,352.112676,359.186126,360.000000,627,7.887324,PI,FIFO,true,PI_FIFO,352.112676
17.100018,-1,15,9999.091000,18.296000,356.270358,358.748761,360.000000,627,3.729642,PI,FIFO,true,PI_FIFO,356.270358
17.110035,-1,15,10016.739000,35.035000,354.576399,358.122907,360.000000,630,5.423601,PI,FIFO,true,PI_FIFO,354.576399
17.120044,-1,15,10009.276000,44.311000,357.278963,357.996315,360.000000,630,2.721037,PI,FIFO,true,PI_FIFO,357.278963
17.130055,-1,15,10010.202000,54.513000,361.271676,358.487619,360.000000,627,-1.271676,PI,FIFO,true,PI_FIFO,361.271676
17.140044,-1,15,9989.702000,44.215000,362.143892,359.036060,360.000000,626,-2.143892,PI,FIFO,true,PI_FIFO,362.143892
17.150068,-1,15,10023.942000,68.157000,360.181120,359.207819,360.000000,627,-0.181120,PI,FIFO,true,PI_FIFO,360.181120
17.160050,-1,15,9981.796000,49.953000,362.318841,359.674472,360.000000,625,-2.318841,PI,FIFO,true,PI_FIFO,362.318841
17.170061,-1,15,10010.979000,60.932000,363.936335,360.313752,360.000000,622,-3.936335,PI,FIFO,true,PI_FIFO,363.936335
17.180037,-1,15,9975.833000,36.765000,361.969112,360.562056,360.000000,622,-1.969112,PI,FIFO,true,PI_FIFO,361.969112
17.190045,-1,15,10007.739000,44.504000,363.372093,360.983561,360.000000,620,-3.372093,PI,FIFO,true,PI_FIFO,363.372093
17.200040,-1,15,9995.851000,40.355000,363.372093,361.341841,360.000000,619,-3.372093,PI,FIFO,true,PI_FIFO,363.372093
17.210044,-1,15,10003.313000,43.668000,366.592805,362.129486,360.000000,615,-6.592805,PI,FIFO,true,PI_FIFO,366.592805
17.220033,-1,15,9989.628000,33.296000,362.996902,362.259598,360.000000,615,-2.996902,PI,FIFO,true,PI_FIFO,362.996902
17.230014,-1,15,9980.925000,14.221000,361.271676,362.111410,360.000000,615,-1.271676,PI,FIFO,true,PI_FIFO,361.271676
17.240012,-1,15,9997.536000,11.757000,357.483317,361.417196,360.000000,618,2.516683,PI,FIFO,true,PI_FIFO,357.483317
17.250012,-1,15,10000.480000,12.237000,356.657609,360.703258,360.000000,620,3.342391,PI,FIFO,true,PI_FIFO,356.657609
17.260013,-1,15,10001.147000,13.384000,351.562500,359.332144,360.000000,626,8.437500,PI,FIFO,true,PI_FIFO,351.562500
17.270011,-1,15,9997.924000,11.308000,354.274917,358.573560,360.000000,627,5.725083,PI,FIFO,true,PI_FIFO,354.274917
17.280011,-1,15,9999.554000,10.862000,353.684608,357.840217,360.000000,630,6.315392,PI,FIFO,true,PI_FIFO,353.684608
17.290017,-1,15,10006.091000,16.953000,358.410705,357.925790,360.000000,628,1.589295,PI,FIFO,true,PI_FIFO,358.410705
17.300012,-1,15,9994.925000,11.878000,358.680057,358.038930,360.000000,629,1.319943,PI,FIFO,true,PI_FIFO,358.680057
17.310020,-1,15,10007.831000,19.709000,363.196126,358.812510,360.000000,625,-3.196126,PI,FIFO,true,PI_FIFO,363.196126
17.320029,-1,15,10009.480000,29.189000,360.023041,358.994090,360.000000,627,-0.023041,PI,FIFO,true,PI_FIFO,360.023041
17.330023,-1,15,9993.406000,22.595000,362.669246,359.545363,360.000000,624,-2.669246,PI,FIFO,true,PI_FIFO,362.669246
17.340027,-1,15,10003.980000,26.575000,358.920368,359.451614,360.000000,627,1.079632,PI,FIFO,true,PI_FIFO,358.920368
17.350029,-1,15,10002.850000,29.425000,363.936335,360.124322,360.000000,623,-3.936335,PI,FIFO,true,PI_FIFO,363.936335
17.360022,-1,15,9992.888000,22.313000,362.143892,360.427257,360.000000,623,-2.143892,PI,FIFO,true,PI_FIFO,362.143892
17.370021,-1,15,9998.425000,20.738000,365.829865,361.237648,360.000000,618,-5.829865,PI,FIFO,true,PI_FIFO,365.829865
17.380016,-1,15,9995.165000,15.903000,365.497076,361.876563,360.000000,616,-5.497076,PI,FIFO,true,PI_FIFO,365.497076
17.390010,-1,14,9994.147000,10.050000,365.141188,362.366256,360.000000,614,-5.141188,PI,FIFO,true,PI_FIFO,365.141188
17.400010,-1,15,9999.591000,9.641000,358.920368,361.849373,360.000000,618,1.079632,PI,FIFO,true,PI_FIFO,358.920368
17.410009,-1,15,9998.869000,8.510000,356.193009,361.000918,360.000000,621,3.806991,PI,FIFO,true,PI_FIFO,356.193009
17.420009,-1,15,10000.850000,9.360000,356.193009,360.279732,360.000000,622,3.806991,PI,FIFO,true,PI_FIFO,356.193009
17.430011,-1,15,10001.369000,10.729000,354.777673,359.454423,360.000000,625,5.222327,PI,FIFO,true,PI_FIFO,354.777673
17.440009,-1,15,9998.517000,9.246000,354.040785,358.642378,360.000000,628,5.959215,PI,FIFO,true,PI_FIFO,354.040785
17.450008,-1,15,9998.980000,8.226000,355.832490,358.220894,360.000000,629,4.167510,PI,FIFO,true,PI_FIFO,355.832490
17.460008,-1,15,10000.240000,8.466000,362.062307,358.797106,360.000000,625,-2.062307,PI,FIFO,true,PI_FIFO,362.062307
17.470008,-1,15,9999.572000,8.038000,359.195402,358.856851,360.000000,627,0.804598,PI,FIFO,true,PI_FIFO,359.195402
17.480009,-1,15,10000.980000,9.018000,361.875965,359.309718,360.000000,625,-1.875965,PI,FIFO,true,PI_FIFO,361.875965
17.490008,-1,15,9999.313000,8.331000,360.923965,359.551855,360.000000,625,-0.923965,PI,FIFO,true,PI_FIFO,360.923965
17.500009,-1,15,10000.184000,8.515000,362.809598,360.040516,360.000000,623,-2.809598,PI,FIFO,true,PI_FIFO,362.809598
17.510008,-1,15,9999.517000,8.032000,359.884837,360.017164,360.000000,624,0.115163,PI,FIFO,true,PI_FIFO,359.884837
17.520016,-1,15,10007.758000,15.790000,361.503856,360.240168,360.000000,623,-1.503856,PI,FIFO,true,PI_FIFO,361.503856
17.530009,-1,15,9993.406000,9.196000,362.318841,360.551969,360.000000,621,-2.318841,PI,FIFO,true,PI_FIFO,362.318841
17.540008,-1,15,9998.999000,8.195000,366.401772,361.429439,360.000000,617,-6.401772,PI,FIFO,true,PI_FIFO,366.401772
17.550008,-1,15,9999.924000,8.119000,362.318841,361.562850,360.000000,618,-2.318841,PI,FIFO,true,PI_FIFO,362.318841
17.560008,-1,15,10000.239000,8.358000,364.124806,361.947143,360.000000,615,-4.124806,PI,FIFO,true,PI_FIFO,364.124806
17.570008,-1,15,9999.906000,8.264000,358.188996,361.383421,360.000000,619,1.811004,PI,FIFO,true,PI_FIFO,358.188996
17.580021,-1,15,10012.554000,20.818000,357.642421,360.822271,360.000000,620,2.357579,PI,FIFO,true,PI_FIFO,357.642421
17.590014,-1,15,9993.073000,13.891000,352.797291,359.618524,360.000000,625,7.202709,PI,FIFO,true,PI_FIFO,352.797291
17.600008,-1,15,9994.461000,8.352000,356.554260,359.158884,360.000000,625,3.445740,PI,FIFO,true,PI_FIFO,356.554260
17.610007,-1,15,9999.129000,7.481000,353.684608,358.337743,360.000000,629,6.315392,PI,FIFO,true,PI_FIFO,353.684608
17.620008,-1,15,10000.294000,7.775000,358.371560,358.342815,360.000000,627,1.628440,PI,FIFO,true,PI_FIFO,358.371560
17.630009,-1,15,10000.777000,8.552000,359.884837,358.574119,360.000000,627,0.115163,PI,FIFO,true,PI_FIFO,359.884837
17.640007,-1,15,9998.869000,7.421000,362.435567,359.153336,360.000000,624,-2.435567,PI,FIFO,true,PI_FIFO,362.435567
17.650007,-1,15,9999.609000,7.030000,359.712230,359.237170,360.000000,626,0.287770,PI,FIFO,true,PI_FIFO,359.712230
17.660012,-1,15,10004.777000,11.807000,360.576923,359.438133,360.000000,625,-0.576923,PI,FIFO,true,PI_FIFO,360.576923
17.670020,-1,15,10008.276000,20.083000,360.923965,359.661008,360.000000,625,-0.923965,PI,FIFO,true,PI_FIFO,360.923965
17.680008,-1,15,9988.221000,8.304000,361.875965,359.993251,360.000000,623,-1.875965,PI,FIFO,true,PI_FIFO,361.875965
17.690007,-1,15,9999.128000,7.432000,361.969112,360.289630,360.000000,622,-1.969112,PI,FIFO,true,PI_FIFO,361.969112
17.700007,-1,15,9999.684000,7.116000,364.691390,360.949894,360.000000,619,-4.691390,PI,FIFO,true,PI_FIFO,364.691390
17.710007,-1,15,9999.406000,6.522000,366.748166,361.819635,360.000000,615,-6.748166,PI,FIFO,true,PI_FIFO,366.748166
17.720007,-1,15,10000.794000,7.316000,362.493958,361.920784,360.000000,616,-2.493958,PI,FIFO,true,PI_FIFO,362.493958
17.730007,-1,15,9999.999000,7.315000,361.132512,361.802543,360.000000,617,-1.132512,PI,FIFO,true,PI_FIFO,361.132512
17.740007,-1,15,9999.961000,7.276000,357.460600,361.151251,360.000000,620,2.539400,PI,FIFO,true,PI_FIFO,357.460600
17.750007,-1,15,9999.703000,6.979000,357.278963,360.570408,360.000000,621,2.721037,PI,FIFO,true,PI_FIFO,357.278963
17.760007,-1,15,9999.961000,6.940000,353.773585,359.550885,360.000000,625,6.226415,PI,FIFO,true,PI_FIFO,353.773585
17.770007,-1,15,10000.239000,7.179000,354.219144,358.751124,360.000000,627,5.780856,PI,FIFO,true,PI_FIFO,354.219144
17.780007,-1,15,10000.092000,7.271000,354.755298,358.151750,360.000000,629,5.244702,PI,FIFO,true,PI_FIFO,354.755298
17.790007,-1,15,9999.702000,6.973000,359.287174,358.322063,360.000000,627,0.712826,PI,FIFO,true,PI_FIFO,359.287174
17.800007,-1,15,10000.072000,7.045000,359.023456,358.427272,360.000000,628,0.976544,PI,FIFO,true,PI_FIFO,359.023456
17.810007,-1,15,9999.999000,7.044000,362.622486,359.056554,360.000000,625,-2.622486,PI,FIFO,true,PI_FIFO,362.622486
17.820007,-1,15,10000.054000,7.098000,360.761929,359.312361,360.000000,625,-0.761929,PI,FIFO,true,PI_FIFO,360.761929
17.830008,-1,15,10000.776000,7.874000,361.794501,359.684682,360.000000,624,-1.794501,PI,FIFO,true,PI_FIFO,361.794501
17.840007,-1,15,9999.184000,7.058000,360.023041,359.735436,360.000000,625,-0.023041,PI,FIFO,true,PI_FIFO,360.023041
17.850007,-1,15,9999.943000,7.001000,363.724539,360.333801,360.000000,622,-3.724539,PI,FIFO,true,PI_FIFO,363.724539
17.860007,-1,15,10000.073000,7.074000,361.503856,360.509309,360.000000,622,-1.503856,PI,FIFO,true,PI_FIFO,361.503856
17.870007,-1,15,9999.832000,6.906000,365.497076,361.257474,360.000000,618,-5.497076,PI,FIFO,true,PI_FIFO,365.497076
17.880007,-1,15,9999.980000,6.886000,364.785992,361.786752,360.000000,616,-4.785992,PI,FIFO,true,PI_FIFO,364.785992
17.890011,-1,14,10004.109000,10.995000,365.259740,362.307700,360.000000,614,-5.259740,PI,FIFO,true,PI_FIFO,365.259740
17.900008,-1,15,9996.814000,7.809000,358.737245,361.772132,360.000000,618,1.262755,PI,FIFO,true,PI_FIFO,358.737245
17.910007,-1,15,9999.313000,7.122000,357.142857,361.077741,360.000000,620,2.857143,PI,FIFO,true,PI_FIFO,357.142857
17.920007,-1,15,10000.239000,7.361000,354.934377,360.156236,360.000000,623,5.065623,PI,FIFO,true,PI_FIFO,354.934377
17.930007,-1,15,9999.610000,6.971000,354.397681,359.292453,360.000000,625,5.602319,PI,FIFO,true,PI_FIFO,354.397681
17.940007,-1,15,10000.332000,7.303000,353.862607,358.477976,360.000000,628,6.137393,PI,FIFO,true,PI_FIFO,353.862607
17.950006,-1,15,9998.406000,5.709000,356.193009,358.135231,360.000000,629,3.806991,PI,FIFO,true,PI_FIFO,356.193009
17.960009,-1,15,10003.683000,9.392000,361.620058,358.657955,360.000000,625,-1.620058,PI,FIFO,true,PI_FIFO,361.620058
17.970011,-1,15,10002.073000,11.465000,359.103677,358.724813,360.000000,627,0.896323,PI,FIFO,true,PI_FIFO,359.103677
17.980007,-1,15,9995.758000,7.223000,360.392107,358.974907,360.000000,626,-0.392107,PI,FIFO,true,PI_FIFO,360.392107
17.990006,-1,15,9998.313000,5.536000,360.230548,359.163253,360.000000,626,-0.230548,PI,FIFO,true,PI_FIFO,360.230548
18.000007,-1,15,10001.203000,6.739000,362.062307,359.598111,360.000000,624,-2.062307,PI,FIFO,true,PI_FIFO,362.062307
18.010006,-1,15,9998.924000,5.663000,359.195402,359.537705,360.000000,626,0.804598,PI,FIFO,true,PI_FIFO,359.195402
18.020007,-1,15,10001.184000,6.847000,363.748060,360.169258,360.000000,622,-3.748060,PI,FIFO,true,PI_FIFO,363.748060
18.030017,-1,15,10010.109000,16.956000,362.493958,360.517963,360.000000,622,-2.493958,PI,FIFO,true,PI_FIFO,362.493958
18.040009,-1,15,9992.462000,9.418000,366.784038,361.457874,360.000000,617,-6.784038,PI,FIFO,true,PI_FIFO,366.784038
18.050008,-1,15,9998.924000,8.342000,362.143892,361.560777,360.000000,618,-2.143892,PI,FIFO,true,PI_FIFO,362.143892
18.060008,-1,15,9999.980000,8.322000,364.691390,362.030369,360.000000,615,-4.691390,PI,FIFO,true,PI_FIFO,364.691390
18.070008,-1,15,9999.777000,8.099000,359.023456,361.579332,360.000000,618,0.976544,PI,FIFO,true,PI_FIFO,359.023456
18.080008,-1,15,10000.220000,8.319000,357.824427,361.016096,360.000000,620,2.175573,PI,FIFO,true,PI_FIFO,357.824427
18.090008,-1,15,9999.906000,8.225000,353.329146,359.863054,360.000000,625,6.670854,PI,FIFO,true,PI_FIFO,353.329146
18.100009,-1,15,10000.295000,8.520000,357.097511,359.448222,360.000000,624,2.902489,PI,FIFO,true,PI_FIFO,357.097511
18.110009,-1,15,10000.054000,8.574000,353.773585,358.597027,360.000000,628,6.226415,PI,FIFO,true,PI_FIFO,353.773585
18.120011,-1,15,10002.665000,11.239000,357.278963,358.399317,360.000000,628,2.721037,PI,FIFO,true,PI_FIFO,357.278963
18.130008,-1,15,9996.406000,7.645000,360.057609,358.648061,360.000000,626,-0.057609,PI,FIFO,true,PI_FIFO,360.057609
18.140007,-1,15,9999.832000,7.477000,361.875965,359.132247,360.000000,625,-1.875965,PI,FIFO,true,PI_FIFO,361.875965
18.150007,-1,15,9999.554000,7.031000,359.884837,359.245135,360.000000,626,0.115163,PI,FIFO,true,PI_FIFO,359.884837
18.160007,-1,15,10000.073000,7.104000,360.023041,359.361821,360.000000,626,-0.023041,PI,FIFO,true,PI_FIFO,360.023041
18.170007,-1,15,9999.795000,6.899000,361.503856,359.683126,360.000000,624,-1.503856,PI,FIFO,true,PI_FIFO,361.503856
18.180007,-1,15,9999.943000,6.842000,360.750361,359.843212,360.000000,624,-0.750361,PI,FIFO,true,PI_FIFO,360.750361
18.190007,-1,15,10000.017000,6.859000,361.689815,360.120202,360.000000,623,-1.689815,PI,FIFO,true,PI_FIFO,361.689815
18.200007,-1,15,10000.332000,7.191000,363.372093,360.607986,360.000000,621,-3.372093,PI,FIFO,true,PI_FIFO,363.372093
18.210007,-1,15,9999.610000,6.801000,367.167102,361.591853,360.000000,616,-7.167102,PI,FIFO,true,PI_FIFO,367.167102
18.220007,-1,15,10000.165000,6.966000,363.372093,361.858889,360.000000,617,-3.372093,PI,FIFO,true,PI_FIFO,363.372093
18.230011,-1,15,10003.646000,10.612000,361.271676,361.770807,360.000000,617,-1.271676,PI,FIFO,true,PI_FIFO,361.271676
18.240009,-1,15,9998.480000,9.092000,357.460600,361.124276,360.000000,620,2.539400,PI,FIFO,true,PI_FIFO,357.460600
18.250008,-1,15,9998.999000,8.091000,356.554260,360.438774,360.000000,622,3.445740,PI,FIFO,true,PI_FIFO,356.554260
18.260009,-1,15,10000.702000,8.793000,352.267034,359.213013,360.000000,627,7.732966,PI,FIFO,true,PI_FIFO,352.267034
18.270008,-1,15,9999.462000,8.255000,355.293077,358.625022,360.000000,628,4.706923,PI,FIFO,true,PI_FIFO,355.293077
18.280008,-1,15,10000.221000,8.476000,355.652504,358.179145,360.000000,629,4.347496,PI,FIFO,true,PI_FIFO,355.652504
18.290010,-1,15,10001.294000,9.770000,360.576923,358.538811,360.000000,627,-0.576923,PI,FIFO,true,PI_FIFO,360.576923
18.300012,-1,15,10001.740000,11.510000,359.103677,358.623541,360.000000,628,0.896323,PI,FIFO,true,PI_FIFO,359.103677
18.310008,-1,15,9996.776000,8.286000,362.669246,359.230397,360.000000,625,-2.669246,PI,FIFO,true,PI_FIFO,362.669246
18.320009,-1,15,10000.480000,8.766000,360.392107,359.404653,360.000000,626,-0.392107,PI,FIFO,true,PI_FIFO,360.392107
18.330008,-1,15,9999.684000,8.450000,362.669246,359.894342,360.000000,624,-2.669246,PI,FIFO,true,PI_FIFO,362.669246
18.340009,-1,15,10000.406000,8.856000,360.576923,359.996729,360.000000,624,-0.576923,PI,FIFO,true,PI_FIFO,360.576923
18.350008,-1,15,9999.480000,8.336000,364.608653,360.688518,360.000000,620,-4.608653,PI,FIFO,true,PI_FIFO,364.608653
18.360008,-1,15,10000.109000,8.445000,362.622486,360.978613,360.000000,620,-2.622486,PI,FIFO,true,PI_FIFO,362.622486
18.370016,-1,15,10007.425000,15.870000,365.319045,361.629678,360.000000,617,-5.319045,PI,FIFO,true,PI_FIFO,365.319045
18.380020,-1,15,10004.405000,20.275000,363.548231,361.917461,360.000000,616,-3.548231,PI,FIFO,true,PI_FIFO,363.548231
18.390008,-1,14,9988.203000,8.478000,364.124806,362.248563,360.000000,614,-4.124806,PI,FIFO,true,PI_FIFO,364.124806
18.400007,-1,15,9998.813000,7.291000,358.851675,361.739029,360.000000,617,1.148325,PI,FIFO,true,PI_FIFO,358.851675
18.410007,-1,15,9999.758000,7.049000,357.097511,361.042802,360.000000,619,2.902489,PI,FIFO,true,PI_FIFO,357.097511
18.420012,-1,15,10004.906000,11.955000,354.397681,360.046034,360.000000,623,5.602319,PI,FIFO,true,PI_FIFO,354.397681
18.430007,-1,15,9995.480000,7.435000,353.329146,359.038500,360.000000,626,6.670854,PI,FIFO,true,PI_FIFO,353.329146
18.440008,-1,15,10000.277000,7.712000,352.797291,358.102319,360.000000,630,7.202709,PI,FIFO,true,PI_FIFO,352.797291
18.450007,-1,15,9999.035000,6.747000,354.934377,357.627128,360.000000,631,5.065623,PI,FIFO,true,PI_FIFO,354.934377
18.460007,-1,15,10000.573000,7.320000,361.445783,358.199926,360.000000,627,-1.445783,PI,FIFO,true,PI_FIFO,361.445783
18.470007,-1,15,9999.924000,7.244000,360.392107,358.528753,360.000000,627,-0.392107,PI,FIFO,true,PI_FIFO,360.392107
18.480007,-1,15,9999.795000,7.039000,361.689815,359.002912,360.000000,626,-1.689815,PI,FIFO,true,PI_FIFO,361.689815
18.490007,-1,15,9999.795000,6.834000,360.750361,359.265030,360.000000,626,-0.750361,PI,FIFO,true,PI_FIFO,360.750361
18.500007,-1,15,9999.906000,6.740000,362.996902,359.824811,360.000000,624,-2.996902,PI,FIFO,true,PI_FIFO,362.996902
18.510011,-1,15,10003.961000,10.701000,359.712230,359.807923,360.000000,625,0.287770,PI,FIFO,true,PI_FIFO,359.712230
18.520009,-1,15,9998.277000,8.978000,363.559979,360.370732,360.000000,622,-3.559979,PI,FIFO,true,PI_FIFO,363.559979
18.530016,-1,15,10006.961000,15.939000,363.372093,360.820936,360.000000,621,-3.372093,PI,FIFO,true,PI_FIFO,363.372093
18.540009,-1,15,9992.869000,8.808000,367.167102,361.772861,360.000000,616,-7.167102,PI,FIFO,true,PI_FIFO,367.167102
18.550007,-1,15,9998.480000,7.288000,363.196126,361.986351,360.000000,617,-3.196126,PI,FIFO,true,PI_FIFO,363.196126
18.560007,-1,14,9999.980000,7.268000,364.313472,362.335419,360.000000,614,-4.313472,PI,FIFO,true,PI_FIFO,364.313472
18.570007,-1,15,9999.906000,7.174000,358.166189,361.710034,360.000000,618,1.833811,PI,FIFO,true,PI_FIFO,358.166189
18.580007,-1,15,9999.925000,7.099000,356.554260,360.936668,360.000000,620,3.445740,PI,FIFO,true,PI_FIFO,356.554260
18.590007,-1,15,10000.091000,7.190000,352.443609,359.662709,360.000000,625,7.556391,PI,FIFO,true,PI_FIFO,352.443609
18.600007,-1,15,10000.091000,7.281000,356.012658,359.115202,360.000000,625,3.987342,PI,FIFO,true,PI_FIFO,356.012658
18.610007,-1,15,9999.739000,7.020000,354.442344,358.414273,360.000000,628,5.557656,PI,FIFO,true,PI_FIFO,354.442344
18.620007,-1,15,10000.202000,7.222000,358.371560,358.407866,360.000000,627,1.628440,PI,FIFO,true,PI_FIFO,358.371560
18.630008,-1,15,10000.888000,8.110000,358.920368,358.484741,360.000000,627,1.079632,PI,FIFO,true,PI_FIFO,358.920368
18.640007,-1,15,9999.184000,7.294000,362.493958,359.086124,360.000000,624,-2.493958,PI,FIFO,true,PI_FIFO,362.493958
18.650007,-1,15,9999.739000,7.033000,359.838792,359.199024,360.000000,626,0.161208,PI,FIFO,true,PI_FIFO,359.838792
18.660007,-1,15,10000.035000,7.068000,360.775151,359.435443,360.000000,625,-0.775151,PI,FIFO,true,PI_FIFO,360.775151
18.670011,-1,15,10003.554000,10.622000,361.503856,359.745705,360.000000,624,-1.503856,PI,FIFO,true,PI_FIFO,361.503856
18.680007,-1,15,9996.740000,7.362000,361.445783,360.000717,360.000000,623,-1.445783,PI,FIFO,true,PI_FIFO,361.445783
18.690007,-1,15,9999.498000,6.860000,361.132512,360.170486,360.000000,623,-1.132512,PI,FIFO,true,PI_FIFO,361.132512
18.700007,-1,15,10000.332000,7.192000,362.669246,360.545300,360.000000,621,-2.669246,PI,FIFO,true,PI_FIFO,362.669246
18.710007,-1,15,9999.869000,7.061000,366.592805,361.452426,360.000000,617,-6.592805,PI,FIFO,true,PI_FIFO,366.592805
18.720007,-1,15,10000.073000,7.134000,362.493958,361.608656,360.000000,618,-2.493958,PI,FIFO,true,PI_FIFO,362.493958
18.730006,-1,15,9998.924000,6.058000,362.248841,361.704683,360.000000,617,-2.248841,PI,FIFO,true,PI_FIFO,362.248841
18.740007,-1,15,10001.203000,7.261000,358.508604,361.225272,360.000000,619,1.491396,PI,FIFO,true,PI_FIFO,358.508604
18.750006,-1,15,9998.424000,5.685000,357.824427,360.715145,360.000000,621,2.175573,PI,FIFO,true,PI_FIFO,357.824427
18.760008,-1,15,10001.832000,7.517000,352.443609,359.474415,360.000000,626,7.556391,PI,FIFO,true,PI_FIFO,352.443609
18.770007,-1,15,9999.591000,7.108000,354.219144,358.686124,360.000000,628,5.780856,PI,FIFO,true,PI_FIFO,354.219144
18.780007,-1,15,9999.925000,7.033000,354.934377,358.123362,360.000000,630,5.065623,PI,FIFO,true,PI_FIFO,354.934377
18.790007,-1,15,9999.813000,6.846000,360.403652,358.465405,360.000000,627,-0.403652,PI,FIFO,true,PI_FIFO,360.403652
18.800007,-1,15,9999.998000,6.844000,358.920368,358.533650,360.000000,628,1.079632,PI,FIFO,true,PI_FIFO,358.920368
18.810007,-1,15,10000.129000,6.973000,362.996902,359.203138,360.000000,625,-2.996902,PI,FIFO,true,PI_FIFO,362.996902
18.820007,-1,15,10000.091000,7.064000,359.884837,359.305392,360.000000,626,0.115163,PI,FIFO,true,PI_FIFO,359.884837
18.830008,-1,15,10000.572000,7.636000,362.062307,359.718930,360.000000,624,-2.062307,PI,FIFO,true,PI_FIFO,362.062307
18.840007,-1,15,9999.703000,7.339000,359.884837,359.743816,360.000000,625,0.115163,PI,FIFO,true,PI_FIFO,359.884837
18.850007,-1,15,9999.683000,7.022000,364.502333,360.457593,360.000000,621,-4.502333,PI,FIFO,true,PI_FIFO,364.502333
18.860007,-1,15,10000.036000,7.058000,361.969112,360.684321,360.000000,622,-1.969112,PI,FIFO,true,PI_FIFO,361.969112
18.870007,-1,15,9999.610000,6.668000,366.401772,361.541939,360.000000,617,-6.401772,PI,FIFO,true,PI_FIFO,366.401772
18.880007,-1,15,10000.331000,6.999000,364.785992,362.028547,360.000000,616,-4.785992,PI,FIFO,true,PI_FIFO,364.785992
18.890007,-1,14,9999.869000,6.868000,364.313472,362.371285,360.000000,614,-4.313472,PI,FIFO,true,PI_FIFO,364.313472
18.900007,-1,15,10000.017000,6.885000,359.023456,361.869111,360.000000,617,0.976544,PI,FIFO,true,PI_FIFO,359.023456
18.910014,-1,15,10006.684000,13.569000,356.554260,361.071883,360.000000,620,3.445740,PI,FIFO,true,PI_FIFO,356.554260
18.920011,-1,15,9997.425000,10.994000,355.293077,360.205062,360.000000,622,4.706923,PI,FIFO,true,PI_FIFO,355.293077
18.930008,-1,15,9997.128000,8.122000,353.329146,359.173675,360.000000,626,6.670854,PI,FIFO,true,PI_FIFO,353.329146
18.940006,-1,15,9998.110000,6.232000,353.862607,358.377015,360.000000,628,6.137393,PI,FIFO,true,PI_FIFO,353.862607
18.950007,-1,15,10000.757000,6.989000,355.450237,357.937998,360.000000,629,4.549763,PI,FIFO,true,PI_FIFO,355.450237
18.960007,-1,15,10000.369000,7.358000,360.392107,358.306114,360.000000,627,-0.392107,PI,FIFO,true,PI_FIFO,360.392107
18.970010,-1,15,10002.573000,9.931000,359.838792,358.536016,360.000000,627,0.161208,PI,FIFO,true,PI_FIFO,359.838792
18.980008,-1,15,9997.647000,7.578000,362.669246,359.156000,360.000000,625,-2.669246,PI,FIFO,true,PI_FIFO,362.669246
18.990007,-1,15,9999.257000,6.835000,361.689815,359.536073,360.000000,624,-1.689815,PI,FIFO,true,PI_FIFO,361.689815
19.000007,-1,15,10000.258000,7.093000,363.548231,360.137896,360.000000,622,-3.548231,PI,FIFO,true,PI_FIFO,363.548231
19.010009,-1,15,10002.202000,9.295000,360.947125,360.259281,360.000000,623,-0.947125,PI,FIFO,true,PI_FIFO,360.947125
19.020007,-1,15,9997.888000,7.183000,363.372093,360.726203,360.000000,620,-3.372093,PI,FIFO,true,PI_FIFO,363.372093
19.030018,-1,15,10011.128000,18.311000,362.435567,360.982607,360.000000,620,-2.435567,PI,FIFO,true,PI_FIFO,362.435567
19.040008,-1,15,9989.943000,8.254000,367.107195,361.901295,360.000000,615,-7.107195,PI,FIFO,true,PI_FIFO,367.107195
19.050007,-1,15,9998.758000,7.012000,362.809598,362.037541,360.000000,616,-2.809598,PI,FIFO,true,PI_FIFO,362.809598
19.060007,-1,14,10000.202000,7.214000,363.196126,362.211329,360.000000,614,-3.196126,PI,FIFO,true,PI_FIFO,363.196126
19.070007,-1,15,9999.573000,6.787000,357.460600,361.498719,360.000000,618,2.539400,PI,FIFO,true,PI_FIFO,357.460600
19.080017,-1,15,10010.239000,17.026000,355.787476,360.642033,360.000000,621,4.212524,PI,FIFO,true,PI_FIFO,355.787476
19.090020,-1,15,10003.054000,20.080000,351.035946,359.201120,360.000000,627,8.964054,PI,FIFO,true,PI_FIFO,351.035946
19.100008,-1,15,9987.499000,7.579000,356.012658,358.722851,360.000000,626,3.987342,PI,FIFO,true,PI_FIFO,356.012658
19.110006,-1,15,9998.017000,5.596000,354.219144,358.047294,360.000000,629,5.780856,PI,FIFO,true,PI_FIFO,354.219144
19.120007,-1,15,10001.572000,7.168000,358.508604,358.116491,360.000000,627,1.491396,PI,FIFO,true,PI_FIFO,358.508604
19.130006,-1,15,9998.869000,6.037000,361.132512,358.568894,360.000000,626,-1.132512,PI,FIFO,true,PI_FIFO,361.132512
19.140007,-1,15,10001.295000,7.332000,362.435567,359.148895,360.000000,624,-2.435567,PI,FIFO,true,PI_FIFO,362.435567
19.150006,-1,15,9998.628000,5.960000,359.712230,359.233395,360.000000,626,0.287770,PI,FIFO,true,PI_FIFO,359.712230
19.160007,-1,15,10000.703000,6.663000,360.576923,359.434924,360.000000,625,-0.576923,PI,FIFO,true,PI_FIFO,360.576923
19.170006,-1,15,9998.943000,5.606000,361.794501,359.788861,360.000000,624,-1.794501,PI,FIFO,true,PI_FIFO,361.794501
19.180007,-1,15,10001.369000,6.975000,362.622486,360.213905,360.000000,622,-2.622486,PI,FIFO,true,PI_FIFO,362.622486
19.190006,-1,15,9998.813000,5.788000,362.493958,360.555913,360.000000,621,-2.493958,PI,FIFO,true,PI_FIFO,362.493958
19.200009,-1,15,10003.591000,9.379000,364.502333,361.147876,360.000000,618,-4.502333,PI,FIFO,true,PI_FIFO,364.502333
19.210009,-1,15,9999.832000,9.211000,366.032211,361.880526,360.000000,615,-6.032211,PI,FIFO,true,PI_FIFO,366.032211
19.220009,-1,15,10000.017000,9.228000,362.996902,362.047982,360.000000,615,-2.996902,PI,FIFO,true,PI_FIFO,362.996902
19.230011,-1,15,10001.517000,10.745000,360.923965,361.879380,360.000000,616,-0.923965,PI,FIFO,true,PI_FIFO,360.923965
19.240009,-1,15,9998.258000,9.003000,358.006619,361.298466,360.000000,618,1.993381,PI,FIFO,true,PI_FIFO,358.006619
19.250009,-1,15,9999.887000,8.890000,358.188996,360.832045,360.000000,619,1.811004,PI,FIFO,true,PI_FIFO,358.188996
19.260008,-1,15,9999.240000,8.130000,352.443609,359.573780,360.000000,625,7.556391,PI,FIFO,true,PI_FIFO,352.443609
19.270008,-1,15,9999.887000,8.017000,355.293077,358.931675,360.000000,625,4.706923,PI,FIFO,true,PI_FIFO,355.293077
19.280008,-1,15,10000.369000,8.386000,354.040785,358.198041,360.000000,628,5.959215,PI,FIFO,true,PI_FIFO,354.040785
19.290008,-1,15,9999.962000,8.348000,359.884837,358.451061,360.000000,626,0.115163,PI,FIFO,true,PI_FIFO,359.884837
19.300008,-1,15,9999.961000,8.309000,357.824427,358.357066,360.000000,627,2.175573,PI,FIFO,true,PI_FIFO,357.824427
19.310008,-1,15,9999.999000,8.308000,362.844702,359.030211,360.000000,624,-2.844702,PI,FIFO,true,PI_FIFO,362.844702
19.320009,-1,15,10000.554000,8.862000,359.470859,359.096308,360.000000,626,0.529141,PI,FIFO,true,PI_FIFO,359.470859
19.330008,-1,15,9999.424000,8.286000,361.689815,359.485334,360.000000,624,-1.689815,PI,FIFO,true,PI_FIFO,361.689815
19.340009,-1,15,10000.221000,8.507000,359.195402,359.441844,360.000000,625,0.804598,PI,FIFO,true,PI_FIFO,359.195402
19.350009,-1,15,10000.924000,9.431000,363.559979,360.059565,360.000000,622,-3.559979,PI,FIFO,true,PI_FIFO,363.559979
19.360009,-1,15,9999.184000,8.615000,361.445783,360.267497,360.000000,622,-1.445783,PI,FIFO,true,PI_FIFO,361.445783
19.370009,-1,15,9999.888000,8.503000,365.829865,361.101853,360.000000,618,-5.829865,PI,FIFO,true,PI_FIFO,365.829865
19.380009,-1,15,10000.795000,9.298000,363.901019,361.521728,360.000000,617,-3.901019,PI,FIFO,true,PI_FIFO,363.901019
19.390009,-1,15,9999.387000,8.685000,364.880643,362.025565,360.000000,615,-4.880643,PI,FIFO,true,PI_FIFO,364.880643
19.400009,-1,15,10000.795000,9.480000,357.824427,361.395394,360.000000,619,2.175573,PI,FIFO,true,PI_FIFO,357.824427
19.410009,-1,15,9999.258000,8.738000,356.373543,360.642117,360.000000,621,3.626457,PI,FIFO,true,PI_FIFO,356.373543
19.420008,-1,15,9999.665000,8.403000,354.755298,359.759094,360.000000,624,5.244702,PI,FIFO,true,PI_FIFO,354.755298
19.430011,-1,15,10002.906000,11.309000,354.219144,358.928101,360.000000,627,5.780856,PI,FIFO,true,PI_FIFO,354.219144
19.440009,-1,15,9997.202000,8.511000,355.113636,358.355931,360.000000,628,4.886364,PI,FIFO,true,PI_FIFO,355.113636
19.450008,-1,15,9999.554000,8.065000,356.463878,358.072124,360.000000,629,3.536122,PI,FIFO,true,PI_FIFO,356.463878
19.460009,-1,15,10000.517000,8.582000,362.248841,358.698631,360.000000,625,-2.248841,PI,FIFO,true,PI_FIFO,362.248841
19.470009,-1,15,10000.314000,8.896000,359.838792,358.869655,360.000000,627,0.161208,PI,FIFO,true,PI_FIFO,359.838792
19.480008,-1,15,9999.461000,8.357000,361.620058,359.282216,360.000000,625,-1.620058,PI,FIFO,true,PI_FIFO,361.620058
19.490009,-1,15,10000.369000,8.726000,360.392107,359.448699,360.000000,625,-0.392107,PI,FIFO,true,PI_FIFO,360.392107
19.500009,-1,15,10000.073000,8.799000,363.171002,360.007045,360.000000,623,-3.171002,PI,FIFO,true,PI_FIFO,363.171002
19.510010,-1,15,10001.554000,10.353000,360.057609,360.014629,360.000000,624,-0.057609,PI,FIFO,true,PI_FIFO,360.057609
19.520008,-1,15,9998.072000,8.425000,363.184401,360.490095,360.000000,621,-3.184401,PI,FIFO,true,PI_FIFO,363.184401
19.530007,-1,15,9998.832000,7.257000,362.318841,360.764407,360.000000,621,-2.318841,PI,FIFO,true,PI_FIFO,362.318841
19.540007,-1,15,9999.943000,7.200000,365.639626,361.495690,360.000000,617,-5.639626,PI,FIFO,true,PI_FIFO,365.639626
19.550007,-1,15,9999.925000,7.125000,362.493958,361.645430,360.000000,617,-2.493958,PI,FIFO,true,PI_FIFO,362.493958
19.560007,-1,15,9999.961000,7.086000,363.559979,361.932612,360.000000,615,-3.559979,PI,FIFO,true,PI_FIFO,363.559979
19.570007,-1,15,9999.906000,6.992000,358.554309,361.425867,360.000000,619,1.445691,PI,FIFO,true,PI_FIFO,358.554309
19.580007,-1,15,9999.980000,6.972000,356.633381,360.706994,360.000000,621,3.366619,PI,FIFO,true,PI_FIFO,356.633381
19.590007,-1,15,10000.110000,7.082000,353.151683,359.573697,360.000000,626,6.848317,PI,FIFO,true,PI_FIFO,353.151683
19.600007,-1,15,10000.017000,7.099000,356.193009,359.066594,360.000000,626,3.806991,PI,FIFO,true,PI_FIFO,356.193009
19.610007,-1,15,9999.665000,6.764000,353.862607,358.285996,360.000000,629,6.137393,PI,FIFO,true,PI_FIFO,353.862607
19.620007,-1,15,10000.166000,6.930000,357.278963,358.134941,360.000000,629,2.721037,PI,FIFO,true,PI_FIFO,357.278963
19.630009,-1,15,10002.072000,9.002000,360.403652,358.475248,360.000000,627,-0.403652,PI,FIFO,true,PI_FIFO,360.403652
19.640008,-1,15,9998.869000,7.871000,361.503856,358.929539,360.000000,626,-1.503856,PI,FIFO,true,PI_FIFO,361.503856
19.650007,-1,15,9999.128000,6.999000,360.750361,359.202662,360.000000,626,-0.750361,PI,FIFO,true,PI_FIFO,360.750361
19.660007,-1,15,9999.554000,6.553000,361.132512,359.492140,360.000000,625,-1.132512,PI,FIFO,true,PI_FIFO,361.132512
19.670008,-1,15,10001.110000,7.663000,361.097737,359.732979,360.000000,625,-1.097737,PI,FIFO,true,PI_FIFO,361.097737
19.680007,-1,15,9999.684000,7.347000,361.875965,360.054427,360.000000,624,-1.875965,PI,FIFO,true,PI_FIFO,361.875965
19.690007,-1,15,9999.461000,6.808000,361.689815,360.299735,360.000000,623,-1.689815,PI,FIFO,true,PI_FIFO,361.689815
19.700007,-1,15,10000.054000,6.862000,363.901019,360.839928,360.000000,620,-3.901019,PI,FIFO,true,PI_FIFO,363.901019
19.710009,-1,15,10002.258000,9.120000,367.466928,361.833978,360.000000,615,-7.466928,PI,FIFO,true,PI_FIFO,367.466928
19.720007,-1,15,9997.536000,6.656000,362.622486,361.952254,360.000000,617,-2.622486,PI,FIFO,true,PI_FIFO,362.622486
19.730007,-1,15,10000.647000,7.303000,361.097737,361.824077,360.000000,617,-1.097737,PI,FIFO,true,PI_FIFO,361.097737
19.740007,-1,15,9999.924000,7.227000,357.460600,361.169555,360.000000,620,2.539400,PI,FIFO,true,PI_FIFO,357.460600
19.750007,-1,15,9999.850000,7.077000,357.278963,360.585966,360.000000,621,2.721037,PI,FIFO,true,PI_FIFO,357.278963
19.760008,-1,15,10000.758000,7.835000,351.562500,359.232446,360.000000,627,8.437500,PI,FIFO,true,PI_FIFO,351.562500
19.770007,-1,15,9999.406000,7.241000,355.293077,358.641541,360.000000,628,4.706923,PI,FIFO,true,PI_FIFO,355.293077
19.780019,-1,15,10011.795000,19.036000,354.777673,358.061961,360.000000,630,5.222327,PI,FIFO,true,PI_FIFO,354.777673
19.790016,-1,15,9996.665000,15.701000,359.287174,358.245743,360.000000,628,0.712826,PI,FIFO,true,PI_FIFO,359.287174
19.800010,-1,15,9994.184000,9.885000,359.367513,358.414008,360.000000,628,0.632487,PI,FIFO,true,PI_FIFO,359.367513
19.810012,-1,15,10001.647000,11.532000,362.622486,359.045280,360.000000,625,-2.622486,PI,FIFO,true,PI_FIFO,362.622486
19.820010,-1,15,9998.554000,10.086000,360.750361,359.301042,360.000000,626,-0.750361,PI,FIFO,true,PI_FIFO,360.750361
19.830013,-1,15,10002.609000,12.695000,362.622486,359.799259,360.000000,624,-2.622486,PI,FIFO,true,PI_FIFO,362.622486
19.840009,-1,15,9996.147000,8.842000,360.057609,359.838011,360.000000,625,-0.057609,PI,FIFO,true,PI_FIFO,360.057609
19.850008,-1,15,9999.425000,8.267000,363.936335,360.452760,360.000000,622,-3.936335,PI,FIFO,true,PI_FIFO,363.936335
19.860008,-1,15,10000.128000,8.395000,361.620058,360.627855,360.000000,622,-1.620058,PI,FIFO,true,PI_FIFO,361.620058
19.870008,-1,15,9999.943000,8.338000,366.020302,361.436722,360.000000,618,-6.020302,PI,FIFO,true,PI_FIFO,366.020302
19.880008,-1,15,9999.943000,8.281000,364.254492,361.859387,360.000000,617,-4.254492,PI,FIFO,true,PI_FIFO,364.254492
19.890008,-1,14,9999.887000,8.168000,365.449584,362.397917,360.000000,614,-5.449584,PI,FIFO,true,PI_FIFO,365.449584
19.900012,-1,15,10004.202000,12.370000,360.230548,362.072811,360.000000,616,-0.230548,PI,FIFO,true,PI_FIFO,360.230548
19.910009,-1,15,9997.055000,9.425000,357.097511,361.326516,360.000000,619,2.902489,PI,FIFO,true,PI_FIFO,357.097511
19.920008,-1,15,9999.054000,8.479000,355.113636,360.394584,360.000000,622,4.886364,PI,FIFO,true,PI_FIFO,355.113636
19.930008,-1,15,9999.887000,8.366000,355.113636,359.602442,360.000000,624,4.886364,PI,FIFO,true,PI_FIFO,355.113636
19.940012,-1,15,10004.054000,12.420000,352.443609,358.528617,360.000000,629,7.556391,PI,FIFO,true,PI_FIFO,352.443609
19.950009,-1,15,9996.462000,8.882000,355.832490,358.124198,360.000000,629,4.167510,PI,FIFO,true,PI_FIFO,355.832490
19.960009,-1,15,9999.628000,8.510000,360.923965,358.544163,360.000000,626,-0.923965,PI,FIFO,true,PI_FIFO,360.923965
19.970008,-1,15,9999.795000,8.305000,360.207480,358.793661,360.000000,626,-0.207480,PI,FIFO,true,PI_FIFO,360.207480
19.980009,-1,15,10000.591000,8.896000,360.576923,359.061150,360.000000,626,-0.576923,PI,FIFO,true,PI_FIFO,360.576923
19.990008,-1,15,9999.517000,8.413000,360.576923,359.288516,360.000000,625,-0.576923,PI,FIFO,true,PI_FIFO,360.576923
