elapsed_s,step_index,pwm_percent,loop_period_us,late_us,raw_rpm,filtered_rpm,target_rpm,pwm,error_rpm,intended_mode,intended_fifo,fifo_active,condition
0.010092,-1,20,10092.087000,92.087000,162.760417,162.760417,460.000000,819,297.239583,OpenLoop,NoFIFO,false,OpenLoop_NoFIFO
0.020075,-1,20,9983.144000,75.231000,197.160883,167.920487,460.000000,819,262.839117,OpenLoop,NoFIFO,false,OpenLoop_NoFIFO
0.030070,-1,20,9995.033000,70.264000,235.768176,178.097640,460.000000,819,224.231824,OpenLoop,NoFIFO,false,OpenLoop_NoFIFO
0.040071,-1,20,10000.643000,70.907000,168.817527,176.705623,460.000000,819,291.182473,OpenLoop,NoFIFO,false,OpenLoop_NoFIFO
0.050071,-1,20,9999.774000,70.681000,179.750746,177.162391,460.000000,819,280.249254,OpenLoop,NoFIFO,false,OpenLoop_NoFIFO
0.060071,-1,20,10000.255000,70.936000,238.482193,186.360362,460.000000,819,221.517807,OpenLoop,NoFIFO,false,OpenLoop_NoFIFO
0.070070,-1,20,9999.458000,70.394000,168.918919,183.744145,460.000000,819,291.081081,OpenLoop,NoFIFO,false,OpenLoop_NoFIFO
0.080071,-1,20,10000.607000,71.001000,156.947545,179.724655,460.000000,819,303.052455,OpenLoop,NoFIFO,false,OpenLoop_NoFIFO
0.090070,-1,20,9999.236000,70.237000,258.383096,191.523421,460.000000,819,201.616904,OpenLoop,NoFIFO,false,OpenLoop_NoFIFO
0.100071,-1,20,10000.366000,70.603000,174.256506,188.933384,460.000000,819,285.743494,OpenLoop,NoFIFO,false,OpenLoop_NoFIFO
0.110071,-1,20,10000.274000,70.877000,155.730897,183.953011,460.000000,819,304.269103,OpenLoop,NoFIFO,false,OpenLoop_NoFIFO
0.120071,-1,20,9999.754000,70.631000,269.960733,196.854169,460.000000,819,190.039267,OpenLoop,NoFIFO,false,OpenLoop_NoFIFO
0.130071,-1,20,10000.015000,70.646000,184.820108,195.049060,460.000000,819,275.179892,OpenLoop,NoFIFO,false,OpenLoop_NoFIFO
0.140070,-1,20,9999.792000,70.438000,146.179834,187.718676,460.000000,819,313.820166,OpenLoop,NoFIFO,false,OpenLoop_NoFIFO
0.150073,-1,20,10002.328000,72.766000,255.565652,197.895723,460.000000,819,204.434348,OpenLoop,NoFIFO,false,OpenLoop_NoFIFO
0.160073,-1,20,10000.255000,73.021000,202.671402,198.612074,460.000000,819,257.328598,OpenLoop,NoFIFO,false,OpenLoop_NoFIFO
0.170072,-1,20,9999.126000,72.147000,147.538219,190.950996,460.000000,819,312.461781,OpenLoop,NoFIFO,false,OpenLoop_NoFIFO
0.180072,-1,20,10000.254000,72.401000,246.062992,199.217796,460.000000,819,213.937008,OpenLoop,NoFIFO,false,OpenLoop_NoFIFO
0.190072,-1,20,9999.552000,71.953000,210.484957,200.907870,460.000000,819,249.515043,OpenLoop,NoFIFO,false,OpenLoop_NoFIFO
0.200114,-1,20,10041.791000,113.744000,149.093511,193.135716,460.000000,819,310.906489,OpenLoop,NoFIFO,false,OpenLoop_NoFIFO
0.210076,-1,20,9962.237000,75.981000,217.288243,196.758595,460.000000,819,242.711757,OpenLoop,NoFIFO,false,OpenLoop_NoFIFO
0.220072,-1,20,9995.588000,71.569000,210.726773,198.853822,460.000000,819,249.273227,OpenLoop,NoFIFO,false,OpenLoop_NoFIFO
0.230081,-1,20,10009.088000,80.657000,141.759073,190.289609,460.000000,819,318.240927,OpenLoop,NoFIFO,false,OpenLoop_NoFIFO
0.240076,-1,20,9995.607000,76.264000,223.960822,195.340291,460.000000,819,236.039178,OpenLoop,NoFIFO,false,OpenLoop_NoFIFO
0.250073,-1,20,9996.329000,72.593000,216.346154,198.491171,460.000000,819,243.653846,OpenLoop,NoFIFO,false,OpenLoop_NoFIFO
0.260074,-1,20,10001.829000,74.422000,156.772575,192.233381,460.000000,819,303.227425,OpenLoop,NoFIFO,false,OpenLoop_NoFIFO
0.270073,-1,20,9998.940000,73.362000,200.130455,193.417942,460.000000,819,259.869545,OpenLoop,NoFIFO,false,OpenLoop_NoFIFO
0.280071,-1,20,9997.681000,71.043000,239.036206,200.260682,460.000000,819,220.963794,OpenLoop,NoFIFO,false,OpenLoop_NoFIFO
0.290075,-1,20,10003.884000,74.927000,170.012953,195.723523,460.000000,819,289.987047,OpenLoop,NoFIFO,false,OpenLoop_NoFIFO
0.300076,-1,20,10000.996000,75.923000,186.918476,194.402766,460.000000,819,273.081524,OpenLoop,NoFIFO,false,OpenLoop_NoFIFO
0.310074,-1,20,9997.903000,73.826000,248.893805,202.576422,460.000000,819,211.106195,OpenLoop,NoFIFO,false,OpenLoop_NoFIFO
0.320074,-1,20,10000.366000,74.192000,178.656503,198.988434,460.000000,819,281.343497,OpenLoop,NoFIFO,false,OpenLoop_NoFIFO
0.330072,-1,20,9998.236000,72.428000,159.206696,193.021173,460.000000,819,300.793304,OpenLoop,NoFIFO,false,OpenLoop_NoFIFO
0.340072,-1,20,9999.311000,71.739000,258.070571,202.778583,460.000000,819,201.929429,OpenLoop,NoFIFO,false,OpenLoop_NoFIFO
0.350074,-1,20,10002.273000,74.012000,181.686047,199.614702,460.000000,819,278.313953,OpenLoop,NoFIFO,false,OpenLoop_NoFIFO
0.360072,-1,20,9997.940000,71.952000,148.674671,191.973698,460.000000,819,311.325329,OpenLoop,NoFIFO,false,OpenLoop_NoFIFO
0.370077,-1,20,10004.736000,76.688000,266.967252,203.222731,460.000000,819,193.032748,OpenLoop,NoFIFO,false,OpenLoop_NoFIFO
0.380073,-1,20,9996.440000,73.128000,191.773816,201.505394,460.000000,819,268.226184,OpenLoop,NoFIFO,false,OpenLoop_NoFIFO
0.390072,-1,20,9998.626000,71.754000,159.168081,195.154797,460.000000,819,300.831919,OpenLoop,NoFIFO,false,OpenLoop_NoFIFO
0.400071,-1,20,9999.125000,70.879000,273.396076,206.890989,460.000000,819,186.603924,OpenLoop,NoFIFO,false,OpenLoop_NoFIFO
0.410111,-1,20,10039.921000,110.800000,196.678322,205.359089,460.000000,819,263.321678,OpenLoop,NoFIFO,false,OpenLoop_NoFIFO
0.420071,-1,20,9959.737000,70.537000,150.160171,197.079251,460.000000,819,309.839829,OpenLoop,NoFIFO,false,OpenLoop_NoFIFO
0.430070,-1,20,9999.218000,69.755000,254.503949,205.692956,460.000000,819,205.496051,OpenLoop,NoFIFO,false,OpenLoop_NoFIFO
0.440070,-1,20,10000.643000,70.398000,209.731544,206.298744,460.000000,819,250.268456,OpenLoop,NoFIFO,false,OpenLoop_NoFIFO
0.450071,-1,20,10000.274000,70.672000,147.870662,197.534532,460.000000,819,312.129338,OpenLoop,NoFIFO,false,OpenLoop_NoFIFO
0.460070,-1,20,9999.384000,70.056000,247.622821,205.047775,460.000000,819,212.377179,OpenLoop,NoFIFO,false,OpenLoop_NoFIFO
0.470070,-1,20,10000.440000,70.496000,221.224436,207.474274,460.000000,819,238.775564,OpenLoop,NoFIFO,false,OpenLoop_NoFIFO
0.480070,-1,20,9999.774000,70.270000,152.770234,199.268668,460.000000,819,307.229766,OpenLoop,NoFIFO,false,OpenLoop_NoFIFO
0.490071,-1,20,10000.384000,70.654000,218.856112,202.206785,460.000000,819,241.143888,OpenLoop,NoFIFO,false,OpenLoop_NoFIFO
0.500070,-1,20,9999.607000,70.261000,222.507911,205.251954,460.000000,819,237.492089,OpenLoop,NoFIFO,false,OpenLoop_NoFIFO
0.510070,-1,20,10000.181000,70.442000,155.288689,197.757464,460.000000,819,304.711311,OpenLoop,NoFIFO,false,OpenLoop_NoFIFO
0.520070,-1,20,9999.773000,70.215000,203.472599,198.614734,460.000000,819,256.527401,OpenLoop,NoFIFO,false,OpenLoop_NoFIFO
0.530070,-1,20,9999.977000,70.192000,237.823440,204.496040,460.000000,819,222.176560,OpenLoop,NoFIFO,false,OpenLoop_NoFIFO
0.540078,-1,20,10007.385000,77.577000,172.063450,199.631152,460.000000,819,287.936550,OpenLoop,NoFIFO,false,OpenLoop_NoFIFO
0.550073,-1,20,9995.514000,73.091000,175.726336,196.045429,460.000000,819,284.273664,OpenLoop,NoFIFO,false,OpenLoop_NoFIFO
0.560072,-1,20,9998.644000,71.735000,243.449008,203.155966,460.000000,819,216.550992,OpenLoop,NoFIFO,false,OpenLoop_NoFIFO
0.570082,-1,20,10010.347000,82.082000,169.223827,198.066145,460.000000,819,290.776173,OpenLoop,NoFIFO,false,OpenLoop_NoFIFO
0.580083,-1,20,10000.459000,82.541000,162.599108,192.746090,460.000000,819,297.400892,OpenLoop,NoFIFO,false,OpenLoop_NoFIFO
0.590073,-1,20,9990.625000,73.166000,254.065041,201.943932,460.000000,819,205.934959,OpenLoop,NoFIFO,false,OpenLoop_NoFIFO
0.600075,-1,20,10001.885000,75.051000,183.016105,199.104758,460.000000,819,276.983895,OpenLoop,NoFIFO,false,OpenLoop_NoFIFO
0.610076,-1,20,10000.477000,75.528000,155.141844,192.510321,460.000000,819,304.858156,OpenLoop,NoFIFO,false,OpenLoop_NoFIFO
0.620072,-1,20,9996.495000,72.023000,264.966598,203.378763,460.000000,819,195.033402,OpenLoop,NoFIFO,false,OpenLoop_NoFIFO
0.630077,-1,20,10005.181000,77.204000,191.326531,201.570928,460.000000,819,268.673469,OpenLoop,NoFIFO,false,OpenLoop_NoFIFO
0.640075,-1,20,9997.440000,74.644000,155.878860,194.717118,460.000000,819,304.121140,OpenLoop,NoFIFO,false,OpenLoop_NoFIFO
0.650074,-1,20,9998.977000,73.621000,262.271109,204.850216,460.000000,819,197.728891,OpenLoop,NoFIFO,false,OpenLoop_NoFIFO
0.660076,-1,20,10002.144000,75.765000,200.534759,204.202898,460.000000,819,259.465241,OpenLoop,NoFIFO,false,OpenLoop_NoFIFO
0.670081,-1,20,10005.440000,81.205000,151.453958,196.290557,460.000000,819,308.546042,OpenLoop,NoFIFO,false,OpenLoop_NoFIFO
0.680075,-1,20,9993.848000,75.053000,239.974403,202.843134,460.000000,819,220.025597,OpenLoop,NoFIFO,false,OpenLoop_NoFIFO
0.690079,-1,20,10003.477000,78.530000,205.704882,203.272396,460.000000,819,254.295118,OpenLoop,NoFIFO,false,OpenLoop_NoFIFO
0.700076,-1,20,9997.421000,75.951000,145.273760,194.572601,460.000000,819,314.726240,OpenLoop,NoFIFO,false,OpenLoop_NoFIFO
0.710073,-1,20,9997.477000,73.428000,224.928023,199.125914,460.000000,819,235.071977,OpenLoop,NoFIFO,false,OpenLoop_NoFIFO
0.720076,-1,20,10002.311000,75.739000,216.712899,201.763962,460.000000,819,243.287101,OpenLoop,NoFIFO,false,OpenLoop_NoFIFO
0.730075,-1,20,9999.329000,75.068000,149.920043,193.987374,460.000000,819,310.079957,OpenLoop,NoFIFO,false,OpenLoop_NoFIFO
0.740081,-1,20,10005.625000,80.693000,227.217644,198.971914,460.000000,819,232.782356,OpenLoop,NoFIFO,false,OpenLoop_NoFIFO
0.750079,-1,20,9997.810000,78.503000,231.417992,203.838826,460.000000,819,228.582008,OpenLoop,NoFIFO,false,OpenLoop_NoFIFO
0.760077,-1,20,9998.052000,76.555000,164.473684,197.934055,460.000000,819,295.526316,OpenLoop,NoFIFO,false,OpenLoop_NoFIFO
0.770074,-1,20,9997.514000,74.069000,202.144226,198.565581,460.000000,819,257.855774,OpenLoop,NoFIFO,false,OpenLoop_NoFIFO
0.780073,-1,20,9998.569000,72.638000,241.963867,205.075323,460.000000,819,218.036133,OpenLoop,NoFIFO,false,OpenLoop_NoFIFO
0.790073,-1,20,10000.329000,72.967000,170.277634,199.855670,460.000000,819,289.722366,OpenLoop,NoFIFO,false,OpenLoop_NoFIFO
0.800078,-1,20,10004.829000,77.796000,186.660030,197.876324,460.000000,819,273.339970,OpenLoop,NoFIFO,false,OpenLoop_NoFIFO
0.810075,-1,20,9997.126000,74.922000,246.451104,205.162541,460.000000,819,213.548896,OpenLoop,NoFIFO,false,OpenLoop_NoFIFO
0.820073,-1,20,9998.458000,73.380000,174.825175,200.611936,460.000000,819,285.174825,OpenLoop,NoFIFO,false,OpenLoop_NoFIFO
0.830074,-1,20,10000.181000,73.561000,155.903548,193.905678,460.000000,819,304.096452,OpenLoop,NoFIFO,false,OpenLoop_NoFIFO
0.840069,-1,20,9995.440000,69.001000,256.381039,203.276982,460.000000,819,203.618961,OpenLoop,NoFIFO,false,OpenLoop_NoFIFO
0.850081,-1,20,10011.996000,80.997000,173.335975,198.785831,460.000000,819,286.664025,OpenLoop,NoFIFO,false,OpenLoop_NoFIFO
0.860076,-1,20,9994.995000,75.992000,153.472872,191.988887,460.000000,819,306.527128,OpenLoop,NoFIFO,false,OpenLoop_NoFIFO
0.870074,-1,20,9997.755000,73.747000,269.819466,203.663474,460.000000,819,190.180534,OpenLoop,NoFIFO,false,OpenLoop_NoFIFO
0.880079,-1,20,10004.811000,78.558000,188.158555,201.337736,460.000000,819,271.841445,OpenLoop,NoFIFO,false,OpenLoop_NoFIFO
0.890084,-1,20,10005.773000,84.331000,149.442083,193.553388,460.000000,819,310.557917,OpenLoop,NoFIFO,false,OpenLoop_NoFIFO
0.900076,-1,20,9991.496000,75.827000,261.020882,203.673512,460.000000,819,198.979118,OpenLoop,NoFIFO,false,OpenLoop_NoFIFO
0.910080,-1,20,10004.403000,80.230000,205.030071,203.876996,460.000000,819,254.969929,OpenLoop,NoFIFO,false,OpenLoop_NoFIFO
0.920076,-1,20,9995.940000,76.170000,148.877042,195.627003,460.000000,819,311.122958,OpenLoop,NoFIFO,false,OpenLoop_NoFIFO
0.930074,-1,20,9997.440000,73.610000,250.303398,203.828462,460.000000,819,209.696602,OpenLoop,NoFIFO,false,OpenLoop_NoFIFO
0.940080,-1,20,10006.625000,80.235000,210.792580,204.873080,460.000000,819,249.207420,OpenLoop,NoFIFO,false,OpenLoop_NoFIFO
0.950079,-1,20,9998.810000,79.045000,146.746422,196.154081,460.000000,819,313.253578,OpenLoop,NoFIFO,false,OpenLoop_NoFIFO
0.960075,-1,20,9996.403000,75.448000,238.482193,202.503298,460.000000,819,221.517807,OpenLoop,NoFIFO,false,OpenLoop_NoFIFO
0.970082,-1,20,10006.403000,81.851000,219.246960,205.014847,460.000000,819,240.753040,OpenLoop,NoFIFO,false,OpenLoop_NoFIFO
0.980079,-1,20,9997.626000,79.477000,158.361486,198.016843,460.000000,819,301.638514,OpenLoop,NoFIFO,false,OpenLoop_NoFIFO
0.990076,-1,20,9996.181000,75.658000,230.498435,202.889082,460.000000,819,229.501565,OpenLoop,NoFIFO,false,OpenLoop_NoFIFO
1.000079,-1,20,10003.403000,79.061000,238.549618,208.238162,460.000000,819,221.450382,OpenLoop,NoFIFO,false,OpenLoop_NoFIFO
1.010076,-1,20,9996.606000,75.667000,174.825175,203.226214,460.000000,819,285.174825,OpenLoop,NoFIFO,false,OpenLoop_NoFIFO
1.020079,-1,20,10003.533000,79.200000,226.206434,206.673247,460.000000,819,233.793566,OpenLoop,NoFIFO,false,OpenLoop_NoFIFO
1.030079,-1,20,9999.551000,78.751000,245.302093,212.467574,460.000000,819,214.697907,OpenLoop,NoFIFO,false,OpenLoop_NoFIFO
1.040076,-1,20,9996.848000,75.599000,174.256506,206.735914,460.000000,819,285.743494,OpenLoop,NoFIFO,false,OpenLoop_NoFIFO
1.050086,-1,20,10010.680000,86.279000,197.970436,205.421092,460.000000,819,262.029564,OpenLoop,NoFIFO,false,OpenLoop_NoFIFO
1.060078,-1,20,9992.107000,78.386000,252.423263,212.471418,460.000000,819,207.576737,OpenLoop,NoFIFO,false,OpenLoop_NoFIFO
1.070075,-1,20,9996.459000,74.845000,175.186866,206.878735,460.000000,819,284.813134,OpenLoop,NoFIFO,false,OpenLoop_NoFIFO
1.080071,-1,20,9996.495000,71.340000,163.408865,200.358255,460.000000,819,296.591135,OpenLoop,NoFIFO,false,OpenLoop_NoFIFO
1.090074,-1,20,10002.385000,73.725000,265.205092,210.085280,460.000000,819,194.794908,OpenLoop,NoFIFO,false,OpenLoop_NoFIFO
1.100076,-1,20,10002.458000,76.183000,184.859155,206.301361,460.000000,819,275.140845,OpenLoop,NoFIFO,false,OpenLoop_NoFIFO
1.110075,-1,20,9998.792000,74.975000,164.257556,199.994791,460.000000,819,295.742444,OpenLoop,NoFIFO,false,OpenLoop_NoFIFO
1.120077,-1,20,10001.552000,76.527000,270.953757,210.638636,460.000000,819,189.046243,OpenLoop,NoFIFO,false,OpenLoop_NoFIFO
1.130074,-1,20,9997.458000,73.985000,212.960626,210.986934,460.000000,819,247.039374,OpenLoop,NoFIFO,false,OpenLoop_NoFIFO
1.140072,-1,20,9998.014000,71.999000,161.558346,203.572646,460.000000,819,298.441654,OpenLoop,NoFIFO,false,OpenLoop_NoFIFO
1.150078,-1,20,10005.996000,77.995000,262.271109,212.377415,460.000000,819,197.728891,OpenLoop,NoFIFO,false,OpenLoop_NoFIFO
1.160077,-1,20,9998.514000,76.509000,214.694656,212.725001,460.000000,819,245.305344,OpenLoop,NoFIFO,false,OpenLoop_NoFIFO
1.170072,-1,20,9995.922000,72.431000,160.139092,204.837115,460.000000,819,299.860908,OpenLoop,NoFIFO,false,OpenLoop_NoFIFO
1.180082,-1,20,10009.162000,81.593000,262.605042,213.502304,460.000000,819,197.394958,OpenLoop,NoFIFO,false,OpenLoop_NoFIFO
1.190075,-1,20,9993.884000,75.477000,222.507911,214.853145,460.000000,819,237.492089,OpenLoop,NoFIFO,false,OpenLoop_NoFIFO
1.200075,-1,20,9999.107000,74.584000,167.581716,207.762431,460.000000,819,292.418284,OpenLoop,NoFIFO,false,OpenLoop_NoFIFO
1.210077,-1,20,10002.051000,76.635000,249.576476,214.034538,460.000000,819,210.423524,OpenLoop,NoFIFO,false,OpenLoop_NoFIFO
1.220077,-1,20,10000.014000,76.649000,227.769679,216.094809,460.000000,819,232.230321,OpenLoop,NoFIFO,false,OpenLoop_NoFIFO
1.230080,-1,20,10003.626000,80.275000,169.311146,209.077259,460.000000,819,290.688854,OpenLoop,NoFIFO,false,OpenLoop_NoFIFO
1.240078,-1,20,9997.606000,77.881000,228.102190,211.930999,460.000000,819,231.897810,OpenLoop,NoFIFO,false,OpenLoop_NoFIFO
1.250075,-1,20,9996.903000,74.784000,234.244864,215.278079,460.000000,819,225.755136,OpenLoop,NoFIFO,false,OpenLoop_NoFIFO
1.260072,-1,20,9996.941000,71.725000,174.337517,209.136995,460.000000,819,285.662483,OpenLoop,NoFIFO,false,OpenLoop_NoFIFO
1.270076,-1,20,10004.125000,75.850000,217.461340,210.385646,460.000000,819,242.538660,OpenLoop,NoFIFO,false,OpenLoop_NoFIFO
1.280075,-1,20,9999.273000,75.123000,257.554945,217.461041,460.000000,819,202.445055,OpenLoop,NoFIFO,false,OpenLoop_NoFIFO
1.290073,-1,20,9997.811000,72.934000,192.604006,213.732486,460.000000,819,267.395994,OpenLoop,NoFIFO,false,OpenLoop_NoFIFO
1.300076,-1,20,10002.588000,75.522000,216.113416,214.089625,460.000000,819,243.886584,OpenLoop,NoFIFO,false,OpenLoop_NoFIFO
1.310080,-1,20,10004.125000,79.647000,269.678347,222.427934,460.000000,819,190.321653,OpenLoop,NoFIFO,false,OpenLoop_NoFIFO
1.320076,-1,20,9996.385000,76.032000,202.532405,219.443604,460.000000,819,257.467595,OpenLoop,NoFIFO,false,OpenLoop_NoFIFO
1.330080,-1,20,10003.606000,79.638000,194.906445,215.763031,460.000000,819,265.093555,OpenLoop,NoFIFO,false,OpenLoop_NoFIFO
1.340080,-1,20,10000.533000,80.171000,281.390695,225.607180,460.000000,819,178.609305,OpenLoop,NoFIFO,false,OpenLoop_NoFIFO
1.350076,-1,20,9995.496000,75.667000,205.366922,222.571142,460.000000,819,254.633078,OpenLoop,NoFIFO,false,OpenLoop_NoFIFO
1.360071,-1,20,9995.532000,71.199000,185.114085,216.952583,460.000000,819,274.885915,OpenLoop,NoFIFO,false,OpenLoop_NoFIFO
1.370080,-1,20,10008.459000,79.658000,285.664820,227.259419,460.000000,819,174.335180,OpenLoop,NoFIFO,false,OpenLoop_NoFIFO
1.380082,-1,20,10002.792000,82.450000,214.258507,225.309282,460.000000,819,245.741493,OpenLoop,NoFIFO,false,OpenLoop_NoFIFO
1.390075,-1,20,9992.921000,75.371000,172.970480,217.458462,460.000000,819,287.029520,OpenLoop,NoFIFO,false,OpenLoop_NoFIFO
1.400081,-1,20,10005.829000,81.200000,268.210827,225.071316,460.000000,819,191.789173,OpenLoop,NoFIFO,false,OpenLoop_NoFIFO
1.410076,-1,20,9995.218000,76.418000,232.951408,226.253330,460.000000,819,227.048592,OpenLoop,NoFIFO,false,OpenLoop_NoFIFO
1.420071,-1,20,9995.033000,71.451000,175.397568,218.624966,460.000000,819,284.602432,OpenLoop,NoFIFO,false,OpenLoop_NoFIFO
1.430078,-1,20,10006.255000,77.706000,287.305516,228.927048,460.000000,819,172.694484,OpenLoop,NoFIFO,false,OpenLoop_NoFIFO
1.440075,-1,20,9997.440000,75.146000,232.694429,229.492155,460.000000,819,227.305571,OpenLoop,NoFIFO,false,OpenLoop_NoFIFO
1.450060,-1,20,9984.718000,59.864000,181.686047,222.321239,460.000000,819,278.313953,OpenLoop,NoFIFO,false,OpenLoop_NoFIFO
1.460075,-1,20,10015.588000,75.452000,251.228227,226.657287,460.000000,819,208.771773,OpenLoop,NoFIFO,false,OpenLoop_NoFIFO
1.470074,-1,20,9998.144000,73.596000,248.278602,229.900484,460.000000,819,211.721398,OpenLoop,NoFIFO,false,OpenLoop_NoFIFO
1.480072,-1,20,9998.643000,72.239000,183.823529,222.988941,460.000000,819,276.176471,OpenLoop,NoFIFO,false,OpenLoop_NoFIFO
1.490073,-1,20,10000.681000,72.920000,238.307067,225.286660,460.000000,819,221.692933,OpenLoop,NoFIFO,false,OpenLoop_NoFIFO
1.500072,-1,20,9998.607000,71.527000,251.903269,229.279151,460.000000,819,208.096731,OpenLoop,NoFIFO,false,OpenLoop_NoFIFO
1.510073,-1,20,10001.644000,73.171000,176.982201,221.434609,460.000000,819,283.017799,OpenLoop,NoFIFO,false,OpenLoop_NoFIFO
1.520068,-1,20,9994.773000,67.944000,225.794798,222.088637,460.000000,819,234.205202,OpenLoop,NoFIFO,false,OpenLoop_NoFIFO
1.530072,-1,20,10004.125000,72.069000,258.588265,227.563581,460.000000,819,201.411735,OpenLoop,NoFIFO,false,OpenLoop_NoFIFO
1.540071,-1,20,9999.311000,71.380000,195.414278,222.741186,460.000000,819,264.585722,OpenLoop,NoFIFO,false,OpenLoop_NoFIFO
1.550072,-1,20,10000.995000,72.375000,213.553531,221.363038,460.000000,819,246.446469,OpenLoop,NoFIFO,false,OpenLoop_NoFIFO
1.560071,-1,20,9998.829000,71.204000,268.414888,228.420815,460.000000,819,191.585112,OpenLoop,NoFIFO,false,OpenLoop_NoFIFO
1.570070,-1,20,9999.070000,70.274000,201.721356,224.415896,460.000000,819,258.278644,OpenLoop,NoFIFO,false,OpenLoop_NoFIFO
1.580070,-1,20,10000.033000,70.307000,188.347564,219.005646,460.000000,819,271.652436,OpenLoop,NoFIFO,false,OpenLoop_NoFIFO
1.590070,-1,20,9999.607000,69.914000,285.287921,228.947988,460.000000,819,174.712079,OpenLoop,NoFIFO,false,OpenLoop_NoFIFO
1.600070,-1,20,10000.069000,69.983000,210.832084,226.230602,460.000000,819,249.167916,OpenLoop,NoFIFO,false,OpenLoop_NoFIFO
1.610069,-1,20,9999.125000,69.108000,187.687688,220.449165,460.000000,819,272.312312,OpenLoop,NoFIFO,false,OpenLoop_NoFIFO
1.620070,-1,20,10001.126000,70.234000,281.762295,229.646134,460.000000,819,178.237705,OpenLoop,NoFIFO,false,OpenLoop_NoFIFO
1.630069,-1,20,9999.125000,69.359000,228.324403,229.447875,460.000000,819,231.675597,OpenLoop,NoFIFO,false,OpenLoop_NoFIFO
1.640071,-1,20,10001.366000,70.725000,174.164013,221.155295,460.000000,819,285.835987,OpenLoop,NoFIFO,false,OpenLoop_NoFIFO
1.650069,-1,20,9998.625000,69.350000,278.762580,229.796388,460.000000,819,181.237420,OpenLoop,NoFIFO,false,OpenLoop_NoFIFO
1.660070,-1,20,10000.570000,69.920000,226.449275,229.294321,460.000000,819,233.550725,OpenLoop,NoFIFO,false,OpenLoop_NoFIFO
1.670073,-1,20,10002.866000,72.786000,174.499767,221.075138,460.000000,819,285.500233,OpenLoop,NoFIFO,false,OpenLoop_NoFIFO
1.680073,-1,20,10000.347000,73.133000,272.673189,228.814846,460.000000,819,187.326811,OpenLoop,NoFIFO,false,OpenLoop_NoFIFO
1.690073,-1,20,9999.496000,72.629000,235.671192,229.843298,460.000000,819,224.328808,OpenLoop,NoFIFO,false,OpenLoop_NoFIFO
1.700071,-1,20,9998.329000,70.958000,178.826896,222.190837,460.000000,819,281.173104,OpenLoop,NoFIFO,false,OpenLoop_NoFIFO
1.710082,-1,20,10010.551000,81.509000,257.297904,227.456897,460.000000,819,202.702096,OpenLoop,NoFIFO,false,OpenLoop_NoFIFO
1.720076,-1,20,9994.885000,76.394000,235.337745,228.639025,460.000000,819,224.662255,OpenLoop,NoFIFO,false,OpenLoop_NoFIFO
1.730072,-1,20,9995.440000,71.834000,174.813532,220.565201,460.000000,819,285.186468,OpenLoop,NoFIFO,false,OpenLoop_NoFIFO
1.740073,-1,20,10001.310000,73.144000,254.881364,225.712625,460.000000,819,205.118636,OpenLoop,NoFIFO,false,OpenLoop_NoFIFO
1.750075,-1,20,10001.977000,75.121000,252.831715,229.780489,460.000000,819,207.168285,OpenLoop,NoFIFO,false,OpenLoop_NoFIFO
1.760072,-1,20,9997.089000,72.210000,198.063380,225.022922,460.000000,819,261.936620,OpenLoop,NoFIFO,false,OpenLoop_NoFIFO
1.770071,-1,20,9998.792000,71.002000,235.198194,226.549213,460.000000,819,224.801806,OpenLoop,NoFIFO,false,OpenLoop_NoFIFO
1.780071,-1,20,9999.606000,70.608000,253.752461,230.629700,460.000000,819,206.247539,OpenLoop,NoFIFO,false,OpenLoop_NoFIFO
1.790070,-1,20,9999.811000,70.419000,193.355922,225.038634,460.000000,819,266.644078,OpenLoop,NoFIFO,false,OpenLoop_NoFIFO
1.800070,-1,20,9999.236000,69.655000,219.789003,224.251189,460.000000,819,240.210997,OpenLoop,NoFIFO,false,OpenLoop_NoFIFO
1.810071,-1,20,10001.107000,70.762000,275.882825,231.995934,460.000000,819,184.117175,OpenLoop,NoFIFO,false,OpenLoop_NoFIFO
1.820070,-1,20,9999.292000,70.054000,206.195015,228.125796,460.000000,819,253.804985,OpenLoop,NoFIFO,false,OpenLoop_NoFIFO
1.830070,-1,20,10000.088000,70.142000,202.483801,224.279497,460.000000,819,257.516199,OpenLoop,NoFIFO,false,OpenLoop_NoFIFO
1.840070,-1,20,9999.829000,69.971000,283.562122,233.171891,460.000000,819,176.437878,OpenLoop,NoFIFO,false,OpenLoop_NoFIFO
1.850071,-1,20,10000.662000,70.633000,213.797035,230.265663,460.000000,819,246.202965,OpenLoop,NoFIFO,false,OpenLoop_NoFIFO
1.860070,-1,20,9999.385000,70.018000,185.195347,223.505115,460.000000,819,274.804653,OpenLoop,NoFIFO,false,OpenLoop_NoFIFO
1.870070,-1,20,10000.421000,70.439000,295.656537,234.327828,460.000000,819,164.343463,OpenLoop,NoFIFO,false,OpenLoop_NoFIFO
1.880073,-1,20,10002.626000,73.065000,221.421823,232.391928,460.000000,819,238.578177,OpenLoop,NoFIFO,false,OpenLoop_NoFIFO
1.890091,-1,20,10017.680000,90.745000,182.926829,224.972163,460.000000,819,277.073171,OpenLoop,NoFIFO,false,OpenLoop_NoFIFO
1.900077,-1,20,9985.848000,76.593000,283.694134,233.780459,460.000000,819,176.305866,OpenLoop,NoFIFO,false,OpenLoop_NoFIFO
1.910074,-1,20,9997.792000,74.385000,226.327790,232.662558,460.000000,819,233.672210,OpenLoop,NoFIFO,false,OpenLoop_NoFIFO
1.920072,-1,20,9997.514000,71.899000,179.769895,224.728659,460.000000,819,280.230105,OpenLoop,NoFIFO,false,OpenLoop_NoFIFO
1.930074,-1,20,10002.014000,73.913000,284.378160,233.676084,460.000000,819,175.621840,OpenLoop,NoFIFO,false,OpenLoop_NoFIFO
1.940070,-1,20,9996.514000,70.427000,234.023964,233.728266,460.000000,819,225.976036,OpenLoop,NoFIFO,false,OpenLoop_NoFIFO
1.950071,-1,20,10000.589000,71.016000,179.794521,225.638204,460.000000,819,280.205479,OpenLoop,NoFIFO,false,OpenLoop_NoFIFO
1.960070,-1,20,9998.736000,69.752000,268.112488,232.009347,460.000000,819,191.887512,OpenLoop,NoFIFO,false,OpenLoop_NoFIFO
1.970076,-1,20,10006.070000,75.822000,244.905956,233.943838,460.000000,819,215.094044,OpenLoop,NoFIFO,false,OpenLoop_NoFIFO
1.980071,-1,20,9995.236000,71.058000,184.365782,226.507130,460.000000,819,275.634218,OpenLoop,NoFIFO,false,OpenLoop_NoFIFO
1.990071,-1,20,9999.662000,70.720000,240.384615,228.588752,460.000000,819,219.615385,OpenLoop,NoFIFO,false,OpenLoop_NoFIFO
2.000069,-1,20,9998.755000,69.475000,245.418848,231.113267,460.000000,819,214.581152,OpenLoop,NoFIFO,false,OpenLoop_NoFIFO
2.010070,-1,20,10000.866000,70.341000,176.982201,222.993607,460.000000,819,283.017799,OpenLoop,NoFIFO,false,OpenLoop_NoFIFO
2.020069,-1,20,9998.940000,69.281000,234.257871,224.683247,460.000000,819,225.742129,OpenLoop,NoFIFO,false,OpenLoop_NoFIFO
2.030070,-1,20,10001.200000,70.481000,265.786082,230.848672,460.000000,819,194.213918,OpenLoop,NoFIFO,false,OpenLoop_NoFIFO
2.040080,-1,20,10009.921000,80.402000,198.622881,226.014803,460.000000,819,261.377119,OpenLoop,NoFIFO,false,OpenLoop_NoFIFO
2.050076,-1,20,9995.699000,76.101000,222.390617,225.471175,460.000000,819,237.609383,OpenLoop,NoFIFO,false,OpenLoop_NoFIFO
2.060073,-1,20,9996.774000,72.875000,280.828757,233.774813,460.000000,819,179.171243,OpenLoop,NoFIFO,false,OpenLoop_NoFIFO
2.070072,-1,20,9998.792000,71.667000,214.476360,230.880045,460.000000,819,245.523640,OpenLoop,NoFIFO,false,OpenLoop_NoFIFO
2.080073,-1,20,10001.032000,72.699000,216.113416,228.665050,460.000000,819,243.886584,OpenLoop,NoFIFO,false,OpenLoop_NoFIFO
2.090073,-1,20,10000.292000,72.991000,299.361362,239.269497,460.000000,819,160.638638,OpenLoop,NoFIFO,false,OpenLoop_NoFIFO
2.100071,-1,20,9997.626000,70.617000,221.421823,236.592346,460.000000,819,238.578177,OpenLoop,NoFIFO,false,OpenLoop_NoFIFO
2.110081,-1,20,10010.792000,81.409000,200.427579,231.167631,460.000000,819,259.572421,OpenLoop,NoFIFO,false,OpenLoop_NoFIFO
2.120078,-1,20,9996.662000,78.071000,292.546807,240.374508,460.000000,819,167.453193,OpenLoop,NoFIFO,false,OpenLoop_NoFIFO
2.130072,-1,20,9994.033000,72.104000,230.785011,238.936083,460.000000,819,229.214989,OpenLoop,NoFIFO,false,OpenLoop_NoFIFO
2.140072,-1,20,9999.810000,71.914000,188.758389,231.409429,460.000000,819,271.241611,OpenLoop,NoFIFO,false,OpenLoop_NoFIFO
2.150072,-1,20,9999.755000,71.669000,310.259239,243.236900,460.000000,819,149.740761,OpenLoop,NoFIFO,false,OpenLoop_NoFIFO
2.160071,-1,20,9999.533000,71.202000,236.384266,242.209005,460.000000,819,223.615734,OpenLoop,NoFIFO,false,OpenLoop_NoFIFO
2.170072,-1,20,10001.199000,72.401000,185.368265,233.682894,460.000000,819,274.631735,OpenLoop,NoFIFO,false,OpenLoop_NoFIFO
2.180073,-1,20,10000.199000,72.600000,282.379518,240.987388,460.000000,819,177.620482,OpenLoop,NoFIFO,false,OpenLoop_NoFIFO
2.190102,-1,20,10029.014000,101.614000,247.100685,241.904382,460.000000,819,212.899315,OpenLoop,NoFIFO,false,OpenLoop_NoFIFO
2.200072,-1,20,9969.940000,71.554000,185.185185,233.396503,460.000000,819,274.814815,OpenLoop,NoFIFO,false,OpenLoop_NoFIFO
2.210072,-1,20,10000.515000,72.069000,283.154860,240.860256,460.000000,819,176.845140,OpenLoop,NoFIFO,false,OpenLoop_NoFIFO
2.220071,-1,20,9998.829000,70.898000,257.319305,243.329114,460.000000,819,202.680695,OpenLoop,NoFIFO,false,OpenLoop_NoFIFO
2.230071,-1,20,10000.106000,71.004000,193.998965,235.929591,460.000000,819,266.001035,OpenLoop,NoFIFO,false,OpenLoop_NoFIFO
2.240071,-1,20,10000.477000,71.481000,258.847892,239.367336,460.000000,819,201.152108,OpenLoop,NoFIFO,false,OpenLoop_NoFIFO
2.250073,-1,20,10001.126000,72.607000,268.135725,243.682595,460.000000,819,191.864275,OpenLoop,NoFIFO,false,OpenLoop_NoFIFO
2.260071,-1,20,9998.421000,71.028000,199.468085,237.050418,460.000000,819,260.531915,OpenLoop,NoFIFO,false,OpenLoop_NoFIFO
2.270072,-1,20,10001.292000,72.320000,248.973926,238.838944,460.000000,819,211.026074,OpenLoop,NoFIFO,false,OpenLoop_NoFIFO
2.280071,-1,20,9998.959000,71.279000,276.474531,244.484282,460.000000,819,183.525469,OpenLoop,NoFIFO,false,OpenLoop_NoFIFO
2.290094,-1,20,10022.958000,94.237000,209.159643,239.185586,460.000000,819,250.840357,OpenLoop,NoFIFO,false,OpenLoop_NoFIFO
2.300072,-1,20,9977.477000,71.714000,228.770132,237.623268,460.000000,819,231.229868,OpenLoop,NoFIFO,false,OpenLoop_NoFIFO
2.310072,-1,20,10000.033000,71.747000,285.421546,244.793010,460.000000,819,174.578454,OpenLoop,NoFIFO,false,OpenLoop_NoFIFO
2.320068,-1,20,9996.144000,67.891000,215.393452,240.383076,460.000000,819,244.606548,OpenLoop,NoFIFO,false,OpenLoop_NoFIFO
2.330072,-1,20,10003.810000,71.701000,215.418199,236.638345,460.000000,819,244.581801,OpenLoop,NoFIFO,false,OpenLoop_NoFIFO
2.340071,-1,20,9999.477000,71.178000,312.153163,247.965567,460.000000,819,147.846837,OpenLoop,NoFIFO,false,OpenLoop_NoFIFO
2.350071,-1,20,10000.292000,71.470000,224.928023,244.509936,460.000000,819,235.071977,OpenLoop,NoFIFO,false,OpenLoop_NoFIFO
2.360072,-1,20,10000.163000,71.633000,203.215318,238.315743,460.000000,819,256.784682,OpenLoop,NoFIFO,false,OpenLoop_NoFIFO
2.370073,-1,20,10000.995000,72.628000,302.119484,247.886304,460.000000,819,157.880516,OpenLoop,NoFIFO,false,OpenLoop_NoFIFO
2.380071,-1,20,9998.792000,71.420000,233.467072,245.723419,460.000000,819,226.532928,OpenLoop,NoFIFO,false,OpenLoop_NoFIFO
2.390096,-1,20,10024.940000,96.360000,191.326531,237.563886,460.000000,819,268.673469,OpenLoop,NoFIFO,false,OpenLoop_NoFIFO
2.400072,-1,20,9975.311000,71.671000,319.378931,249.836143,460.000000,819,140.621069,OpenLoop,NoFIFO,false,OpenLoop_NoFIFO
2.410072,-1,20,10000.292000,71.963000,243.253762,248.848786,460.000000,819,216.746238,OpenLoop,NoFIFO,false,OpenLoop_NoFIFO
2.420072,-1,20,9999.569000,71.532000,195.924765,240.910183,460.000000,819,264.075235,OpenLoop,NoFIFO,false,OpenLoop_NoFIFO
2.430071,-1,20,9999.774000,71.306000,288.969617,248.119098,460.000000,819,171.030383,OpenLoop,NoFIFO,false,OpenLoop_NoFIFO
2.440071,-1,20,9999.847000,71.153000,249.335106,248.301499,460.000000,819,210.664894,OpenLoop,NoFIFO,false,OpenLoop_NoFIFO
2.450071,-1,20,10000.329000,71.482000,192.674692,239.957478,460.000000,819,267.325308,OpenLoop,NoFIFO,false,OpenLoop_NoFIFO
2.460072,-1,20,10000.570000,72.052000,292.056075,247.772267,460.000000,819,167.943925,OpenLoop,NoFIFO,false,OpenLoop_NoFIFO
2.470071,-1,20,9999.070000,71.122000,261.725293,249.865221,460.000000,819,198.274707,OpenLoop,NoFIFO,false,OpenLoop_NoFIFO
2.480071,-1,20,9999.810000,70.932000,199.656886,242.333971,460.000000,819,260.343114,OpenLoop,NoFIFO,false,OpenLoop_NoFIFO
2.490093,-1,20,10021.718000,92.650000,262.004573,245.284561,460.000000,819,197.995427,OpenLoop,NoFIFO,false,OpenLoop_NoFIFO
2.500072,-1,20,9978.922000,71.572000,266.967252,248.536965,460.000000,819,193.032748,OpenLoop,NoFIFO,false,OpenLoop_NoFIFO
2.510072,-1,20,10000.217000,71.789000,194.704050,240.462028,460.000000,819,265.295950,OpenLoop,NoFIFO,false,OpenLoop_NoFIFO
2.520070,-1,20,9998.700000,70.489000,254.252959,242.530667,460.000000,819,205.747041,OpenLoop,NoFIFO,false,OpenLoop_NoFIFO
2.530072,-1,20,10001.218000,71.707000,284.378160,248.807791,460.000000,819,175.621840,OpenLoop,NoFIFO,false,OpenLoop_NoFIFO
2.540070,-1,20,9998.162000,69.869000,217.798141,244.156344,460.000000,819,242.201859,OpenLoop,NoFIFO,false,OpenLoop_NoFIFO
2.550072,-1,20,10002.218000,72.087000,233.790524,242.601471,460.000000,819,226.209476,OpenLoop,NoFIFO,false,OpenLoop_NoFIFO
2.560070,-1,20,9997.847000,69.934000,303.624813,251.754972,460.000000,819,156.375187,OpenLoop,NoFIFO,false,OpenLoop_NoFIFO
2.570072,-1,20,10002.403000,72.337000,222.273446,247.332743,460.000000,819,237.726554,OpenLoop,NoFIFO,false,OpenLoop_NoFIFO
2.580072,-1,20,9999.311000,71.648000,221.840984,243.508979,460.000000,819,238.159016,OpenLoop,NoFIFO,false,OpenLoop_NoFIFO
2.590094,-1,20,10022.051000,93.699000,321.061644,255.141879,460.000000,819,138.938356,OpenLoop,NoFIFO,false,OpenLoop_NoFIFO
2.600071,-1,20,9977.459000,71.158000,234.375000,252.026847,460.000000,819,225.625000,OpenLoop,NoFIFO,false,OpenLoop_NoFIFO
2.610073,-1,20,10001.347000,72.505000,216.512702,246.699725,460.000000,819,243.487298,OpenLoop,NoFIFO,false,OpenLoop_NoFIFO
2.620070,-1,20,9997.774000,70.279000,332.991803,259.643537,460.000000,819,127.008197,OpenLoop,NoFIFO,false,OpenLoop_NoFIFO
2.630073,-1,20,10002.310000,72.589000,241.126543,256.865988,460.000000,819,218.873457,OpenLoop,NoFIFO,false,OpenLoop_NoFIFO
2.640071,-1,20,9998.310000,70.899000,204.001451,248.936307,460.000000,819,255.998549,OpenLoop,NoFIFO,false,OpenLoop_NoFIFO
2.650072,-1,20,10001.052000,71.951000,314.446574,258.762847,460.000000,819,145.553426,OpenLoop,NoFIFO,false,OpenLoop_NoFIFO
2.660074,-1,20,10002.217000,74.168000,242.122934,256.266860,460.000000,819,217.877066,OpenLoop,NoFIFO,false,OpenLoop_NoFIFO
2.670073,-1,20,9998.367000,72.535000,191.326531,246.525811,460.000000,819,268.673469,OpenLoop,NoFIFO,false,OpenLoop_NoFIFO
2.680072,-1,20,9999.143000,71.678000,321.739704,257.807895,460.000000,819,138.260296,OpenLoop,NoFIFO,false,OpenLoop_NoFIFO
2.690104,-1,20,10031.903000,103.581000,260.778860,258.253540,460.000000,819,199.221140,OpenLoop,NoFIFO,false,OpenLoop_NoFIFO
2.700073,-1,20,9969.385000,72.966000,203.915171,250.102784,460.000000,819,256.084829,OpenLoop,NoFIFO,false,OpenLoop_NoFIFO
2.710073,-1,20,9999.718000,72.684000,286.764706,255.602073,460.000000,819,173.235294,OpenLoop,NoFIFO,false,OpenLoop_NoFIFO
2.720071,-1,20,9998.699000,71.383000,262.004573,256.562448,460.000000,819,197.995427,OpenLoop,NoFIFO,false,OpenLoop_NoFIFO
2.730081,-1,20,10009.236000,80.619000,197.507022,247.704134,460.000000,819,262.492978,OpenLoop,NoFIFO,false,OpenLoop_NoFIFO
2.740076,-1,20,9995.589000,76.208000,282.844213,252.975146,460.000000,819,177.155787,OpenLoop,NoFIFO,false,OpenLoop_NoFIFO
2.750073,-1,20,9996.903000,73.111000,281.466513,257.248851,460.000000,819,178.533487,OpenLoop,NoFIFO,false,OpenLoop_NoFIFO
2.760072,-1,20,9998.792000,71.903000,215.889465,251.044943,460.000000,819,244.110535,OpenLoop,NoFIFO,false,OpenLoop_NoFIFO
2.770081,-1,20,10009.273000,81.176000,253.950339,251.480752,460.000000,819,206.049661,OpenLoop,NoFIFO,false,OpenLoop_NoFIFO
2.780077,-1,20,9995.681000,76.857000,290.097989,257.273338,460.000000,819,169.902011,OpenLoop,NoFIFO,false,OpenLoop_NoFIFO
2.790104,-1,20,10026.921000,103.778000,226.339932,252.633327,460.000000,819,233.660068,OpenLoop,NoFIFO,false,OpenLoop_NoFIFO
2.800072,-1,20,9968.255000,72.033000,244.905956,251.474221,460.000000,819,215.094044,OpenLoop,NoFIFO,false,OpenLoop_NoFIFO
2.810072,-1,20,9999.737000,71.770000,311.860287,260.532131,460.000000,819,148.139713,OpenLoop,NoFIFO,false,OpenLoop_NoFIFO
2.820072,-1,20,10000.588000,72.358000,235.198194,256.732040,460.000000,819,224.801806,OpenLoop,NoFIFO,false,OpenLoop_NoFIFO
2.830078,-1,20,10005.403000,77.761000,226.668279,252.222476,460.000000,819,233.331721,OpenLoop,NoFIFO,false,OpenLoop_NoFIFO
2.840075,-1,20,9997.181000,74.942000,321.533562,262.619139,460.000000,819,138.466438,OpenLoop,NoFIFO,false,OpenLoop_NoFIFO
2.850072,-1,20,9997.181000,72.123000,243.759750,259.790231,460.000000,819,216.240250,OpenLoop,NoFIFO,false,OpenLoop_NoFIFO
2.860073,-1,20,10000.421000,72.544000,219.863977,253.801293,460.000000,819,240.136023,OpenLoop,NoFIFO,false,OpenLoop_NoFIFO
2.870072,-1,20,9999.496000,72.040000,324.653703,264.429154,460.000000,819,135.346297,OpenLoop,NoFIFO,false,OpenLoop_NoFIFO
2.880071,-1,20,9998.940000,70.980000,246.121718,261.683039,460.000000,819,213.878282,OpenLoop,NoFIFO,false,OpenLoop_NoFIFO
2.890085,-1,20,10014.255000,85.235000,203.252033,252.918388,460.000000,819,256.747967,OpenLoop,NoFIFO,false,OpenLoop_NoFIFO
2.900079,-1,20,9993.347000,78.582000,318.877551,262.812262,460.000000,819,141.122449,OpenLoop,NoFIFO,false,OpenLoop_NoFIFO
2.910072,-1,20,9993.311000,71.893000,260.272071,262.431234,460.000000,819,199.727929,OpenLoop,NoFIFO,false,OpenLoop_NoFIFO
2.920072,-1,20,9999.607000,71.500000,204.198935,253.696389,460.000000,819,255.801065,OpenLoop,NoFIFO,false,OpenLoop_NoFIFO
2.930076,-1,20,10004.495000,75.995000,316.265060,263.081690,460.000000,819,143.734940,OpenLoop,NoFIFO,false,OpenLoop_NoFIFO
2.940073,-1,20,9996.551000,72.546000,262.671931,263.020226,460.000000,819,197.328069,OpenLoop,NoFIFO,false,OpenLoop_NoFIFO
2.950069,-1,20,9996.774000,69.320000,207.513527,254.694221,460.000000,819,252.486473,OpenLoop,NoFIFO,false,OpenLoop_NoFIFO
2.960069,-1,20,9999.940000,69.260000,297.401171,261.100263,460.000000,819,162.598829,OpenLoop,NoFIFO,false,OpenLoop_NoFIFO
2.970075,-1,20,10005.866000,75.126000,265.239198,261.721104,460.000000,819,194.760802,OpenLoop,NoFIFO,false,OpenLoop_NoFIFO
2.980070,-1,20,9994.977000,70.103000,205.792683,253.331840,460.000000,819,254.207317,OpenLoop,NoFIFO,false,OpenLoop_NoFIFO
2.990069,-1,20,9999.125000,69.228000,285.506645,258.158061,460.000000,819,174.493355,OpenLoop,NoFIFO,false,OpenLoop_NoFIFO
3.000069,-1,20,10000.144000,69.372000,286.091549,262.348084,460.000000,819,173.908451,OpenLoop,NoFIFO,false,OpenLoop_NoFIFO
3.010070,-1,20,10000.200000,69.572000,223.569157,256.531245,460.000000,819,236.430843,OpenLoop,NoFIFO,false,OpenLoop_NoFIFO
3.020074,-1,20,10004.384000,73.956000,266.083254,257.964047,460.000000,819,193.916746,OpenLoop,NoFIFO,false,OpenLoop_NoFIFO
3.030070,-1,20,9996.033000,69.989000,298.566879,264.054472,460.000000,819,161.433121,OpenLoop,NoFIFO,false,OpenLoop_NoFIFO
3.040069,-1,20,9999.181000,69.170000,230.601521,259.036529,460.000000,819,229.398479,OpenLoop,NoFIFO,false,OpenLoop_NoFIFO
3.050071,-1,20,10001.588000,70.758000,256.427790,258.645218,460.000000,819,203.572210,OpenLoop,NoFIFO,false,OpenLoop_NoFIFO
3.060069,-1,20,9998.292000,69.050000,310.577378,266.435042,460.000000,819,149.422622,OpenLoop,NoFIFO,false,OpenLoop_NoFIFO
3.070070,-1,20,10001.273000,70.323000,239.565588,262.404624,460.000000,819,220.434412,OpenLoop,NoFIFO,false,OpenLoop_NoFIFO
3.080070,-1,20,9999.218000,69.541000,238.715278,258.851222,460.000000,819,221.284722,OpenLoop,NoFIFO,false,OpenLoop_NoFIFO
3.090071,-1,20,10001.088000,70.629000,325.347037,268.825594,460.000000,819,134.652963,OpenLoop,NoFIFO,false,OpenLoop_NoFIFO
3.100069,-1,20,9998.440000,69.069000,250.790370,266.120311,460.000000,819,209.209630,OpenLoop,NoFIFO,false,OpenLoop_NoFIFO
3.110071,-1,20,10001.626000,70.695000,215.462206,258.521595,460.000000,819,244.537794,OpenLoop,NoFIFO,false,OpenLoop_NoFIFO
3.120069,-1,20,9998.755000,69.450000,311.166430,266.418320,460.000000,819,148.833570,OpenLoop,NoFIFO,false,OpenLoop_NoFIFO
3.130070,-1,20,10000.940000,70.390000,244.905956,263.191466,460.000000,819,215.094044,OpenLoop,NoFIFO,false,OpenLoop_NoFIFO
3.140069,-1,20,9998.717000,69.107000,208.230503,254.947321,460.000000,819,251.769497,OpenLoop,NoFIFO,false,OpenLoop_NoFIFO
3.150070,-1,20,10001.255000,70.362000,316.065871,264.115104,460.000000,819,143.934129,OpenLoop,NoFIFO,false,OpenLoop_NoFIFO
3.160070,-1,20,9999.681000,70.043000,255.681818,262.850111,460.000000,819,204.318182,OpenLoop,NoFIFO,false,OpenLoop_NoFIFO
3.170088,-1,20,10017.514000,87.557000,207.106038,254.488500,460.000000,819,252.893962,OpenLoop,NoFIFO,false,OpenLoop_NoFIFO
3.180076,-1,20,9988.163000,75.720000,323.447452,264.832343,460.000000,819,136.552548,OpenLoop,NoFIFO,false,OpenLoop_NoFIFO
3.190074,-1,20,9998.106000,73.826000,269.010043,265.458998,460.000000,819,190.989957,OpenLoop,NoFIFO,false,OpenLoop_NoFIFO
3.200075,-1,20,10000.885000,74.711000,215.572305,257.975994,460.000000,819,244.427695,OpenLoop,NoFIFO,false,OpenLoop_NoFIFO
3.210074,-1,20,9998.940000,73.651000,304.231153,264.914268,460.000000,819,155.768847,OpenLoop,NoFIFO,false,OpenLoop_NoFIFO
3.220074,-1,20,10000.366000,74.017000,277.915020,266.864381,460.000000,819,182.084980,OpenLoop,NoFIFO,false,OpenLoop_NoFIFO
3.230074,-1,20,10000.088000,74.105000,213.283620,258.827266,460.000000,819,246.716380,OpenLoop,NoFIFO,false,OpenLoop_NoFIFO
3.240073,-1,20,9999.089000,73.194000,291.450777,263.720793,460.000000,819,168.549223,OpenLoop,NoFIFO,false,OpenLoop_NoFIFO
3.250073,-1,20,10000.199000,73.393000,292.266187,268.002602,460.000000,819,167.733813,OpenLoop,NoFIFO,false,OpenLoop_NoFIFO
3.260074,-1,20,10000.236000,73.629000,221.573004,261.038162,460.000000,819,238.426996,OpenLoop,NoFIFO,false,OpenLoop_NoFIFO
3.270073,-1,20,9999.181000,72.810000,280.172414,263.908300,460.000000,819,179.827586,OpenLoop,NoFIFO,false,OpenLoop_NoFIFO
3.280073,-1,20,10000.662000,73.472000,301.932367,269.611910,460.000000,819,158.067633,OpenLoop,NoFIFO,false,OpenLoop_NoFIFO
3.290080,-1,20,10006.366000,79.838000,235.080241,264.432160,460.000000,819,224.919759,OpenLoop,NoFIFO,false,OpenLoop_NoFIFO
3.300075,-1,20,9995.329000,75.167000,253.877400,262.848946,460.000000,819,206.122600,OpenLoop,NoFIFO,false,OpenLoop_NoFIFO
3.310084,-1,20,10009.237000,84.404000,312.179816,270.248576,460.000000,819,147.820184,OpenLoop,NoFIFO,false,OpenLoop_NoFIFO
3.320080,-1,20,9995.995000,80.399000,231.253083,264.399252,460.000000,819,228.746917,OpenLoop,NoFIFO,false,OpenLoop_NoFIFO
3.330072,-1,20,9991.385000,71.784000,237.462006,260.358665,460.000000,819,222.537994,OpenLoop,NoFIFO,false,OpenLoop_NoFIFO
3.340074,-1,20,10002.347000,74.131000,324.394464,269.964035,460.000000,819,135.605536,OpenLoop,NoFIFO,false,OpenLoop_NoFIFO
3.350073,-1,20,9998.552000,72.683000,249.335106,266.869696,460.000000,819,210.664894,OpenLoop,NoFIFO,false,OpenLoop_NoFIFO
3.360072,-1,20,9999.458000,72.141000,224.282297,260.481586,460.000000,819,235.717703,OpenLoop,NoFIFO,false,OpenLoop_NoFIFO
3.370080,-1,20,10007.403000,79.544000,336.745690,271.921202,460.000000,819,123.254310,OpenLoop,NoFIFO,false,OpenLoop_NoFIFO
3.380084,-1,20,10004.440000,83.984000,257.297904,269.727707,460.000000,819,202.702096,OpenLoop,NoFIFO,false,OpenLoop_NoFIFO
3.390089,-1,20,10005.255000,89.239000,221.573004,262.504502,460.000000,819,238.426996,OpenLoop,NoFIFO,false,OpenLoop_NoFIFO
3.400077,-1,20,9987.459000,76.698000,324.234190,271.763955,460.000000,819,135.765810,OpenLoop,NoFIFO,false,OpenLoop_NoFIFO
3.410077,-1,20,10000.088000,76.786000,260.153885,270.022444,460.000000,819,199.846115,OpenLoop,NoFIFO,false,OpenLoop_NoFIFO
3.420072,-1,20,9994.903000,71.689000,212.104072,261.334688,460.000000,819,247.895928,OpenLoop,NoFIFO,false,OpenLoop_NoFIFO
3.430073,-1,20,10001.311000,73.000000,319.311989,270.031284,460.000000,819,140.688011,OpenLoop,NoFIFO,false,OpenLoop_NoFIFO
3.440124,-1,20,10050.587000,123.587000,271.381579,270.233828,460.000000,819,188.618421,OpenLoop,NoFIFO,false,OpenLoop_NoFIFO
3.450076,-1,20,9952.626000,76.213000,215.462206,262.018085,460.000000,819,244.537794,OpenLoop,NoFIFO,false,OpenLoop_NoFIFO
3.460071,-1,20,9995.051000,71.264000,319.032572,270.570258,460.000000,819,140.967428,OpenLoop,NoFIFO,false,OpenLoop_NoFIFO
3.470089,-1,20,10017.533000,88.797000,288.461538,273.253950,460.000000,819,171.538462,OpenLoop,NoFIFO,false,OpenLoop_NoFIFO
3.480079,-1,20,9990.533000,79.330000,230.281114,266.808024,460.000000,819,229.718886,OpenLoop,NoFIFO,false,OpenLoop_NoFIFO
3.490085,-1,20,10005.810000,85.140000,290.504648,270.362518,460.000000,819,169.495352,OpenLoop,NoFIFO,false,OpenLoop_NoFIFO
3.500074,-1,20,9988.829000,73.969000,295.317869,274.105821,460.000000,819,164.682131,OpenLoop,NoFIFO,false,OpenLoop_NoFIFO
3.510069,-1,20,9994.885000,68.854000,231.481481,267.712170,460.000000,819,228.518519,OpenLoop,NoFIFO,false,OpenLoop_NoFIFO
3.520085,-1,20,10015.810000,84.664000,276.611439,269.047060,460.000000,819,183.388561,OpenLoop,NoFIFO,false,OpenLoop_NoFIFO
3.530074,-1,20,9988.903000,73.567000,311.064319,275.349649,460.000000,819,148.935681,OpenLoop,NoFIFO,false,OpenLoop_NoFIFO
3.540072,-1,20,9998.255000,71.822000,233.790524,269.115780,460.000000,819,226.209476,OpenLoop,NoFIFO,false,OpenLoop_NoFIFO
3.550071,-1,20,9999.199000,71.021000,262.939827,268.189387,460.000000,819,197.060173,OpenLoop,NoFIFO,false,OpenLoop_NoFIFO
3.560071,-1,20,10000.126000,71.147000,314.110825,275.077603,460.000000,819,145.889175,OpenLoop,NoFIFO,false,OpenLoop_NoFIFO
3.570073,-1,20,10002.347000,73.494000,239.825581,269.789800,460.000000,819,220.174419,OpenLoop,NoFIFO,false,OpenLoop_NoFIFO
3.580072,-1,20,9998.200000,71.694000,238.792664,265.140229,460.000000,819,221.207336,OpenLoop,NoFIFO,false,OpenLoop_NoFIFO
3.590071,-1,20,9999.440000,71.134000,323.435190,273.884473,460.000000,819,136.564810,OpenLoop,NoFIFO,false,OpenLoop_NoFIFO
3.600081,-1,20,10009.977000,81.111000,246.840442,269.827869,460.000000,819,213.159558,OpenLoop,NoFIFO,false,OpenLoop_NoFIFO
3.610076,-1,20,9994.958000,76.069000,235.660420,264.702751,460.000000,819,224.339580,OpenLoop,NoFIFO,false,OpenLoop_NoFIFO
3.620075,-1,20,9998.829000,74.898000,324.653703,273.695394,460.000000,819,135.346297,OpenLoop,NoFIFO,false,OpenLoop_NoFIFO
3.630074,-1,20,9998.663000,73.561000,254.503949,270.816677,460.000000,819,205.496051,OpenLoop,NoFIFO,false,OpenLoop_NoFIFO
3.640075,-1,20,10001.921000,75.482000,215.682515,262.546553,460.000000,819,244.317485,OpenLoop,NoFIFO,false,OpenLoop_NoFIFO
3.650074,-1,20,9998.052000,73.534000,329.112337,272.531421,460.000000,819,130.887663,OpenLoop,NoFIFO,false,OpenLoop_NoFIFO
3.660074,-1,20,10000.254000,73.788000,274.853412,272.879719,460.000000,819,185.146588,OpenLoop,NoFIFO,false,OpenLoop_NoFIFO
3.670074,-1,20,10000.644000,74.432000,223.853868,265.525842,460.000000,819,236.146132,OpenLoop,NoFIFO,false,OpenLoop_NoFIFO
3.680074,-1,20,9999.922000,74.354000,329.608237,275.138201,460.000000,819,130.391763,OpenLoop,NoFIFO,false,OpenLoop_NoFIFO
3.690073,-1,20,9998.736000,73.090000,281.206737,276.048481,460.000000,819,178.793263,OpenLoop,NoFIFO,false,OpenLoop_NoFIFO
3.700074,-1,20,10000.940000,74.030000,232.694429,269.545374,460.000000,819,227.305571,OpenLoop,NoFIFO,false,OpenLoop_NoFIFO
3.710074,-1,20,9999.570000,73.600000,318.104702,276.829273,460.000000,819,141.895298,OpenLoop,NoFIFO,false,OpenLoop_NoFIFO
3.720074,-1,20,10000.292000,73.892000,297.147385,279.876990,460.000000,819,162.852615,OpenLoop,NoFIFO,false,OpenLoop_NoFIFO
3.730083,-1,20,10009.218000,83.110000,230.807968,272.516636,460.000000,819,229.192032,OpenLoop,NoFIFO,false,OpenLoop_NoFIFO
3.740076,-1,20,9992.477000,75.587000,311.980033,278.436146,460.000000,819,148.019967,OpenLoop,NoFIFO,false,OpenLoop_NoFIFO
3.750074,-1,20,9998.551000,74.138000,301.372404,281.876585,460.000000,819,158.627596,OpenLoop,NoFIFO,false,OpenLoop_NoFIFO
3.760074,-1,20,9999.385000,73.523000,225.722311,273.453444,460.000000,819,234.277689,OpenLoop,NoFIFO,false,OpenLoop_NoFIFO
3.770076,-1,20,10002.088000,75.611000,275.735294,273.795721,460.000000,819,184.264706,OpenLoop,NoFIFO,false,OpenLoop_NoFIFO
3.780074,-1,20,9998.310000,73.921000,304.054054,278.334471,460.000000,819,155.945946,OpenLoop,NoFIFO,false,OpenLoop_NoFIFO
3.790073,-1,20,9999.552000,73.473000,238.604813,272.375022,460.000000,819,221.395187,OpenLoop,NoFIFO,false,OpenLoop_NoFIFO
3.800077,-1,20,10003.032000,76.505000,253.515414,269.546081,460.000000,819,206.484586,OpenLoop,NoFIFO,false,OpenLoop_NoFIFO
3.810085,-1,20,10008.811000,85.316000,317.028986,276.668517,460.000000,819,142.971014,OpenLoop,NoFIFO,false,OpenLoop_NoFIFO
3.820073,-1,20,9987.532000,72.848000,242.749871,271.580720,460.000000,819,217.250129,OpenLoop,NoFIFO,false,OpenLoop_NoFIFO
3.830070,-1,20,9996.959000,69.807000,253.721245,268.901799,460.000000,819,206.278755,OpenLoop,NoFIFO,false,OpenLoop_NoFIFO
3.840071,-1,20,10000.792000,70.599000,320.554971,276.649774,460.000000,819,139.445029,OpenLoop,NoFIFO,false,OpenLoop_NoFIFO
3.850071,-1,20,9999.996000,70.595000,252.881314,273.084505,460.000000,819,207.118686,OpenLoop,NoFIFO,false,OpenLoop_NoFIFO
3.860070,-1,20,9999.662000,70.257000,229.030945,266.476471,460.000000,819,230.969055,OpenLoop,NoFIFO,false,OpenLoop_NoFIFO
3.870069,-1,20,9999.236000,69.493000,330.726717,276.114008,460.000000,819,129.273283,OpenLoop,NoFIFO,false,OpenLoop_NoFIFO
3.880070,-1,20,10000.607000,70.100000,271.524487,275.425580,460.000000,819,188.475513,OpenLoop,NoFIFO,false,OpenLoop_NoFIFO
3.890081,-1,20,10010.959000,81.059000,235.230383,269.396300,460.000000,819,224.769617,OpenLoop,NoFIFO,false,OpenLoop_NoFIFO
3.900076,-1,20,9995.366000,76.425000,343.309859,280.483334,460.000000,819,116.690141,OpenLoop,NoFIFO,false,OpenLoop_NoFIFO
3.910074,-1,20,9997.366000,73.791000,274.493243,279.584821,460.000000,819,185.506757,OpenLoop,NoFIFO,false,OpenLoop_NoFIFO
3.920074,-1,20,10000.107000,73.898000,227.548544,271.779379,460.000000,819,232.451456,OpenLoop,NoFIFO,false,OpenLoop_NoFIFO
3.930075,-1,20,10000.606000,74.504000,325.037147,279.768044,460.000000,819,134.962853,OpenLoop,NoFIFO,false,OpenLoop_NoFIFO
3.940075,-1,20,10000.737000,75.241000,280.828757,279.927151,460.000000,819,179.171243,OpenLoop,NoFIFO,false,OpenLoop_NoFIFO
3.950075,-1,20,9999.514000,74.755000,224.604696,271.628783,460.000000,819,235.395304,OpenLoop,NoFIFO,false,OpenLoop_NoFIFO
3.960073,-1,20,9998.699000,73.454000,326.217880,279.817147,460.000000,819,133.782120,OpenLoop,NoFIFO,false,OpenLoop_NoFIFO
3.970075,-1,20,10001.959000,75.413000,295.956775,282.238092,460.000000,819,164.043225,OpenLoop,NoFIFO,false,OpenLoop_NoFIFO
3.980074,-1,20,9998.792000,74.205000,231.037788,274.558046,460.000000,819,228.962212,OpenLoop,NoFIFO,false,OpenLoop_NoFIFO
3.990073,-1,20,9999.199000,73.404000,299.794427,278.343503,460.000000,819,160.205573,OpenLoop,NoFIFO,false,OpenLoop_NoFIFO
4.000071,-1,20,9997.514000,70.918000,299.202128,281.472297,460.000000,819,160.797872,OpenLoop,NoFIFO,false,OpenLoop_NoFIFO
4.010070,-1,20,9999.237000,70.155000,235.445205,274.568233,460.000000,819,224.554795,OpenLoop,NoFIFO,false,OpenLoop_NoFIFO
4.020082,-1,20,10011.625000,81.780000,289.203085,276.763461,460.000000,819,170.796915,OpenLoop,NoFIFO,false,OpenLoop_NoFIFO
4.030075,-1,20,9993.236000,75.016000,306.218593,281.181731,460.000000,819,153.781407,OpenLoop,NoFIFO,false,OpenLoop_NoFIFO
4.040076,-1,20,10000.737000,75.753000,245.162134,275.778791,460.000000,819,214.837866,OpenLoop,NoFIFO,false,OpenLoop_NoFIFO
4.050074,-1,20,9997.884000,73.637000,268.240343,274.648024,460.000000,819,191.759657,OpenLoop,NoFIFO,false,OpenLoop_NoFIFO
4.060075,-1,20,10001.718000,75.355000,318.710774,281.257436,460.000000,819,141.289226,OpenLoop,NoFIFO,false,OpenLoop_NoFIFO
4.070074,-1,20,9998.792000,74.147000,254.629630,277.263265,460.000000,819,205.370370,OpenLoop,NoFIFO,false,OpenLoop_NoFIFO
4.080074,-1,20,9999.385000,73.532000,252.139364,273.494680,460.000000,819,207.860636,OpenLoop,NoFIFO,false,OpenLoop_NoFIFO
4.090073,-1,20,9999.625000,73.157000,331.774520,282.236656,460.000000,819,128.225480,OpenLoop,NoFIFO,false,OpenLoop_NoFIFO
4.100074,-1,20,10001.218000,74.375000,264.152152,279.523981,460.000000,819,195.847848,OpenLoop,NoFIFO,false,OpenLoop_NoFIFO
4.110079,-1,20,10004.496000,78.871000,241.623711,273.838940,460.000000,819,218.376289,OpenLoop,NoFIFO,false,OpenLoop_NoFIFO
4.120076,-1,20,9997.329000,76.200000,339.673913,283.714186,460.000000,819,120.326087,OpenLoop,NoFIFO,false,OpenLoop_NoFIFO
4.130073,-1,20,9997.254000,73.454000,272.397094,282.016622,460.000000,819,187.602906,OpenLoop,NoFIFO,false,OpenLoop_NoFIFO
4.140074,-1,20,10000.459000,73.913000,229.030945,274.068771,460.000000,819,230.969055,OpenLoop,NoFIFO,false,OpenLoop_NoFIFO
4.150074,-1,20,9999.811000,73.724000,338.600451,283.748523,460.000000,819,121.399549,OpenLoop,NoFIFO,false,OpenLoop_NoFIFO
4.160074,-1,20,9999.995000,73.719000,276.548673,282.668545,460.000000,819,183.451327,OpenLoop,NoFIFO,false,OpenLoop_NoFIFO
4.170076,-1,20,10001.959000,75.678000,231.741573,275.029499,460.000000,819,228.258427,OpenLoop,NoFIFO,false,OpenLoop_NoFIFO
4.180074,-1,20,9998.421000,74.099000,334.453897,283.943159,460.000000,819,125.546103,OpenLoop,NoFIFO,false,OpenLoop_NoFIFO
4.190083,-1,20,10008.792000,82.891000,278.890160,283.185209,460.000000,819,181.109840,OpenLoop,NoFIFO,false,OpenLoop_NoFIFO
4.200076,-1,20,9993.218000,76.109000,226.449275,274.674819,460.000000,819,233.550725,OpenLoop,NoFIFO,false,OpenLoop_NoFIFO
4.210073,-1,20,9997.107000,73.216000,313.245823,280.460470,460.000000,819,146.754177,OpenLoop,NoFIFO,false,OpenLoop_NoFIFO
4.220072,-1,20,9999.218000,72.434000,292.359667,282.245349,460.000000,819,167.640333,OpenLoop,NoFIFO,false,OpenLoop_NoFIFO
4.230076,-1,20,10003.773000,76.207000,236.027190,275.312626,460.000000,819,223.972810,OpenLoop,NoFIFO,false,OpenLoop_NoFIFO
4.240080,-1,20,10003.403000,79.610000,302.569513,279.401159,460.000000,819,157.430487,OpenLoop,NoFIFO,false,OpenLoop_NoFIFO
4.250075,-1,20,9995.329000,74.939000,306.526660,283.469984,460.000000,819,153.473340,OpenLoop,NoFIFO,false,OpenLoop_NoFIFO
4.260075,-1,20,9999.718000,74.657000,249.733617,278.409529,460.000000,819,210.266383,OpenLoop,NoFIFO,false,OpenLoop_NoFIFO
4.270073,-1,20,9998.218000,72.875000,281.077030,278.809654,460.000000,819,178.922970,OpenLoop,NoFIFO,false,OpenLoop_NoFIFO
4.280072,-1,20,9999.514000,72.389000,315.902022,284.373509,460.000000,819,144.097978,OpenLoop,NoFIFO,false,OpenLoop_NoFIFO
4.290074,-1,20,10001.551000,73.940000,249.455733,279.135843,460.000000,819,210.544267,OpenLoop,NoFIFO,false,OpenLoop_NoFIFO
4.300073,-1,20,9998.718000,72.658000,260.022693,276.268870,460.000000,819,199.977307,OpenLoop,NoFIFO,false,OpenLoop_NoFIFO
4.310071,-1,20,9998.366000,71.024000,328.289145,284.071911,460.000000,819,131.710855,OpenLoop,NoFIFO,false,OpenLoop_NoFIFO
4.320071,-1,20,9999.774000,70.798000,255.588877,279.799456,460.000000,819,204.411123,OpenLoop,NoFIFO,false,OpenLoop_NoFIFO
4.330074,-1,20,10003.181000,73.979000,255.102041,276.094844,460.000000,819,204.897959,OpenLoop,NoFIFO,false,OpenLoop_NoFIFO
4.340073,-1,20,9998.699000,72.678000,344.488189,286.353846,460.000000,819,115.511811,OpenLoop,NoFIFO,false,OpenLoop_NoFIFO
4.350073,-1,20,10000.107000,72.785000,266.083254,283.313257,460.000000,819,193.916746,OpenLoop,NoFIFO,false,OpenLoop_NoFIFO
4.360073,-1,20,9999.792000,72.577000,250.181951,278.343561,460.000000,819,209.818049,OpenLoop,NoFIFO,false,OpenLoop_NoFIFO
4.370072,-1,20,9999.662000,72.239000,346.671949,288.592819,460.000000,819,113.328051,OpenLoop,NoFIFO,false,OpenLoop_NoFIFO
4.380070,-1,20,9997.773000,70.012000,276.005888,286.704780,460.000000,819,183.994112,OpenLoop,NoFIFO,false,OpenLoop_NoFIFO
4.390070,-1,20,10000.459000,70.471000,237.341772,279.300328,460.000000,819,222.658228,OpenLoop,NoFIFO,false,OpenLoop_NoFIFO
4.400071,-1,20,10000.144000,70.615000,345.685841,289.258155,460.000000,819,114.314159,OpenLoop,NoFIFO,false,OpenLoop_NoFIFO
4.410070,-1,20,9998.996000,69.611000,280.688623,287.972725,460.000000,819,179.311377,OpenLoop,NoFIFO,false,OpenLoop_NoFIFO
4.420069,-1,20,9999.384000,68.995000,238.307067,280.522877,460.000000,819,221.692933,OpenLoop,NoFIFO,false,OpenLoop_NoFIFO
4.430069,-1,20,10000.311000,69.306000,327.961019,287.638598,460.000000,819,132.038981,OpenLoop,NoFIFO,false,OpenLoop_NoFIFO
4.440069,-1,20,9999.866000,69.172000,285.823171,287.366284,460.000000,819,174.176829,OpenLoop,NoFIFO,false,OpenLoop_NoFIFO
4.450069,-1,20,10000.032000,69.204000,236.875351,279.792644,460.000000,819,223.124649,OpenLoop,NoFIFO,false,OpenLoop_NoFIFO
4.460069,-1,20,9999.755000,68.959000,315.808470,285.195018,460.000000,819,144.191530,OpenLoop,NoFIFO,false,OpenLoop_NoFIFO
4.470069,-1,20,10000.274000,69.233000,304.079341,288.027666,460.000000,819,155.920659,OpenLoop,NoFIFO,false,OpenLoop_NoFIFO
4.480069,-1,20,9999.717000,68.950000,242.875648,281.254864,460.000000,819,217.124352,OpenLoop,NoFIFO,false,OpenLoop_NoFIFO
4.490069,-1,20,10000.422000,69.372000,305.604313,284.907281,460.000000,819,154.395687,OpenLoop,NoFIFO,false,OpenLoop_NoFIFO
4.500069,-1,20,9999.773000,69.145000,320.278184,290.212916,460.000000,819,139.721816,OpenLoop,NoFIFO,false,OpenLoop_NoFIFO
4.510069,-1,20,9999.904000,69.049000,246.840442,283.707045,460.000000,819,213.159558,OpenLoop,NoFIFO,false,OpenLoop_NoFIFO
4.520069,-1,20,9999.866000,68.915000,287.712465,284.307858,460.000000,819,172.287535,OpenLoop,NoFIFO,false,OpenLoop_NoFIFO
4.530070,-1,20,10001.403000,70.318000,318.211488,289.393403,460.000000,819,141.788512,OpenLoop,NoFIFO,false,OpenLoop_NoFIFO
4.540073,-1,20,10003.106000,73.424000,253.378378,283.991149,460.000000,819,206.621622,OpenLoop,NoFIFO,false,OpenLoop_NoFIFO
4.550074,-1,20,10000.089000,73.513000,279.273602,283.283517,460.000000,819,180.726398,OpenLoop,NoFIFO,false,OpenLoop_NoFIFO
4.560071,-1,20,9997.810000,71.323000,329.036177,290.146416,460.000000,819,130.963823,OpenLoop,NoFIFO,false,OpenLoop_NoFIFO
4.570074,-1,20,10002.459000,73.782000,266.714083,286.631566,460.000000,819,193.285917,OpenLoop,NoFIFO,false,OpenLoop_NoFIFO
4.580072,-1,20,9998.162000,71.944000,266.197728,283.566490,460.000000,819,193.802272,OpenLoop,NoFIFO,false,OpenLoop_NoFIFO
4.590073,-1,20,10001.218000,73.162000,339.673913,291.982604,460.000000,819,120.326087,OpenLoop,NoFIFO,false,OpenLoop_NoFIFO
4.600072,-1,20,9998.940000,72.102000,270.811450,288.806931,460.000000,819,189.188550,OpenLoop,NoFIFO,false,OpenLoop_NoFIFO
4.610072,-1,20,10000.014000,72.116000,252.016129,283.288310,460.000000,819,207.983871,OpenLoop,NoFIFO,false,OpenLoop_NoFIFO
4.620078,-1,20,10006.311000,78.427000,348.883573,293.127600,460.000000,819,111.116427,OpenLoop,NoFIFO,false,OpenLoop_NoFIFO
4.630076,-1,20,9997.440000,75.867000,277.240673,290.744561,460.000000,819,182.759327,OpenLoop,NoFIFO,false,OpenLoop_NoFIFO
4.640073,-1,20,9997.088000,72.955000,236.344538,282.584557,460.000000,819,223.655462,OpenLoop,NoFIFO,false,OpenLoop_NoFIFO
4.650083,-1,20,10010.125000,83.080000,344.827586,291.921012,460.000000,819,115.172414,OpenLoop,NoFIFO,false,OpenLoop_NoFIFO
4.660076,-1,20,9992.515000,75.595000,290.847983,291.760057,460.000000,819,169.152017,OpenLoop,NoFIFO,false,OpenLoop_NoFIFO
4.670078,-1,20,10002.717000,78.312000,238.065008,283.705800,460.000000,819,221.934992,OpenLoop,NoFIFO,false,OpenLoop_NoFIFO
4.680076,-1,20,9997.589000,75.901000,344.331538,292.799661,460.000000,819,115.668462,OpenLoop,NoFIFO,false,OpenLoop_NoFIFO
4.690073,-1,20,9996.903000,72.804000,289.764622,292.344405,460.000000,819,170.235378,OpenLoop,NoFIFO,false,OpenLoop_NoFIFO
4.700072,-1,20,9999.070000,71.874000,238.347458,284.244863,460.000000,819,221.652542,OpenLoop,NoFIFO,false,OpenLoop_NoFIFO
4.710073,-1,20,10000.829000,72.703000,323.275862,290.099513,460.000000,819,136.724138,OpenLoop,NoFIFO,false,OpenLoop_NoFIFO
4.720081,-1,20,10008.217000,80.920000,296.520822,291.062709,460.000000,819,163.479178,OpenLoop,NoFIFO,false,OpenLoop_NoFIFO
4.730075,-1,20,9994.478000,75.398000,245.185449,284.181120,460.000000,819,214.814551,OpenLoop,NoFIFO,false,OpenLoop_NoFIFO
4.740074,-1,20,9998.199000,73.597000,307.041485,287.610175,460.000000,819,152.958515,OpenLoop,NoFIFO,false,OpenLoop_NoFIFO
4.750073,-1,20,9999.384000,72.981000,312.054208,291.276780,460.000000,819,147.945792,OpenLoop,NoFIFO,false,OpenLoop_NoFIFO
4.760071,-1,20,9997.978000,70.959000,253.378378,285.592020,460.000000,819,206.621622,OpenLoop,NoFIFO,false,OpenLoop_NoFIFO
4.770073,-1,20,10001.921000,72.880000,295.209177,287.034593,460.000000,819,164.790823,OpenLoop,NoFIFO,false,OpenLoop_NoFIFO
4.780072,-1,20,9998.700000,71.580000,326.980568,293.026489,460.000000,819,133.019432,OpenLoop,NoFIFO,false,OpenLoop_NoFIFO
4.790072,-1,20,10000.162000,71.742000,256.708653,287.578814,460.000000,819,203.291347,OpenLoop,NoFIFO,false,OpenLoop_NoFIFO
4.800072,-1,20,10000.403000,72.145000,282.772622,286.857885,460.000000,819,177.227378,OpenLoop,NoFIFO,false,OpenLoop_NoFIFO
4.810072,-1,20,9999.903000,72.048000,345.031546,295.583934,460.000000,819,114.968454,OpenLoop,NoFIFO,false,OpenLoop_NoFIFO
4.820070,-1,20,9998.366000,70.414000,264.456982,290.914891,460.000000,819,195.543018,OpenLoop,NoFIFO,false,OpenLoop_NoFIFO
4.830072,-1,20,10001.774000,72.188000,268.974961,287.623902,460.000000,819,191.025039,OpenLoop,NoFIFO,false,OpenLoop_NoFIFO
4.840085,-1,20,10012.643000,84.831000,339.509899,295.406801,460.000000,819,120.490101,OpenLoop,NoFIFO,false,OpenLoop_NoFIFO
4.850080,-1,20,9995.311000,80.142000,268.275234,291.337066,460.000000,819,191.724766,OpenLoop,NoFIFO,false,OpenLoop_NoFIFO
4.860070,-1,20,9990.162000,70.304000,251.647145,285.383578,460.000000,819,208.352855,OpenLoop,NoFIFO,false,OpenLoop_NoFIFO
4.870072,-1,20,10001.977000,72.281000,349.254923,294.964280,460.000000,819,110.745077,OpenLoop,NoFIFO,false,OpenLoop_NoFIFO
4.880071,-1,20,9998.829000,71.110000,280.430281,292.784180,460.000000,819,179.569719,OpenLoop,NoFIFO,false,OpenLoop_NoFIFO
4.890074,-1,20,10002.922000,74.032000,242.122934,285.184993,460.000000,819,217.877066,OpenLoop,NoFIFO,false,OpenLoop_NoFIFO
4.900072,-1,20,9998.255000,72.287000,346.708580,294.413531,460.000000,819,113.291420,OpenLoop,NoFIFO,false,OpenLoop_NoFIFO
4.910071,-1,20,9999.033000,71.320000,283.310440,292.748067,460.000000,819,176.689560,OpenLoop,NoFIFO,false,OpenLoop_NoFIFO
4.920069,-1,20,9998.162000,69.482000,237.834410,284.511019,460.000000,819,222.165590,OpenLoop,NoFIFO,false,OpenLoop_NoFIFO
4.930072,-1,20,10002.162000,71.644000,341.086279,292.997308,460.000000,819,118.913721,OpenLoop,NoFIFO,false,OpenLoop_NoFIFO
4.940077,-1,20,10005.385000,77.029000,298.859735,293.876672,460.000000,819,161.140265,OpenLoop,NoFIFO,false,OpenLoop_NoFIFO
4.950075,-1,20,9997.606000,74.635000,243.253762,286.283235,460.000000,819,216.746238,OpenLoop,NoFIFO,false,OpenLoop_NoFIFO
4.960071,-1,20,9996.829000,71.464000,334.343795,293.492319,460.000000,819,125.656205,OpenLoop,NoFIFO,false,OpenLoop_NoFIFO
4.970072,-1,20,10000.718000,72.182000,305.145218,295.240254,460.000000,819,154.854782,OpenLoop,NoFIFO,false,OpenLoop_NoFIFO
4.980071,-1,20,9998.718000,70.900000,245.676101,287.805631,460.000000,819,214.323899,OpenLoop,NoFIFO,false,OpenLoop_NoFIFO
4.990070,-1,20,9999.311000,70.211000,319.343066,292.536246,460.000000,819,140.656934,OpenLoop,NoFIFO,false,OpenLoop_NoFIFO
5.000069,-1,20,9999.162000,69.373000,320.121951,296.674102,460.000000,819,139.878049,OpenLoop,NoFIFO,false,OpenLoop_NoFIFO
5.010070,-1,20,10000.218000,69.591000,256.007646,290.574134,460.000000,819,203.992354,OpenLoop,NoFIFO,false,OpenLoop_NoFIFO
5.020086,-1,20,10016.681000,86.272000,302.280055,292.330022,460.000000,819,157.719945,OpenLoop,NoFIFO,false,OpenLoop_NoFIFO
5.030075,-1,20,9989.162000,75.434000,328.327047,297.729576,460.000000,819,131.672953,OpenLoop,NoFIFO,false,OpenLoop_NoFIFO
5.040072,-1,20,9996.625000,72.059000,260.537286,292.150732,460.000000,819,199.462714,OpenLoop,NoFIFO,false,OpenLoop_NoFIFO
5.050072,-1,20,10000.348000,72.407000,274.268617,289.468415,460.000000,819,185.731383,OpenLoop,NoFIFO,false,OpenLoop_NoFIFO
5.060071,-1,20,9998.977000,71.384000,332.761477,295.962374,460.000000,819,127.238523,OpenLoop,NoFIFO,false,OpenLoop_NoFIFO
5.070073,-1,20,10001.348000,72.732000,263.047138,291.025089,460.000000,819,196.952862,OpenLoop,NoFIFO,false,OpenLoop_NoFIFO
5.080071,-1,20,9997.903000,70.635000,261.020882,286.524458,460.000000,819,198.979118,OpenLoop,NoFIFO,false,OpenLoop_NoFIFO
5.090073,-1,20,10002.829000,73.464000,349.440895,295.961923,460.000000,819,110.559105,OpenLoop,NoFIFO,false,OpenLoop_NoFIFO
5.100115,-1,20,10041.180000,114.644000,277.640671,293.213735,460.000000,819,182.359329,OpenLoop,NoFIFO,false,OpenLoop_NoFIFO
5.110071,-1,20,9956.811000,71.455000,258.858721,288.060483,460.000000,819,201.141279,OpenLoop,NoFIFO,false,OpenLoop_NoFIFO
5.120071,-1,20,9999.755000,71.210000,351.876676,297.632912,460.000000,819,108.123324,OpenLoop,NoFIFO,false,OpenLoop_NoFIFO
5.130071,-1,20,10000.199000,71.409000,277.999544,294.687907,460.000000,819,182.000456,OpenLoop,NoFIFO,false,OpenLoop_NoFIFO
5.140072,-1,20,10000.811000,72.220000,248.541888,287.766004,460.000000,819,211.458112,OpenLoop,NoFIFO,false,OpenLoop_NoFIFO
5.150073,-1,20,10000.458000,72.678000,346.879625,296.633047,460.000000,819,113.120375,OpenLoop,NoFIFO,false,OpenLoop_NoFIFO
5.160077,-1,20,10003.996000,76.674000,295.275591,296.429429,460.000000,819,164.724409,OpenLoop,NoFIFO,false,OpenLoop_NoFIFO
5.170075,-1,20,9998.755000,75.429000,250.181951,289.492307,460.000000,819,209.818049,OpenLoop,NoFIFO,false,OpenLoop_NoFIFO
5.180074,-1,20,9998.922000,74.351000,354.219144,299.201332,460.000000,819,105.780856,OpenLoop,NoFIFO,false,OpenLoop_NoFIFO
5.190076,-1,20,10001.625000,75.976000,303.257856,299.809811,460.000000,819,156.742144,OpenLoop,NoFIFO,false,OpenLoop_NoFIFO
5.200130,-1,20,10053.847000,129.823000,245.847902,291.715525,460.000000,819,214.152098,OpenLoop,NoFIFO,false,OpenLoop_NoFIFO
5.210074,-1,20,9944.403000,74.226000,332.889481,297.891618,460.000000,819,127.110519,OpenLoop,NoFIFO,false,OpenLoop_NoFIFO
5.220074,-1,20,9999.811000,74.037000,312.500000,300.082875,460.000000,819,147.500000,OpenLoop,NoFIFO,false,OpenLoop_NoFIFO
5.230074,-1,20,10000.403000,74.440000,248.015873,292.272825,460.000000,819,211.984127,OpenLoop,NoFIFO,false,OpenLoop_NoFIFO
5.240074,-1,20,9999.959000,74.399000,322.957677,296.875553,460.000000,819,137.042323,OpenLoop,NoFIFO,false,OpenLoop_NoFIFO
5.250074,-1,20,9999.106000,73.505000,314.748201,299.556450,460.000000,819,145.251799,OpenLoop,NoFIFO,false,OpenLoop_NoFIFO
5.260073,-1,20,9999.940000,73.445000,255.728314,292.982230,460.000000,819,204.271686,OpenLoop,NoFIFO,false,OpenLoop_NoFIFO
5.270074,-1,20,10000.218000,73.663000,309.551887,295.467678,460.000000,819,150.448113,OpenLoop,NoFIFO,false,OpenLoop_NoFIFO
5.280074,-1,20,10000.218000,73.881000,327.620968,300.290672,460.000000,819,132.379032,OpenLoop,NoFIFO,false,OpenLoop_NoFIFO
5.290073,-1,20,9999.107000,72.988000,265.205092,295.027835,460.000000,819,194.794908,OpenLoop,NoFIFO,false,OpenLoop_NoFIFO
5.300120,-1,20,10046.921000,119.909000,279.168923,292.648998,460.000000,819,180.831077,OpenLoop,NoFIFO,false,OpenLoop_NoFIFO
5.310081,-1,20,9961.311000,81.220000,337.878424,299.433412,460.000000,819,122.121576,OpenLoop,NoFIFO,false,OpenLoop_NoFIFO
5.320076,-1,20,9994.625000,75.845000,270.243711,295.054957,460.000000,819,189.756289,OpenLoop,NoFIFO,false,OpenLoop_NoFIFO
5.330077,-1,20,10001.126000,76.971000,265.957447,290.690330,460.000000,819,194.042553,OpenLoop,NoFIFO,false,OpenLoop_NoFIFO
5.340071,-1,20,9994.292000,71.263000,352.065451,299.896598,460.000000,819,107.934549,OpenLoop,NoFIFO,false,OpenLoop_NoFIFO
5.350073,-1,20,10001.921000,73.184000,278.890160,296.745633,460.000000,819,181.109840,OpenLoop,NoFIFO,false,OpenLoop_NoFIFO
5.360078,-1,20,10004.496000,77.680000,252.559267,290.117678,460.000000,819,207.440733,OpenLoop,NoFIFO,false,OpenLoop_NoFIFO
5.370075,-1,20,9997.588000,75.268000,354.107649,299.716173,460.000000,819,105.892351,OpenLoop,NoFIFO,false,OpenLoop_NoFIFO
5.380072,-1,20,9996.625000,71.893000,286.776974,297.775294,460.000000,819,173.223026,OpenLoop,NoFIFO,false,OpenLoop_NoFIFO
5.390079,-1,20,10007.329000,79.222000,254.409769,291.270465,460.000000,819,205.590231,OpenLoop,NoFIFO,false,OpenLoop_NoFIFO
5.400158,-1,20,10078.366000,157.588000,359.589041,301.518251,460.000000,819,100.410959,OpenLoop,NoFIFO,false,OpenLoop_NoFIFO
5.410072,-1,20,9914.200000,71.788000,296.409214,300.751896,460.000000,819,163.590786,OpenLoop,NoFIFO,false,OpenLoop_NoFIFO
5.420071,-1,20,9999.421000,71.209000,248.937865,292.979791,460.000000,819,211.062135,OpenLoop,NoFIFO,false,OpenLoop_NoFIFO
5.430080,-1,20,10009.237000,80.446000,347.222222,301.116156,460.000000,819,112.777778,OpenLoop,NoFIFO,false,OpenLoop_NoFIFO
5.440077,-1,20,9996.107000,76.553000,308.232170,302.183558,460.000000,819,151.767830,OpenLoop,NoFIFO,false,OpenLoop_NoFIFO
5.450074,-1,20,9997.292000,73.845000,248.135226,294.076308,460.000000,819,211.864774,OpenLoop,NoFIFO,false,OpenLoop_NoFIFO
5.460072,-1,20,9997.977000,71.822000,337.603878,300.605444,460.000000,819,122.396122,OpenLoop,NoFIFO,false,OpenLoop_NoFIFO
5.470072,-1,20,10000.569000,72.391000,317.151556,303.087361,460.000000,819,142.848444,OpenLoop,NoFIFO,false,OpenLoop_NoFIFO
5.480072,-1,20,10000.089000,72.480000,249.697337,295.078857,460.000000,819,210.302663,OpenLoop,NoFIFO,false,OpenLoop_NoFIFO
5.490072,-1,20,9999.958000,72.438000,332.265540,300.656859,460.000000,819,127.734460,OpenLoop,NoFIFO,false,OpenLoop_NoFIFO
5.500072,-1,20,9999.792000,72.230000,319.457065,303.476890,460.000000,819,140.542935,OpenLoop,NoFIFO,false,OpenLoop_NoFIFO
5.510070,-1,20,9997.552000,69.782000,255.867904,296.335542,460.000000,819,204.132096,OpenLoop,NoFIFO,false,OpenLoop_NoFIFO
5.520073,-1,20,10003.662000,73.444000,309.260132,298.274231,460.000000,819,150.739868,OpenLoop,NoFIFO,false,OpenLoop_NoFIFO
5.530072,-1,20,9998.477000,71.921000,321.061644,301.692343,460.000000,819,138.938356,OpenLoop,NoFIFO,false,OpenLoop_NoFIFO
5.540072,-1,20,10000.366000,72.287000,264.830508,296.163068,460.000000,819,195.169492,OpenLoop,NoFIFO,false,OpenLoop_NoFIFO
5.550069,-1,20,9996.496000,68.783000,281.954887,294.031841,460.000000,819,178.045113,OpenLoop,NoFIFO,false,OpenLoop_NoFIFO
5.560073,-1,20,10004.569000,73.352000,337.230216,300.511597,460.000000,819,122.769784,OpenLoop,NoFIFO,false,OpenLoop_NoFIFO
5.570075,-1,20,10001.181000,74.533000,273.396076,296.444269,460.000000,819,186.603924,OpenLoop,NoFIFO,false,OpenLoop_NoFIFO
5.580071,-1,20,9996.885000,71.418000,269.913628,292.464673,460.000000,819,190.086372,OpenLoop,NoFIFO,false,OpenLoop_NoFIFO
5.590073,-1,20,10001.607000,73.025000,350.560897,301.179106,460.000000,819,109.439103,OpenLoop,NoFIFO,false,OpenLoop_NoFIFO
5.600072,-1,20,9998.662000,71.687000,278.890160,297.835764,460.000000,819,181.109840,OpenLoop,NoFIFO,false,OpenLoop_NoFIFO
5.610072,-1,20,10000.755000,72.442000,255.728314,291.519647,460.000000,819,204.271686,OpenLoop,NoFIFO,false,OpenLoop_NoFIFO
5.620072,-1,20,9999.144000,71.586000,355.956336,301.185150,460.000000,819,104.043664,OpenLoop,NoFIFO,false,OpenLoop_NoFIFO
5.630073,-1,20,10001.181000,72.767000,286.113937,298.924468,460.000000,819,173.886063,OpenLoop,NoFIFO,false,OpenLoop_NoFIFO
5.640077,-1,20,10004.199000,76.966000,253.877400,292.167408,460.000000,819,206.122600,OpenLoop,NoFIFO,false,OpenLoop_NoFIFO
5.650074,-1,20,9996.681000,73.647000,351.947443,301.134413,460.000000,819,108.052557,OpenLoop,NoFIFO,false,OpenLoop_NoFIFO
5.660070,-1,20,9996.033000,69.680000,294.502618,300.139644,460.000000,819,165.497382,OpenLoop,NoFIFO,false,OpenLoop_NoFIFO
5.670074,-1,20,10003.977000,73.657000,249.939409,292.609609,460.000000,819,210.060591,OpenLoop,NoFIFO,false,OpenLoop_NoFIFO
5.680071,-1,20,9996.884000,70.541000,355.305901,302.014053,460.000000,819,104.694099,OpenLoop,NoFIFO,false,OpenLoop_NoFIFO
5.690068,-1,20,9997.607000,68.148000,307.521087,302.840108,460.000000,819,152.478913,OpenLoop,NoFIFO,false,OpenLoop_NoFIFO
5.700072,-1,20,10003.773000,71.921000,252.968160,295.359316,460.000000,819,207.031840,OpenLoop,NoFIFO,false,OpenLoop_NoFIFO
5.710072,-1,20,9999.978000,71.899000,337.068552,301.615701,460.000000,819,122.931448,OpenLoop,NoFIFO,false,OpenLoop_NoFIFO
5.720071,-1,20,9999.588000,71.487000,314.434985,303.538594,460.000000,819,145.565015,OpenLoop,NoFIFO,false,OpenLoop_NoFIFO
5.730068,-1,20,9996.366000,67.853000,253.502950,296.033247,460.000000,819,206.497050,OpenLoop,NoFIFO,false,OpenLoop_NoFIFO
5.740067,-1,20,9999.496000,67.349000,326.655052,300.626518,460.000000,819,133.344948,OpenLoop,NoFIFO,false,OpenLoop_NoFIFO
5.750072,-1,20,10005.088000,72.437000,320.591109,303.621206,460.000000,819,139.408891,OpenLoop,NoFIFO,false,OpenLoop_NoFIFO
5.760072,-1,20,9999.625000,72.062000,261.287625,297.271169,460.000000,819,198.712375,OpenLoop,NoFIFO,false,OpenLoop_NoFIFO
5.770071,-1,20,9999.403000,71.465000,307.089378,298.743901,460.000000,819,152.910622,OpenLoop,NoFIFO,false,OpenLoop_NoFIFO
5.780072,-1,20,10000.163000,71.628000,337.924820,304.621038,460.000000,819,122.075180,OpenLoop,NoFIFO,false,OpenLoop_NoFIFO
5.790071,-1,20,9999.699000,71.327000,275.735294,300.288177,460.000000,819,184.264706,OpenLoop,NoFIFO,false,OpenLoop_NoFIFO
5.800072,-1,20,10000.477000,71.804000,291.450777,298.962567,460.000000,819,168.549223,OpenLoop,NoFIFO,false,OpenLoop_NoFIFO
5.810078,-1,20,10006.644000,78.448000,348.189415,306.346594,460.000000,819,111.810585,OpenLoop,NoFIFO,false,OpenLoop_NoFIFO
5.820074,-1,20,9995.829000,74.277000,279.294935,302.288845,460.000000,819,180.705065,OpenLoop,NoFIFO,false,OpenLoop_NoFIFO
5.830073,-1,20,9998.662000,72.939000,274.122807,298.063940,460.000000,819,185.877193,OpenLoop,NoFIFO,false,OpenLoop_NoFIFO
5.840066,-1,20,9993.515000,66.454000,355.618777,306.697165,460.000000,819,104.381223,OpenLoop,NoFIFO,false,OpenLoop_NoFIFO
5.850072,-1,20,10005.791000,72.245000,280.408774,302.753906,460.000000,819,179.591226,OpenLoop,NoFIFO,false,OpenLoop_NoFIFO
5.860072,-1,20,9999.459000,71.704000,264.558748,297.024633,460.000000,819,195.441252,OpenLoop,NoFIFO,false,OpenLoop_NoFIFO
5.870072,-1,20,9999.811000,71.515000,358.188996,306.199287,460.000000,819,101.811004,OpenLoop,NoFIFO,false,OpenLoop_NoFIFO
5.880073,-1,20,10001.088000,72.603000,285.421546,303.082626,460.000000,819,174.578454,OpenLoop,NoFIFO,false,OpenLoop_NoFIFO
5.890086,-1,20,10013.292000,85.895000,255.310458,295.916801,460.000000,819,204.689542,OpenLoop,NoFIFO,false,OpenLoop_NoFIFO
5.900077,-1,20,9990.681000,76.576000,354.442344,304.695632,460.000000,819,105.557656,OpenLoop,NoFIFO,false,OpenLoop_NoFIFO
5.910073,-1,20,9996.255000,72.831000,300.480769,304.063403,460.000000,819,159.519231,OpenLoop,NoFIFO,false,OpenLoop_NoFIFO
5.920072,-1,20,9999.551000,72.382000,255.565652,296.788740,460.000000,819,204.434348,OpenLoop,NoFIFO,false,OpenLoop_NoFIFO
5.930073,-1,20,10000.607000,72.989000,358.215066,306.002689,460.000000,819,101.784934,OpenLoop,NoFIFO,false,OpenLoop_NoFIFO
5.940073,-1,20,9999.514000,72.503000,313.245823,307.089159,460.000000,819,146.754177,OpenLoop,NoFIFO,false,OpenLoop_NoFIFO
5.950073,-1,20,10000.033000,72.536000,256.990132,299.574305,460.000000,819,203.009868,OpenLoop,NoFIFO,false,OpenLoop_NoFIFO
5.960071,-1,20,9997.977000,70.513000,341.064120,305.797777,460.000000,819,118.935880,OpenLoop,NoFIFO,false,OpenLoop_NoFIFO
5.970087,-1,20,10016.847000,87.360000,325.868984,308.808458,460.000000,819,134.131016,OpenLoop,NoFIFO,false,OpenLoop_NoFIFO
5.980072,-1,20,9984.996000,72.356000,260.778860,301.604018,460.000000,819,199.221140,OpenLoop,NoFIFO,false,OpenLoop_NoFIFO
5.990071,-1,20,9998.551000,70.907000,341.974987,307.659664,460.000000,819,118.025013,OpenLoop,NoFIFO,false,OpenLoop_NoFIFO
6.000069,-1,20,9998.033000,68.940000,329.939668,311.001664,460.000000,819,130.060332,OpenLoop,NoFIFO,false,OpenLoop_NoFIFO
6.010070,-1,20,10001.533000,70.473000,270.102148,304.866737,460.000000,819,189.897852,OpenLoop,NoFIFO,false,OpenLoop_NoFIFO
6.020069,-1,20,9998.958000,69.431000,319.602273,307.077067,460.000000,819,140.397727,OpenLoop,NoFIFO,false,OpenLoop_NoFIFO
6.030073,-1,20,10004.014000,73.445000,334.821429,311.238721,460.000000,819,125.178571,OpenLoop,NoFIFO,false,OpenLoop_NoFIFO
6.040070,-1,20,9996.829000,70.274000,276.141384,305.974121,460.000000,819,183.858616,OpenLoop,NoFIFO,false,OpenLoop_NoFIFO
6.050086,-1,20,10015.644000,85.918000,295.239826,304.363977,460.000000,819,164.760174,OpenLoop,NoFIFO,false,OpenLoop_NoFIFO
6.060077,-1,20,9990.774000,76.692000,342.653509,310.107406,460.000000,819,117.346491,OpenLoop,NoFIFO,false,OpenLoop_NoFIFO
6.070075,-1,20,9997.921000,74.613000,274.560703,304.775401,460.000000,819,185.439297,OpenLoop,NoFIFO,false,OpenLoop_NoFIFO
6.080074,-1,20,9999.274000,73.887000,282.510431,301.435655,460.000000,819,177.489569,OpenLoop,NoFIFO,false,OpenLoop_NoFIFO
6.090074,-1,20,9999.940000,73.827000,353.773585,309.286345,460.000000,819,106.226415,OpenLoop,NoFIFO,false,OpenLoop_NoFIFO
6.100121,-1,20,10046.810000,120.637000,285.243408,305.679904,460.000000,819,174.756592,OpenLoop,NoFIFO,false,OpenLoop_NoFIFO
6.110075,-1,20,9954.477000,75.114000,270.953757,300.470982,460.000000,819,189.046243,OpenLoop,NoFIFO,false,OpenLoop_NoFIFO
6.120072,-1,20,9996.718000,71.832000,362.970133,309.845855,460.000000,819,97.029867,OpenLoop,NoFIFO,false,OpenLoop_NoFIFO
6.130073,-1,20,10001.422000,73.254000,294.526341,307.547928,460.000000,819,165.473659,OpenLoop,NoFIFO,false,OpenLoop_NoFIFO
6.140072,-1,20,9998.922000,72.176000,259.368712,300.321045,460.000000,819,200.631288,OpenLoop,NoFIFO,false,OpenLoop_NoFIFO
6.150073,-1,20,10000.366000,72.542000,348.513011,307.549840,460.000000,819,111.486989,OpenLoop,NoFIFO,false,OpenLoop_NoFIFO
6.160071,-1,20,9998.680000,71.222000,299.741761,306.378628,460.000000,819,160.258239,OpenLoop,NoFIFO,false,OpenLoop_NoFIFO
6.170081,-1,20,10009.478000,80.700000,255.310458,298.718403,460.000000,819,204.689542,OpenLoop,NoFIFO,false,OpenLoop_NoFIFO
6.180084,-1,20,10003.421000,84.121000,351.288056,306.603851,460.000000,819,108.711944,OpenLoop,NoFIFO,false,OpenLoop_NoFIFO
6.190071,-1,20,9986.496000,70.617000,312.660339,307.512324,460.000000,819,147.339661,OpenLoop,NoFIFO,false,OpenLoop_NoFIFO
6.200069,-1,20,9998.514000,69.131000,258.199800,300.115445,460.000000,819,201.800200,OpenLoop,NoFIFO,false,OpenLoop_NoFIFO
6.210070,-1,20,10000.459000,69.590000,350.336323,307.648577,460.000000,819,109.663677,OpenLoop,NoFIFO,false,OpenLoop_NoFIFO
6.220069,-1,20,9999.662000,69.252000,318.258972,309.240136,460.000000,819,141.741028,OpenLoop,NoFIFO,false,OpenLoop_NoFIFO
6.230070,-1,20,10001.162000,70.414000,258.834898,301.679350,460.000000,819,201.165102,OpenLoop,NoFIFO,false,OpenLoop_NoFIFO
6.240070,-1,20,9999.366000,69.780000,325.069348,305.187850,460.000000,819,134.930652,OpenLoop,NoFIFO,false,OpenLoop_NoFIFO
6.250069,-1,20,9999.515000,69.295000,325.694816,308.263895,460.000000,819,134.305184,OpenLoop,NoFIFO,false,OpenLoop_NoFIFO
6.260069,-1,20,9999.403000,68.698000,266.587678,302.012462,460.000000,819,193.412322,OpenLoop,NoFIFO,false,OpenLoop_NoFIFO
6.270069,-1,20,10000.699000,69.397000,311.541411,303.441805,460.000000,819,148.458589,OpenLoop,NoFIFO,false,OpenLoop_NoFIFO
6.280082,-1,20,10012.570000,81.967000,340.661337,309.024735,460.000000,819,119.338663,OpenLoop,NoFIFO,false,OpenLoop_NoFIFO
6.290075,-1,20,9993.070000,75.037000,272.961885,303.615307,460.000000,819,187.038115,OpenLoop,NoFIFO,false,OpenLoop_NoFIFO
6.300072,-1,20,9996.680000,71.717000,292.687320,301.976109,460.000000,819,167.312680,OpenLoop,NoFIFO,false,OpenLoop_NoFIFO
6.310072,-1,20,10000.700000,72.417000,348.143236,308.901178,460.000000,819,111.856764,OpenLoop,NoFIFO,false,OpenLoop_NoFIFO
6.320079,-1,20,10006.829000,79.246000,277.493169,304.189977,460.000000,819,182.506831,OpenLoop,NoFIFO,false,OpenLoop_NoFIFO
6.330076,-1,20,9996.958000,76.204000,278.114887,300.278713,460.000000,819,181.885113,OpenLoop,NoFIFO,false,OpenLoop_NoFIFO
6.340071,-1,20,9994.607000,70.811000,352.941176,308.178083,460.000000,819,107.058824,OpenLoop,NoFIFO,false,OpenLoop_NoFIFO
6.350072,-1,20,10001.626000,72.437000,285.348644,304.753667,460.000000,819,174.651356,OpenLoop,NoFIFO,false,OpenLoop_NoFIFO
6.360071,-1,20,9998.477000,70.914000,268.368321,299.295865,460.000000,819,191.631679,OpenLoop,NoFIFO,false,OpenLoop_NoFIFO
6.370082,-1,20,10011.051000,81.965000,365.829865,309.275965,460.000000,819,94.170135,OpenLoop,NoFIFO,false,OpenLoop_NoFIFO
6.380082,-1,20,9999.792000,81.757000,300.756187,307.997998,460.000000,819,159.243813,OpenLoop,NoFIFO,false,OpenLoop_NoFIFO
6.390076,-1,20,9994.162000,75.919000,269.396552,302.207781,460.000000,819,190.603448,OpenLoop,NoFIFO,false,OpenLoop_NoFIFO
6.400071,-1,20,9995.107000,71.026000,371.602492,312.616988,460.000000,819,88.397508,OpenLoop,NoFIFO,false,OpenLoop_NoFIFO
6.410072,-1,20,10001.014000,72.040000,308.678269,312.026180,460.000000,819,151.321731,OpenLoop,NoFIFO,false,OpenLoop_NoFIFO
6.420072,-1,20,10000.088000,72.128000,254.065041,303.332009,460.000000,819,205.934959,OpenLoop,NoFIFO,false,OpenLoop_NoFIFO
6.430072,-1,20,10000.255000,72.383000,357.824427,311.505872,460.000000,819,102.175573,OpenLoop,NoFIFO,false,OpenLoop_NoFIFO
6.440071,-1,20,9998.144000,70.527000,309.746696,311.241995,460.000000,819,150.253304,OpenLoop,NoFIFO,false,OpenLoop_NoFIFO
6.450071,-1,20,10000.737000,71.264000,258.501838,303.330972,460.000000,819,201.498162,OpenLoop,NoFIFO,false,OpenLoop_NoFIFO
6.460071,-1,20,9999.514000,70.778000,355.113636,311.098372,460.000000,819,104.886364,OpenLoop,NoFIFO,false,OpenLoop_NoFIFO
6.470076,-1,20,10005.588000,76.366000,314.597315,311.623213,460.000000,819,145.402685,OpenLoop,NoFIFO,false,OpenLoop_NoFIFO
6.480080,-1,20,10003.773000,80.139000,264.423077,304.543193,460.000000,819,195.576923,OpenLoop,NoFIFO,false,OpenLoop_NoFIFO
6.490075,-1,20,9995.237000,75.376000,329.112337,308.228564,460.000000,819,130.887663,OpenLoop,NoFIFO,false,OpenLoop_NoFIFO
6.500071,-1,20,9995.422000,70.798000,329.748377,311.456536,460.000000,819,130.251623,OpenLoop,NoFIFO,false,OpenLoop_NoFIFO
6.510071,-1,20,10000.329000,71.127000,270.692974,305.342002,460.000000,819,189.307026,OpenLoop,NoFIFO,false,OpenLoop_NoFIFO
6.520072,-1,20,10000.606000,71.733000,306.989924,305.589190,460.000000,819,153.010076,OpenLoop,NoFIFO,false,OpenLoop_NoFIFO
6.530072,-1,20,10000.237000,71.970000,347.222222,311.834145,460.000000,819,112.777778,OpenLoop,NoFIFO,false,OpenLoop_NoFIFO
6.540072,-1,20,9999.755000,71.725000,277.230163,306.643548,460.000000,819,182.769837,OpenLoop,NoFIFO,false,OpenLoop_NoFIFO
6.550071,-1,20,9999.736000,71.461000,302.419355,306.009919,460.000000,819,157.580645,OpenLoop,NoFIFO,false,OpenLoop_NoFIFO
6.560073,-1,20,10001.162000,72.623000,357.278963,313.700275,460.000000,819,102.721037,OpenLoop,NoFIFO,false,OpenLoop_NoFIFO
6.570071,-1,20,9998.515000,71.138000,285.098834,309.410059,460.000000,819,174.901166,OpenLoop,NoFIFO,false,OpenLoop_NoFIFO
6.580081,-1,20,10010.162000,81.300000,295.209177,307.279927,460.000000,819,164.790823,OpenLoop,NoFIFO,false,OpenLoop_NoFIFO
6.590075,-1,20,9994.144000,75.444000,357.045702,314.744793,460.000000,819,102.954298,OpenLoop,NoFIFO,false,OpenLoop_NoFIFO
6.600071,-1,20,9995.755000,71.199000,289.351852,310.935852,460.000000,819,170.648148,OpenLoop,NoFIFO,false,OpenLoop_NoFIFO
6.610073,-1,20,10001.755000,72.954000,272.817460,305.218093,460.000000,819,187.182540,OpenLoop,NoFIFO,false,OpenLoop_NoFIFO
6.620071,-1,20,9997.995000,70.949000,365.853659,314.313428,460.000000,819,94.146341,OpenLoop,NoFIFO,false,OpenLoop_NoFIFO
6.630072,-1,20,10001.033000,71.982000,301.932367,312.456269,460.000000,819,158.067633,OpenLoop,NoFIFO,false,OpenLoop_NoFIFO
6.640072,-1,20,10000.348000,72.330000,269.158569,305.961614,460.000000,819,190.841431,OpenLoop,NoFIFO,false,OpenLoop_NoFIFO
6.650072,-1,20,9999.718000,72.048000,371.392190,315.776200,460.000000,819,88.607810,OpenLoop,NoFIFO,false,OpenLoop_NoFIFO
6.660070,-1,20,9997.866000,69.914000,300.756187,313.523198,460.000000,819,159.243813,OpenLoop,NoFIFO,false,OpenLoop_NoFIFO
6.670070,-1,20,10000.310000,70.224000,257.272228,305.085553,460.000000,819,202.727772,OpenLoop,NoFIFO,false,OpenLoop_NoFIFO
6.680069,-1,20,9998.477000,68.701000,354.274917,312.463957,460.000000,819,105.725083,OpenLoop,NoFIFO,false,OpenLoop_NoFIFO
6.690070,-1,20,10001.552000,70.253000,311.223187,312.277842,460.000000,819,148.776813,OpenLoop,NoFIFO,false,OpenLoop_NoFIFO
6.700069,-1,20,9998.551000,68.804000,258.718013,304.243868,460.000000,819,201.281987,OpenLoop,NoFIFO,false,OpenLoop_NoFIFO
6.710075,-1,20,10006.570000,75.374000,346.366995,310.562337,460.000000,819,113.633005,OpenLoop,NoFIFO,false,OpenLoop_NoFIFO
6.720070,-1,20,9994.829000,70.203000,325.844091,312.854600,460.000000,819,134.155909,OpenLoop,NoFIFO,false,OpenLoop_NoFIFO
6.730070,-1,20,9999.477000,69.680000,267.301711,306.021667,460.000000,819,192.698289,OpenLoop,NoFIFO,false,OpenLoop_NoFIFO
6.740069,-1,20,9999.588000,69.268000,337.068552,310.678699,460.000000,819,122.931448,OpenLoop,NoFIFO,false,OpenLoop_NoFIFO
6.750069,-1,20,10000.033000,69.301000,338.447653,314.844042,460.000000,819,121.552347,OpenLoop,NoFIFO,false,OpenLoop_NoFIFO
6.760069,-1,20,9999.829000,69.130000,272.793404,308.536447,460.000000,819,187.206596,OpenLoop,NoFIFO,false,OpenLoop_NoFIFO
6.770070,-1,20,10000.570000,69.700000,323.104454,310.721648,460.000000,819,136.895546,OpenLoop,NoFIFO,false,OpenLoop_NoFIFO
6.780082,-1,20,10012.680000,82.380000,345.462920,315.932839,460.000000,819,114.537080,OpenLoop,NoFIFO,false,OpenLoop_NoFIFO
6.790075,-1,20,9992.774000,75.154000,276.474531,310.014093,460.000000,819,183.525469,OpenLoop,NoFIFO,false,OpenLoop_NoFIFO
6.800073,-1,20,9997.551000,72.705000,307.954012,309.705080,460.000000,819,152.045988,OpenLoop,NoFIFO,false,OpenLoop_NoFIFO
6.810073,-1,20,10000.070000,72.775000,349.069149,315.609691,460.000000,819,110.930851,OpenLoop,NoFIFO,false,OpenLoop_NoFIFO
6.820072,-1,20,9999.421000,72.196000,288.461538,311.537468,460.000000,819,171.538462,OpenLoop,NoFIFO,false,OpenLoop_NoFIFO
6.830073,-1,20,10000.663000,72.859000,283.232628,307.291742,460.000000,819,176.767372,OpenLoop,NoFIFO,false,OpenLoop_NoFIFO
6.840071,-1,20,9998.218000,71.077000,365.853659,316.076029,460.000000,819,94.146341,OpenLoop,NoFIFO,false,OpenLoop_NoFIFO
6.850073,-1,20,10001.699000,72.776000,296.520822,313.142748,460.000000,819,163.479178,OpenLoop,NoFIFO,false,OpenLoop_NoFIFO
6.860070,-1,20,9997.644000,70.420000,270.172911,306.697273,460.000000,819,189.827089,OpenLoop,NoFIFO,false,OpenLoop_NoFIFO
6.870073,-1,20,10002.236000,72.656000,371.434231,316.407817,460.000000,819,88.565769,OpenLoop,NoFIFO,false,OpenLoop_NoFIFO
6.880072,-1,20,9999.200000,71.856000,298.566879,313.731676,460.000000,819,161.433121,OpenLoop,NoFIFO,false,OpenLoop_NoFIFO
6.890134,-1,20,10062.550000,134.406000,266.060372,306.580980,460.000000,819,193.939628,OpenLoop,NoFIFO,false,OpenLoop_NoFIFO
6.900081,-1,20,9946.367000,80.773000,367.466928,315.713872,460.000000,819,92.533072,OpenLoop,NoFIFO,false,OpenLoop_NoFIFO
6.910080,-1,20,9998.903000,79.676000,310.773481,314.972814,460.000000,819,149.226519,OpenLoop,NoFIFO,false,OpenLoop_NoFIFO
6.920076,-1,20,9996.125000,75.801000,265.330189,307.526420,460.000000,819,194.669811,OpenLoop,NoFIFO,false,OpenLoop_NoFIFO
6.930082,-1,20,10006.070000,81.871000,366.401772,316.357723,460.000000,819,93.598228,OpenLoop,NoFIFO,false,OpenLoop_NoFIFO
6.940076,-1,20,9994.070000,75.941000,324.020737,317.507175,460.000000,819,135.979263,OpenLoop,NoFIFO,false,OpenLoop_NoFIFO
6.950084,-1,20,10008.458000,84.399000,267.398745,309.990910,460.000000,819,192.601255,OpenLoop,NoFIFO,false,OpenLoop_NoFIFO
6.960084,-1,20,9999.904000,84.303000,351.200970,316.172419,460.000000,819,108.799030,OpenLoop,NoFIFO,false,OpenLoop_NoFIFO
6.970086,-1,20,10001.792000,86.095000,325.347037,317.548612,460.000000,819,134.652963,OpenLoop,NoFIFO,false,OpenLoop_NoFIFO
6.980084,-1,20,9998.069000,84.164000,270.953757,310.559384,460.000000,819,189.046243,OpenLoop,NoFIFO,false,OpenLoop_NoFIFO
6.990075,-1,20,9991.311000,75.475000,343.766370,315.540432,460.000000,819,116.233630,OpenLoop,NoFIFO,false,OpenLoop_NoFIFO
7.000075,-1,20,9999.403000,74.878000,339.673913,319.160454,460.000000,819,120.326087,OpenLoop,NoFIFO,false,OpenLoop_NoFIFO
7.010074,-1,20,9999.607000,74.485000,279.471545,313.207117,460.000000,819,180.528455,OpenLoop,NoFIFO,false,OpenLoop_NoFIFO
7.020078,-1,20,10003.273000,77.758000,319.602273,314.166391,460.000000,819,140.397727,OpenLoop,NoFIFO,false,OpenLoop_NoFIFO
7.030072,-1,20,9993.755000,71.513000,343.766370,318.606388,460.000000,819,116.233630,OpenLoop,NoFIFO,false,OpenLoop_NoFIFO
7.040070,-1,20,9998.903000,70.416000,277.915020,312.502682,460.000000,819,182.084980,OpenLoop,NoFIFO,false,OpenLoop_NoFIFO
7.050071,-1,20,10000.366000,70.782000,292.207792,309.458449,460.000000,819,167.792208,OpenLoop,NoFIFO,false,OpenLoop_NoFIFO
7.060073,-1,20,10002.403000,73.185000,356.803045,316.560138,460.000000,819,103.196955,OpenLoop,NoFIFO,false,OpenLoop_NoFIFO
7.070073,-1,20,9999.570000,72.755000,282.805430,311.496932,460.000000,819,177.194570,OpenLoop,NoFIFO,false,OpenLoop_NoFIFO
7.080071,-1,20,9998.292000,71.047000,284.954407,307.515553,460.000000,819,175.045593,OpenLoop,NoFIFO,false,OpenLoop_NoFIFO
7.090072,-1,20,10001.440000,72.487000,362.844702,315.814926,460.000000,819,97.155298,OpenLoop,NoFIFO,false,OpenLoop_NoFIFO
7.100070,-1,20,9997.885000,70.372000,293.121417,312.410899,460.000000,819,166.878583,OpenLoop,NoFIFO,false,OpenLoop_NoFIFO
7.110072,-1,20,10002.014000,72.386000,281.206737,307.730275,460.000000,819,178.793263,OpenLoop,NoFIFO,false,OpenLoop_NoFIFO
7.120071,-1,20,9999.014000,71.400000,368.472768,316.841649,460.000000,819,91.527232,OpenLoop,NoFIFO,false,OpenLoop_NoFIFO
7.130071,-1,20,9999.274000,70.674000,304.948885,315.057734,460.000000,819,155.051115,OpenLoop,NoFIFO,false,OpenLoop_NoFIFO
7.140072,-1,20,10001.181000,71.855000,268.694633,308.103269,460.000000,819,191.305367,OpenLoop,NoFIFO,false,OpenLoop_NoFIFO
7.150071,-1,20,9999.588000,71.443000,373.243560,317.874313,460.000000,819,86.756440,OpenLoop,NoFIFO,false,OpenLoop_NoFIFO
7.160073,-1,20,10001.070000,72.513000,312.673708,317.094222,460.000000,819,147.326292,OpenLoop,NoFIFO,false,OpenLoop_NoFIFO
7.170072,-1,20,9998.995000,71.508000,268.112488,309.746962,460.000000,819,191.887512,OpenLoop,NoFIFO,false,OpenLoop_NoFIFO
7.180083,-1,20,10011.570000,83.078000,375.187594,319.563057,460.000000,819,84.812406,OpenLoop,NoFIFO,false,OpenLoop_NoFIFO
7.190075,-1,20,9992.274000,75.352000,315.960520,319.022676,460.000000,819,144.039480,OpenLoop,NoFIFO,false,OpenLoop_NoFIFO
7.200079,-1,20,10003.903000,79.255000,268.010292,311.370818,460.000000,819,191.989708,OpenLoop,NoFIFO,false,OpenLoop_NoFIFO
7.210075,-1,20,9995.736000,74.991000,342.465753,316.035059,460.000000,819,117.534247,OpenLoop,NoFIFO,false,OpenLoop_NoFIFO
7.220072,-1,20,9996.533000,71.524000,321.400316,316.839847,460.000000,819,138.599684,OpenLoop,NoFIFO,false,OpenLoop_NoFIFO
7.230080,-1,20,10008.829000,80.353000,267.984755,309.511583,460.000000,819,192.015245,OpenLoop,NoFIFO,false,OpenLoop_NoFIFO
7.240076,-1,20,9996.144000,76.497000,328.504043,312.360452,460.000000,819,131.495957,OpenLoop,NoFIFO,false,OpenLoop_NoFIFO
7.250072,-1,20,9995.514000,72.011000,339.509899,316.432869,460.000000,819,120.490101,OpenLoop,NoFIFO,false,OpenLoop_NoFIFO
7.260073,-1,20,10000.570000,72.581000,271.524487,309.696612,460.000000,819,188.475513,OpenLoop,NoFIFO,false,OpenLoop_NoFIFO
7.270071,-1,20,9998.662000,71.243000,318.156109,310.965536,460.000000,819,141.843891,OpenLoop,NoFIFO,false,OpenLoop_NoFIFO
7.280071,-1,20,9999.329000,70.572000,344.162996,315.945155,460.000000,819,115.837004,OpenLoop,NoFIFO,false,OpenLoop_NoFIFO
7.290071,-1,20,10000.810000,71.382000,277.964960,310.248126,460.000000,819,182.035040,OpenLoop,NoFIFO,false,OpenLoop_NoFIFO
7.300078,-1,20,10006.941000,78.323000,307.954012,309.904009,460.000000,819,152.045988,OpenLoop,NoFIFO,false,OpenLoop_NoFIFO
7.310074,-1,20,9996.125000,74.448000,349.627064,315.862467,460.000000,819,110.372936,OpenLoop,NoFIFO,false,OpenLoop_NoFIFO
7.320072,-1,20,9997.273000,71.721000,288.256859,311.721626,460.000000,819,171.743141,OpenLoop,NoFIFO,false,OpenLoop_NoFIFO
7.330072,-1,20,10000.440000,72.161000,292.511700,308.840137,460.000000,819,167.488300,OpenLoop,NoFIFO,false,OpenLoop_NoFIFO
7.340071,-1,20,9998.459000,70.620000,367.392808,317.623038,460.000000,819,92.607192,OpenLoop,NoFIFO,false,OpenLoop_NoFIFO
7.350079,-1,20,10007.940000,78.560000,298.221515,314.712809,460.000000,819,161.778485,OpenLoop,NoFIFO,false,OpenLoop_NoFIFO
7.360081,-1,20,10002.903000,81.463000,283.298466,310.000658,460.000000,819,176.701534,OpenLoop,NoFIFO,false,OpenLoop_NoFIFO
7.370074,-1,20,9992.940000,74.403000,381.485249,320.723347,460.000000,819,78.514751,OpenLoop,NoFIFO,false,OpenLoop_NoFIFO
7.380084,-1,20,10009.792000,84.195000,304.535232,318.295129,460.000000,819,155.464768,OpenLoop,NoFIFO,false,OpenLoop_NoFIFO
7.390075,-1,20,9990.866000,75.061000,270.811450,311.172577,460.000000,819,189.188550,OpenLoop,NoFIFO,false,OpenLoop_NoFIFO
7.400072,-1,20,9997.292000,72.353000,363.041002,318.952841,460.000000,819,96.958998,OpenLoop,NoFIFO,false,OpenLoop_NoFIFO
7.410079,-1,20,10006.404000,78.757000,304.878049,316.841622,460.000000,819,155.121951,OpenLoop,NoFIFO,false,OpenLoop_NoFIFO
7.420082,-1,20,10003.162000,81.919000,263.096352,308.779832,460.000000,819,196.903648,OpenLoop,NoFIFO,false,OpenLoop_NoFIFO
7.430077,-1,20,9995.125000,77.044000,365.639626,317.308801,460.000000,819,94.360374,OpenLoop,NoFIFO,false,OpenLoop_NoFIFO
7.440071,-1,20,9993.755000,70.799000,319.498539,317.637262,460.000000,819,140.501461,OpenLoop,NoFIFO,false,OpenLoop_NoFIFO
7.450071,-1,20,9999.959000,70.758000,264.382403,309.649033,460.000000,819,195.617597,OpenLoop,NoFIFO,false,OpenLoop_NoFIFO
7.460069,-1,20,9998.273000,69.031000,351.665931,315.951568,460.000000,819,108.334069,OpenLoop,NoFIFO,false,OpenLoop_NoFIFO
7.470071,-1,20,10001.552000,70.583000,331.002173,318.209158,460.000000,819,128.997827,OpenLoop,NoFIFO,false,OpenLoop_NoFIFO
7.480069,-1,20,9998.699000,69.282000,269.138756,310.848598,460.000000,819,190.861244,OpenLoop,NoFIFO,false,OpenLoop_NoFIFO
7.490070,-1,20,10001.088000,70.370000,342.510438,315.597874,460.000000,819,117.489562,OpenLoop,NoFIFO,false,OpenLoop_NoFIFO
7.500069,-1,20,9998.755000,69.125000,334.662066,318.457503,460.000000,819,125.337934,OpenLoop,NoFIFO,false,OpenLoop_NoFIFO
7.510071,-1,20,10001.551000,70.676000,277.068780,312.249194,460.000000,819,182.931220,OpenLoop,NoFIFO,false,OpenLoop_NoFIFO
7.520073,-1,20,10002.441000,73.117000,327.491849,314.535593,460.000000,819,132.508151,OpenLoop,NoFIFO,false,OpenLoop_NoFIFO
7.530072,-1,20,9999.014000,72.131000,353.506787,320.381272,460.000000,819,106.493213,OpenLoop,NoFIFO,false,OpenLoop_NoFIFO
7.540072,-1,20,9999.421000,71.552000,283.661120,314.873249,460.000000,819,176.338880,OpenLoop,NoFIFO,false,OpenLoop_NoFIFO
7.550072,-1,20,10000.366000,71.918000,315.808470,315.013532,460.000000,819,144.191530,OpenLoop,NoFIFO,false,OpenLoop_NoFIFO
7.560070,-1,20,9998.385000,70.303000,365.449584,322.578940,460.000000,819,94.550416,OpenLoop,NoFIFO,false,OpenLoop_NoFIFO
7.570071,-1,20,10000.329000,70.632000,286.764706,317.206805,460.000000,819,173.235294,OpenLoop,NoFIFO,false,OpenLoop_NoFIFO
7.580082,-1,20,10011.681000,82.313000,293.468981,313.646131,460.000000,819,166.531019,OpenLoop,NoFIFO,false,OpenLoop_NoFIFO
7.590076,-1,20,9993.421000,75.734000,365.538991,321.430060,460.000000,819,94.461009,OpenLoop,NoFIFO,false,OpenLoop_NoFIFO
7.600071,-1,20,9995.348000,71.082000,298.408488,317.976824,460.000000,819,161.591512,OpenLoop,NoFIFO,false,OpenLoop_NoFIFO
7.610072,-1,20,10000.774000,71.856000,285.689170,313.133676,460.000000,819,174.310830,OpenLoop,NoFIFO,false,OpenLoop_NoFIFO
7.620071,-1,20,9999.421000,71.277000,372.615262,322.055914,460.000000,819,87.384738,OpenLoop,NoFIFO,false,OpenLoop_NoFIFO
7.630072,-1,20,10001.144000,72.421000,306.989924,319.796016,460.000000,819,153.010076,OpenLoop,NoFIFO,false,OpenLoop_NoFIFO
7.640071,-1,20,9999.014000,71.435000,263.477261,311.348203,460.000000,819,196.522739,OpenLoop,NoFIFO,false,OpenLoop_NoFIFO
7.650072,-1,20,10001.051000,72.486000,372.197571,320.475608,460.000000,819,87.802429,OpenLoop,NoFIFO,false,OpenLoop_NoFIFO
7.660071,-1,20,9998.570000,71.056000,314.773363,319.620271,460.000000,819,145.226637,OpenLoop,NoFIFO,false,OpenLoop_NoFIFO
7.670072,-1,20,10000.774000,71.830000,265.330189,311.476759,460.000000,819,194.669811,OpenLoop,NoFIFO,false,OpenLoop_NoFIFO
7.680072,-1,20,9999.847000,71.677000,366.592805,319.744166,460.000000,819,93.407195,OpenLoop,NoFIFO,false,OpenLoop_NoFIFO
7.690071,-1,20,9999.403000,71.080000,320.121951,319.800834,460.000000,819,139.878049,OpenLoop,NoFIFO,false,OpenLoop_NoFIFO
7.700078,-1,20,10007.181000,78.261000,270.243711,312.367265,460.000000,819,189.756289,OpenLoop,NoFIFO,false,OpenLoop_NoFIFO
7.710072,-1,20,9994.144000,72.405000,351.617440,318.254791,460.000000,819,108.382560,OpenLoop,NoFIFO,false,OpenLoop_NoFIFO
7.720070,-1,20,9998.070000,70.475000,333.076741,320.478084,460.000000,819,126.923259,OpenLoop,NoFIFO,false,OpenLoop_NoFIFO
7.730072,-1,20,10001.033000,71.508000,274.853412,313.634383,460.000000,819,185.146588,OpenLoop,NoFIFO,false,OpenLoop_NoFIFO
7.740071,-1,20,9999.866000,71.374000,347.222222,318.672559,460.000000,819,112.777778,OpenLoop,NoFIFO,false,OpenLoop_NoFIFO
7.750071,-1,20,9999.847000,71.221000,341.195409,322.050986,460.000000,819,118.804591,OpenLoop,NoFIFO,false,OpenLoop_NoFIFO
7.760071,-1,20,9999.440000,70.661000,276.412776,315.205255,460.000000,819,183.587224,OpenLoop,NoFIFO,false,OpenLoop_NoFIFO
7.770072,-1,20,10000.866000,71.527000,322.640118,316.320484,460.000000,819,137.359882,OpenLoop,NoFIFO,false,OpenLoop_NoFIFO
7.780080,-1,20,10008.737000,80.264000,344.669118,320.572779,460.000000,819,115.330882,OpenLoop,NoFIFO,false,OpenLoop_NoFIFO
7.790075,-1,20,9994.532000,74.796000,284.875691,315.218216,460.000000,819,175.124309,OpenLoop,NoFIFO,false,OpenLoop_NoFIFO
7.800071,-1,20,9995.941000,70.737000,304.948885,313.677816,460.000000,819,155.051115,OpenLoop,NoFIFO,false,OpenLoop_NoFIFO
7.810071,-1,20,10000.310000,71.047000,355.293077,319.920105,460.000000,819,104.706923,OpenLoop,NoFIFO,false,OpenLoop_NoFIFO
7.820070,-1,20,9998.959000,70.006000,291.010029,315.583594,460.000000,819,168.989971,OpenLoop,NoFIFO,false,OpenLoop_NoFIFO
7.830070,-1,20,10000.144000,70.150000,283.466190,310.765983,460.000000,819,176.533810,OpenLoop,NoFIFO,false,OpenLoop_NoFIFO
7.840071,-1,20,10000.773000,70.923000,368.071594,319.361825,460.000000,819,91.928406,OpenLoop,NoFIFO,false,OpenLoop_NoFIFO
7.850070,-1,20,9999.533000,70.456000,296.364594,315.912240,460.000000,819,163.635406,OpenLoop,NoFIFO,false,OpenLoop_NoFIFO
7.860070,-1,20,9999.903000,70.359000,277.503700,310.150959,460.000000,819,182.496300,OpenLoop,NoFIFO,false,OpenLoop_NoFIFO
7.870071,-1,20,10000.514000,70.873000,371.630550,319.372898,460.000000,819,88.369450,OpenLoop,NoFIFO,false,OpenLoop_NoFIFO
7.880072,-1,20,10001.311000,72.184000,307.377049,317.573521,460.000000,819,152.622951,OpenLoop,NoFIFO,false,OpenLoop_NoFIFO
7.890073,-1,20,10000.644000,72.828000,281.726768,312.196508,460.000000,819,178.273232,OpenLoop,NoFIFO,false,OpenLoop_NoFIFO
7.900072,-1,20,9999.384000,72.212000,378.024194,322.070661,460.000000,819,81.975806,OpenLoop,NoFIFO,false,OpenLoop_NoFIFO
7.910070,-1,20,9997.922000,70.134000,319.546408,321.692023,460.000000,819,140.453592,OpenLoop,NoFIFO,false,OpenLoop_NoFIFO
7.920069,-1,20,9999.310000,69.444000,269.525635,313.867065,460.000000,819,190.474365,OpenLoop,NoFIFO,false,OpenLoop_NoFIFO
7.930071,-1,20,10001.366000,70.810000,375.200107,323.067021,460.000000,819,84.799893,OpenLoop,NoFIFO,false,OpenLoop_NoFIFO
7.940073,-1,20,10002.181000,72.991000,327.339385,323.707876,460.000000,819,132.660615,OpenLoop,NoFIFO,false,OpenLoop_NoFIFO
7.950072,-1,20,9999.126000,72.117000,265.786082,315.019607,460.000000,819,194.213918,OpenLoop,NoFIFO,false,OpenLoop_NoFIFO
7.960071,-1,20,9999.254000,71.371000,358.371560,321.522400,460.000000,819,101.628440,OpenLoop,NoFIFO,false,OpenLoop_NoFIFO
7.970101,-1,20,10030.033000,101.404000,331.439394,323.009949,460.000000,819,128.560606,OpenLoop,NoFIFO,false,OpenLoop_NoFIFO
7.980086,-1,20,9984.607000,86.011000,275.330396,315.858016,460.000000,819,184.669604,OpenLoop,NoFIFO,false,OpenLoop_NoFIFO
7.990075,-1,20,9989.310000,75.321000,340.025907,319.483199,460.000000,819,119.974093,OpenLoop,NoFIFO,false,OpenLoop_NoFIFO
8.000072,-1,20,9996.200000,71.521000,341.322816,322.759142,460.000000,819,118.677184,OpenLoop,NoFIFO,false,OpenLoop_NoFIFO
8.010074,-1,20,10002.292000,73.813000,279.572565,316.281155,460.000000,819,180.427435,OpenLoop,NoFIFO,false,OpenLoop_NoFIFO
8.020081,-1,20,10006.736000,80.549000,322.957677,317.282634,460.000000,819,137.042323,OpenLoop,NoFIFO,false,OpenLoop_NoFIFO
8.030076,-1,20,9995.607000,76.156000,353.506787,322.716257,460.000000,819,106.493213,OpenLoop,NoFIFO,false,OpenLoop_NoFIFO
8.040072,-1,20,9995.496000,71.652000,285.243408,317.095329,460.000000,819,174.756592,OpenLoop,NoFIFO,false,OpenLoop_NoFIFO
8.050074,-1,20,10001.940000,73.592000,309.956765,316.024545,460.000000,819,150.043235,OpenLoop,NoFIFO,false,OpenLoop_NoFIFO
8.060072,-1,20,9998.866000,72.458000,361.969112,322.916230,460.000000,819,98.030888,OpenLoop,NoFIFO,false,OpenLoop_NoFIFO
8.070072,-1,20,9999.903000,72.361000,295.896896,318.863330,460.000000,819,164.103104,OpenLoop,NoFIFO,false,OpenLoop_NoFIFO
8.080071,-1,20,9999.051000,71.412000,302.558783,316.417648,460.000000,819,157.441217,OpenLoop,NoFIFO,false,OpenLoop_NoFIFO
8.090086,-1,20,10014.848000,86.260000,371.042216,324.611333,460.000000,819,88.957784,OpenLoop,NoFIFO,false,OpenLoop_NoFIFO
8.100077,-1,20,9990.255000,76.515000,307.609793,322.061102,460.000000,819,152.390207,OpenLoop,NoFIFO,false,OpenLoop_NoFIFO
8.110073,-1,20,9996.866000,73.381000,286.899718,316.786894,460.000000,819,173.100282,OpenLoop,NoFIFO,false,OpenLoop_NoFIFO
8.120072,-1,20,9998.181000,71.562000,380.517504,326.346486,460.000000,819,79.482496,OpenLoop,NoFIFO,false,OpenLoop_NoFIFO
8.130073,-1,20,10001.755000,73.317000,312.179816,324.221485,460.000000,819,147.820184,OpenLoop,NoFIFO,false,OpenLoop_NoFIFO
8.140072,-1,20,9998.255000,71.572000,277.230163,317.172787,460.000000,819,182.769837,OpenLoop,NoFIFO,false,OpenLoop_NoFIFO
8.150073,-1,20,10001.014000,72.586000,375.751503,325.959594,460.000000,819,84.248497,OpenLoop,NoFIFO,false,OpenLoop_NoFIFO
8.160071,-1,20,9998.477000,71.063000,312.981510,324.012882,460.000000,819,147.018490,OpenLoop,NoFIFO,false,OpenLoop_NoFIFO
8.170072,-1,20,10001.329000,72.392000,267.984755,315.608663,460.000000,819,192.015245,OpenLoop,NoFIFO,false,OpenLoop_NoFIFO
8.180072,-1,20,10000.070000,72.462000,371.042216,323.923696,460.000000,819,88.957784,OpenLoop,NoFIFO,false,OpenLoop_NoFIFO
8.190081,-1,20,10008.607000,81.069000,325.822521,324.208519,460.000000,819,134.177479,OpenLoop,NoFIFO,false,OpenLoop_NoFIFO
8.200076,-1,20,9994.977000,76.046000,273.005242,316.528028,460.000000,819,186.994758,OpenLoop,NoFIFO,false,OpenLoop_NoFIFO
8.210102,-1,20,10026.162000,102.208000,349.650350,321.496376,460.000000,819,110.349650,OpenLoop,NoFIFO,false,OpenLoop_NoFIFO
8.220072,-1,20,9969.792000,72.000000,336.365966,323.726815,460.000000,819,123.634034,OpenLoop,NoFIFO,false,OpenLoop_NoFIFO
8.230073,-1,20,10001.033000,73.033000,271.870469,315.948363,460.000000,819,188.129531,OpenLoop,NoFIFO,false,OpenLoop_NoFIFO
8.240071,-1,20,9997.496000,70.529000,342.868339,319.986359,460.000000,819,117.131661,OpenLoop,NoFIFO,false,OpenLoop_NoFIFO
8.250071,-1,20,10000.921000,71.450000,342.653509,323.386432,460.000000,819,117.346491,OpenLoop,NoFIFO,false,OpenLoop_NoFIFO
8.260071,-1,20,9999.959000,71.409000,284.090909,317.492103,460.000000,819,175.909091,OpenLoop,NoFIFO,false,OpenLoop_NoFIFO
8.270071,-1,20,9999.810000,71.219000,331.350141,319.570809,460.000000,819,128.649859,OpenLoop,NoFIFO,false,OpenLoop_NoFIFO
8.280071,-1,20,10000.070000,71.289000,352.090636,324.448783,460.000000,819,107.909364,OpenLoop,NoFIFO,false,OpenLoop_NoFIFO
8.290078,-1,20,10006.922000,78.211000,292.056075,319.589877,460.000000,819,167.943925,OpenLoop,NoFIFO,false,OpenLoop_NoFIFO
8.300115,-1,20,10037.162000,115.373000,311.700767,318.406510,460.000000,819,148.299233,OpenLoop,NoFIFO,false,OpenLoop_NoFIFO
8.310110,-1,20,9994.644000,110.017000,371.655104,326.393799,460.000000,819,88.344896,OpenLoop,NoFIFO,false,OpenLoop_NoFIFO
8.320073,-1,20,9962.718000,72.735000,293.533237,321.464715,460.000000,819,166.466763,OpenLoop,NoFIFO,false,OpenLoop_NoFIFO
8.330073,-1,20,9999.940000,72.675000,295.896896,317.629542,460.000000,819,164.103104,OpenLoop,NoFIFO,false,OpenLoop_NoFIFO
8.340072,-1,20,9999.681000,72.356000,369.436718,325.400619,460.000000,819,90.563282,OpenLoop,NoFIFO,false,OpenLoop_NoFIFO
8.350072,-1,20,10000.107000,72.463000,300.963082,321.734988,460.000000,819,159.036918,OpenLoop,NoFIFO,false,OpenLoop_NoFIFO
8.360072,-1,20,9999.218000,71.681000,289.077324,316.836339,460.000000,819,170.922676,OpenLoop,NoFIFO,false,OpenLoop_NoFIFO
8.370072,-1,20,10000.366000,72.047000,374.201703,325.441143,460.000000,819,85.798297,OpenLoop,NoFIFO,false,OpenLoop_NoFIFO
8.380075,-1,20,10003.088000,75.135000,310.724432,323.233636,460.000000,819,149.275568,OpenLoop,NoFIFO,false,OpenLoop_NoFIFO
8.390071,-1,20,9995.625000,70.760000,272.673189,315.649569,460.000000,819,187.326811,OpenLoop,NoFIFO,false,OpenLoop_NoFIFO
8.400070,-1,20,9999.237000,69.997000,374.119718,324.420092,460.000000,819,85.880282,OpenLoop,NoFIFO,false,OpenLoop_NoFIFO
8.410070,-1,20,9999.625000,69.622000,321.428571,323.971364,460.000000,819,138.571429,OpenLoop,NoFIFO,false,OpenLoop_NoFIFO
8.420069,-1,20,9999.662000,69.284000,270.833333,316.000659,460.000000,819,189.166667,OpenLoop,NoFIFO,false,OpenLoop_NoFIFO
8.430070,-1,20,10000.441000,69.725000,373.803828,324.671134,460.000000,819,86.196172,OpenLoop,NoFIFO,false,OpenLoop_NoFIFO
8.440071,-1,20,10001.680000,71.405000,326.330184,324.919992,460.000000,819,133.669816,OpenLoop,NoFIFO,false,OpenLoop_NoFIFO
8.450070,-1,20,9998.404000,69.809000,279.156328,318.055442,460.000000,819,180.843672,OpenLoop,NoFIFO,false,OpenLoop_NoFIFO
8.460070,-1,20,9999.736000,69.545000,367.647059,325.494185,460.000000,819,92.352941,OpenLoop,NoFIFO,false,OpenLoop_NoFIFO
8.470071,-1,20,10001.144000,70.689000,340.909091,327.806421,460.000000,819,119.090909,OpenLoop,NoFIFO,false,OpenLoop_NoFIFO
8.480085,-1,20,10014.514000,85.203000,282.237832,320.971132,460.000000,819,177.762168,OpenLoop,NoFIFO,false,OpenLoop_NoFIFO
8.490076,-1,20,9990.385000,75.588000,348.426660,325.089462,460.000000,819,111.573340,OpenLoop,NoFIFO,false,OpenLoop_NoFIFO
8.500071,-1,20,9995.866000,71.454000,349.987556,328.824176,460.000000,819,110.012444,OpenLoop,NoFIFO,false,OpenLoop_NoFIFO
8.510072,-1,20,10000.588000,72.042000,279.990045,321.499056,460.000000,819,180.009955,OpenLoop,NoFIFO,false,OpenLoop_NoFIFO
8.520072,-1,20,9999.551000,71.593000,335.460401,323.593258,460.000000,819,124.539599,OpenLoop,NoFIFO,false,OpenLoop_NoFIFO
8.530073,-1,20,10001.311000,72.904000,351.499732,327.779229,460.000000,819,108.500268,OpenLoop,NoFIFO,false,OpenLoop_NoFIFO
8.540072,-1,20,9998.829000,71.733000,289.902474,322.097716,460.000000,819,170.097526,OpenLoop,NoFIFO,false,OpenLoop_NoFIFO
8.550073,-1,20,10001.199000,72.932000,310.088203,320.296289,460.000000,819,149.911797,OpenLoop,NoFIFO,false,OpenLoop_NoFIFO
8.560069,-1,20,9996.089000,69.021000,368.241682,327.488098,460.000000,819,91.758318,OpenLoop,NoFIFO,false,OpenLoop_NoFIFO
8.570085,-1,20,10015.495000,84.516000,294.668762,322.565197,460.000000,819,165.331238,OpenLoop,NoFIFO,false,OpenLoop_NoFIFO
8.580076,-1,20,9991.829000,76.345000,298.884166,319.013043,460.000000,819,161.115834,OpenLoop,NoFIFO,false,OpenLoop_NoFIFO
8.590075,-1,20,9998.366000,74.711000,375.707214,327.517168,460.000000,819,84.292786,OpenLoop,NoFIFO,false,OpenLoop_NoFIFO
8.600074,-1,20,9999.200000,73.911000,300.160085,323.413606,460.000000,819,159.839915,OpenLoop,NoFIFO,false,OpenLoop_NoFIFO
8.610074,-1,20,10000.032000,73.943000,289.902474,318.386936,460.000000,819,170.097526,OpenLoop,NoFIFO,false,OpenLoop_NoFIFO
8.620074,-1,20,10000.255000,74.198000,375.000000,326.878896,460.000000,819,85.000000,OpenLoop,NoFIFO,false,OpenLoop_NoFIFO
8.630074,-1,20,9999.589000,73.787000,307.665260,323.996850,460.000000,819,152.334740,OpenLoop,NoFIFO,false,OpenLoop_NoFIFO
8.640079,-1,20,10004.792000,78.579000,276.474531,316.868502,460.000000,819,183.525469,OpenLoop,NoFIFO,false,OpenLoop_NoFIFO
8.650083,-1,20,10004.569000,83.148000,380.517504,326.415853,460.000000,819,79.482496,OpenLoop,NoFIFO,false,OpenLoop_NoFIFO
8.660074,-1,20,9990.904000,74.052000,328.453453,326.721493,460.000000,819,131.546547,OpenLoop,NoFIFO,false,OpenLoop_NoFIFO
8.670073,-1,20,9999.236000,73.288000,277.493169,319.337244,460.000000,819,182.506831,OpenLoop,NoFIFO,false,OpenLoop_NoFIFO
8.680071,-1,20,9997.570000,70.858000,388.399793,329.696627,460.000000,819,71.600207,OpenLoop,NoFIFO,false,OpenLoop_NoFIFO
8.690078,-1,20,10006.884000,77.742000,325.844091,329.118746,460.000000,819,134.155909,OpenLoop,NoFIFO,false,OpenLoop_NoFIFO
8.700075,-1,20,9997.718000,75.460000,279.774824,321.717158,460.000000,819,180.225176,OpenLoop,NoFIFO,false,OpenLoop_NoFIFO
8.710087,-1,20,10011.996000,87.456000,358.920368,327.297639,460.000000,819,101.079632,OpenLoop,NoFIFO,false,OpenLoop_NoFIFO
8.720078,-1,20,9990.718000,78.174000,337.392035,328.811799,460.000000,819,122.607965,OpenLoop,NoFIFO,false,OpenLoop_NoFIFO
8.730073,-1,20,9995.255000,73.429000,278.635117,321.285296,460.000000,819,181.364883,OpenLoop,NoFIFO,false,OpenLoop_NoFIFO
8.740071,-1,20,9997.459000,70.888000,351.876676,325.874003,460.000000,819,108.123324,OpenLoop,NoFIFO,false,OpenLoop_NoFIFO
8.750072,-1,20,10001.384000,72.272000,346.879625,329.024846,460.000000,819,113.120375,OpenLoop,NoFIFO,false,OpenLoop_NoFIFO
8.760071,-1,20,9998.237000,70.509000,282.805430,322.091934,460.000000,819,177.194570,OpenLoop,NoFIFO,false,OpenLoop_NoFIFO
8.770072,-1,20,10001.514000,72.023000,337.230216,324.362676,460.000000,819,122.769784,OpenLoop,NoFIFO,false,OpenLoop_NoFIFO
8.780082,-1,20,10010.107000,82.130000,353.582974,328.745721,460.000000,819,106.417026,OpenLoop,NoFIFO,false,OpenLoop_NoFIFO
8.790074,-1,20,9992.162000,74.292000,288.120567,322.651948,460.000000,819,171.879433,OpenLoop,NoFIFO,false,OpenLoop_NoFIFO
8.800072,-1,20,9997.959000,72.251000,314.272821,321.395079,460.000000,819,145.727179,OpenLoop,NoFIFO,false,OpenLoop_NoFIFO
8.810074,-1,20,10001.273000,73.524000,357.824427,326.859481,460.000000,819,102.175573,OpenLoop,NoFIFO,false,OpenLoop_NoFIFO
8.820070,-1,20,9996.866000,70.390000,296.364594,322.285248,460.000000,819,163.635406,OpenLoop,NoFIFO,false,OpenLoop_NoFIFO
8.830069,-1,20,9998.866000,69.256000,301.223431,319.125976,460.000000,819,158.776569,OpenLoop,NoFIFO,false,OpenLoop_NoFIFO
8.840069,-1,20,9999.922000,69.178000,379.554656,328.190278,460.000000,819,80.445344,OpenLoop,NoFIFO,false,OpenLoop_NoFIFO
8.850073,-1,20,10004.033000,73.211000,307.609793,325.103205,460.000000,819,152.390207,OpenLoop,NoFIFO,false,OpenLoop_NoFIFO
8.860070,-1,20,9996.699000,69.910000,289.649846,319.785201,460.000000,819,170.350154,OpenLoop,NoFIFO,false,OpenLoop_NoFIFO
8.870069,-1,20,9999.144000,69.054000,386.644833,329.814146,460.000000,819,73.355167,OpenLoop,NoFIFO,false,OpenLoop_NoFIFO
8.880070,-1,20,10001.033000,70.087000,314.434985,327.507272,460.000000,819,145.565015,OpenLoop,NoFIFO,false,OpenLoop_NoFIFO
8.890069,-1,20,9999.162000,69.249000,285.957297,321.274775,460.000000,819,174.042703,OpenLoop,NoFIFO,false,OpenLoop_NoFIFO
8.900084,-1,20,10014.385000,83.634000,381.718241,330.341295,460.000000,819,78.281759,OpenLoop,NoFIFO,false,OpenLoop_NoFIFO
8.910075,-1,20,9991.736000,75.370000,321.218796,328.972920,460.000000,819,138.781204,OpenLoop,NoFIFO,false,OpenLoop_NoFIFO
8.920072,-1,20,9996.329000,71.699000,273.106462,320.592952,460.000000,819,186.893538,OpenLoop,NoFIFO,false,OpenLoop_NoFIFO
8.930073,-1,20,10001.033000,72.732000,367.562269,327.638349,460.000000,819,92.437731,OpenLoop,NoFIFO,false,OpenLoop_NoFIFO
8.940072,-1,20,9998.810000,71.542000,330.642973,328.089043,460.000000,819,129.357027,OpenLoop,NoFIFO,false,OpenLoop_NoFIFO
8.950078,-1,20,10006.663000,78.205000,276.235267,320.310977,460.000000,819,183.764733,OpenLoop,NoFIFO,false,OpenLoop_NoFIFO
8.960075,-1,20,9996.903000,75.108000,369.871120,327.744998,460.000000,819,90.128880,OpenLoop,NoFIFO,false,OpenLoop_NoFIFO
8.970072,-1,20,9996.996000,72.104000,331.350141,328.285770,460.000000,819,128.649859,OpenLoop,NoFIFO,false,OpenLoop_NoFIFO
8.980083,-1,20,10011.347000,83.451000,281.301146,321.238076,460.000000,819,178.698854,OpenLoop,NoFIFO,false,OpenLoop_NoFIFO
8.990070,-1,20,9986.977000,70.428000,346.901018,325.087517,460.000000,819,113.098982,OpenLoop,NoFIFO,false,OpenLoop_NoFIFO
9.000074,-1,20,10003.866000,74.294000,346.196455,328.253858,460.000000,819,113.803545,OpenLoop,NoFIFO,false,OpenLoop_NoFIFO
9.010071,-1,20,9996.496000,70.790000,289.649846,322.463256,460.000000,819,170.350154,OpenLoop,NoFIFO,false,OpenLoop_NoFIFO
9.020137,-1,20,10066.384000,137.174000,342.653509,325.491794,460.000000,819,117.346491,OpenLoop,NoFIFO,false,OpenLoop_NoFIFO
9.030079,-1,20,9941.533000,78.707000,360.576923,330.754563,460.000000,819,99.423077,OpenLoop,NoFIFO,false,OpenLoop_NoFIFO
9.040077,-1,20,9998.718000,77.425000,296.811398,325.663088,460.000000,819,163.188602,OpenLoop,NoFIFO,false,OpenLoop_NoFIFO
9.050075,-1,20,9997.496000,74.921000,325.347037,325.615681,460.000000,819,134.652963,OpenLoop,NoFIFO,false,OpenLoop_NoFIFO
9.060075,-1,20,9999.829000,74.750000,370.736530,332.383808,460.000000,819,89.263470,OpenLoop,NoFIFO,false,OpenLoop_NoFIFO
9.070075,-1,20,10000.181000,74.931000,301.372404,327.732097,460.000000,819,158.627596,OpenLoop,NoFIFO,false,OpenLoop_NoFIFO
9.080074,-1,20,9998.811000,73.742000,310.577378,325.158890,460.000000,819,149.422622,OpenLoop,NoFIFO,false,OpenLoop_NoFIFO
9.090073,-1,20,9999.625000,73.367000,375.600962,332.725200,460.000000,819,84.399038,OpenLoop,NoFIFO,false,OpenLoop_NoFIFO
9.100074,-1,20,10000.144000,73.511000,304.992492,328.565294,460.000000,819,155.007508,OpenLoop,NoFIFO,false,OpenLoop_NoFIFO
9.110073,-1,20,9999.440000,72.951000,285.388128,322.088719,460.000000,819,174.611872,OpenLoop,NoFIFO,false,OpenLoop_NoFIFO
9.120074,-1,20,10001.070000,74.021000,381.279904,330.967397,460.000000,819,78.720096,OpenLoop,NoFIFO,false,OpenLoop_NoFIFO
9.130073,-1,20,9998.829000,72.850000,310.272403,327.863148,460.000000,819,149.727597,OpenLoop,NoFIFO,false,OpenLoop_NoFIFO
9.140073,-1,20,10000.551000,73.401000,282.237832,321.019351,460.000000,819,177.762168,OpenLoop,NoFIFO,false,OpenLoop_NoFIFO
9.150073,-1,20,9999.422000,72.823000,384.615385,330.558756,460.000000,819,75.384615,OpenLoop,NoFIFO,false,OpenLoop_NoFIFO
9.160075,-1,20,10002.421000,75.244000,325.844091,329.851556,460.000000,819,134.155909,OpenLoop,NoFIFO,false,OpenLoop_NoFIFO
9.170074,-1,20,9998.570000,73.814000,279.433681,322.288875,460.000000,819,180.566319,OpenLoop,NoFIFO,false,OpenLoop_NoFIFO
9.180075,-1,20,10000.829000,74.643000,382.377639,331.302189,460.000000,819,77.622361,OpenLoop,NoFIFO,false,OpenLoop_NoFIFO
9.190075,-1,20,10000.255000,74.898000,336.857380,332.135468,460.000000,819,123.142620,OpenLoop,NoFIFO,false,OpenLoop_NoFIFO
9.200075,-1,20,9999.625000,74.523000,280.172414,324.341010,460.000000,819,179.827586,OpenLoop,NoFIFO,false,OpenLoop_NoFIFO
9.210073,-1,20,9998.626000,73.149000,378.634895,332.485093,460.000000,819,81.365105,OpenLoop,NoFIFO,false,OpenLoop_NoFIFO
9.220084,-1,20,10010.625000,83.774000,339.366516,333.517306,460.000000,819,120.633484,OpenLoop,NoFIFO,false,OpenLoop_NoFIFO
9.230074,-1,20,9989.977000,73.751000,285.190819,326.268333,460.000000,819,174.809181,OpenLoop,NoFIFO,false,OpenLoop_NoFIFO
9.240074,-1,20,9999.774000,73.525000,355.281857,330.620362,460.000000,819,104.718143,OpenLoop,NoFIFO,false,OpenLoop_NoFIFO
9.250073,-1,20,9999.903000,73.428000,355.305901,334.323193,460.000000,819,104.694099,OpenLoop,NoFIFO,false,OpenLoop_NoFIFO
9.260072,-1,20,9998.458000,71.886000,290.455195,327.742993,460.000000,819,169.544805,OpenLoop,NoFIFO,false,OpenLoop_NoFIFO
9.270072,-1,20,10000.459000,72.345000,335.849539,328.958975,460.000000,819,124.150461,OpenLoop,NoFIFO,false,OpenLoop_NoFIFO
9.280072,-1,20,9999.348000,71.693000,360.923965,333.753724,460.000000,819,99.076035,OpenLoop,NoFIFO,false,OpenLoop_NoFIFO
9.290072,-1,20,10000.069000,71.762000,288.461538,326.959896,460.000000,819,171.538462,OpenLoop,NoFIFO,false,OpenLoop_NoFIFO
9.300071,-1,20,9999.218000,70.980000,320.591109,326.004578,460.000000,819,139.408891,OpenLoop,NoFIFO,false,OpenLoop_NoFIFO
9.310072,-1,20,10000.644000,71.624000,364.880643,331.835988,460.000000,819,95.119357,OpenLoop,NoFIFO,false,OpenLoop_NoFIFO
9.320071,-1,20,9999.440000,71.064000,301.820208,327.333621,460.000000,819,158.179792,OpenLoop,NoFIFO,false,OpenLoop_NoFIFO
9.330077,-1,20,10006.255000,77.319000,303.473606,323.754618,460.000000,819,156.526394,OpenLoop,NoFIFO,false,OpenLoop_NoFIFO
9.340075,-1,20,9997.477000,74.796000,376.773050,331.707383,460.000000,819,83.226950,OpenLoop,NoFIFO,false,OpenLoop_NoFIFO
9.350077,-1,20,10002.218000,77.014000,305.872757,327.832189,460.000000,819,154.127243,OpenLoop,NoFIFO,false,OpenLoop_NoFIFO
9.360075,-1,20,9998.385000,75.399000,292.546807,322.539382,460.000000,819,167.453193,OpenLoop,NoFIFO,false,OpenLoop_NoFIFO
9.370076,-1,20,10000.255000,75.654000,386.597938,332.148165,460.000000,819,73.402062,OpenLoop,NoFIFO,false,OpenLoop_NoFIFO
9.380076,-1,20,9999.885000,75.539000,318.104702,330.041646,460.000000,819,141.895298,OpenLoop,NoFIFO,false,OpenLoop_NoFIFO
9.390074,-1,20,9998.792000,74.331000,288.461538,323.804630,460.000000,819,171.538462,OpenLoop,NoFIFO,false,OpenLoop_NoFIFO
9.400074,-1,20,9999.717000,74.048000,383.112981,332.700882,460.000000,819,76.887019,OpenLoop,NoFIFO,false,OpenLoop_NoFIFO
9.410074,-1,20,9999.996000,74.044000,329.748377,332.258007,460.000000,819,130.251623,OpenLoop,NoFIFO,false,OpenLoop_NoFIFO
9.420082,-1,20,10007.866000,81.910000,282.379518,324.776233,460.000000,819,177.620482,OpenLoop,NoFIFO,false,OpenLoop_NoFIFO
9.430076,-1,20,9993.903000,75.813000,380.684894,333.162532,460.000000,819,79.315106,OpenLoop,NoFIFO,false,OpenLoop_NoFIFO
9.440073,-1,20,9997.200000,73.013000,332.289698,333.031607,460.000000,819,127.710302,OpenLoop,NoFIFO,false,OpenLoop_NoFIFO
9.450072,-1,20,9999.144000,72.157000,279.623102,325.020331,460.000000,819,180.376898,OpenLoop,NoFIFO,false,OpenLoop_NoFIFO
9.460072,-1,20,9999.347000,71.504000,365.036647,331.022779,460.000000,819,94.963353,OpenLoop,NoFIFO,false,OpenLoop_NoFIFO
9.470073,-1,20,10001.311000,72.815000,339.295657,332.263710,460.000000,819,120.704343,OpenLoop,NoFIFO,false,OpenLoop_NoFIFO
9.480072,-1,20,9999.181000,71.996000,287.712465,325.581024,460.000000,819,172.287535,OpenLoop,NoFIFO,false,OpenLoop_NoFIFO
9.490088,-1,20,10016.143000,88.139000,347.393775,328.852936,460.000000,819,112.606225,OpenLoop,NoFIFO,false,OpenLoop_NoFIFO
9.500108,-1,20,10019.663000,107.802000,344.126901,331.144031,460.000000,819,115.873099,OpenLoop,NoFIFO,false,OpenLoop_NoFIFO
9.510077,-1,20,9969.070000,76.872000,285.957297,324.366021,460.000000,819,174.042703,OpenLoop,NoFIFO,false,OpenLoop_NoFIFO
9.520072,-1,20,9995.532000,72.404000,331.606872,325.452149,460.000000,819,128.393128,OpenLoop,NoFIFO,false,OpenLoop_NoFIFO
9.530072,-1,20,9999.478000,71.882000,357.313006,330.231277,460.000000,819,102.686994,OpenLoop,NoFIFO,false,OpenLoop_NoFIFO
9.540073,-1,20,10001.292000,73.174000,292.470221,324.567119,460.000000,819,167.529779,OpenLoop,NoFIFO,false,OpenLoop_NoFIFO
9.550069,-1,20,9995.718000,68.892000,325.069348,324.642453,460.000000,819,134.930652,OpenLoop,NoFIFO,false,OpenLoop_NoFIFO
9.560072,-1,20,10003.014000,71.906000,370.846519,331.573063,460.000000,819,89.153481,OpenLoop,NoFIFO,false,OpenLoop_NoFIFO
9.570073,-1,20,10001.107000,73.013000,308.678269,328.138844,460.000000,819,151.321731,OpenLoop,NoFIFO,false,OpenLoop_NoFIFO
9.580073,-1,20,10000.236000,73.249000,304.054054,324.526125,460.000000,819,155.945946,OpenLoop,NoFIFO,false,OpenLoop_NoFIFO
9.590072,-1,20,9998.403000,71.652000,378.024194,332.550836,460.000000,819,81.975806,OpenLoop,NoFIFO,false,OpenLoop_NoFIFO
9.600071,-1,20,9999.459000,71.111000,312.179816,329.495183,460.000000,819,147.820184,OpenLoop,NoFIFO,false,OpenLoop_NoFIFO
9.610073,-1,20,10002.144000,73.255000,292.687320,323.974003,460.000000,819,167.312680,OpenLoop,NoFIFO,false,OpenLoop_NoFIFO
9.620082,-1,20,10008.681000,81.936000,387.610254,333.519441,460.000000,819,72.389746,OpenLoop,NoFIFO,false,OpenLoop_NoFIFO
9.630076,-1,20,9993.829000,75.765000,315.808470,330.862795,460.000000,819,144.191530,OpenLoop,NoFIFO,false,OpenLoop_NoFIFO
9.640072,-1,20,9996.421000,72.186000,282.947686,323.675529,460.000000,819,177.052314,OpenLoop,NoFIFO,false,OpenLoop_NoFIFO
9.650074,-1,20,10001.866000,74.052000,378.922967,331.962645,460.000000,819,81.077033,OpenLoop,NoFIFO,false,OpenLoop_NoFIFO
9.660073,-1,20,9998.922000,72.974000,323.275862,330.659627,460.000000,819,136.724138,OpenLoop,NoFIFO,false,OpenLoop_NoFIFO
9.670072,-1,20,9999.125000,72.099000,280.828757,323.184997,460.000000,819,179.171243,OpenLoop,NoFIFO,false,OpenLoop_NoFIFO
9.680080,-1,20,10007.422000,79.521000,375.187594,330.985386,460.000000,819,84.812406,OpenLoop,NoFIFO,false,OpenLoop_NoFIFO
9.690076,-1,20,9996.125000,75.646000,334.184886,331.465311,460.000000,819,125.815114,OpenLoop,NoFIFO,false,OpenLoop_NoFIFO
9.700073,-1,20,9997.070000,72.716000,276.005888,323.146398,460.000000,819,183.994112,OpenLoop,NoFIFO,false,OpenLoop_NoFIFO
9.710072,-1,20,9999.570000,72.286000,371.042216,330.330771,460.000000,819,88.957784,OpenLoop,NoFIFO,false,OpenLoop_NoFIFO
9.720072,-1,20,9999.607000,71.893000,334.026128,330.885074,460.000000,819,125.973872,OpenLoop,NoFIFO,false,OpenLoop_NoFIFO
9.730088,-1,20,10016.236000,88.129000,285.968480,324.147585,460.000000,819,174.031520,OpenLoop,NoFIFO,false,OpenLoop_NoFIFO
9.740077,-1,20,9988.866000,76.995000,359.884837,329.508173,460.000000,819,100.115163,OpenLoop,NoFIFO,false,OpenLoop_NoFIFO
9.750073,-1,20,9995.848000,72.843000,350.373732,332.638007,460.000000,819,109.626268,OpenLoop,NoFIFO,false,OpenLoop_NoFIFO
9.760072,-1,20,9999.459000,72.302000,295.956775,327.135822,460.000000,819,164.043225,OpenLoop,NoFIFO,false,OpenLoop_NoFIFO
9.770072,-1,20,9999.569000,71.871000,341.263651,329.254996,460.000000,819,118.736349,OpenLoop,NoFIFO,false,OpenLoop_NoFIFO
9.780073,-1,20,10001.274000,73.145000,365.675280,334.718039,460.000000,819,94.324720,OpenLoop,NoFIFO,false,OpenLoop_NoFIFO
9.790073,-1,20,9999.662000,72.807000,296.052632,328.918228,460.000000,819,163.947368,OpenLoop,NoFIFO,false,OpenLoop_NoFIFO
9.800072,-1,20,9998.977000,71.784000,325.520833,328.408619,460.000000,819,134.479167,OpenLoop,NoFIFO,false,OpenLoop_NoFIFO
9.810073,-1,20,10000.718000,72.502000,364.583333,333.834826,460.000000,819,95.416667,OpenLoop,NoFIFO,false,OpenLoop_NoFIFO
9.820072,-1,20,9999.755000,72.257000,300.894085,328.893715,460.000000,819,159.105915,OpenLoop,NoFIFO,false,OpenLoop_NoFIFO
9.830072,-1,20,10000.163000,72.420000,300.963082,324.704120,460.000000,819,159.036918,OpenLoop,NoFIFO,false,OpenLoop_NoFIFO
9.840071,-1,20,9998.977000,71.397000,373.243560,331.985036,460.000000,819,86.756440,OpenLoop,NoFIFO,false,OpenLoop_NoFIFO
9.850073,-1,20,10001.255000,72.652000,310.945274,328.829071,460.000000,819,149.054726,OpenLoop,NoFIFO,false,OpenLoop_NoFIFO
9.860071,-1,20,9998.625000,71.277000,289.626901,322.948746,460.000000,819,170.373099,OpenLoop,NoFIFO,false,OpenLoop_NoFIFO
9.870072,-1,20,10000.959000,72.236000,383.043922,331.963022,460.000000,819,76.956078,OpenLoop,NoFIFO,false,OpenLoop_NoFIFO
9.880071,-1,20,9998.551000,70.787000,318.877551,330.000202,460.000000,819,141.122449,OpenLoop,NoFIFO,false,OpenLoop_NoFIFO
9.890072,-1,20,10001.366000,72.153000,286.259542,323.439103,460.000000,819,173.740458,OpenLoop,NoFIFO,false,OpenLoop_NoFIFO
9.900079,-1,20,10006.477000,78.630000,379.103235,331.788723,460.000000,819,80.896765,OpenLoop,NoFIFO,false,OpenLoop_NoFIFO
9.910072,-1,20,9993.329000,71.959000,325.347037,330.822470,460.000000,819,134.652963,OpenLoop,NoFIFO,false,OpenLoop_NoFIFO
9.920071,-1,20,9998.737000,70.696000,284.488796,323.872419,460.000000,819,175.511204,OpenLoop,NoFIFO,false,OpenLoop_NoFIFO
9.930072,-1,20,10001.162000,71.858000,380.067568,332.301691,460.000000,819,79.932432,OpenLoop,NoFIFO,false,OpenLoop_NoFIFO
9.940118,-1,20,10046.347000,118.205000,341.488587,333.679725,460.000000,819,118.511413,OpenLoop,NoFIFO,false,OpenLoop_NoFIFO
9.950078,-1,20,9959.330000,77.535000,285.243408,326.414278,460.000000,819,174.756592,OpenLoop,NoFIFO,false,OpenLoop_NoFIFO
9.960073,-1,20,9995.810000,73.345000,374.119718,333.570094,460.000000,819,85.880282,OpenLoop,NoFIFO,false,OpenLoop_NoFIFO
9.970075,-1,20,10001.996000,75.341000,344.126901,335.153615,460.000000,819,115.873099,OpenLoop,NoFIFO,false,OpenLoop_NoFIFO
9.980072,-1,20,9996.385000,71.726000,290.732347,328.490425,460.000000,819,169.267653,OpenLoop,NoFIFO,false,OpenLoop_NoFIFO
9.990073,-1,20,10001.366000,73.092000,357.824427,332.890525,460.000000,819,102.175573,OpenLoop,NoFIFO,false,OpenLoop_NoFIFO
10.000071,-1,20,9998.292000,71.384000,349.650350,335.404499,460.000000,819,110.349650,OpenLoop,NoFIFO,false,OpenLoop_NoFIFO
10.010072,-1,20,10000.866000,72.250000,292.056075,328.902235,460.000000,819,167.943925,OpenLoop,NoFIFO,false,OpenLoop_NoFIFO
10.020073,-1,20,10000.366000,72.616000,338.040865,330.273030,460.000000,819,121.959135,OpenLoop,NoFIFO,false,OpenLoop_NoFIFO
10.030076,-1,20,10002.922000,75.538000,358.998906,334.581911,460.000000,819,101.001094,OpenLoop,NoFIFO,false,OpenLoop_NoFIFO
10.040071,-1,20,9995.255000,70.793000,293.533237,328.424610,460.000000,819,166.466763,OpenLoop,NoFIFO,false,OpenLoop_NoFIFO
10.050070,-1,20,9999.625000,70.418000,317.052549,326.718801,460.000000,819,142.947451,OpenLoop,NoFIFO,false,OpenLoop_NoFIFO
10.060069,-1,20,9999.070000,69.488000,368.071594,332.921720,460.000000,819,91.928406,OpenLoop,NoFIFO,false,OpenLoop_NoFIFO
10.070070,-1,20,10000.588000,70.076000,303.071121,328.444130,460.000000,819,156.928879,OpenLoop,NoFIFO,false,OpenLoop_NoFIFO
10.080069,-1,20,9998.996000,69.072000,308.388158,325.435734,460.000000,819,151.611842,OpenLoop,NoFIFO,false,OpenLoop_NoFIFO
10.090071,-1,20,10001.495000,70.567000,373.803828,332.690948,460.000000,819,86.196172,OpenLoop,NoFIFO,false,OpenLoop_NoFIFO
10.100077,-1,20,10006.922000,77.489000,315.656566,330.135791,460.000000,819,144.343434,OpenLoop,NoFIFO,false,OpenLoop_NoFIFO
10.110074,-1,20,9996.514000,74.003000,297.691744,325.269184,460.000000,819,162.308256,OpenLoop,NoFIFO,false,OpenLoop_NoFIFO
10.120072,-1,20,9998.311000,72.314000,390.421655,335.042055,460.000000,819,69.578345,OpenLoop,NoFIFO,false,OpenLoop_NoFIFO
10.130073,-1,20,10000.477000,72.791000,319.187743,332.663908,460.000000,819,140.812257,OpenLoop,NoFIFO,false,OpenLoop_NoFIFO
10.140071,-1,20,9998.699000,71.490000,289.203085,326.144784,460.000000,819,170.796915,OpenLoop,NoFIFO,false,OpenLoop_NoFIFO
10.150073,-1,20,10001.330000,72.820000,387.208455,335.304335,460.000000,819,72.791545,OpenLoop,NoFIFO,false,OpenLoop_NoFIFO
10.160071,-1,20,9998.347000,71.167000,328.453453,334.276703,460.000000,819,131.546547,OpenLoop,NoFIFO,false,OpenLoop_NoFIFO
10.170072,-1,20,10000.588000,71.755000,282.521346,326.513399,460.000000,819,177.478654,OpenLoop,NoFIFO,false,OpenLoop_NoFIFO
10.180072,-1,20,10000.681000,72.436000,382.848392,334.963648,460.000000,819,77.151608,OpenLoop,NoFIFO,false,OpenLoop_NoFIFO
10.190082,-1,20,10009.107000,81.543000,331.038136,334.374821,460.000000,819,128.961864,OpenLoop,NoFIFO,false,OpenLoop_NoFIFO
10.200076,-1,20,9994.718000,76.261000,276.030514,325.623175,460.000000,819,183.969486,OpenLoop,NoFIFO,false,OpenLoop_NoFIFO
10.210073,-1,20,9997.070000,73.331000,370.004933,332.280439,460.000000,819,89.995067,OpenLoop,NoFIFO,false,OpenLoop_NoFIFO
10.220073,-1,20,9999.236000,72.567000,343.047569,333.895508,460.000000,819,116.952431,OpenLoop,NoFIFO,false,OpenLoop_NoFIFO
10.230072,-1,20,9999.533000,72.100000,289.626901,327.255217,460.000000,819,170.373099,OpenLoop,NoFIFO,false,OpenLoop_NoFIFO
10.240072,-1,20,9999.903000,72.003000,357.278963,331.758779,460.000000,819,102.721037,OpenLoop,NoFIFO,false,OpenLoop_NoFIFO
10.250071,-1,20,9999.014000,71.017000,353.506787,335.020980,460.000000,819,106.493213,OpenLoop,NoFIFO,false,OpenLoop_NoFIFO
10.260072,-1,20,10000.829000,71.846000,295.275591,329.059172,460.000000,819,164.724409,OpenLoop,NoFIFO,false,OpenLoop_NoFIFO
10.270073,-1,20,10001.570000,73.416000,334.821429,329.923510,460.000000,819,125.178571,OpenLoop,NoFIFO,false,OpenLoop_NoFIFO
10.280072,-1,20,9999.052000,72.468000,368.321111,335.683150,460.000000,819,91.678889,OpenLoop,NoFIFO,false,OpenLoop_NoFIFO
10.290073,-1,20,10000.273000,72.741000,299.247606,330.217819,460.000000,819,160.752394,OpenLoop,NoFIFO,false,OpenLoop_NoFIFO
10.300072,-1,20,9999.440000,72.181000,327.269066,329.775506,460.000000,819,132.730934,OpenLoop,NoFIFO,false,OpenLoop_NoFIFO
10.310072,-1,20,9999.533000,71.714000,375.353274,336.612171,460.000000,819,84.646726,OpenLoop,NoFIFO,false,OpenLoop_NoFIFO
10.320072,-1,20,10000.144000,71.858000,309.065934,332.480235,460.000000,819,150.934066,OpenLoop,NoFIFO,false,OpenLoop_NoFIFO
10.330071,-1,20,9999.588000,71.446000,311.166430,329.283165,460.000000,819,148.833570,OpenLoop,NoFIFO,false,OpenLoop_NoFIFO
10.340072,-1,20,10000.274000,71.720000,384.406657,337.551688,460.000000,819,75.593343,OpenLoop,NoFIFO,false,OpenLoop_NoFIFO
10.350072,-1,20,9999.847000,71.567000,314.110825,334.035559,460.000000,819,145.889175,OpenLoop,NoFIFO,false,OpenLoop_NoFIFO
10.360072,-1,20,10000.163000,71.730000,298.420666,328.693325,460.000000,819,161.579334,OpenLoop,NoFIFO,false,OpenLoop_NoFIFO
10.370072,-1,20,10000.088000,71.818000,389.408100,337.800541,460.000000,819,70.591900,OpenLoop,NoFIFO,false,OpenLoop_NoFIFO
10.380073,-1,20,10000.755000,72.573000,316.112717,334.547368,460.000000,819,143.887283,OpenLoop,NoFIFO,false,OpenLoop_NoFIFO
10.390072,-1,20,9999.162000,71.735000,288.313685,327.612315,460.000000,819,171.686315,OpenLoop,NoFIFO,false,OpenLoop_NoFIFO
10.400070,-1,20,9998.755000,70.490000,380.007153,335.471541,460.000000,819,79.992847,OpenLoop,NoFIFO,false,OpenLoop_NoFIFO
10.410071,-1,20,10000.700000,71.190000,323.963317,333.745307,460.000000,819,136.036683,OpenLoop,NoFIFO,false,OpenLoop_NoFIFO
10.420153,-1,20,10082.050000,153.240000,282.641466,326.079731,460.000000,819,177.358534,OpenLoop,NoFIFO,false,OpenLoop_NoFIFO
10.430077,-1,20,9923.793000,77.033000,383.383315,334.675269,460.000000,819,76.616685,OpenLoop,NoFIFO,false,OpenLoop_NoFIFO
10.440072,-1,20,9995.329000,72.362000,335.140610,334.745070,460.000000,819,124.859390,OpenLoop,NoFIFO,false,OpenLoop_NoFIFO
10.450073,-1,20,10000.847000,73.209000,288.703807,327.838881,460.000000,819,171.296193,OpenLoop,NoFIFO,false,OpenLoop_NoFIFO
10.460072,-1,20,9998.959000,72.168000,371.676772,334.414564,460.000000,819,88.323228,OpenLoop,NoFIFO,false,OpenLoop_NoFIFO
10.470072,-1,20,10000.181000,72.349000,347.774245,336.418516,460.000000,819,112.225755,OpenLoop,NoFIFO,false,OpenLoop_NoFIFO
10.480070,-1,20,9998.051000,70.400000,297.754083,330.618851,460.000000,819,162.245917,OpenLoop,NoFIFO,false,OpenLoop_NoFIFO
10.490072,-1,20,10001.977000,72.377000,363.774945,335.592265,460.000000,819,96.225055,OpenLoop,NoFIFO,false,OpenLoop_NoFIFO
10.500071,-1,20,9998.700000,71.077000,356.633381,338.748433,460.000000,819,103.366619,OpenLoop,NoFIFO,false,OpenLoop_NoFIFO
10.510072,-1,20,10001.144000,72.221000,295.585917,332.274055,460.000000,819,164.414083,OpenLoop,NoFIFO,false,OpenLoop_NoFIFO
10.520071,-1,20,9998.773000,70.994000,339.346042,333.334853,460.000000,819,120.653958,OpenLoop,NoFIFO,false,OpenLoop_NoFIFO
10.530073,-1,20,10001.515000,72.509000,363.901019,337.919778,460.000000,819,96.098981,OpenLoop,NoFIFO,false,OpenLoop_NoFIFO
10.540072,-1,20,9999.051000,71.560000,298.725438,332.040627,460.000000,819,161.274562,OpenLoop,NoFIFO,false,OpenLoop_NoFIFO
10.550072,-1,20,10000.903000,72.463000,327.797203,331.404114,460.000000,819,132.202797,OpenLoop,NoFIFO,false,OpenLoop_NoFIFO
10.560072,-1,20,9999.496000,71.959000,367.550967,336.826142,460.000000,819,92.449033,OpenLoop,NoFIFO,false,OpenLoop_NoFIFO
10.570072,-1,20,10000.218000,72.177000,305.801491,332.172444,460.000000,819,154.198509,OpenLoop,NoFIFO,false,OpenLoop_NoFIFO
10.580073,-1,20,10000.440000,72.617000,305.043384,328.103085,460.000000,819,154.956616,OpenLoop,NoFIFO,false,OpenLoop_NoFIFO
10.590072,-1,20,9999.829000,72.446000,379.645069,335.834383,460.000000,819,80.354931,OpenLoop,NoFIFO,false,OpenLoop_NoFIFO
10.600071,-1,20,9998.551000,70.997000,313.195991,332.438624,460.000000,819,146.804009,OpenLoop,NoFIFO,false,OpenLoop_NoFIFO
10.610072,-1,20,10001.051000,72.048000,298.295455,327.317148,460.000000,819,161.704545,OpenLoop,NoFIFO,false,OpenLoop_NoFIFO
10.620071,-1,20,9998.663000,70.711000,388.252347,336.457428,460.000000,819,71.747653,OpenLoop,NoFIFO,false,OpenLoop_NoFIFO
10.630080,-1,20,10009.755000,80.466000,320.622435,334.082179,460.000000,819,139.377565,OpenLoop,NoFIFO,false,OpenLoop_NoFIFO
10.640076,-1,20,9995.718000,76.184000,291.904515,327.755530,460.000000,819,168.095485,OpenLoop,NoFIFO,false,OpenLoop_NoFIFO
10.650072,-1,20,9996.310000,72.494000,388.529985,336.871698,460.000000,819,71.470015,OpenLoop,NoFIFO,false,OpenLoop_NoFIFO
10.660080,-1,20,10007.366000,79.860000,338.165927,337.065832,460.000000,819,121.834073,OpenLoop,NoFIFO,false,OpenLoop_NoFIFO
10.670114,-1,20,10033.848000,113.708000,288.120567,329.724043,460.000000,819,171.879433,OpenLoop,NoFIFO,false,OpenLoop_NoFIFO
10.680074,-1,20,9959.996000,73.704000,387.196696,338.344941,460.000000,819,72.803304,OpenLoop,NoFIFO,false,OpenLoop_NoFIFO
10.690073,-1,20,9998.977000,72.681000,343.826406,339.167160,460.000000,819,116.173594,OpenLoop,NoFIFO,false,OpenLoop_NoFIFO
10.700084,-1,20,10011.255000,83.936000,285.388128,331.100305,460.000000,819,174.611872,OpenLoop,NoFIFO,false,OpenLoop_NoFIFO
10.710082,-1,20,9998.162000,82.098000,365.874656,336.316458,460.000000,819,94.125344,OpenLoop,NoFIFO,false,OpenLoop_NoFIFO
10.720077,-1,20,9994.644000,76.742000,341.961279,337.163181,460.000000,819,118.038721,OpenLoop,NoFIFO,false,OpenLoop_NoFIFO
10.730073,-1,20,9996.459000,73.201000,288.120567,329.806789,460.000000,819,171.879433,OpenLoop,NoFIFO,false,OpenLoop_NoFIFO
10.740073,-1,20,9999.366000,72.567000,347.038604,332.391561,460.000000,819,112.961396,OpenLoop,NoFIFO,false,OpenLoop_NoFIFO
10.750073,-1,20,9999.940000,72.507000,357.313006,336.129778,460.000000,819,102.686994,OpenLoop,NoFIFO,false,OpenLoop_NoFIFO
10.760073,-1,20,10000.403000,72.910000,290.097989,329.225010,460.000000,819,169.902011,OpenLoop,NoFIFO,false,OpenLoop_NoFIFO
10.770073,-1,20,10000.551000,73.461000,336.584490,330.328932,460.000000,819,123.415510,OpenLoop,NoFIFO,false,OpenLoop_NoFIFO
10.780072,-1,20,9998.663000,72.124000,362.435567,335.144927,460.000000,819,97.564433,OpenLoop,NoFIFO,false,OpenLoop_NoFIFO
10.790072,-1,20,10000.014000,72.138000,297.401171,329.483364,460.000000,819,162.598829,OpenLoop,NoFIFO,false,OpenLoop_NoFIFO
10.800071,-1,20,9998.959000,71.097000,329.950727,329.553468,460.000000,819,130.049273,OpenLoop,NoFIFO,false,OpenLoop_NoFIFO
10.810076,-1,20,10005.125000,76.222000,367.030201,335.174978,460.000000,819,92.969799,OpenLoop,NoFIFO,false,OpenLoop_NoFIFO
10.820075,-1,20,9998.477000,74.699000,308.678269,331.200472,460.000000,819,151.321731,OpenLoop,NoFIFO,false,OpenLoop_NoFIFO
10.830072,-1,20,9997.737000,72.436000,309.170472,327.895972,460.000000,819,150.829528,OpenLoop,NoFIFO,false,OpenLoop_NoFIFO
10.840071,-1,20,9998.607000,71.043000,384.036145,336.316998,460.000000,819,75.963855,OpenLoop,NoFIFO,false,OpenLoop_NoFIFO
10.850072,-1,20,10001.069000,72.112000,313.370474,332.875019,460.000000,819,146.629526,OpenLoop,NoFIFO,false,OpenLoop_NoFIFO
10.860071,-1,20,9998.922000,71.034000,301.724138,328.202387,460.000000,819,158.275862,OpenLoop,NoFIFO,false,OpenLoop_NoFIFO
10.870072,-1,20,10001.014000,72.048000,391.236307,337.657475,460.000000,819,68.763693,OpenLoop,NoFIFO,false,OpenLoop_NoFIFO
10.880072,-1,20,9999.626000,71.674000,320.278184,335.050581,460.000000,819,139.721816,OpenLoop,NoFIFO,false,OpenLoop_NoFIFO
10.890072,-1,20,10000.255000,71.929000,290.847983,328.420192,460.000000,819,169.152017,OpenLoop,NoFIFO,false,OpenLoop_NoFIFO
10.900071,-1,20,9999.403000,71.332000,386.644833,337.153888,460.000000,819,73.355167,OpenLoop,NoFIFO,false,OpenLoop_NoFIFO
10.910071,-1,20,9999.292000,70.624000,334.637562,336.776439,460.000000,819,125.362438,OpenLoop,NoFIFO,false,OpenLoop_NoFIFO
10.920070,-1,20,9999.625000,70.249000,283.166822,328.734996,460.000000,819,176.833178,OpenLoop,NoFIFO,false,OpenLoop_NoFIFO
10.930070,-1,20,10000.126000,70.375000,391.849530,338.202176,460.000000,819,68.150470,OpenLoop,NoFIFO,false,OpenLoop_NoFIFO
10.940070,-1,20,9999.884000,70.259000,335.620525,337.814929,460.000000,819,124.379475,OpenLoop,NoFIFO,false,OpenLoop_NoFIFO
10.950073,-1,20,10002.663000,72.922000,284.810127,329.864208,460.000000,819,175.189873,OpenLoop,NoFIFO,false,OpenLoop_NoFIFO
10.960071,-1,20,9998.088000,71.010000,374.438342,336.550328,460.000000,819,85.561658,OpenLoop,NoFIFO,false,OpenLoop_NoFIFO
10.970070,-1,20,9999.273000,70.283000,347.774245,338.233916,460.000000,819,112.225755,OpenLoop,NoFIFO,false,OpenLoop_NoFIFO
10.980071,-1,20,10000.774000,71.057000,293.674699,331.550033,460.000000,819,166.325301,OpenLoop,NoFIFO,false,OpenLoop_NoFIFO
10.990071,-1,20,9999.625000,70.682000,354.219144,334.950400,460.000000,819,105.780856,OpenLoop,NoFIFO,false,OpenLoop_NoFIFO
11.000073,-1,20,10002.774000,73.456000,360.750361,338.820394,460.000000,819,99.249639,OpenLoop,NoFIFO,false,OpenLoop_NoFIFO
11.010073,-1,20,9999.069000,72.525000,293.250722,331.984943,460.000000,819,166.749278,OpenLoop,NoFIFO,false,OpenLoop_NoFIFO
11.020119,-1,20,10046.903000,119.428000,349.069149,334.547574,460.000000,819,110.930851,OpenLoop,NoFIFO,false,OpenLoop_NoFIFO
11.030093,-1,20,9973.218000,92.646000,370.846519,339.992416,460.000000,819,89.153481,OpenLoop,NoFIFO,false,OpenLoop_NoFIFO
11.040077,-1,20,9984.293000,76.939000,307.954012,335.186655,460.000000,819,152.045988,OpenLoop,NoFIFO,false,OpenLoop_NoFIFO
11.050093,-1,20,10015.903000,92.842000,322.079810,333.220628,460.000000,819,137.920190,OpenLoop,NoFIFO,false,OpenLoop_NoFIFO
11.060076,-1,20,9983.032000,75.874000,383.297258,340.732123,460.000000,819,76.702742,OpenLoop,NoFIFO,false,OpenLoop_NoFIFO
11.070074,-1,20,9997.755000,73.629000,310.905612,336.258146,460.000000,819,149.094388,OpenLoop,NoFIFO,false,OpenLoop_NoFIFO
11.080072,-1,20,9998.070000,71.699000,310.577378,332.406031,460.000000,819,149.422622,OpenLoop,NoFIFO,false,OpenLoop_NoFIFO
11.090073,-1,20,10001.237000,72.936000,382.928880,339.984458,460.000000,819,77.071120,OpenLoop,NoFIFO,false,OpenLoop_NoFIFO
11.100071,-1,20,9998.366000,71.302000,307.209175,335.068166,460.000000,819,152.790825,OpenLoop,NoFIFO,false,OpenLoop_NoFIFO
11.110072,-1,20,10000.514000,71.816000,302.698339,330.212692,460.000000,819,157.301661,OpenLoop,NoFIFO,false,OpenLoop_NoFIFO
11.120069,-1,20,9996.959000,68.775000,385.696654,338.535286,460.000000,819,74.303346,OpenLoop,NoFIFO,false,OpenLoop_NoFIFO
11.130073,-1,20,10004.607000,73.382000,319.747613,335.717135,460.000000,819,140.252387,OpenLoop,NoFIFO,false,OpenLoop_NoFIFO
11.140076,-1,20,10002.588000,75.970000,286.458333,328.328315,460.000000,819,173.541667,OpenLoop,NoFIFO,false,OpenLoop_NoFIFO
11.150074,-1,20,9997.570000,73.540000,386.155606,337.002409,460.000000,819,73.844394,OpenLoop,NoFIFO,false,OpenLoop_NoFIFO
11.160084,-1,20,10010.310000,83.850000,326.917918,335.489735,460.000000,819,133.082082,OpenLoop,NoFIFO,false,OpenLoop_NoFIFO
11.170076,-1,20,9991.811000,75.661000,286.764706,328.180981,460.000000,819,173.235294,OpenLoop,NoFIFO,false,OpenLoop_NoFIFO
11.180081,-1,20,10005.051000,80.712000,395.987328,338.351933,460.000000,819,64.012672,OpenLoop,NoFIFO,false,OpenLoop_NoFIFO
11.190076,-1,20,9995.403000,76.115000,336.907044,338.135200,460.000000,819,123.092956,OpenLoop,NoFIFO,false,OpenLoop_NoFIFO
11.200073,-1,20,9996.607000,72.722000,293.468981,331.435267,460.000000,819,166.531019,OpenLoop,NoFIFO,false,OpenLoop_NoFIFO
11.210073,-1,20,10000.088000,72.810000,371.157429,337.393591,460.000000,819,88.842571,OpenLoop,NoFIFO,false,OpenLoop_NoFIFO
11.220072,-1,20,9998.700000,71.510000,351.499732,339.509512,460.000000,819,108.500268,OpenLoop,NoFIFO,false,OpenLoop_NoFIFO
11.230073,-1,20,10001.662000,73.172000,293.816297,332.655530,460.000000,819,166.183703,OpenLoop,NoFIFO,false,OpenLoop_NoFIFO
11.240072,-1,20,9998.663000,71.835000,356.735160,336.267474,460.000000,819,103.264840,OpenLoop,NoFIFO,false,OpenLoop_NoFIFO
11.250072,-1,20,10000.495000,72.330000,357.824427,339.501017,460.000000,819,102.175573,OpenLoop,NoFIFO,false,OpenLoop_NoFIFO
11.260072,-1,20,9999.422000,71.752000,295.275591,332.867203,460.000000,819,164.724409,OpenLoop,NoFIFO,false,OpenLoop_NoFIFO
11.270071,-1,20,9999.403000,71.155000,347.383048,335.044580,460.000000,819,112.616952,OpenLoop,NoFIFO,false,OpenLoop_NoFIFO
11.280072,-1,20,10000.625000,71.780000,365.395323,339.597191,460.000000,819,94.604677,OpenLoop,NoFIFO,false,OpenLoop_NoFIFO
11.290080,-1,20,10008.052000,79.832000,307.954012,334.850715,460.000000,819,152.045988,OpenLoop,NoFIFO,false,OpenLoop_NoFIFO
11.300075,-1,20,9995.495000,75.327000,319.546408,332.555069,460.000000,819,140.453592,OpenLoop,NoFIFO,false,OpenLoop_NoFIFO
11.310073,-1,20,9997.274000,72.601000,379.464286,339.591451,460.000000,819,80.535714,OpenLoop,NoFIFO,false,OpenLoop_NoFIFO
11.320072,-1,20,9999.144000,71.745000,302.838025,334.078437,460.000000,819,157.161975,OpenLoop,NoFIFO,false,OpenLoop_NoFIFO
11.330072,-1,20,10000.477000,72.222000,311.289430,330.660086,460.000000,819,148.710570,OpenLoop,NoFIFO,false,OpenLoop_NoFIFO
11.340077,-1,20,10004.736000,76.958000,378.203607,337.791614,460.000000,819,81.796393,OpenLoop,NoFIFO,false,OpenLoop_NoFIFO
11.350075,-1,20,9997.607000,74.565000,312.339826,333.973846,460.000000,819,147.660174,OpenLoop,NoFIFO,false,OpenLoop_NoFIFO
11.360082,-1,20,10007.514000,82.079000,303.473606,329.398810,460.000000,819,156.526394,OpenLoop,NoFIFO,false,OpenLoop_NoFIFO
11.370075,-1,20,9992.996000,75.075000,394.736842,339.199515,460.000000,819,65.263158,OpenLoop,NoFIFO,false,OpenLoop_NoFIFO
11.380080,-1,20,10004.459000,79.534000,330.571227,337.905272,460.000000,819,129.428773,OpenLoop,NoFIFO,false,OpenLoop_NoFIFO
11.390075,-1,20,9995.218000,74.752000,293.121417,331.187693,460.000000,819,166.878583,OpenLoop,NoFIFO,false,OpenLoop_NoFIFO
11.400072,-1,20,9997.384000,72.136000,398.371105,341.265205,460.000000,819,61.628895,OpenLoop,NoFIFO,false,OpenLoop_NoFIFO
11.410078,-1,20,10005.737000,77.873000,327.444922,339.192163,460.000000,819,132.555078,OpenLoop,NoFIFO,false,OpenLoop_NoFIFO
11.420070,-1,20,9992.625000,70.498000,291.010029,331.964843,460.000000,819,168.989971,OpenLoop,NoFIFO,false,OpenLoop_NoFIFO
11.430070,-1,20,9999.292000,69.790000,386.398764,340.129931,460.000000,819,73.601236,OpenLoop,NoFIFO,false,OpenLoop_NoFIFO
11.440074,-1,20,10004.107000,73.897000,334.026128,339.214360,460.000000,819,125.973872,OpenLoop,NoFIFO,false,OpenLoop_NoFIFO
11.450070,-1,20,9996.033000,69.930000,284.561258,331.016395,460.000000,819,175.438742,OpenLoop,NoFIFO,false,OpenLoop_NoFIFO
11.460070,-1,20,9999.736000,69.666000,368.071594,336.574675,460.000000,819,91.928406,OpenLoop,NoFIFO,false,OpenLoop_NoFIFO
11.470070,-1,20,10000.533000,70.199000,343.586387,337.626432,460.000000,819,116.413613,OpenLoop,NoFIFO,false,OpenLoop_NoFIFO
11.480069,-1,20,9998.977000,69.176000,285.532995,329.812416,460.000000,819,174.467005,OpenLoop,NoFIFO,false,OpenLoop_NoFIFO
11.490073,-1,20,10003.515000,72.691000,357.460600,333.959644,460.000000,819,102.539400,OpenLoop,NoFIFO,false,OpenLoop_NoFIFO
11.500070,-1,20,9997.181000,69.872000,353.606789,336.906716,460.000000,819,106.393211,OpenLoop,NoFIFO,false,OpenLoop_NoFIFO
11.510071,-1,20,10000.921000,70.793000,295.585917,330.708596,460.000000,819,164.414083,OpenLoop,NoFIFO,false,OpenLoop_NoFIFO
11.520074,-1,20,10002.718000,73.511000,341.654519,332.350484,460.000000,819,118.345481,OpenLoop,NoFIFO,false,OpenLoop_NoFIFO
11.530074,-1,20,10000.107000,73.618000,365.259740,337.286873,460.000000,819,94.740260,OpenLoop,NoFIFO,false,OpenLoop_NoFIFO
11.540069,-1,20,9994.903000,68.521000,304.687500,332.396967,460.000000,819,155.312500,OpenLoop,NoFIFO,false,OpenLoop_NoFIFO
11.550073,-1,20,10004.144000,72.665000,336.624776,333.031138,460.000000,819,123.375224,OpenLoop,NoFIFO,false,OpenLoop_NoFIFO
11.560071,-1,20,9998.348000,71.013000,376.002674,339.476868,460.000000,819,83.997326,OpenLoop,NoFIFO,false,OpenLoop_NoFIFO
11.570072,-1,20,10000.977000,71.990000,310.114504,335.072514,460.000000,819,149.885496,OpenLoop,NoFIFO,false,OpenLoop_NoFIFO
11.580081,-1,20,10009.162000,81.152000,311.541411,331.542848,460.000000,819,148.458589,OpenLoop,NoFIFO,false,OpenLoop_NoFIFO
11.590074,-1,20,9992.885000,74.037000,385.802469,339.681791,460.000000,819,74.197531,OpenLoop,NoFIFO,false,OpenLoop_NoFIFO
11.600070,-1,20,9996.181000,70.218000,319.239501,336.615448,460.000000,819,140.760499,OpenLoop,NoFIFO,false,OpenLoop_NoFIFO
11.610071,-1,20,10001.255000,71.473000,303.819444,331.696047,460.000000,819,156.180556,OpenLoop,NoFIFO,false,OpenLoop_NoFIFO
11.620071,-1,20,9999.292000,70.765000,393.287887,340.934823,460.000000,819,66.712113,OpenLoop,NoFIFO,false,OpenLoop_NoFIFO
11.630078,-1,20,10007.532000,78.297000,325.844091,338.671213,460.000000,819,134.155909,OpenLoop,NoFIFO,false,OpenLoop_NoFIFO
11.640076,-1,20,9997.959000,76.256000,286.697248,330.875119,460.000000,819,173.302752,OpenLoop,NoFIFO,false,OpenLoop_NoFIFO
11.650073,-1,20,9996.477000,72.733000,388.529985,339.523349,460.000000,819,71.470015,OpenLoop,NoFIFO,false,OpenLoop_NoFIFO
11.660072,-1,20,9999.311000,72.044000,328.125000,337.813596,460.000000,819,131.875000,OpenLoop,NoFIFO,false,OpenLoop_NoFIFO
11.670072,-1,20,9999.755000,71.799000,284.234462,329.776726,460.000000,819,175.765538,OpenLoop,NoFIFO,false,OpenLoop_NoFIFO
11.680072,-1,20,9999.755000,71.554000,382.848392,337.737476,460.000000,819,77.151608,OpenLoop,NoFIFO,false,OpenLoop_NoFIFO
11.690071,-1,20,9999.903000,71.457000,344.162996,338.701304,460.000000,819,115.837004,OpenLoop,NoFIFO,false,OpenLoop_NoFIFO
11.700076,-1,20,10004.218000,75.675000,287.282942,330.988550,460.000000,819,172.717058,OpenLoop,NoFIFO,false,OpenLoop_NoFIFO
11.710086,-1,20,10009.903000,85.578000,376.417100,337.802832,460.000000,819,83.582900,OpenLoop,NoFIFO,false,OpenLoop_NoFIFO
11.720076,-1,20,9990.607000,76.185000,351.499732,339.857367,460.000000,819,108.500268,OpenLoop,NoFIFO,false,OpenLoop_NoFIFO
11.730073,-1,20,9996.422000,72.607000,295.813107,333.250728,460.000000,819,164.186893,OpenLoop,NoFIFO,false,OpenLoop_NoFIFO
11.740071,-1,20,9998.458000,71.065000,362.996902,337.712654,460.000000,819,97.003098,OpenLoop,NoFIFO,false,OpenLoop_NoFIFO
11.750072,-1,20,10001.274000,72.339000,362.318841,341.403582,460.000000,819,97.681159,OpenLoop,NoFIFO,false,OpenLoop_NoFIFO
11.760072,-1,20,9999.551000,71.890000,302.744887,335.604778,460.000000,819,157.255113,OpenLoop,NoFIFO,false,OpenLoop_NoFIFO
11.770071,-1,20,9999.163000,71.053000,341.997264,336.563651,460.000000,819,118.002736,OpenLoop,NoFIFO,false,OpenLoop_NoFIFO
11.780082,-1,20,10010.847000,81.900000,371.827076,341.853165,460.000000,819,88.172924,OpenLoop,NoFIFO,false,OpenLoop_NoFIFO
11.790076,-1,20,9994.292000,76.192000,301.372404,335.781050,460.000000,819,158.627596,OpenLoop,NoFIFO,false,OpenLoop_NoFIFO
11.800069,-1,20,9993.052000,69.244000,330.882353,335.046246,460.000000,819,129.117647,OpenLoop,NoFIFO,false,OpenLoop_NoFIFO
11.810074,-1,20,10004.458000,73.702000,373.605207,340.830090,460.000000,819,86.394793,OpenLoop,NoFIFO,false,OpenLoop_NoFIFO
11.820073,-1,20,9998.977000,72.679000,308.823529,336.029106,460.000000,819,151.176471,OpenLoop,NoFIFO,false,OpenLoop_NoFIFO
11.830072,-1,20,9999.700000,72.379000,312.500000,332.499740,460.000000,819,147.500000,OpenLoop,NoFIFO,false,OpenLoop_NoFIFO
11.840071,-1,20,9998.792000,71.171000,382.744957,340.036523,460.000000,819,77.255043,OpenLoop,NoFIFO,false,OpenLoop_NoFIFO
11.850072,-1,20,10000.699000,71.870000,315.656566,336.379529,460.000000,819,144.343434,OpenLoop,NoFIFO,false,OpenLoop_NoFIFO
11.860080,-1,20,10008.181000,80.051000,300.618415,331.015362,460.000000,819,159.381585,OpenLoop,NoFIFO,false,OpenLoop_NoFIFO
11.870074,-1,20,9993.552000,73.603000,394.736842,340.573584,460.000000,819,65.263158,OpenLoop,NoFIFO,false,OpenLoop_NoFIFO
11.880072,-1,20,9998.403000,72.006000,320.591109,337.576213,460.000000,819,139.408891,OpenLoop,NoFIFO,false,OpenLoop_NoFIFO
11.890074,-1,20,10001.903000,73.909000,293.887147,331.022853,460.000000,819,166.112853,OpenLoop,NoFIFO,false,OpenLoop_NoFIFO
11.900085,-1,20,10010.903000,84.812000,394.091546,340.483157,460.000000,819,65.908454,OpenLoop,NoFIFO,false,OpenLoop_NoFIFO
11.910077,-1,20,9992.681000,77.493000,338.797109,340.230250,460.000000,819,121.202891,OpenLoop,NoFIFO,false,OpenLoop_NoFIFO
11.920075,-1,20,9997.199000,74.692000,293.533237,333.225698,460.000000,819,166.466763,OpenLoop,NoFIFO,false,OpenLoop_NoFIFO
11.930073,-1,20,9998.496000,73.188000,395.569620,342.577286,460.000000,819,64.430380,OpenLoop,NoFIFO,false,OpenLoop_NoFIFO
11.940070,-1,20,9996.940000,70.128000,342.820575,342.613780,460.000000,819,117.179425,OpenLoop,NoFIFO,false,OpenLoop_NoFIFO
11.950075,-1,20,10005.292000,75.420000,285.388128,334.029932,460.000000,819,174.611872,OpenLoop,NoFIFO,false,OpenLoop_NoFIFO
11.960075,-1,20,9999.237000,74.657000,375.000000,340.175442,460.000000,819,85.000000,OpenLoop,NoFIFO,false,OpenLoop_NoFIFO
11.970073,-1,20,9998.218000,72.875000,345.031546,340.903858,460.000000,819,114.968454,OpenLoop,NoFIFO,false,OpenLoop_NoFIFO
11.980080,-1,20,10006.810000,79.685000,289.626901,333.212314,460.000000,819,170.373099,OpenLoop,NoFIFO,false,OpenLoop_NoFIFO
11.990083,-1,20,10003.551000,83.236000,363.976705,337.826973,460.000000,819,96.023295,OpenLoop,NoFIFO,false,OpenLoop_NoFIFO
12.000083,-1,20,9999.885000,83.121000,364.313472,341.799948,460.000000,819,95.686528,OpenLoop,NoFIFO,false,OpenLoop_NoFIFO
12.010075,-1,20,9992.144000,75.265000,297.982885,335.227388,460.000000,819,162.017115,OpenLoop,NoFIFO,false,OpenLoop_NoFIFO
12.020082,-1,20,10007.070000,82.335000,336.883984,335.475878,460.000000,819,123.116016,OpenLoop,NoFIFO,false,OpenLoop_NoFIFO
12.030075,-1,20,9992.773000,75.108000,372.197571,340.984132,460.000000,819,87.802429,OpenLoop,NoFIFO,false,OpenLoop_NoFIFO
12.040074,-1,20,9998.737000,73.845000,301.521524,335.064740,460.000000,819,158.478476,OpenLoop,NoFIFO,false,OpenLoop_NoFIFO
12.050074,-1,20,10000.088000,73.933000,331.606872,334.546060,460.000000,819,128.393128,OpenLoop,NoFIFO,false,OpenLoop_NoFIFO
12.060077,-1,20,10003.014000,76.947000,375.000000,340.614151,460.000000,819,85.000000,OpenLoop,NoFIFO,false,OpenLoop_NoFIFO
12.070087,-1,20,10009.885000,86.832000,315.411491,336.833752,460.000000,819,144.588509,OpenLoop,NoFIFO,false,OpenLoop_NoFIFO
12.080076,-1,20,9989.588000,76.420000,308.388158,332.566913,460.000000,819,151.611842,OpenLoop,NoFIFO,false,OpenLoop_NoFIFO
12.090072,-1,20,9995.941000,72.361000,392.355982,341.535273,460.000000,819,67.644018,OpenLoop,NoFIFO,false,OpenLoop_NoFIFO
12.100072,-1,20,9999.792000,72.153000,317.294675,337.899184,460.000000,819,142.705325,OpenLoop,NoFIFO,false,OpenLoop_NoFIFO
12.110072,-1,20,10000.125000,72.278000,305.208899,332.995641,460.000000,819,154.791101,OpenLoop,NoFIFO,false,OpenLoop_NoFIFO
12.120071,-1,20,9998.440000,70.718000,395.471464,342.367014,460.000000,819,64.528536,OpenLoop,NoFIFO,false,OpenLoop_NoFIFO
12.130074,-1,20,10003.163000,73.881000,326.980568,340.059047,460.000000,819,133.019432,OpenLoop,NoFIFO,false,OpenLoop_NoFIFO
12.140073,-1,20,9998.773000,72.654000,294.811321,333.271888,460.000000,819,165.188679,OpenLoop,NoFIFO,false,OpenLoop_NoFIFO
12.150072,-1,20,9998.977000,71.631000,393.081761,342.243369,460.000000,819,66.918239,OpenLoop,NoFIFO,false,OpenLoop_NoFIFO
12.160072,-1,20,10000.089000,71.720000,329.486879,340.329896,460.000000,819,130.513121,OpenLoop,NoFIFO,false,OpenLoop_NoFIFO
12.170072,-1,20,10000.773000,72.493000,279.774824,331.246635,460.000000,819,180.225176,OpenLoop,NoFIFO,false,OpenLoop_NoFIFO
12.180082,-1,20,10009.070000,81.563000,387.585117,339.697407,460.000000,819,72.414883,OpenLoop,NoFIFO,false,OpenLoop_NoFIFO
12.190073,-1,20,9991.903000,73.466000,337.057011,339.301348,460.000000,819,122.942989,OpenLoop,NoFIFO,false,OpenLoop_NoFIFO
12.200070,-1,20,9996.607000,70.073000,287.441038,331.522301,460.000000,819,172.558962,OpenLoop,NoFIFO,false,OpenLoop_NoFIFO
12.210071,-1,20,10000.866000,70.939000,380.478896,338.865790,460.000000,819,79.521104,OpenLoop,NoFIFO,false,OpenLoop_NoFIFO
12.220071,-1,20,10000.014000,70.953000,351.386807,340.743943,460.000000,819,108.613193,OpenLoop,NoFIFO,false,OpenLoop_NoFIFO
12.230072,-1,20,10000.959000,71.912000,293.733681,333.692404,460.000000,819,166.266319,OpenLoop,NoFIFO,false,OpenLoop_NoFIFO
12.240069,-1,20,9997.366000,69.278000,355.618777,336.981360,460.000000,819,104.381223,OpenLoop,NoFIFO,false,OpenLoop_NoFIFO
12.250071,-1,20,10001.274000,70.552000,363.372093,340.939970,460.000000,819,96.627907,OpenLoop,NoFIFO,false,OpenLoop_NoFIFO
12.260075,-1,20,10004.106000,74.658000,299.889272,334.782365,460.000000,819,160.110728,OpenLoop,NoFIFO,false,OpenLoop_NoFIFO
12.270072,-1,20,9997.607000,72.265000,351.947443,337.357127,460.000000,819,108.052557,OpenLoop,NoFIFO,false,OpenLoop_NoFIFO
12.280069,-1,20,9996.866000,69.131000,369.871120,342.234226,460.000000,819,90.128880,OpenLoop,NoFIFO,false,OpenLoop_NoFIFO
12.290072,-1,20,10002.996000,72.127000,306.372549,336.854974,460.000000,819,153.627451,OpenLoop,NoFIFO,false,OpenLoop_NoFIFO
12.300071,-1,20,9998.625000,70.752000,329.748377,335.788985,460.000000,819,130.251623,OpenLoop,NoFIFO,false,OpenLoop_NoFIFO
12.310073,-1,20,10002.107000,72.859000,382.561210,342.804818,460.000000,819,77.438790,OpenLoop,NoFIFO,false,OpenLoop_NoFIFO
12.320072,-1,20,9998.811000,71.670000,310.114504,337.901271,460.000000,819,149.885496,OpenLoop,NoFIFO,false,OpenLoop_NoFIFO
12.330072,-1,20,9999.996000,71.666000,317.182214,334.793413,460.000000,819,142.817786,OpenLoop,NoFIFO,false,OpenLoop_NoFIFO
12.340072,-1,20,9999.847000,71.513000,386.970281,342.619943,460.000000,819,73.029719,OpenLoop,NoFIFO,false,OpenLoop_NoFIFO
12.350072,-1,20,10000.885000,72.398000,314.748201,338.439182,460.000000,819,145.251799,OpenLoop,NoFIFO,false,OpenLoop_NoFIFO
12.360071,-1,20,9998.847000,71.245000,295.430672,331.987905,460.000000,819,164.569328,OpenLoop,NoFIFO,false,OpenLoop_NoFIFO
12.370072,-1,20,10001.126000,72.371000,384.922445,339.928086,460.000000,819,75.077555,OpenLoop,NoFIFO,false,OpenLoop_NoFIFO
12.380072,-1,20,9999.199000,71.570000,322.762182,337.353201,460.000000,819,137.237818,OpenLoop,NoFIFO,false,OpenLoop_NoFIFO
12.390073,-1,20,10001.107000,72.677000,288.393280,330.009212,460.000000,819,171.606720,OpenLoop,NoFIFO,false,OpenLoop_NoFIFO
12.400072,-1,20,9999.088000,71.765000,400.641026,340.603984,460.000000,819,59.358974,OpenLoop,NoFIFO,false,OpenLoop_NoFIFO
12.410072,-1,20,10000.311000,72.076000,332.761477,339.427608,460.000000,819,127.238523,OpenLoop,NoFIFO,false,OpenLoop_NoFIFO
12.420071,-1,20,9999.403000,71.479000,290.097989,332.028165,460.000000,819,169.902011,OpenLoop,NoFIFO,false,OpenLoop_NoFIFO
12.430073,-1,20,10001.681000,73.160000,390.263645,340.763487,460.000000,819,69.736355,OpenLoop,NoFIFO,false,OpenLoop_NoFIFO
12.440071,-1,20,9998.273000,71.433000,344.488189,341.322192,460.000000,819,115.511811,OpenLoop,NoFIFO,false,OpenLoop_NoFIFO
12.450073,-1,20,10001.978000,73.411000,297.691744,334.777625,460.000000,819,162.308256,OpenLoop,NoFIFO,false,OpenLoop_NoFIFO
12.460076,-1,20,10002.329000,75.740000,382.457930,341.929671,460.000000,819,77.542070,OpenLoop,NoFIFO,false,OpenLoop_NoFIFO
12.470072,-1,20,9996.421000,72.161000,355.472700,343.961125,460.000000,819,104.527300,OpenLoop,NoFIFO,false,OpenLoop_NoFIFO
12.480073,-1,20,10000.644000,72.805000,292.827967,336.291152,460.000000,819,167.172033,OpenLoop,NoFIFO,false,OpenLoop_NoFIFO
12.490072,-1,20,9999.533000,72.338000,364.124806,340.466200,460.000000,819,95.875194,OpenLoop,NoFIFO,false,OpenLoop_NoFIFO
12.500071,-1,20,9998.959000,71.297000,354.107649,342.512417,460.000000,819,105.892351,OpenLoop,NoFIFO,false,OpenLoop_NoFIFO
12.510072,-1,20,10000.588000,71.885000,295.275591,335.426893,460.000000,819,164.724409,OpenLoop,NoFIFO,false,OpenLoop_NoFIFO
12.520072,-1,20,9999.662000,71.547000,347.383048,337.220316,460.000000,819,112.616952,OpenLoop,NoFIFO,false,OpenLoop_NoFIFO
12.530092,-1,20,10020.903000,92.450000,366.825042,341.661025,460.000000,819,93.174958,OpenLoop,NoFIFO,false,OpenLoop_NoFIFO
12.540072,-1,20,9979.774000,72.224000,305.374593,336.218060,460.000000,819,154.625407,OpenLoop,NoFIFO,false,OpenLoop_NoFIFO
12.550073,-1,20,10000.403000,72.627000,325.868984,334.665699,460.000000,819,134.131016,OpenLoop,NoFIFO,false,OpenLoop_NoFIFO
12.560071,-1,20,9998.459000,71.086000,382.377639,341.822490,460.000000,819,77.622361,OpenLoop,NoFIFO,false,OpenLoop_NoFIFO
12.570072,-1,20,10000.570000,71.656000,307.209175,336.630493,460.000000,819,152.790825,OpenLoop,NoFIFO,false,OpenLoop_NoFIFO
12.580071,-1,20,9999.273000,70.929000,317.294675,333.730120,460.000000,819,142.705325,OpenLoop,NoFIFO,false,OpenLoop_NoFIFO
12.590072,-1,20,10001.533000,72.462000,379.043127,340.527071,460.000000,819,80.956873,OpenLoop,NoFIFO,false,OpenLoop_NoFIFO
12.600071,-1,20,9998.329000,70.791000,319.032572,337.302896,460.000000,819,140.967428,OpenLoop,NoFIFO,false,OpenLoop_NoFIFO
12.610073,-1,20,10001.866000,72.657000,298.250265,331.445001,460.000000,819,161.749735,OpenLoop,NoFIFO,false,OpenLoop_NoFIFO
12.620071,-1,20,9998.033000,70.690000,392.807263,340.649341,460.000000,819,67.192737,OpenLoop,NoFIFO,false,OpenLoop_NoFIFO
12.630100,-1,20,10029.755000,100.445000,329.213938,338.934030,460.000000,819,130.786062,OpenLoop,NoFIFO,false,OpenLoop_NoFIFO
12.640075,-1,20,9974.163000,74.608000,294.384058,332.251534,460.000000,819,165.615942,OpenLoop,NoFIFO,false,OpenLoop_NoFIFO
12.650073,-1,20,9998.384000,72.992000,397.840739,342.089915,460.000000,819,62.159261,OpenLoop,NoFIFO,false,OpenLoop_NoFIFO
12.660072,-1,20,9998.811000,71.803000,333.392603,340.785318,460.000000,819,126.607397,OpenLoop,NoFIFO,false,OpenLoop_NoFIFO
12.670089,-1,20,10017.347000,89.150000,295.382937,333.974961,460.000000,819,164.617063,OpenLoop,NoFIFO,false,OpenLoop_NoFIFO
12.680087,-1,20,9997.903000,87.053000,388.601036,342.168872,460.000000,819,71.398964,OpenLoop,NoFIFO,false,OpenLoop_NoFIFO
12.690077,-1,20,9989.626000,76.679000,341.004477,341.994213,460.000000,819,118.995523,OpenLoop,NoFIFO,false,OpenLoop_NoFIFO
12.700071,-1,20,9994.607000,71.286000,285.823171,333.568557,460.000000,819,174.176829,OpenLoop,NoFIFO,false,OpenLoop_NoFIFO
12.710073,-1,20,10001.384000,72.670000,374.647391,339.730382,460.000000,819,85.352609,OpenLoop,NoFIFO,false,OpenLoop_NoFIFO
12.720071,-1,20,9998.441000,71.111000,346.488912,340.744161,460.000000,819,113.511088,OpenLoop,NoFIFO,false,OpenLoop_NoFIFO
12.730072,-1,20,10000.829000,71.940000,293.816297,333.704982,460.000000,819,166.183703,OpenLoop,NoFIFO,false,OpenLoop_NoFIFO
12.740071,-1,20,9998.681000,70.621000,367.550967,338.781880,460.000000,819,92.449033,OpenLoop,NoFIFO,false,OpenLoop_NoFIFO
12.750072,-1,20,10001.551000,72.172000,359.023456,341.818116,460.000000,819,100.976544,OpenLoop,NoFIFO,false,OpenLoop_NoFIFO
12.760071,-1,20,9998.514000,70.686000,300.320342,335.593450,460.000000,819,159.679658,OpenLoop,NoFIFO,false,OpenLoop_NoFIFO
12.770072,-1,20,10001.477000,72.163000,347.866419,337.434395,460.000000,819,112.133581,OpenLoop,NoFIFO,false,OpenLoop_NoFIFO
12.780071,-1,20,9998.700000,70.863000,372.615262,342.711525,460.000000,819,87.384738,OpenLoop,NoFIFO,false,OpenLoop_NoFIFO
12.790082,-1,20,10010.921000,81.784000,306.680926,337.306935,460.000000,819,153.319074,OpenLoop,NoFIFO,false,OpenLoop_NoFIFO
12.800076,-1,20,9993.996000,75.780000,332.783976,336.628491,460.000000,819,127.216024,OpenLoop,NoFIFO,false,OpenLoop_NoFIFO
12.810072,-1,20,9996.644000,72.424000,383.112981,343.601165,460.000000,819,76.887019,OpenLoop,NoFIFO,false,OpenLoop_NoFIFO
12.820071,-1,20,9998.329000,70.753000,315.248319,339.348238,460.000000,819,144.751681,OpenLoop,NoFIFO,false,OpenLoop_NoFIFO
12.830071,-1,20,10000.403000,71.156000,316.417551,335.908635,460.000000,819,143.582449,OpenLoop,NoFIFO,false,OpenLoop_NoFIFO
12.840079,-1,20,10007.607000,78.763000,388.601036,343.812495,460.000000,819,71.398964,OpenLoop,NoFIFO,false,OpenLoop_NoFIFO
12.850074,-1,20,9995.663000,74.426000,321.376102,340.447036,460.000000,819,138.623898,OpenLoop,NoFIFO,false,OpenLoop_NoFIFO
12.860080,-1,20,10005.477000,79.903000,296.052632,333.787875,460.000000,819,163.947368,OpenLoop,NoFIFO,false,OpenLoop_NoFIFO
12.870075,-1,20,9995.051000,74.954000,389.542936,342.151135,460.000000,819,70.457064,OpenLoop,NoFIFO,false,OpenLoop_NoFIFO
12.880071,-1,20,9996.051000,71.005000,322.164948,339.153207,460.000000,819,137.835052,OpenLoop,NoFIFO,false,OpenLoop_NoFIFO
12.890071,-1,20,9999.718000,70.723000,294.546679,332.462227,460.000000,819,165.453321,OpenLoop,NoFIFO,false,OpenLoop_NoFIFO
12.900084,-1,20,10013.052000,83.775000,386.597938,340.582584,460.000000,819,73.402062,OpenLoop,NoFIFO,false,OpenLoop_NoFIFO
12.910082,-1,20,9997.829000,81.604000,334.480122,339.667215,460.000000,819,125.519878,OpenLoop,NoFIFO,false,OpenLoop_NoFIFO
12.920075,-1,20,9993.792000,75.396000,286.843447,331.743650,460.000000,819,173.156553,OpenLoop,NoFIFO,false,OpenLoop_NoFIFO
12.930072,-1,20,9996.440000,71.836000,384.963768,339.726667,460.000000,819,75.036232,OpenLoop,NoFIFO,false,OpenLoop_NoFIFO
12.940072,-1,20,10000.348000,72.184000,345.758693,340.631471,460.000000,819,114.241307,OpenLoop,NoFIFO,false,OpenLoop_NoFIFO
12.950079,-1,20,10006.384000,78.568000,294.099903,333.651736,460.000000,819,165.900097,OpenLoop,NoFIFO,false,OpenLoop_NoFIFO
12.960076,-1,20,9997.737000,76.305000,384.418247,341.266713,460.000000,819,75.581753,OpenLoop,NoFIFO,false,OpenLoop_NoFIFO
12.970071,-1,20,9994.421000,70.726000,354.274917,343.217943,460.000000,819,105.725083,OpenLoop,NoFIFO,false,OpenLoop_NoFIFO
12.980078,-1,20,10007.052000,77.778000,301.820208,337.008283,460.000000,819,158.179792,OpenLoop,NoFIFO,false,OpenLoop_NoFIFO
12.990083,-1,20,10004.940000,82.718000,366.975470,341.503361,460.000000,819,93.024530,OpenLoop,NoFIFO,false,OpenLoop_NoFIFO
13.000085,-1,20,10002.625000,85.343000,368.900839,345.612983,460.000000,819,91.099161,OpenLoop,NoFIFO,false,OpenLoop_NoFIFO
13.010075,-1,20,9989.459000,74.802000,302.001841,339.071312,460.000000,819,157.998159,OpenLoop,NoFIFO,false,OpenLoop_NoFIFO
13.020072,-1,20,9996.810000,71.612000,353.940538,341.301696,460.000000,819,106.059462,OpenLoop,NoFIFO,false,OpenLoop_NoFIFO
13.030086,-1,20,10014.552000,86.164000,360.181120,344.133609,460.000000,819,99.818880,OpenLoop,NoFIFO,false,OpenLoop_NoFIFO
13.040074,-1,20,9987.384000,73.548000,302.582033,337.900873,460.000000,819,157.417967,OpenLoop,NoFIFO,false,OpenLoop_NoFIFO
13.050072,-1,20,9998.941000,72.489000,323.275862,335.707121,460.000000,819,136.724138,OpenLoop,NoFIFO,false,OpenLoop_NoFIFO
13.060072,-1,20,9999.551000,72.040000,375.176554,341.627536,460.000000,819,84.823446,OpenLoop,NoFIFO,false,OpenLoop_NoFIFO
13.070073,-1,20,10000.792000,72.832000,309.065934,336.743296,460.000000,819,150.934066,OpenLoop,NoFIFO,false,OpenLoop_NoFIFO
13.080072,-1,20,9999.366000,72.198000,316.865705,333.761657,460.000000,819,143.134295,OpenLoop,NoFIFO,false,OpenLoop_NoFIFO
13.090072,-1,20,9999.774000,71.972000,385.273973,341.488504,460.000000,819,74.726027,OpenLoop,NoFIFO,false,OpenLoop_NoFIFO
13.100071,-1,20,9999.032000,71.004000,313.096374,337.229685,460.000000,819,146.903626,OpenLoop,NoFIFO,false,OpenLoop_NoFIFO
13.110072,-1,20,10000.681000,71.685000,299.680341,331.597283,460.000000,819,160.319659,OpenLoop,NoFIFO,false,OpenLoop_NoFIFO
13.120071,-1,20,9999.200000,70.885000,384.406657,339.518689,460.000000,819,75.593343,OpenLoop,NoFIFO,false,OpenLoop_NoFIFO
13.130071,-1,20,10000.458000,71.343000,328.858608,337.919677,460.000000,819,131.141392,OpenLoop,NoFIFO,false,OpenLoop_NoFIFO
13.140071,-1,20,9999.644000,70.987000,297.889242,331.915112,460.000000,819,162.110758,OpenLoop,NoFIFO,false,OpenLoop_NoFIFO
13.150072,-1,20,10000.681000,71.668000,397.456280,341.746287,460.000000,819,62.543720,OpenLoop,NoFIFO,false,OpenLoop_NoFIFO
13.160072,-1,20,10000.163000,71.831000,338.040865,341.190474,460.000000,819,121.959135,OpenLoop,NoFIFO,false,OpenLoop_NoFIFO
13.170072,-1,20,10000.107000,71.938000,292.359667,333.865853,460.000000,819,167.640333,OpenLoop,NoFIFO,false,OpenLoop_NoFIFO
13.180070,-1,20,9998.329000,70.267000,393.518519,342.813753,460.000000,819,66.481481,OpenLoop,NoFIFO,false,OpenLoop_NoFIFO
13.190082,-1,20,10011.477000,81.744000,344.126901,343.010725,460.000000,819,115.873099,OpenLoop,NoFIFO,false,OpenLoop_NoFIFO
13.200075,-1,20,9993.644000,75.388000,297.111165,336.125791,460.000000,819,162.888835,OpenLoop,NoFIFO,false,OpenLoop_NoFIFO
13.210072,-1,20,9997.107000,72.495000,375.563345,342.041424,460.000000,819,84.436655,OpenLoop,NoFIFO,false,OpenLoop_NoFIFO
13.220071,-1,20,9998.773000,71.268000,353.329146,343.734582,460.000000,819,106.670854,OpenLoop,NoFIFO,false,OpenLoop_NoFIFO
13.230074,-1,20,10002.477000,73.745000,297.619048,336.817252,460.000000,819,162.380952,OpenLoop,NoFIFO,false,OpenLoop_NoFIFO
13.240070,-1,20,9996.681000,70.426000,358.146067,340.016574,460.000000,819,101.853933,OpenLoop,NoFIFO,false,OpenLoop_NoFIFO
13.250071,-1,20,10000.959000,71.385000,357.278963,342.605933,460.000000,819,102.721037,OpenLoop,NoFIFO,false,OpenLoop_NoFIFO
13.260071,-1,20,9999.607000,70.992000,298.566879,336.000075,460.000000,819,161.433121,OpenLoop,NoFIFO,false,OpenLoop_NoFIFO
13.270080,-1,20,10008.847000,79.839000,345.007360,337.351168,460.000000,819,114.992640,OpenLoop,NoFIFO,false,OpenLoop_NoFIFO
13.280074,-1,20,9994.015000,73.854000,371.471025,342.469146,460.000000,819,88.528975,OpenLoop,NoFIFO,false,OpenLoop_NoFIFO
13.290080,-1,20,10006.421000,80.275000,308.823529,337.422304,460.000000,819,151.176471,OpenLoop,NoFIFO,false,OpenLoop_NoFIFO
13.300076,-1,20,9995.311000,75.586000,335.334696,337.109163,460.000000,819,124.665304,OpenLoop,NoFIFO,false,OpenLoop_NoFIFO
13.310082,-1,20,10006.847000,82.433000,383.666346,344.092740,460.000000,819,76.333654,OpenLoop,NoFIFO,false,OpenLoop_NoFIFO
13.320080,-1,20,9997.478000,79.911000,311.980033,339.275834,460.000000,819,148.019967,OpenLoop,NoFIFO,false,OpenLoop_NoFIFO
13.330076,-1,20,9995.644000,75.555000,327.644455,337.531127,460.000000,819,132.355545,OpenLoop,NoFIFO,false,OpenLoop_NoFIFO
13.340082,-1,20,10006.792000,82.347000,394.529195,346.080837,460.000000,819,65.470805,OpenLoop,NoFIFO,false,OpenLoop_NoFIFO
13.350075,-1,20,9992.514000,74.861000,330.284553,343.711395,460.000000,819,129.715447,OpenLoop,NoFIFO,false,OpenLoop_NoFIFO
13.360071,-1,20,9996.514000,71.375000,305.944056,338.046294,460.000000,819,154.055944,OpenLoop,NoFIFO,false,OpenLoop_NoFIFO
13.370074,-1,20,10002.366000,73.741000,395.755159,346.702624,460.000000,819,64.244841,OpenLoop,NoFIFO,false,OpenLoop_NoFIFO
13.380082,-1,20,10008.496000,82.237000,325.000000,343.447230,460.000000,819,135.000000,OpenLoop,NoFIFO,false,OpenLoop_NoFIFO
13.390087,-1,20,10004.996000,87.233000,289.351852,335.332923,460.000000,819,170.648148,OpenLoop,NoFIFO,false,OpenLoop_NoFIFO
13.400076,-1,20,9988.718000,75.951000,389.860568,343.512070,460.000000,819,70.139432,OpenLoop,NoFIFO,false,OpenLoop_NoFIFO
13.410073,-1,20,9997.051000,73.002000,331.104945,341.651001,460.000000,819,128.895055,OpenLoop,NoFIFO,false,OpenLoop_NoFIFO
13.420071,-1,20,9997.866000,70.868000,289.489311,333.826748,460.000000,819,170.510689,OpenLoop,NoFIFO,false,OpenLoop_NoFIFO
13.430072,-1,20,10001.366000,72.234000,384.592181,341.441563,460.000000,819,75.407819,OpenLoop,NoFIFO,false,OpenLoop_NoFIFO
13.440071,-1,20,9998.903000,71.137000,343.503382,341.750836,460.000000,819,116.496618,OpenLoop,NoFIFO,false,OpenLoop_NoFIFO
13.450072,-1,20,10000.941000,72.078000,290.732347,334.098062,460.000000,819,169.267653,OpenLoop,NoFIFO,false,OpenLoop_NoFIFO
13.460071,-1,20,9998.718000,70.796000,380.710660,341.089952,460.000000,819,79.289340,OpenLoop,NoFIFO,false,OpenLoop_NoFIFO
13.470071,-1,20,10000.495000,71.291000,347.383048,342.033916,460.000000,819,112.616952,OpenLoop,NoFIFO,false,OpenLoop_NoFIFO
13.480073,-1,20,10001.403000,72.694000,295.487106,335.051895,460.000000,819,164.512894,OpenLoop,NoFIFO,false,OpenLoop_NoFIFO
13.490073,-1,20,10000.070000,72.764000,367.392808,339.903032,460.000000,819,92.607192,OpenLoop,NoFIFO,false,OpenLoop_NoFIFO
13.500083,-1,20,10010.200000,82.964000,362.809598,343.339017,460.000000,819,97.190402,OpenLoop,NoFIFO,false,OpenLoop_NoFIFO
13.510075,-1,20,9992.236000,75.200000,308.533145,338.118136,460.000000,819,151.466855,OpenLoop,NoFIFO,false,OpenLoop_NoFIFO
13.520073,-1,20,9998.052000,73.252000,353.202368,340.380771,460.000000,819,106.797632,OpenLoop,NoFIFO,false,OpenLoop_NoFIFO
13.530076,-1,20,10002.736000,75.988000,377.665877,345.973537,460.000000,819,82.334123,OpenLoop,NoFIFO,false,OpenLoop_NoFIFO
13.540075,-1,20,9999.014000,75.002000,303.398058,339.587215,460.000000,819,156.601942,OpenLoop,NoFIFO,false,OpenLoop_NoFIFO
13.550072,-1,20,9996.515000,71.517000,333.550759,338.681747,460.000000,819,126.449241,OpenLoop,NoFIFO,false,OpenLoop_NoFIFO
13.560070,-1,20,9998.792000,70.309000,378.787879,344.697666,460.000000,819,81.212121,OpenLoop,NoFIFO,false,OpenLoop_NoFIFO
13.570071,-1,20,10001.181000,71.490000,313.096374,339.957473,460.000000,819,146.903626,OpenLoop,NoFIFO,false,OpenLoop_NoFIFO
13.580072,-1,20,10000.625000,72.115000,312.500000,335.838852,460.000000,819,147.500000,OpenLoop,NoFIFO,false,OpenLoop_NoFIFO
13.590082,-1,20,10009.847000,81.962000,391.168289,344.138267,460.000000,819,68.831711,OpenLoop,NoFIFO,false,OpenLoop_NoFIFO
13.600075,-1,20,9992.663000,74.625000,319.378931,340.424367,460.000000,819,140.621069,OpenLoop,NoFIFO,false,OpenLoop_NoFIFO
13.610072,-1,20,9997.088000,71.713000,302.419355,334.723615,460.000000,819,157.580645,OpenLoop,NoFIFO,false,OpenLoop_NoFIFO
13.620072,-1,20,10000.589000,72.302000,400.855158,344.643346,460.000000,819,59.144842,OpenLoop,NoFIFO,false,OpenLoop_NoFIFO
13.630072,-1,20,9999.755000,72.057000,325.973574,341.842881,460.000000,819,134.026426,OpenLoop,NoFIFO,false,OpenLoop_NoFIFO
13.640072,-1,20,9999.588000,71.645000,295.585917,334.904336,460.000000,819,164.414083,OpenLoop,NoFIFO,false,OpenLoop_NoFIFO
13.650072,-1,20,10000.440000,72.085000,394.687964,343.871880,460.000000,819,65.312036,OpenLoop,NoFIFO,false,OpenLoop_NoFIFO
13.660072,-1,20,9999.663000,71.748000,340.555267,343.374388,460.000000,819,119.444733,OpenLoop,NoFIFO,false,OpenLoop_NoFIFO
13.670071,-1,20,9999.625000,71.373000,293.674699,335.919435,460.000000,819,166.325301,OpenLoop,NoFIFO,false,OpenLoop_NoFIFO
13.680072,-1,20,10000.533000,71.906000,393.173346,344.507522,460.000000,819,66.826654,OpenLoop,NoFIFO,false,OpenLoop_NoFIFO
13.690071,-1,20,9999.366000,71.272000,348.513011,345.108345,460.000000,819,111.486989,OpenLoop,NoFIFO,false,OpenLoop_NoFIFO
13.700079,-1,20,10007.570000,78.842000,297.111165,337.908768,460.000000,819,162.888835,OpenLoop,NoFIFO,false,OpenLoop_NoFIFO
13.710075,-1,20,9996.051000,74.893000,393.081761,346.184717,460.000000,819,66.918239,OpenLoop,NoFIFO,false,OpenLoop_NoFIFO
13.720072,-1,20,9996.996000,71.889000,357.824427,347.930674,460.000000,819,102.175573,OpenLoop,NoFIFO,false,OpenLoop_NoFIFO
13.730072,-1,20,9999.922000,71.811000,300.963082,340.885535,460.000000,819,159.036918,OpenLoop,NoFIFO,false,OpenLoop_NoFIFO
13.740071,-1,20,9999.088000,70.899000,363.869863,344.333184,460.000000,819,96.130137,OpenLoop,NoFIFO,false,OpenLoop_NoFIFO
13.750071,-1,20,10000.551000,71.450000,363.976705,347.279712,460.000000,819,96.023295,OpenLoop,NoFIFO,false,OpenLoop_NoFIFO
13.760071,-1,20,9999.681000,71.131000,299.247606,340.074896,460.000000,819,160.752394,OpenLoop,NoFIFO,false,OpenLoop_NoFIFO
13.770073,-1,20,10001.551000,72.682000,349.627064,341.507722,460.000000,819,110.372936,OpenLoop,NoFIFO,false,OpenLoop_NoFIFO
13.780070,-1,20,9997.737000,70.419000,372.393247,346.140550,460.000000,819,87.606753,OpenLoop,NoFIFO,false,OpenLoop_NoFIFO
13.790081,-1,20,10010.681000,81.100000,309.013692,340.571522,460.000000,819,150.986308,OpenLoop,NoFIFO,false,OpenLoop_NoFIFO
13.800076,-1,20,9994.477000,75.577000,333.076741,339.447304,460.000000,819,126.923259,OpenLoop,NoFIFO,false,OpenLoop_NoFIFO
13.810073,-1,20,9997.181000,72.758000,386.544805,346.511930,460.000000,819,73.455195,OpenLoop,NoFIFO,false,OpenLoop_NoFIFO
13.820072,-1,20,9998.866000,71.624000,316.417551,341.997773,460.000000,819,143.582449,OpenLoop,NoFIFO,false,OpenLoop_NoFIFO
13.830070,-1,20,9998.737000,70.361000,309.484510,337.120783,460.000000,819,150.515490,OpenLoop,NoFIFO,false,OpenLoop_NoFIFO
13.840073,-1,20,10002.866000,73.227000,393.907563,345.638800,460.000000,819,66.092437,OpenLoop,NoFIFO,false,OpenLoop_NoFIFO
13.850073,-1,20,9999.292000,72.519000,317.335590,341.393319,460.000000,819,142.664410,OpenLoop,NoFIFO,false,OpenLoop_NoFIFO
13.860079,-1,20,10006.644000,79.163000,314.272821,337.325244,460.000000,819,145.727179,OpenLoop,NoFIFO,false,OpenLoop_NoFIFO
13.870075,-1,20,9995.662000,74.825000,398.238381,346.462215,460.000000,819,61.761619,OpenLoop,NoFIFO,false,OpenLoop_NoFIFO
13.880071,-1,20,9995.885000,70.710000,331.362153,344.197205,460.000000,819,128.637847,OpenLoop,NoFIFO,false,OpenLoop_NoFIFO
13.890073,-1,20,10002.421000,73.131000,298.024523,337.271303,460.000000,819,161.975477,OpenLoop,NoFIFO,false,OpenLoop_NoFIFO
13.900082,-1,20,10008.681000,81.812000,407.166124,347.755526,460.000000,819,52.833876,OpenLoop,NoFIFO,false,OpenLoop_NoFIFO
13.910075,-1,20,9993.404000,75.216000,334.821429,345.815412,460.000000,819,125.178571,OpenLoop,NoFIFO,false,OpenLoop_NoFIFO
13.920071,-1,20,9996.162000,71.378000,290.998448,337.592867,460.000000,819,169.001552,OpenLoop,NoFIFO,false,OpenLoop_NoFIFO
13.930070,-1,20,9998.922000,70.300000,392.441860,345.820216,460.000000,819,67.558140,OpenLoop,NoFIFO,false,OpenLoop_NoFIFO
13.940071,-1,20,10000.310000,70.610000,340.202177,344.977510,460.000000,819,119.797823,OpenLoop,NoFIFO,false,OpenLoop_NoFIFO
13.950070,-1,20,9998.959000,69.569000,292.546807,337.112905,460.000000,819,167.453193,OpenLoop,NoFIFO,false,OpenLoop_NoFIFO
13.960070,-1,20,9999.959000,69.528000,386.332418,344.495832,460.000000,819,73.667582,OpenLoop,NoFIFO,false,OpenLoop_NoFIFO
13.970070,-1,20,10000.032000,69.560000,351.123596,345.489996,460.000000,819,108.876404,OpenLoop,NoFIFO,false,OpenLoop_NoFIFO
13.980073,-1,20,10003.755000,73.315000,289.203085,337.046960,460.000000,819,170.796915,OpenLoop,NoFIFO,false,OpenLoop_NoFIFO
13.990072,-1,20,9998.496000,71.811000,368.514151,341.767038,460.000000,819,91.485849,OpenLoop,NoFIFO,false,OpenLoop_NoFIFO
14.000072,-1,20,9999.922000,71.733000,361.969112,344.797349,460.000000,819,98.030888,OpenLoop,NoFIFO,false,OpenLoop_NoFIFO
14.010071,-1,20,9999.496000,71.229000,307.545107,339.209513,460.000000,819,152.454893,OpenLoop,NoFIFO,false,OpenLoop_NoFIFO
14.020074,-1,20,10002.329000,73.558000,350.795136,340.947356,460.000000,819,109.204864,OpenLoop,NoFIFO,false,OpenLoop_NoFIFO
14.030091,-1,20,10017.329000,90.887000,378.742871,346.616683,460.000000,819,81.257129,OpenLoop,NoFIFO,false,OpenLoop_NoFIFO
14.040077,-1,20,9986.014000,76.901000,309.327411,341.023293,460.000000,819,150.672589,OpenLoop,NoFIFO,false,OpenLoop_NoFIFO
14.050073,-1,20,9996.088000,72.989000,341.654519,341.117977,460.000000,819,118.345481,OpenLoop,NoFIFO,false,OpenLoop_NoFIFO
14.060072,-1,20,9999.404000,72.393000,385.062979,347.709727,460.000000,819,74.937021,OpenLoop,NoFIFO,false,OpenLoop_NoFIFO
14.070073,-1,20,10000.551000,72.944000,314.597315,342.742865,460.000000,819,145.402685,OpenLoop,NoFIFO,false,OpenLoop_NoFIFO
14.080072,-1,20,9999.033000,71.977000,316.229891,338.765919,460.000000,819,143.770109,OpenLoop,NoFIFO,false,OpenLoop_NoFIFO
14.090072,-1,20,10000.255000,72.232000,386.457323,345.919630,460.000000,819,73.542677,OpenLoop,NoFIFO,false,OpenLoop_NoFIFO
14.100072,-1,20,9999.347000,71.579000,321.061644,342.190932,460.000000,819,138.938356,OpenLoop,NoFIFO,false,OpenLoop_NoFIFO
14.110072,-1,20,10000.403000,71.982000,304.242003,336.498592,460.000000,819,155.757997,OpenLoop,NoFIFO,false,OpenLoop_NoFIFO
14.120072,-1,20,10000.367000,72.349000,397.245763,345.610668,460.000000,819,62.754237,OpenLoop,NoFIFO,false,OpenLoop_NoFIFO
14.130072,-1,20,10000.144000,72.493000,328.453453,343.037086,460.000000,819,131.546547,OpenLoop,NoFIFO,false,OpenLoop_NoFIFO
14.140072,-1,20,9999.143000,71.636000,291.904515,335.367200,460.000000,819,168.095485,OpenLoop,NoFIFO,false,OpenLoop_NoFIFO
14.150072,-1,20,10000.218000,71.854000,392.990219,344.010653,460.000000,819,67.009781,OpenLoop,NoFIFO,false,OpenLoop_NoFIFO
14.160072,-1,20,10000.163000,72.017000,335.928886,342.798388,460.000000,819,124.071114,OpenLoop,NoFIFO,false,OpenLoop_NoFIFO
14.170071,-1,20,9998.699000,70.716000,295.096852,335.643158,460.000000,819,164.903148,OpenLoop,NoFIFO,false,OpenLoop_NoFIFO
14.180072,-1,20,10001.181000,71.897000,389.479472,343.718605,460.000000,819,70.520528,OpenLoop,NoFIFO,false,OpenLoop_NoFIFO
14.190079,-1,20,10007.089000,78.986000,350.860778,344.789931,460.000000,819,109.139222,OpenLoop,NoFIFO,false,OpenLoop_NoFIFO
14.200078,-1,20,9998.643000,77.629000,293.958032,337.165146,460.000000,819,166.041968,OpenLoop,NoFIFO,false,OpenLoop_NoFIFO
14.210072,-1,20,9994.830000,72.459000,390.015601,345.092714,460.000000,819,69.984399,OpenLoop,NoFIFO,false,OpenLoop_NoFIFO
14.220072,-1,20,9999.440000,71.899000,353.107345,346.294909,460.000000,819,106.892655,OpenLoop,NoFIFO,false,OpenLoop_NoFIFO
14.230085,-1,20,10012.662000,84.561000,298.566879,339.135704,460.000000,819,161.433121,OpenLoop,NoFIFO,false,OpenLoop_NoFIFO
14.240078,-1,20,9993.181000,77.742000,364.785992,342.983247,460.000000,819,95.214008,OpenLoop,NoFIFO,false,OpenLoop_NoFIFO
14.250072,-1,20,9994.459000,72.201000,368.128272,346.755001,460.000000,819,91.871728,OpenLoop,NoFIFO,false,OpenLoop_NoFIFO
14.260072,-1,20,9999.607000,71.808000,303.398058,340.251460,460.000000,819,156.601942,OpenLoop,NoFIFO,false,OpenLoop_NoFIFO
14.270072,-1,20,10000.514000,72.322000,351.311563,341.910475,460.000000,819,108.688437,OpenLoop,NoFIFO,false,OpenLoop_NoFIFO
14.280071,-1,20,9999.051000,71.373000,371.157429,346.297518,460.000000,819,88.842571,OpenLoop,NoFIFO,false,OpenLoop_NoFIFO
14.290073,-1,20,10001.366000,72.739000,300.963082,339.497353,460.000000,819,159.036918,OpenLoop,NoFIFO,false,OpenLoop_NoFIFO
14.300073,-1,20,9999.792000,72.531000,333.076741,338.534261,460.000000,819,126.923259,OpenLoop,NoFIFO,false,OpenLoop_NoFIFO
14.310081,-1,20,10008.218000,80.749000,375.000000,344.004122,460.000000,819,85.000000,OpenLoop,NoFIFO,false,OpenLoop_NoFIFO
14.320076,-1,20,9995.218000,75.967000,313.845050,339.480261,460.000000,819,146.154950,OpenLoop,NoFIFO,false,OpenLoop_NoFIFO
14.330074,-1,20,9997.774000,73.741000,307.377049,334.664779,460.000000,819,152.622951,OpenLoop,NoFIFO,false,OpenLoop_NoFIFO
14.340071,-1,20,9997.533000,71.274000,390.805929,343.085952,460.000000,819,69.194071,OpenLoop,NoFIFO,false,OpenLoop_NoFIFO
14.350082,-1,20,10010.292000,81.566000,317.437923,339.238747,460.000000,819,142.562077,OpenLoop,NoFIFO,false,OpenLoop_NoFIFO
14.360076,-1,20,9994.588000,76.154000,305.090656,334.116534,460.000000,819,154.909344,OpenLoop,NoFIFO,false,OpenLoop_NoFIFO
14.370074,-1,20,9997.588000,73.742000,401.284109,344.191670,460.000000,819,58.715891,OpenLoop,NoFIFO,false,OpenLoop_NoFIFO
14.380072,-1,20,9998.015000,71.757000,333.709065,342.619279,460.000000,819,126.290935,OpenLoop,NoFIFO,false,OpenLoop_NoFIFO
14.390082,-1,20,10010.736000,82.493000,304.383117,336.883855,460.000000,819,155.616883,OpenLoop,NoFIFO,false,OpenLoop_NoFIFO
14.400076,-1,20,9993.385000,75.878000,399.573788,346.287345,460.000000,819,60.426212,OpenLoop,NoFIFO,false,OpenLoop_NoFIFO
14.410073,-1,20,9997.162000,73.040000,339.838086,345.319956,460.000000,819,120.161914,OpenLoop,NoFIFO,false,OpenLoop_NoFIFO
14.420071,-1,20,9998.311000,71.351000,291.450777,337.239579,460.000000,819,168.549223,OpenLoop,NoFIFO,false,OpenLoop_NoFIFO
14.430079,-1,20,10007.810000,79.161000,391.895030,345.437897,460.000000,819,68.104970,OpenLoop,NoFIFO,false,OpenLoop_NoFIFO
14.440074,-1,20,9995.255000,74.416000,342.923467,345.060732,460.000000,819,117.076533,OpenLoop,NoFIFO,false,OpenLoop_NoFIFO
14.450072,-1,20,9997.904000,72.320000,290.455195,336.869902,460.000000,819,169.544805,OpenLoop,NoFIFO,false,OpenLoop_NoFIFO
14.460072,-1,20,9999.569000,71.889000,376.884422,342.872080,460.000000,819,83.115578,OpenLoop,NoFIFO,false,OpenLoop_NoFIFO
14.470073,-1,20,10001.015000,72.904000,355.472700,344.762173,460.000000,819,104.527300,OpenLoop,NoFIFO,false,OpenLoop_NoFIFO
14.480072,-1,20,9999.144000,72.048000,297.147385,337.619955,460.000000,819,162.852615,OpenLoop,NoFIFO,false,OpenLoop_NoFIFO
14.490072,-1,20,10000.236000,72.284000,356.543624,340.458505,460.000000,819,103.456376,OpenLoop,NoFIFO,false,OpenLoop_NoFIFO
14.500072,-1,20,9999.718000,72.002000,362.970133,343.835249,460.000000,819,97.029867,OpenLoop,NoFIFO,false,OpenLoop_NoFIFO
14.510072,-1,20,9999.977000,71.979000,299.889272,337.243353,460.000000,819,160.110728,OpenLoop,NoFIFO,false,OpenLoop_NoFIFO
14.520072,-1,20,10000.144000,72.123000,347.737389,338.817458,460.000000,819,112.262611,OpenLoop,NoFIFO,false,OpenLoop_NoFIFO
14.530073,-1,20,10000.755000,72.878000,370.553360,343.577843,460.000000,819,89.446640,OpenLoop,NoFIFO,false,OpenLoop_NoFIFO
14.540072,-1,20,9998.755000,71.633000,311.223187,338.724645,460.000000,819,148.776813,OpenLoop,NoFIFO,false,OpenLoop_NoFIFO
14.550071,-1,20,9999.848000,71.481000,334.662066,338.115258,460.000000,819,125.337934,OpenLoop,NoFIFO,false,OpenLoop_NoFIFO
14.560071,-1,20,10000.014000,71.495000,386.120264,345.316009,460.000000,819,73.879736,OpenLoop,NoFIFO,false,OpenLoop_NoFIFO
14.570071,-1,20,9999.681000,71.176000,320.121951,341.536900,460.000000,819,139.878049,OpenLoop,NoFIFO,false,OpenLoop_NoFIFO
14.580071,-1,20,10000.218000,71.394000,324.769053,339.021723,460.000000,819,135.230947,OpenLoop,NoFIFO,false,OpenLoop_NoFIFO
14.590085,-1,20,10013.774000,85.168000,391.849530,346.945894,460.000000,819,68.150470,OpenLoop,NoFIFO,false,OpenLoop_NoFIFO
14.600079,-1,20,9993.366000,78.534000,324.826759,343.628024,460.000000,819,135.173241,OpenLoop,NoFIFO,false,OpenLoop_NoFIFO
14.610073,-1,20,9994.384000,72.918000,307.521087,338.211983,460.000000,819,152.478913,OpenLoop,NoFIFO,false,OpenLoop_NoFIFO
14.620072,-1,20,9999.144000,72.062000,392.936391,346.420644,460.000000,819,67.063609,OpenLoop,NoFIFO,false,OpenLoop_NoFIFO
14.630073,-1,20,10000.478000,72.540000,328.289145,343.700919,460.000000,819,131.710855,OpenLoop,NoFIFO,false,OpenLoop_NoFIFO
14.640122,-1,20,10049.180000,121.720000,295.956775,336.539298,460.000000,819,164.043225,OpenLoop,NoFIFO,false,OpenLoop_NoFIFO
14.650073,-1,20,9951.607000,73.327000,399.148483,345.930676,460.000000,819,60.851517,OpenLoop,NoFIFO,false,OpenLoop_NoFIFO
14.660083,-1,20,10010.015000,83.342000,337.057011,344.599626,460.000000,819,122.942989,OpenLoop,NoFIFO,false,OpenLoop_NoFIFO
14.670077,-1,20,9993.810000,77.152000,293.250722,336.897290,460.000000,819,166.749278,OpenLoop,NoFIFO,false,OpenLoop_NoFIFO
14.680072,-1,20,9994.718000,71.870000,386.644833,344.359422,460.000000,819,73.355167,OpenLoop,NoFIFO,false,OpenLoop_NoFIFO
14.690073,-1,20,10000.959000,72.829000,347.958643,344.899305,460.000000,819,112.041357,OpenLoop,NoFIFO,false,OpenLoop_NoFIFO
14.700072,-1,20,9999.125000,71.954000,294.099903,337.279395,460.000000,819,165.900097,OpenLoop,NoFIFO,false,OpenLoop_NoFIFO
14.710072,-1,20,9999.552000,71.506000,380.324544,343.736167,460.000000,819,79.675456,OpenLoop,NoFIFO,false,OpenLoop_NoFIFO
14.720071,-1,20,9999.940000,71.446000,352.278065,345.017452,460.000000,819,107.721935,OpenLoop,NoFIFO,false,OpenLoop_NoFIFO
14.730072,-1,20,10000.385000,71.831000,297.776601,337.931324,460.000000,819,162.223399,OpenLoop,NoFIFO,false,OpenLoop_NoFIFO
14.740119,-1,20,10047.625000,119.456000,370.919881,342.879608,460.000000,819,89.080119,OpenLoop,NoFIFO,false,OpenLoop_NoFIFO
14.750073,-1,20,9953.051000,72.507000,364.691390,346.151375,460.000000,819,95.308610,OpenLoop,NoFIFO,false,OpenLoop_NoFIFO
14.760071,-1,20,9998.922000,71.429000,305.516760,340.056183,460.000000,819,154.483240,OpenLoop,NoFIFO,false,OpenLoop_NoFIFO
14.770072,-1,20,10000.125000,71.554000,350.373732,341.603815,460.000000,819,109.626268,OpenLoop,NoFIFO,false,OpenLoop_NoFIFO
14.780071,-1,20,9999.015000,70.569000,376.884422,346.895906,460.000000,819,83.115578,OpenLoop,NoFIFO,false,OpenLoop_NoFIFO
14.790083,-1,20,10012.847000,83.416000,306.064792,340.771239,460.000000,819,153.935208,OpenLoop,NoFIFO,false,OpenLoop_NoFIFO
14.800076,-1,20,9992.848000,76.264000,335.140610,339.926645,460.000000,819,124.859390,OpenLoop,NoFIFO,false,OpenLoop_NoFIFO
14.810072,-1,20,9995.959000,72.223000,377.821064,345.610808,460.000000,819,82.178936,OpenLoop,NoFIFO,false,OpenLoop_NoFIFO
14.820072,-1,20,9999.644000,71.867000,314.748201,340.981417,460.000000,819,145.251799,OpenLoop,NoFIFO,false,OpenLoop_NoFIFO
14.830072,-1,20,10000.292000,72.159000,318.877551,337.665837,460.000000,819,141.122449,OpenLoop,NoFIFO,false,OpenLoop_NoFIFO
14.840140,-1,20,10068.291000,140.450000,385.405961,344.826855,460.000000,819,74.594039,OpenLoop,NoFIFO,false,OpenLoop_NoFIFO
14.850088,-1,20,9947.274000,87.724000,319.654165,341.050952,460.000000,819,140.345835,OpenLoop,NoFIFO,false,OpenLoop_NoFIFO
14.860076,-1,20,9988.126000,75.850000,304.839920,335.619297,460.000000,819,155.160080,OpenLoop,NoFIFO,false,OpenLoop_NoFIFO
14.870073,-1,20,9997.458000,73.308000,395.079326,344.538301,460.000000,819,64.920674,OpenLoop,NoFIFO,false,OpenLoop_NoFIFO
14.880072,-1,20,9998.385000,71.693000,325.868984,341.737904,460.000000,819,134.131016,OpenLoop,NoFIFO,false,OpenLoop_NoFIFO
14.890072,-1,20,10000.551000,72.244000,303.819444,336.050135,460.000000,819,156.180556,OpenLoop,NoFIFO,false,OpenLoop_NoFIFO
14.900079,-1,20,10007.089000,79.333000,399.786780,345.610632,460.000000,819,60.213220,OpenLoop,NoFIFO,false,OpenLoop_NoFIFO
14.910080,-1,20,10000.773000,80.106000,345.031546,345.523769,460.000000,819,114.968454,OpenLoop,NoFIFO,false,OpenLoop_NoFIFO
14.920074,-1,20,9994.107000,74.213000,297.111165,338.261878,460.000000,819,162.888835,OpenLoop,NoFIFO,false,OpenLoop_NoFIFO
14.930072,-1,20,9998.200000,72.413000,386.686526,345.525575,460.000000,819,73.313474,OpenLoop,NoFIFO,false,OpenLoop_NoFIFO
14.940176,-1,20,10103.735000,176.148000,347.774245,345.862876,460.000000,819,112.225755,OpenLoop,NoFIFO,false,OpenLoop_NoFIFO
14.950087,-1,20,9910.756000,86.904000,294.811321,338.205143,460.000000,819,165.188679,OpenLoop,NoFIFO,false,OpenLoop_NoFIFO
14.960077,-1,20,9989.885000,76.789000,375.707214,343.830453,460.000000,819,84.292786,OpenLoop,NoFIFO,false,OpenLoop_NoFIFO
14.970073,-1,20,9996.366000,73.155000,357.045702,345.812741,460.000000,819,102.954298,OpenLoop,NoFIFO,false,OpenLoop_NoFIFO
14.980072,-1,20,9998.718000,71.873000,301.170262,339.116369,460.000000,819,158.829738,OpenLoop,NoFIFO,false,OpenLoop_NoFIFO
14.990073,-1,20,10000.644000,72.517000,366.389839,343.207389,460.000000,819,93.610161,OpenLoop,NoFIFO,false,OpenLoop_NoFIFO
15.000072,-1,20,9999.051000,71.568000,363.372093,346.232095,460.000000,819,96.627907,OpenLoop,NoFIFO,false,OpenLoop_NoFIFO
15.010073,-1,20,10001.366000,72.934000,299.594395,339.236440,460.000000,819,160.405605,OpenLoop,NoFIFO,false,OpenLoop_NoFIFO
15.020071,-1,20,9998.459000,71.393000,350.186766,340.878989,460.000000,819,109.813234,OpenLoop,NoFIFO,false,OpenLoop_NoFIFO
15.030085,-1,20,10013.644000,85.037000,374.064838,345.856866,460.000000,819,85.935162,OpenLoop,NoFIFO,false,OpenLoop_NoFIFO
15.040138,-1,20,10052.662000,137.699000,310.272403,340.519197,460.000000,819,149.727597,OpenLoop,NoFIFO,false,OpenLoop_NoFIFO
15.050086,-1,20,9947.996000,85.695000,336.473755,339.912380,460.000000,819,123.526245,OpenLoop,NoFIFO,false,OpenLoop_NoFIFO
15.060072,-1,20,9985.940000,71.635000,374.400958,345.085667,460.000000,819,85.599042,OpenLoop,NoFIFO,false,OpenLoop_NoFIFO
15.070074,-1,20,10002.552000,74.187000,317.028986,340.877165,460.000000,819,142.971014,OpenLoop,NoFIFO,false,OpenLoop_NoFIFO
15.080072,-1,20,9997.736000,71.923000,321.739704,338.006546,460.000000,819,138.260296,OpenLoop,NoFIFO,false,OpenLoop_NoFIFO
15.090072,-1,20,10000.107000,72.030000,392.077138,346.117135,460.000000,819,67.922862,OpenLoop,NoFIFO,false,OpenLoop_NoFIFO
15.100068,-1,20,9995.514000,67.544000,321.061644,342.358811,460.000000,819,138.938356,OpenLoop,NoFIFO,false,OpenLoop_NoFIFO
15.110078,-1,20,10010.626000,78.170000,315.353196,338.307969,460.000000,819,144.646804,OpenLoop,NoFIFO,false,OpenLoop_NoFIFO
15.120074,-1,20,9995.458000,73.628000,395.361096,346.865938,460.000000,819,64.638904,OpenLoop,NoFIFO,false,OpenLoop_NoFIFO
15.130073,-1,20,9998.922000,72.550000,335.300429,345.131112,460.000000,819,124.699571,OpenLoop,NoFIFO,false,OpenLoop_NoFIFO
15.140071,-1,20,9998.551000,71.101000,296.208531,337.792724,460.000000,819,163.791469,OpenLoop,NoFIFO,false,OpenLoop_NoFIFO
15.150071,-1,20,10000.181000,71.282000,394.492574,346.297702,460.000000,819,65.507426,OpenLoop,NoFIFO,false,OpenLoop_NoFIFO
15.160070,-1,20,9999.126000,70.408000,340.732087,345.462860,460.000000,819,119.267913,OpenLoop,NoFIFO,false,OpenLoop_NoFIFO
15.170081,-1,20,10010.421000,80.829000,291.566986,337.378479,460.000000,819,168.433014,OpenLoop,NoFIFO,false,OpenLoop_NoFIFO
15.180075,-1,20,9994.533000,75.362000,390.828557,345.395990,460.000000,819,69.171443,OpenLoop,NoFIFO,false,OpenLoop_NoFIFO
15.190071,-1,20,9995.403000,70.765000,347.222222,345.669925,460.000000,819,112.777778,OpenLoop,NoFIFO,false,OpenLoop_NoFIFO
15.200070,-1,20,9999.478000,70.243000,297.461660,338.438685,460.000000,819,162.538340,OpenLoop,NoFIFO,false,OpenLoop_NoFIFO
15.210072,-1,20,10002.088000,72.331000,372.023810,343.476454,460.000000,819,87.976190,OpenLoop,NoFIFO,false,OpenLoop_NoFIFO
15.220071,-1,20,9998.644000,70.975000,363.372093,346.460800,460.000000,819,96.627907,OpenLoop,NoFIFO,false,OpenLoop_NoFIFO
15.230071,-1,20,10000.347000,71.322000,299.247606,339.378821,460.000000,819,160.752394,OpenLoop,NoFIFO,false,OpenLoop_NoFIFO
15.240072,-1,20,10000.311000,71.633000,374.295444,344.616314,460.000000,819,85.704556,OpenLoop,NoFIFO,false,OpenLoop_NoFIFO
15.250080,-1,20,10008.607000,80.240000,361.172262,347.099706,460.000000,819,98.827738,OpenLoop,NoFIFO,false,OpenLoop_NoFIFO
15.260075,-1,20,9994.755000,74.995000,308.243307,341.271246,460.000000,819,151.756693,OpenLoop,NoFIFO,false,OpenLoop_NoFIFO
15.270073,-1,20,9997.588000,72.583000,361.132512,344.250436,460.000000,819,98.867488,OpenLoop,NoFIFO,false,OpenLoop_NoFIFO
15.280071,-1,20,9998.774000,71.357000,376.128385,349.032129,460.000000,819,83.871615,OpenLoop,NoFIFO,false,OpenLoop_NoFIFO
15.290072,-1,20,10000.310000,71.667000,312.179816,343.504282,460.000000,819,147.820184,OpenLoop,NoFIFO,false,OpenLoop_NoFIFO
15.300078,-1,20,10006.070000,77.737000,340.496368,343.053095,460.000000,819,119.503632,OpenLoop,NoFIFO,false,OpenLoop_NoFIFO
15.310071,-1,20,9993.366000,71.103000,383.828045,349.169337,460.000000,819,76.171955,OpenLoop,NoFIFO,false,OpenLoop_NoFIFO
15.320074,-1,20,10002.404000,73.507000,313.845050,343.870694,460.000000,819,146.154950,OpenLoop,NoFIFO,false,OpenLoop_NoFIFO
15.330072,-1,20,9998.977000,72.484000,320.218077,340.322801,460.000000,819,139.781923,OpenLoop,NoFIFO,false,OpenLoop_NoFIFO
15.340072,-1,20,9999.051000,71.535000,383.481713,346.796638,460.000000,819,76.518287,OpenLoop,NoFIFO,false,OpenLoop_NoFIFO
15.350073,-1,20,10001.607000,73.142000,321.230891,342.961776,460.000000,819,138.769109,OpenLoop,NoFIFO,false,OpenLoop_NoFIFO
15.360072,-1,20,9998.922000,72.064000,301.074605,336.678700,460.000000,819,158.925395,OpenLoop,NoFIFO,false,OpenLoop_NoFIFO
15.370085,-1,20,10012.718000,84.782000,393.700787,345.232013,460.000000,819,66.299213,OpenLoop,NoFIFO,false,OpenLoop_NoFIFO
15.380077,-1,20,9992.107000,76.889000,330.726717,343.056219,460.000000,819,129.273283,OpenLoop,NoFIFO,false,OpenLoop_NoFIFO
15.390072,-1,20,9995.069000,71.958000,295.430672,335.912387,460.000000,819,164.569328,OpenLoop,NoFIFO,false,OpenLoop_NoFIFO
15.400075,-1,20,10003.126000,75.084000,389.542936,343.956969,460.000000,819,70.457064,OpenLoop,NoFIFO,false,OpenLoop_NoFIFO
15.410075,-1,20,10000.144000,75.228000,339.295657,343.257773,460.000000,819,120.704343,OpenLoop,NoFIFO,false,OpenLoop_NoFIFO
15.420072,-1,20,9996.588000,71.816000,298.974943,336.615348,460.000000,819,161.025057,OpenLoop,NoFIFO,false,OpenLoop_NoFIFO
15.430072,-1,20,10000.588000,72.404000,397.456280,345.741488,460.000000,819,62.543720,OpenLoop,NoFIFO,false,OpenLoop_NoFIFO
15.440071,-1,20,9998.959000,71.363000,354.576399,347.066725,460.000000,819,105.423601,OpenLoop,NoFIFO,false,OpenLoop_NoFIFO
15.450074,-1,20,10002.366000,73.729000,298.884166,339.839341,460.000000,819,161.115834,OpenLoop,NoFIFO,false,OpenLoop_NoFIFO
15.460071,-1,20,9997.441000,71.170000,381.614654,346.105638,460.000000,819,78.385346,OpenLoop,NoFIFO,false,OpenLoop_NoFIFO
15.470073,-1,20,10001.495000,72.665000,352.797291,347.109386,460.000000,819,107.202709,OpenLoop,NoFIFO,false,OpenLoop_NoFIFO
15.480075,-1,20,10002.292000,74.957000,302.870278,340.473520,460.000000,819,157.129722,OpenLoop,NoFIFO,false,OpenLoop_NoFIFO
15.490088,-1,20,10012.829000,87.786000,368.707394,344.708601,460.000000,819,91.292606,OpenLoop,NoFIFO,false,OpenLoop_NoFIFO
15.500077,-1,20,9989.163000,76.949000,363.020329,347.455360,460.000000,819,96.979671,OpenLoop,NoFIFO,false,OpenLoop_NoFIFO
15.510072,-1,20,9994.866000,71.815000,301.124197,340.505686,460.000000,819,158.875803,OpenLoop,NoFIFO,false,OpenLoop_NoFIFO
15.520073,-1,20,10000.811000,72.626000,346.580407,341.416894,460.000000,819,113.419593,OpenLoop,NoFIFO,false,OpenLoop_NoFIFO
15.530079,-1,20,10006.680000,79.306000,369.094488,345.568533,460.000000,819,90.905512,OpenLoop,NoFIFO,false,OpenLoop_NoFIFO
15.540079,-1,20,9999.274000,78.580000,307.954012,339.926355,460.000000,819,152.045988,OpenLoop,NoFIFO,false,OpenLoop_NoFIFO
15.550075,-1,20,9996.440000,75.020000,333.904110,339.023018,460.000000,819,126.095890,OpenLoop,NoFIFO,false,OpenLoop_NoFIFO
15.560072,-1,20,9996.552000,71.572000,383.112981,345.636512,460.000000,819,76.887019,OpenLoop,NoFIFO,false,OpenLoop_NoFIFO
15.570069,-1,20,9997.125000,68.697000,321.569921,342.026524,460.000000,819,138.430079,OpenLoop,NoFIFO,false,OpenLoop_NoFIFO
15.580073,-1,20,10004.366000,73.063000,321.355119,338.925813,460.000000,819,138.644881,OpenLoop,NoFIFO,false,OpenLoop_NoFIFO
15.590073,-1,20,9999.681000,72.744000,397.021457,347.640160,460.000000,819,62.978543,OpenLoop,NoFIFO,false,OpenLoop_NoFIFO
15.600077,-1,20,10003.903000,76.647000,328.409622,344.755579,460.000000,819,131.590378,OpenLoop,NoFIFO,false,OpenLoop_NoFIFO
15.610075,-1,20,9998.533000,75.180000,309.641768,339.488507,460.000000,819,150.358232,OpenLoop,NoFIFO,false,OpenLoop_NoFIFO
15.620070,-1,20,9995.292000,70.472000,398.238381,348.300988,460.000000,819,61.761619,OpenLoop,NoFIFO,false,OpenLoop_NoFIFO
15.630071,-1,20,10000.774000,71.246000,335.506135,346.381760,460.000000,819,124.493865,OpenLoop,NoFIFO,false,OpenLoop_NoFIFO
15.640073,-1,20,10001.551000,72.797000,299.300098,339.319511,460.000000,819,160.699902,OpenLoop,NoFIFO,false,OpenLoop_NoFIFO
15.650073,-1,20,10000.292000,73.089000,398.089172,348.134960,460.000000,819,61.910828,OpenLoop,NoFIFO,false,OpenLoop_NoFIFO
15.660071,-1,20,9998.274000,71.363000,343.721357,347.472920,460.000000,819,116.278643,OpenLoop,NoFIFO,false,OpenLoop_NoFIFO
15.670073,-1,20,10001.310000,72.673000,294.099903,339.466967,460.000000,819,165.900097,OpenLoop,NoFIFO,false,OpenLoop_NoFIFO
15.680069,-1,20,9996.311000,68.984000,398.936170,348.387348,460.000000,819,61.063830,OpenLoop,NoFIFO,false,OpenLoop_NoFIFO
15.690072,-1,20,10003.422000,72.406000,341.157205,347.302826,460.000000,819,118.842795,OpenLoop,NoFIFO,false,OpenLoop_NoFIFO
15.700071,-1,20,9998.458000,70.864000,295.275591,339.498741,460.000000,819,164.724409,OpenLoop,NoFIFO,false,OpenLoop_NoFIFO
15.710072,-1,20,10000.996000,71.860000,377.486973,345.196976,460.000000,819,82.513027,OpenLoop,NoFIFO,false,OpenLoop_NoFIFO
15.720072,-1,20,9999.681000,71.541000,356.657609,346.916071,460.000000,819,103.342391,OpenLoop,NoFIFO,false,OpenLoop_NoFIFO
15.730075,-1,20,10003.366000,74.907000,296.543154,339.360133,460.000000,819,163.456846,OpenLoop,NoFIFO,false,OpenLoop_NoFIFO
15.740074,-1,20,9999.237000,74.144000,376.808682,344.977415,460.000000,819,83.191318,OpenLoop,NoFIFO,false,OpenLoop_NoFIFO
15.750070,-1,20,9996.181000,70.325000,361.969112,347.526170,460.000000,819,98.030888,OpenLoop,NoFIFO,false,OpenLoop_NoFIFO
15.760070,-1,20,9999.810000,70.135000,306.039173,341.303120,460.000000,819,153.960827,OpenLoop,NoFIFO,false,OpenLoop_NoFIFO
15.770069,-1,20,9998.996000,69.131000,357.343049,343.709110,460.000000,819,102.656951,OpenLoop,NoFIFO,false,OpenLoop_NoFIFO
15.780070,-1,20,10000.811000,69.942000,374.002660,348.253142,460.000000,819,85.997340,OpenLoop,NoFIFO,false,OpenLoop_NoFIFO
15.790070,-1,20,10000.458000,70.400000,312.054208,342.823302,460.000000,819,147.945792,OpenLoop,NoFIFO,false,OpenLoop_NoFIFO
15.800070,-1,20,10000.015000,70.415000,334.453897,341.567891,460.000000,819,125.546103,OpenLoop,NoFIFO,false,OpenLoop_NoFIFO
15.810071,-1,20,10000.384000,70.799000,390.805929,348.953597,460.000000,819,69.194071,OpenLoop,NoFIFO,false,OpenLoop_NoFIFO
15.820070,-1,20,9999.515000,70.314000,314.773363,343.826562,460.000000,819,145.226637,OpenLoop,NoFIFO,false,OpenLoop_NoFIFO
15.830070,-1,20,10000.014000,70.328000,323.424563,340.766262,460.000000,819,136.575437,OpenLoop,NoFIFO,false,OpenLoop_NoFIFO
15.840070,-1,20,9999.792000,70.120000,388.198758,347.881136,460.000000,819,71.801242,OpenLoop,NoFIFO,false,OpenLoop_NoFIFO
15.850070,-1,20,10000.237000,70.357000,320.904645,343.834663,460.000000,819,139.095355,OpenLoop,NoFIFO,false,OpenLoop_NoFIFO
15.860071,-1,20,10000.458000,70.815000,300.802139,337.379784,460.000000,819,159.197861,OpenLoop,NoFIFO,false,OpenLoop_NoFIFO
15.870070,-1,20,9999.496000,70.311000,394.460028,345.941821,460.000000,819,65.539972,OpenLoop,NoFIFO,false,OpenLoop_NoFIFO
15.880070,-1,20,10000.125000,70.436000,332.265540,343.890379,460.000000,819,127.734460,OpenLoop,NoFIFO,false,OpenLoop_NoFIFO
15.890073,-1,20,10002.385000,72.821000,299.794427,337.275986,460.000000,819,160.205573,OpenLoop,NoFIFO,false,OpenLoop_NoFIFO
15.900084,-1,20,10011.366000,84.187000,403.659849,347.233565,460.000000,819,56.340151,OpenLoop,NoFIFO,false,OpenLoop_NoFIFO
15.910080,-1,20,9995.551000,79.738000,338.040865,345.854660,460.000000,819,121.959135,OpenLoop,NoFIFO,false,OpenLoop_NoFIFO
15.920074,-1,20,9994.348000,74.086000,298.408488,338.737735,460.000000,819,161.591512,OpenLoop,NoFIFO,false,OpenLoop_NoFIFO
15.930073,-1,20,9998.552000,72.638000,386.509391,345.903483,460.000000,819,73.490609,OpenLoop,NoFIFO,false,OpenLoop_NoFIFO
15.940072,-1,20,9999.718000,72.356000,350.373732,346.574020,460.000000,819,109.626268,OpenLoop,NoFIFO,false,OpenLoop_NoFIFO
15.950072,-1,20,9999.643000,71.999000,295.956775,338.981434,460.000000,819,164.043225,OpenLoop,NoFIFO,false,OpenLoop_NoFIFO
15.960077,-1,20,10005.089000,77.088000,390.218522,346.666997,460.000000,819,69.781478,OpenLoop,NoFIFO,false,OpenLoop_NoFIFO
15.970075,-1,20,9998.144000,75.232000,358.337315,348.417545,460.000000,819,101.662685,OpenLoop,NoFIFO,false,OpenLoop_NoFIFO
15.980074,-1,20,9998.681000,73.913000,303.725702,341.713768,460.000000,819,156.274298,OpenLoop,NoFIFO,false,OpenLoop_NoFIFO
15.990072,-1,20,9998.421000,72.334000,365.036647,345.212200,460.000000,819,94.963353,OpenLoop,NoFIFO,false,OpenLoop_NoFIFO
16.000072,-1,20,9999.255000,71.589000,366.748166,348.442595,460.000000,819,93.251834,OpenLoop,NoFIFO,false,OpenLoop_NoFIFO
16.010080,-1,20,10008.255000,79.844000,302.582033,341.563511,460.000000,819,157.417967,OpenLoop,NoFIFO,false,OpenLoop_NoFIFO
16.020085,-1,20,10005.459000,85.303000,351.123596,342.997523,460.000000,819,108.876404,OpenLoop,NoFIFO,false,OpenLoop_NoFIFO
16.030088,-1,20,10002.588000,87.891000,371.103414,347.213407,460.000000,819,88.896586,OpenLoop,NoFIFO,false,OpenLoop_NoFIFO
16.040077,-1,20,9988.867000,76.758000,303.071121,340.592064,460.000000,819,156.928879,OpenLoop,NoFIFO,false,OpenLoop_NoFIFO
16.050093,-1,20,10015.977000,92.735000,335.460401,339.822315,460.000000,819,124.539599,OpenLoop,NoFIFO,false,OpenLoop_NoFIFO
16.060076,-1,20,9983.329000,76.064000,378.405651,345.609815,460.000000,819,81.594349,OpenLoop,NoFIFO,false,OpenLoop_NoFIFO
16.070074,-1,20,9998.348000,74.412000,313.395415,340.777655,460.000000,819,146.604585,OpenLoop,NoFIFO,false,OpenLoop_NoFIFO
16.080075,-1,20,10000.588000,75.000000,311.634349,336.406159,460.000000,819,148.365651,OpenLoop,NoFIFO,false,OpenLoop_NoFIFO
16.090074,-1,20,9999.292000,74.292000,393.356643,344.948732,460.000000,819,66.643357,OpenLoop,NoFIFO,false,OpenLoop_NoFIFO
16.100075,-1,20,10000.607000,74.899000,319.378931,341.113262,460.000000,819,140.621069,OpenLoop,NoFIFO,false,OpenLoop_NoFIFO
16.110074,-1,20,9999.422000,74.321000,311.905894,336.732156,460.000000,819,148.094106,OpenLoop,NoFIFO,false,OpenLoop_NoFIFO
16.120075,-1,20,10000.829000,75.150000,406.283857,347.164912,460.000000,819,53.716143,OpenLoop,NoFIFO,false,OpenLoop_NoFIFO
16.130074,-1,20,9999.051000,74.201000,336.584490,345.577848,460.000000,819,123.415510,OpenLoop,NoFIFO,false,OpenLoop_NoFIFO
16.140075,-1,20,10000.533000,74.734000,301.770386,339.006729,460.000000,819,158.229614,OpenLoop,NoFIFO,false,OpenLoop_NoFIFO
16.150074,-1,20,9999.088000,73.822000,400.450878,348.223351,460.000000,819,59.549122,OpenLoop,NoFIFO,false,OpenLoop_NoFIFO
16.160074,-1,20,10000.422000,74.244000,344.669118,347.690216,460.000000,819,115.330882,OpenLoop,NoFIFO,false,OpenLoop_NoFIFO
16.170074,-1,20,9999.570000,73.814000,294.241912,339.672971,460.000000,819,165.758088,OpenLoop,NoFIFO,false,OpenLoop_NoFIFO
16.180074,-1,20,9999.903000,73.717000,394.687964,347.925220,460.000000,819,65.312036,OpenLoop,NoFIFO,false,OpenLoop_NoFIFO
16.190085,-1,20,10011.422000,85.139000,343.322754,347.234850,460.000000,819,116.677246,OpenLoop,NoFIFO,false,OpenLoop_NoFIFO
16.200077,-1,20,9991.866000,77.005000,293.427230,339.163707,460.000000,819,166.572770,OpenLoop,NoFIFO,false,OpenLoop_NoFIFO
16.210072,-1,20,9995.255000,72.260000,376.773050,344.805108,460.000000,819,83.226950,OpenLoop,NoFIFO,false,OpenLoop_NoFIFO
16.220072,-1,20,9999.792000,72.052000,358.215066,346.816602,460.000000,819,101.784934,OpenLoop,NoFIFO,false,OpenLoop_NoFIFO
16.230072,-1,20,10000.422000,72.474000,296.811398,339.315821,460.000000,819,163.188602,OpenLoop,NoFIFO,false,OpenLoop_NoFIFO
16.240069,-1,20,9996.125000,68.599000,369.926719,343.907456,460.000000,819,90.073281,OpenLoop,NoFIFO,false,OpenLoop_NoFIFO
16.250073,-1,20,10004.477000,73.076000,367.223502,347.404863,460.000000,819,92.776498,OpenLoop,NoFIFO,false,OpenLoop_NoFIFO
16.260071,-1,20,9998.255000,71.331000,302.907916,340.730321,460.000000,819,157.092084,OpenLoop,NoFIFO,false,OpenLoop_NoFIFO
16.270072,-1,20,10000.255000,71.586000,350.467290,342.190866,460.000000,819,109.532710,OpenLoop,NoFIFO,false,OpenLoop_NoFIFO
16.280072,-1,20,10000.626000,72.212000,373.208599,346.843526,460.000000,819,86.791401,OpenLoop,NoFIFO,false,OpenLoop_NoFIFO
16.290072,-1,20,10000.107000,72.319000,315.960520,342.211075,460.000000,819,144.039480,OpenLoop,NoFIFO,false,OpenLoop_NoFIFO
16.300072,-1,20,9999.347000,71.666000,340.991756,342.028177,460.000000,819,119.008244,OpenLoop,NoFIFO,false,OpenLoop_NoFIFO
16.310071,-1,20,9999.774000,71.440000,387.196696,348.803455,460.000000,819,72.803304,OpenLoop,NoFIFO,false,OpenLoop_NoFIFO
16.320072,-1,20,10000.348000,71.788000,315.050408,343.740498,460.000000,819,144.949592,OpenLoop,NoFIFO,false,OpenLoop_NoFIFO
16.330071,-1,20,9999.458000,71.246000,322.591318,340.568121,460.000000,819,137.408682,OpenLoop,NoFIFO,false,OpenLoop_NoFIFO
16.340071,-1,20,10000.144000,71.390000,391.168289,348.158146,460.000000,819,68.831711,OpenLoop,NoFIFO,false,OpenLoop_NoFIFO
16.350071,-1,20,9999.977000,71.367000,323.791180,344.503101,460.000000,819,136.208820,OpenLoop,NoFIFO,false,OpenLoop_NoFIFO
16.360071,-1,20,10000.070000,71.437000,313.245823,339.814510,460.000000,819,146.754177,OpenLoop,NoFIFO,false,OpenLoop_NoFIFO
16.370072,-1,20,10000.292000,71.729000,397.877984,348.524031,460.000000,819,62.122016,OpenLoop,NoFIFO,false,OpenLoop_NoFIFO
16.380071,-1,20,9999.052000,70.781000,333.460366,346.264481,460.000000,819,126.539634,OpenLoop,NoFIFO,false,OpenLoop_NoFIFO
16.390081,-1,20,10010.310000,81.091000,292.816242,338.247245,460.000000,819,167.183758,OpenLoop,NoFIFO,false,OpenLoop_NoFIFO
16.400076,-1,20,9994.977000,76.068000,395.014045,346.762265,460.000000,819,64.985955,OpenLoop,NoFIFO,false,OpenLoop_NoFIFO
16.410072,-1,20,9996.200000,72.268000,338.972107,345.593741,460.000000,819,121.027893,OpenLoop,NoFIFO,false,OpenLoop_NoFIFO
16.420071,-1,20,9999.014000,71.282000,295.669578,338.105117,460.000000,819,164.330422,OpenLoop,NoFIFO,false,OpenLoop_NoFIFO
16.430072,-1,20,10000.959000,72.241000,390.625000,345.983099,460.000000,819,69.375000,OpenLoop,NoFIFO,false,OpenLoop_NoFIFO
16.440072,-1,20,9999.866000,72.107000,354.934377,347.325791,460.000000,819,105.065623,OpenLoop,NoFIFO,false,OpenLoop_NoFIFO
16.450072,-1,20,10000.329000,72.436000,296.990496,339.775497,460.000000,819,163.009504,OpenLoop,NoFIFO,false,OpenLoop_NoFIFO
16.460071,-1,20,9999.033000,71.469000,376.170308,345.234718,460.000000,819,83.829692,OpenLoop,NoFIFO,false,OpenLoop_NoFIFO
16.470072,-1,20,10000.829000,72.298000,354.219144,346.582382,460.000000,819,105.780856,OpenLoop,NoFIFO,false,OpenLoop_NoFIFO
16.480071,-1,20,9999.200000,71.498000,303.398058,340.104734,460.000000,819,156.601942,OpenLoop,NoFIFO,false,OpenLoop_NoFIFO
16.490072,-1,20,10000.347000,71.845000,367.392808,344.197945,460.000000,819,92.607192,OpenLoop,NoFIFO,false,OpenLoop_NoFIFO
16.500072,-1,20,9999.774000,71.619000,365.259740,347.357214,460.000000,819,94.740260,OpenLoop,NoFIFO,false,OpenLoop_NoFIFO
16.510072,-1,20,10000.255000,71.874000,306.658879,341.252464,460.000000,819,153.341121,OpenLoop,NoFIFO,false,OpenLoop_NoFIFO
16.520072,-1,20,10000.181000,72.055000,356.270358,343.505148,460.000000,819,103.729642,OpenLoop,NoFIFO,false,OpenLoop_NoFIFO
16.530072,-1,20,9999.718000,71.773000,374.471335,348.150076,460.000000,819,85.528665,OpenLoop,NoFIFO,false,OpenLoop_NoFIFO
16.540072,-1,20,10000.236000,72.009000,307.209175,342.008941,460.000000,819,152.790825,OpenLoop,NoFIFO,false,OpenLoop_NoFIFO
16.550072,-1,20,9999.848000,71.857000,336.745690,341.219453,460.000000,819,123.254310,OpenLoop,NoFIFO,false,OpenLoop_NoFIFO
16.560072,-1,20,10000.422000,72.279000,378.024194,346.740164,460.000000,819,81.975806,OpenLoop,NoFIFO,false,OpenLoop_NoFIFO
16.570080,-1,20,10008.032000,80.311000,315.656566,342.077624,460.000000,819,144.343434,OpenLoop,NoFIFO,false,OpenLoop_NoFIFO
16.580075,-1,20,9994.478000,74.789000,318.045407,338.472792,460.000000,819,141.954593,OpenLoop,NoFIFO,false,OpenLoop_NoFIFO
16.590082,-1,20,10007.477000,82.266000,389.289204,346.095254,460.000000,819,70.710796,OpenLoop,NoFIFO,false,OpenLoop_NoFIFO
16.600076,-1,20,9993.866000,76.132000,324.135638,342.801311,460.000000,819,135.864362,OpenLoop,NoFIFO,false,OpenLoop_NoFIFO
16.610073,-1,20,9996.552000,72.684000,309.260132,337.770134,460.000000,819,150.739868,OpenLoop,NoFIFO,false,OpenLoop_NoFIFO
16.620072,-1,20,9999.662000,72.346000,394.529195,346.283994,460.000000,819,65.470805,OpenLoop,NoFIFO,false,OpenLoop_NoFIFO
16.630071,-1,20,9998.681000,71.027000,332.289698,344.184849,460.000000,819,127.710302,OpenLoop,NoFIFO,false,OpenLoop_NoFIFO
16.640082,-1,20,10011.255000,82.282000,302.256851,337.895649,460.000000,819,157.743149,OpenLoop,NoFIFO,false,OpenLoop_NoFIFO
16.650072,-1,20,9989.885000,72.167000,396.685472,346.714123,460.000000,819,63.314528,OpenLoop,NoFIFO,false,OpenLoop_NoFIFO
16.660073,-1,20,10000.384000,72.551000,345.758693,346.570808,460.000000,819,114.241307,OpenLoop,NoFIFO,false,OpenLoop_NoFIFO
16.670071,-1,20,9998.033000,70.584000,296.821724,339.108446,460.000000,819,163.178276,OpenLoop,NoFIFO,false,OpenLoop_NoFIFO
16.680071,-1,20,10000.237000,70.821000,398.300584,347.987267,460.000000,819,61.699416,OpenLoop,NoFIFO,false,OpenLoop_NoFIFO
16.690070,-1,20,9998.847000,69.668000,348.837209,348.114758,460.000000,819,111.162791,OpenLoop,NoFIFO,false,OpenLoop_NoFIFO
16.700071,-1,20,10001.237000,70.905000,300.802139,341.017865,460.000000,819,159.197861,OpenLoop,NoFIFO,false,OpenLoop_NoFIFO
16.710082,-1,20,10011.107000,82.012000,374.682622,346.067579,460.000000,819,85.317378,OpenLoop,NoFIFO,false,OpenLoop_NoFIFO
16.720077,-1,20,9995.218000,77.230000,355.267432,347.447557,460.000000,819,104.732568,OpenLoop,NoFIFO,false,OpenLoop_NoFIFO
16.730072,-1,20,9994.422000,71.652000,298.295455,340.074741,460.000000,819,161.704545,OpenLoop,NoFIFO,false,OpenLoop_NoFIFO
16.740074,-1,20,10002.088000,73.740000,367.441209,344.179712,460.000000,819,92.558791,OpenLoop,NoFIFO,false,OpenLoop_NoFIFO
16.750072,-1,20,9998.403000,72.143000,365.404897,347.363489,460.000000,819,94.595103,OpenLoop,NoFIFO,false,OpenLoop_NoFIFO
16.760071,-1,20,9999.237000,71.380000,303.776171,340.825392,460.000000,819,156.223829,OpenLoop,NoFIFO,false,OpenLoop_NoFIFO
16.770073,-1,20,10001.310000,72.690000,357.061243,343.260769,460.000000,819,102.938757,OpenLoop,NoFIFO,false,OpenLoop_NoFIFO
16.780072,-1,20,9999.033000,71.723000,369.640217,347.217687,460.000000,819,90.359783,OpenLoop,NoFIFO,false,OpenLoop_NoFIFO
16.790084,-1,20,10012.773000,84.496000,313.819652,342.207981,460.000000,819,146.180348,OpenLoop,NoFIFO,false,OpenLoop_NoFIFO
16.800076,-1,20,9991.552000,76.048000,337.716138,341.534205,460.000000,819,122.283862,OpenLoop,NoFIFO,false,OpenLoop_NoFIFO
16.810072,-1,20,9996.366000,72.414000,387.354011,348.407176,460.000000,819,72.645989,OpenLoop,NoFIFO,false,OpenLoop_NoFIFO
16.820071,-1,20,9998.866000,71.280000,322.120671,344.464200,460.000000,819,137.879329,OpenLoop,NoFIFO,false,OpenLoop_NoFIFO
16.830071,-1,20,9999.811000,71.091000,323.963317,341.389068,460.000000,819,136.036683,OpenLoop,NoFIFO,false,OpenLoop_NoFIFO
16.840070,-1,20,9999.014000,70.105000,392.259414,349.019620,460.000000,819,67.740586,OpenLoop,NoFIFO,false,OpenLoop_NoFIFO
16.850073,-1,20,10002.422000,72.527000,324.135638,345.287022,460.000000,819,135.864362,OpenLoop,NoFIFO,false,OpenLoop_NoFIFO
16.860070,-1,20,9997.255000,69.782000,313.365486,340.498792,460.000000,819,146.634514,OpenLoop,NoFIFO,false,OpenLoop_NoFIFO
16.870072,-1,20,10002.366000,72.148000,399.190973,349.302619,460.000000,819,60.809027,OpenLoop,NoFIFO,false,OpenLoop_NoFIFO
16.880071,-1,20,9998.496000,70.644000,334.662066,347.106536,460.000000,819,125.337934,OpenLoop,NoFIFO,false,OpenLoop_NoFIFO
16.890081,-1,20,10010.292000,80.936000,296.802448,339.560923,460.000000,819,163.197552,OpenLoop,NoFIFO,false,OpenLoop_NoFIFO
16.900077,-1,20,9995.996000,76.932000,395.940873,348.017915,460.000000,819,64.059127,OpenLoop,NoFIFO,false,OpenLoop_NoFIFO
16.910072,-1,20,9995.421000,72.353000,334.307110,345.961295,460.000000,819,125.692890,OpenLoop,NoFIFO,false,OpenLoop_NoFIFO
16.920071,-1,20,9998.570000,70.923000,295.813107,338.439066,460.000000,819,164.186893,OpenLoop,NoFIFO,false,OpenLoop_NoFIFO
16.930071,-1,20,10000.144000,71.067000,388.198758,345.903020,460.000000,819,71.801242,OpenLoop,NoFIFO,false,OpenLoop_NoFIFO
16.940070,-1,20,9999.385000,70.452000,345.749585,345.880005,460.000000,819,114.250415,OpenLoop,NoFIFO,false,OpenLoop_NoFIFO
16.950072,-1,20,10001.755000,72.207000,293.917860,338.085683,460.000000,819,166.082140,OpenLoop,NoFIFO,false,OpenLoop_NoFIFO
16.960071,-1,20,9998.755000,70.962000,383.481713,344.895088,460.000000,819,76.518287,OpenLoop,NoFIFO,false,OpenLoop_NoFIFO
16.970071,-1,20,10000.014000,70.976000,355.691057,346.514483,460.000000,819,104.308943,OpenLoop,NoFIFO,false,OpenLoop_NoFIFO
16.980071,-1,20,9999.996000,70.972000,300.205855,339.568189,460.000000,819,159.794145,OpenLoop,NoFIFO,false,OpenLoop_NoFIFO
16.990084,-1,20,10013.385000,84.357000,381.097561,345.797595,460.000000,819,78.902439,OpenLoop,NoFIFO,false,OpenLoop_NoFIFO
17.000077,-1,20,9992.458000,76.815000,368.550369,349.210511,460.000000,819,91.449631,OpenLoop,NoFIFO,false,OpenLoop_NoFIFO
17.010074,-1,20,9996.793000,73.608000,310.747068,343.440994,460.000000,819,149.252932,OpenLoop,NoFIFO,false,OpenLoop_NoFIFO
17.020071,-1,20,9997.866000,71.474000,353.273669,344.915896,460.000000,819,106.726331,OpenLoop,NoFIFO,false,OpenLoop_NoFIFO
17.030083,-1,20,10011.847000,83.321000,381.511123,350.405180,460.000000,819,78.488877,OpenLoop,NoFIFO,false,OpenLoop_NoFIFO
17.040077,-1,20,9994.015000,77.336000,311.905894,344.630287,460.000000,819,148.094106,OpenLoop,NoFIFO,false,OpenLoop_NoFIFO
17.050073,-1,20,9996.014000,73.350000,336.021505,343.338970,460.000000,819,123.978495,OpenLoop,NoFIFO,false,OpenLoop_NoFIFO
17.060071,-1,20,9997.866000,71.216000,380.007153,348.839197,460.000000,819,79.992847,OpenLoop,NoFIFO,false,OpenLoop_NoFIFO
17.070073,-1,20,10001.755000,72.971000,312.179816,343.340290,460.000000,819,147.820184,OpenLoop,NoFIFO,false,OpenLoop_NoFIFO
17.080071,-1,20,9997.959000,70.930000,319.498539,339.764027,460.000000,819,140.501461,OpenLoop,NoFIFO,false,OpenLoop_NoFIFO
17.090073,-1,20,10002.514000,73.444000,390.421655,347.362672,460.000000,819,69.578345,OpenLoop,NoFIFO,false,OpenLoop_NoFIFO
17.100070,-1,20,9996.996000,70.440000,322.798819,343.678094,460.000000,819,137.201181,OpenLoop,NoFIFO,false,OpenLoop_NoFIFO
17.110071,-1,20,10000.199000,70.639000,301.446945,337.343421,460.000000,819,158.553055,OpenLoop,NoFIFO,false,OpenLoop_NoFIFO
17.120070,-1,20,9999.052000,69.691000,400.260911,346.781045,460.000000,819,59.739089,OpenLoop,NoFIFO,false,OpenLoop_NoFIFO
17.130071,-1,20,10001.514000,71.205000,334.139511,344.884815,460.000000,819,125.860489,OpenLoop,NoFIFO,false,OpenLoop_NoFIFO
17.140069,-1,20,9998.292000,69.497000,302.389341,338.510494,460.000000,819,157.610659,OpenLoop,NoFIFO,false,OpenLoop_NoFIFO
17.150085,-1,20,10015.885000,85.382000,393.209992,346.715418,460.000000,819,66.790008,OpenLoop,NoFIFO,false,OpenLoop_NoFIFO
17.160076,-1,20,9990.162000,75.544000,341.263651,345.897653,460.000000,819,118.736349,OpenLoop,NoFIFO,false,OpenLoop_NoFIFO
17.170087,-1,20,10011.533000,87.077000,297.256098,338.601420,460.000000,819,162.743902,OpenLoop,NoFIFO,false,OpenLoop_NoFIFO
17.180076,-1,20,9988.866000,75.943000,404.923874,348.549788,460.000000,819,55.076126,OpenLoop,NoFIFO,false,OpenLoop_NoFIFO
17.190081,-1,20,10005.552000,81.495000,346.292363,348.211174,460.000000,819,113.707637,OpenLoop,NoFIFO,false,OpenLoop_NoFIFO
17.200076,-1,20,9994.718000,76.213000,298.884166,340.812123,460.000000,819,161.115834,OpenLoop,NoFIFO,false,OpenLoop_NoFIFO
17.210073,-1,20,9997.014000,73.227000,382.194245,347.019441,460.000000,819,77.805755,OpenLoop,NoFIFO,false,OpenLoop_NoFIFO
17.220071,-1,20,9998.125000,71.352000,358.606557,348.757509,460.000000,819,101.393443,OpenLoop,NoFIFO,false,OpenLoop_NoFIFO
17.230076,-1,20,10004.700000,76.052000,299.247606,341.331023,460.000000,819,160.752394,OpenLoop,NoFIFO,false,OpenLoop_NoFIFO
17.240075,-1,20,9999.107000,75.159000,368.707394,345.437479,460.000000,819,91.292606,OpenLoop,NoFIFO,false,OpenLoop_NoFIFO
17.250073,-1,20,9998.218000,73.377000,365.853659,348.499906,460.000000,819,94.146341,OpenLoop,NoFIFO,false,OpenLoop_NoFIFO
17.260074,-1,20,10000.607000,73.984000,301.576238,341.461356,460.000000,819,158.423762,OpenLoop,NoFIFO,false,OpenLoop_NoFIFO
17.270074,-1,20,10000.014000,73.998000,352.476737,343.113663,460.000000,819,107.523263,OpenLoop,NoFIFO,false,OpenLoop_NoFIFO
17.280075,-1,20,10001.348000,75.346000,371.802499,347.416988,460.000000,819,88.197501,OpenLoop,NoFIFO,false,OpenLoop_NoFIFO
17.290074,-1,20,9998.718000,74.064000,310.778764,341.921255,460.000000,819,149.221236,OpenLoop,NoFIFO,false,OpenLoop_NoFIFO
17.300075,-1,20,10001.292000,75.356000,332.783976,340.550663,460.000000,819,127.216024,OpenLoop,NoFIFO,false,OpenLoop_NoFIFO
17.310073,-1,20,9997.921000,73.277000,388.340643,347.719160,460.000000,819,71.659357,OpenLoop,NoFIFO,false,OpenLoop_NoFIFO
17.320074,-1,20,10000.644000,73.921000,318.211488,343.293009,460.000000,819,141.788512,OpenLoop,NoFIFO,false,OpenLoop_NoFIFO
17.330074,-1,20,10000.089000,74.010000,331.038136,341.454778,460.000000,819,128.961864,OpenLoop,NoFIFO,false,OpenLoop_NoFIFO
17.340074,-1,20,10000.255000,74.265000,398.936170,350.076987,460.000000,819,61.063830,OpenLoop,NoFIFO,false,OpenLoop_NoFIFO
17.350047,-1,20,9972.829000,47.094000,332.110324,347.381987,460.000000,819,127.889676,OpenLoop,NoFIFO,false,OpenLoop_NoFIFO
17.360076,-1,20,10028.996000,76.090000,313.215922,342.257078,460.000000,819,146.784078,OpenLoop,NoFIFO,false,OpenLoop_NoFIFO
17.370073,-1,20,9997.329000,73.419000,399.616368,350.860971,460.000000,819,60.383632,OpenLoop,NoFIFO,false,OpenLoop_NoFIFO
17.380071,-1,20,9997.921000,71.340000,335.941233,348.623010,460.000000,819,124.058767,OpenLoop,NoFIFO,false,OpenLoop_NoFIFO
17.390089,-1,20,10017.737000,89.077000,292.816242,340.251995,460.000000,819,167.183758,OpenLoop,NoFIFO,false,OpenLoop_NoFIFO
17.400077,-1,20,9988.014000,77.091000,396.499060,348.689055,460.000000,819,63.500940,OpenLoop,NoFIFO,false,OpenLoop_NoFIFO
17.410074,-1,20,9997.403000,74.494000,337.978369,347.082452,460.000000,819,122.021631,OpenLoop,NoFIFO,false,OpenLoop_NoFIFO
17.420073,-1,20,9998.200000,72.694000,295.956775,339.413601,460.000000,819,164.043225,OpenLoop,NoFIFO,false,OpenLoop_NoFIFO
17.430073,-1,20,9999.996000,72.690000,386.332418,346.451423,460.000000,819,73.667582,OpenLoop,NoFIFO,false,OpenLoop_NoFIFO
17.440071,-1,20,9998.792000,71.482000,351.273954,347.174803,460.000000,819,108.726046,OpenLoop,NoFIFO,false,OpenLoop_NoFIFO
17.450073,-1,20,10001.866000,73.348000,295.554855,339.431810,460.000000,819,164.445145,OpenLoop,NoFIFO,false,OpenLoop_NoFIFO
17.460072,-1,20,9998.311000,71.659000,381.873727,345.798098,460.000000,819,78.126273,OpenLoop,NoFIFO,false,OpenLoop_NoFIFO
17.470072,-1,20,10000.755000,72.414000,354.107649,347.044531,460.000000,819,105.892351,OpenLoop,NoFIFO,false,OpenLoop_NoFIFO
17.480072,-1,20,9999.162000,71.576000,297.776601,339.654341,460.000000,819,162.223399,OpenLoop,NoFIFO,false,OpenLoop_NoFIFO
17.490072,-1,20,10000.274000,71.850000,367.286974,343.799236,460.000000,819,92.713026,OpenLoop,NoFIFO,false,OpenLoop_NoFIFO
17.500072,-1,20,10000.199000,72.049000,364.313472,346.876371,460.000000,819,95.686528,OpenLoop,NoFIFO,false,OpenLoop_NoFIFO
17.510072,-1,20,9999.792000,71.841000,309.844193,341.321545,460.000000,819,150.155807,OpenLoop,NoFIFO,false,OpenLoop_NoFIFO
17.520072,-1,20,9999.718000,71.559000,354.883193,343.355792,460.000000,819,105.116807,OpenLoop,NoFIFO,false,OpenLoop_NoFIFO
17.530073,-1,20,10001.107000,72.666000,380.587926,348.940612,460.000000,819,79.412074,OpenLoop,NoFIFO,false,OpenLoop_NoFIFO
17.540072,-1,20,9999.163000,71.829000,311.807095,343.370584,460.000000,819,148.192905,OpenLoop,NoFIFO,false,OpenLoop_NoFIFO
17.550072,-1,20,10000.199000,72.028000,340.444848,342.931724,460.000000,819,119.555152,OpenLoop,NoFIFO,false,OpenLoop_NoFIFO
17.560071,-1,20,9999.144000,71.172000,385.696654,349.346463,460.000000,819,74.303346,OpenLoop,NoFIFO,false,OpenLoop_NoFIFO
17.570071,-1,20,9999.718000,70.890000,325.219704,345.727450,460.000000,819,134.780296,OpenLoop,NoFIFO,false,OpenLoop_NoFIFO
17.580071,-1,20,10000.533000,71.423000,319.714061,341.825441,460.000000,819,140.285939,OpenLoop,NoFIFO,false,OpenLoop_NoFIFO
17.590082,-1,20,10010.181000,81.604000,394.297378,349.696232,460.000000,819,65.702622,OpenLoop,NoFIFO,false,OpenLoop_NoFIFO
17.600076,-1,20,9993.977000,75.581000,325.671607,346.092538,460.000000,819,134.328393,OpenLoop,NoFIFO,false,OpenLoop_NoFIFO
17.610072,-1,20,9996.477000,72.058000,302.907916,339.614845,460.000000,819,157.092084,OpenLoop,NoFIFO,false,OpenLoop_NoFIFO
17.620071,-1,20,9998.959000,71.017000,391.168289,347.347861,460.000000,819,68.831711,OpenLoop,NoFIFO,false,OpenLoop_NoFIFO
17.630071,-1,20,10000.440000,71.457000,326.742627,344.257076,460.000000,819,133.257373,OpenLoop,NoFIFO,false,OpenLoop_NoFIFO
17.640072,-1,20,10000.348000,71.805000,298.274596,337.359704,460.000000,819,161.725404,OpenLoop,NoFIFO,false,OpenLoop_NoFIFO
17.650072,-1,20,10000.255000,72.060000,392.054365,345.563903,460.000000,819,67.945635,OpenLoop,NoFIFO,false,OpenLoop_NoFIFO
17.660071,-1,20,9999.033000,71.093000,343.322754,345.227731,460.000000,819,116.677246,OpenLoop,NoFIFO,false,OpenLoop_NoFIFO
17.670072,-1,20,10000.440000,71.533000,292.968750,337.388884,460.000000,819,167.031250,OpenLoop,NoFIFO,false,OpenLoop_NoFIFO
17.680070,-1,20,9998.737000,70.270000,391.349722,345.483009,460.000000,819,68.650278,OpenLoop,NoFIFO,false,OpenLoop_NoFIFO
17.690072,-1,20,10001.329000,71.599000,350.000000,346.160558,460.000000,819,110.000000,OpenLoop,NoFIFO,false,OpenLoop_NoFIFO
17.700071,-1,20,9999.699000,71.298000,301.223431,339.419989,460.000000,819,158.776569,OpenLoop,NoFIFO,false,OpenLoop_NoFIFO
17.710072,-1,20,10000.422000,71.720000,383.396381,346.016448,460.000000,819,76.603619,OpenLoop,NoFIFO,false,OpenLoop_NoFIFO
17.720070,-1,20,9998.107000,69.827000,359.574264,348.050120,460.000000,819,100.425736,OpenLoop,NoFIFO,false,OpenLoop_NoFIFO
17.730072,-1,20,10001.718000,71.545000,305.540467,341.673672,460.000000,819,154.459533,OpenLoop,NoFIFO,false,OpenLoop_NoFIFO
17.740070,-1,20,9998.811000,70.356000,363.537865,344.953301,460.000000,819,96.462135,OpenLoop,NoFIFO,false,OpenLoop_NoFIFO
17.750082,-1,20,10011.347000,81.703000,366.784038,348.227912,460.000000,819,93.215962,OpenLoop,NoFIFO,false,OpenLoop_NoFIFO
17.760075,-1,20,9993.644000,75.347000,306.064792,341.903444,460.000000,819,153.935208,OpenLoop,NoFIFO,false,OpenLoop_NoFIFO
17.770073,-1,20,9997.440000,72.787000,354.397681,343.777579,460.000000,819,105.602319,OpenLoop,NoFIFO,false,OpenLoop_NoFIFO
17.780071,-1,20,9997.830000,70.617000,375.563345,348.545444,460.000000,819,84.436655,OpenLoop,NoFIFO,false,OpenLoop_NoFIFO
17.790082,-1,20,10011.736000,82.353000,316.570188,343.749156,460.000000,819,143.429812,OpenLoop,NoFIFO,false,OpenLoop_NoFIFO
17.800075,-1,20,9992.551000,74.904000,334.139511,342.307709,460.000000,819,125.860489,OpenLoop,NoFIFO,false,OpenLoop_NoFIFO
17.810072,-1,20,9997.126000,72.030000,381.827983,348.235750,460.000000,819,78.172017,OpenLoop,NoFIFO,false,OpenLoop_NoFIFO
17.820071,-1,20,9998.792000,70.822000,314.110825,343.117011,460.000000,819,145.889175,OpenLoop,NoFIFO,false,OpenLoop_NoFIFO
17.830073,-1,20,10002.125000,72.947000,321.218796,339.832279,460.000000,819,138.781204,OpenLoop,NoFIFO,false,OpenLoop_NoFIFO
17.840071,-1,20,9998.052000,70.999000,387.196696,346.936942,460.000000,819,72.803304,OpenLoop,NoFIFO,false,OpenLoop_NoFIFO
17.850071,-1,20,9999.644000,70.643000,324.683356,343.598904,460.000000,819,135.316644,OpenLoop,NoFIFO,false,OpenLoop_NoFIFO
17.860072,-1,20,10000.995000,71.638000,311.254980,338.747315,460.000000,819,148.745020,OpenLoop,NoFIFO,false,OpenLoop_NoFIFO
17.870071,-1,20,9999.163000,70.801000,396.499060,347.410077,460.000000,819,63.500940,OpenLoop,NoFIFO,false,OpenLoop_NoFIFO
17.880070,-1,20,9999.570000,70.371000,337.230216,345.883098,460.000000,819,122.769784,OpenLoop,NoFIFO,false,OpenLoop_NoFIFO
17.890072,-1,20,10001.718000,72.089000,302.698339,339.405384,460.000000,819,157.301661,OpenLoop,NoFIFO,false,OpenLoop_NoFIFO
17.900074,-1,20,10002.033000,74.122000,403.399312,349.004473,460.000000,819,56.600688,OpenLoop,NoFIFO,false,OpenLoop_NoFIFO
17.910070,-1,20,9996.107000,70.229000,338.906462,347.489771,460.000000,819,121.093538,OpenLoop,NoFIFO,false,OpenLoop_NoFIFO
17.920069,-1,20,9999.236000,69.465000,297.808132,340.037526,460.000000,819,162.191868,OpenLoop,NoFIFO,false,OpenLoop_NoFIFO
17.930069,-1,20,9999.903000,69.368000,386.644833,347.028622,460.000000,819,73.355167,OpenLoop,NoFIFO,false,OpenLoop_NoFIFO
17.940069,-1,20,9999.700000,69.068000,347.590042,347.112835,460.000000,819,112.409958,OpenLoop,NoFIFO,false,OpenLoop_NoFIFO
17.950070,-1,20,10000.866000,69.934000,296.244531,339.482589,460.000000,819,163.755469,OpenLoop,NoFIFO,false,OpenLoop_NoFIFO
17.960085,-1,20,10015.366000,85.300000,382.653061,345.958160,460.000000,819,77.346939,OpenLoop,NoFIFO,false,OpenLoop_NoFIFO
17.970076,-1,20,9990.422000,75.722000,354.609929,347.255925,460.000000,819,105.390071,OpenLoop,NoFIFO,false,OpenLoop_NoFIFO
17.980072,-1,20,9996.199000,71.921000,302.094522,340.481715,460.000000,819,157.905478,OpenLoop,NoFIFO,false,OpenLoop_NoFIFO
17.990083,-1,20,10011.459000,83.380000,372.197571,345.239093,460.000000,819,87.802429,OpenLoop,NoFIFO,false,OpenLoop_NoFIFO
18.000076,-1,20,9992.977000,76.357000,363.372093,347.959043,460.000000,819,96.627907,OpenLoop,NoFIFO,false,OpenLoop_NoFIFO
18.010073,-1,20,9996.589000,72.946000,309.844193,342.241816,460.000000,819,150.155807,OpenLoop,NoFIFO,false,OpenLoop_NoFIFO
18.020073,-1,20,10000.218000,73.164000,350.000000,343.405543,460.000000,819,110.000000,OpenLoop,NoFIFO,false,OpenLoop_NoFIFO
18.030085,-1,20,10011.514000,84.678000,380.188454,348.922980,460.000000,819,79.811546,OpenLoop,NoFIFO,false,OpenLoop_NoFIFO
18.040076,-1,20,9991.477000,76.155000,310.240811,343.120655,460.000000,819,149.759189,OpenLoop,NoFIFO,false,OpenLoop_NoFIFO
18.050074,-1,20,9997.496000,73.651000,340.364508,342.707233,460.000000,819,119.635492,OpenLoop,NoFIFO,false,OpenLoop_NoFIFO
18.060072,-1,20,9998.200000,71.851000,383.043922,348.757736,460.000000,819,76.956078,OpenLoop,NoFIFO,false,OpenLoop_NoFIFO
18.070072,-1,20,9999.940000,71.791000,318.691725,344.247834,460.000000,819,141.308275,OpenLoop,NoFIFO,false,OpenLoop_NoFIFO
18.080072,-1,20,10000.496000,72.287000,318.744115,340.422277,460.000000,819,141.255885,OpenLoop,NoFIFO,false,OpenLoop_NoFIFO
18.090072,-1,20,10000.014000,72.301000,392.441860,348.225214,460.000000,819,67.558140,OpenLoop,NoFIFO,false,OpenLoop_NoFIFO
18.100073,-1,20,10000.218000,72.519000,321.909667,344.277882,460.000000,819,138.090333,OpenLoop,NoFIFO,false,OpenLoop_NoFIFO
18.110072,-1,20,9999.811000,72.330000,312.054208,339.444331,460.000000,819,147.945792,OpenLoop,NoFIFO,false,OpenLoop_NoFIFO
18.120072,-1,20,9999.588000,71.918000,397.456280,348.146123,460.000000,819,62.543720,OpenLoop,NoFIFO,false,OpenLoop_NoFIFO
18.130072,-1,20,10000.329000,72.247000,331.439394,345.640114,460.000000,819,128.560606,OpenLoop,NoFIFO,false,OpenLoop_NoFIFO
18.140071,-1,20,9998.922000,71.169000,297.776601,338.460587,460.000000,819,162.223399,OpenLoop,NoFIFO,false,OpenLoop_NoFIFO
18.150072,-1,20,10001.273000,72.442000,390.263645,346.231046,460.000000,819,69.736355,OpenLoop,NoFIFO,false,OpenLoop_NoFIFO
18.160071,-1,20,9998.867000,71.309000,340.025907,345.300275,460.000000,819,119.974093,OpenLoop,NoFIFO,false,OpenLoop_NoFIFO
18.170071,-1,20,10000.051000,71.360000,292.968750,337.450546,460.000000,819,167.031250,OpenLoop,NoFIFO,false,OpenLoop_NoFIFO
18.180071,-1,20,9999.977000,71.337000,398.936170,346.673390,460.000000,819,61.063830,OpenLoop,NoFIFO,false,OpenLoop_NoFIFO
18.190082,-1,20,10010.200000,81.537000,350.336323,347.222830,460.000000,819,109.663677,OpenLoop,NoFIFO,false,OpenLoop_NoFIFO
18.200077,-1,20,9995.088000,76.625000,301.032110,340.294222,460.000000,819,158.967890,OpenLoop,NoFIFO,false,OpenLoop_NoFIFO
18.210072,-1,20,9995.681000,72.306000,396.196513,348.679566,460.000000,819,63.803487,OpenLoop,NoFIFO,false,OpenLoop_NoFIFO
18.220072,-1,20,9999.440000,71.746000,359.712230,350.334465,460.000000,819,100.287770,OpenLoop,NoFIFO,false,OpenLoop_NoFIFO
18.230072,-1,20,10000.311000,72.057000,306.840497,343.810370,460.000000,819,153.159503,OpenLoop,NoFIFO,false,OpenLoop_NoFIFO
18.240071,-1,20,9999.051000,71.108000,367.088170,347.302040,460.000000,819,92.911830,OpenLoop,NoFIFO,false,OpenLoop_NoFIFO
18.250072,-1,20,10000.422000,71.530000,369.288340,350.599985,460.000000,819,90.711660,OpenLoop,NoFIFO,false,OpenLoop_NoFIFO
18.260072,-1,20,10000.348000,71.878000,302.870278,343.440529,460.000000,819,157.129722,OpenLoop,NoFIFO,false,OpenLoop_NoFIFO
18.270072,-1,20,10000.532000,72.410000,352.797291,344.844043,460.000000,819,107.202709,OpenLoop,NoFIFO,false,OpenLoop_NoFIFO
18.280072,-1,20,9999.126000,71.536000,371.839365,348.893342,460.000000,819,88.160635,OpenLoop,NoFIFO,false,OpenLoop_NoFIFO
18.290081,-1,20,10009.477000,81.013000,309.170472,342.934911,460.000000,819,150.829528,OpenLoop,NoFIFO,false,OpenLoop_NoFIFO
18.300083,-1,20,10001.737000,82.750000,335.620525,341.837753,460.000000,819,124.379475,OpenLoop,NoFIFO,false,OpenLoop_NoFIFO
18.310075,-1,20,9992.107000,74.857000,383.592471,348.100961,460.000000,819,76.407529,OpenLoop,NoFIFO,false,OpenLoop_NoFIFO
18.320071,-1,20,9996.292000,71.149000,318.104702,343.601522,460.000000,819,141.895298,OpenLoop,NoFIFO,false,OpenLoop_NoFIFO
18.330072,-1,20,10000.681000,71.830000,315.738342,339.422045,460.000000,819,144.261658,OpenLoop,NoFIFO,false,OpenLoop_NoFIFO
18.340072,-1,20,10000.125000,71.955000,391.895030,347.292993,460.000000,819,68.104970,OpenLoop,NoFIFO,false,OpenLoop_NoFIFO
18.350072,-1,20,10000.292000,72.247000,321.230891,343.383678,460.000000,819,138.769109,OpenLoop,NoFIFO,false,OpenLoop_NoFIFO
18.360073,-1,20,10000.255000,72.502000,311.757720,338.639784,460.000000,819,148.242280,OpenLoop,NoFIFO,false,OpenLoop_NoFIFO
18.370073,-1,20,10000.829000,73.331000,393.246644,346.830813,460.000000,819,66.753356,OpenLoop,NoFIFO,false,OpenLoop_NoFIFO
18.380081,-1,20,10007.829000,81.160000,336.473755,345.277254,460.000000,819,123.526245,OpenLoop,NoFIFO,false,OpenLoop_NoFIFO
18.390082,-1,20,10001.107000,82.267000,297.776601,338.152156,460.000000,819,162.223399,OpenLoop,NoFIFO,false,OpenLoop_NoFIFO
18.400076,-1,20,9993.478000,75.745000,401.977132,347.725903,460.000000,819,58.022868,OpenLoop,NoFIFO,false,OpenLoop_NoFIFO
18.410072,-1,20,9996.495000,72.240000,339.018804,346.419838,460.000000,819,120.981196,OpenLoop,NoFIFO,false,OpenLoop_NoFIFO
18.420071,-1,20,9998.681000,70.921000,299.043062,339.313322,460.000000,819,160.956938,OpenLoop,NoFIFO,false,OpenLoop_NoFIFO
18.430072,-1,20,10001.367000,72.288000,394.054736,347.524534,460.000000,819,65.945264,OpenLoop,NoFIFO,false,OpenLoop_NoFIFO
18.440071,-1,20,9998.569000,70.857000,350.411149,347.957526,460.000000,819,109.588851,OpenLoop,NoFIFO,false,OpenLoop_NoFIFO
18.450072,-1,20,10001.496000,72.353000,295.526188,340.092825,460.000000,819,164.473812,OpenLoop,NoFIFO,false,OpenLoop_NoFIFO
18.460072,-1,20,9999.478000,71.831000,384.389351,346.737304,460.000000,819,75.610649,OpenLoop,NoFIFO,false,OpenLoop_NoFIFO
18.470085,-1,20,10013.180000,85.011000,358.886018,348.559611,460.000000,819,101.113982,OpenLoop,NoFIFO,false,OpenLoop_NoFIFO
18.480077,-1,20,9992.218000,77.229000,297.304440,340.871335,460.000000,819,162.695560,OpenLoop,NoFIFO,false,OpenLoop_NoFIFO
18.490072,-1,20,9994.589000,71.818000,364.702517,344.446013,460.000000,819,95.297483,OpenLoop,NoFIFO,false,OpenLoop_NoFIFO
18.500072,-1,20,10000.422000,72.240000,365.598886,347.618944,460.000000,819,94.401114,OpenLoop,NoFIFO,false,OpenLoop_NoFIFO
18.510076,-1,20,10003.662000,75.902000,308.388158,341.734326,460.000000,819,151.611842,OpenLoop,NoFIFO,false,OpenLoop_NoFIFO
18.520072,-1,20,9995.792000,71.694000,345.940959,342.365321,460.000000,819,114.059041,OpenLoop,NoFIFO,false,OpenLoop_NoFIFO
18.530072,-1,20,10000.292000,71.986000,380.188454,348.038791,460.000000,819,79.811546,OpenLoop,NoFIFO,false,OpenLoop_NoFIFO
18.540071,-1,20,9999.311000,71.297000,308.544304,342.114618,460.000000,819,151.455696,OpenLoop,NoFIFO,false,OpenLoop_NoFIFO
18.550074,-1,20,10002.792000,74.089000,341.157205,341.971006,460.000000,819,118.842795,OpenLoop,NoFIFO,false,OpenLoop_NoFIFO
18.560073,-1,20,9998.662000,72.751000,385.273973,348.466451,460.000000,819,74.726027,OpenLoop,NoFIFO,false,OpenLoop_NoFIFO
18.570073,-1,20,10000.274000,73.025000,322.386520,344.554461,460.000000,819,137.613480,OpenLoop,NoFIFO,false,OpenLoop_NoFIFO
18.580071,-1,20,9998.329000,71.354000,321.230891,341.055926,460.000000,819,138.769109,OpenLoop,NoFIFO,false,OpenLoop_NoFIFO
18.590083,-1,20,10011.181000,82.535000,393.687010,348.950588,460.000000,819,66.312990,OpenLoop,NoFIFO,false,OpenLoop_NoFIFO
18.600077,-1,20,9994.311000,76.846000,325.208133,345.389220,460.000000,819,134.791867,OpenLoop,NoFIFO,false,OpenLoop_NoFIFO
18.610072,-1,20,9994.959000,71.805000,310.577378,340.167444,460.000000,819,149.422622,OpenLoop,NoFIFO,false,OpenLoop_NoFIFO
18.620078,-1,20,10005.699000,77.504000,398.300584,348.887415,460.000000,819,61.699416,OpenLoop,NoFIFO,false,OpenLoop_NoFIFO
18.630071,-1,20,9993.792000,71.296000,329.939668,346.045253,460.000000,819,130.060332,OpenLoop,NoFIFO,false,OpenLoop_NoFIFO
18.640071,-1,20,9999.515000,70.811000,298.420666,338.901565,460.000000,819,161.579334,OpenLoop,NoFIFO,false,OpenLoop_NoFIFO
18.650070,-1,20,9998.792000,69.603000,391.200295,346.746374,460.000000,819,68.799705,OpenLoop,NoFIFO,false,OpenLoop_NoFIFO
18.660074,-1,20,10004.051000,73.654000,341.263651,345.923966,460.000000,819,118.736349,OpenLoop,NoFIFO,false,OpenLoop_NoFIFO
18.670071,-1,20,9996.885000,70.539000,292.827967,337.959566,460.000000,819,167.172033,OpenLoop,NoFIFO,false,OpenLoop_NoFIFO
18.680071,-1,20,10000.051000,70.590000,391.440501,345.981706,460.000000,819,68.559499,OpenLoop,NoFIFO,false,OpenLoop_NoFIFO
18.690074,-1,20,10003.348000,73.938000,348.772321,346.400299,460.000000,819,111.227679,OpenLoop,NoFIFO,false,OpenLoop_NoFIFO
18.700072,-1,20,9998.366000,72.304000,297.461660,339.059503,460.000000,819,162.538340,OpenLoop,NoFIFO,false,OpenLoop_NoFIFO
18.710072,-1,20,9999.866000,72.170000,375.176554,344.477060,460.000000,819,84.823446,OpenLoop,NoFIFO,false,OpenLoop_NoFIFO
18.720071,-1,20,9999.292000,71.462000,359.287174,346.698578,460.000000,819,100.712826,OpenLoop,NoFIFO,false,OpenLoop_NoFIFO
18.730072,-1,20,10000.885000,72.347000,309.484510,341.116467,460.000000,819,150.515490,OpenLoop,NoFIFO,false,OpenLoop_NoFIFO
18.740071,-1,20,9999.125000,71.472000,368.923611,345.287539,460.000000,819,91.076389,OpenLoop,NoFIFO,false,OpenLoop_NoFIFO
18.750072,-1,20,10000.848000,72.320000,370.455743,349.062770,460.000000,819,89.544257,OpenLoop,NoFIFO,false,OpenLoop_NoFIFO
18.760071,-1,20,9998.977000,71.297000,306.945744,342.745216,460.000000,819,153.054256,OpenLoop,NoFIFO,false,OpenLoop_NoFIFO
18.770072,-1,20,10000.403000,71.700000,363.372093,345.839247,460.000000,819,96.627907,OpenLoop,NoFIFO,false,OpenLoop_NoFIFO
18.780080,-1,20,10008.367000,80.067000,372.208437,349.794626,460.000000,819,87.791563,OpenLoop,NoFIFO,false,OpenLoop_NoFIFO
18.790082,-1,20,10002.051000,82.118000,313.110163,344.291956,460.000000,819,146.889837,OpenLoop,NoFIFO,false,OpenLoop_NoFIFO
18.800077,-1,20,9994.440000,76.558000,339.870940,343.628804,460.000000,819,120.129060,OpenLoop,NoFIFO,false,OpenLoop_NoFIFO
18.810086,-1,20,10009.774000,86.332000,379.362671,348.988884,460.000000,819,80.637329,OpenLoop,NoFIFO,false,OpenLoop_NoFIFO
18.820077,-1,20,9990.477000,76.809000,313.142343,343.611903,460.000000,819,146.857657,OpenLoop,NoFIFO,false,OpenLoop_NoFIFO
18.830073,-1,20,9995.996000,72.805000,313.464506,339.089793,460.000000,819,146.535494,OpenLoop,NoFIFO,false,OpenLoop_NoFIFO
18.840073,-1,20,10000.496000,73.301000,391.168289,346.901568,460.000000,819,68.831711,OpenLoop,NoFIFO,false,OpenLoop_NoFIFO
18.850073,-1,20,9999.273000,72.574000,323.447452,343.383450,460.000000,819,136.552548,OpenLoop,NoFIFO,false,OpenLoop_NoFIFO
18.860071,-1,20,9998.718000,71.292000,312.797903,338.795618,460.000000,819,147.202097,OpenLoop,NoFIFO,false,OpenLoop_NoFIFO
18.870072,-1,20,10001.033000,72.325000,395.569620,347.311719,460.000000,819,64.430380,OpenLoop,NoFIFO,false,OpenLoop_NoFIFO
18.880072,-1,20,10000.014000,72.339000,338.366218,345.969893,460.000000,819,121.633782,OpenLoop,NoFIFO,false,OpenLoop_NoFIFO
18.890072,-1,20,9999.681000,72.020000,295.896896,338.458944,460.000000,819,164.103104,OpenLoop,NoFIFO,false,OpenLoop_NoFIFO
18.900086,-1,20,10013.885000,85.905000,400.602982,347.780550,460.000000,819,59.397018,OpenLoop,NoFIFO,false,OpenLoop_NoFIFO
18.910073,-1,20,9986.607000,72.512000,344.307450,347.259585,460.000000,819,115.692550,OpenLoop,NoFIFO,false,OpenLoop_NoFIFO
18.920070,-1,20,9997.403000,69.915000,305.260955,340.959790,460.000000,819,154.739045,OpenLoop,NoFIFO,false,OpenLoop_NoFIFO
18.930070,-1,20,9999.718000,69.633000,402.144772,350.137537,460.000000,819,57.855228,OpenLoop,NoFIFO,false,OpenLoop_NoFIFO
18.940070,-1,20,10000.033000,69.666000,351.738369,350.377662,460.000000,819,108.261631,OpenLoop,NoFIFO,false,OpenLoop_NoFIFO
18.950071,-1,20,10001.014000,70.680000,300.320342,342.869064,460.000000,819,159.679658,OpenLoop,NoFIFO,false,OpenLoop_NoFIFO
18.960070,-1,20,9999.348000,70.028000,376.506024,347.914608,460.000000,819,83.493976,OpenLoop,NoFIFO,false,OpenLoop_NoFIFO
18.970071,-1,20,10000.922000,70.950000,354.155424,348.850730,460.000000,819,105.844576,OpenLoop,NoFIFO,false,OpenLoop_NoFIFO
18.980070,-1,20,9998.773000,69.723000,296.244531,340.959800,460.000000,819,163.755469,OpenLoop,NoFIFO,false,OpenLoop_NoFIFO
18.990084,-1,20,10014.718000,84.441000,371.330382,345.515388,460.000000,819,88.669618,OpenLoop,NoFIFO,false,OpenLoop_NoFIFO
19.000076,-1,20,9991.348000,75.789000,358.802624,347.508473,460.000000,819,101.197376,OpenLoop,NoFIFO,false,OpenLoop_NoFIFO
19.010073,-1,20,9996.718000,72.507000,306.515647,341.359549,460.000000,819,153.484353,OpenLoop,NoFIFO,false,OpenLoop_NoFIFO
19.020071,-1,20,9998.903000,71.410000,351.499732,342.880577,460.000000,819,108.500268,OpenLoop,NoFIFO,false,OpenLoop_NoFIFO
19.030084,-1,20,10012.459000,83.869000,376.203852,347.879068,460.000000,819,83.796148,OpenLoop,NoFIFO,false,OpenLoop_NoFIFO
19.040077,-1,20,9993.088000,76.957000,310.283688,342.239761,460.000000,819,149.716312,OpenLoop,NoFIFO,false,OpenLoop_NoFIFO
19.050073,-1,20,9996.126000,73.083000,342.622202,342.297127,460.000000,819,117.377798,OpenLoop,NoFIFO,false,OpenLoop_NoFIFO
19.060071,-1,20,9998.162000,71.245000,378.634895,347.747792,460.000000,819,81.365105,OpenLoop,NoFIFO,false,OpenLoop_NoFIFO
19.070073,-1,20,10001.478000,72.723000,316.722973,343.094069,460.000000,819,143.277027,OpenLoop,NoFIFO,false,OpenLoop_NoFIFO
19.080071,-1,20,9997.847000,70.570000,321.909667,339.916409,460.000000,819,138.090333,OpenLoop,NoFIFO,false,OpenLoop_NoFIFO
19.090072,-1,20,10001.792000,72.362000,392.624477,347.822619,460.000000,819,67.375523,OpenLoop,NoFIFO,false,OpenLoop_NoFIFO
19.100071,-1,20,9999.033000,71.395000,325.173426,344.425240,460.000000,819,134.826574,OpenLoop,NoFIFO,false,OpenLoop_NoFIFO
19.110072,-1,20,10000.274000,71.669000,313.545151,339.793227,460.000000,819,146.454849,OpenLoop,NoFIFO,false,OpenLoop_NoFIFO
19.120071,-1,20,9999.681000,71.350000,403.877221,349.405826,460.000000,819,56.122779,OpenLoop,NoFIFO,false,OpenLoop_NoFIFO
19.130071,-1,20,9999.847000,71.197000,330.260686,346.534055,460.000000,819,129.739314,OpenLoop,NoFIFO,false,OpenLoop_NoFIFO
19.140071,-1,20,10000.181000,71.378000,300.320342,339.601998,460.000000,819,159.679658,OpenLoop,NoFIFO,false,OpenLoop_NoFIFO
19.150073,-1,20,10001.774000,73.152000,390.433611,347.226740,460.000000,819,69.566389,OpenLoop,NoFIFO,false,OpenLoop_NoFIFO
19.160071,-1,20,9997.922000,71.074000,340.202177,346.173055,460.000000,819,119.797823,OpenLoop,NoFIFO,false,OpenLoop_NoFIFO
19.170073,-1,20,10001.699000,72.773000,293.816297,338.319542,460.000000,819,166.183703,OpenLoop,NoFIFO,false,OpenLoop_NoFIFO
19.180070,-1,20,9997.107000,69.880000,391.032325,346.226459,460.000000,819,68.967675,OpenLoop,NoFIFO,false,OpenLoop_NoFIFO
19.190085,-1,20,10015.070000,84.950000,342.278204,345.634221,460.000000,819,117.721796,OpenLoop,NoFIFO,false,OpenLoop_NoFIFO
19.200076,-1,20,9991.274000,76.224000,295.461708,338.108344,460.000000,819,164.538292,OpenLoop,NoFIFO,false,OpenLoop_NoFIFO
19.210075,-1,20,9998.347000,74.571000,384.406657,345.053091,460.000000,819,75.593343,OpenLoop,NoFIFO,false,OpenLoop_NoFIFO
19.220073,-1,20,9998.626000,73.197000,355.691057,346.648786,460.000000,819,104.308943,OpenLoop,NoFIFO,false,OpenLoop_NoFIFO
19.230073,-1,20,10000.181000,73.378000,302.838025,340.077172,460.000000,819,157.161975,OpenLoop,NoFIFO,false,OpenLoop_NoFIFO
19.240072,-1,20,9998.384000,71.762000,372.220752,344.898709,460.000000,819,87.779248,OpenLoop,NoFIFO,false,OpenLoop_NoFIFO
19.250072,-1,20,10000.144000,71.906000,370.736530,348.774382,460.000000,819,89.263470,OpenLoop,NoFIFO,false,OpenLoop_NoFIFO
19.260072,-1,20,10000.237000,72.143000,307.041485,342.514447,460.000000,819,152.958515,OpenLoop,NoFIFO,false,OpenLoop_NoFIFO
19.270074,-1,20,10001.922000,74.065000,356.862965,344.666725,460.000000,819,103.137035,OpenLoop,NoFIFO,false,OpenLoop_NoFIFO
19.280073,-1,20,9999.384000,73.449000,380.273121,350.007684,460.000000,819,79.726879,OpenLoop,NoFIFO,false,OpenLoop_NoFIFO
19.290072,-1,20,9998.515000,71.964000,318.413392,345.268540,460.000000,819,141.586608,OpenLoop,NoFIFO,false,OpenLoop_NoFIFO
19.300072,-1,20,9999.736000,71.700000,343.721357,345.036463,460.000000,819,116.278643,OpenLoop,NoFIFO,false,OpenLoop_NoFIFO
19.310075,-1,20,10002.903000,74.603000,389.758869,351.744824,460.000000,819,70.241131,OpenLoop,NoFIFO,false,OpenLoop_NoFIFO
19.320076,-1,20,10001.200000,75.803000,319.187743,346.861262,460.000000,819,140.812257,OpenLoop,NoFIFO,false,OpenLoop_NoFIFO
19.330085,-1,20,10009.218000,85.021000,323.435190,343.347351,460.000000,819,136.564810,OpenLoop,NoFIFO,false,OpenLoop_NoFIFO
19.340077,-1,20,9992.459000,77.480000,391.584767,350.582963,460.000000,819,68.415233,OpenLoop,NoFIFO,false,OpenLoop_NoFIFO
19.350072,-1,20,9994.273000,71.753000,317.713764,345.652583,460.000000,819,142.286236,OpenLoop,NoFIFO,false,OpenLoop_NoFIFO
19.360072,-1,20,10000.589000,72.342000,312.648880,340.702028,460.000000,819,147.351120,OpenLoop,NoFIFO,false,OpenLoop_NoFIFO
19.370072,-1,20,9999.736000,72.078000,393.907563,348.682858,460.000000,819,66.092437,OpenLoop,NoFIFO,false,OpenLoop_NoFIFO
19.380071,-1,20,9998.681000,70.759000,329.178371,345.757185,460.000000,819,130.821629,OpenLoop,NoFIFO,false,OpenLoop_NoFIFO
19.390082,-1,20,10011.663000,82.422000,290.329392,337.443016,460.000000,819,169.670608,OpenLoop,NoFIFO,false,OpenLoop_NoFIFO
19.400076,-1,20,9994.014000,76.436000,399.502841,346.751990,460.000000,819,60.497159,OpenLoop,NoFIFO,false,OpenLoop_NoFIFO
19.410073,-1,20,9996.274000,72.710000,337.230216,345.323724,460.000000,819,122.769784,OpenLoop,NoFIFO,false,OpenLoop_NoFIFO
19.420072,-1,20,9999.532000,72.242000,299.594395,338.464324,460.000000,819,160.405605,OpenLoop,NoFIFO,false,OpenLoop_NoFIFO
19.430072,-1,20,9999.959000,72.201000,404.053848,348.302753,460.000000,819,55.946152,OpenLoop,NoFIFO,false,OpenLoop_NoFIFO
19.440072,-1,20,9999.589000,71.790000,352.145741,348.879201,460.000000,819,107.854259,OpenLoop,NoFIFO,false,OpenLoop_NoFIFO
19.450072,-1,20,10000.477000,72.267000,298.725438,341.356137,460.000000,819,161.274562,OpenLoop,NoFIFO,false,OpenLoop_NoFIFO
19.460072,-1,20,10000.051000,72.318000,386.457323,348.121315,460.000000,819,73.542677,OpenLoop,NoFIFO,false,OpenLoop_NoFIFO
19.470072,-1,20,9999.829000,72.147000,359.983544,349.900649,460.000000,819,100.016456,OpenLoop,NoFIFO,false,OpenLoop_NoFIFO
19.480071,-1,20,9998.496000,70.643000,298.274596,342.156741,460.000000,819,161.725404,OpenLoop,NoFIFO,false,OpenLoop_NoFIFO
19.490073,-1,20,10001.940000,72.583000,365.497076,345.657791,460.000000,819,94.502924,OpenLoop,NoFIFO,false,OpenLoop_NoFIFO
19.500072,-1,20,9998.959000,71.542000,359.367513,347.714250,460.000000,819,100.632487,OpenLoop,NoFIFO,false,OpenLoop_NoFIFO
19.510073,-1,20,10001.774000,73.316000,302.094522,340.871291,460.000000,819,157.905478,OpenLoop,NoFIFO,false,OpenLoop_NoFIFO
19.520071,-1,20,9997.477000,70.793000,341.820613,341.013689,460.000000,819,118.179387,OpenLoop,NoFIFO,false,OpenLoop_NoFIFO
19.530072,-1,20,10001.533000,72.326000,376.594991,346.350884,460.000000,819,83.405009,OpenLoop,NoFIFO,false,OpenLoop_NoFIFO
19.540071,-1,20,9998.385000,70.711000,309.065934,340.758142,460.000000,819,150.934066,OpenLoop,NoFIFO,false,OpenLoop_NoFIFO
19.550072,-1,20,10001.014000,71.725000,342.309448,340.990837,460.000000,819,117.690552,OpenLoop,NoFIFO,false,OpenLoop_NoFIFO
19.560071,-1,20,9999.255000,70.980000,385.010267,347.593752,460.000000,819,74.989733,OpenLoop,NoFIFO,false,OpenLoop_NoFIFO
19.570072,-1,20,10000.626000,71.606000,317.028986,343.009037,460.000000,819,142.971014,OpenLoop,NoFIFO,false,OpenLoop_NoFIFO
19.580071,-1,20,9999.310000,70.916000,323.447452,340.074799,460.000000,819,136.552548,OpenLoop,NoFIFO,false,OpenLoop_NoFIFO
19.590093,-1,20,10022.255000,93.171000,394.102374,348.178935,460.000000,819,65.897626,OpenLoop,NoFIFO,false,OpenLoop_NoFIFO
19.600076,-1,20,9983.274000,76.445000,331.722918,345.710533,460.000000,819,128.277082,OpenLoop,NoFIFO,false,OpenLoop_NoFIFO
19.610073,-1,20,9996.440000,72.885000,315.020161,341.106977,460.000000,819,144.979839,OpenLoop,NoFIFO,false,OpenLoop_NoFIFO
19.620072,-1,20,9999.051000,71.936000,408.496732,351.215440,460.000000,819,51.503268,OpenLoop,NoFIFO,false,OpenLoop_NoFIFO
19.630075,-1,20,10002.941000,74.877000,333.234597,348.518314,460.000000,819,126.765403,OpenLoop,NoFIFO,false,OpenLoop_NoFIFO
19.640078,-1,20,10003.533000,78.410000,300.480769,341.312682,460.000000,819,159.519231,OpenLoop,NoFIFO,false,OpenLoop_NoFIFO
19.650074,-1,20,9995.699000,74.109000,397.770130,349.781299,460.000000,819,62.229870,OpenLoop,NoFIFO,false,OpenLoop_NoFIFO
19.660072,-1,20,9997.570000,71.679000,344.850236,349.041640,460.000000,819,115.149764,OpenLoop,NoFIFO,false,OpenLoop_NoFIFO
19.670071,-1,20,9998.996000,70.675000,292.574899,340.571629,460.000000,819,167.425101,OpenLoop,NoFIFO,false,OpenLoop_NoFIFO
19.680072,-1,20,10000.829000,71.504000,394.944708,348.727591,460.000000,819,65.055292,OpenLoop,NoFIFO,false,OpenLoop_NoFIFO
19.690072,-1,20,10000.662000,72.166000,348.081683,348.630705,460.000000,819,111.918317,OpenLoop,NoFIFO,false,OpenLoop_NoFIFO
19.700071,-1,20,9999.218000,71.384000,292.207792,340.167268,460.000000,819,167.792208,OpenLoop,NoFIFO,false,OpenLoop_NoFIFO
19.710071,-1,20,9999.885000,71.269000,376.239377,345.578084,460.000000,819,83.760623,OpenLoop,NoFIFO,false,OpenLoop_NoFIFO
19.720072,-1,20,10000.644000,71.913000,359.103677,347.606923,460.000000,819,100.896323,OpenLoop,NoFIFO,false,OpenLoop_NoFIFO
19.730067,-1,20,9995.292000,67.205000,304.687500,341.169010,460.000000,819,155.312500,OpenLoop,NoFIFO,false,OpenLoop_NoFIFO
19.740072,-1,20,10004.755000,71.960000,369.608071,345.434869,460.000000,819,90.391929,OpenLoop,NoFIFO,false,OpenLoop_NoFIFO
19.750072,-1,20,10000.126000,72.086000,368.321111,348.867805,460.000000,819,91.678889,OpenLoop,NoFIFO,false,OpenLoop_NoFIFO
19.760071,-1,20,9999.162000,71.248000,305.451128,342.355303,460.000000,819,154.548872,OpenLoop,NoFIFO,false,OpenLoop_NoFIFO
19.770071,-1,20,9999.903000,71.151000,359.654731,344.950218,460.000000,819,100.345269,OpenLoop,NoFIFO,false,OpenLoop_NoFIFO
19.780075,-1,20,10003.978000,75.129000,377.486973,349.830731,460.000000,819,82.513027,OpenLoop,NoFIFO,false,OpenLoop_NoFIFO
19.790073,-1,20,9997.736000,72.865000,315.902022,344.741425,460.000000,819,144.097978,OpenLoop,NoFIFO,false,OpenLoop_NoFIFO
19.800072,-1,20,9999.144000,72.009000,342.319864,344.378190,460.000000,819,117.680136,OpenLoop,NoFIFO,false,OpenLoop_NoFIFO
19.810072,-1,20,9999.755000,71.764000,388.198758,350.951276,460.000000,819,71.801242,OpenLoop,NoFIFO,false,OpenLoop_NoFIFO
19.820072,-1,20,10000.385000,72.149000,319.032572,346.163470,460.000000,819,140.967428,OpenLoop,NoFIFO,false,OpenLoop_NoFIFO
19.830072,-1,20,9999.422000,71.571000,319.714061,342.196059,460.000000,819,140.285939,OpenLoop,NoFIFO,false,OpenLoop_NoFIFO
19.840084,-1,20,10012.884000,84.455000,391.349722,349.569108,460.000000,819,68.650278,OpenLoop,NoFIFO,false,OpenLoop_NoFIFO
19.850075,-1,20,9990.200000,74.655000,320.892575,345.267628,460.000000,819,139.107425,OpenLoop,NoFIFO,false,OpenLoop_NoFIFO
19.860148,-1,20,10073.440000,148.095000,312.648880,340.374816,460.000000,819,147.351120,OpenLoop,NoFIFO,false,OpenLoop_NoFIFO
19.870078,-1,20,9929.996000,78.091000,395.987328,348.716693,460.000000,819,64.012672,OpenLoop,NoFIFO,false,OpenLoop_NoFIFO
19.880075,-1,20,9996.792000,74.883000,336.262554,346.848572,460.000000,819,123.737446,OpenLoop,NoFIFO,false,OpenLoop_NoFIFO
19.890075,-1,20,9999.663000,74.546000,297.934322,339.511434,460.000000,819,162.065678,OpenLoop,NoFIFO,false,OpenLoop_NoFIFO
19.900080,-1,20,10005.588000,80.134000,400.831354,348.709422,460.000000,819,59.168646,OpenLoop,NoFIFO,false,OpenLoop_NoFIFO
19.910079,-1,20,9998.570000,78.704000,336.857380,346.931616,460.000000,819,123.142620,OpenLoop,NoFIFO,false,OpenLoop_NoFIFO
19.920077,-1,20,9998.273000,76.977000,296.945701,339.433729,460.000000,819,163.054299,OpenLoop,NoFIFO,false,OpenLoop_NoFIFO
19.930075,-1,20,9998.089000,75.066000,391.644909,347.265406,460.000000,819,68.355091,OpenLoop,NoFIFO,false,OpenLoop_NoFIFO
19.940079,-1,20,10004.236000,79.302000,345.176730,346.952104,460.000000,819,114.823270,OpenLoop,NoFIFO,false,OpenLoop_NoFIFO
19.950078,-1,20,9998.367000,77.669000,299.840085,339.885302,460.000000,819,160.159915,OpenLoop,NoFIFO,false,OpenLoop_NoFIFO
19.960077,-1,20,9999.718000,77.387000,381.960163,346.196531,460.000000,819,78.039837,OpenLoop,NoFIFO,false,OpenLoop_NoFIFO
19.970072,-1,20,9994.681000,72.068000,355.691057,347.620710,460.000000,819,104.308943,OpenLoop,NoFIFO,false,OpenLoop_NoFIFO
19.980072,-1,20,9999.607000,71.675000,302.269345,340.818005,460.000000,819,157.730655,OpenLoop,NoFIFO,false,OpenLoop_NoFIFO
19.990072,-1,20,10000.032000,71.707000,374.400958,345.855448,460.000000,819,85.599042,OpenLoop,NoFIFO,false,OpenLoop_NoFIFO
20.000073,-1,20,10000.848000,72.555000,363.759822,348.541104,460.000000,819,96.240178,OpenLoop,NoFIFO,false,OpenLoop_NoFIFO
20.010071,-1,20,9998.570000,71.125000,306.218593,342.192727,460.000000,819,153.781407,OpenLoop,NoFIFO,false,OpenLoop_NoFIFO
20.020072,-1,20,10000.422000,71.547000,355.652504,344.211694,460.000000,819,104.347496,OpenLoop,NoFIFO,false,OpenLoop_NoFIFO
20.030075,-1,20,10003.866000,75.413000,378.024194,349.283569,460.000000,819,81.975806,OpenLoop,NoFIFO,false,OpenLoop_NoFIFO
20.040072,-1,20,9996.274000,71.687000,309.641768,343.337299,460.000000,819,150.358232,OpenLoop,NoFIFO,false,OpenLoop_NoFIFO
20.050072,-1,20,10000.606000,72.293000,339.509899,342.763189,460.000000,819,120.490101,OpenLoop,NoFIFO,false,OpenLoop_NoFIFO
20.060071,-1,20,9999.070000,71.363000,378.922967,348.187155,460.000000,819,81.077033,OpenLoop,NoFIFO,false,OpenLoop_NoFIFO
20.070075,-1,20,10003.274000,74.637000,313.021703,342.912338,460.000000,819,146.978297,OpenLoop,NoFIFO,false,OpenLoop_NoFIFO
20.080074,-1,20,9999.125000,73.762000,324.170124,340.101006,460.000000,819,135.829876,OpenLoop,NoFIFO,false,OpenLoop_NoFIFO
20.090074,-1,20,10000.293000,74.055000,389.610390,347.527413,460.000000,819,70.389610,OpenLoop,NoFIFO,false,OpenLoop_NoFIFO
20.100074,-1,20,9999.847000,73.902000,322.481572,343.770537,460.000000,819,137.518428,OpenLoop,NoFIFO,false,OpenLoop_NoFIFO
20.110074,-1,20,9999.940000,73.842000,305.374593,338.011145,460.000000,819,154.625407,OpenLoop,NoFIFO,false,OpenLoop_NoFIFO
20.120074,-1,20,10000.459000,74.301000,399.526736,347.238484,460.000000,819,60.473264,OpenLoop,NoFIFO,false,OpenLoop_NoFIFO
20.130074,-1,20,9999.552000,73.853000,330.320360,344.700765,460.000000,819,129.679640,OpenLoop,NoFIFO,false,OpenLoop_NoFIFO
20.140074,-1,20,10000.625000,74.478000,309.114461,339.362820,460.000000,819,150.885539,OpenLoop,NoFIFO,false,OpenLoop_NoFIFO
20.150075,-1,20,10000.348000,74.826000,403.877221,349.039980,460.000000,819,56.122779,OpenLoop,NoFIFO,false,OpenLoop_NoFIFO
20.160074,-1,20,9998.995000,73.821000,347.909451,348.870401,460.000000,819,112.090549,OpenLoop,NoFIFO,false,OpenLoop_NoFIFO
20.170074,-1,20,10000.348000,74.169000,297.147385,341.111948,460.000000,819,162.852615,OpenLoop,NoFIFO,false,OpenLoop_NoFIFO
20.180073,-1,20,9999.163000,73.332000,396.185498,349.372981,460.000000,819,63.814502,OpenLoop,NoFIFO,false,OpenLoop_NoFIFO
20.190074,-1,20,10000.218000,73.550000,347.774245,349.133170,460.000000,819,112.225755,OpenLoop,NoFIFO,false,OpenLoop_NoFIFO
20.200076,-1,20,10002.014000,75.564000,298.859735,341.592155,460.000000,819,161.140265,OpenLoop,NoFIFO,false,OpenLoop_NoFIFO
20.210074,-1,20,9998.625000,74.189000,389.812890,348.825265,460.000000,819,70.187110,OpenLoop,NoFIFO,false,OpenLoop_NoFIFO
20.220074,-1,20,9999.756000,73.945000,352.775165,349.417750,460.000000,819,107.224835,OpenLoop,NoFIFO,false,OpenLoop_NoFIFO
20.230073,-1,20,9999.440000,73.385000,300.000000,342.005088,460.000000,819,160.000000,OpenLoop,NoFIFO,false,OpenLoop_NoFIFO
20.240074,-1,20,10000.847000,74.232000,364.785992,345.422223,460.000000,819,95.214008,OpenLoop,NoFIFO,false,OpenLoop_NoFIFO
20.250073,-1,20,9998.922000,73.154000,365.639626,348.454834,460.000000,819,94.360374,OpenLoop,NoFIFO,false,OpenLoop_NoFIFO
20.260074,-1,20,10000.866000,74.020000,302.870278,341.617150,460.000000,819,157.129722,OpenLoop,NoFIFO,false,OpenLoop_NoFIFO
20.270074,-1,20,9999.589000,73.609000,350.860778,343.003695,460.000000,819,109.139222,OpenLoop,NoFIFO,false,OpenLoop_NoFIFO
20.280074,-1,20,10000.310000,73.919000,369.458128,346.971860,460.000000,819,90.541872,OpenLoop,NoFIFO,false,OpenLoop_NoFIFO
20.290073,-1,20,9999.552000,73.471000,311.223187,341.609559,460.000000,819,148.776813,OpenLoop,NoFIFO,false,OpenLoop_NoFIFO
20.300073,-1,20,9999.440000,72.911000,338.203463,341.098644,460.000000,819,121.796537,OpenLoop,NoFIFO,false,OpenLoop_NoFIFO
20.310073,-1,20,10000.385000,73.296000,389.004149,348.284470,460.000000,819,70.995851,OpenLoop,NoFIFO,false,OpenLoop_NoFIFO
20.320073,-1,20,9999.755000,73.051000,318.722681,343.850202,460.000000,819,141.277319,OpenLoop,NoFIFO,false,OpenLoop_NoFIFO
20.330073,-1,20,10000.255000,73.306000,319.714061,340.229781,460.000000,819,140.285939,OpenLoop,NoFIFO,false,OpenLoop_NoFIFO
20.340073,-1,20,9999.570000,72.876000,394.829200,348.419693,460.000000,819,65.170800,OpenLoop,NoFIFO,false,OpenLoop_NoFIFO
20.350073,-1,20,10000.422000,73.298000,321.909667,344.443190,460.000000,819,138.090333,OpenLoop,NoFIFO,false,OpenLoop_NoFIFO
20.360073,-1,20,9999.458000,72.756000,312.351261,339.629400,460.000000,819,147.648739,OpenLoop,NoFIFO,false,OpenLoop_NoFIFO
20.370073,-1,20,10000.570000,73.326000,392.013381,347.486997,460.000000,819,67.986619,OpenLoop,NoFIFO,false,OpenLoop_NoFIFO
20.380073,-1,20,9999.366000,72.692000,330.138847,344.884775,460.000000,819,129.861153,OpenLoop,NoFIFO,false,OpenLoop_NoFIFO
20.390074,-1,20,10001.181000,73.873000,290.847983,336.779256,460.000000,819,169.152017,OpenLoop,NoFIFO,false,OpenLoop_NoFIFO
20.400074,-1,20,10000.404000,74.277000,395.199063,345.542227,460.000000,819,64.800937,OpenLoop,NoFIFO,false,OpenLoop_NoFIFO
20.410077,-1,20,10002.477000,76.754000,337.403599,344.321433,460.000000,819,122.596401,OpenLoop,NoFIFO,false,OpenLoop_NoFIFO
20.420074,-1,20,9997.533000,74.287000,295.956775,337.066734,460.000000,819,164.043225,OpenLoop,NoFIFO,false,OpenLoop_NoFIFO
20.430074,-1,20,9999.977000,74.264000,393.494229,345.530858,460.000000,819,66.505771,OpenLoop,NoFIFO,false,OpenLoop_NoFIFO
20.440074,-1,20,10000.125000,74.389000,348.945409,346.043041,460.000000,819,111.054591,OpenLoop,NoFIFO,false,OpenLoop_NoFIFO
20.450079,-1,20,10004.811000,79.200000,297.304440,338.732251,460.000000,819,162.695560,OpenLoop,NoFIFO,false,OpenLoop_NoFIFO
20.460076,-1,20,9996.551000,75.751000,376.594991,344.411662,460.000000,819,83.405009,OpenLoop,NoFIFO,false,OpenLoop_NoFIFO
20.470073,-1,20,9997.107000,72.858000,363.372093,347.255727,460.000000,819,96.627907,OpenLoop,NoFIFO,false,OpenLoop_NoFIFO
20.480071,-1,20,9998.626000,71.484000,302.719821,340.575341,460.000000,819,157.280179,OpenLoop,NoFIFO,false,OpenLoop_NoFIFO
20.490073,-1,20,10001.273000,72.757000,371.655104,345.237305,460.000000,819,88.344896,OpenLoop,NoFIFO,false,OpenLoop_NoFIFO
20.500072,-1,20,9999.126000,71.883000,371.287129,349.144779,460.000000,819,88.712871,OpenLoop,NoFIFO,false,OpenLoop_NoFIFO
20.510072,-1,20,10000.551000,72.434000,308.968927,343.118401,460.000000,819,151.031073,OpenLoop,NoFIFO,false,OpenLoop_NoFIFO
20.520071,-1,20,9998.107000,70.541000,358.371560,345.406375,460.000000,819,101.628440,OpenLoop,NoFIFO,false,OpenLoop_NoFIFO
20.530074,-1,20,10003.589000,74.130000,381.676799,350.846938,460.000000,819,78.323201,OpenLoop,NoFIFO,false,OpenLoop_NoFIFO
20.540074,-1,20,10000.107000,74.237000,310.753859,344.832977,460.000000,819,149.246141,OpenLoop,NoFIFO,false,OpenLoop_NoFIFO
20.550073,-1,20,9998.866000,73.103000,339.509899,344.034515,460.000000,819,120.490101,OpenLoop,NoFIFO,false,OpenLoop_NoFIFO
20.560068,-1,20,9995.310000,68.413000,378.024194,349.132967,460.000000,819,81.975806,OpenLoop,NoFIFO,false,OpenLoop_NoFIFO
20.570072,-1,20,10004.015000,72.428000,312.024534,343.566702,460.000000,819,147.975466,OpenLoop,NoFIFO,false,OpenLoop_NoFIFO
20.580072,-1,20,9999.662000,72.090000,322.284218,340.374329,460.000000,819,137.715782,OpenLoop,NoFIFO,false,OpenLoop_NoFIFO
20.590073,-1,20,10000.848000,72.938000,388.909224,347.654563,460.000000,819,71.090776,OpenLoop,NoFIFO,false,OpenLoop_NoFIFO
20.600071,-1,20,9998.033000,70.971000,321.400316,343.716426,460.000000,819,138.599684,OpenLoop,NoFIFO,false,OpenLoop_NoFIFO
20.610071,-1,20,9999.681000,70.652000,304.839920,337.884950,460.000000,819,155.160080,OpenLoop,NoFIFO,false,OpenLoop_NoFIFO
20.620070,-1,20,9998.903000,69.555000,401.246224,347.389141,460.000000,819,58.753776,OpenLoop,NoFIFO,false,OpenLoop_NoFIFO
20.630070,-1,20,10000.940000,70.495000,330.604534,344.871450,460.000000,819,129.395466,OpenLoop,NoFIFO,false,OpenLoop_NoFIFO
20.640070,-1,20,9999.329000,69.824000,303.322549,338.639115,460.000000,819,156.677451,OpenLoop,NoFIFO,false,OpenLoop_NoFIFO
20.650071,-1,20,10001.515000,71.339000,404.505076,348.519009,460.000000,819,55.494924,OpenLoop,NoFIFO,false,OpenLoop_NoFIFO
20.660074,-1,20,10002.514000,73.853000,350.860778,348.870275,460.000000,819,109.139222,OpenLoop,NoFIFO,false,OpenLoop_NoFIFO
20.670074,-1,20,9999.663000,73.516000,300.802139,341.660054,460.000000,819,159.197861,OpenLoop,NoFIFO,false,OpenLoop_NoFIFO
20.680071,-1,20,9997.736000,71.252000,393.723752,349.469609,460.000000,819,66.276248,OpenLoop,NoFIFO,false,OpenLoop_NoFIFO
20.690073,-1,20,10001.626000,72.878000,354.107649,350.165315,460.000000,819,105.892351,OpenLoop,NoFIFO,false,OpenLoop_NoFIFO
20.700071,-1,20,9998.588000,71.466000,299.043062,342.496977,460.000000,819,160.956938,OpenLoop,NoFIFO,false,OpenLoop_NoFIFO
20.710072,-1,20,10000.996000,72.462000,382.377639,348.479076,460.000000,819,77.622361,OpenLoop,NoFIFO,false,OpenLoop_NoFIFO
20.720071,-1,20,9998.977000,71.439000,355.113636,349.474260,460.000000,819,104.886364,OpenLoop,NoFIFO,false,OpenLoop_NoFIFO
20.730073,-1,20,10001.440000,72.879000,296.141697,341.474376,460.000000,819,163.858303,OpenLoop,NoFIFO,false,OpenLoop_NoFIFO
20.740071,-1,20,9998.459000,71.338000,368.900839,345.588345,460.000000,819,91.099161,OpenLoop,NoFIFO,false,OpenLoop_NoFIFO
20.750071,-1,20,10000.126000,71.464000,361.794501,348.019269,460.000000,819,98.205499,OpenLoop,NoFIFO,false,OpenLoop_NoFIFO
20.760072,-1,20,10000.366000,71.830000,300.320342,340.864430,460.000000,819,159.679658,OpenLoop,NoFIFO,false,OpenLoop_NoFIFO
20.770073,-1,20,10000.792000,72.622000,354.074214,342.845897,460.000000,819,105.925786,OpenLoop,NoFIFO,false,OpenLoop_NoFIFO
20.780072,-1,20,9999.681000,72.303000,366.592805,346.407933,460.000000,819,93.407195,OpenLoop,NoFIFO,false,OpenLoop_NoFIFO
20.790072,-1,20,9999.700000,72.003000,310.606778,341.037760,460.000000,819,149.393222,OpenLoop,NoFIFO,false,OpenLoop_NoFIFO
20.800072,-1,20,9999.718000,71.721000,334.087171,339.995172,460.000000,819,125.912829,OpenLoop,NoFIFO,false,OpenLoop_NoFIFO
20.810073,-1,20,10000.829000,72.550000,387.020398,347.048956,460.000000,819,72.979602,OpenLoop,NoFIFO,false,OpenLoop_NoFIFO
20.820072,-1,20,9999.496000,72.046000,322.420635,343.354708,460.000000,819,137.579365,OpenLoop,NoFIFO,false,OpenLoop_NoFIFO
20.830072,-1,20,9999.477000,71.523000,325.520833,340.679626,460.000000,819,134.479167,OpenLoop,NoFIFO,false,OpenLoop_NoFIFO
20.840072,-1,20,10000.440000,71.963000,397.456280,349.196124,460.000000,819,62.543720,OpenLoop,NoFIFO,false,OpenLoop_NoFIFO
20.850072,-1,20,10000.126000,72.089000,329.442771,346.233121,460.000000,819,130.557229,OpenLoop,NoFIFO,false,OpenLoop_NoFIFO
20.860071,-1,20,9998.995000,71.084000,307.920667,340.486253,460.000000,819,152.079333,OpenLoop,NoFIFO,false,OpenLoop_NoFIFO
20.870072,-1,20,10001.255000,72.339000,394.644528,348.609994,460.000000,819,65.355472,OpenLoop,NoFIFO,false,OpenLoop_NoFIFO
20.880071,-1,20,9998.182000,70.521000,333.291011,346.312147,460.000000,819,126.708989,OpenLoop,NoFIFO,false,OpenLoop_NoFIFO
20.890071,-1,20,10000.977000,71.498000,292.359667,338.219275,460.000000,819,167.640333,OpenLoop,NoFIFO,false,OpenLoop_NoFIFO
20.900070,-1,20,9998.755000,70.253000,397.058824,347.045207,460.000000,819,62.941176,OpenLoop,NoFIFO,false,OpenLoop_NoFIFO
20.910075,-1,20,10005.125000,75.378000,335.849539,345.365857,460.000000,819,124.150461,OpenLoop,NoFIFO,false,OpenLoop_NoFIFO
20.920078,-1,20,10002.200000,77.578000,297.082196,338.123308,460.000000,819,162.917804,OpenLoop,NoFIFO,false,OpenLoop_NoFIFO
20.930073,-1,20,9995.755000,73.333000,392.917016,346.342364,460.000000,819,67.082984,OpenLoop,NoFIFO,false,OpenLoop_NoFIFO
20.940072,-1,20,9998.514000,71.847000,343.563903,345.925595,460.000000,819,116.436097,OpenLoop,NoFIFO,false,OpenLoop_NoFIFO
20.950072,-1,20,10000.052000,71.899000,299.260012,338.925757,460.000000,819,160.739988,OpenLoop,NoFIFO,false,OpenLoop_NoFIFO
20.960078,-1,20,10005.625000,77.524000,378.363229,344.841378,460.000000,819,81.636771,OpenLoop,NoFIFO,false,OpenLoop_NoFIFO
20.970073,-1,20,9995.533000,73.057000,357.045702,346.672027,460.000000,819,102.954298,OpenLoop,NoFIFO,false,OpenLoop_NoFIFO
20.980071,-1,20,9997.681000,70.738000,301.032110,339.826039,460.000000,819,158.967890,OpenLoop,NoFIFO,false,OpenLoop_NoFIFO
20.990071,-1,20,10000.144000,70.882000,383.592471,346.391004,460.000000,819,76.407529,OpenLoop,NoFIFO,false,OpenLoop_NoFIFO
21.000071,-1,20,10000.292000,71.174000,366.927593,349.471492,460.000000,819,93.072407,OpenLoop,NoFIFO,false,OpenLoop_NoFIFO
21.010070,-1,20,9999.274000,70.448000,313.432260,344.065608,460.000000,819,146.567740,OpenLoop,NoFIFO,false,OpenLoop_NoFIFO
21.020070,-1,20,9999.977000,70.425000,356.328392,345.905025,460.000000,819,103.671608,OpenLoop,NoFIFO,false,OpenLoop_NoFIFO
21.030076,-1,20,10005.125000,75.550000,381.304230,351.214906,460.000000,819,78.695770,OpenLoop,NoFIFO,false,OpenLoop_NoFIFO
21.040071,-1,20,9995.033000,70.583000,312.917223,345.470253,460.000000,819,147.082777,OpenLoop,NoFIFO,false,OpenLoop_NoFIFO
21.050071,-1,20,10000.052000,70.635000,336.711134,344.156386,460.000000,819,123.288866,OpenLoop,NoFIFO,false,OpenLoop_NoFIFO
21.060072,-1,20,10001.551000,72.186000,385.187065,350.310987,460.000000,819,74.812935,OpenLoop,NoFIFO,false,OpenLoop_NoFIFO
21.070071,-1,20,9998.922000,71.108000,317.548202,345.396570,460.000000,819,142.451798,OpenLoop,NoFIFO,false,OpenLoop_NoFIFO
21.080069,-1,20,9998.218000,69.326000,322.534404,341.967245,460.000000,819,137.465596,OpenLoop,NoFIFO,false,OpenLoop_NoFIFO
21.090069,-1,20,10000.088000,69.414000,393.026831,349.626183,460.000000,819,66.973169,OpenLoop,NoFIFO,false,OpenLoop_NoFIFO
21.100070,-1,20,10000.200000,69.614000,328.716690,346.489759,460.000000,819,131.283310,OpenLoop,NoFIFO,false,OpenLoop_NoFIFO
21.110070,-1,20,10000.310000,69.924000,302.582033,339.903600,460.000000,819,157.417967,OpenLoop,NoFIFO,false,OpenLoop_NoFIFO
21.120070,-1,20,10000.385000,70.309000,400.450878,348.985692,460.000000,819,59.549122,OpenLoop,NoFIFO,false,OpenLoop_NoFIFO
21.130071,-1,20,10000.403000,70.712000,328.453453,345.905856,460.000000,819,131.546547,OpenLoop,NoFIFO,false,OpenLoop_NoFIFO
21.140069,-1,20,9998.496000,69.208000,301.820208,339.293009,460.000000,819,158.179792,OpenLoop,NoFIFO,false,OpenLoop_NoFIFO
21.150070,-1,20,10001.274000,70.482000,394.529195,347.578437,460.000000,819,65.470805,OpenLoop,NoFIFO,false,OpenLoop_NoFIFO
21.160069,-1,20,9998.607000,69.089000,338.366218,346.196604,460.000000,819,121.633782,OpenLoop,NoFIFO,false,OpenLoop_NoFIFO
21.170072,-1,20,10002.681000,71.770000,294.811321,338.488811,460.000000,819,165.188679,OpenLoop,NoFIFO,false,OpenLoop_NoFIFO
21.180074,-1,20,10001.810000,73.580000,393.540112,346.746506,460.000000,819,66.459888,OpenLoop,NoFIFO,false,OpenLoop_NoFIFO
21.190079,-1,20,10005.830000,79.410000,350.373732,347.290590,460.000000,819,109.626268,OpenLoop,NoFIFO,false,OpenLoop_NoFIFO
21.200077,-1,20,9997.421000,76.831000,300.007385,340.198109,460.000000,819,159.992615,OpenLoop,NoFIFO,false,OpenLoop_NoFIFO
21.210072,-1,20,9995.589000,72.420000,388.802488,347.488766,460.000000,819,71.197512,OpenLoop,NoFIFO,false,OpenLoop_NoFIFO
21.220072,-1,20,9999.644000,72.064000,362.178868,349.692282,460.000000,819,97.821132,OpenLoop,NoFIFO,false,OpenLoop_NoFIFO
21.230071,-1,20,9999.366000,71.430000,301.032110,342.393256,460.000000,819,158.967890,OpenLoop,NoFIFO,false,OpenLoop_NoFIFO
21.240071,-1,20,9999.736000,71.166000,375.801710,347.404524,460.000000,819,84.198290,OpenLoop,NoFIFO,false,OpenLoop_NoFIFO
21.250072,-1,20,10000.478000,71.644000,366.032211,350.198677,460.000000,819,93.967789,OpenLoop,NoFIFO,false,OpenLoop_NoFIFO
21.260070,-1,20,9997.922000,69.566000,300.963082,342.813338,460.000000,819,159.036918,OpenLoop,NoFIFO,false,OpenLoop_NoFIFO
21.270070,-1,20,10000.792000,70.358000,352.112676,344.208239,460.000000,819,107.887324,OpenLoop,NoFIFO,false,OpenLoop_NoFIFO
21.280070,-1,20,9999.921000,70.279000,373.605207,348.617784,460.000000,819,86.394793,OpenLoop,NoFIFO,false,OpenLoop_NoFIFO
21.290069,-1,20,9998.922000,69.201000,311.461794,343.044385,460.000000,819,148.538206,OpenLoop,NoFIFO,false,OpenLoop_NoFIFO
21.300070,-1,20,10001.292000,70.493000,336.711134,342.094398,460.000000,819,123.288866,OpenLoop,NoFIFO,false,OpenLoop_NoFIFO
21.310092,-1,20,10021.663000,92.156000,386.832524,348.805117,460.000000,819,73.167476,OpenLoop,NoFIFO,false,OpenLoop_NoFIFO
21.320076,-1,20,9983.810000,75.966000,313.787333,343.552449,460.000000,819,146.212667,OpenLoop,NoFIFO,false,OpenLoop_NoFIFO
21.330089,-1,20,10012.829000,88.795000,328.563084,341.304044,460.000000,819,131.436916,OpenLoop,NoFIFO,false,OpenLoop_NoFIFO
21.340075,-1,20,9986.441000,75.236000,393.287887,349.101621,460.000000,819,66.712113,OpenLoop,NoFIFO,false,OpenLoop_NoFIFO
21.350068,-1,20,9993.088000,68.324000,323.914116,345.323495,460.000000,819,136.085884,OpenLoop,NoFIFO,false,OpenLoop_NoFIFO
21.360073,-1,20,10005.126000,73.450000,313.464506,340.544647,460.000000,819,146.535494,OpenLoop,NoFIFO,false,OpenLoop_NoFIFO
21.370072,-1,20,9998.699000,72.149000,400.071124,349.473618,460.000000,819,59.928876,OpenLoop,NoFIFO,false,OpenLoop_NoFIFO
21.380070,-1,20,9997.737000,69.886000,338.165927,347.777465,460.000000,819,121.834073,OpenLoop,NoFIFO,false,OpenLoop_NoFIFO
21.390074,-1,20,10003.996000,73.882000,302.698339,341.015596,460.000000,819,157.301661,OpenLoop,NoFIFO,false,OpenLoop_NoFIFO
21.400068,-1,20,9994.125000,68.007000,408.863520,351.192784,460.000000,819,51.136480,OpenLoop,NoFIFO,false,OpenLoop_NoFIFO
21.410073,-1,20,10005.051000,73.058000,335.620525,348.856945,460.000000,819,124.379475,OpenLoop,NoFIFO,false,OpenLoop_NoFIFO
21.420071,-1,20,9998.367000,71.425000,294.040774,340.634520,460.000000,819,165.959226,OpenLoop,NoFIFO,false,OpenLoop_NoFIFO
21.430073,-1,20,10001.107000,72.532000,393.324284,348.537984,460.000000,819,66.675716,OpenLoop,NoFIFO,false,OpenLoop_NoFIFO
21.440071,-1,20,9998.292000,70.824000,350.000000,348.757287,460.000000,819,110.000000,OpenLoop,NoFIFO,false,OpenLoop_NoFIFO
21.450072,-1,20,10000.995000,71.819000,295.813107,340.815660,460.000000,819,164.186893,OpenLoop,NoFIFO,false,OpenLoop_NoFIFO
21.460071,-1,20,9999.589000,71.408000,379.170880,346.568943,460.000000,819,80.829120,OpenLoop,NoFIFO,false,OpenLoop_NoFIFO
21.470072,-1,20,10000.977000,72.385000,353.940538,347.674682,460.000000,819,106.059462,OpenLoop,NoFIFO,false,OpenLoop_NoFIFO
21.480086,-1,20,10013.811000,86.196000,296.677215,340.025062,460.000000,819,163.322785,OpenLoop,NoFIFO,false,OpenLoop_NoFIFO
21.490077,-1,20,9991.107000,77.303000,367.167102,344.096368,460.000000,819,92.832898,OpenLoop,NoFIFO,false,OpenLoop_NoFIFO
21.500072,-1,20,9994.810000,72.113000,363.372093,346.987727,460.000000,819,96.627907,OpenLoop,NoFIFO,false,OpenLoop_NoFIFO
21.510071,-1,20,9999.293000,71.406000,310.088203,341.452798,460.000000,819,149.911797,OpenLoop,NoFIFO,false,OpenLoop_NoFIFO
21.520070,-1,20,9999.088000,70.494000,355.281857,343.527157,460.000000,819,104.718143,OpenLoop,NoFIFO,false,OpenLoop_NoFIFO
21.530075,-1,20,10004.514000,75.008000,380.672013,349.098885,460.000000,819,79.327987,OpenLoop,NoFIFO,false,OpenLoop_NoFIFO
21.540073,-1,20,9998.478000,73.486000,312.976917,343.680590,460.000000,819,147.023083,OpenLoop,NoFIFO,false,OpenLoop_NoFIFO
21.550074,-1,20,10000.607000,74.093000,343.766370,343.693457,460.000000,819,116.233630,OpenLoop,NoFIFO,false,OpenLoop_NoFIFO
21.560072,-1,20,9997.958000,72.051000,384.592181,349.828266,460.000000,819,75.407819,OpenLoop,NoFIFO,false,OpenLoop_NoFIFO
21.570071,-1,20,9999.163000,71.214000,319.546408,345.285987,460.000000,819,140.453592,OpenLoop,NoFIFO,false,OpenLoop_NoFIFO
21.580070,-1,20,9999.162000,70.376000,321.061644,341.652336,460.000000,819,138.938356,OpenLoop,NoFIFO,false,OpenLoop_NoFIFO
21.590070,-1,20,9999.311000,69.687000,387.396694,348.513989,460.000000,819,72.603306,OpenLoop,NoFIFO,false,OpenLoop_NoFIFO
21.600070,-1,20,9999.903000,69.590000,322.640118,344.632909,460.000000,819,137.359882,OpenLoop,NoFIFO,false,OpenLoop_NoFIFO
21.610075,-1,20,10005.329000,74.919000,296.833773,337.463038,460.000000,819,163.166227,OpenLoop,NoFIFO,false,OpenLoop_NoFIFO
21.620071,-1,20,9995.885000,70.804000,391.713092,345.600546,460.000000,819,68.286908,OpenLoop,NoFIFO,false,OpenLoop_NoFIFO
21.630070,-1,20,9999.626000,70.430000,329.570038,343.195970,460.000000,819,130.429962,OpenLoop,NoFIFO,false,OpenLoop_NoFIFO
21.640069,-1,20,9998.681000,69.111000,301.170262,336.892114,460.000000,819,158.829738,OpenLoop,NoFIFO,false,OpenLoop_NoFIFO
21.650071,-1,20,10002.033000,71.144000,393.081761,345.320561,460.000000,819,66.918239,OpenLoop,NoFIFO,false,OpenLoop_NoFIFO
21.660069,-1,20,9998.310000,69.454000,342.820575,344.945563,460.000000,819,117.179425,OpenLoop,NoFIFO,false,OpenLoop_NoFIFO
21.670071,-1,20,10001.977000,71.431000,295.430672,337.518329,460.000000,819,164.569328,OpenLoop,NoFIFO,false,OpenLoop_NoFIFO
21.680070,-1,20,9998.367000,69.798000,394.275701,346.031935,460.000000,819,65.724299,OpenLoop,NoFIFO,false,OpenLoop_NoFIFO
21.690071,-1,20,10001.218000,71.016000,357.395709,347.736501,460.000000,819,102.604291,OpenLoop,NoFIFO,false,OpenLoop_NoFIFO
21.700074,-1,20,10003.162000,74.178000,303.005818,341.026899,460.000000,819,156.994182,OpenLoop,NoFIFO,false,OpenLoop_NoFIFO
21.710074,-1,20,10000.218000,74.396000,394.736842,349.083390,460.000000,819,65.263158,OpenLoop,NoFIFO,false,OpenLoop_NoFIFO
21.720072,-1,20,9997.459000,71.855000,359.195402,350.600192,460.000000,819,100.804598,OpenLoop,NoFIFO,false,OpenLoop_NoFIFO
21.730085,-1,20,10013.144000,84.999000,305.374593,343.816352,460.000000,819,154.625407,OpenLoop,NoFIFO,false,OpenLoop_NoFIFO
21.740075,-1,20,9990.496000,75.495000,367.901662,347.429149,460.000000,819,92.098338,OpenLoop,NoFIFO,false,OpenLoop_NoFIFO
21.750073,-1,20,9997.311000,72.806000,372.446084,351.181689,460.000000,819,87.553916,OpenLoop,NoFIFO,false,OpenLoop_NoFIFO
21.760072,-1,20,9999.125000,71.931000,306.229585,344.438873,460.000000,819,153.770415,OpenLoop,NoFIFO,false,OpenLoop_NoFIFO
21.770070,-1,20,9998.385000,70.316000,358.166189,346.497971,460.000000,819,101.833811,OpenLoop,NoFIFO,false,OpenLoop_NoFIFO
21.780074,-1,20,10003.292000,73.608000,367.358934,349.627115,460.000000,819,92.641066,OpenLoop,NoFIFO,false,OpenLoop_NoFIFO
21.790073,-1,20,9999.033000,72.641000,308.823529,343.506577,460.000000,819,151.176471,OpenLoop,NoFIFO,false,OpenLoop_NoFIFO
21.800072,-1,20,9999.551000,72.192000,338.972107,342.826407,460.000000,819,121.027893,OpenLoop,NoFIFO,false,OpenLoop_NoFIFO
21.810073,-1,20,10000.922000,73.114000,379.789820,348.370919,460.000000,819,80.210180,OpenLoop,NoFIFO,false,OpenLoop_NoFIFO
21.820071,-1,20,9998.088000,71.202000,316.580369,343.602336,460.000000,819,143.419631,OpenLoop,NoFIFO,false,OpenLoop_NoFIFO
21.830079,-1,20,10007.792000,78.994000,327.491849,341.185763,460.000000,819,132.508151,OpenLoop,NoFIFO,false,OpenLoop_NoFIFO
21.840074,-1,20,9995.274000,74.268000,389.004149,348.358521,460.000000,819,70.995851,OpenLoop,NoFIFO,false,OpenLoop_NoFIFO
21.850072,-1,20,9998.126000,72.394000,323.116691,344.572247,460.000000,819,136.883309,OpenLoop,NoFIFO,false,OpenLoop_NoFIFO
21.860075,-1,20,10002.718000,75.112000,309.013692,339.238463,460.000000,819,150.986308,OpenLoop,NoFIFO,false,OpenLoop_NoFIFO
21.870073,-1,20,9997.625000,72.737000,394.687964,347.555889,460.000000,819,65.312036,OpenLoop,NoFIFO,false,OpenLoop_NoFIFO
21.880072,-1,20,9999.237000,71.974000,337.057011,345.981057,460.000000,819,122.942989,OpenLoop,NoFIFO,false,OpenLoop_NoFIFO
21.890071,-1,20,9998.829000,70.803000,305.801491,339.954122,460.000000,819,154.198509,OpenLoop,NoFIFO,false,OpenLoop_NoFIFO
21.900073,-1,20,10002.366000,73.169000,408.052231,350.168838,460.000000,819,51.947769,OpenLoop,NoFIFO,false,OpenLoop_NoFIFO
21.910084,-1,20,10011.199000,84.368000,342.935528,349.083842,460.000000,819,117.064472,OpenLoop,NoFIFO,false,OpenLoop_NoFIFO
21.920076,-1,20,9991.682000,76.050000,301.932367,342.011121,460.000000,819,158.067633,OpenLoop,NoFIFO,false,OpenLoop_NoFIFO
21.930074,-1,20,9997.866000,73.916000,392.549261,349.591842,460.000000,819,67.450739,OpenLoop,NoFIFO,false,OpenLoop_NoFIFO
21.940071,-1,20,9996.588000,70.504000,350.186766,349.681080,460.000000,819,109.813234,OpenLoop,NoFIFO,false,OpenLoop_NoFIFO
21.950070,-1,20,9999.922000,70.426000,296.141697,341.650173,460.000000,819,163.858303,OpenLoop,NoFIFO,false,OpenLoop_NoFIFO
21.960082,-1,20,10011.329000,81.755000,390.191454,348.931365,460.000000,819,69.808546,OpenLoop,NoFIFO,false,OpenLoop_NoFIFO
21.970075,-1,20,9992.922000,74.677000,356.803045,350.112117,460.000000,819,103.196955,OpenLoop,NoFIFO,false,OpenLoop_NoFIFO
21.980085,-1,20,10009.903000,84.580000,301.521524,342.823528,460.000000,819,158.478476,OpenLoop,NoFIFO,false,OpenLoop_NoFIFO
21.990077,-1,20,9992.107000,76.687000,374.560516,347.584076,460.000000,819,85.439484,OpenLoop,NoFIFO,false,OpenLoop_NoFIFO
22.000076,-1,20,9999.125000,75.812000,361.132512,349.616341,460.000000,819,98.867488,OpenLoop,NoFIFO,false,OpenLoop_NoFIFO
22.010074,-1,20,9997.719000,73.531000,306.205770,343.104756,460.000000,819,153.794230,OpenLoop,NoFIFO,false,OpenLoop_NoFIFO
22.020072,-1,20,9998.384000,71.915000,345.303867,343.434623,460.000000,819,114.696133,OpenLoop,NoFIFO,false,OpenLoop_NoFIFO
22.030072,-1,20,10000.070000,71.985000,375.884434,348.302094,460.000000,819,84.115566,OpenLoop,NoFIFO,false,OpenLoop_NoFIFO
22.040072,-1,20,9999.663000,71.648000,310.601877,342.647062,460.000000,819,149.398123,OpenLoop,NoFIFO,false,OpenLoop_NoFIFO
22.050070,-1,20,9998.144000,69.792000,348.189415,343.478415,460.000000,819,111.810585,OpenLoop,NoFIFO,false,OpenLoop_NoFIFO
22.060073,-1,20,10002.921000,72.713000,388.399793,350.216621,460.000000,819,71.600207,OpenLoop,NoFIFO,false,OpenLoop_NoFIFO
22.070073,-1,20,10000.070000,72.783000,325.682382,346.536486,460.000000,819,134.317618,OpenLoop,NoFIFO,false,OpenLoop_NoFIFO
22.080077,-1,20,10004.589000,77.372000,328.947368,343.898118,460.000000,819,131.052632,OpenLoop,NoFIFO,false,OpenLoop_NoFIFO
22.090072,-1,20,9994.885000,72.257000,398.039461,352.019319,460.000000,819,61.960539,OpenLoop,NoFIFO,false,OpenLoop_NoFIFO
22.100071,-1,20,9998.810000,71.067000,327.961019,348.410574,460.000000,819,132.038981,OpenLoop,NoFIFO,false,OpenLoop_NoFIFO
22.110072,-1,20,10001.126000,72.193000,314.748201,343.361218,460.000000,819,145.251799,OpenLoop,NoFIFO,false,OpenLoop_NoFIFO
22.120076,-1,20,10003.921000,76.114000,399.573788,351.793104,460.000000,819,60.426212,OpenLoop,NoFIFO,false,OpenLoop_NoFIFO
22.130074,-1,20,9997.978000,74.092000,331.774520,348.790316,460.000000,819,128.225480,OpenLoop,NoFIFO,false,OpenLoop_NoFIFO
22.140072,-1,20,9998.162000,72.254000,301.969772,341.767235,460.000000,819,158.030228,OpenLoop,NoFIFO,false,OpenLoop_NoFIFO
22.150072,-1,20,9999.959000,72.213000,390.816577,349.124636,460.000000,819,69.183423,OpenLoop,NoFIFO,false,OpenLoop_NoFIFO
22.160072,-1,20,9999.292000,71.505000,339.147287,347.628034,460.000000,819,120.852713,OpenLoop,NoFIFO,false,OpenLoop_NoFIFO
22.170071,-1,20,9999.792000,71.297000,293.958032,339.577533,460.000000,819,166.041968,OpenLoop,NoFIFO,false,OpenLoop_NoFIFO
22.180071,-1,20,10000.181000,71.478000,400.000000,348.640903,460.000000,819,60.000000,OpenLoop,NoFIFO,false,OpenLoop_NoFIFO
22.190072,-1,20,10000.718000,72.196000,348.999535,348.694698,460.000000,819,111.000465,OpenLoop,NoFIFO,false,OpenLoop_NoFIFO
22.200082,-1,20,10009.496000,81.692000,302.256851,341.729021,460.000000,819,157.743149,OpenLoop,NoFIFO,false,OpenLoop_NoFIFO
22.210077,-1,20,9994.829000,76.521000,386.832524,348.494546,460.000000,819,73.167476,OpenLoop,NoFIFO,false,OpenLoop_NoFIFO
22.220071,-1,20,9994.904000,71.425000,364.691390,350.924073,460.000000,819,95.308610,OpenLoop,NoFIFO,false,OpenLoop_NoFIFO
22.230072,-1,20,10000.644000,72.069000,306.945744,344.327324,460.000000,819,153.054256,OpenLoop,NoFIFO,false,OpenLoop_NoFIFO
22.240081,-1,20,10008.921000,80.990000,373.208599,348.659515,460.000000,819,86.791401,OpenLoop,NoFIFO,false,OpenLoop_NoFIFO
22.250083,-1,20,10001.644000,82.634000,374.962504,352.604963,460.000000,819,85.037496,OpenLoop,NoFIFO,false,OpenLoop_NoFIFO
22.260075,-1,20,9991.978000,74.612000,307.175623,345.790562,460.000000,819,152.824377,OpenLoop,NoFIFO,false,OpenLoop_NoFIFO
22.270097,-1,20,10022.884000,97.496000,355.281857,347.214256,460.000000,819,104.718143,OpenLoop,NoFIFO,false,OpenLoop_NoFIFO
22.280072,-1,20,9974.922000,72.418000,372.393247,350.991105,460.000000,819,87.606753,OpenLoop,NoFIFO,false,OpenLoop_NoFIFO
22.290072,-1,20,9999.181000,71.599000,308.076340,344.553890,460.000000,819,151.923660,OpenLoop,NoFIFO,false,OpenLoop_NoFIFO
22.300072,-1,20,10000.737000,72.336000,337.036238,343.426242,460.000000,819,122.963762,OpenLoop,NoFIFO,false,OpenLoop_NoFIFO
22.310072,-1,20,9999.866000,72.202000,381.552529,349.145185,460.000000,819,78.447471,OpenLoop,NoFIFO,false,OpenLoop_NoFIFO
22.320071,-1,20,9999.033000,71.235000,315.960520,344.167486,460.000000,819,144.039480,OpenLoop,NoFIFO,false,OpenLoop_NoFIFO
22.330078,-1,20,10007.033000,78.268000,318.710774,340.348979,460.000000,819,141.289226,OpenLoop,NoFIFO,false,OpenLoop_NoFIFO
22.340074,-1,20,9995.625000,73.893000,389.542936,347.728072,460.000000,819,70.457064,OpenLoop,NoFIFO,false,OpenLoop_NoFIFO
22.350073,-1,20,9999.033000,72.926000,322.079810,343.880833,460.000000,819,137.920190,OpenLoop,NoFIFO,false,OpenLoop_NoFIFO
22.360072,-1,20,9998.644000,71.570000,313.395415,339.308020,460.000000,819,146.604585,OpenLoop,NoFIFO,false,OpenLoop_NoFIFO
22.370094,-1,20,10022.533000,94.103000,396.405920,347.872705,460.000000,819,63.594080,OpenLoop,NoFIFO,false,OpenLoop_NoFIFO
22.380071,-1,20,9976.607000,70.710000,335.909134,346.078170,460.000000,819,124.090866,OpenLoop,NoFIFO,false,OpenLoop_NoFIFO
22.390073,-1,20,10001.847000,72.557000,300.352413,339.219306,460.000000,819,159.647587,OpenLoop,NoFIFO,false,OpenLoop_NoFIFO
22.400071,-1,20,9998.663000,71.220000,403.901388,348.921619,460.000000,819,56.098612,OpenLoop,NoFIFO,false,OpenLoop_NoFIFO
22.410078,-1,20,10006.829000,78.049000,341.974987,347.879624,460.000000,819,118.025013,OpenLoop,NoFIFO,false,OpenLoop_NoFIFO
22.420082,-1,20,10003.774000,81.823000,298.713235,340.504666,460.000000,819,161.286765,OpenLoop,NoFIFO,false,OpenLoop_NoFIFO
22.430076,-1,20,9994.292000,76.115000,392.054365,348.237120,460.000000,819,67.945635,OpenLoop,NoFIFO,false,OpenLoop_NoFIFO
22.440072,-1,20,9996.088000,72.203000,350.631136,348.596223,460.000000,819,109.368864,OpenLoop,NoFIFO,false,OpenLoop_NoFIFO
22.450072,-1,20,10000.218000,72.421000,292.359667,340.160739,460.000000,819,167.640333,OpenLoop,NoFIFO,false,OpenLoop_NoFIFO
22.460072,-1,20,9999.737000,72.158000,379.464286,346.056271,460.000000,819,80.535714,OpenLoop,NoFIFO,false,OpenLoop_NoFIFO
22.470104,-1,20,10032.162000,104.320000,352.797291,347.067424,460.000000,819,107.202709,OpenLoop,NoFIFO,false,OpenLoop_NoFIFO
22.480072,-1,20,9967.830000,72.150000,296.052632,339.415205,460.000000,819,163.947368,OpenLoop,NoFIFO,false,OpenLoop_NoFIFO
22.490072,-1,20,9999.995000,72.145000,369.231304,343.887620,460.000000,819,90.768696,OpenLoop,NoFIFO,false,OpenLoop_NoFIFO
22.500072,-1,20,9999.552000,71.697000,362.408880,346.665809,460.000000,819,97.591120,OpenLoop,NoFIFO,false,OpenLoop_NoFIFO
22.510074,-1,20,10001.885000,73.582000,305.659059,340.514797,460.000000,819,154.340941,OpenLoop,NoFIFO,false,OpenLoop_NoFIFO
22.520082,-1,20,10008.125000,81.707000,352.822581,342.360964,460.000000,819,107.177419,OpenLoop,NoFIFO,false,OpenLoop_NoFIFO
22.530075,-1,20,9993.033000,74.740000,379.464286,347.926462,460.000000,819,80.535714,OpenLoop,NoFIFO,false,OpenLoop_NoFIFO
22.540073,-1,20,9997.903000,72.643000,309.767690,342.202647,460.000000,819,150.232310,OpenLoop,NoFIFO,false,OpenLoop_NoFIFO
22.550073,-1,20,9999.922000,72.565000,346.913854,342.909328,460.000000,819,113.086146,OpenLoop,NoFIFO,false,OpenLoop_NoFIFO
22.560072,-1,20,9999.311000,71.876000,386.398764,349.432743,460.000000,819,73.601236,OpenLoop,NoFIFO,false,OpenLoop_NoFIFO
22.570097,-1,20,10025.088000,96.964000,324.074074,345.628943,460.000000,819,135.925926,OpenLoop,NoFIFO,false,OpenLoop_NoFIFO
22.580072,-1,20,9974.625000,71.589000,320.554971,341.867847,460.000000,819,139.445029,OpenLoop,NoFIFO,false,OpenLoop_NoFIFO
22.590086,-1,20,10014.848000,86.437000,396.312823,350.034593,460.000000,819,63.687177,OpenLoop,NoFIFO,false,OpenLoop_NoFIFO
22.600078,-1,20,9991.200000,77.637000,324.653703,346.227460,460.000000,819,135.346297,OpenLoop,NoFIFO,false,OpenLoop_NoFIFO
22.610073,-1,20,9995.255000,72.892000,308.388158,340.551565,460.000000,819,151.611842,OpenLoop,NoFIFO,false,OpenLoop_NoFIFO
22.620072,-1,20,9999.459000,72.351000,398.300584,349.213917,460.000000,819,61.699416,OpenLoop,NoFIFO,false,OpenLoop_NoFIFO
22.630073,-1,20,10000.551000,72.902000,331.194065,346.510940,460.000000,819,128.805935,OpenLoop,NoFIFO,false,OpenLoop_NoFIFO
22.640072,-1,20,9999.125000,72.027000,298.566879,339.319331,460.000000,819,161.433121,OpenLoop,NoFIFO,false,OpenLoop_NoFIFO
22.650072,-1,20,9999.885000,71.912000,394.275701,347.562786,460.000000,819,65.724299,OpenLoop,NoFIFO,false,OpenLoop_NoFIFO
22.660070,-1,20,9998.422000,70.334000,343.047569,346.885504,460.000000,819,116.952431,OpenLoop,NoFIFO,false,OpenLoop_NoFIFO
22.670100,-1,20,10029.922000,100.256000,294.099903,338.967664,460.000000,819,165.900097,OpenLoop,NoFIFO,false,OpenLoop_NoFIFO
22.680072,-1,20,9971.755000,72.011000,400.213447,348.154531,460.000000,819,59.786553,OpenLoop,NoFIFO,false,OpenLoop_NoFIFO
22.690074,-1,20,10001.607000,73.618000,349.987556,348.429485,460.000000,819,110.012444,OpenLoop,NoFIFO,false,OpenLoop_NoFIFO
22.700073,-1,20,9999.403000,73.021000,299.447174,341.082138,460.000000,819,160.552826,OpenLoop,NoFIFO,false,OpenLoop_NoFIFO
22.710072,-1,20,9998.755000,71.776000,379.464286,346.839460,460.000000,819,80.535714,OpenLoop,NoFIFO,false,OpenLoop_NoFIFO
22.720072,-1,20,10000.440000,72.216000,353.964401,347.908202,460.000000,819,106.035599,OpenLoop,NoFIFO,false,OpenLoop_NoFIFO
22.730071,-1,20,9999.182000,71.398000,303.322549,341.220354,460.000000,819,156.677451,OpenLoop,NoFIFO,false,OpenLoop_NoFIFO
22.740070,-1,20,9998.866000,70.264000,370.123084,345.555763,460.000000,819,89.876916,OpenLoop,NoFIFO,false,OpenLoop_NoFIFO
22.750072,-1,20,10001.940000,72.204000,364.313472,348.369419,460.000000,819,95.686528,OpenLoop,NoFIFO,false,OpenLoop_NoFIFO
22.760071,-1,20,9998.625000,70.829000,306.680926,342.116145,460.000000,819,153.319074,OpenLoop,NoFIFO,false,OpenLoop_NoFIFO
22.770098,-1,20,10027.200000,98.029000,357.460600,344.417814,460.000000,819,102.539400,OpenLoop,NoFIFO,false,OpenLoop_NoFIFO
22.780081,-1,20,9982.848000,80.877000,374.119718,348.873099,460.000000,819,85.880282,OpenLoop,NoFIFO,false,OpenLoop_NoFIFO
22.790075,-1,20,9994.070000,74.947000,314.773363,343.758139,460.000000,819,145.226637,OpenLoop,NoFIFO,false,OpenLoop_NoFIFO
22.800068,-1,20,9993.014000,67.961000,339.366516,343.099395,460.000000,819,120.633484,OpenLoop,NoFIFO,false,OpenLoop_NoFIFO
22.810072,-1,20,10003.755000,71.716000,385.273973,349.425582,460.000000,819,74.726027,OpenLoop,NoFIFO,false,OpenLoop_NoFIFO
22.820072,-1,20,9999.940000,71.656000,316.570188,344.497273,460.000000,819,143.429812,OpenLoop,NoFIFO,false,OpenLoop_NoFIFO
22.830079,-1,20,10006.941000,78.597000,318.045407,340.529493,460.000000,819,141.954593,OpenLoop,NoFIFO,false,OpenLoop_NoFIFO
22.840074,-1,20,9994.940000,73.537000,391.349722,348.152527,460.000000,819,68.650278,OpenLoop,NoFIFO,false,OpenLoop_NoFIFO
22.850074,-1,20,10000.033000,73.570000,324.965337,344.674449,460.000000,819,135.034663,OpenLoop,NoFIFO,false,OpenLoop_NoFIFO
22.860077,-1,20,10003.570000,77.140000,310.606778,339.564298,460.000000,819,149.393222,OpenLoop,NoFIFO,false,OpenLoop_NoFIFO
22.870093,-1,20,10015.588000,92.728000,395.987328,348.027753,460.000000,819,64.012672,OpenLoop,NoFIFO,false,OpenLoop_NoFIFO
22.880071,-1,20,9977.774000,70.502000,333.076741,345.785101,460.000000,819,126.923259,OpenLoop,NoFIFO,false,OpenLoop_NoFIFO
22.890074,-1,20,10003.218000,73.720000,295.741325,338.278535,460.000000,819,164.258675,OpenLoop,NoFIFO,false,OpenLoop_NoFIFO
22.900072,-1,20,9998.644000,72.364000,400.450878,347.604386,460.000000,819,59.549122,OpenLoop,NoFIFO,false,OpenLoop_NoFIFO
22.910085,-1,20,10012.440000,84.804000,339.106845,346.329755,460.000000,819,120.893155,OpenLoop,NoFIFO,false,OpenLoop_NoFIFO
22.920077,-1,20,9991.700000,76.504000,303.819444,339.953208,460.000000,819,156.180556,OpenLoop,NoFIFO,false,OpenLoop_NoFIFO
22.930074,-1,20,9997.255000,73.759000,397.624854,348.603955,460.000000,819,62.375146,OpenLoop,NoFIFO,false,OpenLoop_NoFIFO
22.940072,-1,20,9998.144000,71.903000,352.311161,349.160036,460.000000,819,107.688839,OpenLoop,NoFIFO,false,OpenLoop_NoFIFO
22.950072,-1,20,10000.236000,72.139000,297.111165,341.352705,460.000000,819,162.888835,OpenLoop,NoFIFO,false,OpenLoop_NoFIFO
22.960081,-1,20,10008.755000,80.894000,394.736842,349.360326,460.000000,819,65.263158,OpenLoop,NoFIFO,false,OpenLoop_NoFIFO
22.970105,-1,20,10023.848000,104.742000,352.941176,349.897454,460.000000,819,107.058824,OpenLoop,NoFIFO,false,OpenLoop_NoFIFO
22.980072,-1,20,9967.496000,72.238000,302.419355,342.775739,460.000000,819,157.580645,OpenLoop,NoFIFO,false,OpenLoop_NoFIFO
22.990073,-1,20,10000.440000,72.678000,372.894244,347.293515,460.000000,819,87.105756,OpenLoop,NoFIFO,false,OpenLoop_NoFIFO
23.000073,-1,20,10000.570000,73.248000,362.569061,349.584846,460.000000,819,97.430939,OpenLoop,NoFIFO,false,OpenLoop_NoFIFO
23.010072,-1,20,9998.681000,71.929000,306.802244,343.167456,460.000000,819,153.197756,OpenLoop,NoFIFO,false,OpenLoop_NoFIFO
23.020075,-1,20,10002.978000,74.907000,351.499732,344.417298,460.000000,819,108.500268,OpenLoop,NoFIFO,false,OpenLoop_NoFIFO
23.030085,-1,20,10010.366000,85.273000,375.530160,349.084227,460.000000,819,84.469840,OpenLoop,NoFIFO,false,OpenLoop_NoFIFO
23.040080,-1,20,9995.199000,80.472000,306.526660,342.700592,460.000000,819,153.473340,OpenLoop,NoFIFO,false,OpenLoop_NoFIFO
23.050075,-1,20,9994.700000,75.172000,343.826406,342.869464,460.000000,819,116.173594,OpenLoop,NoFIFO,false,OpenLoop_NoFIFO
23.060074,-1,20,9998.848000,74.020000,379.452240,348.356880,460.000000,819,80.547760,OpenLoop,NoFIFO,false,OpenLoop_NoFIFO
23.070074,-1,20,10000.384000,74.404000,320.622435,344.196714,460.000000,819,139.377565,OpenLoop,NoFIFO,false,OpenLoop_NoFIFO
23.080074,-1,20,9999.181000,73.585000,325.868984,341.447554,460.000000,819,134.131016,OpenLoop,NoFIFO,false,OpenLoop_NoFIFO
23.090075,-1,20,10001.737000,75.322000,393.173346,349.206423,460.000000,819,66.826654,OpenLoop,NoFIFO,false,OpenLoop_NoFIFO
23.100074,-1,20,9998.255000,73.577000,323.275862,345.316839,460.000000,819,136.724138,OpenLoop,NoFIFO,false,OpenLoop_NoFIFO
23.110074,-1,20,10000.533000,74.110000,316.580369,341.006368,460.000000,819,143.419631,OpenLoop,NoFIFO,false,OpenLoop_NoFIFO
23.120075,-1,20,10000.977000,75.087000,400.641026,349.951567,460.000000,819,59.358974,OpenLoop,NoFIFO,false,OpenLoop_NoFIFO
23.130074,-1,20,9998.718000,73.805000,331.944576,347.250518,460.000000,819,128.055424,OpenLoop,NoFIFO,false,OpenLoop_NoFIFO
23.140074,-1,20,10000.274000,74.079000,302.451877,340.530722,460.000000,819,157.548123,OpenLoop,NoFIFO,false,OpenLoop_NoFIFO
23.150074,-1,20,9999.774000,73.853000,392.441860,348.317393,460.000000,819,67.558140,OpenLoop,NoFIFO,false,OpenLoop_NoFIFO
23.160073,-1,20,9999.495000,73.348000,340.053013,347.077736,460.000000,819,119.946987,OpenLoop,NoFIFO,false,OpenLoop_NoFIFO
23.170076,-1,20,10002.811000,76.159000,291.288241,338.709312,460.000000,819,168.711759,OpenLoop,NoFIFO,false,OpenLoop_NoFIFO
23.180076,-1,20,9999.533000,75.692000,394.883548,347.135447,460.000000,819,65.116452,OpenLoop,NoFIFO,false,OpenLoop_NoFIFO
23.190074,-1,20,9998.274000,73.966000,341.488587,346.288418,460.000000,819,118.511413,OpenLoop,NoFIFO,false,OpenLoop_NoFIFO
23.200076,-1,20,10001.995000,75.961000,297.147385,338.917263,460.000000,819,162.852615,OpenLoop,NoFIFO,false,OpenLoop_NoFIFO
23.210074,-1,20,9998.237000,74.198000,380.152180,345.102501,460.000000,819,79.847820,OpenLoop,NoFIFO,false,OpenLoop_NoFIFO
23.220074,-1,20,9999.459000,73.657000,360.220661,347.370225,460.000000,819,99.779339,OpenLoop,NoFIFO,false,OpenLoop_NoFIFO
23.230077,-1,20,10003.551000,77.208000,302.558783,340.648508,460.000000,819,157.441217,OpenLoop,NoFIFO,false,OpenLoop_NoFIFO
23.240078,-1,20,10000.626000,77.834000,371.434231,345.266367,460.000000,819,88.565769,OpenLoop,NoFIFO,false,OpenLoop_NoFIFO
23.250076,-1,20,9997.792000,75.626000,371.330382,349.175969,460.000000,819,88.669618,OpenLoop,NoFIFO,false,OpenLoop_NoFIFO
23.260074,-1,20,9998.403000,74.029000,306.873977,342.830670,460.000000,819,153.126023,OpenLoop,NoFIFO,false,OpenLoop_NoFIFO
23.270073,-1,20,9999.422000,73.451000,362.051340,345.713771,460.000000,819,97.948660,OpenLoop,NoFIFO,false,OpenLoop_NoFIFO
23.280074,-1,20,10000.866000,74.317000,375.200107,350.136721,460.000000,819,84.799893,OpenLoop,NoFIFO,false,OpenLoop_NoFIFO
23.290076,-1,20,10002.033000,76.350000,314.748201,344.828443,460.000000,819,145.251799,OpenLoop,NoFIFO,false,OpenLoop_NoFIFO
23.300116,-1,20,10040.144000,116.494000,337.577160,343.740751,460.000000,819,122.422840,OpenLoop,NoFIFO,false,OpenLoop_NoFIFO
23.310090,-1,20,9973.551000,90.045000,386.644833,350.176363,460.000000,819,73.355167,OpenLoop,NoFIFO,false,OpenLoop_NoFIFO
23.320073,-1,20,9983.329000,73.374000,313.464506,344.669585,460.000000,819,146.535494,OpenLoop,NoFIFO,false,OpenLoop_NoFIFO
23.330078,-1,20,10005.015000,78.389000,324.234190,341.604275,460.000000,819,135.765810,OpenLoop,NoFIFO,false,OpenLoop_NoFIFO
23.340072,-1,20,9994.014000,72.403000,389.206020,348.744537,460.000000,819,70.793980,OpenLoop,NoFIFO,false,OpenLoop_NoFIFO
23.350073,-1,20,10000.607000,73.010000,323.435190,344.948135,460.000000,819,136.564810,OpenLoop,NoFIFO,false,OpenLoop_NoFIFO
23.360071,-1,20,9998.459000,71.469000,307.299546,339.300847,460.000000,819,152.700454,OpenLoop,NoFIFO,false,OpenLoop_NoFIFO
23.370069,-1,20,9997.237000,68.706000,395.864382,347.785377,460.000000,819,64.135618,OpenLoop,NoFIFO,false,OpenLoop_NoFIFO
23.380078,-1,20,10008.884000,77.590000,330.438066,345.183280,460.000000,819,129.561934,OpenLoop,NoFIFO,false,OpenLoop_NoFIFO
23.390071,-1,20,9993.367000,70.957000,296.966374,337.950744,460.000000,819,163.033626,OpenLoop,NoFIFO,false,OpenLoop_NoFIFO
23.400072,-1,20,10000.662000,71.619000,401.713980,347.515230,460.000000,819,58.286020,OpenLoop,NoFIFO,false,OpenLoop_NoFIFO
23.410070,-1,20,9998.700000,70.319000,339.509899,346.314430,460.000000,819,120.490101,OpenLoop,NoFIFO,false,OpenLoop_NoFIFO
23.420071,-1,20,10000.218000,70.537000,299.889272,339.350656,460.000000,819,160.110728,OpenLoop,NoFIFO,false,OpenLoop_NoFIFO
23.430070,-1,20,9999.421000,69.958000,396.455224,347.916341,460.000000,819,63.544776,OpenLoop,NoFIFO,false,OpenLoop_NoFIFO
23.440070,-1,20,10000.237000,70.195000,353.116211,348.696322,460.000000,819,106.883789,OpenLoop,NoFIFO,false,OpenLoop_NoFIFO
23.450069,-1,20,9999.274000,69.469000,300.214307,341.424020,460.000000,819,159.785693,OpenLoop,NoFIFO,false,OpenLoop_NoFIFO
23.460070,-1,20,10000.662000,70.131000,392.670157,349.110940,460.000000,819,67.329843,OpenLoop,NoFIFO,false,OpenLoop_NoFIFO
23.470070,-1,20,9999.440000,69.571000,360.923965,350.882894,460.000000,819,99.076035,OpenLoop,NoFIFO,false,OpenLoop_NoFIFO
23.480071,-1,20,10001.478000,71.049000,305.208899,344.031795,460.000000,819,154.791101,OpenLoop,NoFIFO,false,OpenLoop_NoFIFO
23.490089,-1,20,10017.792000,88.841000,366.210938,347.358666,460.000000,819,93.789062,OpenLoop,NoFIFO,false,OpenLoop_NoFIFO
23.500076,-1,20,9987.348000,76.189000,363.748060,349.817075,460.000000,819,96.251940,OpenLoop,NoFIFO,false,OpenLoop_NoFIFO
23.510073,-1,20,9996.995000,73.184000,306.989924,343.393003,460.000000,819,153.010076,OpenLoop,NoFIFO,false,OpenLoop_NoFIFO
23.520072,-1,20,9998.867000,72.051000,350.126979,344.403099,460.000000,819,109.873021,OpenLoop,NoFIFO,false,OpenLoop_NoFIFO
23.530074,-1,20,10001.644000,73.695000,378.778876,349.559466,460.000000,819,81.221124,OpenLoop,NoFIFO,false,OpenLoop_NoFIFO
23.540072,-1,20,9998.681000,72.376000,311.117257,343.793134,460.000000,819,148.882743,OpenLoop,NoFIFO,false,OpenLoop_NoFIFO
23.550072,-1,20,10000.070000,72.446000,337.230216,342.808697,460.000000,819,122.769784,OpenLoop,NoFIFO,false,OpenLoop_NoFIFO
23.560073,-1,20,10000.144000,72.590000,383.239653,348.873340,460.000000,819,76.760347,OpenLoop,NoFIFO,false,OpenLoop_NoFIFO
23.570072,-1,20,9998.940000,71.530000,319.498539,344.467120,460.000000,819,140.501461,OpenLoop,NoFIFO,false,OpenLoop_NoFIFO
23.580072,-1,20,10000.848000,72.378000,316.394081,340.256164,460.000000,819,143.605919,OpenLoop,NoFIFO,false,OpenLoop_NoFIFO
23.590071,-1,20,9998.958000,71.336000,393.712945,348.274681,460.000000,819,66.287055,OpenLoop,NoFIFO,false,OpenLoop_NoFIFO
23.600073,-1,20,10001.181000,72.517000,325.069348,344.793881,460.000000,819,134.930652,OpenLoop,NoFIFO,false,OpenLoop_NoFIFO
23.610073,-1,20,10000.237000,72.754000,313.303342,340.070300,460.000000,819,146.696658,OpenLoop,NoFIFO,false,OpenLoop_NoFIFO
23.620072,-1,20,9998.885000,71.639000,401.044288,349.216398,460.000000,819,58.955712,OpenLoop,NoFIFO,false,OpenLoop_NoFIFO
23.630072,-1,20,10000.125000,71.764000,335.506135,347.159859,460.000000,819,124.493865,OpenLoop,NoFIFO,false,OpenLoop_NoFIFO
23.640072,-1,20,9999.959000,71.723000,308.533145,341.365852,460.000000,819,151.466855,OpenLoop,NoFIFO,false,OpenLoop_NoFIFO
23.650072,-1,20,10000.014000,71.737000,402.792696,350.579878,460.000000,819,57.207304,OpenLoop,NoFIFO,false,OpenLoop_NoFIFO
23.660071,-1,20,9999.607000,71.344000,345.515971,349.820292,460.000000,819,114.484029,OpenLoop,NoFIFO,false,OpenLoop_NoFIFO
23.670072,-1,20,10000.422000,71.766000,292.816242,341.269685,460.000000,819,167.183758,OpenLoop,NoFIFO,false,OpenLoop_NoFIFO
23.680072,-1,20,9999.792000,71.558000,392.441860,348.945511,460.000000,819,67.558140,OpenLoop,NoFIFO,false,OpenLoop_NoFIFO
23.690073,-1,20,10001.052000,72.610000,343.586387,348.141643,460.000000,819,116.413613,OpenLoop,NoFIFO,false,OpenLoop_NoFIFO
23.700071,-1,20,9998.403000,71.013000,296.071810,340.331168,460.000000,819,163.928190,OpenLoop,NoFIFO,false,OpenLoop_NoFIFO
23.710079,-1,20,10008.311000,79.324000,385.049800,347.038962,460.000000,819,74.950200,OpenLoop,NoFIFO,false,OpenLoop_NoFIFO
23.720074,-1,20,9994.403000,73.727000,355.293077,348.277080,460.000000,819,104.706923,OpenLoop,NoFIFO,false,OpenLoop_NoFIFO
23.730079,-1,20,10005.496000,79.223000,301.770386,341.301076,460.000000,819,158.229614,OpenLoop,NoFIFO,false,OpenLoop_NoFIFO
23.740076,-1,20,9996.292000,75.515000,364.702517,344.811292,460.000000,819,95.297483,OpenLoop,NoFIFO,false,OpenLoop_NoFIFO
23.750073,-1,20,9997.107000,72.622000,363.748060,347.651807,460.000000,819,96.251940,OpenLoop,NoFIFO,false,OpenLoop_NoFIFO
23.760071,-1,20,9998.829000,71.451000,306.372549,341.459918,460.000000,819,153.627451,OpenLoop,NoFIFO,false,OpenLoop_NoFIFO
23.770072,-1,20,10000.385000,71.836000,364.202468,344.871301,460.000000,819,95.797532,OpenLoop,NoFIFO,false,OpenLoop_NoFIFO
23.780072,-1,20,10000.014000,71.850000,371.434231,348.855740,460.000000,819,88.565769,OpenLoop,NoFIFO,false,OpenLoop_NoFIFO
23.790072,-1,20,9999.663000,71.513000,315.960520,343.921457,460.000000,819,144.039480,OpenLoop,NoFIFO,false,OpenLoop_NoFIFO
23.800073,-1,20,10001.940000,73.453000,342.510438,343.709805,460.000000,819,117.489562,OpenLoop,NoFIFO,false,OpenLoop_NoFIFO
23.810085,-1,20,10011.144000,84.597000,387.396694,350.262838,460.000000,819,72.603306,OpenLoop,NoFIFO,false,OpenLoop_NoFIFO
23.820077,-1,20,9992.311000,76.908000,314.145524,344.845241,460.000000,819,145.854476,OpenLoop,NoFIFO,false,OpenLoop_NoFIFO
23.830079,-1,20,10001.625000,78.533000,324.876238,341.849890,460.000000,819,135.123762,OpenLoop,NoFIFO,false,OpenLoop_NoFIFO
23.840080,-1,20,10001.607000,80.140000,387.596899,348.711942,460.000000,819,72.403101,OpenLoop,NoFIFO,false,OpenLoop_NoFIFO
23.850086,-1,20,10005.514000,85.654000,326.917918,345.442838,460.000000,819,133.082082,OpenLoop,NoFIFO,false,OpenLoop_NoFIFO
23.860072,-1,20,9985.848000,71.502000,308.968927,339.971751,460.000000,819,151.031073,OpenLoop,NoFIFO,false,OpenLoop_NoFIFO
23.870073,-1,20,10001.718000,73.220000,396.312823,348.422912,460.000000,819,63.687177,OpenLoop,NoFIFO,false,OpenLoop_NoFIFO
23.880072,-1,20,9998.607000,71.827000,331.002173,345.809801,460.000000,819,128.997827,OpenLoop,NoFIFO,false,OpenLoop_NoFIFO
23.890073,-1,20,10001.218000,73.045000,302.558783,339.322149,460.000000,819,157.441217,OpenLoop,NoFIFO,false,OpenLoop_NoFIFO
23.900074,-1,20,10000.663000,73.708000,403.442711,348.940233,460.000000,819,56.557289,OpenLoop,NoFIFO,false,OpenLoop_NoFIFO
23.910081,-1,20,10007.681000,81.389000,334.662066,346.798508,460.000000,819,125.337934,OpenLoop,NoFIFO,false,OpenLoop_NoFIFO
23.920080,-1,20,9998.144000,79.533000,297.147385,339.350839,460.000000,819,162.852615,OpenLoop,NoFIFO,false,OpenLoop_NoFIFO
23.930072,-1,20,9992.755000,72.288000,387.962512,346.642590,460.000000,819,72.037488,OpenLoop,NoFIFO,false,OpenLoop_NoFIFO
23.940072,-1,20,9999.496000,71.784000,349.440895,347.062336,460.000000,819,110.559105,OpenLoop,NoFIFO,false,OpenLoop_NoFIFO
23.950073,-1,20,10000.792000,72.576000,297.619048,339.645843,460.000000,819,162.380952,OpenLoop,NoFIFO,false,OpenLoop_NoFIFO
23.960082,-1,20,10009.014000,81.590000,396.405920,348.159854,460.000000,819,63.594080,OpenLoop,NoFIFO,false,OpenLoop_NoFIFO
23.970076,-1,20,9994.107000,75.697000,354.945575,349.177712,460.000000,819,105.054425,OpenLoop,NoFIFO,false,OpenLoop_NoFIFO
23.980074,-1,20,9998.107000,73.804000,303.889789,342.384524,460.000000,819,156.110211,OpenLoop,NoFIFO,false,OpenLoop_NoFIFO
23.990075,-1,20,10000.867000,74.671000,374.084593,347.139534,460.000000,819,85.915407,OpenLoop,NoFIFO,false,OpenLoop_NoFIFO
24.000076,-1,20,10001.495000,76.166000,365.449584,349.886042,460.000000,819,94.550416,OpenLoop,NoFIFO,false,OpenLoop_NoFIFO
24.010068,-1,20,9992.311000,68.477000,307.796242,343.572572,460.000000,819,152.203758,OpenLoop,NoFIFO,false,OpenLoop_NoFIFO
24.020073,-1,20,10004.181000,72.658000,352.267034,344.876741,460.000000,819,107.732966,OpenLoop,NoFIFO,false,OpenLoop_NoFIFO
24.030093,-1,20,10020.088000,92.746000,378.405651,349.906078,460.000000,819,81.594349,OpenLoop,NoFIFO,false,OpenLoop_NoFIFO
24.040082,-1,20,9989.274000,82.020000,307.609793,343.561635,460.000000,819,152.390207,OpenLoop,NoFIFO,false,OpenLoop_NoFIFO
24.050075,-1,20,9993.329000,75.349000,344.194585,343.656577,460.000000,819,115.805415,OpenLoop,NoFIFO,false,OpenLoop_NoFIFO
24.060075,-1,20,9999.459000,74.808000,379.043127,348.964560,460.000000,819,80.956873,OpenLoop,NoFIFO,false,OpenLoop_NoFIFO
24.070074,-1,20,9999.385000,74.193000,316.570188,344.105404,460.000000,819,143.429812,OpenLoop,NoFIFO,false,OpenLoop_NoFIFO
24.080074,-1,20,9999.588000,73.781000,320.386435,340.547559,460.000000,819,139.613565,OpenLoop,NoFIFO,false,OpenLoop_NoFIFO
24.090075,-1,20,10001.070000,74.851000,395.755159,348.828699,460.000000,819,64.244841,OpenLoop,NoFIFO,false,OpenLoop_NoFIFO
24.100078,-1,20,10003.570000,78.421000,323.619225,345.047278,460.000000,819,136.380775,OpenLoop,NoFIFO,false,OpenLoop_NoFIFO
24.110075,-1,20,9996.626000,75.047000,315.626202,340.634116,460.000000,819,144.373798,OpenLoop,NoFIFO,false,OpenLoop_NoFIFO
24.120075,-1,20,10000.236000,75.283000,402.187902,349.867184,460.000000,819,57.812098,OpenLoop,NoFIFO,false,OpenLoop_NoFIFO
24.130074,-1,20,9998.904000,74.187000,333.392603,347.395997,460.000000,819,126.607397,OpenLoop,NoFIFO,false,OpenLoop_NoFIFO
24.140074,-1,20,9999.347000,73.534000,302.744887,340.698331,460.000000,819,157.255113,OpenLoop,NoFIFO,false,OpenLoop_NoFIFO
24.150074,-1,20,10000.404000,73.938000,396.834729,349.118790,460.000000,819,63.165271,OpenLoop,NoFIFO,false,OpenLoop_NoFIFO
24.160073,-1,20,9999.218000,73.156000,343.262894,348.240406,460.000000,819,116.737106,OpenLoop,NoFIFO,false,OpenLoop_NoFIFO
24.170074,-1,20,10001.144000,74.300000,294.668762,340.204659,460.000000,819,165.331238,OpenLoop,NoFIFO,false,OpenLoop_NoFIFO
24.180074,-1,20,9999.477000,73.777000,398.836336,348.999411,460.000000,819,61.163664,OpenLoop,NoFIFO,false,OpenLoop_NoFIFO
24.190074,-1,20,10000.662000,74.439000,346.708580,348.655786,460.000000,819,113.291420,OpenLoop,NoFIFO,false,OpenLoop_NoFIFO
24.200079,-1,20,10004.904000,79.343000,300.160085,341.381431,460.000000,819,159.839915,OpenLoop,NoFIFO,false,OpenLoop_NoFIFO
24.210075,-1,20,9995.422000,74.765000,377.129673,346.743667,460.000000,819,82.870327,OpenLoop,NoFIFO,false,OpenLoop_NoFIFO
24.220073,-1,20,9998.514000,73.279000,362.062307,349.041463,460.000000,819,97.937693,OpenLoop,NoFIFO,false,OpenLoop_NoFIFO
24.230074,-1,20,10000.792000,74.071000,301.521524,341.913472,460.000000,819,158.478476,OpenLoop,NoFIFO,false,OpenLoop_NoFIFO
24.240075,-1,20,10000.440000,74.511000,369.094488,345.990625,460.000000,819,90.905512,OpenLoop,NoFIFO,false,OpenLoop_NoFIFO
24.250074,-1,20,9999.144000,73.655000,365.141188,348.863209,460.000000,819,94.858812,OpenLoop,NoFIFO,false,OpenLoop_NoFIFO
24.260074,-1,20,10000.144000,73.799000,303.725702,342.092583,460.000000,819,156.274298,OpenLoop,NoFIFO,false,OpenLoop_NoFIFO
24.270074,-1,20,10000.404000,74.203000,352.112676,343.595597,460.000000,819,107.887324,OpenLoop,NoFIFO,false,OpenLoop_NoFIFO
24.280074,-1,20,9999.347000,73.550000,369.094488,347.420431,460.000000,819,90.905512,OpenLoop,NoFIFO,false,OpenLoop_NoFIFO
24.290073,-1,20,9999.663000,73.213000,314.597315,342.496963,460.000000,819,145.402685,OpenLoop,NoFIFO,false,OpenLoop_NoFIFO
24.300074,-1,20,10000.885000,74.098000,337.230216,341.706951,460.000000,819,122.769784,OpenLoop,NoFIFO,false,OpenLoop_NoFIFO
24.310074,-1,20,10000.107000,74.205000,387.020398,348.503968,460.000000,819,72.979602,OpenLoop,NoFIFO,false,OpenLoop_NoFIFO
24.320074,-1,20,9999.866000,74.071000,315.738342,343.589124,460.000000,819,144.261658,OpenLoop,NoFIFO,false,OpenLoop_NoFIFO
24.330071,-1,20,9997.107000,71.178000,326.005961,340.951650,460.000000,819,133.994039,OpenLoop,NoFIFO,false,OpenLoop_NoFIFO
24.340072,-1,20,10000.588000,71.766000,394.736842,349.019429,460.000000,819,65.263158,OpenLoop,NoFIFO,false,OpenLoop_NoFIFO
24.350070,-1,20,9998.033000,69.799000,328.870440,345.997080,460.000000,819,131.129560,OpenLoop,NoFIFO,false,OpenLoop_NoFIFO
24.360071,-1,20,10000.737000,70.536000,303.856958,339.676062,460.000000,819,156.143042,OpenLoop,NoFIFO,false,OpenLoop_NoFIFO
24.370074,-1,20,10003.162000,73.698000,396.350056,348.177161,460.000000,819,63.649944,OpenLoop,NoFIFO,false,OpenLoop_NoFIFO
24.380077,-1,20,10003.681000,77.379000,336.114175,346.367713,460.000000,819,123.885825,OpenLoop,NoFIFO,false,OpenLoop_NoFIFO
24.390075,-1,20,9997.385000,74.764000,296.811398,338.934266,460.000000,819,163.188602,OpenLoop,NoFIFO,false,OpenLoop_NoFIFO
24.400079,-1,20,10003.866000,78.630000,397.667020,347.744179,460.000000,819,62.332980,OpenLoop,NoFIFO,false,OpenLoop_NoFIFO
24.410076,-1,20,9997.200000,75.830000,337.230216,346.167085,460.000000,819,122.769784,OpenLoop,NoFIFO,false,OpenLoop_NoFIFO
24.420075,-1,20,9999.107000,74.937000,294.194561,338.371206,460.000000,819,165.805439,OpenLoop,NoFIFO,false,OpenLoop_NoFIFO
24.430076,-1,20,10000.644000,75.581000,385.336074,345.415936,460.000000,819,74.663926,OpenLoop,NoFIFO,false,OpenLoop_NoFIFO
24.440075,-1,20,9999.403000,74.984000,349.639483,346.049468,460.000000,819,110.360517,OpenLoop,NoFIFO,false,OpenLoop_NoFIFO
24.450076,-1,20,10000.551000,75.535000,290.732347,337.751900,460.000000,819,169.267653,OpenLoop,NoFIFO,false,OpenLoop_NoFIFO
24.460072,-1,20,9996.922000,72.457000,391.494989,345.813363,460.000000,819,68.505011,OpenLoop,NoFIFO,false,OpenLoop_NoFIFO
24.470072,-1,20,9999.755000,72.212000,360.057609,347.950000,460.000000,819,99.942391,OpenLoop,NoFIFO,false,OpenLoop_NoFIFO
24.480072,-1,20,9999.774000,71.986000,305.911145,341.644172,460.000000,819,154.088855,OpenLoop,NoFIFO,false,OpenLoop_NoFIFO
24.490072,-1,20,9999.959000,71.945000,373.878365,346.479301,460.000000,819,86.121635,OpenLoop,NoFIFO,false,OpenLoop_NoFIFO
24.500074,-1,20,10002.088000,74.033000,370.553360,350.090410,460.000000,819,89.446640,OpenLoop,NoFIFO,false,OpenLoop_NoFIFO
24.510073,-1,20,9998.885000,72.918000,312.500000,344.451848,460.000000,819,147.500000,OpenLoop,NoFIFO,false,OpenLoop_NoFIFO
24.520072,-1,20,9999.292000,72.210000,352.620361,345.677125,460.000000,819,107.379639,OpenLoop,NoFIFO,false,OpenLoop_NoFIFO
24.530072,-1,20,9999.459000,71.669000,380.551576,350.908293,460.000000,819,79.448424,OpenLoop,NoFIFO,false,OpenLoop_NoFIFO
24.540073,-1,20,10001.477000,73.146000,311.117257,344.939637,460.000000,819,148.882743,OpenLoop,NoFIFO,false,OpenLoop_NoFIFO
24.550072,-1,20,9998.515000,71.661000,334.184886,343.326425,460.000000,819,125.815114,OpenLoop,NoFIFO,false,OpenLoop_NoFIFO
24.560072,-1,20,10000.236000,71.897000,382.194245,349.156598,460.000000,819,77.805755,OpenLoop,NoFIFO,false,OpenLoop_NoFIFO
24.570081,-1,20,10009.089000,80.986000,317.052549,344.340990,460.000000,819,142.947451,OpenLoop,NoFIFO,false,OpenLoop_NoFIFO
24.580077,-1,20,9996.292000,77.278000,313.625836,339.733717,460.000000,819,146.374164,OpenLoop,NoFIFO,false,OpenLoop_NoFIFO
24.590073,-1,20,9995.514000,72.792000,391.895030,347.557914,460.000000,819,68.104970,OpenLoop,NoFIFO,false,OpenLoop_NoFIFO
24.600080,-1,20,10007.070000,79.862000,324.308143,344.070448,460.000000,819,135.691857,OpenLoop,NoFIFO,false,OpenLoop_NoFIFO
24.610075,-1,20,9995.607000,75.469000,309.697971,338.914577,460.000000,819,150.302029,OpenLoop,NoFIFO,false,OpenLoop_NoFIFO
24.620071,-1,20,9995.718000,71.187000,395.152792,347.350309,460.000000,819,64.847208,OpenLoop,NoFIFO,false,OpenLoop_NoFIFO
24.630072,-1,20,10001.126000,72.313000,332.919034,345.185618,460.000000,819,127.080966,OpenLoop,NoFIFO,false,OpenLoop_NoFIFO
24.640072,-1,20,10000.070000,72.383000,302.419355,338.770678,460.000000,819,157.580645,OpenLoop,NoFIFO,false,OpenLoop_NoFIFO
24.650072,-1,20,9999.255000,71.638000,400.071124,347.965745,460.000000,819,59.928876,OpenLoop,NoFIFO,false,OpenLoop_NoFIFO
24.660071,-1,20,9999.625000,71.263000,343.994618,347.370076,460.000000,819,116.005382,OpenLoop,NoFIFO,false,OpenLoop_NoFIFO
24.670073,-1,20,10001.737000,73.000000,297.776601,339.931055,460.000000,819,162.223399,OpenLoop,NoFIFO,false,OpenLoop_NoFIFO
24.680072,-1,20,9999.236000,72.236000,397.620170,348.584422,460.000000,819,62.379830,OpenLoop,NoFIFO,false,OpenLoop_NoFIFO
24.690072,-1,20,9999.330000,71.566000,348.883573,348.629295,460.000000,819,111.116427,OpenLoop,NoFIFO,false,OpenLoop_NoFIFO
24.700070,-1,20,9998.033000,69.599000,301.308540,341.531182,460.000000,819,158.691460,OpenLoop,NoFIFO,false,OpenLoop_NoFIFO
24.710071,-1,20,10000.940000,70.539000,389.327243,348.700591,460.000000,819,70.672757,OpenLoop,NoFIFO,false,OpenLoop_NoFIFO
24.720069,-1,20,9998.792000,69.331000,355.113636,349.662548,460.000000,819,104.886364,OpenLoop,NoFIFO,false,OpenLoop_NoFIFO
24.730070,-1,20,10001.144000,70.475000,298.884166,342.045790,460.000000,819,161.115834,OpenLoop,NoFIFO,false,OpenLoop_NoFIFO
24.740069,-1,20,9998.959000,69.434000,368.582331,346.026271,460.000000,819,91.417669,OpenLoop,NoFIFO,false,OpenLoop_NoFIFO
24.750070,-1,20,10000.681000,70.115000,362.569061,348.507690,460.000000,819,97.430939,OpenLoop,NoFIFO,false,OpenLoop_NoFIFO
24.760069,-1,20,9999.033000,69.148000,304.524362,341.910191,460.000000,819,155.475638,OpenLoop,NoFIFO,false,OpenLoop_NoFIFO
24.770071,-1,20,10001.644000,70.792000,352.065451,343.433480,460.000000,819,107.934549,OpenLoop,NoFIFO,false,OpenLoop_NoFIFO
24.780069,-1,20,9998.348000,69.140000,372.197571,347.748093,460.000000,819,87.802429,OpenLoop,NoFIFO,false,OpenLoop_NoFIFO
24.790071,-1,20,10001.847000,70.987000,312.500000,342.460879,460.000000,819,147.500000,OpenLoop,NoFIFO,false,OpenLoop_NoFIFO
24.800076,-1,20,10004.904000,75.891000,332.604068,340.982358,460.000000,819,127.395932,OpenLoop,NoFIFO,false,OpenLoop_NoFIFO
24.810048,-1,20,9972.551000,48.442000,390.625000,348.428754,460.000000,819,69.375000,OpenLoop,NoFIFO,false,OpenLoop_NoFIFO
24.820076,-1,20,10027.551000,75.993000,319.809942,344.135932,460.000000,819,140.190058,OpenLoop,NoFIFO,false,OpenLoop_NoFIFO
24.830079,-1,20,10002.885000,78.878000,329.486879,341.938574,460.000000,819,130.513121,OpenLoop,NoFIFO,false,OpenLoop_NoFIFO
24.840072,-1,20,9993.515000,72.393000,393.081761,349.610052,460.000000,819,66.918239,OpenLoop,NoFIFO,false,OpenLoop_NoFIFO
24.850084,-1,20,10011.292000,83.685000,328.225656,346.402393,460.000000,819,131.774344,OpenLoop,NoFIFO,false,OpenLoop_NoFIFO
24.860075,-1,20,9991.644000,75.329000,310.636183,341.037461,460.000000,819,149.363817,OpenLoop,NoFIFO,false,OpenLoop_NoFIFO
24.870073,-1,20,9997.755000,73.084000,399.881517,349.864070,460.000000,819,60.118483,OpenLoop,NoFIFO,false,OpenLoop_NoFIFO
24.880074,-1,20,10001.144000,74.228000,333.291011,347.378111,460.000000,819,126.708989,OpenLoop,NoFIFO,false,OpenLoop_NoFIFO
24.890074,-1,20,9999.385000,73.613000,300.925926,340.410283,460.000000,819,159.074074,OpenLoop,NoFIFO,false,OpenLoop_NoFIFO
24.900075,-1,20,10000.995000,74.608000,399.436090,349.264154,460.000000,819,60.563910,OpenLoop,NoFIFO,false,OpenLoop_NoFIFO
24.910044,-1,20,9969.145000,43.753000,336.485367,347.347336,460.000000,819,123.514633,OpenLoop,NoFIFO,false,OpenLoop_NoFIFO
24.920077,-1,20,10032.921000,76.674000,297.349343,339.847637,460.000000,819,162.650657,OpenLoop,NoFIFO,false,OpenLoop_NoFIFO
24.930081,-1,20,10004.015000,80.689000,393.287887,347.863675,460.000000,819,66.712113,OpenLoop,NoFIFO,false,OpenLoop_NoFIFO
24.940076,-1,20,9995.181000,75.870000,347.393775,347.793190,460.000000,819,112.606225,OpenLoop,NoFIFO,false,OpenLoop_NoFIFO
24.950087,-1,20,10010.866000,86.736000,295.120672,339.892312,460.000000,819,164.879328,OpenLoop,NoFIFO,false,OpenLoop_NoFIFO
24.960082,-1,20,9995.403000,82.139000,383.481713,346.430722,460.000000,819,76.518287,OpenLoop,NoFIFO,false,OpenLoop_NoFIFO
24.970076,-1,20,9993.811000,75.950000,353.684608,347.518805,460.000000,819,106.315392,OpenLoop,NoFIFO,false,OpenLoop_NoFIFO
24.980076,-1,20,9999.718000,75.668000,303.624813,340.934706,460.000000,819,156.375187,OpenLoop,NoFIFO,false,OpenLoop_NoFIFO
24.990076,-1,20,10000.755000,76.423000,372.417903,345.657186,460.000000,819,87.582097,OpenLoop,NoFIFO,false,OpenLoop_NoFIFO
25.000073,-1,20,9996.422000,72.845000,372.023810,349.612179,460.000000,819,87.976190,OpenLoop,NoFIFO,false,OpenLoop_NoFIFO
25.010073,-1,20,10000.088000,72.933000,308.533145,343.450324,460.000000,819,151.466855,OpenLoop,NoFIFO,false,OpenLoop_NoFIFO
25.020071,-1,20,9998.200000,71.133000,360.181120,345.959943,460.000000,819,99.818880,OpenLoop,NoFIFO,false,OpenLoop_NoFIFO
25.030071,-1,20,10000.181000,71.314000,380.915392,351.203261,460.000000,819,79.084608,OpenLoop,NoFIFO,false,OpenLoop_NoFIFO
25.040081,-1,20,10009.292000,80.606000,310.588685,345.111074,460.000000,819,149.411315,OpenLoop,NoFIFO,false,OpenLoop_NoFIFO
25.050076,-1,20,9995.107000,75.713000,338.447653,344.111561,460.000000,819,121.552347,OpenLoop,NoFIFO,false,OpenLoop_NoFIFO
25.060073,-1,20,9997.718000,73.431000,380.915392,349.632136,460.000000,819,79.084608,OpenLoop,NoFIFO,false,OpenLoop_NoFIFO
25.070069,-1,20,9995.274000,68.705000,314.434985,344.352563,460.000000,819,145.565015,OpenLoop,NoFIFO,false,OpenLoop_NoFIFO
25.080073,-1,20,10004.496000,73.201000,318.258972,340.438524,460.000000,819,141.741028,OpenLoop,NoFIFO,false,OpenLoop_NoFIFO
25.090073,-1,20,9999.940000,73.141000,389.099121,347.737614,460.000000,819,70.900879,OpenLoop,NoFIFO,false,OpenLoop_NoFIFO
25.100068,-1,20,9994.681000,67.822000,316.887676,343.110123,460.000000,819,143.112324,OpenLoop,NoFIFO,false,OpenLoop_NoFIFO
25.110073,-1,20,10005.533000,73.355000,311.905894,338.429489,460.000000,819,148.094106,OpenLoop,NoFIFO,false,OpenLoop_NoFIFO
25.120076,-1,20,10002.588000,75.943000,394.736842,346.875592,460.000000,819,65.263158,OpenLoop,NoFIFO,false,OpenLoop_NoFIFO
25.130069,-1,20,9993.311000,69.254000,328.453453,344.112271,460.000000,819,131.546547,OpenLoop,NoFIFO,false,OpenLoop_NoFIFO
25.140073,-1,20,10004.200000,73.454000,299.361362,337.399635,460.000000,819,160.638638,OpenLoop,NoFIFO,false,OpenLoop_NoFIFO
25.150073,-1,20,9999.329000,72.783000,395.014045,346.041796,460.000000,819,64.985955,OpenLoop,NoFIFO,false,OpenLoop_NoFIFO
25.160074,-1,20,10001.199000,73.982000,346.488912,346.108864,460.000000,819,113.511088,OpenLoop,NoFIFO,false,OpenLoop_NoFIFO
25.170072,-1,20,9997.941000,71.923000,301.308540,339.388815,460.000000,819,158.691460,OpenLoop,NoFIFO,false,OpenLoop_NoFIFO
25.180072,-1,20,9999.940000,71.863000,408.274360,349.721647,460.000000,819,51.725640,OpenLoop,NoFIFO,false,OpenLoop_NoFIFO
25.190072,-1,20,10000.033000,71.896000,351.452671,349.981301,460.000000,819,108.547329,OpenLoop,NoFIFO,false,OpenLoop_NoFIFO
25.200082,-1,20,10010.422000,82.318000,302.419355,342.847009,460.000000,819,157.580645,OpenLoop,NoFIFO,false,OpenLoop_NoFIFO
25.210082,-1,20,9999.940000,82.258000,382.011026,348.721611,460.000000,819,77.988974,OpenLoop,NoFIFO,false,OpenLoop_NoFIFO
25.220072,-1,20,9989.848000,72.106000,362.248841,350.750696,460.000000,819,97.751159,OpenLoop,NoFIFO,false,OpenLoop_NoFIFO
25.230073,-1,20,10001.199000,73.305000,301.074605,343.299282,460.000000,819,158.925395,OpenLoop,NoFIFO,false,OpenLoop_NoFIFO
25.240081,-1,20,10007.885000,81.190000,366.975470,346.850710,460.000000,819,93.024530,OpenLoop,NoFIFO,false,OpenLoop_NoFIFO
25.250075,-1,20,9993.644000,74.834000,365.036647,349.578601,460.000000,819,94.963353,OpenLoop,NoFIFO,false,OpenLoop_NoFIFO
25.260072,-1,20,9996.866000,71.700000,299.043062,341.998270,460.000000,819,160.956938,OpenLoop,NoFIFO,false,OpenLoop_NoFIFO
25.270072,-1,20,10000.163000,71.863000,351.617440,343.441145,460.000000,819,108.382560,OpenLoop,NoFIFO,false,OpenLoop_NoFIFO
25.280080,-1,20,10007.718000,79.581000,369.510135,347.351494,460.000000,819,90.489865,OpenLoop,NoFIFO,false,OpenLoop_NoFIFO
25.290076,-1,20,9996.273000,75.854000,310.283688,341.791323,460.000000,819,149.716312,OpenLoop,NoFIFO,false,OpenLoop_NoFIFO
25.300069,-1,20,9993.256000,69.110000,331.272085,340.213437,460.000000,819,128.727915,OpenLoop,NoFIFO,false,OpenLoop_NoFIFO
25.310073,-1,20,10003.718000,72.828000,386.644833,347.178147,460.000000,819,73.355167,OpenLoop,NoFIFO,false,OpenLoop_NoFIFO
25.320073,-1,20,9999.699000,72.527000,315.902022,342.486728,460.000000,819,144.097978,OpenLoop,NoFIFO,false,OpenLoop_NoFIFO
25.330078,-1,20,10005.070000,77.597000,325.844091,339.990332,460.000000,819,134.155909,OpenLoop,NoFIFO,false,OpenLoop_NoFIFO
25.340071,-1,20,9993.552000,71.149000,398.039461,348.697702,460.000000,819,61.960539,OpenLoop,NoFIFO,false,OpenLoop_NoFIFO
25.350073,-1,20,10002.255000,73.404000,333.121827,346.361320,460.000000,819,126.878173,OpenLoop,NoFIFO,false,OpenLoop_NoFIFO
25.360073,-1,20,9999.236000,72.640000,319.893085,342.391085,460.000000,819,140.106915,OpenLoop,NoFIFO,false,OpenLoop_NoFIFO
25.370073,-1,20,9999.978000,72.618000,399.148483,350.904695,460.000000,819,60.851517,OpenLoop,NoFIFO,false,OpenLoop_NoFIFO
25.380073,-1,20,10000.070000,72.688000,334.312001,348.415791,460.000000,819,125.687999,OpenLoop,NoFIFO,false,OpenLoop_NoFIFO
25.390072,-1,20,9999.144000,71.832000,299.233961,341.038516,460.000000,819,160.766039,OpenLoop,NoFIFO,false,OpenLoop_NoFIFO
25.400073,-1,20,10001.273000,73.105000,395.864382,349.262396,460.000000,819,64.135618,OpenLoop,NoFIFO,false,OpenLoop_NoFIFO
25.410072,-1,20,9999.163000,72.268000,340.025907,347.876923,460.000000,819,119.974093,OpenLoop,NoFIFO,false,OpenLoop_NoFIFO
25.420077,-1,20,10004.755000,77.023000,297.256098,340.283799,460.000000,819,162.743902,OpenLoop,NoFIFO,false,OpenLoop_NoFIFO
25.430074,-1,20,9997.348000,74.371000,389.004149,347.591851,460.000000,819,70.995851,OpenLoop,NoFIFO,false,OpenLoop_NoFIFO
25.440072,-1,20,9997.940000,72.311000,351.617440,348.195690,460.000000,819,108.382560,OpenLoop,NoFIFO,false,OpenLoop_NoFIFO
25.450072,-1,20,10000.070000,72.381000,292.968750,339.911649,460.000000,819,167.031250,OpenLoop,NoFIFO,false,OpenLoop_NoFIFO
25.460071,-1,20,9999.033000,71.414000,383.666346,346.474853,460.000000,819,76.333654,OpenLoop,NoFIFO,false,OpenLoop_NoFIFO
25.470074,-1,20,10002.329000,73.743000,360.576923,348.590164,460.000000,819,99.423077,OpenLoop,NoFIFO,false,OpenLoop_NoFIFO
25.480071,-1,20,9997.459000,71.202000,304.242003,341.937940,460.000000,819,155.757997,OpenLoop,NoFIFO,false,OpenLoop_NoFIFO
25.490073,-1,20,10001.829000,73.031000,368.707394,345.953358,460.000000,819,91.292606,OpenLoop,NoFIFO,false,OpenLoop_NoFIFO
25.500072,-1,20,9998.903000,71.934000,363.548231,348.592589,460.000000,819,96.451769,OpenLoop,NoFIFO,false,OpenLoop_NoFIFO
25.510072,-1,20,10000.478000,72.412000,308.388158,342.561924,460.000000,819,151.611842,OpenLoop,NoFIFO,false,OpenLoop_NoFIFO
25.520072,-1,20,9999.088000,71.500000,348.351138,343.430306,460.000000,819,111.648862,OpenLoop,NoFIFO,false,OpenLoop_NoFIFO
25.530072,-1,20,10000.700000,72.200000,373.033892,347.870844,460.000000,819,86.966108,OpenLoop,NoFIFO,false,OpenLoop_NoFIFO
25.540071,-1,20,9998.588000,70.788000,312.534726,342.570426,460.000000,819,147.465274,OpenLoop,NoFIFO,false,OpenLoop_NoFIFO
25.550072,-1,20,10000.885000,71.673000,344.036697,342.790367,460.000000,819,115.963303,OpenLoop,NoFIFO,false,OpenLoop_NoFIFO
25.560070,-1,20,9998.755000,70.428000,379.657127,348.320381,460.000000,819,80.342873,OpenLoop,NoFIFO,false,OpenLoop_NoFIFO
25.570072,-1,20,10001.237000,71.665000,322.238772,344.408140,460.000000,819,137.761228,OpenLoop,NoFIFO,false,OpenLoop_NoFIFO
25.580113,-1,20,10040.866000,112.531000,322.933227,341.186903,460.000000,819,137.066773,OpenLoop,NoFIFO,false,OpenLoop_NoFIFO
25.590073,-1,20,9960.070000,72.601000,391.392436,348.717733,460.000000,819,68.607564,OpenLoop,NoFIFO,false,OpenLoop_NoFIFO
25.600072,-1,20,9999.737000,72.338000,322.762182,344.824400,460.000000,819,137.237818,OpenLoop,NoFIFO,false,OpenLoop_NoFIFO
25.610073,-1,20,10000.458000,72.796000,309.844193,339.577369,460.000000,819,150.155807,OpenLoop,NoFIFO,false,OpenLoop_NoFIFO
25.620072,-1,20,9999.348000,72.144000,395.778364,348.007518,460.000000,819,64.221636,OpenLoop,NoFIFO,false,OpenLoop_NoFIFO
25.630072,-1,20,9999.885000,72.029000,332.919034,345.744246,460.000000,819,127.080966,OpenLoop,NoFIFO,false,OpenLoop_NoFIFO
25.640071,-1,20,9999.366000,71.395000,299.361362,338.786813,460.000000,819,160.638638,OpenLoop,NoFIFO,false,OpenLoop_NoFIFO
25.650071,-1,20,9999.959000,71.354000,393.130242,346.938327,460.000000,819,66.869758,OpenLoop,NoFIFO,false,OpenLoop_NoFIFO
25.660077,-1,20,10005.885000,77.239000,345.940959,346.788722,460.000000,819,114.059041,OpenLoop,NoFIFO,false,OpenLoop_NoFIFO
25.670073,-1,20,9995.773000,73.012000,294.099903,338.885399,460.000000,819,165.900097,OpenLoop,NoFIFO,false,OpenLoop_NoFIFO
25.680148,-1,20,10074.718000,147.730000,393.356643,347.056086,460.000000,819,66.643357,OpenLoop,NoFIFO,false,OpenLoop_NoFIFO
25.690074,-1,20,9926.441000,74.171000,345.940959,346.888817,460.000000,819,114.059041,OpenLoop,NoFIFO,false,OpenLoop_NoFIFO
25.700074,-1,20,9999.977000,74.148000,303.561792,340.389763,460.000000,819,156.438208,OpenLoop,NoFIFO,false,OpenLoop_NoFIFO
25.710073,-1,20,9999.033000,73.181000,375.884434,345.713964,460.000000,819,84.115566,OpenLoop,NoFIFO,false,OpenLoop_NoFIFO
25.720073,-1,20,9999.996000,73.177000,358.166189,347.581798,460.000000,819,101.833811,OpenLoop,NoFIFO,false,OpenLoop_NoFIFO
25.730074,-1,20,10000.533000,73.710000,304.992492,341.193402,460.000000,819,155.007508,OpenLoop,NoFIFO,false,OpenLoop_NoFIFO
25.740074,-1,20,10000.310000,74.020000,376.506024,346.490295,460.000000,819,83.493976,OpenLoop,NoFIFO,false,OpenLoop_NoFIFO
25.750074,-1,20,9999.626000,73.646000,364.313472,349.163772,460.000000,819,95.686528,OpenLoop,NoFIFO,false,OpenLoop_NoFIFO
25.760074,-1,20,9999.903000,73.549000,301.724138,342.047827,460.000000,819,158.275862,OpenLoop,NoFIFO,false,OpenLoop_NoFIFO
25.770073,-1,20,9999.552000,73.101000,358.606557,344.531636,460.000000,819,101.393443,OpenLoop,NoFIFO,false,OpenLoop_NoFIFO
25.780073,-1,20,10000.144000,73.245000,367.562269,347.986231,460.000000,819,92.437731,OpenLoop,NoFIFO,false,OpenLoop_NoFIFO
25.790074,-1,20,10000.421000,73.666000,308.557323,342.071895,460.000000,819,151.442677,OpenLoop,NoFIFO,false,OpenLoop_NoFIFO
25.800076,-1,20,10002.737000,76.403000,334.821429,340.984325,460.000000,819,125.178571,OpenLoop,NoFIFO,false,OpenLoop_NoFIFO
25.810075,-1,20,9998.107000,74.510000,382.068263,347.146916,460.000000,819,77.931737,OpenLoop,NoFIFO,false,OpenLoop_NoFIFO
25.820076,-1,20,10001.089000,75.599000,312.202664,341.905278,460.000000,819,147.797336,OpenLoop,NoFIFO,false,OpenLoop_NoFIFO
25.830074,-1,20,9998.403000,74.002000,323.104454,339.085154,460.000000,819,136.895546,OpenLoop,NoFIFO,false,OpenLoop_NoFIFO
25.840074,-1,20,10000.311000,74.313000,383.851156,345.800055,460.000000,819,76.148844,OpenLoop,NoFIFO,false,OpenLoop_NoFIFO
25.850074,-1,20,9999.866000,74.179000,324.480831,342.602171,460.000000,819,135.519169,OpenLoop,NoFIFO,false,OpenLoop_NoFIFO
25.860074,-1,20,9999.755000,73.934000,315.050408,338.469407,460.000000,819,144.949592,OpenLoop,NoFIFO,false,OpenLoop_NoFIFO
25.870075,-1,20,10000.774000,74.708000,400.842555,347.825379,460.000000,819,59.157445,OpenLoop,NoFIFO,false,OpenLoop_NoFIFO
25.880074,-1,20,9999.588000,74.296000,336.907044,346.187629,460.000000,819,123.092956,OpenLoop,NoFIFO,false,OpenLoop_NoFIFO
25.890084,-1,20,10009.737000,84.033000,303.725702,339.818340,460.000000,819,156.274298,OpenLoop,NoFIFO,false,OpenLoop_NoFIFO
25.900077,-1,20,9992.644000,76.677000,404.299848,349.490566,460.000000,819,55.700152,OpenLoop,NoFIFO,false,OpenLoop_NoFIFO
25.910082,-1,20,10005.384000,82.061000,340.991756,348.215744,460.000000,819,119.008244,OpenLoop,NoFIFO,false,OpenLoop_NoFIFO
25.920077,-1,20,9995.144000,77.205000,299.202128,340.863702,460.000000,819,160.797872,OpenLoop,NoFIFO,false,OpenLoop_NoFIFO
25.930074,-1,20,9996.719000,73.924000,384.592181,347.422974,460.000000,819,75.407819,OpenLoop,NoFIFO,false,OpenLoop_NoFIFO
25.940073,-1,20,9998.755000,72.679000,350.935829,347.949902,460.000000,819,109.064171,OpenLoop,NoFIFO,false,OpenLoop_NoFIFO
25.950072,-1,20,9999.236000,71.915000,295.096852,340.021945,460.000000,819,164.903148,OpenLoop,NoFIFO,false,OpenLoop_NoFIFO
25.960074,-1,20,10002.255000,74.170000,379.043127,345.875122,460.000000,819,80.956873,OpenLoop,NoFIFO,false,OpenLoop_NoFIFO
25.970072,-1,20,9998.107000,72.277000,351.688103,346.747069,460.000000,819,108.311897,OpenLoop,NoFIFO,false,OpenLoop_NoFIFO
25.980072,-1,20,9999.774000,72.051000,299.741761,339.696273,460.000000,819,160.258239,OpenLoop,NoFIFO,false,OpenLoop_NoFIFO
25.990073,-1,20,10001.218000,73.269000,367.743201,343.903312,460.000000,819,92.256799,OpenLoop,NoFIFO,false,OpenLoop_NoFIFO
26.000072,-1,20,9998.940000,72.209000,363.372093,346.823629,460.000000,819,96.627907,OpenLoop,NoFIFO,false,OpenLoop_NoFIFO
26.010074,-1,20,10001.830000,74.039000,304.878049,340.531792,460.000000,819,155.121951,OpenLoop,NoFIFO,false,OpenLoop_NoFIFO
26.020073,-1,20,9998.477000,72.516000,354.609929,342.643513,460.000000,819,105.390071,OpenLoop,NoFIFO,false,OpenLoop_NoFIFO
26.030074,-1,20,10000.996000,73.512000,381.304230,348.442620,460.000000,819,78.695770,OpenLoop,NoFIFO,false,OpenLoop_NoFIFO
26.040113,-1,20,10039.014000,112.526000,314.899232,343.411112,460.000000,819,145.100768,OpenLoop,NoFIFO,false,OpenLoop_NoFIFO
26.050076,-1,20,9963.681000,76.207000,348.254086,344.137558,460.000000,819,111.745914,OpenLoop,NoFIFO,false,OpenLoop_NoFIFO
26.060047,-1,20,9970.422000,46.629000,388.601036,350.807080,460.000000,819,71.398964,OpenLoop,NoFIFO,false,OpenLoop_NoFIFO
26.070077,-1,20,10029.996000,76.625000,325.520833,347.014143,460.000000,819,134.479167,OpenLoop,NoFIFO,false,OpenLoop_NoFIFO
26.080073,-1,20,9996.496000,73.121000,318.877551,342.793654,460.000000,819,141.122449,OpenLoop,NoFIFO,false,OpenLoop_NoFIFO
26.090073,-1,20,9999.514000,72.635000,397.807638,351.045752,460.000000,819,62.192362,OpenLoop,NoFIFO,false,OpenLoop_NoFIFO
26.100074,-1,20,10001.200000,73.835000,324.554896,347.072123,460.000000,819,135.445104,OpenLoop,NoFIFO,false,OpenLoop_NoFIFO
26.110069,-1,20,9994.959000,68.794000,309.327411,341.410417,460.000000,819,150.672589,OpenLoop,NoFIFO,false,OpenLoop_NoFIFO
26.120077,-1,20,10008.255000,77.049000,393.130242,349.168390,460.000000,819,66.869758,OpenLoop,NoFIFO,false,OpenLoop_NoFIFO
26.130074,-1,20,9996.459000,73.508000,326.217880,345.725814,460.000000,819,133.782120,OpenLoop,NoFIFO,false,OpenLoop_NoFIFO
26.140073,-1,20,9999.070000,72.578000,297.889242,338.550328,460.000000,819,162.110758,OpenLoop,NoFIFO,false,OpenLoop_NoFIFO
26.150073,-1,20,10000.107000,72.685000,393.907563,346.853913,460.000000,819,66.092437,OpenLoop,NoFIFO,false,OpenLoop_NoFIFO
26.160072,-1,20,9998.995000,71.680000,336.262554,345.265209,460.000000,819,123.737446,OpenLoop,NoFIFO,false,OpenLoop_NoFIFO
26.170072,-1,20,10000.163000,71.843000,291.808149,337.246650,460.000000,819,168.191851,OpenLoop,NoFIFO,false,OpenLoop_NoFIFO
26.180072,-1,20,10000.070000,71.913000,389.902957,345.145096,460.000000,819,70.097043,OpenLoop,NoFIFO,false,OpenLoop_NoFIFO
26.190072,-1,20,9999.829000,71.742000,347.222222,345.456665,460.000000,819,112.777778,OpenLoop,NoFIFO,false,OpenLoop_NoFIFO
26.200078,-1,20,10006.755000,78.497000,301.521524,338.866394,460.000000,819,158.478476,OpenLoop,NoFIFO,false,OpenLoop_NoFIFO
26.210075,-1,20,9996.570000,75.067000,385.208012,345.817637,460.000000,819,74.791988,OpenLoop,NoFIFO,false,OpenLoop_NoFIFO
26.220071,-1,20,9996.126000,71.193000,360.413840,348.007067,460.000000,819,99.586160,OpenLoop,NoFIFO,false,OpenLoop_NoFIFO
26.230073,-1,20,10001.551000,72.744000,303.889789,341.389476,460.000000,819,156.110211,OpenLoop,NoFIFO,false,OpenLoop_NoFIFO
26.240078,-1,20,10004.792000,77.536000,371.157429,345.854669,460.000000,819,88.842571,OpenLoop,NoFIFO,false,OpenLoop_NoFIFO
26.250075,-1,20,9997.848000,75.384000,368.059450,349.185386,460.000000,819,91.940550,OpenLoop,NoFIFO,false,OpenLoop_NoFIFO
26.260071,-1,20,9995.274000,70.658000,305.944056,342.699186,460.000000,819,154.055944,OpenLoop,NoFIFO,false,OpenLoop_NoFIFO
26.270073,-1,20,10001.940000,72.598000,350.186766,343.822323,460.000000,819,109.813234,OpenLoop,NoFIFO,false,OpenLoop_NoFIFO
26.280071,-1,20,9998.792000,71.390000,370.295074,347.793236,460.000000,819,89.704926,OpenLoop,NoFIFO,false,OpenLoop_NoFIFO
26.290072,-1,20,10000.996000,72.386000,309.956765,342.117765,460.000000,819,150.043235,OpenLoop,NoFIFO,false,OpenLoop_NoFIFO
26.300072,-1,20,9999.255000,71.641000,332.446809,340.667122,460.000000,819,127.553191,OpenLoop,NoFIFO,false,OpenLoop_NoFIFO
26.310073,-1,20,10001.237000,72.878000,384.963768,347.311619,460.000000,819,75.036232,OpenLoop,NoFIFO,false,OpenLoop_NoFIFO
26.320071,-1,20,9998.403000,71.281000,313.303342,342.210377,460.000000,819,146.696658,OpenLoop,NoFIFO,false,OpenLoop_NoFIFO
26.330078,-1,20,10006.385000,77.666000,329.486879,340.301853,460.000000,819,130.513121,OpenLoop,NoFIFO,false,OpenLoop_NoFIFO
26.340075,-1,20,9996.848000,74.514000,387.610254,347.398113,460.000000,819,72.389746,OpenLoop,NoFIFO,false,OpenLoop_NoFIFO
26.350073,-1,20,9998.255000,72.769000,324.394464,343.947565,460.000000,819,135.605536,OpenLoop,NoFIFO,false,OpenLoop_NoFIFO
26.360072,-1,20,9999.255000,72.024000,305.911145,338.242102,460.000000,819,154.088855,OpenLoop,NoFIFO,false,OpenLoop_NoFIFO
26.370071,-1,20,9999.422000,71.446000,393.173346,346.481789,460.000000,819,66.826654,OpenLoop,NoFIFO,false,OpenLoop_NoFIFO
26.380071,-1,20,9999.496000,70.942000,331.903595,344.295060,460.000000,819,128.096405,OpenLoop,NoFIFO,false,OpenLoop_NoFIFO
26.390072,-1,20,10000.977000,71.919000,299.300098,337.545815,460.000000,819,160.699902,OpenLoop,NoFIFO,false,OpenLoop_NoFIFO
26.400071,-1,20,9999.348000,71.267000,400.842555,347.040326,460.000000,819,59.157445,OpenLoop,NoFIFO,false,OpenLoop_NoFIFO
26.410077,-1,20,10006.051000,77.318000,340.496368,346.058733,460.000000,819,119.503632,OpenLoop,NoFIFO,false,OpenLoop_NoFIFO
26.420072,-1,20,9995.126000,72.444000,298.725438,338.958738,460.000000,819,161.274562,OpenLoop,NoFIFO,false,OpenLoop_NoFIFO
26.430071,-1,20,9998.995000,71.439000,389.099121,346.479796,460.000000,819,70.900879,OpenLoop,NoFIFO,false,OpenLoop_NoFIFO
26.440072,-1,20,10000.663000,72.102000,357.278963,348.099671,460.000000,819,102.721037,OpenLoop,NoFIFO,false,OpenLoop_NoFIFO
26.450071,-1,20,9999.163000,71.265000,297.256098,340.473135,460.000000,819,162.743902,OpenLoop,NoFIFO,false,OpenLoop_NoFIFO
26.460071,-1,20,9999.644000,70.909000,383.666346,346.952117,460.000000,819,76.333654,OpenLoop,NoFIFO,false,OpenLoop_NoFIFO
26.470072,-1,20,10000.681000,71.590000,354.934377,348.149456,460.000000,819,105.065623,OpenLoop,NoFIFO,false,OpenLoop_NoFIFO
26.480077,-1,20,10005.403000,76.993000,300.629008,341.021389,460.000000,819,159.370992,OpenLoop,NoFIFO,false,OpenLoop_NoFIFO
26.490075,-1,20,9997.514000,74.507000,372.615262,345.760470,460.000000,819,87.384738,OpenLoop,NoFIFO,false,OpenLoop_NoFIFO
26.500074,-1,20,9999.255000,73.762000,361.886921,348.179437,460.000000,819,98.113079,OpenLoop,NoFIFO,false,OpenLoop_NoFIFO
26.510074,-1,20,10000.404000,74.166000,304.218496,341.585296,460.000000,819,155.781504,OpenLoop,NoFIFO,false,OpenLoop_NoFIFO
26.520073,-1,20,9999.088000,73.254000,355.787476,343.715623,460.000000,819,104.212524,OpenLoop,NoFIFO,false,OpenLoop_NoFIFO
26.530073,-1,20,9999.996000,73.250000,371.238120,347.843998,460.000000,819,88.761880,OpenLoop,NoFIFO,false,OpenLoop_NoFIFO
26.540074,-1,20,10000.477000,73.727000,308.232170,341.902224,460.000000,819,151.767830,OpenLoop,NoFIFO,false,OpenLoop_NoFIFO
26.550080,-1,20,10006.478000,80.205000,343.490474,342.140461,460.000000,819,116.509526,OpenLoop,NoFIFO,false,OpenLoop_NoFIFO
26.560053,-1,20,9972.829000,53.034000,386.120264,348.737432,460.000000,819,73.879736,OpenLoop,NoFIFO,false,OpenLoop_NoFIFO
26.570076,-1,20,10022.996000,76.030000,327.339385,345.527725,460.000000,819,132.660615,OpenLoop,NoFIFO,false,OpenLoop_NoFIFO
26.580074,-1,20,9997.662000,73.692000,322.420635,342.061661,460.000000,819,137.579365,OpenLoop,NoFIFO,false,OpenLoop_NoFIFO
26.590073,-1,20,9998.830000,72.522000,403.129479,351.221834,460.000000,819,56.870521,OpenLoop,NoFIFO,false,OpenLoop_NoFIFO
26.600073,-1,20,10000.588000,73.110000,330.571227,348.124243,460.000000,819,129.428773,OpenLoop,NoFIFO,false,OpenLoop_NoFIFO
26.610073,-1,20,9999.718000,72.828000,315.902022,343.290910,460.000000,819,144.097978,OpenLoop,NoFIFO,false,OpenLoop_NoFIFO
26.620072,-1,20,9998.996000,71.824000,396.850100,351.324788,460.000000,819,63.149900,OpenLoop,NoFIFO,false,OpenLoop_NoFIFO
26.630072,-1,20,10000.607000,72.431000,331.104945,348.291812,460.000000,819,128.895055,OpenLoop,NoFIFO,false,OpenLoop_NoFIFO
26.640070,-1,20,9997.255000,69.686000,300.036928,341.053579,460.000000,819,159.963072,OpenLoop,NoFIFO,false,OpenLoop_NoFIFO
26.650073,-1,20,10003.089000,72.775000,395.361096,349.199707,460.000000,819,64.638904,OpenLoop,NoFIFO,false,OpenLoop_NoFIFO
26.660073,-1,20,9999.977000,72.752000,342.486605,348.192741,460.000000,819,117.513395,OpenLoop,NoFIFO,false,OpenLoop_NoFIFO
26.670070,-1,20,9997.311000,70.063000,292.359667,339.817780,460.000000,819,167.640333,OpenLoop,NoFIFO,false,OpenLoop_NoFIFO
26.680073,-1,20,10002.773000,72.836000,391.349722,347.547571,460.000000,819,68.650278,OpenLoop,NoFIFO,false,OpenLoop_NoFIFO
26.690073,-1,20,9999.811000,72.647000,343.309859,346.911915,460.000000,819,116.690141,OpenLoop,NoFIFO,false,OpenLoop_NoFIFO
26.700072,-1,20,9999.422000,72.069000,296.811398,339.396837,460.000000,819,163.188602,OpenLoop,NoFIFO,false,OpenLoop_NoFIFO
26.710077,-1,20,10004.681000,76.750000,385.485197,346.310091,460.000000,819,74.514803,OpenLoop,NoFIFO,false,OpenLoop_NoFIFO
26.720075,-1,20,9998.422000,75.172000,356.633381,347.858585,460.000000,819,103.366619,OpenLoop,NoFIFO,false,OpenLoop_NoFIFO
26.730074,-1,20,9999.051000,74.223000,308.388158,341.938021,460.000000,819,151.611842,OpenLoop,NoFIFO,false,OpenLoop_NoFIFO
26.740074,-1,20,10000.255000,74.478000,370.553360,346.230321,460.000000,819,89.446640,OpenLoop,NoFIFO,false,OpenLoop_NoFIFO
26.750075,-1,20,10000.570000,75.048000,371.602492,350.036147,460.000000,819,88.397508,OpenLoop,NoFIFO,false,OpenLoop_NoFIFO
26.760074,-1,20,9999.126000,74.174000,313.096374,344.495181,460.000000,819,146.903626,OpenLoop,NoFIFO,false,OpenLoop_NoFIFO
26.770073,-1,20,9998.996000,73.170000,357.460600,346.439994,460.000000,819,102.539400,OpenLoop,NoFIFO,false,OpenLoop_NoFIFO
26.780075,-1,20,10001.699000,74.869000,377.844950,351.150737,460.000000,819,82.155050,OpenLoop,NoFIFO,false,OpenLoop_NoFIFO
26.790074,-1,20,9999.385000,74.254000,312.500000,345.353127,460.000000,819,147.500000,OpenLoop,NoFIFO,false,OpenLoop_NoFIFO
26.800074,-1,20,10000.052000,74.306000,338.203463,344.280677,460.000000,819,121.796537,OpenLoop,NoFIFO,false,OpenLoop_NoFIFO
26.810076,-1,20,10001.810000,76.116000,384.221311,350.271772,460.000000,819,75.778689,OpenLoop,NoFIFO,false,OpenLoop_NoFIFO
26.820074,-1,20,9998.348000,74.464000,315.353196,345.033986,460.000000,819,144.646804,OpenLoop,NoFIFO,false,OpenLoop_NoFIFO
26.830074,-1,20,9999.829000,74.293000,316.887676,340.812039,460.000000,819,143.112324,OpenLoop,NoFIFO,false,OpenLoop_NoFIFO
26.840074,-1,20,9999.644000,73.937000,386.863824,347.719807,460.000000,819,73.136176,OpenLoop,NoFIFO,false,OpenLoop_NoFIFO
26.850078,-1,20,10003.589000,77.526000,321.796339,343.831287,460.000000,819,138.203661,OpenLoop,NoFIFO,false,OpenLoop_NoFIFO
26.860076,-1,20,9998.181000,75.707000,304.383117,337.914061,460.000000,819,155.616883,OpenLoop,NoFIFO,false,OpenLoop_NoFIFO
26.870073,-1,20,9997.366000,73.073000,397.877984,346.908650,460.000000,819,62.122016,OpenLoop,NoFIFO,false,OpenLoop_NoFIFO
26.880072,-1,20,9998.996000,72.069000,335.460401,345.191412,460.000000,819,124.539599,OpenLoop,NoFIFO,false,OpenLoop_NoFIFO
26.890083,-1,20,10011.403000,83.472000,299.202128,338.293020,460.000000,819,160.797872,OpenLoop,NoFIFO,false,OpenLoop_NoFIFO
26.900076,-1,20,9992.866000,76.338000,402.744630,347.960761,460.000000,819,57.255370,OpenLoop,NoFIFO,false,OpenLoop_NoFIFO
26.910081,-1,20,10005.033000,81.371000,347.222222,347.849980,460.000000,819,112.777778,OpenLoop,NoFIFO,false,OpenLoop_NoFIFO
26.920073,-1,20,9991.255000,72.626000,305.516760,341.499997,460.000000,819,154.483240,OpenLoop,NoFIFO,false,OpenLoop_NoFIFO
26.930088,-1,20,10015.663000,88.289000,401.853253,350.552986,460.000000,819,58.146747,OpenLoop,NoFIFO,false,OpenLoop_NoFIFO
26.940072,-1,20,9984.126000,72.415000,353.862607,351.049429,460.000000,819,106.137393,OpenLoop,NoFIFO,false,OpenLoop_NoFIFO
26.950074,-1,20,10001.125000,73.540000,298.250265,343.129554,460.000000,819,161.749735,OpenLoop,NoFIFO,false,OpenLoop_NoFIFO
26.960076,-1,20,10002.737000,76.277000,381.097561,348.824755,460.000000,819,78.902439,OpenLoop,NoFIFO,false,OpenLoop_NoFIFO
26.970088,-1,20,10011.829000,88.106000,354.155424,349.624356,460.000000,819,105.844576,OpenLoop,NoFIFO,false,OpenLoop_NoFIFO
26.980077,-1,20,9988.662000,76.768000,301.521524,342.408931,460.000000,819,158.478476,OpenLoop,NoFIFO,false,OpenLoop_NoFIFO
26.990070,-1,20,9992.793000,69.561000,363.372093,345.553405,460.000000,819,96.627907,OpenLoop,NoFIFO,false,OpenLoop_NoFIFO
27.000073,-1,20,10003.014000,72.575000,368.582331,349.007744,460.000000,819,91.417669,OpenLoop,NoFIFO,false,OpenLoop_NoFIFO
27.010074,-1,20,10000.940000,73.515000,304.535232,342.336867,460.000000,819,155.464768,OpenLoop,NoFIFO,false,OpenLoop_NoFIFO
27.020072,-1,20,9998.237000,71.752000,354.219144,344.119209,460.000000,819,105.780856,OpenLoop,NoFIFO,false,OpenLoop_NoFIFO
27.030072,-1,20,9999.977000,71.729000,375.530160,348.830851,460.000000,819,84.469840,OpenLoop,NoFIFO,false,OpenLoop_NoFIFO
27.040082,-1,20,10010.496000,82.225000,308.050383,342.713781,460.000000,819,151.949617,OpenLoop,NoFIFO,false,OpenLoop_NoFIFO
27.050051,-1,20,9968.848000,51.073000,336.711134,341.813384,460.000000,819,123.288866,OpenLoop,NoFIFO,false,OpenLoop_NoFIFO
27.060074,-1,20,10022.737000,73.810000,383.297258,348.035965,460.000000,819,76.702742,OpenLoop,NoFIFO,false,OpenLoop_NoFIFO
27.070069,-1,20,9994.958000,68.768000,321.230891,344.015204,460.000000,819,138.769109,OpenLoop,NoFIFO,false,OpenLoop_NoFIFO
27.080086,-1,20,10017.200000,85.968000,325.973574,341.308960,460.000000,819,134.026426,OpenLoop,NoFIFO,false,OpenLoop_NoFIFO
27.090080,-1,20,9993.644000,79.612000,399.573788,350.048684,460.000000,819,60.426212,OpenLoop,NoFIFO,false,OpenLoop_NoFIFO
27.100075,-1,20,9995.700000,75.312000,328.103126,346.756850,460.000000,819,131.896874,OpenLoop,NoFIFO,false,OpenLoop_NoFIFO
27.110073,-1,20,9998.162000,73.474000,318.877551,342.574955,460.000000,819,141.122449,OpenLoop,NoFIFO,false,OpenLoop_NoFIFO
27.120075,-1,20,10001.774000,75.248000,401.284109,351.381328,460.000000,819,58.715891,OpenLoop,NoFIFO,false,OpenLoop_NoFIFO
27.130071,-1,20,9995.551000,70.799000,332.132735,348.494039,460.000000,819,127.867265,OpenLoop,NoFIFO,false,OpenLoop_NoFIFO
27.140077,-1,20,10005.941000,76.740000,298.566879,341.004965,460.000000,819,161.433121,OpenLoop,NoFIFO,false,OpenLoop_NoFIFO
27.150068,-1,20,9991.236000,67.976000,396.872060,349.385030,460.000000,819,63.127940,OpenLoop,NoFIFO,false,OpenLoop_NoFIFO
27.160073,-1,20,10005.033000,73.009000,342.153285,348.300268,460.000000,819,117.846715,OpenLoop,NoFIFO,false,OpenLoop_NoFIFO
27.170073,-1,20,10000.163000,73.172000,296.008119,340.456446,460.000000,819,163.991881,OpenLoop,NoFIFO,false,OpenLoop_NoFIFO
27.180073,-1,20,10000.051000,73.223000,401.498929,349.612818,460.000000,819,58.501071,OpenLoop,NoFIFO,false,OpenLoop_NoFIFO
27.190083,-1,20,10009.385000,82.608000,347.909451,349.357313,460.000000,819,112.090549,OpenLoop,NoFIFO,false,OpenLoop_NoFIFO
27.200081,-1,20,9998.348000,80.956000,298.884166,341.786341,460.000000,819,161.115834,OpenLoop,NoFIFO,false,OpenLoop_NoFIFO
27.210076,-1,20,9994.570000,75.526000,376.338091,346.969103,460.000000,819,83.661909,OpenLoop,NoFIFO,false,OpenLoop_NoFIFO
27.220073,-1,20,9997.551000,73.077000,359.392114,348.832555,460.000000,819,100.607886,OpenLoop,NoFIFO,false,OpenLoop_NoFIFO
27.230072,-1,20,9999.366000,72.443000,298.713235,341.314657,460.000000,819,161.286765,OpenLoop,NoFIFO,false,OpenLoop_NoFIFO
27.240081,-1,20,10008.589000,81.032000,373.320060,346.115467,460.000000,819,86.679940,OpenLoop,NoFIFO,false,OpenLoop_NoFIFO
27.250076,-1,20,9994.551000,75.583000,366.927593,349.237286,460.000000,819,93.072407,OpenLoop,NoFIFO,false,OpenLoop_NoFIFO
27.260085,-1,20,10009.589000,85.172000,309.235844,343.237070,460.000000,819,150.764156,OpenLoop,NoFIFO,false,OpenLoop_NoFIFO
27.270075,-1,20,9990.014000,75.186000,356.862965,345.280954,460.000000,819,103.137035,OpenLoop,NoFIFO,false,OpenLoop_NoFIFO
27.280067,-1,20,9992.274000,67.460000,375.400427,349.798875,460.000000,819,84.599573,OpenLoop,NoFIFO,false,OpenLoop_NoFIFO
27.290073,-1,20,10005.107000,72.567000,314.748201,344.541274,460.000000,819,145.251799,OpenLoop,NoFIFO,false,OpenLoop_NoFIFO
27.300072,-1,20,9999.348000,71.915000,339.673913,343.811170,460.000000,819,120.326087,OpenLoop,NoFIFO,false,OpenLoop_NoFIFO
27.310073,-1,20,10001.403000,73.318000,388.340643,350.490591,460.000000,819,71.659357,OpenLoop,NoFIFO,false,OpenLoop_NoFIFO
27.320072,-1,20,9998.644000,71.962000,315.248319,345.204250,460.000000,819,144.751681,OpenLoop,NoFIFO,false,OpenLoop_NoFIFO
27.330078,-1,20,10006.477000,78.439000,322.957677,341.867264,460.000000,819,137.042323,OpenLoop,NoFIFO,false,OpenLoop_NoFIFO
27.340076,-1,20,9997.533000,75.972000,390.015601,349.089515,460.000000,819,69.984399,OpenLoop,NoFIFO,false,OpenLoop_NoFIFO
27.350074,-1,20,9997.533000,73.505000,328.947368,346.068193,460.000000,819,131.052632,OpenLoop,NoFIFO,false,OpenLoop_NoFIFO
27.360067,-1,20,9993.700000,67.205000,303.927681,339.747116,460.000000,819,156.072319,OpenLoop,NoFIFO,false,OpenLoop_NoFIFO
27.370073,-1,20,10005.347000,72.552000,394.460028,347.954053,460.000000,819,65.539972,OpenLoop,NoFIFO,false,OpenLoop_NoFIFO
27.380072,-1,20,9999.737000,72.289000,331.104945,345.426686,460.000000,819,128.895055,OpenLoop,NoFIFO,false,OpenLoop_NoFIFO
27.390072,-1,20,9999.903000,72.192000,296.677215,338.114266,460.000000,819,163.322785,OpenLoop,NoFIFO,false,OpenLoop_NoFIFO
27.400071,-1,20,9999.089000,71.281000,394.275701,346.538481,460.000000,819,65.724299,OpenLoop,NoFIFO,false,OpenLoop_NoFIFO
27.410072,-1,20,10000.847000,72.128000,337.750901,345.220344,460.000000,819,122.249099,OpenLoop,NoFIFO,false,OpenLoop_NoFIFO
27.420080,-1,20,10008.311000,80.439000,301.223431,338.620807,460.000000,819,158.776569,OpenLoop,NoFIFO,false,OpenLoop_NoFIFO
27.430075,-1,20,9994.718000,75.157000,400.213447,347.859703,460.000000,819,59.786553,OpenLoop,NoFIFO,false,OpenLoop_NoFIFO
27.440073,-1,20,9997.422000,72.579000,355.787476,349.048869,460.000000,819,104.212524,OpenLoop,NoFIFO,false,OpenLoop_NoFIFO
27.450072,-1,20,9999.903000,72.482000,299.840085,341.667551,460.000000,819,160.159915,OpenLoop,NoFIFO,false,OpenLoop_NoFIFO
27.460071,-1,20,9998.996000,71.478000,388.466851,348.687446,460.000000,819,71.533149,OpenLoop,NoFIFO,false,OpenLoop_NoFIFO
27.470069,-1,20,9997.755000,69.233000,356.657609,349.882971,460.000000,819,103.342391,OpenLoop,NoFIFO,false,OpenLoop_NoFIFO
27.480072,-1,20,10003.163000,72.396000,306.064792,343.310244,460.000000,819,153.935208,OpenLoop,NoFIFO,false,OpenLoop_NoFIFO
27.490080,-1,20,10007.829000,80.225000,364.535682,346.494059,460.000000,819,95.464318,OpenLoop,NoFIFO,false,OpenLoop_NoFIFO
27.500075,-1,20,9995.052000,75.277000,361.371145,348.725622,460.000000,819,98.628855,OpenLoop,NoFIFO,false,OpenLoop_NoFIFO
27.510076,-1,20,10000.662000,75.939000,303.678852,341.968607,460.000000,819,156.321148,OpenLoop,NoFIFO,false,OpenLoop_NoFIFO
27.520073,-1,20,9997.107000,73.046000,350.000000,343.173316,460.000000,819,110.000000,OpenLoop,NoFIFO,false,OpenLoop_NoFIFO
27.530082,-1,20,10008.589000,81.635000,373.692078,347.751130,460.000000,819,86.307922,OpenLoop,NoFIFO,false,OpenLoop_NoFIFO
27.540077,-1,20,9995.070000,76.705000,309.484510,342.011137,460.000000,819,150.515490,OpenLoop,NoFIFO,false,OpenLoop_NoFIFO
27.550073,-1,20,9996.477000,73.182000,337.554009,341.342568,460.000000,819,122.445991,OpenLoop,NoFIFO,false,OpenLoop_NoFIFO
27.560073,-1,20,9999.607000,72.789000,383.043922,347.597771,460.000000,819,76.956078,OpenLoop,NoFIFO,false,OpenLoop_NoFIFO
27.570072,-1,20,9999.385000,72.174000,321.691176,343.711782,460.000000,819,138.308824,OpenLoop,NoFIFO,false,OpenLoop_NoFIFO
27.580072,-1,20,9999.681000,71.855000,317.052549,339.712897,460.000000,819,142.947451,OpenLoop,NoFIFO,false,OpenLoop_NoFIFO
27.590072,-1,20,10000.051000,71.906000,397.432878,348.370894,460.000000,819,62.567122,OpenLoop,NoFIFO,false,OpenLoop_NoFIFO
27.600071,-1,20,9999.070000,70.976000,323.754317,344.678408,460.000000,819,136.245683,OpenLoop,NoFIFO,false,OpenLoop_NoFIFO
27.610087,-1,20,10016.366000,87.342000,315.411491,340.288370,460.000000,819,144.588509,OpenLoop,NoFIFO,false,OpenLoop_NoFIFO
27.620077,-1,20,9989.959000,77.301000,400.071124,349.255783,460.000000,819,59.928876,OpenLoop,NoFIFO,false,OpenLoop_NoFIFO
27.630072,-1,20,9995.070000,72.371000,335.558921,347.201254,460.000000,819,124.441079,OpenLoop,NoFIFO,false,OpenLoop_NoFIFO
27.640073,-1,20,10000.718000,73.089000,306.229585,341.055503,460.000000,819,153.770415,OpenLoop,NoFIFO,false,OpenLoop_NoFIFO
27.650073,-1,20,9999.496000,72.585000,404.967603,350.642318,460.000000,819,55.032397,OpenLoop,NoFIFO,false,OpenLoop_NoFIFO
27.660072,-1,20,9999.107000,71.692000,339.520145,348.973992,460.000000,819,120.479855,OpenLoop,NoFIFO,false,OpenLoop_NoFIFO
27.670072,-1,20,10000.200000,71.892000,294.138620,340.748686,460.000000,819,165.861380,OpenLoop,NoFIFO,false,OpenLoop_NoFIFO
27.680071,-1,20,9998.996000,70.888000,390.987025,348.284437,460.000000,819,69.012975,OpenLoop,NoFIFO,false,OpenLoop_NoFIFO
27.690072,-1,20,10001.274000,72.162000,342.510438,347.418337,460.000000,819,117.489562,OpenLoop,NoFIFO,false,OpenLoop_NoFIFO
27.700073,-1,20,10000.477000,72.639000,298.274596,340.046776,460.000000,819,161.725404,OpenLoop,NoFIFO,false,OpenLoop_NoFIFO
27.710072,-1,20,9999.533000,72.172000,384.024578,346.643446,460.000000,819,75.975422,OpenLoop,NoFIFO,false,OpenLoop_NoFIFO
27.720071,-1,20,9998.570000,70.742000,355.787476,348.015051,460.000000,819,104.212524,OpenLoop,NoFIFO,false,OpenLoop_NoFIFO
27.730073,-1,20,10002.755000,73.497000,297.934322,340.502942,460.000000,819,162.065678,OpenLoop,NoFIFO,false,OpenLoop_NoFIFO
27.740083,-1,20,10009.477000,82.974000,369.822485,344.900873,460.000000,819,90.177515,OpenLoop,NoFIFO,false,OpenLoop_NoFIFO
27.750075,-1,20,9992.163000,75.137000,364.691390,347.869451,460.000000,819,95.308610,OpenLoop,NoFIFO,false,OpenLoop_NoFIFO
27.760071,-1,20,9996.107000,71.244000,306.658879,341.687865,460.000000,819,153.341121,OpenLoop,NoFIFO,false,OpenLoop_NoFIFO
27.770072,-1,20,10000.718000,71.962000,358.802624,344.255079,460.000000,819,101.197376,OpenLoop,NoFIFO,false,OpenLoop_NoFIFO
27.780070,-1,20,9998.403000,70.365000,382.011026,349.918471,460.000000,819,77.988974,OpenLoop,NoFIFO,false,OpenLoop_NoFIFO
27.790073,-1,20,10002.348000,72.713000,316.394081,344.889812,460.000000,819,143.605919,OpenLoop,NoFIFO,false,OpenLoop_NoFIFO
27.800074,-1,20,10001.385000,74.098000,336.584490,343.644014,460.000000,819,123.415510,OpenLoop,NoFIFO,false,OpenLoop_NoFIFO
27.810073,-1,20,9998.588000,72.686000,391.032325,350.752261,460.000000,819,68.967675,OpenLoop,NoFIFO,false,OpenLoop_NoFIFO
27.820071,-1,20,9998.755000,71.441000,315.808470,345.510692,460.000000,819,144.191530,OpenLoop,NoFIFO,false,OpenLoop_NoFIFO
27.830073,-1,20,10001.200000,72.641000,328.409622,342.945532,460.000000,819,131.590378,OpenLoop,NoFIFO,false,OpenLoop_NoFIFO
27.840071,-1,20,9998.200000,70.841000,385.273973,349.294798,460.000000,819,74.726027,OpenLoop,NoFIFO,false,OpenLoop_NoFIFO
27.850080,-1,20,10009.236000,80.077000,323.722376,345.458934,460.000000,819,136.277624,OpenLoop,NoFIFO,false,OpenLoop_NoFIFO
27.860075,-1,20,9995.330000,75.407000,305.043384,339.396602,460.000000,819,154.956616,OpenLoop,NoFIFO,false,OpenLoop_NoFIFO
27.870075,-1,20,10000.088000,75.495000,395.384255,347.794750,460.000000,819,64.615745,OpenLoop,NoFIFO,false,OpenLoop_NoFIFO
27.880072,-1,20,9996.551000,72.046000,330.463666,345.195087,460.000000,819,129.536334,OpenLoop,NoFIFO,false,OpenLoop_NoFIFO
27.890074,-1,20,10001.830000,73.876000,303.538390,338.946583,460.000000,819,156.461610,OpenLoop,NoFIFO,false,OpenLoop_NoFIFO
27.900071,-1,20,9997.514000,71.390000,405.186386,348.882553,460.000000,819,54.813614,OpenLoop,NoFIFO,false,OpenLoop_NoFIFO
27.910082,-1,20,10011.051000,82.441000,339.346042,347.452077,460.000000,819,120.653958,OpenLoop,NoFIFO,false,OpenLoop_NoFIFO
27.920086,-1,20,10003.496000,85.937000,299.447174,340.251341,460.000000,819,160.552826,OpenLoop,NoFIFO,false,OpenLoop_NoFIFO
27.930075,-1,20,9989.422000,75.359000,398.724083,349.022252,460.000000,819,61.275917,OpenLoop,NoFIFO,false,OpenLoop_NoFIFO
27.940072,-1,20,9996.533000,71.892000,349.292101,349.062730,460.000000,819,110.707899,OpenLoop,NoFIFO,false,OpenLoop_NoFIFO
27.950073,-1,20,10000.866000,72.758000,295.956775,341.096837,460.000000,819,164.043225,OpenLoop,NoFIFO,false,OpenLoop_NoFIFO
27.960077,-1,20,10004.719000,77.477000,391.200295,348.612355,460.000000,819,68.799705,OpenLoop,NoFIFO,false,OpenLoop_NoFIFO
27.970076,-1,20,9998.070000,75.547000,355.472700,349.641407,460.000000,819,104.527300,OpenLoop,NoFIFO,false,OpenLoop_NoFIFO
27.980072,-1,20,9996.162000,71.709000,303.171642,342.670942,460.000000,819,156.828358,OpenLoop,NoFIFO,false,OpenLoop_NoFIFO
27.990073,-1,20,10001.255000,72.964000,374.647391,347.467409,460.000000,819,85.352609,OpenLoop,NoFIFO,false,OpenLoop_NoFIFO
28.000071,-1,20,9998.144000,71.108000,371.182127,351.024617,460.000000,819,88.817873,OpenLoop,NoFIFO,false,OpenLoop_NoFIFO
28.010072,-1,20,10001.292000,72.400000,305.374593,344.177113,460.000000,819,154.625407,OpenLoop,NoFIFO,false,OpenLoop_NoFIFO
28.020071,-1,20,9998.293000,70.693000,360.392107,346.609362,460.000000,819,99.607893,OpenLoop,NoFIFO,false,OpenLoop_NoFIFO
28.030072,-1,20,10001.718000,72.411000,375.563345,350.952460,460.000000,819,84.436655,OpenLoop,NoFIFO,false,OpenLoop_NoFIFO
28.040082,-1,20,10009.829000,82.240000,308.076340,344.521042,460.000000,819,151.923660,OpenLoop,NoFIFO,false,OpenLoop_NoFIFO
28.050075,-1,20,9992.700000,74.940000,338.855422,343.671199,460.000000,819,121.144578,OpenLoop,NoFIFO,false,OpenLoop_NoFIFO
28.060072,-1,20,9996.607000,71.547000,378.634895,348.915753,460.000000,819,81.365105,OpenLoop,NoFIFO,false,OpenLoop_NoFIFO
28.070073,-1,20,10000.995000,72.542000,318.877551,344.410023,460.000000,819,141.122449,OpenLoop,NoFIFO,false,OpenLoop_NoFIFO
28.080069,-1,20,9996.126000,68.668000,313.787333,339.816619,460.000000,819,146.212667,OpenLoop,NoFIFO,false,OpenLoop_NoFIFO
28.090079,-1,20,10010.070000,78.738000,394.091546,347.957858,460.000000,819,65.908454,OpenLoop,NoFIFO,false,OpenLoop_NoFIFO
28.100078,-1,20,9999.070000,77.808000,319.044503,343.620855,460.000000,819,140.955497,OpenLoop,NoFIFO,false,OpenLoop_NoFIFO
28.110073,-1,20,9995.125000,72.933000,317.335590,339.678065,460.000000,819,142.664410,OpenLoop,NoFIFO,false,OpenLoop_NoFIFO
28.120073,-1,20,10000.274000,73.207000,405.405405,349.537166,460.000000,819,54.594595,OpenLoop,NoFIFO,false,OpenLoop_NoFIFO
28.130071,-1,20,9998.292000,71.499000,339.838086,348.082304,460.000000,819,120.161914,OpenLoop,NoFIFO,false,OpenLoop_NoFIFO
28.140072,-1,20,10000.793000,72.292000,305.298096,341.664673,460.000000,819,154.701904,OpenLoop,NoFIFO,false,OpenLoop_NoFIFO
28.150072,-1,20,9999.866000,72.158000,399.124882,350.283704,460.000000,819,60.875118,OpenLoop,NoFIFO,false,OpenLoop_NoFIFO
28.160071,-1,20,9998.996000,71.154000,343.503382,349.266656,460.000000,819,116.496618,OpenLoop,NoFIFO,false,OpenLoop_NoFIFO
28.170071,-1,20,9999.959000,71.113000,295.669578,341.227094,460.000000,819,164.330422,OpenLoop,NoFIFO,false,OpenLoop_NoFIFO
28.180073,-1,20,10001.847000,72.960000,390.625000,348.636780,460.000000,819,69.375000,OpenLoop,NoFIFO,false,OpenLoop_NoFIFO
28.190079,-1,20,10006.366000,79.326000,346.708580,348.347550,460.000000,819,113.291420,OpenLoop,NoFIFO,false,OpenLoop_NoFIFO
28.200074,-1,20,9994.515000,73.841000,297.111165,340.662092,460.000000,819,162.888835,OpenLoop,NoFIFO,false,OpenLoop_NoFIFO
28.210073,-1,20,9999.237000,73.078000,384.812724,347.284687,460.000000,819,75.187276,OpenLoop,NoFIFO,false,OpenLoop_NoFIFO
28.220072,-1,20,9998.551000,71.629000,359.884837,349.174710,460.000000,819,100.115163,OpenLoop,NoFIFO,false,OpenLoop_NoFIFO
28.230073,-1,20,10001.033000,72.662000,300.160085,341.822516,460.000000,819,159.839915,OpenLoop,NoFIFO,false,OpenLoop_NoFIFO
28.240073,-1,20,10000.051000,72.713000,374.295444,346.693455,460.000000,819,85.704556,OpenLoop,NoFIFO,false,OpenLoop_NoFIFO
28.250072,-1,20,9999.330000,72.043000,365.070093,349.449951,460.000000,819,94.929907,OpenLoop,NoFIFO,false,OpenLoop_NoFIFO
28.260072,-1,20,9999.607000,71.650000,308.388158,343.290682,460.000000,819,151.611842,OpenLoop,NoFIFO,false,OpenLoop_NoFIFO
28.270072,-1,20,10000.366000,72.016000,352.443609,344.663621,460.000000,819,107.556391,OpenLoop,NoFIFO,false,OpenLoop_NoFIFO
28.280071,-1,20,9999.440000,71.456000,372.208437,348.795343,460.000000,819,87.791563,OpenLoop,NoFIFO,false,OpenLoop_NoFIFO
28.290088,-1,20,10016.755000,88.211000,313.787333,343.544142,460.000000,819,146.212667,OpenLoop,NoFIFO,false,OpenLoop_NoFIFO
28.300079,-1,20,9990.737000,78.948000,344.827586,343.736658,460.000000,819,115.172414,OpenLoop,NoFIFO,false,OpenLoop_NoFIFO
28.310074,-1,20,9994.644000,73.592000,387.610254,350.317698,460.000000,819,72.389746,OpenLoop,NoFIFO,false,OpenLoop_NoFIFO
28.320074,-1,20,10000.014000,73.606000,322.386520,346.128021,460.000000,819,137.613480,OpenLoop,NoFIFO,false,OpenLoop_NoFIFO
28.330074,-1,20,9999.959000,73.565000,327.973628,343.404862,460.000000,819,132.026372,OpenLoop,NoFIFO,false,OpenLoop_NoFIFO
28.340074,-1,20,10000.218000,73.783000,393.356643,350.897629,460.000000,819,66.643357,OpenLoop,NoFIFO,false,OpenLoop_NoFIFO
28.350073,-1,20,9999.663000,73.446000,328.327047,347.512042,460.000000,819,131.672953,OpenLoop,NoFIFO,false,OpenLoop_NoFIFO
28.360074,-1,20,10000.144000,73.590000,309.990553,341.883819,460.000000,819,150.009447,OpenLoop,NoFIFO,false,OpenLoop_NoFIFO
28.370074,-1,20,10000.033000,73.623000,396.615547,350.093578,460.000000,819,63.384453,OpenLoop,NoFIFO,false,OpenLoop_NoFIFO
28.380127,-1,20,10052.977000,126.600000,328.409622,346.840984,460.000000,819,131.590378,OpenLoop,NoFIFO,false,OpenLoop_NoFIFO
28.390070,-1,20,9943.033000,69.633000,299.361362,339.719041,460.000000,819,160.638638,OpenLoop,NoFIFO,false,OpenLoop_NoFIFO
28.400074,-1,20,10004.200000,73.833000,396.455224,348.229469,460.000000,819,63.544776,OpenLoop,NoFIFO,false,OpenLoop_NoFIFO
28.410074,-1,20,9999.885000,73.718000,341.441207,347.211229,460.000000,819,118.558793,OpenLoop,NoFIFO,false,OpenLoop_NoFIFO
28.420072,-1,20,9998.662000,72.380000,295.669578,339.479982,460.000000,819,164.330422,OpenLoop,NoFIFO,false,OpenLoop_NoFIFO
28.430075,-1,20,10002.348000,74.728000,392.464678,347.427686,460.000000,819,67.535322,OpenLoop,NoFIFO,false,OpenLoop_NoFIFO
28.440073,-1,20,9998.348000,73.076000,347.705146,347.469305,460.000000,819,112.294854,OpenLoop,NoFIFO,false,OpenLoop_NoFIFO
28.450073,-1,20,9999.533000,72.609000,297.304440,339.944575,460.000000,819,162.695560,OpenLoop,NoFIFO,false,OpenLoop_NoFIFO
28.460080,-1,20,10007.588000,80.197000,386.644833,346.949614,460.000000,819,73.355167,OpenLoop,NoFIFO,false,OpenLoop_NoFIFO
28.470081,-1,20,10000.792000,80.989000,354.397681,348.066824,460.000000,819,105.602319,OpenLoop,NoFIFO,false,OpenLoop_NoFIFO
28.480075,-1,20,9994.496000,75.485000,305.145218,341.628583,460.000000,819,154.854782,OpenLoop,NoFIFO,false,OpenLoop_NoFIFO
28.490106,-1,20,10030.459000,105.944000,370.651028,345.981950,460.000000,819,89.348972,OpenLoop,NoFIFO,false,OpenLoop_NoFIFO
28.500074,-1,20,9967.811000,73.755000,371.850210,349.862189,460.000000,819,88.149790,OpenLoop,NoFIFO,false,OpenLoop_NoFIFO
28.510080,-1,20,10006.551000,80.306000,310.430464,343.947430,460.000000,819,149.569536,OpenLoop,NoFIFO,false,OpenLoop_NoFIFO
28.520076,-1,20,9995.274000,75.580000,353.440151,345.371338,460.000000,819,106.559849,OpenLoop,NoFIFO,false,OpenLoop_NoFIFO
28.530075,-1,20,9999.144000,74.724000,376.594991,350.054886,460.000000,819,83.405009,OpenLoop,NoFIFO,false,OpenLoop_NoFIFO
28.540072,-1,20,9997.514000,72.238000,312.019969,344.349649,460.000000,819,147.980031,OpenLoop,NoFIFO,false,OpenLoop_NoFIFO
28.550072,-1,20,9999.922000,72.160000,343.155198,344.170481,460.000000,819,116.844802,OpenLoop,NoFIFO,false,OpenLoop_NoFIFO
28.560071,-1,20,9999.126000,71.286000,381.873727,349.825968,460.000000,819,78.126273,OpenLoop,NoFIFO,false,OpenLoop_NoFIFO
28.570073,-1,20,10001.570000,72.856000,316.570188,344.837601,460.000000,819,143.429812,OpenLoop,NoFIFO,false,OpenLoop_NoFIFO
28.580080,-1,20,10007.181000,80.037000,322.250132,341.449481,460.000000,819,137.749868,OpenLoop,NoFIFO,false,OpenLoop_NoFIFO
28.590107,-1,20,10027.051000,107.088000,393.130242,349.201595,460.000000,819,66.869758,OpenLoop,NoFIFO,false,OpenLoop_NoFIFO
28.600073,-1,20,9965.681000,72.769000,320.049895,344.828840,460.000000,819,139.950105,OpenLoop,NoFIFO,false,OpenLoop_NoFIFO
28.610073,-1,20,10000.459000,73.228000,311.905894,339.890398,460.000000,819,148.094106,OpenLoop,NoFIFO,false,OpenLoop_NoFIFO
28.620078,-1,20,10004.848000,78.076000,392.875851,347.838216,460.000000,819,67.124149,OpenLoop,NoFIFO,false,OpenLoop_NoFIFO
28.630075,-1,20,9996.922000,74.998000,334.821429,345.885698,460.000000,819,125.178571,OpenLoop,NoFIFO,false,OpenLoop_NoFIFO
28.640073,-1,20,9997.773000,72.771000,302.094522,339.317021,460.000000,819,157.905478,OpenLoop,NoFIFO,false,OpenLoop_NoFIFO
28.650072,-1,20,9999.237000,72.008000,400.260911,348.458605,460.000000,819,59.739089,OpenLoop,NoFIFO,false,OpenLoop_NoFIFO
28.660072,-1,20,9999.607000,71.615000,344.126901,347.808849,460.000000,819,115.873099,OpenLoop,NoFIFO,false,OpenLoop_NoFIFO
28.670081,-1,20,10009.440000,81.055000,300.332676,340.687423,460.000000,819,159.667324,OpenLoop,NoFIFO,false,OpenLoop_NoFIFO
28.680076,-1,20,9995.404000,76.459000,401.650706,349.831916,460.000000,819,58.349294,OpenLoop,NoFIFO,false,OpenLoop_NoFIFO
28.690072,-1,20,9995.959000,72.418000,350.510967,349.933773,460.000000,819,109.489033,OpenLoop,NoFIFO,false,OpenLoop_NoFIFO
28.700070,-1,20,9997.366000,69.784000,302.870278,342.874249,460.000000,819,157.129722,OpenLoop,NoFIFO,false,OpenLoop_NoFIFO
28.710079,-1,20,10009.477000,79.261000,383.851156,349.020785,460.000000,819,76.148844,OpenLoop,NoFIFO,false,OpenLoop_NoFIFO
28.720076,-1,20,9996.922000,76.183000,362.368857,351.022996,460.000000,819,97.631143,OpenLoop,NoFIFO,false,OpenLoop_NoFIFO
28.730071,-1,20,9995.292000,71.475000,296.945701,342.911402,460.000000,819,163.054299,OpenLoop,NoFIFO,false,OpenLoop_NoFIFO
28.740074,-1,20,10002.589000,74.064000,372.812831,347.396616,460.000000,819,87.187169,OpenLoop,NoFIFO,false,OpenLoop_NoFIFO
28.750072,-1,20,9997.477000,71.541000,364.077670,349.898774,460.000000,819,95.922330,OpenLoop,NoFIFO,false,OpenLoop_NoFIFO
28.760074,-1,20,10001.978000,73.519000,304.383117,343.071426,460.000000,819,155.616883,OpenLoop,NoFIFO,false,OpenLoop_NoFIFO
28.770072,-1,20,9998.533000,72.052000,349.987556,344.108845,460.000000,819,110.012444,OpenLoop,NoFIFO,false,OpenLoop_NoFIFO
28.780072,-1,20,9999.810000,71.862000,374.119718,348.610476,460.000000,819,85.880282,OpenLoop,NoFIFO,false,OpenLoop_NoFIFO
28.790072,-1,20,10000.237000,72.099000,310.773481,342.934927,460.000000,819,149.226519,OpenLoop,NoFIFO,false,OpenLoop_NoFIFO
28.800077,-1,20,10004.440000,76.539000,344.194585,343.123876,460.000000,819,115.805415,OpenLoop,NoFIFO,false,OpenLoop_NoFIFO
28.810083,-1,20,10006.126000,82.665000,389.111787,350.022062,460.000000,819,70.888213,OpenLoop,NoFIFO,false,OpenLoop_NoFIFO
28.820076,-1,20,9992.848000,75.513000,320.768704,345.634059,460.000000,819,139.231296,OpenLoop,NoFIFO,false,OpenLoop_NoFIFO
28.830072,-1,20,9996.662000,72.175000,328.327047,343.038007,460.000000,819,131.672953,OpenLoop,NoFIFO,false,OpenLoop_NoFIFO
28.840072,-1,20,10000.218000,72.393000,392.259414,350.421218,460.000000,819,67.740586,OpenLoop,NoFIFO,false,OpenLoop_NoFIFO
28.850072,-1,20,10000.070000,72.463000,328.504043,347.133642,460.000000,819,131.495957,OpenLoop,NoFIFO,false,OpenLoop_NoFIFO
28.860071,-1,20,9998.385000,70.848000,313.695029,342.117850,460.000000,819,146.304971,OpenLoop,NoFIFO,false,OpenLoop_NoFIFO
28.870072,-1,20,10001.181000,72.029000,407.166124,351.875091,460.000000,819,52.833876,OpenLoop,NoFIFO,false,OpenLoop_NoFIFO
28.880072,-1,20,10000.459000,72.488000,333.392603,349.102718,460.000000,819,126.607397,OpenLoop,NoFIFO,false,OpenLoop_NoFIFO
28.890073,-1,20,10000.385000,72.873000,301.446945,341.954352,460.000000,819,158.553055,OpenLoop,NoFIFO,false,OpenLoop_NoFIFO
28.900076,-1,20,10003.033000,75.906000,397.620170,350.304225,460.000000,819,62.379830,OpenLoop,NoFIFO,false,OpenLoop_NoFIFO
28.910083,-1,20,10006.829000,82.735000,342.510438,349.135157,460.000000,819,117.489562,OpenLoop,NoFIFO,false,OpenLoop_NoFIFO
28.920075,-1,20,9992.088000,74.823000,295.526188,341.093811,460.000000,819,164.473812,OpenLoop,NoFIFO,false,OpenLoop_NoFIFO
28.930074,-1,20,9999.274000,74.097000,393.700787,348.984858,460.000000,819,66.299213,OpenLoop,NoFIFO,false,OpenLoop_NoFIFO
28.940073,-1,20,9999.033000,73.130000,350.959289,349.281022,460.000000,819,109.040711,OpenLoop,NoFIFO,false,OpenLoop_NoFIFO
28.950074,-1,20,10001.033000,74.163000,296.833773,341.413935,460.000000,819,163.166227,OpenLoop,NoFIFO,false,OpenLoop_NoFIFO
28.960079,-1,20,10005.162000,79.325000,380.369928,347.257334,460.000000,819,79.630072,OpenLoop,NoFIFO,false,OpenLoop_NoFIFO
28.970074,-1,20,9994.922000,74.247000,356.077048,348.580291,460.000000,819,103.922952,OpenLoop,NoFIFO,false,OpenLoop_NoFIFO
28.980073,-1,20,9999.052000,73.299000,303.678852,341.845075,460.000000,819,156.321148,OpenLoop,NoFIFO,false,OpenLoop_NoFIFO
28.990075,-1,20,10001.625000,74.924000,373.010610,346.519906,460.000000,819,86.989390,OpenLoop,NoFIFO,false,OpenLoop_NoFIFO
29.000074,-1,20,9998.922000,73.846000,370.467225,350.112003,460.000000,819,89.532775,OpenLoop,NoFIFO,false,OpenLoop_NoFIFO
29.010087,-1,20,10013.033000,86.879000,307.881773,343.777469,460.000000,819,152.118227,OpenLoop,NoFIFO,false,OpenLoop_NoFIFO
29.020073,-1,20,9985.644000,72.523000,360.576923,346.297387,460.000000,819,99.423077,OpenLoop,NoFIFO,false,OpenLoop_NoFIFO
29.030071,-1,20,9998.681000,71.204000,370.846519,349.979757,460.000000,819,89.153481,OpenLoop,NoFIFO,false,OpenLoop_NoFIFO
29.040081,-1,20,10009.829000,81.033000,312.054208,344.290925,460.000000,819,147.945792,OpenLoop,NoFIFO,false,OpenLoop_NoFIFO
29.050072,-1,20,9991.311000,72.344000,341.263651,343.836833,460.000000,819,118.736349,OpenLoop,NoFIFO,false,OpenLoop_NoFIFO
29.060070,-1,20,9997.552000,69.896000,378.383191,349.018787,460.000000,819,81.616809,OpenLoop,NoFIFO,false,OpenLoop_NoFIFO
29.070071,-1,20,10000.644000,70.540000,313.895089,343.750232,460.000000,819,146.104911,OpenLoop,NoFIFO,false,OpenLoop_NoFIFO
29.080074,-1,20,10003.551000,74.091000,323.127298,340.656792,460.000000,819,136.872702,OpenLoop,NoFIFO,false,OpenLoop_NoFIFO
29.090082,-1,20,10007.477000,81.568000,391.059511,348.217200,460.000000,819,68.940489,OpenLoop,NoFIFO,false,OpenLoop_NoFIFO
29.100071,-1,20,9989.422000,70.990000,323.127298,344.453715,460.000000,819,136.872702,OpenLoop,NoFIFO,false,OpenLoop_NoFIFO
29.110074,-1,20,10002.774000,73.764000,306.706652,338.791655,460.000000,819,153.293348,OpenLoop,NoFIFO,false,OpenLoop_NoFIFO
29.120075,-1,20,10001.274000,75.038000,392.624477,346.866578,460.000000,819,67.375523,OpenLoop,NoFIFO,false,OpenLoop_NoFIFO
29.130081,-1,20,10006.033000,81.071000,335.374243,345.142728,460.000000,819,124.625757,OpenLoop,NoFIFO,false,OpenLoop_NoFIFO
29.140075,-1,20,9993.792000,74.863000,301.170262,338.546858,460.000000,819,158.829738,OpenLoop,NoFIFO,false,OpenLoop_NoFIFO
29.150074,-1,20,9998.699000,73.562000,403.877221,348.346413,460.000000,819,56.122779,OpenLoop,NoFIFO,false,OpenLoop_NoFIFO
29.160073,-1,20,9998.941000,72.503000,347.565497,348.229275,460.000000,819,112.434503,OpenLoop,NoFIFO,false,OpenLoop_NoFIFO
29.170081,-1,20,10008.236000,80.739000,301.223431,341.178399,460.000000,819,158.776569,OpenLoop,NoFIFO,false,OpenLoop_NoFIFO
29.180083,-1,20,10002.181000,82.920000,397.995283,349.700931,460.000000,819,62.004717,OpenLoop,NoFIFO,false,OpenLoop_NoFIFO
29.190077,-1,20,9993.737000,76.657000,353.964401,350.340452,460.000000,819,106.035599,OpenLoop,NoFIFO,false,OpenLoop_NoFIFO
29.200071,-1,20,9994.829000,71.486000,303.624813,343.333106,460.000000,819,156.375187,OpenLoop,NoFIFO,false,OpenLoop_NoFIFO
29.210073,-1,20,10001.496000,72.982000,383.239653,349.319088,460.000000,819,76.760347,OpenLoop,NoFIFO,false,OpenLoop_NoFIFO
29.220073,-1,20,10000.348000,73.330000,362.844702,351.347930,460.000000,819,97.155298,OpenLoop,NoFIFO,false,OpenLoop_NoFIFO
29.230073,-1,20,9999.681000,73.011000,298.295455,343.390059,460.000000,819,161.704545,OpenLoop,NoFIFO,false,OpenLoop_NoFIFO
29.240077,-1,20,10003.644000,76.655000,384.431383,349.546257,460.000000,819,75.568617,OpenLoop,NoFIFO,false,OpenLoop_NoFIFO
29.250072,-1,20,9995.218000,71.873000,360.576923,351.200857,460.000000,819,99.423077,OpenLoop,NoFIFO,false,OpenLoop_NoFIFO
29.260071,-1,20,9999.330000,71.203000,308.076340,344.732180,460.000000,819,151.923660,OpenLoop,NoFIFO,false,OpenLoop_NoFIFO
29.270089,-1,20,10018.162000,89.365000,351.617440,345.764969,460.000000,819,108.382560,OpenLoop,NoFIFO,false,OpenLoop_NoFIFO
29.280075,-1,20,9985.144000,74.509000,372.812831,349.822148,460.000000,819,87.187169,OpenLoop,NoFIFO,false,OpenLoop_NoFIFO
29.290073,-1,20,9998.274000,72.783000,308.388158,343.607050,460.000000,819,151.611842,OpenLoop,NoFIFO,false,OpenLoop_NoFIFO
29.300071,-1,20,9998.237000,71.020000,338.273196,342.806972,460.000000,819,121.726804,OpenLoop,NoFIFO,false,OpenLoop_NoFIFO
29.310069,-1,20,9998.384000,69.404000,380.188454,348.414194,460.000000,819,79.811546,OpenLoop,NoFIFO,false,OpenLoop_NoFIFO
29.320071,-1,20,10001.885000,71.289000,313.720022,343.210068,460.000000,819,146.279978,OpenLoop,NoFIFO,false,OpenLoop_NoFIFO
29.330074,-1,20,10002.496000,73.785000,326.730948,340.738200,460.000000,819,133.269052,OpenLoop,NoFIFO,false,OpenLoop_NoFIFO
29.340072,-1,20,9997.737000,71.522000,392.670157,348.527994,460.000000,819,67.329843,OpenLoop,NoFIFO,false,OpenLoop_NoFIFO
29.350069,-1,20,9997.273000,68.795000,328.870440,345.579361,460.000000,819,131.129560,OpenLoop,NoFIFO,false,OpenLoop_NoFIFO
29.360073,-1,20,10004.626000,73.421000,307.209175,339.823833,460.000000,819,152.790825,OpenLoop,NoFIFO,false,OpenLoop_NoFIFO
29.370073,-1,20,9999.329000,72.750000,405.454109,349.668374,460.000000,819,54.545891,OpenLoop,NoFIFO,false,OpenLoop_NoFIFO
29.380077,-1,20,10004.589000,77.339000,335.677749,347.569780,460.000000,819,124.322251,OpenLoop,NoFIFO,false,OpenLoop_NoFIFO
29.390076,-1,20,9998.477000,75.816000,309.844193,341.910942,460.000000,819,150.155807,OpenLoop,NoFIFO,false,OpenLoop_NoFIFO
29.400072,-1,20,9995.811000,71.627000,397.456280,350.242743,460.000000,819,62.543720,OpenLoop,NoFIFO,false,OpenLoop_NoFIFO
29.410073,-1,20,10001.310000,72.937000,339.673913,348.657418,460.000000,819,120.326087,OpenLoop,NoFIFO,false,OpenLoop_NoFIFO
29.420072,-1,20,9999.200000,72.137000,295.120672,340.626906,460.000000,819,164.879328,OpenLoop,NoFIFO,false,OpenLoop_NoFIFO
29.430072,-1,20,10000.255000,72.392000,390.051395,348.040580,460.000000,819,69.948605,OpenLoop,NoFIFO,false,OpenLoop_NoFIFO
29.440072,-1,20,9999.163000,71.555000,345.940959,347.725637,460.000000,819,114.059041,OpenLoop,NoFIFO,false,OpenLoop_NoFIFO
29.450071,-1,20,9999.644000,71.199000,295.382937,339.874232,460.000000,819,164.617063,OpenLoop,NoFIFO,false,OpenLoop_NoFIFO
29.460072,-1,20,10000.681000,71.880000,384.024578,346.496784,460.000000,819,75.975422,OpenLoop,NoFIFO,false,OpenLoop_NoFIFO
29.470071,-1,20,9999.477000,71.357000,353.773585,347.588304,460.000000,819,106.226415,OpenLoop,NoFIFO,false,OpenLoop_NoFIFO
29.480072,-1,20,10000.422000,71.779000,303.322549,340.948441,460.000000,819,156.677451,OpenLoop,NoFIFO,false,OpenLoop_NoFIFO
29.490072,-1,20,10000.496000,72.275000,368.900839,345.141300,460.000000,819,91.099161,OpenLoop,NoFIFO,false,OpenLoop_NoFIFO
29.500072,-1,20,9999.348000,71.623000,364.368999,348.025455,460.000000,819,95.631001,OpenLoop,NoFIFO,false,OpenLoop_NoFIFO
29.510072,-1,20,10000.125000,71.748000,302.256851,341.160165,460.000000,819,157.743149,OpenLoop,NoFIFO,false,OpenLoop_NoFIFO
29.520071,-1,20,9999.496000,71.244000,361.097737,344.150800,460.000000,819,98.902263,OpenLoop,NoFIFO,false,OpenLoop_NoFIFO
29.530072,-1,20,10000.570000,71.814000,376.606856,349.019209,460.000000,819,83.393144,OpenLoop,NoFIFO,false,OpenLoop_NoFIFO
29.540071,-1,20,9999.126000,70.940000,315.504808,343.992049,460.000000,819,144.495192,OpenLoop,NoFIFO,false,OpenLoop_NoFIFO
29.550069,-1,20,9998.311000,69.251000,337.057011,342.951793,460.000000,819,122.942989,OpenLoop,NoFIFO,false,OpenLoop_NoFIFO
29.560073,-1,20,10003.403000,72.654000,387.773723,349.675082,460.000000,819,72.226277,OpenLoop,NoFIFO,false,OpenLoop_NoFIFO
29.570072,-1,20,9999.088000,71.742000,317.548202,344.856050,460.000000,819,142.451798,OpenLoop,NoFIFO,false,OpenLoop_NoFIFO
29.580071,-1,20,9999.478000,71.220000,324.919131,341.865512,460.000000,819,135.080869,OpenLoop,NoFIFO,false,OpenLoop_NoFIFO
29.590072,-1,20,10000.385000,71.605000,394.792252,349.804523,460.000000,819,65.207748,OpenLoop,NoFIFO,false,OpenLoop_NoFIFO
29.600070,-1,20,9998.662000,70.267000,324.469312,346.004242,460.000000,819,135.530688,OpenLoop,NoFIFO,false,OpenLoop_NoFIFO
29.610073,-1,20,10002.607000,72.874000,306.039173,340.009481,460.000000,819,153.960827,OpenLoop,NoFIFO,false,OpenLoop_NoFIFO
29.620078,-1,20,10005.107000,77.981000,390.805929,347.628948,460.000000,819,69.194071,OpenLoop,NoFIFO,false,OpenLoop_NoFIFO
29.630072,-1,20,9993.737000,71.718000,331.362153,345.188929,460.000000,819,128.637847,OpenLoop,NoFIFO,false,OpenLoop_NoFIFO
29.640070,-1,20,9998.736000,70.454000,298.024523,338.114268,460.000000,819,161.975477,OpenLoop,NoFIFO,false,OpenLoop_NoFIFO
29.650071,-1,20,10000.533000,70.987000,401.929260,347.686517,460.000000,819,58.070740,OpenLoop,NoFIFO,false,OpenLoop_NoFIFO
29.660071,-1,20,9999.589000,70.576000,338.692197,346.337369,460.000000,819,121.307803,OpenLoop,NoFIFO,false,OpenLoop_NoFIFO
29.670071,-1,20,10000.255000,70.831000,298.884166,339.219389,460.000000,819,161.115834,OpenLoop,NoFIFO,false,OpenLoop_NoFIFO
29.680074,-1,20,10002.922000,73.753000,397.620170,347.979506,460.000000,819,62.379830,OpenLoop,NoFIFO,false,OpenLoop_NoFIFO
29.690073,-1,20,9999.588000,73.341000,348.772321,348.098428,460.000000,819,111.227679,OpenLoop,NoFIFO,false,OpenLoop_NoFIFO
29.700072,-1,20,9998.311000,71.652000,301.969772,341.179130,460.000000,819,158.030228,OpenLoop,NoFIFO,false,OpenLoop_NoFIFO
29.710073,-1,20,10000.903000,72.555000,391.777286,348.768853,460.000000,819,68.222714,OpenLoop,NoFIFO,false,OpenLoop_NoFIFO
29.720071,-1,20,9998.256000,70.811000,359.838792,350.429344,460.000000,819,100.161208,OpenLoop,NoFIFO,false,OpenLoop_NoFIFO
29.730076,-1,20,10005.181000,75.992000,299.594395,342.804102,460.000000,819,160.405605,OpenLoop,NoFIFO,false,OpenLoop_NoFIFO
29.740072,-1,20,9996.181000,72.173000,377.212983,347.965434,460.000000,819,82.787017,OpenLoop,NoFIFO,false,OpenLoop_NoFIFO
29.750073,-1,20,10001.236000,73.409000,365.497076,350.595180,460.000000,819,94.502924,OpenLoop,NoFIFO,false,OpenLoop_NoFIFO
29.760072,-1,20,9998.478000,71.887000,306.526660,343.984902,460.000000,819,153.473340,OpenLoop,NoFIFO,false,OpenLoop_NoFIFO
29.770073,-1,20,10000.774000,72.661000,353.273669,345.378217,460.000000,819,106.726331,OpenLoop,NoFIFO,false,OpenLoop_NoFIFO
29.780082,-1,20,10009.532000,82.193000,374.002660,349.671884,460.000000,819,85.997340,OpenLoop,NoFIFO,false,OpenLoop_NoFIFO
29.790076,-1,20,9993.311000,75.504000,308.388158,343.479325,460.000000,819,151.611842,OpenLoop,NoFIFO,false,OpenLoop_NoFIFO
29.800073,-1,20,9997.329000,72.833000,331.439394,341.673335,460.000000,819,128.560606,OpenLoop,NoFIFO,false,OpenLoop_NoFIFO
29.810073,-1,20,10000.404000,73.237000,385.336074,348.222746,460.000000,819,74.663926,OpenLoop,NoFIFO,false,OpenLoop_NoFIFO
29.820073,-1,20,9999.866000,73.103000,317.217595,343.571973,460.000000,819,142.782405,OpenLoop,NoFIFO,false,OpenLoop_NoFIFO
29.830076,-1,20,10002.644000,75.747000,327.034884,341.091410,460.000000,819,132.965116,OpenLoop,NoFIFO,false,OpenLoop_NoFIFO
29.840077,-1,20,10001.200000,76.947000,387.997931,348.127388,460.000000,819,72.002069,OpenLoop,NoFIFO,false,OpenLoop_NoFIFO
29.850081,-1,20,10003.736000,80.683000,327.143569,344.979815,460.000000,819,132.856431,OpenLoop,NoFIFO,false,OpenLoop_NoFIFO
29.860077,-1,20,9996.015000,76.698000,309.484510,339.655519,460.000000,819,150.515490,OpenLoop,NoFIFO,false,OpenLoop_NoFIFO
29.870073,-1,20,9996.237000,72.935000,405.259366,349.496096,460.000000,819,54.740634,OpenLoop,NoFIFO,false,OpenLoop_NoFIFO
29.880073,-1,20,9999.644000,72.579000,332.991803,347.020452,460.000000,819,127.008197,OpenLoop,NoFIFO,false,OpenLoop_NoFIFO
29.890072,-1,20,9999.033000,71.612000,307.233146,341.052356,460.000000,819,152.766854,OpenLoop,NoFIFO,false,OpenLoop_NoFIFO
29.900072,-1,20,10000.070000,71.682000,406.504065,350.870113,460.000000,819,53.495935,OpenLoop,NoFIFO,false,OpenLoop_NoFIFO
29.910081,-1,20,10009.199000,80.881000,346.420323,350.202644,460.000000,819,113.579677,OpenLoop,NoFIFO,false,OpenLoop_NoFIFO
29.920080,-1,20,9999.255000,80.136000,296.990496,342.220822,460.000000,819,163.009504,OpenLoop,NoFIFO,false,OpenLoop_NoFIFO
29.930080,-1,20,9999.663000,79.799000,392.624477,349.781370,460.000000,819,67.375523,OpenLoop,NoFIFO,false,OpenLoop_NoFIFO
29.940075,-1,20,9995.088000,74.887000,347.038604,349.369955,460.000000,819,112.961396,OpenLoop,NoFIFO,false,OpenLoop_NoFIFO
29.950072,-1,20,9997.311000,72.198000,293.391911,340.973249,460.000000,819,166.608089,OpenLoop,NoFIFO,false,OpenLoop_NoFIFO
29.960078,-1,20,10006.255000,78.453000,386.398764,347.787076,460.000000,819,73.601236,OpenLoop,NoFIFO,false,OpenLoop_NoFIFO
29.970072,-1,20,9993.200000,71.653000,352.797291,348.538608,460.000000,819,107.202709,OpenLoop,NoFIFO,false,OpenLoop_NoFIFO
29.980071,-1,20,9999.588000,71.241000,301.446945,341.474859,460.000000,819,158.553055,OpenLoop,NoFIFO,false,OpenLoop_NoFIFO
29.990070,-1,20,9998.385000,69.626000,361.722651,344.512028,460.000000,819,98.277349,OpenLoop,NoFIFO,false,OpenLoop_NoFIFO
