elapsed_s,step_index,pwm_percent,loop_period_us,late_us,raw_rpm,filtered_rpm,target_rpm,pwm,error_rpm,intended_mode,intended_fifo,fifo_active,condition
0.010077,-1,20,10076.570000,76.570000,174.418605,174.418605,460.000000,819,285.581395,OpenLoop,NoFIFO,false,OpenLoop_NoFIFO
0.020074,-1,20,9997.478000,74.048000,287.136294,191.326258,460.000000,819,172.863706,OpenLoop,NoFIFO,false,OpenLoop_NoFIFO
0.030072,-1,20,9998.441000,72.489000,220.796043,195.746726,460.000000,819,239.203957,OpenLoop,NoFIFO,false,OpenLoop_NoFIFO
0.040082,-1,20,10009.311000,81.800000,171.973270,192.180708,460.000000,819,288.026730,OpenLoop,NoFIFO,false,OpenLoop_NoFIFO
0.050078,-1,20,9996.015000,77.815000,261.142061,202.524911,460.000000,819,198.857939,OpenLoop,NoFIFO,false,OpenLoop_NoFIFO
0.060072,-1,20,9994.570000,72.385000,224.401596,205.806413,460.000000,819,235.598404,OpenLoop,NoFIFO,false,OpenLoop_NoFIFO
0.070072,-1,20,9999.756000,72.141000,170.543139,200.516922,460.000000,819,289.456861,OpenLoop,NoFIFO,false,OpenLoop_NoFIFO
0.080072,-1,20,9999.477000,71.618000,247.183605,207.516925,460.000000,819,212.816395,OpenLoop,NoFIFO,false,OpenLoop_NoFIFO
0.090082,-1,20,10009.922000,81.540000,237.462006,212.008687,460.000000,819,222.537994,OpenLoop,NoFIFO,false,OpenLoop_NoFIFO
0.100072,-1,20,9990.941000,72.481000,183.105469,207.673204,460.000000,819,276.894531,OpenLoop,NoFIFO,false,OpenLoop_NoFIFO
0.110070,-1,20,9997.626000,70.107000,256.402287,214.982567,460.000000,819,203.597713,OpenLoop,NoFIFO,false,OpenLoop_NoFIFO
0.120074,-1,20,10003.793000,73.900000,260.272071,221.775992,460.000000,819,199.727929,OpenLoop,NoFIFO,false,OpenLoop_NoFIFO
0.130071,-1,20,9996.922000,70.822000,206.396771,219.469109,460.000000,819,253.603229,OpenLoop,NoFIFO,false,OpenLoop_NoFIFO
0.140070,-1,20,9998.867000,69.689000,229.779412,221.015655,460.000000,819,230.220588,OpenLoop,NoFIFO,false,OpenLoop_NoFIFO
0.150070,-1,20,9999.885000,69.574000,265.205092,227.644070,460.000000,819,194.794908,OpenLoop,NoFIFO,false,OpenLoop_NoFIFO
0.160069,-1,20,9999.515000,69.089000,192.702980,222.402907,460.000000,819,267.297020,OpenLoop,NoFIFO,false,OpenLoop_NoFIFO
0.170070,-1,20,10000.644000,69.733000,212.104072,220.858082,460.000000,819,247.895928,OpenLoop,NoFIFO,false,OpenLoop_NoFIFO
0.180070,-1,20,10000.145000,69.878000,276.030514,229.133946,460.000000,819,183.969486,OpenLoop,NoFIFO,false,OpenLoop_NoFIFO
0.190071,-1,20,10001.589000,71.467000,202.824519,225.187532,460.000000,819,257.175481,OpenLoop,NoFIFO,false,OpenLoop_NoFIFO
0.200071,-1,20,9999.237000,70.704000,187.781673,219.576653,460.000000,819,272.218327,OpenLoop,NoFIFO,false,OpenLoop_NoFIFO
0.210070,-1,20,9999.607000,70.311000,261.871508,225.920882,460.000000,819,198.128492,OpenLoop,NoFIFO,false,OpenLoop_NoFIFO
0.220071,-1,20,10000.682000,70.993000,197.904101,221.718365,460.000000,819,262.095899,OpenLoop,NoFIFO,false,OpenLoop_NoFIFO
0.230069,-1,20,9998.052000,69.045000,168.387966,213.718805,460.000000,819,291.612034,OpenLoop,NoFIFO,false,OpenLoop_NoFIFO
0.240076,-1,20,10006.718000,75.763000,278.716216,223.468416,460.000000,819,181.283784,OpenLoop,NoFIFO,false,OpenLoop_NoFIFO
0.250070,-1,20,9993.737000,69.500000,210.674157,221.549278,460.000000,819,249.325843,OpenLoop,NoFIFO,false,OpenLoop_NoFIFO
0.260073,-1,20,10003.385000,72.885000,171.973270,214.112877,460.000000,819,288.026730,OpenLoop,NoFIFO,false,OpenLoop_NoFIFO
0.270068,-1,20,9995.108000,67.993000,283.661120,224.545113,460.000000,819,176.338880,OpenLoop,NoFIFO,false,OpenLoop_NoFIFO
0.280070,-1,20,10002.385000,70.378000,234.492246,226.037183,460.000000,819,225.507754,OpenLoop,NoFIFO,false,OpenLoop_NoFIFO
0.290069,-1,20,9999.033000,69.411000,185.643564,219.978140,460.000000,819,274.356436,OpenLoop,NoFIFO,false,OpenLoop_NoFIFO
0.300071,-1,20,10001.793000,71.204000,277.068780,228.541736,460.000000,819,182.931220,OpenLoop,NoFIFO,false,OpenLoop_NoFIFO
0.310069,-1,20,9997.941000,69.145000,247.183605,231.338016,460.000000,819,212.816395,OpenLoop,NoFIFO,false,OpenLoop_NoFIFO
0.320092,-1,20,10022.644000,91.789000,182.481752,224.009577,460.000000,819,277.518248,OpenLoop,NoFIFO,false,OpenLoop_NoFIFO
0.330077,-1,20,9985.256000,77.045000,271.476834,231.129665,460.000000,819,188.523166,OpenLoop,NoFIFO,false,OpenLoop_NoFIFO
0.340075,-1,20,9998.107000,75.152000,248.015873,233.662597,460.000000,819,211.984127,OpenLoop,NoFIFO,false,OpenLoop_NoFIFO
0.350072,-1,20,9997.015000,72.167000,189.997105,227.112773,460.000000,819,270.002895,OpenLoop,NoFIFO,false,OpenLoop_NoFIFO
0.360073,-1,20,10000.348000,72.515000,246.494303,230.020002,460.000000,819,213.505697,OpenLoop,NoFIFO,false,OpenLoop_NoFIFO
0.370074,-1,20,10001.885000,74.400000,256.990132,234.065522,460.000000,819,203.009868,OpenLoop,NoFIFO,false,OpenLoop_NoFIFO
0.380072,-1,20,9997.738000,72.138000,192.802057,227.876002,460.000000,819,267.197943,OpenLoop,NoFIFO,false,OpenLoop_NoFIFO
0.390073,-1,20,10000.496000,72.634000,229.666830,228.144626,460.000000,819,230.333170,OpenLoop,NoFIFO,false,OpenLoop_NoFIFO
0.400074,-1,20,10001.089000,73.723000,278.052397,235.630792,460.000000,819,181.947603,OpenLoop,NoFIFO,false,OpenLoop_NoFIFO
0.410072,-1,20,9998.681000,72.404000,207.296849,231.380700,460.000000,819,252.703151,OpenLoop,NoFIFO,false,OpenLoop_NoFIFO
0.420071,-1,20,9998.256000,70.660000,221.488402,229.896856,460.000000,819,238.511598,OpenLoop,NoFIFO,false,OpenLoop_NoFIFO
0.430073,-1,20,10002.681000,73.341000,286.299278,238.357219,460.000000,819,173.700722,OpenLoop,NoFIFO,false,OpenLoop_NoFIFO
0.440073,-1,20,9999.441000,72.782000,216.312875,235.050567,460.000000,819,243.687125,OpenLoop,NoFIFO,false,OpenLoop_NoFIFO
0.450072,-1,20,9999.385000,72.167000,200.534759,229.873196,460.000000,819,259.465241,OpenLoop,NoFIFO,false,OpenLoop_NoFIFO
0.460080,-1,20,10008.219000,80.386000,305.604313,241.232864,460.000000,819,154.395687,OpenLoop,NoFIFO,false,OpenLoop_NoFIFO
0.470078,-1,20,9997.126000,77.512000,228.287338,239.291035,460.000000,819,231.712662,OpenLoop,NoFIFO,false,OpenLoop_NoFIFO
0.480072,-1,20,9994.941000,72.453000,196.220930,232.830519,460.000000,819,263.779070,OpenLoop,NoFIFO,false,OpenLoop_NoFIFO
0.490075,-1,20,10002.255000,74.708000,291.904515,241.691618,460.000000,819,168.095485,OpenLoop,NoFIFO,false,OpenLoop_NoFIFO
0.500073,-1,20,9997.922000,72.630000,235.123119,240.706344,460.000000,819,224.876881,OpenLoop,NoFIFO,false,OpenLoop_NoFIFO
0.510072,-1,20,9999.812000,72.442000,181.585501,231.838217,460.000000,819,278.414499,OpenLoop,NoFIFO,false,OpenLoop_NoFIFO
0.520074,-1,20,10001.681000,74.123000,296.409214,241.523867,460.000000,819,163.590786,OpenLoop,NoFIFO,false,OpenLoop_NoFIFO
0.530141,-1,20,10066.385000,140.508000,242.373320,241.651285,460.000000,819,217.626680,OpenLoop,NoFIFO,false,OpenLoop_NoFIFO
0.540076,-1,20,9935.626000,76.134000,193.598348,234.443344,460.000000,819,266.401652,OpenLoop,NoFIFO,false,OpenLoop_NoFIFO
0.550075,-1,20,9999.126000,75.260000,283.694134,241.830963,460.000000,819,176.305866,OpenLoop,NoFIFO,false,OpenLoop_NoFIFO
0.560072,-1,20,9996.478000,71.738000,252.968160,243.501542,460.000000,819,207.031840,OpenLoop,NoFIFO,false,OpenLoop_NoFIFO
0.570072,-1,20,10000.367000,72.105000,193.965517,236.071138,460.000000,819,266.034483,OpenLoop,NoFIFO,false,OpenLoop_NoFIFO
0.580074,-1,20,10002.163000,74.268000,299.840085,245.636480,460.000000,819,160.159915,OpenLoop,NoFIFO,false,OpenLoop_NoFIFO
0.590072,-1,20,9998.052000,72.320000,266.840607,248.817099,460.000000,819,193.159393,OpenLoop,NoFIFO,false,OpenLoop_NoFIFO
0.600086,-1,20,10013.551000,85.871000,210.319686,243.042487,460.000000,819,249.680314,OpenLoop,NoFIFO,false,OpenLoop_NoFIFO
0.610080,-1,20,9994.275000,80.146000,261.738579,245.846901,460.000000,819,198.261421,OpenLoop,NoFIFO,false,OpenLoop_NoFIFO
0.620073,-1,20,9992.829000,72.975000,280.947441,251.111982,460.000000,819,179.052559,OpenLoop,NoFIFO,false,OpenLoop_NoFIFO
0.630072,-1,20,9999.311000,72.286000,208.849010,244.772536,460.000000,819,251.150990,OpenLoop,NoFIFO,false,OpenLoop_NoFIFO
0.640072,-1,20,10000.145000,72.431000,262.404580,247.417343,460.000000,819,197.595420,OpenLoop,NoFIFO,false,OpenLoop_NoFIFO
0.650074,-1,20,10001.422000,73.853000,293.674699,254.355946,460.000000,819,166.325301,OpenLoop,NoFIFO,false,OpenLoop_NoFIFO
0.660073,-1,20,9999.311000,73.164000,223.806366,249.773509,460.000000,819,236.193634,OpenLoop,NoFIFO,false,OpenLoop_NoFIFO
0.670076,-1,20,10003.108000,76.272000,240.272600,248.348373,460.000000,819,219.727400,OpenLoop,NoFIFO,false,OpenLoop_NoFIFO
0.680082,-1,20,10005.514000,81.786000,297.461660,255.715366,460.000000,819,162.538340,OpenLoop,NoFIFO,false,OpenLoop_NoFIFO
0.690076,-1,20,9994.312000,76.098000,224.760256,251.072099,460.000000,819,235.239744,OpenLoop,NoFIFO,false,OpenLoop_NoFIFO
0.700075,-1,20,9998.922000,75.020000,221.212836,246.593210,460.000000,819,238.787164,OpenLoop,NoFIFO,false,OpenLoop_NoFIFO
0.710076,-1,20,10000.885000,75.905000,300.480769,254.676344,460.000000,819,159.519231,OpenLoop,NoFIFO,false,OpenLoop_NoFIFO
0.720079,-1,20,10003.496000,79.401000,227.327837,250.574068,460.000000,819,232.672163,OpenLoop,NoFIFO,false,OpenLoop_NoFIFO
0.730076,-1,20,9996.978000,76.379000,191.914023,241.775061,460.000000,819,268.085977,OpenLoop,NoFIFO,false,OpenLoop_NoFIFO
0.740077,-1,20,10000.367000,76.746000,297.619048,250.151659,460.000000,819,162.380952,OpenLoop,NoFIFO,false,OpenLoop_NoFIFO
0.750075,-1,20,9998.255000,75.001000,231.672158,247.379734,460.000000,819,228.327842,OpenLoop,NoFIFO,false,OpenLoop_NoFIFO
0.760074,-1,20,9999.071000,74.072000,197.877580,239.954411,460.000000,819,262.122420,OpenLoop,NoFIFO,false,OpenLoop_NoFIFO
0.770079,-1,20,10005.292000,79.364000,303.398058,249.470958,460.000000,819,156.601942,OpenLoop,NoFIFO,false,OpenLoop_NoFIFO
0.780077,-1,20,9997.312000,76.676000,251.279240,249.742200,460.000000,819,208.720760,OpenLoop,NoFIFO,false,OpenLoop_NoFIFO
0.790083,-1,20,10005.848000,82.524000,198.833510,242.105897,460.000000,819,261.166490,OpenLoop,NoFIFO,false,OpenLoop_NoFIFO
0.800078,-1,20,9995.181000,77.705000,299.520767,250.718127,460.000000,819,160.479233,OpenLoop,NoFIFO,false,OpenLoop_NoFIFO
0.810069,-1,20,9990.960000,68.665000,257.838284,251.786151,460.000000,819,202.161716,OpenLoop,NoFIFO,false,OpenLoop_NoFIFO
0.820071,-1,20,10002.311000,70.976000,208.745670,245.330079,460.000000,819,251.254330,OpenLoop,NoFIFO,false,OpenLoop_NoFIFO
0.830075,-1,20,10003.866000,74.842000,273.989284,249.628959,460.000000,819,186.010716,OpenLoop,NoFIFO,false,OpenLoop_NoFIFO
0.840073,-1,20,9998.145000,72.987000,268.240343,252.420667,460.000000,819,191.759657,OpenLoop,NoFIFO,false,OpenLoop_NoFIFO
0.850073,-1,20,9999.626000,72.613000,211.505922,246.283455,460.000000,819,248.494078,OpenLoop,NoFIFO,false,OpenLoop_NoFIFO
0.860069,-1,20,9996.811000,69.424000,273.262332,250.330287,460.000000,819,186.737668,OpenLoop,NoFIFO,false,OpenLoop_NoFIFO
0.870073,-1,20,10003.478000,72.902000,288.542250,256.062081,460.000000,819,171.457750,OpenLoop,NoFIFO,false,OpenLoop_NoFIFO
0.880070,-1,20,9996.867000,69.769000,228.759982,251.966766,460.000000,819,231.240018,OpenLoop,NoFIFO,false,OpenLoop_NoFIFO
0.890074,-1,20,10004.051000,73.820000,267.347909,254.273938,460.000000,819,192.652091,OpenLoop,NoFIFO,false,OpenLoop_NoFIFO
0.900075,-1,20,10000.867000,74.687000,288.058659,259.341646,460.000000,819,171.941341,OpenLoop,NoFIFO,false,OpenLoop_NoFIFO
0.910077,-1,20,10002.089000,76.776000,223.640267,253.986439,460.000000,819,236.359733,OpenLoop,NoFIFO,false,OpenLoop_NoFIFO
0.920087,-1,20,10010.552000,87.328000,241.250643,252.076070,460.000000,819,218.749357,OpenLoop,NoFIFO,false,OpenLoop_NoFIFO
0.930075,-1,20,9987.755000,75.083000,305.516760,260.092173,460.000000,819,154.483240,OpenLoop,NoFIFO,false,OpenLoop_NoFIFO
0.940073,-1,20,9997.552000,72.635000,237.944162,256.769972,460.000000,819,222.055838,OpenLoop,NoFIFO,false,OpenLoop_NoFIFO
0.950072,-1,20,9999.126000,71.761000,225.144092,252.026090,460.000000,819,234.855908,OpenLoop,NoFIFO,false,OpenLoop_NoFIFO
0.960072,-1,20,10000.293000,72.054000,315.248319,261.509424,460.000000,819,144.751681,OpenLoop,NoFIFO,false,OpenLoop_NoFIFO
0.970075,-1,20,10002.515000,74.569000,246.710526,259.289589,460.000000,819,213.289474,OpenLoop,NoFIFO,false,OpenLoop_NoFIFO
0.980072,-1,20,9997.459000,72.028000,217.461340,253.015352,460.000000,819,242.538660,OpenLoop,NoFIFO,false,OpenLoop_NoFIFO
0.990078,-1,20,10005.552000,77.580000,311.609687,261.804502,460.000000,819,148.390313,OpenLoop,NoFIFO,false,OpenLoop_NoFIFO
1.000076,-1,20,9998.218000,75.798000,252.831715,260.458584,460.000000,819,207.168285,OpenLoop,NoFIFO,false,OpenLoop_NoFIFO
1.010075,-1,20,9999.423000,75.221000,205.491963,252.213591,460.000000,819,254.508037,OpenLoop,NoFIFO,false,OpenLoop_NoFIFO
1.020071,-1,20,9995.903000,71.124000,316.722973,261.889998,460.000000,819,143.277027,OpenLoop,NoFIFO,false,OpenLoop_NoFIFO
1.030082,-1,20,10010.386000,81.510000,258.739650,261.417446,460.000000,819,201.260350,OpenLoop,NoFIFO,false,OpenLoop_NoFIFO
1.040079,-1,20,9997.885000,79.395000,203.472599,252.725719,460.000000,819,256.527401,OpenLoop,NoFIFO,false,OpenLoop_NoFIFO
1.050074,-1,20,9994.126000,73.521000,302.719821,260.224834,460.000000,819,157.280179,OpenLoop,NoFIFO,false,OpenLoop_NoFIFO
1.060072,-1,20,9998.367000,71.888000,264.456982,260.859656,460.000000,819,195.543018,OpenLoop,NoFIFO,false,OpenLoop_NoFIFO
1.070075,-1,20,10002.755000,74.643000,210.832084,253.355521,460.000000,819,249.167916,OpenLoop,NoFIFO,false,OpenLoop_NoFIFO
1.080072,-1,20,9997.108000,71.751000,307.609793,261.493661,460.000000,819,152.390207,OpenLoop,NoFIFO,false,OpenLoop_NoFIFO
1.090081,-1,20,10008.940000,80.691000,283.661120,264.818780,460.000000,819,176.338880,OpenLoop,NoFIFO,false,OpenLoop_NoFIFO
1.100076,-1,20,9995.737000,76.428000,217.798141,257.765684,460.000000,819,242.201859,OpenLoop,NoFIFO,false,OpenLoop_NoFIFO
1.110086,-1,20,10009.978000,86.406000,289.077324,262.462430,460.000000,819,170.922676,OpenLoop,NoFIFO,false,OpenLoop_NoFIFO
1.120077,-1,20,9990.274000,76.680000,286.989796,266.141535,460.000000,819,173.010204,OpenLoop,NoFIFO,false,OpenLoop_NoFIFO
1.130082,-1,20,10005.478000,82.158000,224.640575,259.916391,460.000000,819,235.359425,OpenLoop,NoFIFO,false,OpenLoop_NoFIFO
1.140107,-1,20,10024.774000,106.932000,270.592806,261.517853,460.000000,819,189.407194,OpenLoop,NoFIFO,false,OpenLoop_NoFIFO
1.150073,-1,20,9966.256000,73.188000,298.725438,267.098991,460.000000,819,161.274562,OpenLoop,NoFIFO,false,OpenLoop_NoFIFO
1.160069,-1,20,9996.089000,69.277000,229.329746,261.433604,460.000000,819,230.670254,OpenLoop,NoFIFO,false,OpenLoop_NoFIFO
1.170080,-1,20,10010.348000,79.625000,250.668449,259.818831,460.000000,819,209.331551,OpenLoop,NoFIFO,false,OpenLoop_NoFIFO
1.180075,-1,20,9995.515000,75.140000,306.802244,266.866343,460.000000,819,153.197756,OpenLoop,NoFIFO,false,OpenLoop_NoFIFO
1.190073,-1,20,9997.996000,73.136000,231.164384,261.511049,460.000000,819,228.835616,OpenLoop,NoFIFO,false,OpenLoop_NoFIFO
1.200074,-1,20,10000.719000,73.855000,225.468975,256.104738,460.000000,819,234.531025,OpenLoop,NoFIFO,false,OpenLoop_NoFIFO
1.210072,-1,20,9998.459000,72.314000,319.881890,265.671311,460.000000,819,140.118110,OpenLoop,NoFIFO,false,OpenLoop_NoFIFO
1.220071,-1,20,9998.774000,71.088000,242.647059,262.217673,460.000000,819,217.352941,OpenLoop,NoFIFO,false,OpenLoop_NoFIFO
1.230079,-1,20,10007.478000,78.566000,215.792839,255.253948,460.000000,819,244.207161,OpenLoop,NoFIFO,false,OpenLoop_NoFIFO
1.240099,-1,20,10020.700000,99.266000,311.064319,263.625503,460.000000,819,148.935681,OpenLoop,NoFIFO,false,OpenLoop_NoFIFO
1.250072,-1,20,9973.126000,72.392000,255.259901,262.370663,460.000000,819,204.740099,OpenLoop,NoFIFO,false,OpenLoop_NoFIFO
1.260075,-1,20,10002.200000,74.592000,212.210765,254.846678,460.000000,819,247.789235,OpenLoop,NoFIFO,false,OpenLoop_NoFIFO
1.270072,-1,20,9997.885000,72.477000,323.104454,265.085345,460.000000,819,136.895546,OpenLoop,NoFIFO,false,OpenLoop_NoFIFO
1.280072,-1,20,9999.126000,71.603000,267.347909,265.424729,460.000000,819,192.652091,OpenLoop,NoFIFO,false,OpenLoop_NoFIFO
1.290074,-1,20,10002.607000,74.210000,209.544032,257.042625,460.000000,819,250.455968,OpenLoop,NoFIFO,false,OpenLoop_NoFIFO
1.300072,-1,20,9997.682000,71.892000,321.061644,266.645478,460.000000,819,138.938356,OpenLoop,NoFIFO,false,OpenLoop_NoFIFO
1.310072,-1,20,9999.644000,71.536000,268.240343,266.884707,460.000000,819,191.759657,OpenLoop,NoFIFO,false,OpenLoop_NoFIFO
1.320074,-1,20,10002.386000,73.922000,221.224436,260.035667,460.000000,819,238.775564,OpenLoop,NoFIFO,false,OpenLoop_NoFIFO
1.330077,-1,20,10003.126000,77.048000,298.566879,265.815349,460.000000,819,161.433121,OpenLoop,NoFIFO,false,OpenLoop_NoFIFO
1.340109,-1,20,10031.551000,108.599000,282.379518,268.299974,460.000000,819,177.620482,OpenLoop,NoFIFO,false,OpenLoop_NoFIFO
1.350089,-1,20,9980.071000,88.670000,223.569157,261.590352,460.000000,819,236.430843,OpenLoop,NoFIFO,false,OpenLoop_NoFIFO
1.360076,-1,20,9987.718000,76.388000,284.621672,265.045050,460.000000,819,175.378328,OpenLoop,NoFIFO,false,OpenLoop_NoFIFO
1.370074,-1,20,9997.997000,74.385000,301.446945,270.505334,460.000000,819,158.553055,OpenLoop,NoFIFO,false,OpenLoop_NoFIFO
1.380073,-1,20,9998.404000,72.789000,229.904632,264.415229,460.000000,819,230.095368,OpenLoop,NoFIFO,false,OpenLoop_NoFIFO
1.390072,-1,20,9999.588000,72.377000,273.589494,265.791369,460.000000,819,186.410506,OpenLoop,NoFIFO,false,OpenLoop_NoFIFO
1.400081,-1,20,10008.182000,80.559000,307.920667,272.110763,460.000000,819,152.079333,OpenLoop,NoFIFO,false,OpenLoop_NoFIFO
1.410075,-1,20,9994.737000,75.296000,237.582362,266.931503,460.000000,819,222.417638,OpenLoop,NoFIFO,false,OpenLoop_NoFIFO
1.420068,-1,20,9993.089000,68.385000,254.127649,265.010925,460.000000,819,205.872351,OpenLoop,NoFIFO,false,OpenLoop_NoFIFO
1.430073,-1,20,10004.663000,73.048000,308.232170,271.494112,460.000000,819,151.767830,OpenLoop,NoFIFO,false,OpenLoop_NoFIFO
1.440103,-1,20,10030.255000,103.303000,230.684055,265.372603,460.000000,819,229.315945,OpenLoop,NoFIFO,false,OpenLoop_NoFIFO
1.450073,-1,20,9970.034000,73.337000,233.790524,260.635291,460.000000,819,226.209476,OpenLoop,NoFIFO,false,OpenLoop_NoFIFO
1.460073,-1,20,9999.774000,73.111000,315.411491,268.851721,460.000000,819,144.588509,OpenLoop,NoFIFO,false,OpenLoop_NoFIFO
1.470072,-1,20,9998.885000,71.996000,252.016129,266.326382,460.000000,819,207.983871,OpenLoop,NoFIFO,false,OpenLoop_NoFIFO
1.480072,-1,20,10000.052000,72.048000,219.726562,259.336409,460.000000,819,240.273438,OpenLoop,NoFIFO,false,OpenLoop_NoFIFO
1.490085,-1,20,10012.774000,84.822000,320.915107,268.573214,460.000000,819,139.084893,OpenLoop,NoFIFO,false,OpenLoop_NoFIFO
1.500077,-1,20,9991.904000,76.726000,255.310458,266.583801,460.000000,819,204.689542,OpenLoop,NoFIFO,false,OpenLoop_NoFIFO
1.510072,-1,20,9995.089000,71.815000,222.156398,259.919690,460.000000,819,237.843602,OpenLoop,NoFIFO,false,OpenLoop_NoFIFO
1.520082,-1,20,10010.033000,81.848000,314.434985,268.096984,460.000000,819,145.565015,OpenLoop,NoFIFO,false,OpenLoop_NoFIFO
1.530076,-1,20,9994.293000,76.141000,264.287545,267.525568,460.000000,819,195.712455,OpenLoop,NoFIFO,false,OpenLoop_NoFIFO
1.540072,-1,20,9996.237000,72.378000,218.023256,260.100222,460.000000,819,241.976744,OpenLoop,NoFIFO,false,OpenLoop_NoFIFO
1.550072,-1,20,9999.274000,71.652000,317.151556,268.657922,460.000000,819,142.848444,OpenLoop,NoFIFO,false,OpenLoop_NoFIFO
1.560073,-1,20,10000.996000,72.648000,288.058659,271.568032,460.000000,819,171.941341,OpenLoop,NoFIFO,false,OpenLoop_NoFIFO
1.570071,-1,20,9998.775000,71.423000,231.014785,265.485045,460.000000,819,228.985215,OpenLoop,NoFIFO,false,OpenLoop_NoFIFO
1.580073,-1,20,10001.237000,72.660000,323.447452,274.179406,460.000000,819,136.552548,OpenLoop,NoFIFO,false,OpenLoop_NoFIFO
1.590071,-1,20,9998.292000,70.952000,287.712465,276.209365,460.000000,819,172.287535,OpenLoop,NoFIFO,false,OpenLoop_NoFIFO
1.600084,-1,20,10012.737000,83.689000,229.404568,269.188645,460.000000,819,230.595432,OpenLoop,NoFIFO,false,OpenLoop_NoFIFO
1.610078,-1,20,9994.534000,78.223000,287.848370,271.987604,460.000000,819,172.151630,OpenLoop,NoFIFO,false,OpenLoop_NoFIFO
1.620072,-1,20,9993.848000,72.071000,293.887147,275.272536,460.000000,819,166.112853,OpenLoop,NoFIFO,false,OpenLoop_NoFIFO
1.630075,-1,20,10002.737000,74.808000,227.794276,268.150797,460.000000,819,232.205724,OpenLoop,NoFIFO,false,OpenLoop_NoFIFO
1.640073,-1,20,9997.885000,72.693000,264.208549,267.559460,460.000000,819,195.791451,OpenLoop,NoFIFO,false,OpenLoop_NoFIFO
1.650083,-1,20,10010.367000,83.060000,304.242003,273.061841,460.000000,819,155.757997,OpenLoop,NoFIFO,false,OpenLoop_NoFIFO
1.660076,-1,20,9993.218000,76.278000,232.182168,266.929890,460.000000,819,227.817832,OpenLoop,NoFIFO,false,OpenLoop_NoFIFO
1.670072,-1,20,9995.775000,72.053000,259.935305,265.880702,460.000000,819,200.064695,OpenLoop,NoFIFO,false,OpenLoop_NoFIFO
1.680078,-1,20,10005.940000,77.993000,312.500000,272.873597,460.000000,819,147.500000,OpenLoop,NoFIFO,false,OpenLoop_NoFIFO
1.690076,-1,20,9997.719000,75.712000,246.710526,268.949136,460.000000,819,213.289474,OpenLoop,NoFIFO,false,OpenLoop_NoFIFO
1.700072,-1,20,9996.755000,72.467000,238.428281,264.371008,460.000000,819,221.571719,OpenLoop,NoFIFO,false,OpenLoop_NoFIFO
1.710071,-1,20,9998.923000,71.390000,316.722973,272.223803,460.000000,819,143.277027,OpenLoop,NoFIFO,false,OpenLoop_NoFIFO
1.720072,-1,20,10000.755000,72.145000,245.804929,268.260972,460.000000,819,214.195071,OpenLoop,NoFIFO,false,OpenLoop_NoFIFO
1.730079,-1,20,10007.182000,79.327000,224.282297,261.664170,460.000000,819,235.717703,OpenLoop,NoFIFO,false,OpenLoop_NoFIFO
1.740075,-1,20,9995.922000,75.249000,321.355119,270.617813,460.000000,819,138.644881,OpenLoop,NoFIFO,false,OpenLoop_NoFIFO
1.750068,-1,20,9993.034000,68.283000,267.551370,270.157846,460.000000,819,192.448630,OpenLoop,NoFIFO,false,OpenLoop_NoFIFO
1.760072,-1,20,10003.385000,71.668000,227.649007,263.781520,460.000000,819,232.350993,OpenLoop,NoFIFO,false,OpenLoop_NoFIFO
1.770073,-1,20,10001.033000,72.701000,332.446809,274.081314,460.000000,819,127.553191,OpenLoop,NoFIFO,false,OpenLoop_NoFIFO
1.780072,-1,20,9998.959000,71.660000,278.716216,274.776549,460.000000,819,181.283784,OpenLoop,NoFIFO,false,OpenLoop_NoFIFO
1.790071,-1,20,9999.200000,70.860000,231.637466,268.305687,460.000000,819,228.362534,OpenLoop,NoFIFO,false,OpenLoop_NoFIFO
1.800071,-1,20,10000.497000,71.357000,329.036177,277.415260,460.000000,819,130.963823,OpenLoop,NoFIFO,false,OpenLoop_NoFIFO
1.810071,-1,20,9999.589000,70.946000,280.947441,277.945087,460.000000,819,179.052559,OpenLoop,NoFIFO,false,OpenLoop_NoFIFO
1.820072,-1,20,10000.681000,71.627000,232.694429,271.157489,460.000000,819,227.305571,OpenLoop,NoFIFO,false,OpenLoop_NoFIFO
1.830070,-1,20,9998.515000,70.142000,307.665260,276.633654,460.000000,819,152.334740,OpenLoop,NoFIFO,false,OpenLoop_NoFIFO
1.840069,-1,20,9999.348000,69.490000,293.580376,279.175663,460.000000,819,166.419624,OpenLoop,NoFIFO,false,OpenLoop_NoFIFO
1.850072,-1,20,10002.311000,71.801000,224.389660,270.957762,460.000000,819,235.610340,OpenLoop,NoFIFO,false,OpenLoop_NoFIFO
1.860073,-1,20,10001.219000,73.020000,292.968750,274.259410,460.000000,819,167.031250,OpenLoop,NoFIFO,false,OpenLoop_NoFIFO
1.870081,-1,20,10008.015000,81.035000,301.670792,278.371118,460.000000,819,158.329208,OpenLoop,NoFIFO,false,OpenLoop_NoFIFO
1.880075,-1,20,9994.163000,75.198000,234.375000,271.771700,460.000000,819,225.625000,OpenLoop,NoFIFO,false,OpenLoop_NoFIFO
1.890071,-1,20,9995.792000,70.990000,273.876404,272.087406,460.000000,819,186.123596,OpenLoop,NoFIFO,false,OpenLoop_NoFIFO
1.900072,-1,20,10001.163000,72.153000,306.205770,277.205160,460.000000,819,153.794230,OpenLoop,NoFIFO,false,OpenLoop_NoFIFO
1.910072,-1,20,9999.645000,71.798000,242.304981,271.970133,460.000000,819,217.695019,OpenLoop,NoFIFO,false,OpenLoop_NoFIFO
1.920072,-1,20,10000.478000,72.276000,250.000000,268.674613,460.000000,819,210.000000,OpenLoop,NoFIFO,false,OpenLoop_NoFIFO
1.930072,-1,20,10000.200000,72.476000,317.950581,276.066009,460.000000,819,142.049419,OpenLoop,NoFIFO,false,OpenLoop_NoFIFO
1.940072,-1,20,9999.922000,72.398000,249.202552,272.036490,460.000000,819,210.797448,OpenLoop,NoFIFO,false,OpenLoop_NoFIFO
1.950072,-1,20,9999.737000,72.135000,241.171656,267.406765,460.000000,819,218.828344,OpenLoop,NoFIFO,false,OpenLoop_NoFIFO
1.960073,-1,20,10000.441000,72.576000,318.722681,275.104152,460.000000,819,141.277319,OpenLoop,NoFIFO,false,OpenLoop_NoFIFO
1.970071,-1,20,9998.904000,71.480000,253.502950,271.863972,460.000000,819,206.497050,OpenLoop,NoFIFO,false,OpenLoop_NoFIFO
1.980072,-1,20,10000.366000,71.846000,235.080241,266.346412,460.000000,819,224.919759,OpenLoop,NoFIFO,false,OpenLoop_NoFIFO
1.990073,-1,20,10001.015000,72.861000,330.271766,275.935215,460.000000,819,129.728234,OpenLoop,NoFIFO,false,OpenLoop_NoFIFO
2.000073,-1,20,9999.996000,72.857000,271.476834,275.266458,460.000000,819,188.523166,OpenLoop,NoFIFO,false,OpenLoop_NoFIFO
2.010072,-1,20,9999.312000,72.169000,234.896993,269.211038,460.000000,819,225.103007,OpenLoop,NoFIFO,false,OpenLoop_NoFIFO
2.020072,-1,20,9999.996000,72.165000,330.571227,278.415067,460.000000,819,129.428773,OpenLoop,NoFIFO,false,OpenLoop_NoFIFO
2.030072,-1,20,9999.515000,71.680000,279.433681,278.567859,460.000000,819,180.566319,OpenLoop,NoFIFO,false,OpenLoop_NoFIFO
2.040084,-1,20,10011.940000,83.620000,231.139053,271.453538,460.000000,819,228.860947,OpenLoop,NoFIFO,false,OpenLoop_NoFIFO
2.050076,-1,20,9992.608000,76.228000,325.347037,279.537563,460.000000,819,134.652963,OpenLoop,NoFIFO,false,OpenLoop_NoFIFO
2.060079,-1,20,10002.311000,78.539000,286.495063,280.581188,460.000000,819,173.504937,OpenLoop,NoFIFO,false,OpenLoop_NoFIFO
2.070074,-1,20,9995.885000,74.424000,220.530580,271.573597,460.000000,819,239.469420,OpenLoop,NoFIFO,false,OpenLoop_NoFIFO
2.080068,-1,20,9993.515000,67.939000,304.535232,276.517842,460.000000,819,155.464768,OpenLoop,NoFIFO,false,OpenLoop_NoFIFO
2.090073,-1,20,10004.608000,72.547000,296.677215,279.541748,460.000000,819,163.322785,OpenLoop,NoFIFO,false,OpenLoop_NoFIFO
2.100071,-1,20,9998.107000,70.654000,230.704698,272.216191,460.000000,819,229.295302,OpenLoop,NoFIFO,false,OpenLoop_NoFIFO
2.110094,-1,20,10023.144000,93.798000,304.547916,277.065949,460.000000,819,155.452084,OpenLoop,NoFIFO,false,OpenLoop_NoFIFO
2.120094,-1,20,10000.663000,94.461000,304.535232,281.186342,460.000000,819,155.464768,OpenLoop,NoFIFO,false,OpenLoop_NoFIFO
2.130081,-1,20,9986.275000,80.736000,241.171656,275.184139,460.000000,819,218.828344,OpenLoop,NoFIFO,false,OpenLoop_NoFIFO
2.140087,-1,20,10006.496000,87.232000,277.366864,275.511548,460.000000,819,182.633136,OpenLoop,NoFIFO,false,OpenLoop_NoFIFO
2.150078,-1,20,9990.682000,77.914000,310.430464,280.749385,460.000000,819,149.569536,OpenLoop,NoFIFO,false,OpenLoop_NoFIFO
2.160073,-1,20,9995.126000,73.040000,244.603890,275.327561,460.000000,819,215.396110,OpenLoop,NoFIFO,false,OpenLoop_NoFIFO
2.170069,-1,20,9996.274000,69.314000,269.654842,274.476653,460.000000,819,190.345158,OpenLoop,NoFIFO,false,OpenLoop_NoFIFO
2.180079,-1,20,10009.255000,78.569000,316.722973,280.813601,460.000000,819,143.277027,OpenLoop,NoFIFO,false,OpenLoop_NoFIFO
2.190073,-1,20,9994.867000,73.436000,261.749651,277.954008,460.000000,819,198.250349,OpenLoop,NoFIFO,false,OpenLoop_NoFIFO
2.200070,-1,20,9996.422000,69.858000,263.836773,275.836423,460.000000,819,196.163227,OpenLoop,NoFIFO,false,OpenLoop_NoFIFO
2.210069,-1,20,9999.497000,69.355000,337.978369,285.157715,460.000000,819,122.021631,OpenLoop,NoFIFO,false,OpenLoop_NoFIFO
2.220066,-1,20,9996.329000,65.684000,273.456490,283.402531,460.000000,819,186.543510,OpenLoop,NoFIFO,false,OpenLoop_NoFIFO
2.230070,-1,20,10004.348000,70.032000,241.623711,277.135708,460.000000,819,218.376289,OpenLoop,NoFIFO,false,OpenLoop_NoFIFO
2.240069,-1,20,9999.145000,69.177000,343.490474,287.088923,460.000000,819,116.509526,OpenLoop,NoFIFO,false,OpenLoop_NoFIFO
2.250082,-1,20,10013.033000,82.210000,271.810754,284.797198,460.000000,819,188.189246,OpenLoop,NoFIFO,false,OpenLoop_NoFIFO
2.260076,-1,20,9993.682000,75.892000,227.438137,276.193339,460.000000,819,232.561863,OpenLoop,NoFIFO,false,OpenLoop_NoFIFO
2.270074,-1,20,9998.515000,74.407000,330.415883,284.326720,460.000000,819,129.584117,OpenLoop,NoFIFO,false,OpenLoop_NoFIFO
2.280072,-1,20,9997.348000,71.755000,274.706979,282.883759,460.000000,819,185.293021,OpenLoop,NoFIFO,false,OpenLoop_NoFIFO
2.290073,-1,20,10001.459000,73.214000,227.769679,274.616647,460.000000,819,232.230321,OpenLoop,NoFIFO,false,OpenLoop_NoFIFO
2.300073,-1,20,9999.700000,72.914000,327.269066,282.514510,460.000000,819,132.730934,OpenLoop,NoFIFO,false,OpenLoop_NoFIFO
2.310069,-1,20,9995.960000,68.874000,289.077324,283.498932,460.000000,819,170.922676,OpenLoop,NoFIFO,false,OpenLoop_NoFIFO
2.320075,-1,20,10006.607000,75.481000,231.926883,275.763125,460.000000,819,228.073117,OpenLoop,NoFIFO,false,OpenLoop_NoFIFO
2.330073,-1,20,9997.607000,73.088000,310.842175,281.024982,460.000000,819,149.157825,OpenLoop,NoFIFO,false,OpenLoop_NoFIFO
2.340073,-1,20,9999.552000,72.640000,296.990496,283.419809,460.000000,819,163.009504,OpenLoop,NoFIFO,false,OpenLoop_NoFIFO
2.350070,-1,20,9997.645000,70.285000,241.374871,277.113069,460.000000,819,218.625129,OpenLoop,NoFIFO,false,OpenLoop_NoFIFO
2.360070,-1,20,9999.774000,70.059000,298.566879,280.331140,460.000000,819,161.433121,OpenLoop,NoFIFO,false,OpenLoop_NoFIFO
2.370069,-1,20,9999.422000,69.481000,304.807246,284.002556,460.000000,819,155.192754,OpenLoop,NoFIFO,false,OpenLoop_NoFIFO
2.380086,-1,20,10016.404000,85.885000,246.710526,278.408752,460.000000,819,213.289474,OpenLoop,NoFIFO,false,OpenLoop_NoFIFO
2.390072,-1,20,9985.959000,71.844000,275.735294,278.007733,460.000000,819,184.264706,OpenLoop,NoFIFO,false,OpenLoop_NoFIFO
2.400071,-1,20,9998.737000,70.581000,307.713348,282.463575,460.000000,819,152.286652,OpenLoop,NoFIFO,false,OpenLoop_NoFIFO
2.410070,-1,20,9998.960000,69.541000,249.818314,277.566786,460.000000,819,210.181686,OpenLoop,NoFIFO,false,OpenLoop_NoFIFO
2.420070,-1,20,10000.922000,70.463000,258.199800,274.661738,460.000000,819,201.800200,OpenLoop,NoFIFO,false,OpenLoop_NoFIFO
2.430069,-1,20,9998.978000,69.441000,325.671607,282.313218,460.000000,819,134.328393,OpenLoop,NoFIFO,false,OpenLoop_NoFIFO
2.440070,-1,20,10000.607000,70.048000,262.899607,279.401177,460.000000,819,197.100393,OpenLoop,NoFIFO,false,OpenLoop_NoFIFO
2.450070,-1,20,9999.459000,69.507000,259.575450,276.427318,460.000000,819,200.424550,OpenLoop,NoFIFO,false,OpenLoop_NoFIFO
2.460071,-1,20,10001.089000,70.596000,343.406593,286.474209,460.000000,819,116.593407,OpenLoop,NoFIFO,false,OpenLoop_NoFIFO
2.470073,-1,20,10002.645000,73.241000,273.456490,284.521551,460.000000,819,186.543510,OpenLoop,NoFIFO,false,OpenLoop_NoFIFO
2.480072,-1,20,9999.255000,72.496000,248.254694,279.081523,460.000000,819,211.745306,OpenLoop,NoFIFO,false,OpenLoop_NoFIFO
2.490072,-1,20,9999.182000,71.678000,338.447653,287.986442,460.000000,819,121.552347,OpenLoop,NoFIFO,false,OpenLoop_NoFIFO
2.500072,-1,20,10000.663000,72.341000,270.953757,285.431540,460.000000,819,189.046243,OpenLoop,NoFIFO,false,OpenLoop_NoFIFO
2.510071,-1,20,9999.052000,71.393000,233.467072,277.636869,460.000000,819,226.532928,OpenLoop,NoFIFO,false,OpenLoop_NoFIFO
2.520071,-1,20,9999.459000,70.852000,332.889481,285.924761,460.000000,819,127.110519,OpenLoop,NoFIFO,false,OpenLoop_NoFIFO
2.530071,-1,20,10000.015000,70.867000,277.964960,284.730791,460.000000,819,182.035040,OpenLoop,NoFIFO,false,OpenLoop_NoFIFO
2.540070,-1,20,9998.645000,69.512000,236.146096,277.443087,460.000000,819,223.853904,OpenLoop,NoFIFO,false,OpenLoop_NoFIFO
2.550071,-1,20,10001.089000,70.601000,322.640118,284.222641,460.000000,819,137.359882,OpenLoop,NoFIFO,false,OpenLoop_NoFIFO
2.560069,-1,20,9998.774000,69.375000,289.948454,285.081513,460.000000,819,170.051546,OpenLoop,NoFIFO,false,OpenLoop_NoFIFO
2.570071,-1,20,10001.200000,70.575000,239.158163,278.193011,460.000000,819,220.841837,OpenLoop,NoFIFO,false,OpenLoop_NoFIFO
2.580069,-1,20,9998.718000,69.293000,314.145524,283.585888,460.000000,819,145.854476,OpenLoop,NoFIFO,false,OpenLoop_NoFIFO
2.590071,-1,20,10002.163000,71.456000,308.700608,287.353096,460.000000,819,151.299392,OpenLoop,NoFIFO,false,OpenLoop_NoFIFO
2.600087,-1,20,10015.274000,86.730000,244.719981,280.958129,460.000000,819,215.280019,OpenLoop,NoFIFO,false,OpenLoop_NoFIFO
2.610077,-1,20,9990.237000,76.967000,314.272821,285.955332,460.000000,819,145.727179,OpenLoop,NoFIFO,false,OpenLoop_NoFIFO
2.620072,-1,20,9995.182000,72.149000,316.570188,290.547561,460.000000,819,143.429812,OpenLoop,NoFIFO,false,OpenLoop_NoFIFO
2.630072,-1,20,10000.070000,72.219000,252.016129,284.767846,460.000000,819,207.983871,OpenLoop,NoFIFO,false,OpenLoop_NoFIFO
2.640071,-1,20,9998.886000,71.105000,302.698339,287.457420,460.000000,819,157.301661,OpenLoop,NoFIFO,false,OpenLoop_NoFIFO
2.650081,-1,20,10010.033000,81.138000,323.791180,292.907484,460.000000,819,136.208820,OpenLoop,NoFIFO,false,OpenLoop_NoFIFO
2.660080,-1,20,9998.700000,79.838000,261.605784,288.212229,460.000000,819,198.394216,OpenLoop,NoFIFO,false,OpenLoop_NoFIFO
2.670075,-1,20,9995.589000,75.427000,278.741328,286.791594,460.000000,819,181.258672,OpenLoop,NoFIFO,false,OpenLoop_NoFIFO
2.680073,-1,20,9997.367000,72.794000,331.439394,293.488764,460.000000,819,128.560606,OpenLoop,NoFIFO,false,OpenLoop_NoFIFO
2.690073,-1,20,9999.903000,72.697000,264.830508,289.190026,460.000000,819,195.169492,OpenLoop,NoFIFO,false,OpenLoop_NoFIFO
2.700071,-1,20,9998.404000,71.101000,260.899814,284.946494,460.000000,819,199.100186,OpenLoop,NoFIFO,false,OpenLoop_NoFIFO
2.710077,-1,20,10006.126000,77.227000,326.742627,291.215914,460.000000,819,133.257373,OpenLoop,NoFIFO,false,OpenLoop_NoFIFO
2.720087,-1,20,10009.978000,87.205000,264.456982,287.202074,460.000000,819,195.543018,OpenLoop,NoFIFO,false,OpenLoop_NoFIFO
2.730077,-1,20,9989.367000,76.572000,243.253762,280.609827,460.000000,819,216.746238,OpenLoop,NoFIFO,false,OpenLoop_NoFIFO
2.740071,-1,20,9994.422000,70.994000,335.941233,288.909538,460.000000,819,124.058767,OpenLoop,NoFIFO,false,OpenLoop_NoFIFO
2.750070,-1,20,9999.107000,70.101000,280.383361,287.630611,460.000000,819,179.616639,OpenLoop,NoFIFO,false,OpenLoop_NoFIFO
2.760069,-1,20,9999.330000,69.431000,238.936515,280.326497,460.000000,819,221.063485,OpenLoop,NoFIFO,false,OpenLoop_NoFIFO
2.770069,-1,20,9999.700000,69.131000,344.126901,289.896558,460.000000,819,115.873099,OpenLoop,NoFIFO,false,OpenLoop_NoFIFO
2.780070,-1,20,10000.700000,69.831000,288.906009,289.747975,460.000000,819,171.093991,OpenLoop,NoFIFO,false,OpenLoop_NoFIFO
2.790071,-1,20,10000.978000,70.809000,235.671192,281.636458,460.000000,819,224.328808,OpenLoop,NoFIFO,false,OpenLoop_NoFIFO
2.800091,-1,20,10020.385000,91.194000,335.780802,289.758109,460.000000,819,124.219198,OpenLoop,NoFIFO,false,OpenLoop_NoFIFO
2.810084,-1,20,9992.515000,83.709000,296.990496,290.842967,460.000000,819,163.009504,OpenLoop,NoFIFO,false,OpenLoop_NoFIFO
2.820082,-1,20,9998.441000,82.150000,247.065165,284.276297,460.000000,819,212.934835,OpenLoop,NoFIFO,false,OpenLoop_NoFIFO
2.830075,-1,20,9992.570000,74.720000,329.939668,291.125803,460.000000,819,130.060332,OpenLoop,NoFIFO,false,OpenLoop_NoFIFO
2.840072,-1,20,9997.700000,72.420000,305.604313,293.297579,460.000000,819,154.395687,OpenLoop,NoFIFO,false,OpenLoop_NoFIFO
2.850072,-1,20,10000.052000,72.472000,256.849315,287.830340,460.000000,819,203.150685,OpenLoop,NoFIFO,false,OpenLoop_NoFIFO
2.860072,-1,20,9999.441000,71.913000,307.713348,290.812791,460.000000,819,152.286652,OpenLoop,NoFIFO,false,OpenLoop_NoFIFO
2.870074,-1,20,10001.793000,73.706000,314.773363,294.406877,460.000000,819,145.226637,OpenLoop,NoFIFO,false,OpenLoop_NoFIFO
2.880072,-1,20,9997.996000,71.702000,257.297904,288.840531,460.000000,819,202.702096,OpenLoop,NoFIFO,false,OpenLoop_NoFIFO
2.890072,-1,20,9999.941000,71.643000,283.232628,287.999346,460.000000,819,176.767372,OpenLoop,NoFIFO,false,OpenLoop_NoFIFO
2.900081,-1,20,10008.903000,80.546000,329.024333,294.153094,460.000000,819,130.975667,OpenLoop,NoFIFO,false,OpenLoop_NoFIFO
2.910076,-1,20,9995.682000,76.228000,256.007646,288.431277,460.000000,819,203.992354,OpenLoop,NoFIFO,false,OpenLoop_NoFIFO
2.920074,-1,20,9997.348000,73.576000,275.485986,286.489483,460.000000,819,184.514014,OpenLoop,NoFIFO,false,OpenLoop_NoFIFO
2.930080,-1,20,10006.922000,80.498000,336.671271,294.016751,460.000000,819,123.328729,OpenLoop,NoFIFO,false,OpenLoop_NoFIFO
2.940076,-1,20,9995.534000,76.032000,267.475036,290.035494,460.000000,819,192.524964,OpenLoop,NoFIFO,false,OpenLoop_NoFIFO
2.950072,-1,20,9996.292000,72.324000,260.548257,285.612408,460.000000,819,199.451743,OpenLoop,NoFIFO,false,OpenLoop_NoFIFO
2.960072,-1,20,9999.645000,71.969000,342.820575,294.193633,460.000000,819,117.179425,OpenLoop,NoFIFO,false,OpenLoop_NoFIFO
2.970073,-1,20,10000.644000,72.613000,278.114887,291.781821,460.000000,819,181.885113,OpenLoop,NoFIFO,false,OpenLoop_NoFIFO
2.980071,-1,20,9998.386000,70.999000,256.614964,286.506793,460.000000,819,203.385036,OpenLoop,NoFIFO,false,OpenLoop_NoFIFO
2.990072,-1,20,10000.737000,71.736000,347.222222,295.614107,460.000000,819,112.777778,OpenLoop,NoFIFO,false,OpenLoop_NoFIFO
3.000072,-1,20,10000.089000,71.825000,283.090086,293.735504,460.000000,819,176.909914,OpenLoop,NoFIFO,false,OpenLoop_NoFIFO
3.010072,-1,20,10000.200000,72.025000,243.506494,286.201152,460.000000,819,216.493506,OpenLoop,NoFIFO,false,OpenLoop_NoFIFO
3.020072,-1,20,9999.533000,71.558000,332.604068,293.161590,460.000000,819,127.395932,OpenLoop,NoFIFO,false,OpenLoop_NoFIFO
3.030074,-1,20,10002.571000,74.129000,290.178571,292.714137,460.000000,819,169.821429,OpenLoop,NoFIFO,false,OpenLoop_NoFIFO
3.040074,-1,20,10000.292000,74.421000,245.676101,285.658431,460.000000,819,214.323899,OpenLoop,NoFIFO,false,OpenLoop_NoFIFO
3.050075,-1,20,10000.645000,75.066000,338.203463,293.540186,460.000000,819,121.796537,OpenLoop,NoFIFO,false,OpenLoop_NoFIFO
3.060073,-1,20,9997.496000,72.562000,305.043384,295.265666,460.000000,819,154.956616,OpenLoop,NoFIFO,false,OpenLoop_NoFIFO
3.070071,-1,20,9998.756000,71.318000,245.652692,287.823720,460.000000,819,214.347308,OpenLoop,NoFIFO,false,OpenLoop_NoFIFO
3.080073,-1,20,10001.385000,72.703000,332.615307,294.542458,460.000000,819,127.384693,OpenLoop,NoFIFO,false,OpenLoop_NoFIFO
3.090070,-1,20,9997.663000,70.366000,313.995215,297.460371,460.000000,819,146.004785,OpenLoop,NoFIFO,false,OpenLoop_NoFIFO
3.100072,-1,20,10001.552000,71.918000,252.968160,290.786540,460.000000,819,207.031840,OpenLoop,NoFIFO,false,OpenLoop_NoFIFO
3.110081,-1,20,10009.459000,81.377000,313.995215,294.267841,460.000000,819,146.004785,OpenLoop,NoFIFO,false,OpenLoop_NoFIFO
3.120073,-1,20,9991.330000,72.707000,317.713764,297.784730,460.000000,819,142.286236,OpenLoop,NoFIFO,false,OpenLoop_NoFIFO
3.130074,-1,20,10000.885000,73.592000,257.683658,291.769569,460.000000,819,202.316342,OpenLoop,NoFIFO,false,OpenLoop_NoFIFO
3.140073,-1,20,9999.144000,72.736000,295.096852,292.268661,460.000000,819,164.903148,OpenLoop,NoFIFO,false,OpenLoop_NoFIFO
3.150071,-1,20,9997.923000,70.659000,327.306733,297.524372,460.000000,819,132.693267,OpenLoop,NoFIFO,false,OpenLoop_NoFIFO
3.160070,-1,20,9998.996000,69.655000,267.440353,293.011769,460.000000,819,192.559647,OpenLoop,NoFIFO,false,OpenLoop_NoFIFO
3.170069,-1,20,9999.663000,69.318000,283.166822,291.535027,460.000000,819,176.833178,OpenLoop,NoFIFO,false,OpenLoop_NoFIFO
3.180070,-1,20,10000.182000,69.500000,336.299669,298.249723,460.000000,819,123.700331,OpenLoop,NoFIFO,false,OpenLoop_NoFIFO
3.190070,-1,20,10000.811000,70.311000,272.661173,294.411441,460.000000,819,187.338827,OpenLoop,NoFIFO,false,OpenLoop_NoFIFO
3.200070,-1,20,10000.015000,70.326000,260.022693,289.253129,460.000000,819,199.977307,OpenLoop,NoFIFO,false,OpenLoop_NoFIFO
3.210069,-1,20,9998.903000,69.229000,346.100600,297.780249,460.000000,819,113.899400,OpenLoop,NoFIFO,false,OpenLoop_NoFIFO
3.220071,-1,20,10001.293000,70.522000,276.771337,294.628912,460.000000,819,183.228663,OpenLoop,NoFIFO,false,OpenLoop_NoFIFO
3.230069,-1,20,9998.867000,69.389000,256.147541,288.856707,460.000000,819,203.852459,OpenLoop,NoFIFO,false,OpenLoop_NoFIFO
3.240070,-1,20,10000.441000,69.830000,352.620361,298.421255,460.000000,819,107.379639,OpenLoop,NoFIFO,false,OpenLoop_NoFIFO
3.250069,-1,20,9999.070000,68.900000,287.576687,296.794570,460.000000,819,172.423313,OpenLoop,NoFIFO,false,OpenLoop_NoFIFO
3.260070,-1,20,10001.145000,70.045000,252.287406,290.118495,460.000000,819,207.712594,OpenLoop,NoFIFO,false,OpenLoop_NoFIFO
3.270073,-1,20,10003.163000,73.208000,349.987556,299.098854,460.000000,819,110.012444,OpenLoop,NoFIFO,false,OpenLoop_NoFIFO
3.280073,-1,20,9999.459000,72.667000,295.239826,298.520000,460.000000,819,164.760174,OpenLoop,NoFIFO,false,OpenLoop_NoFIFO
3.290072,-1,20,9999.478000,72.145000,251.340483,291.443072,460.000000,819,208.659517,OpenLoop,NoFIFO,false,OpenLoop_NoFIFO
3.300076,-1,20,10004.218000,76.363000,339.981868,298.723892,460.000000,819,120.018132,OpenLoop,NoFIFO,false,OpenLoop_NoFIFO
3.310073,-1,20,9997.015000,73.378000,314.597315,301.104905,460.000000,819,145.402685,OpenLoop,NoFIFO,false,OpenLoop_NoFIFO
3.320084,-1,20,10010.830000,84.208000,250.668449,293.539437,460.000000,819,209.331551,OpenLoop,NoFIFO,false,OpenLoop_NoFIFO
3.330077,-1,20,9992.552000,76.760000,341.004477,300.659193,460.000000,819,118.995523,OpenLoop,NoFIFO,false,OpenLoop_NoFIFO
3.340072,-1,20,9995.126000,71.886000,316.570188,303.045842,460.000000,819,143.429812,OpenLoop,NoFIFO,false,OpenLoop_NoFIFO
3.350071,-1,20,9999.496000,71.382000,250.534474,295.169137,460.000000,819,209.465526,OpenLoop,NoFIFO,false,OpenLoop_NoFIFO
3.360082,-1,20,10010.459000,81.841000,314.738138,298.104487,460.000000,819,145.261862,OpenLoop,NoFIFO,false,OpenLoop_NoFIFO
3.370078,-1,20,9996.274000,78.115000,318.211488,301.120537,460.000000,819,141.788512,OpenLoop,NoFIFO,false,OpenLoop_NoFIFO
3.380072,-1,20,9993.997000,72.112000,258.977901,294.799142,460.000000,819,201.022099,OpenLoop,NoFIFO,false,OpenLoop_NoFIFO
3.390083,-1,20,10011.107000,83.219000,301.074605,295.740461,460.000000,819,158.925395,OpenLoop,NoFIFO,false,OpenLoop_NoFIFO
3.400076,-1,20,9993.182000,76.401000,325.682382,300.231749,460.000000,819,134.317618,OpenLoop,NoFIFO,false,OpenLoop_NoFIFO
3.410072,-1,20,9995.904000,72.305000,267.440353,295.313040,460.000000,819,192.559647,OpenLoop,NoFIFO,false,OpenLoop_NoFIFO
3.420072,-1,20,10000.033000,72.338000,284.223414,293.649596,460.000000,819,175.776586,OpenLoop,NoFIFO,false,OpenLoop_NoFIFO
3.430072,-1,20,9999.311000,71.649000,334.637562,299.797791,460.000000,819,125.362438,OpenLoop,NoFIFO,false,OpenLoop_NoFIFO
3.440071,-1,20,9999.015000,70.664000,276.141384,296.249330,460.000000,819,183.858616,OpenLoop,NoFIFO,false,OpenLoop_NoFIFO
3.450072,-1,20,10000.848000,71.512000,262.939827,291.252904,460.000000,819,197.060173,OpenLoop,NoFIFO,false,OpenLoop_NoFIFO
3.460071,-1,20,9999.422000,70.934000,349.162011,299.939270,460.000000,819,110.837989,OpenLoop,NoFIFO,false,OpenLoop_NoFIFO
3.470071,-1,20,10000.534000,71.468000,280.078762,296.960194,460.000000,819,179.921238,OpenLoop,NoFIFO,false,OpenLoop_NoFIFO
3.480071,-1,20,9999.663000,71.131000,263.836773,291.991681,460.000000,819,196.163227,OpenLoop,NoFIFO,false,OpenLoop_NoFIFO
3.490072,-1,20,10000.718000,71.849000,361.969112,302.488296,460.000000,819,98.030888,OpenLoop,NoFIFO,false,OpenLoop_NoFIFO
3.500071,-1,20,9998.978000,70.827000,291.986104,300.912967,460.000000,819,168.013896,OpenLoop,NoFIFO,false,OpenLoop_NoFIFO
3.510072,-1,20,10001.311000,72.138000,252.151694,293.598776,460.000000,819,207.848306,OpenLoop,NoFIFO,false,OpenLoop_NoFIFO
3.520073,-1,20,10000.904000,73.042000,342.935528,300.999289,460.000000,819,117.064472,OpenLoop,NoFIFO,false,OpenLoop_NoFIFO
3.530072,-1,20,9998.978000,72.020000,294.954017,300.092498,460.000000,819,165.045983,OpenLoop,NoFIFO,false,OpenLoop_NoFIFO
3.540079,-1,20,10006.681000,78.701000,248.015873,292.281004,460.000000,819,211.984127,OpenLoop,NoFIFO,false,OpenLoop_NoFIFO
3.550078,-1,20,9999.015000,77.716000,340.202177,299.469180,460.000000,819,119.797823,OpenLoop,NoFIFO,false,OpenLoop_NoFIFO
3.560072,-1,20,9994.126000,71.842000,306.945744,300.590665,460.000000,819,153.054256,OpenLoop,NoFIFO,false,OpenLoop_NoFIFO
3.570072,-1,20,9999.978000,71.820000,247.539606,292.633006,460.000000,819,212.460394,OpenLoop,NoFIFO,false,OpenLoop_NoFIFO
3.580071,-1,20,9999.237000,71.057000,335.743802,299.099625,460.000000,819,124.256198,OpenLoop,NoFIFO,false,OpenLoop_NoFIFO
3.590071,-1,20,10000.330000,71.387000,319.032572,302.089567,460.000000,819,140.967428,OpenLoop,NoFIFO,false,OpenLoop_NoFIFO
3.600084,-1,20,10012.941000,84.328000,255.133597,295.046172,460.000000,819,204.866403,OpenLoop,NoFIFO,false,OpenLoop_NoFIFO
3.610077,-1,20,9992.626000,76.954000,325.973574,299.685282,460.000000,819,134.026426,OpenLoop,NoFIFO,false,OpenLoop_NoFIFO
3.620073,-1,20,9996.385000,73.339000,320.512821,302.809413,460.000000,819,139.487179,OpenLoop,NoFIFO,false,OpenLoop_NoFIFO
3.630072,-1,20,9998.663000,72.002000,265.706188,297.243929,460.000000,819,194.293812,OpenLoop,NoFIFO,false,OpenLoop_NoFIFO
3.640071,-1,20,9998.904000,70.906000,307.765152,298.822113,460.000000,819,152.234848,OpenLoop,NoFIFO,false,OpenLoop_NoFIFO
3.650076,-1,20,10005.200000,76.106000,331.819254,303.771684,460.000000,819,128.180746,OpenLoop,NoFIFO,false,OpenLoop_NoFIFO
3.660076,-1,20,10000.107000,76.213000,268.554688,298.489134,460.000000,819,191.445312,OpenLoop,NoFIFO,false,OpenLoop_NoFIFO
3.670072,-1,20,9995.608000,71.821000,293.958032,297.809469,460.000000,819,166.041968,OpenLoop,NoFIFO,false,OpenLoop_NoFIFO
3.680072,-1,20,10000.644000,72.465000,342.868339,304.568299,460.000000,819,117.131661,OpenLoop,NoFIFO,false,OpenLoop_NoFIFO
3.690071,-1,20,9998.274000,70.739000,278.741328,300.694254,460.000000,819,181.258672,OpenLoop,NoFIFO,false,OpenLoop_NoFIFO
3.700071,-1,20,10000.737000,71.476000,271.667545,296.340247,460.000000,819,188.332455,OpenLoop,NoFIFO,false,OpenLoop_NoFIFO
3.710073,-1,20,10001.775000,73.251000,356.125356,305.308014,460.000000,819,103.874644,OpenLoop,NoFIFO,false,OpenLoop_NoFIFO
3.720072,-1,20,9998.348000,71.599000,283.622112,302.055128,460.000000,819,176.377888,OpenLoop,NoFIFO,false,OpenLoop_NoFIFO
3.730082,-1,20,10010.144000,81.743000,266.335227,296.697143,460.000000,819,193.664773,OpenLoop,NoFIFO,false,OpenLoop_NoFIFO
3.740077,-1,20,9995.589000,77.332000,359.589041,306.130928,460.000000,819,100.410959,OpenLoop,NoFIFO,false,OpenLoop_NoFIFO
3.750103,-1,20,10025.589000,102.921000,286.629821,303.205762,460.000000,819,173.370179,OpenLoop,NoFIFO,false,OpenLoop_NoFIFO
3.760073,-1,20,9970.071000,72.992000,254.617056,295.917456,460.000000,819,205.382944,OpenLoop,NoFIFO,false,OpenLoop_NoFIFO
3.770071,-1,20,9998.459000,71.451000,350.795136,304.149108,460.000000,819,109.204864,OpenLoop,NoFIFO,false,OpenLoop_NoFIFO
3.780072,-1,20,10000.367000,71.818000,291.904515,302.312419,460.000000,819,168.095485,OpenLoop,NoFIFO,false,OpenLoop_NoFIFO
3.790071,-1,20,9998.792000,70.610000,247.777511,294.132183,460.000000,819,212.222489,OpenLoop,NoFIFO,false,OpenLoop_NoFIFO
3.800073,-1,20,10002.015000,72.625000,347.958643,302.206152,460.000000,819,112.041357,OpenLoop,NoFIFO,false,OpenLoop_NoFIFO
3.810071,-1,20,9998.645000,71.270000,307.521087,303.003392,460.000000,819,152.478913,OpenLoop,NoFIFO,false,OpenLoop_NoFIFO
3.820070,-1,20,9999.181000,70.451000,251.340483,295.253956,460.000000,819,208.659517,OpenLoop,NoFIFO,false,OpenLoop_NoFIFO
3.830071,-1,20,10000.404000,70.855000,336.745690,301.477716,460.000000,819,123.254310,OpenLoop,NoFIFO,false,OpenLoop_NoFIFO
3.840072,-1,20,10001.163000,72.018000,322.591318,304.644756,460.000000,819,137.408682,OpenLoop,NoFIFO,false,OpenLoop_NoFIFO
3.850095,-1,20,10022.681000,94.699000,261.208207,298.129274,460.000000,819,198.791793,OpenLoop,NoFIFO,false,OpenLoop_NoFIFO
3.860071,-1,20,9976.460000,71.159000,324.715487,302.117206,460.000000,819,135.284513,OpenLoop,NoFIFO,false,OpenLoop_NoFIFO
3.870073,-1,20,10001.904000,73.063000,331.774520,306.565803,460.000000,819,128.225480,OpenLoop,NoFIFO,false,OpenLoop_NoFIFO
3.880072,-1,20,9999.329000,72.392000,268.974961,300.927177,460.000000,819,191.025039,OpenLoop,NoFIFO,false,OpenLoop_NoFIFO
3.890072,-1,20,9999.756000,72.148000,306.229585,301.722538,460.000000,819,153.770415,OpenLoop,NoFIFO,false,OpenLoop_NoFIFO
3.900073,-1,20,10000.422000,72.570000,333.709065,306.520517,460.000000,819,126.290935,OpenLoop,NoFIFO,false,OpenLoop_NoFIFO
3.910072,-1,20,9999.274000,71.844000,270.385422,301.100253,460.000000,819,189.614578,OpenLoop,NoFIFO,false,OpenLoop_NoFIFO
3.920072,-1,20,9999.793000,71.637000,292.126079,299.754127,460.000000,819,167.873921,OpenLoop,NoFIFO,false,OpenLoop_NoFIFO
3.930072,-1,20,9999.959000,71.596000,340.025907,305.794894,460.000000,819,119.974093,OpenLoop,NoFIFO,false,OpenLoop_NoFIFO
3.940070,-1,20,9998.108000,69.704000,276.005888,301.326543,460.000000,819,183.994112,OpenLoop,NoFIFO,false,OpenLoop_NoFIFO
3.950099,-1,20,10029.274000,98.978000,265.649150,295.974934,460.000000,819,194.350850,OpenLoop,NoFIFO,false,OpenLoop_NoFIFO
3.960070,-1,20,9970.607000,69.585000,348.254086,303.816807,460.000000,819,111.745914,OpenLoop,NoFIFO,false,OpenLoop_NoFIFO
3.970071,-1,20,10000.923000,70.508000,282.844213,300.670918,460.000000,819,177.155787,OpenLoop,NoFIFO,false,OpenLoop_NoFIFO
3.980069,-1,20,9998.959000,69.467000,260.416667,294.632780,460.000000,819,199.583333,OpenLoop,NoFIFO,false,OpenLoop_NoFIFO
3.990073,-1,20,10003.885000,73.352000,356.373543,303.893894,460.000000,819,103.626457,OpenLoop,NoFIFO,false,OpenLoop_NoFIFO
4.000071,-1,20,9997.663000,71.015000,287.712465,301.466680,460.000000,819,172.287535,OpenLoop,NoFIFO,false,OpenLoop_NoFIFO
4.010071,-1,20,9999.645000,70.660000,259.983361,295.244182,460.000000,819,200.016639,OpenLoop,NoFIFO,false,OpenLoop_NoFIFO
4.020070,-1,20,9999.440000,70.100000,348.675035,303.258810,460.000000,819,111.324965,OpenLoop,NoFIFO,false,OpenLoop_NoFIFO
4.030070,-1,20,10000.330000,70.430000,298.725438,302.578804,460.000000,819,161.274562,OpenLoop,NoFIFO,false,OpenLoop_NoFIFO
4.040072,-1,20,10001.552000,71.982000,256.147541,295.614115,460.000000,819,203.852459,OpenLoop,NoFIFO,false,OpenLoop_NoFIFO
4.050108,-1,20,10036.274000,108.256000,351.211289,303.953691,460.000000,819,108.788711,OpenLoop,NoFIFO,false,OpenLoop_NoFIFO
4.060074,-1,20,9965.626000,73.882000,317.642788,306.007055,460.000000,819,142.357212,OpenLoop,NoFIFO,false,OpenLoop_NoFIFO
4.070073,-1,20,9999.237000,73.119000,259.264381,298.995654,460.000000,819,200.735619,OpenLoop,NoFIFO,false,OpenLoop_NoFIFO
4.080071,-1,20,9997.404000,70.523000,337.685727,304.799165,460.000000,819,122.314273,OpenLoop,NoFIFO,false,OpenLoop_NoFIFO
4.090069,-1,20,9998.700000,69.223000,323.116691,307.546794,460.000000,819,136.883309,OpenLoop,NoFIFO,false,OpenLoop_NoFIFO
4.100070,-1,20,10000.941000,70.164000,260.416667,300.477275,460.000000,819,199.583333,OpenLoop,NoFIFO,false,OpenLoop_NoFIFO
4.110076,-1,20,10005.755000,75.919000,319.187743,303.283845,460.000000,819,140.812257,OpenLoop,NoFIFO,false,OpenLoop_NoFIFO
4.120074,-1,20,9997.775000,73.694000,329.112337,307.158119,460.000000,819,130.887663,OpenLoop,NoFIFO,false,OpenLoop_NoFIFO
4.130074,-1,20,10000.181000,73.875000,268.974961,301.430645,460.000000,819,191.025039,OpenLoop,NoFIFO,false,OpenLoop_NoFIFO
4.140072,-1,20,9997.682000,71.557000,304.665738,301.915909,460.000000,819,155.334262,OpenLoop,NoFIFO,false,OpenLoop_NoFIFO
4.150108,-1,20,10036.829000,108.386000,338.273196,307.369502,460.000000,819,121.726804,OpenLoop,NoFIFO,false,OpenLoop_NoFIFO
4.160075,-1,20,9966.311000,74.697000,274.122807,302.382498,460.000000,819,185.877193,OpenLoop,NoFIFO,false,OpenLoop_NoFIFO
4.170072,-1,20,9997.682000,72.379000,284.810127,299.746642,460.000000,819,175.189873,OpenLoop,NoFIFO,false,OpenLoop_NoFIFO
4.180071,-1,20,9998.700000,71.079000,347.909451,306.971063,460.000000,819,112.090549,OpenLoop,NoFIFO,false,OpenLoop_NoFIFO
4.190073,-1,20,10001.496000,72.575000,282.999451,303.375322,460.000000,819,177.000549,OpenLoop,NoFIFO,false,OpenLoop_NoFIFO
4.200071,-1,20,9998.571000,71.146000,275.610583,299.210611,460.000000,819,184.389417,OpenLoop,NoFIFO,false,OpenLoop_NoFIFO
4.210071,-1,20,10000.126000,71.272000,359.712230,308.285854,460.000000,819,100.287770,OpenLoop,NoFIFO,false,OpenLoop_NoFIFO
4.220071,-1,20,10000.070000,71.342000,285.190819,304.821599,460.000000,819,174.809181,OpenLoop,NoFIFO,false,OpenLoop_NoFIFO
4.230072,-1,20,10000.311000,71.653000,273.262332,300.087709,460.000000,819,186.737668,OpenLoop,NoFIFO,false,OpenLoop_NoFIFO
4.240071,-1,20,9999.756000,71.409000,368.679775,310.376519,460.000000,819,91.320225,OpenLoop,NoFIFO,false,OpenLoop_NoFIFO
4.250071,-1,20,9999.219000,70.628000,297.349343,308.422442,460.000000,819,162.650657,OpenLoop,NoFIFO,false,OpenLoop_NoFIFO
4.260072,-1,20,10001.774000,72.402000,268.834724,302.484284,460.000000,819,191.165276,OpenLoop,NoFIFO,false,OpenLoop_NoFIFO
4.270071,-1,20,9998.107000,70.509000,362.493958,311.485736,460.000000,819,97.506042,OpenLoop,NoFIFO,false,OpenLoop_NoFIFO
4.280071,-1,20,10000.367000,70.876000,309.576225,311.199309,460.000000,819,150.423775,OpenLoop,NoFIFO,false,OpenLoop_NoFIFO
4.290071,-1,20,10000.293000,71.169000,259.097190,303.383991,460.000000,819,200.902810,OpenLoop,NoFIFO,false,OpenLoop_NoFIFO
4.300077,-1,20,10005.348000,76.517000,361.570248,312.111930,460.000000,819,98.429752,OpenLoop,NoFIFO,false,OpenLoop_NoFIFO
4.310075,-1,20,9998.904000,75.421000,312.947067,312.237200,460.000000,819,147.052933,OpenLoop,NoFIFO,false,OpenLoop_NoFIFO
4.320072,-1,20,9996.866000,72.287000,256.007646,303.802767,460.000000,819,203.992354,OpenLoop,NoFIFO,false,OpenLoop_NoFIFO
4.330072,-1,20,10000.200000,72.487000,333.926981,308.321399,460.000000,819,126.073019,OpenLoop,NoFIFO,false,OpenLoop_NoFIFO
4.340072,-1,20,9999.071000,71.558000,315.656566,309.421674,460.000000,819,144.343434,OpenLoop,NoFIFO,false,OpenLoop_NoFIFO
4.350071,-1,20,9999.792000,71.350000,257.909216,301.694805,460.000000,819,202.090784,OpenLoop,NoFIFO,false,OpenLoop_NoFIFO
4.360072,-1,20,10000.997000,72.347000,321.909667,304.727035,460.000000,819,138.090333,OpenLoop,NoFIFO,false,OpenLoop_NoFIFO
4.370071,-1,20,9998.422000,70.769000,327.644455,308.164648,460.000000,819,132.355545,OpenLoop,NoFIFO,false,OpenLoop_NoFIFO
4.380070,-1,20,9999.163000,69.932000,266.486640,301.912947,460.000000,819,193.513360,OpenLoop,NoFIFO,false,OpenLoop_NoFIFO
4.390070,-1,20,9999.811000,69.743000,303.819444,302.198921,460.000000,819,156.180556,OpenLoop,NoFIFO,false,OpenLoop_NoFIFO
4.400086,-1,20,10015.811000,85.554000,343.406593,308.380072,460.000000,819,116.593407,OpenLoop,NoFIFO,false,OpenLoop_NoFIFO
4.410077,-1,20,9991.497000,77.051000,276.684702,303.625767,460.000000,819,183.315298,OpenLoop,NoFIFO,false,OpenLoop_NoFIFO
4.420074,-1,20,9996.552000,73.603000,301.585478,303.319723,460.000000,819,158.414522,OpenLoop,NoFIFO,false,OpenLoop_NoFIFO
4.430071,-1,20,9997.626000,71.229000,356.077048,311.233322,460.000000,819,103.922952,OpenLoop,NoFIFO,false,OpenLoop_NoFIFO
4.440071,-1,20,10000.218000,71.447000,281.596580,306.787811,460.000000,819,178.403420,OpenLoop,NoFIFO,false,OpenLoop_NoFIFO
4.450072,-1,20,10000.478000,71.925000,282.379518,303.126567,460.000000,819,177.620482,OpenLoop,NoFIFO,false,OpenLoop_NoFIFO
4.460071,-1,20,9999.052000,70.977000,360.923965,311.796177,460.000000,819,99.076035,OpenLoop,NoFIFO,false,OpenLoop_NoFIFO
4.470071,-1,20,10000.441000,71.418000,288.313685,308.273803,460.000000,819,171.686315,OpenLoop,NoFIFO,false,OpenLoop_NoFIFO
4.480071,-1,20,9999.478000,70.896000,271.607919,302.773920,460.000000,819,188.392081,OpenLoop,NoFIFO,false,OpenLoop_NoFIFO
4.490077,-1,20,10006.366000,77.262000,362.622486,311.751205,460.000000,819,97.377514,OpenLoop,NoFIFO,false,OpenLoop_NoFIFO
4.500073,-1,20,9995.886000,73.148000,300.925926,310.127413,460.000000,819,159.074074,OpenLoop,NoFIFO,false,OpenLoop_NoFIFO
4.510072,-1,20,9998.366000,71.514000,260.679980,302.710298,460.000000,819,199.320020,OpenLoop,NoFIFO,false,OpenLoop_NoFIFO
4.520069,-1,20,9997.960000,69.474000,359.539789,311.234722,460.000000,819,100.460211,OpenLoop,NoFIFO,false,OpenLoop_NoFIFO
4.530073,-1,20,10003.626000,73.100000,310.088203,311.062744,460.000000,819,149.911797,OpenLoop,NoFIFO,false,OpenLoop_NoFIFO
4.540071,-1,20,9997.996000,71.096000,256.147541,302.825464,460.000000,819,203.852459,OpenLoop,NoFIFO,false,OpenLoop_NoFIFO
4.550071,-1,20,9999.774000,70.870000,363.372093,311.907458,460.000000,819,96.627907,OpenLoop,NoFIFO,false,OpenLoop_NoFIFO
4.560070,-1,20,9999.311000,70.181000,312.797903,312.041025,460.000000,819,147.202097,OpenLoop,NoFIFO,false,OpenLoop_NoFIFO
4.570070,-1,20,10000.200000,70.381000,262.137773,304.555537,460.000000,819,197.862227,OpenLoop,NoFIFO,false,OpenLoop_NoFIFO
4.580071,-1,20,10000.349000,70.730000,341.820613,310.145298,460.000000,819,118.179387,OpenLoop,NoFIFO,false,OpenLoop_NoFIFO
4.590072,-1,20,10001.033000,71.763000,317.713764,311.280568,460.000000,819,142.286236,OpenLoop,NoFIFO,false,OpenLoop_NoFIFO
4.600087,-1,20,10015.256000,87.019000,269.784173,305.056109,460.000000,819,190.215827,OpenLoop,NoFIFO,false,OpenLoop_NoFIFO
4.610077,-1,20,9989.959000,76.978000,323.275862,307.789072,460.000000,819,136.724138,OpenLoop,NoFIFO,false,OpenLoop_NoFIFO
4.620072,-1,20,9994.793000,71.771000,333.076741,311.582222,460.000000,819,126.923259,OpenLoop,NoFIFO,false,OpenLoop_NoFIFO
4.630072,-1,20,10000.607000,72.378000,272.241288,305.681082,460.000000,819,187.758712,OpenLoop,NoFIFO,false,OpenLoop_NoFIFO
4.640072,-1,20,9999.404000,71.782000,310.283688,306.371473,460.000000,819,149.716312,OpenLoop,NoFIFO,false,OpenLoop_NoFIFO
4.650073,-1,20,10001.385000,73.167000,346.488912,312.389089,460.000000,819,113.511088,OpenLoop,NoFIFO,false,OpenLoop_NoFIFO
4.660072,-1,20,9999.108000,72.275000,279.572565,307.466610,460.000000,819,180.427435,OpenLoop,NoFIFO,false,OpenLoop_NoFIFO
4.670072,-1,20,9999.959000,72.234000,298.128669,306.065919,460.000000,819,161.871331,OpenLoop,NoFIFO,false,OpenLoop_NoFIFO
4.680078,-1,20,10006.237000,78.471000,354.107649,313.272179,460.000000,819,105.892351,OpenLoop,NoFIFO,false,OpenLoop_NoFIFO
4.690077,-1,20,9998.293000,76.764000,285.823171,309.154827,460.000000,819,174.176829,OpenLoop,NoFIFO,false,OpenLoop_NoFIFO
4.700079,-1,20,10002.403000,79.167000,285.689170,305.634979,460.000000,819,174.310830,OpenLoop,NoFIFO,false,OpenLoop_NoFIFO
4.710071,-1,20,9991.701000,70.868000,356.463878,313.259314,460.000000,819,103.536122,OpenLoop,NoFIFO,false,OpenLoop_NoFIFO
4.720073,-1,20,10001.940000,72.808000,290.455195,309.838696,460.000000,819,169.544805,OpenLoop,NoFIFO,false,OpenLoop_NoFIFO
4.730073,-1,20,9999.830000,72.638000,263.208270,302.844132,460.000000,819,196.791730,OpenLoop,NoFIFO,false,OpenLoop_NoFIFO
4.740069,-1,20,9996.626000,69.264000,355.450237,310.735048,460.000000,819,104.549763,OpenLoop,NoFIFO,false,OpenLoop_NoFIFO
4.750074,-1,20,10004.348000,73.612000,294.811321,308.346489,460.000000,819,165.188679,OpenLoop,NoFIFO,false,OpenLoop_NoFIFO
4.760068,-1,20,9993.960000,67.572000,258.199800,300.824485,460.000000,819,201.800200,OpenLoop,NoFIFO,false,OpenLoop_NoFIFO
4.770079,-1,20,10011.274000,78.846000,363.559979,310.234809,460.000000,819,96.440021,OpenLoop,NoFIFO,false,OpenLoop_NoFIFO
4.780079,-1,20,10000.348000,79.194000,303.538390,309.230347,460.000000,819,156.461610,OpenLoop,NoFIFO,false,OpenLoop_NoFIFO
4.790074,-1,20,9994.311000,73.505000,262.017887,302.148478,460.000000,819,197.982113,OpenLoop,NoFIFO,false,OpenLoop_NoFIFO
4.800072,-1,20,9998.200000,71.705000,348.351138,309.078877,460.000000,819,111.648862,OpenLoop,NoFIFO,false,OpenLoop_NoFIFO
4.810073,-1,20,10001.219000,72.924000,310.137051,309.237603,460.000000,819,149.862949,OpenLoop,NoFIFO,false,OpenLoop_NoFIFO
4.820071,-1,20,9998.218000,71.142000,266.335227,302.802247,460.000000,819,193.664773,OpenLoop,NoFIFO,false,OpenLoop_NoFIFO
4.830079,-1,20,10007.941000,79.083000,344.194585,309.011097,460.000000,819,115.805415,OpenLoop,NoFIFO,false,OpenLoop_NoFIFO
4.840073,-1,20,9994.071000,73.154000,330.771169,312.275108,460.000000,819,129.228831,OpenLoop,NoFIFO,false,OpenLoop_NoFIFO
4.850081,-1,20,10007.644000,80.798000,270.692974,306.037788,460.000000,819,189.307026,OpenLoop,NoFIFO,false,OpenLoop_NoFIFO
4.860076,-1,20,9995.015000,75.813000,341.796875,311.401651,460.000000,819,118.203125,OpenLoop,NoFIFO,false,OpenLoop_NoFIFO
4.870073,-1,20,9996.718000,72.531000,337.230216,315.275936,460.000000,819,122.769784,OpenLoop,NoFIFO,false,OpenLoop_NoFIFO
4.880071,-1,20,9998.775000,71.306000,266.789983,308.003043,460.000000,819,193.210017,OpenLoop,NoFIFO,false,OpenLoop_NoFIFO
4.890070,-1,20,9999.144000,70.450000,314.879086,309.034449,460.000000,819,145.120914,OpenLoop,NoFIFO,false,OpenLoop_NoFIFO
4.900083,-1,20,10012.719000,83.169000,335.558921,313.013120,460.000000,819,124.441079,OpenLoop,NoFIFO,false,OpenLoop_NoFIFO
4.910075,-1,20,9992.237000,75.406000,274.122807,307.179573,460.000000,819,185.877193,OpenLoop,NoFIFO,false,OpenLoop_NoFIFO
4.920072,-1,20,9996.904000,72.310000,289.203085,304.483100,460.000000,819,170.796915,OpenLoop,NoFIFO,false,OpenLoop_NoFIFO
4.930073,-1,20,10000.366000,72.676000,350.959289,311.454528,460.000000,819,109.040711,OpenLoop,NoFIFO,false,OpenLoop_NoFIFO
4.940073,-1,20,10000.071000,72.747000,289.839798,308.212319,460.000000,819,170.160202,OpenLoop,NoFIFO,false,OpenLoop_NoFIFO
4.950078,-1,20,10005.366000,78.113000,285.326087,304.779384,460.000000,819,174.673913,OpenLoop,NoFIFO,false,OpenLoop_NoFIFO
4.960075,-1,20,9997.052000,75.165000,363.976705,313.658982,460.000000,819,96.023295,OpenLoop,NoFIFO,false,OpenLoop_NoFIFO
4.970074,-1,20,9998.663000,73.828000,296.677215,311.111717,460.000000,819,163.322785,OpenLoop,NoFIFO,false,OpenLoop_NoFIFO
4.980074,-1,20,10000.386000,74.214000,267.579139,304.581830,460.000000,819,192.420861,OpenLoop,NoFIFO,false,OpenLoop_NoFIFO
4.990075,-1,20,10000.403000,74.617000,363.537865,313.425235,460.000000,819,96.462135,OpenLoop,NoFIFO,false,OpenLoop_NoFIFO
5.000074,-1,20,9999.126000,73.743000,297.934322,311.101598,460.000000,819,162.065678,OpenLoop,NoFIFO,false,OpenLoop_NoFIFO
5.010074,-1,20,10000.534000,74.277000,270.692974,305.040305,460.000000,819,189.307026,OpenLoop,NoFIFO,false,OpenLoop_NoFIFO
5.020074,-1,20,10000.089000,74.366000,377.415459,315.896578,460.000000,819,82.584541,OpenLoop,NoFIFO,false,OpenLoop_NoFIFO
5.030079,-1,20,10004.978000,79.344000,314.899232,315.746976,460.000000,819,145.100768,OpenLoop,NoFIFO,false,OpenLoop_NoFIFO
5.040081,-1,20,10001.588000,80.932000,264.694559,308.089113,460.000000,819,195.305441,OpenLoop,NoFIFO,false,OpenLoop_NoFIFO
5.050076,-1,20,9995.127000,76.059000,363.020329,316.328796,460.000000,819,96.979671,OpenLoop,NoFIFO,false,OpenLoop_NoFIFO
5.060072,-1,20,9995.922000,71.981000,320.892575,317.013363,460.000000,819,139.107425,OpenLoop,NoFIFO,false,OpenLoop_NoFIFO
5.070072,-1,20,9999.644000,71.625000,260.416667,308.523858,460.000000,819,199.583333,OpenLoop,NoFIFO,false,OpenLoop_NoFIFO
5.080075,-1,20,10003.663000,75.288000,354.729730,315.454739,460.000000,819,105.270270,OpenLoop,NoFIFO,false,OpenLoop_NoFIFO
5.090072,-1,20,9997.108000,72.396000,324.876238,316.867964,460.000000,819,135.123762,OpenLoop,NoFIFO,false,OpenLoop_NoFIFO
5.100072,-1,20,9999.181000,71.577000,269.115344,309.705071,460.000000,819,190.884656,OpenLoop,NoFIFO,false,OpenLoop_NoFIFO
5.110072,-1,20,10000.812000,72.389000,329.486879,312.672342,460.000000,819,130.513121,OpenLoop,NoFIFO,false,OpenLoop_NoFIFO
5.120072,-1,20,9999.255000,71.644000,328.453453,315.039509,460.000000,819,131.546547,OpenLoop,NoFIFO,false,OpenLoop_NoFIFO
5.130075,-1,20,10002.941000,74.585000,273.589494,308.822007,460.000000,819,186.410506,OpenLoop,NoFIFO,false,OpenLoop_NoFIFO
5.140074,-1,20,9999.441000,74.026000,317.950581,310.191293,460.000000,819,142.049419,OpenLoop,NoFIFO,false,OpenLoop_NoFIFO
5.150074,-1,20,10000.404000,74.430000,339.673913,314.613686,460.000000,819,120.326087,OpenLoop,NoFIFO,false,OpenLoop_NoFIFO
5.160074,-1,20,9999.718000,74.148000,279.529817,309.351105,460.000000,819,180.470183,OpenLoop,NoFIFO,false,OpenLoop_NoFIFO
5.170074,-1,20,9999.534000,73.682000,296.990496,307.497014,460.000000,819,163.009504,OpenLoop,NoFIFO,false,OpenLoop_NoFIFO
5.180073,-1,20,9999.126000,72.808000,352.775165,314.288737,460.000000,819,107.224835,OpenLoop,NoFIFO,false,OpenLoop_NoFIFO
5.190073,-1,20,10000.366000,73.174000,281.454694,309.363630,460.000000,819,178.545306,OpenLoop,NoFIFO,false,OpenLoop_NoFIFO
5.200073,-1,20,10000.015000,73.189000,290.455195,306.527365,460.000000,819,169.544805,OpenLoop,NoFIFO,false,OpenLoop_NoFIFO
5.210074,-1,20,10000.348000,73.537000,364.313472,315.195281,460.000000,819,95.686528,OpenLoop,NoFIFO,false,OpenLoop_NoFIFO
5.220073,-1,20,9999.719000,73.256000,296.100583,312.331076,460.000000,819,163.899417,OpenLoop,NoFIFO,false,OpenLoop_NoFIFO
5.230074,-1,20,10000.941000,74.197000,274.853412,306.709427,460.000000,819,185.146588,OpenLoop,NoFIFO,false,OpenLoop_NoFIFO
5.240073,-1,20,9998.941000,73.138000,362.545496,315.084837,460.000000,819,97.454504,OpenLoop,NoFIFO,false,OpenLoop_NoFIFO
5.250074,-1,20,10000.496000,73.634000,303.889789,313.405580,460.000000,819,156.110211,OpenLoop,NoFIFO,false,OpenLoop_NoFIFO
5.260073,-1,20,9999.848000,73.482000,268.881453,306.726961,460.000000,819,191.118547,OpenLoop,NoFIFO,false,OpenLoop_NoFIFO
5.270073,-1,20,9999.663000,73.145000,368.321111,315.966083,460.000000,819,91.678889,OpenLoop,NoFIFO,false,OpenLoop_NoFIFO
5.280073,-1,20,9999.960000,73.105000,312.054208,315.379302,460.000000,819,147.945792,OpenLoop,NoFIFO,false,OpenLoop_NoFIFO
5.290074,-1,20,10000.422000,73.527000,262.605042,307.463163,460.000000,819,197.394958,OpenLoop,NoFIFO,false,OpenLoop_NoFIFO
5.300074,-1,20,10000.126000,73.653000,352.287798,314.186858,460.000000,819,107.712202,OpenLoop,NoFIFO,false,OpenLoop_NoFIFO
5.310073,-1,20,9999.089000,72.742000,312.153163,313.881804,460.000000,819,147.846837,OpenLoop,NoFIFO,false,OpenLoop_NoFIFO
5.320072,-1,20,9998.867000,71.609000,263.096352,306.263986,460.000000,819,196.903648,OpenLoop,NoFIFO,false,OpenLoop_NoFIFO
5.330072,-1,20,9999.940000,71.549000,343.946541,311.916369,460.000000,819,116.053459,OpenLoop,NoFIFO,false,OpenLoop_NoFIFO
5.340070,-1,20,9998.200000,69.749000,325.844091,314.005528,460.000000,819,134.155909,OpenLoop,NoFIFO,false,OpenLoop_NoFIFO
5.350070,-1,20,10000.256000,70.005000,270.527282,307.483791,460.000000,819,189.472718,OpenLoop,NoFIFO,false,OpenLoop_NoFIFO
5.360071,-1,20,10000.570000,70.575000,324.919131,310.099092,460.000000,819,135.080869,OpenLoop,NoFIFO,false,OpenLoop_NoFIFO
5.370082,-1,20,10010.941000,81.516000,341.618948,314.827070,460.000000,819,118.381052,OpenLoop,NoFIFO,false,OpenLoop_NoFIFO
5.380075,-1,20,9993.848000,75.364000,278.879524,309.434938,460.000000,819,181.120476,OpenLoop,NoFIFO,false,OpenLoop_NoFIFO
5.390084,-1,20,10008.571000,83.935000,320.278184,311.061425,460.000000,819,139.721816,OpenLoop,NoFIFO,false,OpenLoop_NoFIFO
5.400077,-1,20,9992.737000,76.672000,348.772321,316.718060,460.000000,819,111.227679,OpenLoop,NoFIFO,false,OpenLoop_NoFIFO
5.410073,-1,20,9995.904000,72.576000,282.379518,311.567279,460.000000,819,177.620482,OpenLoop,NoFIFO,false,OpenLoop_NoFIFO
5.420071,-1,20,9998.589000,71.165000,305.090656,310.595785,460.000000,819,154.909344,OpenLoop,NoFIFO,false,OpenLoop_NoFIFO
5.430072,-1,20,10001.292000,72.457000,358.006619,317.707410,460.000000,819,101.993381,OpenLoop,NoFIFO,false,OpenLoop_NoFIFO
5.440071,-1,20,9998.701000,71.158000,290.732347,313.661151,460.000000,819,169.267653,OpenLoop,NoFIFO,false,OpenLoop_NoFIFO
5.450071,-1,20,10000.163000,71.321000,282.844213,309.038610,460.000000,819,177.155787,OpenLoop,NoFIFO,false,OpenLoop_NoFIFO
5.460077,-1,20,10005.829000,77.150000,361.722651,316.941216,460.000000,819,98.277349,OpenLoop,NoFIFO,false,OpenLoop_NoFIFO
5.470070,-1,20,9992.904000,70.054000,294.502618,313.575426,460.000000,819,165.497382,OpenLoop,NoFIFO,false,OpenLoop_NoFIFO
5.480069,-1,20,9999.145000,69.199000,273.855891,307.617496,460.000000,819,186.144109,OpenLoop,NoFIFO,false,OpenLoop_NoFIFO
5.490070,-1,20,10001.144000,70.343000,367.743201,316.636352,460.000000,819,92.256799,OpenLoop,NoFIFO,false,OpenLoop_NoFIFO
5.500069,-1,20,9998.978000,69.321000,305.451128,314.958568,460.000000,819,154.548872,OpenLoop,NoFIFO,false,OpenLoop_NoFIFO
5.510070,-1,20,10000.256000,69.577000,265.923156,307.603256,460.000000,819,194.076844,OpenLoop,NoFIFO,false,OpenLoop_NoFIFO
5.520071,-1,20,10001.070000,70.647000,363.724539,316.021449,460.000000,819,96.275461,OpenLoop,NoFIFO,false,OpenLoop_NoFIFO
5.530076,-1,20,10005.644000,76.291000,313.303342,315.613733,460.000000,819,146.696658,OpenLoop,NoFIFO,false,OpenLoop_NoFIFO
5.540069,-1,20,9993.182000,69.473000,261.871508,307.552399,460.000000,819,198.128492,OpenLoop,NoFIFO,false,OpenLoop_NoFIFO
5.550071,-1,20,10001.737000,71.210000,358.802624,315.239933,460.000000,819,101.197376,OpenLoop,NoFIFO,false,OpenLoop_NoFIFO
5.560070,-1,20,9998.422000,69.632000,322.682423,316.356306,460.000000,819,137.317577,OpenLoop,NoFIFO,false,OpenLoop_NoFIFO
5.570070,-1,20,10000.701000,70.333000,268.317115,309.150428,460.000000,819,191.682885,OpenLoop,NoFIFO,false,OpenLoop_NoFIFO
5.580069,-1,20,9998.977000,69.310000,342.935528,314.218193,460.000000,819,117.064472,OpenLoop,NoFIFO,false,OpenLoop_NoFIFO
5.590070,-1,20,10001.052000,70.362000,336.538462,317.566233,460.000000,819,123.461538,OpenLoop,NoFIFO,false,OpenLoop_NoFIFO
5.600075,-1,20,10005.015000,75.377000,276.005888,311.332181,460.000000,819,183.994112,OpenLoop,NoFIFO,false,OpenLoop_NoFIFO
5.610071,-1,20,9996.034000,71.411000,341.086279,315.795296,460.000000,819,118.913721,OpenLoop,NoFIFO,false,OpenLoop_NoFIFO
5.620070,-1,20,9998.718000,70.129000,342.653509,319.824028,460.000000,819,117.346491,OpenLoop,NoFIFO,false,OpenLoop_NoFIFO
5.630070,-1,20,10000.052000,70.181000,281.109445,314.016840,460.000000,819,178.890555,OpenLoop,NoFIFO,false,OpenLoop_NoFIFO
5.640070,-1,20,9999.737000,69.918000,320.904645,315.050011,460.000000,819,139.095355,OpenLoop,NoFIFO,false,OpenLoop_NoFIFO
5.650083,-1,20,10013.145000,83.063000,351.311563,320.489244,460.000000,819,108.688437,OpenLoop,NoFIFO,false,OpenLoop_NoFIFO
5.660075,-1,20,9992.403000,75.466000,291.149068,316.088218,460.000000,819,168.850932,OpenLoop,NoFIFO,false,OpenLoop_NoFIFO
5.670072,-1,20,9996.701000,72.167000,294.965915,312.919872,460.000000,819,165.034085,OpenLoop,NoFIFO,false,OpenLoop_NoFIFO
5.680071,-1,20,9999.329000,71.496000,362.493958,320.355985,460.000000,819,97.506042,OpenLoop,NoFIFO,false,OpenLoop_NoFIFO
5.690072,-1,20,10000.867000,72.363000,290.593705,315.891643,460.000000,819,169.406295,OpenLoop,NoFIFO,false,OpenLoop_NoFIFO
5.700071,-1,20,9998.904000,71.267000,287.723785,311.666465,460.000000,819,172.276215,OpenLoop,NoFIFO,false,OpenLoop_NoFIFO
5.710071,-1,20,10000.200000,71.467000,359.884837,318.899220,460.000000,819,100.115163,OpenLoop,NoFIFO,false,OpenLoop_NoFIFO
5.720072,-1,20,10000.515000,71.982000,293.733681,315.124390,460.000000,819,166.266319,OpenLoop,NoFIFO,false,OpenLoop_NoFIFO
5.730084,-1,20,10012.292000,84.274000,277.915020,309.542984,460.000000,819,182.084980,OpenLoop,NoFIFO,false,OpenLoop_NoFIFO
5.740078,-1,20,9993.386000,77.660000,367.935636,318.301882,460.000000,819,92.064364,OpenLoop,NoFIFO,false,OpenLoop_NoFIFO
5.750072,-1,20,9994.774000,72.434000,310.577378,317.143206,460.000000,819,149.422622,OpenLoop,NoFIFO,false,OpenLoop_NoFIFO
5.760069,-1,20,9996.070000,68.504000,272.385103,310.429491,460.000000,819,187.614897,OpenLoop,NoFIFO,false,OpenLoop_NoFIFO
5.770072,-1,20,10003.682000,72.186000,369.779582,319.332005,460.000000,819,90.220418,OpenLoop,NoFIFO,false,OpenLoop_NoFIFO
5.780078,-1,20,10005.348000,77.534000,316.887676,318.965355,460.000000,819,143.112324,OpenLoop,NoFIFO,false,OpenLoop_NoFIFO
5.790075,-1,20,9997.793000,75.327000,267.984755,311.318265,460.000000,819,192.015245,OpenLoop,NoFIFO,false,OpenLoop_NoFIFO
5.800072,-1,20,9996.607000,71.934000,377.212983,321.202473,460.000000,819,82.787017,OpenLoop,NoFIFO,false,OpenLoop_NoFIFO
5.810074,-1,20,10001.848000,73.782000,323.275862,321.513481,460.000000,819,136.724138,OpenLoop,NoFIFO,false,OpenLoop_NoFIFO
5.820072,-1,20,9998.182000,71.964000,276.178361,314.713213,460.000000,819,183.821639,OpenLoop,NoFIFO,false,OpenLoop_NoFIFO
5.830077,-1,20,10004.774000,76.738000,353.440151,320.522254,460.000000,819,106.559849,OpenLoop,NoFIFO,false,OpenLoop_NoFIFO
5.840075,-1,20,9998.570000,75.308000,337.403599,323.054456,460.000000,819,122.596401,OpenLoop,NoFIFO,false,OpenLoop_NoFIFO
5.850073,-1,20,9997.497000,72.805000,278.052397,316.304147,460.000000,819,181.947603,OpenLoop,NoFIFO,false,OpenLoop_NoFIFO
5.860072,-1,20,9999.404000,72.209000,335.849539,319.235956,460.000000,819,124.150461,OpenLoop,NoFIFO,false,OpenLoop_NoFIFO
5.870080,-1,20,10007.477000,79.686000,342.820575,322.773649,460.000000,819,117.179425,OpenLoop,NoFIFO,false,OpenLoop_NoFIFO
5.880075,-1,20,9995.404000,75.090000,277.217742,315.940263,460.000000,819,182.782258,OpenLoop,NoFIFO,false,OpenLoop_NoFIFO
5.890071,-1,20,9995.960000,71.050000,318.877551,316.380856,460.000000,819,141.122449,OpenLoop,NoFIFO,false,OpenLoop_NoFIFO
5.900072,-1,20,10001.237000,72.287000,345.213046,320.705684,460.000000,819,114.786954,OpenLoop,NoFIFO,false,OpenLoop_NoFIFO
5.910071,-1,20,9998.422000,70.709000,283.694134,315.153952,460.000000,819,176.305866,OpenLoop,NoFIFO,false,OpenLoop_NoFIFO
5.920071,-1,20,10000.219000,70.928000,305.374593,313.687048,460.000000,819,154.625407,OpenLoop,NoFIFO,false,OpenLoop_NoFIFO
5.930070,-1,20,9999.089000,70.017000,357.824427,320.307655,460.000000,819,102.175573,OpenLoop,NoFIFO,false,OpenLoop_NoFIFO
5.940070,-1,20,10000.255000,70.272000,294.656888,316.460040,460.000000,819,165.343112,OpenLoop,NoFIFO,false,OpenLoop_NoFIFO
5.950069,-1,20,9998.311000,68.583000,291.427547,312.705166,460.000000,819,168.572453,OpenLoop,NoFIFO,false,OpenLoop_NoFIFO
5.960070,-1,20,10001.552000,70.135000,369.094488,321.163564,460.000000,819,90.905512,OpenLoop,NoFIFO,false,OpenLoop_NoFIFO
5.970074,-1,20,10003.423000,73.558000,307.144657,319.060728,460.000000,819,152.855343,OpenLoop,NoFIFO,false,OpenLoop_NoFIFO
5.980084,-1,20,10010.866000,84.424000,279.850746,313.179231,460.000000,819,180.149254,OpenLoop,NoFIFO,false,OpenLoop_NoFIFO
5.990077,-1,20,9992.163000,76.587000,377.643505,322.848872,460.000000,819,82.356495,OpenLoop,NoFIFO,false,OpenLoop_NoFIFO
6.000074,-1,20,9997.441000,74.028000,310.114504,320.938717,460.000000,819,149.885496,OpenLoop,NoFIFO,false,OpenLoop_NoFIFO
6.010073,-1,20,9998.737000,72.765000,272.793404,313.716920,460.000000,819,187.206596,OpenLoop,NoFIFO,false,OpenLoop_NoFIFO
6.020072,-1,20,9999.534000,72.299000,371.850210,322.436913,460.000000,819,88.149790,OpenLoop,NoFIFO,false,OpenLoop_NoFIFO
6.030083,-1,20,10010.829000,83.128000,319.378931,321.978216,460.000000,819,140.621069,OpenLoop,NoFIFO,false,OpenLoop_NoFIFO
6.040080,-1,20,9996.478000,79.606000,271.345876,314.383365,460.000000,819,188.654124,OpenLoop,NoFIFO,false,OpenLoop_NoFIFO
6.050075,-1,20,9995.145000,74.751000,371.238120,322.911578,460.000000,819,88.761880,OpenLoop,NoFIFO,false,OpenLoop_NoFIFO
6.060073,-1,20,9997.774000,72.525000,332.110324,324.291390,460.000000,819,127.889676,OpenLoop,NoFIFO,false,OpenLoop_NoFIFO
6.070072,-1,20,9999.070000,71.595000,270.953757,316.290745,460.000000,819,189.046243,OpenLoop,NoFIFO,false,OpenLoop_NoFIFO
6.080071,-1,20,9999.534000,71.129000,358.508604,322.623424,460.000000,819,101.491396,OpenLoop,NoFIFO,false,OpenLoop_NoFIFO
6.090072,-1,20,10000.533000,71.662000,327.269066,323.320270,460.000000,819,132.730934,OpenLoop,NoFIFO,false,OpenLoop_NoFIFO
6.100091,-1,20,10019.274000,90.936000,273.855891,315.900613,460.000000,819,186.144109,OpenLoop,NoFIFO,false,OpenLoop_NoFIFO
6.110082,-1,20,9991.089000,82.025000,337.924820,319.204244,460.000000,819,122.075180,OpenLoop,NoFIFO,false,OpenLoop_NoFIFO
6.120076,-1,20,9994.460000,76.485000,338.855422,322.151921,460.000000,819,121.144578,OpenLoop,NoFIFO,false,OpenLoop_NoFIFO
6.130074,-1,20,9997.459000,73.944000,284.665992,316.529032,460.000000,819,175.334008,OpenLoop,NoFIFO,false,OpenLoop_NoFIFO
6.140072,-1,20,9997.570000,71.514000,322.640118,317.445695,460.000000,819,137.359882,OpenLoop,NoFIFO,false,OpenLoop_NoFIFO
6.150072,-1,20,10000.163000,71.677000,351.035946,322.484232,460.000000,819,108.964054,OpenLoop,NoFIFO,false,OpenLoop_NoFIFO
6.160073,-1,20,10000.960000,72.637000,292.138810,317.932419,460.000000,819,167.861190,OpenLoop,NoFIFO,false,OpenLoop_NoFIFO
6.170084,-1,20,10011.181000,83.818000,311.530793,316.972175,460.000000,819,148.469207,OpenLoop,NoFIFO,false,OpenLoop_NoFIFO
6.180078,-1,20,9994.052000,77.870000,366.620112,324.419366,460.000000,819,93.379888,OpenLoop,NoFIFO,false,OpenLoop_NoFIFO
6.190072,-1,20,9994.478000,72.348000,300.068587,320.766749,460.000000,819,159.931413,OpenLoop,NoFIFO,false,OpenLoop_NoFIFO
6.200073,-1,20,10000.200000,72.548000,300.925926,317.790625,460.000000,819,159.074074,OpenLoop,NoFIFO,false,OpenLoop_NoFIFO
6.210073,-1,20,10000.682000,73.230000,369.676656,325.573530,460.000000,819,90.323344,OpenLoop,NoFIFO,false,OpenLoop_NoFIFO
6.220072,-1,20,9998.700000,71.930000,304.101019,322.352653,460.000000,819,155.898981,OpenLoop,NoFIFO,false,OpenLoop_NoFIFO
6.230072,-1,20,9999.607000,71.537000,281.454694,316.217960,460.000000,819,178.545306,OpenLoop,NoFIFO,false,OpenLoop_NoFIFO
6.240072,-1,20,10000.404000,71.941000,370.639535,324.381196,460.000000,819,89.360465,OpenLoop,NoFIFO,false,OpenLoop_NoFIFO
6.250071,-1,20,9999.311000,71.252000,308.726674,322.033018,460.000000,819,151.273326,OpenLoop,NoFIFO,false,OpenLoop_NoFIFO
6.260101,-1,20,10029.793000,101.045000,269.138756,314.098878,460.000000,819,190.861244,OpenLoop,NoFIFO,false,OpenLoop_NoFIFO
6.270073,-1,20,9972.348000,73.393000,374.600426,323.174111,460.000000,819,85.399574,OpenLoop,NoFIFO,false,OpenLoop_NoFIFO
6.280071,-1,20,9998.089000,71.482000,312.202664,321.528394,460.000000,819,147.797336,OpenLoop,NoFIFO,false,OpenLoop_NoFIFO
6.290072,-1,20,10000.330000,71.812000,269.960733,313.793244,460.000000,819,190.039267,OpenLoop,NoFIFO,false,OpenLoop_NoFIFO
6.300077,-1,20,10005.052000,76.864000,363.372093,321.230072,460.000000,819,96.627907,OpenLoop,NoFIFO,false,OpenLoop_NoFIFO
6.310077,-1,20,9999.866000,76.730000,329.036177,322.400988,460.000000,819,130.963823,OpenLoop,NoFIFO,false,OpenLoop_NoFIFO
6.320072,-1,20,9995.627000,72.357000,276.485935,315.513730,460.000000,819,183.514065,OpenLoop,NoFIFO,false,OpenLoop_NoFIFO
6.330073,-1,20,10000.996000,73.353000,359.195402,322.065981,460.000000,819,100.804598,OpenLoop,NoFIFO,false,OpenLoop_NoFIFO
6.340071,-1,20,9997.885000,71.238000,340.661337,324.855284,460.000000,819,119.338663,OpenLoop,NoFIFO,false,OpenLoop_NoFIFO
6.350072,-1,20,10000.904000,72.142000,279.017857,317.979670,460.000000,819,180.982143,OpenLoop,NoFIFO,false,OpenLoop_NoFIFO
6.360097,-1,20,10024.848000,96.990000,343.826406,321.856680,460.000000,819,116.173594,OpenLoop,NoFIFO,false,OpenLoop_NoFIFO
6.370073,-1,20,9975.626000,72.616000,345.213046,325.360135,460.000000,819,114.786954,OpenLoop,NoFIFO,false,OpenLoop_NoFIFO
6.380071,-1,20,9998.071000,70.687000,286.764706,319.570821,460.000000,819,173.235294,OpenLoop,NoFIFO,false,OpenLoop_NoFIFO
6.390071,-1,20,10000.385000,71.072000,326.043339,320.541698,460.000000,819,133.956661,OpenLoop,NoFIFO,false,OpenLoop_NoFIFO
6.400072,-1,20,10000.681000,71.753000,357.483317,326.082941,460.000000,819,102.516683,OpenLoop,NoFIFO,false,OpenLoop_NoFIFO
6.410073,-1,20,10001.145000,72.898000,292.687320,321.073598,460.000000,819,167.312680,OpenLoop,NoFIFO,false,OpenLoop_NoFIFO
6.420072,-1,20,9998.978000,71.876000,301.770386,318.178116,460.000000,819,158.229614,OpenLoop,NoFIFO,false,OpenLoop_NoFIFO
6.430071,-1,20,9998.774000,70.650000,361.969112,324.746766,460.000000,819,98.030888,OpenLoop,NoFIFO,false,OpenLoop_NoFIFO
6.440077,-1,20,10006.478000,77.128000,293.733681,320.094803,460.000000,819,166.266319,OpenLoop,NoFIFO,false,OpenLoop_NoFIFO
6.450077,-1,20,9999.515000,76.643000,290.455195,315.648862,460.000000,819,169.544805,OpenLoop,NoFIFO,false,OpenLoop_NoFIFO
6.460098,-1,20,10021.218000,97.861000,368.707394,323.607642,460.000000,819,91.292606,OpenLoop,NoFIFO,false,OpenLoop_NoFIFO
6.470072,-1,20,9974.219000,72.080000,300.894085,320.200608,460.000000,819,159.105915,OpenLoop,NoFIFO,false,OpenLoop_NoFIFO
6.480078,-1,20,10006.200000,78.280000,281.454694,314.388721,460.000000,819,178.545306,OpenLoop,NoFIFO,false,OpenLoop_NoFIFO
6.490084,-1,20,10006.219000,84.499000,370.639535,322.826343,460.000000,819,89.360465,OpenLoop,NoFIFO,false,OpenLoop_NoFIFO
6.500076,-1,20,9991.811000,76.310000,313.895089,321.486655,460.000000,819,146.104911,OpenLoop,NoFIFO,false,OpenLoop_NoFIFO
6.510073,-1,20,9996.570000,72.880000,276.110104,314.680172,460.000000,819,183.889896,OpenLoop,NoFIFO,false,OpenLoop_NoFIFO
6.520079,-1,20,10006.534000,79.414000,379.862237,324.457482,460.000000,819,80.137763,OpenLoop,NoFIFO,false,OpenLoop_NoFIFO
6.530076,-1,20,9996.626000,76.040000,325.037147,324.544432,460.000000,819,134.962853,OpenLoop,NoFIFO,false,OpenLoop_NoFIFO
6.540073,-1,20,9996.496000,72.536000,271.667545,316.612899,460.000000,819,188.332455,OpenLoop,NoFIFO,false,OpenLoop_NoFIFO
6.550071,-1,20,9998.867000,71.403000,371.850210,324.898495,460.000000,819,88.149790,OpenLoop,NoFIFO,false,OpenLoop_NoFIFO
6.560104,-1,20,10032.477000,103.880000,326.567524,325.148850,460.000000,819,133.432476,OpenLoop,NoFIFO,false,OpenLoop_NoFIFO
6.570072,-1,20,9967.941000,71.821000,276.862790,317.905941,460.000000,819,183.137210,OpenLoop,NoFIFO,false,OpenLoop_NoFIFO
6.580072,-1,20,9999.923000,71.744000,366.006693,325.121054,460.000000,819,93.993307,OpenLoop,NoFIFO,false,OpenLoop_NoFIFO
6.590073,-1,20,10000.811000,72.555000,342.486605,327.725886,460.000000,819,117.513395,OpenLoop,NoFIFO,false,OpenLoop_NoFIFO
6.600082,-1,20,10009.644000,82.199000,282.663317,320.966501,460.000000,819,177.336683,OpenLoop,NoFIFO,false,OpenLoop_NoFIFO
6.610079,-1,20,9996.460000,78.659000,339.182344,323.698877,460.000000,819,120.817656,OpenLoop,NoFIFO,false,OpenLoop_NoFIFO
6.620072,-1,20,9993.663000,72.322000,351.876676,327.925547,460.000000,819,108.123324,OpenLoop,NoFIFO,false,OpenLoop_NoFIFO
6.630085,-1,20,10013.033000,85.355000,284.223414,321.370227,460.000000,819,175.776586,OpenLoop,NoFIFO,false,OpenLoop_NoFIFO
6.640076,-1,20,9990.793000,76.148000,322.250132,321.502213,460.000000,819,137.749868,OpenLoop,NoFIFO,false,OpenLoop_NoFIFO
6.650074,-1,20,9998.052000,74.200000,357.995227,326.976165,460.000000,819,102.004773,OpenLoop,NoFIFO,false,OpenLoop_NoFIFO
6.660114,-1,20,10040.126000,114.326000,290.547521,321.511868,460.000000,819,169.452479,OpenLoop,NoFIFO,false,OpenLoop_NoFIFO
6.670077,-1,20,9962.756000,77.082000,308.968927,319.630427,460.000000,819,151.031073,OpenLoop,NoFIFO,false,OpenLoop_NoFIFO
6.680084,-1,20,10006.588000,83.670000,365.070093,326.446377,460.000000,819,94.929907,OpenLoop,NoFIFO,false,OpenLoop_NoFIFO
6.690079,-1,20,9995.219000,78.889000,303.020885,322.932553,460.000000,819,156.979115,OpenLoop,NoFIFO,false,OpenLoop_NoFIFO
6.700071,-1,20,9992.089000,70.978000,288.609543,317.784102,460.000000,819,171.390457,OpenLoop,NoFIFO,false,OpenLoop_NoFIFO
6.710070,-1,20,9999.089000,70.067000,379.645069,327.063247,460.000000,819,80.354931,OpenLoop,NoFIFO,false,OpenLoop_NoFIFO
6.720071,-1,20,10000.848000,70.915000,307.144657,324.075458,460.000000,819,152.855343,OpenLoop,NoFIFO,false,OpenLoop_NoFIFO
6.730070,-1,20,9999.182000,70.097000,289.489311,318.887536,460.000000,819,170.510689,OpenLoop,NoFIFO,false,OpenLoop_NoFIFO
6.740070,-1,20,10000.033000,70.130000,385.273973,328.845502,460.000000,819,74.726027,OpenLoop,NoFIFO,false,OpenLoop_NoFIFO
6.750070,-1,20,9999.923000,70.053000,316.722973,327.027122,460.000000,819,143.277027,OpenLoop,NoFIFO,false,OpenLoop_NoFIFO
6.760099,-1,20,10028.496000,98.549000,276.771337,319.488755,460.000000,819,183.228663,OpenLoop,NoFIFO,false,OpenLoop_NoFIFO
6.770074,-1,20,9975.867000,74.416000,376.951277,328.108133,460.000000,819,83.048723,OpenLoop,NoFIFO,false,OpenLoop_NoFIFO
6.780071,-1,20,9996.978000,71.394000,328.289145,328.135285,460.000000,819,131.710855,OpenLoop,NoFIFO,false,OpenLoop_NoFIFO
6.790069,-1,20,9998.070000,69.464000,272.661173,319.814168,460.000000,819,187.338827,OpenLoop,NoFIFO,false,OpenLoop_NoFIFO
6.800071,-1,20,10001.126000,70.590000,376.405246,328.302830,460.000000,819,83.594754,OpenLoop,NoFIFO,false,OpenLoop_NoFIFO
6.810070,-1,20,9999.052000,69.642000,327.187064,328.135465,460.000000,819,132.812936,OpenLoop,NoFIFO,false,OpenLoop_NoFIFO
6.820070,-1,20,10000.756000,70.398000,272.097625,319.729789,460.000000,819,187.902375,OpenLoop,NoFIFO,false,OpenLoop_NoFIFO
6.830069,-1,20,9998.718000,69.116000,357.142857,325.341749,460.000000,819,102.857143,OpenLoop,NoFIFO,false,OpenLoop_NoFIFO
6.840071,-1,20,10001.719000,70.835000,334.637562,326.736121,460.000000,819,125.362438,OpenLoop,NoFIFO,false,OpenLoop_NoFIFO
6.850071,-1,20,9999.941000,70.776000,279.401651,319.635950,460.000000,819,180.598349,OpenLoop,NoFIFO,false,OpenLoop_NoFIFO
6.860114,-1,20,10043.070000,113.846000,345.855878,323.568940,460.000000,819,114.144122,OpenLoop,NoFIFO,false,OpenLoop_NoFIFO
6.870075,-1,20,9961.274000,75.120000,345.758693,326.897403,460.000000,819,114.241307,OpenLoop,NoFIFO,false,OpenLoop_NoFIFO
6.880073,-1,20,9997.460000,72.580000,281.987506,320.160918,460.000000,819,178.012494,OpenLoop,NoFIFO,false,OpenLoop_NoFIFO
6.890072,-1,20,9999.237000,71.817000,330.284553,321.679463,460.000000,819,129.715447,OpenLoop,NoFIFO,false,OpenLoop_NoFIFO
6.900072,-1,20,10000.052000,71.869000,358.166189,327.152472,460.000000,819,101.833811,OpenLoop,NoFIFO,false,OpenLoop_NoFIFO
6.910072,-1,20,9999.829000,71.698000,287.096325,321.144050,460.000000,819,172.903675,OpenLoop,NoFIFO,false,OpenLoop_NoFIFO
6.920071,-1,20,9999.589000,71.287000,317.437923,320.588131,460.000000,819,142.562077,OpenLoop,NoFIFO,false,OpenLoop_NoFIFO
6.930073,-1,20,10001.237000,72.524000,367.358934,327.603752,460.000000,819,92.641066,OpenLoop,NoFIFO,false,OpenLoop_NoFIFO
6.940071,-1,20,9998.626000,71.150000,303.473606,323.984230,460.000000,819,156.526394,OpenLoop,NoFIFO,false,OpenLoop_NoFIFO
6.950073,-1,20,10001.737000,72.887000,297.776601,320.053085,460.000000,819,162.223399,OpenLoop,NoFIFO,false,OpenLoop_NoFIFO
6.960071,-1,20,9997.793000,70.680000,382.011026,329.346776,460.000000,819,77.988974,OpenLoop,NoFIFO,false,OpenLoop_NoFIFO
6.970068,-1,20,9997.811000,68.491000,307.454591,326.062949,460.000000,819,152.545409,OpenLoop,NoFIFO,false,OpenLoop_NoFIFO
6.980073,-1,20,10004.663000,73.154000,287.712465,320.310376,460.000000,819,172.287535,OpenLoop,NoFIFO,false,OpenLoop_NoFIFO
6.990068,-1,20,9994.534000,67.688000,385.273973,330.054916,460.000000,819,74.726027,OpenLoop,NoFIFO,false,OpenLoop_NoFIFO
7.000070,-1,20,10002.626000,70.314000,309.844193,327.023307,460.000000,819,150.155807,OpenLoop,NoFIFO,false,OpenLoop_NoFIFO
7.010072,-1,20,10001.496000,71.810000,276.030514,319.374388,460.000000,819,183.969486,OpenLoop,NoFIFO,false,OpenLoop_NoFIFO
7.020072,-1,20,10000.682000,72.492000,372.545582,327.350067,460.000000,819,87.454418,OpenLoop,NoFIFO,false,OpenLoop_NoFIFO
7.030070,-1,20,9997.348000,69.840000,318.710774,326.054173,460.000000,819,141.289226,OpenLoop,NoFIFO,false,OpenLoop_NoFIFO
7.040078,-1,20,10008.552000,78.392000,273.989284,318.244440,460.000000,819,186.010716,OpenLoop,NoFIFO,false,OpenLoop_NoFIFO
7.050074,-1,20,9995.367000,73.759000,369.871120,325.988442,460.000000,819,90.128880,OpenLoop,NoFIFO,false,OpenLoop_NoFIFO
7.060071,-1,20,9996.922000,70.681000,332.132735,326.910086,460.000000,819,127.867265,OpenLoop,NoFIFO,false,OpenLoop_NoFIFO
7.070071,-1,20,10000.774000,71.455000,273.855891,318.951957,460.000000,819,186.144109,OpenLoop,NoFIFO,false,OpenLoop_NoFIFO
7.080071,-1,20,9999.941000,71.396000,368.900839,326.444289,460.000000,819,91.099161,OpenLoop,NoFIFO,false,OpenLoop_NoFIFO
7.090075,-1,20,10003.978000,75.374000,339.018804,328.330466,460.000000,819,120.981196,OpenLoop,NoFIFO,false,OpenLoop_NoFIFO
7.100072,-1,20,9997.052000,72.426000,287.282942,322.173338,460.000000,819,172.717058,OpenLoop,NoFIFO,false,OpenLoop_NoFIFO
7.110071,-1,20,9998.959000,71.385000,355.450237,327.164873,460.000000,819,104.549763,OpenLoop,NoFIFO,false,OpenLoop_NoFIFO
7.120071,-1,20,9999.237000,70.622000,345.842792,329.966561,460.000000,819,114.157208,OpenLoop,NoFIFO,false,OpenLoop_NoFIFO
7.130073,-1,20,10002.534000,73.156000,290.119363,323.989481,460.000000,819,169.880637,OpenLoop,NoFIFO,false,OpenLoop_NoFIFO
7.140072,-1,20,9998.552000,71.708000,328.858608,324.719850,460.000000,819,131.141392,OpenLoop,NoFIFO,false,OpenLoop_NoFIFO
7.150077,-1,20,10005.607000,77.315000,358.851675,329.839624,460.000000,819,101.148325,OpenLoop,NoFIFO,false,OpenLoop_NoFIFO
7.160074,-1,20,9996.293000,73.608000,288.219676,323.596631,460.000000,819,171.780324,OpenLoop,NoFIFO,false,OpenLoop_NoFIFO
7.170081,-1,20,10007.107000,80.715000,314.175603,322.183477,460.000000,819,145.824397,OpenLoop,NoFIFO,false,OpenLoop_NoFIFO
7.180077,-1,20,9996.478000,77.193000,362.368857,328.211284,460.000000,819,97.631143,OpenLoop,NoFIFO,false,OpenLoop_NoFIFO
7.190072,-1,20,9994.756000,71.949000,294.384058,323.137200,460.000000,819,165.615942,OpenLoop,NoFIFO,false,OpenLoop_NoFIFO
7.200072,-1,20,10000.070000,72.019000,292.816242,318.589056,460.000000,819,167.183758,OpenLoop,NoFIFO,false,OpenLoop_NoFIFO
7.210071,-1,20,9999.293000,71.312000,367.731887,325.960481,460.000000,819,92.268113,OpenLoop,NoFIFO,false,OpenLoop_NoFIFO
7.220072,-1,20,10001.163000,72.475000,302.419355,322.429312,460.000000,819,157.580645,OpenLoop,NoFIFO,false,OpenLoop_NoFIFO
7.230072,-1,20,9999.404000,71.879000,287.034856,317.120144,460.000000,819,172.965144,OpenLoop,NoFIFO,false,OpenLoop_NoFIFO
7.240072,-1,20,9999.941000,71.820000,379.862237,326.531458,460.000000,819,80.137763,OpenLoop,NoFIFO,false,OpenLoop_NoFIFO
7.250071,-1,20,9998.996000,70.816000,313.545151,324.583512,460.000000,819,146.454849,OpenLoop,NoFIFO,false,OpenLoop_NoFIFO
7.260071,-1,20,10000.589000,71.405000,276.326367,317.344940,460.000000,819,183.673633,OpenLoop,NoFIFO,false,OpenLoop_NoFIFO
7.270072,-1,20,10000.848000,72.253000,379.103235,326.608684,460.000000,819,80.896765,OpenLoop,NoFIFO,false,OpenLoop_NoFIFO
7.280071,-1,20,9998.922000,71.175000,321.230891,325.802015,460.000000,819,138.769109,OpenLoop,NoFIFO,false,OpenLoop_NoFIFO
7.290071,-1,20,9999.663000,70.838000,280.043658,318.938262,460.000000,819,179.956342,OpenLoop,NoFIFO,false,OpenLoop_NoFIFO
7.300072,-1,20,10000.775000,71.613000,375.600962,327.437667,460.000000,819,84.399038,OpenLoop,NoFIFO,false,OpenLoop_NoFIFO
7.310084,-1,20,10012.274000,83.887000,330.726717,327.931024,460.000000,819,129.273283,OpenLoop,NoFIFO,false,OpenLoop_NoFIFO
7.320076,-1,20,9992.459000,76.346000,281.608411,320.982632,460.000000,819,178.391589,OpenLoop,NoFIFO,false,OpenLoop_NoFIFO
7.330072,-1,20,9995.682000,72.028000,357.142857,326.406666,460.000000,819,102.857143,OpenLoop,NoFIFO,false,OpenLoop_NoFIFO
7.340071,-1,20,9999.404000,71.432000,344.126901,329.064701,460.000000,819,115.873099,OpenLoop,NoFIFO,false,OpenLoop_NoFIFO
7.350071,-1,20,9999.811000,71.243000,281.077030,321.866550,460.000000,819,178.922970,OpenLoop,NoFIFO,false,OpenLoop_NoFIFO
7.360072,-1,20,10000.903000,72.146000,347.222222,325.669901,460.000000,819,112.777778,OpenLoop,NoFIFO,false,OpenLoop_NoFIFO
7.370081,-1,20,10008.978000,81.124000,342.319864,328.167396,460.000000,819,117.680136,OpenLoop,NoFIFO,false,OpenLoop_NoFIFO
7.380084,-1,20,10003.071000,84.195000,285.823171,321.815762,460.000000,819,174.176829,OpenLoop,NoFIFO,false,OpenLoop_NoFIFO
7.390078,-1,20,9993.644000,77.839000,326.005961,322.444292,460.000000,819,133.994039,OpenLoop,NoFIFO,false,OpenLoop_NoFIFO
7.400067,-1,20,9989.460000,67.299000,351.782364,326.845003,460.000000,819,108.217636,OpenLoop,NoFIFO,false,OpenLoop_NoFIFO
7.410074,-1,20,10006.366000,73.665000,290.329392,321.367661,460.000000,819,169.670608,OpenLoop,NoFIFO,false,OpenLoop_NoFIFO
7.420080,-1,20,10006.071000,79.736000,313.755020,320.225765,460.000000,819,146.244980,OpenLoop,NoFIFO,false,OpenLoop_NoFIFO
7.430076,-1,20,9996.385000,76.121000,364.380900,326.849035,460.000000,819,95.619100,OpenLoop,NoFIFO,false,OpenLoop_NoFIFO
7.440072,-1,20,9995.423000,71.544000,297.256098,322.410094,460.000000,819,162.743902,OpenLoop,NoFIFO,false,OpenLoop_NoFIFO
7.450068,-1,20,9996.885000,68.429000,299.889272,319.031971,460.000000,819,160.110728,OpenLoop,NoFIFO,false,OpenLoop_NoFIFO
7.460071,-1,20,10002.996000,71.425000,376.317110,327.624742,460.000000,819,83.682890,OpenLoop,NoFIFO,false,OpenLoop_NoFIFO
7.470072,-1,20,10000.293000,71.718000,312.820842,325.404157,460.000000,819,147.179158,OpenLoop,NoFIFO,false,OpenLoop_NoFIFO
7.480071,-1,20,9999.422000,71.140000,294.384058,320.751142,460.000000,819,165.615942,OpenLoop,NoFIFO,false,OpenLoop_NoFIFO
7.490071,-1,20,9999.774000,70.914000,382.068263,329.948710,460.000000,819,77.931737,OpenLoop,NoFIFO,false,OpenLoop_NoFIFO
7.500070,-1,20,9999.163000,70.077000,318.722681,328.264806,460.000000,819,141.277319,OpenLoop,NoFIFO,false,OpenLoop_NoFIFO
7.510071,-1,20,10000.441000,70.518000,274.706979,320.231132,460.000000,819,185.293021,OpenLoop,NoFIFO,false,OpenLoop_NoFIFO
7.520070,-1,20,9999.737000,70.255000,381.097561,329.361096,460.000000,819,78.902439,OpenLoop,NoFIFO,false,OpenLoop_NoFIFO
7.530072,-1,20,10002.034000,72.289000,322.079810,328.268903,460.000000,819,137.920190,OpenLoop,NoFIFO,false,OpenLoop_NoFIFO
7.540071,-1,20,9998.718000,71.007000,276.548673,320.510869,460.000000,819,183.451327,OpenLoop,NoFIFO,false,OpenLoop_NoFIFO
7.550071,-1,20,10000.108000,71.115000,373.878365,328.515993,460.000000,819,86.121635,OpenLoop,NoFIFO,false,OpenLoop_NoFIFO
7.560070,-1,20,9999.107000,70.222000,328.289145,328.481966,460.000000,819,131.710855,OpenLoop,NoFIFO,false,OpenLoop_NoFIFO
7.570070,-1,20,9999.978000,70.200000,281.390695,321.418275,460.000000,819,178.609305,OpenLoop,NoFIFO,false,OpenLoop_NoFIFO
7.580073,-1,20,10002.867000,73.067000,355.787476,326.573655,460.000000,819,104.212524,OpenLoop,NoFIFO,false,OpenLoop_NoFIFO
7.590074,-1,20,10000.515000,73.582000,336.485367,328.060412,460.000000,819,123.514633,OpenLoop,NoFIFO,false,OpenLoop_NoFIFO
7.600091,-1,20,10017.441000,91.023000,281.857077,321.129912,460.000000,819,178.142923,OpenLoop,NoFIFO,false,OpenLoop_NoFIFO
7.610083,-1,20,9991.848000,82.871000,347.406035,325.071330,460.000000,819,112.593965,OpenLoop,NoFIFO,false,OpenLoop_NoFIFO
7.620075,-1,20,9992.181000,75.052000,348.351138,328.563301,460.000000,819,111.648862,OpenLoop,NoFIFO,false,OpenLoop_NoFIFO
7.630073,-1,20,9998.256000,73.308000,288.865546,322.608638,460.000000,819,171.134454,OpenLoop,NoFIFO,false,OpenLoop_NoFIFO
7.640072,-1,20,9998.700000,72.008000,332.919034,324.155198,460.000000,819,127.080966,OpenLoop,NoFIFO,false,OpenLoop_NoFIFO
7.650073,-1,20,10000.645000,72.653000,362.809598,329.953358,460.000000,819,97.190402,OpenLoop,NoFIFO,false,OpenLoop_NoFIFO
7.660072,-1,20,9999.311000,71.964000,302.558783,325.844171,460.000000,819,157.441217,OpenLoop,NoFIFO,false,OpenLoop_NoFIFO
7.670072,-1,20,10000.256000,72.220000,312.673708,323.868602,460.000000,819,147.326292,OpenLoop,NoFIFO,false,OpenLoop_NoFIFO
7.680072,-1,20,9999.570000,71.790000,373.243560,331.274845,460.000000,819,86.756440,OpenLoop,NoFIFO,false,OpenLoop_NoFIFO
7.690072,-1,20,10000.200000,71.990000,303.398058,327.093327,460.000000,819,156.601942,OpenLoop,NoFIFO,false,OpenLoop_NoFIFO
7.700071,-1,20,9999.126000,71.116000,300.343249,323.080816,460.000000,819,159.656751,OpenLoop,NoFIFO,false,OpenLoop_NoFIFO
7.710073,-1,20,10001.552000,72.668000,373.406798,330.629713,460.000000,819,86.593202,OpenLoop,NoFIFO,false,OpenLoop_NoFIFO
7.720082,-1,20,10009.237000,81.905000,307.299546,327.130188,460.000000,819,152.700454,OpenLoop,NoFIFO,false,OpenLoop_NoFIFO
7.730087,-1,20,10005.367000,87.272000,283.375315,320.566957,460.000000,819,176.624685,OpenLoop,NoFIFO,false,OpenLoop_NoFIFO
7.740077,-1,20,9989.996000,77.268000,375.000000,328.731913,460.000000,819,85.000000,OpenLoop,NoFIFO,false,OpenLoop_NoFIFO
7.750074,-1,20,9996.589000,73.857000,317.548202,327.054357,460.000000,819,142.451798,OpenLoop,NoFIFO,false,OpenLoop_NoFIFO
7.760071,-1,20,9997.608000,71.465000,277.503700,319.621758,460.000000,819,182.496300,OpenLoop,NoFIFO,false,OpenLoop_NoFIFO
7.770072,-1,20,10000.885000,72.350000,376.417100,328.141059,460.000000,819,83.582900,OpenLoop,NoFIFO,false,OpenLoop_NoFIFO
7.780072,-1,20,9999.904000,72.254000,327.093398,327.983910,460.000000,819,132.906602,OpenLoop,NoFIFO,false,OpenLoop_NoFIFO
7.790072,-1,20,9999.681000,71.935000,277.240673,320.372425,460.000000,819,182.759327,OpenLoop,NoFIFO,false,OpenLoop_NoFIFO
7.800072,-1,20,9999.904000,71.839000,381.718241,329.574297,460.000000,819,78.281759,OpenLoop,NoFIFO,false,OpenLoop_NoFIFO
7.810079,-1,20,10007.163000,79.002000,328.289145,329.381524,460.000000,819,131.710855,OpenLoop,NoFIFO,false,OpenLoop_NoFIFO
7.820075,-1,20,9996.126000,75.128000,280.828757,322.098609,460.000000,819,179.171243,OpenLoop,NoFIFO,false,OpenLoop_NoFIFO
7.830072,-1,20,9997.015000,72.143000,365.675280,328.635110,460.000000,819,94.324720,OpenLoop,NoFIFO,false,OpenLoop_NoFIFO
7.840072,-1,20,10000.126000,72.269000,345.576619,331.176336,460.000000,819,114.423381,OpenLoop,NoFIFO,false,OpenLoop_NoFIFO
7.850071,-1,20,9998.589000,70.858000,286.899718,324.534843,460.000000,819,173.100282,OpenLoop,NoFIFO,false,OpenLoop_NoFIFO
7.860072,-1,20,10000.960000,71.818000,352.254428,328.692781,460.000000,819,107.745572,OpenLoop,NoFIFO,false,OpenLoop_NoFIFO
7.870082,-1,20,10009.977000,81.795000,358.166189,333.113792,460.000000,819,101.833811,OpenLoop,NoFIFO,false,OpenLoop_NoFIFO
7.880072,-1,20,9990.164000,71.959000,289.351852,326.549501,460.000000,819,170.648148,OpenLoop,NoFIFO,false,OpenLoop_NoFIFO
7.890070,-1,20,9998.403000,70.362000,337.068552,328.127359,460.000000,819,122.931448,OpenLoop,NoFIFO,false,OpenLoop_NoFIFO
7.900071,-1,20,10000.867000,71.229000,356.657609,332.406896,460.000000,819,103.342391,OpenLoop,NoFIFO,false,OpenLoop_NoFIFO
7.910069,-1,20,9998.145000,69.374000,295.813107,326.917828,460.000000,819,164.186893,OpenLoop,NoFIFO,false,OpenLoop_NoFIFO
7.920070,-1,20,10000.570000,69.944000,309.799187,324.350032,460.000000,819,150.200813,OpenLoop,NoFIFO,false,OpenLoop_NoFIFO
7.930072,-1,20,10002.219000,72.163000,371.676772,331.449043,460.000000,819,88.323228,OpenLoop,NoFIFO,false,OpenLoop_NoFIFO
7.940071,-1,20,9998.459000,70.622000,301.285485,326.924509,460.000000,819,158.714515,OpenLoop,NoFIFO,false,OpenLoop_NoFIFO
7.950070,-1,20,9999.570000,70.192000,296.532847,322.365760,460.000000,819,163.467153,OpenLoop,NoFIFO,false,OpenLoop_NoFIFO
7.960071,-1,20,10001.126000,71.318000,377.263581,330.600433,460.000000,819,82.736419,OpenLoop,NoFIFO,false,OpenLoop_NoFIFO
7.970071,-1,20,9999.478000,70.796000,302.419355,326.373271,460.000000,819,157.580645,OpenLoop,NoFIFO,false,OpenLoop_NoFIFO
7.980072,-1,20,10001.182000,71.978000,288.165984,320.642178,460.000000,819,171.834016,OpenLoop,NoFIFO,false,OpenLoop_NoFIFO
7.990070,-1,20,9998.015000,69.993000,374.064838,328.655577,460.000000,819,85.935162,OpenLoop,NoFIFO,false,OpenLoop_NoFIFO
8.000076,-1,20,10006.144000,76.137000,322.079810,327.669212,460.000000,819,137.920190,OpenLoop,NoFIFO,false,OpenLoop_NoFIFO
8.010072,-1,20,9995.682000,71.819000,285.021048,321.271987,460.000000,819,174.978952,OpenLoop,NoFIFO,false,OpenLoop_NoFIFO
8.020070,-1,20,9998.348000,70.167000,385.802469,330.951560,460.000000,819,74.197531,OpenLoop,NoFIFO,false,OpenLoop_NoFIFO
8.030081,-1,20,10011.274000,81.441000,331.038136,330.964546,460.000000,819,128.961864,OpenLoop,NoFIFO,false,OpenLoop_NoFIFO
8.040084,-1,20,10002.071000,83.512000,284.090909,323.933500,460.000000,819,175.909091,OpenLoop,NoFIFO,false,OpenLoop_NoFIFO
8.050075,-1,20,9991.033000,74.545000,383.631714,332.888232,460.000000,819,76.368286,OpenLoop,NoFIFO,false,OpenLoop_NoFIFO
8.060073,-1,20,9997.978000,72.523000,333.799593,333.024937,460.000000,819,126.200407,OpenLoop,NoFIFO,false,OpenLoop_NoFIFO
8.070072,-1,20,9999.311000,71.834000,287.282942,326.163637,460.000000,819,172.717058,OpenLoop,NoFIFO,false,OpenLoop_NoFIFO
8.080072,-1,20,9999.923000,71.757000,357.663824,330.888665,460.000000,819,102.336176,OpenLoop,NoFIFO,false,OpenLoop_NoFIFO
8.090072,-1,20,10000.403000,72.160000,337.043695,331.811920,460.000000,819,122.956305,OpenLoop,NoFIFO,false,OpenLoop_NoFIFO
8.100079,-1,20,10006.423000,78.583000,285.388128,324.848351,460.000000,819,174.611872,OpenLoop,NoFIFO,false,OpenLoop_NoFIFO
8.110076,-1,20,9997.478000,76.061000,340.166909,327.146135,460.000000,819,119.833091,OpenLoop,NoFIFO,false,OpenLoop_NoFIFO
8.120068,-1,20,9991.792000,67.853000,352.632993,330.969163,460.000000,819,107.367007,OpenLoop,NoFIFO,false,OpenLoop_NoFIFO
8.130073,-1,20,10005.423000,73.276000,288.803318,324.644286,460.000000,819,171.196682,OpenLoop,NoFIFO,false,OpenLoop_NoFIFO
8.140072,-1,20,9999.200000,72.476000,332.604068,325.838254,460.000000,819,127.395932,OpenLoop,NoFIFO,false,OpenLoop_NoFIFO
8.150073,-1,20,10000.255000,72.731000,353.773585,330.028553,460.000000,819,106.226415,OpenLoop,NoFIFO,false,OpenLoop_NoFIFO
8.160072,-1,20,9999.274000,72.005000,296.008119,324.925488,460.000000,819,163.991881,OpenLoop,NoFIFO,false,OpenLoop_NoFIFO
8.170069,-1,20,9996.775000,68.780000,318.211488,323.918388,460.000000,819,141.788512,OpenLoop,NoFIFO,false,OpenLoop_NoFIFO
8.180086,-1,20,10016.959000,85.739000,366.006693,330.231634,460.000000,819,93.993307,OpenLoop,NoFIFO,false,OpenLoop_NoFIFO
8.190111,-1,20,10024.866000,110.605000,311.609687,327.438342,460.000000,819,148.390313,OpenLoop,NoFIFO,false,OpenLoop_NoFIFO
8.200075,-1,20,9963.905000,74.510000,307.233146,324.407562,460.000000,819,152.766854,OpenLoop,NoFIFO,false,OpenLoop_NoFIFO
8.210071,-1,20,9996.792000,71.302000,386.120264,333.664468,460.000000,819,73.879736,OpenLoop,NoFIFO,false,OpenLoop_NoFIFO
8.220074,-1,20,10003.163000,74.465000,315.504808,330.940519,460.000000,819,144.495192,OpenLoop,NoFIFO,false,OpenLoop_NoFIFO
8.230074,-1,20,9999.663000,74.128000,294.965915,325.544328,460.000000,819,165.034085,OpenLoop,NoFIFO,false,OpenLoop_NoFIFO
8.240080,-1,20,10005.960000,80.088000,387.773723,334.878737,460.000000,819,72.226277,OpenLoop,NoFIFO,false,OpenLoop_NoFIFO
8.250074,-1,20,9994.329000,74.417000,324.074074,333.258038,460.000000,819,135.925926,OpenLoop,NoFIFO,false,OpenLoop_NoFIFO
8.260069,-1,20,9994.701000,69.118000,283.232628,325.754226,460.000000,819,176.767372,OpenLoop,NoFIFO,false,OpenLoop_NoFIFO
8.270073,-1,20,10003.922000,73.040000,381.485249,334.113880,460.000000,819,78.514751,OpenLoop,NoFIFO,false,OpenLoop_NoFIFO
8.280072,-1,20,9998.774000,71.814000,326.579192,332.983677,460.000000,819,133.420808,OpenLoop,NoFIFO,false,OpenLoop_NoFIFO
8.290072,-1,20,10000.570000,72.384000,275.440705,324.352231,460.000000,819,184.559295,OpenLoop,NoFIFO,false,OpenLoop_NoFIFO
8.300069,-1,20,9996.701000,69.085000,375.751503,332.062122,460.000000,819,84.248497,OpenLoop,NoFIFO,false,OpenLoop_NoFIFO
8.310090,-1,20,10020.866000,89.951000,331.104945,331.918545,460.000000,819,128.895055,OpenLoop,NoFIFO,false,OpenLoop_NoFIFO
8.320071,-1,20,9981.404000,71.355000,281.250000,324.318263,460.000000,819,178.750000,OpenLoop,NoFIFO,false,OpenLoop_NoFIFO
8.330092,-1,20,10020.367000,91.722000,359.438430,329.586288,460.000000,819,100.561570,OpenLoop,NoFIFO,false,OpenLoop_NoFIFO
8.340078,-1,20,9986.200000,77.922000,339.863358,331.127849,460.000000,819,120.136642,OpenLoop,NoFIFO,false,OpenLoop_NoFIFO
8.350072,-1,20,9994.348000,72.270000,285.555295,324.291966,460.000000,819,174.444705,OpenLoop,NoFIFO,false,OpenLoop_NoFIFO
8.360081,-1,20,10008.237000,80.507000,350.748263,328.260410,460.000000,819,109.251737,OpenLoop,NoFIFO,false,OpenLoop_NoFIFO
8.370078,-1,20,9997.108000,77.615000,355.956336,332.414799,460.000000,819,104.043664,OpenLoop,NoFIFO,false,OpenLoop_NoFIFO
8.380083,-1,20,10005.255000,82.870000,291.601866,326.292859,460.000000,819,168.398134,OpenLoop,NoFIFO,false,OpenLoop_NoFIFO
8.390078,-1,20,9995.052000,77.922000,345.144961,329.120674,460.000000,819,114.855039,OpenLoop,NoFIFO,false,OpenLoop_NoFIFO
8.400070,-1,20,9991.997000,69.919000,357.824427,333.426237,460.000000,819,102.175573,OpenLoop,NoFIFO,false,OpenLoop_NoFIFO
8.410073,-1,20,10003.404000,73.323000,300.925926,328.551191,460.000000,819,159.074074,OpenLoop,NoFIFO,false,OpenLoop_NoFIFO
8.420071,-1,20,9997.681000,71.004000,315.902022,326.653815,460.000000,819,144.097978,OpenLoop,NoFIFO,false,OpenLoop_NoFIFO
8.430072,-1,20,10000.571000,71.575000,373.768762,333.721057,460.000000,819,86.231238,OpenLoop,NoFIFO,false,OpenLoop_NoFIFO
8.440072,-1,20,10000.700000,72.275000,308.050383,329.870456,460.000000,819,151.949617,OpenLoop,NoFIFO,false,OpenLoop_NoFIFO
8.450072,-1,20,9999.422000,71.697000,305.232558,326.174772,460.000000,819,154.767442,OpenLoop,NoFIFO,false,OpenLoop_NoFIFO
8.460071,-1,20,9999.756000,71.453000,384.011469,334.850276,460.000000,819,75.988531,OpenLoop,NoFIFO,false,OpenLoop_NoFIFO
8.470072,-1,20,10000.626000,72.079000,308.968927,330.968074,460.000000,819,151.031073,OpenLoop,NoFIFO,false,OpenLoop_NoFIFO
8.480071,-1,20,9999.348000,71.427000,288.165984,324.547760,460.000000,819,171.834016,OpenLoop,NoFIFO,false,OpenLoop_NoFIFO
8.490070,-1,20,9999.034000,70.461000,375.000000,332.115596,460.000000,819,85.000000,OpenLoop,NoFIFO,false,OpenLoop_NoFIFO
8.500071,-1,20,10000.977000,71.438000,317.437923,329.913945,460.000000,819,142.562077,OpenLoop,NoFIFO,false,OpenLoop_NoFIFO
8.510072,-1,20,10001.034000,72.472000,281.987506,322.724979,460.000000,819,178.012494,OpenLoop,NoFIFO,false,OpenLoop_NoFIFO
8.520072,-1,20,9999.626000,72.098000,381.097561,331.480867,460.000000,819,78.902439,OpenLoop,NoFIFO,false,OpenLoop_NoFIFO
8.530072,-1,20,10000.126000,72.224000,333.969466,331.854156,460.000000,819,126.030534,OpenLoop,NoFIFO,false,OpenLoop_NoFIFO
8.540081,-1,20,10008.996000,81.220000,282.096289,324.390476,460.000000,819,177.903711,OpenLoop,NoFIFO,false,OpenLoop_NoFIFO
8.550076,-1,20,9994.515000,75.735000,381.462422,332.951268,460.000000,819,78.537578,OpenLoop,NoFIFO,false,OpenLoop_NoFIFO
8.560073,-1,20,9997.645000,73.380000,336.193648,333.437625,460.000000,819,123.806352,OpenLoop,NoFIFO,false,OpenLoop_NoFIFO
8.570072,-1,20,9998.496000,71.876000,287.136294,326.492425,460.000000,819,172.863706,OpenLoop,NoFIFO,false,OpenLoop_NoFIFO
8.580072,-1,20,9999.663000,71.539000,365.497076,332.343123,460.000000,819,94.502924,OpenLoop,NoFIFO,false,OpenLoop_NoFIFO
8.590071,-1,20,9999.682000,71.221000,342.820575,333.914741,460.000000,819,117.179425,OpenLoop,NoFIFO,false,OpenLoop_NoFIFO
8.600071,-1,20,9999.311000,70.532000,292.304422,327.673193,460.000000,819,167.695578,OpenLoop,NoFIFO,false,OpenLoop_NoFIFO
8.610074,-1,20,10003.663000,74.195000,342.778793,329.939033,460.000000,819,117.221207,OpenLoop,NoFIFO,false,OpenLoop_NoFIFO
8.620071,-1,20,9996.959000,71.154000,357.097511,334.012805,460.000000,819,102.902489,OpenLoop,NoFIFO,false,OpenLoop_NoFIFO
8.630069,-1,20,9998.275000,69.429000,291.149068,327.583244,460.000000,819,168.850932,OpenLoop,NoFIFO,false,OpenLoop_NoFIFO
8.640073,-1,20,10003.403000,72.832000,331.542437,328.177123,460.000000,819,128.457563,OpenLoop,NoFIFO,false,OpenLoop_NoFIFO
8.650069,-1,20,9996.423000,69.255000,360.923965,333.089150,460.000000,819,99.076035,OpenLoop,NoFIFO,false,OpenLoop_NoFIFO
8.660070,-1,20,10001.126000,70.381000,295.741325,327.486976,460.000000,819,164.258675,OpenLoop,NoFIFO,false,OpenLoop_NoFIFO
8.670070,-1,20,9999.718000,70.099000,317.294675,325.958131,460.000000,819,142.705325,OpenLoop,NoFIFO,false,OpenLoop_NoFIFO
8.680070,-1,20,10000.275000,70.374000,365.802676,331.934813,460.000000,819,94.197324,OpenLoop,NoFIFO,false,OpenLoop_NoFIFO
8.690071,-1,20,10000.237000,70.611000,306.086754,328.057604,460.000000,819,153.913246,OpenLoop,NoFIFO,false,OpenLoop_NoFIFO
8.700071,-1,20,10000.459000,71.070000,296.364594,323.303652,460.000000,819,163.635406,OpenLoop,NoFIFO,false,OpenLoop_NoFIFO
8.710070,-1,20,9999.033000,70.103000,379.826025,331.782008,460.000000,819,80.173975,OpenLoop,NoFIFO,false,OpenLoop_NoFIFO
8.720071,-1,20,10000.997000,71.100000,308.726674,328.323708,460.000000,819,151.273326,OpenLoop,NoFIFO,false,OpenLoop_NoFIFO
8.730070,-1,20,9999.144000,70.244000,295.209177,323.356528,460.000000,819,164.790823,OpenLoop,NoFIFO,false,OpenLoop_NoFIFO
8.740090,-1,20,10019.663000,89.907000,390.842135,333.479369,460.000000,819,69.157865,OpenLoop,NoFIFO,false,OpenLoop_NoFIFO
8.750076,-1,20,9985.608000,75.515000,325.370199,332.262994,460.000000,819,134.629801,OpenLoop,NoFIFO,false,OpenLoop_NoFIFO
8.760084,-1,20,10008.015000,83.530000,290.847983,326.050742,460.000000,819,169.152017,OpenLoop,NoFIFO,false,OpenLoop_NoFIFO
8.770076,-1,20,9992.496000,76.026000,388.151486,335.365854,460.000000,819,71.848514,OpenLoop,NoFIFO,false,OpenLoop_NoFIFO
8.780073,-1,20,9996.478000,72.504000,330.571227,334.646660,460.000000,819,129.428773,OpenLoop,NoFIFO,false,OpenLoop_NoFIFO
8.790078,-1,20,10005.367000,77.871000,280.078762,326.461475,460.000000,819,179.921238,OpenLoop,NoFIFO,false,OpenLoop_NoFIFO
8.800068,-1,20,9990.181000,68.052000,380.915392,334.629563,460.000000,819,79.084608,OpenLoop,NoFIFO,false,OpenLoop_NoFIFO
8.810076,-1,20,10008.312000,76.364000,331.182065,334.112438,460.000000,819,128.817935,OpenLoop,NoFIFO,false,OpenLoop_NoFIFO
8.820077,-1,20,10000.348000,76.712000,282.274875,326.336803,460.000000,819,177.725125,OpenLoop,NoFIFO,false,OpenLoop_NoFIFO
8.830075,-1,20,9998.218000,74.930000,370.611954,332.978076,460.000000,819,89.388046,OpenLoop,NoFIFO,false,OpenLoop_NoFIFO
8.840074,-1,20,9999.089000,74.019000,343.658358,334.580118,460.000000,819,116.341642,OpenLoop,NoFIFO,false,OpenLoop_NoFIFO
8.850074,-1,20,10000.330000,74.349000,287.282942,327.485542,460.000000,819,172.717058,OpenLoop,NoFIFO,false,OpenLoop_NoFIFO
8.860074,-1,20,9999.219000,73.568000,351.123596,331.031250,460.000000,819,108.876404,OpenLoop,NoFIFO,false,OpenLoop_NoFIFO
8.870074,-1,20,10000.663000,74.231000,354.921579,334.614799,460.000000,819,105.078421,OpenLoop,NoFIFO,false,OpenLoop_NoFIFO
8.880074,-1,20,9999.533000,73.764000,288.256859,327.661108,460.000000,819,171.743141,OpenLoop,NoFIFO,false,OpenLoop_NoFIFO
8.890074,-1,20,10000.515000,74.279000,337.230216,329.096474,460.000000,819,122.769784,OpenLoop,NoFIFO,false,OpenLoop_NoFIFO
8.900076,-1,20,10001.460000,75.739000,357.995227,333.431287,460.000000,819,102.004773,OpenLoop,NoFIFO,false,OpenLoop_NoFIFO
8.910074,-1,20,9998.459000,74.198000,300.641368,328.512799,460.000000,819,159.358632,OpenLoop,NoFIFO,false,OpenLoop_NoFIFO
8.920074,-1,20,9999.737000,73.935000,328.870440,328.566445,460.000000,819,131.129560,OpenLoop,NoFIFO,false,OpenLoop_NoFIFO
8.930076,-1,20,10001.719000,75.654000,374.600426,335.471543,460.000000,819,85.399574,OpenLoop,NoFIFO,false,OpenLoop_NoFIFO
8.940075,-1,20,9999.274000,74.928000,310.137051,331.671369,460.000000,819,149.862949,OpenLoop,NoFIFO,false,OpenLoop_NoFIFO
8.950075,-1,20,9999.959000,74.887000,304.086928,327.533703,460.000000,819,155.913072,OpenLoop,NoFIFO,false,OpenLoop_NoFIFO
8.960074,-1,20,9999.293000,74.180000,384.406657,336.064646,460.000000,819,75.593343,OpenLoop,NoFIFO,false,OpenLoop_NoFIFO
8.970073,-1,20,9999.163000,73.343000,307.889551,331.838382,460.000000,819,152.110449,OpenLoop,NoFIFO,false,OpenLoop_NoFIFO
8.980074,-1,20,10000.422000,73.765000,296.677215,326.564207,460.000000,819,163.322785,OpenLoop,NoFIFO,false,OpenLoop_NoFIFO
8.990074,-1,20,10000.256000,74.021000,379.698132,334.534295,460.000000,819,80.301868,OpenLoop,NoFIFO,false,OpenLoop_NoFIFO
9.000073,-1,20,9999.126000,73.147000,318.691725,332.157910,460.000000,819,141.308275,OpenLoop,NoFIFO,false,OpenLoop_NoFIFO
9.010073,-1,20,10000.219000,73.366000,282.096289,324.648667,460.000000,819,177.903711,OpenLoop,NoFIFO,false,OpenLoop_NoFIFO
9.020074,-1,20,10000.644000,74.010000,376.239377,332.387273,460.000000,819,83.760623,OpenLoop,NoFIFO,false,OpenLoop_NoFIFO
9.030073,-1,20,9999.219000,73.229000,327.093398,331.593192,460.000000,819,132.906602,OpenLoop,NoFIFO,false,OpenLoop_NoFIFO
9.040074,-1,20,10000.663000,73.892000,275.870525,323.234792,460.000000,819,184.129475,OpenLoop,NoFIFO,false,OpenLoop_NoFIFO
9.050074,-1,20,9999.978000,73.870000,376.884422,331.282236,460.000000,819,83.115578,OpenLoop,NoFIFO,false,OpenLoop_NoFIFO
9.060074,-1,20,9999.866000,73.736000,330.882353,331.222254,460.000000,819,129.117647,OpenLoop,NoFIFO,false,OpenLoop_NoFIFO
9.070074,-1,20,9999.867000,73.603000,286.649433,324.536331,460.000000,819,173.350567,OpenLoop,NoFIFO,false,OpenLoop_NoFIFO
9.080074,-1,20,10000.534000,74.137000,359.925474,329.844702,460.000000,819,100.074526,OpenLoop,NoFIFO,false,OpenLoop_NoFIFO
9.090074,-1,20,9999.533000,73.670000,343.852274,331.945838,460.000000,819,116.147726,OpenLoop,NoFIFO,false,OpenLoop_NoFIFO
9.100074,-1,20,10000.126000,73.796000,291.734489,325.914136,460.000000,819,168.265511,OpenLoop,NoFIFO,false,OpenLoop_NoFIFO
9.110080,-1,20,10005.774000,79.570000,352.443609,329.893557,460.000000,819,107.556391,OpenLoop,NoFIFO,false,OpenLoop_NoFIFO
9.120074,-1,20,9994.460000,74.030000,355.113636,333.676569,460.000000,819,104.886364,OpenLoop,NoFIFO,false,OpenLoop_NoFIFO
9.130076,-1,20,10001.718000,75.748000,294.040774,327.731199,460.000000,819,165.959226,OpenLoop,NoFIFO,false,OpenLoop_NoFIFO
9.140085,-1,20,10008.811000,84.559000,344.162996,330.195969,460.000000,819,115.837004,OpenLoop,NoFIFO,false,OpenLoop_NoFIFO
9.150079,-1,20,9994.404000,78.963000,361.689815,334.920046,460.000000,819,98.310185,OpenLoop,NoFIFO,false,OpenLoop_NoFIFO
9.160072,-1,20,9993.052000,72.015000,303.624813,330.225761,460.000000,819,156.375187,OpenLoop,NoFIFO,false,OpenLoop_NoFIFO
9.170073,-1,20,10000.497000,72.512000,320.278184,328.733624,460.000000,819,139.721816,OpenLoop,NoFIFO,false,OpenLoop_NoFIFO
9.180072,-1,20,9999.144000,71.656000,362.143892,333.745164,460.000000,819,97.856108,OpenLoop,NoFIFO,false,OpenLoop_NoFIFO
9.190073,-1,20,10001.126000,72.782000,299.648413,328.630652,460.000000,819,160.351587,OpenLoop,NoFIFO,false,OpenLoop_NoFIFO
9.200088,-1,20,10014.904000,87.686000,305.260955,325.125197,460.000000,819,154.739045,OpenLoop,NoFIFO,false,OpenLoop_NoFIFO
9.210076,-1,20,9987.959000,75.645000,374.400958,332.516561,460.000000,819,85.599042,OpenLoop,NoFIFO,false,OpenLoop_NoFIFO
9.220072,-1,20,9996.571000,72.216000,308.857070,328.967638,460.000000,819,151.142930,OpenLoop,NoFIFO,false,OpenLoop_NoFIFO
9.230073,-1,20,10001.033000,73.249000,290.397522,323.182120,460.000000,819,169.602478,OpenLoop,NoFIFO,false,OpenLoop_NoFIFO
9.240092,-1,20,10018.571000,91.820000,380.007153,331.705875,460.000000,819,79.992847,OpenLoop,NoFIFO,false,OpenLoop_NoFIFO
9.250072,-1,20,9980.274000,72.094000,323.447452,330.467112,460.000000,819,136.552548,OpenLoop,NoFIFO,false,OpenLoop_NoFIFO
9.260070,-1,20,9997.941000,70.035000,289.874893,324.378279,460.000000,819,170.125107,OpenLoop,NoFIFO,false,OpenLoop_NoFIFO
9.270072,-1,20,10002.163000,72.198000,382.496940,333.096078,460.000000,819,77.503060,OpenLoop,NoFIFO,false,OpenLoop_NoFIFO
9.280070,-1,20,9998.070000,70.268000,332.289698,332.975121,460.000000,819,127.710302,OpenLoop,NoFIFO,false,OpenLoop_NoFIFO
9.290072,-1,20,10001.645000,71.913000,282.534247,325.408990,460.000000,819,177.465753,OpenLoop,NoFIFO,false,OpenLoop_NoFIFO
9.300071,-1,20,9998.959000,70.872000,378.526981,333.376689,460.000000,819,81.473019,OpenLoop,NoFIFO,false,OpenLoop_NoFIFO
9.310083,-1,20,10012.534000,83.406000,338.308073,334.116396,460.000000,819,121.691927,OpenLoop,NoFIFO,false,OpenLoop_NoFIFO
9.320076,-1,20,9992.107000,75.513000,288.803318,327.319434,460.000000,819,171.196682,OpenLoop,NoFIFO,false,OpenLoop_NoFIFO
9.330072,-1,20,9996.441000,71.954000,373.208599,334.202809,460.000000,819,86.791401,OpenLoop,NoFIFO,false,OpenLoop_NoFIFO
9.340071,-1,20,9999.126000,71.080000,346.420323,336.035436,460.000000,819,113.579677,OpenLoop,NoFIFO,false,OpenLoop_NoFIFO
9.350078,-1,20,10006.867000,77.947000,290.492958,329.204064,460.000000,819,169.507042,OpenLoop,NoFIFO,false,OpenLoop_NoFIFO
9.360074,-1,20,9995.941000,73.888000,346.420323,331.786503,460.000000,819,113.579677,OpenLoop,NoFIFO,false,OpenLoop_NoFIFO
9.370080,-1,20,10006.607000,80.495000,359.195402,335.897838,460.000000,819,100.804598,OpenLoop,NoFIFO,false,OpenLoop_NoFIFO
9.380084,-1,20,10003.793000,84.288000,291.706558,329.269146,460.000000,819,168.293442,OpenLoop,NoFIFO,false,OpenLoop_NoFIFO
9.390077,-1,20,9992.570000,76.858000,333.629893,329.923258,460.000000,819,126.370107,OpenLoop,NoFIFO,false,OpenLoop_NoFIFO
9.400067,-1,20,9990.367000,67.225000,361.445783,334.651637,460.000000,819,98.554217,OpenLoop,NoFIFO,false,OpenLoop_NoFIFO
9.410072,-1,20,10005.052000,72.277000,299.202128,329.334211,460.000000,819,160.797872,OpenLoop,NoFIFO,false,OpenLoop_NoFIFO
9.420073,-1,20,10000.404000,72.681000,319.167045,327.809136,460.000000,819,140.832955,OpenLoop,NoFIFO,false,OpenLoop_NoFIFO
9.430071,-1,20,9998.089000,70.770000,369.288340,334.031016,460.000000,819,90.711660,OpenLoop,NoFIFO,false,OpenLoop_NoFIFO
9.440070,-1,20,9999.367000,70.137000,306.372549,329.882246,460.000000,819,153.627451,OpenLoop,NoFIFO,false,OpenLoop_NoFIFO
9.450071,-1,20,10000.367000,70.504000,305.298096,326.194624,460.000000,819,154.701904,OpenLoop,NoFIFO,false,OpenLoop_NoFIFO
9.460073,-1,20,10002.922000,73.426000,382.377639,334.622076,460.000000,819,77.622361,OpenLoop,NoFIFO,false,OpenLoop_NoFIFO
9.470068,-1,20,9994.922000,68.348000,311.980033,331.225770,460.000000,819,148.019967,OpenLoop,NoFIFO,false,OpenLoop_NoFIFO
9.480073,-1,20,10005.052000,73.400000,301.419254,326.754792,460.000000,819,158.580746,OpenLoop,NoFIFO,false,OpenLoop_NoFIFO
9.490068,-1,20,9994.941000,68.341000,387.866836,335.921599,460.000000,819,72.133164,OpenLoop,NoFIFO,false,OpenLoop_NoFIFO
9.500071,-1,20,10003.015000,71.356000,330.571227,335.119043,460.000000,819,129.428773,OpenLoop,NoFIFO,false,OpenLoop_NoFIFO
9.510072,-1,20,10001.144000,72.500000,289.948454,328.343455,460.000000,819,170.051546,OpenLoop,NoFIFO,false,OpenLoop_NoFIFO
9.520071,-1,20,9998.867000,71.367000,382.377639,336.448582,460.000000,819,77.622361,OpenLoop,NoFIFO,false,OpenLoop_NoFIFO
9.530072,-1,20,10000.256000,71.623000,332.446809,335.848316,460.000000,819,127.553191,OpenLoop,NoFIFO,false,OpenLoop_NoFIFO
9.540078,-1,20,10006.293000,77.916000,282.641466,327.867289,460.000000,819,177.358534,OpenLoop,NoFIFO,false,OpenLoop_NoFIFO
9.550076,-1,20,9997.829000,75.745000,374.823612,334.910737,460.000000,819,85.176388,OpenLoop,NoFIFO,false,OpenLoop_NoFIFO
9.560073,-1,20,9996.923000,72.668000,329.036177,334.029553,460.000000,819,130.963823,OpenLoop,NoFIFO,false,OpenLoop_NoFIFO
9.570072,-1,20,9999.422000,72.090000,286.091549,326.838853,460.000000,819,173.908451,OpenLoop,NoFIFO,false,OpenLoop_NoFIFO
9.580072,-1,20,10000.052000,72.142000,369.871120,333.293693,460.000000,819,90.128880,OpenLoop,NoFIFO,false,OpenLoop_NoFIFO
9.590074,-1,20,10001.830000,73.972000,344.838156,335.025362,460.000000,819,115.161844,OpenLoop,NoFIFO,false,OpenLoop_NoFIFO
9.600082,-1,20,10008.089000,82.061000,292.663892,328.671142,460.000000,819,167.336108,OpenLoop,NoFIFO,false,OpenLoop_NoFIFO
9.610073,-1,20,9991.163000,73.224000,354.609929,332.561960,460.000000,819,105.390071,OpenLoop,NoFIFO,false,OpenLoop_NoFIFO
9.620070,-1,20,9996.644000,69.868000,354.346652,335.829664,460.000000,819,105.653348,OpenLoop,NoFIFO,false,OpenLoop_NoFIFO
9.630069,-1,20,9999.182000,69.050000,295.813107,329.827180,460.000000,819,164.186893,OpenLoop,NoFIFO,false,OpenLoop_NoFIFO
9.640070,-1,20,10000.459000,69.509000,339.498189,331.277832,460.000000,819,120.501811,OpenLoop,NoFIFO,false,OpenLoop_NoFIFO
9.650069,-1,20,9999.478000,68.987000,365.853659,336.464206,460.000000,819,94.146341,OpenLoop,NoFIFO,false,OpenLoop_NoFIFO
9.660072,-1,20,10002.737000,71.724000,307.920667,332.182675,460.000000,819,152.079333,OpenLoop,NoFIFO,false,OpenLoop_NoFIFO
9.670071,-1,20,9998.960000,70.684000,327.034884,331.410506,460.000000,819,132.965116,OpenLoop,NoFIFO,false,OpenLoop_NoFIFO
9.680070,-1,20,9999.089000,69.773000,372.023810,337.502502,460.000000,819,87.976190,OpenLoop,NoFIFO,false,OpenLoop_NoFIFO
9.690069,-1,20,9999.422000,69.195000,309.799187,333.347004,460.000000,819,150.200813,OpenLoop,NoFIFO,false,OpenLoop_NoFIFO
9.700070,-1,20,10000.941000,70.136000,303.624813,328.888676,460.000000,819,156.375187,OpenLoop,NoFIFO,false,OpenLoop_NoFIFO
9.710069,-1,20,9998.755000,68.891000,379.826025,336.529278,460.000000,819,80.173975,OpenLoop,NoFIFO,false,OpenLoop_NoFIFO
9.720070,-1,20,10000.960000,69.851000,311.289430,332.743301,460.000000,819,148.710570,OpenLoop,NoFIFO,false,OpenLoop_NoFIFO
9.730085,-1,20,10015.126000,84.977000,298.159927,327.555795,460.000000,819,161.840073,OpenLoop,NoFIFO,false,OpenLoop_NoFIFO
9.740073,-1,20,9988.515000,73.492000,381.925584,335.711263,460.000000,819,78.074416,OpenLoop,NoFIFO,false,OpenLoop_NoFIFO
9.750069,-1,20,9995.811000,69.303000,325.198216,334.134306,460.000000,819,134.801784,OpenLoop,NoFIFO,false,OpenLoop_NoFIFO
9.760070,-1,20,10000.867000,70.170000,284.522003,326.692461,460.000000,819,175.477997,OpenLoop,NoFIFO,false,OpenLoop_NoFIFO
9.770070,-1,20,9999.681000,69.851000,380.188454,334.716860,460.000000,819,79.811546,OpenLoop,NoFIFO,false,OpenLoop_NoFIFO
9.780071,-1,20,10001.200000,71.051000,331.542437,334.240696,460.000000,819,128.457563,OpenLoop,NoFIFO,false,OpenLoop_NoFIFO
9.790070,-1,20,9998.497000,69.548000,281.077030,326.266146,460.000000,819,178.922970,OpenLoop,NoFIFO,false,OpenLoop_NoFIFO
9.800071,-1,20,10001.348000,70.896000,380.273121,334.367192,460.000000,819,79.726879,OpenLoop,NoFIFO,false,OpenLoop_NoFIFO
9.810069,-1,20,9998.534000,69.430000,339.018804,335.064934,460.000000,819,120.981196,OpenLoop,NoFIFO,false,OpenLoop_NoFIFO
9.820071,-1,20,10001.366000,70.796000,292.207792,328.636363,460.000000,819,167.792208,OpenLoop,NoFIFO,false,OpenLoop_NoFIFO
9.830070,-1,20,9999.293000,70.089000,367.392808,334.449830,460.000000,819,92.607192,OpenLoop,NoFIFO,false,OpenLoop_NoFIFO
9.840071,-1,20,10000.571000,70.660000,357.980580,337.979442,460.000000,819,102.019420,OpenLoop,NoFIFO,false,OpenLoop_NoFIFO
9.850073,-1,20,10002.663000,73.323000,296.706106,331.788442,460.000000,819,163.293894,OpenLoop,NoFIFO,false,OpenLoop_NoFIFO
9.860077,-1,20,10004.089000,77.412000,358.952703,335.863081,460.000000,819,101.047297,OpenLoop,NoFIFO,false,OpenLoop_NoFIFO
9.870073,-1,20,9995.366000,72.778000,356.657609,338.982260,460.000000,819,103.342391,OpenLoop,NoFIFO,false,OpenLoop_NoFIFO
9.880080,-1,20,10007.256000,80.034000,295.382937,332.442362,460.000000,819,164.617063,OpenLoop,NoFIFO,false,OpenLoop_NoFIFO
9.890076,-1,20,9995.719000,75.753000,338.098918,333.290845,460.000000,819,121.901082,OpenLoop,NoFIFO,false,OpenLoop_NoFIFO
9.900073,-1,20,9997.163000,72.916000,357.483317,336.919716,460.000000,819,102.516683,OpenLoop,NoFIFO,false,OpenLoop_NoFIFO
9.910072,-1,20,9999.144000,72.060000,298.884166,331.214383,460.000000,819,161.115834,OpenLoop,NoFIFO,false,OpenLoop_NoFIFO
9.920072,-1,20,9999.497000,71.557000,316.722973,329.040672,460.000000,819,143.277027,OpenLoop,NoFIFO,false,OpenLoop_NoFIFO
9.930073,-1,20,10001.274000,72.831000,374.600426,335.874635,460.000000,819,85.399574,OpenLoop,NoFIFO,false,OpenLoop_NoFIFO
9.940071,-1,20,9997.922000,70.753000,308.388158,331.751663,460.000000,819,151.611842,OpenLoop,NoFIFO,false,OpenLoop_NoFIFO
9.950080,-1,20,10009.719000,80.472000,309.484510,328.411590,460.000000,819,150.515490,OpenLoop,NoFIFO,false,OpenLoop_NoFIFO
9.960077,-1,20,9996.181000,76.653000,379.970914,336.145489,460.000000,819,80.029086,OpenLoop,NoFIFO,false,OpenLoop_NoFIFO
9.970073,-1,20,9996.626000,73.279000,311.496290,332.448109,460.000000,819,148.503710,OpenLoop,NoFIFO,false,OpenLoop_NoFIFO
9.980071,-1,20,9997.793000,71.072000,300.205855,327.611771,460.000000,819,159.794145,OpenLoop,NoFIFO,false,OpenLoop_NoFIFO
9.990074,-1,20,10003.274000,74.346000,381.097561,335.634639,460.000000,819,78.902439,OpenLoop,NoFIFO,false,OpenLoop_NoFIFO
10.000072,-1,20,9997.774000,72.120000,324.876238,334.020879,460.000000,819,135.123762,OpenLoop,NoFIFO,false,OpenLoop_NoFIFO
10.010071,-1,20,9998.645000,70.765000,286.843447,326.944264,460.000000,819,173.156553,OpenLoop,NoFIFO,false,OpenLoop_NoFIFO
10.020071,-1,20,10000.293000,71.058000,388.288081,336.145837,460.000000,819,71.711919,OpenLoop,NoFIFO,false,OpenLoop_NoFIFO
10.030072,-1,20,10000.922000,71.980000,332.991803,335.672732,460.000000,819,127.008197,OpenLoop,NoFIFO,false,OpenLoop_NoFIFO
10.040073,-1,20,10000.571000,72.551000,288.803318,328.642320,460.000000,819,171.196682,OpenLoop,NoFIFO,false,OpenLoop_NoFIFO
10.050071,-1,20,9998.329000,70.880000,388.198758,337.575785,460.000000,819,71.801242,OpenLoop,NoFIFO,false,OpenLoop_NoFIFO
10.060070,-1,20,9998.682000,69.562000,336.584490,337.427091,460.000000,819,123.415510,OpenLoop,NoFIFO,false,OpenLoop_NoFIFO
10.070069,-1,20,9999.626000,69.188000,290.002812,330.313449,460.000000,819,169.997188,OpenLoop,NoFIFO,false,OpenLoop_NoFIFO
10.080070,-1,20,10001.107000,70.295000,360.870845,334.897059,460.000000,819,99.129155,OpenLoop,NoFIFO,false,OpenLoop_NoFIFO
10.090082,-1,20,10011.460000,81.755000,348.513011,336.939452,460.000000,819,111.486989,OpenLoop,NoFIFO,false,OpenLoop_NoFIFO
10.100078,-1,20,9995.774000,77.529000,285.181112,329.175701,460.000000,819,174.818888,OpenLoop,NoFIFO,false,OpenLoop_NoFIFO
10.110072,-1,20,9994.311000,71.840000,352.822581,332.722733,460.000000,819,107.177419,OpenLoop,NoFIFO,false,OpenLoop_NoFIFO
10.120071,-1,20,9999.645000,71.485000,350.959289,335.458216,460.000000,819,109.040711,OpenLoop,NoFIFO,false,OpenLoop_NoFIFO
10.130072,-1,20,10000.107000,71.592000,293.856441,329.217950,460.000000,819,166.143559,OpenLoop,NoFIFO,false,OpenLoop_NoFIFO
10.140069,-1,20,9997.515000,69.107000,337.748583,330.497545,460.000000,819,122.251417,OpenLoop,NoFIFO,false,OpenLoop_NoFIFO
10.150070,-1,20,10000.941000,70.048000,365.070093,335.683427,460.000000,819,94.929907,OpenLoop,NoFIFO,false,OpenLoop_NoFIFO
10.160070,-1,20,9999.515000,69.563000,306.835347,331.356215,460.000000,819,153.164653,OpenLoop,NoFIFO,false,OpenLoop_NoFIFO
10.170070,-1,20,10000.682000,70.245000,317.879499,329.334708,460.000000,819,142.120501,OpenLoop,NoFIFO,false,OpenLoop_NoFIFO
10.180069,-1,20,9998.792000,69.037000,383.112981,337.401449,460.000000,819,76.887019,OpenLoop,NoFIFO,false,OpenLoop_NoFIFO
10.190071,-1,20,10001.774000,70.811000,308.544304,333.072877,460.000000,819,151.455696,OpenLoop,NoFIFO,false,OpenLoop_NoFIFO
10.200069,-1,20,9998.423000,69.234000,313.995215,330.211228,460.000000,819,146.004785,OpenLoop,NoFIFO,false,OpenLoop_NoFIFO
10.210070,-1,20,10000.885000,70.119000,386.544805,338.661264,460.000000,819,73.455195,OpenLoop,NoFIFO,false,OpenLoop_NoFIFO
10.220073,-1,20,10002.459000,72.578000,322.164948,336.186817,460.000000,819,137.835052,OpenLoop,NoFIFO,false,OpenLoop_NoFIFO
10.230073,-1,20,9999.923000,72.501000,301.557761,330.992459,460.000000,819,158.442239,OpenLoop,NoFIFO,false,OpenLoop_NoFIFO
10.240072,-1,20,9999.200000,71.701000,389.812890,339.815523,460.000000,819,70.187110,OpenLoop,NoFIFO,false,OpenLoop_NoFIFO
10.250073,-1,20,10000.811000,72.512000,324.426537,337.507175,460.000000,819,135.573463,OpenLoop,NoFIFO,false,OpenLoop_NoFIFO
10.260073,-1,20,10000.571000,73.083000,287.136294,329.951543,460.000000,819,172.863706,OpenLoop,NoFIFO,false,OpenLoop_NoFIFO
10.270071,-1,20,9997.533000,70.616000,385.112604,338.225702,460.000000,819,74.887396,OpenLoop,NoFIFO,false,OpenLoop_NoFIFO
10.280071,-1,20,10000.552000,71.168000,326.952999,336.534797,460.000000,819,133.047001,OpenLoop,NoFIFO,false,OpenLoop_NoFIFO
10.290071,-1,20,9999.496000,70.664000,284.223414,328.688089,460.000000,819,175.776586,OpenLoop,NoFIFO,false,OpenLoop_NoFIFO
10.300072,-1,20,10001.034000,71.698000,381.304230,336.580511,460.000000,819,78.695770,OpenLoop,NoFIFO,false,OpenLoop_NoFIFO
10.310079,-1,20,10006.811000,78.509000,340.002418,337.093797,460.000000,819,119.997582,OpenLoop,NoFIFO,false,OpenLoop_NoFIFO
10.320076,-1,20,9997.663000,76.172000,287.429739,329.644188,460.000000,819,172.570261,OpenLoop,NoFIFO,false,OpenLoop_NoFIFO
10.330074,-1,20,9997.941000,74.113000,364.254492,334.835734,460.000000,819,95.745508,OpenLoop,NoFIFO,false,OpenLoop_NoFIFO
10.340073,-1,20,9998.811000,72.924000,348.328025,336.859577,460.000000,819,111.671975,OpenLoop,NoFIFO,false,OpenLoop_NoFIFO
10.350072,-1,20,9998.608000,71.532000,291.288241,330.023877,460.000000,819,168.711759,OpenLoop,NoFIFO,false,OpenLoop_NoFIFO
10.360071,-1,20,9999.718000,71.250000,355.976610,333.916787,460.000000,819,104.023390,OpenLoop,NoFIFO,false,OpenLoop_NoFIFO
10.370071,-1,20,10000.182000,71.432000,355.821235,337.202454,460.000000,819,104.178765,OpenLoop,NoFIFO,false,OpenLoop_NoFIFO
10.380072,-1,20,10000.700000,72.132000,302.239361,331.957990,460.000000,819,157.760639,OpenLoop,NoFIFO,false,OpenLoop_NoFIFO
10.390072,-1,20,9999.737000,71.869000,345.795131,334.033561,460.000000,819,114.204869,OpenLoop,NoFIFO,false,OpenLoop_NoFIFO
10.400070,-1,20,9998.441000,70.310000,370.639535,339.524457,460.000000,819,89.360465,OpenLoop,NoFIFO,false,OpenLoop_NoFIFO
10.410072,-1,20,10001.200000,71.510000,305.374593,334.401978,460.000000,819,154.625407,OpenLoop,NoFIFO,false,OpenLoop_NoFIFO
10.420071,-1,20,9999.960000,71.470000,329.024333,333.595331,460.000000,819,130.975667,OpenLoop,NoFIFO,false,OpenLoop_NoFIFO
10.430071,-1,20,9999.774000,71.244000,376.163599,339.980571,460.000000,819,83.836401,OpenLoop,NoFIFO,false,OpenLoop_NoFIFO
10.440072,-1,20,10000.830000,72.074000,308.562159,335.267809,460.000000,819,151.437841,OpenLoop,NoFIFO,false,OpenLoop_NoFIFO
10.450071,-1,20,9999.237000,71.311000,306.873977,331.008735,460.000000,819,153.126023,OpenLoop,NoFIFO,false,OpenLoop_NoFIFO
10.460096,-1,20,10024.922000,96.233000,382.194245,338.686561,460.000000,819,77.805755,OpenLoop,NoFIFO,false,OpenLoop_NoFIFO
10.470081,-1,20,9985.089000,81.322000,317.879499,335.565502,460.000000,819,142.120501,OpenLoop,NoFIFO,false,OpenLoop_NoFIFO
10.480075,-1,20,9993.867000,75.189000,297.619048,329.873534,460.000000,819,162.380952,OpenLoop,NoFIFO,false,OpenLoop_NoFIFO
10.490074,-1,20,9999.144000,74.333000,391.059511,339.051430,460.000000,819,68.940489,OpenLoop,NoFIFO,false,OpenLoop_NoFIFO
10.500074,-1,20,9999.719000,74.052000,323.127298,336.662810,460.000000,819,136.872702,OpenLoop,NoFIFO,false,OpenLoop_NoFIFO
10.510074,-1,20,10000.052000,74.104000,283.934471,328.753560,460.000000,819,176.065529,OpenLoop,NoFIFO,false,OpenLoop_NoFIFO
10.520075,-1,20,10000.811000,74.915000,382.653061,336.838485,460.000000,819,77.346939,OpenLoop,NoFIFO,false,OpenLoop_NoFIFO
10.530075,-1,20,9999.645000,74.560000,325.868984,335.193060,460.000000,819,134.131016,OpenLoop,NoFIFO,false,OpenLoop_NoFIFO
10.540075,-1,20,10000.441000,75.001000,288.529830,328.193575,460.000000,819,171.470170,OpenLoop,NoFIFO,false,OpenLoop_NoFIFO
10.550074,-1,20,9999.329000,74.330000,388.209474,337.195960,460.000000,819,71.790526,OpenLoop,NoFIFO,false,OpenLoop_NoFIFO
10.560074,-1,20,9999.404000,73.734000,344.700800,338.321686,460.000000,819,115.299200,OpenLoop,NoFIFO,false,OpenLoop_NoFIFO
10.570075,-1,20,10000.867000,74.601000,290.397522,331.133061,460.000000,819,169.602478,OpenLoop,NoFIFO,false,OpenLoop_NoFIFO
10.580074,-1,20,9999.293000,73.894000,380.915392,338.600411,460.000000,819,79.084608,OpenLoop,NoFIFO,false,OpenLoop_NoFIFO
10.590073,-1,20,9999.311000,73.205000,350.560897,340.394484,460.000000,819,109.439103,OpenLoop,NoFIFO,false,OpenLoop_NoFIFO
10.600075,-1,20,10001.756000,74.961000,294.384058,333.492920,460.000000,819,165.615942,OpenLoop,NoFIFO,false,OpenLoop_NoFIFO
10.610082,-1,20,10006.607000,81.568000,353.773585,336.535020,460.000000,819,106.226415,OpenLoop,NoFIFO,false,OpenLoop_NoFIFO
10.620074,-1,20,9992.811000,74.379000,353.273669,339.045817,460.000000,819,106.726331,OpenLoop,NoFIFO,false,OpenLoop_NoFIFO
10.630076,-1,20,10001.349000,75.728000,294.040774,332.295061,460.000000,819,165.959226,OpenLoop,NoFIFO,false,OpenLoop_NoFIFO
10.640075,-1,20,9998.940000,74.668000,331.350141,332.153323,460.000000,819,128.649859,OpenLoop,NoFIFO,false,OpenLoop_NoFIFO
10.650078,-1,20,10003.626000,78.294000,363.710428,336.886889,460.000000,819,96.289572,OpenLoop,NoFIFO,false,OpenLoop_NoFIFO
10.660074,-1,20,9996.052000,74.346000,296.273337,330.794856,460.000000,819,163.726663,OpenLoop,NoFIFO,false,OpenLoop_NoFIFO
10.670075,-1,20,10000.201000,74.547000,321.061644,329.334874,460.000000,819,138.938356,OpenLoop,NoFIFO,false,OpenLoop_NoFIFO
10.680083,-1,20,10008.274000,82.821000,375.353274,336.237634,460.000000,819,84.646726,OpenLoop,NoFIFO,false,OpenLoop_NoFIFO
10.690079,-1,20,9996.478000,79.299000,306.680926,331.804128,460.000000,819,153.319074,OpenLoop,NoFIFO,false,OpenLoop_NoFIFO
10.700082,-1,20,10003.163000,82.462000,305.507278,327.859600,460.000000,819,154.492722,OpenLoop,NoFIFO,false,OpenLoop_NoFIFO
10.710074,-1,20,9991.904000,74.366000,383.149822,336.153134,460.000000,819,76.850178,OpenLoop,NoFIFO,false,OpenLoop_NoFIFO
10.720073,-1,20,9998.533000,72.899000,322.762182,334.144491,460.000000,819,137.237818,OpenLoop,NoFIFO,false,OpenLoop_NoFIFO
10.730072,-1,20,9999.367000,72.266000,296.966374,328.567773,460.000000,819,163.033626,OpenLoop,NoFIFO,false,OpenLoop_NoFIFO
10.740072,-1,20,9999.700000,71.966000,397.807638,338.953753,460.000000,819,62.192362,OpenLoop,NoFIFO,false,OpenLoop_NoFIFO
10.750071,-1,20,9998.904000,70.870000,327.620968,337.253835,460.000000,819,132.379032,OpenLoop,NoFIFO,false,OpenLoop_NoFIFO
10.760070,-1,20,9998.644000,69.514000,297.619048,331.308617,460.000000,819,162.380952,OpenLoop,NoFIFO,false,OpenLoop_NoFIFO
10.770070,-1,20,10000.793000,70.307000,400.855158,341.740598,460.000000,819,59.144842,OpenLoop,NoFIFO,false,OpenLoop_NoFIFO
10.780071,-1,20,10000.496000,70.803000,334.821429,340.702723,460.000000,819,125.178571,OpenLoop,NoFIFO,false,OpenLoop_NoFIFO
10.790071,-1,20,10000.182000,70.985000,285.190819,332.375937,460.000000,819,174.809181,OpenLoop,NoFIFO,false,OpenLoop_NoFIFO
10.800070,-1,20,9999.459000,70.444000,378.562945,339.303988,460.000000,819,81.437055,OpenLoop,NoFIFO,false,OpenLoop_NoFIFO
10.810071,-1,20,10000.645000,71.089000,342.868339,339.838641,460.000000,819,117.131661,OpenLoop,NoFIFO,false,OpenLoop_NoFIFO
10.820070,-1,20,9998.811000,69.900000,280.947441,331.004961,460.000000,819,179.052559,OpenLoop,NoFIFO,false,OpenLoop_NoFIFO
10.830071,-1,20,10000.682000,70.582000,374.002660,337.454616,460.000000,819,85.997340,OpenLoop,NoFIFO,false,OpenLoop_NoFIFO
10.840070,-1,20,9999.885000,70.467000,344.331538,338.486154,460.000000,819,115.668462,OpenLoop,NoFIFO,false,OpenLoop_NoFIFO
10.850071,-1,20,10000.478000,70.945000,288.906009,331.049132,460.000000,819,171.093991,OpenLoop,NoFIFO,false,OpenLoop_NoFIFO
10.860070,-1,20,9999.478000,70.423000,353.440151,334.407785,460.000000,819,106.559849,OpenLoop,NoFIFO,false,OpenLoop_NoFIFO
10.870070,-1,20,10000.052000,70.475000,360.576923,338.333156,460.000000,819,99.423077,OpenLoop,NoFIFO,false,OpenLoop_NoFIFO
10.880070,-1,20,9999.663000,70.138000,298.713235,332.390168,460.000000,819,161.286765,OpenLoop,NoFIFO,false,OpenLoop_NoFIFO
10.890071,-1,20,10001.070000,71.208000,333.799593,332.601582,460.000000,819,126.200407,OpenLoop,NoFIFO,false,OpenLoop_NoFIFO
10.900074,-1,20,10002.626000,73.834000,373.909065,338.797704,460.000000,819,86.090935,OpenLoop,NoFIFO,false,OpenLoop_NoFIFO
10.910073,-1,20,9999.163000,72.997000,303.267199,333.468128,460.000000,819,156.732801,OpenLoop,NoFIFO,false,OpenLoop_NoFIFO
10.920072,-1,20,9998.645000,71.642000,328.716690,332.755413,460.000000,819,131.283310,OpenLoop,NoFIFO,false,OpenLoop_NoFIFO
10.930072,-1,20,10000.737000,72.379000,380.007153,339.843174,460.000000,819,79.992847,OpenLoop,NoFIFO,false,OpenLoop_NoFIFO
10.940069,-1,20,9996.867000,69.246000,311.980033,335.663703,460.000000,819,148.019967,OpenLoop,NoFIFO,false,OpenLoop_NoFIFO
10.950069,-1,20,10000.033000,69.279000,310.137051,331.834705,460.000000,819,149.862949,OpenLoop,NoFIFO,false,OpenLoop_NoFIFO
10.960070,-1,20,10001.071000,70.350000,391.440501,340.775574,460.000000,819,68.559499,OpenLoop,NoFIFO,false,OpenLoop_NoFIFO
10.970070,-1,20,9999.793000,70.143000,316.722973,337.167684,460.000000,819,143.277027,OpenLoop,NoFIFO,false,OpenLoop_NoFIFO
10.980070,-1,20,9999.589000,69.732000,293.733681,330.652584,460.000000,819,166.266319,OpenLoop,NoFIFO,false,OpenLoop_NoFIFO
10.990069,-1,20,9999.440000,69.172000,388.109476,339.271117,460.000000,819,71.890524,OpenLoop,NoFIFO,false,OpenLoop_NoFIFO
11.000070,-1,20,10000.386000,69.558000,317.976258,336.076889,460.000000,819,142.023742,OpenLoop,NoFIFO,false,OpenLoop_NoFIFO
11.010070,-1,20,10000.385000,69.943000,293.230563,329.649940,460.000000,819,166.769437,OpenLoop,NoFIFO,false,OpenLoop_NoFIFO
11.020070,-1,20,9999.608000,69.551000,392.587940,339.090640,460.000000,819,67.412060,OpenLoop,NoFIFO,false,OpenLoop_NoFIFO
11.030070,-1,20,9999.959000,69.510000,329.950727,337.719653,460.000000,819,130.049273,OpenLoop,NoFIFO,false,OpenLoop_NoFIFO
11.040070,-1,20,10000.867000,70.377000,280.841503,329.187930,460.000000,819,179.158497,OpenLoop,NoFIFO,false,OpenLoop_NoFIFO
11.050070,-1,20,9999.589000,69.966000,382.826679,337.233743,460.000000,819,77.173321,OpenLoop,NoFIFO,false,OpenLoop_NoFIFO
11.060070,-1,20,10000.311000,70.277000,340.432961,337.713625,460.000000,819,119.567039,OpenLoop,NoFIFO,false,OpenLoop_NoFIFO
11.070069,-1,20,9998.904000,69.181000,292.799827,330.976556,460.000000,819,167.200173,OpenLoop,NoFIFO,false,OpenLoop_NoFIFO
11.080070,-1,20,10000.793000,69.974000,379.977708,338.326728,460.000000,819,80.022292,OpenLoop,NoFIFO,false,OpenLoop_NoFIFO
11.090069,-1,20,9999.329000,69.303000,352.941176,340.518896,460.000000,819,107.058824,OpenLoop,NoFIFO,false,OpenLoop_NoFIFO
11.100070,-1,20,10000.719000,70.022000,298.408488,334.202335,460.000000,819,161.591512,OpenLoop,NoFIFO,false,OpenLoop_NoFIFO
11.110070,-1,20,9999.756000,69.778000,358.508604,337.848275,460.000000,819,101.491396,OpenLoop,NoFIFO,false,OpenLoop_NoFIFO
11.120086,-1,20,10016.125000,85.903000,361.620058,341.414042,460.000000,819,98.379942,OpenLoop,NoFIFO,false,OpenLoop_NoFIFO
11.130075,-1,20,9989.071000,74.974000,293.887147,334.285008,460.000000,819,166.112853,OpenLoop,NoFIFO,false,OpenLoop_NoFIFO
11.140076,-1,20,10000.922000,75.896000,344.162996,335.766706,460.000000,819,115.837004,OpenLoop,NoFIFO,false,OpenLoop_NoFIFO
11.150077,-1,20,10000.830000,76.726000,363.936335,339.992151,460.000000,819,96.063665,OpenLoop,NoFIFO,false,OpenLoop_NoFIFO
11.160077,-1,20,10000.422000,77.148000,301.899957,334.278322,460.000000,819,158.100043,OpenLoop,NoFIFO,false,OpenLoop_NoFIFO
11.170073,-1,20,9996.034000,73.182000,321.531461,332.366293,460.000000,819,138.468539,OpenLoop,NoFIFO,false,OpenLoop_NoFIFO
11.180073,-1,20,9999.904000,73.086000,375.187594,338.789488,460.000000,819,84.812406,OpenLoop,NoFIFO,false,OpenLoop_NoFIFO
11.190072,-1,20,9999.126000,72.212000,308.076340,334.182516,460.000000,819,151.923660,OpenLoop,NoFIFO,false,OpenLoop_NoFIFO
11.200077,-1,20,10005.274000,77.486000,302.582033,329.442443,460.000000,819,157.417967,OpenLoop,NoFIFO,false,OpenLoop_NoFIFO
11.210075,-1,20,9997.015000,74.501000,389.327243,338.425163,460.000000,819,70.672757,OpenLoop,NoFIFO,false,OpenLoop_NoFIFO
11.220072,-1,20,9997.385000,71.886000,314.456619,334.829882,460.000000,819,145.543381,OpenLoop,NoFIFO,false,OpenLoop_NoFIFO
11.230073,-1,20,10000.830000,72.716000,298.566879,329.390431,460.000000,819,161.433121,OpenLoop,NoFIFO,false,OpenLoop_NoFIFO
11.240071,-1,20,9998.719000,71.435000,383.666346,337.531818,460.000000,819,76.333654,OpenLoop,NoFIFO,false,OpenLoop_NoFIFO
11.250073,-1,20,10002.015000,73.450000,322.216053,335.234454,460.000000,819,137.783947,OpenLoop,NoFIFO,false,OpenLoop_NoFIFO
11.260069,-1,20,9995.978000,69.428000,292.574899,328.835520,460.000000,819,167.425101,OpenLoop,NoFIFO,false,OpenLoop_NoFIFO
11.270078,-1,20,10008.792000,78.220000,395.987328,338.908292,460.000000,819,64.012672,OpenLoop,NoFIFO,false,OpenLoop_NoFIFO
11.280070,-1,20,9991.367000,69.587000,334.471030,338.242702,460.000000,819,125.528970,OpenLoop,NoFIFO,false,OpenLoop_NoFIFO
11.290075,-1,20,10005.293000,74.880000,290.035437,331.011613,460.000000,819,169.964563,OpenLoop,NoFIFO,false,OpenLoop_NoFIFO
11.300073,-1,20,9998.033000,72.913000,386.863824,339.389444,460.000000,819,73.136176,OpenLoop,NoFIFO,false,OpenLoop_NoFIFO
11.310084,-1,20,10010.959000,83.872000,341.974987,339.777276,460.000000,819,118.025013,OpenLoop,NoFIFO,false,OpenLoop_NoFIFO
11.320074,-1,20,9989.960000,73.832000,292.827967,332.734879,460.000000,819,167.172033,OpenLoop,NoFIFO,false,OpenLoop_NoFIFO
11.330073,-1,20,9998.885000,72.717000,373.010610,338.776239,460.000000,819,86.989390,OpenLoop,NoFIFO,false,OpenLoop_NoFIFO
11.340071,-1,20,9998.330000,71.047000,346.580407,339.946864,460.000000,819,113.419593,OpenLoop,NoFIFO,false,OpenLoop_NoFIFO
11.350074,-1,20,10002.737000,73.784000,290.002812,332.455256,460.000000,819,169.997188,OpenLoop,NoFIFO,false,OpenLoop_NoFIFO
11.360073,-1,20,9998.978000,72.762000,353.852131,335.664788,460.000000,819,106.147869,OpenLoop,NoFIFO,false,OpenLoop_NoFIFO
11.370070,-1,20,9996.941000,69.703000,352.822581,338.238457,460.000000,819,107.177419,OpenLoop,NoFIFO,false,OpenLoop_NoFIFO
11.380070,-1,20,10000.793000,70.496000,295.813107,331.874654,460.000000,819,164.186893,OpenLoop,NoFIFO,false,OpenLoop_NoFIFO
11.390069,-1,20,9998.737000,69.233000,343.047569,333.550591,460.000000,819,116.952431,OpenLoop,NoFIFO,false,OpenLoop_NoFIFO
11.400070,-1,20,10000.533000,69.766000,369.436718,338.933510,460.000000,819,90.563282,OpenLoop,NoFIFO,false,OpenLoop_NoFIFO
11.410069,-1,20,9999.663000,69.429000,304.878049,333.825191,460.000000,819,155.121951,OpenLoop,NoFIFO,false,OpenLoop_NoFIFO
11.420070,-1,20,10000.330000,69.759000,322.164948,332.076155,460.000000,819,137.835052,OpenLoop,NoFIFO,false,OpenLoop_NoFIFO
11.430069,-1,20,9999.367000,69.126000,386.398764,340.224546,460.000000,819,73.601236,OpenLoop,NoFIFO,false,OpenLoop_NoFIFO
11.440069,-1,20,9999.552000,68.678000,312.648880,336.088196,460.000000,819,147.351120,OpenLoop,NoFIFO,false,OpenLoop_NoFIFO
11.450070,-1,20,10001.607000,70.285000,314.110825,332.791590,460.000000,819,145.889175,OpenLoop,NoFIFO,false,OpenLoop_NoFIFO
11.460069,-1,20,9999.052000,69.337000,392.742730,341.784261,460.000000,819,67.257270,OpenLoop,NoFIFO,false,OpenLoop_NoFIFO
11.470071,-1,20,10001.182000,70.519000,323.791180,339.085299,460.000000,819,136.208820,OpenLoop,NoFIFO,false,OpenLoop_NoFIFO
11.480074,-1,20,10003.941000,74.460000,302.558783,333.606322,460.000000,819,157.441217,OpenLoop,NoFIFO,false,OpenLoop_NoFIFO
11.490072,-1,20,9997.496000,71.956000,396.825397,343.089183,460.000000,819,63.174603,OpenLoop,NoFIFO,false,OpenLoop_NoFIFO
11.500069,-1,20,9997.108000,69.064000,331.774520,341.391984,460.000000,819,128.225480,OpenLoop,NoFIFO,false,OpenLoop_NoFIFO
11.510073,-1,20,10003.959000,73.023000,286.113937,333.100277,460.000000,819,173.886063,OpenLoop,NoFIFO,false,OpenLoop_NoFIFO
11.520072,-1,20,9998.626000,71.649000,387.218908,341.218071,460.000000,819,72.781092,OpenLoop,NoFIFO,false,OpenLoop_NoFIFO
11.530072,-1,20,10000.145000,71.794000,325.520833,338.863486,460.000000,819,134.479167,OpenLoop,NoFIFO,false,OpenLoop_NoFIFO
11.540078,-1,20,10005.718000,77.512000,285.823171,330.907438,460.000000,819,174.176829,OpenLoop,NoFIFO,false,OpenLoop_NoFIFO
11.550075,-1,20,9997.201000,74.713000,374.471335,337.442023,460.000000,819,85.528665,OpenLoop,NoFIFO,false,OpenLoop_NoFIFO
11.560072,-1,20,9997.033000,71.746000,339.814623,337.797913,460.000000,819,120.185377,OpenLoop,NoFIFO,false,OpenLoop_NoFIFO
11.570070,-1,20,9998.552000,70.298000,288.284133,330.370846,460.000000,819,171.715867,OpenLoop,NoFIFO,false,OpenLoop_NoFIFO
11.580072,-1,20,10001.848000,72.146000,376.203852,337.245797,460.000000,819,83.796148,OpenLoop,NoFIFO,false,OpenLoop_NoFIFO
11.590071,-1,20,9998.886000,71.032000,349.162011,339.033229,460.000000,819,110.837989,OpenLoop,NoFIFO,false,OpenLoop_NoFIFO
11.600072,-1,20,10000.644000,71.676000,292.304422,332.023908,460.000000,819,167.695578,OpenLoop,NoFIFO,false,OpenLoop_NoFIFO
11.610072,-1,20,10000.293000,71.969000,357.824427,335.893986,460.000000,819,102.175573,OpenLoop,NoFIFO,false,OpenLoop_NoFIFO
11.620071,-1,20,9999.163000,71.132000,353.964401,338.604548,460.000000,819,106.035599,OpenLoop,NoFIFO,false,OpenLoop_NoFIFO
11.630073,-1,20,10002.052000,73.184000,301.446945,333.030908,460.000000,819,158.553055,OpenLoop,NoFIFO,false,OpenLoop_NoFIFO
11.640071,-1,20,9997.682000,70.866000,348.143236,335.297757,460.000000,819,111.856764,OpenLoop,NoFIFO,false,OpenLoop_NoFIFO
11.650071,-1,20,10000.089000,70.955000,372.393247,340.862081,460.000000,819,87.606753,OpenLoop,NoFIFO,false,OpenLoop_NoFIFO
11.660074,-1,20,10003.292000,74.247000,307.609793,335.874237,460.000000,819,152.390207,OpenLoop,NoFIFO,false,OpenLoop_NoFIFO
11.670070,-1,20,9995.534000,69.781000,331.506365,335.219057,460.000000,819,128.493635,OpenLoop,NoFIFO,false,OpenLoop_NoFIFO
11.680070,-1,20,10000.329000,70.110000,376.405246,341.396985,460.000000,819,83.594754,OpenLoop,NoFIFO,false,OpenLoop_NoFIFO
11.690069,-1,20,9999.164000,69.274000,307.809568,336.358873,460.000000,819,152.190432,OpenLoop,NoFIFO,false,OpenLoop_NoFIFO
11.700070,-1,20,10001.200000,70.474000,308.050383,332.112599,460.000000,819,151.949617,OpenLoop,NoFIFO,false,OpenLoop_NoFIFO
11.710069,-1,20,9998.367000,68.841000,383.666346,339.845661,460.000000,819,76.333654,OpenLoop,NoFIFO,false,OpenLoop_NoFIFO
11.720070,-1,20,10001.274000,70.115000,320.049895,336.876296,460.000000,819,139.950105,OpenLoop,NoFIFO,false,OpenLoop_NoFIFO
11.730073,-1,20,10002.589000,72.704000,300.894085,331.478965,460.000000,819,159.105915,OpenLoop,NoFIFO,false,OpenLoop_NoFIFO
11.740070,-1,20,9997.552000,70.256000,390.625000,340.350870,460.000000,819,69.375000,OpenLoop,NoFIFO,false,OpenLoop_NoFIFO
11.750070,-1,20,9999.366000,69.622000,324.074074,337.909351,460.000000,819,135.925926,OpenLoop,NoFIFO,false,OpenLoop_NoFIFO
11.760069,-1,20,9999.608000,69.230000,289.649846,330.670425,460.000000,819,170.350154,OpenLoop,NoFIFO,false,OpenLoop_NoFIFO
11.770069,-1,20,10000.182000,69.412000,385.858512,338.948638,460.000000,819,74.141488,OpenLoop,NoFIFO,false,OpenLoop_NoFIFO
11.780070,-1,20,10000.959000,70.371000,331.218067,337.789052,460.000000,819,128.781933,OpenLoop,NoFIFO,false,OpenLoop_NoFIFO
11.790070,-1,20,9999.793000,70.164000,291.010029,330.772199,460.000000,819,168.989971,OpenLoop,NoFIFO,false,OpenLoop_NoFIFO
11.800077,-1,20,10006.811000,76.975000,386.199794,339.086338,460.000000,819,73.800206,OpenLoop,NoFIFO,false,OpenLoop_NoFIFO
11.810067,-1,20,9990.478000,67.453000,349.162011,340.597689,460.000000,819,110.837989,OpenLoop,NoFIFO,false,OpenLoop_NoFIFO
11.820077,-1,20,10009.478000,76.931000,293.970924,333.603674,460.000000,819,166.029076,OpenLoop,NoFIFO,false,OpenLoop_NoFIFO
11.830069,-1,20,9992.496000,69.427000,370.984637,339.210819,460.000000,819,89.015363,OpenLoop,NoFIFO,false,OpenLoop_NoFIFO
11.840073,-1,20,10003.404000,72.831000,354.729730,341.538655,460.000000,819,105.270270,OpenLoop,NoFIFO,false,OpenLoop_NoFIFO
11.850071,-1,20,9998.274000,71.105000,298.539714,335.088814,460.000000,819,161.460286,OpenLoop,NoFIFO,false,OpenLoop_NoFIFO
11.860073,-1,20,10002.108000,73.213000,354.384923,337.983230,460.000000,819,105.615077,OpenLoop,NoFIFO,false,OpenLoop_NoFIFO
11.870073,-1,20,9999.441000,72.654000,358.851675,341.113497,460.000000,819,101.148325,OpenLoop,NoFIFO,false,OpenLoop_NoFIFO
11.880073,-1,20,10000.422000,73.076000,301.608579,335.187759,460.000000,819,158.391421,OpenLoop,NoFIFO,false,OpenLoop_NoFIFO
11.890071,-1,20,9997.607000,70.683000,331.350141,334.612117,460.000000,819,128.649859,OpenLoop,NoFIFO,false,OpenLoop_NoFIFO
11.900072,-1,20,10001.515000,72.198000,367.223502,339.503825,460.000000,819,92.776498,OpenLoop,NoFIFO,false,OpenLoop_NoFIFO
11.910071,-1,20,9999.182000,71.380000,299.043062,333.434710,460.000000,819,160.956938,OpenLoop,NoFIFO,false,OpenLoop_NoFIFO
11.920071,-1,20,9999.959000,71.339000,330.260686,332.958607,460.000000,819,129.739314,OpenLoop,NoFIFO,false,OpenLoop_NoFIFO
11.930069,-1,20,9997.812000,69.151000,367.441209,338.130997,460.000000,819,92.558791,OpenLoop,NoFIFO,false,OpenLoop_NoFIFO
11.940069,-1,20,10000.237000,69.388000,310.430464,333.975917,460.000000,819,149.569536,OpenLoop,NoFIFO,false,OpenLoop_NoFIFO
11.950070,-1,20,10000.404000,69.792000,308.076340,330.090980,460.000000,819,151.923660,OpenLoop,NoFIFO,false,OpenLoop_NoFIFO
11.960069,-1,20,9999.589000,69.381000,382.744957,337.989077,460.000000,819,77.255043,OpenLoop,NoFIFO,false,OpenLoop_NoFIFO
11.970069,-1,20,9999.422000,68.803000,321.230891,335.475349,460.000000,819,138.769109,OpenLoop,NoFIFO,false,OpenLoop_NoFIFO
11.980069,-1,20,10000.070000,68.873000,301.969772,330.449512,460.000000,819,158.030228,OpenLoop,NoFIFO,false,OpenLoop_NoFIFO
11.990069,-1,20,10000.330000,69.203000,398.724083,340.690698,460.000000,819,61.275917,OpenLoop,NoFIFO,false,OpenLoop_NoFIFO
12.000070,-1,20,10000.386000,69.589000,327.919504,338.775019,460.000000,819,132.080496,OpenLoop,NoFIFO,false,OpenLoop_NoFIFO
12.010070,-1,20,10000.663000,70.252000,294.811321,332.180464,460.000000,819,165.188679,OpenLoop,NoFIFO,false,OpenLoop_NoFIFO
12.020069,-1,20,9998.792000,69.044000,390.119290,340.871288,460.000000,819,69.880710,OpenLoop,NoFIFO,false,OpenLoop_NoFIFO
12.030070,-1,20,10000.923000,69.967000,340.813758,340.862659,460.000000,819,119.186242,OpenLoop,NoFIFO,false,OpenLoop_NoFIFO
12.040070,-1,20,10000.441000,70.408000,291.149068,333.405620,460.000000,819,168.850932,OpenLoop,NoFIFO,false,OpenLoop_NoFIFO
12.050071,-1,20,10000.329000,70.737000,383.788763,340.963091,460.000000,819,76.211237,OpenLoop,NoFIFO,false,OpenLoop_NoFIFO
12.060069,-1,20,9998.108000,68.845000,343.356285,341.322070,460.000000,819,116.643715,OpenLoop,NoFIFO,false,OpenLoop_NoFIFO
12.070082,-1,20,10013.163000,82.008000,286.551197,333.106439,460.000000,819,173.448803,OpenLoop,NoFIFO,false,OpenLoop_NoFIFO
12.080072,-1,20,9989.830000,71.838000,368.582331,338.427823,460.000000,819,91.417669,OpenLoop,NoFIFO,false,OpenLoop_NoFIFO
12.090071,-1,20,9998.718000,70.556000,349.440895,340.079784,460.000000,819,110.559105,OpenLoop,NoFIFO,false,OpenLoop_NoFIFO
12.100069,-1,20,9998.923000,69.479000,293.816297,333.140261,460.000000,819,166.183703,OpenLoop,NoFIFO,false,OpenLoop_NoFIFO
12.110070,-1,20,10000.441000,69.920000,355.498375,336.493978,460.000000,819,104.501625,OpenLoop,NoFIFO,false,OpenLoop_NoFIFO
12.120069,-1,20,9999.126000,69.046000,365.283460,340.812400,460.000000,819,94.716540,OpenLoop,NoFIFO,false,OpenLoop_NoFIFO
12.130071,-1,20,10001.626000,70.672000,300.673509,334.791567,460.000000,819,159.326491,OpenLoop,NoFIFO,false,OpenLoop_NoFIFO
12.140071,-1,20,10000.070000,70.742000,340.444848,335.639559,460.000000,819,119.555152,OpenLoop,NoFIFO,false,OpenLoop_NoFIFO
12.150071,-1,20,10000.200000,70.942000,369.676656,340.745123,460.000000,819,90.323344,OpenLoop,NoFIFO,false,OpenLoop_NoFIFO
12.160070,-1,20,9999.089000,70.031000,308.700608,335.938446,460.000000,819,151.299392,OpenLoop,NoFIFO,false,OpenLoop_NoFIFO
12.170072,-1,20,10002.089000,72.120000,325.844091,334.424293,460.000000,819,134.155909,OpenLoop,NoFIFO,false,OpenLoop_NoFIFO
12.180101,-1,20,10028.922000,101.042000,379.826025,341.234553,460.000000,819,80.173975,OpenLoop,NoFIFO,false,OpenLoop_NoFIFO
12.190073,-1,20,9971.534000,72.576000,316.394081,337.508482,460.000000,819,143.605919,OpenLoop,NoFIFO,false,OpenLoop_NoFIFO
12.200072,-1,20,9999.145000,71.721000,311.905894,333.668094,460.000000,819,148.094106,OpenLoop,NoFIFO,false,OpenLoop_NoFIFO
12.210081,-1,20,10009.718000,81.439000,390.148152,342.140102,460.000000,819,69.851848,OpenLoop,NoFIFO,false,OpenLoop_NoFIFO
12.220077,-1,20,9995.293000,76.732000,318.733001,338.629037,460.000000,819,141.266999,OpenLoop,NoFIFO,false,OpenLoop_NoFIFO
12.230074,-1,20,9997.200000,73.932000,298.123808,332.553253,460.000000,819,161.876192,OpenLoop,NoFIFO,false,OpenLoop_NoFIFO
12.240072,-1,20,9997.830000,71.762000,385.149831,340.442739,460.000000,819,74.850169,OpenLoop,NoFIFO,false,OpenLoop_NoFIFO
12.250072,-1,20,10000.700000,72.462000,323.435190,337.891607,460.000000,819,136.564810,OpenLoop,NoFIFO,false,OpenLoop_NoFIFO
12.260072,-1,20,9999.163000,71.625000,289.054471,330.566037,460.000000,819,170.945529,OpenLoop,NoFIFO,false,OpenLoop_NoFIFO
12.270074,-1,20,10002.330000,73.955000,385.709100,338.837496,460.000000,819,74.290900,OpenLoop,NoFIFO,false,OpenLoop_NoFIFO
12.280072,-1,20,9998.274000,72.229000,334.480122,338.183890,460.000000,819,125.519878,OpenLoop,NoFIFO,false,OpenLoop_NoFIFO
12.290072,-1,20,9999.719000,71.948000,285.823171,330.329782,460.000000,819,174.176829,OpenLoop,NoFIFO,false,OpenLoop_NoFIFO
12.300073,-1,20,10000.626000,72.574000,387.596899,338.919850,460.000000,819,72.403101,OpenLoop,NoFIFO,false,OpenLoop_NoFIFO
12.310071,-1,20,9998.385000,70.959000,342.987805,339.530043,460.000000,819,117.012195,OpenLoop,NoFIFO,false,OpenLoop_NoFIFO
12.320072,-1,20,10000.589000,71.548000,297.115994,333.167936,460.000000,819,162.884006,OpenLoop,NoFIFO,false,OpenLoop_NoFIFO
12.330072,-1,20,10000.756000,72.304000,370.329492,338.742169,460.000000,819,89.670508,OpenLoop,NoFIFO,false,OpenLoop_NoFIFO
12.340073,-1,20,10000.515000,72.819000,357.460600,341.549934,460.000000,819,102.539400,OpenLoop,NoFIFO,false,OpenLoop_NoFIFO
12.350071,-1,20,9998.274000,71.093000,299.889272,335.300834,460.000000,819,160.110728,OpenLoop,NoFIFO,false,OpenLoop_NoFIFO
12.360072,-1,20,10001.219000,72.312000,363.372093,339.511523,460.000000,819,96.627907,OpenLoop,NoFIFO,false,OpenLoop_NoFIFO
12.370070,-1,20,9997.941000,70.253000,366.927593,343.623934,460.000000,819,93.072407,OpenLoop,NoFIFO,false,OpenLoop_NoFIFO
12.380078,-1,20,10007.626000,77.879000,300.802139,337.200664,460.000000,819,159.197861,OpenLoop,NoFIFO,false,OpenLoop_NoFIFO
12.390070,-1,20,9992.070000,69.949000,342.778793,338.037384,460.000000,819,117.221207,OpenLoop,NoFIFO,false,OpenLoop_NoFIFO
12.400073,-1,20,10003.293000,73.242000,365.829865,342.206256,460.000000,819,94.170135,OpenLoop,NoFIFO,false,OpenLoop_NoFIFO
12.410072,-1,20,9998.367000,71.609000,306.372549,336.831200,460.000000,819,153.627451,OpenLoop,NoFIFO,false,OpenLoop_NoFIFO
12.420071,-1,20,9999.033000,70.642000,326.579192,335.293399,460.000000,819,133.420808,OpenLoop,NoFIFO,false,OpenLoop_NoFIFO
12.430072,-1,20,10001.534000,72.176000,375.200107,341.279405,460.000000,819,84.799893,OpenLoop,NoFIFO,false,OpenLoop_NoFIFO
12.440071,-1,20,9998.959000,71.135000,309.668743,336.537806,460.000000,819,150.331257,OpenLoop,NoFIFO,false,OpenLoop_NoFIFO
12.450071,-1,20,9999.811000,70.946000,306.907464,332.093254,460.000000,819,153.092536,OpenLoop,NoFIFO,false,OpenLoop_NoFIFO
12.460071,-1,20,10000.015000,70.961000,383.666346,339.829218,460.000000,819,76.333654,OpenLoop,NoFIFO,false,OpenLoop_NoFIFO
12.470071,-1,20,10000.385000,71.346000,316.558442,336.338602,460.000000,819,143.441558,OpenLoop,NoFIFO,false,OpenLoop_NoFIFO
12.480070,-1,20,9998.590000,69.936000,303.819444,331.460728,460.000000,819,156.180556,OpenLoop,NoFIFO,false,OpenLoop_NoFIFO
12.490071,-1,20,10001.440000,71.376000,384.431383,339.406326,460.000000,819,75.568617,OpenLoop,NoFIFO,false,OpenLoop_NoFIFO
12.500071,-1,20,9999.293000,70.669000,327.491849,337.619155,460.000000,819,132.508151,OpenLoop,NoFIFO,false,OpenLoop_NoFIFO
12.510070,-1,20,9999.385000,70.054000,288.219676,330.209233,460.000000,819,171.780324,OpenLoop,NoFIFO,false,OpenLoop_NoFIFO
12.520077,-1,20,10006.812000,76.866000,390.263645,339.217395,460.000000,819,69.736355,OpenLoop,NoFIFO,false,OpenLoop_NoFIFO
12.530076,-1,20,9998.644000,75.510000,340.623253,339.428273,460.000000,819,119.376747,OpenLoop,NoFIFO,false,OpenLoop_NoFIFO
12.540076,-1,20,10000.904000,76.414000,295.741325,332.875231,460.000000,819,164.258675,OpenLoop,NoFIFO,false,OpenLoop_NoFIFO
12.550077,-1,20,10000.200000,76.614000,392.259414,341.782859,460.000000,819,67.740586,OpenLoop,NoFIFO,false,OpenLoop_NoFIFO
12.560072,-1,20,9995.182000,71.796000,349.465706,342.935286,460.000000,819,110.534294,OpenLoop,NoFIFO,false,OpenLoop_NoFIFO
12.570072,-1,20,10000.200000,71.996000,297.619048,336.137850,460.000000,819,162.380952,OpenLoop,NoFIFO,false,OpenLoop_NoFIFO
12.580072,-1,20,9999.737000,71.733000,366.885359,340.749976,460.000000,819,93.114641,OpenLoop,NoFIFO,false,OpenLoop_NoFIFO
12.590071,-1,20,9999.071000,70.804000,351.738369,342.398235,460.000000,819,108.261631,OpenLoop,NoFIFO,false,OpenLoop_NoFIFO
12.600072,-1,20,10000.922000,71.726000,289.799073,334.508361,460.000000,819,170.200927,OpenLoop,NoFIFO,false,OpenLoop_NoFIFO
12.610085,-1,20,10013.496000,85.222000,350.560897,336.916241,460.000000,819,109.439103,OpenLoop,NoFIFO,false,OpenLoop_NoFIFO
12.620075,-1,20,9990.201000,75.423000,359.712230,340.335640,460.000000,819,100.287770,OpenLoop,NoFIFO,false,OpenLoop_NoFIFO
12.630072,-1,20,9996.922000,72.345000,298.702777,334.090710,460.000000,819,161.297223,OpenLoop,NoFIFO,false,OpenLoop_NoFIFO
12.640072,-1,20,10000.107000,72.452000,344.307450,335.623221,460.000000,819,115.692550,OpenLoop,NoFIFO,false,OpenLoop_NoFIFO
12.650071,-1,20,9998.478000,70.930000,370.004933,340.780478,460.000000,819,89.995067,OpenLoop,NoFIFO,false,OpenLoop_NoFIFO
12.660078,-1,20,10006.737000,77.667000,307.545107,335.795172,460.000000,819,152.454893,OpenLoop,NoFIFO,false,OpenLoop_NoFIFO
12.670076,-1,20,9998.201000,75.868000,333.037300,335.381492,460.000000,819,126.962700,OpenLoop,NoFIFO,false,OpenLoop_NoFIFO
12.680082,-1,20,10005.774000,81.642000,383.341511,342.575494,460.000000,819,76.658489,OpenLoop,NoFIFO,false,OpenLoop_NoFIFO
12.690077,-1,20,9995.644000,77.286000,317.382812,338.796592,460.000000,819,142.617188,OpenLoop,NoFIFO,false,OpenLoop_NoFIFO
12.700069,-1,20,9991.238000,68.524000,317.059619,335.536046,460.000000,819,142.940381,OpenLoop,NoFIFO,false,OpenLoop_NoFIFO
12.710073,-1,20,10004.403000,72.927000,387.396694,343.315143,460.000000,819,72.603306,OpenLoop,NoFIFO,false,OpenLoop_NoFIFO
12.720083,-1,20,10009.645000,82.572000,321.061644,339.977118,460.000000,819,138.938356,OpenLoop,NoFIFO,false,OpenLoop_NoFIFO
12.730077,-1,20,9994.015000,76.587000,301.074605,334.141741,460.000000,819,158.925395,OpenLoop,NoFIFO,false,OpenLoop_NoFIFO
12.740071,-1,20,9994.293000,70.880000,395.152792,343.293399,460.000000,819,64.847208,OpenLoop,NoFIFO,false,OpenLoop_NoFIFO
12.750073,-1,20,10002.292000,73.172000,322.978870,340.246220,460.000000,819,137.021130,OpenLoop,NoFIFO,false,OpenLoop_NoFIFO
12.760074,-1,20,10001.256000,74.428000,288.703807,332.514858,460.000000,819,171.296193,OpenLoop,NoFIFO,false,OpenLoop_NoFIFO
12.770068,-1,20,9994.052000,68.480000,385.626143,340.481551,460.000000,819,74.373857,OpenLoop,NoFIFO,false,OpenLoop_NoFIFO
12.780080,-1,20,10011.200000,79.680000,330.822476,339.032689,460.000000,819,129.177524,OpenLoop,NoFIFO,false,OpenLoop_NoFIFO
12.790075,-1,20,9995.774000,75.454000,289.764622,331.642479,460.000000,819,170.235378,OpenLoop,NoFIFO,false,OpenLoop_NoFIFO
12.800072,-1,20,9996.960000,72.414000,384.024578,339.499794,460.000000,819,75.975422,OpenLoop,NoFIFO,false,OpenLoop_NoFIFO
12.810071,-1,20,9998.922000,71.336000,340.991756,339.723588,460.000000,819,119.008244,OpenLoop,NoFIFO,false,OpenLoop_NoFIFO
12.820072,-1,20,10000.848000,72.184000,287.576687,331.901553,460.000000,819,172.423313,OpenLoop,NoFIFO,false,OpenLoop_NoFIFO
12.830071,-1,20,9998.589000,70.773000,369.779582,337.583257,460.000000,819,90.220418,OpenLoop,NoFIFO,false,OpenLoop_NoFIFO
12.840072,-1,20,10001.034000,71.807000,351.876676,339.727270,460.000000,819,108.123324,OpenLoop,NoFIFO,false,OpenLoop_NoFIFO
12.850071,-1,20,9999.348000,71.155000,297.619048,333.411037,460.000000,819,162.380952,OpenLoop,NoFIFO,false,OpenLoop_NoFIFO
12.860071,-1,20,9999.923000,71.078000,366.415410,338.361693,460.000000,819,93.584590,OpenLoop,NoFIFO,false,OpenLoop_NoFIFO
12.870072,-1,20,10000.440000,71.518000,366.547838,342.589615,460.000000,819,93.452162,OpenLoop,NoFIFO,false,OpenLoop_NoFIFO
12.880072,-1,20,10000.052000,71.570000,304.350179,336.853699,460.000000,819,155.649821,OpenLoop,NoFIFO,false,OpenLoop_NoFIFO
12.890071,-1,20,9999.812000,71.382000,344.542448,338.007011,460.000000,819,115.457552,OpenLoop,NoFIFO,false,OpenLoop_NoFIFO
12.900072,-1,20,10000.607000,71.989000,375.200107,343.585976,460.000000,819,84.799893,OpenLoop,NoFIFO,false,OpenLoop_NoFIFO
12.910071,-1,20,9999.293000,71.282000,305.114661,337.815278,460.000000,819,154.885339,OpenLoop,NoFIFO,false,OpenLoop_NoFIFO
12.920072,-1,20,10000.404000,71.686000,331.537627,336.873631,460.000000,819,128.462373,OpenLoop,NoFIFO,false,OpenLoop_NoFIFO
12.930071,-1,20,9999.626000,71.312000,375.400427,342.652650,460.000000,819,84.599573,OpenLoop,NoFIFO,false,OpenLoop_NoFIFO
12.940068,-1,20,9996.552000,67.864000,311.314042,337.951859,460.000000,819,148.685958,OpenLoop,NoFIFO,false,OpenLoop_NoFIFO
12.950073,-1,20,10005.218000,73.082000,311.541411,333.990292,460.000000,819,148.458589,OpenLoop,NoFIFO,false,OpenLoop_NoFIFO
12.960071,-1,20,9998.275000,71.357000,385.149831,341.664223,460.000000,819,74.850169,OpenLoop,NoFIFO,false,OpenLoop_NoFIFO
12.970073,-1,20,10001.441000,72.798000,317.548202,338.046820,460.000000,819,142.451798,OpenLoop,NoFIFO,false,OpenLoop_NoFIFO
12.980072,-1,20,9999.014000,71.812000,299.741761,332.301061,460.000000,819,160.258239,OpenLoop,NoFIFO,false,OpenLoop_NoFIFO
12.990071,-1,20,9999.293000,71.105000,397.035469,342.011222,460.000000,819,62.964531,OpenLoop,NoFIFO,false,OpenLoop_NoFIFO
13.000071,-1,20,9999.441000,70.546000,324.619114,339.402406,460.000000,819,135.380886,OpenLoop,NoFIFO,false,OpenLoop_NoFIFO
13.010072,-1,20,10001.904000,72.450000,294.502618,332.667438,460.000000,819,165.497382,OpenLoop,NoFIFO,false,OpenLoop_NoFIFO
13.020070,-1,20,9997.941000,70.391000,385.522496,340.595696,460.000000,819,74.477504,OpenLoop,NoFIFO,false,OpenLoop_NoFIFO
13.030070,-1,20,9999.904000,70.295000,337.043695,340.062896,460.000000,819,122.956305,OpenLoop,NoFIFO,false,OpenLoop_NoFIFO
13.040075,-1,20,10005.181000,75.476000,291.566986,332.788510,460.000000,819,168.433014,OpenLoop,NoFIFO,false,OpenLoop_NoFIFO
13.050076,-1,20,10000.293000,75.769000,389.004149,341.220855,460.000000,819,70.995851,OpenLoop,NoFIFO,false,OpenLoop_NoFIFO
13.060072,-1,20,9996.145000,71.914000,346.260388,341.976785,460.000000,819,113.739612,OpenLoop,NoFIFO,false,OpenLoop_NoFIFO
13.070072,-1,20,10000.144000,72.058000,296.052632,335.088162,460.000000,819,163.947368,OpenLoop,NoFIFO,false,OpenLoop_NoFIFO
13.080071,-1,20,9998.997000,71.055000,379.826025,341.798842,460.000000,819,80.173975,OpenLoop,NoFIFO,false,OpenLoop_NoFIFO
13.090072,-1,20,10000.922000,71.977000,352.822581,343.452403,460.000000,819,107.177419,OpenLoop,NoFIFO,false,OpenLoop_NoFIFO
13.100072,-1,20,9999.830000,71.807000,302.239361,337.270446,460.000000,819,157.760639,OpenLoop,NoFIFO,false,OpenLoop_NoFIFO
13.110071,-1,20,9999.033000,70.840000,353.364660,339.684578,460.000000,819,106.635340,OpenLoop,NoFIFO,false,OpenLoop_NoFIFO
13.120071,-1,20,10000.311000,71.151000,363.548231,343.264126,460.000000,819,96.451769,OpenLoop,NoFIFO,false,OpenLoop_NoFIFO
13.130072,-1,20,10000.997000,72.148000,294.526341,335.953458,460.000000,819,165.473659,OpenLoop,NoFIFO,false,OpenLoop_NoFIFO
13.140072,-1,20,9999.959000,72.107000,341.618948,336.803282,460.000000,819,118.381052,OpenLoop,NoFIFO,false,OpenLoop_NoFIFO
13.150070,-1,20,9998.237000,70.344000,366.568915,341.268127,460.000000,819,93.431085,OpenLoop,NoFIFO,false,OpenLoop_NoFIFO
13.160072,-1,20,10001.738000,72.082000,305.298096,335.872622,460.000000,819,154.701904,OpenLoop,NoFIFO,false,OpenLoop_NoFIFO
13.170071,-1,20,9998.552000,70.634000,326.330184,334.441257,460.000000,819,133.669816,OpenLoop,NoFIFO,false,OpenLoop_NoFIFO
13.180071,-1,20,10000.644000,71.278000,380.710660,341.381667,460.000000,819,79.289340,OpenLoop,NoFIFO,false,OpenLoop_NoFIFO
13.190072,-1,20,10000.534000,71.812000,315.808470,337.545687,460.000000,819,144.191530,OpenLoop,NoFIFO,false,OpenLoop_NoFIFO
13.200072,-1,20,10000.348000,72.160000,309.917355,333.401438,460.000000,819,150.082645,OpenLoop,NoFIFO,false,OpenLoop_NoFIFO
13.210081,-1,20,10008.959000,81.119000,394.644528,342.587901,460.000000,819,65.355472,OpenLoop,NoFIFO,false,OpenLoop_NoFIFO
13.220079,-1,20,9997.700000,78.819000,321.569921,339.435204,460.000000,819,138.430079,OpenLoop,NoFIFO,false,OpenLoop_NoFIFO
13.230071,-1,20,9992.664000,71.483000,309.551887,334.952706,460.000000,819,150.448113,OpenLoop,NoFIFO,false,OpenLoop_NoFIFO
13.240071,-1,20,9999.774000,71.257000,395.778364,344.076555,460.000000,819,64.221636,OpenLoop,NoFIFO,false,OpenLoop_NoFIFO
13.250071,-1,20,9999.941000,71.198000,333.709065,342.521432,460.000000,819,126.290935,OpenLoop,NoFIFO,false,OpenLoop_NoFIFO
13.260074,-1,20,10002.403000,73.601000,294.502618,335.318610,460.000000,819,165.497382,OpenLoop,NoFIFO,false,OpenLoop_NoFIFO
13.270085,-1,20,10011.145000,84.746000,392.936391,343.961277,460.000000,819,67.063609,OpenLoop,NoFIFO,false,OpenLoop_NoFIFO
13.280076,-1,20,9991.256000,76.002000,337.750901,343.029720,460.000000,819,122.249099,OpenLoop,NoFIFO,false,OpenLoop_NoFIFO
13.290072,-1,20,9995.922000,71.924000,288.803318,334.895760,460.000000,819,171.196682,OpenLoop,NoFIFO,false,OpenLoop_NoFIFO
13.300072,-1,20,10000.126000,72.050000,389.812890,343.133329,460.000000,819,70.187110,OpenLoop,NoFIFO,false,OpenLoop_NoFIFO
13.310071,-1,20,9998.904000,70.954000,338.529129,342.442699,460.000000,819,121.470871,OpenLoop,NoFIFO,false,OpenLoop_NoFIFO
13.320071,-1,20,10000.034000,70.988000,293.636105,335.121710,460.000000,819,166.363895,OpenLoop,NoFIFO,false,OpenLoop_NoFIFO
13.330072,-1,20,10000.570000,71.558000,359.438430,338.769218,460.000000,819,100.561570,OpenLoop,NoFIFO,false,OpenLoop_NoFIFO
13.340082,-1,20,10010.941000,82.499000,350.373732,340.509895,460.000000,819,109.626268,OpenLoop,NoFIFO,false,OpenLoop_NoFIFO
13.350078,-1,20,9995.200000,77.699000,292.406430,333.294375,460.000000,819,167.593570,OpenLoop,NoFIFO,false,OpenLoop_NoFIFO
13.360079,-1,20,10001.533000,79.232000,358.006619,337.001212,460.000000,819,101.993381,OpenLoop,NoFIFO,false,OpenLoop_NoFIFO
13.370076,-1,20,9996.330000,75.562000,359.195402,340.330341,460.000000,819,100.804598,OpenLoop,NoFIFO,false,OpenLoop_NoFIFO
13.380077,-1,20,10001.237000,76.799000,301.285485,334.473612,460.000000,819,158.714515,OpenLoop,NoFIFO,false,OpenLoop_NoFIFO
13.390072,-1,20,9994.867000,71.666000,347.705146,336.458342,460.000000,819,112.294854,OpenLoop,NoFIFO,false,OpenLoop_NoFIFO
13.400072,-1,20,10000.700000,72.366000,373.962876,342.084022,460.000000,819,86.037124,OpenLoop,NoFIFO,false,OpenLoop_NoFIFO
13.410068,-1,20,9995.534000,67.900000,316.295547,338.215751,460.000000,819,143.704453,OpenLoop,NoFIFO,false,OpenLoop_NoFIFO
13.420072,-1,20,10003.737000,71.637000,334.184886,337.611121,460.000000,819,125.815114,OpenLoop,NoFIFO,false,OpenLoop_NoFIFO
13.430071,-1,20,9999.830000,71.467000,383.174387,344.445611,460.000000,819,76.825613,OpenLoop,NoFIFO,false,OpenLoop_NoFIFO
13.440072,-1,20,10000.848000,72.315000,311.609687,339.520222,460.000000,819,148.390313,OpenLoop,NoFIFO,false,OpenLoop_NoFIFO
13.450071,-1,20,9998.700000,71.015000,313.464506,335.611865,460.000000,819,146.535494,OpenLoop,NoFIFO,false,OpenLoop_NoFIFO
13.460071,-1,20,10000.237000,71.252000,380.733397,342.380095,460.000000,819,79.266603,OpenLoop,NoFIFO,false,OpenLoop_NoFIFO
13.470072,-1,20,10000.608000,71.860000,316.229891,338.457564,460.000000,819,143.770109,OpenLoop,NoFIFO,false,OpenLoop_NoFIFO
13.480070,-1,20,9998.385000,70.245000,299.447174,332.606006,460.000000,819,160.552826,OpenLoop,NoFIFO,false,OpenLoop_NoFIFO
13.490072,-1,20,10001.960000,72.205000,388.601036,341.005260,460.000000,819,71.398964,OpenLoop,NoFIFO,false,OpenLoop_NoFIFO
13.500070,-1,20,9997.607000,69.812000,327.470060,338.974980,460.000000,819,132.529940,OpenLoop,NoFIFO,false,OpenLoop_NoFIFO
13.510071,-1,20,10001.515000,71.327000,288.609543,331.420165,460.000000,819,171.390457,OpenLoop,NoFIFO,false,OpenLoop_NoFIFO
13.520071,-1,20,10000.034000,71.361000,390.051395,340.214849,460.000000,819,69.948605,OpenLoop,NoFIFO,false,OpenLoop_NoFIFO
13.530071,-1,20,10000.070000,71.431000,331.774520,338.948800,460.000000,819,128.225480,OpenLoop,NoFIFO,false,OpenLoop_NoFIFO
13.540082,-1,20,10010.997000,82.428000,292.687320,332.009578,460.000000,819,167.312680,OpenLoop,NoFIFO,false,OpenLoop_NoFIFO
13.550076,-1,20,9993.329000,75.757000,382.965686,339.652994,460.000000,819,77.034314,OpenLoop,NoFIFO,false,OpenLoop_NoFIFO
13.560068,-1,20,9992.201000,67.958000,343.249428,340.192459,460.000000,819,116.750572,OpenLoop,NoFIFO,false,OpenLoop_NoFIFO
13.570073,-1,20,10005.218000,73.176000,293.733681,333.223643,460.000000,819,166.266319,OpenLoop,NoFIFO,false,OpenLoop_NoFIFO
13.580071,-1,20,9997.886000,71.062000,375.939850,339.631074,460.000000,819,84.060150,OpenLoop,NoFIFO,false,OpenLoop_NoFIFO
13.590073,-1,20,10002.200000,73.262000,352.278065,341.528122,460.000000,819,107.721935,OpenLoop,NoFIFO,false,OpenLoop_NoFIFO
13.600073,-1,20,10000.200000,73.462000,298.092210,335.012735,460.000000,819,161.907790,OpenLoop,NoFIFO,false,OpenLoop_NoFIFO
13.610075,-1,20,10001.515000,74.977000,366.389839,339.719301,460.000000,819,93.610161,OpenLoop,NoFIFO,false,OpenLoop_NoFIFO
13.620071,-1,20,9996.181000,71.158000,358.851675,342.589157,460.000000,819,101.148325,OpenLoop,NoFIFO,false,OpenLoop_NoFIFO
13.630070,-1,20,9999.238000,70.396000,305.872757,337.081697,460.000000,819,154.127243,OpenLoop,NoFIFO,false,OpenLoop_NoFIFO
13.640069,-1,20,9998.403000,68.799000,346.708580,338.525729,460.000000,819,113.291420,OpenLoop,NoFIFO,false,OpenLoop_NoFIFO
13.650070,-1,20,10001.367000,70.166000,369.551751,343.179633,460.000000,819,90.448249,OpenLoop,NoFIFO,false,OpenLoop_NoFIFO
13.660071,-1,20,10001.200000,71.366000,303.257856,337.191366,460.000000,819,156.742144,OpenLoop,NoFIFO,false,OpenLoop_NoFIFO
13.670071,-1,20,9999.701000,71.067000,323.619225,335.155545,460.000000,819,136.380775,OpenLoop,NoFIFO,false,OpenLoop_NoFIFO
13.680069,-1,20,9997.940000,69.007000,379.103235,341.747698,460.000000,819,80.896765,OpenLoop,NoFIFO,false,OpenLoop_NoFIFO
13.690070,-1,20,10001.145000,70.152000,312.820842,337.408670,460.000000,819,147.179158,OpenLoop,NoFIFO,false,OpenLoop_NoFIFO
13.700069,-1,20,9998.811000,68.963000,315.808470,334.168640,460.000000,819,144.191530,OpenLoop,NoFIFO,false,OpenLoop_NoFIFO
13.710070,-1,20,10001.237000,70.200000,387.610254,342.184882,460.000000,819,72.389746,OpenLoop,NoFIFO,false,OpenLoop_NoFIFO
13.720069,-1,20,9998.386000,68.586000,327.034884,339.912382,460.000000,819,132.965116,OpenLoop,NoFIFO,false,OpenLoop_NoFIFO
13.730071,-1,20,10002.052000,70.638000,296.364594,333.380214,460.000000,819,163.635406,OpenLoop,NoFIFO,false,OpenLoop_NoFIFO
13.740084,-1,20,10013.755000,84.393000,395.199063,342.653041,460.000000,819,64.800937,OpenLoop,NoFIFO,false,OpenLoop_NoFIFO
13.750070,-1,20,9985.664000,70.057000,325.347037,340.057141,460.000000,819,134.652963,OpenLoop,NoFIFO,false,OpenLoop_NoFIFO
13.760072,-1,20,10002.366000,72.423000,296.532847,333.528497,460.000000,819,163.467153,OpenLoop,NoFIFO,false,OpenLoop_NoFIFO
13.770072,-1,20,10000.071000,72.494000,395.987328,342.897321,460.000000,819,64.012672,OpenLoop,NoFIFO,false,OpenLoop_NoFIFO
13.780075,-1,20,10002.293000,74.787000,341.488587,342.686011,460.000000,819,118.511413,OpenLoop,NoFIFO,false,OpenLoop_NoFIFO
13.790077,-1,20,10002.033000,76.820000,294.194561,335.412294,460.000000,819,165.805439,OpenLoop,NoFIFO,false,OpenLoop_NoFIFO
13.800070,-1,20,9993.589000,70.409000,380.551576,342.183186,460.000000,819,79.448424,OpenLoop,NoFIFO,false,OpenLoop_NoFIFO
13.810074,-1,20,10003.441000,73.850000,345.940959,342.746852,460.000000,819,114.059041,OpenLoop,NoFIFO,false,OpenLoop_NoFIFO
13.820070,-1,20,9996.533000,70.383000,292.126079,335.153736,460.000000,819,167.873921,OpenLoop,NoFIFO,false,OpenLoop_NoFIFO
13.830069,-1,20,9998.460000,68.843000,371.295779,340.575042,460.000000,819,88.704221,OpenLoop,NoFIFO,false,OpenLoop_NoFIFO
13.840072,-1,20,10003.126000,71.969000,344.162996,341.113235,460.000000,819,115.837004,OpenLoop,NoFIFO,false,OpenLoop_NoFIFO
13.850071,-1,20,9999.274000,71.243000,298.274596,334.687439,460.000000,819,161.725404,OpenLoop,NoFIFO,false,OpenLoop_NoFIFO
13.860071,-1,20,10000.071000,71.314000,358.006619,338.185316,460.000000,819,101.993381,OpenLoop,NoFIFO,false,OpenLoop_NoFIFO
13.870076,-1,20,10004.403000,75.717000,358.303077,341.202980,460.000000,819,101.696923,OpenLoop,NoFIFO,false,OpenLoop_NoFIFO
13.880074,-1,20,9998.312000,74.029000,300.192123,335.051352,460.000000,819,159.807877,OpenLoop,NoFIFO,false,OpenLoop_NoFIFO
13.890070,-1,20,9996.385000,70.414000,347.383048,336.901106,460.000000,819,112.616952,OpenLoop,NoFIFO,false,OpenLoop_NoFIFO
13.900071,-1,20,10000.885000,71.299000,367.235590,341.451279,460.000000,819,92.764410,OpenLoop,NoFIFO,false,OpenLoop_NoFIFO
13.910071,-1,20,9999.275000,70.574000,307.089378,336.296994,460.000000,819,152.910622,OpenLoop,NoFIFO,false,OpenLoop_NoFIFO
13.920070,-1,20,9999.718000,70.292000,328.327047,335.101502,460.000000,819,131.672953,OpenLoop,NoFIFO,false,OpenLoop_NoFIFO
13.930073,-1,20,10003.015000,73.307000,382.479601,342.208217,460.000000,819,77.520399,OpenLoop,NoFIFO,false,OpenLoop_NoFIFO
13.940071,-1,20,9997.960000,71.267000,319.602273,338.817325,460.000000,819,140.397727,OpenLoop,NoFIFO,false,OpenLoop_NoFIFO
13.950070,-1,20,9999.089000,70.356000,317.437923,335.610415,460.000000,819,142.562077,OpenLoop,NoFIFO,false,OpenLoop_NoFIFO
13.960070,-1,20,9999.218000,69.574000,391.849530,344.046282,460.000000,819,68.150470,OpenLoop,NoFIFO,false,OpenLoop_NoFIFO
13.970073,-1,20,10003.682000,73.256000,321.061644,340.598586,460.000000,819,138.938356,OpenLoop,NoFIFO,false,OpenLoop_NoFIFO
13.980079,-1,20,10005.737000,78.993000,301.770386,334.774356,460.000000,819,158.229614,OpenLoop,NoFIFO,false,OpenLoop_NoFIFO
13.990076,-1,20,9997.497000,76.490000,385.449977,342.375699,460.000000,819,74.550023,OpenLoop,NoFIFO,false,OpenLoop_NoFIFO
14.000073,-1,20,9996.126000,72.616000,324.308143,339.665566,460.000000,819,135.691857,OpenLoop,NoFIFO,false,OpenLoop_NoFIFO
14.010071,-1,20,9998.478000,71.094000,292.546807,332.597752,460.000000,819,167.453193,OpenLoop,NoFIFO,false,OpenLoop_NoFIFO
14.020071,-1,20,10000.274000,71.368000,386.269995,340.648589,460.000000,819,73.730005,OpenLoop,NoFIFO,false,OpenLoop_NoFIFO
14.030072,-1,20,10000.422000,71.790000,335.374243,339.857437,460.000000,819,124.625757,OpenLoop,NoFIFO,false,OpenLoop_NoFIFO
14.040076,-1,20,10003.756000,75.546000,286.899718,331.913779,460.000000,819,173.100282,OpenLoop,NoFIFO,false,OpenLoop_NoFIFO
14.050076,-1,20,10000.459000,76.005000,388.601036,340.416868,460.000000,819,71.398964,OpenLoop,NoFIFO,false,OpenLoop_NoFIFO
14.060083,-1,20,10007.330000,83.335000,341.441207,340.570518,460.000000,819,118.558793,OpenLoop,NoFIFO,false,OpenLoop_NoFIFO
14.070075,-1,20,9991.552000,74.887000,294.213499,333.616966,460.000000,819,165.786501,OpenLoop,NoFIFO,false,OpenLoop_NoFIFO
14.080079,-1,20,10003.626000,78.513000,370.885642,339.207267,460.000000,819,89.114358,OpenLoop,NoFIFO,false,OpenLoop_NoFIFO
14.090078,-1,20,9999.626000,78.139000,356.633381,341.821184,460.000000,819,103.366619,OpenLoop,NoFIFO,false,OpenLoop_NoFIFO
14.100073,-1,20,9994.774000,72.913000,303.561792,336.082275,460.000000,819,156.438208,OpenLoop,NoFIFO,false,OpenLoop_NoFIFO
14.110072,-1,20,9999.515000,72.428000,360.088116,339.683151,460.000000,819,99.911884,OpenLoop,NoFIFO,false,OpenLoop_NoFIFO
14.120073,-1,20,10000.719000,73.147000,361.271676,342.921430,460.000000,819,98.728324,OpenLoop,NoFIFO,false,OpenLoop_NoFIFO
14.130072,-1,20,9998.422000,71.569000,304.383117,337.140683,460.000000,819,155.616883,OpenLoop,NoFIFO,false,OpenLoop_NoFIFO
14.140071,-1,20,9999.886000,71.455000,352.941176,339.510757,460.000000,819,107.058824,OpenLoop,NoFIFO,false,OpenLoop_NoFIFO
14.150069,-1,20,9997.367000,68.822000,369.288340,343.977395,460.000000,819,90.711660,OpenLoop,NoFIFO,false,OpenLoop_NoFIFO
14.160072,-1,20,10003.514000,72.336000,310.430464,338.945355,460.000000,819,149.569536,OpenLoop,NoFIFO,false,OpenLoop_NoFIFO
14.170071,-1,20,9999.127000,71.463000,326.917918,337.141239,460.000000,819,133.082082,OpenLoop,NoFIFO,false,OpenLoop_NoFIFO
14.180072,-1,20,10000.829000,72.292000,382.744957,343.981797,460.000000,819,77.255043,OpenLoop,NoFIFO,false,OpenLoop_NoFIFO
14.190100,-1,20,10027.848000,100.140000,311.980033,339.181532,460.000000,819,148.019967,OpenLoop,NoFIFO,false,OpenLoop_NoFIFO
14.200072,-1,20,9971.441000,71.581000,314.175603,335.430643,460.000000,819,145.824397,OpenLoop,NoFIFO,false,OpenLoop_NoFIFO
14.210073,-1,20,10000.941000,72.522000,383.383315,342.623544,460.000000,819,76.616685,OpenLoop,NoFIFO,false,OpenLoop_NoFIFO
14.220070,-1,20,9997.645000,70.167000,319.311989,339.126811,460.000000,819,140.688011,OpenLoop,NoFIFO,false,OpenLoop_NoFIFO
14.230072,-1,20,10001.904000,72.071000,294.656888,332.456322,460.000000,819,165.343112,OpenLoop,NoFIFO,false,OpenLoop_NoFIFO
14.240071,-1,20,9999.163000,71.234000,386.721973,340.596170,460.000000,819,73.278027,OpenLoop,NoFIFO,false,OpenLoop_NoFIFO
14.250071,-1,20,9999.756000,70.990000,331.542437,339.238110,460.000000,819,128.457563,OpenLoop,NoFIFO,false,OpenLoop_NoFIFO
14.260071,-1,20,10000.144000,71.134000,291.427547,332.066526,460.000000,819,168.572453,OpenLoop,NoFIFO,false,OpenLoop_NoFIFO
14.270072,-1,20,10000.571000,71.705000,399.106003,342.122447,460.000000,819,60.893997,OpenLoop,NoFIFO,false,OpenLoop_NoFIFO
14.280071,-1,20,9998.978000,70.683000,340.694350,341.908233,460.000000,819,119.305650,OpenLoop,NoFIFO,false,OpenLoop_NoFIFO
14.290090,-1,20,10019.644000,90.327000,299.657534,335.570628,460.000000,819,160.342466,OpenLoop,NoFIFO,false,OpenLoop_NoFIFO
14.300072,-1,20,9981.700000,72.027000,397.035469,344.790354,460.000000,819,62.964531,OpenLoop,NoFIFO,false,OpenLoop_NoFIFO
14.310071,-1,20,9998.682000,70.709000,345.515971,344.899196,460.000000,819,114.484029,OpenLoop,NoFIFO,false,OpenLoop_NoFIFO
14.320067,-1,20,9996.534000,67.243000,297.461660,337.783566,460.000000,819,162.538340,OpenLoop,NoFIFO,false,OpenLoop_NoFIFO
14.330071,-1,20,10003.885000,71.128000,376.773050,343.631989,460.000000,819,83.226950,OpenLoop,NoFIFO,false,OpenLoop_NoFIFO
14.340072,-1,20,10000.663000,71.791000,353.544877,345.118922,460.000000,819,106.455123,OpenLoop,NoFIFO,false,OpenLoop_NoFIFO
14.350071,-1,20,9999.182000,70.973000,296.273337,337.792084,460.000000,819,163.726663,OpenLoop,NoFIFO,false,OpenLoop_NoFIFO
14.360072,-1,20,10000.663000,71.636000,358.554309,340.906418,460.000000,819,101.445691,OpenLoop,NoFIFO,false,OpenLoop_NoFIFO
14.370071,-1,20,9999.422000,71.058000,355.450237,343.087991,460.000000,819,104.549763,OpenLoop,NoFIFO,false,OpenLoop_NoFIFO
14.380086,-1,20,10015.237000,86.295000,299.043062,336.481251,460.000000,819,160.956938,OpenLoop,NoFIFO,false,OpenLoop_NoFIFO
14.390108,-1,20,10021.274000,107.569000,343.218012,337.491766,460.000000,819,116.781988,OpenLoop,NoFIFO,false,OpenLoop_NoFIFO
14.400076,-1,20,9968.793000,76.362000,368.100740,342.083112,460.000000,819,91.899260,OpenLoop,NoFIFO,false,OpenLoop_NoFIFO
14.410068,-1,20,9991.700000,68.062000,306.086754,336.683658,460.000000,819,153.913246,OpenLoop,NoFIFO,false,OpenLoop_NoFIFO
14.420071,-1,20,10003.275000,71.337000,323.447452,334.698227,460.000000,819,136.552548,OpenLoop,NoFIFO,false,OpenLoop_NoFIFO
14.430071,-1,20,9999.811000,71.148000,382.377639,341.850139,460.000000,819,77.622361,OpenLoop,NoFIFO,false,OpenLoop_NoFIFO
14.440072,-1,20,10000.478000,71.626000,313.948995,337.664967,460.000000,819,146.051005,OpenLoop,NoFIFO,false,OpenLoop_NoFIFO
14.450071,-1,20,9999.107000,70.733000,319.187743,334.893384,460.000000,819,140.812257,OpenLoop,NoFIFO,false,OpenLoop_NoFIFO
14.460071,-1,20,10000.645000,71.378000,392.875851,343.590754,460.000000,819,67.124149,OpenLoop,NoFIFO,false,OpenLoop_NoFIFO
14.470071,-1,20,9999.830000,71.208000,327.797203,341.221721,460.000000,819,132.202797,OpenLoop,NoFIFO,false,OpenLoop_NoFIFO
14.480071,-1,20,10000.107000,71.315000,299.520767,334.966578,460.000000,819,160.479233,OpenLoop,NoFIFO,false,OpenLoop_NoFIFO
14.490072,-1,20,10000.238000,71.553000,398.039461,344.427510,460.000000,819,61.960539,OpenLoop,NoFIFO,false,OpenLoop_NoFIFO
14.500072,-1,20,10000.255000,71.808000,331.606872,342.504415,460.000000,819,128.393128,OpenLoop,NoFIFO,false,OpenLoop_NoFIFO
14.510071,-1,20,9999.423000,71.231000,296.966374,335.673709,460.000000,819,163.033626,OpenLoop,NoFIFO,false,OpenLoop_NoFIFO
14.520080,-1,20,10009.255000,80.486000,386.686526,343.325631,460.000000,819,73.313474,OpenLoop,NoFIFO,false,OpenLoop_NoFIFO
14.530076,-1,20,9995.108000,75.594000,333.721249,341.884974,460.000000,819,126.278751,OpenLoop,NoFIFO,false,OpenLoop_NoFIFO
14.540076,-1,20,10000.774000,76.368000,291.149068,334.274588,460.000000,819,168.850932,OpenLoop,NoFIFO,false,OpenLoop_NoFIFO
14.550075,-1,20,9998.441000,74.809000,384.181949,341.760692,460.000000,819,75.818051,OpenLoop,NoFIFO,false,OpenLoop_NoFIFO
14.560073,-1,20,9997.996000,72.805000,340.529349,341.575991,460.000000,819,119.470651,OpenLoop,NoFIFO,false,OpenLoop_NoFIFO
14.570069,-1,20,9996.386000,69.191000,290.656708,333.938098,460.000000,819,169.343292,OpenLoop,NoFIFO,false,OpenLoop_NoFIFO
14.580072,-1,20,10003.015000,72.206000,369.436718,339.262891,460.000000,819,90.563282,OpenLoop,NoFIFO,false,OpenLoop_NoFIFO
14.590083,-1,20,10010.570000,82.776000,350.000000,340.873457,460.000000,819,110.000000,OpenLoop,NoFIFO,false,OpenLoop_NoFIFO
14.600080,-1,20,9997.052000,79.828000,297.484134,334.365059,460.000000,819,162.515866,OpenLoop,NoFIFO,false,OpenLoop_NoFIFO
14.610084,-1,20,10003.811000,83.639000,364.313472,338.857321,460.000000,819,95.686528,OpenLoop,NoFIFO,false,OpenLoop_NoFIFO
14.620076,-1,20,9991.923000,75.562000,358.680057,341.830731,460.000000,819,101.319943,OpenLoop,NoFIFO,false,OpenLoop_NoFIFO
14.630073,-1,20,9997.219000,72.781000,303.725702,336.114977,460.000000,819,156.274298,OpenLoop,NoFIFO,false,OpenLoop_NoFIFO
14.640069,-1,20,9995.885000,68.666000,351.947443,338.489847,460.000000,819,108.052557,OpenLoop,NoFIFO,false,OpenLoop_NoFIFO
14.650075,-1,20,10006.422000,75.088000,369.288340,343.109621,460.000000,819,90.711660,OpenLoop,NoFIFO,false,OpenLoop_NoFIFO
14.660088,-1,20,10012.811000,87.899000,308.823529,337.966707,460.000000,819,151.176471,OpenLoop,NoFIFO,false,OpenLoop_NoFIFO
14.670077,-1,20,9989.386000,77.285000,334.821429,337.494915,460.000000,819,125.178571,OpenLoop,NoFIFO,false,OpenLoop_NoFIFO
14.680072,-1,20,9995.070000,72.355000,383.297258,344.365267,460.000000,819,76.702742,OpenLoop,NoFIFO,false,OpenLoop_NoFIFO
14.690069,-1,20,9996.201000,68.556000,318.045407,340.417288,460.000000,819,141.954593,OpenLoop,NoFIFO,false,OpenLoop_NoFIFO
14.700073,-1,20,10004.181000,72.737000,312.202664,336.185094,460.000000,819,147.797336,OpenLoop,NoFIFO,false,OpenLoop_NoFIFO
14.710073,-1,20,9999.793000,72.530000,385.405961,343.568224,460.000000,819,74.594039,OpenLoop,NoFIFO,false,OpenLoop_NoFIFO
14.720071,-1,20,9998.441000,70.971000,316.417551,339.495623,460.000000,819,143.582449,OpenLoop,NoFIFO,false,OpenLoop_NoFIFO
14.730072,-1,20,10000.626000,71.597000,296.208531,333.002559,460.000000,819,163.791469,OpenLoop,NoFIFO,false,OpenLoop_NoFIFO
14.740071,-1,20,9999.496000,71.093000,389.061127,341.411344,460.000000,819,70.938873,OpenLoop,NoFIFO,false,OpenLoop_NoFIFO
14.750072,-1,20,10001.200000,72.293000,327.656200,339.348073,460.000000,819,132.343800,OpenLoop,NoFIFO,false,OpenLoop_NoFIFO
14.760071,-1,20,9999.108000,71.401000,296.945701,332.987717,460.000000,819,163.054299,OpenLoop,NoFIFO,false,OpenLoop_NoFIFO
14.770070,-1,20,9998.848000,70.249000,394.128363,342.158814,460.000000,819,65.871637,OpenLoop,NoFIFO,false,OpenLoop_NoFIFO
14.780072,-1,20,10001.849000,72.098000,338.753388,341.648000,460.000000,819,121.246612,OpenLoop,NoFIFO,false,OpenLoop_NoFIFO
14.790075,-1,20,10002.570000,74.668000,285.348644,333.203097,460.000000,819,174.651356,OpenLoop,NoFIFO,false,OpenLoop_NoFIFO
14.800072,-1,20,9997.811000,72.479000,384.922445,340.960999,460.000000,819,75.077555,OpenLoop,NoFIFO,false,OpenLoop_NoFIFO
14.810073,-1,20,10000.349000,72.828000,344.864177,341.546476,460.000000,819,115.135823,OpenLoop,NoFIFO,false,OpenLoop_NoFIFO
14.820071,-1,20,9998.404000,71.232000,296.677215,334.816087,460.000000,819,163.322785,OpenLoop,NoFIFO,false,OpenLoop_NoFIFO
14.830073,-1,20,10001.755000,72.987000,383.341511,342.094900,460.000000,819,76.658489,OpenLoop,NoFIFO,false,OpenLoop_NoFIFO
14.840071,-1,20,9998.182000,71.169000,357.176874,344.357196,460.000000,819,102.823126,OpenLoop,NoFIFO,false,OpenLoop_NoFIFO
14.850072,-1,20,10000.348000,71.517000,302.582033,338.090922,460.000000,819,157.417967,OpenLoop,NoFIFO,false,OpenLoop_NoFIFO
14.860071,-1,20,9999.441000,70.958000,357.995227,341.076568,460.000000,819,102.004773,OpenLoop,NoFIFO,false,OpenLoop_NoFIFO
14.870072,-1,20,10000.811000,71.769000,362.875683,344.346435,460.000000,819,97.124317,OpenLoop,NoFIFO,false,OpenLoop_NoFIFO
14.880071,-1,20,9999.404000,71.173000,298.566879,337.479502,460.000000,819,161.433121,OpenLoop,NoFIFO,false,OpenLoop_NoFIFO
14.890071,-1,20,9999.904000,71.077000,347.737389,339.018185,460.000000,819,112.262611,OpenLoop,NoFIFO,false,OpenLoop_NoFIFO
14.900071,-1,20,10000.108000,71.185000,365.070093,342.925971,460.000000,819,94.929907,OpenLoop,NoFIFO,false,OpenLoop_NoFIFO
14.910069,-1,20,9997.978000,69.163000,307.665260,337.636864,460.000000,819,152.334740,OpenLoop,NoFIFO,false,OpenLoop_NoFIFO
14.920071,-1,20,10001.422000,70.585000,326.043339,335.897835,460.000000,819,133.956661,OpenLoop,NoFIFO,false,OpenLoop_NoFIFO
14.930069,-1,20,9998.904000,69.489000,376.594991,342.002409,460.000000,819,83.405009,OpenLoop,NoFIFO,false,OpenLoop_NoFIFO
14.940070,-1,20,10000.959000,70.448000,309.371906,337.107833,460.000000,819,150.628094,OpenLoop,NoFIFO,false,OpenLoop_NoFIFO
14.950075,-1,20,10004.293000,74.741000,317.151556,334.114392,460.000000,819,142.848444,OpenLoop,NoFIFO,false,OpenLoop_NoFIFO
14.960073,-1,20,9998.089000,72.830000,383.634330,341.542383,460.000000,819,76.365670,OpenLoop,NoFIFO,false,OpenLoop_NoFIFO
14.970070,-1,20,9997.515000,70.345000,319.343066,338.212485,460.000000,819,140.656934,OpenLoop,NoFIFO,false,OpenLoop_NoFIFO
14.980071,-1,20,10000.182000,70.527000,306.372549,333.436495,460.000000,819,153.627451,OpenLoop,NoFIFO,false,OpenLoop_NoFIFO
14.990071,-1,20,10000.755000,71.282000,396.455224,342.889304,460.000000,819,63.544776,OpenLoop,NoFIFO,false,OpenLoop_NoFIFO
15.000071,-1,20,9999.219000,70.501000,338.447653,342.223056,460.000000,819,121.552347,OpenLoop,NoFIFO,false,OpenLoop_NoFIFO
15.010070,-1,20,9999.552000,70.053000,297.691744,335.543360,460.000000,819,162.308256,OpenLoop,NoFIFO,false,OpenLoop_NoFIFO
15.020070,-1,20,10000.293000,70.346000,399.636409,345.157317,460.000000,819,60.363591,OpenLoop,NoFIFO,false,OpenLoop_NoFIFO
15.030084,-1,20,10014.070000,84.416000,336.230394,343.818279,460.000000,819,123.769606,OpenLoop,NoFIFO,false,OpenLoop_NoFIFO
15.040082,-1,20,9997.719000,82.135000,293.151970,336.218332,460.000000,819,166.848030,OpenLoop,NoFIFO,false,OpenLoop_NoFIFO
15.050077,-1,20,9994.478000,76.613000,383.666346,343.335534,460.000000,819,76.333654,OpenLoop,NoFIFO,false,OpenLoop_NoFIFO
15.060073,-1,20,9996.126000,72.739000,343.226987,343.319252,460.000000,819,116.773013,OpenLoop,NoFIFO,false,OpenLoop_NoFIFO
15.070072,-1,20,9999.274000,72.013000,292.518721,335.699173,460.000000,819,167.481279,OpenLoop,NoFIFO,false,OpenLoop_NoFIFO
15.080074,-1,20,10001.978000,73.991000,377.253461,341.932316,460.000000,819,82.746539,OpenLoop,NoFIFO,false,OpenLoop_NoFIFO
15.090072,-1,20,9998.367000,72.358000,354.361959,343.796762,460.000000,819,105.638041,OpenLoop,NoFIFO,false,OpenLoop_NoFIFO
15.100071,-1,20,9999.107000,71.465000,295.461708,336.546504,460.000000,819,164.538292,OpenLoop,NoFIFO,false,OpenLoop_NoFIFO
15.110078,-1,20,10006.515000,77.980000,355.906655,339.450527,460.000000,819,104.093345,OpenLoop,NoFIFO,false,OpenLoop_NoFIFO
15.120074,-1,20,9996.145000,74.125000,357.629428,342.177362,460.000000,819,102.370572,OpenLoop,NoFIFO,false,OpenLoop_NoFIFO
15.130073,-1,20,9998.885000,73.010000,305.232558,336.635641,460.000000,819,154.767442,OpenLoop,NoFIFO,false,OpenLoop_NoFIFO
15.140073,-1,20,10000.237000,73.247000,339.863358,337.119799,460.000000,819,120.136642,OpenLoop,NoFIFO,false,OpenLoop_NoFIFO
15.150069,-1,20,9996.034000,69.281000,373.593530,342.590859,460.000000,819,86.406470,OpenLoop,NoFIFO,false,OpenLoop_NoFIFO
15.160069,-1,20,9999.774000,69.055000,308.388158,337.460453,460.000000,819,151.611842,OpenLoop,NoFIFO,false,OpenLoop_NoFIFO
15.170069,-1,20,10000.108000,69.163000,329.570038,336.276891,460.000000,819,130.429962,OpenLoop,NoFIFO,false,OpenLoop_NoFIFO
15.180069,-1,20,9999.904000,69.067000,384.036145,343.440779,460.000000,819,75.963855,OpenLoop,NoFIFO,false,OpenLoop_NoFIFO
15.190069,-1,20,9999.922000,68.989000,316.229891,339.359146,460.000000,819,143.770109,OpenLoop,NoFIFO,false,OpenLoop_NoFIFO
15.200069,-1,20,9999.719000,68.708000,320.278184,336.497002,460.000000,819,139.721816,OpenLoop,NoFIFO,false,OpenLoop_NoFIFO
15.210070,-1,20,10001.737000,70.445000,390.625000,344.616201,460.000000,819,69.375000,OpenLoop,NoFIFO,false,OpenLoop_NoFIFO
15.220073,-1,20,10002.144000,72.589000,327.461345,342.042973,460.000000,819,132.538655,OpenLoop,NoFIFO,false,OpenLoop_NoFIFO
15.230069,-1,20,9996.775000,69.364000,298.757170,335.550103,460.000000,819,161.242830,OpenLoop,NoFIFO,false,OpenLoop_NoFIFO
15.240069,-1,20,9999.329000,68.693000,392.259414,344.056499,460.000000,819,67.740586,OpenLoop,NoFIFO,false,OpenLoop_NoFIFO
15.250072,-1,20,10003.127000,71.820000,323.619225,340.990908,460.000000,819,136.380775,OpenLoop,NoFIFO,false,OpenLoop_NoFIFO
15.260070,-1,20,9998.607000,70.427000,293.250722,333.829880,460.000000,819,166.749278,OpenLoop,NoFIFO,false,OpenLoop_NoFIFO
15.270070,-1,20,9999.663000,70.090000,391.440501,342.471473,460.000000,819,68.559499,OpenLoop,NoFIFO,false,OpenLoop_NoFIFO
15.280069,-1,20,9998.774000,68.864000,333.550759,341.133366,460.000000,819,126.449241,OpenLoop,NoFIFO,false,OpenLoop_NoFIFO
15.290070,-1,20,10001.164000,70.028000,290.984763,333.611076,460.000000,819,169.015237,OpenLoop,NoFIFO,false,OpenLoop_NoFIFO
15.300069,-1,20,9999.107000,69.135000,377.486973,340.192460,460.000000,819,82.513027,OpenLoop,NoFIFO,false,OpenLoop_NoFIFO
15.310070,-1,20,10000.978000,70.113000,349.440895,341.579725,460.000000,819,110.559105,OpenLoop,NoFIFO,false,OpenLoop_NoFIFO
15.320072,-1,20,10001.774000,71.887000,291.666667,334.092767,460.000000,819,168.333333,OpenLoop,NoFIFO,false,OpenLoop_NoFIFO
15.330071,-1,20,9998.719000,70.606000,385.485197,341.801631,460.000000,819,74.514803,OpenLoop,NoFIFO,false,OpenLoop_NoFIFO
15.340073,-1,20,10002.867000,73.473000,354.107649,343.647534,460.000000,819,105.892351,OpenLoop,NoFIFO,false,OpenLoop_NoFIFO
15.350071,-1,20,9997.404000,70.877000,303.889789,337.683872,460.000000,819,156.110211,OpenLoop,NoFIFO,false,OpenLoop_NoFIFO
15.360070,-1,20,9999.033000,69.910000,365.036647,341.786788,460.000000,819,94.963353,OpenLoop,NoFIFO,false,OpenLoop_NoFIFO
15.370070,-1,20,10000.367000,70.277000,366.006693,345.419774,460.000000,819,93.993307,OpenLoop,NoFIFO,false,OpenLoop_NoFIFO
15.380070,-1,20,9999.941000,70.218000,307.492269,339.730648,460.000000,819,152.507731,OpenLoop,NoFIFO,false,OpenLoop_NoFIFO
15.390070,-1,20,9999.607000,69.825000,346.342622,340.722444,460.000000,819,113.657378,OpenLoop,NoFIFO,false,OpenLoop_NoFIFO
15.400070,-1,20,10000.127000,69.952000,378.203607,346.344619,460.000000,819,81.796393,OpenLoop,NoFIFO,false,OpenLoop_NoFIFO
15.410071,-1,20,10001.033000,70.985000,309.170472,340.768497,460.000000,819,150.829528,OpenLoop,NoFIFO,false,OpenLoop_NoFIFO
15.420070,-1,20,9999.274000,70.259000,334.662066,339.852532,460.000000,819,125.337934,OpenLoop,NoFIFO,false,OpenLoop_NoFIFO
15.430071,-1,20,10000.367000,70.626000,375.214408,345.156813,460.000000,819,84.785592,OpenLoop,NoFIFO,false,OpenLoop_NoFIFO
15.440070,-1,20,9999.756000,70.382000,316.722973,340.891737,460.000000,819,143.277027,OpenLoop,NoFIFO,false,OpenLoop_NoFIFO
15.450071,-1,20,10000.348000,70.730000,305.043384,335.514484,460.000000,819,154.956616,OpenLoop,NoFIFO,false,OpenLoop_NoFIFO
15.460082,-1,20,10011.126000,81.856000,385.802469,343.057682,460.000000,819,74.197531,OpenLoop,NoFIFO,false,OpenLoop_NoFIFO
15.470085,-1,20,10002.867000,84.723000,322.164948,339.923772,460.000000,819,137.835052,OpenLoop,NoFIFO,false,OpenLoop_NoFIFO
15.480076,-1,20,9991.145000,75.868000,301.170262,334.110745,460.000000,819,158.829738,OpenLoop,NoFIFO,false,OpenLoop_NoFIFO
15.490073,-1,20,9997.052000,72.920000,392.054365,342.802288,460.000000,819,67.945635,OpenLoop,NoFIFO,false,OpenLoop_NoFIFO
15.500071,-1,20,9998.404000,71.324000,329.795966,340.851340,460.000000,819,130.204034,OpenLoop,NoFIFO,false,OpenLoop_NoFIFO
15.510073,-1,20,10001.533000,72.857000,298.566879,334.508671,460.000000,819,161.433121,OpenLoop,NoFIFO,false,OpenLoop_NoFIFO
15.520080,-1,20,10007.552000,80.409000,395.471464,343.653090,460.000000,819,64.528536,OpenLoop,NoFIFO,false,OpenLoop_NoFIFO
15.530071,-1,20,9990.182000,70.591000,342.465753,343.474989,460.000000,819,117.534247,OpenLoop,NoFIFO,false,OpenLoop_NoFIFO
15.540077,-1,20,10005.996000,76.587000,294.138620,336.074534,460.000000,819,165.861380,OpenLoop,NoFIFO,false,OpenLoop_NoFIFO
15.550069,-1,20,9992.460000,69.047000,391.168289,344.338597,460.000000,819,68.831711,OpenLoop,NoFIFO,false,OpenLoop_NoFIFO
15.560073,-1,20,10004.311000,73.358000,345.031546,344.442539,460.000000,819,114.968454,OpenLoop,NoFIFO,false,OpenLoop_NoFIFO
15.570072,-1,20,9998.756000,72.114000,296.966374,337.321115,460.000000,819,163.033626,OpenLoop,NoFIFO,false,OpenLoop_NoFIFO
15.580071,-1,20,9999.385000,71.499000,371.827076,342.497009,460.000000,819,88.172924,OpenLoop,NoFIFO,false,OpenLoop_NoFIFO
15.590071,-1,20,9999.793000,71.292000,348.513011,343.399409,460.000000,819,111.486989,OpenLoop,NoFIFO,false,OpenLoop_NoFIFO
15.600076,-1,20,10004.811000,76.103000,292.968750,335.834810,460.000000,819,167.031250,OpenLoop,NoFIFO,false,OpenLoop_NoFIFO
15.610084,-1,20,10007.996000,84.099000,354.274917,338.600826,460.000000,819,105.725083,OpenLoop,NoFIFO,false,OpenLoop_NoFIFO
15.620076,-1,20,9991.608000,75.707000,357.045702,341.367558,460.000000,819,102.954298,OpenLoop,NoFIFO,false,OpenLoop_NoFIFO
15.630072,-1,20,9996.089000,71.796000,301.670792,335.413043,460.000000,819,158.329208,OpenLoop,NoFIFO,false,OpenLoop_NoFIFO
15.640072,-1,20,10000.237000,72.033000,339.673913,336.052173,460.000000,819,120.326087,OpenLoop,NoFIFO,false,OpenLoop_NoFIFO
15.650079,-1,20,10007.108000,79.141000,372.719832,341.552322,460.000000,819,87.280168,OpenLoop,NoFIFO,false,OpenLoop_NoFIFO
15.660076,-1,20,9996.607000,75.748000,311.382218,337.026806,460.000000,819,148.617782,OpenLoop,NoFIFO,false,OpenLoop_NoFIFO
15.670072,-1,20,9996.163000,71.911000,333.045188,336.429564,460.000000,819,126.954812,OpenLoop,NoFIFO,false,OpenLoop_NoFIFO
15.680073,-1,20,10000.664000,72.575000,383.634330,343.510279,460.000000,819,76.365670,OpenLoop,NoFIFO,false,OpenLoop_NoFIFO
15.690072,-1,20,9999.366000,71.941000,319.498539,339.908518,460.000000,819,140.501461,OpenLoop,NoFIFO,false,OpenLoop_NoFIFO
15.700072,-1,20,9999.608000,71.549000,314.272821,336.063163,460.000000,819,145.727179,OpenLoop,NoFIFO,false,OpenLoop_NoFIFO
15.710072,-1,20,10000.089000,71.638000,392.624477,344.547360,460.000000,819,67.375523,OpenLoop,NoFIFO,false,OpenLoop_NoFIFO
15.720071,-1,20,9999.848000,71.486000,322.420635,341.228351,460.000000,819,137.579365,OpenLoop,NoFIFO,false,OpenLoop_NoFIFO
15.730071,-1,20,9999.034000,70.520000,308.243307,336.280595,460.000000,819,151.756693,OpenLoop,NoFIFO,false,OpenLoop_NoFIFO
15.740087,-1,20,10016.755000,87.275000,394.321767,344.986770,460.000000,819,65.678233,OpenLoop,NoFIFO,false,OpenLoop_NoFIFO
15.750077,-1,20,9989.238000,76.513000,333.799593,343.308694,460.000000,819,126.200407,OpenLoop,NoFIFO,false,OpenLoop_NoFIFO
15.760072,-1,20,9995.681000,72.194000,287.576687,334.948893,460.000000,819,172.423313,OpenLoop,NoFIFO,false,OpenLoop_NoFIFO
15.770069,-1,20,9996.775000,68.969000,387.396694,342.816063,460.000000,819,72.603306,OpenLoop,NoFIFO,false,OpenLoop_NoFIFO
15.780077,-1,20,10008.237000,77.206000,331.182065,341.070963,460.000000,819,128.817935,OpenLoop,NoFIFO,false,OpenLoop_NoFIFO
15.790075,-1,20,9997.607000,74.813000,288.365985,333.165217,460.000000,819,171.634015,OpenLoop,NoFIFO,false,OpenLoop_NoFIFO
15.800073,-1,20,9997.700000,72.513000,385.950708,341.083040,460.000000,819,74.049292,OpenLoop,NoFIFO,false,OpenLoop_NoFIFO
15.810071,-1,20,9998.756000,71.269000,341.374602,341.126775,460.000000,819,118.625398,OpenLoop,NoFIFO,false,OpenLoop_NoFIFO
15.820069,-1,20,9997.404000,68.673000,291.149068,333.630119,460.000000,819,168.850932,OpenLoop,NoFIFO,false,OpenLoop_NoFIFO
15.830076,-1,20,10007.237000,75.910000,380.231992,340.620400,460.000000,819,79.768008,OpenLoop,NoFIFO,false,OpenLoop_NoFIFO
15.840072,-1,20,9995.978000,71.888000,352.145741,342.349201,460.000000,819,107.854259,OpenLoop,NoFIFO,false,OpenLoop_NoFIFO
15.850072,-1,20,10000.311000,72.199000,296.052632,335.404716,460.000000,819,163.947368,OpenLoop,NoFIFO,false,OpenLoop_NoFIFO
15.860073,-1,20,10000.497000,72.696000,370.004933,340.594748,460.000000,819,89.995067,OpenLoop,NoFIFO,false,OpenLoop_NoFIFO
15.870072,-1,20,9999.607000,72.303000,363.559979,344.039533,460.000000,819,96.440021,OpenLoop,NoFIFO,false,OpenLoop_NoFIFO
15.880071,-1,20,9998.515000,70.818000,308.678269,338.735343,460.000000,819,151.321731,OpenLoop,NoFIFO,false,OpenLoop_NoFIFO
15.890072,-1,20,10001.164000,71.982000,351.499732,340.650002,460.000000,819,108.500268,OpenLoop,NoFIFO,false,OpenLoop_NoFIFO
15.900072,-1,20,9999.996000,71.978000,375.530160,345.882025,460.000000,819,84.469840,OpenLoop,NoFIFO,false,OpenLoop_NoFIFO
15.910082,-1,20,10010.182000,82.160000,307.713348,340.156724,460.000000,819,152.286652,OpenLoop,NoFIFO,false,OpenLoop_NoFIFO
15.920079,-1,20,9996.848000,79.008000,330.260686,338.672318,460.000000,819,129.739314,OpenLoop,NoFIFO,false,OpenLoop_NoFIFO
15.930078,-1,20,9999.478000,78.486000,379.554656,344.804669,460.000000,819,80.445344,OpenLoop,NoFIFO,false,OpenLoop_NoFIFO
15.940071,-1,20,9992.904000,71.390000,310.430464,339.648538,460.000000,819,149.569536,OpenLoop,NoFIFO,false,OpenLoop_NoFIFO
15.950070,-1,20,9998.663000,70.053000,312.949363,335.643662,460.000000,819,147.050637,OpenLoop,NoFIFO,false,OpenLoop_NoFIFO
15.960072,-1,20,10002.033000,72.086000,388.567876,343.582294,460.000000,819,71.432124,OpenLoop,NoFIFO,false,OpenLoop_NoFIFO
15.970071,-1,20,9999.052000,71.138000,325.198216,340.824682,460.000000,819,134.801784,OpenLoop,NoFIFO,false,OpenLoop_NoFIFO
15.980070,-1,20,9999.293000,70.431000,301.074605,334.862171,460.000000,819,158.925395,OpenLoop,NoFIFO,false,OpenLoop_NoFIFO
15.990070,-1,20,9999.848000,70.279000,396.825397,344.156655,460.000000,819,63.174603,OpenLoop,NoFIFO,false,OpenLoop_NoFIFO
16.000070,-1,20,9999.571000,69.850000,326.124768,341.451872,460.000000,819,133.875232,OpenLoop,NoFIFO,false,OpenLoop_NoFIFO
16.010076,-1,20,10006.570000,76.420000,293.427230,334.248175,460.000000,819,166.572770,OpenLoop,NoFIFO,false,OpenLoop_NoFIFO
16.020077,-1,20,10000.627000,77.047000,388.340643,342.362046,460.000000,819,71.659357,OpenLoop,NoFIFO,false,OpenLoop_NoFIFO
16.030083,-1,20,10006.144000,83.191000,334.480122,341.179757,460.000000,819,125.519878,OpenLoop,NoFIFO,false,OpenLoop_NoFIFO
16.040081,-1,20,9997.867000,81.058000,294.668762,334.203108,460.000000,819,165.331238,OpenLoop,NoFIFO,false,OpenLoop_NoFIFO
16.050072,-1,20,9991.163000,72.221000,391.644909,342.819378,460.000000,819,68.355091,OpenLoop,NoFIFO,false,OpenLoop_NoFIFO
16.060072,-1,20,10000.052000,72.273000,348.772321,343.712319,460.000000,819,111.227679,OpenLoop,NoFIFO,false,OpenLoop_NoFIFO
16.070072,-1,20,9999.645000,71.918000,294.348509,336.307748,460.000000,819,165.651491,OpenLoop,NoFIFO,false,OpenLoop_NoFIFO
16.080072,-1,20,9999.607000,71.525000,378.742871,342.673016,460.000000,819,81.257129,OpenLoop,NoFIFO,false,OpenLoop_NoFIFO
16.090071,-1,20,9999.645000,71.170000,352.822581,344.195451,460.000000,819,107.177419,OpenLoop,NoFIFO,false,OpenLoop_NoFIFO
16.100071,-1,20,9999.793000,70.963000,299.657534,337.514763,460.000000,819,160.342466,OpenLoop,NoFIFO,false,OpenLoop_NoFIFO
16.110072,-1,20,10001.533000,72.496000,360.378913,340.944386,460.000000,819,99.621087,OpenLoop,NoFIFO,false,OpenLoop_NoFIFO
16.120070,-1,20,9997.034000,69.530000,358.508604,343.579019,460.000000,819,101.491396,OpenLoop,NoFIFO,false,OpenLoop_NoFIFO
16.130070,-1,20,10000.866000,70.396000,299.043062,336.898625,460.000000,819,160.956938,OpenLoop,NoFIFO,false,OpenLoop_NoFIFO
16.140071,-1,20,10000.275000,70.671000,337.990086,337.062344,460.000000,819,122.009914,OpenLoop,NoFIFO,false,OpenLoop_NoFIFO
16.150070,-1,20,9999.700000,70.371000,366.374498,341.459167,460.000000,819,93.625502,OpenLoop,NoFIFO,false,OpenLoop_NoFIFO
16.160069,-1,20,9998.644000,69.015000,306.258167,336.179017,460.000000,819,153.741833,OpenLoop,NoFIFO,false,OpenLoop_NoFIFO
16.170071,-1,20,10001.553000,70.568000,323.104454,334.217833,460.000000,819,136.895546,OpenLoop,NoFIFO,false,OpenLoop_NoFIFO
16.180069,-1,20,9998.107000,68.675000,380.551576,341.167894,460.000000,819,79.448424,OpenLoop,NoFIFO,false,OpenLoop_NoFIFO
16.190070,-1,20,10001.348000,70.023000,315.574832,337.328935,460.000000,819,144.425168,OpenLoop,NoFIFO,false,OpenLoop_NoFIFO
16.200070,-1,20,10000.219000,70.242000,313.995215,333.828877,460.000000,819,146.004785,OpenLoop,NoFIFO,false,OpenLoop_NoFIFO
16.210071,-1,20,10000.904000,71.146000,391.440501,342.470620,460.000000,819,68.559499,OpenLoop,NoFIFO,false,OpenLoop_NoFIFO
16.220070,-1,20,9999.293000,70.439000,326.980568,340.147113,460.000000,819,133.019432,OpenLoop,NoFIFO,false,OpenLoop_NoFIFO
16.230074,-1,20,10003.070000,73.509000,303.624813,334.668768,460.000000,819,156.375187,OpenLoop,NoFIFO,false,OpenLoop_NoFIFO
16.240070,-1,20,9996.608000,70.117000,396.312823,343.915376,460.000000,819,63.687177,OpenLoop,NoFIFO,false,OpenLoop_NoFIFO
16.250070,-1,20,10000.070000,70.187000,331.362153,342.032393,460.000000,819,128.637847,OpenLoop,NoFIFO,false,OpenLoop_NoFIFO
16.260070,-1,20,9999.719000,69.906000,297.401171,335.337709,460.000000,819,162.598829,OpenLoop,NoFIFO,false,OpenLoop_NoFIFO
16.270071,-1,20,10000.719000,70.625000,395.778364,344.403808,460.000000,819,64.221636,OpenLoop,NoFIFO,false,OpenLoop_NoFIFO
16.280070,-1,20,9999.589000,70.214000,344.500245,344.418273,460.000000,819,115.499755,OpenLoop,NoFIFO,false,OpenLoop_NoFIFO
16.290071,-1,20,10000.459000,70.673000,289.054471,336.113703,460.000000,819,170.945529,OpenLoop,NoFIFO,false,OpenLoop_NoFIFO
16.300074,-1,20,10003.071000,73.744000,381.960163,342.990672,460.000000,819,78.039837,OpenLoop,NoFIFO,false,OpenLoop_NoFIFO
16.310072,-1,20,9997.978000,71.722000,335.941233,341.933256,460.000000,819,124.058767,OpenLoop,NoFIFO,false,OpenLoop_NoFIFO
16.320072,-1,20,10000.570000,72.292000,290.820643,334.266364,460.000000,819,169.179357,OpenLoop,NoFIFO,false,OpenLoop_NoFIFO
16.330072,-1,20,9999.515000,71.807000,368.411928,339.388199,460.000000,819,91.588072,OpenLoop,NoFIFO,false,OpenLoop_NoFIFO
16.340072,-1,20,10000.330000,72.137000,349.069149,340.840341,460.000000,819,110.930851,OpenLoop,NoFIFO,false,OpenLoop_NoFIFO
16.350071,-1,20,9998.552000,70.689000,293.929674,333.803741,460.000000,819,166.070326,OpenLoop,NoFIFO,false,OpenLoop_NoFIFO
16.360072,-1,20,10001.700000,72.389000,358.773854,337.549258,460.000000,819,101.226146,OpenLoop,NoFIFO,false,OpenLoop_NoFIFO
16.370071,-1,20,9998.182000,70.571000,359.195402,340.796180,460.000000,819,100.804598,OpenLoop,NoFIFO,false,OpenLoop_NoFIFO
16.380076,-1,20,10005.848000,76.419000,299.043062,334.533212,460.000000,819,160.956938,OpenLoop,NoFIFO,false,OpenLoop_NoFIFO
16.390073,-1,20,9996.145000,72.564000,352.609309,337.244627,460.000000,819,107.390691,OpenLoop,NoFIFO,false,OpenLoop_NoFIFO
16.400073,-1,20,10000.089000,72.653000,368.679775,341.959899,460.000000,819,91.320225,OpenLoop,NoFIFO,false,OpenLoop_NoFIFO
16.410071,-1,20,9998.793000,71.446000,313.695029,337.720168,460.000000,819,146.304971,OpenLoop,NoFIFO,false,OpenLoop_NoFIFO
16.420072,-1,20,10000.515000,71.961000,329.442771,336.478559,460.000000,819,130.557229,OpenLoop,NoFIFO,false,OpenLoop_NoFIFO
16.430071,-1,20,9999.533000,71.494000,384.221311,343.639972,460.000000,819,75.778689,OpenLoop,NoFIFO,false,OpenLoop_NoFIFO
16.440071,-1,20,9999.459000,70.953000,315.248319,339.381224,460.000000,819,144.751681,OpenLoop,NoFIFO,false,OpenLoop_NoFIFO
16.450078,-1,20,10006.552000,77.505000,316.570188,335.959568,460.000000,819,143.429812,OpenLoop,NoFIFO,false,OpenLoop_NoFIFO
16.460075,-1,20,9997.256000,74.761000,389.610390,344.007192,460.000000,819,70.389610,OpenLoop,NoFIFO,false,OpenLoop_NoFIFO
16.470071,-1,20,9996.404000,71.165000,318.258972,340.144959,460.000000,819,141.741028,OpenLoop,NoFIFO,false,OpenLoop_NoFIFO
16.480072,-1,20,10001.071000,72.236000,297.902765,333.808630,460.000000,819,162.097235,OpenLoop,NoFIFO,false,OpenLoop_NoFIFO
16.490070,-1,20,9997.663000,69.899000,386.870084,341.767848,460.000000,819,73.129916,OpenLoop,NoFIFO,false,OpenLoop_NoFIFO
16.500070,-1,20,10000.441000,70.340000,331.903595,340.288210,460.000000,819,128.096405,OpenLoop,NoFIFO,false,OpenLoop_NoFIFO
16.510073,-1,20,10002.274000,72.614000,293.361645,333.249225,460.000000,819,166.638355,OpenLoop,NoFIFO,false,OpenLoop_NoFIFO
16.520073,-1,20,10000.089000,72.703000,391.200295,341.941886,460.000000,819,68.799705,OpenLoop,NoFIFO,false,OpenLoop_NoFIFO
16.530071,-1,20,9998.645000,71.348000,332.615307,340.542899,460.000000,819,127.384693,OpenLoop,NoFIFO,false,OpenLoop_NoFIFO
16.540072,-1,20,10000.718000,72.066000,291.986104,333.259380,460.000000,819,168.013896,OpenLoop,NoFIFO,false,OpenLoop_NoFIFO
16.550078,-1,20,10006.219000,78.285000,390.191454,341.799191,460.000000,819,69.808546,OpenLoop,NoFIFO,false,OpenLoop_NoFIFO
16.560075,-1,20,9996.904000,75.189000,344.331538,342.179043,460.000000,819,115.668462,OpenLoop,NoFIFO,false,OpenLoop_NoFIFO
16.570081,-1,20,10005.330000,80.519000,296.821724,335.375445,460.000000,819,163.178276,OpenLoop,NoFIFO,false,OpenLoop_NoFIFO
16.580076,-1,20,9995.459000,75.978000,380.369928,342.124618,460.000000,819,79.630072,OpenLoop,NoFIFO,false,OpenLoop_NoFIFO
16.590072,-1,20,9996.126000,72.104000,359.392114,344.714742,460.000000,819,100.607886,OpenLoop,NoFIFO,false,OpenLoop_NoFIFO
16.600072,-1,20,10000.330000,72.434000,299.153166,337.880506,460.000000,819,160.846834,OpenLoop,NoFIFO,false,OpenLoop_NoFIFO
16.610074,-1,20,10001.589000,74.023000,369.640217,342.644462,460.000000,819,90.359783,OpenLoop,NoFIFO,false,OpenLoop_NoFIFO
16.620071,-1,20,9996.959000,70.982000,357.824427,344.921457,460.000000,819,102.175573,OpenLoop,NoFIFO,false,OpenLoop_NoFIFO
16.630078,-1,20,10007.349000,78.331000,302.582033,338.570544,460.000000,819,157.417967,OpenLoop,NoFIFO,false,OpenLoop_NoFIFO
16.640074,-1,20,9995.885000,74.216000,341.086279,338.947904,460.000000,819,118.913721,OpenLoop,NoFIFO,false,OpenLoop_NoFIFO
16.650074,-1,20,9999.811000,74.027000,368.912937,343.442659,460.000000,819,91.087063,OpenLoop,NoFIFO,false,OpenLoop_NoFIFO
16.660081,-1,20,10007.163000,81.190000,306.086754,337.839273,460.000000,819,153.913246,OpenLoop,NoFIFO,false,OpenLoop_NoFIFO
16.670080,-1,20,9998.775000,79.965000,323.275862,335.654761,460.000000,819,136.724138,OpenLoop,NoFIFO,false,OpenLoop_NoFIFO
16.680076,-1,20,9996.367000,76.332000,378.203607,342.037088,460.000000,819,81.796393,OpenLoop,NoFIFO,false,OpenLoop_NoFIFO
16.690078,-1,20,10001.940000,78.272000,310.747068,337.343585,460.000000,819,149.252932,OpenLoop,NoFIFO,false,OpenLoop_NoFIFO
16.700075,-1,20,9997.219000,75.491000,308.896211,333.076479,460.000000,819,151.103789,OpenLoop,NoFIFO,false,OpenLoop_NoFIFO
16.710077,-1,20,10001.385000,76.876000,388.824885,341.438740,460.000000,819,71.175115,OpenLoop,NoFIFO,false,OpenLoop_NoFIFO
16.720072,-1,20,9995.460000,72.336000,325.520833,339.051054,460.000000,819,134.479167,OpenLoop,NoFIFO,false,OpenLoop_NoFIFO
16.730072,-1,20,9999.756000,72.092000,303.776171,333.759822,460.000000,819,156.223829,OpenLoop,NoFIFO,false,OpenLoop_NoFIFO
16.740072,-1,20,10000.292000,72.384000,396.825397,343.219658,460.000000,819,63.174603,OpenLoop,NoFIFO,false,OpenLoop_NoFIFO
16.750074,-1,20,10001.238000,73.622000,333.460366,341.755764,460.000000,819,126.539634,OpenLoop,NoFIFO,false,OpenLoop_NoFIFO
16.760077,-1,20,10003.737000,77.359000,299.657534,335.441030,460.000000,819,160.342466,OpenLoop,NoFIFO,false,OpenLoop_NoFIFO
16.770073,-1,20,9995.848000,73.207000,401.498929,345.349715,460.000000,819,58.501071,OpenLoop,NoFIFO,false,OpenLoop_NoFIFO
16.780078,-1,20,10004.663000,77.870000,338.855422,344.375571,460.000000,819,121.144578,OpenLoop,NoFIFO,false,OpenLoop_NoFIFO
16.790075,-1,20,9997.330000,75.200000,297.147385,337.291343,460.000000,819,162.852615,OpenLoop,NoFIFO,false,OpenLoop_NoFIFO
16.800073,-1,20,9997.700000,72.900000,386.863824,344.727215,460.000000,819,73.136176,OpenLoop,NoFIFO,false,OpenLoop_NoFIFO
16.810072,-1,20,9998.663000,71.563000,350.560897,345.602267,460.000000,819,109.439103,OpenLoop,NoFIFO,false,OpenLoop_NoFIFO
16.820071,-1,20,9999.664000,71.227000,290.871122,337.392595,460.000000,819,169.128878,OpenLoop,NoFIFO,false,OpenLoop_NoFIFO
16.830073,-1,20,10001.403000,72.630000,381.718241,344.041442,460.000000,819,78.281759,OpenLoop,NoFIFO,false,OpenLoop_NoFIFO
16.840072,-1,20,9999.145000,71.775000,346.740638,344.446322,460.000000,819,113.259362,OpenLoop,NoFIFO,false,OpenLoop_NoFIFO
16.850072,-1,20,9999.848000,71.623000,297.704965,337.435118,460.000000,819,162.295035,OpenLoop,NoFIFO,false,OpenLoop_NoFIFO
16.860071,-1,20,9999.256000,70.879000,351.665931,339.569740,460.000000,819,108.334069,OpenLoop,NoFIFO,false,OpenLoop_NoFIFO
16.870072,-1,20,10000.774000,71.653000,357.824427,342.307943,460.000000,819,102.175573,OpenLoop,NoFIFO,false,OpenLoop_NoFIFO
16.880073,-1,20,10000.923000,72.576000,301.372404,336.167612,460.000000,819,158.627596,OpenLoop,NoFIFO,false,OpenLoop_NoFIFO
16.890072,-1,20,9999.181000,71.757000,336.538462,336.223240,460.000000,819,123.461538,OpenLoop,NoFIFO,false,OpenLoop_NoFIFO
16.900071,-1,20,9999.571000,71.328000,376.239377,342.225660,460.000000,819,83.760623,OpenLoop,NoFIFO,false,OpenLoop_NoFIFO
16.910080,-1,20,10008.367000,79.695000,309.576225,337.328245,460.000000,819,150.423775,OpenLoop,NoFIFO,false,OpenLoop_NoFIFO
16.920076,-1,20,9995.959000,75.654000,337.533753,337.359071,460.000000,819,122.466247,OpenLoop,NoFIFO,false,OpenLoop_NoFIFO
16.930072,-1,20,9996.071000,71.725000,385.485197,344.577990,460.000000,819,74.514803,OpenLoop,NoFIFO,false,OpenLoop_NoFIFO
16.940071,-1,20,9999.774000,71.499000,323.722376,341.449648,460.000000,819,136.277624,OpenLoop,NoFIFO,false,OpenLoop_NoFIFO
16.950071,-1,20,9999.867000,71.366000,311.807095,337.003265,460.000000,819,148.192905,OpenLoop,NoFIFO,false,OpenLoop_NoFIFO
16.960071,-1,20,9999.292000,70.658000,395.718038,345.810481,460.000000,819,64.281962,OpenLoop,NoFIFO,false,OpenLoop_NoFIFO
16.970072,-1,20,10000.941000,71.599000,325.903840,342.824485,460.000000,819,134.096160,OpenLoop,NoFIFO,false,OpenLoop_NoFIFO
16.980070,-1,20,9998.534000,70.133000,303.538390,336.931571,460.000000,819,156.461610,OpenLoop,NoFIFO,false,OpenLoop_NoFIFO
16.990071,-1,20,10000.830000,70.963000,390.816577,345.014322,460.000000,819,69.183423,OpenLoop,NoFIFO,false,OpenLoop_NoFIFO
17.000072,-1,20,10000.848000,71.811000,326.217880,342.194855,460.000000,819,133.782120,OpenLoop,NoFIFO,false,OpenLoop_NoFIFO
17.010070,-1,20,9998.367000,70.178000,297.214674,335.447828,460.000000,819,162.785326,OpenLoop,NoFIFO,false,OpenLoop_NoFIFO
17.020072,-1,20,10001.978000,72.156000,392.807263,344.051743,460.000000,819,67.192737,OpenLoop,NoFIFO,false,OpenLoop_NoFIFO
17.030070,-1,20,9997.941000,70.097000,337.716138,343.101403,460.000000,819,122.283862,OpenLoop,NoFIFO,false,OpenLoop_NoFIFO
17.040067,-1,20,9997.144000,67.241000,286.259542,334.575123,460.000000,819,173.740458,OpenLoop,NoFIFO,false,OpenLoop_NoFIFO
17.050083,-1,20,10016.256000,83.497000,387.962512,342.583232,460.000000,819,72.037488,OpenLoop,NoFIFO,false,OpenLoop_NoFIFO
17.060073,-1,20,9989.793000,73.290000,343.406593,342.706736,460.000000,819,116.593407,OpenLoop,NoFIFO,false,OpenLoop_NoFIFO
17.070071,-1,20,9997.811000,71.101000,294.241912,335.437012,460.000000,819,165.758088,OpenLoop,NoFIFO,false,OpenLoop_NoFIFO
17.080072,-1,20,10000.497000,71.598000,374.600426,341.311524,460.000000,819,85.399574,OpenLoop,NoFIFO,false,OpenLoop_NoFIFO
17.090071,-1,20,9998.959000,70.557000,354.777673,343.331447,460.000000,819,105.222327,OpenLoop,NoFIFO,false,OpenLoop_NoFIFO
17.100093,-1,20,10022.737000,93.294000,304.218496,337.464504,460.000000,819,155.781504,OpenLoop,NoFIFO,false,OpenLoop_NoFIFO
17.110072,-1,20,9978.256000,71.550000,361.230734,341.029439,460.000000,819,98.769266,OpenLoop,NoFIFO,false,OpenLoop_NoFIFO
17.120072,-1,20,9999.978000,71.528000,369.482396,345.297382,460.000000,819,90.517604,OpenLoop,NoFIFO,false,OpenLoop_NoFIFO
17.130070,-1,20,9998.459000,69.987000,308.076340,339.714226,460.000000,819,151.923660,OpenLoop,NoFIFO,false,OpenLoop_NoFIFO
17.140072,-1,20,10002.274000,72.261000,357.663824,342.406666,460.000000,819,102.336176,OpenLoop,NoFIFO,false,OpenLoop_NoFIFO
17.150071,-1,20,9998.590000,70.851000,368.472768,346.316581,460.000000,819,91.527232,OpenLoop,NoFIFO,false,OpenLoop_NoFIFO
17.160071,-1,20,10000.644000,71.495000,311.018957,341.021937,460.000000,819,148.981043,OpenLoop,NoFIFO,false,OpenLoop_NoFIFO
17.170071,-1,20,9999.978000,71.473000,324.826759,338.592661,460.000000,819,135.173241,OpenLoop,NoFIFO,false,OpenLoop_NoFIFO
17.180072,-1,20,10000.330000,71.803000,381.462422,345.023125,460.000000,819,78.537578,OpenLoop,NoFIFO,false,OpenLoop_NoFIFO
17.190071,-1,20,9998.737000,70.540000,311.382218,339.976989,460.000000,819,148.617782,OpenLoop,NoFIFO,false,OpenLoop_NoFIFO
17.200091,-1,20,10020.830000,91.370000,314.145524,336.102269,460.000000,819,145.854476,OpenLoop,NoFIFO,false,OpenLoop_NoFIFO
17.210072,-1,20,9980.922000,72.292000,387.196696,343.766433,460.000000,819,72.803304,OpenLoop,NoFIFO,false,OpenLoop_NoFIFO
17.220071,-1,20,9999.145000,71.437000,319.809942,340.172959,460.000000,819,140.190058,OpenLoop,NoFIFO,false,OpenLoop_NoFIFO
17.230081,-1,20,10009.293000,80.730000,299.170301,334.022561,460.000000,819,160.829699,OpenLoop,NoFIFO,false,OpenLoop_NoFIFO
17.240072,-1,20,9991.052000,71.782000,388.681592,342.221415,460.000000,819,71.318408,OpenLoop,NoFIFO,false,OpenLoop_NoFIFO
17.250070,-1,20,9998.293000,70.075000,332.809940,340.809694,460.000000,819,127.190060,OpenLoop,NoFIFO,false,OpenLoop_NoFIFO
17.260069,-1,20,9999.200000,69.275000,293.391911,333.697027,460.000000,819,166.608089,OpenLoop,NoFIFO,false,OpenLoop_NoFIFO
17.270070,-1,20,10000.700000,69.975000,400.037651,343.648120,460.000000,819,59.962349,OpenLoop,NoFIFO,false,OpenLoop_NoFIFO
17.280069,-1,20,9998.756000,68.731000,336.907044,342.636959,460.000000,819,123.092956,OpenLoop,NoFIFO,false,OpenLoop_NoFIFO
17.290071,-1,20,10001.792000,70.523000,295.148827,335.513739,460.000000,819,164.851173,OpenLoop,NoFIFO,false,OpenLoop_NoFIFO
17.300103,-1,20,10032.256000,102.779000,385.273973,342.977774,460.000000,819,74.726027,OpenLoop,NoFIFO,false,OpenLoop_NoFIFO
17.310071,-1,20,9967.941000,70.720000,348.698193,343.835837,460.000000,819,111.301807,OpenLoop,NoFIFO,false,OpenLoop_NoFIFO
17.320071,-1,20,10000.052000,70.772000,294.954017,336.503564,460.000000,819,165.045983,OpenLoop,NoFIFO,false,OpenLoop_NoFIFO
17.330070,-1,20,9999.330000,70.102000,376.506024,342.503933,460.000000,819,83.493976,OpenLoop,NoFIFO,false,OpenLoop_NoFIFO
17.340071,-1,20,10001.182000,71.284000,354.777673,344.344994,460.000000,819,105.222327,OpenLoop,NoFIFO,false,OpenLoop_NoFIFO
17.350070,-1,20,9998.866000,70.150000,297.019009,337.246096,460.000000,819,162.980991,OpenLoop,NoFIFO,false,OpenLoop_NoFIFO
17.360070,-1,20,9999.978000,70.128000,358.468286,340.429425,460.000000,819,101.531714,OpenLoop,NoFIFO,false,OpenLoop_NoFIFO
17.370076,-1,20,10006.238000,76.366000,356.463878,342.834593,460.000000,819,103.536122,OpenLoop,NoFIFO,false,OpenLoop_NoFIFO
17.380073,-1,20,9996.478000,72.844000,302.001841,336.709680,460.000000,819,157.998159,OpenLoop,NoFIFO,false,OpenLoop_NoFIFO
17.390072,-1,20,9999.255000,72.099000,346.537703,338.183883,460.000000,819,113.462297,OpenLoop,NoFIFO,false,OpenLoop_NoFIFO
17.400071,-1,20,9999.293000,71.392000,366.210938,342.387942,460.000000,819,93.789062,OpenLoop,NoFIFO,false,OpenLoop_NoFIFO
17.410072,-1,20,10000.737000,72.129000,305.757652,336.893398,460.000000,819,154.242348,OpenLoop,NoFIFO,false,OpenLoop_NoFIFO
17.420072,-1,20,10000.330000,72.459000,326.167992,335.284587,460.000000,819,133.832008,OpenLoop,NoFIFO,false,OpenLoop_NoFIFO
17.430070,-1,20,9997.904000,70.363000,380.007153,341.992972,460.000000,819,79.992847,OpenLoop,NoFIFO,false,OpenLoop_NoFIFO
17.440071,-1,20,10000.996000,71.359000,312.326485,337.542999,460.000000,819,147.673515,OpenLoop,NoFIFO,false,OpenLoop_NoFIFO
17.450071,-1,20,9999.312000,70.671000,323.871488,335.492272,460.000000,819,136.128512,OpenLoop,NoFIFO,false,OpenLoop_NoFIFO
17.460072,-1,20,10001.126000,71.797000,393.907563,344.254566,460.000000,819,66.092437,OpenLoop,NoFIFO,false,OpenLoop_NoFIFO
17.470072,-1,20,9999.959000,71.756000,330.384832,342.174106,460.000000,819,129.615168,OpenLoop,NoFIFO,false,OpenLoop_NoFIFO
17.480071,-1,20,9999.108000,70.864000,304.580897,336.535125,460.000000,819,155.419103,OpenLoop,NoFIFO,false,OpenLoop_NoFIFO
17.490070,-1,20,9998.922000,69.786000,400.260911,346.093992,460.000000,819,59.739089,OpenLoop,NoFIFO,false,OpenLoop_NoFIFO
17.500072,-1,20,10002.089000,71.875000,329.570038,343.615399,460.000000,819,130.429962,OpenLoop,NoFIFO,false,OpenLoop_NoFIFO
17.510071,-1,20,9998.997000,70.872000,294.384058,336.230698,460.000000,819,165.615942,OpenLoop,NoFIFO,false,OpenLoop_NoFIFO
17.520073,-1,20,10001.644000,72.516000,390.218522,344.328872,460.000000,819,69.781478,OpenLoop,NoFIFO,false,OpenLoop_NoFIFO
17.530071,-1,20,9998.071000,70.587000,334.662066,342.878851,460.000000,819,125.337934,OpenLoop,NoFIFO,false,OpenLoop_NoFIFO
17.540073,-1,20,10002.015000,72.602000,288.803318,334.767521,460.000000,819,171.196682,OpenLoop,NoFIFO,false,OpenLoop_NoFIFO
17.550078,-1,20,10005.719000,78.321000,387.797311,342.721989,460.000000,819,72.202689,OpenLoop,NoFIFO,false,OpenLoop_NoFIFO
17.560076,-1,20,9997.922000,76.243000,342.319864,342.661671,460.000000,819,117.680136,OpenLoop,NoFIFO,false,OpenLoop_NoFIFO
17.570072,-1,20,9995.663000,71.906000,290.998448,334.912187,460.000000,819,169.001552,OpenLoop,NoFIFO,false,OpenLoop_NoFIFO
17.580072,-1,20,9999.960000,71.866000,380.007153,341.676432,460.000000,819,79.992847,OpenLoop,NoFIFO,false,OpenLoop_NoFIFO
17.590072,-1,20,9999.811000,71.677000,347.038604,342.480758,460.000000,819,112.961396,OpenLoop,NoFIFO,false,OpenLoop_NoFIFO
17.600072,-1,20,10000.033000,71.710000,297.546387,335.740602,460.000000,819,162.453613,OpenLoop,NoFIFO,false,OpenLoop_NoFIFO
17.610082,-1,20,10009.941000,81.651000,363.748060,339.941721,460.000000,819,96.251940,OpenLoop,NoFIFO,false,OpenLoop_NoFIFO
17.620075,-1,20,9993.571000,75.222000,361.271676,343.141214,460.000000,819,98.728324,OpenLoop,NoFIFO,false,OpenLoop_NoFIFO
17.630073,-1,20,9998.126000,73.348000,306.873977,337.701129,460.000000,819,153.126023,OpenLoop,NoFIFO,false,OpenLoop_NoFIFO
17.640071,-1,20,9997.904000,71.252000,349.650350,339.493512,460.000000,819,110.349650,OpenLoop,NoFIFO,false,OpenLoop_NoFIFO
17.650073,-1,20,10002.181000,73.433000,373.010610,344.521077,460.000000,819,86.989390,OpenLoop,NoFIFO,false,OpenLoop_NoFIFO
17.660076,-1,20,10002.164000,75.597000,309.990553,339.341498,460.000000,819,150.009447,OpenLoop,NoFIFO,false,OpenLoop_NoFIFO
17.670075,-1,20,9999.329000,74.926000,330.105634,337.956118,460.000000,819,129.894366,OpenLoop,NoFIFO,false,OpenLoop_NoFIFO
17.680072,-1,20,9996.849000,71.775000,384.406657,344.923699,460.000000,819,75.593343,OpenLoop,NoFIFO,false,OpenLoop_NoFIFO
17.690071,-1,20,9999.163000,70.938000,321.400316,341.395192,460.000000,819,138.599684,OpenLoop,NoFIFO,false,OpenLoop_NoFIFO
17.700071,-1,20,10000.237000,71.175000,311.166430,336.860877,460.000000,819,148.833570,OpenLoop,NoFIFO,false,OpenLoop_NoFIFO
17.710072,-1,20,10000.478000,71.653000,390.828557,344.956029,460.000000,819,69.171443,OpenLoop,NoFIFO,false,OpenLoop_NoFIFO
17.720072,-1,20,10000.571000,72.224000,319.965870,341.207505,460.000000,819,140.034130,OpenLoop,NoFIFO,false,OpenLoop_NoFIFO
17.730072,-1,20,9999.311000,71.535000,294.502618,334.201772,460.000000,819,165.497382,OpenLoop,NoFIFO,false,OpenLoop_NoFIFO
17.740072,-1,20,10000.941000,72.476000,388.466851,342.341534,460.000000,819,71.533149,OpenLoop,NoFIFO,false,OpenLoop_NoFIFO
17.750070,-1,20,9997.756000,70.232000,327.620968,340.133449,460.000000,819,132.379032,OpenLoop,NoFIFO,false,OpenLoop_NoFIFO
17.760069,-1,20,9998.959000,69.191000,294.384058,333.271040,460.000000,819,165.615942,OpenLoop,NoFIFO,false,OpenLoop_NoFIFO
17.770070,-1,20,10000.978000,70.169000,393.494229,342.304519,460.000000,819,66.505771,OpenLoop,NoFIFO,false,OpenLoop_NoFIFO
17.780069,-1,20,9999.070000,69.239000,344.669118,342.659209,460.000000,819,115.330882,OpenLoop,NoFIFO,false,OpenLoop_NoFIFO
17.790071,-1,20,10001.367000,70.606000,290.998448,334.910094,460.000000,819,169.001552,OpenLoop,NoFIFO,false,OpenLoop_NoFIFO
17.800073,-1,20,10002.367000,72.973000,388.645785,342.970448,460.000000,819,71.354215,OpenLoop,NoFIFO,false,OpenLoop_NoFIFO
17.810074,-1,20,10001.497000,74.470000,340.133998,342.544981,460.000000,819,119.866002,OpenLoop,NoFIFO,false,OpenLoop_NoFIFO
17.820072,-1,20,9997.329000,71.799000,297.021861,335.716513,460.000000,819,162.978139,OpenLoop,NoFIFO,false,OpenLoop_NoFIFO
17.830072,-1,20,10000.293000,72.092000,379.283674,342.251587,460.000000,819,80.716326,OpenLoop,NoFIFO,false,OpenLoop_NoFIFO
17.840070,-1,20,9997.423000,69.515000,355.883948,344.296441,460.000000,819,104.116052,OpenLoop,NoFIFO,false,OpenLoop_NoFIFO
17.850072,-1,20,10002.607000,72.122000,298.702777,337.457391,460.000000,819,161.297223,OpenLoop,NoFIFO,false,OpenLoop_NoFIFO
17.860072,-1,20,10000.108000,72.230000,373.168984,342.814130,460.000000,819,86.831016,OpenLoop,NoFIFO,false,OpenLoop_NoFIFO
17.870071,-1,20,9998.589000,70.819000,363.759822,345.955984,460.000000,819,96.240178,OpenLoop,NoFIFO,false,OpenLoop_NoFIFO
17.880070,-1,20,9999.144000,69.963000,300.802139,339.182907,460.000000,819,159.197861,OpenLoop,NoFIFO,false,OpenLoop_NoFIFO
17.890072,-1,20,10001.997000,71.960000,350.303596,340.851011,460.000000,819,109.696404,OpenLoop,NoFIFO,false,OpenLoop_NoFIFO
17.900071,-1,20,9998.811000,70.771000,368.472768,344.994274,460.000000,819,91.527232,OpenLoop,NoFIFO,false,OpenLoop_NoFIFO
17.910072,-1,20,10001.386000,72.157000,310.430464,339.809703,460.000000,819,149.569536,OpenLoop,NoFIFO,false,OpenLoop_NoFIFO
17.920070,-1,20,9998.274000,70.431000,325.844091,337.714861,460.000000,819,134.155909,OpenLoop,NoFIFO,false,OpenLoop_NoFIFO
17.930070,-1,20,9999.070000,69.501000,382.928880,344.496964,460.000000,819,77.071120,OpenLoop,NoFIFO,false,OpenLoop_NoFIFO
17.940075,-1,20,10005.775000,75.276000,312.326485,339.671392,460.000000,819,147.673515,OpenLoop,NoFIFO,false,OpenLoop_NoFIFO
17.950071,-1,20,9995.663000,70.939000,317.151556,336.293417,460.000000,819,142.848444,OpenLoop,NoFIFO,false,OpenLoop_NoFIFO
17.960071,-1,20,9999.811000,70.750000,388.681592,344.151643,460.000000,819,71.318408,OpenLoop,NoFIFO,false,OpenLoop_NoFIFO
17.970071,-1,20,9999.904000,70.654000,323.573401,341.064907,460.000000,819,136.426599,OpenLoop,NoFIFO,false,OpenLoop_NoFIFO
17.980070,-1,20,9999.033000,69.687000,302.907916,335.341358,460.000000,819,157.092084,OpenLoop,NoFIFO,false,OpenLoop_NoFIFO
17.990070,-1,20,10000.182000,69.869000,395.199063,344.320014,460.000000,819,64.800937,OpenLoop,NoFIFO,false,OpenLoop_NoFIFO
18.000070,-1,20,10000.274000,70.143000,334.270433,342.812577,460.000000,819,125.729567,OpenLoop,NoFIFO,false,OpenLoop_NoFIFO
18.010073,-1,20,10002.700000,72.843000,293.391911,335.399477,460.000000,819,166.608089,OpenLoop,NoFIFO,false,OpenLoop_NoFIFO
18.020071,-1,20,9997.756000,70.599000,397.047833,344.646730,460.000000,819,62.952167,OpenLoop,NoFIFO,false,OpenLoop_NoFIFO
18.030070,-1,20,9999.441000,70.040000,333.392603,342.958611,460.000000,819,126.607397,OpenLoop,NoFIFO,false,OpenLoop_NoFIFO
18.040070,-1,20,9999.848000,69.888000,292.304422,335.360483,460.000000,819,167.695578,OpenLoop,NoFIFO,false,OpenLoop_NoFIFO
18.050078,-1,20,10008.330000,78.218000,376.417100,341.518975,460.000000,819,83.582900,OpenLoop,NoFIFO,false,OpenLoop_NoFIFO
18.060070,-1,20,9992.034000,70.252000,344.850236,342.018665,460.000000,819,115.149764,OpenLoop,NoFIFO,false,OpenLoop_NoFIFO
18.070074,-1,20,10003.830000,74.082000,291.010029,334.367369,460.000000,819,168.989971,OpenLoop,NoFIFO,false,OpenLoop_NoFIFO
18.080073,-1,20,9998.440000,72.522000,372.023810,340.015835,460.000000,819,87.976190,OpenLoop,NoFIFO,false,OpenLoop_NoFIFO
18.090072,-1,20,9999.534000,72.056000,348.143236,341.234945,460.000000,819,111.856764,OpenLoop,NoFIFO,false,OpenLoop_NoFIFO
18.100072,-1,20,9999.941000,71.997000,294.384058,334.207312,460.000000,819,165.615942,OpenLoop,NoFIFO,false,OpenLoop_NoFIFO
18.110072,-1,20,10000.089000,72.086000,365.449584,338.893653,460.000000,819,94.550416,OpenLoop,NoFIFO,false,OpenLoop_NoFIFO
18.120072,-1,20,9999.534000,71.620000,356.125356,341.478408,460.000000,819,103.874644,OpenLoop,NoFIFO,false,OpenLoop_NoFIFO
18.130071,-1,20,9999.070000,70.690000,304.054054,335.864755,460.000000,819,155.945946,OpenLoop,NoFIFO,false,OpenLoop_NoFIFO
18.140072,-1,20,10001.108000,71.798000,345.940959,337.376186,460.000000,819,114.059041,OpenLoop,NoFIFO,false,OpenLoop_NoFIFO
18.150072,-1,20,9999.904000,71.702000,371.827076,342.543819,460.000000,819,88.172924,OpenLoop,NoFIFO,false,OpenLoop_NoFIFO
18.160072,-1,20,10000.274000,71.976000,311.018957,337.815090,460.000000,819,148.981043,OpenLoop,NoFIFO,false,OpenLoop_NoFIFO
18.170073,-1,20,10000.570000,72.546000,331.362153,336.847150,460.000000,819,128.637847,OpenLoop,NoFIFO,false,OpenLoop_NoFIFO
18.180070,-1,20,9997.663000,70.209000,388.151486,344.542800,460.000000,819,71.848514,OpenLoop,NoFIFO,false,OpenLoop_NoFIFO
18.190070,-1,20,10000.090000,70.299000,318.377743,340.618041,460.000000,819,141.622257,OpenLoop,NoFIFO,false,OpenLoop_NoFIFO
18.200070,-1,20,9999.792000,70.091000,317.028986,337.079683,460.000000,819,142.971014,OpenLoop,NoFIFO,false,OpenLoop_NoFIFO
18.210071,-1,20,10001.312000,71.403000,394.944708,345.759437,460.000000,819,65.055292,OpenLoop,NoFIFO,false,OpenLoop_NoFIFO
18.220071,-1,20,9999.941000,71.344000,327.491849,343.019299,460.000000,819,132.508151,OpenLoop,NoFIFO,false,OpenLoop_NoFIFO
18.230071,-1,20,9999.866000,71.210000,295.896896,335.950938,460.000000,819,164.103104,OpenLoop,NoFIFO,false,OpenLoop_NoFIFO
18.240072,-1,20,10000.571000,71.781000,395.569620,344.893741,460.000000,819,64.430380,OpenLoop,NoFIFO,false,OpenLoop_NoFIFO
18.250071,-1,20,9999.182000,70.963000,325.347037,341.961735,460.000000,819,134.652963,OpenLoop,NoFIFO,false,OpenLoop_NoFIFO
18.260069,-1,20,9998.218000,69.181000,293.250722,334.655083,460.000000,819,166.749278,OpenLoop,NoFIFO,false,OpenLoop_NoFIFO
18.270070,-1,20,10001.015000,70.196000,395.361096,343.760985,460.000000,819,64.638904,OpenLoop,NoFIFO,false,OpenLoop_NoFIFO
18.280069,-1,20,9998.719000,68.915000,337.878424,342.878601,460.000000,819,122.121576,OpenLoop,NoFIFO,false,OpenLoop_NoFIFO
18.290070,-1,20,10001.348000,70.263000,291.753112,335.209778,460.000000,819,168.246888,OpenLoop,NoFIFO,false,OpenLoop_NoFIFO
18.300069,-1,20,9998.756000,69.019000,384.036145,342.533733,460.000000,819,75.963855,OpenLoop,NoFIFO,false,OpenLoop_NoFIFO
18.310071,-1,20,10001.497000,70.516000,347.774245,343.319809,460.000000,819,112.225755,OpenLoop,NoFIFO,false,OpenLoop_NoFIFO
18.320073,-1,20,10002.292000,72.808000,291.566986,335.556886,460.000000,819,168.433014,OpenLoop,NoFIFO,false,OpenLoop_NoFIFO
18.330072,-1,20,9999.293000,72.101000,381.097561,342.387987,460.000000,819,78.902439,OpenLoop,NoFIFO,false,OpenLoop_NoFIFO
18.340072,-1,20,9999.960000,72.061000,352.822581,343.953176,460.000000,819,107.177419,OpenLoop,NoFIFO,false,OpenLoop_NoFIFO
18.350072,-1,20,10000.181000,72.242000,305.659059,338.209059,460.000000,819,154.340941,OpenLoop,NoFIFO,false,OpenLoop_NoFIFO
18.360071,-1,20,9998.423000,70.665000,370.455743,343.046061,460.000000,819,89.544257,OpenLoop,NoFIFO,false,OpenLoop_NoFIFO
18.370074,-1,20,10003.274000,73.939000,368.241682,346.825404,460.000000,819,91.758318,OpenLoop,NoFIFO,false,OpenLoop_NoFIFO
18.380072,-1,20,9998.515000,72.454000,304.054054,340.409702,460.000000,819,155.945946,OpenLoop,NoFIFO,false,OpenLoop_NoFIFO
18.390071,-1,20,9998.404000,70.858000,353.606789,342.389265,460.000000,819,106.393211,OpenLoop,NoFIFO,false,OpenLoop_NoFIFO
18.400072,-1,20,10001.589000,72.447000,369.676656,346.482374,460.000000,819,90.323344,OpenLoop,NoFIFO,false,OpenLoop_NoFIFO
18.410071,-1,20,9998.348000,70.795000,304.231153,340.144691,460.000000,819,155.768847,OpenLoop,NoFIFO,false,OpenLoop_NoFIFO
18.420069,-1,20,9998.497000,69.292000,328.289145,338.366359,460.000000,819,131.710855,OpenLoop,NoFIFO,false,OpenLoop_NoFIFO
18.430073,-1,20,10003.348000,72.640000,379.283674,344.503956,460.000000,819,80.716326,OpenLoop,NoFIFO,false,OpenLoop_NoFIFO
18.440072,-1,20,9999.311000,71.951000,315.656566,340.176847,460.000000,819,144.343434,OpenLoop,NoFIFO,false,OpenLoop_NoFIFO
18.450071,-1,20,9999.238000,71.189000,315.444145,336.466942,460.000000,819,144.555855,OpenLoop,NoFIFO,false,OpenLoop_NoFIFO
18.460072,-1,20,10001.070000,72.259000,393.026831,344.950925,460.000000,819,66.973169,OpenLoop,NoFIFO,false,OpenLoop_NoFIFO
18.470071,-1,20,9998.330000,70.589000,320.278184,341.250014,460.000000,819,139.721816,OpenLoop,NoFIFO,false,OpenLoop_NoFIFO
18.480071,-1,20,10000.515000,71.104000,302.870278,335.493054,460.000000,819,157.129722,OpenLoop,NoFIFO,false,OpenLoop_NoFIFO
18.490071,-1,20,9999.700000,70.804000,389.669927,343.619585,460.000000,819,70.330073,OpenLoop,NoFIFO,false,OpenLoop_NoFIFO
18.500072,-1,20,10000.756000,71.560000,332.809940,341.998138,460.000000,819,127.190060,OpenLoop,NoFIFO,false,OpenLoop_NoFIFO
18.510071,-1,20,9999.422000,70.982000,299.520767,335.626532,460.000000,819,160.479233,OpenLoop,NoFIFO,false,OpenLoop_NoFIFO
18.520071,-1,20,10000.182000,71.164000,397.245763,344.869417,460.000000,819,62.754237,OpenLoop,NoFIFO,false,OpenLoop_NoFIFO
18.530071,-1,20,10000.330000,71.494000,341.004477,344.289676,460.000000,819,118.995523,OpenLoop,NoFIFO,false,OpenLoop_NoFIFO
18.540073,-1,20,10001.811000,73.305000,296.677215,337.147807,460.000000,819,163.322785,OpenLoop,NoFIFO,false,OpenLoop_NoFIFO
18.550082,-1,20,10008.404000,81.709000,391.349722,345.278094,460.000000,819,68.650278,OpenLoop,NoFIFO,false,OpenLoop_NoFIFO
18.560076,-1,20,9994.404000,76.113000,345.576619,345.322873,460.000000,819,114.423381,OpenLoop,NoFIFO,false,OpenLoop_NoFIFO
18.570072,-1,20,9995.867000,71.980000,297.214674,338.106643,460.000000,819,162.785326,OpenLoop,NoFIFO,false,OpenLoop_NoFIFO
18.580073,-1,20,10000.737000,72.717000,379.452240,344.308482,460.000000,819,80.547760,OpenLoop,NoFIFO,false,OpenLoop_NoFIFO
18.590072,-1,20,9998.904000,71.621000,353.107345,345.628312,460.000000,819,106.892655,OpenLoop,NoFIFO,false,OpenLoop_NoFIFO
18.600071,-1,20,9999.515000,71.136000,295.741325,338.145264,460.000000,819,164.258675,OpenLoop,NoFIFO,false,OpenLoop_NoFIFO
18.610073,-1,20,10001.422000,72.558000,364.077670,342.035125,460.000000,819,95.922330,OpenLoop,NoFIFO,false,OpenLoop_NoFIFO
18.620076,-1,20,10002.960000,75.518000,360.576923,344.816394,460.000000,819,99.423077,OpenLoop,NoFIFO,false,OpenLoop_NoFIFO
18.630070,-1,20,9994.181000,69.699000,299.006379,337.944892,460.000000,819,160.993621,OpenLoop,NoFIFO,false,OpenLoop_NoFIFO
18.640071,-1,20,10001.460000,71.159000,344.126901,338.872193,460.000000,819,115.873099,OpenLoop,NoFIFO,false,OpenLoop_NoFIFO
18.650070,-1,20,9998.607000,69.766000,370.123084,343.559827,460.000000,819,89.876916,OpenLoop,NoFIFO,false,OpenLoop_NoFIFO
18.660074,-1,20,10004.293000,74.059000,308.896211,338.360285,460.000000,819,151.103789,OpenLoop,NoFIFO,false,OpenLoop_NoFIFO
18.670071,-1,20,9996.589000,70.648000,327.187064,336.684301,460.000000,819,132.812936,OpenLoop,NoFIFO,false,OpenLoop_NoFIFO
18.680071,-1,20,10000.737000,71.385000,385.208012,343.962858,460.000000,819,74.791988,OpenLoop,NoFIFO,false,OpenLoop_NoFIFO
18.690070,-1,20,9998.534000,69.919000,317.950581,340.061017,460.000000,819,142.049419,OpenLoop,NoFIFO,false,OpenLoop_NoFIFO
18.700070,-1,20,10000.237000,70.156000,320.892575,337.185750,460.000000,819,139.107425,OpenLoop,NoFIFO,false,OpenLoop_NoFIFO
18.710069,-1,20,9998.867000,69.023000,394.644528,345.804567,460.000000,819,65.355472,OpenLoop,NoFIFO,false,OpenLoop_NoFIFO
18.720070,-1,20,10000.959000,69.982000,327.269066,343.024242,460.000000,819,132.730934,OpenLoop,NoFIFO,false,OpenLoop_NoFIFO
18.730069,-1,20,9998.960000,68.942000,308.823529,337.894135,460.000000,819,151.176471,OpenLoop,NoFIFO,false,OpenLoop_NoFIFO
18.740075,-1,20,10006.126000,75.068000,398.089172,346.923390,460.000000,819,61.910828,OpenLoop,NoFIFO,false,OpenLoop_NoFIFO
18.750070,-1,20,9995.219000,70.287000,329.332553,344.284765,460.000000,819,130.667447,OpenLoop,NoFIFO,false,OpenLoop_NoFIFO
18.760070,-1,20,10000.033000,70.320000,290.329392,336.191459,460.000000,819,169.670608,OpenLoop,NoFIFO,false,OpenLoop_NoFIFO
18.770069,-1,20,9998.923000,69.243000,390.987025,344.410794,460.000000,819,69.012975,OpenLoop,NoFIFO,false,OpenLoop_NoFIFO
18.780072,-1,20,10002.811000,72.054000,333.356127,342.752594,460.000000,819,126.643873,OpenLoop,NoFIFO,false,OpenLoop_NoFIFO
18.790070,-1,20,9998.385000,70.439000,289.902474,334.825076,460.000000,819,170.097526,OpenLoop,NoFIFO,false,OpenLoop_NoFIFO
18.800070,-1,20,9999.978000,70.417000,382.848392,342.028573,460.000000,819,77.151608,OpenLoop,NoFIFO,false,OpenLoop_NoFIFO
18.810070,-1,20,10000.015000,70.432000,342.987805,342.172458,460.000000,819,117.012195,OpenLoop,NoFIFO,false,OpenLoop_NoFIFO
18.820070,-1,20,9999.830000,70.262000,294.040774,334.952705,460.000000,819,165.959226,OpenLoop,NoFIFO,false,OpenLoop_NoFIFO
18.830070,-1,20,9999.682000,69.944000,373.944158,340.801423,460.000000,819,86.055842,OpenLoop,NoFIFO,false,OpenLoop_NoFIFO
18.840070,-1,20,9999.996000,69.940000,353.582974,342.718656,460.000000,819,106.417026,OpenLoop,NoFIFO,false,OpenLoop_NoFIFO
18.850070,-1,20,10000.330000,70.270000,300.480769,336.382973,460.000000,819,159.519231,OpenLoop,NoFIFO,false,OpenLoop_NoFIFO
18.860090,-1,20,10020.052000,90.322000,370.123084,341.443990,460.000000,819,89.876916,OpenLoop,NoFIFO,false,OpenLoop_NoFIFO
18.870078,-1,20,9987.385000,77.707000,365.070093,344.987905,460.000000,819,94.929907,OpenLoop,NoFIFO,false,OpenLoop_NoFIFO
18.880074,-1,20,9995.793000,73.500000,310.283688,339.782273,460.000000,819,149.716312,OpenLoop,NoFIFO,false,OpenLoop_NoFIFO
18.890072,-1,20,9998.311000,71.811000,350.935829,341.455306,460.000000,819,109.064171,OpenLoop,NoFIFO,false,OpenLoop_NoFIFO
18.900072,-1,20,10000.182000,71.993000,378.024194,346.940639,460.000000,819,81.975806,OpenLoop,NoFIFO,false,OpenLoop_NoFIFO
18.910071,-1,20,9999.052000,71.045000,307.041485,340.955766,460.000000,819,152.958515,OpenLoop,NoFIFO,false,OpenLoop_NoFIFO
18.920070,-1,20,9998.756000,69.801000,331.819254,339.585289,460.000000,819,128.180746,OpenLoop,NoFIFO,false,OpenLoop_NoFIFO
18.930070,-1,20,10000.533000,70.334000,377.263581,345.237033,460.000000,819,82.736419,OpenLoop,NoFIFO,false,OpenLoop_NoFIFO
18.940073,-1,20,10002.441000,72.775000,309.956765,339.944993,460.000000,819,150.043235,OpenLoop,NoFIFO,false,OpenLoop_NoFIFO
18.950072,-1,20,9999.719000,72.494000,307.765152,335.118017,460.000000,819,152.234848,OpenLoop,NoFIFO,false,OpenLoop_NoFIFO
18.960071,-1,20,9998.700000,71.194000,384.777885,342.566997,460.000000,819,75.222115,OpenLoop,NoFIFO,false,OpenLoop_NoFIFO
18.970071,-1,20,9999.423000,70.617000,316.887676,338.715099,460.000000,819,143.112324,OpenLoop,NoFIFO,false,OpenLoop_NoFIFO
18.980071,-1,20,10000.144000,70.761000,299.153166,332.780809,460.000000,819,160.846834,OpenLoop,NoFIFO,false,OpenLoop_NoFIFO
18.990070,-1,20,9999.534000,70.295000,396.652563,342.361572,460.000000,819,63.347437,OpenLoop,NoFIFO,false,OpenLoop_NoFIFO
19.000070,-1,20,9999.959000,70.254000,327.633550,340.152369,460.000000,819,132.366450,OpenLoop,NoFIFO,false,OpenLoop_NoFIFO
19.010071,-1,20,10000.293000,70.547000,296.208531,333.560793,460.000000,819,163.791469,OpenLoop,NoFIFO,false,OpenLoop_NoFIFO
19.020070,-1,20,9999.700000,70.247000,388.109476,341.743095,460.000000,819,71.890524,OpenLoop,NoFIFO,false,OpenLoop_NoFIFO
19.030070,-1,20,9999.960000,70.207000,341.195409,341.660942,460.000000,819,118.804591,OpenLoop,NoFIFO,false,OpenLoop_NoFIFO
19.040070,-1,20,10000.200000,70.407000,296.945701,334.953656,460.000000,819,163.054299,OpenLoop,NoFIFO,false,OpenLoop_NoFIFO
19.050069,-1,20,9999.033000,69.440000,398.596939,344.500149,460.000000,819,61.403061,OpenLoop,NoFIFO,false,OpenLoop_NoFIFO
19.060070,-1,20,10000.126000,69.566000,347.705146,344.980898,460.000000,819,112.294854,OpenLoop,NoFIFO,false,OpenLoop_NoFIFO
19.070069,-1,20,9999.849000,69.415000,296.520822,337.711887,460.000000,819,163.479178,OpenLoop,NoFIFO,false,OpenLoop_NoFIFO
19.080073,-1,20,10003.404000,72.819000,376.951277,343.597795,460.000000,819,83.048723,OpenLoop,NoFIFO,false,OpenLoop_NoFIFO
19.090071,-1,20,9998.052000,70.871000,349.813433,344.530141,460.000000,819,110.186567,OpenLoop,NoFIFO,false,OpenLoop_NoFIFO
19.100072,-1,20,10000.885000,71.756000,300.641368,337.946825,460.000000,819,159.358632,OpenLoop,NoFIFO,false,OpenLoop_NoFIFO
19.110072,-1,20,10000.571000,72.327000,359.276375,341.146258,460.000000,819,100.723625,OpenLoop,NoFIFO,false,OpenLoop_NoFIFO
19.120071,-1,20,9998.292000,70.619000,364.785992,344.692218,460.000000,819,95.214008,OpenLoop,NoFIFO,false,OpenLoop_NoFIFO
19.130072,-1,20,10001.293000,71.912000,300.068587,337.998673,460.000000,819,159.931413,OpenLoop,NoFIFO,false,OpenLoop_NoFIFO
19.140073,-1,20,10000.682000,72.594000,347.958643,339.492669,460.000000,819,112.041357,OpenLoop,NoFIFO,false,OpenLoop_NoFIFO
19.150071,-1,20,9998.515000,71.109000,372.023810,344.372340,460.000000,819,87.976190,OpenLoop,NoFIFO,false,OpenLoop_NoFIFO
19.160072,-1,20,10000.478000,71.587000,308.232170,338.951314,460.000000,819,151.767830,OpenLoop,NoFIFO,false,OpenLoop_NoFIFO
19.170072,-1,20,10000.311000,71.898000,332.761477,338.022839,460.000000,819,127.238523,OpenLoop,NoFIFO,false,OpenLoop_NoFIFO
19.180071,-1,20,9998.811000,70.709000,380.891116,344.453080,460.000000,819,79.108884,OpenLoop,NoFIFO,false,OpenLoop_NoFIFO
19.190071,-1,20,10000.127000,70.836000,317.489115,340.408485,460.000000,819,142.510885,OpenLoop,NoFIFO,false,OpenLoop_NoFIFO
19.200071,-1,20,10000.089000,70.925000,312.981510,336.294439,460.000000,819,147.018490,OpenLoop,NoFIFO,false,OpenLoop_NoFIFO
19.210078,-1,20,10007.015000,77.940000,396.061133,345.259443,460.000000,819,63.938867,OpenLoop,NoFIFO,false,OpenLoop_NoFIFO
19.220077,-1,20,9999.237000,77.177000,323.914116,342.057644,460.000000,819,136.085884,OpenLoop,NoFIFO,false,OpenLoop_NoFIFO
19.230073,-1,20,9995.756000,72.933000,306.526660,336.727997,460.000000,819,153.473340,OpenLoop,NoFIFO,false,OpenLoop_NoFIFO
19.240073,-1,20,10000.181000,73.114000,397.047833,345.775972,460.000000,819,62.952167,OpenLoop,NoFIFO,false,OpenLoop_NoFIFO
19.250086,-1,20,10012.941000,86.055000,333.550759,343.942190,460.000000,819,126.449241,OpenLoop,NoFIFO,false,OpenLoop_NoFIFO
19.260077,-1,20,9991.034000,77.089000,297.461660,336.970111,460.000000,819,162.538340,OpenLoop,NoFIFO,false,OpenLoop_NoFIFO
19.270072,-1,20,9995.311000,72.400000,400.842555,346.550977,460.000000,819,59.157445,OpenLoop,NoFIFO,false,OpenLoop_NoFIFO
19.280076,-1,20,10004.071000,76.471000,338.797109,345.387897,460.000000,819,121.202891,OpenLoop,NoFIFO,false,OpenLoop_NoFIFO
19.290071,-1,20,9994.552000,71.023000,290.178571,337.106498,460.000000,819,169.821429,OpenLoop,NoFIFO,false,OpenLoop_NoFIFO
19.300077,-1,20,10006.292000,77.315000,392.464678,345.410225,460.000000,819,67.535322,OpenLoop,NoFIFO,false,OpenLoop_NoFIFO
19.310070,-1,20,9992.923000,70.238000,342.820575,345.021778,460.000000,819,117.179425,OpenLoop,NoFIFO,false,OpenLoop_NoFIFO
19.320071,-1,20,10001.200000,71.438000,294.502618,337.443904,460.000000,819,165.497382,OpenLoop,NoFIFO,false,OpenLoop_NoFIFO
19.330070,-1,20,9999.015000,70.453000,370.467225,342.397402,460.000000,819,89.532775,OpenLoop,NoFIFO,false,OpenLoop_NoFIFO
19.340073,-1,20,10002.348000,72.801000,356.077048,344.449349,460.000000,819,103.922952,OpenLoop,NoFIFO,false,OpenLoop_NoFIFO
19.350072,-1,20,9998.886000,71.687000,296.821724,337.305205,460.000000,819,163.178276,OpenLoop,NoFIFO,false,OpenLoop_NoFIFO
19.360070,-1,20,9998.793000,70.480000,358.554309,340.492571,460.000000,819,101.445691,OpenLoop,NoFIFO,false,OpenLoop_NoFIFO
19.370071,-1,20,10000.385000,70.865000,363.196126,343.898104,460.000000,819,96.803874,OpenLoop,NoFIFO,false,OpenLoop_NoFIFO
19.380071,-1,20,10000.478000,71.343000,306.372549,338.269271,460.000000,819,153.627451,OpenLoop,NoFIFO,false,OpenLoop_NoFIFO
19.390071,-1,20,9999.163000,70.506000,350.467290,340.098974,460.000000,819,109.532710,OpenLoop,NoFIFO,false,OpenLoop_NoFIFO
19.400071,-1,20,10000.293000,70.799000,376.606856,345.575156,460.000000,819,83.393144,OpenLoop,NoFIFO,false,OpenLoop_NoFIFO
19.410074,-1,20,10002.811000,73.610000,313.845050,340.815640,460.000000,819,146.154950,OpenLoop,NoFIFO,false,OpenLoop_NoFIFO
19.420073,-1,20,9999.034000,72.644000,338.855422,340.521607,460.000000,819,121.144578,OpenLoop,NoFIFO,false,OpenLoop_NoFIFO
19.430073,-1,20,9999.978000,72.622000,386.001029,347.343521,460.000000,819,73.998971,OpenLoop,NoFIFO,false,OpenLoop_NoFIFO
19.440072,-1,20,9999.311000,71.933000,312.054208,342.050124,460.000000,819,147.945792,OpenLoop,NoFIFO,false,OpenLoop_NoFIFO
19.450071,-1,20,9999.515000,71.448000,315.126050,338.011513,460.000000,819,144.873950,OpenLoop,NoFIFO,false,OpenLoop_NoFIFO
19.460072,-1,20,10000.571000,72.019000,383.666346,344.859738,460.000000,819,76.333654,OpenLoop,NoFIFO,false,OpenLoop_NoFIFO
19.470072,-1,20,9999.589000,71.608000,318.877551,340.962410,460.000000,819,141.122449,OpenLoop,NoFIFO,false,OpenLoop_NoFIFO
19.480071,-1,20,9999.755000,71.363000,302.977839,335.264724,460.000000,819,157.022161,OpenLoop,NoFIFO,false,OpenLoop_NoFIFO
19.490071,-1,20,9999.960000,71.323000,393.466704,343.995021,460.000000,819,66.533296,OpenLoop,NoFIFO,false,OpenLoop_NoFIFO
19.500071,-1,20,9999.941000,71.264000,328.870440,341.726334,460.000000,819,131.129560,OpenLoop,NoFIFO,false,OpenLoop_NoFIFO
19.510072,-1,20,10000.533000,71.797000,291.149068,334.139744,460.000000,819,168.850932,OpenLoop,NoFIFO,false,OpenLoop_NoFIFO
19.520071,-1,20,9998.960000,70.757000,391.969995,342.814282,460.000000,819,68.030005,OpenLoop,NoFIFO,false,OpenLoop_NoFIFO
19.530072,-1,20,10000.941000,71.698000,332.110324,341.208688,460.000000,819,127.889676,OpenLoop,NoFIFO,false,OpenLoop_NoFIFO
19.540072,-1,20,10000.033000,71.731000,292.827967,333.951580,460.000000,819,167.172033,OpenLoop,NoFIFO,false,OpenLoop_NoFIFO
19.550072,-1,20,10000.700000,72.431000,386.757426,341.872457,460.000000,819,73.242574,OpenLoop,NoFIFO,false,OpenLoop_NoFIFO
19.560072,-1,20,9999.812000,72.243000,347.061546,342.650820,460.000000,819,112.938454,OpenLoop,NoFIFO,false,OpenLoop_NoFIFO
19.570072,-1,20,9999.404000,71.647000,294.502618,335.428590,460.000000,819,165.497382,OpenLoop,NoFIFO,false,OpenLoop_NoFIFO
19.580072,-1,20,9999.922000,71.569000,380.915392,342.251610,460.000000,819,79.084608,OpenLoop,NoFIFO,false,OpenLoop_NoFIFO
19.590072,-1,20,10000.071000,71.640000,358.215066,344.646128,460.000000,819,101.784934,OpenLoop,NoFIFO,false,OpenLoop_NoFIFO
19.600071,-1,20,9998.903000,70.543000,304.383117,338.606677,460.000000,819,155.616883,OpenLoop,NoFIFO,false,OpenLoop_NoFIFO
19.610081,-1,20,10010.701000,81.244000,365.259740,342.604636,460.000000,819,94.740260,OpenLoop,NoFIFO,false,OpenLoop_NoFIFO
19.620077,-1,20,9995.422000,76.666000,368.550369,346.496496,460.000000,819,91.449631,OpenLoop,NoFIFO,false,OpenLoop_NoFIFO
19.630074,-1,20,9996.941000,73.607000,306.873977,340.553118,460.000000,819,153.126023,OpenLoop,NoFIFO,false,OpenLoop_NoFIFO
19.640072,-1,20,9998.145000,71.752000,340.909091,340.606514,460.000000,819,119.090909,OpenLoop,NoFIFO,false,OpenLoop_NoFIFO
19.650072,-1,20,10000.515000,72.267000,373.134328,345.485686,460.000000,819,86.865672,OpenLoop,NoFIFO,false,OpenLoop_NoFIFO
19.660076,-1,20,10003.496000,75.763000,301.124197,338.831463,460.000000,819,158.875803,OpenLoop,NoFIFO,false,OpenLoop_NoFIFO
19.670070,-1,20,9994.293000,70.056000,327.034884,337.061976,460.000000,819,132.965116,OpenLoop,NoFIFO,false,OpenLoop_NoFIFO
19.680069,-1,20,9999.367000,69.423000,377.263581,343.092217,460.000000,819,82.736419,OpenLoop,NoFIFO,false,OpenLoop_NoFIFO
19.690071,-1,20,10001.219000,70.642000,312.179816,338.455357,460.000000,819,147.820184,OpenLoop,NoFIFO,false,OpenLoop_NoFIFO
19.700070,-1,20,9998.866000,69.508000,309.799187,334.156931,460.000000,819,150.200813,OpenLoop,NoFIFO,false,OpenLoop_NoFIFO
19.710070,-1,20,10000.552000,70.060000,388.824885,342.357124,460.000000,819,71.175115,OpenLoop,NoFIFO,false,OpenLoop_NoFIFO
19.720070,-1,20,9999.941000,70.001000,320.878494,339.135330,460.000000,819,139.121506,OpenLoop,NoFIFO,false,OpenLoop_NoFIFO
19.730070,-1,20,9999.645000,69.646000,303.960167,333.859055,460.000000,819,156.039833,OpenLoop,NoFIFO,false,OpenLoop_NoFIFO
19.740072,-1,20,10002.682000,72.328000,399.361022,343.684350,460.000000,819,60.638978,OpenLoop,NoFIFO,false,OpenLoop_NoFIFO
19.750070,-1,20,9998.070000,70.398000,329.795966,341.601093,460.000000,819,130.204034,OpenLoop,NoFIFO,false,OpenLoop_NoFIFO
19.760071,-1,20,10000.534000,70.932000,299.043062,335.217388,460.000000,819,160.956938,OpenLoop,NoFIFO,false,OpenLoop_NoFIFO
19.770070,-1,20,9998.589000,69.521000,392.624477,343.828451,460.000000,819,67.375523,OpenLoop,NoFIFO,false,OpenLoop_NoFIFO
19.780071,-1,20,10001.367000,70.888000,343.047569,343.711319,460.000000,819,116.952431,OpenLoop,NoFIFO,false,OpenLoop_NoFIFO
19.790070,-1,20,9999.255000,70.143000,294.526341,336.333572,460.000000,819,165.473659,OpenLoop,NoFIFO,false,OpenLoop_NoFIFO
19.800071,-1,20,10000.756000,70.899000,400.000000,345.883537,460.000000,819,60.000000,OpenLoop,NoFIFO,false,OpenLoop_NoFIFO
19.810070,-1,20,9998.904000,69.803000,344.838156,345.726729,460.000000,819,115.161844,OpenLoop,NoFIFO,false,OpenLoop_NoFIFO
19.820089,-1,20,10019.293000,89.096000,294.194561,337.996904,460.000000,819,165.805439,OpenLoop,NoFIFO,false,OpenLoop_NoFIFO
19.830077,-1,20,9987.959000,77.055000,370.123084,342.815831,460.000000,819,89.876916,OpenLoop,NoFIFO,false,OpenLoop_NoFIFO
19.840073,-1,20,9995.571000,72.626000,351.035946,344.048848,460.000000,819,108.964054,OpenLoop,NoFIFO,false,OpenLoop_NoFIFO
19.850069,-1,20,9996.533000,69.159000,297.461660,337.060770,460.000000,819,162.538340,OpenLoop,NoFIFO,false,OpenLoop_NoFIFO
19.860072,-1,20,10002.793000,71.952000,357.343049,340.103112,460.000000,819,102.656951,OpenLoop,NoFIFO,false,OpenLoop_NoFIFO
19.870074,-1,20,10001.830000,73.782000,362.569061,343.473004,460.000000,819,97.430939,OpenLoop,NoFIFO,false,OpenLoop_NoFIFO
19.880074,-1,20,10000.237000,74.019000,299.202128,336.832373,460.000000,819,160.797872,OpenLoop,NoFIFO,false,OpenLoop_NoFIFO
19.890071,-1,20,9997.404000,71.423000,342.778793,337.724336,460.000000,819,117.221207,OpenLoop,NoFIFO,false,OpenLoop_NoFIFO
19.900072,-1,20,10000.793000,72.216000,367.286974,342.158732,460.000000,819,92.713026,OpenLoop,NoFIFO,false,OpenLoop_NoFIFO
19.910080,-1,20,10008.033000,80.249000,308.076340,337.046373,460.000000,819,151.923660,OpenLoop,NoFIFO,false,OpenLoop_NoFIFO
19.920082,-1,20,10001.349000,81.598000,339.509899,337.415902,460.000000,819,120.490101,OpenLoop,NoFIFO,false,OpenLoop_NoFIFO
19.930076,-1,20,9994.756000,76.354000,385.485197,344.626296,460.000000,819,74.514803,OpenLoop,NoFIFO,false,OpenLoop_NoFIFO
19.940092,-1,20,10015.718000,92.072000,319.167045,340.807408,460.000000,819,140.832955,OpenLoop,NoFIFO,false,OpenLoop_NoFIFO
19.950085,-1,20,9993.256000,85.328000,320.386435,337.744262,460.000000,819,139.613565,OpenLoop,NoFIFO,false,OpenLoop_NoFIFO
19.960077,-1,20,9992.108000,77.436000,394.114556,346.199806,460.000000,819,65.885444,OpenLoop,NoFIFO,false,OpenLoop_NoFIFO
19.970073,-1,20,9995.626000,73.062000,323.435190,342.785114,460.000000,819,136.564810,OpenLoop,NoFIFO,false,OpenLoop_NoFIFO
19.980073,-1,20,10000.089000,73.151000,309.551887,337.800130,460.000000,819,150.448113,OpenLoop,NoFIFO,false,OpenLoop_NoFIFO
19.990073,-1,20,9999.885000,73.036000,387.196696,345.209615,460.000000,819,72.803304,OpenLoop,NoFIFO,false,OpenLoop_NoFIFO
20.000074,-1,20,10001.274000,74.310000,332.446809,343.295194,460.000000,819,127.553191,OpenLoop,NoFIFO,false,OpenLoop_NoFIFO
20.010073,-1,20,9998.793000,73.103000,291.427547,335.515047,460.000000,819,168.572453,OpenLoop,NoFIFO,false,OpenLoop_NoFIFO
20.020073,-1,20,10000.219000,73.322000,390.625000,343.781540,460.000000,819,69.375000,OpenLoop,NoFIFO,false,OpenLoop_NoFIFO
20.030072,-1,20,9998.682000,72.004000,333.356127,342.217728,460.000000,819,126.643873,OpenLoop,NoFIFO,false,OpenLoop_NoFIFO
20.040094,-1,20,10021.570000,93.574000,290.040457,334.391137,460.000000,819,169.959543,OpenLoop,NoFIFO,false,OpenLoop_NoFIFO
20.050077,-1,20,9983.108000,76.682000,389.408100,342.643682,460.000000,819,70.591900,OpenLoop,NoFIFO,false,OpenLoop_NoFIFO
20.060077,-1,20,10000.052000,76.734000,342.653509,342.645156,460.000000,819,117.346491,OpenLoop,NoFIFO,false,OpenLoop_NoFIFO
20.070072,-1,20,9995.626000,72.360000,297.461660,335.867631,460.000000,819,162.538340,OpenLoop,NoFIFO,false,OpenLoop_NoFIFO
20.080072,-1,20,9999.682000,72.042000,375.000000,341.737487,460.000000,819,85.000000,OpenLoop,NoFIFO,false,OpenLoop_NoFIFO
20.090074,-1,20,10001.792000,73.834000,360.392107,344.535680,460.000000,819,99.607893,OpenLoop,NoFIFO,false,OpenLoop_NoFIFO
20.100072,-1,20,9997.830000,71.664000,299.889272,337.838718,460.000000,819,160.110728,OpenLoop,NoFIFO,false,OpenLoop_NoFIFO
20.110095,-1,20,10022.867000,94.531000,369.871120,342.643579,460.000000,819,90.128880,OpenLoop,NoFIFO,false,OpenLoop_NoFIFO
20.120072,-1,20,9977.311000,71.842000,366.042719,346.153450,460.000000,819,93.957281,OpenLoop,NoFIFO,false,OpenLoop_NoFIFO
20.130072,-1,20,9999.756000,71.598000,306.706652,340.236430,460.000000,819,153.293348,OpenLoop,NoFIFO,false,OpenLoop_NoFIFO
20.140071,-1,20,9999.682000,71.280000,350.303596,341.746505,460.000000,819,109.696404,OpenLoop,NoFIFO,false,OpenLoop_NoFIFO
20.150072,-1,20,10000.885000,72.165000,379.043127,347.340998,460.000000,819,80.956873,OpenLoop,NoFIFO,false,OpenLoop_NoFIFO
20.160071,-1,20,9998.978000,71.143000,308.678269,341.541589,460.000000,819,151.321731,OpenLoop,NoFIFO,false,OpenLoop_NoFIFO
20.170071,-1,20,10000.071000,71.214000,325.000000,339.060351,460.000000,819,135.000000,OpenLoop,NoFIFO,false,OpenLoop_NoFIFO
20.180073,-1,20,10001.737000,72.951000,383.481713,345.723555,460.000000,819,76.518287,OpenLoop,NoFIFO,false,OpenLoop_NoFIFO
20.190071,-1,20,9998.330000,71.281000,309.576225,340.301455,460.000000,819,150.423775,OpenLoop,NoFIFO,false,OpenLoop_NoFIFO
20.200071,-1,20,9999.774000,71.055000,315.302691,336.551641,460.000000,819,144.697309,OpenLoop,NoFIFO,false,OpenLoop_NoFIFO
20.210094,-1,20,10022.533000,93.588000,383.112981,343.535842,460.000000,819,76.887019,OpenLoop,NoFIFO,false,OpenLoop_NoFIFO
20.220072,-1,20,9978.034000,71.622000,319.420784,339.918583,460.000000,819,140.579216,OpenLoop,NoFIFO,false,OpenLoop_NoFIFO
20.230071,-1,20,9999.849000,71.471000,303.398058,334.440504,460.000000,819,156.601942,OpenLoop,NoFIFO,false,OpenLoop_NoFIFO
20.240072,-1,20,10000.107000,71.578000,399.361022,344.178582,460.000000,819,60.638978,OpenLoop,NoFIFO,false,OpenLoop_NoFIFO
20.250080,-1,20,10008.515000,80.093000,328.103126,341.767264,460.000000,819,131.896874,OpenLoop,NoFIFO,false,OpenLoop_NoFIFO
20.260075,-1,20,9995.237000,75.330000,296.208531,334.933454,460.000000,819,163.791469,OpenLoop,NoFIFO,false,OpenLoop_NoFIFO
20.270070,-1,20,9994.423000,69.753000,399.313772,344.590501,460.000000,819,60.686228,OpenLoop,NoFIFO,false,OpenLoop_NoFIFO
20.280071,-1,20,10001.348000,71.101000,342.537943,344.282618,460.000000,819,117.462057,OpenLoop,NoFIFO,false,OpenLoop_NoFIFO
20.290072,-1,20,10000.478000,71.579000,299.931444,337.629942,460.000000,819,160.068556,OpenLoop,NoFIFO,false,OpenLoop_NoFIFO
20.300071,-1,20,9999.386000,70.965000,398.724083,346.794063,460.000000,819,61.275917,OpenLoop,NoFIFO,false,OpenLoop_NoFIFO
20.310069,-1,20,9998.385000,69.350000,350.467290,347.345047,460.000000,819,109.532710,OpenLoop,NoFIFO,false,OpenLoop_NoFIFO
20.320070,-1,20,10000.496000,69.846000,294.642857,339.439718,460.000000,819,165.357143,OpenLoop,NoFIFO,false,OpenLoop_NoFIFO
20.330070,-1,20,9999.682000,69.528000,371.330382,344.223318,460.000000,819,88.669618,OpenLoop,NoFIFO,false,OpenLoop_NoFIFO
20.340070,-1,20,10000.645000,70.173000,353.012372,345.541676,460.000000,819,106.987628,OpenLoop,NoFIFO,false,OpenLoop_NoFIFO
20.350078,-1,20,10007.774000,77.947000,298.159927,338.434414,460.000000,819,161.840073,OpenLoop,NoFIFO,false,OpenLoop_NoFIFO
20.360072,-1,20,9994.497000,72.444000,363.901019,342.254405,460.000000,819,96.098981,OpenLoop,NoFIFO,false,OpenLoop_NoFIFO
20.370072,-1,20,9999.237000,71.681000,364.880643,345.648340,460.000000,819,95.119357,OpenLoop,NoFIFO,false,OpenLoop_NoFIFO
20.380079,-1,20,10007.330000,79.011000,302.744887,339.212822,460.000000,819,157.255113,OpenLoop,NoFIFO,false,OpenLoop_NoFIFO
20.390077,-1,20,9997.533000,76.544000,344.986201,340.078829,460.000000,819,115.013799,OpenLoop,NoFIFO,false,OpenLoop_NoFIFO
20.400072,-1,20,9995.404000,71.948000,370.187562,344.595139,460.000000,819,89.812438,OpenLoop,NoFIFO,false,OpenLoop_NoFIFO
20.410072,-1,20,10000.108000,72.056000,304.383117,338.563336,460.000000,819,155.616883,OpenLoop,NoFIFO,false,OpenLoop_NoFIFO
20.420071,-1,20,9998.570000,70.626000,331.350141,337.481357,460.000000,819,128.649859,OpenLoop,NoFIFO,false,OpenLoop_NoFIFO
20.430071,-1,20,10000.663000,71.289000,374.064838,342.968879,460.000000,819,85.935162,OpenLoop,NoFIFO,false,OpenLoop_NoFIFO
20.440072,-1,20,10000.275000,71.564000,312.947067,338.465607,460.000000,819,147.052933,OpenLoop,NoFIFO,false,OpenLoop_NoFIFO
20.450072,-1,20,10000.737000,72.301000,311.980033,334.492771,460.000000,819,148.019967,OpenLoop,NoFIFO,false,OpenLoop_NoFIFO
20.460072,-1,20,9999.608000,71.909000,389.902957,342.804299,460.000000,819,70.097043,OpenLoop,NoFIFO,false,OpenLoop_NoFIFO
20.470083,-1,20,10011.570000,83.479000,320.218077,339.416366,460.000000,819,139.781923,OpenLoop,NoFIFO,false,OpenLoop_NoFIFO
20.480076,-1,20,9992.182000,75.661000,302.744887,333.915644,460.000000,819,157.255113,OpenLoop,NoFIFO,false,OpenLoop_NoFIFO
20.490072,-1,20,9996.256000,71.917000,394.460028,342.997301,460.000000,819,65.539972,OpenLoop,NoFIFO,false,OpenLoop_NoFIFO
20.500073,-1,20,10001.385000,73.302000,330.438066,341.113416,460.000000,819,129.561934,OpenLoop,NoFIFO,false,OpenLoop_NoFIFO
20.510073,-1,20,9999.367000,72.669000,297.401171,334.556579,460.000000,819,162.598829,OpenLoop,NoFIFO,false,OpenLoop_NoFIFO
20.520072,-1,20,9999.626000,72.295000,391.008342,343.024344,460.000000,819,68.991658,OpenLoop,NoFIFO,false,OpenLoop_NoFIFO
20.530082,-1,20,10009.237000,81.532000,337.924820,342.259415,460.000000,819,122.075180,OpenLoop,NoFIFO,false,OpenLoop_NoFIFO
20.540078,-1,20,9996.219000,77.751000,289.077324,334.282102,460.000000,819,170.922676,OpenLoop,NoFIFO,false,OpenLoop_NoFIFO
20.550074,-1,20,9996.700000,74.451000,393.494229,343.163921,460.000000,819,66.505771,OpenLoop,NoFIFO,false,OpenLoop_NoFIFO
20.560075,-1,20,10000.756000,75.207000,339.018804,342.542153,460.000000,819,120.981196,OpenLoop,NoFIFO,false,OpenLoop_NoFIFO
20.570073,-1,20,9997.700000,72.907000,294.348509,335.313107,460.000000,819,165.651491,OpenLoop,NoFIFO,false,OpenLoop_NoFIFO
20.580071,-1,20,9997.941000,70.848000,375.000000,341.266141,460.000000,819,85.000000,OpenLoop,NoFIFO,false,OpenLoop_NoFIFO
20.590072,-1,20,10001.330000,72.178000,356.193009,343.505171,460.000000,819,103.806991,OpenLoop,NoFIFO,false,OpenLoop_NoFIFO
20.600082,-1,20,10010.181000,82.359000,300.320342,337.027446,460.000000,819,159.679658,OpenLoop,NoFIFO,false,OpenLoop_NoFIFO
20.610089,-1,20,10006.738000,89.097000,359.023456,340.326848,460.000000,819,100.976544,OpenLoop,NoFIFO,false,OpenLoop_NoFIFO
20.620077,-1,20,9987.533000,76.630000,369.482396,344.700180,460.000000,819,90.517604,OpenLoop,NoFIFO,false,OpenLoop_NoFIFO
20.630074,-1,20,9997.349000,73.979000,305.090656,338.758751,460.000000,819,154.909344,OpenLoop,NoFIFO,false,OpenLoop_NoFIFO
20.640072,-1,20,9998.366000,72.345000,348.143236,340.166424,460.000000,819,111.856764,OpenLoop,NoFIFO,false,OpenLoop_NoFIFO
20.650072,-1,20,9999.219000,71.564000,374.295444,345.285777,460.000000,819,85.704556,OpenLoop,NoFIFO,false,OpenLoop_NoFIFO
20.660072,-1,20,10000.663000,72.227000,312.673708,340.393967,460.000000,819,147.326292,OpenLoop,NoFIFO,false,OpenLoop_NoFIFO
20.670069,-1,20,9996.608000,68.835000,327.187064,338.412931,460.000000,819,132.812936,OpenLoop,NoFIFO,false,OpenLoop_NoFIFO
20.680075,-1,20,10006.385000,75.220000,385.208012,345.432193,460.000000,819,74.791988,OpenLoop,NoFIFO,false,OpenLoop_NoFIFO
20.690073,-1,20,9997.682000,72.902000,313.096374,340.581821,460.000000,819,146.903626,OpenLoop,NoFIFO,false,OpenLoop_NoFIFO
20.700072,-1,20,9998.941000,71.843000,318.258972,337.233393,460.000000,819,141.741028,OpenLoop,NoFIFO,false,OpenLoop_NoFIFO
20.710072,-1,20,10000.163000,72.006000,382.262997,343.987834,460.000000,819,77.737003,OpenLoop,NoFIFO,false,OpenLoop_NoFIFO
20.720072,-1,20,9999.552000,71.558000,317.217595,339.972298,460.000000,819,142.782405,OpenLoop,NoFIFO,false,OpenLoop_NoFIFO
20.730072,-1,20,10000.034000,71.592000,300.925926,334.115342,460.000000,819,159.074074,OpenLoop,NoFIFO,false,OpenLoop_NoFIFO
20.740083,-1,20,10011.033000,82.625000,388.529985,342.277539,460.000000,819,71.470015,OpenLoop,NoFIFO,false,OpenLoop_NoFIFO
20.750077,-1,20,9994.423000,77.048000,331.903595,340.721447,460.000000,819,128.096405,OpenLoop,NoFIFO,false,OpenLoop_NoFIFO
20.760072,-1,20,9995.274000,72.322000,294.811321,333.834928,460.000000,819,165.188679,OpenLoop,NoFIFO,false,OpenLoop_NoFIFO
20.770073,-1,20,10000.534000,72.856000,398.089172,343.473065,460.000000,819,61.910828,OpenLoop,NoFIFO,false,OpenLoop_NoFIFO
20.780073,-1,20,9999.811000,72.667000,335.163432,342.226620,460.000000,819,124.836568,OpenLoop,NoFIFO,false,OpenLoop_NoFIFO
20.790080,-1,20,10007.830000,80.497000,292.511700,334.769382,460.000000,819,167.488300,OpenLoop,NoFIFO,false,OpenLoop_NoFIFO
20.800070,-1,20,9989.904000,70.401000,384.396355,342.213428,460.000000,819,75.603645,OpenLoop,NoFIFO,false,OpenLoop_NoFIFO
20.810071,-1,20,10000.459000,70.860000,353.773585,343.947451,460.000000,819,106.226415,OpenLoop,NoFIFO,false,OpenLoop_NoFIFO
20.820070,-1,20,9998.811000,69.671000,300.480769,337.427449,460.000000,819,159.519231,OpenLoop,NoFIFO,false,OpenLoop_NoFIFO
20.830070,-1,20,10000.682000,70.353000,378.405651,343.574179,460.000000,819,81.594349,OpenLoop,NoFIFO,false,OpenLoop_NoFIFO
20.840070,-1,20,9999.978000,70.331000,361.271676,346.228804,460.000000,819,98.728324,OpenLoop,NoFIFO,false,OpenLoop_NoFIFO
20.850071,-1,20,10000.256000,70.587000,300.160085,339.318496,460.000000,819,159.839915,OpenLoop,NoFIFO,false,OpenLoop_NoFIFO
20.860071,-1,20,10000.737000,71.324000,357.995227,342.120006,460.000000,819,102.004773,OpenLoop,NoFIFO,false,OpenLoop_NoFIFO
20.870074,-1,20,10002.589000,73.913000,360.392107,344.860821,460.000000,819,99.607893,OpenLoop,NoFIFO,false,OpenLoop_NoFIFO
20.880073,-1,20,9999.515000,73.428000,303.020885,338.584831,460.000000,819,156.979115,OpenLoop,NoFIFO,false,OpenLoop_NoFIFO
20.890071,-1,20,9997.793000,71.221000,344.669118,339.497474,460.000000,819,115.330882,OpenLoop,NoFIFO,false,OpenLoop_NoFIFO
20.900071,-1,20,9999.885000,71.106000,371.042216,344.229185,460.000000,819,88.957784,OpenLoop,NoFIFO,false,OpenLoop_NoFIFO
20.910072,-1,20,10000.997000,72.103000,303.927681,338.183959,460.000000,819,156.072319,OpenLoop,NoFIFO,false,OpenLoop_NoFIFO
20.920072,-1,20,9999.719000,71.822000,329.112337,336.823216,460.000000,819,130.887663,OpenLoop,NoFIFO,false,OpenLoop_NoFIFO
20.930071,-1,20,9999.644000,71.466000,376.773050,342.815691,460.000000,819,83.226950,OpenLoop,NoFIFO,false,OpenLoop_NoFIFO
20.940082,-1,20,10010.348000,81.814000,310.088203,337.906568,460.000000,819,149.911797,OpenLoop,NoFIFO,false,OpenLoop_NoFIFO
20.950077,-1,20,9995.219000,77.033000,321.208314,335.401830,460.000000,819,138.791686,OpenLoop,NoFIFO,false,OpenLoop_NoFIFO
20.960072,-1,20,9995.330000,72.363000,384.011469,342.693276,460.000000,819,75.988531,OpenLoop,NoFIFO,false,OpenLoop_NoFIFO
20.970072,-1,20,9999.460000,71.823000,327.961019,340.483437,460.000000,819,132.038981,OpenLoop,NoFIFO,false,OpenLoop_NoFIFO
20.980073,-1,20,10000.700000,72.523000,302.569513,334.796349,460.000000,819,157.430487,OpenLoop,NoFIFO,false,OpenLoop_NoFIFO
20.990071,-1,20,9998.904000,71.427000,401.044288,344.733540,460.000000,819,58.955712,OpenLoop,NoFIFO,false,OpenLoop_NoFIFO
21.000072,-1,20,10000.163000,71.590000,332.446809,342.890530,460.000000,819,127.553191,OpenLoop,NoFIFO,false,OpenLoop_NoFIFO
21.010072,-1,20,10000.015000,71.605000,301.223431,336.640465,460.000000,819,158.776569,OpenLoop,NoFIFO,false,OpenLoop_NoFIFO
21.020080,-1,20,10008.422000,80.027000,400.427122,346.208464,460.000000,819,59.572878,OpenLoop,NoFIFO,false,OpenLoop_NoFIFO
21.030078,-1,20,9997.515000,77.542000,342.309448,345.623611,460.000000,819,117.690552,OpenLoop,NoFIFO,false,OpenLoop_NoFIFO
21.040082,-1,20,10004.052000,81.594000,293.533237,337.810055,460.000000,819,166.466763,OpenLoop,NoFIFO,false,OpenLoop_NoFIFO
21.050076,-1,20,9994.756000,76.350000,389.610390,345.580105,460.000000,819,70.389610,OpenLoop,NoFIFO,false,OpenLoop_NoFIFO
21.060072,-1,20,9995.589000,71.939000,345.176730,345.519599,460.000000,819,114.823270,OpenLoop,NoFIFO,false,OpenLoop_NoFIFO
21.070072,-1,20,10000.256000,72.195000,288.461538,336.960890,460.000000,819,171.538462,OpenLoop,NoFIFO,false,OpenLoop_NoFIFO
21.080072,-1,20,9999.774000,71.969000,376.417100,342.879321,460.000000,819,83.582900,OpenLoop,NoFIFO,false,OpenLoop_NoFIFO
21.090071,-1,20,9999.515000,71.484000,351.311563,344.144158,460.000000,819,108.688437,OpenLoop,NoFIFO,false,OpenLoop_NoFIFO
21.100072,-1,20,10000.645000,72.129000,295.813107,336.894500,460.000000,819,164.186893,OpenLoop,NoFIFO,false,OpenLoop_NoFIFO
21.110072,-1,20,9999.885000,72.014000,362.248841,340.697651,460.000000,819,97.751159,OpenLoop,NoFIFO,false,OpenLoop_NoFIFO
21.120071,-1,20,9998.663000,70.677000,364.785992,344.310902,460.000000,819,95.214008,OpenLoop,NoFIFO,false,OpenLoop_NoFIFO
21.130080,-1,20,10009.552000,80.229000,302.256851,338.002795,460.000000,819,157.743149,OpenLoop,NoFIFO,false,OpenLoop_NoFIFO
21.140079,-1,20,9998.404000,78.633000,348.351138,339.555046,460.000000,819,111.648862,OpenLoop,NoFIFO,false,OpenLoop_NoFIFO
21.150074,-1,20,9995.386000,74.019000,375.801710,344.992046,460.000000,819,84.198290,OpenLoop,NoFIFO,false,OpenLoop_NoFIFO
21.160071,-1,20,9997.237000,71.256000,314.899232,340.478124,460.000000,819,145.100768,OpenLoop,NoFIFO,false,OpenLoop_NoFIFO
21.170072,-1,20,10000.626000,71.882000,336.021505,339.809631,460.000000,819,123.978495,OpenLoop,NoFIFO,false,OpenLoop_NoFIFO
21.180072,-1,20,9999.848000,71.730000,384.036145,346.443608,460.000000,819,75.963855,OpenLoop,NoFIFO,false,OpenLoop_NoFIFO
21.190082,-1,20,10010.108000,81.838000,318.377743,342.233728,460.000000,819,141.622257,OpenLoop,NoFIFO,false,OpenLoop_NoFIFO
21.200076,-1,20,9994.589000,76.427000,315.656566,338.247154,460.000000,819,144.343434,OpenLoop,NoFIFO,false,OpenLoop_NoFIFO
21.210071,-1,20,9994.923000,71.350000,392.875851,346.441458,460.000000,819,67.124149,OpenLoop,NoFIFO,false,OpenLoop_NoFIFO
21.220072,-1,20,10000.181000,71.531000,320.121951,342.493532,460.000000,819,139.878049,OpenLoop,NoFIFO,false,OpenLoop_NoFIFO
21.230072,-1,20,10000.367000,71.898000,297.934322,335.809651,460.000000,819,162.065678,OpenLoop,NoFIFO,false,OpenLoop_NoFIFO
21.240071,-1,20,9999.219000,71.117000,390.051395,343.945912,460.000000,819,69.948605,OpenLoop,NoFIFO,false,OpenLoop_NoFIFO
21.250082,-1,20,10010.570000,81.687000,329.024333,341.707676,460.000000,819,130.975667,OpenLoop,NoFIFO,false,OpenLoop_NoFIFO
21.260080,-1,20,9998.386000,80.073000,292.663892,334.351108,460.000000,819,167.336108,OpenLoop,NoFIFO,false,OpenLoop_NoFIFO
21.270072,-1,20,9992.015000,72.088000,391.644909,342.945178,460.000000,819,68.355091,OpenLoop,NoFIFO,false,OpenLoop_NoFIFO
21.280073,-1,20,10000.533000,72.621000,342.153285,342.826394,460.000000,819,117.846715,OpenLoop,NoFIFO,false,OpenLoop_NoFIFO
21.290072,-1,20,9999.275000,71.896000,291.846264,335.179375,460.000000,819,168.153736,OpenLoop,NoFIFO,false,OpenLoop_NoFIFO
21.300075,-1,20,10003.478000,75.374000,391.236307,343.587914,460.000000,819,68.763693,OpenLoop,NoFIFO,false,OpenLoop_NoFIFO
21.310074,-1,20,9998.589000,73.963000,344.838156,343.775451,460.000000,819,115.161844,OpenLoop,NoFIFO,false,OpenLoop_NoFIFO
21.320073,-1,20,9998.978000,72.941000,300.320342,337.257184,460.000000,819,159.679658,OpenLoop,NoFIFO,false,OpenLoop_NoFIFO
21.330071,-1,20,9998.441000,71.382000,375.166741,342.943618,460.000000,819,84.833259,OpenLoop,NoFIFO,false,OpenLoop_NoFIFO
21.340073,-1,20,10002.052000,73.434000,358.606557,345.293059,460.000000,819,101.393443,OpenLoop,NoFIFO,false,OpenLoop_NoFIFO
21.350071,-1,20,9997.922000,71.356000,300.480769,338.571215,460.000000,819,159.519231,OpenLoop,NoFIFO,false,OpenLoop_NoFIFO
21.360072,-1,20,10001.034000,72.390000,367.107195,342.851612,460.000000,819,92.892805,OpenLoop,NoFIFO,false,OpenLoop_NoFIFO
21.370071,-1,20,9998.626000,71.016000,361.969112,345.719237,460.000000,819,98.030888,OpenLoop,NoFIFO,false,OpenLoop_NoFIFO
21.380072,-1,20,10001.256000,72.272000,302.582033,339.248657,460.000000,819,157.417967,OpenLoop,NoFIFO,false,OpenLoop_NoFIFO
21.390073,-1,20,10000.570000,72.842000,344.838156,340.087082,460.000000,819,115.161844,OpenLoop,NoFIFO,false,OpenLoop_NoFIFO
21.400073,-1,20,10000.034000,72.876000,365.639626,343.919963,460.000000,819,94.360374,OpenLoop,NoFIFO,false,OpenLoop_NoFIFO
21.410072,-1,20,9998.793000,71.669000,307.089378,338.395375,460.000000,819,152.910622,OpenLoop,NoFIFO,false,OpenLoop_NoFIFO
21.420071,-1,20,9999.644000,71.313000,321.569921,335.871557,460.000000,819,138.430079,OpenLoop,NoFIFO,false,OpenLoop_NoFIFO
21.430071,-1,20,9999.423000,70.736000,381.279904,342.682809,460.000000,819,78.720096,OpenLoop,NoFIFO,false,OpenLoop_NoFIFO
21.440071,-1,20,10000.256000,70.992000,310.945274,337.922179,460.000000,819,149.054726,OpenLoop,NoFIFO,false,OpenLoop_NoFIFO
21.450073,-1,20,10001.737000,72.729000,313.245823,334.220726,460.000000,819,146.754177,OpenLoop,NoFIFO,false,OpenLoop_NoFIFO
21.460078,-1,20,10004.941000,77.670000,385.802469,341.957987,460.000000,819,74.197531,OpenLoop,NoFIFO,false,OpenLoop_NoFIFO
21.470074,-1,20,9996.515000,74.185000,320.554971,338.747535,460.000000,819,139.445029,OpenLoop,NoFIFO,false,OpenLoop_NoFIFO
21.480072,-1,20,9997.607000,71.792000,309.990553,334.433987,460.000000,819,150.009447,OpenLoop,NoFIFO,false,OpenLoop_NoFIFO
21.490082,-1,20,10010.367000,82.159000,394.529195,343.448269,460.000000,819,65.470805,OpenLoop,NoFIFO,false,OpenLoop_NoFIFO
21.500076,-1,20,9993.997000,76.156000,333.460366,341.950083,460.000000,819,126.539634,OpenLoop,NoFIFO,false,OpenLoop_NoFIFO
21.510072,-1,20,9995.941000,72.097000,298.884166,335.490196,460.000000,819,161.115834,OpenLoop,NoFIFO,false,OpenLoop_NoFIFO
21.520077,-1,20,10005.311000,77.408000,399.502841,345.092092,460.000000,819,60.497159,OpenLoop,NoFIFO,false,OpenLoop_NoFIFO
21.530076,-1,20,9999.034000,76.442000,342.868339,344.758529,460.000000,819,117.131661,OpenLoop,NoFIFO,false,OpenLoop_NoFIFO
21.540073,-1,20,9996.885000,73.327000,300.205855,338.075628,460.000000,819,159.794145,OpenLoop,NoFIFO,false,OpenLoop_NoFIFO
21.550073,-1,20,9999.385000,72.712000,392.875851,346.295662,460.000000,819,67.124149,OpenLoop,NoFIFO,false,OpenLoop_NoFIFO
21.560072,-1,20,9999.015000,71.727000,349.118669,346.719113,460.000000,819,110.881331,OpenLoop,NoFIFO,false,OpenLoop_NoFIFO
21.570072,-1,20,10000.182000,71.909000,293.733681,338.771298,460.000000,819,166.266319,OpenLoop,NoFIFO,false,OpenLoop_NoFIFO
21.580071,-1,20,9999.274000,71.183000,376.951277,344.498295,460.000000,819,83.048723,OpenLoop,NoFIFO,false,OpenLoop_NoFIFO
21.590071,-1,20,9999.756000,70.939000,353.012372,345.775407,460.000000,819,106.987628,OpenLoop,NoFIFO,false,OpenLoop_NoFIFO
21.600071,-1,20,9999.923000,70.862000,295.813107,338.281062,460.000000,819,164.186893,OpenLoop,NoFIFO,false,OpenLoop_NoFIFO
21.610084,-1,20,10013.570000,84.432000,357.097511,341.103529,460.000000,819,102.902489,OpenLoop,NoFIFO,false,OpenLoop_NoFIFO
21.620078,-1,20,9993.145000,77.577000,357.824427,343.611664,460.000000,819,102.175573,OpenLoop,NoFIFO,false,OpenLoop_NoFIFO
21.630072,-1,20,9994.700000,72.277000,301.608579,337.311201,460.000000,819,158.391421,OpenLoop,NoFIFO,false,OpenLoop_NoFIFO
21.640075,-1,20,10002.978000,75.255000,339.018804,337.567342,460.000000,819,120.981196,OpenLoop,NoFIFO,false,OpenLoop_NoFIFO
21.650072,-1,20,9996.737000,71.992000,376.606856,343.423269,460.000000,819,83.393144,OpenLoop,NoFIFO,false,OpenLoop_NoFIFO
21.660071,-1,20,9998.645000,70.637000,309.844193,338.386407,460.000000,819,150.155807,OpenLoop,NoFIFO,false,OpenLoop_NoFIFO
21.670073,-1,20,10002.015000,72.652000,331.606872,337.369477,460.000000,819,128.393128,OpenLoop,NoFIFO,false,OpenLoop_NoFIFO
21.680080,-1,20,10007.570000,80.222000,384.592181,344.452883,460.000000,819,75.407819,OpenLoop,NoFIFO,false,OpenLoop_NoFIFO
21.690076,-1,20,9995.404000,75.626000,321.061644,340.944197,460.000000,819,138.938356,OpenLoop,NoFIFO,false,OpenLoop_NoFIFO
21.700071,-1,20,9995.849000,71.475000,318.877551,337.634200,460.000000,819,141.122449,OpenLoop,NoFIFO,false,OpenLoop_NoFIFO
21.710079,-1,20,10007.941000,79.416000,396.196513,346.418547,460.000000,819,63.803487,OpenLoop,NoFIFO,false,OpenLoop_NoFIFO
21.720073,-1,20,9993.274000,72.690000,325.671607,343.306506,460.000000,819,134.328393,OpenLoop,NoFIFO,false,OpenLoop_NoFIFO
21.730071,-1,20,9998.385000,71.075000,298.884166,336.643155,460.000000,819,161.115834,OpenLoop,NoFIFO,false,OpenLoop_NoFIFO
21.740090,-1,20,10018.775000,89.850000,393.356643,345.150178,460.000000,819,66.643357,OpenLoop,NoFIFO,false,OpenLoop_NoFIFO
21.750078,-1,20,9988.404000,78.254000,329.036177,342.733078,460.000000,819,130.963823,OpenLoop,NoFIFO,false,OpenLoop_NoFIFO
21.760072,-1,20,9993.570000,71.824000,295.669578,335.673553,460.000000,819,164.330422,OpenLoop,NoFIFO,false,OpenLoop_NoFIFO
21.770072,-1,20,10000.163000,71.987000,392.054365,344.130675,460.000000,819,67.945635,OpenLoop,NoFIFO,false,OpenLoop_NoFIFO
21.780071,-1,20,9999.015000,71.002000,343.994618,344.110266,460.000000,819,116.005382,OpenLoop,NoFIFO,false,OpenLoop_NoFIFO
21.790073,-1,20,10001.608000,72.610000,291.299845,336.188703,460.000000,819,168.700155,OpenLoop,NoFIFO,false,OpenLoop_NoFIFO
21.800071,-1,20,9998.348000,70.958000,383.481713,343.282655,460.000000,819,76.518287,OpenLoop,NoFIFO,false,OpenLoop_NoFIFO
21.810071,-1,20,10000.460000,71.418000,341.685649,343.043104,460.000000,819,118.314351,OpenLoop,NoFIFO,false,OpenLoop_NoFIFO
21.820072,-1,20,10000.367000,71.785000,292.470221,335.457171,460.000000,819,167.529779,OpenLoop,NoFIFO,false,OpenLoop_NoFIFO
21.830077,-1,20,10004.867000,76.652000,371.157429,340.812210,460.000000,819,88.842571,OpenLoop,NoFIFO,false,OpenLoop_NoFIFO
21.840074,-1,20,9996.996000,73.648000,354.538088,342.871092,460.000000,819,105.461912,OpenLoop,NoFIFO,false,OpenLoop_NoFIFO
21.850076,-1,20,10002.015000,75.663000,303.960167,337.034453,460.000000,819,156.039833,OpenLoop,NoFIFO,false,OpenLoop_NoFIFO
21.860075,-1,20,9998.997000,74.660000,367.743201,341.640765,460.000000,819,92.256799,OpenLoop,NoFIFO,false,OpenLoop_NoFIFO
21.870074,-1,20,9999.329000,73.989000,366.210938,345.326291,460.000000,819,93.789062,OpenLoop,NoFIFO,false,OpenLoop_NoFIFO
21.880075,-1,20,10001.053000,75.042000,302.907916,338.963535,460.000000,819,157.092084,OpenLoop,NoFIFO,false,OpenLoop_NoFIFO
21.890078,-1,20,10002.792000,77.834000,356.463878,341.588586,460.000000,819,103.536122,OpenLoop,NoFIFO,false,OpenLoop_NoFIFO
21.900075,-1,20,9997.589000,75.423000,371.238120,346.036016,460.000000,819,88.761880,OpenLoop,NoFIFO,false,OpenLoop_NoFIFO
21.910074,-1,20,9998.645000,74.068000,311.018957,340.783458,460.000000,819,148.981043,OpenLoop,NoFIFO,false,OpenLoop_NoFIFO
21.920076,-1,20,10001.682000,75.750000,330.822476,339.289310,460.000000,819,129.177524,OpenLoop,NoFIFO,false,OpenLoop_NoFIFO
21.930074,-1,20,9998.218000,73.968000,380.551576,345.478650,460.000000,819,79.448424,OpenLoop,NoFIFO,false,OpenLoop_NoFIFO
21.940080,-1,20,10005.849000,79.817000,313.464506,340.676529,460.000000,819,146.535494,OpenLoop,NoFIFO,false,OpenLoop_NoFIFO
21.950076,-1,20,9995.848000,75.665000,315.504808,336.900770,460.000000,819,144.495192,OpenLoop,NoFIFO,false,OpenLoop_NoFIFO
21.960074,-1,20,9998.200000,73.865000,389.004149,344.716277,460.000000,819,70.995851,OpenLoop,NoFIFO,false,OpenLoop_NoFIFO
21.970087,-1,20,10012.775000,86.640000,320.554971,341.092081,460.000000,819,139.445029,OpenLoop,NoFIFO,false,OpenLoop_NoFIFO
21.980077,-1,20,9990.441000,77.081000,299.447174,334.845345,460.000000,819,160.552826,OpenLoop,NoFIFO,false,OpenLoop_NoFIFO
21.990073,-1,20,9995.533000,72.614000,390.263645,343.158090,460.000000,819,69.736355,OpenLoop,NoFIFO,false,OpenLoop_NoFIFO
22.000072,-1,20,9999.108000,71.722000,333.356127,341.687796,460.000000,819,126.643873,OpenLoop,NoFIFO,false,OpenLoop_NoFIFO
22.010071,-1,20,9999.700000,71.422000,298.566879,335.219658,460.000000,819,161.433121,OpenLoop,NoFIFO,false,OpenLoop_NoFIFO
22.020072,-1,20,10000.571000,71.993000,403.442711,345.453116,460.000000,819,56.557289,OpenLoop,NoFIFO,false,OpenLoop_NoFIFO
22.030075,-1,20,10002.755000,74.748000,338.529129,344.414518,460.000000,819,121.470871,OpenLoop,NoFIFO,false,OpenLoop_NoFIFO
22.040075,-1,20,9999.960000,74.708000,295.585917,337.090228,460.000000,819,164.414083,OpenLoop,NoFIFO,false,OpenLoop_NoFIFO
22.050074,-1,20,9999.404000,74.112000,393.173346,345.502696,460.000000,819,66.826654,OpenLoop,NoFIFO,false,OpenLoop_NoFIFO
22.060075,-1,20,10000.793000,74.905000,346.855180,345.705568,460.000000,819,113.144820,OpenLoop,NoFIFO,false,OpenLoop_NoFIFO
22.070074,-1,20,9999.496000,74.401000,296.966374,338.394689,460.000000,819,163.033626,OpenLoop,NoFIFO,false,OpenLoop_NoFIFO
22.080074,-1,20,9999.941000,74.342000,383.631714,345.180243,460.000000,819,76.368286,OpenLoop,NoFIFO,false,OpenLoop_NoFIFO
22.090074,-1,20,9999.811000,74.153000,352.941176,346.344383,460.000000,819,107.058824,OpenLoop,NoFIFO,false,OpenLoop_NoFIFO
22.100074,-1,20,10000.238000,74.391000,295.995982,338.792123,460.000000,819,164.004018,OpenLoop,NoFIFO,false,OpenLoop_NoFIFO
22.110074,-1,20,9999.200000,73.591000,362.545496,342.355129,460.000000,819,97.454504,OpenLoop,NoFIFO,false,OpenLoop_NoFIFO
22.120073,-1,20,9999.626000,73.217000,358.410705,344.763465,460.000000,819,101.589295,OpenLoop,NoFIFO,false,OpenLoop_NoFIFO
22.130073,-1,20,10000.256000,73.473000,302.977839,338.495621,460.000000,819,157.022161,OpenLoop,NoFIFO,false,OpenLoop_NoFIFO
22.140074,-1,20,10000.144000,73.617000,346.306069,339.667188,460.000000,819,113.693931,OpenLoop,NoFIFO,false,OpenLoop_NoFIFO
22.150076,-1,20,10002.293000,75.910000,370.295074,344.261371,460.000000,819,89.704926,OpenLoop,NoFIFO,false,OpenLoop_NoFIFO
22.160074,-1,20,9998.052000,73.962000,306.539510,338.603092,460.000000,819,153.460490,OpenLoop,NoFIFO,false,OpenLoop_NoFIFO
22.170073,-1,20,9999.182000,73.144000,332.289698,337.656083,460.000000,819,127.710302,OpenLoop,NoFIFO,false,OpenLoop_NoFIFO
22.180076,-1,20,10003.293000,76.437000,382.653061,344.405630,460.000000,819,77.346939,OpenLoop,NoFIFO,false,OpenLoop_NoFIFO
22.190075,-1,20,9998.996000,75.433000,312.947067,339.686845,460.000000,819,147.052933,OpenLoop,NoFIFO,false,OpenLoop_NoFIFO
22.200072,-1,20,9996.552000,71.985000,322.591318,337.122516,460.000000,819,137.408682,OpenLoop,NoFIFO,false,OpenLoop_NoFIFO
22.210072,-1,20,9999.534000,71.519000,393.712945,345.611080,460.000000,819,66.287055,OpenLoop,NoFIFO,false,OpenLoop_NoFIFO
22.220073,-1,20,10001.108000,72.627000,330.822476,343.392790,460.000000,819,129.177524,OpenLoop,NoFIFO,false,OpenLoop_NoFIFO
22.230071,-1,20,9998.459000,71.086000,305.944056,337.775480,460.000000,819,154.055944,OpenLoop,NoFIFO,false,OpenLoop_NoFIFO
22.240071,-1,20,10000.330000,71.416000,402.792696,347.528062,460.000000,819,57.207304,OpenLoop,NoFIFO,false,OpenLoop_NoFIFO
22.250086,-1,20,10014.681000,86.097000,331.038136,345.054573,460.000000,819,128.961864,OpenLoop,NoFIFO,false,OpenLoop_NoFIFO
22.260073,-1,20,9986.923000,73.020000,293.733681,337.356439,460.000000,819,166.266319,OpenLoop,NoFIFO,false,OpenLoop_NoFIFO
22.270069,-1,20,9996.459000,69.479000,387.396694,344.862478,460.000000,819,72.603306,OpenLoop,NoFIFO,false,OpenLoop_NoFIFO
22.280070,-1,20,10000.756000,70.235000,333.356127,343.136525,460.000000,819,126.643873,OpenLoop,NoFIFO,false,OpenLoop_NoFIFO
22.290069,-1,20,9999.015000,69.250000,290.040457,335.172115,460.000000,819,169.959543,OpenLoop,NoFIFO,false,OpenLoop_NoFIFO
22.300071,-1,20,10001.571000,70.821000,385.604113,342.736915,460.000000,819,74.395887,OpenLoop,NoFIFO,false,OpenLoop_NoFIFO
22.310069,-1,20,9997.848000,68.669000,344.669118,343.026745,460.000000,819,115.330882,OpenLoop,NoFIFO,false,OpenLoop_NoFIFO
22.320073,-1,20,10004.275000,72.944000,290.697674,335.177384,460.000000,819,169.302326,OpenLoop,NoFIFO,false,OpenLoop_NoFIFO
22.330074,-1,20,10000.607000,73.551000,376.128385,341.320035,460.000000,819,83.871615,OpenLoop,NoFIFO,false,OpenLoop_NoFIFO
22.340073,-1,20,9999.126000,72.677000,349.813433,342.594044,460.000000,819,110.186567,OpenLoop,NoFIFO,false,OpenLoop_NoFIFO
22.350073,-1,20,10000.163000,72.840000,299.680341,336.156989,460.000000,819,160.319659,OpenLoop,NoFIFO,false,OpenLoop_NoFIFO
22.360072,-1,20,9998.904000,71.744000,361.445783,339.950308,460.000000,819,98.554217,OpenLoop,NoFIFO,false,OpenLoop_NoFIFO
22.370072,-1,20,10000.256000,72.000000,361.689815,343.211234,460.000000,819,98.310185,OpenLoop,NoFIFO,false,OpenLoop_NoFIFO
22.380072,-1,20,10000.182000,72.182000,306.064792,337.639268,460.000000,819,153.935208,OpenLoop,NoFIFO,false,OpenLoop_NoFIFO
22.390071,-1,20,9998.756000,70.938000,349.813433,339.465392,460.000000,819,110.186567,OpenLoop,NoFIFO,false,OpenLoop_NoFIFO
22.400071,-1,20,10000.144000,71.082000,373.944158,344.637207,460.000000,819,86.055842,OpenLoop,NoFIFO,false,OpenLoop_NoFIFO
22.410072,-1,20,10001.219000,72.301000,308.050383,339.149184,460.000000,819,151.949617,OpenLoop,NoFIFO,false,OpenLoop_NoFIFO
22.420071,-1,20,9998.756000,71.057000,337.716138,338.934227,460.000000,819,122.283862,OpenLoop,NoFIFO,false,OpenLoop_NoFIFO
22.430072,-1,20,10000.626000,71.683000,384.812724,345.816001,460.000000,819,75.187276,OpenLoop,NoFIFO,false,OpenLoop_NoFIFO
22.440070,-1,20,9998.515000,70.198000,320.591109,342.032268,460.000000,819,139.408891,OpenLoop,NoFIFO,false,OpenLoop_NoFIFO
22.450071,-1,20,10000.904000,71.102000,312.500000,337.602427,460.000000,819,147.500000,OpenLoop,NoFIFO,false,OpenLoop_NoFIFO
22.460071,-1,20,10000.015000,71.117000,391.200295,345.642108,460.000000,819,68.799705,OpenLoop,NoFIFO,false,OpenLoop_NoFIFO
22.470071,-1,20,10000.089000,71.206000,320.386435,341.853757,460.000000,819,139.613565,OpenLoop,NoFIFO,false,OpenLoop_NoFIFO
22.480071,-1,20,9999.460000,70.666000,302.558783,335.959511,460.000000,819,157.441217,OpenLoop,NoFIFO,false,OpenLoop_NoFIFO
22.490071,-1,20,10000.329000,70.995000,394.349411,344.717996,460.000000,819,65.650589,OpenLoop,NoFIFO,false,OpenLoop_NoFIFO
22.500071,-1,20,9999.775000,70.770000,330.415883,342.572679,460.000000,819,129.584117,OpenLoop,NoFIFO,false,OpenLoop_NoFIFO
22.510082,-1,20,10011.644000,82.414000,293.733681,335.246829,460.000000,819,166.266319,OpenLoop,NoFIFO,false,OpenLoop_NoFIFO
22.520076,-1,20,9993.497000,75.911000,391.392436,343.668670,460.000000,819,68.607564,OpenLoop,NoFIFO,false,OpenLoop_NoFIFO
22.530072,-1,20,9996.126000,72.037000,340.826466,343.242340,460.000000,819,119.173534,OpenLoop,NoFIFO,false,OpenLoop_NoFIFO
22.540072,-1,20,9999.626000,71.663000,289.649846,335.203466,460.000000,819,170.350154,OpenLoop,NoFIFO,false,OpenLoop_NoFIFO
22.550079,-1,20,10007.311000,78.974000,389.902957,343.408389,460.000000,819,70.097043,OpenLoop,NoFIFO,false,OpenLoop_NoFIFO
22.560073,-1,20,9994.201000,73.175000,342.730596,343.306720,460.000000,819,117.269404,OpenLoop,NoFIFO,false,OpenLoop_NoFIFO
22.570073,-1,20,9999.700000,72.875000,296.945701,336.352568,460.000000,819,163.054299,OpenLoop,NoFIFO,false,OpenLoop_NoFIFO
22.580084,-1,20,10011.200000,84.075000,387.596899,344.039217,460.000000,819,72.403101,OpenLoop,NoFIFO,false,OpenLoop_NoFIFO
22.590078,-1,20,9994.145000,78.220000,355.293077,345.727296,460.000000,819,104.706923,OpenLoop,NoFIFO,false,OpenLoop_NoFIFO
22.600074,-1,20,9995.459000,73.679000,299.594395,338.807361,460.000000,819,160.405605,OpenLoop,NoFIFO,false,OpenLoop_NoFIFO
22.610073,-1,20,9999.793000,73.472000,370.004933,343.486997,460.000000,819,89.995067,OpenLoop,NoFIFO,false,OpenLoop_NoFIFO
22.620073,-1,20,9999.126000,72.598000,361.503856,346.189526,460.000000,819,98.496144,OpenLoop,NoFIFO,false,OpenLoop_NoFIFO
22.630071,-1,20,9998.608000,71.206000,301.969772,339.556563,460.000000,819,158.030228,OpenLoop,NoFIFO,false,OpenLoop_NoFIFO
22.640071,-1,20,9999.422000,70.628000,352.443609,341.489620,460.000000,819,107.556391,OpenLoop,NoFIFO,false,OpenLoop_NoFIFO
22.650070,-1,20,9999.441000,70.069000,366.748166,345.278402,460.000000,819,93.251834,OpenLoop,NoFIFO,false,OpenLoop_NoFIFO
22.660070,-1,20,9999.534000,69.603000,307.545107,339.618407,460.000000,819,152.454893,OpenLoop,NoFIFO,false,OpenLoop_NoFIFO
22.670072,-1,20,10002.126000,71.729000,326.882845,337.708073,460.000000,819,133.117155,OpenLoop,NoFIFO,false,OpenLoop_NoFIFO
22.680070,-1,20,9998.719000,70.448000,380.273121,344.092830,460.000000,819,79.726879,OpenLoop,NoFIFO,false,OpenLoop_NoFIFO
22.690069,-1,20,9998.626000,69.074000,314.295977,339.623302,460.000000,819,145.704023,OpenLoop,NoFIFO,false,OpenLoop_NoFIFO
22.700069,-1,20,10000.200000,69.274000,310.588685,335.268110,460.000000,819,149.411315,OpenLoop,NoFIFO,false,OpenLoop_NoFIFO
22.710069,-1,20,9999.941000,69.215000,387.962512,343.172270,460.000000,819,72.037488,OpenLoop,NoFIFO,false,OpenLoop_NoFIFO
22.720072,-1,20,10002.404000,71.619000,323.275862,340.187809,460.000000,819,136.724138,OpenLoop,NoFIFO,false,OpenLoop_NoFIFO
22.730069,-1,20,9997.311000,68.930000,308.968927,335.504976,460.000000,819,151.031073,OpenLoop,NoFIFO,false,OpenLoop_NoFIFO
22.740080,-1,20,10011.200000,80.130000,401.284109,345.371846,460.000000,819,58.715891,OpenLoop,NoFIFO,false,OpenLoop_NoFIFO
22.750072,-1,20,9991.441000,71.571000,339.182344,344.443421,460.000000,819,120.817656,OpenLoop,NoFIFO,false,OpenLoop_NoFIFO
22.760071,-1,20,9999.441000,71.012000,294.348509,336.929184,460.000000,819,165.651491,OpenLoop,NoFIFO,false,OpenLoop_NoFIFO
22.770069,-1,20,9998.349000,69.361000,397.432878,346.004738,460.000000,819,62.567122,OpenLoop,NoFIFO,false,OpenLoop_NoFIFO
22.780071,-1,20,10001.348000,70.709000,334.480122,344.276046,460.000000,819,125.519878,OpenLoop,NoFIFO,false,OpenLoop_NoFIFO
22.790070,-1,20,9998.960000,69.669000,296.244531,337.071319,460.000000,819,163.755469,OpenLoop,NoFIFO,false,OpenLoop_NoFIFO
22.800070,-1,20,10000.348000,70.017000,385.405961,344.321515,460.000000,819,74.594039,OpenLoop,NoFIFO,false,OpenLoop_NoFIFO
22.810069,-1,20,9999.034000,69.051000,345.346267,344.475228,460.000000,819,114.653733,OpenLoop,NoFIFO,false,OpenLoop_NoFIFO
22.820070,-1,20,10001.348000,70.399000,292.968750,336.749256,460.000000,819,167.031250,OpenLoop,NoFIFO,false,OpenLoop_NoFIFO
22.830074,-1,20,10003.478000,73.877000,370.736530,341.847347,460.000000,819,89.263470,OpenLoop,NoFIFO,false,OpenLoop_NoFIFO
22.840073,-1,20,9999.126000,73.003000,349.650350,343.017798,460.000000,819,110.349650,OpenLoop,NoFIFO,false,OpenLoop_NoFIFO
22.850071,-1,20,9998.385000,71.388000,294.348509,335.717404,460.000000,819,165.651491,OpenLoop,NoFIFO,false,OpenLoop_NoFIFO
22.860071,-1,20,9999.830000,71.218000,365.853659,340.237842,460.000000,819,94.146341,OpenLoop,NoFIFO,false,OpenLoop_NoFIFO
22.870072,-1,20,10000.423000,71.641000,359.838792,343.177985,460.000000,819,100.161208,OpenLoop,NoFIFO,false,OpenLoop_NoFIFO
22.880071,-1,20,9999.089000,70.730000,309.170472,338.076858,460.000000,819,150.829528,OpenLoop,NoFIFO,false,OpenLoop_NoFIFO
22.890071,-1,20,10000.607000,71.337000,346.708580,339.371616,460.000000,819,113.291420,OpenLoop,NoFIFO,false,OpenLoop_NoFIFO
22.900071,-1,20,9999.960000,71.297000,376.061822,344.875147,460.000000,819,83.938178,OpenLoop,NoFIFO,false,OpenLoop_NoFIFO
22.910080,-1,20,10008.645000,79.942000,308.896211,339.478307,460.000000,819,151.103789,OpenLoop,NoFIFO,false,OpenLoop_NoFIFO
22.920075,-1,20,9994.941000,74.883000,335.620525,338.899639,460.000000,819,124.379475,OpenLoop,NoFIFO,false,OpenLoop_NoFIFO
22.930072,-1,20,9996.811000,71.694000,387.396694,346.174198,460.000000,819,72.603306,OpenLoop,NoFIFO,false,OpenLoop_NoFIFO
22.940071,-1,20,9999.330000,71.024000,318.567961,342.033262,460.000000,819,141.432039,OpenLoop,NoFIFO,false,OpenLoop_NoFIFO
22.950071,-1,20,10000.274000,71.298000,317.382812,338.335695,460.000000,819,142.617188,OpenLoop,NoFIFO,false,OpenLoop_NoFIFO
22.960070,-1,20,9998.330000,69.628000,395.471464,346.906060,460.000000,819,64.528536,OpenLoop,NoFIFO,false,OpenLoop_NoFIFO
22.970071,-1,20,10001.293000,70.921000,326.655052,343.868409,460.000000,819,133.344948,OpenLoop,NoFIFO,false,OpenLoop_NoFIFO
22.980069,-1,20,9997.885000,68.806000,301.074605,337.449338,460.000000,819,158.925395,OpenLoop,NoFIFO,false,OpenLoop_NoFIFO
22.990071,-1,20,10001.830000,70.636000,396.825397,346.355747,460.000000,819,63.174603,OpenLoop,NoFIFO,false,OpenLoop_NoFIFO
23.000073,-1,20,10002.571000,73.207000,323.914116,342.989502,460.000000,819,136.085884,OpenLoop,NoFIFO,false,OpenLoop_NoFIFO
23.010073,-1,20,9999.607000,72.814000,295.209177,335.822454,460.000000,819,164.790823,OpenLoop,NoFIFO,false,OpenLoop_NoFIFO
23.020071,-1,20,9998.626000,71.440000,391.494989,344.173334,460.000000,819,68.505011,OpenLoop,NoFIFO,false,OpenLoop_NoFIFO
23.030071,-1,20,9999.978000,71.418000,334.502854,342.722762,460.000000,819,125.497146,OpenLoop,NoFIFO,false,OpenLoop_NoFIFO
23.040072,-1,20,10000.275000,71.693000,289.500772,334.739463,460.000000,819,170.499228,OpenLoop,NoFIFO,false,OpenLoop_NoFIFO
23.050078,-1,20,10006.181000,77.874000,384.592181,342.217371,460.000000,819,75.407819,OpenLoop,NoFIFO,false,OpenLoop_NoFIFO
23.060075,-1,20,9996.923000,74.797000,344.850236,342.612301,460.000000,819,115.149764,OpenLoop,NoFIFO,false,OpenLoop_NoFIFO
23.070071,-1,20,9996.330000,71.127000,294.099903,335.335441,460.000000,819,165.900097,OpenLoop,NoFIFO,false,OpenLoop_NoFIFO
23.080073,-1,20,10001.644000,72.771000,386.398764,342.994940,460.000000,819,73.601236,OpenLoop,NoFIFO,false,OpenLoop_NoFIFO
23.090071,-1,20,9998.201000,70.972000,352.112676,344.362600,460.000000,819,107.887324,OpenLoop,NoFIFO,false,OpenLoop_NoFIFO
23.100072,-1,20,10000.644000,71.616000,302.582033,338.095515,460.000000,819,157.417967,OpenLoop,NoFIFO,false,OpenLoop_NoFIFO
23.110071,-1,20,9999.663000,71.279000,366.032211,342.286019,460.000000,819,93.967789,OpenLoop,NoFIFO,false,OpenLoop_NoFIFO
23.120071,-1,20,9999.978000,71.257000,368.514151,346.220239,460.000000,819,91.485849,OpenLoop,NoFIFO,false,OpenLoop_NoFIFO
23.130071,-1,20,9999.571000,70.828000,303.257856,339.775882,460.000000,819,156.742144,OpenLoop,NoFIFO,false,OpenLoop_NoFIFO
23.140070,-1,20,9999.108000,69.936000,350.748263,341.421739,460.000000,819,109.251737,OpenLoop,NoFIFO,false,OpenLoop_NoFIFO
23.150071,-1,20,10000.903000,70.839000,369.436718,345.623986,460.000000,819,90.563282,OpenLoop,NoFIFO,false,OpenLoop_NoFIFO
23.160070,-1,20,9999.516000,70.355000,304.054054,339.388496,460.000000,819,155.945946,OpenLoop,NoFIFO,false,OpenLoop_NoFIFO
23.170085,-1,20,10014.718000,85.073000,331.975921,338.276610,460.000000,819,128.024079,OpenLoop,NoFIFO,false,OpenLoop_NoFIFO
23.180070,-1,20,9984.497000,69.570000,378.634895,344.330352,460.000000,819,81.365105,OpenLoop,NoFIFO,false,OpenLoop_NoFIFO
23.190073,-1,20,10003.219000,72.789000,317.182214,340.258132,460.000000,819,142.817786,OpenLoop,NoFIFO,false,OpenLoop_NoFIFO
23.200072,-1,20,9999.237000,72.026000,309.799187,335.689290,460.000000,819,150.200813,OpenLoop,NoFIFO,false,OpenLoop_NoFIFO
23.210071,-1,20,9999.015000,71.041000,391.200295,344.015941,460.000000,819,68.799705,OpenLoop,NoFIFO,false,OpenLoop_NoFIFO
23.220071,-1,20,10000.052000,71.093000,317.879499,340.095474,460.000000,819,142.120501,OpenLoop,NoFIFO,false,OpenLoop_NoFIFO
23.230075,-1,20,10003.422000,74.515000,305.944056,334.972762,460.000000,819,154.055944,OpenLoop,NoFIFO,false,OpenLoop_NoFIFO
23.240072,-1,20,9997.923000,72.438000,391.713092,343.483811,460.000000,819,68.286908,OpenLoop,NoFIFO,false,OpenLoop_NoFIFO
23.250072,-1,20,9999.237000,71.675000,332.761477,341.875461,460.000000,819,127.238523,OpenLoop,NoFIFO,false,OpenLoop_NoFIFO
23.260072,-1,20,10000.756000,72.431000,302.977839,336.040818,460.000000,819,157.022161,OpenLoop,NoFIFO,false,OpenLoop_NoFIFO
23.270072,-1,20,9999.348000,71.779000,401.069519,345.795123,460.000000,819,58.930481,OpenLoop,NoFIFO,false,OpenLoop_NoFIFO
23.280073,-1,20,10000.738000,72.517000,340.661337,345.025055,460.000000,819,119.338663,OpenLoop,NoFIFO,false,OpenLoop_NoFIFO
23.290072,-1,20,9999.163000,71.680000,296.833773,337.796363,460.000000,819,163.166227,OpenLoop,NoFIFO,false,OpenLoop_NoFIFO
23.300068,-1,20,9996.774000,68.454000,394.275701,346.268263,460.000000,819,65.724299,OpenLoop,NoFIFO,false,OpenLoop_NoFIFO
23.310069,-1,20,10000.737000,69.191000,345.031546,346.082756,460.000000,819,114.968454,OpenLoop,NoFIFO,false,OpenLoop_NoFIFO
23.320069,-1,20,9999.589000,68.780000,300.480769,339.242458,460.000000,819,159.519231,OpenLoop,NoFIFO,false,OpenLoop_NoFIFO
23.330070,-1,20,10000.756000,69.536000,379.362671,345.260490,460.000000,819,80.637329,OpenLoop,NoFIFO,false,OpenLoop_NoFIFO
23.340069,-1,20,9999.756000,69.292000,352.797291,346.391010,460.000000,819,107.202709,OpenLoop,NoFIFO,false,OpenLoop_NoFIFO
23.350071,-1,20,10001.459000,70.751000,294.811321,338.654057,460.000000,819,165.188679,OpenLoop,NoFIFO,false,OpenLoop_NoFIFO
23.360072,-1,20,10001.590000,72.341000,359.600632,341.796043,460.000000,819,100.399368,OpenLoop,NoFIFO,false,OpenLoop_NoFIFO
23.370070,-1,20,9997.237000,69.578000,355.498375,343.851393,460.000000,819,104.501625,OpenLoop,NoFIFO,false,OpenLoop_NoFIFO
23.380069,-1,20,9999.330000,68.908000,301.670792,337.524303,460.000000,819,158.329208,OpenLoop,NoFIFO,false,OpenLoop_NoFIFO
23.390070,-1,20,10001.181000,70.089000,340.378631,337.952452,460.000000,819,119.621369,OpenLoop,NoFIFO,false,OpenLoop_NoFIFO
23.400069,-1,20,9998.978000,69.067000,372.371495,343.115308,460.000000,819,87.628505,OpenLoop,NoFIFO,false,OpenLoop_NoFIFO
23.410070,-1,20,10000.738000,69.805000,309.235844,338.033389,460.000000,819,150.764156,OpenLoop,NoFIFO,false,OpenLoop_NoFIFO
23.420069,-1,20,9999.644000,69.449000,327.797203,336.497961,460.000000,819,132.202797,OpenLoop,NoFIFO,false,OpenLoop_NoFIFO
23.430070,-1,20,10000.997000,70.446000,384.418247,343.686004,460.000000,819,75.581753,OpenLoop,NoFIFO,false,OpenLoop_NoFIFO
23.440069,-1,20,9998.570000,69.016000,314.145524,339.254932,460.000000,819,145.854476,OpenLoop,NoFIFO,false,OpenLoop_NoFIFO
23.450070,-1,20,10001.386000,70.402000,312.500000,335.241692,460.000000,819,147.500000,OpenLoop,NoFIFO,false,OpenLoop_NoFIFO
23.460069,-1,20,9998.848000,69.250000,392.441860,343.821717,460.000000,819,67.558140,OpenLoop,NoFIFO,false,OpenLoop_NoFIFO
23.470070,-1,20,10000.775000,70.025000,329.036177,341.603886,460.000000,819,130.963823,OpenLoop,NoFIFO,false,OpenLoop_NoFIFO
23.480074,-1,20,10003.718000,73.743000,306.802244,336.383640,460.000000,819,153.197756,OpenLoop,NoFIFO,false,OpenLoop_NoFIFO
23.490072,-1,20,9997.997000,71.740000,399.148483,345.798366,460.000000,819,60.851517,OpenLoop,NoFIFO,false,OpenLoop_NoFIFO
23.500072,-1,20,9999.904000,71.644000,332.604068,343.819222,460.000000,819,127.395932,OpenLoop,NoFIFO,false,OpenLoop_NoFIFO
23.510072,-1,20,10000.181000,71.825000,293.274244,336.237475,460.000000,819,166.725756,OpenLoop,NoFIFO,false,OpenLoop_NoFIFO
23.520071,-1,20,9998.886000,70.711000,391.200295,344.481898,460.000000,819,68.799705,OpenLoop,NoFIFO,false,OpenLoop_NoFIFO
23.530071,-1,20,10000.533000,71.244000,330.260686,342.348716,460.000000,819,129.739314,OpenLoop,NoFIFO,false,OpenLoop_NoFIFO
23.540072,-1,20,10000.812000,72.056000,291.601866,334.736689,460.000000,819,168.398134,OpenLoop,NoFIFO,false,OpenLoop_NoFIFO
23.550073,-1,20,10000.607000,72.663000,382.744957,341.937929,460.000000,819,77.255043,OpenLoop,NoFIFO,false,OpenLoop_NoFIFO
23.560072,-1,20,9999.312000,71.975000,342.331768,341.997005,460.000000,819,117.668232,OpenLoop,NoFIFO,false,OpenLoop_NoFIFO
23.570070,-1,20,9997.644000,69.619000,290.316818,334.244977,460.000000,819,169.683182,OpenLoop,NoFIFO,false,OpenLoop_NoFIFO
23.580070,-1,20,10000.441000,70.060000,384.852217,341.836063,460.000000,819,75.147783,OpenLoop,NoFIFO,false,OpenLoop_NoFIFO
23.590069,-1,20,9999.127000,69.187000,350.140056,343.081662,460.000000,819,109.859944,OpenLoop,NoFIFO,false,OpenLoop_NoFIFO
23.600070,-1,20,10000.903000,70.090000,297.461660,336.238662,460.000000,819,162.538340,OpenLoop,NoFIFO,false,OpenLoop_NoFIFO
23.610070,-1,20,10000.127000,70.217000,370.123084,341.321325,460.000000,819,89.876916,OpenLoop,NoFIFO,false,OpenLoop_NoFIFO
23.620079,-1,20,10009.089000,79.306000,363.372093,344.628940,460.000000,819,96.627907,OpenLoop,NoFIFO,false,OpenLoop_NoFIFO
23.630077,-1,20,9997.478000,76.784000,311.461794,339.653868,460.000000,819,148.538206,OpenLoop,NoFIFO,false,OpenLoop_NoFIFO
23.640073,-1,20,9996.033000,72.817000,346.488912,340.679125,460.000000,819,113.511088,OpenLoop,NoFIFO,false,OpenLoop_NoFIFO
23.650072,-1,20,9999.571000,72.388000,377.308239,346.173492,460.000000,819,82.691761,OpenLoop,NoFIFO,false,OpenLoop_NoFIFO
23.660072,-1,20,9999.311000,71.699000,305.540467,340.078538,460.000000,819,154.459533,OpenLoop,NoFIFO,false,OpenLoop_NoFIFO
23.670072,-1,20,9999.812000,71.511000,334.522748,339.245170,460.000000,819,125.477252,OpenLoop,NoFIFO,false,OpenLoop_NoFIFO
23.680071,-1,20,9999.404000,70.915000,374.144812,344.480116,460.000000,819,85.855188,OpenLoop,NoFIFO,false,OpenLoop_NoFIFO
23.690070,-1,20,9998.978000,69.893000,314.899232,340.042983,460.000000,819,145.100768,OpenLoop,NoFIFO,false,OpenLoop_NoFIFO
23.700070,-1,20,10000.015000,69.908000,309.013692,335.388590,460.000000,819,150.986308,OpenLoop,NoFIFO,false,OpenLoop_NoFIFO
23.710070,-1,20,10000.181000,70.089000,387.396694,343.189805,460.000000,819,72.603306,OpenLoop,NoFIFO,false,OpenLoop_NoFIFO
23.720070,-1,20,10000.238000,70.327000,322.250132,340.048854,460.000000,819,137.749868,OpenLoop,NoFIFO,false,OpenLoop_NoFIFO
23.730070,-1,20,9999.644000,69.971000,303.678852,334.593354,460.000000,819,156.321148,OpenLoop,NoFIFO,false,OpenLoop_NoFIFO
23.740073,-1,20,10003.034000,73.005000,396.825397,343.928160,460.000000,819,63.174603,OpenLoop,NoFIFO,false,OpenLoop_NoFIFO
23.750071,-1,20,9997.867000,70.872000,326.276102,341.280352,460.000000,819,133.723898,OpenLoop,NoFIFO,false,OpenLoop_NoFIFO
23.760070,-1,20,9999.292000,70.164000,298.092210,334.802130,460.000000,819,161.907790,OpenLoop,NoFIFO,false,OpenLoop_NoFIFO
23.770070,-1,20,9999.664000,69.828000,390.242409,343.118172,460.000000,819,69.757591,OpenLoop,NoFIFO,false,OpenLoop_NoFIFO
23.780071,-1,20,10001.126000,70.954000,339.849819,342.627919,460.000000,819,120.150181,OpenLoop,NoFIFO,false,OpenLoop_NoFIFO
23.790070,-1,20,9999.385000,70.339000,296.821724,335.756990,460.000000,819,163.178276,OpenLoop,NoFIFO,false,OpenLoop_NoFIFO
23.800089,-1,20,10018.460000,88.799000,393.324284,344.392084,460.000000,819,66.675716,OpenLoop,NoFIFO,false,OpenLoop_NoFIFO
23.810076,-1,20,9987.126000,75.925000,347.958643,344.927068,460.000000,819,112.041357,OpenLoop,NoFIFO,false,OpenLoop_NoFIFO
23.820074,-1,20,9998.274000,74.199000,296.543154,337.669481,460.000000,819,163.456846,OpenLoop,NoFIFO,false,OpenLoop_NoFIFO
23.830078,-1,20,10003.515000,77.714000,389.408100,345.430274,460.000000,819,70.591900,OpenLoop,NoFIFO,false,OpenLoop_NoFIFO
23.840079,-1,20,10001.200000,78.914000,356.851550,347.143465,460.000000,819,103.148450,OpenLoop,NoFIFO,false,OpenLoop_NoFIFO
23.850074,-1,20,9994.997000,73.911000,305.145218,340.843728,460.000000,819,154.854782,OpenLoop,NoFIFO,false,OpenLoop_NoFIFO
23.860070,-1,20,9996.348000,70.259000,357.824427,343.390833,460.000000,819,102.175573,OpenLoop,NoFIFO,false,OpenLoop_NoFIFO
23.870074,-1,20,10003.830000,74.089000,363.724539,346.440889,460.000000,819,96.275461,OpenLoop,NoFIFO,false,OpenLoop_NoFIFO
23.880080,-1,20,10005.552000,79.641000,294.384058,338.632364,460.000000,819,165.615942,OpenLoop,NoFIFO,false,OpenLoop_NoFIFO
23.890077,-1,20,9997.700000,77.341000,348.143236,340.058995,460.000000,819,111.856764,OpenLoop,NoFIFO,false,OpenLoop_NoFIFO
23.900073,-1,20,9995.164000,72.505000,368.321111,344.298312,460.000000,819,91.678889,OpenLoop,NoFIFO,false,OpenLoop_NoFIFO
23.910079,-1,20,10006.422000,78.927000,308.678269,338.955306,460.000000,819,151.321731,OpenLoop,NoFIFO,false,OpenLoop_NoFIFO
23.920077,-1,20,9997.589000,76.516000,334.184886,338.239743,460.000000,819,125.815114,OpenLoop,NoFIFO,false,OpenLoop_NoFIFO
23.930073,-1,20,9996.923000,73.439000,380.067568,344.513917,460.000000,819,79.932432,OpenLoop,NoFIFO,false,OpenLoop_NoFIFO
23.940073,-1,20,9999.274000,72.713000,316.417551,340.299462,460.000000,819,143.582449,OpenLoop,NoFIFO,false,OpenLoop_NoFIFO
23.950076,-1,20,10003.219000,75.932000,315.574832,336.590767,460.000000,819,144.425168,OpenLoop,NoFIFO,false,OpenLoop_NoFIFO
23.960072,-1,20,9995.663000,71.595000,397.456280,345.720594,460.000000,819,62.543720,OpenLoop,NoFIFO,false,OpenLoop_NoFIFO
23.970074,-1,20,10002.256000,73.851000,323.424563,342.376189,460.000000,819,136.575437,OpenLoop,NoFIFO,false,OpenLoop_NoFIFO
23.980073,-1,20,9998.885000,72.736000,315.504808,338.345482,460.000000,819,144.495192,OpenLoop,NoFIFO,false,OpenLoop_NoFIFO
23.990072,-1,20,9999.200000,71.936000,395.778364,346.960414,460.000000,819,64.221636,OpenLoop,NoFIFO,false,OpenLoop_NoFIFO
24.000072,-1,20,10000.015000,71.951000,331.606872,344.657383,460.000000,819,128.393128,OpenLoop,NoFIFO,false,OpenLoop_NoFIFO
24.010072,-1,20,9999.793000,71.744000,294.502618,337.134168,460.000000,819,165.497382,OpenLoop,NoFIFO,false,OpenLoop_NoFIFO
24.020071,-1,20,9999.700000,71.444000,393.540112,345.595060,460.000000,819,66.459888,OpenLoop,NoFIFO,false,OpenLoop_NoFIFO
24.030068,-1,20,9996.978000,68.422000,334.309730,343.902260,460.000000,819,125.690270,OpenLoop,NoFIFO,false,OpenLoop_NoFIFO
24.040073,-1,20,10004.553000,72.975000,293.250722,336.304530,460.000000,819,166.749278,OpenLoop,NoFIFO,false,OpenLoop_NoFIFO
24.050078,-1,20,10004.774000,77.749000,395.569620,345.194293,460.000000,819,64.430380,OpenLoop,NoFIFO,false,OpenLoop_NoFIFO
24.060073,-1,20,9995.626000,73.375000,339.346042,344.317056,460.000000,819,120.653958,OpenLoop,NoFIFO,false,OpenLoop_NoFIFO
24.070071,-1,20,9997.904000,71.279000,293.733681,336.729549,460.000000,819,166.266319,OpenLoop,NoFIFO,false,OpenLoop_NoFIFO
24.080071,-1,20,9999.719000,70.998000,377.486973,342.843163,460.000000,819,82.513027,OpenLoop,NoFIFO,false,OpenLoop_NoFIFO
24.090071,-1,20,9999.941000,70.939000,354.538088,344.597402,460.000000,819,105.461912,OpenLoop,NoFIFO,false,OpenLoop_NoFIFO
24.100071,-1,20,10000.459000,71.398000,294.241912,337.044078,460.000000,819,165.758088,OpenLoop,NoFIFO,false,OpenLoop_NoFIFO
24.110071,-1,20,9999.960000,71.358000,364.313472,341.134487,460.000000,819,95.686528,OpenLoop,NoFIFO,false,OpenLoop_NoFIFO
24.120071,-1,20,9999.274000,70.632000,361.445783,344.181182,460.000000,819,98.554217,OpenLoop,NoFIFO,false,OpenLoop_NoFIFO
24.130071,-1,20,10000.330000,70.962000,305.540467,338.385074,460.000000,819,154.459533,OpenLoop,NoFIFO,false,OpenLoop_NoFIFO
24.140071,-1,20,10000.293000,71.255000,348.513011,339.904265,460.000000,819,111.486989,OpenLoop,NoFIFO,false,OpenLoop_NoFIFO
24.150083,-1,20,10011.459000,82.714000,379.452240,345.836461,460.000000,819,80.547760,OpenLoop,NoFIFO,false,OpenLoop_NoFIFO
24.160076,-1,20,9993.163000,75.877000,315.050408,341.218553,460.000000,819,144.949592,OpenLoop,NoFIFO,false,OpenLoop_NoFIFO
24.170072,-1,20,9995.941000,71.818000,322.591318,338.424468,460.000000,819,137.408682,OpenLoop,NoFIFO,false,OpenLoop_NoFIFO
24.180071,-1,20,9999.349000,71.167000,389.004149,346.011420,460.000000,819,70.995851,OpenLoop,NoFIFO,false,OpenLoop_NoFIFO
24.190071,-1,20,10000.052000,71.219000,310.137051,340.630265,460.000000,819,149.862949,OpenLoop,NoFIFO,false,OpenLoop_NoFIFO
24.200071,-1,20,10000.219000,71.438000,319.378931,337.442565,460.000000,819,140.621069,OpenLoop,NoFIFO,false,OpenLoop_NoFIFO
24.210073,-1,20,10001.533000,72.971000,382.011026,344.127834,460.000000,819,77.988974,OpenLoop,NoFIFO,false,OpenLoop_NoFIFO
24.220072,-1,20,9999.423000,72.394000,316.011236,339.910344,460.000000,819,143.988764,OpenLoop,NoFIFO,false,OpenLoop_NoFIFO
24.230070,-1,20,9998.052000,70.446000,301.170262,334.099332,460.000000,819,158.829738,OpenLoop,NoFIFO,false,OpenLoop_NoFIFO
24.240071,-1,20,10000.404000,70.850000,392.875851,342.915810,460.000000,819,67.124149,OpenLoop,NoFIFO,false,OpenLoop_NoFIFO
24.250071,-1,20,9999.718000,70.568000,322.957677,339.922090,460.000000,819,137.042323,OpenLoop,NoFIFO,false,OpenLoop_NoFIFO
24.260072,-1,20,10001.404000,71.972000,288.018433,332.136541,460.000000,819,171.981567,OpenLoop,NoFIFO,false,OpenLoop_NoFIFO
24.270088,-1,20,10016.256000,88.228000,391.969995,341.111559,460.000000,819,68.030005,OpenLoop,NoFIFO,false,OpenLoop_NoFIFO
24.280084,-1,20,9996.052000,84.280000,329.939668,339.435776,460.000000,819,130.060332,OpenLoop,NoFIFO,false,OpenLoop_NoFIFO
24.290076,-1,20,9991.848000,76.128000,294.384058,332.678018,460.000000,819,165.615942,OpenLoop,NoFIFO,false,OpenLoop_NoFIFO
24.300073,-1,20,9996.386000,72.514000,388.198758,341.006129,460.000000,819,71.801242,OpenLoop,NoFIFO,false,OpenLoop_NoFIFO
24.310071,-1,20,9998.015000,70.529000,342.486605,341.228200,460.000000,819,117.513395,OpenLoop,NoFIFO,false,OpenLoop_NoFIFO
24.320071,-1,20,10000.848000,71.377000,291.149068,333.716331,460.000000,819,168.850932,OpenLoop,NoFIFO,false,OpenLoop_NoFIFO
24.330079,-1,20,10007.645000,79.022000,383.851156,341.236554,460.000000,819,76.148844,OpenLoop,NoFIFO,false,OpenLoop_NoFIFO
24.340075,-1,20,9996.015000,75.037000,357.045702,343.607927,460.000000,819,102.954298,OpenLoop,NoFIFO,false,OpenLoop_NoFIFO
24.350081,-1,20,10005.645000,80.682000,304.524362,337.745392,460.000000,819,155.475638,OpenLoop,NoFIFO,false,OpenLoop_NoFIFO
24.360075,-1,20,9994.681000,75.363000,371.827076,342.857644,460.000000,819,88.172924,OpenLoop,NoFIFO,false,OpenLoop_NoFIFO
24.370072,-1,20,9996.849000,72.212000,371.103414,347.094510,460.000000,819,88.896586,OpenLoop,NoFIFO,false,OpenLoop_NoFIFO
24.380072,-1,20,10000.237000,72.449000,308.076340,341.241784,460.000000,819,151.923660,OpenLoop,NoFIFO,false,OpenLoop_NoFIFO
24.390071,-1,20,9998.774000,71.223000,344.669118,341.755884,460.000000,819,115.330882,OpenLoop,NoFIFO,false,OpenLoop_NoFIFO
24.400072,-1,20,10000.997000,72.220000,373.944158,346.584125,460.000000,819,86.055842,OpenLoop,NoFIFO,false,OpenLoop_NoFIFO
24.410072,-1,20,9999.441000,71.661000,302.094522,339.910685,460.000000,819,157.905478,OpenLoop,NoFIFO,false,OpenLoop_NoFIFO
24.420071,-1,20,9999.663000,71.324000,331.975921,338.720470,460.000000,819,128.024079,OpenLoop,NoFIFO,false,OpenLoop_NoFIFO
24.430072,-1,20,10000.756000,72.080000,376.002674,344.312801,460.000000,819,83.997326,OpenLoop,NoFIFO,false,OpenLoop_NoFIFO
24.440071,-1,20,9999.034000,71.114000,312.351261,339.518570,460.000000,819,147.648739,OpenLoop,NoFIFO,false,OpenLoop_NoFIFO
24.450071,-1,20,10000.126000,71.240000,312.820842,335.513911,460.000000,819,147.179158,OpenLoop,NoFIFO,false,OpenLoop_NoFIFO
24.460071,-1,20,10000.033000,71.273000,389.289204,343.580205,460.000000,819,70.710796,OpenLoop,NoFIFO,false,OpenLoop_NoFIFO
24.470071,-1,20,10000.182000,71.455000,320.049895,340.050658,460.000000,819,139.950105,OpenLoop,NoFIFO,false,OpenLoop_NoFIFO
24.480070,-1,20,9998.645000,70.100000,307.954012,335.236161,460.000000,819,152.045988,OpenLoop,NoFIFO,false,OpenLoop_NoFIFO
24.490071,-1,20,10001.163000,71.263000,399.573788,344.886805,460.000000,819,60.426212,OpenLoop,NoFIFO,false,OpenLoop_NoFIFO
24.500073,-1,20,10001.367000,72.630000,330.604534,342.744465,460.000000,819,129.395466,OpenLoop,NoFIFO,false,OpenLoop_NoFIFO
24.510071,-1,20,9998.311000,70.941000,300.629008,336.427146,460.000000,819,159.370992,OpenLoop,NoFIFO,false,OpenLoop_NoFIFO
24.520069,-1,20,9998.552000,69.493000,397.840739,345.639185,460.000000,819,62.159261,OpenLoop,NoFIFO,false,OpenLoop_NoFIFO
24.530070,-1,20,10000.589000,70.082000,341.618948,345.036150,460.000000,819,118.381052,OpenLoop,NoFIFO,false,OpenLoop_NoFIFO
24.540069,-1,20,9999.238000,69.320000,292.266187,337.120655,460.000000,819,167.733813,OpenLoop,NoFIFO,false,OpenLoop_NoFIFO
24.550080,-1,20,10010.737000,80.057000,397.035469,346.107877,460.000000,819,62.964531,OpenLoop,NoFIFO,false,OpenLoop_NoFIFO
24.560077,-1,20,9997.015000,77.072000,344.036697,345.797200,460.000000,819,115.963303,OpenLoop,NoFIFO,false,OpenLoop_NoFIFO
24.570072,-1,20,9995.367000,72.439000,294.138620,338.048413,460.000000,819,165.861380,OpenLoop,NoFIFO,false,OpenLoop_NoFIFO
24.580070,-1,20,9997.700000,70.139000,370.639535,342.937081,460.000000,819,89.360465,OpenLoop,NoFIFO,false,OpenLoop_NoFIFO
24.590071,-1,20,10000.404000,70.543000,354.219144,344.629391,460.000000,819,105.780856,OpenLoop,NoFIFO,false,OpenLoop_NoFIFO
24.600070,-1,20,9998.960000,69.503000,297.256098,337.523397,460.000000,819,162.743902,OpenLoop,NoFIFO,false,OpenLoop_NoFIFO
24.610073,-1,20,10003.200000,72.703000,356.270358,340.335441,460.000000,819,103.729642,OpenLoop,NoFIFO,false,OpenLoop_NoFIFO
24.620075,-1,20,10002.070000,74.773000,367.731887,344.444908,460.000000,819,92.268113,OpenLoop,NoFIFO,false,OpenLoop_NoFIFO
24.630072,-1,20,9997.478000,72.251000,298.725438,337.586987,460.000000,819,161.274562,OpenLoop,NoFIFO,false,OpenLoop_NoFIFO
24.640070,-1,20,9998.182000,70.433000,345.781466,338.816159,460.000000,819,114.218534,OpenLoop,NoFIFO,false,OpenLoop_NoFIFO
24.650070,-1,20,9999.960000,70.393000,367.853139,343.171706,460.000000,819,92.146861,OpenLoop,NoFIFO,false,OpenLoop_NoFIFO
24.660070,-1,20,9999.681000,70.074000,311.609687,338.437403,460.000000,819,148.390313,OpenLoop,NoFIFO,false,OpenLoop_NoFIFO
24.670072,-1,20,10001.571000,71.645000,329.112337,337.038643,460.000000,819,130.887663,OpenLoop,NoFIFO,false,OpenLoop_NoFIFO
24.680074,-1,20,10002.441000,74.086000,387.208455,344.564115,460.000000,819,72.791545,OpenLoop,NoFIFO,false,OpenLoop_NoFIFO
24.690077,-1,20,10002.459000,76.545000,316.887676,340.412649,460.000000,819,143.112324,OpenLoop,NoFIFO,false,OpenLoop_NoFIFO
24.700071,-1,20,9994.738000,71.283000,315.353196,336.653731,460.000000,819,144.646804,OpenLoop,NoFIFO,false,OpenLoop_NoFIFO
24.710072,-1,20,10000.718000,72.001000,392.549261,345.038061,460.000000,819,67.450739,OpenLoop,NoFIFO,false,OpenLoop_NoFIFO
24.720072,-1,20,9999.867000,71.868000,320.218077,341.315063,460.000000,819,139.781923,OpenLoop,NoFIFO,false,OpenLoop_NoFIFO
24.730072,-1,20,10000.071000,71.939000,309.260132,336.506823,460.000000,819,150.739868,OpenLoop,NoFIFO,false,OpenLoop_NoFIFO
24.740093,-1,20,10021.126000,93.065000,390.421655,344.594048,460.000000,819,69.578345,OpenLoop,NoFIFO,false,OpenLoop_NoFIFO
24.750082,-1,20,9988.719000,81.784000,330.105634,342.420786,460.000000,819,129.894366,OpenLoop,NoFIFO,false,OpenLoop_NoFIFO
24.760075,-1,20,9993.144000,74.928000,290.732347,334.667520,460.000000,819,169.267653,OpenLoop,NoFIFO,false,OpenLoop_NoFIFO
24.770072,-1,20,9997.016000,71.944000,395.778364,343.834147,460.000000,819,64.221636,OpenLoop,NoFIFO,false,OpenLoop_NoFIFO
24.780071,-1,20,9999.329000,71.273000,333.291011,342.252676,460.000000,819,126.708989,OpenLoop,NoFIFO,false,OpenLoop_NoFIFO
24.790075,-1,20,10003.849000,75.122000,290.998448,334.564542,460.000000,819,169.001552,OpenLoop,NoFIFO,false,OpenLoop_NoFIFO
24.800074,-1,20,9998.848000,73.970000,382.194245,341.708997,460.000000,819,77.805755,OpenLoop,NoFIFO,false,OpenLoop_NoFIFO
24.810073,-1,20,9999.200000,73.170000,347.038604,342.508438,460.000000,819,112.961396,OpenLoop,NoFIFO,false,OpenLoop_NoFIFO
24.820071,-1,20,9997.904000,71.074000,297.080127,335.694192,460.000000,819,162.919873,OpenLoop,NoFIFO,false,OpenLoop_NoFIFO
24.830072,-1,20,10000.941000,72.015000,380.478896,342.411897,460.000000,819,79.521104,OpenLoop,NoFIFO,false,OpenLoop_NoFIFO
24.840072,-1,20,9999.812000,71.827000,362.493958,345.424207,460.000000,819,97.506042,OpenLoop,NoFIFO,false,OpenLoop_NoFIFO
24.850071,-1,20,9999.422000,71.249000,302.094522,338.924754,460.000000,819,157.905478,OpenLoop,NoFIFO,false,OpenLoop_NoFIFO
24.860071,-1,20,10000.034000,71.283000,365.036647,342.841538,460.000000,819,94.963353,OpenLoop,NoFIFO,false,OpenLoop_NoFIFO
24.870072,-1,20,10000.941000,72.224000,367.550967,346.547952,460.000000,819,92.449033,OpenLoop,NoFIFO,false,OpenLoop_NoFIFO
24.880072,-1,20,9999.459000,71.683000,308.700608,340.870851,460.000000,819,151.299392,OpenLoop,NoFIFO,false,OpenLoop_NoFIFO
24.890072,-1,20,10000.497000,72.180000,348.027842,341.944399,460.000000,819,111.972158,OpenLoop,NoFIFO,false,OpenLoop_NoFIFO
24.900072,-1,20,10000.089000,72.269000,376.808682,347.174042,460.000000,819,83.191318,OpenLoop,NoFIFO,false,OpenLoop_NoFIFO
24.910071,-1,20,9999.052000,71.321000,307.954012,341.291037,460.000000,819,152.045988,OpenLoop,NoFIFO,false,OpenLoop_NoFIFO
24.920072,-1,20,10000.589000,71.910000,326.217880,339.030064,460.000000,819,133.782120,OpenLoop,NoFIFO,false,OpenLoop_NoFIFO
24.930098,-1,20,10025.885000,97.795000,381.097561,345.340188,460.000000,819,78.902439,OpenLoop,NoFIFO,false,OpenLoop_NoFIFO
24.940071,-1,20,9972.867000,70.662000,309.013692,339.891214,460.000000,819,150.986308,OpenLoop,NoFIFO,false,OpenLoop_NoFIFO
24.950087,-1,20,10016.312000,86.974000,315.960520,336.301610,460.000000,819,144.039480,OpenLoop,NoFIFO,false,OpenLoop_NoFIFO
24.960077,-1,20,9989.626000,76.600000,382.068263,343.166608,460.000000,819,77.931737,OpenLoop,NoFIFO,false,OpenLoop_NoFIFO
24.970072,-1,20,9995.163000,71.763000,318.567961,339.476811,460.000000,819,141.432039,OpenLoop,NoFIFO,false,OpenLoop_NoFIFO
24.980073,-1,20,10001.219000,72.982000,299.202128,333.435608,460.000000,819,160.797872,OpenLoop,NoFIFO,false,OpenLoop_NoFIFO
24.990072,-1,20,9998.737000,71.719000,395.014045,342.672374,460.000000,819,64.985955,OpenLoop,NoFIFO,false,OpenLoop_NoFIFO
25.000073,-1,20,10000.867000,72.586000,329.391892,340.680301,460.000000,819,130.608108,OpenLoop,NoFIFO,false,OpenLoop_NoFIFO
25.010072,-1,20,9998.978000,71.564000,303.117783,335.045924,460.000000,819,156.882217,OpenLoop,NoFIFO,false,OpenLoop_NoFIFO
25.020073,-1,20,10000.978000,72.542000,405.186386,345.566993,460.000000,819,54.813614,OpenLoop,NoFIFO,false,OpenLoop_NoFIFO
25.030081,-1,20,10008.367000,80.909000,339.509899,344.658429,460.000000,819,120.490101,OpenLoop,NoFIFO,false,OpenLoop_NoFIFO
25.040086,-1,20,10005.570000,86.479000,297.147385,337.531772,460.000000,819,162.852615,OpenLoop,NoFIFO,false,OpenLoop_NoFIFO
25.050076,-1,20,9989.849000,76.328000,389.902957,345.387450,460.000000,819,70.097043,OpenLoop,NoFIFO,false,OpenLoop_NoFIFO
25.060073,-1,20,9996.311000,72.639000,352.065451,346.389150,460.000000,819,107.934549,OpenLoop,NoFIFO,false,OpenLoop_NoFIFO
25.070071,-1,20,9998.738000,71.377000,296.532847,338.910705,460.000000,819,163.467153,OpenLoop,NoFIFO,false,OpenLoop_NoFIFO
25.080072,-1,20,10001.015000,72.392000,382.848392,345.501358,460.000000,819,77.151608,OpenLoop,NoFIFO,false,OpenLoop_NoFIFO
25.090074,-1,20,10002.089000,74.481000,353.506787,346.702172,460.000000,819,106.493213,OpenLoop,NoFIFO,false,OpenLoop_NoFIFO
25.100072,-1,20,9997.441000,71.922000,299.043062,339.553306,460.000000,819,160.956938,OpenLoop,NoFIFO,false,OpenLoop_NoFIFO
25.110072,-1,20,10000.459000,72.381000,356.862965,342.149755,460.000000,819,103.137035,OpenLoop,NoFIFO,false,OpenLoop_NoFIFO
25.120080,-1,20,10007.293000,79.674000,363.559979,345.361288,460.000000,819,96.440021,OpenLoop,NoFIFO,false,OpenLoop_NoFIFO
25.130075,-1,20,9995.774000,75.448000,300.332676,338.606996,460.000000,819,159.667324,OpenLoop,NoFIFO,false,OpenLoop_NoFIFO
25.140074,-1,20,9998.182000,73.630000,346.879625,339.847891,460.000000,819,113.120375,OpenLoop,NoFIFO,false,OpenLoop_NoFIFO
25.150073,-1,20,9999.478000,73.108000,373.803828,344.941281,460.000000,819,86.196172,OpenLoop,NoFIFO,false,OpenLoop_NoFIFO
25.160084,-1,20,10010.515000,83.623000,307.765152,339.364862,460.000000,819,152.234848,OpenLoop,NoFIFO,false,OpenLoop_NoFIFO
25.170074,-1,20,9990.663000,74.286000,331.819254,338.233021,460.000000,819,128.180746,OpenLoop,NoFIFO,false,OpenLoop_NoFIFO
25.180074,-1,20,9999.275000,73.561000,375.000000,343.748068,460.000000,819,85.000000,OpenLoop,NoFIFO,false,OpenLoop_NoFIFO
25.190072,-1,20,9998.681000,72.242000,317.382812,339.793279,460.000000,819,142.617188,OpenLoop,NoFIFO,false,OpenLoop_NoFIFO
25.200072,-1,20,9999.738000,71.980000,321.943681,337.115840,460.000000,819,138.056319,OpenLoop,NoFIFO,false,OpenLoop_NoFIFO
25.210073,-1,20,10000.885000,72.865000,391.931438,345.338179,460.000000,819,68.068562,OpenLoop,NoFIFO,false,OpenLoop_NoFIFO
25.220072,-1,20,9999.034000,71.899000,322.534404,341.917613,460.000000,819,137.465596,OpenLoop,NoFIFO,false,OpenLoop_NoFIFO
25.230071,-1,20,9999.552000,71.451000,306.539510,336.610898,460.000000,819,153.460490,OpenLoop,NoFIFO,false,OpenLoop_NoFIFO
25.240072,-1,20,10000.311000,71.762000,394.275701,345.260618,460.000000,819,65.724299,OpenLoop,NoFIFO,false,OpenLoop_NoFIFO
25.250072,-1,20,10000.645000,72.407000,329.391892,342.880309,460.000000,819,130.608108,OpenLoop,NoFIFO,false,OpenLoop_NoFIFO
25.260072,-1,20,9999.107000,71.514000,297.111165,336.014938,460.000000,819,162.888835,OpenLoop,NoFIFO,false,OpenLoop_NoFIFO
25.270084,-1,20,10012.904000,84.418000,391.777286,344.379290,460.000000,819,68.222714,OpenLoop,NoFIFO,false,OpenLoop_NoFIFO
25.280080,-1,20,9995.238000,79.656000,339.673913,343.673483,460.000000,819,120.326087,OpenLoop,NoFIFO,false,OpenLoop_NoFIFO
25.290075,-1,20,9995.330000,74.986000,285.823171,334.995936,460.000000,819,174.176829,OpenLoop,NoFIFO,false,OpenLoop_NoFIFO
25.300078,-1,20,10002.755000,77.741000,385.522496,342.574920,460.000000,819,74.477504,OpenLoop,NoFIFO,false,OpenLoop_NoFIFO
25.310077,-1,20,9999.071000,76.812000,341.441207,342.404863,460.000000,819,118.558793,OpenLoop,NoFIFO,false,OpenLoop_NoFIFO
25.320073,-1,20,9995.885000,72.697000,291.010029,334.695638,460.000000,819,168.989971,OpenLoop,NoFIFO,false,OpenLoop_NoFIFO
25.330073,-1,20,10000.145000,72.842000,377.263581,341.080830,460.000000,819,82.736419,OpenLoop,NoFIFO,false,OpenLoop_NoFIFO
25.340069,-1,20,9995.719000,68.561000,356.012658,343.320604,460.000000,819,103.987342,OpenLoop,NoFIFO,false,OpenLoop_NoFIFO
25.350076,-1,20,10006.941000,75.502000,297.401171,336.432689,460.000000,819,162.598829,OpenLoop,NoFIFO,false,OpenLoop_NoFIFO
25.360072,-1,20,9996.996000,72.498000,369.458128,341.386505,460.000000,819,90.541872,OpenLoop,NoFIFO,false,OpenLoop_NoFIFO
25.370072,-1,20,9999.034000,71.532000,368.128272,345.397770,460.000000,819,91.871728,OpenLoop,NoFIFO,false,OpenLoop_NoFIFO
25.380072,-1,20,10000.108000,71.640000,306.372549,339.543987,460.000000,819,153.627451,OpenLoop,NoFIFO,false,OpenLoop_NoFIFO
25.390072,-1,20,10000.089000,71.729000,353.684608,341.665080,460.000000,819,106.315392,OpenLoop,NoFIFO,false,OpenLoop_NoFIFO
25.400071,-1,20,9998.867000,70.596000,375.707214,346.771400,460.000000,819,84.292786,OpenLoop,NoFIFO,false,OpenLoop_NoFIFO
25.410070,-1,20,9999.885000,70.481000,312.500000,341.630690,460.000000,819,147.500000,OpenLoop,NoFIFO,false,OpenLoop_NoFIFO
25.420069,-1,20,9998.793000,69.274000,329.178371,339.762842,460.000000,819,130.821629,OpenLoop,NoFIFO,false,OpenLoop_NoFIFO
25.430071,-1,20,10001.737000,71.011000,387.396694,346.907920,460.000000,819,72.603306,OpenLoop,NoFIFO,false,OpenLoop_NoFIFO
25.440070,-1,20,9998.682000,69.693000,312.054208,341.679863,460.000000,819,147.945792,OpenLoop,NoFIFO,false,OpenLoop_NoFIFO
25.450071,-1,20,10000.922000,70.615000,310.259239,336.966770,460.000000,819,149.740761,OpenLoop,NoFIFO,false,OpenLoop_NoFIFO
25.460070,-1,20,9999.664000,70.279000,386.155606,344.345095,460.000000,819,73.844394,OpenLoop,NoFIFO,false,OpenLoop_NoFIFO
25.470074,-1,20,10003.404000,73.683000,319.058423,340.552094,460.000000,819,140.941577,OpenLoop,NoFIFO,false,OpenLoop_NoFIFO
25.480070,-1,20,9996.644000,70.327000,300.343249,334.520768,460.000000,819,159.656751,OpenLoop,NoFIFO,false,OpenLoop_NoFIFO
25.490071,-1,20,10000.534000,70.861000,393.081761,343.304917,460.000000,819,66.918239,OpenLoop,NoFIFO,false,OpenLoop_NoFIFO
25.500073,-1,20,10002.219000,73.080000,329.332553,341.209062,460.000000,819,130.667447,OpenLoop,NoFIFO,false,OpenLoop_NoFIFO
25.510071,-1,20,9998.015000,71.095000,288.703807,333.333274,460.000000,819,171.296193,OpenLoop,NoFIFO,false,OpenLoop_NoFIFO
25.520071,-1,20,10000.274000,71.369000,396.126761,342.752297,460.000000,819,63.873239,OpenLoop,NoFIFO,false,OpenLoop_NoFIFO
25.530074,-1,20,10002.997000,74.366000,338.098918,342.054290,460.000000,819,121.901082,OpenLoop,NoFIFO,false,OpenLoop_NoFIFO
25.540073,-1,20,9998.570000,72.936000,298.274596,335.487336,460.000000,819,161.725404,OpenLoop,NoFIFO,false,OpenLoop_NoFIFO
25.550070,-1,20,9997.312000,70.248000,393.173346,344.140237,460.000000,819,66.826654,OpenLoop,NoFIFO,false,OpenLoop_NoFIFO
25.560073,-1,20,10002.311000,72.559000,349.627064,344.963261,460.000000,819,110.372936,OpenLoop,NoFIFO,false,OpenLoop_NoFIFO
25.570072,-1,20,9999.348000,71.907000,297.401171,337.828948,460.000000,819,162.598829,OpenLoop,NoFIFO,false,OpenLoop_NoFIFO
25.580072,-1,20,10000.460000,72.367000,381.485249,344.377393,460.000000,819,78.514751,OpenLoop,NoFIFO,false,OpenLoop_NoFIFO
25.590071,-1,20,9998.978000,71.345000,352.775165,345.637059,460.000000,819,107.224835,OpenLoop,NoFIFO,false,OpenLoop_NoFIFO
25.600072,-1,20,10000.385000,71.730000,295.826162,338.165424,460.000000,819,164.173838,OpenLoop,NoFIFO,false,OpenLoop_NoFIFO
25.610071,-1,20,9999.645000,71.375000,357.824427,341.114275,460.000000,819,102.175573,OpenLoop,NoFIFO,false,OpenLoop_NoFIFO
25.620084,-1,20,10012.922000,84.297000,358.410705,343.708739,460.000000,819,101.589295,OpenLoop,NoFIFO,false,OpenLoop_NoFIFO
25.630076,-1,20,9991.664000,75.961000,301.032110,337.307245,460.000000,819,158.967890,OpenLoop,NoFIFO,false,OpenLoop_NoFIFO
25.640073,-1,20,9996.607000,72.568000,337.791020,337.379811,460.000000,819,122.208980,OpenLoop,NoFIFO,false,OpenLoop_NoFIFO
25.650072,-1,20,9999.756000,72.324000,372.545582,342.654677,460.000000,819,87.454418,OpenLoop,NoFIFO,false,OpenLoop_NoFIFO
25.660072,-1,20,9999.663000,71.987000,302.256851,336.595003,460.000000,819,157.743149,OpenLoop,NoFIFO,false,OpenLoop_NoFIFO
25.670071,-1,20,9998.589000,70.576000,328.870440,335.436318,460.000000,819,131.129560,OpenLoop,NoFIFO,false,OpenLoop_NoFIFO
25.680071,-1,20,9999.960000,70.536000,380.891116,342.254538,460.000000,819,79.108884,OpenLoop,NoFIFO,false,OpenLoop_NoFIFO
25.690070,-1,20,9999.700000,70.236000,315.960520,338.310435,460.000000,819,144.039480,OpenLoop,NoFIFO,false,OpenLoop_NoFIFO
25.700077,-1,20,10007.126000,77.362000,311.541411,334.295082,460.000000,819,148.458589,OpenLoop,NoFIFO,false,OpenLoop_NoFIFO
25.710073,-1,20,9995.275000,72.637000,387.020398,342.203879,460.000000,819,72.979602,OpenLoop,NoFIFO,false,OpenLoop_NoFIFO
25.720074,-1,20,10001.829000,74.466000,327.269066,339.963657,460.000000,819,132.730934,OpenLoop,NoFIFO,false,OpenLoop_NoFIFO
25.730071,-1,20,9996.997000,71.463000,304.101019,334.584261,460.000000,819,155.898981,OpenLoop,NoFIFO,false,OpenLoop_NoFIFO
25.740073,-1,20,10001.348000,72.811000,405.405405,345.207433,460.000000,819,54.594595,OpenLoop,NoFIFO,false,OpenLoop_NoFIFO
25.750076,-1,20,10003.071000,75.882000,333.234597,343.411508,460.000000,819,126.765403,OpenLoop,NoFIFO,false,OpenLoop_NoFIFO
25.760073,-1,20,9997.608000,73.490000,296.990496,336.448356,460.000000,819,163.009504,OpenLoop,NoFIFO,false,OpenLoop_NoFIFO
25.770071,-1,20,9997.774000,71.264000,393.907563,345.067237,460.000000,819,66.092437,OpenLoop,NoFIFO,false,OpenLoop_NoFIFO
25.780072,-1,20,10000.663000,71.927000,344.488189,344.980380,460.000000,819,115.511811,OpenLoop,NoFIFO,false,OpenLoop_NoFIFO
25.790072,-1,20,9999.608000,71.535000,292.968750,337.178635,460.000000,819,167.031250,OpenLoop,NoFIFO,false,OpenLoop_NoFIFO
25.800068,-1,20,9996.700000,68.235000,388.601036,344.891995,460.000000,819,71.398964,OpenLoop,NoFIFO,false,OpenLoop_NoFIFO
25.810073,-1,20,10005.071000,73.306000,348.772321,345.474044,460.000000,819,111.227679,OpenLoop,NoFIFO,false,OpenLoop_NoFIFO
25.820089,-1,20,10015.237000,88.543000,290.998448,337.302705,460.000000,819,169.001552,OpenLoop,NoFIFO,false,OpenLoop_NoFIFO
25.830077,-1,20,9988.422000,76.965000,370.123084,342.225762,460.000000,819,89.876916,OpenLoop,NoFIFO,false,OpenLoop_NoFIFO
25.840070,-1,20,9992.701000,69.666000,355.691057,344.245556,460.000000,819,104.308943,OpenLoop,NoFIFO,false,OpenLoop_NoFIFO
25.850073,-1,20,10003.700000,73.366000,300.480769,337.680838,460.000000,819,159.519231,OpenLoop,NoFIFO,false,OpenLoop_NoFIFO
25.860077,-1,20,10003.904000,77.270000,359.114466,340.895882,460.000000,819,100.885534,OpenLoop,NoFIFO,false,OpenLoop_NoFIFO
25.870079,-1,20,10001.459000,78.729000,365.639626,344.607444,460.000000,819,94.360374,OpenLoop,NoFIFO,false,OpenLoop_NoFIFO
25.880076,-1,20,9996.923000,75.652000,301.521524,338.144556,460.000000,819,158.478476,OpenLoop,NoFIFO,false,OpenLoop_NoFIFO
25.890083,-1,20,10007.682000,83.334000,353.151683,340.395625,460.000000,819,106.848317,OpenLoop,NoFIFO,false,OpenLoop_NoFIFO
25.900076,-1,20,9992.255000,75.589000,373.134328,345.306430,460.000000,819,86.865672,OpenLoop,NoFIFO,false,OpenLoop_NoFIFO
25.910072,-1,20,9996.719000,72.308000,310.905612,340.146308,460.000000,819,149.094388,OpenLoop,NoFIFO,false,OpenLoop_NoFIFO
25.920072,-1,20,9999.571000,71.879000,339.346042,340.026268,460.000000,819,120.653958,OpenLoop,NoFIFO,false,OpenLoop_NoFIFO
25.930071,-1,20,9999.459000,71.338000,386.757426,347.035942,460.000000,819,73.242574,OpenLoop,NoFIFO,false,OpenLoop_NoFIFO
25.940084,-1,20,10012.163000,83.501000,319.457065,342.899110,460.000000,819,140.542935,OpenLoop,NoFIFO,false,OpenLoop_NoFIFO
25.950084,-1,20,10000.386000,83.887000,317.382812,339.071665,460.000000,819,142.617188,OpenLoop,NoFIFO,false,OpenLoop_NoFIFO
25.960080,-1,20,9995.885000,79.772000,396.258081,347.649628,460.000000,819,63.741919,OpenLoop,NoFIFO,false,OpenLoop_NoFIFO
25.970076,-1,20,9996.034000,75.806000,320.218077,343.534895,460.000000,819,139.781923,OpenLoop,NoFIFO,false,OpenLoop_NoFIFO
25.980074,-1,20,9997.793000,73.599000,306.802244,338.024997,460.000000,819,153.197756,OpenLoop,NoFIFO,false,OpenLoop_NoFIFO
25.990072,-1,20,9998.774000,72.373000,392.670157,346.221771,460.000000,819,67.329843,OpenLoop,NoFIFO,false,OpenLoop_NoFIFO
26.000073,-1,20,10000.774000,73.147000,328.289145,343.531877,460.000000,819,131.710855,OpenLoop,NoFIFO,false,OpenLoop_NoFIFO
26.010074,-1,20,10000.608000,73.755000,290.097989,335.516794,460.000000,819,169.902011,OpenLoop,NoFIFO,false,OpenLoop_NoFIFO
26.020073,-1,20,9998.867000,72.622000,388.288081,343.432487,460.000000,819,71.711919,OpenLoop,NoFIFO,false,OpenLoop_NoFIFO
26.030080,-1,20,10007.108000,79.730000,336.857380,342.446221,460.000000,819,123.142620,OpenLoop,NoFIFO,false,OpenLoop_NoFIFO
26.040075,-1,20,9994.941000,74.671000,291.706558,334.835272,460.000000,819,168.293442,OpenLoop,NoFIFO,false,OpenLoop_NoFIFO
26.050075,-1,20,10000.144000,74.815000,389.004149,342.960603,460.000000,819,70.995851,OpenLoop,NoFIFO,false,OpenLoop_NoFIFO
26.060074,-1,20,9999.404000,74.219000,342.935528,342.956842,460.000000,819,117.064472,OpenLoop,NoFIFO,false,OpenLoop_NoFIFO
26.070073,-1,20,9999.089000,73.308000,298.884166,336.345941,460.000000,819,161.115834,OpenLoop,NoFIFO,false,OpenLoop_NoFIFO
26.080071,-1,20,9998.145000,71.453000,381.279904,343.086035,460.000000,819,78.720096,OpenLoop,NoFIFO,false,OpenLoop_NoFIFO
26.090071,-1,20,9999.774000,71.227000,361.969112,345.918497,460.000000,819,98.030888,OpenLoop,NoFIFO,false,OpenLoop_NoFIFO
26.100070,-1,20,9999.127000,70.354000,300.756187,339.144150,460.000000,819,159.243813,OpenLoop,NoFIFO,false,OpenLoop_NoFIFO
26.110072,-1,20,10002.107000,72.461000,371.042216,343.928860,460.000000,819,88.957784,OpenLoop,NoFIFO,false,OpenLoop_NoFIFO
26.120071,-1,20,9998.552000,71.013000,364.077670,346.951182,460.000000,819,95.922330,OpenLoop,NoFIFO,false,OpenLoop_NoFIFO
26.130071,-1,20,9999.867000,70.880000,306.039173,340.814380,460.000000,819,153.960827,OpenLoop,NoFIFO,false,OpenLoop_NoFIFO
26.140079,-1,20,10007.867000,78.747000,344.036697,341.297728,460.000000,819,115.963303,OpenLoop,NoFIFO,false,OpenLoop_NoFIFO
26.150082,-1,20,10002.941000,81.688000,366.210938,345.034709,460.000000,819,93.789062,OpenLoop,NoFIFO,false,OpenLoop_NoFIFO
26.160075,-1,20,9993.682000,75.370000,307.765152,339.444276,460.000000,819,152.234848,OpenLoop,NoFIFO,false,OpenLoop_NoFIFO
26.170073,-1,20,9997.237000,72.607000,316.394081,335.986746,460.000000,819,143.605919,OpenLoop,NoFIFO,false,OpenLoop_NoFIFO
26.180070,-1,20,9997.774000,70.381000,383.851156,343.166408,460.000000,819,76.148844,OpenLoop,NoFIFO,false,OpenLoop_NoFIFO
26.190072,-1,20,10001.238000,71.619000,311.609687,338.432900,460.000000,819,148.390313,OpenLoop,NoFIFO,false,OpenLoop_NoFIFO
26.200071,-1,20,9999.441000,71.060000,314.597315,334.857562,460.000000,819,145.402685,OpenLoop,NoFIFO,false,OpenLoop_NoFIFO
26.210068,-1,20,9996.607000,67.667000,386.269995,342.569427,460.000000,819,73.730005,OpenLoop,NoFIFO,false,OpenLoop_NoFIFO
26.220072,-1,20,10003.941000,71.608000,322.591318,339.572711,460.000000,819,137.408682,OpenLoop,NoFIFO,false,OpenLoop_NoFIFO
26.230071,-1,20,9999.830000,71.438000,307.089378,334.700211,460.000000,819,152.910622,OpenLoop,NoFIFO,false,OpenLoop_NoFIFO
26.240072,-1,20,10000.330000,71.768000,397.877984,344.176877,460.000000,819,62.122016,OpenLoop,NoFIFO,false,OpenLoop_NoFIFO
26.250071,-1,20,9998.941000,70.709000,332.604068,342.440955,460.000000,819,127.395932,OpenLoop,NoFIFO,false,OpenLoop_NoFIFO
26.260071,-1,20,10000.293000,71.002000,298.250265,335.812352,460.000000,819,161.749735,OpenLoop,NoFIFO,false,OpenLoop_NoFIFO
26.270071,-1,20,9999.552000,70.554000,398.936170,345.280925,460.000000,819,61.063830,OpenLoop,NoFIFO,false,OpenLoop_NoFIFO
26.280072,-1,20,10001.274000,71.828000,339.147287,344.360879,460.000000,819,120.852713,OpenLoop,NoFIFO,false,OpenLoop_NoFIFO
26.290071,-1,20,9999.386000,71.214000,298.859735,337.535707,460.000000,819,161.140265,OpenLoop,NoFIFO,false,OpenLoop_NoFIFO
26.300072,-1,20,10001.108000,72.322000,393.700787,345.960469,460.000000,819,66.299213,OpenLoop,NoFIFO,false,OpenLoop_NoFIFO
26.310071,-1,20,9998.255000,70.577000,348.189415,346.294811,460.000000,819,111.810585,OpenLoop,NoFIFO,false,OpenLoop_NoFIFO
26.320073,-1,20,10002.312000,72.889000,290.002812,337.851011,460.000000,819,169.997188,OpenLoop,NoFIFO,false,OpenLoop_NoFIFO
26.330072,-1,20,9999.311000,72.200000,371.676772,342.924876,460.000000,819,88.323228,OpenLoop,NoFIFO,false,OpenLoop_NoFIFO
26.340071,-1,20,9998.515000,70.715000,350.373732,344.042204,460.000000,819,109.626268,OpenLoop,NoFIFO,false,OpenLoop_NoFIFO
26.350081,-1,20,10010.163000,80.878000,295.526188,336.764802,460.000000,819,164.473812,OpenLoop,NoFIFO,false,OpenLoop_NoFIFO
26.360075,-1,20,9993.941000,74.819000,355.113636,339.517127,460.000000,819,104.886364,OpenLoop,NoFIFO,false,OpenLoop_NoFIFO
26.370071,-1,20,9996.664000,71.483000,359.023456,342.443076,460.000000,819,100.976544,OpenLoop,NoFIFO,false,OpenLoop_NoFIFO
26.380075,-1,20,10003.774000,75.257000,302.256851,336.415142,460.000000,819,157.743149,OpenLoop,NoFIFO,false,OpenLoop_NoFIFO
26.390074,-1,20,9998.441000,73.698000,343.092406,337.416732,460.000000,819,116.907594,OpenLoop,NoFIFO,false,OpenLoop_NoFIFO
26.400073,-1,20,9999.163000,72.861000,371.042216,342.460555,460.000000,819,88.957784,OpenLoop,NoFIFO,false,OpenLoop_NoFIFO
26.410072,-1,20,9999.348000,72.209000,305.298096,336.886186,460.000000,819,154.701904,OpenLoop,NoFIFO,false,OpenLoop_NoFIFO
26.420073,-1,20,10000.886000,73.095000,330.271766,335.894023,460.000000,819,129.728234,OpenLoop,NoFIFO,false,OpenLoop_NoFIFO
26.430072,-1,20,9999.052000,72.147000,384.406657,343.170918,460.000000,819,75.593343,OpenLoop,NoFIFO,false,OpenLoop_NoFIFO
26.440072,-1,20,10000.015000,72.162000,317.382812,339.302702,460.000000,819,142.617188,OpenLoop,NoFIFO,false,OpenLoop_NoFIFO
26.450072,-1,20,9999.941000,72.103000,317.950581,336.099884,460.000000,819,142.049419,OpenLoop,NoFIFO,false,OpenLoop_NoFIFO
26.460072,-1,20,10000.034000,72.137000,394.529195,344.864281,460.000000,819,65.470805,OpenLoop,NoFIFO,false,OpenLoop_NoFIFO
26.470078,-1,20,10005.644000,77.781000,326.167992,342.059837,460.000000,819,133.832008,OpenLoop,NoFIFO,false,OpenLoop_NoFIFO
26.480073,-1,20,9995.441000,73.222000,301.223431,335.934376,460.000000,819,158.776569,OpenLoop,NoFIFO,false,OpenLoop_NoFIFO
26.490076,-1,20,10002.478000,75.700000,395.275298,344.835515,460.000000,819,64.724702,OpenLoop,NoFIFO,false,OpenLoop_NoFIFO
26.500071,-1,20,9995.386000,71.086000,329.213938,342.492278,460.000000,819,130.786062,OpenLoop,NoFIFO,false,OpenLoop_NoFIFO
26.510076,-1,20,10004.830000,75.916000,293.755595,335.181776,460.000000,819,166.244405,OpenLoop,NoFIFO,false,OpenLoop_NoFIFO
26.520087,-1,20,10010.922000,86.838000,392.587940,343.792700,460.000000,819,67.412060,OpenLoop,NoFIFO,false,OpenLoop_NoFIFO
26.530075,-1,20,9988.441000,75.279000,342.820575,343.646882,460.000000,819,117.179425,OpenLoop,NoFIFO,false,OpenLoop_NoFIFO
26.540077,-1,20,10002.089000,77.368000,288.906009,335.435751,460.000000,819,171.093991,OpenLoop,NoFIFO,false,OpenLoop_NoFIFO
26.550089,-1,20,10011.386000,88.754000,383.871702,342.701143,460.000000,819,76.128298,OpenLoop,NoFIFO,false,OpenLoop_NoFIFO
26.560076,-1,20,9987.385000,76.139000,348.143236,343.517457,460.000000,819,111.856764,OpenLoop,NoFIFO,false,OpenLoop_NoFIFO
26.570070,-1,20,9994.330000,70.469000,294.384058,336.147447,460.000000,819,165.615942,OpenLoop,NoFIFO,false,OpenLoop_NoFIFO
26.580070,-1,20,9999.978000,70.447000,377.415459,342.337649,460.000000,819,82.584541,OpenLoop,NoFIFO,false,OpenLoop_NoFIFO
26.590075,-1,20,10004.145000,74.592000,355.113636,344.254047,460.000000,819,104.886364,OpenLoop,NoFIFO,false,OpenLoop_NoFIFO
26.600073,-1,20,9998.330000,72.922000,302.870278,338.046482,460.000000,819,157.129722,OpenLoop,NoFIFO,false,OpenLoop_NoFIFO
26.610072,-1,20,9998.959000,71.881000,366.568915,342.324847,460.000000,819,93.431085,OpenLoop,NoFIFO,false,OpenLoop_NoFIFO
26.620085,-1,20,10012.737000,84.618000,369.288340,346.369371,460.000000,819,90.711660,OpenLoop,NoFIFO,false,OpenLoop_NoFIFO
26.630076,-1,20,9991.738000,76.356000,305.298096,340.208680,460.000000,819,154.701904,OpenLoop,NoFIFO,false,OpenLoop_NoFIFO
26.640088,-1,20,10011.533000,87.889000,348.945409,341.519189,460.000000,819,111.054591,OpenLoop,NoFIFO,false,OpenLoop_NoFIFO
26.650076,-1,20,9988.052000,75.941000,375.000000,346.541311,460.000000,819,85.000000,OpenLoop,NoFIFO,false,OpenLoop_NoFIFO
26.660073,-1,20,9997.441000,73.382000,310.773481,341.176136,460.000000,819,149.226519,OpenLoop,NoFIFO,false,OpenLoop_NoFIFO
26.670079,-1,20,10005.182000,78.564000,329.641350,339.445918,460.000000,819,130.358650,OpenLoop,NoFIFO,false,OpenLoop_NoFIFO
26.680079,-1,20,10000.478000,79.042000,383.174387,346.005189,460.000000,819,76.825613,OpenLoop,NoFIFO,false,OpenLoop_NoFIFO
26.690079,-1,20,10000.015000,79.057000,317.642788,341.750829,460.000000,819,142.357212,OpenLoop,NoFIFO,false,OpenLoop_NoFIFO
26.700074,-1,20,9994.645000,73.702000,306.989924,336.536693,460.000000,819,153.010076,OpenLoop,NoFIFO,false,OpenLoop_NoFIFO
26.710072,-1,20,9998.071000,71.773000,389.722864,344.514619,460.000000,819,70.277136,OpenLoop,NoFIFO,false,OpenLoop_NoFIFO
26.720078,-1,20,10006.441000,78.214000,320.878494,340.969200,460.000000,819,139.121506,OpenLoop,NoFIFO,false,OpenLoop_NoFIFO
26.730072,-1,20,9994.274000,72.488000,301.862925,335.103259,460.000000,819,158.137075,OpenLoop,NoFIFO,false,OpenLoop_NoFIFO
26.740085,-1,20,10012.608000,85.096000,392.259414,343.676682,460.000000,819,67.740586,OpenLoop,NoFIFO,false,OpenLoop_NoFIFO
26.750085,-1,20,9999.978000,85.074000,331.506365,341.851134,460.000000,819,128.493635,OpenLoop,NoFIFO,false,OpenLoop_NoFIFO
26.760076,-1,20,9990.830000,75.904000,291.753112,334.336431,460.000000,819,168.246888,OpenLoop,NoFIFO,false,OpenLoop_NoFIFO
26.770072,-1,20,9996.515000,72.419000,398.437500,343.951591,460.000000,819,61.562500,OpenLoop,NoFIFO,false,OpenLoop_NoFIFO
26.780073,-1,20,10000.755000,73.174000,343.047569,343.815988,460.000000,819,116.952431,OpenLoop,NoFIFO,false,OpenLoop_NoFIFO
26.790072,-1,20,9998.701000,71.875000,294.668762,336.443904,460.000000,819,165.331238,OpenLoop,NoFIFO,false,OpenLoop_NoFIFO
26.800071,-1,20,9998.644000,70.519000,394.736842,345.187845,460.000000,819,65.263158,OpenLoop,NoFIFO,false,OpenLoop_NoFIFO
26.810075,-1,20,10004.589000,75.108000,352.278065,346.251378,460.000000,819,107.721935,OpenLoop,NoFIFO,false,OpenLoop_NoFIFO
26.820073,-1,20,9997.590000,72.698000,297.982885,339.011104,460.000000,819,162.017115,OpenLoop,NoFIFO,false,OpenLoop_NoFIFO
26.830073,-1,20,10000.348000,73.046000,382.262997,345.498888,460.000000,819,77.737003,OpenLoop,NoFIFO,false,OpenLoop_NoFIFO
26.840072,-1,20,9998.497000,71.543000,355.450237,346.991590,460.000000,819,104.549763,OpenLoop,NoFIFO,false,OpenLoop_NoFIFO
26.850072,-1,20,10000.052000,71.595000,295.741325,339.304050,460.000000,819,164.258675,OpenLoop,NoFIFO,false,OpenLoop_NoFIFO
26.860068,-1,20,9996.441000,68.036000,366.568915,343.393780,460.000000,819,93.431085,OpenLoop,NoFIFO,false,OpenLoop_NoFIFO
26.870073,-1,20,10004.644000,72.680000,358.371560,345.640447,460.000000,819,101.628440,OpenLoop,NoFIFO,false,OpenLoop_NoFIFO
26.880070,-1,20,9997.608000,70.288000,303.927681,339.383532,460.000000,819,156.072319,OpenLoop,NoFIFO,false,OpenLoop_NoFIFO
26.890072,-1,20,10001.904000,72.192000,340.555267,339.559292,460.000000,819,119.444733,OpenLoop,NoFIFO,false,OpenLoop_NoFIFO
26.900071,-1,20,9998.311000,70.503000,370.123084,344.143861,460.000000,819,89.876916,OpenLoop,NoFIFO,false,OpenLoop_NoFIFO
26.910070,-1,20,9999.849000,70.352000,305.208899,338.303617,460.000000,819,154.791101,OpenLoop,NoFIFO,false,OpenLoop_NoFIFO
26.920080,-1,20,10009.700000,80.052000,329.486879,336.981106,460.000000,819,130.513121,OpenLoop,NoFIFO,false,OpenLoop_NoFIFO
26.930076,-1,20,9995.737000,75.789000,383.801856,344.004219,460.000000,819,76.198144,OpenLoop,NoFIFO,false,OpenLoop_NoFIFO
26.940079,-1,20,10003.626000,79.415000,317.796610,340.073077,460.000000,819,142.203390,OpenLoop,NoFIFO,false,OpenLoop_NoFIFO
26.950080,-1,20,10000.738000,80.153000,316.065871,336.471996,460.000000,819,143.934129,OpenLoop,NoFIFO,false,OpenLoop_NoFIFO
26.960076,-1,20,9995.867000,76.020000,395.940873,345.392328,460.000000,819,64.059127,OpenLoop,NoFIFO,false,OpenLoop_NoFIFO
26.970073,-1,20,9996.922000,72.942000,331.542437,343.314844,460.000000,819,128.457563,OpenLoop,NoFIFO,false,OpenLoop_NoFIFO
26.980071,-1,20,9998.256000,71.198000,305.944056,337.709226,460.000000,819,154.055944,OpenLoop,NoFIFO,false,OpenLoop_NoFIFO
26.990071,-1,20,9999.904000,71.102000,397.995283,346.752135,460.000000,819,62.004717,OpenLoop,NoFIFO,false,OpenLoop_NoFIFO
27.000072,-1,20,10000.626000,71.728000,326.217880,343.671996,460.000000,819,133.782120,OpenLoop,NoFIFO,false,OpenLoop_NoFIFO
27.010080,-1,20,10008.256000,79.984000,295.382937,336.428638,460.000000,819,164.617063,OpenLoop,NoFIFO,false,OpenLoop_NoFIFO
27.020075,-1,20,9994.552000,74.536000,389.610390,344.405900,460.000000,819,70.389610,OpenLoop,NoFIFO,false,OpenLoop_NoFIFO
27.030071,-1,20,9996.811000,71.347000,331.038136,342.400736,460.000000,819,128.961864,OpenLoop,NoFIFO,false,OpenLoop_NoFIFO
27.040102,-1,20,10030.719000,102.066000,290.329392,334.590034,460.000000,819,169.670608,OpenLoop,NoFIFO,false,OpenLoop_NoFIFO
27.050071,-1,20,9969.145000,71.211000,378.532974,341.181475,460.000000,819,81.467026,OpenLoop,NoFIFO,false,OpenLoop_NoFIFO
27.060072,-1,20,10000.367000,71.578000,349.412271,342.416094,460.000000,819,110.587729,OpenLoop,NoFIFO,false,OpenLoop_NoFIFO
27.070071,-1,20,9999.552000,71.130000,291.010029,334.705185,460.000000,819,168.989971,OpenLoop,NoFIFO,false,OpenLoop_NoFIFO
27.080071,-1,20,10000.219000,71.349000,375.187594,340.777546,460.000000,819,84.812406,OpenLoop,NoFIFO,false,OpenLoop_NoFIFO
27.090071,-1,20,9999.293000,70.642000,347.222222,341.744247,460.000000,819,112.777778,OpenLoop,NoFIFO,false,OpenLoop_NoFIFO
27.100070,-1,20,9999.829000,70.471000,298.566879,335.267642,460.000000,819,161.433121,OpenLoop,NoFIFO,false,OpenLoop_NoFIFO
27.110070,-1,20,9999.867000,70.338000,354.009329,338.078895,460.000000,819,105.990671,OpenLoop,NoFIFO,false,OpenLoop_NoFIFO
27.120070,-1,20,10000.127000,70.465000,358.998906,341.216897,460.000000,819,101.001094,OpenLoop,NoFIFO,false,OpenLoop_NoFIFO
27.130070,-1,20,9999.126000,69.591000,306.086754,335.947375,460.000000,819,153.913246,OpenLoop,NoFIFO,false,OpenLoop_NoFIFO
27.140106,-1,20,10036.607000,106.198000,347.958643,337.749065,460.000000,819,112.041357,OpenLoop,NoFIFO,false,OpenLoop_NoFIFO
27.150082,-1,20,9975.608000,81.806000,377.129673,343.656157,460.000000,819,82.870327,OpenLoop,NoFIFO,false,OpenLoop_NoFIFO
27.160077,-1,20,9995.293000,77.099000,311.117257,338.775322,460.000000,819,148.882743,OpenLoop,NoFIFO,false,OpenLoop_NoFIFO
27.170072,-1,20,9994.922000,72.021000,331.975921,337.755411,460.000000,819,128.024079,OpenLoop,NoFIFO,false,OpenLoop_NoFIFO
27.180072,-1,20,10000.219000,72.240000,383.481713,344.614357,460.000000,819,76.518287,OpenLoop,NoFIFO,false,OpenLoop_NoFIFO
27.190072,-1,20,10000.126000,72.366000,316.722973,340.430649,460.000000,819,143.277027,OpenLoop,NoFIFO,false,OpenLoop_NoFIFO
27.200088,-1,20,10015.589000,87.955000,320.915107,337.503318,460.000000,819,139.084893,OpenLoop,NoFIFO,false,OpenLoop_NoFIFO
27.210076,-1,20,9988.516000,76.471000,389.975042,345.374076,460.000000,819,70.024958,OpenLoop,NoFIFO,false,OpenLoop_NoFIFO
27.220071,-1,20,9994.329000,70.800000,321.061644,341.727212,460.000000,819,138.938356,OpenLoop,NoFIFO,false,OpenLoop_NoFIFO
27.230072,-1,20,10001.127000,71.927000,301.670792,335.718749,460.000000,819,158.329208,OpenLoop,NoFIFO,false,OpenLoop_NoFIFO
27.240072,-1,20,10000.200000,72.127000,390.816577,343.983423,460.000000,819,69.183423,OpenLoop,NoFIFO,false,OpenLoop_NoFIFO
27.250071,-1,20,9999.348000,71.475000,327.797203,341.555490,460.000000,819,132.202797,OpenLoop,NoFIFO,false,OpenLoop_NoFIFO
27.260075,-1,20,10003.793000,75.268000,298.838798,335.147986,460.000000,819,161.161202,OpenLoop,NoFIFO,false,OpenLoop_NoFIFO
27.270071,-1,20,9996.145000,71.413000,395.569620,344.211231,460.000000,819,64.430380,OpenLoop,NoFIFO,false,OpenLoop_NoFIFO
27.280068,-1,20,9996.885000,68.298000,338.203463,343.310066,460.000000,819,121.796537,OpenLoop,NoFIFO,false,OpenLoop_NoFIFO
27.290080,-1,20,10012.108000,80.406000,292.056075,335.621967,460.000000,819,167.943925,OpenLoop,NoFIFO,false,OpenLoop_NoFIFO
27.300076,-1,20,9995.608000,76.014000,396.196513,344.708149,460.000000,819,63.803487,OpenLoop,NoFIFO,false,OpenLoop_NoFIFO
27.310075,-1,20,9998.496000,74.510000,346.879625,345.033871,460.000000,819,113.120375,OpenLoop,NoFIFO,false,OpenLoop_NoFIFO
27.320074,-1,20,9999.812000,74.322000,298.566879,338.063822,460.000000,819,161.433121,OpenLoop,NoFIFO,false,OpenLoop_NoFIFO
27.330074,-1,20,9999.570000,73.892000,380.007153,344.355322,460.000000,819,79.992847,OpenLoop,NoFIFO,false,OpenLoop_NoFIFO
27.340077,-1,20,10003.293000,77.185000,353.202368,345.682379,460.000000,819,106.797632,OpenLoop,NoFIFO,false,OpenLoop_NoFIFO
27.350075,-1,20,9998.015000,75.200000,297.401171,338.440197,460.000000,819,162.598829,OpenLoop,NoFIFO,false,OpenLoop_NoFIFO
27.360072,-1,20,9997.237000,72.437000,361.689815,341.927640,460.000000,819,98.310185,OpenLoop,NoFIFO,false,OpenLoop_NoFIFO
27.370072,-1,20,9999.516000,71.953000,367.107195,345.704573,460.000000,819,92.892805,OpenLoop,NoFIFO,false,OpenLoop_NoFIFO
27.380072,-1,20,10000.033000,71.986000,301.446945,339.065929,460.000000,819,158.553055,OpenLoop,NoFIFO,false,OpenLoop_NoFIFO
27.390068,-1,20,9996.404000,68.390000,355.498375,341.530796,460.000000,819,104.501625,OpenLoop,NoFIFO,false,OpenLoop_NoFIFO
27.400072,-1,20,10003.237000,71.627000,366.032211,345.206008,460.000000,819,93.967789,OpenLoop,NoFIFO,false,OpenLoop_NoFIFO
27.410072,-1,20,10000.330000,71.957000,307.299546,339.520039,460.000000,819,152.700454,OpenLoop,NoFIFO,false,OpenLoop_NoFIFO
27.420072,-1,20,9999.589000,71.546000,334.026128,338.695952,460.000000,819,125.973872,OpenLoop,NoFIFO,false,OpenLoop_NoFIFO
27.430072,-1,20,10000.553000,72.099000,378.227542,344.625691,460.000000,819,81.772458,OpenLoop,NoFIFO,false,OpenLoop_NoFIFO
27.440071,-1,20,9998.626000,70.725000,312.797903,339.851523,460.000000,819,147.202097,OpenLoop,NoFIFO,false,OpenLoop_NoFIFO
27.450072,-1,20,10001.478000,72.203000,316.558442,336.357560,460.000000,819,143.441558,OpenLoop,NoFIFO,false,OpenLoop_NoFIFO
27.460071,-1,20,9998.922000,71.125000,387.773723,344.069985,460.000000,819,72.226277,OpenLoop,NoFIFO,false,OpenLoop_NoFIFO
27.470072,-1,20,10000.682000,71.807000,321.909667,340.745937,460.000000,819,138.090333,OpenLoop,NoFIFO,false,OpenLoop_NoFIFO
27.480072,-1,20,9999.941000,71.748000,311.461794,336.353316,460.000000,819,148.538206,OpenLoop,NoFIFO,false,OpenLoop_NoFIFO
27.490071,-1,20,9999.663000,71.411000,397.667020,345.550371,460.000000,819,62.332980,OpenLoop,NoFIFO,false,OpenLoop_NoFIFO
27.500070,-1,20,9999.089000,70.500000,335.780802,344.084936,460.000000,819,124.219198,OpenLoop,NoFIFO,false,OpenLoop_NoFIFO
27.510071,-1,20,10000.534000,71.034000,296.052632,336.880090,460.000000,819,163.947368,OpenLoop,NoFIFO,false,OpenLoop_NoFIFO
27.520071,-1,20,10000.200000,71.234000,400.450878,346.415708,460.000000,819,59.549122,OpenLoop,NoFIFO,false,OpenLoop_NoFIFO
27.530072,-1,20,10000.515000,71.749000,338.541667,345.234602,460.000000,819,121.458333,OpenLoop,NoFIFO,false,OpenLoop_NoFIFO
27.540070,-1,20,9998.367000,70.116000,296.409214,337.910794,460.000000,819,163.590786,OpenLoop,NoFIFO,false,OpenLoop_NoFIFO
27.550076,-1,20,10006.312000,76.428000,390.408107,345.785391,460.000000,819,69.591893,OpenLoop,NoFIFO,false,OpenLoop_NoFIFO
27.560072,-1,20,9995.755000,72.183000,341.530055,345.147090,460.000000,819,118.469945,OpenLoop,NoFIFO,false,OpenLoop_NoFIFO
27.570072,-1,20,9999.849000,72.032000,293.803419,337.445540,460.000000,819,166.196581,OpenLoop,NoFIFO,false,OpenLoop_NoFIFO
27.580070,-1,20,9998.293000,70.325000,363.537865,341.359388,460.000000,819,96.462135,OpenLoop,NoFIFO,false,OpenLoop_NoFIFO
27.590072,-1,20,10001.811000,72.136000,351.123596,342.824020,460.000000,819,108.876404,OpenLoop,NoFIFO,false,OpenLoop_NoFIFO
27.600071,-1,20,9999.330000,71.466000,297.256098,335.988831,460.000000,819,162.743902,OpenLoop,NoFIFO,false,OpenLoop_NoFIFO
27.610072,-1,20,10000.071000,71.537000,363.372093,340.096321,460.000000,819,96.627907,OpenLoop,NoFIFO,false,OpenLoop_NoFIFO
27.620079,-1,20,10007.441000,78.978000,354.155424,342.205186,460.000000,819,105.844576,OpenLoop,NoFIFO,false,OpenLoop_NoFIFO
27.630088,-1,20,10008.533000,87.511000,304.383117,336.531876,460.000000,819,155.616883,OpenLoop,NoFIFO,false,OpenLoop_NoFIFO
27.640076,-1,20,9988.960000,76.471000,341.841386,337.328302,460.000000,819,118.158614,OpenLoop,NoFIFO,false,OpenLoop_NoFIFO
27.650073,-1,20,9996.922000,73.393000,374.002660,342.829456,460.000000,819,85.997340,OpenLoop,NoFIFO,false,OpenLoop_NoFIFO
27.660072,-1,20,9998.515000,71.908000,311.166430,338.080002,460.000000,819,148.833570,OpenLoop,NoFIFO,false,OpenLoop_NoFIFO
27.670078,-1,20,10005.941000,77.849000,339.346042,338.269908,460.000000,819,120.653958,OpenLoop,NoFIFO,false,OpenLoop_NoFIFO
27.680076,-1,20,9997.867000,75.716000,384.024578,345.133108,460.000000,819,75.975422,OpenLoop,NoFIFO,false,OpenLoop_NoFIFO
27.690071,-1,20,9995.052000,70.768000,316.265060,340.802901,460.000000,819,143.734940,OpenLoop,NoFIFO,false,OpenLoop_NoFIFO
27.700072,-1,20,10000.923000,71.691000,321.909667,337.968916,460.000000,819,138.090333,OpenLoop,NoFIFO,false,OpenLoop_NoFIFO
27.710070,-1,20,9998.422000,70.113000,393.130242,346.243115,460.000000,819,66.869758,OpenLoop,NoFIFO,false,OpenLoop_NoFIFO
27.720080,-1,20,10009.978000,80.091000,326.392608,343.265539,460.000000,819,133.607392,OpenLoop,NoFIFO,false,OpenLoop_NoFIFO
27.730076,-1,20,9995.645000,75.736000,303.678852,337.327536,460.000000,819,156.321148,OpenLoop,NoFIFO,false,OpenLoop_NoFIFO
27.740080,-1,20,10004.682000,80.418000,397.456280,346.346848,460.000000,819,62.543720,OpenLoop,NoFIFO,false,OpenLoop_NoFIFO
27.750086,-1,20,10005.570000,85.988000,322.830579,342.819407,460.000000,819,137.169421,OpenLoop,NoFIFO,false,OpenLoop_NoFIFO
27.760070,-1,20,9984.293000,70.281000,293.887147,335.479568,460.000000,819,166.112853,OpenLoop,NoFIFO,false,OpenLoop_NoFIFO
27.770076,-1,20,10005.700000,75.981000,390.242409,343.693994,460.000000,819,69.757591,OpenLoop,NoFIFO,false,OpenLoop_NoFIFO
27.780073,-1,20,9997.127000,73.108000,337.043695,342.696449,460.000000,819,122.956305,OpenLoop,NoFIFO,false,OpenLoop_NoFIFO
27.790072,-1,20,9998.737000,71.845000,291.566986,335.027030,460.000000,819,168.433014,OpenLoop,NoFIFO,false,OpenLoop_NoFIFO
27.800086,-1,20,10013.756000,85.601000,389.004149,343.123598,460.000000,819,70.995851,OpenLoop,NoFIFO,false,OpenLoop_NoFIFO
27.810076,-1,20,9990.219000,75.820000,346.740638,343.666154,460.000000,819,113.259362,OpenLoop,NoFIFO,false,OpenLoop_NoFIFO
27.820072,-1,20,9996.200000,72.020000,295.896896,336.500765,460.000000,819,164.103104,OpenLoop,NoFIFO,false,OpenLoop_NoFIFO
27.830069,-1,20,9996.793000,68.813000,386.082849,343.938078,460.000000,819,73.917151,OpenLoop,NoFIFO,false,OpenLoop_NoFIFO
27.840076,-1,20,10007.607000,76.420000,356.270358,345.787920,460.000000,819,103.729642,OpenLoop,NoFIFO,false,OpenLoop_NoFIFO
27.850079,-1,20,10002.960000,79.380000,305.232558,339.704616,460.000000,819,154.767442,OpenLoop,NoFIFO,false,OpenLoop_NoFIFO
27.860075,-1,20,9996.070000,75.450000,369.094488,344.113096,460.000000,819,90.905512,OpenLoop,NoFIFO,false,OpenLoop_NoFIFO
27.870072,-1,20,9996.090000,71.540000,369.276219,347.887565,460.000000,819,90.723781,OpenLoop,NoFIFO,false,OpenLoop_NoFIFO
27.880072,-1,20,10000.941000,72.481000,303.889789,341.287898,460.000000,819,156.110211,OpenLoop,NoFIFO,false,OpenLoop_NoFIFO
27.890083,-1,20,10010.385000,82.866000,343.721357,341.652917,460.000000,819,116.278643,OpenLoop,NoFIFO,false,OpenLoop_NoFIFO
27.900076,-1,20,9993.237000,76.103000,368.411928,345.666769,460.000000,819,91.588072,OpenLoop,NoFIFO,false,OpenLoop_NoFIFO
27.910073,-1,20,9996.664000,72.767000,301.608579,339.058040,460.000000,819,158.391421,OpenLoop,NoFIFO,false,OpenLoop_NoFIFO
27.920086,-1,20,10013.663000,86.430000,323.447452,336.716452,460.000000,819,136.552548,OpenLoop,NoFIFO,false,OpenLoop_NoFIFO
27.930071,-1,20,9984.515000,70.945000,382.561210,343.593166,460.000000,819,77.438790,OpenLoop,NoFIFO,false,OpenLoop_NoFIFO
27.940086,-1,20,10015.311000,86.256000,316.887676,339.587342,460.000000,819,143.112324,OpenLoop,NoFIFO,false,OpenLoop_NoFIFO
27.950078,-1,20,9991.515000,77.771000,312.947067,335.591301,460.000000,819,147.052933,OpenLoop,NoFIFO,false,OpenLoop_NoFIFO
27.960087,-1,20,10009.126000,86.897000,393.287887,344.245789,460.000000,819,66.712113,OpenLoop,NoFIFO,false,OpenLoop_NoFIFO
27.970075,-1,20,9988.460000,75.357000,321.376102,340.815336,460.000000,819,138.623898,OpenLoop,NoFIFO,false,OpenLoop_NoFIFO
27.980071,-1,20,9995.219000,70.576000,308.968927,336.038374,460.000000,819,151.031073,OpenLoop,NoFIFO,false,OpenLoop_NoFIFO
27.990072,-1,20,10001.811000,72.387000,389.610390,344.074177,460.000000,819,70.389610,OpenLoop,NoFIFO,false,OpenLoop_NoFIFO
28.000067,-1,20,9994.386000,66.773000,329.939668,341.954000,460.000000,819,130.060332,OpenLoop,NoFIFO,false,OpenLoop_NoFIFO
28.010073,-1,20,10005.793000,72.566000,299.006379,335.511857,460.000000,819,160.993621,OpenLoop,NoFIFO,false,OpenLoop_NoFIFO
28.020068,-1,20,9995.515000,68.081000,397.047833,344.742253,460.000000,819,62.952167,OpenLoop,NoFIFO,false,OpenLoop_NoFIFO
28.030072,-1,20,10003.626000,71.707000,337.057011,343.589467,460.000000,819,122.942989,OpenLoop,NoFIFO,false,OpenLoop_NoFIFO
28.040071,-1,20,9998.830000,70.537000,294.384058,336.208656,460.000000,819,165.615942,OpenLoop,NoFIFO,false,OpenLoop_NoFIFO
28.050072,-1,20,10000.996000,71.533000,399.786780,345.745374,460.000000,819,60.213220,OpenLoop,NoFIFO,false,OpenLoop_NoFIFO
28.060078,-1,20,10006.478000,78.011000,342.653509,345.281595,460.000000,819,117.346491,OpenLoop,NoFIFO,false,OpenLoop_NoFIFO
28.070074,-1,20,9996.293000,74.304000,294.811321,337.711053,460.000000,819,165.188679,OpenLoop,NoFIFO,false,OpenLoop_NoFIFO
28.080071,-1,20,9996.552000,70.856000,372.371495,342.910120,460.000000,819,87.628505,OpenLoop,NoFIFO,false,OpenLoop_NoFIFO
28.090072,-1,20,10000.941000,71.797000,353.392569,344.482487,460.000000,819,106.607431,OpenLoop,NoFIFO,false,OpenLoop_NoFIFO
28.100072,-1,20,9999.904000,71.701000,295.956775,337.203630,460.000000,819,164.043225,OpenLoop,NoFIFO,false,OpenLoop_NoFIFO
28.110072,-1,20,10000.534000,72.235000,357.824427,340.296750,460.000000,819,102.175573,OpenLoop,NoFIFO,false,OpenLoop_NoFIFO
28.120071,-1,20,9998.496000,70.731000,360.750361,343.364792,460.000000,819,99.249639,OpenLoop,NoFIFO,false,OpenLoop_NoFIFO
28.130072,-1,20,10001.534000,72.265000,301.608579,337.101360,460.000000,819,158.391421,OpenLoop,NoFIFO,false,OpenLoop_NoFIFO
28.140071,-1,20,9998.608000,70.873000,346.100600,338.451246,460.000000,819,113.899400,OpenLoop,NoFIFO,false,OpenLoop_NoFIFO
28.150088,-1,20,10016.885000,87.758000,369.822485,343.156932,460.000000,819,90.177515,OpenLoop,NoFIFO,false,OpenLoop_NoFIFO
28.160075,-1,20,9987.441000,75.199000,310.272403,338.224252,460.000000,819,149.727597,OpenLoop,NoFIFO,false,OpenLoop_NoFIFO
28.170074,-1,20,9998.904000,74.103000,335.460401,337.809675,460.000000,819,124.539599,OpenLoop,NoFIFO,false,OpenLoop_NoFIFO
28.180075,-1,20,10000.904000,75.007000,383.174387,344.614381,460.000000,819,76.825613,OpenLoop,NoFIFO,false,OpenLoop_NoFIFO
28.190073,-1,20,9998.404000,73.411000,314.446574,340.089210,460.000000,819,145.553426,OpenLoop,NoFIFO,false,OpenLoop_NoFIFO
28.200074,-1,20,10001.071000,74.482000,316.229891,336.510312,460.000000,819,143.770109,OpenLoop,NoFIFO,false,OpenLoop_NoFIFO
28.210074,-1,20,9999.255000,73.737000,389.902957,344.519209,460.000000,819,70.097043,OpenLoop,NoFIFO,false,OpenLoop_NoFIFO
28.220073,-1,20,9999.293000,73.030000,321.909667,341.127778,460.000000,819,138.090333,OpenLoop,NoFIFO,false,OpenLoop_NoFIFO
28.230073,-1,20,10000.441000,73.471000,309.990553,336.457194,460.000000,819,150.009447,OpenLoop,NoFIFO,false,OpenLoop_NoFIFO
28.240074,-1,20,10000.515000,73.986000,395.361096,345.292779,460.000000,819,64.638904,OpenLoop,NoFIFO,false,OpenLoop_NoFIFO
28.250074,-1,20,9999.756000,73.742000,326.330184,342.448390,460.000000,819,133.669816,OpenLoop,NoFIFO,false,OpenLoop_NoFIFO
28.260074,-1,20,9999.812000,73.554000,290.847983,334.708329,460.000000,819,169.152017,OpenLoop,NoFIFO,false,OpenLoop_NoFIFO
28.270073,-1,20,9999.737000,73.291000,389.363175,342.906556,460.000000,819,70.636825,OpenLoop,NoFIFO,false,OpenLoop_NoFIFO
28.280074,-1,20,10000.237000,73.528000,328.681230,340.772757,460.000000,819,131.318770,OpenLoop,NoFIFO,false,OpenLoop_NoFIFO
28.290073,-1,20,9999.645000,73.173000,291.149068,333.329204,460.000000,819,168.850932,OpenLoop,NoFIFO,false,OpenLoop_NoFIFO
28.300082,-1,20,10008.404000,81.577000,386.398764,341.289638,460.000000,819,73.601236,OpenLoop,NoFIFO,false,OpenLoop_NoFIFO
28.310077,-1,20,9995.256000,76.833000,346.629693,342.090646,460.000000,819,113.370307,OpenLoop,NoFIFO,false,OpenLoop_NoFIFO
28.320072,-1,20,9995.552000,72.385000,294.414536,334.939229,460.000000,819,165.585464,OpenLoop,NoFIFO,false,OpenLoop_NoFIFO
28.330073,-1,20,10000.552000,72.937000,382.011026,341.999999,460.000000,819,77.988974,OpenLoop,NoFIFO,false,OpenLoop_NoFIFO
28.340071,-1,20,9998.348000,71.285000,351.123596,343.368538,460.000000,819,108.876404,OpenLoop,NoFIFO,false,OpenLoop_NoFIFO
28.350072,-1,20,10000.979000,72.264000,297.401171,336.473433,460.000000,819,162.598829,OpenLoop,NoFIFO,false,OpenLoop_NoFIFO
28.360072,-1,20,9999.755000,72.019000,371.042216,341.658751,460.000000,819,88.957784,OpenLoop,NoFIFO,false,OpenLoop_NoFIFO
28.370076,-1,20,10004.367000,76.386000,362.875683,344.841291,460.000000,819,97.124317,OpenLoop,NoFIFO,false,OpenLoop_NoFIFO
28.380074,-1,20,9997.312000,73.698000,305.540467,338.946167,460.000000,819,154.459533,OpenLoop,NoFIFO,false,OpenLoop_NoFIFO
28.390074,-1,20,10000.792000,74.490000,349.976668,340.600742,460.000000,819,110.023332,OpenLoop,NoFIFO,false,OpenLoop_NoFIFO
28.400074,-1,20,9999.534000,74.024000,374.600426,345.700695,460.000000,819,85.399574,OpenLoop,NoFIFO,false,OpenLoop_NoFIFO
28.410074,-1,20,10000.386000,74.410000,304.948885,339.587923,460.000000,819,155.051115,OpenLoop,NoFIFO,false,OpenLoop_NoFIFO
28.420073,-1,20,9998.718000,73.128000,333.173866,338.625815,460.000000,819,126.826134,OpenLoop,NoFIFO,false,OpenLoop_NoFIFO
28.430073,-1,20,10000.219000,73.347000,376.417100,344.294507,460.000000,819,83.582900,OpenLoop,NoFIFO,false,OpenLoop_NoFIFO
28.440073,-1,20,9999.793000,73.140000,309.170472,339.025902,460.000000,819,150.829528,OpenLoop,NoFIFO,false,OpenLoop_NoFIFO
28.450074,-1,20,10000.811000,73.951000,318.722681,335.980419,460.000000,819,141.277319,OpenLoop,NoFIFO,false,OpenLoop_NoFIFO
28.460076,-1,20,10002.256000,76.207000,386.398764,343.543171,460.000000,819,73.601236,OpenLoop,NoFIFO,false,OpenLoop_NoFIFO
28.470075,-1,20,9998.775000,74.982000,321.533562,340.241729,460.000000,819,138.466438,OpenLoop,NoFIFO,false,OpenLoop_NoFIFO
28.480074,-1,20,9998.681000,73.663000,300.963082,334.349932,460.000000,819,159.036918,OpenLoop,NoFIFO,false,OpenLoop_NoFIFO
28.490073,-1,20,9999.812000,73.475000,394.829200,343.421822,460.000000,819,65.170800,OpenLoop,NoFIFO,false,OpenLoop_NoFIFO
28.500074,-1,20,10000.867000,74.342000,323.963317,340.503047,460.000000,819,136.036683,OpenLoop,NoFIFO,false,OpenLoop_NoFIFO
28.510074,-1,20,9999.367000,73.709000,298.128669,334.146890,460.000000,819,161.871331,OpenLoop,NoFIFO,false,OpenLoop_NoFIFO
28.520074,-1,20,10000.366000,74.075000,390.218522,342.557635,460.000000,819,69.781478,OpenLoop,NoFIFO,false,OpenLoop_NoFIFO
28.530077,-1,20,10003.349000,77.424000,334.026128,341.277909,460.000000,819,125.973872,OpenLoop,NoFIFO,false,OpenLoop_NoFIFO
28.540078,-1,20,10000.719000,78.143000,294.811321,334.307921,460.000000,819,165.188679,OpenLoop,NoFIFO,false,OpenLoop_NoFIFO
28.550075,-1,20,9996.811000,74.954000,390.625000,342.755483,460.000000,819,69.375000,OpenLoop,NoFIFO,false,OpenLoop_NoFIFO
28.560074,-1,20,9999.441000,74.395000,344.488189,343.015389,460.000000,819,115.511811,OpenLoop,NoFIFO,false,OpenLoop_NoFIFO
28.570073,-1,20,9998.978000,73.373000,295.813107,335.935046,460.000000,819,164.186893,OpenLoop,NoFIFO,false,OpenLoop_NoFIFO
28.580073,-1,20,9999.923000,73.296000,391.440501,344.260864,460.000000,819,68.559499,OpenLoop,NoFIFO,false,OpenLoop_NoFIFO
28.590074,-1,20,10001.052000,74.348000,350.510967,345.198380,460.000000,819,109.489033,OpenLoop,NoFIFO,false,OpenLoop_NoFIFO
28.600074,-1,20,9999.626000,73.974000,298.713235,338.225608,460.000000,819,161.286765,OpenLoop,NoFIFO,false,OpenLoop_NoFIFO
28.610074,-1,20,9999.663000,73.637000,365.853659,342.369816,460.000000,819,94.146341,OpenLoop,NoFIFO,false,OpenLoop_NoFIFO
28.620080,-1,20,10006.256000,79.893000,362.996902,345.463879,460.000000,819,97.003098,OpenLoop,NoFIFO,false,OpenLoop_NoFIFO
28.630075,-1,20,9995.182000,75.075000,298.859735,338.473257,460.000000,819,161.140265,OpenLoop,NoFIFO,false,OpenLoop_NoFIFO
28.640074,-1,20,9999.015000,74.090000,346.855180,339.730546,460.000000,819,113.144820,OpenLoop,NoFIFO,false,OpenLoop_NoFIFO
28.650074,-1,20,10000.311000,74.401000,368.923611,344.109505,460.000000,819,91.076389,OpenLoop,NoFIFO,false,OpenLoop_NoFIFO
28.660075,-1,20,10000.608000,75.009000,304.383117,338.150547,460.000000,819,155.616883,OpenLoop,NoFIFO,false,OpenLoop_NoFIFO
28.670075,-1,20,10000.182000,75.191000,332.446809,337.294986,460.000000,819,127.553191,OpenLoop,NoFIFO,false,OpenLoop_NoFIFO
28.680074,-1,20,9998.848000,74.039000,380.478896,343.772573,460.000000,819,79.521104,OpenLoop,NoFIFO,false,OpenLoop_NoFIFO
28.690074,-1,20,10000.311000,74.350000,318.104702,339.922392,460.000000,819,141.895298,OpenLoop,NoFIFO,false,OpenLoop_NoFIFO
28.700073,-1,20,9999.145000,73.495000,312.179816,335.761006,460.000000,819,147.820184,OpenLoop,NoFIFO,false,OpenLoop_NoFIFO
28.710073,-1,20,9999.830000,73.325000,394.644528,344.593534,460.000000,819,65.355472,OpenLoop,NoFIFO,false,OpenLoop_NoFIFO
28.720074,-1,20,10000.756000,74.081000,319.044503,340.761179,460.000000,819,140.955497,OpenLoop,NoFIFO,false,OpenLoop_NoFIFO
28.730074,-1,20,9999.589000,73.670000,313.395415,336.656315,460.000000,819,146.604585,OpenLoop,NoFIFO,false,OpenLoop_NoFIFO
28.740076,-1,20,10001.923000,75.593000,399.361022,346.062021,460.000000,819,60.638978,OpenLoop,NoFIFO,false,OpenLoop_NoFIFO
28.750079,-1,20,10003.552000,79.145000,332.132735,343.972628,460.000000,819,127.867265,OpenLoop,NoFIFO,false,OpenLoop_NoFIFO
28.760075,-1,20,9996.089000,75.234000,296.520822,336.854857,460.000000,819,163.479178,OpenLoop,NoFIFO,false,OpenLoop_NoFIFO
28.770075,-1,20,10000.256000,75.490000,398.371105,346.082294,460.000000,819,61.628895,OpenLoop,NoFIFO,false,OpenLoop_NoFIFO
28.780075,-1,20,9999.552000,75.042000,336.538462,344.650719,460.000000,819,123.461538,OpenLoop,NoFIFO,false,OpenLoop_NoFIFO
28.790074,-1,20,9999.052000,74.094000,292.827967,336.877307,460.000000,819,167.172033,OpenLoop,NoFIFO,false,OpenLoop_NoFIFO
28.800074,-1,20,9999.867000,73.961000,397.877984,346.027408,460.000000,819,62.122016,OpenLoop,NoFIFO,false,OpenLoop_NoFIFO
28.810074,-1,20,9999.589000,73.550000,337.716138,344.780718,460.000000,819,122.283862,OpenLoop,NoFIFO,false,OpenLoop_NoFIFO
28.820074,-1,20,9999.997000,73.547000,292.207792,336.894779,460.000000,819,167.792208,OpenLoop,NoFIFO,false,OpenLoop_NoFIFO
28.830073,-1,20,9999.552000,73.099000,377.665877,343.010444,460.000000,819,82.334123,OpenLoop,NoFIFO,false,OpenLoop_NoFIFO
28.840074,-1,20,10000.700000,73.799000,348.328025,343.808081,460.000000,819,111.671975,OpenLoop,NoFIFO,false,OpenLoop_NoFIFO
28.850074,-1,20,9999.904000,73.703000,290.871122,335.867537,460.000000,819,169.128878,OpenLoop,NoFIFO,false,OpenLoop_NoFIFO
28.860074,-1,20,9999.848000,73.551000,371.630550,341.231989,460.000000,819,88.369450,OpenLoop,NoFIFO,false,OpenLoop_NoFIFO
28.870074,-1,20,10000.645000,74.196000,356.803045,343.567647,460.000000,819,103.196955,OpenLoop,NoFIFO,false,OpenLoop_NoFIFO
28.880074,-1,20,9999.867000,74.063000,304.054054,337.640608,460.000000,819,155.945946,OpenLoop,NoFIFO,false,OpenLoop_NoFIFO
28.890074,-1,20,9999.719000,73.782000,353.606789,340.035535,460.000000,819,106.393211,OpenLoop,NoFIFO,false,OpenLoop_NoFIFO
28.900073,-1,20,9999.682000,73.464000,375.200107,345.310221,460.000000,819,84.799893,OpenLoop,NoFIFO,false,OpenLoop_NoFIFO
28.910075,-1,20,10001.422000,74.886000,315.050408,340.771249,460.000000,819,144.949592,OpenLoop,NoFIFO,false,OpenLoop_NoFIFO
28.920074,-1,20,9999.237000,74.123000,334.650688,339.853165,460.000000,819,125.349312,OpenLoop,NoFIFO,false,OpenLoop_NoFIFO
28.930074,-1,20,9999.627000,73.750000,389.860568,347.354275,460.000000,819,70.139432,OpenLoop,NoFIFO,false,OpenLoop_NoFIFO
28.940073,-1,20,9999.181000,72.931000,316.065871,342.661015,460.000000,819,143.934129,OpenLoop,NoFIFO,false,OpenLoop_NoFIFO
28.950075,-1,20,10001.886000,74.817000,324.919131,339.999732,460.000000,819,135.080869,OpenLoop,NoFIFO,false,OpenLoop_NoFIFO
28.960074,-1,20,9999.015000,73.832000,385.273973,346.790868,460.000000,819,74.726027,OpenLoop,NoFIFO,false,OpenLoop_NoFIFO
28.970074,-1,20,10000.182000,74.014000,320.622435,342.865603,460.000000,819,139.377565,OpenLoop,NoFIFO,false,OpenLoop_NoFIFO
28.980073,-1,20,9999.367000,73.381000,301.608579,336.677050,460.000000,819,158.391421,OpenLoop,NoFIFO,false,OpenLoop_NoFIFO
28.990073,-1,20,10000.015000,73.396000,391.777286,344.942085,460.000000,819,68.222714,OpenLoop,NoFIFO,false,OpenLoop_NoFIFO
29.000074,-1,20,10000.941000,74.337000,325.694816,342.054995,460.000000,819,134.305184,OpenLoop,NoFIFO,false,OpenLoop_NoFIFO
29.010074,-1,20,9999.626000,73.963000,295.209177,335.028122,460.000000,819,164.790823,OpenLoop,NoFIFO,false,OpenLoop_NoFIFO
29.020073,-1,20,9998.959000,72.922000,395.361096,344.078068,460.000000,819,64.638904,OpenLoop,NoFIFO,false,OpenLoop_NoFIFO
29.030074,-1,20,10000.978000,73.900000,331.439394,342.182267,460.000000,819,128.560606,OpenLoop,NoFIFO,false,OpenLoop_NoFIFO
29.040075,-1,20,10001.478000,75.378000,294.348509,335.007203,460.000000,819,165.651491,OpenLoop,NoFIFO,false,OpenLoop_NoFIFO
29.050075,-1,20,9999.849000,75.227000,380.581867,341.843403,460.000000,819,79.418133,OpenLoop,NoFIFO,false,OpenLoop_NoFIFO
29.060074,-1,20,9998.922000,74.149000,346.432632,342.531787,460.000000,819,113.567368,OpenLoop,NoFIFO,false,OpenLoop_NoFIFO
29.070074,-1,20,9999.812000,73.961000,295.741325,335.513218,460.000000,819,164.258675,OpenLoop,NoFIFO,false,OpenLoop_NoFIFO
29.080075,-1,20,10000.904000,74.865000,392.587940,344.074426,460.000000,819,67.412060,OpenLoop,NoFIFO,false,OpenLoop_NoFIFO
29.090074,-1,20,9999.515000,74.380000,355.281857,345.755541,460.000000,819,104.718143,OpenLoop,NoFIFO,false,OpenLoop_NoFIFO
29.100073,-1,20,9999.089000,73.469000,306.205770,339.823075,460.000000,819,153.794230,OpenLoop,NoFIFO,false,OpenLoop_NoFIFO
29.110074,-1,20,10000.848000,74.317000,364.036090,343.455027,460.000000,819,95.963910,OpenLoop,NoFIFO,false,OpenLoop_NoFIFO
29.120076,-1,20,10001.293000,75.610000,365.070093,346.697287,460.000000,819,94.929907,OpenLoop,NoFIFO,false,OpenLoop_NoFIFO
29.130075,-1,20,9998.904000,74.514000,302.838025,340.118398,460.000000,819,157.161975,OpenLoop,NoFIFO,false,OpenLoop_NoFIFO
29.140073,-1,20,9998.738000,73.252000,350.560897,341.684773,460.000000,819,109.439103,OpenLoop,NoFIFO,false,OpenLoop_NoFIFO
29.150074,-1,20,10000.903000,74.155000,373.505976,346.457953,460.000000,819,86.494024,OpenLoop,NoFIFO,false,OpenLoop_NoFIFO
29.160074,-1,20,9999.886000,74.041000,300.963082,339.633723,460.000000,819,159.036918,OpenLoop,NoFIFO,false,OpenLoop_NoFIFO
29.170077,-1,20,10002.700000,76.741000,334.672021,338.889467,460.000000,819,125.327979,OpenLoop,NoFIFO,false,OpenLoop_NoFIFO
29.180073,-1,20,9996.478000,73.219000,374.800107,344.276063,460.000000,819,85.199893,OpenLoop,NoFIFO,false,OpenLoop_NoFIFO
29.190075,-1,20,10001.293000,74.512000,312.500000,339.509654,460.000000,819,147.500000,OpenLoop,NoFIFO,false,OpenLoop_NoFIFO
29.200075,-1,20,10000.349000,74.861000,317.382812,336.190628,460.000000,819,142.617188,OpenLoop,NoFIFO,false,OpenLoop_NoFIFO
29.210074,-1,20,9999.218000,74.079000,389.860568,344.241119,460.000000,819,70.139432,OpenLoop,NoFIFO,false,OpenLoop_NoFIFO
29.220074,-1,20,9999.441000,73.520000,322.079810,340.916922,460.000000,819,137.920190,OpenLoop,NoFIFO,false,OpenLoop_NoFIFO
29.230074,-1,20,10000.034000,73.554000,309.551887,336.212167,460.000000,819,150.448113,OpenLoop,NoFIFO,false,OpenLoop_NoFIFO
29.240077,-1,20,10003.867000,77.421000,401.069519,345.940770,460.000000,819,58.930481,OpenLoop,NoFIFO,false,OpenLoop_NoFIFO
29.250074,-1,20,9996.293000,73.714000,332.952816,343.992577,460.000000,819,127.047184,OpenLoop,NoFIFO,false,OpenLoop_NoFIFO
29.260075,-1,20,10001.293000,75.007000,299.889272,337.377081,460.000000,819,160.110728,OpenLoop,NoFIFO,false,OpenLoop_NoFIFO
29.270074,-1,20,9999.089000,74.096000,391.895030,345.554773,460.000000,819,68.104970,OpenLoop,NoFIFO,false,OpenLoop_NoFIFO
29.280074,-1,20,10000.126000,74.222000,339.106845,344.587584,460.000000,819,120.893155,OpenLoop,NoFIFO,false,OpenLoop_NoFIFO
29.290075,-1,20,10000.348000,74.570000,291.010029,336.550951,460.000000,819,168.989971,OpenLoop,NoFIFO,false,OpenLoop_NoFIFO
29.300095,-1,20,10019.941000,94.511000,394.687964,345.271503,460.000000,819,65.312036,OpenLoop,NoFIFO,false,OpenLoop_NoFIFO
29.310084,-1,20,9989.367000,83.878000,344.488189,345.154006,460.000000,819,115.511811,OpenLoop,NoFIFO,false,OpenLoop_NoFIFO
29.320076,-1,20,9992.441000,76.319000,294.526341,337.559856,460.000000,819,165.473659,OpenLoop,NoFIFO,false,OpenLoop_NoFIFO
29.330072,-1,20,9995.571000,71.890000,378.742871,343.737308,460.000000,819,81.257129,OpenLoop,NoFIFO,false,OpenLoop_NoFIFO
29.340073,-1,20,10000.830000,72.720000,349.069149,344.537084,460.000000,819,110.930851,OpenLoop,NoFIFO,false,OpenLoop_NoFIFO
29.350074,-1,20,10001.052000,73.772000,295.526188,337.185450,460.000000,819,164.473812,OpenLoop,NoFIFO,false,OpenLoop_NoFIFO
29.360081,-1,20,10007.423000,81.195000,360.947125,340.749701,460.000000,819,99.052875,OpenLoop,NoFIFO,false,OpenLoop_NoFIFO
29.370076,-1,20,9995.089000,76.284000,361.445783,343.854113,460.000000,819,98.554217,OpenLoop,NoFIFO,false,OpenLoop_NoFIFO
29.380072,-1,20,9995.922000,72.206000,297.934322,336.966145,460.000000,819,162.065678,OpenLoop,NoFIFO,false,OpenLoop_NoFIFO
29.390072,-1,20,9999.330000,71.536000,347.544022,338.552826,460.000000,819,112.455978,OpenLoop,NoFIFO,false,OpenLoop_NoFIFO
29.400072,-1,20,10000.367000,71.903000,365.395323,342.579201,460.000000,819,94.604677,OpenLoop,NoFIFO,false,OpenLoop_NoFIFO
29.410071,-1,20,9999.441000,71.344000,309.405941,337.603212,460.000000,819,150.594059,OpenLoop,NoFIFO,false,OpenLoop_NoFIFO
29.420072,-1,20,10000.349000,71.693000,334.480122,337.134748,460.000000,819,125.519878,OpenLoop,NoFIFO,false,OpenLoop_NoFIFO
29.430072,-1,20,9999.885000,71.578000,385.895884,344.448919,460.000000,819,74.104116,OpenLoop,NoFIFO,false,OpenLoop_NoFIFO
29.440072,-1,20,10000.034000,71.612000,318.377743,340.538242,460.000000,819,141.622257,OpenLoop,NoFIFO,false,OpenLoop_NoFIFO
29.450072,-1,20,10000.589000,72.201000,321.533562,337.687540,460.000000,819,138.466438,OpenLoop,NoFIFO,false,OpenLoop_NoFIFO
29.460069,-1,20,9996.793000,68.994000,396.196513,346.463886,460.000000,819,63.803487,OpenLoop,NoFIFO,false,OpenLoop_NoFIFO
29.470073,-1,20,10004.237000,73.231000,323.435190,343.009582,460.000000,819,136.564810,OpenLoop,NoFIFO,false,OpenLoop_NoFIFO
29.480070,-1,20,9996.700000,69.931000,304.687500,337.261270,460.000000,819,155.312500,OpenLoop,NoFIFO,false,OpenLoop_NoFIFO
29.490072,-1,20,10002.127000,72.058000,388.719512,344.980006,460.000000,819,71.280488,OpenLoop,NoFIFO,false,OpenLoop_NoFIFO
29.500072,-1,20,9999.959000,72.017000,329.332553,342.632888,460.000000,819,130.667447,OpenLoop,NoFIFO,false,OpenLoop_NoFIFO
29.510072,-1,20,9999.756000,71.773000,291.601866,334.978235,460.000000,819,168.398134,OpenLoop,NoFIFO,false,OpenLoop_NoFIFO
29.520070,-1,20,9998.645000,70.418000,394.102374,343.846856,460.000000,819,65.897626,OpenLoop,NoFIFO,false,OpenLoop_NoFIFO
29.530072,-1,20,10001.552000,71.970000,331.774520,342.036005,460.000000,819,128.225480,OpenLoop,NoFIFO,false,OpenLoop_NoFIFO
29.540071,-1,20,9999.422000,71.392000,291.706558,334.486588,460.000000,819,168.293442,OpenLoop,NoFIFO,false,OpenLoop_NoFIFO
29.550071,-1,20,9999.515000,70.907000,394.349411,343.466012,460.000000,819,65.650589,OpenLoop,NoFIFO,false,OpenLoop_NoFIFO
29.560081,-1,20,10010.330000,81.237000,341.064120,343.105728,460.000000,819,118.935880,OpenLoop,NoFIFO,false,OpenLoop_NoFIFO
29.570076,-1,20,9994.608000,75.845000,297.019009,336.192720,460.000000,819,162.980991,OpenLoop,NoFIFO,false,OpenLoop_NoFIFO
29.580072,-1,20,9995.867000,71.712000,372.845780,341.690679,460.000000,819,87.154220,OpenLoop,NoFIFO,false,OpenLoop_NoFIFO
29.590071,-1,20,9999.737000,71.449000,359.195402,344.316388,460.000000,819,100.804598,OpenLoop,NoFIFO,false,OpenLoop_NoFIFO
29.600070,-1,20,9998.645000,70.094000,300.332676,337.718831,460.000000,819,159.667324,OpenLoop,NoFIFO,false,OpenLoop_NoFIFO
29.610080,-1,20,10009.626000,79.720000,366.401772,342.021272,460.000000,819,93.598228,OpenLoop,NoFIFO,false,OpenLoop_NoFIFO
29.620085,-1,20,10005.034000,84.754000,366.379310,345.674978,460.000000,819,93.620690,OpenLoop,NoFIFO,false,OpenLoop_NoFIFO
29.630076,-1,20,9991.496000,76.250000,307.881773,340.005997,460.000000,819,152.118227,OpenLoop,NoFIFO,false,OpenLoop_NoFIFO
29.640071,-1,20,9994.941000,71.191000,346.901018,341.040250,460.000000,819,113.098982,OpenLoop,NoFIFO,false,OpenLoop_NoFIFO
29.650072,-1,20,10000.867000,72.058000,378.634895,346.679447,460.000000,819,81.365105,OpenLoop,NoFIFO,false,OpenLoop_NoFIFO
29.660071,-1,20,9999.201000,71.259000,308.968927,341.022869,460.000000,819,151.031073,OpenLoop,NoFIFO,false,OpenLoop_NoFIFO
29.670079,-1,20,10007.848000,79.107000,330.438066,339.435148,460.000000,819,129.561934,OpenLoop,NoFIFO,false,OpenLoop_NoFIFO
29.680075,-1,20,9995.626000,74.733000,378.405651,345.280724,460.000000,819,81.594349,OpenLoop,NoFIFO,false,OpenLoop_NoFIFO
29.690072,-1,20,9997.478000,72.211000,305.604313,339.329262,460.000000,819,154.395687,OpenLoop,NoFIFO,false,OpenLoop_NoFIFO
29.700095,-1,20,10023.071000,95.282000,315.353196,335.732852,460.000000,819,144.646804,OpenLoop,NoFIFO,false,OpenLoop_NoFIFO
29.710073,-1,20,9977.756000,73.038000,381.097561,342.537559,460.000000,819,78.902439,OpenLoop,NoFIFO,false,OpenLoop_NoFIFO
29.720072,-1,20,9999.144000,72.182000,320.591109,339.245591,460.000000,819,139.408891,OpenLoop,NoFIFO,false,OpenLoop_NoFIFO
29.730071,-1,20,9999.201000,71.383000,295.896896,332.743287,460.000000,819,164.103104,OpenLoop,NoFIFO,false,OpenLoop_NoFIFO
29.740072,-1,20,10000.607000,71.990000,393.356643,341.835290,460.000000,819,66.643357,OpenLoop,NoFIFO,false,OpenLoop_NoFIFO
29.750075,-1,20,10003.460000,75.450000,330.822476,340.183368,460.000000,819,129.177524,OpenLoop,NoFIFO,false,OpenLoop_NoFIFO
29.760083,-1,20,10007.126000,82.576000,299.657534,334.104493,460.000000,819,160.342466,OpenLoop,NoFIFO,false,OpenLoop_NoFIFO
29.770076,-1,20,9993.219000,75.795000,402.576490,344.375293,460.000000,819,57.423510,OpenLoop,NoFIFO,false,OpenLoop_NoFIFO
29.780080,-1,20,10004.496000,80.291000,340.002418,343.719361,460.000000,819,119.997582,OpenLoop,NoFIFO,false,OpenLoop_NoFIFO
29.790075,-1,20,9994.553000,74.844000,297.619048,336.804314,460.000000,819,162.380952,OpenLoop,NoFIFO,false,OpenLoop_NoFIFO
29.800072,-1,20,9997.237000,72.081000,385.273973,344.074763,460.000000,819,74.726027,OpenLoop,NoFIFO,false,OpenLoop_NoFIFO
29.810072,-1,20,9999.830000,71.911000,350.000000,344.963549,460.000000,819,110.000000,OpenLoop,NoFIFO,false,OpenLoop_NoFIFO
29.820072,-1,20,9999.922000,71.833000,290.178571,336.745802,460.000000,819,169.821429,OpenLoop,NoFIFO,false,OpenLoop_NoFIFO
29.830078,-1,20,10006.497000,78.330000,380.684894,343.336666,460.000000,819,79.315106,OpenLoop,NoFIFO,false,OpenLoop_NoFIFO
29.840072,-1,20,9993.867000,72.197000,348.351138,344.088837,460.000000,819,111.648862,OpenLoop,NoFIFO,false,OpenLoop_NoFIFO
29.850074,-1,20,10001.830000,74.027000,294.965915,336.720398,460.000000,819,165.034085,OpenLoop,NoFIFO,false,OpenLoop_NoFIFO
29.860072,-1,20,9998.348000,72.375000,358.337315,339.962936,460.000000,819,101.662685,OpenLoop,NoFIFO,false,OpenLoop_NoFIFO
29.870073,-1,20,10000.515000,72.890000,363.184401,343.446156,460.000000,819,96.815599,OpenLoop,NoFIFO,false,OpenLoop_NoFIFO
29.880071,-1,20,9998.034000,70.924000,298.713235,336.736218,460.000000,819,161.286765,OpenLoop,NoFIFO,false,OpenLoop_NoFIFO
29.890079,-1,20,10007.774000,78.698000,348.513011,338.502737,460.000000,819,111.486989,OpenLoop,NoFIFO,false,OpenLoop_NoFIFO
29.900077,-1,20,9998.219000,76.917000,367.647059,342.874385,460.000000,819,92.352941,OpenLoop,NoFIFO,false,OpenLoop_NoFIFO
29.910088,-1,20,10010.774000,87.691000,304.242003,337.079528,460.000000,819,155.757997,OpenLoop,NoFIFO,false,OpenLoop_NoFIFO
29.920077,-1,20,9988.886000,76.577000,330.105634,336.033444,460.000000,819,129.894366,OpenLoop,NoFIFO,false,OpenLoop_NoFIFO
29.930075,-1,20,9998.015000,74.592000,376.773050,342.144384,460.000000,819,83.226950,OpenLoop,NoFIFO,false,OpenLoop_NoFIFO
29.940074,-1,20,9999.700000,74.292000,314.759814,338.036699,460.000000,819,145.240186,OpenLoop,NoFIFO,false,OpenLoop_NoFIFO
29.950091,-1,20,10016.700000,90.992000,313.787333,334.399294,460.000000,819,146.212667,OpenLoop,NoFIFO,false,OpenLoop_NoFIFO
29.960084,-1,20,9992.775000,83.767000,392.742730,343.150809,460.000000,819,67.257270,OpenLoop,NoFIFO,false,OpenLoop_NoFIFO
29.970075,-1,20,9991.496000,75.263000,324.170124,340.303707,460.000000,819,135.829876,OpenLoop,NoFIFO,false,OpenLoop_NoFIFO
29.980074,-1,20,9998.275000,73.538000,306.706652,335.264149,460.000000,819,153.293348,OpenLoop,NoFIFO,false,OpenLoop_NoFIFO
29.990073,-1,20,9999.663000,73.201000,395.940873,344.365657,460.000000,819,64.059127,OpenLoop,NoFIFO,false,OpenLoop_NoFIFO
