elapsed_s,step_index,pwm_percent,loop_period_us,late_us,raw_rpm,filtered_rpm,target_rpm,pwm,error_rpm,intended_mode,intended_fifo,fifo_active,condition
0.010087,-1,20,10087.452000,87.452000,468.324251,468.324251,460.000000,819,-8.324251,OpenLoop,NoFIFO,false,OpenLoop_NoFIFO
0.020087,-1,20,9999.304000,86.756000,474.291724,469.219372,460.000000,819,-14.291724,OpenLoop,NoFIFO,false,OpenLoop_NoFIFO
0.030073,-1,20,9986.027000,72.783000,474.574321,470.022614,460.000000,819,-14.574321,OpenLoop,NoFIFO,false,OpenLoop_NoFIFO
0.040076,-1,20,10003.508000,76.291000,479.604200,471.459852,460.000000,819,-19.604200,OpenLoop,NoFIFO,false,OpenLoop_NoFIFO
0.050071,-1,20,9995.008000,71.299000,481.667445,472.990991,460.000000,819,-21.667445,OpenLoop,NoFIFO,false,OpenLoop_NoFIFO
0.060077,-1,20,10005.212000,76.511000,478.779164,473.859217,460.000000,819,-18.779164,OpenLoop,NoFIFO,false,OpenLoop_NoFIFO
0.070071,-1,20,9994.693000,71.204000,482.111372,475.097040,460.000000,819,-22.111372,OpenLoop,NoFIFO,false,OpenLoop_NoFIFO
0.080087,-1,20,10015.990000,87.194000,479.049566,475.689919,460.000000,819,-19.049566,OpenLoop,NoFIFO,false,OpenLoop_NoFIFO
0.090076,-1,20,9988.971000,76.165000,474.351870,475.489212,460.000000,819,-14.351870,OpenLoop,NoFIFO,false,OpenLoop_NoFIFO
0.100073,-1,20,9997.138000,73.303000,475.936643,475.556326,460.000000,819,-15.936643,OpenLoop,NoFIFO,false,OpenLoop_NoFIFO
0.110071,-1,20,9997.415000,70.718000,470.317726,474.770536,460.000000,819,-10.317726,OpenLoop,NoFIFO,false,OpenLoop_NoFIFO
0.120070,-1,20,9999.379000,70.097000,470.842634,474.181351,460.000000,819,-10.842634,OpenLoop,NoFIFO,false,OpenLoop_NoFIFO
0.130070,-1,20,9999.860000,69.957000,470.992823,473.703072,460.000000,819,-10.992823,OpenLoop,NoFIFO,false,OpenLoop_NoFIFO
0.140069,-1,20,9999.063000,69.020000,469.420601,473.060701,460.000000,819,-9.420601,OpenLoop,NoFIFO,false,OpenLoop_NoFIFO
0.150070,-1,20,10000.860000,69.880000,475.761218,473.465779,460.000000,819,-15.761218,OpenLoop,NoFIFO,false,OpenLoop_NoFIFO
0.160070,-1,20,9999.638000,69.518000,476.925872,473.984793,460.000000,819,-16.925872,OpenLoop,NoFIFO,false,OpenLoop_NoFIFO
0.170069,-1,20,9999.823000,69.341000,478.316327,474.634523,460.000000,819,-18.316327,OpenLoop,NoFIFO,false,OpenLoop_NoFIFO
0.180070,-1,20,10000.730000,70.071000,483.247423,475.926458,460.000000,819,-23.247423,OpenLoop,NoFIFO,false,OpenLoop_NoFIFO
0.190076,-1,20,10006.064000,76.135000,480.886663,476.670489,460.000000,819,-20.886663,OpenLoop,NoFIFO,false,OpenLoop_NoFIFO
0.200074,-1,20,9997.693000,73.828000,479.862608,477.149306,460.000000,819,-19.862608,OpenLoop,NoFIFO,false,OpenLoop_NoFIFO
0.210072,-1,20,9998.360000,72.188000,481.667445,477.827027,460.000000,819,-21.667445,OpenLoop,NoFIFO,false,OpenLoop_NoFIFO
0.220072,-1,20,9999.897000,72.085000,474.746802,477.364993,460.000000,819,-14.746802,OpenLoop,NoFIFO,false,OpenLoop_NoFIFO
0.230072,-1,20,9999.897000,71.982000,473.712705,476.817150,460.000000,819,-13.712705,OpenLoop,NoFIFO,false,OpenLoop_NoFIFO
0.240076,-1,20,10003.841000,75.823000,472.480106,476.166593,460.000000,819,-12.480106,OpenLoop,NoFIFO,false,OpenLoop_NoFIFO
0.250076,-1,20,9999.934000,75.757000,469.420601,475.154695,460.000000,819,-9.420601,OpenLoop,NoFIFO,false,OpenLoop_NoFIFO
0.260072,-1,20,9996.379000,72.136000,472.530242,474.761027,460.000000,819,-12.530242,OpenLoop,NoFIFO,false,OpenLoop_NoFIFO
0.270073,-1,20,10001.064000,73.200000,473.712705,474.603778,460.000000,819,-13.712705,OpenLoop,NoFIFO,false,OpenLoop_NoFIFO
0.280072,-1,20,9998.767000,71.967000,475.000000,474.663212,460.000000,819,-15.000000,OpenLoop,NoFIFO,false,OpenLoop_NoFIFO
0.290073,-1,20,10000.767000,72.734000,480.769231,475.579114,460.000000,819,-20.769231,OpenLoop,NoFIFO,false,OpenLoop_NoFIFO
0.300071,-1,20,9998.101000,70.835000,481.939935,476.533238,460.000000,819,-21.939935,OpenLoop,NoFIFO,false,OpenLoop_NoFIFO
0.310068,-1,20,9997.323000,68.158000,481.173012,477.229204,460.000000,819,-21.173012,OpenLoop,NoFIFO,false,OpenLoop_NoFIFO
0.320072,-1,20,10004.008000,72.166000,484.614757,478.337037,460.000000,819,-24.614757,OpenLoop,NoFIFO,false,OpenLoop_NoFIFO
0.330072,-1,20,9999.990000,72.156000,478.982815,478.433903,460.000000,819,-18.982815,OpenLoop,NoFIFO,false,OpenLoop_NoFIFO
0.340083,-1,20,10010.526000,82.682000,478.830645,478.493415,460.000000,819,-18.830645,OpenLoop,NoFIFO,false,OpenLoop_NoFIFO
0.350075,-1,20,9992.712000,75.394000,475.888325,478.102651,460.000000,819,-15.888325,OpenLoop,NoFIFO,false,OpenLoop_NoFIFO
0.360084,-1,20,10008.712000,84.106000,471.429706,477.101709,460.000000,819,-11.429706,OpenLoop,NoFIFO,false,OpenLoop_NoFIFO
0.370072,-1,20,9988.212000,72.318000,473.054799,476.494673,460.000000,819,-13.054799,OpenLoop,NoFIFO,false,OpenLoop_NoFIFO
0.380073,-1,20,10001.100000,73.418000,471.669861,475.770951,460.000000,819,-11.669861,OpenLoop,NoFIFO,false,OpenLoop_NoFIFO
0.390071,-1,20,9997.138000,70.556000,471.729343,475.164710,460.000000,819,-11.729343,OpenLoop,NoFIFO,false,OpenLoop_NoFIFO
0.400110,-1,20,10039.489000,110.045000,476.925872,475.428884,460.000000,819,-16.925872,OpenLoop,NoFIFO,false,OpenLoop_NoFIFO
0.410073,-1,20,9963.360000,73.405000,478.316327,475.862001,460.000000,819,-18.316327,OpenLoop,NoFIFO,false,OpenLoop_NoFIFO
0.420087,-1,20,10013.249000,86.654000,481.217919,476.665388,460.000000,819,-21.217919,OpenLoop,NoFIFO,false,OpenLoop_NoFIFO
0.430085,-1,20,9998.360000,85.014000,485.618866,478.008410,460.000000,819,-25.618866,OpenLoop,NoFIFO,false,OpenLoop_NoFIFO
0.440074,-1,20,9988.805000,73.819000,482.117812,478.624820,460.000000,819,-22.117812,OpenLoop,NoFIFO,false,OpenLoop_NoFIFO
0.450071,-1,20,9997.397000,71.216000,482.200866,479.161227,460.000000,819,-22.200866,OpenLoop,NoFIFO,false,OpenLoop_NoFIFO
0.460071,-1,20,9999.989000,71.205000,483.473980,479.808140,460.000000,819,-23.473980,OpenLoop,NoFIFO,false,OpenLoop_NoFIFO
0.470071,-1,20,10000.064000,71.269000,475.253469,479.124939,460.000000,819,-15.253469,OpenLoop,NoFIFO,false,OpenLoop_NoFIFO
0.480071,-1,20,9999.878000,71.147000,476.108033,478.672403,460.000000,819,-16.108033,OpenLoop,NoFIFO,false,OpenLoop_NoFIFO
0.490071,-1,20,9999.934000,71.081000,472.981944,477.818834,460.000000,819,-12.981944,OpenLoop,NoFIFO,false,OpenLoop_NoFIFO
0.500070,-1,20,9999.008000,70.089000,472.303522,476.991538,460.000000,819,-12.303522,OpenLoop,NoFIFO,false,OpenLoop_NoFIFO
0.510070,-1,20,9999.879000,69.968000,475.304195,476.738436,460.000000,819,-15.304195,OpenLoop,NoFIFO,false,OpenLoop_NoFIFO
0.520070,-1,20,10000.156000,70.124000,475.011515,476.479398,460.000000,819,-15.011515,OpenLoop,NoFIFO,false,OpenLoop_NoFIFO
0.530070,-1,20,9999.601000,69.725000,476.270053,476.447996,460.000000,819,-16.270053,OpenLoop,NoFIFO,false,OpenLoop_NoFIFO
0.540070,-1,20,10000.249000,69.974000,483.700750,477.535909,460.000000,819,-23.700750,OpenLoop,NoFIFO,false,OpenLoop_NoFIFO
0.550070,-1,20,10000.045000,70.019000,483.982719,478.502931,460.000000,819,-23.982719,OpenLoop,NoFIFO,false,OpenLoop_NoFIFO
0.560070,-1,20,10000.434000,70.453000,483.292717,479.221399,460.000000,819,-23.292717,OpenLoop,NoFIFO,false,OpenLoop_NoFIFO
0.570071,-1,20,10000.563000,71.016000,486.149017,480.260542,460.000000,819,-26.149017,OpenLoop,NoFIFO,false,OpenLoop_NoFIFO
0.580071,-1,20,9999.749000,70.765000,481.217919,480.404148,460.000000,819,-21.217919,OpenLoop,NoFIFO,false,OpenLoop_NoFIFO
0.590071,-1,20,10000.342000,71.107000,481.939935,480.634516,460.000000,819,-21.939935,OpenLoop,NoFIFO,false,OpenLoop_NoFIFO
0.600073,-1,20,10002.100000,73.207000,477.873031,480.220293,460.000000,819,-17.873031,OpenLoop,NoFIFO,false,OpenLoop_NoFIFO
0.610073,-1,20,9999.768000,72.975000,473.736702,479.247755,460.000000,819,-13.736702,OpenLoop,NoFIFO,false,OpenLoop_NoFIFO
0.620073,-1,20,10000.360000,73.335000,474.580561,478.547676,460.000000,819,-14.580561,OpenLoop,NoFIFO,false,OpenLoop_NoFIFO
0.630071,-1,20,9997.193000,70.528000,472.279669,477.607475,460.000000,819,-12.279669,OpenLoop,NoFIFO,false,OpenLoop_NoFIFO
0.640074,-1,20,10003.878000,74.406000,473.050459,476.923922,460.000000,819,-13.050459,OpenLoop,NoFIFO,false,OpenLoop_NoFIFO
0.650071,-1,20,9996.157000,70.563000,479.088219,477.248567,460.000000,819,-19.088219,OpenLoop,NoFIFO,false,OpenLoop_NoFIFO
0.660073,-1,20,10002.860000,73.423000,478.316327,477.408731,460.000000,819,-18.316327,OpenLoop,NoFIFO,false,OpenLoop_NoFIFO
0.670080,-1,20,10006.619000,80.042000,481.757451,478.061039,460.000000,819,-21.757451,OpenLoop,NoFIFO,false,OpenLoop_NoFIFO
0.680075,-1,20,9994.934000,74.976000,486.438679,479.317685,460.000000,819,-26.438679,OpenLoop,NoFIFO,false,OpenLoop_NoFIFO
0.690073,-1,20,9998.026000,73.002000,480.639504,479.515958,460.000000,819,-20.639504,OpenLoop,NoFIFO,false,OpenLoop_NoFIFO
0.700073,-1,20,9999.546000,72.548000,484.609962,480.280058,460.000000,819,-24.609962,OpenLoop,NoFIFO,false,OpenLoop_NoFIFO
0.710073,-1,20,10000.433000,72.981000,482.932979,480.677997,460.000000,819,-22.932979,OpenLoop,NoFIFO,false,OpenLoop_NoFIFO
0.720078,-1,20,10005.175000,78.156000,477.917323,480.263896,460.000000,819,-17.917323,OpenLoop,NoFIFO,false,OpenLoop_NoFIFO
0.730076,-1,20,9997.526000,75.682000,477.290997,479.817961,460.000000,819,-17.290997,OpenLoop,NoFIFO,false,OpenLoop_NoFIFO
0.740073,-1,20,9996.971000,72.653000,473.940780,478.936384,460.000000,819,-13.940780,OpenLoop,NoFIFO,false,OpenLoop_NoFIFO
0.750074,-1,20,10001.822000,74.475000,471.929313,477.885323,460.000000,819,-11.929313,OpenLoop,NoFIFO,false,OpenLoop_NoFIFO
0.760077,-1,20,10002.119000,76.594000,474.836541,477.428006,460.000000,819,-14.836541,OpenLoop,NoFIFO,false,OpenLoop_NoFIFO
0.770073,-1,20,9996.396000,72.990000,473.988824,476.912128,460.000000,819,-13.988824,OpenLoop,NoFIFO,false,OpenLoop_NoFIFO
0.780073,-1,20,9999.823000,72.813000,476.233672,476.810360,460.000000,819,-16.233672,OpenLoop,NoFIFO,false,OpenLoop_NoFIFO
0.790087,-1,20,10014.211000,87.024000,483.496648,477.813303,460.000000,819,-23.496648,OpenLoop,NoFIFO,false,OpenLoop_NoFIFO
0.800085,-1,20,9998.174000,85.198000,482.117812,478.458979,460.000000,819,-22.117812,OpenLoop,NoFIFO,false,OpenLoop_NoFIFO
0.810077,-1,20,9992.119000,77.317000,484.245868,479.327013,460.000000,819,-24.245868,OpenLoop,NoFIFO,false,OpenLoop_NoFIFO
0.820072,-1,20,9994.600000,71.917000,485.065851,480.187839,460.000000,819,-25.065851,OpenLoop,NoFIFO,false,OpenLoop_NoFIFO
0.830073,-1,20,10000.619000,72.536000,481.158833,480.333488,460.000000,819,-21.158833,OpenLoop,NoFIFO,false,OpenLoop_NoFIFO
0.840076,-1,20,10003.786000,76.322000,482.117812,480.601136,460.000000,819,-22.117812,OpenLoop,NoFIFO,false,OpenLoop_NoFIFO
0.850073,-1,20,9996.692000,73.014000,477.035351,480.066269,460.000000,819,-17.035351,OpenLoop,NoFIFO,false,OpenLoop_NoFIFO
0.860072,-1,20,9998.730000,71.744000,474.169075,479.181690,460.000000,819,-14.169075,OpenLoop,NoFIFO,false,OpenLoop_NoFIFO
0.870073,-1,20,10000.990000,72.734000,475.000000,478.554436,460.000000,819,-15.000000,OpenLoop,NoFIFO,false,OpenLoop_NoFIFO
0.880072,-1,20,9999.544000,72.278000,472.530242,477.650807,460.000000,819,-12.530242,OpenLoop,NoFIFO,false,OpenLoop_NoFIFO
0.890072,-1,20,9999.582000,71.860000,472.101924,476.818474,460.000000,819,-12.101924,OpenLoop,NoFIFO,false,OpenLoop_NoFIFO
0.900072,-1,20,10000.285000,72.145000,480.417277,477.358295,460.000000,819,-20.417277,OpenLoop,NoFIFO,false,OpenLoop_NoFIFO
0.910079,-1,20,10006.878000,79.023000,477.546917,477.386588,460.000000,819,-17.546917,OpenLoop,NoFIFO,false,OpenLoop_NoFIFO
0.920074,-1,20,9994.878000,73.901000,482.569022,478.163953,460.000000,819,-22.569022,OpenLoop,NoFIFO,false,OpenLoop_NoFIFO
0.930072,-1,20,9998.453000,72.354000,486.760125,479.453379,460.000000,819,-26.760125,OpenLoop,NoFIFO,false,OpenLoop_NoFIFO
0.940072,-1,20,10000.100000,72.454000,481.828194,479.809601,460.000000,819,-21.828194,OpenLoop,NoFIFO,false,OpenLoop_NoFIFO
0.950071,-1,20,9998.841000,71.295000,484.997413,480.587773,460.000000,819,-24.997413,OpenLoop,NoFIFO,false,OpenLoop_NoFIFO
0.960071,-1,20,9999.915000,71.210000,482.343312,480.851104,460.000000,819,-22.343312,OpenLoop,NoFIFO,false,OpenLoop_NoFIFO
0.970071,-1,20,10000.285000,71.495000,476.779979,480.240435,460.000000,819,-16.779979,OpenLoop,NoFIFO,false,OpenLoop_NoFIFO
0.980071,-1,20,9999.823000,71.318000,477.388458,479.812638,460.000000,819,-17.388458,OpenLoop,NoFIFO,false,OpenLoop_NoFIFO
0.990071,-1,20,9999.674000,70.992000,473.724103,478.899358,460.000000,819,-13.724103,OpenLoop,NoFIFO,false,OpenLoop_NoFIFO
1.000072,-1,20,10000.952000,71.944000,471.895973,477.848850,460.000000,819,-11.895973,OpenLoop,NoFIFO,false,OpenLoop_NoFIFO
1.010070,-1,20,9997.600000,69.544000,475.761218,477.535706,460.000000,819,-15.761218,OpenLoop,NoFIFO,false,OpenLoop_NoFIFO
1.020077,-1,20,10007.730000,77.274000,473.940780,476.996467,460.000000,819,-13.940780,OpenLoop,NoFIFO,false,OpenLoop_NoFIFO
1.030074,-1,20,9997.212000,74.486000,477.099237,477.011882,460.000000,819,-17.099237,OpenLoop,NoFIFO,false,OpenLoop_NoFIFO
1.040075,-1,20,10000.415000,74.901000,483.010304,477.911645,460.000000,819,-23.010304,OpenLoop,NoFIFO,false,OpenLoop_NoFIFO
1.050075,-1,20,9999.637000,74.538000,482.501287,478.600092,460.000000,819,-22.501287,OpenLoop,NoFIFO,false,OpenLoop_NoFIFO
1.060073,-1,20,9998.841000,73.379000,485.152785,479.582996,460.000000,819,-25.152785,OpenLoop,NoFIFO,false,OpenLoop_NoFIFO
1.070074,-1,20,10000.693000,74.072000,484.496124,480.319965,460.000000,819,-24.496124,OpenLoop,NoFIFO,false,OpenLoop_NoFIFO
1.080073,-1,20,9998.841000,72.913000,483.021077,480.725132,460.000000,819,-23.021077,OpenLoop,NoFIFO,false,OpenLoop_NoFIFO
1.090074,-1,20,10000.785000,73.698000,483.247423,481.103475,460.000000,819,-23.247423,OpenLoop,NoFIFO,false,OpenLoop_NoFIFO
1.100073,-1,20,9999.508000,73.206000,477.651691,480.585708,460.000000,819,-17.651691,OpenLoop,NoFIFO,false,OpenLoop_NoFIFO
1.110075,-1,20,10001.415000,74.621000,474.190715,479.626459,460.000000,819,-14.190715,OpenLoop,NoFIFO,false,OpenLoop_NoFIFO
1.120074,-1,20,9998.971000,73.592000,475.819316,479.055387,460.000000,819,-15.819316,OpenLoop,NoFIFO,false,OpenLoop_NoFIFO
1.130075,-1,20,10001.007000,74.599000,471.979332,477.993979,460.000000,819,-11.979332,OpenLoop,NoFIFO,false,OpenLoop_NoFIFO
1.140073,-1,20,9998.452000,73.051000,473.920037,477.382888,460.000000,819,-13.920037,OpenLoop,NoFIFO,false,OpenLoop_NoFIFO
1.150074,-1,20,10000.860000,73.911000,480.587632,477.863599,460.000000,819,-20.587632,OpenLoop,NoFIFO,false,OpenLoop_NoFIFO
1.160073,-1,20,9998.711000,72.622000,479.695786,478.138427,460.000000,819,-19.695786,OpenLoop,NoFIFO,false,OpenLoop_NoFIFO
1.170074,-1,20,10001.304000,73.926000,483.509772,478.944129,460.000000,819,-23.509772,OpenLoop,NoFIFO,false,OpenLoop_NoFIFO
1.180074,-1,20,10000.360000,74.286000,486.668240,480.102746,460.000000,819,-26.668240,OpenLoop,NoFIFO,false,OpenLoop_NoFIFO
1.190074,-1,20,9999.581000,73.867000,482.998454,480.537102,460.000000,819,-22.998454,OpenLoop,NoFIFO,false,OpenLoop_NoFIFO
1.200074,-1,20,10000.027000,73.894000,486.351285,481.409229,460.000000,819,-26.351285,OpenLoop,NoFIFO,false,OpenLoop_NoFIFO
1.210074,-1,20,10000.026000,73.920000,482.998454,481.647613,460.000000,819,-22.998454,OpenLoop,NoFIFO,false,OpenLoop_NoFIFO
1.220074,-1,20,10000.526000,74.446000,480.182927,481.427910,460.000000,819,-20.182927,OpenLoop,NoFIFO,false,OpenLoop_NoFIFO
1.230074,-1,20,9999.471000,73.917000,478.560490,480.997797,460.000000,819,-18.560490,OpenLoop,NoFIFO,false,OpenLoop_NoFIFO
1.240075,-1,20,10000.674000,74.591000,474.855282,480.076420,460.000000,819,-14.855282,OpenLoop,NoFIFO,false,OpenLoop_NoFIFO
1.250074,-1,20,9999.452000,74.043000,472.480106,478.936973,460.000000,819,-12.480106,OpenLoop,NoFIFO,false,OpenLoop_NoFIFO
1.260074,-1,20,9999.859000,73.902000,476.327945,478.545619,460.000000,819,-16.327945,OpenLoop,NoFIFO,false,OpenLoop_NoFIFO
1.270074,-1,20,9999.990000,73.892000,475.253469,478.051796,460.000000,819,-15.253469,OpenLoop,NoFIFO,false,OpenLoop_NoFIFO
1.280073,-1,20,9998.822000,72.714000,478.084021,478.056630,460.000000,819,-18.084021,OpenLoop,NoFIFO,false,OpenLoop_NoFIFO
1.290074,-1,20,10001.267000,73.981000,482.998454,478.797904,460.000000,819,-22.998454,OpenLoop,NoFIFO,false,OpenLoop_NoFIFO
1.300073,-1,20,9999.026000,73.007000,483.247423,479.465331,460.000000,819,-23.247423,OpenLoop,NoFIFO,false,OpenLoop_NoFIFO
1.310073,-1,20,10000.489000,73.496000,485.883797,480.428101,460.000000,819,-25.883797,OpenLoop,NoFIFO,false,OpenLoop_NoFIFO
1.320074,-1,20,10000.360000,73.856000,485.751295,481.226580,460.000000,819,-25.751295,OpenLoop,NoFIFO,false,OpenLoop_NoFIFO
1.330078,-1,20,10003.970000,77.826000,482.749743,481.455055,460.000000,819,-22.749743,OpenLoop,NoFIFO,false,OpenLoop_NoFIFO
1.340075,-1,20,9997.341000,75.167000,483.927733,481.825957,460.000000,819,-23.927733,OpenLoop,NoFIFO,false,OpenLoop_NoFIFO
1.350071,-1,20,9996.323000,71.490000,477.803112,481.222530,460.000000,819,-17.803112,OpenLoop,NoFIFO,false,OpenLoop_NoFIFO
1.360070,-1,20,9998.508000,69.998000,475.497536,480.363781,460.000000,819,-15.497536,OpenLoop,NoFIFO,false,OpenLoop_NoFIFO
1.370071,-1,20,10000.618000,70.616000,477.342159,479.910537,460.000000,819,-17.342159,OpenLoop,NoFIFO,false,OpenLoop_NoFIFO
1.380071,-1,20,9999.990000,70.606000,474.356026,479.077361,460.000000,819,-14.356026,OpenLoop,NoFIFO,false,OpenLoop_NoFIFO
1.390082,-1,20,10011.544000,82.150000,474.493873,478.389838,460.000000,819,-14.493873,OpenLoop,NoFIFO,false,OpenLoop_NoFIFO
1.400087,-1,20,10005.026000,87.176000,480.769231,478.746747,460.000000,819,-20.769231,OpenLoop,NoFIFO,false,OpenLoop_NoFIFO
1.410077,-1,20,9990.175000,77.351000,480.993470,479.083755,460.000000,819,-20.993470,OpenLoop,NoFIFO,false,OpenLoop_NoFIFO
1.420074,-1,20,9996.896000,74.247000,483.772406,479.787053,460.000000,819,-23.772406,OpenLoop,NoFIFO,false,OpenLoop_NoFIFO
1.430070,-1,20,9995.508000,69.755000,487.588652,480.957293,460.000000,819,-27.588652,OpenLoop,NoFIFO,false,OpenLoop_NoFIFO
1.440071,-1,20,10000.841000,70.596000,483.746130,481.375618,460.000000,819,-23.746130,OpenLoop,NoFIFO,false,OpenLoop_NoFIFO
1.450070,-1,20,9999.304000,69.900000,485.751295,482.031970,460.000000,819,-25.751295,OpenLoop,NoFIFO,false,OpenLoop_NoFIFO
1.460073,-1,20,10002.989000,72.889000,482.723577,482.135711,460.000000,819,-22.723577,OpenLoop,NoFIFO,false,OpenLoop_NoFIFO
1.470069,-1,20,9996.526000,69.415000,479.247809,481.702526,460.000000,819,-19.247809,OpenLoop,NoFIFO,false,OpenLoop_NoFIFO
1.480074,-1,20,10004.952000,74.367000,478.804903,481.267882,460.000000,819,-18.804903,OpenLoop,NoFIFO,false,OpenLoop_NoFIFO
1.490070,-1,20,9995.601000,69.968000,475.313858,480.374779,460.000000,819,-15.313858,OpenLoop,NoFIFO,false,OpenLoop_NoFIFO
1.500074,-1,20,10004.378000,74.346000,472.229586,479.153000,460.000000,819,-12.229586,OpenLoop,NoFIFO,false,OpenLoop_NoFIFO
1.510070,-1,20,9996.044000,70.390000,476.283946,478.722642,460.000000,819,-16.283946,OpenLoop,NoFIFO,false,OpenLoop_NoFIFO
1.520071,-1,20,10000.193000,70.583000,475.050672,478.171846,460.000000,819,-15.050672,OpenLoop,NoFIFO,false,OpenLoop_NoFIFO
1.530071,-1,20,10000.193000,70.776000,479.714912,478.403306,460.000000,819,-19.714912,OpenLoop,NoFIFO,false,OpenLoop_NoFIFO
1.540074,-1,20,10003.285000,74.061000,483.746130,479.204730,460.000000,819,-23.746130,OpenLoop,NoFIFO,false,OpenLoop_NoFIFO
1.550083,-1,20,10009.249000,83.310000,483.473980,479.845117,460.000000,819,-23.473980,OpenLoop,NoFIFO,false,OpenLoop_NoFIFO
1.560085,-1,20,10001.322000,84.632000,486.149017,480.790702,460.000000,819,-26.149017,OpenLoop,NoFIFO,false,OpenLoop_NoFIFO
1.570101,-1,20,10016.359000,100.991000,485.392012,481.480899,460.000000,819,-25.392012,OpenLoop,NoFIFO,false,OpenLoop_NoFIFO
1.580075,-1,20,9973.712000,74.703000,484.154930,481.882003,460.000000,819,-24.154930,OpenLoop,NoFIFO,false,OpenLoop_NoFIFO
1.590074,-1,20,9998.971000,73.674000,483.746130,482.161622,460.000000,819,-23.746130,OpenLoop,NoFIFO,false,OpenLoop_NoFIFO
1.600085,-1,20,10011.192000,84.866000,478.573348,481.623381,460.000000,819,-18.573348,OpenLoop,NoFIFO,false,OpenLoop_NoFIFO
1.610095,-1,20,10009.860000,94.726000,476.003385,480.780382,460.000000,819,-16.003385,OpenLoop,NoFIFO,false,OpenLoop_NoFIFO
1.620097,-1,20,10002.082000,96.808000,476.233672,480.098375,460.000000,819,-16.233672,OpenLoop,NoFIFO,false,OpenLoop_NoFIFO
1.630091,-1,20,9994.063000,90.871000,473.736702,479.144124,460.000000,819,-13.736702,OpenLoop,NoFIFO,false,OpenLoop_NoFIFO
1.640075,-1,20,9984.304000,75.175000,473.484848,478.295233,460.000000,819,-13.484848,OpenLoop,NoFIFO,false,OpenLoop_NoFIFO
1.650065,-1,20,9989.341000,64.516000,480.182927,478.578387,460.000000,819,-20.182927,OpenLoop,NoFIFO,false,OpenLoop_NoFIFO
1.660064,-1,20,9999.471000,63.987000,478.045326,478.498428,460.000000,819,-18.045326,OpenLoop,NoFIFO,false,OpenLoop_NoFIFO
1.670062,-1,20,9997.933000,61.920000,484.336840,479.374190,460.000000,819,-24.336840,OpenLoop,NoFIFO,false,OpenLoop_NoFIFO
1.680063,-1,20,10000.804000,62.724000,487.604022,480.608665,460.000000,819,-27.604022,OpenLoop,NoFIFO,false,OpenLoop_NoFIFO
1.690063,-1,20,9999.860000,62.584000,483.960177,481.111391,460.000000,819,-23.960177,OpenLoop,NoFIFO,false,OpenLoop_NoFIFO
1.700061,-1,20,9998.896000,61.480000,486.111111,481.861349,460.000000,819,-26.111111,OpenLoop,NoFIFO,false,OpenLoop_NoFIFO
1.710071,-1,20,10009.230000,70.710000,484.298532,482.226927,460.000000,819,-24.298532,OpenLoop,NoFIFO,false,OpenLoop_NoFIFO
1.720071,-1,20,9999.859000,70.569000,480.886663,482.025887,460.000000,819,-20.886663,OpenLoop,NoFIFO,false,OpenLoop_NoFIFO
1.730070,-1,20,9999.377000,69.946000,478.715997,481.529404,460.000000,819,-18.715997,OpenLoop,NoFIFO,false,OpenLoop_NoFIFO
1.740070,-1,20,9999.989000,69.935000,475.812053,480.671801,460.000000,819,-15.812053,OpenLoop,NoFIFO,false,OpenLoop_NoFIFO
1.750069,-1,20,9999.470000,69.405000,472.802594,479.491420,460.000000,819,-12.802594,OpenLoop,NoFIFO,false,OpenLoop_NoFIFO
1.760070,-1,20,10000.674000,70.079000,477.546917,479.199744,460.000000,819,-17.546917,OpenLoop,NoFIFO,false,OpenLoop_NoFIFO
1.770069,-1,20,9999.322000,69.401000,475.084459,478.582452,460.000000,819,-15.084459,OpenLoop,NoFIFO,false,OpenLoop_NoFIFO
1.780069,-1,20,9999.767000,69.168000,478.548858,478.577413,460.000000,819,-18.548858,OpenLoop,NoFIFO,false,OpenLoop_NoFIFO
1.790070,-1,20,10000.896000,70.064000,484.562024,479.475104,460.000000,819,-24.562024,OpenLoop,NoFIFO,false,OpenLoop_NoFIFO
1.800069,-1,20,9999.303000,69.367000,483.021077,480.007000,460.000000,819,-23.021077,OpenLoop,NoFIFO,false,OpenLoop_NoFIFO
1.810073,-1,20,10004.045000,73.412000,486.149017,480.928303,460.000000,819,-26.149017,OpenLoop,NoFIFO,false,OpenLoop_NoFIFO
1.820073,-1,20,9999.766000,73.178000,485.934408,481.679219,460.000000,819,-25.934408,OpenLoop,NoFIFO,false,OpenLoop_NoFIFO
1.830072,-1,20,9998.989000,72.167000,482.840154,481.853359,460.000000,819,-22.840154,OpenLoop,NoFIFO,false,OpenLoop_NoFIFO
1.840069,-1,20,9996.451000,68.618000,483.772406,482.141216,460.000000,819,-23.772406,OpenLoop,NoFIFO,false,OpenLoop_NoFIFO
1.850079,-1,20,10010.508000,79.126000,478.316327,481.567483,460.000000,819,-18.316327,OpenLoop,NoFIFO,false,OpenLoop_NoFIFO
1.860076,-1,20,9997.173000,76.299000,475.761218,480.696543,460.000000,819,-15.761218,OpenLoop,NoFIFO,false,OpenLoop_NoFIFO
1.870074,-1,20,9997.211000,73.510000,476.464182,480.061689,460.000000,819,-16.464182,OpenLoop,NoFIFO,false,OpenLoop_NoFIFO
1.880072,-1,20,9998.860000,72.370000,473.736702,479.112941,460.000000,819,-13.736702,OpenLoop,NoFIFO,false,OpenLoop_NoFIFO
1.890073,-1,20,10000.322000,72.692000,474.356026,478.399403,460.000000,819,-14.356026,OpenLoop,NoFIFO,false,OpenLoop_NoFIFO
1.900071,-1,20,9998.785000,71.477000,479.810904,478.611129,460.000000,819,-19.810904,OpenLoop,NoFIFO,false,OpenLoop_NoFIFO
1.910073,-1,20,10001.229000,72.706000,479.527962,478.748654,460.000000,819,-19.527962,OpenLoop,NoFIFO,false,OpenLoop_NoFIFO
1.920072,-1,20,9999.544000,72.250000,483.247423,479.423469,460.000000,819,-23.247423,OpenLoop,NoFIFO,false,OpenLoop_NoFIFO
1.930072,-1,20,10000.248000,72.498000,487.588652,480.648246,460.000000,819,-27.588652,OpenLoop,NoFIFO,false,OpenLoop_NoFIFO
1.940073,-1,20,10000.174000,72.672000,483.247423,481.038123,460.000000,819,-23.247423,OpenLoop,NoFIFO,false,OpenLoop_NoFIFO
1.950072,-1,20,9999.674000,72.346000,485.980207,481.779436,460.000000,819,-25.980207,OpenLoop,NoFIFO,false,OpenLoop_NoFIFO
1.960072,-1,20,9999.933000,72.279000,484.245868,482.149400,460.000000,819,-24.245868,OpenLoop,NoFIFO,false,OpenLoop_NoFIFO
1.970072,-1,20,9999.804000,72.083000,480.182927,481.854429,460.000000,819,-20.182927,OpenLoop,NoFIFO,false,OpenLoop_NoFIFO
1.980071,-1,20,9999.136000,71.219000,477.803112,481.246732,460.000000,819,-17.803112,OpenLoop,NoFIFO,false,OpenLoop_NoFIFO
1.990081,-1,20,10009.767000,80.986000,475.230415,480.344284,460.000000,819,-15.230415,OpenLoop,NoFIFO,false,OpenLoop_NoFIFO
2.000076,-1,20,9994.970000,75.956000,473.233262,479.277631,460.000000,819,-13.233262,OpenLoop,NoFIFO,false,OpenLoop_NoFIFO
2.010072,-1,20,9996.359000,72.315000,476.233672,478.821037,460.000000,819,-16.233672,OpenLoop,NoFIFO,false,OpenLoop_NoFIFO
2.020072,-1,20,10000.137000,72.452000,475.507208,478.323963,460.000000,819,-15.507208,OpenLoop,NoFIFO,false,OpenLoop_NoFIFO
2.030073,-1,20,10000.248000,72.700000,478.316327,478.322817,460.000000,819,-18.316327,OpenLoop,NoFIFO,false,OpenLoop_NoFIFO
2.040073,-1,20,10000.285000,72.985000,484.746639,479.286391,460.000000,819,-24.746639,OpenLoop,NoFIFO,false,OpenLoop_NoFIFO
2.050072,-1,20,9999.322000,72.307000,483.484774,479.916148,460.000000,819,-23.484774,OpenLoop,NoFIFO,false,OpenLoop_NoFIFO
2.060085,-1,20,10013.081000,85.388000,486.003110,480.829192,460.000000,819,-26.003110,OpenLoop,NoFIFO,false,OpenLoop_NoFIFO
2.070075,-1,20,9989.804000,75.192000,486.209335,481.636214,460.000000,819,-26.209335,OpenLoop,NoFIFO,false,OpenLoop_NoFIFO
2.080075,-1,20,9999.563000,74.755000,482.203477,481.721303,460.000000,819,-22.203477,OpenLoop,NoFIFO,false,OpenLoop_NoFIFO
2.090069,-1,20,9994.692000,69.447000,483.769904,482.028593,460.000000,819,-23.769904,OpenLoop,NoFIFO,false,OpenLoop_NoFIFO
2.100071,-1,20,10001.396000,70.843000,478.804903,481.545040,460.000000,819,-18.804903,OpenLoop,NoFIFO,false,OpenLoop_NoFIFO
2.110070,-1,20,9998.804000,69.647000,475.497536,480.637914,460.000000,819,-15.497536,OpenLoop,NoFIFO,false,OpenLoop_NoFIFO
2.120073,-1,20,10003.748000,73.395000,475.812053,479.914035,460.000000,819,-15.812053,OpenLoop,NoFIFO,false,OpenLoop_NoFIFO
2.130070,-1,20,9996.914000,70.309000,474.356026,479.080334,460.000000,819,-14.356026,OpenLoop,NoFIFO,false,OpenLoop_NoFIFO
2.140073,-1,20,10002.822000,73.131000,472.229586,478.052722,460.000000,819,-12.229586,OpenLoop,NoFIFO,false,OpenLoop_NoFIFO
2.150071,-1,20,9997.378000,70.509000,480.370388,478.400372,460.000000,819,-20.370388,OpenLoop,NoFIFO,false,OpenLoop_NoFIFO
2.160073,-1,20,10002.692000,73.201000,478.624785,478.434034,460.000000,819,-18.624785,OpenLoop,NoFIFO,false,OpenLoop_NoFIFO
2.170070,-1,20,9997.248000,70.449000,483.247423,479.156042,460.000000,819,-23.247423,OpenLoop,NoFIFO,false,OpenLoop_NoFIFO
2.180074,-1,20,10003.285000,73.734000,487.519501,480.410561,460.000000,819,-27.519501,OpenLoop,NoFIFO,false,OpenLoop_NoFIFO
2.190070,-1,20,9996.711000,70.445000,483.484774,480.871693,460.000000,819,-23.484774,OpenLoop,NoFIFO,false,OpenLoop_NoFIFO
2.200073,-1,20,10002.600000,73.045000,487.266112,481.830856,460.000000,819,-27.266112,OpenLoop,NoFIFO,false,OpenLoop_NoFIFO
2.210070,-1,20,9997.155000,70.200000,484.609962,482.247722,460.000000,819,-24.609962,OpenLoop,NoFIFO,false,OpenLoop_NoFIFO
2.220074,-1,20,10003.600000,73.800000,479.346071,481.812474,460.000000,819,-19.346071,OpenLoop,NoFIFO,false,OpenLoop_NoFIFO
2.230069,-1,20,9995.341000,69.141000,478.094576,481.254789,460.000000,819,-18.094576,OpenLoop,NoFIFO,false,OpenLoop_NoFIFO
2.240075,-1,20,10005.433000,74.574000,476.219121,480.499439,460.000000,819,-16.219121,OpenLoop,NoFIFO,false,OpenLoop_NoFIFO
2.250083,-1,20,10008.896000,83.470000,473.302721,479.419931,460.000000,819,-13.302721,OpenLoop,NoFIFO,false,OpenLoop_NoFIFO
2.260076,-1,20,9992.785000,76.255000,476.779979,479.023939,460.000000,819,-16.779979,OpenLoop,NoFIFO,false,OpenLoop_NoFIFO
2.270073,-1,20,9997.007000,73.262000,475.011515,478.422075,460.000000,819,-15.011515,OpenLoop,NoFIFO,false,OpenLoop_NoFIFO
2.280074,-1,20,10000.470000,73.732000,479.294479,478.552936,460.000000,819,-19.294479,OpenLoop,NoFIFO,false,OpenLoop_NoFIFO
2.290075,-1,20,10001.415000,75.147000,484.200394,479.400054,460.000000,819,-24.200394,OpenLoop,NoFIFO,false,OpenLoop_NoFIFO
2.300073,-1,20,9997.396000,72.543000,482.462080,479.859358,460.000000,819,-22.462080,OpenLoop,NoFIFO,false,OpenLoop_NoFIFO
2.310073,-1,20,10000.322000,72.865000,485.980207,480.777486,460.000000,819,-25.980207,OpenLoop,NoFIFO,false,OpenLoop_NoFIFO
2.320070,-1,20,9997.341000,70.206000,486.760125,481.674881,460.000000,819,-26.760125,OpenLoop,NoFIFO,false,OpenLoop_NoFIFO
2.330074,-1,20,10003.970000,74.176000,482.536765,481.804164,460.000000,819,-22.536765,OpenLoop,NoFIFO,false,OpenLoop_NoFIFO
2.340081,-1,20,10007.322000,81.498000,482.749743,481.946001,460.000000,819,-22.749743,OpenLoop,NoFIFO,false,OpenLoop_NoFIFO
2.350075,-1,20,9993.452000,74.950000,479.205390,481.534909,460.000000,819,-19.205390,OpenLoop,NoFIFO,false,OpenLoop_NoFIFO
2.360072,-1,20,9997.377000,72.327000,474.746802,480.516693,460.000000,819,-14.746802,OpenLoop,NoFIFO,false,OpenLoop_NoFIFO
2.370073,-1,20,10000.637000,72.964000,476.003385,479.839697,460.000000,819,-16.003385,OpenLoop,NoFIFO,false,OpenLoop_NoFIFO
2.380074,-1,20,10001.415000,74.379000,474.241214,478.999924,460.000000,819,-14.241214,OpenLoop,NoFIFO,false,OpenLoop_NoFIFO
2.390080,-1,20,10005.914000,80.293000,474.137931,478.270625,460.000000,819,-14.137931,OpenLoop,NoFIFO,false,OpenLoop_NoFIFO
2.400076,-1,20,9995.970000,76.263000,482.200866,478.860162,460.000000,819,-22.200866,OpenLoop,NoFIFO,false,OpenLoop_NoFIFO
2.410073,-1,20,9997.008000,73.271000,480.500419,479.106200,460.000000,819,-20.500419,OpenLoop,NoFIFO,false,OpenLoop_NoFIFO
2.420072,-1,20,9998.396000,71.667000,483.562276,479.774612,460.000000,819,-23.562276,OpenLoop,NoFIFO,false,OpenLoop_NoFIFO
2.430073,-1,20,10001.396000,73.063000,487.819300,480.981315,460.000000,819,-27.819300,OpenLoop,NoFIFO,false,OpenLoop_NoFIFO
2.440072,-1,20,9999.414000,72.477000,482.932979,481.274064,460.000000,819,-22.932979,OpenLoop,NoFIFO,false,OpenLoop_NoFIFO
2.450072,-1,20,9999.489000,71.966000,486.255187,482.021233,460.000000,819,-26.255187,OpenLoop,NoFIFO,false,OpenLoop_NoFIFO
2.460072,-1,20,9999.767000,71.733000,484.382339,482.375399,460.000000,819,-24.382339,OpenLoop,NoFIFO,false,OpenLoop_NoFIFO
2.470081,-1,20,10008.859000,80.592000,478.072412,481.729951,460.000000,819,-18.072412,OpenLoop,NoFIFO,false,OpenLoop_NoFIFO
2.480073,-1,20,9992.766000,73.358000,478.059581,481.179395,460.000000,819,-18.059581,OpenLoop,NoFIFO,false,OpenLoop_NoFIFO
2.490071,-1,20,9997.341000,70.699000,476.003385,480.402994,460.000000,819,-16.003385,OpenLoop,NoFIFO,false,OpenLoop_NoFIFO
2.500073,-1,20,10002.470000,73.169000,472.730892,479.252178,460.000000,819,-12.730892,OpenLoop,NoFIFO,false,OpenLoop_NoFIFO
2.510070,-1,20,9996.563000,69.732000,476.768377,478.879608,460.000000,819,-16.768377,OpenLoop,NoFIFO,false,OpenLoop_NoFIFO
2.520079,-1,20,10008.933000,78.665000,475.253469,478.335687,460.000000,819,-15.253469,OpenLoop,NoFIFO,false,OpenLoop_NoFIFO
2.530070,-1,20,9991.192000,69.857000,478.760446,478.399401,460.000000,819,-18.760446,OpenLoop,NoFIFO,false,OpenLoop_NoFIFO
2.540071,-1,20,10000.730000,70.587000,484.562024,479.323795,460.000000,819,-24.562024,OpenLoop,NoFIFO,false,OpenLoop_NoFIFO
2.550071,-1,20,9999.970000,70.557000,484.382339,480.082576,460.000000,819,-24.382339,OpenLoop,NoFIFO,false,OpenLoop_NoFIFO
2.560071,-1,20,10000.063000,70.620000,485.354223,480.873323,460.000000,819,-25.354223,OpenLoop,NoFIFO,false,OpenLoop_NoFIFO
2.570070,-1,20,9999.155000,69.775000,486.392793,481.701244,460.000000,819,-26.392793,OpenLoop,NoFIFO,false,OpenLoop_NoFIFO
2.580074,-1,20,10004.100000,73.875000,483.048228,481.903291,460.000000,819,-23.048228,OpenLoop,NoFIFO,false,OpenLoop_NoFIFO
2.590070,-1,20,9995.877000,69.752000,483.700750,482.172910,460.000000,819,-23.700750,OpenLoop,NoFIFO,false,OpenLoop_NoFIFO
2.600074,-1,20,10004.304000,74.056000,479.862608,481.826365,460.000000,819,-19.862608,OpenLoop,NoFIFO,false,OpenLoop_NoFIFO
2.610069,-1,20,9995.248000,69.304000,476.648751,481.049723,460.000000,819,-16.648751,OpenLoop,NoFIFO,false,OpenLoop_NoFIFO
2.620090,-1,20,10020.359000,89.663000,475.359764,480.196229,460.000000,819,-15.359764,OpenLoop,NoFIFO,false,OpenLoop_NoFIFO
2.630077,-1,20,9987.711000,77.374000,474.683544,479.369326,460.000000,819,-14.683544,OpenLoop,NoFIFO,false,OpenLoop_NoFIFO
2.640102,-1,20,10024.211000,101.585000,474.241214,478.600109,460.000000,819,-14.241214,OpenLoop,NoFIFO,false,OpenLoop_NoFIFO
2.650129,-1,20,10027.358000,128.943000,480.839683,478.936046,460.000000,819,-20.839683,OpenLoop,NoFIFO,false,OpenLoop_NoFIFO
2.660089,-1,20,9960.064000,89.007000,479.834169,479.070764,460.000000,819,-19.834169,OpenLoop,NoFIFO,false,OpenLoop_NoFIFO
2.670089,-1,20,9999.692000,88.699000,482.773418,479.626162,460.000000,819,-22.773418,OpenLoop,NoFIFO,false,OpenLoop_NoFIFO
2.680085,-1,20,9995.859000,84.558000,488.027069,480.886298,460.000000,819,-28.027069,OpenLoop,NoFIFO,false,OpenLoop_NoFIFO
2.690075,-1,20,9989.989000,74.547000,484.154930,481.376593,460.000000,819,-24.154930,OpenLoop,NoFIFO,false,OpenLoop_NoFIFO
2.700071,-1,20,9996.822000,71.369000,484.564421,481.854767,460.000000,819,-24.564421,OpenLoop,NoFIFO,false,OpenLoop_NoFIFO
2.710067,-1,20,9995.525000,66.894000,485.499741,482.401513,460.000000,819,-25.499741,OpenLoop,NoFIFO,false,OpenLoop_NoFIFO
2.720065,-1,20,9998.118000,65.012000,479.061223,481.900470,460.000000,819,-19.061223,OpenLoop,NoFIFO,false,OpenLoop_NoFIFO
2.730069,-1,20,10003.674000,68.686000,478.316327,481.362848,460.000000,819,-18.316327,OpenLoop,NoFIFO,false,OpenLoop_NoFIFO
2.740067,-1,20,9998.803000,67.489000,475.646880,480.505453,460.000000,819,-15.646880,OpenLoop,NoFIFO,false,OpenLoop_NoFIFO
2.750067,-1,20,9999.692000,67.181000,473.712705,479.486541,460.000000,819,-13.712705,OpenLoop,NoFIFO,false,OpenLoop_NoFIFO
2.760068,-1,20,10000.451000,67.632000,477.035351,479.118862,460.000000,819,-17.035351,OpenLoop,NoFIFO,false,OpenLoop_NoFIFO
2.770068,-1,20,10000.044000,67.676000,475.543478,478.582555,460.000000,819,-15.543478,OpenLoop,NoFIFO,false,OpenLoop_NoFIFO
2.780078,-1,20,10010.636000,78.312000,478.715997,478.602571,460.000000,819,-18.715997,OpenLoop,NoFIFO,false,OpenLoop_NoFIFO
2.790077,-1,20,9999.174000,77.486000,484.614757,479.504399,460.000000,819,-24.614757,OpenLoop,NoFIFO,false,OpenLoop_NoFIFO
2.800071,-1,20,9993.914000,71.400000,483.927733,480.167899,460.000000,819,-23.927733,OpenLoop,NoFIFO,false,OpenLoop_NoFIFO
2.810089,-1,20,10017.229000,88.629000,485.354223,480.945848,460.000000,819,-25.354223,OpenLoop,NoFIFO,false,OpenLoop_NoFIFO
2.820072,-1,20,9983.673000,72.302000,487.588652,481.942268,460.000000,819,-27.588652,OpenLoop,NoFIFO,false,OpenLoop_NoFIFO
2.830071,-1,20,9999.192000,71.494000,482.723577,482.059465,460.000000,819,-22.723577,OpenLoop,NoFIFO,false,OpenLoop_NoFIFO
2.840075,-1,20,10003.951000,75.445000,483.700750,482.305658,460.000000,819,-23.700750,OpenLoop,NoFIFO,false,OpenLoop_NoFIFO
2.850071,-1,20,9995.396000,70.841000,478.573348,481.745811,460.000000,819,-18.573348,OpenLoop,NoFIFO,false,OpenLoop_NoFIFO
2.860071,-1,20,10000.155000,70.996000,475.888325,480.867188,460.000000,819,-15.888325,OpenLoop,NoFIFO,false,OpenLoop_NoFIFO
2.870071,-1,20,10000.025000,71.021000,476.015500,480.139435,460.000000,819,-16.015500,OpenLoop,NoFIFO,false,OpenLoop_NoFIFO
2.880076,-1,20,10005.322000,76.343000,474.169075,479.243881,460.000000,819,-14.169075,OpenLoop,NoFIFO,false,OpenLoop_NoFIFO
2.890073,-1,20,9996.692000,73.035000,474.190715,478.485906,460.000000,819,-14.190715,OpenLoop,NoFIFO,false,OpenLoop_NoFIFO
2.900073,-1,20,9999.710000,72.745000,481.262834,478.902445,460.000000,819,-21.262834,OpenLoop,NoFIFO,false,OpenLoop_NoFIFO
2.910073,-1,20,10000.044000,72.789000,480.121294,479.085272,460.000000,819,-20.121294,OpenLoop,NoFIFO,false,OpenLoop_NoFIFO
2.920073,-1,20,9999.766000,72.555000,483.247423,479.709595,460.000000,819,-23.247423,OpenLoop,NoFIFO,false,OpenLoop_NoFIFO
2.930073,-1,20,10000.155000,72.710000,489.045383,481.109963,460.000000,819,-29.045383,OpenLoop,NoFIFO,false,OpenLoop_NoFIFO
2.940072,-1,20,9999.526000,72.236000,484.198229,481.573203,460.000000,819,-24.198229,OpenLoop,NoFIFO,false,OpenLoop_NoFIFO
2.950072,-1,20,10000.229000,72.465000,486.003110,482.237689,460.000000,819,-26.003110,OpenLoop,NoFIFO,false,OpenLoop_NoFIFO
2.960072,-1,20,9999.821000,72.286000,484.154930,482.525275,460.000000,819,-24.154930,OpenLoop,NoFIFO,false,OpenLoop_NoFIFO
2.970072,-1,20,9999.599000,71.885000,479.049566,482.003919,460.000000,819,-19.049566,OpenLoop,NoFIFO,false,OpenLoop_NoFIFO
2.980072,-1,20,10000.100000,71.985000,478.781615,481.520573,460.000000,819,-18.781615,OpenLoop,NoFIFO,false,OpenLoop_NoFIFO
2.990071,-1,20,9999.136000,71.121000,475.773320,480.658485,460.000000,819,-15.773320,OpenLoop,NoFIFO,false,OpenLoop_NoFIFO
3.000071,-1,20,10000.359000,71.480000,472.730892,479.469346,460.000000,819,-12.730892,OpenLoop,NoFIFO,false,OpenLoop_NoFIFO
3.010072,-1,20,10000.618000,72.098000,475.497536,478.873575,460.000000,819,-15.497536,OpenLoop,NoFIFO,false,OpenLoop_NoFIFO
3.020072,-1,20,10000.247000,72.345000,476.371951,478.498331,460.000000,819,-16.371951,OpenLoop,NoFIFO,false,OpenLoop_NoFIFO
3.030073,-1,20,10000.377000,72.722000,478.362815,478.478004,460.000000,819,-18.362815,OpenLoop,NoFIFO,false,OpenLoop_NoFIFO
3.040072,-1,20,9999.026000,71.748000,484.245868,479.343183,460.000000,819,-24.245868,OpenLoop,NoFIFO,false,OpenLoop_NoFIFO
3.050071,-1,20,9999.247000,70.995000,484.436516,480.107183,460.000000,819,-24.436516,OpenLoop,NoFIFO,false,OpenLoop_NoFIFO
3.060071,-1,20,10000.192000,71.187000,484.947238,480.833191,460.000000,819,-24.947238,OpenLoop,NoFIFO,false,OpenLoop_NoFIFO
3.070072,-1,20,10000.544000,71.731000,488.327493,481.957337,460.000000,819,-28.327493,OpenLoop,NoFIFO,false,OpenLoop_NoFIFO
3.080071,-1,20,9999.507000,71.238000,482.723577,482.072273,460.000000,819,-22.723577,OpenLoop,NoFIFO,false,OpenLoop_NoFIFO
3.090072,-1,20,10000.692000,71.930000,483.700750,482.316544,460.000000,819,-23.700750,OpenLoop,NoFIFO,false,OpenLoop_NoFIFO
3.100071,-1,20,9999.488000,71.418000,480.121294,481.987257,460.000000,819,-20.121294,OpenLoop,NoFIFO,false,OpenLoop_NoFIFO
3.110072,-1,20,10000.451000,71.869000,475.230415,480.973731,460.000000,819,-15.230415,OpenLoop,NoFIFO,false,OpenLoop_NoFIFO
3.120071,-1,20,9999.489000,71.358000,476.524880,480.306403,460.000000,819,-16.524880,OpenLoop,NoFIFO,false,OpenLoop_NoFIFO
3.130071,-1,20,9999.692000,71.050000,475.084459,479.523111,460.000000,819,-15.084459,OpenLoop,NoFIFO,false,OpenLoop_NoFIFO
3.140071,-1,20,9999.692000,70.742000,474.241214,478.730827,460.000000,819,-14.241214,OpenLoop,NoFIFO,false,OpenLoop_NoFIFO
3.150071,-1,20,10000.321000,71.063000,479.651163,478.868877,460.000000,819,-19.651163,OpenLoop,NoFIFO,false,OpenLoop_NoFIFO
3.160079,-1,20,10007.785000,78.848000,480.639504,479.134471,460.000000,819,-20.639504,OpenLoop,NoFIFO,false,OpenLoop_NoFIFO
3.170075,-1,20,9996.043000,74.891000,483.247423,479.751414,460.000000,819,-23.247423,OpenLoop,NoFIFO,false,OpenLoop_NoFIFO
3.180072,-1,20,9997.118000,72.009000,489.045383,481.145509,460.000000,819,-29.045383,OpenLoop,NoFIFO,false,OpenLoop_NoFIFO
3.190072,-1,20,10000.081000,72.090000,483.960177,481.567709,460.000000,819,-23.960177,OpenLoop,NoFIFO,false,OpenLoop_NoFIFO
3.200071,-1,20,9999.192000,71.282000,485.248447,482.119820,460.000000,819,-25.248447,OpenLoop,NoFIFO,false,OpenLoop_NoFIFO
3.210098,-1,20,10026.822000,98.104000,485.522599,482.630237,460.000000,819,-25.522599,OpenLoop,NoFIFO,false,OpenLoop_NoFIFO
3.220073,-1,20,9974.766000,72.870000,478.008265,481.936941,460.000000,819,-18.008265,OpenLoop,NoFIFO,false,OpenLoop_NoFIFO
3.230073,-1,20,9999.710000,72.580000,479.249930,481.533890,460.000000,819,-19.249930,OpenLoop,NoFIFO,false,OpenLoop_NoFIFO
3.240075,-1,20,10002.285000,74.865000,476.015500,480.706131,460.000000,819,-16.015500,OpenLoop,NoFIFO,false,OpenLoop_NoFIFO
3.250071,-1,20,9996.359000,71.224000,473.484848,479.622939,460.000000,819,-13.484848,OpenLoop,NoFIFO,false,OpenLoop_NoFIFO
3.260074,-1,20,10002.988000,74.212000,476.984254,479.227136,460.000000,819,-16.984254,OpenLoop,NoFIFO,false,OpenLoop_NoFIFO
3.270070,-1,20,9996.173000,70.385000,477.474766,478.964281,460.000000,819,-17.474766,OpenLoop,NoFIFO,false,OpenLoop_NoFIFO
3.280074,-1,20,10003.303000,73.688000,478.573348,478.905641,460.000000,819,-18.573348,OpenLoop,NoFIFO,false,OpenLoop_NoFIFO
3.290073,-1,20,9999.303000,72.991000,484.609962,479.761289,460.000000,819,-24.609962,OpenLoop,NoFIFO,false,OpenLoop_NoFIFO
3.300072,-1,20,9998.970000,71.961000,485.152785,480.570013,460.000000,819,-25.152785,OpenLoop,NoFIFO,false,OpenLoop_NoFIFO
3.310104,-1,20,10032.081000,104.042000,484.997413,481.234123,460.000000,819,-24.997413,OpenLoop,NoFIFO,false,OpenLoop_NoFIFO
3.320093,-1,20,9988.581000,92.623000,489.045383,482.405812,460.000000,819,-29.045383,OpenLoop,NoFIFO,false,OpenLoop_NoFIFO
3.330077,-1,20,9984.395000,77.018000,483.473980,482.566037,460.000000,819,-23.473980,OpenLoop,NoFIFO,false,OpenLoop_NoFIFO
3.340077,-1,20,10000.304000,77.322000,483.772406,482.746993,460.000000,819,-23.772406,OpenLoop,NoFIFO,false,OpenLoop_NoFIFO
3.350077,-1,20,9999.395000,76.717000,479.205390,482.215752,460.000000,819,-19.205390,OpenLoop,NoFIFO,false,OpenLoop_NoFIFO
3.360073,-1,20,9995.914000,72.631000,474.241214,481.019572,460.000000,819,-14.241214,OpenLoop,NoFIFO,false,OpenLoop_NoFIFO
3.370072,-1,20,9999.637000,72.268000,476.108033,480.282841,460.000000,819,-16.108033,OpenLoop,NoFIFO,false,OpenLoop_NoFIFO
3.380075,-1,20,10002.266000,74.534000,475.253469,479.528435,460.000000,819,-15.253469,OpenLoop,NoFIFO,false,OpenLoop_NoFIFO
3.390082,-1,20,10007.951000,82.485000,474.123399,478.717680,460.000000,819,-14.123399,OpenLoop,NoFIFO,false,OpenLoop_NoFIFO
3.400083,-1,20,10000.766000,83.251000,480.325853,478.958906,460.000000,819,-20.325853,OpenLoop,NoFIFO,false,OpenLoop_NoFIFO
3.410076,-1,20,9992.637000,75.888000,481.442577,479.331456,460.000000,819,-21.442577,OpenLoop,NoFIFO,false,OpenLoop_NoFIFO
3.420076,-1,20,9999.988000,75.876000,483.247423,479.918851,460.000000,819,-23.247423,OpenLoop,NoFIFO,false,OpenLoop_NoFIFO
3.430073,-1,20,9997.118000,72.994000,488.975818,481.277396,460.000000,819,-28.975818,OpenLoop,NoFIFO,false,OpenLoop_NoFIFO
3.440073,-1,20,10000.081000,73.075000,484.825803,481.809657,460.000000,819,-24.825803,OpenLoop,NoFIFO,false,OpenLoop_NoFIFO
3.450070,-1,20,9996.951000,70.026000,485.522599,482.366599,460.000000,819,-25.522599,OpenLoop,NoFIFO,false,OpenLoop_NoFIFO
3.460069,-1,20,9999.359000,69.385000,487.479475,483.133530,460.000000,819,-27.479475,OpenLoop,NoFIFO,false,OpenLoop_NoFIFO
3.470078,-1,20,10008.432000,77.817000,479.651163,482.611175,460.000000,819,-19.651163,OpenLoop,NoFIFO,false,OpenLoop_NoFIFO
3.480076,-1,20,9997.933000,75.750000,478.830645,482.044095,460.000000,819,-18.830645,OpenLoop,NoFIFO,false,OpenLoop_NoFIFO
3.490074,-1,20,9997.859000,73.609000,476.548059,481.219690,460.000000,819,-16.548059,OpenLoop,NoFIFO,false,OpenLoop_NoFIFO
3.500070,-1,20,9996.525000,70.134000,473.940780,480.127853,460.000000,819,-13.940780,OpenLoop,NoFIFO,false,OpenLoop_NoFIFO
3.510070,-1,20,9999.488000,69.622000,476.984254,479.656314,460.000000,819,-16.984254,OpenLoop,NoFIFO,false,OpenLoop_NoFIFO
3.520074,-1,20,10004.822000,74.444000,477.434766,479.323081,460.000000,819,-17.434766,OpenLoop,NoFIFO,false,OpenLoop_NoFIFO
3.530073,-1,20,9998.414000,72.858000,480.121294,479.442813,460.000000,819,-20.121294,OpenLoop,NoFIFO,false,OpenLoop_NoFIFO
3.540073,-1,20,9999.710000,72.568000,484.792215,480.245224,460.000000,819,-24.792215,OpenLoop,NoFIFO,false,OpenLoop_NoFIFO
3.550072,-1,20,9999.748000,72.316000,486.003110,481.108907,460.000000,819,-26.003110,OpenLoop,NoFIFO,false,OpenLoop_NoFIFO
3.560072,-1,20,9999.414000,71.730000,485.568321,481.777819,460.000000,819,-25.568321,OpenLoop,NoFIFO,false,OpenLoop_NoFIFO
3.570071,-1,20,9999.248000,70.978000,489.354396,482.914305,460.000000,819,-29.354396,OpenLoop,NoFIFO,false,OpenLoop_NoFIFO
3.580074,-1,20,10002.562000,73.540000,483.247423,482.964273,460.000000,819,-23.247423,OpenLoop,NoFIFO,false,OpenLoop_NoFIFO
3.590079,-1,20,10005.821000,79.361000,482.005141,482.820403,460.000000,819,-22.005141,OpenLoop,NoFIFO,false,OpenLoop_NoFIFO
3.600077,-1,20,9997.600000,76.961000,480.417277,482.459934,460.000000,819,-20.417277,OpenLoop,NoFIFO,false,OpenLoop_NoFIFO
3.610072,-1,20,9995.173000,72.134000,474.493873,481.265025,460.000000,819,-14.493873,OpenLoop,NoFIFO,false,OpenLoop_NoFIFO
3.620073,-1,20,10000.396000,72.530000,476.108033,480.491476,460.000000,819,-16.108033,OpenLoop,NoFIFO,false,OpenLoop_NoFIFO
3.630072,-1,20,9999.433000,71.963000,473.988824,479.516078,460.000000,819,-13.988824,OpenLoop,NoFIFO,false,OpenLoop_NoFIFO
3.640073,-1,20,10000.636000,72.599000,475.313858,478.885745,460.000000,819,-15.313858,OpenLoop,NoFIFO,false,OpenLoop_NoFIFO
3.650073,-1,20,10000.007000,72.606000,479.604200,478.993514,460.000000,819,-19.604200,OpenLoop,NoFIFO,false,OpenLoop_NoFIFO
3.660072,-1,20,9999.562000,72.168000,480.545200,479.226267,460.000000,819,-20.545200,OpenLoop,NoFIFO,false,OpenLoop_NoFIFO
3.670072,-1,20,9999.711000,71.879000,483.247423,479.829440,460.000000,819,-23.247423,OpenLoop,NoFIFO,false,OpenLoop_NoFIFO
3.680073,-1,20,10000.803000,72.682000,487.819300,481.027919,460.000000,819,-27.819300,OpenLoop,NoFIFO,false,OpenLoop_NoFIFO
3.690072,-1,20,9998.988000,71.670000,484.997413,481.623343,460.000000,819,-24.997413,OpenLoop,NoFIFO,false,OpenLoop_NoFIFO
3.700072,-1,20,10000.803000,72.473000,484.154930,482.003081,460.000000,819,-24.154930,OpenLoop,NoFIFO,false,OpenLoop_NoFIFO
3.710073,-1,20,10000.210000,72.683000,487.479475,482.824540,460.000000,819,-27.479475,OpenLoop,NoFIFO,false,OpenLoop_NoFIFO
3.720072,-1,20,9998.951000,71.634000,479.205390,482.281668,460.000000,819,-19.205390,OpenLoop,NoFIFO,false,OpenLoop_NoFIFO
3.730072,-1,20,10000.432000,72.066000,476.233672,481.374468,460.000000,819,-16.233672,OpenLoop,NoFIFO,false,OpenLoop_NoFIFO
3.740072,-1,20,10000.025000,72.091000,477.239846,480.754275,460.000000,819,-17.239846,OpenLoop,NoFIFO,false,OpenLoop_NoFIFO
3.750071,-1,20,9999.118000,71.209000,472.876926,479.572673,460.000000,819,-12.876926,OpenLoop,NoFIFO,false,OpenLoop_NoFIFO
3.760072,-1,20,10000.895000,72.104000,477.035351,479.192074,460.000000,819,-17.035351,OpenLoop,NoFIFO,false,OpenLoop_NoFIFO
3.770072,-1,20,9999.895000,71.999000,477.157053,478.886821,460.000000,819,-17.157053,OpenLoop,NoFIFO,false,OpenLoop_NoFIFO
3.780072,-1,20,9999.544000,71.543000,480.769231,479.169183,460.000000,819,-20.769231,OpenLoop,NoFIFO,false,OpenLoop_NoFIFO
3.790071,-1,20,9999.784000,71.327000,485.392012,480.102607,460.000000,819,-25.392012,OpenLoop,NoFIFO,false,OpenLoop_NoFIFO
3.800071,-1,20,9999.451000,70.778000,486.003110,480.987682,460.000000,819,-26.003110,OpenLoop,NoFIFO,false,OpenLoop_NoFIFO
3.810072,-1,20,10001.395000,72.173000,485.294118,481.633648,460.000000,819,-25.294118,OpenLoop,NoFIFO,false,OpenLoop_NoFIFO
3.820072,-1,20,9999.451000,71.624000,488.535696,482.668955,460.000000,819,-28.535696,OpenLoop,NoFIFO,false,OpenLoop_NoFIFO
3.830072,-1,20,10000.839000,72.463000,483.484774,482.791328,460.000000,819,-23.484774,OpenLoop,NoFIFO,false,OpenLoop_NoFIFO
3.840078,-1,20,10005.062000,77.525000,481.158833,482.546454,460.000000,819,-21.158833,OpenLoop,NoFIFO,false,OpenLoop_NoFIFO
3.850075,-1,20,9997.784000,75.309000,480.097765,482.179150,460.000000,819,-20.097765,OpenLoop,NoFIFO,false,OpenLoop_NoFIFO
3.860072,-1,20,9996.710000,72.019000,473.736702,480.912783,460.000000,819,-13.736702,OpenLoop,NoFIFO,false,OpenLoop_NoFIFO
3.870073,-1,20,10000.562000,72.581000,475.773320,480.141864,460.000000,819,-15.773320,OpenLoop,NoFIFO,false,OpenLoop_NoFIFO
3.880072,-1,20,9999.451000,72.032000,474.241214,479.256766,460.000000,819,-14.241214,OpenLoop,NoFIFO,false,OpenLoop_NoFIFO
3.890071,-1,20,9999.155000,71.187000,474.574321,478.554400,460.000000,819,-14.574321,OpenLoop,NoFIFO,false,OpenLoop_NoFIFO
3.900073,-1,20,10001.747000,72.934000,480.121294,478.789434,460.000000,819,-20.121294,OpenLoop,NoFIFO,false,OpenLoop_NoFIFO
3.910072,-1,20,9998.932000,71.866000,481.217919,479.153706,460.000000,819,-21.217919,OpenLoop,NoFIFO,false,OpenLoop_NoFIFO
3.920072,-1,20,9999.858000,71.724000,483.247423,479.767764,460.000000,819,-23.247423,OpenLoop,NoFIFO,false,OpenLoop_NoFIFO
3.930073,-1,20,10001.006000,72.730000,487.819300,480.975494,460.000000,819,-27.819300,OpenLoop,NoFIFO,false,OpenLoop_NoFIFO
3.940071,-1,20,9998.729000,71.459000,485.751295,481.691864,460.000000,819,-25.751295,OpenLoop,NoFIFO,false,OpenLoop_NoFIFO
3.950072,-1,20,10000.395000,71.854000,484.436516,482.103562,460.000000,819,-24.436516,OpenLoop,NoFIFO,false,OpenLoop_NoFIFO
3.960072,-1,20,10000.451000,72.305000,486.898017,482.822730,460.000000,819,-26.898017,OpenLoop,NoFIFO,false,OpenLoop_NoFIFO
3.970080,-1,20,10007.432000,79.737000,479.049566,482.256756,460.000000,819,-19.049566,OpenLoop,NoFIFO,false,OpenLoop_NoFIFO
3.980076,-1,20,9996.266000,76.003000,476.418062,481.380952,460.000000,819,-16.418062,OpenLoop,NoFIFO,false,OpenLoop_NoFIFO
3.990081,-1,20,10004.673000,80.676000,477.633992,480.818908,460.000000,819,-17.633992,OpenLoop,NoFIFO,false,OpenLoop_NoFIFO
4.000079,-1,20,9998.747000,79.423000,471.929313,479.485469,460.000000,819,-11.929313,OpenLoop,NoFIFO,false,OpenLoop_NoFIFO
4.010078,-1,20,9999.062000,78.485000,476.812465,479.084518,460.000000,819,-16.812465,OpenLoop,NoFIFO,false,OpenLoop_NoFIFO
4.020077,-1,20,9998.802000,77.287000,477.546917,478.853878,460.000000,819,-17.546917,OpenLoop,NoFIFO,false,OpenLoop_NoFIFO
4.030076,-1,20,9998.451000,75.738000,479.874360,479.006950,460.000000,819,-19.874360,OpenLoop,NoFIFO,false,OpenLoop_NoFIFO
4.040083,-1,20,10007.136000,82.874000,484.298532,479.800687,460.000000,819,-24.298532,OpenLoop,NoFIFO,false,OpenLoop_NoFIFO
4.050087,-1,20,10004.118000,86.992000,485.751295,480.693279,460.000000,819,-25.751295,OpenLoop,NoFIFO,false,OpenLoop_NoFIFO
4.060086,-1,20,9999.265000,86.257000,484.382339,481.246638,460.000000,819,-24.382339,OpenLoop,NoFIFO,false,OpenLoop_NoFIFO
4.070085,-1,20,9999.099000,85.356000,487.519501,482.187567,460.000000,819,-27.519501,OpenLoop,NoFIFO,false,OpenLoop_NoFIFO
4.080079,-1,20,9993.433000,78.789000,483.746130,482.421352,460.000000,819,-23.746130,OpenLoop,NoFIFO,false,OpenLoop_NoFIFO
4.090084,-1,20,10004.839000,83.628000,480.993470,482.207169,460.000000,819,-20.993470,OpenLoop,NoFIFO,false,OpenLoop_NoFIFO
4.100077,-1,20,9993.044000,76.672000,480.639504,481.972020,460.000000,819,-20.639504,OpenLoop,NoFIFO,false,OpenLoop_NoFIFO
4.110075,-1,20,9997.876000,74.548000,475.449516,480.993644,460.000000,819,-15.449516,OpenLoop,NoFIFO,false,OpenLoop_NoFIFO
4.120071,-1,20,9996.396000,70.944000,474.746802,480.056618,460.000000,819,-14.746802,OpenLoop,NoFIFO,false,OpenLoop_NoFIFO
4.130070,-1,20,9998.858000,69.802000,474.855282,479.276417,460.000000,819,-14.855282,OpenLoop,NoFIFO,false,OpenLoop_NoFIFO
4.140075,-1,20,10005.247000,75.049000,474.397590,478.544593,460.000000,819,-14.397590,OpenLoop,NoFIFO,false,OpenLoop_NoFIFO
4.150073,-1,20,9998.395000,73.444000,480.899028,478.897758,460.000000,819,-20.899028,OpenLoop,NoFIFO,false,OpenLoop_NoFIFO
4.160070,-1,20,9996.914000,70.358000,481.892523,479.346973,460.000000,819,-21.892523,OpenLoop,NoFIFO,false,OpenLoop_NoFIFO
4.170070,-1,20,9999.395000,69.753000,482.985358,479.892731,460.000000,819,-22.985358,OpenLoop,NoFIFO,false,OpenLoop_NoFIFO
4.180069,-1,20,9999.655000,69.408000,487.773153,481.074794,460.000000,819,-27.773153,OpenLoop,NoFIFO,false,OpenLoop_NoFIFO
4.190069,-1,20,9999.543000,68.951000,485.679396,481.765485,460.000000,819,-25.679396,OpenLoop,NoFIFO,false,OpenLoop_NoFIFO
4.200070,-1,20,10000.673000,69.624000,484.746639,482.212658,460.000000,819,-24.746639,OpenLoop,NoFIFO,false,OpenLoop_NoFIFO
4.210069,-1,20,9999.599000,69.223000,485.871175,482.761435,460.000000,819,-25.871175,OpenLoop,NoFIFO,false,OpenLoop_NoFIFO
4.220083,-1,20,10013.488000,82.711000,478.316327,482.094669,460.000000,819,-18.316327,OpenLoop,NoFIFO,false,OpenLoop_NoFIFO
4.230074,-1,20,9991.413000,74.124000,476.233672,481.215519,460.000000,819,-16.233672,OpenLoop,NoFIFO,false,OpenLoop_NoFIFO
4.240076,-1,20,10002.173000,76.297000,478.316327,480.780640,460.000000,819,-18.316327,OpenLoop,NoFIFO,false,OpenLoop_NoFIFO
4.250071,-1,20,9994.877000,71.174000,473.257212,479.652126,460.000000,819,-13.257212,OpenLoop,NoFIFO,false,OpenLoop_NoFIFO
4.260077,-1,20,10006.266000,77.440000,476.270053,479.144815,460.000000,819,-16.270053,OpenLoop,NoFIFO,false,OpenLoop_NoFIFO
4.270071,-1,20,9993.228000,70.668000,477.651691,478.920847,460.000000,819,-17.651691,OpenLoop,NoFIFO,false,OpenLoop_NoFIFO
4.280074,-1,20,10003.210000,73.878000,478.830645,478.907316,460.000000,819,-18.830645,OpenLoop,NoFIFO,false,OpenLoop_NoFIFO
4.290069,-1,20,9995.525000,69.403000,484.837800,479.796889,460.000000,819,-24.837800,OpenLoop,NoFIFO,false,OpenLoop_NoFIFO
4.300073,-1,20,10003.173000,72.576000,486.149017,480.749708,460.000000,819,-26.149017,OpenLoop,NoFIFO,false,OpenLoop_NoFIFO
4.310070,-1,20,9996.933000,69.509000,484.837800,481.362922,460.000000,819,-24.837800,OpenLoop,NoFIFO,false,OpenLoop_NoFIFO
4.320074,-1,20,10004.247000,73.756000,487.266112,482.248400,460.000000,819,-27.266112,OpenLoop,NoFIFO,false,OpenLoop_NoFIFO
4.330069,-1,20,9995.636000,69.392000,483.927733,482.500300,460.000000,819,-23.927733,OpenLoop,NoFIFO,false,OpenLoop_NoFIFO
4.340077,-1,20,10008.062000,77.454000,482.148657,482.447554,460.000000,819,-22.148657,OpenLoop,NoFIFO,false,OpenLoop_NoFIFO
4.350071,-1,20,9993.080000,70.534000,479.695786,482.034789,460.000000,819,-19.695786,OpenLoop,NoFIFO,false,OpenLoop_NoFIFO
4.360074,-1,20,10003.488000,74.022000,474.746802,480.941591,460.000000,819,-14.746802,OpenLoop,NoFIFO,false,OpenLoop_NoFIFO
4.370070,-1,20,9995.747000,69.769000,473.712705,479.857258,460.000000,819,-13.712705,OpenLoop,NoFIFO,false,OpenLoop_NoFIFO
4.380074,-1,20,10003.821000,73.590000,476.219121,479.311537,460.000000,819,-16.219121,OpenLoop,NoFIFO,false,OpenLoop_NoFIFO
4.390072,-1,20,9998.469000,72.059000,474.399669,478.574757,460.000000,819,-14.399669,OpenLoop,NoFIFO,false,OpenLoop_NoFIFO
4.400080,-1,20,10008.396000,80.455000,481.158833,478.962368,460.000000,819,-21.158833,OpenLoop,NoFIFO,false,OpenLoop_NoFIFO
4.410071,-1,20,9990.376000,70.831000,482.117812,479.435685,460.000000,819,-22.117812,OpenLoop,NoFIFO,false,OpenLoop_NoFIFO
4.420074,-1,20,10003.544000,74.375000,483.772406,480.086193,460.000000,819,-23.772406,OpenLoop,NoFIFO,false,OpenLoop_NoFIFO
4.430070,-1,20,9995.339000,69.714000,488.050166,481.280789,460.000000,819,-28.050166,OpenLoop,NoFIFO,false,OpenLoop_NoFIFO
4.440076,-1,20,10006.710000,76.424000,485.751295,481.951365,460.000000,819,-25.751295,OpenLoop,NoFIFO,false,OpenLoop_NoFIFO
4.450070,-1,20,9993.192000,69.616000,484.382339,482.316011,460.000000,819,-24.382339,OpenLoop,NoFIFO,false,OpenLoop_NoFIFO
4.460074,-1,20,10003.988000,73.604000,485.618866,482.811439,460.000000,819,-25.618866,OpenLoop,NoFIFO,false,OpenLoop_NoFIFO
4.470090,-1,20,10016.858000,90.462000,478.804903,482.210459,460.000000,819,-18.804903,OpenLoop,NoFIFO,false,OpenLoop_NoFIFO
4.480085,-1,20,9994.228000,84.690000,476.233672,481.313941,460.000000,819,-16.233672,OpenLoop,NoFIFO,false,OpenLoop_NoFIFO
4.490078,-1,20,9993.007000,77.697000,477.342159,480.718174,460.000000,819,-17.342159,OpenLoop,NoFIFO,false,OpenLoop_NoFIFO
4.500074,-1,20,9996.117000,73.814000,472.575612,479.496789,460.000000,819,-12.575612,OpenLoop,NoFIFO,false,OpenLoop_NoFIFO
4.510069,-1,20,9995.599000,69.413000,475.253469,478.860291,460.000000,819,-15.253469,OpenLoop,NoFIFO,false,OpenLoop_NoFIFO
4.520073,-1,20,10003.766000,73.179000,477.209625,478.612691,460.000000,819,-17.209625,OpenLoop,NoFIFO,false,OpenLoop_NoFIFO
4.530075,-1,20,10001.728000,74.907000,478.830645,478.645384,460.000000,819,-18.830645,OpenLoop,NoFIFO,false,OpenLoop_NoFIFO
4.540078,-1,20,10002.785000,77.692000,483.473980,479.369674,460.000000,819,-23.473980,OpenLoop,NoFIFO,false,OpenLoop_NoFIFO
4.550075,-1,20,9997.395000,75.087000,485.618866,480.307053,460.000000,819,-25.618866,OpenLoop,NoFIFO,false,OpenLoop_NoFIFO
4.560073,-1,20,9997.895000,72.982000,484.382339,480.918346,460.000000,819,-24.382339,OpenLoop,NoFIFO,false,OpenLoop_NoFIFO
4.570072,-1,20,9999.488000,72.470000,487.519501,481.908519,460.000000,819,-27.519501,OpenLoop,NoFIFO,false,OpenLoop_NoFIFO
4.580073,-1,20,10000.210000,72.680000,484.198229,482.251975,460.000000,819,-24.198229,OpenLoop,NoFIFO,false,OpenLoop_NoFIFO
4.590072,-1,20,9999.303000,71.983000,480.769231,482.029564,460.000000,819,-20.769231,OpenLoop,NoFIFO,false,OpenLoop_NoFIFO
4.600074,-1,20,10002.450000,74.433000,480.639504,481.821055,460.000000,819,-20.639504,OpenLoop,NoFIFO,false,OpenLoop_NoFIFO
4.610072,-1,20,9997.729000,72.162000,474.792818,480.766819,460.000000,819,-14.792818,OpenLoop,NoFIFO,false,OpenLoop_NoFIFO
4.620073,-1,20,10000.377000,72.539000,473.484848,479.674524,460.000000,819,-13.484848,OpenLoop,NoFIFO,false,OpenLoop_NoFIFO
4.630072,-1,20,9999.488000,72.027000,477.157053,479.296903,460.000000,819,-17.157053,OpenLoop,NoFIFO,false,OpenLoop_NoFIFO
4.640073,-1,20,10001.339000,73.366000,474.696194,478.606797,460.000000,819,-14.696194,OpenLoop,NoFIFO,false,OpenLoop_NoFIFO
4.650071,-1,20,9997.192000,70.558000,481.038343,478.971529,460.000000,819,-21.038343,OpenLoop,NoFIFO,false,OpenLoop_NoFIFO
4.660085,-1,20,10014.469000,85.027000,482.723577,479.534336,460.000000,819,-22.723577,OpenLoop,NoFIFO,false,OpenLoop_NoFIFO
4.670077,-1,20,9991.895000,76.922000,484.382339,480.261536,460.000000,819,-24.382339,OpenLoop,NoFIFO,false,OpenLoop_NoFIFO
4.680072,-1,20,9995.118000,72.040000,487.773153,481.388279,460.000000,819,-27.773153,OpenLoop,NoFIFO,false,OpenLoop_NoFIFO
4.690072,-1,20,9999.802000,71.842000,484.913793,481.917106,460.000000,819,-24.913793,OpenLoop,NoFIFO,false,OpenLoop_NoFIFO
4.700079,-1,20,10006.821000,78.663000,483.746130,482.191460,460.000000,819,-23.746130,OpenLoop,NoFIFO,false,OpenLoop_NoFIFO
4.710077,-1,20,9998.229000,76.892000,484.154930,482.485980,460.000000,819,-24.154930,OpenLoop,NoFIFO,false,OpenLoop_NoFIFO
4.720073,-1,20,9996.432000,73.324000,478.316327,481.860532,460.000000,819,-18.316327,OpenLoop,NoFIFO,false,OpenLoop_NoFIFO
4.730072,-1,20,9998.469000,71.793000,475.313858,480.878531,460.000000,819,-15.313858,OpenLoop,NoFIFO,false,OpenLoop_NoFIFO
4.740071,-1,20,9999.691000,71.484000,478.316327,480.494200,460.000000,819,-18.316327,OpenLoop,NoFIFO,false,OpenLoop_NoFIFO
4.750072,-1,20,10000.654000,72.138000,472.348848,479.272398,460.000000,819,-12.348848,OpenLoop,NoFIFO,false,OpenLoop_NoFIFO
4.760071,-1,20,9998.876000,71.014000,475.000000,478.631538,460.000000,819,-15.000000,OpenLoop,NoFIFO,false,OpenLoop_NoFIFO
4.770085,-1,20,10014.358000,85.372000,478.938324,478.677556,460.000000,819,-18.938324,OpenLoop,NoFIFO,false,OpenLoop_NoFIFO
4.780081,-1,20,9995.969000,81.341000,478.882138,478.708243,460.000000,819,-18.882138,OpenLoop,NoFIFO,false,OpenLoop_NoFIFO
4.790080,-1,20,9998.283000,79.624000,484.997413,479.651619,460.000000,819,-24.997413,OpenLoop,NoFIFO,false,OpenLoop_NoFIFO
4.800075,-1,20,9994.914000,74.538000,485.751295,480.566570,460.000000,819,-25.751295,OpenLoop,NoFIFO,false,OpenLoop_NoFIFO
4.810071,-1,20,9996.709000,71.247000,485.089869,481.245065,460.000000,819,-25.089869,OpenLoop,NoFIFO,false,OpenLoop_NoFIFO
4.820074,-1,20,10002.839000,74.086000,487.839367,482.234210,460.000000,819,-27.839367,OpenLoop,NoFIFO,false,OpenLoop_NoFIFO
4.830075,-1,20,10001.136000,75.222000,484.298532,482.543858,460.000000,819,-24.298532,OpenLoop,NoFIFO,false,OpenLoop_NoFIFO
4.840073,-1,20,9997.932000,73.154000,481.356968,482.365825,460.000000,819,-21.356968,OpenLoop,NoFIFO,false,OpenLoop_NoFIFO
4.850073,-1,20,9999.469000,72.623000,480.276639,482.052447,460.000000,819,-20.276639,OpenLoop,NoFIFO,false,OpenLoop_NoFIFO
4.860073,-1,20,10000.061000,72.684000,475.038606,481.000371,460.000000,819,-15.038606,OpenLoop,NoFIFO,false,OpenLoop_NoFIFO
4.870072,-1,20,9998.821000,71.505000,474.291724,479.994074,460.000000,819,-14.291724,OpenLoop,NoFIFO,false,OpenLoop_NoFIFO
4.880073,-1,20,10001.098000,72.603000,477.209625,479.576407,460.000000,819,-17.209625,OpenLoop,NoFIFO,false,OpenLoop_NoFIFO
4.890071,-1,20,9998.617000,71.220000,474.626326,478.833895,460.000000,819,-14.626326,OpenLoop,NoFIFO,false,OpenLoop_NoFIFO
4.900072,-1,20,10000.654000,71.874000,481.510015,479.235313,460.000000,819,-21.510015,OpenLoop,NoFIFO,false,OpenLoop_NoFIFO
4.910073,-1,20,10000.636000,72.510000,483.010304,479.801561,460.000000,819,-23.010304,OpenLoop,NoFIFO,false,OpenLoop_NoFIFO
4.920072,-1,20,9999.395000,71.905000,484.496124,480.505746,460.000000,819,-24.496124,OpenLoop,NoFIFO,false,OpenLoop_NoFIFO
4.930072,-1,20,10000.339000,72.244000,488.281250,481.672071,460.000000,819,-28.281250,OpenLoop,NoFIFO,false,OpenLoop_NoFIFO
4.940072,-1,20,9999.617000,71.861000,485.830788,482.295879,460.000000,819,-25.830788,OpenLoop,NoFIFO,false,OpenLoop_NoFIFO
4.950072,-1,20,10000.062000,71.923000,485.111487,482.718220,460.000000,819,-25.111487,OpenLoop,NoFIFO,false,OpenLoop_NoFIFO
4.960071,-1,20,9998.783000,70.706000,484.997413,483.060099,460.000000,819,-24.997413,OpenLoop,NoFIFO,false,OpenLoop_NoFIFO
4.970073,-1,20,10001.802000,72.508000,479.481247,482.523271,460.000000,819,-19.481247,OpenLoop,NoFIFO,false,OpenLoop_NoFIFO
4.980071,-1,20,9998.266000,70.774000,476.219121,481.577649,460.000000,819,-16.219121,OpenLoop,NoFIFO,false,OpenLoop_NoFIFO
4.990072,-1,20,10001.431000,72.205000,477.474766,480.962216,460.000000,819,-17.474766,OpenLoop,NoFIFO,false,OpenLoop_NoFIFO
5.000071,-1,20,9999.062000,71.267000,472.981944,479.765175,460.000000,819,-12.981944,OpenLoop,NoFIFO,false,OpenLoop_NoFIFO
5.010072,-1,20,10000.987000,72.254000,475.313858,479.097478,460.000000,819,-15.313858,OpenLoop,NoFIFO,false,OpenLoop_NoFIFO
5.020071,-1,20,9999.080000,71.334000,479.604200,479.173486,460.000000,819,-19.604200,OpenLoop,NoFIFO,false,OpenLoop_NoFIFO
5.030072,-1,20,10000.191000,71.525000,479.651163,479.245138,460.000000,819,-19.651163,OpenLoop,NoFIFO,false,OpenLoop_NoFIFO
5.040072,-1,20,10000.229000,71.754000,484.035326,479.963666,460.000000,819,-24.035326,OpenLoop,NoFIFO,false,OpenLoop_NoFIFO
5.050072,-1,20,10000.154000,71.908000,486.438679,480.934918,460.000000,819,-26.438679,OpenLoop,NoFIFO,false,OpenLoop_NoFIFO
5.060071,-1,20,9999.098000,71.006000,484.746639,481.506676,460.000000,819,-24.746639,OpenLoop,NoFIFO,false,OpenLoop_NoFIFO
5.070080,-1,20,10008.599000,79.605000,486.668240,482.280911,460.000000,819,-26.668240,OpenLoop,NoFIFO,false,OpenLoop_NoFIFO
5.080076,-1,20,9996.691000,76.296000,485.089869,482.702254,460.000000,819,-25.089869,OpenLoop,NoFIFO,false,OpenLoop_NoFIFO
5.090073,-1,20,9996.432000,72.728000,480.769231,482.412301,460.000000,819,-20.769231,OpenLoop,NoFIFO,false,OpenLoop_NoFIFO
5.100072,-1,20,9999.487000,72.215000,479.346071,481.952366,460.000000,819,-19.346071,OpenLoop,NoFIFO,false,OpenLoop_NoFIFO
5.110071,-1,20,9998.913000,71.128000,474.855282,480.887804,460.000000,819,-14.855282,OpenLoop,NoFIFO,false,OpenLoop_NoFIFO
5.120083,-1,20,10011.654000,82.782000,474.241214,479.890815,460.000000,819,-14.241214,OpenLoop,NoFIFO,false,OpenLoop_NoFIFO
5.130077,-1,20,9993.821000,76.603000,477.209625,479.488637,460.000000,819,-17.209625,OpenLoop,NoFIFO,false,OpenLoop_NoFIFO
5.140073,-1,20,9996.599000,73.202000,473.940780,478.656458,460.000000,819,-13.940780,OpenLoop,NoFIFO,false,OpenLoop_NoFIFO
5.150072,-1,20,9998.468000,71.670000,479.862608,478.837381,460.000000,819,-19.862608,OpenLoop,NoFIFO,false,OpenLoop_NoFIFO
5.160072,-1,20,10000.358000,72.028000,483.021077,479.464935,460.000000,819,-23.021077,OpenLoop,NoFIFO,false,OpenLoop_NoFIFO
5.170072,-1,20,10000.025000,72.053000,482.501287,479.920388,460.000000,819,-22.501287,OpenLoop,NoFIFO,false,OpenLoop_NoFIFO
5.180072,-1,20,9999.543000,71.596000,487.073231,480.993314,460.000000,819,-27.073231,OpenLoop,NoFIFO,false,OpenLoop_NoFIFO
5.190071,-1,20,9999.709000,71.305000,485.248447,481.631584,460.000000,819,-25.248447,OpenLoop,NoFIFO,false,OpenLoop_NoFIFO
5.200072,-1,20,10000.413000,71.718000,484.609962,482.078341,460.000000,819,-24.609962,OpenLoop,NoFIFO,false,OpenLoop_NoFIFO
5.210072,-1,20,9999.877000,71.595000,484.035326,482.371889,460.000000,819,-24.035326,OpenLoop,NoFIFO,false,OpenLoop_NoFIFO
5.220072,-1,20,10000.154000,71.749000,479.160859,481.890234,460.000000,819,-19.160859,OpenLoop,NoFIFO,false,OpenLoop_NoFIFO
5.230071,-1,20,9999.691000,71.440000,475.557988,480.940397,460.000000,819,-15.557988,OpenLoop,NoFIFO,false,OpenLoop_NoFIFO
5.240072,-1,20,10000.321000,71.761000,475.888325,480.182586,460.000000,819,-15.888325,OpenLoop,NoFIFO,false,OpenLoop_NoFIFO
5.250073,-1,20,10000.802000,72.563000,473.233262,479.140188,460.000000,819,-13.233262,OpenLoop,NoFIFO,false,OpenLoop_NoFIFO
5.260073,-1,20,10000.228000,72.791000,474.169075,478.394521,460.000000,819,-14.169075,OpenLoop,NoFIFO,false,OpenLoop_NoFIFO
5.270072,-1,20,9998.932000,71.723000,480.380259,478.692382,460.000000,819,-20.380259,OpenLoop,NoFIFO,false,OpenLoop_NoFIFO
5.280072,-1,20,10000.006000,71.729000,479.651163,478.836199,460.000000,819,-19.651163,OpenLoop,NoFIFO,false,OpenLoop_NoFIFO
5.290073,-1,20,10000.950000,72.679000,484.562024,479.695073,460.000000,819,-24.562024,OpenLoop,NoFIFO,false,OpenLoop_NoFIFO
5.300072,-1,20,9999.432000,72.111000,486.209335,480.672212,460.000000,819,-26.209335,OpenLoop,NoFIFO,false,OpenLoop_NoFIFO
5.310081,-1,20,10009.284000,81.395000,483.945901,481.163265,460.000000,819,-23.945901,OpenLoop,NoFIFO,false,OpenLoop_NoFIFO
5.320077,-1,20,9995.598000,76.993000,486.255187,481.927054,460.000000,819,-26.255187,OpenLoop,NoFIFO,false,OpenLoop_NoFIFO
5.330073,-1,20,9996.284000,73.277000,484.035326,482.243294,460.000000,819,-24.035326,OpenLoop,NoFIFO,false,OpenLoop_NoFIFO
5.340079,-1,20,10005.543000,78.820000,480.276639,481.948296,460.000000,819,-20.276639,OpenLoop,NoFIFO,false,OpenLoop_NoFIFO
5.350076,-1,20,9997.098000,75.918000,478.538283,481.436794,460.000000,819,-18.538283,OpenLoop,NoFIFO,false,OpenLoop_NoFIFO
5.360072,-1,20,9995.654000,71.572000,475.253469,480.509295,460.000000,819,-15.253469,OpenLoop,NoFIFO,false,OpenLoop_NoFIFO
5.370077,-1,20,10005.284000,76.856000,473.029793,479.387370,460.000000,819,-13.029793,OpenLoop,NoFIFO,false,OpenLoop_NoFIFO
5.380082,-1,20,10005.506000,82.362000,476.524880,478.957996,460.000000,819,-16.524880,OpenLoop,NoFIFO,false,OpenLoop_NoFIFO
5.390080,-1,20,9997.747000,80.109000,473.050459,478.071866,460.000000,819,-13.050459,OpenLoop,NoFIFO,false,OpenLoop_NoFIFO
5.400073,-1,20,9992.524000,72.633000,479.604200,478.301716,460.000000,819,-19.604200,OpenLoop,NoFIFO,false,OpenLoop_NoFIFO
5.410072,-1,20,9999.061000,71.694000,481.397629,478.766103,460.000000,819,-21.397629,OpenLoop,NoFIFO,false,OpenLoop_NoFIFO
5.420072,-1,20,9999.858000,71.552000,482.775911,479.367574,460.000000,819,-22.775911,OpenLoop,NoFIFO,false,OpenLoop_NoFIFO
5.430071,-1,20,9999.654000,71.206000,485.980207,480.359469,460.000000,819,-25.980207,OpenLoop,NoFIFO,false,OpenLoop_NoFIFO
5.440075,-1,20,10003.469000,74.675000,485.499741,481.130510,460.000000,819,-25.499741,OpenLoop,NoFIFO,false,OpenLoop_NoFIFO
5.450071,-1,20,9996.580000,71.255000,484.436516,481.626411,460.000000,819,-24.436516,OpenLoop,NoFIFO,false,OpenLoop_NoFIFO
5.460073,-1,20,10001.969000,73.224000,483.995870,481.981830,460.000000,819,-23.995870,OpenLoop,NoFIFO,false,OpenLoop_NoFIFO
5.470086,-1,20,10012.950000,86.174000,479.205390,481.565364,460.000000,819,-19.205390,OpenLoop,NoFIFO,false,OpenLoop_NoFIFO
5.480078,-1,20,9991.895000,78.069000,473.988824,480.428883,460.000000,819,-13.988824,OpenLoop,NoFIFO,false,OpenLoop_NoFIFO
5.490073,-1,20,9994.488000,72.557000,476.694915,479.868788,460.000000,819,-16.694915,OpenLoop,NoFIFO,false,OpenLoop_NoFIFO
5.500073,-1,20,10000.913000,73.470000,472.480106,478.760485,460.000000,819,-12.480106,OpenLoop,NoFIFO,false,OpenLoop_NoFIFO
5.510073,-1,20,9999.765000,73.235000,474.356026,478.099816,460.000000,819,-14.356026,OpenLoop,NoFIFO,false,OpenLoop_NoFIFO
5.520076,-1,20,10002.432000,75.667000,480.380259,478.441883,460.000000,819,-20.380259,OpenLoop,NoFIFO,false,OpenLoop_NoFIFO
5.530075,-1,20,9999.561000,75.228000,478.781615,478.492843,460.000000,819,-18.781615,OpenLoop,NoFIFO,false,OpenLoop_NoFIFO
5.540073,-1,20,9997.691000,72.919000,484.496124,479.393335,460.000000,819,-24.496124,OpenLoop,NoFIFO,false,OpenLoop_NoFIFO
5.550072,-1,20,9999.358000,72.277000,486.438679,480.450136,460.000000,819,-26.438679,OpenLoop,NoFIFO,false,OpenLoop_NoFIFO
5.560072,-1,20,9999.969000,72.246000,484.825803,481.106486,460.000000,819,-24.825803,OpenLoop,NoFIFO,false,OpenLoop_NoFIFO
5.570072,-1,20,9999.895000,72.141000,486.163492,481.865037,460.000000,819,-26.163492,OpenLoop,NoFIFO,false,OpenLoop_NoFIFO
5.580072,-1,20,9999.950000,72.091000,484.045849,482.192159,460.000000,819,-24.045849,OpenLoop,NoFIFO,false,OpenLoop_NoFIFO
5.590072,-1,20,10000.321000,72.412000,480.182927,481.890774,460.000000,819,-20.182927,OpenLoop,NoFIFO,false,OpenLoop_NoFIFO
5.600072,-1,20,9999.136000,71.548000,479.862608,481.586549,460.000000,819,-19.862608,OpenLoop,NoFIFO,false,OpenLoop_NoFIFO
5.610073,-1,20,10000.968000,72.516000,475.011515,480.600294,460.000000,819,-15.011515,OpenLoop,NoFIFO,false,OpenLoop_NoFIFO
5.620074,-1,20,10001.969000,74.485000,473.484848,479.532977,460.000000,819,-13.484848,OpenLoop,NoFIFO,false,OpenLoop_NoFIFO
5.630072,-1,20,9997.784000,72.269000,477.157053,479.176589,460.000000,819,-17.157053,OpenLoop,NoFIFO,false,OpenLoop_NoFIFO
5.640072,-1,20,9999.821000,72.090000,475.230415,478.584663,460.000000,819,-15.230415,OpenLoop,NoFIFO,false,OpenLoop_NoFIFO
5.650072,-1,20,10000.302000,72.392000,479.604200,478.737593,460.000000,819,-19.604200,OpenLoop,NoFIFO,false,OpenLoop_NoFIFO
5.660073,-1,20,10000.247000,72.639000,484.382339,479.584305,460.000000,819,-24.382339,OpenLoop,NoFIFO,false,OpenLoop_NoFIFO
5.670072,-1,20,9999.746000,72.385000,482.723577,480.055196,460.000000,819,-22.723577,OpenLoop,NoFIFO,false,OpenLoop_NoFIFO
5.680071,-1,20,9999.025000,71.410000,486.438679,481.012718,460.000000,819,-26.438679,OpenLoop,NoFIFO,false,OpenLoop_NoFIFO
5.690071,-1,20,9999.709000,71.119000,485.354223,481.663944,460.000000,819,-25.354223,OpenLoop,NoFIFO,false,OpenLoop_NoFIFO
5.700072,-1,20,10001.117000,72.236000,484.837800,482.140023,460.000000,819,-24.837800,OpenLoop,NoFIFO,false,OpenLoop_NoFIFO
5.710072,-1,20,9999.710000,71.946000,483.995870,482.418400,460.000000,819,-23.995870,OpenLoop,NoFIFO,false,OpenLoop_NoFIFO
5.720072,-1,20,10000.116000,72.062000,478.316327,481.803089,460.000000,819,-18.316327,OpenLoop,NoFIFO,false,OpenLoop_NoFIFO
5.730072,-1,20,9999.746000,71.808000,474.241214,480.668807,460.000000,819,-14.241214,OpenLoop,NoFIFO,false,OpenLoop_NoFIFO
5.740071,-1,20,9999.136000,70.944000,476.108033,479.984691,460.000000,819,-16.108033,OpenLoop,NoFIFO,false,OpenLoop_NoFIFO
5.750072,-1,20,10001.209000,72.153000,473.233262,478.971977,460.000000,819,-13.233262,OpenLoop,NoFIFO,false,OpenLoop_NoFIFO
5.760078,-1,20,10005.413000,77.566000,474.397590,478.285819,460.000000,819,-14.397590,OpenLoop,NoFIFO,false,OpenLoop_NoFIFO
5.770074,-1,20,9996.727000,74.293000,480.121294,478.561140,460.000000,819,-20.121294,OpenLoop,NoFIFO,false,OpenLoop_NoFIFO
5.780073,-1,20,9998.784000,73.077000,478.982815,478.624391,460.000000,819,-18.982815,OpenLoop,NoFIFO,false,OpenLoop_NoFIFO
5.790072,-1,20,9998.672000,71.749000,484.562024,479.515036,460.000000,819,-24.562024,OpenLoop,NoFIFO,false,OpenLoop_NoFIFO
5.800073,-1,20,10000.783000,72.532000,486.209335,480.519181,460.000000,819,-26.209335,OpenLoop,NoFIFO,false,OpenLoop_NoFIFO
5.810072,-1,20,9999.061000,71.593000,483.995870,481.040684,460.000000,819,-23.995870,OpenLoop,NoFIFO,false,OpenLoop_NoFIFO
5.820073,-1,20,10001.154000,72.747000,485.980207,481.781613,460.000000,819,-25.980207,OpenLoop,NoFIFO,false,OpenLoop_NoFIFO
5.830071,-1,20,9998.024000,70.771000,483.509772,482.040837,460.000000,819,-23.509772,OpenLoop,NoFIFO,false,OpenLoop_NoFIFO
5.840072,-1,20,10001.468000,72.239000,479.874360,481.715865,460.000000,819,-19.874360,OpenLoop,NoFIFO,false,OpenLoop_NoFIFO
5.850081,-1,20,10008.765000,81.004000,479.862608,481.437877,460.000000,819,-19.862608,OpenLoop,NoFIFO,false,OpenLoop_NoFIFO
5.860077,-1,20,9995.801000,76.805000,475.313858,480.519274,460.000000,819,-15.313858,OpenLoop,NoFIFO,false,OpenLoop_NoFIFO
5.870072,-1,20,9995.265000,72.070000,472.292191,479.285211,460.000000,819,-12.292191,OpenLoop,NoFIFO,false,OpenLoop_NoFIFO
5.880073,-1,20,10000.598000,72.668000,476.233672,478.827481,460.000000,819,-16.233672,OpenLoop,NoFIFO,false,OpenLoop_NoFIFO
5.890073,-1,20,10000.487000,73.155000,472.981944,477.950650,460.000000,819,-12.981944,OpenLoop,NoFIFO,false,OpenLoop_NoFIFO
5.900072,-1,20,9998.802000,71.957000,479.606548,478.199035,460.000000,819,-19.606548,OpenLoop,NoFIFO,false,OpenLoop_NoFIFO
5.910071,-1,20,9999.320000,71.277000,483.299870,478.964160,460.000000,819,-23.299870,OpenLoop,NoFIFO,false,OpenLoop_NoFIFO
5.920073,-1,20,10001.598000,72.875000,483.021077,479.572698,460.000000,819,-23.021077,OpenLoop,NoFIFO,false,OpenLoop_NoFIFO
5.930072,-1,20,9998.654000,71.529000,486.680328,480.638842,460.000000,819,-26.680328,OpenLoop,NoFIFO,false,OpenLoop_NoFIFO
5.940071,-1,20,9999.728000,71.257000,485.751295,481.405710,460.000000,819,-25.751295,OpenLoop,NoFIFO,false,OpenLoop_NoFIFO
5.950071,-1,20,9999.968000,71.225000,483.746130,481.756773,460.000000,819,-23.746130,OpenLoop,NoFIFO,false,OpenLoop_NoFIFO
5.960072,-1,20,10001.061000,72.286000,483.960177,482.087284,460.000000,819,-23.960177,OpenLoop,NoFIFO,false,OpenLoop_NoFIFO
5.970072,-1,20,10000.117000,72.403000,478.059581,481.483128,460.000000,819,-18.059581,OpenLoop,NoFIFO,false,OpenLoop_NoFIFO
5.980077,-1,20,10004.487000,76.890000,475.449516,480.578086,460.000000,819,-15.449516,OpenLoop,NoFIFO,false,OpenLoop_NoFIFO
5.990077,-1,20,10000.005000,76.895000,477.035351,480.046676,460.000000,819,-17.035351,OpenLoop,NoFIFO,false,OpenLoop_NoFIFO
6.000072,-1,20,9995.487000,72.382000,473.050459,478.997244,460.000000,819,-13.050459,OpenLoop,NoFIFO,false,OpenLoop_NoFIFO
6.010072,-1,20,9999.228000,71.610000,474.241214,478.283839,460.000000,819,-14.241214,OpenLoop,NoFIFO,false,OpenLoop_NoFIFO
6.020073,-1,20,10000.950000,72.560000,478.781615,478.358505,460.000000,819,-18.781615,OpenLoop,NoFIFO,false,OpenLoop_NoFIFO
6.030072,-1,20,9999.153000,71.713000,477.290997,478.198379,460.000000,819,-17.290997,OpenLoop,NoFIFO,false,OpenLoop_NoFIFO
6.040071,-1,20,9999.580000,71.293000,484.154930,479.091862,460.000000,819,-24.154930,OpenLoop,NoFIFO,false,OpenLoop_NoFIFO
6.050083,-1,20,10011.765000,83.058000,485.248447,480.015350,460.000000,819,-25.248447,OpenLoop,NoFIFO,false,OpenLoop_NoFIFO
6.060079,-1,20,9995.820000,78.878000,484.609962,480.704541,460.000000,819,-24.609962,OpenLoop,NoFIFO,false,OpenLoop_NoFIFO
6.070072,-1,20,9992.931000,71.809000,486.507525,481.574989,460.000000,819,-26.507525,OpenLoop,NoFIFO,false,OpenLoop_NoFIFO
6.080071,-1,20,9999.580000,71.389000,483.484774,481.861457,460.000000,819,-23.484774,OpenLoop,NoFIFO,false,OpenLoop_NoFIFO
6.090070,-1,20,9998.672000,70.061000,480.769231,481.697623,460.000000,819,-20.769231,OpenLoop,NoFIFO,false,OpenLoop_NoFIFO
6.100070,-1,20,9999.987000,70.048000,478.781615,481.260222,460.000000,819,-18.781615,OpenLoop,NoFIFO,false,OpenLoop_NoFIFO
6.110070,-1,20,9999.746000,69.794000,475.456438,480.389654,460.000000,819,-15.456438,OpenLoop,NoFIFO,false,OpenLoop_NoFIFO
6.120070,-1,20,10000.265000,70.059000,472.876926,479.262745,460.000000,819,-12.876926,OpenLoop,NoFIFO,false,OpenLoop_NoFIFO
6.130070,-1,20,9999.765000,69.824000,479.088219,479.236566,460.000000,819,-19.088219,OpenLoop,NoFIFO,false,OpenLoop_NoFIFO
6.140070,-1,20,10000.153000,69.977000,474.626326,478.545030,460.000000,819,-14.626326,OpenLoop,NoFIFO,false,OpenLoop_NoFIFO
6.150071,-1,20,10001.043000,71.020000,480.030722,478.767884,460.000000,819,-20.030722,OpenLoop,NoFIFO,false,OpenLoop_NoFIFO
6.160070,-1,20,9998.931000,69.951000,483.484774,479.475417,460.000000,819,-23.484774,OpenLoop,NoFIFO,false,OpenLoop_NoFIFO
6.170071,-1,20,10000.691000,70.642000,484.245868,480.190985,460.000000,819,-24.245868,OpenLoop,NoFIFO,false,OpenLoop_NoFIFO
6.180070,-1,20,9999.468000,70.110000,486.438679,481.128139,460.000000,819,-26.438679,OpenLoop,NoFIFO,false,OpenLoop_NoFIFO
6.190071,-1,20,10000.561000,70.671000,486.255187,481.897196,460.000000,819,-26.255187,OpenLoop,NoFIFO,false,OpenLoop_NoFIFO
6.200070,-1,20,9999.321000,69.992000,483.484774,482.135333,460.000000,819,-23.484774,OpenLoop,NoFIFO,false,OpenLoop_NoFIFO
6.210071,-1,20,10000.653000,70.645000,483.995870,482.414413,460.000000,819,-23.995870,OpenLoop,NoFIFO,false,OpenLoop_NoFIFO
6.220070,-1,20,9999.450000,70.095000,478.548858,481.834580,460.000000,819,-18.548858,OpenLoop,NoFIFO,false,OpenLoop_NoFIFO
6.230073,-1,20,10003.376000,73.471000,474.203338,480.689894,460.000000,819,-14.203338,OpenLoop,NoFIFO,false,OpenLoop_NoFIFO
6.240073,-1,20,9999.746000,73.217000,476.879663,480.118359,460.000000,819,-16.879663,OpenLoop,NoFIFO,false,OpenLoop_NoFIFO
6.250072,-1,20,9998.802000,72.019000,472.530242,478.980142,460.000000,819,-12.530242,OpenLoop,NoFIFO,false,OpenLoop_NoFIFO
6.260071,-1,20,9999.172000,71.191000,473.712705,478.190026,460.000000,819,-13.712705,OpenLoop,NoFIFO,false,OpenLoop_NoFIFO
6.270071,-1,20,9999.747000,70.938000,478.059581,478.170459,460.000000,819,-18.059581,OpenLoop,NoFIFO,false,OpenLoop_NoFIFO
6.280073,-1,20,10002.375000,73.313000,478.493875,478.218972,460.000000,819,-18.493875,OpenLoop,NoFIFO,false,OpenLoop_NoFIFO
6.290076,-1,20,10003.024000,76.337000,483.562276,479.020467,460.000000,819,-23.562276,OpenLoop,NoFIFO,false,OpenLoop_NoFIFO
6.300077,-1,20,10000.432000,76.769000,485.751295,480.030092,460.000000,819,-25.751295,OpenLoop,NoFIFO,false,OpenLoop_NoFIFO
6.310073,-1,20,9995.820000,72.589000,484.245868,480.662458,460.000000,819,-24.245868,OpenLoop,NoFIFO,false,OpenLoop_NoFIFO
6.320073,-1,20,10000.117000,72.706000,486.438679,481.528891,460.000000,819,-26.438679,OpenLoop,NoFIFO,false,OpenLoop_NoFIFO
6.330072,-1,20,9999.431000,72.137000,484.562024,481.983861,460.000000,819,-24.562024,OpenLoop,NoFIFO,false,OpenLoop_NoFIFO
6.340086,-1,20,10013.894000,86.031000,481.217919,481.868970,460.000000,819,-21.217919,OpenLoop,NoFIFO,false,OpenLoop_NoFIFO
6.350078,-1,20,9991.543000,77.574000,479.346071,481.490535,460.000000,819,-19.346071,OpenLoop,NoFIFO,false,OpenLoop_NoFIFO
6.360074,-1,20,9996.042000,73.616000,475.230415,480.551517,460.000000,819,-15.230415,OpenLoop,NoFIFO,false,OpenLoop_NoFIFO
6.370074,-1,20,9999.969000,73.585000,473.233262,479.453779,460.000000,819,-13.233262,OpenLoop,NoFIFO,false,OpenLoop_NoFIFO
6.380072,-1,20,9998.746000,72.331000,477.620087,479.178725,460.000000,819,-17.620087,OpenLoop,NoFIFO,false,OpenLoop_NoFIFO
6.390075,-1,20,10002.728000,75.059000,474.493873,478.475997,460.000000,819,-14.493873,OpenLoop,NoFIFO,false,OpenLoop_NoFIFO
6.400077,-1,20,10002.042000,77.101000,479.428173,478.618824,460.000000,819,-19.428173,OpenLoop,NoFIFO,false,OpenLoop_NoFIFO
6.410079,-1,20,10002.376000,79.477000,483.772406,479.391861,460.000000,819,-23.772406,OpenLoop,NoFIFO,false,OpenLoop_NoFIFO
6.420104,-1,20,10024.950000,104.427000,484.154930,480.106321,460.000000,819,-24.154930,OpenLoop,NoFIFO,false,OpenLoop_NoFIFO
6.430073,-1,20,9968.876000,73.303000,487.773153,481.256346,460.000000,819,-27.773153,OpenLoop,NoFIFO,false,OpenLoop_NoFIFO
6.440074,-1,20,10000.376000,73.679000,486.209335,481.999294,460.000000,819,-26.209335,OpenLoop,NoFIFO,false,OpenLoop_NoFIFO
6.450072,-1,20,9998.764000,72.443000,483.509772,482.225866,460.000000,819,-23.509772,OpenLoop,NoFIFO,false,OpenLoop_NoFIFO
6.460072,-1,20,9999.636000,72.079000,483.700750,482.447099,460.000000,819,-23.700750,OpenLoop,NoFIFO,false,OpenLoop_NoFIFO
6.470091,-1,20,10019.060000,91.139000,479.049566,481.937469,460.000000,819,-19.049566,OpenLoop,NoFIFO,false,OpenLoop_NoFIFO
6.480080,-1,20,9988.784000,79.923000,476.464182,481.116476,460.000000,819,-16.464182,OpenLoop,NoFIFO,false,OpenLoop_NoFIFO
6.490075,-1,20,9995.339000,75.262000,478.059581,480.657942,460.000000,819,-18.059581,OpenLoop,NoFIFO,false,OpenLoop_NoFIFO
6.500074,-1,20,9998.598000,73.860000,473.658828,479.608075,460.000000,819,-13.658828,OpenLoop,NoFIFO,false,OpenLoop_NoFIFO
6.510075,-1,20,10001.264000,75.124000,473.787105,478.734929,460.000000,819,-13.787105,OpenLoop,NoFIFO,false,OpenLoop_NoFIFO
6.520074,-1,20,9999.062000,74.186000,480.321379,478.972897,460.000000,819,-20.321379,OpenLoop,NoFIFO,false,OpenLoop_NoFIFO
6.530075,-1,20,10000.412000,74.598000,479.604200,479.067592,460.000000,819,-19.604200,OpenLoop,NoFIFO,false,OpenLoop_NoFIFO
6.540074,-1,20,9999.654000,74.252000,483.700750,479.762566,460.000000,819,-23.700750,OpenLoop,NoFIFO,false,OpenLoop_NoFIFO
6.550074,-1,20,10000.117000,74.369000,488.549095,481.080545,460.000000,819,-28.549095,OpenLoop,NoFIFO,false,OpenLoop_NoFIFO
6.560074,-1,20,9999.616000,73.985000,484.382339,481.575814,460.000000,819,-24.382339,OpenLoop,NoFIFO,false,OpenLoop_NoFIFO
6.570075,-1,20,10000.765000,74.750000,487.012987,482.391390,460.000000,819,-27.012987,OpenLoop,NoFIFO,false,OpenLoop_NoFIFO
6.580074,-1,20,9999.320000,74.070000,485.065851,482.792559,460.000000,819,-25.065851,OpenLoop,NoFIFO,false,OpenLoop_NoFIFO
6.590074,-1,20,10000.283000,74.353000,480.121294,482.391870,460.000000,819,-20.121294,OpenLoop,NoFIFO,false,OpenLoop_NoFIFO
6.600074,-1,20,9999.950000,74.303000,478.316327,481.780538,460.000000,819,-18.316327,OpenLoop,NoFIFO,false,OpenLoop_NoFIFO
6.610074,-1,20,9999.950000,74.253000,476.270053,480.953965,460.000000,819,-16.270053,OpenLoop,NoFIFO,false,OpenLoop_NoFIFO
6.620073,-1,20,9999.024000,73.277000,472.802594,479.731260,460.000000,819,-12.802594,OpenLoop,NoFIFO,false,OpenLoop_NoFIFO
6.630078,-1,20,10004.524000,77.801000,477.546917,479.403608,460.000000,819,-17.546917,OpenLoop,NoFIFO,false,OpenLoop_NoFIFO
6.640076,-1,20,9998.191000,75.992000,475.888325,478.876316,460.000000,819,-15.888325,OpenLoop,NoFIFO,false,OpenLoop_NoFIFO
6.650078,-1,20,10001.931000,77.923000,479.088219,478.908101,460.000000,819,-19.088219,OpenLoop,NoFIFO,false,OpenLoop_NoFIFO
6.660075,-1,20,9997.191000,75.114000,484.609962,479.763380,460.000000,819,-24.609962,OpenLoop,NoFIFO,false,OpenLoop_NoFIFO
6.670075,-1,20,10000.135000,75.249000,482.671255,480.199562,460.000000,819,-22.671255,OpenLoop,NoFIFO,false,OpenLoop_NoFIFO
6.680075,-1,20,9999.598000,74.847000,487.174036,481.245733,460.000000,819,-27.174036,OpenLoop,NoFIFO,false,OpenLoop_NoFIFO
6.690082,-1,20,10007.265000,82.112000,486.507525,482.035002,460.000000,819,-26.507525,OpenLoop,NoFIFO,false,OpenLoop_NoFIFO
6.700076,-1,20,9993.542000,75.654000,483.473980,482.250848,460.000000,819,-23.473980,OpenLoop,NoFIFO,false,OpenLoop_NoFIFO
6.710072,-1,20,9996.228000,71.882000,484.825803,482.637092,460.000000,819,-24.825803,OpenLoop,NoFIFO,false,OpenLoop_NoFIFO
6.720073,-1,20,10001.079000,72.961000,479.428173,482.155754,460.000000,819,-19.428173,OpenLoop,NoFIFO,false,OpenLoop_NoFIFO
6.730073,-1,20,10000.116000,73.077000,474.746802,481.044411,460.000000,819,-14.746802,OpenLoop,NoFIFO,false,OpenLoop_NoFIFO
6.740072,-1,20,9998.802000,71.879000,476.694915,480.391987,460.000000,819,-16.694915,OpenLoop,NoFIFO,false,OpenLoop_NoFIFO
6.750072,-1,20,9999.764000,71.643000,473.233262,479.318178,460.000000,819,-13.233262,OpenLoop,NoFIFO,false,OpenLoop_NoFIFO
6.760085,-1,20,10012.894000,84.537000,474.312391,478.567310,460.000000,819,-14.312391,OpenLoop,NoFIFO,false,OpenLoop_NoFIFO
6.770083,-1,20,9998.153000,82.690000,481.210828,478.963838,460.000000,819,-21.210828,OpenLoop,NoFIFO,false,OpenLoop_NoFIFO
6.780077,-1,20,9993.838000,76.528000,478.760446,478.933329,460.000000,819,-18.760446,OpenLoop,NoFIFO,false,OpenLoop_NoFIFO
6.790074,-1,20,9997.061000,73.589000,483.496648,479.617827,460.000000,819,-23.496648,OpenLoop,NoFIFO,false,OpenLoop_NoFIFO
6.800073,-1,20,9999.135000,72.724000,488.523573,480.953689,460.000000,819,-28.523573,OpenLoop,NoFIFO,false,OpenLoop_NoFIFO
6.810072,-1,20,9999.394000,72.118000,483.496648,481.335133,460.000000,819,-23.496648,OpenLoop,NoFIFO,false,OpenLoop_NoFIFO
6.820073,-1,20,10000.968000,73.086000,486.209335,482.066263,460.000000,819,-26.209335,OpenLoop,NoFIFO,false,OpenLoop_NoFIFO
6.830072,-1,20,9999.338000,72.424000,485.089869,482.519804,460.000000,819,-25.089869,OpenLoop,NoFIFO,false,OpenLoop_NoFIFO
6.840073,-1,20,10000.986000,73.410000,478.982815,481.989255,460.000000,819,-18.982815,OpenLoop,NoFIFO,false,OpenLoop_NoFIFO
6.850073,-1,20,9999.339000,72.749000,479.088219,481.554100,460.000000,819,-19.088219,OpenLoop,NoFIFO,false,OpenLoop_NoFIFO
6.860072,-1,20,9999.616000,72.365000,476.233672,480.756036,460.000000,819,-16.233672,OpenLoop,NoFIFO,false,OpenLoop_NoFIFO
6.870076,-1,20,10003.561000,75.926000,472.530242,479.522167,460.000000,819,-12.530242,OpenLoop,NoFIFO,false,OpenLoop_NoFIFO
6.880074,-1,20,9998.153000,74.079000,476.694915,479.098079,460.000000,819,-16.694915,OpenLoop,NoFIFO,false,OpenLoop_NoFIFO
6.890074,-1,20,10000.375000,74.454000,475.000000,478.483367,460.000000,819,-15.000000,OpenLoop,NoFIFO,false,OpenLoop_NoFIFO
6.900074,-1,20,9999.487000,73.941000,477.209625,478.292306,460.000000,819,-17.209625,OpenLoop,NoFIFO,false,OpenLoop_NoFIFO
6.910075,-1,20,10000.875000,74.816000,485.354223,479.351594,460.000000,819,-25.354223,OpenLoop,NoFIFO,false,OpenLoop_NoFIFO
6.920074,-1,20,9998.783000,73.599000,483.473980,479.969952,460.000000,819,-23.473980,OpenLoop,NoFIFO,false,OpenLoop_NoFIFO
6.930074,-1,20,10000.561000,74.160000,485.751295,480.837153,460.000000,819,-25.751295,OpenLoop,NoFIFO,false,OpenLoop_NoFIFO
6.940077,-1,20,10002.764000,76.924000,486.507525,481.687709,460.000000,819,-26.507525,OpenLoop,NoFIFO,false,OpenLoop_NoFIFO
6.950074,-1,20,9997.560000,74.484000,483.010304,481.886098,460.000000,819,-23.010304,OpenLoop,NoFIFO,false,OpenLoop_NoFIFO
6.960075,-1,20,10000.839000,75.323000,484.154930,482.226423,460.000000,819,-24.154930,OpenLoop,NoFIFO,false,OpenLoop_NoFIFO
6.970075,-1,20,9999.875000,75.198000,479.088219,481.755692,460.000000,819,-19.088219,OpenLoop,NoFIFO,false,OpenLoop_NoFIFO
6.980074,-1,20,9999.265000,74.463000,475.624942,480.836080,460.000000,819,-15.624942,OpenLoop,NoFIFO,false,OpenLoop_NoFIFO
6.990073,-1,20,9998.838000,73.301000,475.304195,480.006297,460.000000,819,-15.304195,OpenLoop,NoFIFO,false,OpenLoop_NoFIFO
7.000075,-1,20,10001.209000,74.510000,474.626326,479.199301,460.000000,819,-14.626326,OpenLoop,NoFIFO,false,OpenLoop_NoFIFO
7.010073,-1,20,9998.838000,73.348000,473.988824,478.417730,460.000000,819,-13.988824,OpenLoop,NoFIFO,false,OpenLoop_NoFIFO
7.020074,-1,20,10000.690000,74.038000,481.667445,478.905187,460.000000,819,-21.667445,OpenLoop,NoFIFO,false,OpenLoop_NoFIFO
7.030074,-1,20,9999.802000,73.840000,480.227436,479.103524,460.000000,819,-20.227436,OpenLoop,NoFIFO,false,OpenLoop_NoFIFO
7.040081,-1,20,10007.597000,81.437000,484.087944,479.851187,460.000000,819,-24.087944,OpenLoop,NoFIFO,false,OpenLoop_NoFIFO
7.050073,-1,20,9992.005000,73.442000,488.050166,481.081034,460.000000,819,-28.050166,OpenLoop,NoFIFO,false,OpenLoop_NoFIFO
7.060079,-1,20,10005.246000,78.688000,483.927733,481.508039,460.000000,819,-23.927733,OpenLoop,NoFIFO,false,OpenLoop_NoFIFO
7.070076,-1,20,9997.227000,75.915000,486.149017,482.204186,460.000000,819,-26.149017,OpenLoop,NoFIFO,false,OpenLoop_NoFIFO
7.080072,-1,20,9996.320000,72.235000,484.609962,482.565052,460.000000,819,-24.609962,OpenLoop,NoFIFO,false,OpenLoop_NoFIFO
7.090073,-1,20,10000.283000,72.518000,478.830645,482.004891,460.000000,819,-18.830645,OpenLoop,NoFIFO,false,OpenLoop_NoFIFO
7.100073,-1,20,10000.024000,72.542000,478.094576,481.418344,460.000000,819,-18.094576,OpenLoop,NoFIFO,false,OpenLoop_NoFIFO
7.110072,-1,20,9999.486000,72.028000,475.000000,480.455592,460.000000,819,-15.000000,OpenLoop,NoFIFO,false,OpenLoop_NoFIFO
7.120072,-1,20,9999.783000,71.811000,473.484848,479.409981,460.000000,819,-13.484848,OpenLoop,NoFIFO,false,OpenLoop_NoFIFO
7.130073,-1,20,10000.709000,72.520000,476.130015,478.917986,460.000000,819,-16.130015,OpenLoop,NoFIFO,false,OpenLoop_NoFIFO
7.140072,-1,20,9999.357000,71.877000,476.003385,478.480796,460.000000,819,-16.003385,OpenLoop,NoFIFO,false,OpenLoop_NoFIFO
7.150072,-1,20,10000.486000,72.363000,478.316327,478.456125,460.000000,819,-18.316327,OpenLoop,NoFIFO,false,OpenLoop_NoFIFO
7.160073,-1,20,10000.357000,72.720000,485.065851,479.447584,460.000000,819,-25.065851,OpenLoop,NoFIFO,false,OpenLoop_NoFIFO
7.170072,-1,20,9999.042000,71.762000,483.746130,480.092366,460.000000,819,-23.746130,OpenLoop,NoFIFO,false,OpenLoop_NoFIFO
7.180072,-1,20,10000.190000,71.952000,485.823216,480.951994,460.000000,819,-25.823216,OpenLoop,NoFIFO,false,OpenLoop_NoFIFO
7.190072,-1,20,10000.228000,72.180000,488.027069,482.013255,460.000000,819,-28.027069,OpenLoop,NoFIFO,false,OpenLoop_NoFIFO
7.200072,-1,20,9999.690000,71.870000,483.746130,482.273186,460.000000,819,-23.746130,OpenLoop,NoFIFO,false,OpenLoop_NoFIFO
7.210072,-1,20,10000.227000,72.097000,484.825803,482.656079,460.000000,819,-24.825803,OpenLoop,NoFIFO,false,OpenLoop_NoFIFO
7.220072,-1,20,9999.690000,71.787000,479.651163,482.205341,460.000000,819,-19.651163,OpenLoop,NoFIFO,false,OpenLoop_NoFIFO
7.230072,-1,20,10000.209000,71.996000,474.241214,481.010722,460.000000,819,-14.241214,OpenLoop,NoFIFO,false,OpenLoop_NoFIFO
7.240073,-1,20,10000.746000,72.742000,476.108033,480.275319,460.000000,819,-16.108033,OpenLoop,NoFIFO,false,OpenLoop_NoFIFO
7.250081,-1,20,10008.375000,81.117000,474.746802,479.446041,460.000000,819,-14.746802,OpenLoop,NoFIFO,false,OpenLoop_NoFIFO
7.260075,-1,20,9993.616000,74.733000,474.855282,478.757427,460.000000,819,-14.855282,OpenLoop,NoFIFO,false,OpenLoop_NoFIFO
7.270073,-1,20,9998.357000,73.090000,480.769231,479.059198,460.000000,819,-20.769231,OpenLoop,NoFIFO,false,OpenLoop_NoFIFO
7.280072,-1,20,9999.135000,72.225000,480.182927,479.227757,460.000000,819,-20.182927,OpenLoop,NoFIFO,false,OpenLoop_NoFIFO
7.290072,-1,20,10000.153000,72.378000,483.247423,479.830707,460.000000,819,-23.247423,OpenLoop,NoFIFO,false,OpenLoop_NoFIFO
7.300073,-1,20,10000.376000,72.754000,489.207780,481.237268,460.000000,819,-29.207780,OpenLoop,NoFIFO,false,OpenLoop_NoFIFO
7.310081,-1,20,10007.782000,80.536000,482.985358,481.499481,460.000000,819,-22.985358,OpenLoop,NoFIFO,false,OpenLoop_NoFIFO
7.320077,-1,20,9996.246000,76.782000,485.065851,482.034437,460.000000,819,-25.065851,OpenLoop,NoFIFO,false,OpenLoop_NoFIFO
7.330072,-1,20,9995.283000,72.065000,485.751295,482.591966,460.000000,819,-25.751295,OpenLoop,NoFIFO,false,OpenLoop_NoFIFO
7.340081,-1,20,10008.857000,80.922000,478.316327,481.950620,460.000000,819,-18.316327,OpenLoop,NoFIFO,false,OpenLoop_NoFIFO
7.350077,-1,20,9995.949000,76.871000,478.760446,481.472094,460.000000,819,-18.760446,OpenLoop,NoFIFO,false,OpenLoop_NoFIFO
7.360073,-1,20,9996.228000,73.099000,476.003385,480.651787,460.000000,819,-16.003385,OpenLoop,NoFIFO,false,OpenLoop_NoFIFO
7.370072,-1,20,9999.282000,72.381000,472.981944,479.501311,460.000000,819,-12.981944,OpenLoop,NoFIFO,false,OpenLoop_NoFIFO
7.380078,-1,20,10005.283000,77.664000,476.779979,479.093111,460.000000,819,-16.779979,OpenLoop,NoFIFO,false,OpenLoop_NoFIFO
7.390084,-1,20,10006.635000,84.299000,475.888325,478.612393,460.000000,819,-15.888325,OpenLoop,NoFIFO,false,OpenLoop_NoFIFO
7.400077,-1,20,9992.746000,77.045000,478.316327,478.567983,460.000000,819,-18.316327,OpenLoop,NoFIFO,false,OpenLoop_NoFIFO
7.410075,-1,20,9997.542000,74.587000,485.392012,479.591587,460.000000,819,-25.392012,OpenLoop,NoFIFO,false,OpenLoop_NoFIFO
7.420073,-1,20,9998.653000,73.240000,483.995870,480.252230,460.000000,819,-23.995870,OpenLoop,NoFIFO,false,OpenLoop_NoFIFO
7.430072,-1,20,9998.709000,71.949000,485.065851,480.974273,460.000000,819,-25.065851,OpenLoop,NoFIFO,false,OpenLoop_NoFIFO
7.440072,-1,20,10000.060000,72.009000,489.045383,482.184940,460.000000,819,-29.045383,OpenLoop,NoFIFO,false,OpenLoop_NoFIFO
7.450073,-1,20,10000.524000,72.533000,483.010304,482.308744,460.000000,819,-23.010304,OpenLoop,NoFIFO,false,OpenLoop_NoFIFO
7.460072,-1,20,9999.153000,71.686000,484.746639,482.674428,460.000000,819,-24.746639,OpenLoop,NoFIFO,false,OpenLoop_NoFIFO
7.470076,-1,20,10003.950000,75.636000,479.651163,482.220939,460.000000,819,-19.651163,OpenLoop,NoFIFO,false,OpenLoop_NoFIFO
7.480087,-1,20,10011.690000,87.326000,474.241214,481.023980,460.000000,819,-14.241214,OpenLoop,NoFIFO,false,OpenLoop_NoFIFO
7.490081,-1,20,9993.857000,81.183000,477.290997,480.464032,460.000000,819,-17.290997,OpenLoop,NoFIFO,false,OpenLoop_NoFIFO
7.500078,-1,20,9996.320000,77.503000,474.792818,479.613350,460.000000,819,-14.792818,OpenLoop,NoFIFO,false,OpenLoop_NoFIFO
7.510073,-1,20,9995.449000,72.952000,474.746802,478.883368,460.000000,819,-14.746802,OpenLoop,NoFIFO,false,OpenLoop_NoFIFO
7.520085,-1,20,10012.431000,85.383000,480.769231,479.166247,460.000000,819,-20.769231,OpenLoop,NoFIFO,false,OpenLoop_NoFIFO
7.530074,-1,20,9988.838000,74.221000,481.158833,479.465135,460.000000,819,-21.158833,OpenLoop,NoFIFO,false,OpenLoop_NoFIFO
7.540074,-1,20,10000.191000,74.412000,483.473980,480.066462,460.000000,819,-23.473980,OpenLoop,NoFIFO,false,OpenLoop_NoFIFO
7.550071,-1,20,9996.931000,71.343000,488.817234,481.379078,460.000000,819,-28.817234,OpenLoop,NoFIFO,false,OpenLoop_NoFIFO
7.560074,-1,20,10002.764000,74.107000,483.882320,481.754564,460.000000,819,-23.882320,OpenLoop,NoFIFO,false,OpenLoop_NoFIFO
7.570071,-1,20,9996.986000,71.093000,484.796773,482.210895,460.000000,819,-24.796773,OpenLoop,NoFIFO,false,OpenLoop_NoFIFO
7.580074,-1,20,10002.413000,73.506000,485.065851,482.639139,460.000000,819,-25.065851,OpenLoop,NoFIFO,false,OpenLoop_NoFIFO
7.590073,-1,20,9999.357000,72.863000,478.316327,481.990717,460.000000,819,-18.316327,OpenLoop,NoFIFO,false,OpenLoop_NoFIFO
7.600073,-1,20,10000.301000,73.164000,477.851942,481.369901,460.000000,819,-17.851942,OpenLoop,NoFIFO,false,OpenLoop_NoFIFO
7.610078,-1,20,10004.764000,77.928000,474.924012,480.403017,460.000000,819,-14.924012,OpenLoop,NoFIFO,false,OpenLoop_NoFIFO
7.620075,-1,20,9997.283000,75.211000,473.029793,479.297034,460.000000,819,-13.029793,OpenLoop,NoFIFO,false,OpenLoop_NoFIFO
7.630074,-1,20,9998.579000,73.790000,475.253469,478.690499,460.000000,819,-15.253469,OpenLoop,NoFIFO,false,OpenLoop_NoFIFO
7.640074,-1,20,10000.061000,73.851000,476.648751,478.384237,460.000000,819,-16.648751,OpenLoop,NoFIFO,false,OpenLoop_NoFIFO
7.650073,-1,20,9999.042000,72.893000,478.365139,478.381372,460.000000,819,-18.365139,OpenLoop,NoFIFO,false,OpenLoop_NoFIFO
7.660073,-1,20,9999.950000,72.843000,484.675037,479.325422,460.000000,819,-24.675037,OpenLoop,NoFIFO,false,OpenLoop_NoFIFO
7.670072,-1,20,9999.505000,72.348000,484.382339,480.083959,460.000000,819,-24.382339,OpenLoop,NoFIFO,false,OpenLoop_NoFIFO
7.680071,-1,20,9999.023000,71.371000,483.995870,480.670746,460.000000,819,-23.995870,OpenLoop,NoFIFO,false,OpenLoop_NoFIFO
7.690072,-1,20,10000.357000,71.728000,488.523573,481.848670,460.000000,819,-28.523573,OpenLoop,NoFIFO,false,OpenLoop_NoFIFO
7.700073,-1,20,10001.301000,73.029000,482.749743,481.983831,460.000000,819,-22.749743,OpenLoop,NoFIFO,false,OpenLoop_NoFIFO
7.710073,-1,20,9999.635000,72.664000,482.536765,482.066771,460.000000,819,-22.536765,OpenLoop,NoFIFO,false,OpenLoop_NoFIFO
7.720073,-1,20,10000.060000,72.724000,478.560490,481.540829,460.000000,819,-18.560490,OpenLoop,NoFIFO,false,OpenLoop_NoFIFO
7.730073,-1,20,10000.023000,72.747000,475.084459,480.572373,460.000000,819,-15.084459,OpenLoop,NoFIFO,false,OpenLoop_NoFIFO
7.740071,-1,20,9998.153000,70.900000,475.507208,479.812599,460.000000,819,-15.507208,OpenLoop,NoFIFO,false,OpenLoop_NoFIFO
7.750072,-1,20,10000.912000,71.812000,473.484848,478.863436,460.000000,819,-13.484848,OpenLoop,NoFIFO,false,OpenLoop_NoFIFO
7.760071,-1,20,9999.227000,71.039000,473.233262,478.018910,460.000000,819,-13.233262,OpenLoop,NoFIFO,false,OpenLoop_NoFIFO
7.770080,-1,20,10008.875000,79.914000,478.084021,478.028677,460.000000,819,-18.084021,OpenLoop,NoFIFO,false,OpenLoop_NoFIFO
7.780076,-1,20,9996.152000,76.066000,479.539642,478.255322,460.000000,819,-19.539642,OpenLoop,NoFIFO,false,OpenLoop_NoFIFO
7.790073,-1,20,9996.949000,73.015000,482.300343,478.862075,460.000000,819,-22.300343,OpenLoop,NoFIFO,false,OpenLoop_NoFIFO
7.800071,-1,20,9997.968000,70.983000,487.519501,480.160689,460.000000,819,-27.519501,OpenLoop,NoFIFO,false,OpenLoop_NoFIFO
7.810072,-1,20,10001.134000,72.117000,483.722359,480.694939,460.000000,819,-23.722359,OpenLoop,NoFIFO,false,OpenLoop_NoFIFO
7.820074,-1,20,10001.431000,73.548000,484.496124,481.265117,460.000000,819,-24.496124,OpenLoop,NoFIFO,false,OpenLoop_NoFIFO
7.830072,-1,20,9998.486000,72.034000,485.065851,481.835227,460.000000,819,-25.065851,OpenLoop,NoFIFO,false,OpenLoop_NoFIFO
7.840072,-1,20,10000.430000,72.464000,478.316327,481.307392,460.000000,819,-18.316327,OpenLoop,NoFIFO,false,OpenLoop_NoFIFO
7.850072,-1,20,9999.468000,71.932000,477.851942,480.789074,460.000000,819,-17.851942,OpenLoop,NoFIFO,false,OpenLoop_NoFIFO
7.860072,-1,20,10000.449000,72.381000,474.924012,479.909315,460.000000,819,-14.924012,OpenLoop,NoFIFO,false,OpenLoop_NoFIFO
7.870072,-1,20,9999.801000,72.182000,472.802594,478.843307,460.000000,819,-12.802594,OpenLoop,NoFIFO,false,OpenLoop_NoFIFO
7.880072,-1,20,9999.801000,71.983000,476.524880,478.495543,460.000000,819,-16.524880,OpenLoop,NoFIFO,false,OpenLoop_NoFIFO
7.890073,-1,20,10000.801000,72.784000,475.773320,478.087209,460.000000,819,-15.773320,OpenLoop,NoFIFO,false,OpenLoop_NoFIFO
7.900071,-1,20,9998.393000,71.177000,478.072412,478.084990,460.000000,819,-18.072412,OpenLoop,NoFIFO,false,OpenLoop_NoFIFO
7.910071,-1,20,10000.301000,71.478000,484.436516,479.037719,460.000000,819,-24.436516,OpenLoop,NoFIFO,false,OpenLoop_NoFIFO
7.920072,-1,20,10000.301000,71.779000,483.746130,479.743980,460.000000,819,-23.746130,OpenLoop,NoFIFO,false,OpenLoop_NoFIFO
7.930073,-1,20,10000.894000,72.673000,484.109473,480.398804,460.000000,819,-24.109473,OpenLoop,NoFIFO,false,OpenLoop_NoFIFO
7.940073,-1,20,10000.615000,73.288000,488.087564,481.552118,460.000000,819,-28.087564,OpenLoop,NoFIFO,false,OpenLoop_NoFIFO
7.950072,-1,20,9998.912000,72.200000,481.262834,481.508726,460.000000,819,-21.262834,OpenLoop,NoFIFO,false,OpenLoop_NoFIFO
7.960072,-1,20,10000.079000,72.279000,482.300343,481.627468,460.000000,819,-22.300343,OpenLoop,NoFIFO,false,OpenLoop_NoFIFO
7.970082,-1,20,10009.430000,81.709000,478.560490,481.167422,460.000000,819,-18.560490,OpenLoop,NoFIFO,false,OpenLoop_NoFIFO
7.980077,-1,20,9995.042000,76.751000,474.397590,480.151947,460.000000,819,-14.397590,OpenLoop,NoFIFO,false,OpenLoop_NoFIFO
7.990073,-1,20,9996.079000,72.830000,474.746802,479.341175,460.000000,819,-14.746802,OpenLoop,NoFIFO,false,OpenLoop_NoFIFO
8.000072,-1,20,9999.412000,72.242000,473.484848,478.462726,460.000000,819,-13.484848,OpenLoop,NoFIFO,false,OpenLoop_NoFIFO
8.010072,-1,20,10000.171000,72.413000,473.233262,477.678307,460.000000,819,-13.233262,OpenLoop,NoFIFO,false,OpenLoop_NoFIFO
8.020073,-1,20,10000.153000,72.566000,479.481247,477.948748,460.000000,819,-19.481247,OpenLoop,NoFIFO,false,OpenLoop_NoFIFO
8.030072,-1,20,9999.708000,72.274000,479.294479,478.150607,460.000000,819,-19.294479,OpenLoop,NoFIFO,false,OpenLoop_NoFIFO
8.040079,-1,20,10006.320000,78.594000,482.462080,478.797328,460.000000,819,-22.462080,OpenLoop,NoFIFO,false,OpenLoop_NoFIFO
8.050088,-1,20,10009.745000,88.339000,487.618725,480.120538,460.000000,819,-27.618725,OpenLoop,NoFIFO,false,OpenLoop_NoFIFO
8.060078,-1,20,9989.245000,77.584000,482.671255,480.503145,460.000000,819,-22.671255,OpenLoop,NoFIFO,false,OpenLoop_NoFIFO
8.070074,-1,20,9996.061000,73.645000,485.568321,481.262922,460.000000,819,-25.568321,OpenLoop,NoFIFO,false,OpenLoop_NoFIFO
8.080073,-1,20,9998.893000,72.538000,485.751295,481.936178,460.000000,819,-25.751295,OpenLoop,NoFIFO,false,OpenLoop_NoFIFO
8.090076,-1,20,10003.856000,76.394000,478.084021,481.358354,460.000000,819,-18.084021,OpenLoop,NoFIFO,false,OpenLoop_NoFIFO
8.100073,-1,20,9996.468000,72.862000,477.035351,480.709904,460.000000,819,-17.035351,OpenLoop,NoFIFO,false,OpenLoop_NoFIFO
8.110073,-1,20,10000.245000,73.107000,474.169075,479.728779,460.000000,819,-14.169075,OpenLoop,NoFIFO,false,OpenLoop_NoFIFO
8.120072,-1,20,9999.209000,72.316000,471.979332,478.566362,460.000000,819,-11.979332,OpenLoop,NoFIFO,false,OpenLoop_NoFIFO
8.130073,-1,20,10000.541000,72.857000,476.768377,478.296665,460.000000,819,-16.768377,OpenLoop,NoFIFO,false,OpenLoop_NoFIFO
8.140073,-1,20,9999.857000,72.714000,475.761218,477.916348,460.000000,819,-15.761218,OpenLoop,NoFIFO,false,OpenLoop_NoFIFO
8.150073,-1,20,10000.153000,72.867000,478.316327,477.976344,460.000000,819,-18.316327,OpenLoop,NoFIFO,false,OpenLoop_NoFIFO
8.160073,-1,20,9999.893000,72.760000,484.154930,478.903132,460.000000,819,-24.154930,OpenLoop,NoFIFO,false,OpenLoop_NoFIFO
8.170073,-1,20,10000.338000,73.098000,484.746639,479.779658,460.000000,819,-24.746639,OpenLoop,NoFIFO,false,OpenLoop_NoFIFO
8.180072,-1,20,9999.319000,72.417000,484.198229,480.442444,460.000000,819,-24.198229,OpenLoop,NoFIFO,false,OpenLoop_NoFIFO
8.190071,-1,20,9998.838000,71.255000,488.281250,481.618265,460.000000,819,-28.281250,OpenLoop,NoFIFO,false,OpenLoop_NoFIFO
8.200072,-1,20,10000.912000,72.167000,482.117812,481.693197,460.000000,819,-22.117812,OpenLoop,NoFIFO,false,OpenLoop_NoFIFO
8.210072,-1,20,10000.301000,72.468000,483.509772,481.965683,460.000000,819,-23.509772,OpenLoop,NoFIFO,false,OpenLoop_NoFIFO
8.220073,-1,20,10000.153000,72.621000,478.538283,481.451573,460.000000,819,-18.538283,OpenLoop,NoFIFO,false,OpenLoop_NoFIFO
8.230072,-1,20,9999.671000,72.292000,474.493873,480.407918,460.000000,819,-14.493873,OpenLoop,NoFIFO,false,OpenLoop_NoFIFO
8.240073,-1,20,10000.264000,72.556000,474.626326,479.540679,460.000000,819,-14.626326,OpenLoop,NoFIFO,false,OpenLoop_NoFIFO
8.250073,-1,20,10000.320000,72.876000,473.484848,478.632305,460.000000,819,-13.484848,OpenLoop,NoFIFO,false,OpenLoop_NoFIFO
8.260071,-1,20,9998.152000,71.028000,472.802594,477.757848,460.000000,819,-12.802594,OpenLoop,NoFIFO,false,OpenLoop_NoFIFO
8.270080,-1,20,10008.949000,79.977000,480.121294,478.112365,460.000000,819,-20.121294,OpenLoop,NoFIFO,false,OpenLoop_NoFIFO
8.280077,-1,20,9996.912000,76.889000,478.760446,478.209577,460.000000,819,-18.760446,OpenLoop,NoFIFO,false,OpenLoop_NoFIFO
8.290072,-1,20,9995.153000,72.042000,482.200866,478.808270,460.000000,819,-22.200866,OpenLoop,NoFIFO,false,OpenLoop_NoFIFO
8.300073,-1,20,10001.135000,73.177000,486.898017,480.021732,460.000000,819,-26.898017,OpenLoop,NoFIFO,false,OpenLoop_NoFIFO
8.310073,-1,20,9999.337000,72.514000,482.749743,480.430934,460.000000,819,-22.749743,OpenLoop,NoFIFO,false,OpenLoop_NoFIFO
8.320072,-1,20,9999.505000,72.019000,484.837800,481.091964,460.000000,819,-24.837800,OpenLoop,NoFIFO,false,OpenLoop_NoFIFO
8.330071,-1,20,9998.653000,70.672000,485.354223,481.731303,460.000000,819,-25.354223,OpenLoop,NoFIFO,false,OpenLoop_NoFIFO
8.340085,-1,20,10014.708000,85.380000,478.094576,481.185794,460.000000,819,-18.094576,OpenLoop,NoFIFO,false,OpenLoop_NoFIFO
8.350077,-1,20,9991.764000,77.144000,478.059581,480.716862,460.000000,819,-18.059581,OpenLoop,NoFIFO,false,OpenLoop_NoFIFO
8.360074,-1,20,9996.505000,73.649000,474.792818,479.828255,460.000000,819,-14.792818,OpenLoop,NoFIFO,false,OpenLoop_NoFIFO
8.370072,-1,20,9998.226000,71.875000,472.981944,478.801308,460.000000,819,-12.981944,OpenLoop,NoFIFO,false,OpenLoop_NoFIFO
8.380079,-1,20,10007.264000,79.139000,475.773320,478.347110,460.000000,819,-15.773320,OpenLoop,NoFIFO,false,OpenLoop_NoFIFO
8.390079,-1,20,10000.172000,79.311000,475.507208,477.921125,460.000000,819,-15.507208,OpenLoop,NoFIFO,false,OpenLoop_NoFIFO
8.400071,-1,20,9991.523000,70.834000,478.316327,477.980405,460.000000,819,-18.316327,OpenLoop,NoFIFO,false,OpenLoop_NoFIFO
8.410071,-1,20,10000.041000,70.875000,484.825803,479.007215,460.000000,819,-24.825803,OpenLoop,NoFIFO,false,OpenLoop_NoFIFO
8.420070,-1,20,9999.153000,70.028000,483.021077,479.609294,460.000000,819,-23.021077,OpenLoop,NoFIFO,false,OpenLoop_NoFIFO
8.430071,-1,20,10000.912000,70.940000,485.248447,480.455167,460.000000,819,-25.248447,OpenLoop,NoFIFO,false,OpenLoop_NoFIFO
8.440070,-1,20,9999.246000,70.186000,486.438679,481.352694,460.000000,819,-26.438679,OpenLoop,NoFIFO,false,OpenLoop_NoFIFO
8.450072,-1,20,10001.393000,71.579000,481.418919,481.362628,460.000000,819,-21.418919,OpenLoop,NoFIFO,false,OpenLoop_NoFIFO
8.460071,-1,20,9999.764000,71.343000,481.892523,481.442112,460.000000,819,-21.892523,OpenLoop,NoFIFO,false,OpenLoop_NoFIFO
8.470074,-1,20,10002.801000,74.144000,478.059581,480.934732,460.000000,819,-18.059581,OpenLoop,NoFIFO,false,OpenLoop_NoFIFO
8.480088,-1,20,10014.152000,88.296000,474.203338,479.925023,460.000000,819,-14.203338,OpenLoop,NoFIFO,false,OpenLoop_NoFIFO
8.490079,-1,20,9990.246000,78.542000,475.084459,479.198939,460.000000,819,-15.084459,OpenLoop,NoFIFO,false,OpenLoop_NoFIFO
8.500073,-1,20,9994.393000,72.935000,473.233262,478.304087,460.000000,819,-13.233262,OpenLoop,NoFIFO,false,OpenLoop_NoFIFO
8.510073,-1,20,9999.746000,72.681000,474.169075,477.683835,460.000000,819,-14.169075,OpenLoop,NoFIFO,false,OpenLoop_NoFIFO
8.520076,-1,20,10003.708000,76.389000,480.522809,478.109681,460.000000,819,-20.522809,OpenLoop,NoFIFO,false,OpenLoop_NoFIFO
8.530072,-1,20,9995.820000,72.209000,479.714912,478.350466,460.000000,819,-19.714912,OpenLoop,NoFIFO,false,OpenLoop_NoFIFO
8.540072,-1,20,9999.708000,71.917000,483.496648,479.122393,460.000000,819,-23.496648,OpenLoop,NoFIFO,false,OpenLoop_NoFIFO
8.550073,-1,20,10001.264000,73.181000,488.744076,480.565646,460.000000,819,-28.744076,OpenLoop,NoFIFO,false,OpenLoop_NoFIFO
8.560073,-1,20,9999.319000,72.500000,483.010304,480.932344,460.000000,819,-23.010304,OpenLoop,NoFIFO,false,OpenLoop_NoFIFO
8.570072,-1,20,9999.986000,72.486000,485.499741,481.617454,460.000000,819,-25.499741,OpenLoop,NoFIFO,false,OpenLoop_NoFIFO
8.580072,-1,20,9999.875000,72.361000,485.065851,482.134714,460.000000,819,-25.065851,OpenLoop,NoFIFO,false,OpenLoop_NoFIFO
8.590072,-1,20,9999.431000,71.792000,477.290997,481.408156,460.000000,819,-17.290997,OpenLoop,NoFIFO,false,OpenLoop_NoFIFO
8.600072,-1,20,10000.467000,72.259000,477.620087,480.839946,460.000000,819,-17.620087,OpenLoop,NoFIFO,false,OpenLoop_NoFIFO
8.610078,-1,20,10005.894000,78.153000,475.164724,479.988662,460.000000,819,-15.164724,OpenLoop,NoFIFO,false,OpenLoop_NoFIFO
8.620077,-1,20,9998.541000,76.694000,472.802594,478.910752,460.000000,819,-12.802594,OpenLoop,NoFIFO,false,OpenLoop_NoFIFO
8.630080,-1,20,10003.264000,79.958000,475.507208,478.400220,460.000000,819,-15.507208,OpenLoop,NoFIFO,false,OpenLoop_NoFIFO
8.640076,-1,20,9995.949000,75.907000,475.084459,477.902856,460.000000,819,-15.084459,OpenLoop,NoFIFO,false,OpenLoop_NoFIFO
8.650073,-1,20,9997.061000,72.968000,477.099237,477.782313,460.000000,819,-17.099237,OpenLoop,NoFIFO,false,OpenLoop_NoFIFO
8.660072,-1,20,9998.708000,71.676000,484.436516,478.780444,460.000000,819,-24.436516,OpenLoop,NoFIFO,false,OpenLoop_NoFIFO
8.670071,-1,20,9999.764000,71.440000,483.247423,479.450491,460.000000,819,-23.247423,OpenLoop,NoFIFO,false,OpenLoop_NoFIFO
8.680077,-1,20,10005.708000,77.148000,483.927733,480.122077,460.000000,819,-23.927733,OpenLoop,NoFIFO,false,OpenLoop_NoFIFO
8.690076,-1,20,9998.375000,75.523000,487.746440,481.265731,460.000000,819,-27.746440,OpenLoop,NoFIFO,false,OpenLoop_NoFIFO
8.700074,-1,20,9998.931000,74.454000,482.117812,481.393544,460.000000,819,-22.117812,OpenLoop,NoFIFO,false,OpenLoop_NoFIFO
8.710071,-1,20,9997.022000,71.476000,484.035326,481.789811,460.000000,819,-24.035326,OpenLoop,NoFIFO,false,OpenLoop_NoFIFO
8.720073,-1,20,10001.190000,72.666000,478.982815,481.368762,460.000000,819,-18.982815,OpenLoop,NoFIFO,false,OpenLoop_NoFIFO
8.730071,-1,20,9998.245000,70.911000,474.493873,480.337528,460.000000,819,-14.493873,OpenLoop,NoFIFO,false,OpenLoop_NoFIFO
8.740073,-1,20,10002.041000,72.952000,475.084459,479.549568,460.000000,819,-15.084459,OpenLoop,NoFIFO,false,OpenLoop_NoFIFO
8.750084,-1,20,10011.263000,84.215000,473.245835,478.604008,460.000000,819,-13.245835,OpenLoop,NoFIFO,false,OpenLoop_NoFIFO
8.760090,-1,20,10005.801000,90.016000,473.736702,477.873912,460.000000,819,-13.736702,OpenLoop,NoFIFO,false,OpenLoop_NoFIFO
8.770079,-1,20,9989.022000,79.038000,480.097765,478.207490,460.000000,819,-20.097765,OpenLoop,NoFIFO,false,OpenLoop_NoFIFO
8.780072,-1,20,9993.338000,72.376000,479.247809,478.363538,460.000000,819,-19.247809,OpenLoop,NoFIFO,false,OpenLoop_NoFIFO
8.790072,-1,20,9999.838000,72.214000,482.253086,478.946970,460.000000,819,-22.253086,OpenLoop,NoFIFO,false,OpenLoop_NoFIFO
8.800075,-1,20,10002.819000,75.033000,488.975818,480.451297,460.000000,819,-28.975818,OpenLoop,NoFIFO,false,OpenLoop_NoFIFO
8.810073,-1,20,9997.596000,72.629000,482.723577,480.792139,460.000000,819,-22.723577,OpenLoop,NoFIFO,false,OpenLoop_NoFIFO
8.820077,-1,20,10004.745000,77.374000,484.837800,481.398988,460.000000,819,-24.837800,OpenLoop,NoFIFO,false,OpenLoop_NoFIFO
8.830075,-1,20,9997.671000,75.045000,485.499741,482.014101,460.000000,819,-25.499741,OpenLoop,NoFIFO,false,OpenLoop_NoFIFO
8.840072,-1,20,9997.449000,72.494000,477.620087,481.354999,460.000000,819,-17.620087,OpenLoop,NoFIFO,false,OpenLoop_NoFIFO
8.850073,-1,20,10000.374000,72.868000,479.088219,481.014982,460.000000,819,-19.088219,OpenLoop,NoFIFO,false,OpenLoop_NoFIFO
8.860073,-1,20,9999.745000,72.613000,474.792818,480.081658,460.000000,819,-14.792818,OpenLoop,NoFIFO,false,OpenLoop_NoFIFO
8.870071,-1,20,9998.375000,70.988000,472.160045,478.893416,460.000000,819,-12.160045,OpenLoop,NoFIFO,false,OpenLoop_NoFIFO
8.880070,-1,20,9999.041000,70.029000,475.668819,478.409726,460.000000,819,-15.668819,OpenLoop,NoFIFO,false,OpenLoop_NoFIFO
8.890071,-1,20,10001.041000,71.070000,475.000000,477.898267,460.000000,819,-15.000000,OpenLoop,NoFIFO,false,OpenLoop_NoFIFO
8.900070,-1,20,9998.856000,69.926000,478.084021,477.926130,460.000000,819,-18.084021,OpenLoop,NoFIFO,false,OpenLoop_NoFIFO
8.910071,-1,20,10001.115000,71.041000,484.746639,478.949207,460.000000,819,-24.746639,OpenLoop,NoFIFO,false,OpenLoop_NoFIFO
8.920070,-1,20,9999.134000,70.175000,482.794944,479.526067,460.000000,819,-22.794944,OpenLoop,NoFIFO,false,OpenLoop_NoFIFO
8.930072,-1,20,10001.430000,71.605000,485.618866,480.439987,460.000000,819,-25.618866,OpenLoop,NoFIFO,false,OpenLoop_NoFIFO
8.940070,-1,20,9998.393000,69.998000,486.668240,481.374225,460.000000,819,-26.668240,OpenLoop,NoFIFO,false,OpenLoop_NoFIFO
8.950071,-1,20,10000.912000,70.910000,482.749743,481.580553,460.000000,819,-22.749743,OpenLoop,NoFIFO,false,OpenLoop_NoFIFO
8.960071,-1,20,9999.838000,70.748000,483.247423,481.830583,460.000000,819,-23.247423,OpenLoop,NoFIFO,false,OpenLoop_NoFIFO
8.970071,-1,20,10000.059000,70.807000,478.560490,481.340069,460.000000,819,-18.560490,OpenLoop,NoFIFO,false,OpenLoop_NoFIFO
8.980070,-1,20,9999.171000,69.978000,474.397590,480.298697,460.000000,819,-14.397590,OpenLoop,NoFIFO,false,OpenLoop_NoFIFO
8.990070,-1,20,10000.504000,70.482000,476.015500,479.656218,460.000000,819,-16.015500,OpenLoop,NoFIFO,false,OpenLoop_NoFIFO
9.000070,-1,20,9999.745000,70.227000,473.257212,478.696367,460.000000,819,-13.257212,OpenLoop,NoFIFO,false,OpenLoop_NoFIFO
9.010075,-1,20,10005.264000,75.491000,473.963600,477.986452,460.000000,819,-13.963600,OpenLoop,NoFIFO,false,OpenLoop_NoFIFO
9.020081,-1,20,10005.874000,81.365000,480.522809,478.366905,460.000000,819,-20.522809,OpenLoop,NoFIFO,false,OpenLoop_NoFIFO
9.030071,-1,20,9989.301000,70.666000,479.874360,478.593023,460.000000,819,-19.874360,OpenLoop,NoFIFO,false,OpenLoop_NoFIFO
9.040074,-1,20,10003.467000,74.133000,482.723577,479.212607,460.000000,819,-22.723577,OpenLoop,NoFIFO,false,OpenLoop_NoFIFO
9.050072,-1,20,9998.134000,72.267000,488.050166,480.538240,460.000000,819,-28.050166,OpenLoop,NoFIFO,false,OpenLoop_NoFIFO
9.060075,-1,20,10002.856000,75.123000,482.501287,480.832697,460.000000,819,-22.501287,OpenLoop,NoFIFO,false,OpenLoop_NoFIFO
9.070070,-1,20,9994.782000,69.905000,485.871175,481.588469,460.000000,819,-25.871175,OpenLoop,NoFIFO,false,OpenLoop_NoFIFO
9.080075,-1,20,10004.985000,74.890000,484.245868,481.987079,460.000000,819,-24.245868,OpenLoop,NoFIFO,false,OpenLoop_NoFIFO
9.090069,-1,20,9994.449000,69.339000,478.316327,481.436466,460.000000,819,-18.316327,OpenLoop,NoFIFO,false,OpenLoop_NoFIFO
9.100074,-1,20,10004.893000,74.232000,478.059581,480.929933,460.000000,819,-18.059581,OpenLoop,NoFIFO,false,OpenLoop_NoFIFO
9.110070,-1,20,9995.356000,69.588000,474.792818,480.009366,460.000000,819,-14.792818,OpenLoop,NoFIFO,false,OpenLoop_NoFIFO
9.120074,-1,20,10004.023000,73.611000,472.229586,478.842399,460.000000,819,-12.229586,OpenLoop,NoFIFO,false,OpenLoop_NoFIFO
9.130070,-1,20,9996.374000,69.985000,474.855282,478.244331,460.000000,819,-14.855282,OpenLoop,NoFIFO,false,OpenLoop_NoFIFO
9.140106,-1,20,10035.856000,105.841000,475.405680,477.818534,460.000000,819,-15.405680,OpenLoop,NoFIFO,false,OpenLoop_NoFIFO
9.150080,-1,20,9974.412000,80.253000,478.072412,477.856615,460.000000,819,-18.072412,OpenLoop,NoFIFO,false,OpenLoop_NoFIFO
9.160077,-1,20,9997.245000,77.498000,483.927733,478.767283,460.000000,819,-23.927733,OpenLoop,NoFIFO,false,OpenLoop_NoFIFO
9.170074,-1,20,9996.152000,73.650000,482.723577,479.360727,460.000000,819,-22.723577,OpenLoop,NoFIFO,false,OpenLoop_NoFIFO
9.180073,-1,20,9999.208000,72.858000,484.837800,480.182288,460.000000,819,-24.837800,OpenLoop,NoFIFO,false,OpenLoop_NoFIFO
9.190072,-1,20,9998.782000,71.640000,487.519501,481.282870,460.000000,819,-27.519501,OpenLoop,NoFIFO,false,OpenLoop_NoFIFO
9.200075,-1,20,10003.060000,74.700000,482.773418,481.506452,460.000000,819,-22.773418,OpenLoop,NoFIFO,false,OpenLoop_NoFIFO
9.210071,-1,20,9996.171000,70.871000,483.995870,481.879865,460.000000,819,-23.995870,OpenLoop,NoFIFO,false,OpenLoop_NoFIFO
9.220077,-1,20,10005.856000,76.727000,478.084021,481.310488,460.000000,819,-18.084021,OpenLoop,NoFIFO,false,OpenLoop_NoFIFO
9.230074,-1,20,9997.170000,73.897000,474.493873,480.287996,460.000000,819,-14.493873,OpenLoop,NoFIFO,false,OpenLoop_NoFIFO
9.240075,-1,20,10001.005000,74.902000,475.888325,479.628045,460.000000,819,-15.888325,OpenLoop,NoFIFO,false,OpenLoop_NoFIFO
9.250076,-1,20,10000.633000,75.535000,474.493873,478.857920,460.000000,819,-14.493873,OpenLoop,NoFIFO,false,OpenLoop_NoFIFO
9.260074,-1,20,9998.690000,74.225000,473.712705,478.086137,460.000000,819,-13.712705,OpenLoop,NoFIFO,false,OpenLoop_NoFIFO
9.270073,-1,20,9999.004000,73.229000,479.539642,478.304163,460.000000,819,-19.539642,OpenLoop,NoFIFO,false,OpenLoop_NoFIFO
9.280074,-1,20,10000.412000,73.641000,479.247809,478.445710,460.000000,819,-19.247809,OpenLoop,NoFIFO,false,OpenLoop_NoFIFO
9.290072,-1,20,9998.856000,72.497000,482.749743,479.091315,460.000000,819,-22.749743,OpenLoop,NoFIFO,false,OpenLoop_NoFIFO
9.300082,-1,20,10009.041000,81.538000,486.898017,480.262320,460.000000,819,-26.898017,OpenLoop,NoFIFO,false,OpenLoop_NoFIFO
9.310077,-1,20,9995.356000,76.894000,482.998454,480.672740,460.000000,819,-22.998454,OpenLoop,NoFIFO,false,OpenLoop_NoFIFO
9.320070,-1,20,9993.504000,70.398000,484.675037,481.273085,460.000000,819,-24.675037,OpenLoop,NoFIFO,false,OpenLoop_NoFIFO
9.330071,-1,20,10000.486000,70.884000,484.245868,481.719002,460.000000,819,-24.245868,OpenLoop,NoFIFO,false,OpenLoop_NoFIFO
9.340075,-1,20,10004.282000,75.166000,478.084021,481.173755,460.000000,819,-18.084021,OpenLoop,NoFIFO,false,OpenLoop_NoFIFO
9.350072,-1,20,9996.615000,71.781000,478.072412,480.708554,460.000000,819,-18.072412,OpenLoop,NoFIFO,false,OpenLoop_NoFIFO
9.360070,-1,20,9998.226000,70.007000,474.626326,479.796219,460.000000,819,-14.626326,OpenLoop,NoFIFO,false,OpenLoop_NoFIFO
9.370071,-1,20,10000.745000,70.752000,472.229586,478.661225,460.000000,819,-12.229586,OpenLoop,NoFIFO,false,OpenLoop_NoFIFO
9.380070,-1,20,9999.116000,69.868000,476.233672,478.297092,460.000000,819,-16.233672,OpenLoop,NoFIFO,false,OpenLoop_NoFIFO
9.390075,-1,20,10005.411000,75.279000,475.405680,477.863380,460.000000,819,-15.405680,OpenLoop,NoFIFO,false,OpenLoop_NoFIFO
9.400079,-1,20,10003.801000,79.080000,479.014599,478.036063,460.000000,819,-19.014599,OpenLoop,NoFIFO,false,OpenLoop_NoFIFO
9.410072,-1,20,9992.596000,71.676000,484.997413,479.080265,460.000000,819,-24.997413,OpenLoop,NoFIFO,false,OpenLoop_NoFIFO
9.420071,-1,20,9999.171000,70.847000,483.247423,479.705339,460.000000,819,-23.247423,OpenLoop,NoFIFO,false,OpenLoop_NoFIFO
9.430071,-1,20,9999.856000,70.703000,484.562024,480.433842,460.000000,819,-24.562024,OpenLoop,NoFIFO,false,OpenLoop_NoFIFO
9.440071,-1,20,10000.597000,71.300000,486.438679,481.334567,460.000000,819,-26.438679,OpenLoop,NoFIFO,false,OpenLoop_NoFIFO
9.450075,-1,20,10004.078000,75.378000,481.757451,481.398000,460.000000,819,-21.757451,OpenLoop,NoFIFO,false,OpenLoop_NoFIFO
9.460072,-1,20,9996.560000,71.938000,483.484774,481.711016,460.000000,819,-23.484774,OpenLoop,NoFIFO,false,OpenLoop_NoFIFO
9.470084,-1,20,10012.300000,84.238000,477.585329,481.092163,460.000000,819,-17.585329,OpenLoop,NoFIFO,false,OpenLoop_NoFIFO
9.480099,-1,20,10014.486000,98.724000,473.712705,479.985244,460.000000,819,-13.712705,OpenLoop,NoFIFO,false,OpenLoop_NoFIFO
9.490074,-1,20,9975.189000,73.913000,474.746802,479.199478,460.000000,819,-14.746802,OpenLoop,NoFIFO,false,OpenLoop_NoFIFO
9.500074,-1,20,10000.338000,74.251000,473.267554,478.309689,460.000000,819,-13.267554,OpenLoop,NoFIFO,false,OpenLoop_NoFIFO
9.510073,-1,20,9999.097000,73.348000,472.981944,477.510527,460.000000,819,-12.981944,OpenLoop,NoFIFO,false,OpenLoop_NoFIFO
9.520082,-1,20,10009.059000,82.407000,479.014599,477.736138,460.000000,819,-19.014599,OpenLoop,NoFIFO,false,OpenLoop_NoFIFO
9.530073,-1,20,9990.782000,73.189000,478.059581,477.784655,460.000000,819,-18.059581,OpenLoop,NoFIFO,false,OpenLoop_NoFIFO
9.540074,-1,20,10000.375000,73.564000,482.569022,478.502310,460.000000,819,-22.569022,OpenLoop,NoFIFO,false,OpenLoop_NoFIFO
9.550081,-1,20,10007.578000,81.142000,487.519501,479.854888,460.000000,819,-27.519501,OpenLoop,NoFIFO,false,OpenLoop_NoFIFO
9.560078,-1,20,9996.578000,77.720000,482.536765,480.257170,460.000000,819,-22.536765,OpenLoop,NoFIFO,false,OpenLoop_NoFIFO
9.570073,-1,20,9994.838000,72.558000,485.751295,481.081289,460.000000,819,-25.751295,OpenLoop,NoFIFO,false,OpenLoop_NoFIFO
9.580073,-1,20,10000.689000,73.247000,484.154930,481.542335,460.000000,819,-24.154930,OpenLoop,NoFIFO,false,OpenLoop_NoFIFO
9.590073,-1,20,9999.745000,72.992000,477.803112,480.981451,460.000000,819,-17.803112,OpenLoop,NoFIFO,false,OpenLoop_NoFIFO
9.600072,-1,20,9999.301000,72.293000,477.651691,480.481987,460.000000,819,-17.651691,OpenLoop,NoFIFO,false,OpenLoop_NoFIFO
9.610075,-1,20,10003.078000,75.371000,474.493873,479.583770,460.000000,819,-14.493873,OpenLoop,NoFIFO,false,OpenLoop_NoFIFO
9.620075,-1,20,9999.893000,75.264000,471.895973,478.430601,460.000000,819,-11.895973,OpenLoop,NoFIFO,false,OpenLoop_NoFIFO
9.630073,-1,20,9997.893000,73.157000,476.524880,478.144742,460.000000,819,-16.524880,OpenLoop,NoFIFO,false,OpenLoop_NoFIFO
9.640073,-1,20,9999.393000,72.550000,475.668819,477.773354,460.000000,819,-15.668819,OpenLoop,NoFIFO,false,OpenLoop_NoFIFO
9.650074,-1,20,10001.356000,73.906000,477.803112,477.777818,460.000000,819,-17.803112,OpenLoop,NoFIFO,false,OpenLoop_NoFIFO
9.660073,-1,20,9998.764000,72.670000,483.960177,478.705171,460.000000,819,-23.960177,OpenLoop,NoFIFO,false,OpenLoop_NoFIFO
9.670073,-1,20,10000.208000,72.878000,482.005141,479.200167,460.000000,819,-22.005141,OpenLoop,NoFIFO,false,OpenLoop_NoFIFO
9.680073,-1,20,9999.837000,72.715000,484.609962,480.011636,460.000000,819,-24.609962,OpenLoop,NoFIFO,false,OpenLoop_NoFIFO
9.690072,-1,20,9998.949000,71.664000,486.414528,480.972070,460.000000,819,-26.414528,OpenLoop,NoFIFO,false,OpenLoop_NoFIFO
9.700072,-1,20,10000.393000,72.057000,482.343312,481.177756,460.000000,819,-22.343312,OpenLoop,NoFIFO,false,OpenLoop_NoFIFO
9.710071,-1,20,9999.411000,71.468000,483.509772,481.527559,460.000000,819,-23.509772,OpenLoop,NoFIFO,false,OpenLoop_NoFIFO
9.720071,-1,20,9999.930000,71.398000,477.873031,480.979379,460.000000,819,-17.873031,OpenLoop,NoFIFO,false,OpenLoop_NoFIFO
9.730096,-1,20,10024.226000,95.624000,474.241214,479.968655,460.000000,819,-14.241214,OpenLoop,NoFIFO,false,OpenLoop_NoFIFO
9.740073,-1,20,9977.004000,72.628000,475.084459,479.236025,460.000000,819,-15.084459,OpenLoop,NoFIFO,false,OpenLoop_NoFIFO
9.750072,-1,20,9999.263000,71.891000,472.730892,478.260255,460.000000,819,-12.730892,OpenLoop,NoFIFO,false,OpenLoop_NoFIFO
9.760081,-1,20,10008.837000,80.728000,473.050459,477.478786,460.000000,819,-13.050459,OpenLoop,NoFIFO,false,OpenLoop_NoFIFO
9.770076,-1,20,9994.855000,75.583000,478.830645,477.681565,460.000000,819,-18.830645,OpenLoop,NoFIFO,false,OpenLoop_NoFIFO
9.780074,-1,20,9997.948000,73.531000,477.851942,477.707121,460.000000,819,-17.851942,OpenLoop,NoFIFO,false,OpenLoop_NoFIFO
9.790073,-1,20,9999.208000,72.739000,482.501287,478.426246,460.000000,819,-22.501287,OpenLoop,NoFIFO,false,OpenLoop_NoFIFO
9.800072,-1,20,9999.430000,72.169000,485.871175,479.542985,460.000000,819,-25.871175,OpenLoop,NoFIFO,false,OpenLoop_NoFIFO
9.810072,-1,20,9999.614000,71.783000,481.757451,479.875155,460.000000,819,-21.757451,OpenLoop,NoFIFO,false,OpenLoop_NoFIFO
9.820073,-1,20,10000.930000,72.713000,485.980207,480.790913,460.000000,819,-25.980207,OpenLoop,NoFIFO,false,OpenLoop_NoFIFO
9.830099,-1,20,10026.096000,98.809000,482.723577,481.080813,460.000000,819,-22.723577,OpenLoop,NoFIFO,false,OpenLoop_NoFIFO
9.840073,-1,20,9974.652000,73.461000,478.982815,480.766113,460.000000,819,-18.982815,OpenLoop,NoFIFO,false,OpenLoop_NoFIFO
9.850079,-1,20,10005.152000,78.613000,477.290997,480.244846,460.000000,819,-17.290997,OpenLoop,NoFIFO,false,OpenLoop_NoFIFO
9.860075,-1,20,9996.782000,75.395000,474.169075,479.333480,460.000000,819,-14.169075,OpenLoop,NoFIFO,false,OpenLoop_NoFIFO
9.870071,-1,20,9996.059000,71.454000,471.729343,478.192859,460.000000,819,-11.729343,OpenLoop,NoFIFO,false,OpenLoop_NoFIFO
9.880074,-1,20,10002.485000,73.939000,475.888325,477.847179,460.000000,819,-15.888325,OpenLoop,NoFIFO,false,OpenLoop_NoFIFO
9.890073,-1,20,9998.745000,72.684000,474.746802,477.382123,460.000000,819,-14.746802,OpenLoop,NoFIFO,false,OpenLoop_NoFIFO
9.900073,-1,20,10000.133000,72.817000,478.781615,477.592046,460.000000,819,-18.781615,OpenLoop,NoFIFO,false,OpenLoop_NoFIFO
9.910071,-1,20,9998.541000,71.358000,483.927733,478.542400,460.000000,819,-23.927733,OpenLoop,NoFIFO,false,OpenLoop_NoFIFO
9.920077,-1,20,10005.707000,77.065000,481.679286,479.012933,460.000000,819,-21.679286,OpenLoop,NoFIFO,false,OpenLoop_NoFIFO
9.930098,-1,20,10021.096000,98.161000,485.980207,480.058024,460.000000,819,-25.980207,OpenLoop,NoFIFO,false,OpenLoop_NoFIFO
9.940074,-1,20,9975.597000,73.758000,485.499741,480.874281,460.000000,819,-25.499741,OpenLoop,NoFIFO,false,OpenLoop_NoFIFO
9.950070,-1,20,9995.819000,69.577000,481.828194,481.017368,460.000000,819,-21.828194,OpenLoop,NoFIFO,false,OpenLoop_NoFIFO
9.960075,-1,20,10005.522000,75.099000,482.501287,481.239956,460.000000,819,-22.501287,OpenLoop,NoFIFO,false,OpenLoop_NoFIFO
9.970071,-1,20,9995.930000,71.029000,476.694915,480.558200,460.000000,819,-16.694915,OpenLoop,NoFIFO,false,OpenLoop_NoFIFO
9.980074,-1,20,10002.874000,73.903000,473.736702,479.534975,460.000000,819,-13.736702,OpenLoop,NoFIFO,false,OpenLoop_NoFIFO
9.990070,-1,20,9995.892000,69.795000,475.230415,478.889291,460.000000,819,-15.230415,OpenLoop,NoFIFO,false,OpenLoop_NoFIFO
10.000074,-1,20,10003.856000,73.651000,471.979332,477.852797,460.000000,819,-11.979332,OpenLoop,NoFIFO,false,OpenLoop_NoFIFO
10.010069,-1,20,9995.781000,69.432000,473.257212,477.163459,460.000000,819,-13.257212,OpenLoop,NoFIFO,false,OpenLoop_NoFIFO
10.020073,-1,20,10003.097000,72.529000,479.604200,477.529571,460.000000,819,-19.604200,OpenLoop,NoFIFO,false,OpenLoop_NoFIFO
10.030074,-1,20,10001.652000,74.181000,478.094576,477.614321,460.000000,819,-18.094576,OpenLoop,NoFIFO,false,OpenLoop_NoFIFO
10.040084,-1,20,10009.670000,83.851000,482.749743,478.384635,460.000000,819,-22.749743,OpenLoop,NoFIFO,false,OpenLoop_NoFIFO
10.050066,-1,20,9981.874000,65.725000,485.751295,479.489634,460.000000,819,-25.751295,OpenLoop,NoFIFO,false,OpenLoop_NoFIFO
10.060078,-1,20,10012.393000,78.118000,483.484774,480.088905,460.000000,819,-23.484774,OpenLoop,NoFIFO,false,OpenLoop_NoFIFO
10.070073,-1,20,9995.004000,73.122000,486.003110,480.976036,460.000000,819,-26.003110,OpenLoop,NoFIFO,false,OpenLoop_NoFIFO
10.080079,-1,20,10005.670000,78.792000,483.473980,481.350727,460.000000,819,-23.473980,OpenLoop,NoFIFO,false,OpenLoop_NoFIFO
10.090075,-1,20,9996.189000,74.981000,478.573348,480.934120,460.000000,819,-18.573348,OpenLoop,NoFIFO,false,OpenLoop_NoFIFO
10.100074,-1,20,9998.633000,73.614000,478.548858,480.576331,460.000000,819,-18.548858,OpenLoop,NoFIFO,false,OpenLoop_NoFIFO
10.110072,-1,20,9998.486000,72.100000,474.683544,479.692413,460.000000,819,-14.683544,OpenLoop,NoFIFO,false,OpenLoop_NoFIFO
10.120072,-1,20,10000.263000,72.363000,472.348848,478.590878,460.000000,819,-12.348848,OpenLoop,NoFIFO,false,OpenLoop_NoFIFO
10.130073,-1,20,10000.411000,72.774000,476.524880,478.280978,460.000000,819,-16.524880,OpenLoop,NoFIFO,false,OpenLoop_NoFIFO
10.140072,-1,20,9999.522000,72.296000,472.802594,477.459221,460.000000,819,-12.802594,OpenLoop,NoFIFO,false,OpenLoop_NoFIFO
10.150073,-1,20,10000.207000,72.503000,477.828746,477.514650,460.000000,819,-17.828746,OpenLoop,NoFIFO,false,OpenLoop_NoFIFO
10.160072,-1,20,9999.967000,72.470000,481.356968,478.090997,460.000000,819,-21.356968,OpenLoop,NoFIFO,false,OpenLoop_NoFIFO
10.170073,-1,20,10000.634000,73.104000,482.005141,478.678119,460.000000,819,-22.005141,OpenLoop,NoFIFO,false,OpenLoop_NoFIFO
10.180072,-1,20,9999.114000,72.218000,484.837800,479.602071,460.000000,819,-24.837800,OpenLoop,NoFIFO,false,OpenLoop_NoFIFO
10.190072,-1,20,9999.356000,71.574000,482.985358,480.109564,460.000000,819,-22.985358,OpenLoop,NoFIFO,false,OpenLoop_NoFIFO
10.200073,-1,20,10001.819000,73.393000,482.343312,480.444626,460.000000,819,-22.343312,OpenLoop,NoFIFO,false,OpenLoop_NoFIFO
10.210072,-1,20,9998.151000,71.544000,482.200866,480.708062,460.000000,819,-22.200866,OpenLoop,NoFIFO,false,OpenLoop_NoFIFO
10.220072,-1,20,10000.578000,72.122000,477.157053,480.175411,460.000000,819,-17.157053,OpenLoop,NoFIFO,false,OpenLoop_NoFIFO
10.230071,-1,20,9999.337000,71.459000,473.920037,479.237105,460.000000,819,-13.920037,OpenLoop,NoFIFO,false,OpenLoop_NoFIFO
10.240073,-1,20,10001.893000,73.352000,475.000000,478.601539,460.000000,819,-15.000000,OpenLoop,NoFIFO,false,OpenLoop_NoFIFO
10.250080,-1,20,10006.448000,79.800000,470.992823,477.460232,460.000000,819,-10.992823,OpenLoop,NoFIFO,false,OpenLoop_NoFIFO
10.260082,-1,20,10001.837000,81.637000,473.233262,476.826186,460.000000,819,-13.233262,OpenLoop,NoFIFO,false,OpenLoop_NoFIFO
10.270078,-1,20,9995.948000,77.585000,478.538283,477.083001,460.000000,819,-18.538283,OpenLoop,NoFIFO,false,OpenLoop_NoFIFO
10.280072,-1,20,9994.171000,71.756000,476.524880,476.999283,460.000000,819,-16.524880,OpenLoop,NoFIFO,false,OpenLoop_NoFIFO
10.290073,-1,20,10000.985000,72.741000,482.536765,477.829905,460.000000,819,-22.536765,OpenLoop,NoFIFO,false,OpenLoop_NoFIFO
10.300072,-1,20,9998.782000,71.523000,484.496124,478.829838,460.000000,819,-24.496124,OpenLoop,NoFIFO,false,OpenLoop_NoFIFO
10.310073,-1,20,10001.022000,72.545000,483.247423,479.492476,460.000000,819,-23.247423,OpenLoop,NoFIFO,false,OpenLoop_NoFIFO
10.320071,-1,20,9998.874000,71.419000,484.562024,480.252908,460.000000,819,-24.562024,OpenLoop,NoFIFO,false,OpenLoop_NoFIFO
10.330072,-1,20,10000.615000,72.034000,482.794944,480.634213,460.000000,819,-22.794944,OpenLoop,NoFIFO,false,OpenLoop_NoFIFO
10.340079,-1,20,10007.152000,79.186000,477.803112,480.209548,460.000000,819,-17.803112,OpenLoop,NoFIFO,false,OpenLoop_NoFIFO
10.350076,-1,20,9997.226000,76.412000,476.768377,479.693372,460.000000,819,-16.768377,OpenLoop,NoFIFO,false,OpenLoop_NoFIFO
10.360072,-1,20,9995.837000,72.249000,473.484848,478.762094,460.000000,819,-13.484848,OpenLoop,NoFIFO,false,OpenLoop_NoFIFO
10.370073,-1,20,10001.078000,73.327000,471.218286,477.630523,460.000000,819,-11.218286,OpenLoop,NoFIFO,false,OpenLoop_NoFIFO
10.380072,-1,20,9998.392000,71.719000,476.015500,477.388269,460.000000,819,-16.015500,OpenLoop,NoFIFO,false,OpenLoop_NoFIFO
10.390074,-1,20,10002.189000,73.908000,471.443966,476.496624,460.000000,819,-11.443966,OpenLoop,NoFIFO,false,OpenLoop_NoFIFO
10.400076,-1,20,10002.134000,76.042000,478.072412,476.732992,460.000000,819,-18.072412,OpenLoop,NoFIFO,false,OpenLoop_NoFIFO
10.410072,-1,20,9996.077000,72.119000,480.182927,477.250482,460.000000,819,-20.182927,OpenLoop,NoFIFO,false,OpenLoop_NoFIFO
10.420072,-1,20,10000.208000,72.327000,480.899028,477.797764,460.000000,819,-20.899028,OpenLoop,NoFIFO,false,OpenLoop_NoFIFO
10.430072,-1,20,9999.430000,71.757000,484.837800,478.853769,460.000000,819,-24.837800,OpenLoop,NoFIFO,false,OpenLoop_NoFIFO
10.440072,-1,20,10000.614000,72.371000,482.749743,479.438165,460.000000,819,-22.749743,OpenLoop,NoFIFO,false,OpenLoop_NoFIFO
10.450079,-1,20,10006.986000,79.357000,481.121701,479.690696,460.000000,819,-21.121701,OpenLoop,NoFIFO,false,OpenLoop_NoFIFO
10.460079,-1,20,9999.466000,78.823000,482.501287,480.112284,460.000000,819,-22.501287,OpenLoop,NoFIFO,false,OpenLoop_NoFIFO
10.470086,-1,20,10007.004000,85.827000,477.620087,479.738455,460.000000,819,-17.620087,OpenLoop,NoFIFO,false,OpenLoop_NoFIFO
10.480088,-1,20,10001.930000,87.757000,472.054381,478.585844,460.000000,819,-12.054381,OpenLoop,NoFIFO,false,OpenLoop_NoFIFO
10.490077,-1,20,9989.337000,77.094000,475.543478,478.129489,460.000000,819,-15.543478,OpenLoop,NoFIFO,false,OpenLoop_NoFIFO
10.500072,-1,20,9995.318000,72.412000,469.738924,476.870904,460.000000,819,-9.738924,OpenLoop,NoFIFO,false,OpenLoop_NoFIFO
10.510073,-1,20,10000.263000,72.675000,473.940780,476.431386,460.000000,819,-13.940780,OpenLoop,NoFIFO,false,OpenLoop_NoFIFO
10.520072,-1,20,9999.763000,72.438000,477.342159,476.568002,460.000000,819,-17.342159,OpenLoop,NoFIFO,false,OpenLoop_NoFIFO
10.530073,-1,20,10000.226000,72.664000,477.851942,476.760593,460.000000,819,-17.851942,OpenLoop,NoFIFO,false,OpenLoop_NoFIFO
10.540073,-1,20,10000.263000,72.927000,482.985358,477.694307,460.000000,819,-22.985358,OpenLoop,NoFIFO,false,OpenLoop_NoFIFO
10.550072,-1,20,9998.615000,71.542000,483.927733,478.629321,460.000000,819,-23.927733,OpenLoop,NoFIFO,false,OpenLoop_NoFIFO
10.560072,-1,20,10000.393000,71.935000,483.496648,479.359420,460.000000,819,-23.496648,OpenLoop,NoFIFO,false,OpenLoop_NoFIFO
10.570073,-1,20,10000.800000,72.735000,484.837800,480.181177,460.000000,819,-24.837800,OpenLoop,NoFIFO,false,OpenLoop_NoFIFO
10.580071,-1,20,9998.504000,71.239000,483.509772,480.680466,460.000000,819,-23.509772,OpenLoop,NoFIFO,false,OpenLoop_NoFIFO
10.590073,-1,20,10001.318000,72.557000,478.760446,480.392463,460.000000,819,-18.760446,OpenLoop,NoFIFO,false,OpenLoop_NoFIFO
10.600072,-1,20,9999.578000,72.135000,479.088219,480.196827,460.000000,819,-19.088219,OpenLoop,NoFIFO,false,OpenLoop_NoFIFO
10.610073,-1,20,10000.411000,72.546000,473.484848,479.190030,460.000000,819,-13.484848,OpenLoop,NoFIFO,false,OpenLoop_NoFIFO
10.620073,-1,20,10000.893000,73.439000,473.736702,478.372031,460.000000,819,-13.736702,OpenLoop,NoFIFO,false,OpenLoop_NoFIFO
10.630073,-1,20,9999.411000,72.850000,474.169075,477.741587,460.000000,819,-14.169075,OpenLoop,NoFIFO,false,OpenLoop_NoFIFO
10.640074,-1,20,10000.707000,73.557000,471.479619,476.802292,460.000000,819,-11.479619,OpenLoop,NoFIFO,false,OpenLoop_NoFIFO
10.650072,-1,20,9998.541000,72.098000,477.651691,476.929702,460.000000,819,-17.651691,OpenLoop,NoFIFO,false,OpenLoop_NoFIFO
10.660073,-1,20,10001.319000,73.417000,479.862608,477.369638,460.000000,819,-19.862608,OpenLoop,NoFIFO,false,OpenLoop_NoFIFO
10.670074,-1,20,10000.115000,73.532000,482.117812,478.081864,460.000000,819,-22.117812,OpenLoop,NoFIFO,false,OpenLoop_NoFIFO
10.680074,-1,20,10000.707000,74.239000,485.248447,479.156851,460.000000,819,-25.248447,OpenLoop,NoFIFO,false,OpenLoop_NoFIFO
10.690071,-1,20,9997.022000,71.261000,483.021077,479.736485,460.000000,819,-23.021077,OpenLoop,NoFIFO,false,OpenLoop_NoFIFO
10.700071,-1,20,9999.912000,71.173000,482.723577,480.184549,460.000000,819,-22.723577,OpenLoop,NoFIFO,false,OpenLoop_NoFIFO
10.710070,-1,20,9998.836000,70.009000,483.700750,480.711979,460.000000,819,-23.700750,OpenLoop,NoFIFO,false,OpenLoop_NoFIFO
10.720074,-1,20,10004.430000,74.439000,477.035351,480.160485,460.000000,819,-17.035351,OpenLoop,NoFIFO,false,OpenLoop_NoFIFO
10.730070,-1,20,9995.225000,69.664000,474.397590,479.296051,460.000000,819,-14.397590,OpenLoop,NoFIFO,false,OpenLoop_NoFIFO
10.740085,-1,20,10014.966000,84.630000,475.646880,478.748675,460.000000,819,-15.646880,OpenLoop,NoFIFO,false,OpenLoop_NoFIFO
10.750088,-1,20,10003.096000,87.726000,471.230159,477.620898,460.000000,819,-11.230159,OpenLoop,NoFIFO,false,OpenLoop_NoFIFO
10.760076,-1,20,9988.670000,76.396000,475.668819,477.328086,460.000000,819,-15.668819,OpenLoop,NoFIFO,false,OpenLoop_NoFIFO
10.770082,-1,20,10005.559000,81.955000,476.524880,477.207605,460.000000,819,-16.524880,OpenLoop,NoFIFO,false,OpenLoop_NoFIFO
10.780078,-1,20,9995.670000,77.625000,478.781615,477.443706,460.000000,819,-18.781615,OpenLoop,NoFIFO,false,OpenLoop_NoFIFO
10.790073,-1,20,9995.041000,72.666000,483.247423,478.314264,460.000000,819,-23.247423,OpenLoop,NoFIFO,false,OpenLoop_NoFIFO
10.800073,-1,20,10000.614000,73.280000,484.154930,479.190364,460.000000,819,-24.154930,OpenLoop,NoFIFO,false,OpenLoop_NoFIFO
10.810073,-1,20,9999.781000,73.061000,482.985358,479.759613,460.000000,819,-22.985358,OpenLoop,NoFIFO,false,OpenLoop_NoFIFO
10.820072,-1,20,9999.263000,72.324000,485.294118,480.589789,460.000000,819,-25.294118,OpenLoop,NoFIFO,false,OpenLoop_NoFIFO
10.830072,-1,20,9999.577000,71.901000,481.679286,480.753213,460.000000,819,-21.679286,OpenLoop,NoFIFO,false,OpenLoop_NoFIFO
10.840072,-1,20,10000.392000,72.293000,478.538283,480.420974,460.000000,819,-18.538283,OpenLoop,NoFIFO,false,OpenLoop_NoFIFO
10.850072,-1,20,9999.837000,72.130000,478.059581,480.066765,460.000000,819,-18.059581,OpenLoop,NoFIFO,false,OpenLoop_NoFIFO
10.860081,-1,20,10008.799000,80.929000,473.257212,479.045332,460.000000,819,-13.257212,OpenLoop,NoFIFO,false,OpenLoop_NoFIFO
10.870076,-1,20,9994.689000,75.618000,474.203338,478.319033,460.000000,819,-14.203338,OpenLoop,NoFIFO,false,OpenLoop_NoFIFO
10.880073,-1,20,9997.800000,73.418000,474.169075,477.696539,460.000000,819,-14.169075,OpenLoop,NoFIFO,false,OpenLoop_NoFIFO
10.890071,-1,20,9997.855000,71.273000,473.484848,477.064786,460.000000,819,-13.484848,OpenLoop,NoFIFO,false,OpenLoop_NoFIFO
10.900072,-1,20,10000.985000,72.258000,479.874360,477.486222,460.000000,819,-19.874360,OpenLoop,NoFIFO,false,OpenLoop_NoFIFO
10.910073,-1,20,10000.744000,73.002000,480.121294,477.881483,460.000000,819,-20.121294,OpenLoop,NoFIFO,false,OpenLoop_NoFIFO
10.920079,-1,20,10005.855000,78.857000,483.247423,478.686374,460.000000,819,-23.247423,OpenLoop,NoFIFO,false,OpenLoop_NoFIFO
10.930074,-1,20,9995.188000,74.045000,486.668240,479.883654,460.000000,819,-26.668240,OpenLoop,NoFIFO,false,OpenLoop_NoFIFO
10.940075,-1,20,10001.281000,75.326000,484.035326,480.506404,460.000000,819,-24.035326,OpenLoop,NoFIFO,false,OpenLoop_NoFIFO
10.950072,-1,20,9996.559000,71.885000,483.700750,480.985556,460.000000,819,-23.700750,OpenLoop,NoFIFO,false,OpenLoop_NoFIFO
10.960073,-1,20,10000.652000,72.537000,484.562024,481.522026,460.000000,819,-24.562024,OpenLoop,NoFIFO,false,OpenLoop_NoFIFO
10.970072,-1,20,9999.448000,71.985000,476.988899,480.842057,460.000000,819,-16.988899,OpenLoop,NoFIFO,false,OpenLoop_NoFIFO
10.980072,-1,20,10000.244000,72.229000,475.761218,480.079931,460.000000,819,-15.761218,OpenLoop,NoFIFO,false,OpenLoop_NoFIFO
10.990072,-1,20,9999.762000,71.991000,475.543478,479.399463,460.000000,819,-15.543478,OpenLoop,NoFIFO,false,OpenLoop_NoFIFO
11.000072,-1,20,9999.541000,71.532000,471.230159,478.174068,460.000000,819,-11.230159,OpenLoop,NoFIFO,false,OpenLoop_NoFIFO
11.010072,-1,20,10000.781000,72.313000,475.230415,477.732520,460.000000,819,-15.230415,OpenLoop,NoFIFO,false,OpenLoop_NoFIFO
11.020072,-1,20,9999.873000,72.186000,476.270053,477.513150,460.000000,819,-16.270053,OpenLoop,NoFIFO,false,OpenLoop_NoFIFO
11.030072,-1,20,9999.467000,71.653000,478.084021,477.598781,460.000000,819,-18.084021,OpenLoop,NoFIFO,false,OpenLoop_NoFIFO
11.040072,-1,20,9999.929000,71.582000,482.998454,478.408732,460.000000,819,-22.998454,OpenLoop,NoFIFO,false,OpenLoop_NoFIFO
11.050092,-1,20,10020.207000,91.789000,484.154930,479.270661,460.000000,819,-24.154930,OpenLoop,NoFIFO,false,OpenLoop_NoFIFO
11.060077,-1,20,9985.614000,77.403000,482.462080,479.749374,460.000000,819,-22.462080,OpenLoop,NoFIFO,false,OpenLoop_NoFIFO
11.070075,-1,20,9997.281000,74.684000,485.294118,480.581086,460.000000,819,-25.294118,OpenLoop,NoFIFO,false,OpenLoop_NoFIFO
11.080076,-1,20,10000.967000,75.651000,480.380259,480.550962,460.000000,819,-20.380259,OpenLoop,NoFIFO,false,OpenLoop_NoFIFO
11.090074,-1,20,9997.984000,73.635000,479.205390,480.349126,460.000000,819,-19.205390,OpenLoop,NoFIFO,false,OpenLoop_NoFIFO
11.100076,-1,20,10002.856000,76.491000,480.121294,480.314951,460.000000,819,-20.121294,OpenLoop,NoFIFO,false,OpenLoop_NoFIFO
11.110074,-1,20,9997.596000,74.087000,471.895973,479.052104,460.000000,819,-11.895973,OpenLoop,NoFIFO,false,OpenLoop_NoFIFO
11.120075,-1,20,10001.077000,75.164000,473.988824,478.292612,460.000000,819,-13.988824,OpenLoop,NoFIFO,false,OpenLoop_NoFIFO
11.130074,-1,20,9999.318000,74.482000,472.833563,477.473755,460.000000,819,-12.833563,OpenLoop,NoFIFO,false,OpenLoop_NoFIFO
11.140075,-1,20,10000.670000,75.152000,472.480106,476.724708,460.000000,819,-12.480106,OpenLoop,NoFIFO,false,OpenLoop_NoFIFO
11.150074,-1,20,9998.948000,74.100000,478.316327,476.963450,460.000000,819,-18.316327,OpenLoop,NoFIFO,false,OpenLoop_NoFIFO
11.160076,-1,20,10001.855000,75.955000,478.560490,477.203006,460.000000,819,-18.560490,OpenLoop,NoFIFO,false,OpenLoop_NoFIFO
11.170074,-1,20,9998.114000,74.069000,481.828194,477.896784,460.000000,819,-21.828194,OpenLoop,NoFIFO,false,OpenLoop_NoFIFO
11.180077,-1,20,10003.022000,77.091000,486.255187,479.150545,460.000000,819,-26.255187,OpenLoop,NoFIFO,false,OpenLoop_NoFIFO
11.190074,-1,20,9997.041000,74.132000,482.569022,479.663316,460.000000,819,-22.569022,OpenLoop,NoFIFO,false,OpenLoop_NoFIFO
11.200076,-1,20,10001.947000,76.079000,482.200866,480.043949,460.000000,819,-22.200866,OpenLoop,NoFIFO,false,OpenLoop_NoFIFO
11.210074,-1,20,9998.281000,74.360000,484.154930,480.660596,460.000000,819,-24.154930,OpenLoop,NoFIFO,false,OpenLoop_NoFIFO
11.220077,-1,20,10002.393000,76.753000,476.015500,479.963832,460.000000,819,-16.015500,OpenLoop,NoFIFO,false,OpenLoop_NoFIFO
11.230074,-1,20,9997.725000,74.478000,475.543478,479.300779,460.000000,819,-15.543478,OpenLoop,NoFIFO,false,OpenLoop_NoFIFO
11.240080,-1,20,10005.892000,80.370000,474.443320,478.572160,460.000000,819,-14.443320,OpenLoop,NoFIFO,false,OpenLoop_NoFIFO
11.250074,-1,20,9993.615000,73.985000,471.443966,477.502931,460.000000,819,-11.443966,OpenLoop,NoFIFO,false,OpenLoop_NoFIFO
11.260074,-1,20,10000.485000,74.470000,475.507208,477.203572,460.000000,819,-15.507208,OpenLoop,NoFIFO,false,OpenLoop_NoFIFO
11.270074,-1,20,9999.984000,74.454000,474.397590,476.782675,460.000000,819,-14.397590,OpenLoop,NoFIFO,false,OpenLoop_NoFIFO
11.280076,-1,20,10001.985000,76.439000,477.099237,476.830159,460.000000,819,-17.099237,OpenLoop,NoFIFO,false,OpenLoop_NoFIFO
11.290074,-1,20,9997.689000,74.128000,482.773418,477.721648,460.000000,819,-22.773418,OpenLoop,NoFIFO,false,OpenLoop_NoFIFO
11.300084,-1,20,10010.262000,84.390000,483.496648,478.587898,460.000000,819,-23.496648,OpenLoop,NoFIFO,false,OpenLoop_NoFIFO
11.310075,-1,20,9990.244000,74.634000,482.569022,479.185067,460.000000,819,-22.569022,OpenLoop,NoFIFO,false,OpenLoop_NoFIFO
11.320076,-1,20,10001.152000,75.786000,486.414528,480.269486,460.000000,819,-26.414528,OpenLoop,NoFIFO,false,OpenLoop_NoFIFO
11.330075,-1,20,9999.633000,75.419000,480.321379,480.277270,460.000000,819,-20.321379,OpenLoop,NoFIFO,false,OpenLoop_NoFIFO
11.340084,-1,20,10008.725000,84.144000,481.418919,480.448517,460.000000,819,-21.418919,OpenLoop,NoFIFO,false,OpenLoop_NoFIFO
11.350092,-1,20,10007.448000,91.592000,477.342159,479.982563,460.000000,819,-17.342159,OpenLoop,NoFIFO,false,OpenLoop_NoFIFO
11.360076,-1,20,9984.726000,76.318000,472.833563,478.910213,460.000000,819,-12.833563,OpenLoop,NoFIFO,false,OpenLoop_NoFIFO
11.370071,-1,20,9994.392000,70.710000,474.493873,478.247762,460.000000,819,-14.493873,OpenLoop,NoFIFO,false,OpenLoop_NoFIFO
11.380070,-1,20,9999.411000,70.121000,472.122302,477.328943,460.000000,819,-12.122302,OpenLoop,NoFIFO,false,OpenLoop_NoFIFO
11.390077,-1,20,10006.947000,77.068000,473.233262,476.714591,460.000000,819,-13.233262,OpenLoop,NoFIFO,false,OpenLoop_NoFIFO
11.400073,-1,20,9995.559000,72.627000,478.781615,477.024645,460.000000,819,-18.781615,OpenLoop,NoFIFO,false,OpenLoop_NoFIFO
11.410071,-1,20,9998.041000,70.668000,478.560490,477.255021,460.000000,819,-18.560490,OpenLoop,NoFIFO,false,OpenLoop_NoFIFO
11.420071,-1,20,10000.299000,70.967000,481.592466,477.905638,460.000000,819,-21.592466,OpenLoop,NoFIFO,false,OpenLoop_NoFIFO
11.430071,-1,20,10000.207000,71.174000,487.012987,479.271740,460.000000,819,-27.012987,OpenLoop,NoFIFO,false,OpenLoop_NoFIFO
11.440070,-1,20,9999.041000,70.215000,482.569022,479.766333,460.000000,819,-22.569022,OpenLoop,NoFIFO,false,OpenLoop_NoFIFO
11.450088,-1,20,10017.373000,87.588000,483.509772,480.327849,460.000000,819,-23.509772,OpenLoop,NoFIFO,false,OpenLoop_NoFIFO
11.460071,-1,20,9983.837000,71.425000,483.700750,480.833784,460.000000,819,-23.700750,OpenLoop,NoFIFO,false,OpenLoop_NoFIFO
11.470084,-1,20,10012.633000,84.058000,476.779979,480.225713,460.000000,819,-16.779979,OpenLoop,NoFIFO,false,OpenLoop_NoFIFO
11.480096,-1,20,10011.466000,95.524000,476.768377,479.707113,460.000000,819,-16.768377,OpenLoop,NoFIFO,false,OpenLoop_NoFIFO
11.490081,-1,20,9985.059000,80.583000,473.736702,478.811551,460.000000,819,-13.736702,OpenLoop,NoFIFO,false,OpenLoop_NoFIFO
11.500077,-1,20,9996.911000,77.494000,472.400366,477.849873,460.000000,819,-12.400366,OpenLoop,NoFIFO,false,OpenLoop_NoFIFO
11.510073,-1,20,9995.929000,73.423000,474.241214,477.308575,460.000000,819,-14.241214,OpenLoop,NoFIFO,false,OpenLoop_NoFIFO
11.520076,-1,20,10002.355000,75.778000,473.484848,476.735016,460.000000,819,-13.484848,OpenLoop,NoFIFO,false,OpenLoop_NoFIFO
11.530074,-1,20,9998.170000,73.948000,476.779979,476.741760,460.000000,819,-16.779979,OpenLoop,NoFIFO,false,OpenLoop_NoFIFO
11.540072,-1,20,9998.392000,72.340000,482.569022,477.615849,460.000000,819,-22.569022,OpenLoop,NoFIFO,false,OpenLoop_NoFIFO
11.550073,-1,20,10000.226000,72.566000,481.679286,478.225365,460.000000,819,-21.679286,OpenLoop,NoFIFO,false,OpenLoop_NoFIFO
11.560074,-1,20,10000.985000,73.551000,483.700750,479.046673,460.000000,819,-23.700750,OpenLoop,NoFIFO,false,OpenLoop_NoFIFO
11.570073,-1,20,9999.521000,73.072000,486.255187,480.127950,460.000000,819,-26.255187,OpenLoop,NoFIFO,false,OpenLoop_NoFIFO
11.580072,-1,20,9999.004000,72.076000,481.121701,480.277012,460.000000,819,-21.121701,OpenLoop,NoFIFO,false,OpenLoop_NoFIFO
11.590073,-1,20,10000.577000,72.653000,482.253086,480.573424,460.000000,819,-22.253086,OpenLoop,NoFIFO,false,OpenLoop_NoFIFO
11.600072,-1,20,9999.522000,72.175000,477.620087,480.130423,460.000000,819,-17.620087,OpenLoop,NoFIFO,false,OpenLoop_NoFIFO
11.610076,-1,20,10004.189000,76.364000,473.988824,479.209183,460.000000,819,-13.988824,OpenLoop,NoFIFO,false,OpenLoop_NoFIFO
11.620074,-1,20,9998.095000,74.459000,474.855282,478.556098,460.000000,819,-14.855282,OpenLoop,NoFIFO,false,OpenLoop_NoFIFO
11.630072,-1,20,9997.578000,72.037000,472.480106,477.644699,460.000000,819,-12.480106,OpenLoop,NoFIFO,false,OpenLoop_NoFIFO
11.640073,-1,20,10000.911000,72.948000,473.267554,476.988127,460.000000,819,-13.267554,OpenLoop,NoFIFO,false,OpenLoop_NoFIFO
11.650071,-1,20,9998.392000,71.340000,479.088219,477.303141,460.000000,819,-19.088219,OpenLoop,NoFIFO,false,OpenLoop_NoFIFO
11.660075,-1,20,10003.373000,74.713000,478.538283,477.488413,460.000000,819,-18.538283,OpenLoop,NoFIFO,false,OpenLoop_NoFIFO
11.670072,-1,20,9997.319000,72.032000,481.158833,478.038976,460.000000,819,-21.158833,OpenLoop,NoFIFO,false,OpenLoop_NoFIFO
11.680072,-1,20,10000.355000,72.387000,486.668240,479.333365,460.000000,819,-26.668240,OpenLoop,NoFIFO,false,OpenLoop_NoFIFO
11.690072,-1,20,10000.022000,72.409000,481.757451,479.696978,460.000000,819,-21.757451,OpenLoop,NoFIFO,false,OpenLoop_NoFIFO
11.700073,-1,20,10000.244000,72.653000,483.722359,480.300785,460.000000,819,-23.722359,OpenLoop,NoFIFO,false,OpenLoop_NoFIFO
11.710073,-1,20,10000.003000,72.656000,482.005141,480.556439,460.000000,819,-22.005141,OpenLoop,NoFIFO,false,OpenLoop_NoFIFO
11.720072,-1,20,9999.725000,72.381000,477.388458,480.081242,460.000000,819,-17.388458,OpenLoop,NoFIFO,false,OpenLoop_NoFIFO
11.730072,-1,20,9999.188000,71.569000,476.779979,479.586052,460.000000,819,-16.779979,OpenLoop,NoFIFO,false,OpenLoop_NoFIFO
11.740072,-1,20,10000.447000,72.016000,474.137931,478.768834,460.000000,819,-14.137931,OpenLoop,NoFIFO,false,OpenLoop_NoFIFO
11.750081,-1,20,10008.485000,80.501000,471.479619,477.675452,460.000000,819,-11.479619,OpenLoop,NoFIFO,false,OpenLoop_NoFIFO
11.760076,-1,20,9995.040000,75.541000,475.084459,477.286803,460.000000,819,-15.084459,OpenLoop,NoFIFO,false,OpenLoop_NoFIFO
11.770071,-1,20,9995.669000,71.210000,474.241214,476.829965,460.000000,819,-14.241214,OpenLoop,NoFIFO,false,OpenLoop_NoFIFO
11.780072,-1,20,10000.818000,72.028000,476.988899,476.853805,460.000000,819,-16.988899,OpenLoop,NoFIFO,false,OpenLoop_NoFIFO
11.790072,-1,20,10000.206000,72.234000,484.035326,477.931033,460.000000,819,-24.035326,OpenLoop,NoFIFO,false,OpenLoop_NoFIFO
11.800072,-1,20,9999.929000,72.163000,482.794944,478.660620,460.000000,819,-22.794944,OpenLoop,NoFIFO,false,OpenLoop_NoFIFO
11.810071,-1,20,9998.448000,70.611000,483.995870,479.460907,460.000000,819,-23.995870,OpenLoop,NoFIFO,false,OpenLoop_NoFIFO
11.820072,-1,20,10001.039000,71.650000,484.675037,480.243027,460.000000,819,-24.675037,OpenLoop,NoFIFO,false,OpenLoop_NoFIFO
11.830071,-1,20,9999.485000,71.135000,481.757451,480.470190,460.000000,819,-21.757451,OpenLoop,NoFIFO,false,OpenLoop_NoFIFO
11.840072,-1,20,10000.929000,72.064000,482.064153,480.709285,460.000000,819,-22.064153,OpenLoop,NoFIFO,false,OpenLoop_NoFIFO
11.850071,-1,20,9998.836000,70.900000,476.015500,480.005217,460.000000,819,-16.015500,OpenLoop,NoFIFO,false,OpenLoop_NoFIFO
11.860071,-1,20,9999.725000,70.625000,473.920037,479.092440,460.000000,819,-13.920037,OpenLoop,NoFIFO,false,OpenLoop_NoFIFO
11.870071,-1,20,10000.410000,71.035000,475.000000,478.478574,460.000000,819,-15.000000,OpenLoop,NoFIFO,false,OpenLoop_NoFIFO
11.880070,-1,20,9998.911000,69.946000,472.348848,477.559115,460.000000,819,-12.348848,OpenLoop,NoFIFO,false,OpenLoop_NoFIFO
11.890071,-1,20,10001.002000,70.948000,472.480106,476.797264,460.000000,819,-12.480106,OpenLoop,NoFIFO,false,OpenLoop_NoFIFO
11.900070,-1,20,9998.966000,69.914000,478.760446,477.091741,460.000000,819,-18.760446,OpenLoop,NoFIFO,false,OpenLoop_NoFIFO
11.910071,-1,20,10000.929000,70.843000,477.035351,477.083282,460.000000,819,-17.035351,OpenLoop,NoFIFO,false,OpenLoop_NoFIFO
11.920070,-1,20,9999.188000,70.031000,482.343312,477.872287,460.000000,819,-22.343312,OpenLoop,NoFIFO,false,OpenLoop_NoFIFO
11.930071,-1,20,10000.911000,70.942000,485.618866,479.034274,460.000000,819,-25.618866,OpenLoop,NoFIFO,false,OpenLoop_NoFIFO
11.940071,-1,20,10000.447000,71.389000,481.892523,479.463011,460.000000,819,-21.892523,OpenLoop,NoFIFO,false,OpenLoop_NoFIFO
11.950071,-1,20,9999.355000,70.744000,485.248447,480.330827,460.000000,819,-25.248447,OpenLoop,NoFIFO,false,OpenLoop_NoFIFO
11.960070,-1,20,9998.928000,69.672000,481.828194,480.555432,460.000000,819,-21.828194,OpenLoop,NoFIFO,false,OpenLoop_NoFIFO
11.970071,-1,20,10001.077000,70.749000,478.560490,480.256190,460.000000,819,-18.560490,OpenLoop,NoFIFO,false,OpenLoop_NoFIFO
11.980070,-1,20,9999.392000,70.141000,477.620087,479.860775,460.000000,819,-17.620087,OpenLoop,NoFIFO,false,OpenLoop_NoFIFO
11.990071,-1,20,10000.651000,70.792000,473.484848,478.904386,460.000000,819,-13.484848,OpenLoop,NoFIFO,false,OpenLoop_NoFIFO
12.000071,-1,20,10000.651000,71.443000,471.669861,477.819207,460.000000,819,-11.669861,OpenLoop,NoFIFO,false,OpenLoop_NoFIFO
12.010075,-1,20,10003.948000,75.391000,475.164724,477.421035,460.000000,819,-15.164724,OpenLoop,NoFIFO,false,OpenLoop_NoFIFO
12.020089,-1,20,10013.262000,88.653000,473.484848,476.830607,460.000000,819,-13.484848,OpenLoop,NoFIFO,false,OpenLoop_NoFIFO
12.030078,-1,20,9989.336000,77.989000,477.209625,476.887460,460.000000,819,-17.209625,OpenLoop,NoFIFO,false,OpenLoop_NoFIFO
12.040074,-1,20,9995.558000,73.547000,482.200866,477.684471,460.000000,819,-22.200866,OpenLoop,NoFIFO,false,OpenLoop_NoFIFO
12.050073,-1,20,9999.781000,73.328000,481.217919,478.214488,460.000000,819,-21.217919,OpenLoop,NoFIFO,false,OpenLoop_NoFIFO
12.060077,-1,20,10003.595000,76.923000,485.751295,479.345009,460.000000,819,-25.751295,OpenLoop,NoFIFO,false,OpenLoop_NoFIFO
12.070073,-1,20,9995.781000,72.704000,483.484774,479.965974,460.000000,819,-23.484774,OpenLoop,NoFIFO,false,OpenLoop_NoFIFO
12.080073,-1,20,10000.522000,73.226000,482.501287,480.346271,460.000000,819,-22.501287,OpenLoop,NoFIFO,false,OpenLoop_NoFIFO
12.090073,-1,20,9999.521000,72.747000,481.828194,480.568559,460.000000,819,-21.828194,OpenLoop,NoFIFO,false,OpenLoop_NoFIFO
12.100072,-1,20,9999.633000,72.380000,477.651691,480.131029,460.000000,819,-17.651691,OpenLoop,NoFIFO,false,OpenLoop_NoFIFO
12.110073,-1,20,10000.206000,72.586000,473.988824,479.209698,460.000000,819,-13.988824,OpenLoop,NoFIFO,false,OpenLoop_NoFIFO
12.120073,-1,20,10000.318000,72.904000,474.855282,478.556536,460.000000,819,-14.855282,OpenLoop,NoFIFO,false,OpenLoop_NoFIFO
12.130072,-1,20,9999.336000,72.240000,472.480106,477.645071,460.000000,819,-12.480106,OpenLoop,NoFIFO,false,OpenLoop_NoFIFO
12.140073,-1,20,10000.484000,72.724000,472.122302,476.816656,460.000000,819,-12.122302,OpenLoop,NoFIFO,false,OpenLoop_NoFIFO
12.150073,-1,20,9999.892000,72.616000,478.072412,477.005019,460.000000,819,-18.072412,OpenLoop,NoFIFO,false,OpenLoop_NoFIFO
12.160072,-1,20,9999.503000,72.119000,476.464182,476.923894,460.000000,819,-16.464182,OpenLoop,NoFIFO,false,OpenLoop_NoFIFO
12.170072,-1,20,10000.170000,72.289000,482.998454,477.835078,460.000000,819,-22.998454,OpenLoop,NoFIFO,false,OpenLoop_NoFIFO
12.180072,-1,20,9999.280000,71.569000,483.960177,478.753843,460.000000,819,-23.960177,OpenLoop,NoFIFO,false,OpenLoop_NoFIFO
12.190072,-1,20,10000.448000,72.017000,481.510015,479.167269,460.000000,819,-21.510015,OpenLoop,NoFIFO,false,OpenLoop_NoFIFO
12.200072,-1,20,9999.928000,71.945000,483.722359,479.850532,460.000000,819,-23.722359,OpenLoop,NoFIFO,false,OpenLoop_NoFIFO
12.210072,-1,20,9999.818000,71.763000,482.253086,480.210915,460.000000,819,-22.253086,OpenLoop,NoFIFO,false,OpenLoop_NoFIFO
12.220072,-1,20,10000.077000,71.840000,477.620087,479.822291,460.000000,819,-17.620087,OpenLoop,NoFIFO,false,OpenLoop_NoFIFO
12.230071,-1,20,9999.059000,70.899000,477.585329,479.486747,460.000000,819,-17.585329,OpenLoop,NoFIFO,false,OpenLoop_NoFIFO
12.240077,-1,20,10006.002000,76.901000,474.169075,478.689096,460.000000,819,-14.169075,OpenLoop,NoFIFO,false,OpenLoop_NoFIFO
12.250072,-1,20,9995.003000,71.904000,471.479619,477.607674,460.000000,819,-11.479619,OpenLoop,NoFIFO,false,OpenLoop_NoFIFO
12.260072,-1,20,10000.225000,72.129000,475.313858,477.263602,460.000000,819,-15.313858,OpenLoop,NoFIFO,false,OpenLoop_NoFIFO
12.270071,-1,20,9998.818000,70.947000,472.730892,476.583695,460.000000,819,-12.730892,OpenLoop,NoFIFO,false,OpenLoop_NoFIFO
12.280071,-1,20,10000.429000,71.376000,478.982815,476.943563,460.000000,819,-18.982815,OpenLoop,NoFIFO,false,OpenLoop_NoFIFO
12.290071,-1,20,9999.762000,71.138000,481.158833,477.575854,460.000000,819,-21.158833,OpenLoop,NoFIFO,false,OpenLoop_NoFIFO
12.300071,-1,20,10000.207000,71.345000,482.569022,478.324829,460.000000,819,-22.569022,OpenLoop,NoFIFO,false,OpenLoop_NoFIFO
12.310071,-1,20,9999.762000,71.107000,485.618866,479.418935,460.000000,819,-25.618866,OpenLoop,NoFIFO,false,OpenLoop_NoFIFO
12.320072,-1,20,10001.095000,72.202000,483.700750,480.061207,460.000000,819,-23.700750,OpenLoop,NoFIFO,false,OpenLoop_NoFIFO
12.330071,-1,20,9998.725000,70.927000,482.253086,480.389989,460.000000,819,-22.253086,OpenLoop,NoFIFO,false,OpenLoop_NoFIFO
12.340074,-1,20,10002.929000,73.856000,482.064153,480.641113,460.000000,819,-22.064153,OpenLoop,NoFIFO,false,OpenLoop_NoFIFO
12.350071,-1,20,9996.651000,70.507000,477.828746,480.219258,460.000000,819,-17.828746,OpenLoop,NoFIFO,false,OpenLoop_NoFIFO
12.360070,-1,20,9999.448000,69.955000,473.484848,479.209097,460.000000,819,-13.484848,OpenLoop,NoFIFO,false,OpenLoop_NoFIFO
12.370070,-1,20,9999.910000,69.865000,477.290997,478.921382,460.000000,819,-17.290997,OpenLoop,NoFIFO,false,OpenLoop_NoFIFO
12.380070,-1,20,10000.114000,69.979000,471.320841,477.781301,460.000000,819,-11.320841,OpenLoop,NoFIFO,false,OpenLoop_NoFIFO
12.390070,-1,20,9999.707000,69.686000,473.988824,477.212429,460.000000,819,-13.988824,OpenLoop,NoFIFO,false,OpenLoop_NoFIFO
12.400070,-1,20,10000.188000,69.874000,476.233672,477.065616,460.000000,819,-16.233672,OpenLoop,NoFIFO,false,OpenLoop_NoFIFO
12.410071,-1,20,10001.151000,71.025000,476.524880,476.984505,460.000000,819,-16.524880,OpenLoop,NoFIFO,false,OpenLoop_NoFIFO
12.420071,-1,20,9999.577000,70.602000,482.569022,477.822183,460.000000,819,-22.569022,OpenLoop,NoFIFO,false,OpenLoop_NoFIFO
12.430071,-1,20,10000.336000,70.938000,483.247423,478.635969,460.000000,819,-23.247423,OpenLoop,NoFIFO,false,OpenLoop_NoFIFO
12.440070,-1,20,9999.169000,70.107000,483.473980,479.361670,460.000000,819,-23.473980,OpenLoop,NoFIFO,false,OpenLoop_NoFIFO
12.450071,-1,20,10000.670000,70.777000,485.499741,480.282381,460.000000,819,-25.499741,OpenLoop,NoFIFO,false,OpenLoop_NoFIFO
12.460072,-1,20,10001.077000,71.854000,482.536765,480.620539,460.000000,819,-22.536765,OpenLoop,NoFIFO,false,OpenLoop_NoFIFO
12.470076,-1,20,10003.743000,75.597000,480.276639,480.568954,460.000000,819,-20.276639,OpenLoop,NoFIFO,false,OpenLoop_NoFIFO
12.480074,-1,20,9998.781000,74.378000,478.316327,480.231060,460.000000,819,-18.316327,OpenLoop,NoFIFO,false,OpenLoop_NoFIFO
12.490072,-1,20,9997.910000,72.288000,474.241214,479.332583,460.000000,819,-14.241214,OpenLoop,NoFIFO,false,OpenLoop_NoFIFO
12.500071,-1,20,9999.096000,71.384000,472.348848,478.285023,460.000000,819,-12.348848,OpenLoop,NoFIFO,false,OpenLoop_NoFIFO
12.510071,-1,20,9999.447000,70.831000,476.015500,477.944594,460.000000,819,-16.015500,OpenLoop,NoFIFO,false,OpenLoop_NoFIFO
12.520073,-1,20,10002.133000,72.964000,474.137931,477.373595,460.000000,819,-14.137931,OpenLoop,NoFIFO,false,OpenLoop_NoFIFO
12.530072,-1,20,9998.855000,71.819000,479.346071,477.669466,460.000000,819,-19.346071,OpenLoop,NoFIFO,false,OpenLoop_NoFIFO
12.540071,-1,20,9999.595000,71.414000,480.993470,478.168067,460.000000,819,-20.993470,OpenLoop,NoFIFO,false,OpenLoop_NoFIFO
12.550071,-1,20,9999.818000,71.232000,482.985358,478.890660,460.000000,819,-22.985358,OpenLoop,NoFIFO,false,OpenLoop_NoFIFO
12.560070,-1,20,9999.243000,70.475000,486.209335,479.988462,460.000000,819,-26.209335,OpenLoop,NoFIFO,false,OpenLoop_NoFIFO
12.570070,-1,20,9999.337000,69.812000,484.997413,480.739804,460.000000,819,-24.997413,OpenLoop,NoFIFO,false,OpenLoop_NoFIFO
12.580070,-1,20,10000.299000,70.111000,482.300343,480.973885,460.000000,819,-22.300343,OpenLoop,NoFIFO,false,OpenLoop_NoFIFO
12.590070,-1,20,9999.799000,69.910000,482.998454,481.277571,460.000000,819,-22.998454,OpenLoop,NoFIFO,false,OpenLoop_NoFIFO
12.600070,-1,20,10000.447000,70.357000,479.014599,480.938125,460.000000,819,-19.014599,OpenLoop,NoFIFO,false,OpenLoop_NoFIFO
12.610072,-1,20,10001.392000,71.749000,474.493873,479.971487,460.000000,819,-14.493873,OpenLoop,NoFIFO,false,OpenLoop_NoFIFO
12.620070,-1,20,9998.559000,70.308000,476.988899,479.524099,460.000000,819,-16.988899,OpenLoop,NoFIFO,false,OpenLoop_NoFIFO
12.630070,-1,20,9999.521000,69.829000,471.729343,478.354886,460.000000,819,-11.729343,OpenLoop,NoFIFO,false,OpenLoop_NoFIFO
12.640070,-1,20,10000.244000,70.073000,474.626326,477.795602,460.000000,819,-14.626326,OpenLoop,NoFIFO,false,OpenLoop_NoFIFO
12.650070,-1,20,9999.836000,69.909000,478.072412,477.837123,460.000000,819,-18.072412,OpenLoop,NoFIFO,false,OpenLoop_NoFIFO
12.660071,-1,20,10001.095000,71.004000,478.781615,477.978797,460.000000,819,-18.781615,OpenLoop,NoFIFO,false,OpenLoop_NoFIFO
12.670071,-1,20,10000.077000,71.081000,483.496648,478.806475,460.000000,819,-23.496648,OpenLoop,NoFIFO,false,OpenLoop_NoFIFO
12.680071,-1,20,9999.911000,70.992000,484.154930,479.608743,460.000000,819,-24.154930,OpenLoop,NoFIFO,false,OpenLoop_NoFIFO
12.690071,-1,20,10000.151000,71.143000,482.985358,480.115235,460.000000,819,-22.985358,OpenLoop,NoFIFO,false,OpenLoop_NoFIFO
12.700070,-1,20,9999.280000,70.423000,485.751295,480.960644,460.000000,819,-25.751295,OpenLoop,NoFIFO,false,OpenLoop_NoFIFO
12.710072,-1,20,10001.132000,71.555000,483.772406,481.382408,460.000000,819,-23.772406,OpenLoop,NoFIFO,false,OpenLoop_NoFIFO
12.720095,-1,20,10023.836000,95.391000,479.539642,481.105993,460.000000,819,-19.539642,OpenLoop,NoFIFO,false,OpenLoop_NoFIFO
12.730089,-1,20,9994.003000,89.394000,478.760446,480.754161,460.000000,819,-18.760446,OpenLoop,NoFIFO,false,OpenLoop_NoFIFO
12.740077,-1,20,9987.373000,76.767000,473.736702,479.701542,460.000000,819,-13.736702,OpenLoop,NoFIFO,false,OpenLoop_NoFIFO
12.750073,-1,20,9996.558000,73.325000,473.029793,478.700780,460.000000,819,-13.029793,OpenLoop,NoFIFO,false,OpenLoop_NoFIFO
12.760073,-1,20,9999.372000,72.697000,476.015500,478.297988,460.000000,819,-16.015500,OpenLoop,NoFIFO,false,OpenLoop_NoFIFO
12.770073,-1,20,10000.373000,73.070000,473.050459,477.510859,460.000000,819,-13.050459,OpenLoop,NoFIFO,false,OpenLoop_NoFIFO
12.780072,-1,20,9999.058000,72.128000,479.862608,477.863621,460.000000,819,-19.862608,OpenLoop,NoFIFO,false,OpenLoop_NoFIFO
12.790070,-1,20,9997.910000,70.038000,479.874360,478.165232,460.000000,819,-19.874360,OpenLoop,NoFIFO,false,OpenLoop_NoFIFO
12.800073,-1,20,10003.262000,73.300000,483.247423,478.927560,460.000000,819,-23.247423,OpenLoop,NoFIFO,false,OpenLoop_NoFIFO
12.810072,-1,20,9998.336000,71.636000,485.065851,479.848304,460.000000,819,-25.065851,OpenLoop,NoFIFO,false,OpenLoop_NoFIFO
12.820072,-1,20,10000.409000,72.045000,483.509772,480.397524,460.000000,819,-23.509772,OpenLoop,NoFIFO,false,OpenLoop_NoFIFO
12.830080,-1,20,10007.873000,79.918000,482.343312,480.689392,460.000000,819,-22.343312,OpenLoop,NoFIFO,false,OpenLoop_NoFIFO
12.840075,-1,20,9995.577000,75.495000,484.562024,481.270287,460.000000,819,-24.562024,OpenLoop,NoFIFO,false,OpenLoop_NoFIFO
12.850073,-1,20,9997.854000,73.349000,477.430556,480.694327,460.000000,819,-17.430556,OpenLoop,NoFIFO,false,OpenLoop_NoFIFO
12.860073,-1,20,9999.780000,73.129000,474.493873,479.764259,460.000000,819,-14.493873,OpenLoop,NoFIFO,false,OpenLoop_NoFIFO
12.870073,-1,20,9999.595000,72.724000,475.313858,479.096699,460.000000,819,-15.313858,OpenLoop,NoFIFO,false,OpenLoop_NoFIFO
12.880073,-1,20,10000.540000,73.264000,471.218286,477.914937,460.000000,819,-11.218286,OpenLoop,NoFIFO,false,OpenLoop_NoFIFO
12.890072,-1,20,9998.891000,72.155000,475.000000,477.477697,460.000000,819,-15.000000,OpenLoop,NoFIFO,false,OpenLoop_NoFIFO
12.900073,-1,20,10000.392000,72.547000,476.327945,477.305234,460.000000,819,-16.327945,OpenLoop,NoFIFO,false,OpenLoop_NoFIFO
12.910072,-1,20,9999.724000,72.271000,477.290997,477.303098,460.000000,819,-17.290997,OpenLoop,NoFIFO,false,OpenLoop_NoFIFO
12.920077,-1,20,10005.206000,77.477000,482.569022,478.092987,460.000000,819,-22.569022,OpenLoop,NoFIFO,false,OpenLoop_NoFIFO
12.930076,-1,20,9998.633000,76.110000,484.298532,479.023819,460.000000,819,-24.298532,OpenLoop,NoFIFO,false,OpenLoop_NoFIFO
12.940073,-1,20,9996.909000,73.019000,483.021077,479.623407,460.000000,819,-23.021077,OpenLoop,NoFIFO,false,OpenLoop_NoFIFO
12.950071,-1,20,9998.188000,71.207000,485.751295,480.542591,460.000000,819,-25.751295,OpenLoop,NoFIFO,false,OpenLoop_NoFIFO
12.960071,-1,20,10000.280000,71.487000,483.247423,480.948315,460.000000,819,-23.247423,OpenLoop,NoFIFO,false,OpenLoop_NoFIFO
12.970072,-1,20,10000.244000,71.731000,479.049566,480.663503,460.000000,819,-19.049566,OpenLoop,NoFIFO,false,OpenLoop_NoFIFO
12.980072,-1,20,10000.724000,72.455000,480.417277,480.626569,460.000000,819,-20.417277,OpenLoop,NoFIFO,false,OpenLoop_NoFIFO
12.990072,-1,20,9999.373000,71.828000,472.730892,479.442217,460.000000,819,-12.730892,OpenLoop,NoFIFO,false,OpenLoop_NoFIFO
13.000071,-1,20,9999.577000,71.405000,474.137931,478.646574,460.000000,819,-14.137931,OpenLoop,NoFIFO,false,OpenLoop_NoFIFO
13.010071,-1,20,10000.002000,71.407000,474.746802,478.061609,460.000000,819,-14.746802,OpenLoop,NoFIFO,false,OpenLoop_NoFIFO
13.020080,-1,20,10008.373000,79.780000,472.802594,477.272756,460.000000,819,-12.802594,OpenLoop,NoFIFO,false,OpenLoop_NoFIFO
13.030076,-1,20,9995.965000,75.745000,478.059581,477.390780,460.000000,819,-18.059581,OpenLoop,NoFIFO,false,OpenLoop_NoFIFO
13.040072,-1,20,9996.225000,71.970000,479.205390,477.662972,460.000000,819,-19.205390,OpenLoop,NoFIFO,false,OpenLoop_NoFIFO
13.050071,-1,20,9999.447000,71.417000,482.462080,478.382838,460.000000,819,-22.462080,OpenLoop,NoFIFO,false,OpenLoop_NoFIFO
13.060072,-1,20,10000.595000,72.012000,485.065851,479.385290,460.000000,819,-25.065851,OpenLoop,NoFIFO,false,OpenLoop_NoFIFO
13.070071,-1,20,9998.965000,70.977000,483.496648,480.001994,460.000000,819,-23.496648,OpenLoop,NoFIFO,false,OpenLoop_NoFIFO
13.080071,-1,20,10000.170000,71.147000,482.773418,480.417707,460.000000,819,-22.773418,OpenLoop,NoFIFO,false,OpenLoop_NoFIFO
13.090071,-1,20,10000.113000,71.260000,484.746639,481.067047,460.000000,819,-24.746639,OpenLoop,NoFIFO,false,OpenLoop_NoFIFO
13.100072,-1,20,10000.706000,71.966000,478.084021,480.619593,460.000000,819,-18.084021,OpenLoop,NoFIFO,false,OpenLoop_NoFIFO
13.110070,-1,20,9998.503000,70.469000,475.761218,479.890837,460.000000,819,-15.761218,OpenLoop,NoFIFO,false,OpenLoop_NoFIFO
13.120072,-1,20,10001.187000,71.656000,475.668819,479.257534,460.000000,819,-15.668819,OpenLoop,NoFIFO,false,OpenLoop_NoFIFO
13.130071,-1,20,9999.058000,70.714000,471.479619,478.090847,460.000000,819,-11.479619,OpenLoop,NoFIFO,false,OpenLoop_NoFIFO
13.140071,-1,20,10000.651000,71.365000,475.084459,477.639889,460.000000,819,-15.084459,OpenLoop,NoFIFO,false,OpenLoop_NoFIFO
13.150070,-1,20,9998.688000,70.053000,476.779979,477.510902,460.000000,819,-16.779979,OpenLoop,NoFIFO,false,OpenLoop_NoFIFO
13.160071,-1,20,10001.021000,71.074000,478.760446,477.698334,460.000000,819,-18.760446,OpenLoop,NoFIFO,false,OpenLoop_NoFIFO
13.170071,-1,20,10000.058000,71.132000,483.247423,478.530697,460.000000,819,-23.247423,OpenLoop,NoFIFO,false,OpenLoop_NoFIFO
13.180072,-1,20,10001.002000,72.134000,484.382339,479.408443,460.000000,819,-24.382339,OpenLoop,NoFIFO,false,OpenLoop_NoFIFO
13.190072,-1,20,9999.447000,71.581000,484.035326,480.102476,460.000000,819,-24.035326,OpenLoop,NoFIFO,false,OpenLoop_NoFIFO
13.200072,-1,20,10000.614000,72.195000,486.438679,481.052906,460.000000,819,-26.438679,OpenLoop,NoFIFO,false,OpenLoop_NoFIFO
13.210072,-1,20,9999.576000,71.771000,482.005141,481.195742,460.000000,819,-22.005141,OpenLoop,NoFIFO,false,OpenLoop_NoFIFO
13.220072,-1,20,10000.095000,71.866000,479.714912,480.973617,460.000000,819,-19.714912,OpenLoop,NoFIFO,false,OpenLoop_NoFIFO
13.230071,-1,20,9999.391000,71.257000,479.539642,480.758521,460.000000,819,-19.539642,OpenLoop,NoFIFO,false,OpenLoop_NoFIFO
13.240072,-1,20,10000.910000,72.167000,473.257212,479.633325,460.000000,819,-13.257212,OpenLoop,NoFIFO,false,OpenLoop_NoFIFO
13.250080,-1,20,10007.669000,79.836000,475.507208,479.014407,460.000000,819,-15.507208,OpenLoop,NoFIFO,false,OpenLoop_NoFIFO
13.260077,-1,20,9997.429000,77.265000,473.484848,478.184973,460.000000,819,-13.484848,OpenLoop,NoFIFO,false,OpenLoop_NoFIFO
13.270073,-1,20,9995.706000,72.971000,473.245835,477.444103,460.000000,819,-13.245835,OpenLoop,NoFIFO,false,OpenLoop_NoFIFO
13.280072,-1,20,9999.151000,72.122000,478.781615,477.644729,460.000000,819,-18.781615,OpenLoop,NoFIFO,false,OpenLoop_NoFIFO
13.290072,-1,20,9999.502000,71.624000,480.030722,478.002628,460.000000,819,-20.030722,OpenLoop,NoFIFO,false,OpenLoop_NoFIFO
13.300073,-1,20,10001.354000,72.978000,482.300343,478.647285,460.000000,819,-22.300343,OpenLoop,NoFIFO,false,OpenLoop_NoFIFO
13.310073,-1,20,9999.929000,72.907000,486.760125,479.864211,460.000000,819,-26.760125,OpenLoop,NoFIFO,false,OpenLoop_NoFIFO
13.320085,-1,20,10011.798000,84.705000,483.700750,480.439692,460.000000,819,-23.700750,OpenLoop,NoFIFO,false,OpenLoop_NoFIFO
13.330078,-1,20,9992.984000,77.689000,482.998454,480.823507,460.000000,819,-22.998454,OpenLoop,NoFIFO,false,OpenLoop_NoFIFO
13.340073,-1,20,9994.947000,72.636000,484.675037,481.401236,460.000000,819,-24.675037,OpenLoop,NoFIFO,false,OpenLoop_NoFIFO
13.350078,-1,20,10005.355000,77.991000,477.828746,480.865363,460.000000,819,-17.828746,OpenLoop,NoFIFO,false,OpenLoop_NoFIFO
13.360074,-1,20,9996.447000,74.438000,475.543478,480.067080,460.000000,819,-15.543478,OpenLoop,NoFIFO,false,OpenLoop_NoFIFO
13.370076,-1,20,10001.502000,75.940000,475.646880,479.404050,460.000000,819,-15.646880,OpenLoop,NoFIFO,false,OpenLoop_NoFIFO
13.380078,-1,20,10002.502000,78.442000,471.669861,478.243922,460.000000,819,-11.669861,OpenLoop,NoFIFO,false,OpenLoop_NoFIFO
13.390075,-1,20,9996.892000,75.334000,476.270053,477.947841,460.000000,819,-16.270053,OpenLoop,NoFIFO,false,OpenLoop_NoFIFO
13.400078,-1,20,10002.169000,77.503000,476.548059,477.737874,460.000000,819,-16.548059,OpenLoop,NoFIFO,false,OpenLoop_NoFIFO
13.410076,-1,20,9998.039000,75.542000,478.059581,477.786130,460.000000,819,-18.059581,OpenLoop,NoFIFO,false,OpenLoop_NoFIFO
13.420074,-1,20,9998.910000,74.452000,483.700750,478.673323,460.000000,819,-23.700750,OpenLoop,NoFIFO,false,OpenLoop_NoFIFO
13.430074,-1,20,9999.669000,74.121000,484.562024,479.556628,460.000000,819,-24.562024,OpenLoop,NoFIFO,false,OpenLoop_NoFIFO
13.440092,-1,20,10017.781000,91.902000,484.154930,480.246373,460.000000,819,-24.154930,OpenLoop,NoFIFO,false,OpenLoop_NoFIFO
13.450078,-1,20,9986.150000,78.052000,486.507525,481.185546,460.000000,819,-26.507525,OpenLoop,NoFIFO,false,OpenLoop_NoFIFO
13.460073,-1,20,9995.318000,73.370000,481.592466,481.246584,460.000000,819,-21.592466,OpenLoop,NoFIFO,false,OpenLoop_NoFIFO
13.470076,-1,20,10003.002000,76.372000,480.769231,481.174981,460.000000,819,-20.769231,OpenLoop,NoFIFO,false,OpenLoop_NoFIFO
13.480087,-1,20,10011.114000,87.486000,479.862608,480.978125,460.000000,819,-19.862608,OpenLoop,NoFIFO,false,OpenLoop_NoFIFO
13.490078,-1,20,9990.817000,78.303000,474.574321,480.017555,460.000000,819,-14.574321,OpenLoop,NoFIFO,false,OpenLoop_NoFIFO
13.500073,-1,20,9994.669000,72.972000,474.493873,479.189002,460.000000,819,-14.493873,OpenLoop,NoFIFO,false,OpenLoop_NoFIFO
13.510073,-1,20,10000.465000,73.437000,473.712705,478.367558,460.000000,819,-13.712705,OpenLoop,NoFIFO,false,OpenLoop_NoFIFO
13.520076,-1,20,10002.614000,76.051000,473.736702,477.672929,460.000000,819,-13.736702,OpenLoop,NoFIFO,false,OpenLoop_NoFIFO
13.530080,-1,20,10003.577000,79.628000,478.538283,477.802732,460.000000,819,-18.538283,OpenLoop,NoFIFO,false,OpenLoop_NoFIFO
13.540106,-1,20,10026.557000,106.185000,479.862608,478.111714,460.000000,819,-19.862608,OpenLoop,NoFIFO,false,OpenLoop_NoFIFO
13.550074,-1,20,9967.929000,74.114000,481.892523,478.678835,460.000000,819,-21.892523,OpenLoop,NoFIFO,false,OpenLoop_NoFIFO
13.560072,-1,20,9998.354000,72.468000,486.946419,479.918973,460.000000,819,-26.946419,OpenLoop,NoFIFO,false,OpenLoop_NoFIFO
13.570073,-1,20,10000.984000,73.452000,483.021077,480.384288,460.000000,819,-23.021077,OpenLoop,NoFIFO,false,OpenLoop_NoFIFO
13.580072,-1,20,9998.558000,72.010000,483.247423,480.813759,460.000000,819,-23.247423,OpenLoop,NoFIFO,false,OpenLoop_NoFIFO
13.590073,-1,20,10001.021000,73.031000,485.392012,481.500497,460.000000,819,-25.392012,OpenLoop,NoFIFO,false,OpenLoop_NoFIFO
13.600074,-1,20,10000.521000,73.552000,476.130015,480.694924,460.000000,819,-16.130015,OpenLoop,NoFIFO,false,OpenLoop_NoFIFO
13.610076,-1,20,10002.225000,75.777000,476.694915,480.094923,460.000000,819,-16.694915,OpenLoop,NoFIFO,false,OpenLoop_NoFIFO
13.620074,-1,20,9998.391000,74.168000,475.773320,479.446683,460.000000,819,-15.773320,OpenLoop,NoFIFO,false,OpenLoop_NoFIFO
13.630073,-1,20,9999.095000,73.263000,471.979332,478.326580,460.000000,819,-11.979332,OpenLoop,NoFIFO,false,OpenLoop_NoFIFO
13.640072,-1,20,9998.299000,71.562000,476.327945,478.026785,460.000000,819,-16.327945,OpenLoop,NoFIFO,false,OpenLoop_NoFIFO
13.650073,-1,20,10001.688000,73.250000,475.507208,477.648848,460.000000,819,-15.507208,OpenLoop,NoFIFO,false,OpenLoop_NoFIFO
13.660073,-1,20,10000.132000,73.382000,478.781615,477.818763,460.000000,819,-18.781615,OpenLoop,NoFIFO,false,OpenLoop_NoFIFO
13.670073,-1,20,9999.484000,72.866000,483.746130,478.707868,460.000000,819,-23.746130,OpenLoop,NoFIFO,false,OpenLoop_NoFIFO
13.680073,-1,20,9999.965000,72.831000,484.436516,479.567165,460.000000,819,-24.436516,OpenLoop,NoFIFO,false,OpenLoop_NoFIFO
13.690071,-1,20,9998.317000,71.148000,483.247423,480.119204,460.000000,819,-23.247423,OpenLoop,NoFIFO,false,OpenLoop_NoFIFO
13.700073,-1,20,10001.799000,72.947000,486.438679,481.067125,460.000000,819,-26.438679,OpenLoop,NoFIFO,false,OpenLoop_NoFIFO
13.710073,-1,20,9999.799000,72.746000,481.679286,481.158949,460.000000,819,-21.679286,OpenLoop,NoFIFO,false,OpenLoop_NoFIFO
13.720072,-1,20,9999.631000,72.377000,480.545200,481.066887,460.000000,819,-20.545200,OpenLoop,NoFIFO,false,OpenLoop_NoFIFO
13.730073,-1,20,10000.595000,72.972000,480.899028,481.041708,460.000000,819,-20.899028,OpenLoop,NoFIFO,false,OpenLoop_NoFIFO
13.740073,-1,20,9999.743000,72.715000,473.940780,479.976569,460.000000,819,-13.940780,OpenLoop,NoFIFO,false,OpenLoop_NoFIFO
13.750073,-1,20,9999.835000,72.550000,475.164724,479.254792,460.000000,819,-15.164724,OpenLoop,NoFIFO,false,OpenLoop_NoFIFO
13.760072,-1,20,9999.743000,72.293000,473.940780,478.457690,460.000000,819,-13.940780,OpenLoop,NoFIFO,false,OpenLoop_NoFIFO
13.770072,-1,20,9999.595000,71.888000,472.981944,477.636328,460.000000,819,-12.981944,OpenLoop,NoFIFO,false,OpenLoop_NoFIFO
13.780072,-1,20,9999.890000,71.778000,480.097765,478.005544,460.000000,819,-20.097765,OpenLoop,NoFIFO,false,OpenLoop_NoFIFO
13.790071,-1,20,9999.299000,71.077000,480.121294,478.322906,460.000000,819,-20.121294,OpenLoop,NoFIFO,false,OpenLoop_NoFIFO
13.800072,-1,20,10000.446000,71.523000,483.021077,479.027632,460.000000,819,-23.021077,OpenLoop,NoFIFO,false,OpenLoop_NoFIFO
13.810071,-1,20,9999.428000,70.951000,487.746440,480.335453,460.000000,819,-27.746440,OpenLoop,NoFIFO,false,OpenLoop_NoFIFO
13.820071,-1,20,9999.762000,70.713000,483.700750,480.840248,460.000000,819,-23.700750,OpenLoop,NoFIFO,false,OpenLoop_NoFIFO
13.830070,-1,20,9999.446000,70.159000,483.247423,481.201324,460.000000,819,-23.247423,OpenLoop,NoFIFO,false,OpenLoop_NoFIFO
13.840071,-1,20,10001.206000,71.365000,484.837800,481.746795,460.000000,819,-24.837800,OpenLoop,NoFIFO,false,OpenLoop_NoFIFO
13.850071,-1,20,10000.057000,71.422000,476.779979,481.001773,460.000000,819,-16.779979,OpenLoop,NoFIFO,false,OpenLoop_NoFIFO
13.860073,-1,20,10001.595000,73.017000,477.209625,480.432951,460.000000,819,-17.209625,OpenLoop,NoFIFO,false,OpenLoop_NoFIFO
13.870072,-1,20,9998.743000,71.760000,475.507208,479.694089,460.000000,819,-15.507208,OpenLoop,NoFIFO,false,OpenLoop_NoFIFO
13.880072,-1,20,10000.131000,71.891000,471.895973,478.524372,460.000000,819,-11.895973,OpenLoop,NoFIFO,false,OpenLoop_NoFIFO
13.890073,-1,20,10001.114000,73.005000,475.253469,478.033736,460.000000,819,-15.253469,OpenLoop,NoFIFO,false,OpenLoop_NoFIFO
13.900072,-1,20,9998.835000,71.840000,474.792818,477.547599,460.000000,819,-14.792818,OpenLoop,NoFIFO,false,OpenLoop_NoFIFO
13.910074,-1,20,10002.520000,74.360000,476.270053,477.355967,460.000000,819,-16.270053,OpenLoop,NoFIFO,false,OpenLoop_NoFIFO
13.920073,-1,20,9998.762000,73.122000,483.010304,478.204117,460.000000,819,-23.010304,OpenLoop,NoFIFO,false,OpenLoop_NoFIFO
13.930072,-1,20,9998.743000,71.865000,483.021077,478.926661,460.000000,819,-23.021077,OpenLoop,NoFIFO,false,OpenLoop_NoFIFO
13.940072,-1,20,10000.187000,72.052000,482.501287,479.462855,460.000000,819,-22.501287,OpenLoop,NoFIFO,false,OpenLoop_NoFIFO
13.950071,-1,20,9999.113000,71.165000,486.591696,480.532181,460.000000,819,-26.591696,OpenLoop,NoFIFO,false,OpenLoop_NoFIFO
13.960073,-1,20,10001.817000,72.982000,482.749743,480.864815,460.000000,819,-22.749743,OpenLoop,NoFIFO,false,OpenLoop_NoFIFO
13.970072,-1,20,9998.965000,71.947000,481.121701,480.903348,460.000000,819,-21.121701,OpenLoop,NoFIFO,false,OpenLoop_NoFIFO
13.980078,-1,20,10006.391000,78.338000,480.276639,480.809342,460.000000,819,-20.276639,OpenLoop,NoFIFO,false,OpenLoop_NoFIFO
13.990091,-1,20,10012.483000,90.821000,473.963600,479.782481,460.000000,819,-13.963600,OpenLoop,NoFIFO,false,OpenLoop_NoFIFO
14.000078,-1,20,9986.854000,77.675000,475.011515,479.066836,460.000000,819,-15.011515,OpenLoop,NoFIFO,false,OpenLoop_NoFIFO
14.010073,-1,20,9995.447000,73.122000,474.241214,478.342993,460.000000,819,-14.241214,OpenLoop,NoFIFO,false,OpenLoop_NoFIFO
14.020073,-1,20,10000.353000,73.475000,473.712705,477.648449,460.000000,819,-13.712705,OpenLoop,NoFIFO,false,OpenLoop_NoFIFO
14.030079,-1,20,10005.484000,78.959000,479.604200,477.941812,460.000000,819,-19.604200,OpenLoop,NoFIFO,false,OpenLoop_NoFIFO
14.040081,-1,20,10001.594000,80.553000,479.785056,478.218299,460.000000,819,-19.785056,OpenLoop,NoFIFO,false,OpenLoop_NoFIFO
14.050074,-1,20,9993.169000,73.722000,483.021077,478.938715,460.000000,819,-23.021077,OpenLoop,NoFIFO,false,OpenLoop_NoFIFO
14.060075,-1,20,10001.484000,75.206000,487.519501,480.225833,460.000000,819,-27.519501,OpenLoop,NoFIFO,false,OpenLoop_NoFIFO
14.070071,-1,20,9995.576000,70.782000,483.484774,480.714674,460.000000,819,-23.484774,OpenLoop,NoFIFO,false,OpenLoop_NoFIFO
14.080075,-1,20,10004.298000,75.080000,483.746130,481.169393,460.000000,819,-23.746130,OpenLoop,NoFIFO,false,OpenLoop_NoFIFO
14.090071,-1,20,9995.817000,70.897000,484.837800,481.719654,460.000000,819,-24.837800,OpenLoop,NoFIFO,false,OpenLoop_NoFIFO
14.100074,-1,20,10002.669000,73.566000,476.270053,480.902214,460.000000,819,-16.270053,OpenLoop,NoFIFO,false,OpenLoop_NoFIFO
14.110071,-1,20,9996.983000,70.549000,477.620087,480.409895,460.000000,819,-17.620087,OpenLoop,NoFIFO,false,OpenLoop_NoFIFO
14.120073,-1,20,10002.484000,73.033000,474.493873,479.522492,460.000000,819,-14.493873,OpenLoop,NoFIFO,false,OpenLoop_NoFIFO
14.130070,-1,20,9996.687000,69.720000,472.833563,478.519152,460.000000,819,-12.833563,OpenLoop,NoFIFO,false,OpenLoop_NoFIFO
14.140073,-1,20,10003.465000,73.185000,475.253469,478.029300,460.000000,819,-15.253469,OpenLoop,NoFIFO,false,OpenLoop_NoFIFO
14.150070,-1,20,9996.372000,69.557000,475.084459,477.587574,460.000000,819,-15.084459,OpenLoop,NoFIFO,false,OpenLoop_NoFIFO
14.160078,-1,20,10008.725000,78.282000,478.804903,477.770173,460.000000,819,-18.804903,OpenLoop,NoFIFO,false,OpenLoop_NoFIFO
14.170096,-1,20,10017.816000,96.098000,483.995870,478.704028,460.000000,819,-23.995870,OpenLoop,NoFIFO,false,OpenLoop_NoFIFO
14.180078,-1,20,9982.373000,78.471000,483.021077,479.351585,460.000000,819,-23.021077,OpenLoop,NoFIFO,false,OpenLoop_NoFIFO
14.190080,-1,20,10001.446000,79.917000,483.496648,479.973344,460.000000,819,-23.496648,OpenLoop,NoFIFO,false,OpenLoop_NoFIFO
14.200077,-1,20,9996.873000,76.790000,487.128011,481.046544,460.000000,819,-27.128011,OpenLoop,NoFIFO,false,OpenLoop_NoFIFO
14.210076,-1,20,9999.243000,76.033000,482.723577,481.298099,460.000000,819,-22.723577,OpenLoop,NoFIFO,false,OpenLoop_NoFIFO
14.220076,-1,20,9999.539000,75.572000,480.993470,481.252405,460.000000,819,-20.993470,OpenLoop,NoFIFO,false,OpenLoop_NoFIFO
14.230084,-1,20,10008.835000,84.407000,478.316327,480.811993,460.000000,819,-18.316327,OpenLoop,NoFIFO,false,OpenLoop_NoFIFO
14.240080,-1,20,9995.761000,80.168000,473.267554,479.680327,460.000000,819,-13.267554,OpenLoop,NoFIFO,false,OpenLoop_NoFIFO
14.250075,-1,20,9994.595000,74.763000,474.493873,478.902359,460.000000,819,-14.493873,OpenLoop,NoFIFO,false,OpenLoop_NoFIFO
14.260082,-1,20,10007.557000,82.320000,473.484848,478.089733,460.000000,819,-13.484848,OpenLoop,NoFIFO,false,OpenLoop_NoFIFO
14.270077,-1,20,9995.021000,77.341000,473.233262,477.361262,460.000000,819,-13.233262,OpenLoop,NoFIFO,false,OpenLoop_NoFIFO
14.280073,-1,20,9996.021000,73.362000,479.205390,477.637881,460.000000,819,-19.205390,OpenLoop,NoFIFO,false,OpenLoop_NoFIFO
14.290073,-1,20,9999.316000,72.678000,479.604200,477.932829,460.000000,819,-19.604200,OpenLoop,NoFIFO,false,OpenLoop_NoFIFO
14.300072,-1,20,9999.299000,71.977000,482.300343,478.587956,460.000000,819,-22.300343,OpenLoop,NoFIFO,false,OpenLoop_NoFIFO
14.310071,-1,20,9999.224000,71.201000,487.773153,479.965736,460.000000,819,-27.773153,OpenLoop,NoFIFO,false,OpenLoop_NoFIFO
14.320093,-1,20,10021.854000,93.055000,482.005141,480.271647,460.000000,819,-22.005141,OpenLoop,NoFIFO,false,OpenLoop_NoFIFO
14.330088,-1,20,9994.502000,87.557000,483.927733,480.820060,460.000000,819,-23.927733,OpenLoop,NoFIFO,false,OpenLoop_NoFIFO
14.340088,-1,20,10000.706000,88.263000,484.245868,481.333931,460.000000,819,-24.245868,OpenLoop,NoFIFO,false,OpenLoop_NoFIFO
14.350084,-1,20,9995.316000,83.579000,476.768377,480.649098,460.000000,819,-16.768377,OpenLoop,NoFIFO,false,OpenLoop_NoFIFO
14.360077,-1,20,9993.503000,77.082000,477.035351,480.107036,460.000000,819,-17.035351,OpenLoop,NoFIFO,false,OpenLoop_NoFIFO
14.370073,-1,20,9995.853000,72.935000,474.169075,479.216342,460.000000,819,-14.169075,OpenLoop,NoFIFO,false,OpenLoop_NoFIFO
14.380072,-1,20,9999.540000,72.475000,470.980962,477.981035,460.000000,819,-10.980962,OpenLoop,NoFIFO,false,OpenLoop_NoFIFO
14.390071,-1,20,9999.002000,71.477000,475.011515,477.535607,460.000000,819,-15.011515,OpenLoop,NoFIFO,false,OpenLoop_NoFIFO
14.400082,-1,20,10010.039000,81.516000,475.761218,477.269449,460.000000,819,-15.761218,OpenLoop,NoFIFO,false,OpenLoop_NoFIFO
14.410077,-1,20,9995.039000,76.555000,477.851942,477.356823,460.000000,819,-17.851942,OpenLoop,NoFIFO,false,OpenLoop_NoFIFO
14.420073,-1,20,9996.446000,73.001000,483.247423,478.240413,460.000000,819,-23.247423,OpenLoop,NoFIFO,false,OpenLoop_NoFIFO
14.430073,-1,20,9999.743000,72.744000,483.247423,478.991464,460.000000,819,-23.247423,OpenLoop,NoFIFO,false,OpenLoop_NoFIFO
14.440072,-1,20,9998.928000,71.672000,484.035326,479.748043,460.000000,819,-24.035326,OpenLoop,NoFIFO,false,OpenLoop_NoFIFO
14.450072,-1,20,10000.539000,72.211000,486.668240,480.786073,460.000000,819,-26.668240,OpenLoop,NoFIFO,false,OpenLoop_NoFIFO
14.460073,-1,20,10000.372000,72.583000,481.757451,480.931780,460.000000,819,-21.757451,OpenLoop,NoFIFO,false,OpenLoop_NoFIFO
14.470077,-1,20,10004.336000,76.919000,482.462080,481.161325,460.000000,819,-22.462080,OpenLoop,NoFIFO,false,OpenLoop_NoFIFO
14.480081,-1,20,10004.076000,80.995000,477.209625,480.568570,460.000000,819,-17.209625,OpenLoop,NoFIFO,false,OpenLoop_NoFIFO
14.490078,-1,20,9997.057000,78.052000,473.484848,479.506012,460.000000,819,-13.484848,OpenLoop,NoFIFO,false,OpenLoop_NoFIFO
14.500073,-1,20,9995.058000,73.110000,474.855282,478.808402,460.000000,819,-14.855282,OpenLoop,NoFIFO,false,OpenLoop_NoFIFO
14.510073,-1,20,9999.409000,72.519000,473.484848,478.009869,460.000000,819,-13.484848,OpenLoop,NoFIFO,false,OpenLoop_NoFIFO
14.520073,-1,20,10000.040000,72.559000,473.702343,477.363740,460.000000,819,-13.702343,OpenLoop,NoFIFO,false,OpenLoop_NoFIFO
14.530073,-1,20,10000.390000,72.949000,479.088219,477.622412,460.000000,819,-19.088219,OpenLoop,NoFIFO,false,OpenLoop_NoFIFO
14.540073,-1,20,10000.058000,73.007000,479.014599,477.831240,460.000000,819,-19.014599,OpenLoop,NoFIFO,false,OpenLoop_NoFIFO
14.550074,-1,20,10000.891000,73.898000,482.253086,478.494517,460.000000,819,-22.253086,OpenLoop,NoFIFO,false,OpenLoop_NoFIFO
14.560075,-1,20,10001.206000,75.104000,486.898017,479.755042,460.000000,819,-26.898017,OpenLoop,NoFIFO,false,OpenLoop_NoFIFO
14.570079,-1,20,10004.279000,79.383000,481.679286,480.043679,460.000000,819,-21.679286,OpenLoop,NoFIFO,false,OpenLoop_NoFIFO
14.580076,-1,20,9996.484000,75.867000,483.700750,480.592239,460.000000,819,-23.700750,OpenLoop,NoFIFO,false,OpenLoop_NoFIFO
14.590073,-1,20,9996.798000,72.665000,483.496648,481.027901,460.000000,819,-23.496648,OpenLoop,NoFIFO,false,OpenLoop_NoFIFO
14.600073,-1,20,10000.076000,72.741000,477.388458,480.481984,460.000000,819,-17.388458,OpenLoop,NoFIFO,false,OpenLoop_NoFIFO
14.610076,-1,20,10002.965000,75.706000,477.035351,479.964989,460.000000,819,-17.035351,OpenLoop,NoFIFO,false,OpenLoop_NoFIFO
14.620079,-1,20,10003.725000,79.431000,473.920037,479.058246,460.000000,819,-13.920037,OpenLoop,NoFIFO,false,OpenLoop_NoFIFO
14.630076,-1,20,9996.742000,76.173000,471.230159,477.884033,460.000000,819,-11.230159,OpenLoop,NoFIFO,false,OpenLoop_NoFIFO
14.640072,-1,20,9995.632000,71.805000,476.464182,477.671056,460.000000,819,-16.464182,OpenLoop,NoFIFO,false,OpenLoop_NoFIFO
14.650072,-1,20,10000.465000,72.270000,475.253469,477.308417,460.000000,819,-15.253469,OpenLoop,NoFIFO,false,OpenLoop_NoFIFO
14.660074,-1,20,10002.039000,74.309000,478.760446,477.526222,460.000000,819,-18.760446,OpenLoop,NoFIFO,false,OpenLoop_NoFIFO
14.670073,-1,20,9999.150000,73.459000,484.825803,478.621159,460.000000,819,-24.825803,OpenLoop,NoFIFO,false,OpenLoop_NoFIFO
14.680073,-1,20,9999.354000,72.813000,483.247423,479.315098,460.000000,819,-23.247423,OpenLoop,NoFIFO,false,OpenLoop_NoFIFO
14.690091,-1,20,10018.613000,91.426000,485.499741,480.242795,460.000000,819,-25.499741,OpenLoop,NoFIFO,false,OpenLoop_NoFIFO
14.700085,-1,20,9993.299000,84.725000,486.898017,481.241078,460.000000,819,-26.898017,OpenLoop,NoFIFO,false,OpenLoop_NoFIFO
14.710077,-1,20,9992.520000,77.245000,482.005141,481.355688,460.000000,819,-22.005141,OpenLoop,NoFIFO,false,OpenLoop_NoFIFO
14.720074,-1,20,9996.520000,73.765000,482.773418,481.568347,460.000000,819,-22.773418,OpenLoop,NoFIFO,false,OpenLoop_NoFIFO
14.730073,-1,20,9999.094000,72.859000,477.342159,480.934419,460.000000,819,-17.342159,OpenLoop,NoFIFO,false,OpenLoop_NoFIFO
14.740073,-1,20,9999.650000,72.509000,474.855282,480.022548,460.000000,819,-14.855282,OpenLoop,NoFIFO,false,OpenLoop_NoFIFO
14.750074,-1,20,10001.335000,73.844000,475.000000,479.269166,460.000000,819,-15.000000,OpenLoop,NoFIFO,false,OpenLoop_NoFIFO
14.760074,-1,20,9999.835000,73.679000,473.484848,478.401519,460.000000,819,-13.484848,OpenLoop,NoFIFO,false,OpenLoop_NoFIFO
14.770071,-1,20,9997.687000,71.366000,472.229586,477.475729,460.000000,819,-12.229586,OpenLoop,NoFIFO,false,OpenLoop_NoFIFO
14.780072,-1,20,10000.983000,72.349000,478.538283,477.635112,460.000000,819,-18.538283,OpenLoop,NoFIFO,false,OpenLoop_NoFIFO
14.790071,-1,20,9998.501000,70.850000,478.573348,477.775847,460.000000,819,-18.573348,OpenLoop,NoFIFO,false,OpenLoop_NoFIFO
14.800072,-1,20,10000.854000,71.704000,482.117812,478.427142,460.000000,819,-22.117812,OpenLoop,NoFIFO,false,OpenLoop_NoFIFO
14.810071,-1,20,9998.835000,70.539000,487.266112,479.752988,460.000000,819,-27.266112,OpenLoop,NoFIFO,false,OpenLoop_NoFIFO
14.820071,-1,20,10000.890000,71.429000,482.536765,480.170554,460.000000,819,-22.536765,OpenLoop,NoFIFO,false,OpenLoop_NoFIFO
14.830072,-1,20,10000.280000,71.709000,485.751295,481.007665,460.000000,819,-25.751295,OpenLoop,NoFIFO,false,OpenLoop_NoFIFO
14.840073,-1,20,10000.946000,72.655000,484.154930,481.479755,460.000000,819,-24.154930,OpenLoop,NoFIFO,false,OpenLoop_NoFIFO
14.850072,-1,20,9998.890000,71.545000,478.316327,481.005241,460.000000,819,-18.316327,OpenLoop,NoFIFO,false,OpenLoop_NoFIFO
14.860074,-1,20,10002.372000,73.917000,478.316327,480.601904,460.000000,819,-18.316327,OpenLoop,NoFIFO,false,OpenLoop_NoFIFO
14.870071,-1,20,9996.965000,70.882000,474.493873,479.685699,460.000000,819,-14.493873,OpenLoop,NoFIFO,false,OpenLoop_NoFIFO
14.880072,-1,20,10001.150000,72.032000,473.050459,478.690413,460.000000,819,-13.050459,OpenLoop,NoFIFO,false,OpenLoop_NoFIFO
14.890070,-1,20,9998.260000,70.292000,476.524880,478.365583,460.000000,819,-16.524880,OpenLoop,NoFIFO,false,OpenLoop_NoFIFO
14.900071,-1,20,10000.909000,71.201000,475.084459,477.873414,460.000000,819,-15.084459,OpenLoop,NoFIFO,false,OpenLoop_NoFIFO
14.910070,-1,20,9998.910000,70.111000,478.316327,477.939851,460.000000,819,-18.316327,OpenLoop,NoFIFO,false,OpenLoop_NoFIFO
14.920072,-1,20,10001.557000,71.668000,483.960177,478.842900,460.000000,819,-23.960177,OpenLoop,NoFIFO,false,OpenLoop_NoFIFO
14.930071,-1,20,9998.983000,70.651000,482.501287,479.391658,460.000000,819,-22.501287,OpenLoop,NoFIFO,false,OpenLoop_NoFIFO
14.940071,-1,20,10000.835000,71.486000,485.631475,480.327631,460.000000,819,-25.631475,OpenLoop,NoFIFO,false,OpenLoop_NoFIFO
14.950072,-1,20,10000.705000,72.191000,485.499741,481.103447,460.000000,819,-25.499741,OpenLoop,NoFIFO,false,OpenLoop_NoFIFO
14.960072,-1,20,9999.798000,71.989000,482.569022,481.323283,460.000000,819,-22.569022,OpenLoop,NoFIFO,false,OpenLoop_NoFIFO
14.970071,-1,20,9999.298000,71.287000,482.723577,481.533327,460.000000,819,-22.723577,OpenLoop,NoFIFO,false,OpenLoop_NoFIFO
14.980072,-1,20,10000.594000,71.881000,478.316327,481.050777,460.000000,819,-18.316327,OpenLoop,NoFIFO,false,OpenLoop_NoFIFO
14.990071,-1,20,9999.483000,71.364000,474.493873,480.067242,460.000000,819,-14.493873,OpenLoop,NoFIFO,false,OpenLoop_NoFIFO
15.000072,-1,20,10000.779000,72.143000,476.233672,479.492206,460.000000,819,-16.233672,OpenLoop,NoFIFO,false,OpenLoop_NoFIFO
15.010072,-1,20,9999.743000,71.886000,473.940780,478.659492,460.000000,819,-13.940780,OpenLoop,NoFIFO,false,OpenLoop_NoFIFO
15.020072,-1,20,10000.446000,72.332000,473.245835,477.847444,460.000000,819,-13.245835,OpenLoop,NoFIFO,false,OpenLoop_NoFIFO
15.030072,-1,20,9999.927000,72.259000,479.014599,478.022517,460.000000,819,-19.014599,OpenLoop,NoFIFO,false,OpenLoop_NoFIFO
15.040072,-1,20,9999.872000,72.131000,479.088219,478.182372,460.000000,819,-19.088219,OpenLoop,NoFIFO,false,OpenLoop_NoFIFO
15.050071,-1,20,9999.280000,71.411000,482.794944,478.874258,460.000000,819,-22.794944,OpenLoop,NoFIFO,false,OpenLoop_NoFIFO
15.060072,-1,20,10000.224000,71.635000,487.519501,480.171044,460.000000,819,-27.519501,OpenLoop,NoFIFO,false,OpenLoop_NoFIFO
15.070080,-1,20,10008.316000,79.951000,483.010304,480.596933,460.000000,819,-23.010304,OpenLoop,NoFIFO,false,OpenLoop_NoFIFO
15.080080,-1,20,10000.390000,80.341000,486.003110,481.407860,460.000000,819,-26.003110,OpenLoop,NoFIFO,false,OpenLoop_NoFIFO
15.090076,-1,20,9995.780000,76.121000,484.154930,481.819920,460.000000,819,-24.154930,OpenLoop,NoFIFO,false,OpenLoop_NoFIFO
15.100071,-1,20,9995.224000,71.345000,479.862608,481.526324,460.000000,819,-19.862608,OpenLoop,NoFIFO,false,OpenLoop_NoFIFO
15.110073,-1,20,10001.631000,72.976000,477.620087,480.940388,460.000000,819,-17.620087,OpenLoop,NoFIFO,false,OpenLoop_NoFIFO
15.120072,-1,20,9998.798000,71.774000,475.646880,480.146362,460.000000,819,-15.646880,OpenLoop,NoFIFO,false,OpenLoop_NoFIFO
15.130073,-1,20,10000.872000,72.646000,472.575612,479.010749,460.000000,819,-12.575612,OpenLoop,NoFIFO,false,OpenLoop_NoFIFO
15.140072,-1,20,9999.131000,71.777000,478.059581,478.868074,460.000000,819,-18.059581,OpenLoop,NoFIFO,false,OpenLoop_NoFIFO
15.150070,-1,20,9997.724000,69.501000,475.449516,478.355290,460.000000,819,-15.449516,OpenLoop,NoFIFO,false,OpenLoop_NoFIFO
15.160073,-1,20,10003.761000,73.262000,478.316327,478.349446,460.000000,819,-18.316327,OpenLoop,NoFIFO,false,OpenLoop_NoFIFO
15.170071,-1,20,9997.724000,70.986000,484.837800,479.322699,460.000000,819,-24.837800,OpenLoop,NoFIFO,false,OpenLoop_NoFIFO
15.180074,-1,20,10002.816000,73.802000,483.509772,479.950760,460.000000,819,-23.509772,OpenLoop,NoFIFO,false,OpenLoop_NoFIFO
15.190070,-1,20,9996.687000,70.489000,485.065851,480.718024,460.000000,819,-25.065851,OpenLoop,NoFIFO,false,OpenLoop_NoFIFO
15.200073,-1,20,10002.705000,73.194000,486.760125,481.624339,460.000000,819,-26.760125,OpenLoop,NoFIFO,false,OpenLoop_NoFIFO
15.210070,-1,20,9997.168000,70.362000,481.828194,481.654917,460.000000,819,-21.828194,OpenLoop,NoFIFO,false,OpenLoop_NoFIFO
15.220073,-1,20,10003.058000,73.420000,482.501287,481.781872,460.000000,819,-22.501287,OpenLoop,NoFIFO,false,OpenLoop_NoFIFO
15.230073,-1,20,9999.353000,72.773000,478.548858,481.296920,460.000000,819,-18.548858,OpenLoop,NoFIFO,false,OpenLoop_NoFIFO
15.240074,-1,20,10001.261000,74.034000,474.746802,480.314402,460.000000,819,-14.746802,OpenLoop,NoFIFO,false,OpenLoop_NoFIFO
15.250071,-1,20,9996.520000,70.554000,475.543478,479.598764,460.000000,819,-15.543478,OpenLoop,NoFIFO,false,OpenLoop_NoFIFO
15.260074,-1,20,10003.409000,73.963000,473.484848,478.681677,460.000000,819,-13.484848,OpenLoop,NoFIFO,false,OpenLoop_NoFIFO
15.270069,-1,20,9995.465000,69.428000,473.257212,477.868007,460.000000,819,-13.257212,OpenLoop,NoFIFO,false,OpenLoop_NoFIFO
15.280073,-1,20,10003.094000,72.522000,480.380259,478.244845,460.000000,819,-20.380259,OpenLoop,NoFIFO,false,OpenLoop_NoFIFO
15.290069,-1,20,9996.761000,69.283000,479.651163,478.455792,460.000000,819,-19.651163,OpenLoop,NoFIFO,false,OpenLoop_NoFIFO
15.300293,-1,20,10223.999000,293.282000,481.510015,478.913926,460.000000,819,-21.510015,OpenLoop,NoFIFO,false,OpenLoop_NoFIFO
15.310075,-1,20,9781.948000,75.230000,487.588652,480.215135,460.000000,819,-27.588652,OpenLoop,NoFIFO,false,OpenLoop_NoFIFO
15.320075,-1,20,9999.872000,75.102000,481.679286,480.434757,460.000000,819,-21.679286,OpenLoop,NoFIFO,false,OpenLoop_NoFIFO
15.330070,-1,20,9994.483000,69.585000,485.751295,481.232238,460.000000,819,-25.751295,OpenLoop,NoFIFO,false,OpenLoop_NoFIFO
15.340072,-1,20,10001.946000,71.531000,484.245868,481.684283,460.000000,819,-24.245868,OpenLoop,NoFIFO,false,OpenLoop_NoFIFO
15.350074,-1,20,10002.187000,73.718000,478.781615,481.248882,460.000000,819,-18.781615,OpenLoop,NoFIFO,false,OpenLoop_NoFIFO
15.360076,-1,20,10002.057000,75.775000,477.803112,480.732017,460.000000,819,-17.803112,OpenLoop,NoFIFO,false,OpenLoop_NoFIFO
15.370070,-1,20,9993.743000,69.518000,475.011515,479.873942,460.000000,819,-15.011515,OpenLoop,NoFIFO,false,OpenLoop_NoFIFO
15.380073,-1,20,10003.964000,73.482000,471.979332,478.689750,460.000000,819,-11.979332,OpenLoop,NoFIFO,false,OpenLoop_NoFIFO
15.390069,-1,20,9996.002000,69.484000,476.233672,478.321338,460.000000,819,-16.233672,OpenLoop,NoFIFO,false,OpenLoop_NoFIFO
15.400084,-1,20,10014.946000,84.430000,474.746802,477.785158,460.000000,819,-14.746802,OpenLoop,NoFIFO,false,OpenLoop_NoFIFO
15.410077,-1,20,9992.242000,76.672000,476.327945,477.566576,460.000000,819,-16.327945,OpenLoop,NoFIFO,false,OpenLoop_NoFIFO
15.420073,-1,20,9996.076000,72.748000,485.089869,478.695070,460.000000,819,-25.089869,OpenLoop,NoFIFO,false,OpenLoop_NoFIFO
15.430073,-1,20,10000.520000,73.268000,482.569022,479.276163,460.000000,819,-22.569022,OpenLoop,NoFIFO,false,OpenLoop_NoFIFO
15.440072,-1,20,9998.372000,71.640000,485.089869,480.148219,460.000000,819,-25.089869,OpenLoop,NoFIFO,false,OpenLoop_NoFIFO
15.450072,-1,20,10000.631000,72.271000,485.065851,480.885864,460.000000,819,-25.065851,OpenLoop,NoFIFO,false,OpenLoop_NoFIFO
15.460072,-1,20,9999.928000,72.199000,481.510015,480.979486,460.000000,819,-21.510015,OpenLoop,NoFIFO,false,OpenLoop_NoFIFO
15.470085,-1,20,10012.835000,85.034000,482.343312,481.184060,460.000000,819,-22.343312,OpenLoop,NoFIFO,false,OpenLoop_NoFIFO
15.480080,-1,20,9994.853000,79.887000,477.803112,480.676918,460.000000,819,-17.803112,OpenLoop,NoFIFO,false,OpenLoop_NoFIFO
15.490071,-1,20,9990.872000,70.759000,474.626326,479.769329,460.000000,819,-14.626326,OpenLoop,NoFIFO,false,OpenLoop_NoFIFO
15.500073,-1,20,10002.502000,73.261000,475.000000,479.053930,460.000000,819,-15.000000,OpenLoop,NoFIFO,false,OpenLoop_NoFIFO
15.510069,-1,20,9995.964000,69.225000,473.050459,478.153409,460.000000,819,-13.050459,OpenLoop,NoFIFO,false,OpenLoop_NoFIFO
15.520072,-1,20,10003.243000,72.468000,473.233262,477.415387,460.000000,819,-13.233262,OpenLoop,NoFIFO,false,OpenLoop_NoFIFO
15.530070,-1,20,9997.094000,69.562000,480.417277,477.865671,460.000000,819,-20.417277,OpenLoop,NoFIFO,false,OpenLoop_NoFIFO
15.540073,-1,20,10003.520000,73.082000,479.294479,478.079992,460.000000,819,-19.294479,OpenLoop,NoFIFO,false,OpenLoop_NoFIFO
15.550072,-1,20,9999.187000,72.269000,482.536765,478.748508,460.000000,819,-22.536765,OpenLoop,NoFIFO,false,OpenLoop_NoFIFO
15.560074,-1,20,10001.335000,73.604000,487.266112,480.026148,460.000000,819,-27.266112,OpenLoop,NoFIFO,false,OpenLoop_NoFIFO
15.570074,-1,20,10000.094000,73.698000,483.247423,480.509340,460.000000,819,-23.247423,OpenLoop,NoFIFO,false,OpenLoop_NoFIFO
15.580072,-1,20,9998.539000,72.237000,485.883797,481.315508,460.000000,819,-25.883797,OpenLoop,NoFIFO,false,OpenLoop_NoFIFO
15.590072,-1,20,9999.946000,72.183000,483.927733,481.707342,460.000000,819,-23.927733,OpenLoop,NoFIFO,false,OpenLoop_NoFIFO
15.600071,-1,20,9998.890000,71.073000,477.035351,481.006543,460.000000,819,-17.035351,OpenLoop,NoFIFO,false,OpenLoop_NoFIFO
15.610073,-1,20,10001.520000,72.593000,477.430556,480.470145,460.000000,819,-17.430556,OpenLoop,NoFIFO,false,OpenLoop_NoFIFO
15.620072,-1,20,9999.076000,71.669000,475.253469,479.687644,460.000000,819,-15.253469,OpenLoop,NoFIFO,false,OpenLoop_NoFIFO
15.630072,-1,20,10000.502000,72.171000,472.575612,478.620839,460.000000,819,-12.575612,OpenLoop,NoFIFO,false,OpenLoop_NoFIFO
15.640072,-1,20,9999.612000,71.783000,477.035351,478.383016,460.000000,819,-17.035351,OpenLoop,NoFIFO,false,OpenLoop_NoFIFO
15.650072,-1,20,10000.169000,71.952000,473.484848,477.648291,460.000000,819,-13.484848,OpenLoop,NoFIFO,false,OpenLoop_NoFIFO
15.660073,-1,20,10001.094000,73.046000,478.072412,477.711909,460.000000,819,-18.072412,OpenLoop,NoFIFO,false,OpenLoop_NoFIFO
15.670072,-1,20,9999.372000,72.418000,483.484774,478.577839,460.000000,819,-23.484774,OpenLoop,NoFIFO,false,OpenLoop_NoFIFO
15.680072,-1,20,9999.872000,72.290000,482.253086,479.129126,460.000000,819,-22.253086,OpenLoop,NoFIFO,false,OpenLoop_NoFIFO
15.690071,-1,20,9998.946000,71.236000,484.837800,479.985427,460.000000,819,-24.837800,OpenLoop,NoFIFO,false,OpenLoop_NoFIFO
15.700072,-1,20,10000.446000,71.682000,485.883797,480.870182,460.000000,819,-25.883797,OpenLoop,NoFIFO,false,OpenLoop_NoFIFO
15.710072,-1,20,10000.594000,72.276000,482.794944,481.158897,460.000000,819,-22.794944,OpenLoop,NoFIFO,false,OpenLoop_NoFIFO
15.720072,-1,20,9999.390000,71.666000,483.247423,481.472176,460.000000,819,-23.247423,OpenLoop,NoFIFO,false,OpenLoop_NoFIFO
15.730072,-1,20,10000.094000,71.760000,477.851942,480.929140,460.000000,819,-17.851942,OpenLoop,NoFIFO,false,OpenLoop_NoFIFO
15.740072,-1,20,9999.890000,71.650000,474.493873,479.963850,460.000000,819,-14.493873,OpenLoop,NoFIFO,false,OpenLoop_NoFIFO
15.750074,-1,20,10002.390000,74.040000,476.233672,479.404324,460.000000,819,-16.233672,OpenLoop,NoFIFO,false,OpenLoop_NoFIFO
15.760072,-1,20,9998.075000,72.115000,472.981944,478.440967,460.000000,819,-12.981944,OpenLoop,NoFIFO,false,OpenLoop_NoFIFO
15.770072,-1,20,10000.335000,72.450000,475.011515,477.926549,460.000000,819,-15.011515,OpenLoop,NoFIFO,false,OpenLoop_NoFIFO
15.780076,-1,20,10003.723000,76.173000,480.380259,478.294605,460.000000,819,-20.380259,OpenLoop,NoFIFO,false,OpenLoop_NoFIFO
15.790074,-1,20,9997.668000,73.841000,478.982815,478.397837,460.000000,819,-18.982815,OpenLoop,NoFIFO,false,OpenLoop_NoFIFO
15.800073,-1,20,9999.260000,73.101000,483.247423,479.125275,460.000000,819,-23.247423,OpenLoop,NoFIFO,false,OpenLoop_NoFIFO
15.810072,-1,20,9999.094000,72.195000,486.438679,480.222285,460.000000,819,-26.438679,OpenLoop,NoFIFO,false,OpenLoop_NoFIFO
15.820072,-1,20,9999.483000,71.678000,482.794944,480.608184,460.000000,819,-22.794944,OpenLoop,NoFIFO,false,OpenLoop_NoFIFO
15.830072,-1,20,10000.223000,71.901000,486.414528,481.479136,460.000000,819,-26.414528,OpenLoop,NoFIFO,false,OpenLoop_NoFIFO
15.840072,-1,20,10000.168000,72.069000,483.247423,481.744379,460.000000,819,-23.247423,OpenLoop,NoFIFO,false,OpenLoop_NoFIFO
15.850071,-1,20,9999.020000,71.089000,478.573348,481.268724,460.000000,819,-18.573348,OpenLoop,NoFIFO,false,OpenLoop_NoFIFO
15.860082,-1,20,10010.834000,81.923000,478.538283,480.859158,460.000000,819,-18.538283,OpenLoop,NoFIFO,false,OpenLoop_NoFIFO
15.870076,-1,20,9994.372000,76.295000,474.746802,479.942304,460.000000,819,-14.746802,OpenLoop,NoFIFO,false,OpenLoop_NoFIFO
15.880073,-1,20,9996.297000,72.592000,473.257212,478.939541,460.000000,819,-13.257212,OpenLoop,NoFIFO,false,OpenLoop_NoFIFO
15.890074,-1,20,10001.298000,73.890000,476.524880,478.577341,460.000000,819,-16.524880,OpenLoop,NoFIFO,false,OpenLoop_NoFIFO
15.900073,-1,20,9998.982000,72.872000,474.137931,477.911430,460.000000,819,-14.137931,OpenLoop,NoFIFO,false,OpenLoop_NoFIFO
15.910072,-1,20,9999.464000,72.336000,477.803112,477.895182,460.000000,819,-17.803112,OpenLoop,NoFIFO,false,OpenLoop_NoFIFO
15.920073,-1,20,10000.705000,73.041000,483.473980,478.732002,460.000000,819,-23.473980,OpenLoop,NoFIFO,false,OpenLoop_NoFIFO
15.930079,-1,20,10005.927000,78.968000,481.679286,479.174094,460.000000,819,-21.679286,OpenLoop,NoFIFO,false,OpenLoop_NoFIFO
15.940083,-1,20,10003.539000,82.507000,485.522599,480.126370,460.000000,819,-25.522599,OpenLoop,NoFIFO,false,OpenLoop_NoFIFO
15.950077,-1,20,9994.297000,76.804000,485.248447,480.894682,460.000000,819,-25.248447,OpenLoop,NoFIFO,false,OpenLoop_NoFIFO
15.960073,-1,20,9995.872000,72.676000,482.773418,481.176492,460.000000,819,-22.773418,OpenLoop,NoFIFO,false,OpenLoop_NoFIFO
15.970073,-1,20,9999.927000,72.603000,483.746130,481.561938,460.000000,819,-23.746130,OpenLoop,NoFIFO,false,OpenLoop_NoFIFO
15.980072,-1,20,9999.075000,71.678000,477.388458,480.935916,460.000000,819,-17.388458,OpenLoop,NoFIFO,false,OpenLoop_NoFIFO
15.990071,-1,20,9999.446000,71.124000,473.988824,479.893852,460.000000,819,-13.988824,OpenLoop,NoFIFO,false,OpenLoop_NoFIFO
16.000071,-1,20,10000.019000,71.143000,476.233672,479.344825,460.000000,819,-16.233672,OpenLoop,NoFIFO,false,OpenLoop_NoFIFO
16.010076,-1,20,10005.224000,76.367000,473.484848,478.465829,460.000000,819,-13.484848,OpenLoop,NoFIFO,false,OpenLoop_NoFIFO
16.020096,-1,20,10019.723000,96.090000,474.397590,477.855593,460.000000,819,-14.397590,OpenLoop,NoFIFO,false,OpenLoop_NoFIFO
16.030078,-1,20,9981.890000,77.980000,480.769231,478.292639,460.000000,819,-20.769231,OpenLoop,NoFIFO,false,OpenLoop_NoFIFO
16.040073,-1,20,9995.075000,73.055000,480.417277,478.611334,460.000000,819,-20.417277,OpenLoop,NoFIFO,false,OpenLoop_NoFIFO
16.050073,-1,20,9999.724000,72.779000,483.746130,479.381554,460.000000,819,-23.746130,OpenLoop,NoFIFO,false,OpenLoop_NoFIFO
16.060076,-1,20,10003.186000,75.965000,487.358223,480.578054,460.000000,819,-27.358223,OpenLoop,NoFIFO,false,OpenLoop_NoFIFO
16.070073,-1,20,9997.483000,73.448000,482.723577,480.899883,460.000000,819,-22.723577,OpenLoop,NoFIFO,false,OpenLoop_NoFIFO
16.080073,-1,20,9999.705000,73.153000,485.751295,481.627594,460.000000,819,-25.751295,OpenLoop,NoFIFO,false,OpenLoop_NoFIFO
16.090073,-1,20,9999.371000,72.524000,482.749743,481.795917,460.000000,819,-22.749743,OpenLoop,NoFIFO,false,OpenLoop_NoFIFO
16.100073,-1,20,10000.168000,72.692000,478.781615,481.343771,460.000000,819,-18.781615,OpenLoop,NoFIFO,false,OpenLoop_NoFIFO
16.110073,-1,20,10000.279000,72.971000,478.830645,480.966802,460.000000,819,-18.830645,OpenLoop,NoFIFO,false,OpenLoop_NoFIFO
16.120071,-1,20,9998.335000,71.306000,474.137931,479.942472,460.000000,819,-14.137931,OpenLoop,NoFIFO,false,OpenLoop_NoFIFO
16.130075,-1,20,10003.390000,74.696000,472.981944,478.898393,460.000000,819,-12.981944,OpenLoop,NoFIFO,false,OpenLoop_NoFIFO
16.140075,-1,20,9999.945000,74.641000,476.925872,478.602514,460.000000,819,-16.925872,OpenLoop,NoFIFO,false,OpenLoop_NoFIFO
16.150073,-1,20,9998.520000,73.161000,475.000000,478.062137,460.000000,819,-15.000000,OpenLoop,NoFIFO,false,OpenLoop_NoFIFO
16.160073,-1,20,9999.779000,72.940000,478.538283,478.133559,460.000000,819,-18.538283,OpenLoop,NoFIFO,false,OpenLoop_NoFIFO
16.170073,-1,20,10000.094000,73.034000,484.825803,479.137396,460.000000,819,-24.825803,OpenLoop,NoFIFO,false,OpenLoop_NoFIFO
16.180073,-1,20,9999.797000,72.831000,482.569022,479.652140,460.000000,819,-22.569022,OpenLoop,NoFIFO,false,OpenLoop_NoFIFO
16.190072,-1,20,9999.538000,72.369000,486.760125,480.718337,460.000000,819,-26.760125,OpenLoop,NoFIFO,false,OpenLoop_NoFIFO
16.200072,-1,20,10000.002000,72.371000,485.631475,481.455308,460.000000,819,-25.631475,OpenLoop,NoFIFO,false,OpenLoop_NoFIFO
16.210071,-1,20,9998.908000,71.279000,483.496648,481.761509,460.000000,819,-23.496648,OpenLoop,NoFIFO,false,OpenLoop_NoFIFO
16.220071,-1,20,10000.038000,71.317000,483.247423,481.984396,460.000000,819,-23.247423,OpenLoop,NoFIFO,false,OpenLoop_NoFIFO
16.230072,-1,20,10000.465000,71.782000,478.316327,481.434186,460.000000,819,-18.316327,OpenLoop,NoFIFO,false,OpenLoop_NoFIFO
16.240072,-1,20,10000.408000,72.190000,474.855282,480.447350,460.000000,819,-14.855282,OpenLoop,NoFIFO,false,OpenLoop_NoFIFO
16.250097,-1,20,10024.446000,96.636000,476.779979,479.897244,460.000000,819,-16.779979,OpenLoop,NoFIFO,false,OpenLoop_NoFIFO
16.260075,-1,20,9977.871000,74.507000,473.484848,478.935385,460.000000,819,-13.484848,OpenLoop,NoFIFO,false,OpenLoop_NoFIFO
16.270072,-1,20,9997.279000,71.786000,472.981944,478.042369,460.000000,819,-12.981944,OpenLoop,NoFIFO,false,OpenLoop_NoFIFO
16.280073,-1,20,10001.002000,72.788000,478.548858,478.118342,460.000000,819,-18.548858,OpenLoop,NoFIFO,false,OpenLoop_NoFIFO
16.290072,-1,20,9999.464000,72.252000,477.546917,478.032628,460.000000,819,-17.546917,OpenLoop,NoFIFO,false,OpenLoop_NoFIFO
16.300073,-1,20,10000.390000,72.642000,482.794944,478.746976,460.000000,819,-22.794944,OpenLoop,NoFIFO,false,OpenLoop_NoFIFO
16.310072,-1,20,9999.760000,72.402000,486.507525,479.911058,460.000000,819,-26.507525,OpenLoop,NoFIFO,false,OpenLoop_NoFIFO
16.320073,-1,20,10000.353000,72.755000,482.536765,480.304914,460.000000,819,-22.536765,OpenLoop,NoFIFO,false,OpenLoop_NoFIFO
16.330071,-1,20,9998.742000,71.497000,485.499741,481.084138,460.000000,819,-25.499741,OpenLoop,NoFIFO,false,OpenLoop_NoFIFO
16.340074,-1,20,10002.501000,73.998000,483.473980,481.442614,460.000000,819,-23.473980,OpenLoop,NoFIFO,false,OpenLoop_NoFIFO
16.350115,-1,20,10040.742000,114.740000,478.830645,481.050819,460.000000,819,-18.830645,OpenLoop,NoFIFO,false,OpenLoop_NoFIFO
16.360076,-1,20,9961.150000,75.890000,478.760446,480.707263,460.000000,819,-18.760446,OpenLoop,NoFIFO,false,OpenLoop_NoFIFO
16.370073,-1,20,9996.853000,72.743000,474.746802,479.813194,460.000000,819,-14.746802,OpenLoop,NoFIFO,false,OpenLoop_NoFIFO
16.380073,-1,20,10000.093000,72.836000,472.575612,478.727557,460.000000,819,-12.575612,OpenLoop,NoFIFO,false,OpenLoop_NoFIFO
16.390073,-1,20,9999.965000,72.801000,477.035351,478.473726,460.000000,819,-17.035351,OpenLoop,NoFIFO,false,OpenLoop_NoFIFO
16.400073,-1,20,9999.982000,72.783000,474.397590,477.862305,460.000000,819,-14.397590,OpenLoop,NoFIFO,false,OpenLoop_NoFIFO
16.410072,-1,20,9999.353000,72.136000,479.539642,478.113906,460.000000,819,-19.539642,OpenLoop,NoFIFO,false,OpenLoop_NoFIFO
16.420074,-1,20,10001.631000,73.767000,482.773418,478.812833,460.000000,819,-22.773418,OpenLoop,NoFIFO,false,OpenLoop_NoFIFO
16.430072,-1,20,9998.279000,72.046000,482.501287,479.366101,460.000000,819,-22.501287,OpenLoop,NoFIFO,false,OpenLoop_NoFIFO
16.440073,-1,20,10000.853000,72.899000,485.522599,480.289576,460.000000,819,-25.522599,OpenLoop,NoFIFO,false,OpenLoop_NoFIFO
16.450072,-1,20,9998.946000,71.845000,485.089869,481.009620,460.000000,819,-25.089869,OpenLoop,NoFIFO,false,OpenLoop_NoFIFO
16.460074,-1,20,10002.130000,73.975000,483.247423,481.345290,460.000000,819,-23.247423,OpenLoop,NoFIFO,false,OpenLoop_NoFIFO
16.470078,-1,20,10004.372000,78.347000,482.998454,481.593265,460.000000,819,-22.998454,OpenLoop,NoFIFO,false,OpenLoop_NoFIFO
16.480076,-1,20,9997.520000,75.867000,478.316327,481.101724,460.000000,819,-18.316327,OpenLoop,NoFIFO,false,OpenLoop_NoFIFO
16.490072,-1,20,9996.390000,72.257000,474.493873,480.110546,460.000000,819,-14.493873,OpenLoop,NoFIFO,false,OpenLoop_NoFIFO
16.500070,-1,20,9997.686000,69.943000,476.003385,479.494472,460.000000,819,-16.003385,OpenLoop,NoFIFO,false,OpenLoop_NoFIFO
16.510071,-1,20,10001.038000,70.981000,472.730892,478.479935,460.000000,819,-12.730892,OpenLoop,NoFIFO,false,OpenLoop_NoFIFO
16.520074,-1,20,10002.779000,73.760000,473.257212,477.696527,460.000000,819,-13.257212,OpenLoop,NoFIFO,false,OpenLoop_NoFIFO
16.530071,-1,20,9997.205000,70.965000,478.316327,477.789497,460.000000,819,-18.316327,OpenLoop,NoFIFO,false,OpenLoop_NoFIFO
16.540074,-1,20,10002.575000,73.540000,478.084021,477.833675,460.000000,819,-18.084021,OpenLoop,NoFIFO,false,OpenLoop_NoFIFO
16.550071,-1,20,9997.816000,71.356000,483.772406,478.724485,460.000000,819,-23.772406,OpenLoop,NoFIFO,false,OpenLoop_NoFIFO
16.560074,-1,20,10002.724000,74.080000,485.294118,479.709930,460.000000,819,-25.294118,OpenLoop,NoFIFO,false,OpenLoop_NoFIFO
16.570071,-1,20,9996.797000,70.877000,483.496648,480.277938,460.000000,819,-23.496648,OpenLoop,NoFIFO,false,OpenLoop_NoFIFO
16.580075,-1,20,10004.168000,75.045000,485.522599,481.064637,460.000000,819,-25.522599,OpenLoop,NoFIFO,false,OpenLoop_NoFIFO
16.590073,-1,20,9997.557000,72.602000,483.772406,481.470802,460.000000,819,-23.772406,OpenLoop,NoFIFO,false,OpenLoop_NoFIFO
16.600073,-1,20,10000.760000,73.362000,479.874360,481.231336,460.000000,819,-19.874360,OpenLoop,NoFIFO,false,OpenLoop_NoFIFO
16.610077,-1,20,10003.946000,77.308000,478.830645,480.871232,460.000000,819,-18.830645,OpenLoop,NoFIFO,false,OpenLoop_NoFIFO
16.620075,-1,20,9997.686000,74.994000,474.169075,479.865909,460.000000,819,-14.169075,OpenLoop,NoFIFO,false,OpenLoop_NoFIFO
16.630072,-1,20,9997.298000,72.292000,472.348848,478.738350,460.000000,819,-12.348848,OpenLoop,NoFIFO,false,OpenLoop_NoFIFO
16.640073,-1,20,10000.501000,72.793000,477.099237,478.492483,460.000000,819,-17.099237,OpenLoop,NoFIFO,false,OpenLoop_NoFIFO
16.650072,-1,20,9999.131000,71.924000,474.169075,477.843972,460.000000,819,-14.169075,OpenLoop,NoFIFO,false,OpenLoop_NoFIFO
16.660075,-1,20,10002.686000,74.610000,479.604200,478.108006,460.000000,819,-19.604200,OpenLoop,NoFIFO,false,OpenLoop_NoFIFO
16.670079,-1,20,10004.668000,79.278000,482.501287,478.766998,460.000000,819,-22.501287,OpenLoop,NoFIFO,false,OpenLoop_NoFIFO
16.680077,-1,20,9997.834000,77.112000,483.473980,479.473045,460.000000,819,-23.473980,OpenLoop,NoFIFO,false,OpenLoop_NoFIFO
16.690071,-1,20,9993.761000,70.873000,487.012987,480.604037,460.000000,819,-27.012987,OpenLoop,NoFIFO,false,OpenLoop_NoFIFO
16.700071,-1,20,9999.909000,70.782000,485.871175,481.394107,460.000000,819,-25.871175,OpenLoop,NoFIFO,false,OpenLoop_NoFIFO
16.710070,-1,20,9999.612000,70.394000,482.998454,481.634759,460.000000,819,-22.998454,OpenLoop,NoFIFO,false,OpenLoop_NoFIFO
16.720074,-1,20,10003.482000,73.876000,483.473980,481.910643,460.000000,819,-23.473980,OpenLoop,NoFIFO,false,OpenLoop_NoFIFO
16.730070,-1,20,9995.778000,69.654000,478.573348,481.410048,460.000000,819,-18.573348,OpenLoop,NoFIFO,false,OpenLoop_NoFIFO
16.740073,-1,20,10003.260000,72.914000,474.855282,480.426833,460.000000,819,-14.855282,OpenLoop,NoFIFO,false,OpenLoop_NoFIFO
16.750071,-1,20,9997.964000,70.878000,477.290997,479.956458,460.000000,819,-17.290997,OpenLoop,NoFIFO,false,OpenLoop_NoFIFO
16.760074,-1,20,10002.779000,73.657000,472.400366,478.823044,460.000000,819,-12.400366,OpenLoop,NoFIFO,false,OpenLoop_NoFIFO
16.770073,-1,20,9998.963000,72.620000,473.484848,478.022315,460.000000,819,-13.484848,OpenLoop,NoFIFO,false,OpenLoop_NoFIFO
16.780074,-1,20,10001.186000,73.806000,478.316327,478.066417,460.000000,819,-18.316327,OpenLoop,NoFIFO,false,OpenLoop_NoFIFO
16.790072,-1,20,9998.557000,72.363000,477.099237,477.921340,460.000000,819,-17.099237,OpenLoop,NoFIFO,false,OpenLoop_NoFIFO
16.800073,-1,20,10000.852000,73.215000,483.722359,478.791492,460.000000,819,-23.722359,OpenLoop,NoFIFO,false,OpenLoop_NoFIFO
16.810072,-1,20,9999.019000,72.234000,484.997413,479.722381,460.000000,819,-24.997413,OpenLoop,NoFIFO,false,OpenLoop_NoFIFO
16.820073,-1,20,10000.649000,72.883000,483.700750,480.319136,460.000000,819,-23.700750,OpenLoop,NoFIFO,false,OpenLoop_NoFIFO
16.830072,-1,20,9999.390000,72.273000,486.414528,481.233445,460.000000,819,-26.414528,OpenLoop,NoFIFO,false,OpenLoop_NoFIFO
16.840073,-1,20,10000.260000,72.533000,483.927733,481.637588,460.000000,819,-23.927733,OpenLoop,NoFIFO,false,OpenLoop_NoFIFO
16.850071,-1,20,9998.316000,70.849000,480.417277,481.454541,460.000000,819,-20.417277,OpenLoop,NoFIFO,false,OpenLoop_NoFIFO
16.860074,-1,20,10002.834000,73.683000,478.072412,480.947222,460.000000,819,-18.072412,OpenLoop,NoFIFO,false,OpenLoop_NoFIFO
16.870073,-1,20,9999.278000,72.961000,475.543478,480.136660,460.000000,819,-15.543478,OpenLoop,NoFIFO,false,OpenLoop_NoFIFO
16.880073,-1,20,9999.871000,72.832000,472.480106,478.988177,460.000000,819,-12.480106,OpenLoop,NoFIFO,false,OpenLoop_NoFIFO
16.890071,-1,20,9998.131000,70.963000,478.316327,478.887400,460.000000,819,-18.316327,OpenLoop,NoFIFO,false,OpenLoop_NoFIFO
16.900072,-1,20,10001.186000,72.149000,474.924012,478.292892,460.000000,819,-14.924012,OpenLoop,NoFIFO,false,OpenLoop_NoFIFO
16.910073,-1,20,10000.574000,72.723000,479.247809,478.436129,460.000000,819,-19.247809,OpenLoop,NoFIFO,false,OpenLoop_NoFIFO
16.920071,-1,20,9998.390000,71.113000,483.496648,479.195207,460.000000,819,-23.496648,OpenLoop,NoFIFO,false,OpenLoop_NoFIFO
16.930074,-1,20,10002.538000,73.651000,484.154930,479.939165,460.000000,819,-24.154930,OpenLoop,NoFIFO,false,OpenLoop_NoFIFO
16.940072,-1,20,9997.982000,71.633000,486.946419,480.990253,460.000000,819,-26.946419,OpenLoop,NoFIFO,false,OpenLoop_NoFIFO
16.950072,-1,20,10000.482000,72.115000,485.522599,481.670105,460.000000,819,-25.522599,OpenLoop,NoFIFO,false,OpenLoop_NoFIFO
16.960072,-1,20,10000.353000,72.468000,482.462080,481.788901,460.000000,819,-22.462080,OpenLoop,NoFIFO,false,OpenLoop_NoFIFO
16.970072,-1,20,9999.723000,72.191000,482.794944,481.939808,460.000000,819,-22.794944,OpenLoop,NoFIFO,false,OpenLoop_NoFIFO
16.980072,-1,20,9999.667000,71.858000,478.059581,481.357774,460.000000,819,-18.059581,OpenLoop,NoFIFO,false,OpenLoop_NoFIFO
16.990072,-1,20,10000.372000,72.230000,474.397590,480.313746,460.000000,819,-14.397590,OpenLoop,NoFIFO,false,OpenLoop_NoFIFO
17.000071,-1,20,9998.945000,71.175000,476.371951,479.722477,460.000000,819,-16.371951,OpenLoop,NoFIFO,false,OpenLoop_NoFIFO
17.010072,-1,20,10000.649000,71.824000,472.802594,478.684495,460.000000,819,-12.802594,OpenLoop,NoFIFO,false,OpenLoop_NoFIFO
17.020072,-1,20,10000.260000,72.084000,474.493873,478.055901,460.000000,819,-14.493873,OpenLoop,NoFIFO,false,OpenLoop_NoFIFO
17.030073,-1,20,10000.612000,72.696000,479.428173,478.261742,460.000000,819,-19.428173,OpenLoop,NoFIFO,false,OpenLoop_NoFIFO
17.040072,-1,20,9999.019000,71.715000,478.573348,478.308483,460.000000,819,-18.573348,OpenLoop,NoFIFO,false,OpenLoop_NoFIFO
17.050071,-1,20,9999.575000,71.290000,484.154930,479.185450,460.000000,819,-24.154930,OpenLoop,NoFIFO,false,OpenLoop_NoFIFO
17.060073,-1,20,10001.611000,72.901000,486.149017,480.229985,460.000000,819,-26.149017,OpenLoop,NoFIFO,false,OpenLoop_NoFIFO
17.070073,-1,20,10000.038000,72.939000,484.837800,480.921157,460.000000,819,-24.837800,OpenLoop,NoFIFO,false,OpenLoop_NoFIFO
17.080072,-1,20,9998.890000,71.829000,486.760125,481.797002,460.000000,819,-26.760125,OpenLoop,NoFIFO,false,OpenLoop_NoFIFO
17.090072,-1,20,10000.204000,72.033000,483.722359,482.085806,460.000000,819,-23.722359,OpenLoop,NoFIFO,false,OpenLoop_NoFIFO
17.100072,-1,20,10000.242000,72.275000,479.785056,481.740693,460.000000,819,-19.785056,OpenLoop,NoFIFO,false,OpenLoop_NoFIFO
17.110072,-1,20,9999.908000,72.183000,478.548858,481.261918,460.000000,819,-18.548858,OpenLoop,NoFIFO,false,OpenLoop_NoFIFO
17.120072,-1,20,9999.501000,71.684000,475.253469,480.360651,460.000000,819,-15.253469,OpenLoop,NoFIFO,false,OpenLoop_NoFIFO
17.130073,-1,20,10001.075000,72.759000,473.050459,479.264122,460.000000,819,-13.050459,OpenLoop,NoFIFO,false,OpenLoop_NoFIFO
17.140072,-1,20,9999.463000,72.222000,477.157053,478.948061,460.000000,819,-17.157053,OpenLoop,NoFIFO,false,OpenLoop_NoFIFO
17.150071,-1,20,9999.057000,71.279000,474.746802,478.317872,460.000000,819,-14.746802,OpenLoop,NoFIFO,false,OpenLoop_NoFIFO
17.160072,-1,20,10000.482000,71.761000,478.094576,478.284378,460.000000,819,-18.094576,OpenLoop,NoFIFO,false,OpenLoop_NoFIFO
17.170073,-1,20,10000.871000,72.632000,484.035326,479.147020,460.000000,819,-24.035326,OpenLoop,NoFIFO,false,OpenLoop_NoFIFO
17.180072,-1,20,9999.501000,72.133000,483.021077,479.728129,460.000000,819,-23.021077,OpenLoop,NoFIFO,false,OpenLoop_NoFIFO
17.190072,-1,20,10000.297000,72.430000,487.479475,480.890831,460.000000,819,-27.479475,OpenLoop,NoFIFO,false,OpenLoop_NoFIFO
17.200071,-1,20,9998.686000,71.116000,485.522599,481.585596,460.000000,819,-25.522599,OpenLoop,NoFIFO,false,OpenLoop_NoFIFO
17.210074,-1,20,10003.315000,74.431000,482.253086,481.685719,460.000000,819,-22.253086,OpenLoop,NoFIFO,false,OpenLoop_NoFIFO
17.220073,-1,20,9999.057000,73.488000,484.198229,482.062596,460.000000,819,-24.198229,OpenLoop,NoFIFO,false,OpenLoop_NoFIFO
17.230073,-1,20,9999.019000,72.507000,479.294479,481.647378,460.000000,819,-19.294479,OpenLoop,NoFIFO,false,OpenLoop_NoFIFO
17.240072,-1,20,9999.593000,72.100000,476.464182,480.869899,460.000000,819,-16.464182,OpenLoop,NoFIFO,false,OpenLoop_NoFIFO
17.250074,-1,20,10002.131000,74.231000,476.779979,480.256411,460.000000,819,-16.779979,OpenLoop,NoFIFO,false,OpenLoop_NoFIFO
17.260072,-1,20,9998.056000,72.287000,473.920037,479.305955,460.000000,819,-13.920037,OpenLoop,NoFIFO,false,OpenLoop_NoFIFO
17.270071,-1,20,9998.260000,70.547000,473.988824,478.508385,460.000000,819,-13.988824,OpenLoop,NoFIFO,false,OpenLoop_NoFIFO
17.280086,-1,20,10015.927000,86.474000,481.015906,478.884513,460.000000,819,-21.015906,OpenLoop,NoFIFO,false,OpenLoop_NoFIFO
17.290081,-1,20,9994.371000,80.845000,479.014599,478.904026,460.000000,819,-19.014599,OpenLoop,NoFIFO,false,OpenLoop_NoFIFO
17.300079,-1,20,9998.186000,79.031000,484.997413,479.818034,460.000000,819,-24.997413,OpenLoop,NoFIFO,false,OpenLoop_NoFIFO
17.310076,-1,20,9997.297000,76.328000,486.668240,480.845565,460.000000,819,-26.668240,OpenLoop,NoFIFO,false,OpenLoop_NoFIFO
17.320077,-1,20,10000.241000,76.569000,483.772406,481.284591,460.000000,819,-23.772406,OpenLoop,NoFIFO,false,OpenLoop_NoFIFO
17.330076,-1,20,9999.464000,76.033000,487.128011,482.161104,460.000000,819,-27.128011,OpenLoop,NoFIFO,false,OpenLoop_NoFIFO
17.340077,-1,20,10001.353000,77.386000,483.995870,482.436319,460.000000,819,-23.995870,OpenLoop,NoFIFO,false,OpenLoop_NoFIFO
17.350077,-1,20,9999.797000,77.183000,480.097765,482.085536,460.000000,819,-20.097765,OpenLoop,NoFIFO,false,OpenLoop_NoFIFO
17.360077,-1,20,10000.167000,77.350000,480.380259,481.829744,460.000000,819,-20.380259,OpenLoop,NoFIFO,false,OpenLoop_NoFIFO
17.370075,-1,20,9997.482000,74.832000,476.003385,480.955790,460.000000,819,-16.003385,OpenLoop,NoFIFO,false,OpenLoop_NoFIFO
17.380077,-1,20,10002.501000,77.333000,473.963600,479.906962,460.000000,819,-13.963600,OpenLoop,NoFIFO,false,OpenLoop_NoFIFO
17.390075,-1,20,9997.427000,74.760000,477.620087,479.563931,460.000000,819,-17.620087,OpenLoop,NoFIFO,false,OpenLoop_NoFIFO
17.400080,-1,20,10004.797000,79.557000,475.000000,478.879341,460.000000,819,-15.000000,OpenLoop,NoFIFO,false,OpenLoop_NoFIFO
17.410075,-1,20,9995.519000,75.076000,478.760446,478.861507,460.000000,819,-18.760446,OpenLoop,NoFIFO,false,OpenLoop_NoFIFO
17.420079,-1,20,10003.519000,78.595000,484.562024,479.716584,460.000000,819,-24.562024,OpenLoop,NoFIFO,false,OpenLoop_NoFIFO
17.430075,-1,20,9995.909000,74.504000,483.700750,480.314209,460.000000,819,-23.700750,OpenLoop,NoFIFO,false,OpenLoop_NoFIFO
17.440077,-1,20,10002.315000,76.819000,487.479475,481.388999,460.000000,819,-27.479475,OpenLoop,NoFIFO,false,OpenLoop_NoFIFO
17.450074,-1,20,9997.168000,73.987000,486.209335,482.112049,460.000000,819,-26.209335,OpenLoop,NoFIFO,false,OpenLoop_NoFIFO
17.460077,-1,20,10003.500000,77.487000,483.995870,482.394623,460.000000,819,-23.995870,OpenLoop,NoFIFO,false,OpenLoop_NoFIFO
17.470086,-1,20,10008.649000,86.136000,484.382339,482.692780,460.000000,819,-24.382339,OpenLoop,NoFIFO,false,OpenLoop_NoFIFO
17.480082,-1,20,9996.316000,82.452000,479.294479,482.183035,460.000000,819,-19.294479,OpenLoop,NoFIFO,false,OpenLoop_NoFIFO
17.490079,-1,20,9996.260000,78.712000,476.003385,481.256087,460.000000,819,-16.003385,OpenLoop,NoFIFO,false,OpenLoop_NoFIFO
17.500076,-1,20,9997.612000,76.324000,476.779979,480.584671,460.000000,819,-16.779979,OpenLoop,NoFIFO,false,OpenLoop_NoFIFO
17.510073,-1,20,9996.334000,72.658000,474.626326,479.690919,460.000000,819,-14.626326,OpenLoop,NoFIFO,false,OpenLoop_NoFIFO
17.520081,-1,20,10008.426000,81.084000,474.924012,478.975883,460.000000,819,-14.924012,OpenLoop,NoFIFO,false,OpenLoop_NoFIFO
17.530075,-1,20,9994.131000,75.215000,481.356968,479.333046,460.000000,819,-21.356968,OpenLoop,NoFIFO,false,OpenLoop_NoFIFO
17.540077,-1,20,10001.500000,76.715000,479.294479,479.327261,460.000000,819,-19.294479,OpenLoop,NoFIFO,false,OpenLoop_NoFIFO
17.550074,-1,20,9997.668000,74.383000,483.960177,480.022198,460.000000,819,-23.960177,OpenLoop,NoFIFO,false,OpenLoop_NoFIFO
17.560076,-1,20,10002.001000,76.384000,488.535696,481.299223,460.000000,819,-28.535696,OpenLoop,NoFIFO,false,OpenLoop_NoFIFO
17.570075,-1,20,9998.426000,74.810000,484.154930,481.727579,460.000000,819,-24.154930,OpenLoop,NoFIFO,false,OpenLoop_NoFIFO
17.580075,-1,20,10000.279000,75.089000,487.012987,482.520390,460.000000,819,-27.012987,OpenLoop,NoFIFO,false,OpenLoop_NoFIFO
17.590074,-1,20,9999.223000,74.312000,483.960177,482.736358,460.000000,819,-23.960177,OpenLoop,NoFIFO,false,OpenLoop_NoFIFO
17.600077,-1,20,10002.371000,76.683000,479.539642,482.256851,460.000000,819,-19.539642,OpenLoop,NoFIFO,false,OpenLoop_NoFIFO
17.610075,-1,20,9998.334000,75.017000,479.247809,481.805494,460.000000,819,-19.247809,OpenLoop,NoFIFO,false,OpenLoop_NoFIFO
17.620076,-1,20,10001.482000,76.499000,475.761218,480.898853,460.000000,819,-15.761218,OpenLoop,NoFIFO,false,OpenLoop_NoFIFO
17.630074,-1,20,9997.760000,74.259000,472.833563,479.689059,460.000000,819,-12.833563,OpenLoop,NoFIFO,false,OpenLoop_NoFIFO
17.640076,-1,20,10002.038000,76.297000,476.524880,479.214432,460.000000,819,-16.524880,OpenLoop,NoFIFO,false,OpenLoop_NoFIFO
17.650074,-1,20,9997.464000,73.761000,473.940780,478.423385,460.000000,819,-13.940780,OpenLoop,NoFIFO,false,OpenLoop_NoFIFO
17.660076,-1,20,10002.667000,76.428000,477.828746,478.334189,460.000000,819,-17.828746,OpenLoop,NoFIFO,false,OpenLoop_NoFIFO
17.670075,-1,20,9998.205000,74.633000,484.675037,479.285316,460.000000,819,-24.675037,OpenLoop,NoFIFO,false,OpenLoop_NoFIFO
17.680074,-1,20,9999.260000,73.893000,482.501287,479.767712,460.000000,819,-22.501287,OpenLoop,NoFIFO,false,OpenLoop_NoFIFO
17.690075,-1,20,10001.371000,75.264000,485.294118,480.596673,460.000000,819,-25.294118,OpenLoop,NoFIFO,false,OpenLoop_NoFIFO
17.700078,-1,20,10002.260000,77.524000,487.746440,481.669138,460.000000,819,-27.746440,OpenLoop,NoFIFO,false,OpenLoop_NoFIFO
17.710074,-1,20,9996.741000,74.265000,483.247423,481.905880,460.000000,819,-23.247423,OpenLoop,NoFIFO,false,OpenLoop_NoFIFO
17.720078,-1,20,10003.908000,78.173000,484.746639,482.331994,460.000000,819,-24.746639,OpenLoop,NoFIFO,false,OpenLoop_NoFIFO
17.730074,-1,20,9995.537000,73.710000,478.781615,481.799437,460.000000,819,-18.781615,OpenLoop,NoFIFO,false,OpenLoop_NoFIFO
17.740074,-1,20,10000.204000,73.914000,475.253469,480.817542,460.000000,819,-15.253469,OpenLoop,NoFIFO,false,OpenLoop_NoFIFO
17.750074,-1,20,10000.019000,73.933000,476.327945,480.144102,460.000000,819,-16.327945,OpenLoop,NoFIFO,false,OpenLoop_NoFIFO
17.760078,-1,20,10003.630000,77.563000,475.253469,479.410507,460.000000,819,-15.253469,OpenLoop,NoFIFO,false,OpenLoop_NoFIFO
17.770075,-1,20,9996.945000,74.508000,474.397590,478.658570,460.000000,819,-14.397590,OpenLoop,NoFIFO,false,OpenLoop_NoFIFO
17.780076,-1,20,10001.148000,75.656000,480.769231,478.975169,460.000000,819,-20.769231,OpenLoop,NoFIFO,false,OpenLoop_NoFIFO
17.790074,-1,20,9998.427000,74.083000,480.417277,479.191485,460.000000,819,-20.417277,OpenLoop,NoFIFO,false,OpenLoop_NoFIFO
17.800076,-1,20,10002.167000,76.250000,482.998454,479.762530,460.000000,819,-22.998454,OpenLoop,NoFIFO,false,OpenLoop_NoFIFO
17.810075,-1,20,9998.278000,74.528000,488.050166,481.005676,460.000000,819,-28.050166,OpenLoop,NoFIFO,false,OpenLoop_NoFIFO
17.820076,-1,20,10001.482000,76.010000,482.723577,481.263361,460.000000,819,-22.723577,OpenLoop,NoFIFO,false,OpenLoop_NoFIFO
17.830074,-1,20,9998.296000,74.306000,485.522599,481.902247,460.000000,819,-25.522599,OpenLoop,NoFIFO,false,OpenLoop_NoFIFO
17.840077,-1,20,10003.019000,77.325000,484.746639,482.328906,460.000000,819,-24.746639,OpenLoop,NoFIFO,false,OpenLoop_NoFIFO
17.850075,-1,20,9998.111000,75.436000,479.714912,481.936807,460.000000,819,-19.714912,OpenLoop,NoFIFO,false,OpenLoop_NoFIFO
17.860077,-1,20,10001.538000,76.974000,479.294479,481.540457,460.000000,819,-19.294479,OpenLoop,NoFIFO,false,OpenLoop_NoFIFO
17.870075,-1,20,9998.519000,75.493000,476.003385,480.709896,460.000000,819,-16.003385,OpenLoop,NoFIFO,false,OpenLoop_NoFIFO
17.880077,-1,20,10001.148000,76.641000,473.233262,479.588401,460.000000,819,-13.233262,OpenLoop,NoFIFO,false,OpenLoop_NoFIFO
17.890074,-1,20,9997.649000,74.290000,477.388458,479.258410,460.000000,819,-17.388458,OpenLoop,NoFIFO,false,OpenLoop_NoFIFO
17.900073,-1,20,9998.611000,72.901000,477.099237,478.934534,460.000000,819,-17.099237,OpenLoop,NoFIFO,false,OpenLoop_NoFIFO
17.910076,-1,20,10002.778000,75.679000,479.481247,479.016541,460.000000,819,-19.481247,OpenLoop,NoFIFO,false,OpenLoop_NoFIFO
17.920077,-1,20,10001.186000,76.865000,486.760125,480.178078,460.000000,819,-26.760125,OpenLoop,NoFIFO,false,OpenLoop_NoFIFO
17.930074,-1,20,9997.389000,74.254000,483.700750,480.706479,460.000000,819,-23.700750,OpenLoop,NoFIFO,false,OpenLoop_NoFIFO
17.940075,-1,20,10000.815000,75.069000,486.414528,481.562686,460.000000,819,-26.414528,OpenLoop,NoFIFO,false,OpenLoop_NoFIFO
17.950074,-1,20,9999.204000,74.273000,487.358223,482.432017,460.000000,819,-27.358223,OpenLoop,NoFIFO,false,OpenLoop_NoFIFO
17.960076,-1,20,10001.760000,76.033000,483.247423,482.554328,460.000000,819,-23.247423,OpenLoop,NoFIFO,false,OpenLoop_NoFIFO
17.970074,-1,20,9997.796000,73.829000,483.960177,482.765205,460.000000,819,-23.960177,OpenLoop,NoFIFO,false,OpenLoop_NoFIFO
17.980081,-1,20,10007.019000,80.848000,478.560490,482.134498,460.000000,819,-18.560490,OpenLoop,NoFIFO,false,OpenLoop_NoFIFO
17.990086,-1,20,10004.741000,85.589000,474.746802,481.026343,460.000000,819,-14.746802,OpenLoop,NoFIFO,false,OpenLoop_NoFIFO
18.000076,-1,20,9990.297000,75.886000,475.888325,480.255641,460.000000,819,-15.888325,OpenLoop,NoFIFO,false,OpenLoop_NoFIFO
18.010074,-1,20,9997.834000,73.720000,475.000000,479.467295,460.000000,819,-15.000000,OpenLoop,NoFIFO,false,OpenLoop_NoFIFO
18.020073,-1,20,9998.796000,72.516000,474.397590,478.706839,460.000000,819,-14.397590,OpenLoop,NoFIFO,false,OpenLoop_NoFIFO
18.030075,-1,20,10002.649000,75.165000,480.522809,478.979234,460.000000,819,-20.522809,OpenLoop,NoFIFO,false,OpenLoop_NoFIFO
18.040073,-1,20,9997.648000,72.813000,479.481247,479.054536,460.000000,819,-19.481247,OpenLoop,NoFIFO,false,OpenLoop_NoFIFO
18.050079,-1,20,10005.723000,78.536000,483.247423,479.683469,460.000000,819,-23.247423,OpenLoop,NoFIFO,false,OpenLoop_NoFIFO
18.060076,-1,20,9997.815000,76.351000,488.050166,480.938474,460.000000,819,-28.050166,OpenLoop,NoFIFO,false,OpenLoop_NoFIFO
18.070079,-1,20,10003.074000,79.425000,481.939935,481.088693,460.000000,819,-21.939935,OpenLoop,NoFIFO,false,OpenLoop_NoFIFO
18.080077,-1,20,9997.945000,77.370000,485.065851,481.685267,460.000000,819,-25.065851,OpenLoop,NoFIFO,false,OpenLoop_NoFIFO
18.090074,-1,20,9996.204000,73.574000,484.997413,482.182089,460.000000,819,-24.997413,OpenLoop,NoFIFO,false,OpenLoop_NoFIFO
18.100072,-1,20,9998.704000,72.278000,479.247809,481.741947,460.000000,819,-19.247809,OpenLoop,NoFIFO,false,OpenLoop_NoFIFO
18.110072,-1,20,9999.982000,72.260000,478.781615,481.297897,460.000000,819,-18.781615,OpenLoop,NoFIFO,false,OpenLoop_NoFIFO
18.120072,-1,20,9999.852000,72.112000,474.924012,480.341814,460.000000,819,-14.924012,OpenLoop,NoFIFO,false,OpenLoop_NoFIFO
18.130071,-1,20,9999.112000,71.224000,473.484848,479.313269,460.000000,819,-13.484848,OpenLoop,NoFIFO,false,OpenLoop_NoFIFO
18.140073,-1,20,10001.296000,72.520000,475.761218,478.780462,460.000000,819,-15.761218,OpenLoop,NoFIFO,false,OpenLoop_NoFIFO
18.150072,-1,20,9999.426000,71.946000,476.694915,478.467630,460.000000,819,-16.694915,OpenLoop,NoFIFO,false,OpenLoop_NoFIFO
18.160071,-1,20,9999.464000,71.410000,478.804903,478.518221,460.000000,819,-18.804903,OpenLoop,NoFIFO,false,OpenLoop_NoFIFO
18.170072,-1,20,10000.815000,72.225000,485.631475,479.585209,460.000000,819,-25.631475,OpenLoop,NoFIFO,false,OpenLoop_NoFIFO
18.180071,-1,20,9998.611000,70.836000,483.746130,480.209347,460.000000,819,-23.746130,OpenLoop,NoFIFO,false,OpenLoop_NoFIFO
18.190072,-1,20,10001.056000,71.892000,484.609962,480.869439,460.000000,819,-24.609962,OpenLoop,NoFIFO,false,OpenLoop_NoFIFO
18.200071,-1,20,9999.260000,71.152000,487.773153,481.904996,460.000000,819,-27.773153,OpenLoop,NoFIFO,false,OpenLoop_NoFIFO
18.210071,-1,20,9999.667000,70.819000,482.773418,482.035260,460.000000,819,-22.773418,OpenLoop,NoFIFO,false,OpenLoop_NoFIFO
18.220071,-1,20,10000.000000,70.819000,483.995870,482.329351,460.000000,819,-23.995870,OpenLoop,NoFIFO,false,OpenLoop_NoFIFO
18.230071,-1,20,10000.649000,71.468000,479.247809,481.867120,460.000000,819,-19.247809,OpenLoop,NoFIFO,false,OpenLoop_NoFIFO
18.240071,-1,20,9999.833000,71.301000,474.746802,480.799072,460.000000,819,-14.746802,OpenLoop,NoFIFO,false,OpenLoop_NoFIFO
18.250072,-1,20,10000.593000,71.894000,476.548059,480.161420,460.000000,819,-16.548059,OpenLoop,NoFIFO,false,OpenLoop_NoFIFO
18.260071,-1,20,9998.834000,70.728000,474.241214,479.273389,460.000000,819,-14.241214,OpenLoop,NoFIFO,false,OpenLoop_NoFIFO
18.270072,-1,20,10000.945000,71.673000,473.940780,478.473498,460.000000,819,-13.940780,OpenLoop,NoFIFO,false,OpenLoop_NoFIFO
18.280075,-1,20,10003.444000,75.117000,480.030722,478.707082,460.000000,819,-20.030722,OpenLoop,NoFIFO,false,OpenLoop_NoFIFO
18.290069,-1,20,9994.241000,69.358000,479.948805,478.893340,460.000000,819,-19.948805,OpenLoop,NoFIFO,false,OpenLoop_NoFIFO
18.300073,-1,20,10003.649000,73.007000,482.723577,479.467876,460.000000,819,-22.723577,OpenLoop,NoFIFO,false,OpenLoop_NoFIFO
18.310071,-1,20,9997.815000,70.822000,487.819300,480.720589,460.000000,819,-27.819300,OpenLoop,NoFIFO,false,OpenLoop_NoFIFO
18.320075,-1,20,10004.074000,74.896000,482.501287,480.987694,460.000000,819,-22.501287,OpenLoop,NoFIFO,false,OpenLoop_NoFIFO
18.330069,-1,20,9994.297000,69.193000,485.152785,481.612458,460.000000,819,-25.152785,OpenLoop,NoFIFO,false,OpenLoop_NoFIFO
18.340094,-1,20,10024.871000,94.064000,483.995870,481.969969,460.000000,819,-23.995870,OpenLoop,NoFIFO,false,OpenLoop_NoFIFO
18.350077,-1,20,9983.407000,77.471000,478.760446,481.488541,460.000000,819,-18.760446,OpenLoop,NoFIFO,false,OpenLoop_NoFIFO
18.360074,-1,20,9996.297000,73.768000,478.573348,481.051262,460.000000,819,-18.573348,OpenLoop,NoFIFO,false,OpenLoop_NoFIFO
18.370073,-1,20,9999.408000,73.176000,475.313858,480.190651,460.000000,819,-15.313858,OpenLoop,NoFIFO,false,OpenLoop_NoFIFO
18.380071,-1,20,9998.278000,71.454000,472.480106,479.034069,460.000000,819,-12.480106,OpenLoop,NoFIFO,false,OpenLoop_NoFIFO
18.390079,-1,20,10007.685000,79.139000,476.988899,478.727294,460.000000,819,-16.988899,OpenLoop,NoFIFO,false,OpenLoop_NoFIFO
18.400075,-1,20,9996.130000,75.269000,476.779979,478.435197,460.000000,819,-16.779979,OpenLoop,NoFIFO,false,OpenLoop_NoFIFO
18.410073,-1,20,9997.427000,72.696000,479.428173,478.584143,460.000000,819,-19.428173,OpenLoop,NoFIFO,false,OpenLoop_NoFIFO
18.420073,-1,20,9999.852000,72.548000,486.414528,479.758701,460.000000,819,-26.414528,OpenLoop,NoFIFO,false,OpenLoop_NoFIFO
18.430073,-1,20,10000.667000,73.215000,483.927733,480.384056,460.000000,819,-23.927733,OpenLoop,NoFIFO,false,OpenLoop_NoFIFO
18.440072,-1,20,9998.334000,71.549000,485.751295,481.189142,460.000000,819,-25.751295,OpenLoop,NoFIFO,false,OpenLoop_NoFIFO
18.450073,-1,20,10001.611000,73.160000,487.073231,482.071755,460.000000,819,-27.073231,OpenLoop,NoFIFO,false,OpenLoop_NoFIFO
18.460072,-1,20,9999.037000,72.197000,482.998454,482.210760,460.000000,819,-22.998454,OpenLoop,NoFIFO,false,OpenLoop_NoFIFO
18.470076,-1,20,10004.075000,76.272000,482.794944,482.298388,460.000000,819,-22.794944,OpenLoop,NoFIFO,false,OpenLoop_NoFIFO
18.480077,-1,20,10000.370000,76.642000,479.088219,481.816862,460.000000,819,-19.088219,OpenLoop,NoFIFO,false,OpenLoop_NoFIFO
18.490076,-1,20,9998.871000,75.513000,476.108033,480.960538,460.000000,819,-16.108033,OpenLoop,NoFIFO,false,OpenLoop_NoFIFO
18.500077,-1,20,10001.149000,76.662000,476.524880,480.295189,460.000000,819,-16.524880,OpenLoop,NoFIFO,false,OpenLoop_NoFIFO
18.510075,-1,20,9997.944000,74.606000,474.626326,479.444860,460.000000,819,-14.626326,OpenLoop,NoFIFO,false,OpenLoop_NoFIFO
18.520077,-1,20,10002.501000,77.107000,473.736702,478.588636,460.000000,819,-13.736702,OpenLoop,NoFIFO,false,OpenLoop_NoFIFO
18.530075,-1,20,9997.426000,74.533000,479.874360,478.781495,460.000000,819,-19.874360,OpenLoop,NoFIFO,false,OpenLoop_NoFIFO
18.540077,-1,20,10002.852000,77.385000,480.899028,479.099125,460.000000,819,-20.899028,OpenLoop,NoFIFO,false,OpenLoop_NoFIFO
18.550074,-1,20,9997.075000,74.460000,482.569022,479.619609,460.000000,819,-22.569022,OpenLoop,NoFIFO,false,OpenLoop_NoFIFO
18.560077,-1,20,10002.555000,77.015000,488.535696,480.957022,460.000000,819,-28.535696,OpenLoop,NoFIFO,false,OpenLoop_NoFIFO
18.570074,-1,20,9997.445000,74.460000,484.609962,481.504963,460.000000,819,-24.609962,OpenLoop,NoFIFO,false,OpenLoop_NoFIFO
18.580078,-1,20,10003.112000,77.572000,485.089869,482.042699,460.000000,819,-25.089869,OpenLoop,NoFIFO,false,OpenLoop_NoFIFO
18.590074,-1,20,9996.537000,74.109000,486.438679,482.702096,460.000000,819,-26.438679,OpenLoop,NoFIFO,false,OpenLoop_NoFIFO
18.600079,-1,20,10005.352000,79.461000,479.088219,482.160015,460.000000,819,-19.088219,OpenLoop,NoFIFO,false,OpenLoop_NoFIFO
18.610077,-1,20,9997.223000,76.684000,478.316327,481.583461,460.000000,819,-18.316327,OpenLoop,NoFIFO,false,OpenLoop_NoFIFO
18.620077,-1,20,10000.093000,76.777000,476.015500,480.748267,460.000000,819,-16.015500,OpenLoop,NoFIFO,false,OpenLoop_NoFIFO
18.630074,-1,20,9996.982000,73.759000,473.712705,479.692933,460.000000,819,-13.712705,OpenLoop,NoFIFO,false,OpenLoop_NoFIFO
18.640082,-1,20,10008.259000,82.018000,477.585329,479.376792,460.000000,819,-17.585329,OpenLoop,NoFIFO,false,OpenLoop_NoFIFO
18.650081,-1,20,9999.019000,81.037000,477.157053,479.043831,460.000000,819,-17.157053,OpenLoop,NoFIFO,false,OpenLoop_NoFIFO
18.660078,-1,20,9997.223000,78.260000,478.560490,478.971330,460.000000,819,-18.560490,OpenLoop,NoFIFO,false,OpenLoop_NoFIFO
18.670076,-1,20,9997.981000,76.241000,484.837800,479.851301,460.000000,819,-24.837800,OpenLoop,NoFIFO,false,OpenLoop_NoFIFO
18.680075,-1,20,9998.316000,74.557000,485.354223,480.676739,460.000000,819,-25.354223,OpenLoop,NoFIFO,false,OpenLoop_NoFIFO
18.690075,-1,20,10000.759000,75.316000,484.609962,481.266722,460.000000,819,-24.609962,OpenLoop,NoFIFO,false,OpenLoop_NoFIFO
18.700074,-1,20,9998.649000,73.965000,488.281250,482.318902,460.000000,819,-28.281250,OpenLoop,NoFIFO,false,OpenLoop_NoFIFO
18.710075,-1,20,10001.129000,75.094000,482.773418,482.387079,460.000000,819,-22.773418,OpenLoop,NoFIFO,false,OpenLoop_NoFIFO
18.720076,-1,20,10001.074000,76.168000,482.253086,482.366980,460.000000,819,-22.253086,OpenLoop,NoFIFO,false,OpenLoop_NoFIFO
18.730075,-1,20,9998.796000,74.964000,479.481247,481.934120,460.000000,819,-19.481247,OpenLoop,NoFIFO,false,OpenLoop_NoFIFO
18.740076,-1,20,10001.334000,76.298000,475.405680,480.954854,460.000000,819,-15.405680,OpenLoop,NoFIFO,false,OpenLoop_NoFIFO
18.750074,-1,20,9998.148000,74.446000,476.694915,480.315863,460.000000,819,-16.694915,OpenLoop,NoFIFO,false,OpenLoop_NoFIFO
18.760076,-1,20,10001.111000,75.557000,474.241214,479.404666,460.000000,819,-14.241214,OpenLoop,NoFIFO,false,OpenLoop_NoFIFO
18.770075,-1,20,9999.166000,74.723000,475.668819,478.844289,460.000000,819,-15.668819,OpenLoop,NoFIFO,false,OpenLoop_NoFIFO
18.780076,-1,20,10001.611000,76.334000,480.639504,479.113571,460.000000,819,-20.639504,OpenLoop,NoFIFO,false,OpenLoop_NoFIFO
18.790074,-1,20,9997.741000,74.075000,481.892523,479.530414,460.000000,819,-21.892523,OpenLoop,NoFIFO,false,OpenLoop_NoFIFO
18.800076,-1,20,10002.370000,76.445000,482.985358,480.048656,460.000000,819,-22.985358,OpenLoop,NoFIFO,false,OpenLoop_NoFIFO
18.810074,-1,20,9997.722000,74.167000,488.744076,481.352969,460.000000,819,-28.744076,OpenLoop,NoFIFO,false,OpenLoop_NoFIFO
18.820078,-1,20,10003.463000,77.630000,484.746639,481.862019,460.000000,819,-24.746639,OpenLoop,NoFIFO,false,OpenLoop_NoFIFO
18.830074,-1,20,9996.037000,73.667000,484.913793,482.319785,460.000000,819,-24.913793,OpenLoop,NoFIFO,false,OpenLoop_NoFIFO
18.840077,-1,20,10003.315000,76.982000,487.012987,483.023766,460.000000,819,-27.012987,OpenLoop,NoFIFO,false,OpenLoop_NoFIFO
18.850074,-1,20,9996.722000,73.704000,478.538283,482.350943,460.000000,819,-18.538283,OpenLoop,NoFIFO,false,OpenLoop_NoFIFO
18.860077,-1,20,10003.019000,76.723000,478.316327,481.745751,460.000000,819,-18.316327,OpenLoop,NoFIFO,false,OpenLoop_NoFIFO
18.870076,-1,20,9999.240000,75.963000,475.773320,480.849886,460.000000,819,-15.773320,OpenLoop,NoFIFO,false,OpenLoop_NoFIFO
18.880076,-1,20,10000.333000,76.296000,473.736702,479.782909,460.000000,819,-13.736702,OpenLoop,NoFIFO,false,OpenLoop_NoFIFO
18.890074,-1,20,9997.963000,74.259000,476.327945,479.264664,460.000000,819,-16.327945,OpenLoop,NoFIFO,false,OpenLoop_NoFIFO
18.900076,-1,20,10001.463000,75.722000,476.779979,478.891961,460.000000,819,-16.779979,OpenLoop,NoFIFO,false,OpenLoop_NoFIFO
18.910074,-1,20,9998.630000,74.352000,479.205390,478.938976,460.000000,819,-19.205390,OpenLoop,NoFIFO,false,OpenLoop_NoFIFO
18.920076,-1,20,10001.259000,75.611000,486.149017,480.020482,460.000000,819,-26.149017,OpenLoop,NoFIFO,false,OpenLoop_NoFIFO
18.930075,-1,20,9999.444000,75.055000,485.522599,480.845799,460.000000,819,-25.522599,OpenLoop,NoFIFO,false,OpenLoop_NoFIFO
18.940076,-1,20,10001.056000,76.111000,483.496648,481.243427,460.000000,819,-23.496648,OpenLoop,NoFIFO,false,OpenLoop_NoFIFO
18.950074,-1,20,9998.166000,74.277000,488.050166,482.264437,460.000000,819,-28.050166,OpenLoop,NoFIFO,false,OpenLoop_NoFIFO
18.960077,-1,20,10002.371000,76.648000,482.985358,482.372576,460.000000,819,-22.985358,OpenLoop,NoFIFO,false,OpenLoop_NoFIFO
18.970074,-1,20,9997.092000,73.740000,481.667445,482.266806,460.000000,819,-21.667445,OpenLoop,NoFIFO,false,OpenLoop_NoFIFO
18.980076,-1,20,10001.852000,75.592000,481.679286,482.178678,460.000000,819,-21.679286,OpenLoop,NoFIFO,false,OpenLoop_NoFIFO
18.990074,-1,20,9998.444000,74.036000,475.011515,481.103604,460.000000,819,-15.011515,OpenLoop,NoFIFO,false,OpenLoop_NoFIFO
19.000076,-1,20,10001.611000,75.647000,476.015500,480.340388,460.000000,819,-16.015500,OpenLoop,NoFIFO,false,OpenLoop_NoFIFO
19.010075,-1,20,9999.093000,74.740000,474.626326,479.483279,460.000000,819,-14.626326,OpenLoop,NoFIFO,false,OpenLoop_NoFIFO
19.020077,-1,20,10001.777000,76.517000,473.988824,478.659110,460.000000,819,-13.988824,OpenLoop,NoFIFO,false,OpenLoop_NoFIFO
19.030074,-1,20,9997.148000,73.665000,480.769231,478.975629,460.000000,819,-20.769231,OpenLoop,NoFIFO,false,OpenLoop_NoFIFO
19.040076,-1,20,10001.982000,75.647000,481.418919,479.342122,460.000000,819,-21.418919,OpenLoop,NoFIFO,false,OpenLoop_NoFIFO
19.050083,-1,20,10007.314000,82.961000,483.722359,479.999158,460.000000,819,-23.722359,OpenLoop,NoFIFO,false,OpenLoop_NoFIFO
19.060082,-1,20,9998.630000,81.591000,487.358223,481.103017,460.000000,819,-27.358223,OpenLoop,NoFIFO,false,OpenLoop_NoFIFO
19.070073,-1,20,9991.889000,73.480000,484.562024,481.621868,460.000000,819,-24.562024,OpenLoop,NoFIFO,false,OpenLoop_NoFIFO
19.080072,-1,20,9998.574000,72.054000,485.065851,482.138466,460.000000,819,-25.065851,OpenLoop,NoFIFO,false,OpenLoop_NoFIFO
19.090076,-1,20,10003.481000,75.535000,486.414528,482.779875,460.000000,819,-26.414528,OpenLoop,NoFIFO,false,OpenLoop_NoFIFO
19.100079,-1,20,10003.796000,79.331000,479.428173,482.277120,460.000000,819,-19.428173,OpenLoop,NoFIFO,false,OpenLoop_NoFIFO
19.110073,-1,20,9993.186000,72.517000,477.388458,481.543820,460.000000,819,-17.388458,OpenLoop,NoFIFO,false,OpenLoop_NoFIFO
19.120070,-1,20,9997.814000,70.331000,477.035351,480.867550,460.000000,819,-17.035351,OpenLoop,NoFIFO,false,OpenLoop_NoFIFO
19.130070,-1,20,9999.945000,70.276000,473.484848,479.760145,460.000000,819,-13.484848,OpenLoop,NoFIFO,false,OpenLoop_NoFIFO
19.140070,-1,20,9999.537000,69.813000,476.015500,479.198448,460.000000,819,-16.015500,OpenLoop,NoFIFO,false,OpenLoop_NoFIFO
19.150070,-1,20,10000.055000,69.868000,475.773320,478.684679,460.000000,819,-15.773320,OpenLoop,NoFIFO,false,OpenLoop_NoFIFO
19.160073,-1,20,10003.500000,73.368000,478.316327,478.629426,460.000000,819,-18.316327,OpenLoop,NoFIFO,false,OpenLoop_NoFIFO
19.170075,-1,20,10001.518000,74.886000,484.298532,479.479792,460.000000,819,-24.298532,OpenLoop,NoFIFO,false,OpenLoop_NoFIFO
19.180091,-1,20,10016.019000,90.905000,484.746639,480.269819,460.000000,819,-24.746639,OpenLoop,NoFIFO,false,OpenLoop_NoFIFO
19.190085,-1,20,9994.185000,85.090000,484.382339,480.886697,460.000000,819,-24.382339,OpenLoop,NoFIFO,false,OpenLoop_NoFIFO
19.200094,-1,20,10008.796000,93.886000,488.535696,482.034047,460.000000,819,-28.535696,OpenLoop,NoFIFO,false,OpenLoop_NoFIFO
19.210086,-1,20,9992.611000,86.497000,483.496648,482.253437,460.000000,819,-23.496648,OpenLoop,NoFIFO,false,OpenLoop_NoFIFO
19.220073,-1,20,9986.611000,73.108000,481.667445,482.165538,460.000000,819,-21.667445,OpenLoop,NoFIFO,false,OpenLoop_NoFIFO
19.230082,-1,20,10009.241000,82.349000,481.158833,482.014532,460.000000,819,-21.158833,OpenLoop,NoFIFO,false,OpenLoop_NoFIFO
19.240077,-1,20,9994.389000,76.738000,474.792818,480.931275,460.000000,819,-14.792818,OpenLoop,NoFIFO,false,OpenLoop_NoFIFO
19.250068,-1,20,9991.703000,68.441000,476.015500,480.193909,460.000000,819,-16.015500,OpenLoop,NoFIFO,false,OpenLoop_NoFIFO
19.260074,-1,20,10005.278000,73.719000,475.773320,479.530821,460.000000,819,-15.773320,OpenLoop,NoFIFO,false,OpenLoop_NoFIFO
19.270073,-1,20,9999.111000,72.830000,475.507208,478.927279,460.000000,819,-15.507208,OpenLoop,NoFIFO,false,OpenLoop_NoFIFO
19.280073,-1,20,10000.204000,73.034000,481.217919,479.270875,460.000000,819,-21.217919,OpenLoop,NoFIFO,false,OpenLoop_NoFIFO
19.290072,-1,20,9999.444000,72.478000,481.757451,479.643861,460.000000,819,-21.757451,OpenLoop,NoFIFO,false,OpenLoop_NoFIFO
19.300073,-1,20,10000.426000,72.904000,483.960177,480.291309,460.000000,819,-23.960177,OpenLoop,NoFIFO,false,OpenLoop_NoFIFO
19.310072,-1,20,9998.963000,71.867000,489.045383,481.604420,460.000000,819,-29.045383,OpenLoop,NoFIFO,false,OpenLoop_NoFIFO
19.320073,-1,20,10000.685000,72.552000,485.294118,482.157874,460.000000,819,-25.294118,OpenLoop,NoFIFO,false,OpenLoop_NoFIFO
19.330072,-1,20,9999.814000,72.366000,483.509772,482.360659,460.000000,819,-23.509772,OpenLoop,NoFIFO,false,OpenLoop_NoFIFO
19.340082,-1,20,10009.685000,82.051000,486.209335,482.937961,460.000000,819,-26.209335,OpenLoop,NoFIFO,false,OpenLoop_NoFIFO
19.350081,-1,20,9998.852000,80.903000,477.828746,482.171578,460.000000,819,-17.828746,OpenLoop,NoFIFO,false,OpenLoop_NoFIFO
19.360076,-1,20,9994.778000,75.681000,477.342159,481.447165,460.000000,819,-17.342159,OpenLoop,NoFIFO,false,OpenLoop_NoFIFO
19.370075,-1,20,9999.500000,75.181000,477.620087,480.873104,460.000000,819,-17.620087,OpenLoop,NoFIFO,false,OpenLoop_NoFIFO
19.380075,-1,20,9999.926000,75.107000,472.575612,479.628480,460.000000,819,-12.575612,OpenLoop,NoFIFO,false,OpenLoop_NoFIFO
19.390075,-1,20,10000.092000,75.199000,476.130015,479.103710,460.000000,819,-16.130015,OpenLoop,NoFIFO,false,OpenLoop_NoFIFO
19.400094,-1,20,10018.592000,93.791000,477.290997,478.831803,460.000000,819,-17.290997,OpenLoop,NoFIFO,false,OpenLoop_NoFIFO
19.410079,-1,20,9985.056000,78.847000,479.205390,478.887841,460.000000,819,-19.205390,OpenLoop,NoFIFO,false,OpenLoop_NoFIFO
19.420073,-1,20,9994.463000,73.310000,485.354223,479.857799,460.000000,819,-25.354223,OpenLoop,NoFIFO,false,OpenLoop_NoFIFO
19.430073,-1,20,9999.333000,72.643000,485.751295,480.741823,460.000000,819,-25.751295,OpenLoop,NoFIFO,false,OpenLoop_NoFIFO
19.440072,-1,20,9999.519000,72.162000,484.496124,481.304968,460.000000,819,-24.496124,OpenLoop,NoFIFO,false,OpenLoop_NoFIFO
19.450075,-1,20,10002.888000,75.050000,487.819300,482.282118,460.000000,819,-27.819300,OpenLoop,NoFIFO,false,OpenLoop_NoFIFO
19.460073,-1,20,9997.741000,72.791000,484.298532,482.584580,460.000000,819,-24.298532,OpenLoop,NoFIFO,false,OpenLoop_NoFIFO
19.470107,-1,20,10034.037000,106.828000,481.892523,482.480772,460.000000,819,-21.892523,OpenLoop,NoFIFO,false,OpenLoop_NoFIFO
19.480086,-1,20,9979.222000,86.050000,480.030722,482.113264,460.000000,819,-20.030722,OpenLoop,NoFIFO,false,OpenLoop_NoFIFO
19.490078,-1,20,9992.426000,78.476000,474.626326,480.990223,460.000000,819,-14.626326,OpenLoop,NoFIFO,false,OpenLoop_NoFIFO
19.500078,-1,20,9999.241000,77.717000,475.507208,480.167771,460.000000,819,-15.507208,OpenLoop,NoFIFO,false,OpenLoop_NoFIFO
19.510075,-1,20,9997.611000,75.328000,475.888325,479.525854,460.000000,819,-15.888325,OpenLoop,NoFIFO,false,OpenLoop_NoFIFO
19.520078,-1,20,10002.370000,77.698000,475.000000,478.846976,460.000000,819,-15.000000,OpenLoop,NoFIFO,false,OpenLoop_NoFIFO
19.530075,-1,20,9997.129000,74.827000,480.545200,479.101710,460.000000,819,-20.545200,OpenLoop,NoFIFO,false,OpenLoop_NoFIFO
19.540076,-1,20,10001.352000,76.179000,481.679286,479.488346,460.000000,819,-21.679286,OpenLoop,NoFIFO,false,OpenLoop_NoFIFO
19.550073,-1,20,9997.111000,73.290000,484.382339,480.222445,460.000000,819,-24.382339,OpenLoop,NoFIFO,false,OpenLoop_NoFIFO
19.560079,-1,20,10006.204000,79.494000,488.027069,481.393139,460.000000,819,-28.027069,OpenLoop,NoFIFO,false,OpenLoop_NoFIFO
19.570075,-1,20,9995.648000,75.142000,485.152785,481.957086,460.000000,819,-25.152785,OpenLoop,NoFIFO,false,OpenLoop_NoFIFO
19.580077,-1,20,10001.481000,76.623000,482.998454,482.113291,460.000000,819,-22.998454,OpenLoop,NoFIFO,false,OpenLoop_NoFIFO
19.590075,-1,20,9998.000000,74.623000,485.294118,482.590415,460.000000,819,-25.294118,OpenLoop,NoFIFO,false,OpenLoop_NoFIFO
19.600077,-1,20,10001.982000,76.605000,478.830645,482.026449,460.000000,819,-18.830645,OpenLoop,NoFIFO,false,OpenLoop_NoFIFO
19.610075,-1,20,9998.277000,74.882000,476.694915,481.226719,460.000000,819,-16.694915,OpenLoop,NoFIFO,false,OpenLoop_NoFIFO
19.620076,-1,20,10000.945000,75.827000,478.316327,480.790160,460.000000,819,-18.316327,OpenLoop,NoFIFO,false,OpenLoop_NoFIFO
19.630074,-1,20,9998.518000,74.345000,473.257212,479.660218,460.000000,819,-13.257212,OpenLoop,NoFIFO,false,OpenLoop_NoFIFO
19.640076,-1,20,10001.463000,75.808000,476.015500,479.113510,460.000000,819,-16.015500,OpenLoop,NoFIFO,false,OpenLoop_NoFIFO
19.650074,-1,20,9998.167000,73.975000,478.760446,479.060551,460.000000,819,-18.760446,OpenLoop,NoFIFO,false,OpenLoop_NoFIFO
19.660076,-1,20,10001.888000,75.863000,479.088219,479.064701,460.000000,819,-19.088219,OpenLoop,NoFIFO,false,OpenLoop_NoFIFO
19.670075,-1,20,9999.482000,75.345000,484.837800,479.930666,460.000000,819,-24.837800,OpenLoop,NoFIFO,false,OpenLoop_NoFIFO
19.680077,-1,20,10001.185000,76.530000,485.354223,480.744199,460.000000,819,-25.354223,OpenLoop,NoFIFO,false,OpenLoop_NoFIFO
19.690074,-1,20,9997.481000,74.011000,485.522599,481.460959,460.000000,819,-25.522599,OpenLoop,NoFIFO,false,OpenLoop_NoFIFO
19.700076,-1,20,10001.833000,75.844000,487.773153,482.407788,460.000000,819,-27.773153,OpenLoop,NoFIFO,false,OpenLoop_NoFIFO
19.710074,-1,20,9997.908000,73.752000,484.609962,482.738114,460.000000,819,-24.609962,OpenLoop,NoFIFO,false,OpenLoop_NoFIFO
19.720076,-1,20,10002.536000,76.288000,480.380259,482.384436,460.000000,819,-20.380259,OpenLoop,NoFIFO,false,OpenLoop_NoFIFO
19.730074,-1,20,9998.148000,74.436000,480.545200,482.108551,460.000000,819,-20.545200,OpenLoop,NoFIFO,false,OpenLoop_NoFIFO
19.740076,-1,20,10001.869000,76.305000,474.746802,481.004288,460.000000,819,-14.746802,OpenLoop,NoFIFO,false,OpenLoop_NoFIFO
19.750073,-1,20,9997.093000,73.398000,474.626326,480.047594,460.000000,819,-14.626326,OpenLoop,NoFIFO,false,OpenLoop_NoFIFO
19.760073,-1,20,9999.721000,73.119000,478.316327,479.787904,460.000000,819,-18.316327,OpenLoop,NoFIFO,false,OpenLoop_NoFIFO
19.770074,-1,20,10000.592000,73.711000,474.574321,479.005867,460.000000,819,-14.574321,OpenLoop,NoFIFO,false,OpenLoop_NoFIFO
19.780076,-1,20,10002.296000,76.007000,480.899028,479.289841,460.000000,819,-20.899028,OpenLoop,NoFIFO,false,OpenLoop_NoFIFO
19.790073,-1,20,9997.463000,73.470000,481.892523,479.680243,460.000000,819,-21.892523,OpenLoop,NoFIFO,false,OpenLoop_NoFIFO
19.800075,-1,20,10001.777000,75.247000,484.298532,480.372986,460.000000,819,-24.298532,OpenLoop,NoFIFO,false,OpenLoop_NoFIFO
19.810077,-1,20,10002.166000,77.413000,486.957995,481.360738,460.000000,819,-26.957995,OpenLoop,NoFIFO,false,OpenLoop_NoFIFO
19.820077,-1,20,9999.851000,77.264000,485.354223,481.959761,460.000000,819,-25.354223,OpenLoop,NoFIFO,false,OpenLoop_NoFIFO
19.830075,-1,20,9997.889000,75.153000,484.382339,482.323147,460.000000,819,-24.382339,OpenLoop,NoFIFO,false,OpenLoop_NoFIFO
19.840077,-1,20,10001.851000,77.004000,485.248447,482.761942,460.000000,819,-25.248447,OpenLoop,NoFIFO,false,OpenLoop_NoFIFO
19.850076,-1,20,9998.722000,75.726000,479.247809,482.234822,460.000000,819,-19.247809,OpenLoop,NoFIFO,false,OpenLoop_NoFIFO
19.860076,-1,20,10000.518000,76.244000,476.779979,481.416596,460.000000,819,-16.779979,OpenLoop,NoFIFO,false,OpenLoop_NoFIFO
19.870076,-1,20,10000.055000,76.299000,477.430556,480.818690,460.000000,819,-17.430556,OpenLoop,NoFIFO,false,OpenLoop_NoFIFO
19.880076,-1,20,9999.851000,76.150000,471.979332,479.492786,460.000000,819,-11.979332,OpenLoop,NoFIFO,false,OpenLoop_NoFIFO
19.890076,-1,20,10000.185000,76.335000,476.464182,479.038495,460.000000,819,-16.464182,OpenLoop,NoFIFO,false,OpenLoop_NoFIFO
19.900077,-1,20,10000.333000,76.668000,479.049566,479.040156,460.000000,819,-19.049566,OpenLoop,NoFIFO,false,OpenLoop_NoFIFO
19.910079,-1,20,10002.092000,78.760000,479.604200,479.124763,460.000000,819,-19.604200,OpenLoop,NoFIFO,false,OpenLoop_NoFIFO
19.920077,-1,20,9998.295000,77.055000,483.927733,479.845208,460.000000,819,-23.927733,OpenLoop,NoFIFO,false,OpenLoop_NoFIFO
19.930080,-1,20,10002.593000,79.648000,487.266112,480.958344,460.000000,819,-27.266112,OpenLoop,NoFIFO,false,OpenLoop_NoFIFO
19.940078,-1,20,9998.573000,78.221000,485.392012,481.623394,460.000000,819,-25.392012,OpenLoop,NoFIFO,false,OpenLoop_NoFIFO
19.950075,-1,20,9997.000000,75.221000,486.760125,482.393904,460.000000,819,-26.760125,OpenLoop,NoFIFO,false,OpenLoop_NoFIFO
19.960080,-1,20,10004.721000,79.942000,485.065851,482.794696,460.000000,819,-25.065851,OpenLoop,NoFIFO,false,OpenLoop_NoFIFO
19.970087,-1,20,10007.481000,87.423000,480.769231,482.490876,460.000000,819,-20.769231,OpenLoop,NoFIFO,false,OpenLoop_NoFIFO
19.980076,-1,20,9989.055000,76.478000,480.417277,482.179836,460.000000,819,-20.417277,OpenLoop,NoFIFO,false,OpenLoop_NoFIFO
19.990074,-1,20,9997.074000,73.552000,475.164724,481.127569,460.000000,819,-15.164724,OpenLoop,NoFIFO,false,OpenLoop_NoFIFO
20.000073,-1,20,9999.666000,73.218000,474.169075,480.083795,460.000000,819,-14.169075,OpenLoop,NoFIFO,false,OpenLoop_NoFIFO
20.010072,-1,20,9999.055000,72.273000,477.290997,479.664875,460.000000,819,-17.290997,OpenLoop,NoFIFO,false,OpenLoop_NoFIFO
20.020072,-1,20,9999.740000,72.013000,473.484848,478.737871,460.000000,819,-13.484848,OpenLoop,NoFIFO,false,OpenLoop_NoFIFO
20.030071,-1,20,9999.111000,71.124000,479.294479,478.821362,460.000000,819,-19.294479,OpenLoop,NoFIFO,false,OpenLoop_NoFIFO
20.040073,-1,20,10001.666000,72.790000,482.300343,479.343210,460.000000,819,-22.300343,OpenLoop,NoFIFO,false,OpenLoop_NoFIFO
20.050072,-1,20,9999.148000,71.938000,483.496648,479.966225,460.000000,819,-23.496648,OpenLoop,NoFIFO,false,OpenLoop_NoFIFO
20.060072,-1,20,10000.481000,72.419000,486.438679,480.937093,460.000000,819,-26.438679,OpenLoop,NoFIFO,false,OpenLoop_NoFIFO
20.070072,-1,20,9999.629000,72.048000,485.618866,481.639359,460.000000,819,-25.618866,OpenLoop,NoFIFO,false,OpenLoop_NoFIFO
20.080072,-1,20,10000.425000,72.473000,484.609962,482.084950,460.000000,819,-24.609962,OpenLoop,NoFIFO,false,OpenLoop_NoFIFO
20.090079,-1,20,10007.018000,79.491000,486.003110,482.672674,460.000000,819,-26.003110,OpenLoop,NoFIFO,false,OpenLoop_NoFIFO
20.100076,-1,20,9996.944000,76.435000,480.417277,482.334364,460.000000,819,-20.417277,OpenLoop,NoFIFO,false,OpenLoop_NoFIFO
20.110073,-1,20,9996.166000,72.601000,475.646880,481.331242,460.000000,819,-15.646880,OpenLoop,NoFIFO,false,OpenLoop_NoFIFO
20.120072,-1,20,9999.074000,71.675000,478.316327,480.879004,460.000000,819,-18.316327,OpenLoop,NoFIFO,false,OpenLoop_NoFIFO
20.130072,-1,20,10000.222000,71.897000,472.229586,479.581592,460.000000,819,-12.229586,OpenLoop,NoFIFO,false,OpenLoop_NoFIFO
20.140072,-1,20,10000.388000,72.285000,476.108033,479.060558,460.000000,819,-16.108033,OpenLoop,NoFIFO,false,OpenLoop_NoFIFO
20.150071,-1,20,9998.907000,71.192000,479.604200,479.142104,460.000000,819,-19.604200,OpenLoop,NoFIFO,false,OpenLoop_NoFIFO
20.160072,-1,20,10001.092000,72.284000,479.948805,479.263109,460.000000,819,-19.948805,OpenLoop,NoFIFO,false,OpenLoop_NoFIFO
20.170070,-1,20,9997.999000,70.283000,485.248447,480.160910,460.000000,819,-25.248447,OpenLoop,NoFIFO,false,OpenLoop_NoFIFO
20.180071,-1,20,10000.630000,70.913000,486.898017,481.171476,460.000000,819,-26.898017,OpenLoop,NoFIFO,false,OpenLoop_NoFIFO
20.190072,-1,20,10001.129000,72.042000,484.562024,481.680058,460.000000,819,-24.562024,OpenLoop,NoFIFO,false,OpenLoop_NoFIFO
20.200073,-1,20,10001.295000,73.337000,487.358223,482.531783,460.000000,819,-27.358223,OpenLoop,NoFIFO,false,OpenLoop_NoFIFO
20.210072,-1,20,9999.111000,72.448000,484.746639,482.864011,460.000000,819,-24.746639,OpenLoop,NoFIFO,false,OpenLoop_NoFIFO
20.220073,-1,20,10000.222000,72.670000,479.948805,482.426731,460.000000,819,-19.948805,OpenLoop,NoFIFO,false,OpenLoop_NoFIFO
20.230072,-1,20,9999.481000,72.151000,480.899028,482.197575,460.000000,819,-20.899028,OpenLoop,NoFIFO,false,OpenLoop_NoFIFO
20.240073,-1,20,10000.592000,72.743000,474.792818,481.086862,460.000000,819,-14.792818,OpenLoop,NoFIFO,false,OpenLoop_NoFIFO
20.250079,-1,20,10006.444000,79.187000,473.736702,479.984338,460.000000,819,-13.736702,OpenLoop,NoFIFO,false,OpenLoop_NoFIFO
20.260077,-1,20,9997.962000,77.149000,476.768377,479.501944,460.000000,819,-16.768377,OpenLoop,NoFIFO,false,OpenLoop_NoFIFO
20.270073,-1,20,9996.111000,73.260000,473.233262,478.561641,460.000000,819,-13.233262,OpenLoop,NoFIFO,false,OpenLoop_NoFIFO
20.280072,-1,20,9999.092000,72.352000,480.417277,478.839987,460.000000,819,-20.417277,OpenLoop,NoFIFO,false,OpenLoop_NoFIFO
20.290072,-1,20,9999.740000,72.092000,482.253086,479.351952,460.000000,819,-22.253086,OpenLoop,NoFIFO,false,OpenLoop_NoFIFO
20.300072,-1,20,10000.314000,72.406000,484.675037,480.150414,460.000000,819,-24.675037,OpenLoop,NoFIFO,false,OpenLoop_NoFIFO
20.310077,-1,20,10004.926000,77.332000,487.519501,481.255777,460.000000,819,-27.519501,OpenLoop,NoFIFO,false,OpenLoop_NoFIFO
20.320075,-1,20,9997.481000,74.813000,485.522599,481.895801,460.000000,819,-25.522599,OpenLoop,NoFIFO,false,OpenLoop_NoFIFO
20.330073,-1,20,9998.277000,73.090000,484.035326,482.216729,460.000000,819,-24.035326,OpenLoop,NoFIFO,false,OpenLoop_NoFIFO
20.340077,-1,20,10004.203000,77.293000,485.751295,482.746914,460.000000,819,-25.751295,OpenLoop,NoFIFO,false,OpenLoop_NoFIFO
20.350084,-1,20,10006.666000,83.959000,479.049566,482.192312,460.000000,819,-19.049566,OpenLoop,NoFIFO,false,OpenLoop_NoFIFO
20.360078,-1,20,9994.148000,78.107000,474.626326,481.057414,460.000000,819,-14.626326,OpenLoop,NoFIFO,false,OpenLoop_NoFIFO
20.370073,-1,20,9995.036000,73.143000,477.585329,480.536601,460.000000,819,-17.585329,OpenLoop,NoFIFO,false,OpenLoop_NoFIFO
20.380073,-1,20,9999.648000,72.791000,473.257212,479.444693,460.000000,819,-13.257212,OpenLoop,NoFIFO,false,OpenLoop_NoFIFO
20.390073,-1,20,10000.074000,72.865000,476.015500,478.930314,460.000000,819,-16.015500,OpenLoop,NoFIFO,false,OpenLoop_NoFIFO
20.400077,-1,20,10004.573000,77.438000,480.097765,479.105432,460.000000,819,-20.097765,OpenLoop,NoFIFO,false,OpenLoop_NoFIFO
20.410076,-1,20,9999.018000,76.456000,479.346071,479.141528,460.000000,819,-19.346071,OpenLoop,NoFIFO,false,OpenLoop_NoFIFO
20.420074,-1,20,9997.907000,74.363000,485.392012,480.079100,460.000000,819,-25.392012,OpenLoop,NoFIFO,false,OpenLoop_NoFIFO
20.430072,-1,20,9997.500000,71.863000,486.760125,481.081254,460.000000,819,-26.760125,OpenLoop,NoFIFO,false,OpenLoop_NoFIFO
20.440072,-1,20,9999.832000,71.695000,485.522599,481.747456,460.000000,819,-25.522599,OpenLoop,NoFIFO,false,OpenLoop_NoFIFO
20.450082,-1,20,10010.167000,81.862000,486.760125,482.499356,460.000000,819,-26.760125,OpenLoop,NoFIFO,false,OpenLoop_NoFIFO
20.460072,-1,20,9989.869000,71.731000,483.700750,482.679565,460.000000,819,-23.700750,OpenLoop,NoFIFO,false,OpenLoop_NoFIFO
20.470087,-1,20,10015.111000,86.842000,480.899028,482.412485,460.000000,819,-20.899028,OpenLoop,NoFIFO,false,OpenLoop_NoFIFO
20.480088,-1,20,10001.296000,88.138000,479.205390,481.931420,460.000000,819,-19.205390,OpenLoop,NoFIFO,false,OpenLoop_NoFIFO
20.490078,-1,20,9989.610000,77.748000,475.761218,481.005890,460.000000,819,-15.761218,OpenLoop,NoFIFO,false,OpenLoop_NoFIFO
20.500075,-1,20,9997.130000,74.878000,473.702343,479.910358,460.000000,819,-13.702343,OpenLoop,NoFIFO,false,OpenLoop_NoFIFO
20.510074,-1,20,9998.795000,73.673000,477.290997,479.517454,460.000000,819,-17.290997,OpenLoop,NoFIFO,false,OpenLoop_NoFIFO
20.520074,-1,20,10000.111000,73.784000,474.855282,478.818128,460.000000,819,-14.855282,OpenLoop,NoFIFO,false,OpenLoop_NoFIFO
20.530072,-1,20,9998.277000,72.061000,480.030722,479.000017,460.000000,819,-20.030722,OpenLoop,NoFIFO,false,OpenLoop_NoFIFO
20.540073,-1,20,10001.074000,73.135000,483.960177,479.744041,460.000000,819,-23.960177,OpenLoop,NoFIFO,false,OpenLoop_NoFIFO
20.550079,-1,20,10006.092000,79.227000,483.496648,480.306932,460.000000,819,-23.496648,OpenLoop,NoFIFO,false,OpenLoop_NoFIFO
20.560077,-1,20,9998.221000,77.448000,486.898017,481.295595,460.000000,819,-26.898017,OpenLoop,NoFIFO,false,OpenLoop_NoFIFO
20.570073,-1,20,9995.667000,73.115000,485.883797,481.983825,460.000000,819,-25.883797,OpenLoop,NoFIFO,false,OpenLoop_NoFIFO
20.580073,-1,20,9999.592000,72.707000,484.609962,482.377746,460.000000,819,-24.609962,OpenLoop,NoFIFO,false,OpenLoop_NoFIFO
20.590072,-1,20,9999.203000,71.910000,484.496124,482.695502,460.000000,819,-24.496124,OpenLoop,NoFIFO,false,OpenLoop_NoFIFO
20.600072,-1,20,10000.296000,72.206000,479.247809,482.178348,460.000000,819,-19.247809,OpenLoop,NoFIFO,false,OpenLoop_NoFIFO
20.610072,-1,20,9999.925000,72.131000,475.253469,481.139616,460.000000,819,-15.253469,OpenLoop,NoFIFO,false,OpenLoop_NoFIFO
20.620081,-1,20,10008.777000,80.908000,476.768377,480.483931,460.000000,819,-16.768377,OpenLoop,NoFIFO,false,OpenLoop_NoFIFO
20.630090,-1,20,10008.944000,89.852000,475.405680,479.722193,460.000000,819,-15.405680,OpenLoop,NoFIFO,false,OpenLoop_NoFIFO
20.640077,-1,20,9987.074000,76.926000,474.746802,478.975884,460.000000,819,-14.746802,OpenLoop,NoFIFO,false,OpenLoop_NoFIFO
20.650082,-1,20,10004.740000,81.666000,480.886663,479.262501,460.000000,819,-20.886663,OpenLoop,NoFIFO,false,OpenLoop_NoFIFO
20.660078,-1,20,9996.074000,77.740000,479.294479,479.267298,460.000000,819,-19.294479,OpenLoop,NoFIFO,false,OpenLoop_NoFIFO
20.670074,-1,20,9996.221000,73.961000,485.392012,480.186005,460.000000,819,-25.392012,OpenLoop,NoFIFO,false,OpenLoop_NoFIFO
20.680073,-1,20,9999.352000,73.313000,487.358223,481.261838,460.000000,819,-27.358223,OpenLoop,NoFIFO,false,OpenLoop_NoFIFO
20.690072,-1,20,9998.907000,72.220000,483.496648,481.597059,460.000000,819,-23.496648,OpenLoop,NoFIFO,false,OpenLoop_NoFIFO
20.700073,-1,20,10000.351000,72.571000,486.438679,482.323302,460.000000,819,-26.438679,OpenLoop,NoFIFO,false,OpenLoop_NoFIFO
20.710072,-1,20,9999.907000,72.478000,483.772406,482.540668,460.000000,819,-23.772406,OpenLoop,NoFIFO,false,OpenLoop_NoFIFO
20.720073,-1,20,10000.295000,72.773000,480.321379,482.207774,460.000000,819,-20.321379,OpenLoop,NoFIFO,false,OpenLoop_NoFIFO
20.730072,-1,20,9999.629000,72.402000,479.604200,481.817238,460.000000,819,-19.604200,OpenLoop,NoFIFO,false,OpenLoop_NoFIFO
20.740073,-1,20,10000.517000,72.919000,475.773320,480.910651,460.000000,819,-15.773320,OpenLoop,NoFIFO,false,OpenLoop_NoFIFO
20.750072,-1,20,9998.907000,71.826000,472.730892,479.683687,460.000000,819,-12.730892,OpenLoop,NoFIFO,false,OpenLoop_NoFIFO
20.760073,-1,20,10001.239000,73.065000,477.430556,479.345717,460.000000,819,-17.430556,OpenLoop,NoFIFO,false,OpenLoop_NoFIFO
20.770073,-1,20,9999.463000,72.528000,476.270053,478.884368,460.000000,819,-16.270053,OpenLoop,NoFIFO,false,OpenLoop_NoFIFO
20.780074,-1,20,10001.147000,73.675000,479.428173,478.965938,460.000000,819,-19.428173,OpenLoop,NoFIFO,false,OpenLoop_NoFIFO
20.790075,-1,20,10000.906000,74.581000,485.618866,479.963877,460.000000,819,-25.618866,OpenLoop,NoFIFO,false,OpenLoop_NoFIFO
20.800073,-1,20,9998.092000,72.673000,483.927733,480.558456,460.000000,819,-23.927733,OpenLoop,NoFIFO,false,OpenLoop_NoFIFO
20.810072,-1,20,9999.499000,72.172000,487.012987,481.526636,460.000000,819,-27.012987,OpenLoop,NoFIFO,false,OpenLoop_NoFIFO
20.820073,-1,20,10001.277000,73.449000,487.314356,482.394794,460.000000,819,-27.314356,OpenLoop,NoFIFO,false,OpenLoop_NoFIFO
20.830072,-1,20,9998.684000,72.133000,483.496648,482.560072,460.000000,819,-23.496648,OpenLoop,NoFIFO,false,OpenLoop_NoFIFO
20.840073,-1,20,10000.869000,73.002000,483.960177,482.770088,460.000000,819,-23.960177,OpenLoop,NoFIFO,false,OpenLoop_NoFIFO
20.850071,-1,20,9998.222000,71.224000,478.560490,482.138648,460.000000,819,-18.560490,OpenLoop,NoFIFO,false,OpenLoop_NoFIFO
20.860073,-1,20,10001.721000,72.945000,475.084459,481.080520,460.000000,819,-15.084459,OpenLoop,NoFIFO,false,OpenLoop_NoFIFO
20.870072,-1,20,9999.166000,72.111000,477.585329,480.556241,460.000000,819,-17.585329,OpenLoop,NoFIFO,false,OpenLoop_NoFIFO
20.880073,-1,20,10000.517000,72.628000,473.712705,479.529711,460.000000,819,-13.712705,OpenLoop,NoFIFO,false,OpenLoop_NoFIFO
20.890072,-1,20,9999.148000,71.776000,473.736702,478.660759,460.000000,819,-13.736702,OpenLoop,NoFIFO,false,OpenLoop_NoFIFO
20.900073,-1,20,10000.776000,72.552000,479.481247,478.783832,460.000000,819,-19.481247,OpenLoop,NoFIFO,false,OpenLoop_NoFIFO
20.910072,-1,20,9999.333000,71.885000,479.539642,478.897204,460.000000,819,-19.539642,OpenLoop,NoFIFO,false,OpenLoop_NoFIFO
20.920072,-1,20,10000.573000,72.458000,483.247423,479.549737,460.000000,819,-23.247423,OpenLoop,NoFIFO,false,OpenLoop_NoFIFO
20.930071,-1,20,9998.425000,70.883000,487.479475,480.739197,460.000000,819,-27.479475,OpenLoop,NoFIFO,false,OpenLoop_NoFIFO
20.940079,-1,20,10008.258000,79.141000,483.473980,481.149415,460.000000,819,-23.473980,OpenLoop,NoFIFO,false,OpenLoop_NoFIFO
20.950078,-1,20,9999.073000,78.214000,487.212801,482.058923,460.000000,819,-27.212801,OpenLoop,NoFIFO,false,OpenLoop_NoFIFO
20.960075,-1,20,9996.740000,74.954000,484.837800,482.475754,460.000000,819,-24.837800,OpenLoop,NoFIFO,false,OpenLoop_NoFIFO
20.970079,-1,20,10004.277000,79.231000,480.769231,482.219776,460.000000,819,-20.769231,OpenLoop,NoFIFO,false,OpenLoop_NoFIFO
20.980077,-1,20,9997.388000,76.619000,479.014599,481.738999,460.000000,819,-19.014599,OpenLoop,NoFIFO,false,OpenLoop_NoFIFO
20.990072,-1,20,9995.795000,72.414000,476.270053,480.918657,460.000000,819,-16.270053,OpenLoop,NoFIFO,false,OpenLoop_NoFIFO
21.000073,-1,20,10000.814000,73.228000,473.702343,479.836210,460.000000,819,-13.702343,OpenLoop,NoFIFO,false,OpenLoop_NoFIFO
21.010073,-1,20,9999.370000,72.598000,478.316327,479.608228,460.000000,819,-18.316327,OpenLoop,NoFIFO,false,OpenLoop_NoFIFO
21.020072,-1,20,9999.832000,72.430000,475.543478,478.998515,460.000000,819,-15.543478,OpenLoop,NoFIFO,false,OpenLoop_NoFIFO
21.030071,-1,20,9999.018000,71.448000,480.121294,479.166932,460.000000,819,-20.121294,OpenLoop,NoFIFO,false,OpenLoop_NoFIFO
21.040073,-1,20,10001.221000,72.669000,484.154930,479.915132,460.000000,819,-24.154930,OpenLoop,NoFIFO,false,OpenLoop_NoFIFO
21.050072,-1,20,9999.666000,72.335000,483.496648,480.452359,460.000000,819,-23.496648,OpenLoop,NoFIFO,false,OpenLoop_NoFIFO
21.060073,-1,20,10000.443000,72.778000,486.438679,481.350307,460.000000,819,-26.438679,OpenLoop,NoFIFO,false,OpenLoop_NoFIFO
21.070072,-1,20,9999.018000,71.796000,486.832344,482.172613,460.000000,819,-26.832344,OpenLoop,NoFIFO,false,OpenLoop_NoFIFO
21.080072,-1,20,10000.425000,72.221000,483.247423,482.333834,460.000000,819,-23.247423,OpenLoop,NoFIFO,false,OpenLoop_NoFIFO
21.090072,-1,20,9999.999000,72.220000,483.700750,482.538872,460.000000,819,-23.700750,OpenLoop,NoFIFO,false,OpenLoop_NoFIFO
21.100071,-1,20,9999.091000,71.311000,479.346071,482.059952,460.000000,819,-19.346071,OpenLoop,NoFIFO,false,OpenLoop_NoFIFO
21.110080,-1,20,10008.648000,79.959000,476.464182,481.220586,460.000000,819,-16.464182,OpenLoop,NoFIFO,false,OpenLoop_NoFIFO
21.120077,-1,20,9996.702000,76.661000,476.524880,480.516230,460.000000,819,-16.524880,OpenLoop,NoFIFO,false,OpenLoop_NoFIFO
21.130071,-1,20,9994.740000,71.401000,474.574321,479.624944,460.000000,819,-14.574321,OpenLoop,NoFIFO,false,OpenLoop_NoFIFO
21.140072,-1,20,10000.629000,72.030000,472.981944,478.628494,460.000000,819,-12.981944,OpenLoop,NoFIFO,false,OpenLoop_NoFIFO
21.150073,-1,20,10001.240000,73.270000,480.417277,478.896811,460.000000,819,-20.417277,OpenLoop,NoFIFO,false,OpenLoop_NoFIFO
21.160074,-1,20,10000.665000,73.935000,479.785056,479.030048,460.000000,819,-19.785056,OpenLoop,NoFIFO,false,OpenLoop_NoFIFO
21.170072,-1,20,9998.055000,71.990000,483.700750,479.730653,460.000000,819,-23.700750,OpenLoop,NoFIFO,false,OpenLoop_NoFIFO
21.180071,-1,20,9999.295000,71.285000,488.013699,480.973110,460.000000,819,-28.013699,OpenLoop,NoFIFO,false,OpenLoop_NoFIFO
21.190073,-1,20,10001.592000,72.877000,483.473980,481.348241,460.000000,819,-23.473980,OpenLoop,NoFIFO,false,OpenLoop_NoFIFO
21.200072,-1,20,9999.444000,72.321000,487.012987,482.197953,460.000000,819,-27.012987,OpenLoop,NoFIFO,false,OpenLoop_NoFIFO
21.210073,-1,20,10000.628000,72.949000,486.438679,482.834062,460.000000,819,-26.438679,OpenLoop,NoFIFO,false,OpenLoop_NoFIFO
21.220071,-1,20,9998.166000,71.115000,479.088219,482.272185,460.000000,819,-19.088219,OpenLoop,NoFIFO,false,OpenLoop_NoFIFO
21.230081,-1,20,10009.573000,80.688000,478.538283,481.712100,460.000000,819,-18.538283,OpenLoop,NoFIFO,false,OpenLoop_NoFIFO
21.240107,-1,20,10026.721000,107.409000,476.270053,480.895793,460.000000,819,-16.270053,OpenLoop,NoFIFO,false,OpenLoop_NoFIFO
21.250073,-1,20,9966.074000,73.483000,473.245835,479.748299,460.000000,819,-13.245835,OpenLoop,NoFIFO,false,OpenLoop_NoFIFO
21.260070,-1,20,9996.999000,70.482000,477.851942,479.463846,460.000000,819,-17.851942,OpenLoop,NoFIFO,false,OpenLoop_NoFIFO
21.270073,-1,20,10002.332000,72.814000,477.546917,479.176306,460.000000,819,-17.546917,OpenLoop,NoFIFO,false,OpenLoop_NoFIFO
21.280072,-1,20,9999.036000,71.850000,479.874360,479.281014,460.000000,819,-19.874360,OpenLoop,NoFIFO,false,OpenLoop_NoFIFO
21.290071,-1,20,9999.351000,71.201000,486.760125,480.402881,460.000000,819,-26.760125,OpenLoop,NoFIFO,false,OpenLoop_NoFIFO
21.300072,-1,20,10000.499000,71.700000,483.960177,480.936475,460.000000,819,-23.960177,OpenLoop,NoFIFO,false,OpenLoop_NoFIFO
21.310071,-1,20,9999.314000,71.014000,487.012987,481.847952,460.000000,819,-27.012987,OpenLoop,NoFIFO,false,OpenLoop_NoFIFO
21.320072,-1,20,10000.906000,71.920000,487.588652,482.709057,460.000000,819,-27.588652,OpenLoop,NoFIFO,false,OpenLoop_NoFIFO
21.330070,-1,20,9998.518000,70.438000,482.723577,482.711235,460.000000,819,-22.723577,OpenLoop,NoFIFO,false,OpenLoop_NoFIFO
21.340072,-1,20,10001.277000,71.715000,483.473980,482.825647,460.000000,819,-23.473980,OpenLoop,NoFIFO,false,OpenLoop_NoFIFO
21.350072,-1,20,10000.555000,72.270000,479.785056,482.369558,460.000000,819,-19.785056,OpenLoop,NoFIFO,false,OpenLoop_NoFIFO
21.360071,-1,20,9998.313000,70.583000,475.543478,481.345646,460.000000,819,-15.543478,OpenLoop,NoFIFO,false,OpenLoop_NoFIFO
21.370075,-1,20,10004.851000,75.434000,476.524880,480.622531,460.000000,819,-16.524880,OpenLoop,NoFIFO,false,OpenLoop_NoFIFO
21.380071,-1,20,9995.370000,70.804000,473.940780,479.620269,460.000000,819,-13.940780,OpenLoop,NoFIFO,false,OpenLoop_NoFIFO
21.390069,-1,20,9998.480000,69.284000,473.963600,478.771768,460.000000,819,-13.963600,OpenLoop,NoFIFO,false,OpenLoop_NoFIFO
21.400082,-1,20,10012.592000,81.876000,480.182927,478.983442,460.000000,819,-20.182927,OpenLoop,NoFIFO,false,OpenLoop_NoFIFO
21.410083,-1,20,10001.166000,83.042000,479.604200,479.076556,460.000000,819,-19.604200,OpenLoop,NoFIFO,false,OpenLoop_NoFIFO
21.420077,-1,20,9994.369000,77.411000,483.473980,479.736169,460.000000,819,-23.473980,OpenLoop,NoFIFO,false,OpenLoop_NoFIFO
21.430073,-1,20,9995.684000,73.095000,488.535696,481.056098,460.000000,819,-28.535696,OpenLoop,NoFIFO,false,OpenLoop_NoFIFO
21.440072,-1,20,9999.314000,72.409000,484.198229,481.527418,460.000000,819,-24.198229,OpenLoop,NoFIFO,false,OpenLoop_NoFIFO
21.450073,-1,20,10000.333000,72.742000,486.507525,482.274434,460.000000,819,-26.507525,OpenLoop,NoFIFO,false,OpenLoop_NoFIFO
21.460072,-1,20,9998.925000,71.667000,485.522599,482.761659,460.000000,819,-25.522599,OpenLoop,NoFIFO,false,OpenLoop_NoFIFO
21.470088,-1,20,10016.295000,87.962000,479.346071,482.249321,460.000000,819,-19.346071,OpenLoop,NoFIFO,false,OpenLoop_NoFIFO
21.480082,-1,20,9993.777000,81.739000,478.094576,481.626109,460.000000,819,-18.094576,OpenLoop,NoFIFO,false,OpenLoop_NoFIFO
21.490077,-1,20,9995.295000,77.034000,476.371951,480.837985,460.000000,819,-16.371951,OpenLoop,NoFIFO,false,OpenLoop_NoFIFO
21.500074,-1,20,9997.240000,74.274000,473.712705,479.769193,460.000000,819,-13.712705,OpenLoop,NoFIFO,false,OpenLoop_NoFIFO
21.510075,-1,20,10000.906000,75.180000,476.779979,479.320811,460.000000,819,-16.779979,OpenLoop,NoFIFO,false,OpenLoop_NoFIFO
21.520075,-1,20,9999.648000,74.828000,476.003385,478.823197,460.000000,819,-16.003385,OpenLoop,NoFIFO,false,OpenLoop_NoFIFO
21.530075,-1,20,10000.406000,75.234000,478.316327,478.747166,460.000000,819,-18.316327,OpenLoop,NoFIFO,false,OpenLoop_NoFIFO
21.540074,-1,20,9999.166000,74.400000,484.382339,479.592442,460.000000,819,-24.382339,OpenLoop,NoFIFO,false,OpenLoop_NoFIFO
21.550074,-1,20,10000.036000,74.436000,483.772406,480.219437,460.000000,819,-23.772406,OpenLoop,NoFIFO,false,OpenLoop_NoFIFO
21.560075,-1,20,10000.110000,74.546000,484.609962,480.878016,460.000000,819,-24.609962,OpenLoop,NoFIFO,false,OpenLoop_NoFIFO
21.570075,-1,20,10000.647000,75.193000,487.773153,481.912286,460.000000,819,-27.773153,OpenLoop,NoFIFO,false,OpenLoop_NoFIFO
21.580075,-1,20,9999.833000,75.026000,483.247423,482.112557,460.000000,819,-23.247423,OpenLoop,NoFIFO,false,OpenLoop_NoFIFO
21.590074,-1,20,9998.888000,73.914000,483.995870,482.395054,460.000000,819,-23.995870,OpenLoop,NoFIFO,false,OpenLoop_NoFIFO
21.600075,-1,20,10000.851000,74.765000,479.714912,481.993033,460.000000,819,-19.714912,OpenLoop,NoFIFO,false,OpenLoop_NoFIFO
21.610076,-1,20,10001.128000,75.893000,474.683544,480.896609,460.000000,819,-14.683544,OpenLoop,NoFIFO,false,OpenLoop_NoFIFO
21.620075,-1,20,9998.944000,74.837000,476.003385,480.162626,460.000000,819,-16.003385,OpenLoop,NoFIFO,false,OpenLoop_NoFIFO
21.630074,-1,20,9999.406000,74.243000,473.988824,479.236555,460.000000,819,-13.988824,OpenLoop,NoFIFO,false,OpenLoop_NoFIFO
21.640073,-1,20,9999.240000,73.483000,474.397590,478.510711,460.000000,819,-14.397590,OpenLoop,NoFIFO,false,OpenLoop_NoFIFO
21.650074,-1,20,10000.277000,73.760000,481.262834,478.923529,460.000000,819,-21.262834,OpenLoop,NoFIFO,false,OpenLoop_NoFIFO
21.660073,-1,20,9999.443000,73.203000,481.442577,479.301386,460.000000,819,-21.442577,OpenLoop,NoFIFO,false,OpenLoop_NoFIFO
21.670078,-1,20,10004.629000,77.832000,482.462080,479.775490,460.000000,819,-22.462080,OpenLoop,NoFIFO,false,OpenLoop_NoFIFO
21.680075,-1,20,9996.944000,74.776000,488.975818,481.155539,460.000000,819,-28.975818,OpenLoop,NoFIFO,false,OpenLoop_NoFIFO
21.690074,-1,20,9999.091000,73.867000,484.496124,481.656627,460.000000,819,-24.496124,OpenLoop,NoFIFO,false,OpenLoop_NoFIFO
21.700074,-1,20,10000.036000,73.903000,485.152785,482.181051,460.000000,819,-25.152785,OpenLoop,NoFIFO,false,OpenLoop_NoFIFO
21.710074,-1,20,10000.184000,74.087000,485.499741,482.678854,460.000000,819,-25.499741,OpenLoop,NoFIFO,false,OpenLoop_NoFIFO
21.720073,-1,20,9998.740000,72.827000,477.851942,481.954817,460.000000,819,-17.851942,OpenLoop,NoFIFO,false,OpenLoop_NoFIFO
21.730075,-1,20,10001.869000,74.696000,478.560490,481.445668,460.000000,819,-18.560490,OpenLoop,NoFIFO,false,OpenLoop_NoFIFO
21.740074,-1,20,9999.610000,74.306000,475.543478,480.560340,460.000000,819,-15.543478,OpenLoop,NoFIFO,false,OpenLoop_NoFIFO
21.750074,-1,20,9999.406000,73.712000,473.484848,479.499016,460.000000,819,-13.484848,OpenLoop,NoFIFO,false,OpenLoop_NoFIFO
21.760074,-1,20,10000.480000,74.192000,475.888325,478.957412,460.000000,819,-15.888325,OpenLoop,NoFIFO,false,OpenLoop_NoFIFO
21.770074,-1,20,9999.980000,74.172000,476.524880,478.592533,460.000000,819,-16.524880,OpenLoop,NoFIFO,false,OpenLoop_NoFIFO
21.780074,-1,20,10000.165000,74.337000,478.538283,478.584395,460.000000,819,-18.538283,OpenLoop,NoFIFO,false,OpenLoop_NoFIFO
21.790075,-1,20,10000.258000,74.595000,485.883797,479.679305,460.000000,819,-25.883797,OpenLoop,NoFIFO,false,OpenLoop_NoFIFO
21.800073,-1,20,9998.499000,73.094000,484.154930,480.350649,460.000000,819,-24.154930,OpenLoop,NoFIFO,false,OpenLoop_NoFIFO
21.810074,-1,20,10000.943000,74.037000,484.496124,480.972470,460.000000,819,-24.496124,OpenLoop,NoFIFO,false,OpenLoop_NoFIFO
21.820075,-1,20,10001.128000,75.165000,488.281250,482.068787,460.000000,819,-28.281250,OpenLoop,NoFIFO,false,OpenLoop_NoFIFO
21.830074,-1,20,9998.591000,73.756000,482.200866,482.088599,460.000000,819,-22.200866,OpenLoop,NoFIFO,false,OpenLoop_NoFIFO
21.840074,-1,20,10000.573000,74.329000,483.247423,482.262423,460.000000,819,-23.247423,OpenLoop,NoFIFO,false,OpenLoop_NoFIFO
21.850074,-1,20,9999.573000,73.902000,480.121294,481.941253,460.000000,819,-20.121294,OpenLoop,NoFIFO,false,OpenLoop_NoFIFO
21.860073,-1,20,9999.258000,73.160000,474.855282,480.878358,460.000000,819,-14.855282,OpenLoop,NoFIFO,false,OpenLoop_NoFIFO
21.870078,-1,20,10004.813000,77.973000,475.646880,480.093636,460.000000,819,-15.646880,OpenLoop,NoFIFO,false,OpenLoop_NoFIFO
21.880090,-1,20,10011.850000,89.823000,473.736702,479.140096,460.000000,819,-13.736702,OpenLoop,NoFIFO,false,OpenLoop_NoFIFO
21.890076,-1,20,9986.518000,76.341000,475.230415,478.553644,460.000000,819,-15.230415,OpenLoop,NoFIFO,false,OpenLoop_NoFIFO
21.900073,-1,20,9996.906000,73.247000,480.417277,478.833189,460.000000,819,-20.417277,OpenLoop,NoFIFO,false,OpenLoop_NoFIFO
21.910072,-1,20,9998.998000,72.245000,481.418919,479.221048,460.000000,819,-21.418919,OpenLoop,NoFIFO,false,OpenLoop_NoFIFO
21.920073,-1,20,10000.351000,72.596000,483.927733,479.927051,460.000000,819,-23.927733,OpenLoop,NoFIFO,false,OpenLoop_NoFIFO
21.930072,-1,20,9998.962000,71.558000,488.535696,481.218348,460.000000,819,-28.535696,OpenLoop,NoFIFO,false,OpenLoop_NoFIFO
21.940082,-1,20,10010.257000,81.815000,483.995870,481.634976,460.000000,819,-23.995870,OpenLoop,NoFIFO,false,OpenLoop_NoFIFO
21.950082,-1,20,10000.314000,82.129000,484.382339,482.047080,460.000000,819,-24.382339,OpenLoop,NoFIFO,false,OpenLoop_NoFIFO
21.960081,-1,20,9999.258000,81.387000,486.414528,482.702198,460.000000,819,-26.414528,OpenLoop,NoFIFO,false,OpenLoop_NoFIFO
21.970077,-1,20,9995.961000,77.348000,478.538283,482.077610,460.000000,819,-18.538283,OpenLoop,NoFIFO,false,OpenLoop_NoFIFO
21.980072,-1,20,9994.888000,72.236000,478.573348,481.551971,460.000000,819,-18.573348,OpenLoop,NoFIFO,false,OpenLoop_NoFIFO
21.990078,-1,20,10005.332000,77.568000,476.327945,480.768367,460.000000,819,-16.327945,OpenLoop,NoFIFO,false,OpenLoop_NoFIFO
22.000076,-1,20,9998.461000,76.029000,472.981944,479.600404,460.000000,819,-12.981944,OpenLoop,NoFIFO,false,OpenLoop_NoFIFO
22.010073,-1,20,9996.925000,72.954000,476.003385,479.060851,460.000000,819,-16.003385,OpenLoop,NoFIFO,false,OpenLoop_NoFIFO
22.020078,-1,20,10004.628000,77.582000,476.524880,478.680455,460.000000,819,-16.524880,OpenLoop,NoFIFO,false,OpenLoop_NoFIFO
22.030073,-1,20,9995.832000,73.414000,479.205390,478.759195,460.000000,819,-19.205390,OpenLoop,NoFIFO,false,OpenLoop_NoFIFO
22.040073,-1,20,9999.795000,73.209000,485.883797,479.827886,460.000000,819,-25.883797,OpenLoop,NoFIFO,false,OpenLoop_NoFIFO
22.050072,-1,20,9998.795000,72.004000,483.927733,480.442863,460.000000,819,-23.927733,OpenLoop,NoFIFO,false,OpenLoop_NoFIFO
22.060076,-1,20,10004.480000,76.484000,484.997413,481.126045,460.000000,819,-24.997413,OpenLoop,NoFIFO,false,OpenLoop_NoFIFO
22.070074,-1,20,9997.888000,74.372000,489.251988,482.344937,460.000000,819,-29.251988,OpenLoop,NoFIFO,false,OpenLoop_NoFIFO
22.080072,-1,20,9997.739000,72.111000,483.247423,482.480310,460.000000,819,-23.247423,OpenLoop,NoFIFO,false,OpenLoop_NoFIFO
22.090071,-1,20,9999.369000,71.480000,483.247423,482.595377,460.000000,819,-23.247423,OpenLoop,NoFIFO,false,OpenLoop_NoFIFO
22.100072,-1,20,10000.629000,72.109000,480.121294,482.224264,460.000000,819,-20.121294,OpenLoop,NoFIFO,false,OpenLoop_NoFIFO
22.110071,-1,20,9999.072000,71.181000,475.543478,481.222146,460.000000,819,-15.543478,OpenLoop,NoFIFO,false,OpenLoop_NoFIFO
22.120072,-1,20,10000.591000,71.772000,476.614133,480.530944,460.000000,819,-16.614133,OpenLoop,NoFIFO,false,OpenLoop_NoFIFO
22.130072,-1,20,10000.610000,72.382000,475.084459,479.713972,460.000000,819,-15.084459,OpenLoop,NoFIFO,false,OpenLoop_NoFIFO
22.140072,-1,20,10000.110000,72.492000,476.464182,479.226503,460.000000,819,-16.464182,OpenLoop,NoFIFO,false,OpenLoop_NoFIFO
22.150072,-1,20,9999.517000,72.009000,481.262834,479.531953,460.000000,819,-21.262834,OpenLoop,NoFIFO,false,OpenLoop_NoFIFO
22.160073,-1,20,10000.702000,72.711000,483.010304,480.053705,460.000000,819,-23.010304,OpenLoop,NoFIFO,false,OpenLoop_NoFIFO
22.170071,-1,20,9997.870000,70.581000,484.245868,480.682530,460.000000,819,-24.245868,OpenLoop,NoFIFO,false,OpenLoop_NoFIFO
22.180072,-1,20,10001.369000,71.950000,488.050166,481.787675,460.000000,819,-28.050166,OpenLoop,NoFIFO,false,OpenLoop_NoFIFO
22.190072,-1,20,10000.443000,72.393000,486.003110,482.419990,460.000000,819,-26.003110,OpenLoop,NoFIFO,false,OpenLoop_NoFIFO
22.200072,-1,20,9999.350000,71.743000,484.913793,482.794061,460.000000,819,-24.913793,OpenLoop,NoFIFO,false,OpenLoop_NoFIFO
22.210072,-1,20,9999.814000,71.557000,486.760125,483.388970,460.000000,819,-26.760125,OpenLoop,NoFIFO,false,OpenLoop_NoFIFO
22.220072,-1,20,10000.757000,72.314000,478.316327,482.628074,460.000000,819,-18.316327,OpenLoop,NoFIFO,false,OpenLoop_NoFIFO
22.230072,-1,20,9999.777000,72.091000,477.828746,481.908175,460.000000,819,-17.828746,OpenLoop,NoFIFO,false,OpenLoop_NoFIFO
22.240072,-1,20,9999.480000,71.571000,477.388458,481.230217,460.000000,819,-17.388458,OpenLoop,NoFIFO,false,OpenLoop_NoFIFO
22.250084,-1,20,10011.962000,83.533000,473.233262,480.030674,460.000000,819,-13.233262,OpenLoop,NoFIFO,false,OpenLoop_NoFIFO
22.260077,-1,20,9993.369000,76.902000,477.209625,479.607517,460.000000,819,-17.209625,OpenLoop,NoFIFO,false,OpenLoop_NoFIFO
22.270073,-1,20,9996.109000,73.011000,478.059581,479.375326,460.000000,819,-18.059581,OpenLoop,NoFIFO,false,OpenLoop_NoFIFO
22.280073,-1,20,9999.721000,72.732000,480.993470,479.618048,460.000000,819,-20.993470,OpenLoop,NoFIFO,false,OpenLoop_NoFIFO
22.290077,-1,20,10004.054000,76.786000,485.883797,480.557910,460.000000,819,-25.883797,OpenLoop,NoFIFO,false,OpenLoop_NoFIFO
22.300073,-1,20,9996.221000,73.007000,485.751295,481.336918,460.000000,819,-25.751295,OpenLoop,NoFIFO,false,OpenLoop_NoFIFO
22.310073,-1,20,9999.536000,72.543000,484.746639,481.848376,460.000000,819,-24.746639,OpenLoop,NoFIFO,false,OpenLoop_NoFIFO
22.320068,-1,20,9995.313000,67.856000,488.050166,482.778645,460.000000,819,-28.050166,OpenLoop,NoFIFO,false,OpenLoop_NoFIFO
22.330072,-1,20,10004.573000,72.429000,485.089869,483.125328,460.000000,819,-25.089869,OpenLoop,NoFIFO,false,OpenLoop_NoFIFO
22.340079,-1,20,10006.499000,78.928000,481.667445,482.906646,460.000000,819,-21.667445,OpenLoop,NoFIFO,false,OpenLoop_NoFIFO
22.350085,-1,20,10006.184000,85.112000,481.510015,482.697151,460.000000,819,-21.510015,OpenLoop,NoFIFO,false,OpenLoop_NoFIFO
22.360079,-1,20,9993.498000,78.610000,474.855282,481.520871,460.000000,819,-14.855282,OpenLoop,NoFIFO,false,OpenLoop_NoFIFO
22.370072,-1,20,9993.814000,72.424000,475.761218,480.656923,460.000000,819,-15.761218,OpenLoop,NoFIFO,false,OpenLoop_NoFIFO
22.380072,-1,20,9999.480000,71.904000,475.773320,479.924383,460.000000,819,-15.773320,OpenLoop,NoFIFO,false,OpenLoop_NoFIFO
22.390073,-1,20,10000.887000,72.791000,473.988824,479.034049,460.000000,819,-13.988824,OpenLoop,NoFIFO,false,OpenLoop_NoFIFO
22.400077,-1,20,10004.184000,76.975000,479.428173,479.093167,460.000000,819,-19.428173,OpenLoop,NoFIFO,false,OpenLoop_NoFIFO
22.410076,-1,20,9999.203000,76.178000,481.939935,479.520183,460.000000,819,-21.939935,OpenLoop,NoFIFO,false,OpenLoop_NoFIFO
22.420074,-1,20,9997.424000,73.602000,483.247423,480.079269,460.000000,819,-23.247423,OpenLoop,NoFIFO,false,OpenLoop_NoFIFO
22.430072,-1,20,9998.499000,72.101000,487.773153,481.233351,460.000000,819,-27.773153,OpenLoop,NoFIFO,false,OpenLoop_NoFIFO
22.440073,-1,20,10000.628000,72.729000,484.837800,481.774019,460.000000,819,-24.837800,OpenLoop,NoFIFO,false,OpenLoop_NoFIFO
22.450072,-1,20,9999.221000,71.950000,483.509772,482.034382,460.000000,819,-23.509772,OpenLoop,NoFIFO,false,OpenLoop_NoFIFO
22.460073,-1,20,10000.554000,72.504000,485.294118,482.523342,460.000000,819,-25.294118,OpenLoop,NoFIFO,false,OpenLoop_NoFIFO
22.470082,-1,20,10009.147000,81.651000,479.088219,482.008074,460.000000,819,-19.088219,OpenLoop,NoFIFO,false,OpenLoop_NoFIFO
22.480082,-1,20,10000.406000,82.057000,476.614133,481.198983,460.000000,819,-16.614133,OpenLoop,NoFIFO,false,OpenLoop_NoFIFO
22.490077,-1,20,9995.387000,77.444000,476.003385,480.419643,460.000000,819,-16.003385,OpenLoop,NoFIFO,false,OpenLoop_NoFIFO
22.500073,-1,20,9995.536000,72.980000,472.229586,479.191134,460.000000,819,-12.229586,OpenLoop,NoFIFO,false,OpenLoop_NoFIFO
22.510072,-1,20,9999.462000,72.442000,475.668819,478.662787,460.000000,819,-15.668819,OpenLoop,NoFIFO,false,OpenLoop_NoFIFO
22.520092,-1,20,10019.406000,91.848000,477.290997,478.457019,460.000000,819,-17.290997,OpenLoop,NoFIFO,false,OpenLoop_NoFIFO
22.530072,-1,20,9979.684000,71.532000,479.651163,478.636140,460.000000,819,-19.651163,OpenLoop,NoFIFO,false,OpenLoop_NoFIFO
22.540074,-1,20,10002.832000,74.364000,484.562024,479.525023,460.000000,819,-24.562024,OpenLoop,NoFIFO,false,OpenLoop_NoFIFO
22.550069,-1,20,9995.017000,69.381000,484.837800,480.321939,460.000000,819,-24.837800,OpenLoop,NoFIFO,false,OpenLoop_NoFIFO
22.560071,-1,20,10001.184000,70.565000,483.247423,480.760762,460.000000,819,-23.247423,OpenLoop,NoFIFO,false,OpenLoop_NoFIFO
22.570071,-1,20,10000.221000,70.786000,487.797324,481.816246,460.000000,819,-27.797324,OpenLoop,NoFIFO,false,OpenLoop_NoFIFO
22.580074,-1,20,10003.480000,74.266000,483.746130,482.105729,460.000000,819,-23.746130,OpenLoop,NoFIFO,false,OpenLoop_NoFIFO
22.590078,-1,20,10003.683000,77.949000,480.097765,481.804534,460.000000,819,-20.097765,OpenLoop,NoFIFO,false,OpenLoop_NoFIFO
22.600081,-1,20,10002.592000,80.541000,480.899028,481.668708,460.000000,819,-20.899028,OpenLoop,NoFIFO,false,OpenLoop_NoFIFO
22.610071,-1,20,9989.998000,70.539000,474.792818,480.637325,460.000000,819,-14.792818,OpenLoop,NoFIFO,false,OpenLoop_NoFIFO
22.620073,-1,20,10002.666000,73.205000,475.253469,479.829746,460.000000,819,-15.253469,OpenLoop,NoFIFO,false,OpenLoop_NoFIFO
22.630070,-1,20,9996.369000,69.574000,474.626326,479.049233,460.000000,819,-14.626326,OpenLoop,NoFIFO,false,OpenLoop_NoFIFO
22.640073,-1,20,10003.776000,73.350000,473.736702,478.252354,460.000000,819,-13.736702,OpenLoop,NoFIFO,false,OpenLoop_NoFIFO
22.650070,-1,20,9996.277000,69.627000,478.982815,478.361923,460.000000,819,-18.982815,OpenLoop,NoFIFO,false,OpenLoop_NoFIFO
22.660080,-1,20,10010.442000,80.069000,480.639504,478.703560,460.000000,819,-20.639504,OpenLoop,NoFIFO,false,OpenLoop_NoFIFO
22.670070,-1,20,9990.296000,70.365000,483.247423,479.385139,460.000000,819,-23.247423,OpenLoop,NoFIFO,false,OpenLoop_NoFIFO
22.680072,-1,20,10001.887000,72.252000,485.499741,480.302330,460.000000,819,-25.499741,OpenLoop,NoFIFO,false,OpenLoop_NoFIFO
22.690067,-1,20,9994.684000,66.936000,484.913793,480.994049,460.000000,819,-24.913793,OpenLoop,NoFIFO,false,OpenLoop_NoFIFO
22.700071,-1,20,10003.684000,70.620000,482.501287,481.220135,460.000000,819,-22.501287,OpenLoop,NoFIFO,false,OpenLoop_NoFIFO
22.710069,-1,20,9998.387000,69.007000,486.111111,481.953781,460.000000,819,-26.111111,OpenLoop,NoFIFO,false,OpenLoop_NoFIFO
22.720070,-1,20,10000.961000,69.968000,478.781615,481.477956,460.000000,819,-18.781615,OpenLoop,NoFIFO,false,OpenLoop_NoFIFO
22.730069,-1,20,9999.313000,69.281000,476.015500,480.658588,460.000000,819,-16.015500,OpenLoop,NoFIFO,false,OpenLoop_NoFIFO
22.740070,-1,20,10000.498000,69.779000,475.668819,479.910122,460.000000,819,-15.668819,OpenLoop,NoFIFO,false,OpenLoop_NoFIFO
22.750070,-1,20,10000.517000,70.296000,470.842634,478.549999,460.000000,819,-10.842634,OpenLoop,NoFIFO,false,OpenLoop_NoFIFO
22.760069,-1,20,9998.739000,69.035000,476.988899,478.315834,460.000000,819,-16.988899,OpenLoop,NoFIFO,false,OpenLoop_NoFIFO
22.770072,-1,20,10002.980000,72.015000,477.620087,478.211472,460.000000,819,-17.620087,OpenLoop,NoFIFO,false,OpenLoop_NoFIFO
22.780072,-1,20,9999.535000,71.550000,479.346071,478.381662,460.000000,819,-19.346071,OpenLoop,NoFIFO,false,OpenLoop_NoFIFO
22.790072,-1,20,10000.813000,72.363000,484.154930,479.247652,460.000000,819,-24.154930,OpenLoop,NoFIFO,false,OpenLoop_NoFIFO
22.800071,-1,20,9998.647000,71.010000,485.883797,480.243074,460.000000,819,-25.883797,OpenLoop,NoFIFO,false,OpenLoop_NoFIFO
22.810071,-1,20,10000.090000,71.100000,484.609962,480.898107,460.000000,819,-24.609962,OpenLoop,NoFIFO,false,OpenLoop_NoFIFO
22.820071,-1,20,9999.424000,70.524000,487.773153,481.929364,460.000000,819,-27.773153,OpenLoop,NoFIFO,false,OpenLoop_NoFIFO
22.830072,-1,20,10001.036000,71.560000,483.473980,482.161056,460.000000,819,-23.473980,OpenLoop,NoFIFO,false,OpenLoop_NoFIFO
22.840072,-1,20,10000.035000,71.595000,480.380259,481.893937,460.000000,819,-20.380259,OpenLoop,NoFIFO,false,OpenLoop_NoFIFO
22.850072,-1,20,10000.554000,72.149000,480.321379,481.658053,460.000000,819,-20.321379,OpenLoop,NoFIFO,false,OpenLoop_NoFIFO
22.860071,-1,20,9999.054000,71.203000,473.988824,480.507669,460.000000,819,-13.988824,OpenLoop,NoFIFO,false,OpenLoop_NoFIFO
22.870072,-1,20,10001.164000,72.367000,475.313858,479.728597,460.000000,819,-15.313858,OpenLoop,NoFIFO,false,OpenLoop_NoFIFO
22.880071,-1,20,9999.128000,71.495000,475.000000,479.019308,460.000000,819,-15.000000,OpenLoop,NoFIFO,false,OpenLoop_NoFIFO
22.890073,-1,20,10001.147000,72.642000,474.137931,478.287101,460.000000,819,-14.137931,OpenLoop,NoFIFO,false,OpenLoop_NoFIFO
22.900071,-1,20,9998.183000,70.825000,480.121294,478.562230,460.000000,819,-20.121294,OpenLoop,NoFIFO,false,OpenLoop_NoFIFO
22.910072,-1,20,10000.813000,71.638000,480.769231,478.893280,460.000000,819,-20.769231,OpenLoop,NoFIFO,false,OpenLoop_NoFIFO
22.920071,-1,20,9999.109000,70.747000,482.985358,479.507092,460.000000,819,-22.985358,OpenLoop,NoFIFO,false,OpenLoop_NoFIFO
22.930072,-1,20,10001.591000,72.338000,486.898017,480.615731,460.000000,819,-26.898017,OpenLoop,NoFIFO,false,OpenLoop_NoFIFO
22.940071,-1,20,9998.276000,70.614000,485.248447,481.310638,460.000000,819,-25.248447,OpenLoop,NoFIFO,false,OpenLoop_NoFIFO
22.950072,-1,20,10001.535000,72.149000,483.484774,481.636758,460.000000,819,-23.484774,OpenLoop,NoFIFO,false,OpenLoop_NoFIFO
22.960071,-1,20,9999.017000,71.166000,486.760125,482.405263,460.000000,819,-26.760125,OpenLoop,NoFIFO,false,OpenLoop_NoFIFO
22.970072,-1,20,10000.554000,71.720000,478.781615,481.861716,460.000000,819,-18.781615,OpenLoop,NoFIFO,false,OpenLoop_NoFIFO
22.980072,-1,20,10000.406000,72.126000,476.371951,481.038251,460.000000,819,-16.371951,OpenLoop,NoFIFO,false,OpenLoop_NoFIFO
22.990072,-1,20,9999.553000,71.679000,476.925872,480.421394,460.000000,819,-16.925872,OpenLoop,NoFIFO,false,OpenLoop_NoFIFO
23.000071,-1,20,9999.147000,70.826000,472.229586,479.192623,460.000000,819,-12.229586,OpenLoop,NoFIFO,false,OpenLoop_NoFIFO
23.010071,-1,20,9999.887000,70.713000,477.388458,478.921998,460.000000,819,-17.388458,OpenLoop,NoFIFO,false,OpenLoop_NoFIFO
23.020071,-1,20,10000.461000,71.174000,477.585329,478.721498,460.000000,819,-17.585329,OpenLoop,NoFIFO,false,OpenLoop_NoFIFO
23.030071,-1,20,9999.535000,70.709000,480.417277,478.975865,460.000000,819,-20.417277,OpenLoop,NoFIFO,false,OpenLoop_NoFIFO
23.040070,-1,20,9999.758000,70.467000,484.997413,479.879097,460.000000,819,-24.997413,OpenLoop,NoFIFO,false,OpenLoop_NoFIFO
23.050071,-1,20,10000.998000,71.465000,486.209335,480.828633,460.000000,819,-26.209335,OpenLoop,NoFIFO,false,OpenLoop_NoFIFO
23.060071,-1,20,9999.313000,70.778000,485.354223,481.507471,460.000000,819,-25.354223,OpenLoop,NoFIFO,false,OpenLoop_NoFIFO
23.070072,-1,20,10000.832000,71.610000,486.898017,482.316053,460.000000,819,-26.898017,OpenLoop,NoFIFO,false,OpenLoop_NoFIFO
23.080072,-1,20,10000.090000,71.700000,483.247423,482.455759,460.000000,819,-23.247423,OpenLoop,NoFIFO,false,OpenLoop_NoFIFO
23.090072,-1,20,10000.647000,72.347000,480.886663,482.220394,460.000000,819,-20.886663,OpenLoop,NoFIFO,false,OpenLoop_NoFIFO
23.100072,-1,20,9999.424000,71.771000,479.651163,481.835010,460.000000,819,-19.651163,OpenLoop,NoFIFO,false,OpenLoop_NoFIFO
23.110071,-1,20,9999.313000,71.084000,474.493873,480.733839,460.000000,819,-14.493873,OpenLoop,NoFIFO,false,OpenLoop_NoFIFO
23.120073,-1,20,10001.480000,72.564000,474.169075,479.749125,460.000000,819,-14.169075,OpenLoop,NoFIFO,false,OpenLoop_NoFIFO
23.130081,-1,20,10008.757000,81.321000,476.779979,479.303753,460.000000,819,-16.779979,OpenLoop,NoFIFO,false,OpenLoop_NoFIFO
23.140076,-1,20,9994.869000,76.190000,475.313858,478.705268,460.000000,819,-15.313858,OpenLoop,NoFIFO,false,OpenLoop_NoFIFO
23.150073,-1,20,9996.720000,72.910000,481.510015,479.125981,460.000000,819,-21.510015,OpenLoop,NoFIFO,false,OpenLoop_NoFIFO
23.160071,-1,20,9998.573000,71.483000,482.117812,479.574755,460.000000,819,-22.117812,OpenLoop,NoFIFO,false,OpenLoop_NoFIFO
23.170072,-1,20,10000.220000,71.703000,484.562024,480.322846,460.000000,819,-24.562024,OpenLoop,NoFIFO,false,OpenLoop_NoFIFO
23.180071,-1,20,9999.461000,71.164000,487.588652,481.412717,460.000000,819,-27.588652,OpenLoop,NoFIFO,false,OpenLoop_NoFIFO
23.190071,-1,20,10000.128000,71.292000,485.751295,482.063503,460.000000,819,-25.751295,OpenLoop,NoFIFO,false,OpenLoop_NoFIFO
23.200083,-1,20,10011.850000,83.142000,484.245868,482.390858,460.000000,819,-24.245868,OpenLoop,NoFIFO,false,OpenLoop_NoFIFO
23.210084,-1,20,10000.443000,83.585000,485.522599,482.860619,460.000000,819,-25.522599,OpenLoop,NoFIFO,false,OpenLoop_NoFIFO
23.220077,-1,20,9993.665000,77.250000,479.088219,482.294759,460.000000,819,-19.088219,OpenLoop,NoFIFO,false,OpenLoop_NoFIFO
23.230073,-1,20,9995.572000,72.822000,475.888325,481.333794,460.000000,819,-15.888325,OpenLoop,NoFIFO,false,OpenLoop_NoFIFO
23.240072,-1,20,9998.924000,71.746000,478.059581,480.842662,460.000000,819,-18.059581,OpenLoop,NoFIFO,false,OpenLoop_NoFIFO
23.250075,-1,20,10003.369000,75.115000,473.029793,479.670732,460.000000,819,-13.029793,OpenLoop,NoFIFO,false,OpenLoop_NoFIFO
23.260072,-1,20,9996.739000,71.854000,476.614133,479.212242,460.000000,819,-16.614133,OpenLoop,NoFIFO,false,OpenLoop_NoFIFO
23.270073,-1,20,10001.461000,73.315000,477.851942,479.008197,460.000000,819,-17.851942,OpenLoop,NoFIFO,false,OpenLoop_NoFIFO
23.280072,-1,20,9998.850000,72.165000,478.573348,478.942970,460.000000,819,-18.573348,OpenLoop,NoFIFO,false,OpenLoop_NoFIFO
23.290073,-1,20,10000.517000,72.682000,484.837800,479.827194,460.000000,819,-24.837800,OpenLoop,NoFIFO,false,OpenLoop_NoFIFO
23.300072,-1,20,9999.016000,71.698000,486.003110,480.753582,460.000000,819,-26.003110,OpenLoop,NoFIFO,false,OpenLoop_NoFIFO
23.310081,-1,20,10009.536000,81.234000,484.436516,481.306022,460.000000,819,-24.436516,OpenLoop,NoFIFO,false,OpenLoop_NoFIFO
23.320077,-1,20,9995.387000,76.621000,486.760125,482.124137,460.000000,819,-26.760125,OpenLoop,NoFIFO,false,OpenLoop_NoFIFO
23.330073,-1,20,9995.905000,72.526000,484.382339,482.462867,460.000000,819,-24.382339,OpenLoop,NoFIFO,false,OpenLoop_NoFIFO
23.340072,-1,20,9999.036000,71.562000,480.380259,482.150476,460.000000,819,-20.380259,OpenLoop,NoFIFO,false,OpenLoop_NoFIFO
23.350073,-1,20,10000.942000,72.504000,480.545200,481.909685,460.000000,819,-20.545200,OpenLoop,NoFIFO,false,OpenLoop_NoFIFO
23.360073,-1,20,10000.832000,73.336000,475.507208,480.949313,460.000000,819,-15.507208,OpenLoop,NoFIFO,false,OpenLoop_NoFIFO
23.370070,-1,20,9996.406000,69.742000,474.855282,480.035209,460.000000,819,-14.855282,OpenLoop,NoFIFO,false,OpenLoop_NoFIFO
23.380074,-1,20,10004.072000,73.814000,477.342159,479.631251,460.000000,819,-17.342159,OpenLoop,NoFIFO,false,OpenLoop_NoFIFO
23.390070,-1,20,9996.350000,70.164000,474.169075,478.811925,460.000000,819,-14.169075,OpenLoop,NoFIFO,false,OpenLoop_NoFIFO
23.400076,-1,20,10005.517000,75.681000,481.757451,479.253754,460.000000,819,-21.757451,OpenLoop,NoFIFO,false,OpenLoop_NoFIFO
23.410071,-1,20,9995.127000,70.808000,482.773418,479.781703,460.000000,819,-22.773418,OpenLoop,NoFIFO,false,OpenLoop_NoFIFO
23.420069,-1,20,9998.554000,69.362000,483.496648,480.338945,460.000000,819,-23.496648,OpenLoop,NoFIFO,false,OpenLoop_NoFIFO
23.430069,-1,20,9999.924000,69.286000,487.128011,481.357305,460.000000,819,-27.128011,OpenLoop,NoFIFO,false,OpenLoop_NoFIFO
23.440074,-1,20,10004.480000,73.766000,486.149017,482.076062,460.000000,819,-26.149017,OpenLoop,NoFIFO,false,OpenLoop_NoFIFO
23.450069,-1,20,9995.295000,69.061000,484.382339,482.422003,460.000000,819,-24.382339,OpenLoop,NoFIFO,false,OpenLoop_NoFIFO
23.460072,-1,20,10003.405000,72.466000,484.746639,482.770699,460.000000,819,-24.746639,OpenLoop,NoFIFO,false,OpenLoop_NoFIFO
23.470084,-1,20,10012.017000,84.483000,479.481247,482.277281,460.000000,819,-19.481247,OpenLoop,NoFIFO,false,OpenLoop_NoFIFO
23.480080,-1,20,9995.646000,80.129000,475.646880,481.282721,460.000000,819,-15.646880,OpenLoop,NoFIFO,false,OpenLoop_NoFIFO
23.490071,-1,20,9991.110000,71.239000,478.781615,480.907555,460.000000,819,-18.781615,OpenLoop,NoFIFO,false,OpenLoop_NoFIFO
23.500073,-1,20,10001.998000,73.237000,472.730892,479.681055,460.000000,819,-12.730892,OpenLoop,NoFIFO,false,OpenLoop_NoFIFO
23.510069,-1,20,9996.220000,69.457000,475.888325,479.112146,460.000000,819,-15.888325,OpenLoop,NoFIFO,false,OpenLoop_NoFIFO
23.520075,-1,20,10005.221000,74.678000,479.088219,479.108557,460.000000,819,-19.088219,OpenLoop,NoFIFO,false,OpenLoop_NoFIFO
23.530069,-1,20,9994.813000,69.491000,479.874360,479.223427,460.000000,819,-19.874360,OpenLoop,NoFIFO,false,OpenLoop_NoFIFO
23.540074,-1,20,10004.220000,73.711000,485.089869,480.103394,460.000000,819,-25.089869,OpenLoop,NoFIFO,false,OpenLoop_NoFIFO
23.550069,-1,20,9995.480000,69.191000,485.980207,480.984916,460.000000,819,-25.980207,OpenLoop,NoFIFO,false,OpenLoop_NoFIFO
23.560074,-1,20,10005.054000,74.245000,484.825803,481.561049,460.000000,819,-24.825803,OpenLoop,NoFIFO,false,OpenLoop_NoFIFO
23.570069,-1,20,9994.813000,69.058000,486.668240,482.327127,460.000000,819,-26.668240,OpenLoop,NoFIFO,false,OpenLoop_NoFIFO
23.580074,-1,20,10005.424000,74.482000,484.245868,482.614938,460.000000,819,-24.245868,OpenLoop,NoFIFO,false,OpenLoop_NoFIFO
23.590070,-1,20,9995.072000,69.554000,481.592466,482.461568,460.000000,819,-21.592466,OpenLoop,NoFIFO,false,OpenLoop_NoFIFO
23.600073,-1,20,10003.776000,73.330000,480.276639,482.133828,460.000000,819,-20.276639,OpenLoop,NoFIFO,false,OpenLoop_NoFIFO
23.610070,-1,20,9996.480000,69.810000,475.313858,481.110833,460.000000,819,-15.313858,OpenLoop,NoFIFO,false,OpenLoop_NoFIFO
23.620074,-1,20,10003.943000,73.753000,474.746802,480.156228,460.000000,819,-14.746802,OpenLoop,NoFIFO,false,OpenLoop_NoFIFO
23.630069,-1,20,9995.331000,69.084000,477.430556,479.747377,460.000000,819,-17.430556,OpenLoop,NoFIFO,false,OpenLoop_NoFIFO
23.640073,-1,20,10004.184000,73.268000,475.253469,479.073291,460.000000,819,-15.253469,OpenLoop,NoFIFO,false,OpenLoop_NoFIFO
23.650070,-1,20,9997.053000,70.321000,480.886663,479.345297,460.000000,819,-20.886663,OpenLoop,NoFIFO,false,OpenLoop_NoFIFO
23.660074,-1,20,10003.702000,74.023000,483.746130,480.005422,460.000000,819,-23.746130,OpenLoop,NoFIFO,false,OpenLoop_NoFIFO
23.670071,-1,20,9996.647000,70.670000,484.382339,480.661959,460.000000,819,-24.382339,OpenLoop,NoFIFO,false,OpenLoop_NoFIFO
23.680070,-1,20,9999.553000,70.223000,487.746440,481.724632,460.000000,819,-27.746440,OpenLoop,NoFIFO,false,OpenLoop_NoFIFO
23.690071,-1,20,10000.388000,70.611000,485.751295,482.328631,460.000000,819,-25.751295,OpenLoop,NoFIFO,false,OpenLoop_NoFIFO
23.700074,-1,20,10002.979000,73.590000,483.496648,482.503834,460.000000,819,-23.496648,OpenLoop,NoFIFO,false,OpenLoop_NoFIFO
23.710070,-1,20,9996.609000,70.199000,485.631475,482.972980,460.000000,819,-25.631475,OpenLoop,NoFIFO,false,OpenLoop_NoFIFO
23.720074,-1,20,10003.980000,74.179000,480.276639,482.568529,460.000000,819,-20.276639,OpenLoop,NoFIFO,false,OpenLoop_NoFIFO
23.730070,-1,20,9996.090000,70.269000,476.925872,481.722130,460.000000,819,-16.925872,OpenLoop,NoFIFO,false,OpenLoop_NoFIFO
23.740073,-1,20,10003.164000,73.433000,479.049566,481.321246,460.000000,819,-19.049566,OpenLoop,NoFIFO,false,OpenLoop_NoFIFO
23.750073,-1,20,9999.535000,72.968000,473.484848,480.145786,460.000000,819,-13.484848,OpenLoop,NoFIFO,false,OpenLoop_NoFIFO
23.760073,-1,20,9999.628000,72.596000,473.940780,479.215035,460.000000,819,-13.940780,OpenLoop,NoFIFO,false,OpenLoop_NoFIFO
23.770072,-1,20,9999.461000,72.057000,480.380259,479.389819,460.000000,819,-20.380259,OpenLoop,NoFIFO,false,OpenLoop_NoFIFO
23.780072,-1,20,10000.294000,72.351000,479.651163,479.429020,460.000000,819,-19.651163,OpenLoop,NoFIFO,false,OpenLoop_NoFIFO
23.790074,-1,20,10001.942000,74.293000,484.562024,480.198971,460.000000,819,-24.562024,OpenLoop,NoFIFO,false,OpenLoop_NoFIFO
23.800072,-1,20,9997.609000,71.902000,486.209335,481.100525,460.000000,819,-26.209335,OpenLoop,NoFIFO,false,OpenLoop_NoFIFO
23.810073,-1,20,10000.979000,72.881000,483.746130,481.497366,460.000000,819,-23.746130,OpenLoop,NoFIFO,false,OpenLoop_NoFIFO
23.820072,-1,20,9999.368000,72.249000,486.898017,482.307464,460.000000,819,-26.898017,OpenLoop,NoFIFO,false,OpenLoop_NoFIFO
23.830071,-1,20,9999.183000,71.432000,485.089869,482.724825,460.000000,819,-25.089869,OpenLoop,NoFIFO,false,OpenLoop_NoFIFO
23.840080,-1,20,10008.313000,79.745000,481.892523,482.599979,460.000000,819,-21.892523,OpenLoop,NoFIFO,false,OpenLoop_NoFIFO
23.850076,-1,20,9996.553000,76.298000,479.862608,482.189374,460.000000,819,-19.862608,OpenLoop,NoFIFO,false,OpenLoop_NoFIFO
23.860072,-1,20,9995.924000,72.222000,476.988899,481.409303,460.000000,819,-16.988899,OpenLoop,NoFIFO,false,OpenLoop_NoFIFO
23.870073,-1,20,10000.942000,73.164000,473.484848,480.220634,460.000000,819,-13.484848,OpenLoop,NoFIFO,false,OpenLoop_NoFIFO
23.880072,-1,20,9998.905000,72.069000,479.014599,480.039729,460.000000,819,-19.014599,OpenLoop,NoFIFO,false,OpenLoop_NoFIFO
23.890073,-1,20,10000.906000,72.975000,476.371951,479.489562,460.000000,819,-16.371951,OpenLoop,NoFIFO,false,OpenLoop_NoFIFO
23.900073,-1,20,9999.757000,72.732000,480.182927,479.593567,460.000000,819,-20.182927,OpenLoop,NoFIFO,false,OpenLoop_NoFIFO
23.910086,-1,20,10013.497000,86.229000,485.248447,480.441799,460.000000,819,-25.248447,OpenLoop,NoFIFO,false,OpenLoop_NoFIFO
23.920083,-1,20,9997.091000,83.320000,483.496648,480.900026,460.000000,819,-23.496648,OpenLoop,NoFIFO,false,OpenLoop_NoFIFO
23.930077,-1,20,9993.238000,76.558000,487.797324,481.934621,460.000000,819,-27.797324,OpenLoop,NoFIFO,false,OpenLoop_NoFIFO
23.940072,-1,20,9995.591000,72.149000,486.438679,482.610230,460.000000,819,-26.438679,OpenLoop,NoFIFO,false,OpenLoop_NoFIFO
23.950072,-1,20,10000.238000,72.387000,483.496648,482.743192,460.000000,819,-23.496648,OpenLoop,NoFIFO,false,OpenLoop_NoFIFO
23.960075,-1,20,10002.961000,75.348000,484.913793,483.068783,460.000000,819,-24.913793,OpenLoop,NoFIFO,false,OpenLoop_NoFIFO
23.970072,-1,20,9997.072000,72.420000,480.276639,482.649961,460.000000,819,-20.276639,OpenLoop,NoFIFO,false,OpenLoop_NoFIFO
23.980073,-1,20,10000.646000,73.066000,476.925872,481.791348,460.000000,819,-16.925872,OpenLoop,NoFIFO,false,OpenLoop_NoFIFO
23.990072,-1,20,9998.776000,71.842000,478.059581,481.231583,460.000000,819,-18.059581,OpenLoop,NoFIFO,false,OpenLoop_NoFIFO
24.000073,-1,20,10000.849000,72.691000,475.011515,480.298573,460.000000,819,-15.011515,OpenLoop,NoFIFO,false,OpenLoop_NoFIFO
24.010072,-1,20,9999.628000,72.319000,476.270053,479.694295,460.000000,819,-16.270053,OpenLoop,NoFIFO,false,OpenLoop_NoFIFO
24.020072,-1,20,9999.720000,72.039000,481.442577,479.956537,460.000000,819,-21.442577,OpenLoop,NoFIFO,false,OpenLoop_NoFIFO
24.030073,-1,20,10000.664000,72.703000,481.158833,480.136882,460.000000,819,-21.158833,OpenLoop,NoFIFO,false,OpenLoop_NoFIFO
24.040073,-1,20,10000.016000,72.719000,484.837800,480.842019,460.000000,819,-24.837800,OpenLoop,NoFIFO,false,OpenLoop_NoFIFO
24.050071,-1,20,9998.758000,71.477000,489.045383,482.072524,460.000000,819,-29.045383,OpenLoop,NoFIFO,false,OpenLoop_NoFIFO
24.060096,-1,20,10024.516000,95.993000,483.722359,482.319999,460.000000,819,-23.722359,OpenLoop,NoFIFO,false,OpenLoop_NoFIFO
24.070085,-1,20,9988.960000,84.953000,487.555721,483.105357,460.000000,819,-27.555721,OpenLoop,NoFIFO,false,OpenLoop_NoFIFO
24.080083,-1,20,9998.276000,83.229000,484.746639,483.351550,460.000000,819,-24.746639,OpenLoop,NoFIFO,false,OpenLoop_NoFIFO
24.090076,-1,20,9993.054000,76.283000,480.182927,482.876256,460.000000,819,-20.182927,OpenLoop,NoFIFO,false,OpenLoop_NoFIFO
24.100077,-1,20,10000.349000,76.632000,478.573348,482.230820,460.000000,819,-18.573348,OpenLoop,NoFIFO,false,OpenLoop_NoFIFO
24.110075,-1,20,9998.516000,75.148000,476.327945,481.345389,460.000000,819,-16.327945,OpenLoop,NoFIFO,false,OpenLoop_NoFIFO
24.120078,-1,20,10002.758000,77.906000,473.484848,480.166308,460.000000,819,-13.484848,OpenLoop,NoFIFO,false,OpenLoop_NoFIFO
24.130075,-1,20,9997.460000,75.366000,478.084021,479.853965,460.000000,819,-18.084021,OpenLoop,NoFIFO,false,OpenLoop_NoFIFO
24.140076,-1,20,10001.017000,76.383000,475.761218,479.240053,460.000000,819,-15.761218,OpenLoop,NoFIFO,false,OpenLoop_NoFIFO
24.150075,-1,20,9998.220000,74.603000,478.760446,479.168112,460.000000,819,-18.760446,OpenLoop,NoFIFO,false,OpenLoop_NoFIFO
24.160077,-1,20,10002.053000,76.656000,484.496124,479.967313,460.000000,819,-24.496124,OpenLoop,NoFIFO,false,OpenLoop_NoFIFO
24.170075,-1,20,9998.683000,75.339000,483.960177,480.566243,460.000000,819,-23.960177,OpenLoop,NoFIFO,false,OpenLoop_NoFIFO
24.180076,-1,20,10000.646000,75.985000,486.003110,481.381773,460.000000,819,-26.003110,OpenLoop,NoFIFO,false,OpenLoop_NoFIFO
24.190079,-1,20,10002.757000,78.742000,486.209335,482.105907,460.000000,819,-26.209335,OpenLoop,NoFIFO,false,OpenLoop_NoFIFO
24.200100,-1,20,10021.294000,100.036000,482.253086,482.127984,460.000000,819,-22.253086,OpenLoop,NoFIFO,false,OpenLoop_NoFIFO
24.210076,-1,20,9975.479000,75.515000,483.995870,482.408167,460.000000,819,-23.995870,OpenLoop,NoFIFO,false,OpenLoop_NoFIFO
24.220073,-1,20,9997.369000,72.884000,479.714912,482.004179,460.000000,819,-19.714912,OpenLoop,NoFIFO,false,OpenLoop_NoFIFO
24.230075,-1,20,10001.701000,74.585000,475.888325,481.086801,460.000000,819,-15.888325,OpenLoop,NoFIFO,false,OpenLoop_NoFIFO
24.240072,-1,20,9997.109000,71.694000,476.003385,480.324288,460.000000,819,-16.003385,OpenLoop,NoFIFO,false,OpenLoop_NoFIFO
24.250071,-1,20,9999.498000,71.192000,474.493873,479.449726,460.000000,819,-14.493873,OpenLoop,NoFIFO,false,OpenLoop_NoFIFO
24.260070,-1,20,9998.312000,69.504000,474.574321,478.718415,460.000000,819,-14.574321,OpenLoop,NoFIFO,false,OpenLoop_NoFIFO
24.270146,-1,20,10076.035000,145.539000,481.418919,479.123491,460.000000,819,-21.418919,OpenLoop,NoFIFO,false,OpenLoop_NoFIFO
24.280073,-1,20,9927.331000,72.870000,479.714912,479.212204,460.000000,819,-19.714912,OpenLoop,NoFIFO,false,OpenLoop_NoFIFO
24.290070,-1,20,9996.961000,69.831000,483.746130,479.892293,460.000000,819,-23.746130,OpenLoop,NoFIFO,false,OpenLoop_NoFIFO
24.300071,-1,20,10000.776000,70.607000,487.555721,481.041807,460.000000,819,-27.555721,OpenLoop,NoFIFO,false,OpenLoop_NoFIFO
24.310070,-1,20,9999.831000,70.438000,483.473980,481.406633,460.000000,819,-23.473980,OpenLoop,NoFIFO,false,OpenLoop_NoFIFO
24.320070,-1,20,9999.720000,70.158000,487.012987,482.247586,460.000000,819,-27.012987,OpenLoop,NoFIFO,false,OpenLoop_NoFIFO
24.330070,-1,20,9999.516000,69.674000,484.913793,482.647517,460.000000,819,-24.913793,OpenLoop,NoFIFO,false,OpenLoop_NoFIFO
24.340070,-1,20,10000.220000,69.894000,479.346071,482.152300,460.000000,819,-19.346071,OpenLoop,NoFIFO,false,OpenLoop_NoFIFO
24.350089,-1,20,10019.442000,89.336000,479.428173,481.743681,460.000000,819,-19.428173,OpenLoop,NoFIFO,false,OpenLoop_NoFIFO
24.360084,-1,20,9995.128000,84.464000,476.524880,480.960861,460.000000,819,-16.524880,OpenLoop,NoFIFO,false,OpenLoop_NoFIFO
24.370149,-1,20,10064.497000,148.961000,474.855282,480.045024,460.000000,819,-14.855282,OpenLoop,NoFIFO,false,OpenLoop_NoFIFO
24.380074,-1,20,9924.999000,73.960000,477.620087,479.681284,460.000000,819,-17.620087,OpenLoop,NoFIFO,false,OpenLoop_NoFIFO
24.390074,-1,20,9999.775000,73.735000,476.614133,479.221211,460.000000,819,-16.614133,OpenLoop,NoFIFO,false,OpenLoop_NoFIFO
24.400098,-1,20,10024.220000,97.955000,479.862608,479.317421,460.000000,819,-19.862608,OpenLoop,NoFIFO,false,OpenLoop_NoFIFO
24.410079,-1,20,9980.868000,78.823000,484.837800,480.145477,460.000000,819,-24.837800,OpenLoop,NoFIFO,false,OpenLoop_NoFIFO
24.420073,-1,20,9994.628000,73.451000,484.609962,480.815150,460.000000,819,-24.609962,OpenLoop,NoFIFO,false,OpenLoop_NoFIFO
24.430073,-1,20,9999.220000,72.671000,486.680328,481.694927,460.000000,819,-26.680328,OpenLoop,NoFIFO,false,OpenLoop_NoFIFO
24.440069,-1,20,9996.424000,69.095000,486.668240,482.440924,460.000000,819,-26.668240,OpenLoop,NoFIFO,false,OpenLoop_NoFIFO
24.450073,-1,20,10004.183000,73.278000,482.998454,482.524553,460.000000,819,-22.998454,OpenLoop,NoFIFO,false,OpenLoop_NoFIFO
24.460084,-1,20,10010.775000,84.053000,483.700750,482.700983,460.000000,819,-23.700750,OpenLoop,NoFIFO,false,OpenLoop_NoFIFO
24.470115,-1,20,10030.998000,115.051000,480.121294,482.314030,460.000000,819,-20.121294,OpenLoop,NoFIFO,false,OpenLoop_NoFIFO
24.480090,-1,20,9975.164000,90.215000,476.130015,481.386427,460.000000,819,-16.130015,OpenLoop,NoFIFO,false,OpenLoop_NoFIFO
24.490076,-1,20,9986.128000,76.343000,476.233672,480.613514,460.000000,819,-16.233672,OpenLoop,NoFIFO,false,OpenLoop_NoFIFO
24.500079,-1,20,10002.349000,78.692000,475.507208,479.847568,460.000000,819,-15.507208,OpenLoop,NoFIFO,false,OpenLoop_NoFIFO
24.510075,-1,20,9996.220000,74.912000,476.327945,479.319625,460.000000,819,-16.327945,OpenLoop,NoFIFO,false,OpenLoop_NoFIFO
24.520077,-1,20,10002.165000,77.077000,482.985358,479.869485,460.000000,819,-22.985358,OpenLoop,NoFIFO,false,OpenLoop_NoFIFO
24.530075,-1,20,9997.868000,74.945000,481.217919,480.071750,460.000000,819,-21.217919,OpenLoop,NoFIFO,false,OpenLoop_NoFIFO
24.540076,-1,20,10001.461000,76.406000,484.035326,480.666286,460.000000,819,-24.035326,OpenLoop,NoFIFO,false,OpenLoop_NoFIFO
24.550075,-1,20,9998.664000,75.070000,488.744076,481.877955,460.000000,819,-28.744076,OpenLoop,NoFIFO,false,OpenLoop_NoFIFO
24.560073,-1,20,9997.924000,72.994000,483.496648,482.120759,460.000000,819,-23.496648,OpenLoop,NoFIFO,false,OpenLoop_NoFIFO
24.570127,-1,20,10053.738000,126.732000,484.837800,482.528315,460.000000,819,-24.837800,OpenLoop,NoFIFO,false,OpenLoop_NoFIFO
24.580081,-1,20,9954.498000,81.230000,485.248447,482.936335,460.000000,819,-25.248447,OpenLoop,NoFIFO,false,OpenLoop_NoFIFO
24.590070,-1,20,9988.758000,69.988000,479.014599,482.348074,460.000000,819,-19.014599,OpenLoop,NoFIFO,false,OpenLoop_NoFIFO
24.600075,-1,20,10004.738000,74.726000,478.316327,481.743312,460.000000,819,-18.316327,OpenLoop,NoFIFO,false,OpenLoop_NoFIFO
24.610069,-1,20,9994.739000,69.465000,476.003385,480.882323,460.000000,819,-16.003385,OpenLoop,NoFIFO,false,OpenLoop_NoFIFO
24.620075,-1,20,10005.368000,74.833000,472.981944,479.697266,460.000000,819,-12.981944,OpenLoop,NoFIFO,false,OpenLoop_NoFIFO
24.630069,-1,20,9994.553000,69.386000,476.464182,479.212303,460.000000,819,-16.464182,OpenLoop,NoFIFO,false,OpenLoop_NoFIFO
24.640074,-1,20,10004.350000,73.736000,476.015500,478.732783,460.000000,819,-16.015500,OpenLoop,NoFIFO,false,OpenLoop_NoFIFO
24.650069,-1,20,9995.479000,69.215000,478.316327,478.670314,460.000000,819,-18.316327,OpenLoop,NoFIFO,false,OpenLoop_NoFIFO
24.660074,-1,20,10004.313000,73.528000,483.746130,479.431687,460.000000,819,-23.746130,OpenLoop,NoFIFO,false,OpenLoop_NoFIFO
24.670070,-1,20,9996.627000,70.155000,482.536765,479.897448,460.000000,819,-22.536765,OpenLoop,NoFIFO,false,OpenLoop_NoFIFO
24.680075,-1,20,10004.831000,74.986000,483.746130,480.474751,460.000000,819,-23.746130,OpenLoop,NoFIFO,false,OpenLoop_NoFIFO
24.690072,-1,20,9996.794000,71.780000,486.668240,481.403774,460.000000,819,-26.668240,OpenLoop,NoFIFO,false,OpenLoop_NoFIFO
24.700074,-1,20,10001.998000,73.778000,481.418919,481.406046,460.000000,819,-21.418919,OpenLoop,NoFIFO,false,OpenLoop_NoFIFO
24.710069,-1,20,9995.461000,69.239000,483.473980,481.716236,460.000000,819,-23.473980,OpenLoop,NoFIFO,false,OpenLoop_NoFIFO
24.720073,-1,20,10003.479000,72.718000,479.346071,481.360711,460.000000,819,-19.346071,OpenLoop,NoFIFO,false,OpenLoop_NoFIFO
24.730069,-1,20,9996.701000,69.419000,474.855282,480.384897,460.000000,819,-14.855282,OpenLoop,NoFIFO,false,OpenLoop_NoFIFO
24.740073,-1,20,10003.497000,72.916000,475.888325,479.710411,460.000000,819,-15.888325,OpenLoop,NoFIFO,false,OpenLoop_NoFIFO
24.750070,-1,20,9997.053000,69.969000,475.313858,479.050928,460.000000,819,-15.313858,OpenLoop,NoFIFO,false,OpenLoop_NoFIFO
24.760070,-1,20,10000.423000,70.392000,473.988824,478.291612,460.000000,819,-13.988824,OpenLoop,NoFIFO,false,OpenLoop_NoFIFO
24.770069,-1,20,9998.942000,69.334000,480.545200,478.629651,460.000000,819,-20.545200,OpenLoop,NoFIFO,false,OpenLoop_NoFIFO
24.780074,-1,20,10005.127000,74.461000,480.639504,478.931129,460.000000,819,-20.639504,OpenLoop,NoFIFO,false,OpenLoop_NoFIFO
24.790069,-1,20,9994.794000,69.255000,482.569022,479.476813,460.000000,819,-22.569022,OpenLoop,NoFIFO,false,OpenLoop_NoFIFO
24.800073,-1,20,10004.016000,73.271000,488.281250,480.797478,460.000000,819,-28.281250,OpenLoop,NoFIFO,false,OpenLoop_NoFIFO
24.810069,-1,20,9995.664000,68.935000,483.010304,481.129402,460.000000,819,-23.010304,OpenLoop,NoFIFO,false,OpenLoop_NoFIFO
24.820073,-1,20,10003.997000,72.932000,484.746639,481.671988,460.000000,819,-24.746639,OpenLoop,NoFIFO,false,OpenLoop_NoFIFO
24.830070,-1,20,9996.609000,69.541000,484.609962,482.112684,460.000000,819,-24.609962,OpenLoop,NoFIFO,false,OpenLoop_NoFIFO
24.840074,-1,20,10004.219000,73.760000,478.830645,481.620378,460.000000,819,-18.830645,OpenLoop,NoFIFO,false,OpenLoop_NoFIFO
24.850069,-1,20,9995.461000,69.221000,479.428173,481.291547,460.000000,819,-19.428173,OpenLoop,NoFIFO,false,OpenLoop_NoFIFO
24.860074,-1,20,10004.997000,74.218000,475.761218,480.461998,460.000000,819,-15.761218,OpenLoop,NoFIFO,false,OpenLoop_NoFIFO
24.870069,-1,20,9994.738000,68.956000,473.257212,479.381280,460.000000,819,-13.257212,OpenLoop,NoFIFO,false,OpenLoop_NoFIFO
24.880074,-1,20,10004.701000,73.657000,477.803112,479.144555,460.000000,819,-17.803112,OpenLoop,NoFIFO,false,OpenLoop_NoFIFO
24.890070,-1,20,9995.886000,69.543000,477.209625,478.854315,460.000000,819,-17.209625,OpenLoop,NoFIFO,false,OpenLoop_NoFIFO
24.900073,-1,20,10003.516000,73.059000,479.088219,478.889401,460.000000,819,-19.088219,OpenLoop,NoFIFO,false,OpenLoop_NoFIFO
24.910069,-1,20,9996.164000,69.223000,484.837800,479.781661,460.000000,819,-24.837800,OpenLoop,NoFIFO,false,OpenLoop_NoFIFO
24.920073,-1,20,10004.276000,73.499000,484.997413,480.564024,460.000000,819,-24.997413,OpenLoop,NoFIFO,false,OpenLoop_NoFIFO
24.930069,-1,20,9995.534000,69.033000,485.152785,481.252338,460.000000,819,-25.152785,OpenLoop,NoFIFO,false,OpenLoop_NoFIFO
24.940073,-1,20,10004.275000,73.308000,488.790407,482.383048,460.000000,819,-28.790407,OpenLoop,NoFIFO,false,OpenLoop_NoFIFO
24.950070,-1,20,9996.979000,70.287000,483.700750,482.580703,460.000000,819,-23.700750,OpenLoop,NoFIFO,false,OpenLoop_NoFIFO
24.960073,-1,20,10002.923000,73.210000,483.772406,482.759459,460.000000,819,-23.772406,OpenLoop,NoFIFO,false,OpenLoop_NoFIFO
24.970070,-1,20,9997.164000,70.374000,479.651163,482.293214,460.000000,819,-19.651163,OpenLoop,NoFIFO,false,OpenLoop_NoFIFO
24.980073,-1,20,10002.868000,73.242000,474.746802,481.161253,460.000000,819,-14.746802,OpenLoop,NoFIFO,false,OpenLoop_NoFIFO
24.990070,-1,20,9996.849000,70.091000,476.003385,480.387572,460.000000,819,-16.003385,OpenLoop,NoFIFO,false,OpenLoop_NoFIFO
25.000073,-1,20,10002.979000,73.070000,476.015500,479.731762,460.000000,819,-16.015500,OpenLoop,NoFIFO,false,OpenLoop_NoFIFO
25.010070,-1,20,9997.201000,70.271000,474.792818,478.990920,460.000000,819,-14.792818,OpenLoop,NoFIFO,false,OpenLoop_NoFIFO
25.020073,-1,20,10002.461000,72.732000,480.380259,479.199321,460.000000,819,-20.380259,OpenLoop,NoFIFO,false,OpenLoop_NoFIFO
25.030069,-1,20,9996.534000,69.266000,480.321379,479.367629,460.000000,819,-20.321379,OpenLoop,NoFIFO,false,OpenLoop_NoFIFO
25.040072,-1,20,10003.183000,72.449000,483.509772,479.988951,460.000000,819,-23.509772,OpenLoop,NoFIFO,false,OpenLoop_NoFIFO
25.050069,-1,20,9996.738000,69.187000,488.050166,481.198133,460.000000,819,-28.050166,OpenLoop,NoFIFO,false,OpenLoop_NoFIFO
25.060073,-1,20,10003.701000,72.888000,483.496648,481.542910,460.000000,819,-23.496648,OpenLoop,NoFIFO,false,OpenLoop_NoFIFO
25.070069,-1,20,9995.942000,68.830000,484.154930,481.934713,460.000000,819,-24.154930,OpenLoop,NoFIFO,false,OpenLoop_NoFIFO
25.080075,-1,20,10006.293000,75.123000,486.149017,482.566859,460.000000,819,-26.149017,OpenLoop,NoFIFO,false,OpenLoop_NoFIFO
25.090070,-1,20,9994.572000,69.695000,478.982815,482.029252,460.000000,819,-18.982815,OpenLoop,NoFIFO,false,OpenLoop_NoFIFO
25.100076,-1,20,10006.497000,76.192000,479.088219,481.588097,460.000000,819,-19.088219,OpenLoop,NoFIFO,false,OpenLoop_NoFIFO
25.110075,-1,20,9999.220000,75.412000,475.313858,480.646961,460.000000,819,-15.313858,OpenLoop,NoFIFO,false,OpenLoop_NoFIFO
25.120073,-1,20,9997.145000,72.557000,473.484848,479.572644,460.000000,819,-13.484848,OpenLoop,NoFIFO,false,OpenLoop_NoFIFO
25.130072,-1,20,9999.924000,72.481000,476.694915,479.140985,460.000000,819,-16.694915,OpenLoop,NoFIFO,false,OpenLoop_NoFIFO
25.140073,-1,20,10000.201000,72.682000,477.035351,478.825140,460.000000,819,-17.035351,OpenLoop,NoFIFO,false,OpenLoop_NoFIFO
25.150072,-1,20,9999.497000,72.179000,479.428173,478.915595,460.000000,819,-19.428173,OpenLoop,NoFIFO,false,OpenLoop_NoFIFO
25.160072,-1,20,9999.627000,71.806000,485.354223,479.881389,460.000000,819,-25.354223,OpenLoop,NoFIFO,false,OpenLoop_NoFIFO
25.170072,-1,20,10000.201000,72.007000,484.837800,480.624851,460.000000,819,-24.837800,OpenLoop,NoFIFO,false,OpenLoop_NoFIFO
25.180079,-1,20,10006.627000,78.634000,483.746130,481.093043,460.000000,819,-23.746130,OpenLoop,NoFIFO,false,OpenLoop_NoFIFO
25.190083,-1,20,10004.109000,82.743000,488.050166,482.136611,460.000000,819,-28.050166,OpenLoop,NoFIFO,false,OpenLoop_NoFIFO
25.200081,-1,20,9997.942000,80.685000,482.200866,482.146249,460.000000,819,-22.200866,OpenLoop,NoFIFO,false,OpenLoop_NoFIFO
25.210074,-1,20,9992.904000,73.589000,482.794944,482.243554,460.000000,819,-22.794944,OpenLoop,NoFIFO,false,OpenLoop_NoFIFO
25.220073,-1,20,9999.202000,72.791000,481.015906,482.059406,460.000000,819,-21.015906,OpenLoop,NoFIFO,false,OpenLoop_NoFIFO
25.230076,-1,20,10003.349000,76.140000,475.313858,481.047574,460.000000,819,-15.313858,OpenLoop,NoFIFO,false,OpenLoop_NoFIFO
25.240073,-1,20,9996.608000,72.748000,476.779979,480.407435,460.000000,819,-16.779979,OpenLoop,NoFIFO,false,OpenLoop_NoFIFO
25.250073,-1,20,10000.294000,73.042000,475.011515,479.598047,460.000000,819,-15.011515,OpenLoop,NoFIFO,false,OpenLoop_NoFIFO
25.260071,-1,20,9998.220000,71.262000,474.241214,478.794522,460.000000,819,-14.241214,OpenLoop,NoFIFO,false,OpenLoop_NoFIFO
25.270073,-1,20,10001.997000,73.259000,479.481247,478.897531,460.000000,819,-19.481247,OpenLoop,NoFIFO,false,OpenLoop_NoFIFO
25.280072,-1,20,9998.553000,71.812000,480.769231,479.178286,460.000000,819,-20.769231,OpenLoop,NoFIFO,false,OpenLoop_NoFIFO
25.290073,-1,20,10000.997000,72.809000,483.021077,479.754704,460.000000,819,-23.021077,OpenLoop,NoFIFO,false,OpenLoop_NoFIFO
25.300073,-1,20,9999.868000,72.677000,488.549095,481.073863,460.000000,819,-28.549095,OpenLoop,NoFIFO,false,OpenLoop_NoFIFO
25.310072,-1,20,9999.275000,71.952000,483.473980,481.433881,460.000000,819,-23.473980,OpenLoop,NoFIFO,false,OpenLoop_NoFIFO
25.320072,-1,20,9999.738000,71.690000,485.089869,481.982279,460.000000,819,-25.089869,OpenLoop,NoFIFO,false,OpenLoop_NoFIFO
25.330072,-1,20,10000.664000,72.354000,485.980207,482.581968,460.000000,819,-25.980207,OpenLoop,NoFIFO,false,OpenLoop_NoFIFO
25.340071,-1,20,9999.109000,71.463000,478.316327,481.942122,460.000000,819,-18.316327,OpenLoop,NoFIFO,false,OpenLoop_NoFIFO
25.350082,-1,20,10010.756000,82.219000,478.316327,481.398253,460.000000,819,-18.316327,OpenLoop,NoFIFO,false,OpenLoop_NoFIFO
25.360078,-1,20,9995.313000,77.532000,477.099237,480.753400,460.000000,819,-17.099237,OpenLoop,NoFIFO,false,OpenLoop_NoFIFO
25.370074,-1,20,9996.441000,73.973000,473.484848,479.663117,460.000000,819,-13.484848,OpenLoop,NoFIFO,false,OpenLoop_NoFIFO
25.380073,-1,20,9998.905000,72.878000,477.290997,479.307299,460.000000,819,-17.290997,OpenLoop,NoFIFO,false,OpenLoop_NoFIFO
25.390072,-1,20,9998.942000,71.820000,478.316327,479.158653,460.000000,819,-18.316327,OpenLoop,NoFIFO,false,OpenLoop_NoFIFO
25.400078,-1,20,10006.479000,78.299000,480.121294,479.303049,460.000000,819,-20.121294,OpenLoop,NoFIFO,false,OpenLoop_NoFIFO
25.410076,-1,20,9998.053000,76.352000,485.980207,480.304623,460.000000,819,-25.980207,OpenLoop,NoFIFO,false,OpenLoop_NoFIFO
25.420073,-1,20,9996.794000,73.146000,485.618866,481.101760,460.000000,819,-25.618866,OpenLoop,NoFIFO,false,OpenLoop_NoFIFO
25.430073,-1,20,9999.886000,73.032000,484.837800,481.662166,460.000000,819,-24.837800,OpenLoop,NoFIFO,false,OpenLoop_NoFIFO
25.440072,-1,20,9998.516000,71.548000,488.027069,482.616901,460.000000,819,-28.027069,OpenLoop,NoFIFO,false,OpenLoop_NoFIFO
25.450072,-1,20,10000.868000,72.416000,483.473980,482.745463,460.000000,819,-23.473980,OpenLoop,NoFIFO,false,OpenLoop_NoFIFO
25.460072,-1,20,9999.293000,71.709000,480.899028,482.468498,460.000000,819,-20.899028,OpenLoop,NoFIFO,false,OpenLoop_NoFIFO
25.470074,-1,20,10002.590000,74.299000,480.321379,482.146430,460.000000,819,-20.321379,OpenLoop,NoFIFO,false,OpenLoop_NoFIFO
25.480082,-1,20,10008.146000,82.445000,474.241214,480.960648,460.000000,819,-14.241214,OpenLoop,NoFIFO,false,OpenLoop_NoFIFO
25.490076,-1,20,9993.849000,76.294000,476.270053,480.257058,460.000000,819,-16.270053,OpenLoop,NoFIFO,false,OpenLoop_NoFIFO
25.500073,-1,20,9996.442000,72.736000,475.011515,479.470227,460.000000,819,-15.011515,OpenLoop,NoFIFO,false,OpenLoop_NoFIFO
25.510073,-1,20,10000.349000,73.085000,474.493873,478.723774,460.000000,819,-14.493873,OpenLoop,NoFIFO,false,OpenLoop_NoFIFO
25.520073,-1,20,9999.757000,72.842000,480.886663,479.048207,460.000000,819,-20.886663,OpenLoop,NoFIFO,false,OpenLoop_NoFIFO
25.530075,-1,20,10001.719000,74.561000,481.262834,479.380401,460.000000,819,-21.262834,OpenLoop,NoFIFO,false,OpenLoop_NoFIFO
25.540073,-1,20,9997.979000,72.540000,483.473980,479.994438,460.000000,819,-23.473980,OpenLoop,NoFIFO,false,OpenLoop_NoFIFO
25.550072,-1,20,9999.498000,72.038000,488.817234,481.317857,460.000000,819,-28.817234,OpenLoop,NoFIFO,false,OpenLoop_NoFIFO
25.560073,-1,20,10000.923000,72.961000,484.609962,481.811673,460.000000,819,-24.609962,OpenLoop,NoFIFO,false,OpenLoop_NoFIFO
25.570072,-1,20,9998.682000,71.643000,484.245868,482.176802,460.000000,819,-24.245868,OpenLoop,NoFIFO,false,OpenLoop_NoFIFO
25.580072,-1,20,9999.887000,71.530000,486.898017,482.884985,460.000000,819,-26.898017,OpenLoop,NoFIFO,false,OpenLoop_NoFIFO
25.590072,-1,20,10000.553000,72.083000,477.803112,482.122704,460.000000,819,-17.803112,OpenLoop,NoFIFO,false,OpenLoop_NoFIFO
25.600077,-1,20,10005.312000,77.395000,478.316327,481.551747,460.000000,819,-18.316327,OpenLoop,NoFIFO,false,OpenLoop_NoFIFO
25.610076,-1,20,9998.275000,75.670000,477.585329,480.956784,460.000000,819,-17.585329,OpenLoop,NoFIFO,false,OpenLoop_NoFIFO
25.620073,-1,20,9996.979000,72.649000,473.257212,479.801848,460.000000,819,-13.257212,OpenLoop,NoFIFO,false,OpenLoop_NoFIFO
25.630072,-1,20,9999.757000,72.406000,477.035351,479.386874,460.000000,819,-17.035351,OpenLoop,NoFIFO,false,OpenLoop_NoFIFO
25.640072,-1,20,10000.089000,72.495000,478.094576,479.193029,460.000000,819,-18.094576,OpenLoop,NoFIFO,false,OpenLoop_NoFIFO
25.650072,-1,20,9999.535000,72.030000,479.604200,479.254705,460.000000,819,-19.604200,OpenLoop,NoFIFO,false,OpenLoop_NoFIFO
25.660072,-1,20,9999.942000,71.972000,484.609962,480.057993,460.000000,819,-24.609962,OpenLoop,NoFIFO,false,OpenLoop_NoFIFO
25.670071,-1,20,9999.090000,71.062000,485.522599,480.877684,460.000000,819,-25.522599,OpenLoop,NoFIFO,false,OpenLoop_NoFIFO
25.680070,-1,20,9998.534000,69.596000,485.354223,481.549165,460.000000,819,-25.354223,OpenLoop,NoFIFO,false,OpenLoop_NoFIFO
25.690071,-1,20,10000.942000,70.538000,486.668240,482.317026,460.000000,819,-26.668240,OpenLoop,NoFIFO,false,OpenLoop_NoFIFO
25.700074,-1,20,10003.497000,74.035000,484.035326,482.574771,460.000000,819,-24.035326,OpenLoop,NoFIFO,false,OpenLoop_NoFIFO
25.710070,-1,20,9995.831000,69.866000,480.993470,482.337576,460.000000,819,-20.993470,OpenLoop,NoFIFO,false,OpenLoop_NoFIFO
25.720073,-1,20,10003.571000,73.437000,482.998454,482.436708,460.000000,819,-22.998454,OpenLoop,NoFIFO,false,OpenLoop_NoFIFO
25.730069,-1,20,9996.052000,69.489000,475.543478,481.402723,460.000000,819,-15.543478,OpenLoop,NoFIFO,false,OpenLoop_NoFIFO
25.740074,-1,20,10004.460000,73.949000,476.270053,480.632823,460.000000,819,-16.270053,OpenLoop,NoFIFO,false,OpenLoop_NoFIFO
25.750070,-1,20,9996.460000,70.409000,476.548059,480.020108,460.000000,819,-16.548059,OpenLoop,NoFIFO,false,OpenLoop_NoFIFO
25.760072,-1,20,10002.090000,72.499000,474.746802,479.229112,460.000000,819,-14.746802,OpenLoop,NoFIFO,false,OpenLoop_NoFIFO
25.770071,-1,20,9998.663000,71.162000,482.300343,479.689797,460.000000,819,-22.300343,OpenLoop,NoFIFO,false,OpenLoop_NoFIFO
25.780074,-1,20,10002.812000,73.974000,481.757451,479.999945,460.000000,819,-21.757451,OpenLoop,NoFIFO,false,OpenLoop_NoFIFO
25.790079,-1,20,10005.145000,79.119000,484.382339,480.657304,460.000000,819,-24.382339,OpenLoop,NoFIFO,false,OpenLoop_NoFIFO
25.800077,-1,20,9997.997000,77.116000,487.746440,481.720675,460.000000,819,-27.746440,OpenLoop,NoFIFO,false,OpenLoop_NoFIFO
25.810074,-1,20,9996.534000,73.650000,485.751295,482.325268,460.000000,819,-25.751295,OpenLoop,NoFIFO,false,OpenLoop_NoFIFO
25.820079,-1,20,10005.831000,79.481000,483.995870,482.575858,460.000000,819,-23.995870,OpenLoop,NoFIFO,false,OpenLoop_NoFIFO
25.830071,-1,20,9991.108000,70.589000,485.980207,483.086510,460.000000,819,-25.980207,OpenLoop,NoFIFO,false,OpenLoop_NoFIFO
25.840073,-1,20,10002.515000,73.104000,479.604200,482.564164,460.000000,819,-19.604200,OpenLoop,NoFIFO,false,OpenLoop_NoFIFO
25.850069,-1,20,9995.997000,69.101000,476.925872,481.718420,460.000000,819,-16.925872,OpenLoop,NoFIFO,false,OpenLoop_NoFIFO
25.860074,-1,20,10004.775000,73.876000,479.049566,481.318092,460.000000,819,-19.049566,OpenLoop,NoFIFO,false,OpenLoop_NoFIFO
25.870070,-1,20,9995.664000,69.540000,474.169075,480.245739,460.000000,819,-14.169075,OpenLoop,NoFIFO,false,OpenLoop_NoFIFO
25.880073,-1,20,10003.311000,72.851000,478.059581,479.917816,460.000000,819,-18.059581,OpenLoop,NoFIFO,false,OpenLoop_NoFIFO
25.890075,-1,20,10001.905000,74.756000,478.316327,479.677592,460.000000,819,-18.316327,OpenLoop,NoFIFO,false,OpenLoop_NoFIFO
25.900081,-1,20,10006.015000,80.771000,480.276639,479.767449,460.000000,819,-20.276639,OpenLoop,NoFIFO,false,OpenLoop_NoFIFO
25.910077,-1,20,9996.516000,77.287000,484.298532,480.447112,460.000000,819,-24.298532,OpenLoop,NoFIFO,false,OpenLoop_NoFIFO
25.920077,-1,20,10000.200000,77.487000,485.980207,481.277076,460.000000,819,-25.980207,OpenLoop,NoFIFO,false,OpenLoop_NoFIFO
25.930073,-1,20,9995.294000,72.781000,484.997413,481.835127,460.000000,819,-24.997413,OpenLoop,NoFIFO,false,OpenLoop_NoFIFO
25.940080,-1,20,10007.459000,80.240000,486.591696,482.548612,460.000000,819,-26.591696,OpenLoop,NoFIFO,false,OpenLoop_NoFIFO
25.950075,-1,20,9995.034000,75.274000,483.496648,482.690817,460.000000,819,-23.496648,OpenLoop,NoFIFO,false,OpenLoop_NoFIFO
25.960074,-1,20,9998.701000,73.975000,481.892523,482.571073,460.000000,819,-21.892523,OpenLoop,NoFIFO,false,OpenLoop_NoFIFO
25.970073,-1,20,9998.534000,72.509000,482.200866,482.515542,460.000000,819,-22.200866,OpenLoop,NoFIFO,false,OpenLoop_NoFIFO
25.980073,-1,20,10000.423000,72.932000,475.084459,481.400880,460.000000,819,-15.084459,OpenLoop,NoFIFO,false,OpenLoop_NoFIFO
25.990072,-1,20,9999.497000,72.429000,475.646880,480.537780,460.000000,819,-15.646880,OpenLoop,NoFIFO,false,OpenLoop_NoFIFO
26.000073,-1,20,10000.756000,73.185000,476.464182,479.926740,460.000000,819,-16.464182,OpenLoop,NoFIFO,false,OpenLoop_NoFIFO
26.010072,-1,20,9999.090000,72.275000,475.507208,479.263810,460.000000,819,-15.507208,OpenLoop,NoFIFO,false,OpenLoop_NoFIFO
26.020073,-1,20,10000.386000,72.661000,480.769231,479.489623,460.000000,819,-20.769231,OpenLoop,NoFIFO,false,OpenLoop_NoFIFO
26.030072,-1,20,9999.700000,72.361000,483.247423,480.053293,460.000000,819,-23.247423,OpenLoop,NoFIFO,false,OpenLoop_NoFIFO
26.040072,-1,20,9999.553000,71.914000,483.772406,480.611160,460.000000,819,-23.772406,OpenLoop,NoFIFO,false,OpenLoop_NoFIFO
26.050072,-1,20,9999.904000,71.818000,487.128011,481.588688,460.000000,819,-27.128011,OpenLoop,NoFIFO,false,OpenLoop_NoFIFO
26.060072,-1,20,10000.127000,71.945000,485.354223,482.153518,460.000000,819,-25.354223,OpenLoop,NoFIFO,false,OpenLoop_NoFIFO
26.070079,-1,20,10007.145000,79.090000,484.609962,482.521985,460.000000,819,-24.609962,OpenLoop,NoFIFO,false,OpenLoop_NoFIFO
26.080084,-1,20,10004.441000,83.531000,485.499741,482.968648,460.000000,819,-25.499741,OpenLoop,NoFIFO,false,OpenLoop_NoFIFO
26.090077,-1,20,9993.368000,76.899000,480.417277,482.585943,460.000000,819,-20.417277,OpenLoop,NoFIFO,false,OpenLoop_NoFIFO
26.100074,-1,20,9997.274000,74.173000,476.270053,481.638559,460.000000,819,-16.270053,OpenLoop,NoFIFO,false,OpenLoop_NoFIFO
26.110073,-1,20,9998.775000,72.948000,478.982815,481.240198,460.000000,819,-18.982815,OpenLoop,NoFIFO,false,OpenLoop_NoFIFO
26.120071,-1,20,9998.182000,71.130000,472.730892,479.963802,460.000000,819,-12.730892,OpenLoop,NoFIFO,false,OpenLoop_NoFIFO
26.130073,-1,20,10001.923000,73.053000,475.773320,479.335229,460.000000,819,-15.773320,OpenLoop,NoFIFO,false,OpenLoop_NoFIFO
26.140071,-1,20,9998.145000,71.198000,478.560490,479.219019,460.000000,819,-18.560490,OpenLoop,NoFIFO,false,OpenLoop_NoFIFO
26.150073,-1,20,10001.627000,72.825000,478.548858,479.118494,460.000000,819,-18.548858,OpenLoop,NoFIFO,false,OpenLoop_NoFIFO
26.160071,-1,20,9998.330000,71.155000,483.746130,479.812640,460.000000,819,-23.746130,OpenLoop,NoFIFO,false,OpenLoop_NoFIFO
26.170073,-1,20,10001.627000,72.782000,485.631475,480.685465,460.000000,819,-25.631475,OpenLoop,NoFIFO,false,OpenLoop_NoFIFO
26.180071,-1,20,9998.423000,71.205000,484.245868,481.219525,460.000000,819,-24.245868,OpenLoop,NoFIFO,false,OpenLoop_NoFIFO
26.190080,-1,20,10009.293000,80.498000,486.898017,482.071299,460.000000,819,-26.898017,OpenLoop,NoFIFO,false,OpenLoop_NoFIFO
26.200077,-1,20,9996.719000,77.217000,485.499741,482.585565,460.000000,819,-25.499741,OpenLoop,NoFIFO,false,OpenLoop_NoFIFO
26.210072,-1,20,9994.831000,72.048000,481.828194,482.471960,460.000000,819,-21.828194,OpenLoop,NoFIFO,false,OpenLoop_NoFIFO
26.220072,-1,20,10000.034000,72.082000,481.939935,482.392156,460.000000,819,-21.939935,OpenLoop,NoFIFO,false,OpenLoop_NoFIFO
26.230072,-1,20,10000.385000,72.467000,475.011515,481.285060,460.000000,819,-15.011515,OpenLoop,NoFIFO,false,OpenLoop_NoFIFO
26.240071,-1,20,9998.757000,71.224000,475.507208,480.418382,460.000000,819,-15.507208,OpenLoop,NoFIFO,false,OpenLoop_NoFIFO
26.250071,-1,20,10000.200000,71.424000,478.084021,480.068228,460.000000,819,-18.084021,OpenLoop,NoFIFO,false,OpenLoop_NoFIFO
26.260071,-1,20,9999.590000,71.014000,475.164724,479.332702,460.000000,819,-15.164724,OpenLoop,NoFIFO,false,OpenLoop_NoFIFO
26.270077,-1,20,10006.478000,77.492000,481.592466,479.671667,460.000000,819,-21.592466,OpenLoop,NoFIFO,false,OpenLoop_NoFIFO
26.280081,-1,20,10003.238000,80.730000,482.501287,480.096110,460.000000,819,-22.501287,OpenLoop,NoFIFO,false,OpenLoop_NoFIFO
26.290076,-1,20,9995.478000,76.208000,484.837800,480.807363,460.000000,819,-24.837800,OpenLoop,NoFIFO,false,OpenLoop_NoFIFO
26.300072,-1,20,9995.683000,71.891000,487.479475,481.808180,460.000000,819,-27.479475,OpenLoop,NoFIFO,false,OpenLoop_NoFIFO
26.310072,-1,20,10000.534000,72.425000,485.751295,482.399647,460.000000,819,-25.751295,OpenLoop,NoFIFO,false,OpenLoop_NoFIFO
26.320072,-1,20,9999.885000,72.310000,483.247423,482.526814,460.000000,819,-23.247423,OpenLoop,NoFIFO,false,OpenLoop_NoFIFO
26.330078,-1,20,10005.997000,78.307000,485.065851,482.907669,460.000000,819,-25.065851,OpenLoop,NoFIFO,false,OpenLoop_NoFIFO
26.340076,-1,20,9997.868000,76.175000,479.539642,482.402465,460.000000,819,-19.539642,OpenLoop,NoFIFO,false,OpenLoop_NoFIFO
26.350081,-1,20,10004.811000,80.986000,476.233672,481.477146,460.000000,819,-16.233672,OpenLoop,NoFIFO,false,OpenLoop_NoFIFO
26.360076,-1,20,9994.831000,75.817000,478.830645,481.080171,460.000000,819,-18.830645,OpenLoop,NoFIFO,false,OpenLoop_NoFIFO
26.370074,-1,20,9997.904000,73.721000,473.920037,480.006151,460.000000,819,-13.920037,OpenLoop,NoFIFO,false,OpenLoop_NoFIFO
26.380073,-1,20,9998.886000,72.607000,475.761218,479.369411,460.000000,819,-15.761218,OpenLoop,NoFIFO,false,OpenLoop_NoFIFO
26.390073,-1,20,10000.034000,72.641000,479.014599,479.316189,460.000000,819,-19.014599,OpenLoop,NoFIFO,false,OpenLoop_NoFIFO
26.400073,-1,20,10000.404000,73.045000,480.030722,479.423369,460.000000,819,-20.030722,OpenLoop,NoFIFO,false,OpenLoop_NoFIFO
26.410072,-1,20,9999.349000,72.394000,484.913793,480.246933,460.000000,819,-24.913793,OpenLoop,NoFIFO,false,OpenLoop_NoFIFO
26.420098,-1,20,10025.312000,97.706000,485.499741,481.034854,460.000000,819,-25.499741,OpenLoop,NoFIFO,false,OpenLoop_NoFIFO
26.430084,-1,20,9986.367000,84.073000,485.065851,481.639504,460.000000,819,-25.065851,OpenLoop,NoFIFO,false,OpenLoop_NoFIFO
26.440081,-1,20,9997.145000,81.218000,487.519501,482.521503,460.000000,819,-27.519501,OpenLoop,NoFIFO,false,OpenLoop_NoFIFO
26.450075,-1,20,9994.072000,75.290000,483.927733,482.732438,460.000000,819,-23.927733,OpenLoop,NoFIFO,false,OpenLoop_NoFIFO
26.460072,-1,20,9997.015000,72.305000,480.899028,482.457426,460.000000,819,-20.899028,OpenLoop,NoFIFO,false,OpenLoop_NoFIFO
26.470075,-1,20,10002.719000,75.024000,479.014599,481.941002,460.000000,819,-19.014599,OpenLoop,NoFIFO,false,OpenLoop_NoFIFO
26.480076,-1,20,10000.868000,75.892000,475.164724,480.924560,460.000000,819,-15.164724,OpenLoop,NoFIFO,false,OpenLoop_NoFIFO
26.490070,-1,20,9994.311000,70.203000,473.257212,479.774458,460.000000,819,-13.257212,OpenLoop,NoFIFO,false,OpenLoop_NoFIFO
26.500074,-1,20,10003.627000,73.830000,478.573348,479.594291,460.000000,819,-18.573348,OpenLoop,NoFIFO,false,OpenLoop_NoFIFO
26.510069,-1,20,9995.664000,69.494000,475.230415,478.939710,460.000000,819,-15.230415,OpenLoop,NoFIFO,false,OpenLoop_NoFIFO
26.520074,-1,20,10004.608000,74.102000,481.158833,479.272578,460.000000,819,-21.158833,OpenLoop,NoFIFO,false,OpenLoop_NoFIFO
26.530069,-1,20,9995.145000,69.247000,482.794944,479.800933,460.000000,819,-22.794944,OpenLoop,NoFIFO,false,OpenLoop_NoFIFO
26.540074,-1,20,10004.719000,73.966000,483.772406,480.396654,460.000000,819,-23.772406,OpenLoop,NoFIFO,false,OpenLoop_NoFIFO
26.550076,-1,20,10002.108000,76.074000,486.668240,481.337392,460.000000,819,-26.668240,OpenLoop,NoFIFO,false,OpenLoop_NoFIFO
26.560085,-1,20,10009.201000,85.275000,485.751295,481.999478,460.000000,819,-25.751295,OpenLoop,NoFIFO,false,OpenLoop_NoFIFO
26.570077,-1,20,9991.978000,77.253000,483.700750,482.254668,460.000000,819,-23.700750,OpenLoop,NoFIFO,false,OpenLoop_NoFIFO
26.580072,-1,20,9994.997000,72.250000,483.746130,482.478388,460.000000,819,-23.746130,OpenLoop,NoFIFO,false,OpenLoop_NoFIFO
26.590073,-1,20,10000.701000,72.951000,479.714912,482.063866,460.000000,819,-19.714912,OpenLoop,NoFIFO,false,OpenLoop_NoFIFO
26.600079,-1,20,10006.145000,79.096000,475.000000,481.004286,460.000000,819,-15.000000,OpenLoop,NoFIFO,false,OpenLoop_NoFIFO
26.610074,-1,20,9995.367000,74.463000,476.988899,480.401978,460.000000,819,-16.988899,OpenLoop,NoFIFO,false,OpenLoop_NoFIFO
26.620072,-1,20,9997.923000,72.386000,474.493873,479.515763,460.000000,819,-14.493873,OpenLoop,NoFIFO,false,OpenLoop_NoFIFO
26.630073,-1,20,10000.386000,72.772000,474.169075,478.713759,460.000000,819,-14.169075,OpenLoop,NoFIFO,false,OpenLoop_NoFIFO
26.640077,-1,20,10004.090000,76.862000,480.639504,479.002621,460.000000,819,-20.639504,OpenLoop,NoFIFO,false,OpenLoop_NoFIFO
26.650075,-1,20,9997.978000,74.840000,480.545200,479.234008,460.000000,819,-20.545200,OpenLoop,NoFIFO,false,OpenLoop_NoFIFO
26.660074,-1,20,9999.349000,74.189000,484.496124,480.023325,460.000000,819,-24.496124,OpenLoop,NoFIFO,false,OpenLoop_NoFIFO
26.670070,-1,20,9996.015000,70.204000,486.898017,481.054529,460.000000,819,-26.898017,OpenLoop,NoFIFO,false,OpenLoop_NoFIFO
26.680073,-1,20,10003.090000,73.294000,484.562024,481.580653,460.000000,819,-24.562024,OpenLoop,NoFIFO,false,OpenLoop_NoFIFO
26.690073,-1,20,9999.941000,73.235000,486.209335,482.274956,460.000000,819,-26.209335,OpenLoop,NoFIFO,false,OpenLoop_NoFIFO
26.700072,-1,20,9998.682000,71.917000,484.746639,482.645708,460.000000,819,-24.746639,OpenLoop,NoFIFO,false,OpenLoop_NoFIFO
26.710073,-1,20,10000.719000,72.636000,481.356968,482.452397,460.000000,819,-21.356968,OpenLoop,NoFIFO,false,OpenLoop_NoFIFO
26.720071,-1,20,9998.738000,71.374000,479.088219,481.947770,460.000000,819,-19.088219,OpenLoop,NoFIFO,false,OpenLoop_NoFIFO
26.730072,-1,20,10000.774000,72.148000,475.449516,480.973032,460.000000,819,-15.449516,OpenLoop,NoFIFO,false,OpenLoop_NoFIFO
26.740072,-1,20,10000.182000,72.330000,473.484848,479.849805,460.000000,819,-13.484848,OpenLoop,NoFIFO,false,OpenLoop_NoFIFO
26.750071,-1,20,9999.126000,71.456000,478.316327,479.619783,460.000000,819,-18.316327,OpenLoop,NoFIFO,false,OpenLoop_NoFIFO
26.760072,-1,20,10000.552000,72.008000,474.493873,478.850897,460.000000,819,-14.493873,OpenLoop,NoFIFO,false,OpenLoop_NoFIFO
26.770072,-1,20,10000.219000,72.227000,479.651163,478.970936,460.000000,819,-19.651163,OpenLoop,NoFIFO,false,OpenLoop_NoFIFO
26.780069,-1,20,9996.959000,69.186000,484.245868,479.762176,460.000000,819,-24.245868,OpenLoop,NoFIFO,false,OpenLoop_NoFIFO
26.790072,-1,20,10003.201000,72.387000,483.484774,480.320566,460.000000,819,-23.484774,OpenLoop,NoFIFO,false,OpenLoop_NoFIFO
26.800071,-1,20,9999.107000,71.494000,487.266112,481.362398,460.000000,819,-27.266112,OpenLoop,NoFIFO,false,OpenLoop_NoFIFO
26.810073,-1,20,10001.330000,72.824000,485.522599,481.986428,460.000000,819,-25.522599,OpenLoop,NoFIFO,false,OpenLoop_NoFIFO
26.820071,-1,20,9998.349000,71.173000,483.772406,482.254325,460.000000,819,-23.772406,OpenLoop,NoFIFO,false,OpenLoop_NoFIFO
26.830072,-1,20,10000.774000,71.947000,483.927733,482.505336,460.000000,819,-23.927733,OpenLoop,NoFIFO,false,OpenLoop_NoFIFO
26.840071,-1,20,9999.089000,71.036000,479.862608,482.108927,460.000000,819,-19.862608,OpenLoop,NoFIFO,false,OpenLoop_NoFIFO
26.850072,-1,20,10000.534000,71.570000,475.313858,481.089666,460.000000,819,-15.313858,OpenLoop,NoFIFO,false,OpenLoop_NoFIFO
26.860072,-1,20,10000.348000,71.918000,477.209625,480.507660,460.000000,819,-17.209625,OpenLoop,NoFIFO,false,OpenLoop_NoFIFO
26.870072,-1,20,10000.385000,72.303000,474.746802,479.643531,460.000000,819,-14.746802,OpenLoop,NoFIFO,false,OpenLoop_NoFIFO
26.880073,-1,20,10000.719000,73.022000,475.313858,478.994080,460.000000,819,-15.313858,OpenLoop,NoFIFO,false,OpenLoop_NoFIFO
26.890072,-1,20,9999.219000,72.241000,482.005141,479.445740,460.000000,819,-22.005141,OpenLoop,NoFIFO,false,OpenLoop_NoFIFO
26.900073,-1,20,10000.774000,73.015000,480.417277,479.591470,460.000000,819,-20.417277,OpenLoop,NoFIFO,false,OpenLoop_NoFIFO
26.910074,-1,20,10000.534000,73.549000,484.496124,480.327168,460.000000,819,-24.496124,OpenLoop,NoFIFO,false,OpenLoop_NoFIFO
26.920073,-1,20,9999.330000,72.879000,488.281250,481.520281,460.000000,819,-28.281250,OpenLoop,NoFIFO,false,OpenLoop_NoFIFO
26.930068,-1,20,9994.719000,67.598000,483.509772,481.818704,460.000000,819,-23.509772,OpenLoop,NoFIFO,false,OpenLoop_NoFIFO
26.940073,-1,20,10005.200000,72.798000,487.588652,482.684196,460.000000,819,-27.588652,OpenLoop,NoFIFO,false,OpenLoop_NoFIFO
26.950072,-1,20,9999.682000,72.480000,484.245868,482.918447,460.000000,819,-24.245868,OpenLoop,NoFIFO,false,OpenLoop_NoFIFO
26.960072,-1,20,9999.589000,72.069000,479.948805,482.473001,460.000000,819,-19.948805,OpenLoop,NoFIFO,false,OpenLoop_NoFIFO
26.970073,-1,20,10001.126000,73.195000,478.830645,481.926648,460.000000,819,-18.830645,OpenLoop,NoFIFO,false,OpenLoop_NoFIFO
26.980072,-1,20,9999.256000,72.451000,475.888325,481.020899,460.000000,819,-15.888325,OpenLoop,NoFIFO,false,OpenLoop_NoFIFO
26.990072,-1,20,9999.533000,71.984000,473.736702,479.928270,460.000000,819,-13.736702,OpenLoop,NoFIFO,false,OpenLoop_NoFIFO
27.000072,-1,20,9999.645000,71.629000,476.925872,479.477910,460.000000,819,-16.925872,OpenLoop,NoFIFO,false,OpenLoop_NoFIFO
27.010072,-1,20,10000.071000,71.700000,475.405680,478.867075,460.000000,819,-15.405680,OpenLoop,NoFIFO,false,OpenLoop_NoFIFO
27.020079,-1,20,10007.015000,78.715000,478.084021,478.749617,460.000000,819,-18.084021,OpenLoop,NoFIFO,false,OpenLoop_NoFIFO
27.030074,-1,20,9995.367000,74.082000,484.997413,479.686787,460.000000,819,-24.997413,OpenLoop,NoFIFO,false,OpenLoop_NoFIFO
27.040073,-1,20,9998.589000,72.671000,483.722359,480.292123,460.000000,819,-23.722359,OpenLoop,NoFIFO,false,OpenLoop_NoFIFO
27.050072,-1,20,9999.200000,71.871000,487.266112,481.338221,460.000000,819,-27.266112,OpenLoop,NoFIFO,false,OpenLoop_NoFIFO
27.060076,-1,20,10004.404000,76.275000,486.898017,482.172190,460.000000,819,-26.898017,OpenLoop,NoFIFO,false,OpenLoop_NoFIFO
27.070073,-1,20,9996.737000,73.012000,483.509772,482.372828,460.000000,819,-23.509772,OpenLoop,NoFIFO,false,OpenLoop_NoFIFO
27.080082,-1,20,10009.256000,82.268000,485.065851,482.776781,460.000000,819,-25.065851,OpenLoop,NoFIFO,false,OpenLoop_NoFIFO
27.090076,-1,20,9993.978000,76.246000,479.604200,482.300894,460.000000,819,-19.604200,OpenLoop,NoFIFO,false,OpenLoop_NoFIFO
27.100073,-1,20,9997.071000,73.317000,476.108033,481.371965,460.000000,819,-16.108033,OpenLoop,NoFIFO,false,OpenLoop_NoFIFO
27.110071,-1,20,9997.385000,70.702000,477.035351,480.721473,460.000000,819,-17.035351,OpenLoop,NoFIFO,false,OpenLoop_NoFIFO
27.120072,-1,20,10001.145000,71.847000,475.084459,479.875921,460.000000,819,-15.084459,OpenLoop,NoFIFO,false,OpenLoop_NoFIFO
27.130071,-1,20,9998.830000,70.677000,475.646880,479.241565,460.000000,819,-15.646880,OpenLoop,NoFIFO,false,OpenLoop_NoFIFO
27.140072,-1,20,10001.626000,72.303000,481.356968,479.558875,460.000000,819,-21.356968,OpenLoop,NoFIFO,false,OpenLoop_NoFIFO
27.150087,-1,20,10014.663000,86.966000,479.785056,479.592802,460.000000,819,-19.785056,OpenLoop,NoFIFO,false,OpenLoop_NoFIFO
27.160075,-1,20,9988.034000,75.000000,483.700750,480.208995,460.000000,819,-23.700750,OpenLoop,NoFIFO,false,OpenLoop_NoFIFO
27.170071,-1,20,9995.626000,70.626000,489.085667,481.540495,460.000000,819,-29.085667,OpenLoop,NoFIFO,false,OpenLoop_NoFIFO
27.180070,-1,20,9999.682000,70.308000,484.837800,482.035091,460.000000,819,-24.837800,OpenLoop,NoFIFO,false,OpenLoop_NoFIFO
27.190071,-1,20,10000.626000,70.934000,485.751295,482.592522,460.000000,819,-25.751295,OpenLoop,NoFIFO,false,OpenLoop_NoFIFO
27.200070,-1,20,9999.348000,70.282000,485.065851,482.963521,460.000000,819,-25.065851,OpenLoop,NoFIFO,false,OpenLoop_NoFIFO
27.210071,-1,20,10000.330000,70.612000,479.088219,482.382226,460.000000,819,-19.088219,OpenLoop,NoFIFO,false,OpenLoop_NoFIFO
27.220070,-1,20,9998.941000,69.553000,478.548858,481.807221,460.000000,819,-18.548858,OpenLoop,NoFIFO,false,OpenLoop_NoFIFO
27.230071,-1,20,10000.997000,70.550000,475.888325,480.919386,460.000000,819,-15.888325,OpenLoop,NoFIFO,false,OpenLoop_NoFIFO
27.240070,-1,20,9998.978000,69.528000,473.712705,479.838384,460.000000,819,-13.712705,OpenLoop,NoFIFO,false,OpenLoop_NoFIFO
27.250075,-1,20,10005.385000,74.913000,477.290997,479.456276,460.000000,819,-17.290997,OpenLoop,NoFIFO,false,OpenLoop_NoFIFO
27.260070,-1,20,9995.497000,70.410000,476.327945,478.987026,460.000000,819,-16.327945,OpenLoop,NoFIFO,false,OpenLoop_NoFIFO
27.270070,-1,20,10000.089000,70.499000,478.830645,478.963569,460.000000,819,-18.830645,OpenLoop,NoFIFO,false,OpenLoop_NoFIFO
27.280071,-1,20,10000.663000,71.162000,484.837800,479.844704,460.000000,819,-24.837800,OpenLoop,NoFIFO,false,OpenLoop_NoFIFO
27.290071,-1,20,9999.811000,70.973000,482.200866,480.198128,460.000000,819,-22.200866,OpenLoop,NoFIFO,false,OpenLoop_NoFIFO
27.300070,-1,20,9998.627000,69.600000,486.209335,481.099809,460.000000,819,-26.209335,OpenLoop,NoFIFO,false,OpenLoop_NoFIFO
27.310071,-1,20,10001.052000,70.652000,488.027069,482.138898,460.000000,819,-28.027069,OpenLoop,NoFIFO,false,OpenLoop_NoFIFO
27.320071,-1,20,10000.292000,70.944000,483.473980,482.339160,460.000000,819,-23.473980,OpenLoop,NoFIFO,false,OpenLoop_NoFIFO
27.330071,-1,20,9999.775000,70.719000,484.825803,482.712157,460.000000,819,-24.825803,OpenLoop,NoFIFO,false,OpenLoop_NoFIFO
27.340095,-1,20,10023.978000,94.697000,479.014599,482.157523,460.000000,819,-19.014599,OpenLoop,NoFIFO,false,OpenLoop_NoFIFO
27.350075,-1,20,9980.089000,74.786000,475.646880,481.180927,460.000000,819,-15.646880,OpenLoop,NoFIFO,false,OpenLoop_NoFIFO
27.360071,-1,20,9996.015000,70.801000,476.694915,480.508025,460.000000,819,-16.694915,OpenLoop,NoFIFO,false,OpenLoop_NoFIFO
27.370071,-1,20,10000.126000,70.927000,476.130015,479.851323,460.000000,819,-16.130015,OpenLoop,NoFIFO,false,OpenLoop_NoFIFO
27.380073,-1,20,10002.089000,73.016000,475.313858,479.170704,460.000000,819,-15.313858,OpenLoop,NoFIFO,false,OpenLoop_NoFIFO
27.390074,-1,20,10000.997000,74.013000,482.200866,479.625228,460.000000,819,-22.200866,OpenLoop,NoFIFO,false,OpenLoop_NoFIFO
27.400074,-1,20,9999.941000,73.954000,480.993470,479.830464,460.000000,819,-20.993470,OpenLoop,NoFIFO,false,OpenLoop_NoFIFO
27.410073,-1,20,9999.478000,73.432000,484.496124,480.530313,460.000000,819,-24.496124,OpenLoop,NoFIFO,false,OpenLoop_NoFIFO
27.420073,-1,20,9999.404000,72.836000,489.904988,481.936515,460.000000,819,-29.904988,OpenLoop,NoFIFO,false,OpenLoop_NoFIFO
27.430072,-1,20,9999.163000,71.999000,484.298532,482.290817,460.000000,819,-24.298532,OpenLoop,NoFIFO,false,OpenLoop_NoFIFO
27.440072,-1,20,9999.534000,71.533000,485.522599,482.775584,460.000000,819,-25.522599,OpenLoop,NoFIFO,false,OpenLoop_NoFIFO
27.450080,-1,20,10008.293000,79.826000,486.003110,483.259713,460.000000,819,-26.003110,OpenLoop,NoFIFO,false,OpenLoop_NoFIFO
27.460076,-1,20,9996.126000,75.952000,479.014599,482.622946,460.000000,819,-19.014599,OpenLoop,NoFIFO,false,OpenLoop_NoFIFO
27.470078,-1,20,10002.274000,78.226000,479.604200,482.170134,460.000000,819,-19.604200,OpenLoop,NoFIFO,false,OpenLoop_NoFIFO
27.480087,-1,20,10009.071000,87.297000,476.768377,481.359871,460.000000,819,-16.768377,OpenLoop,NoFIFO,false,OpenLoop_NoFIFO
27.490076,-1,20,9989.181000,76.478000,473.736702,480.216395,460.000000,819,-13.736702,OpenLoop,NoFIFO,false,OpenLoop_NoFIFO
27.500081,-1,20,10004.886000,81.364000,476.988899,479.732271,460.000000,819,-16.988899,OpenLoop,NoFIFO,false,OpenLoop_NoFIFO
27.510078,-1,20,9996.330000,77.694000,477.546917,479.404468,460.000000,819,-17.546917,OpenLoop,NoFIFO,false,OpenLoop_NoFIFO
27.520081,-1,20,10003.422000,81.116000,479.785056,479.461556,460.000000,819,-19.785056,OpenLoop,NoFIFO,false,OpenLoop_NoFIFO
27.530077,-1,20,9995.756000,76.872000,485.751295,480.405017,460.000000,819,-25.751295,OpenLoop,NoFIFO,false,OpenLoop_NoFIFO
27.540074,-1,20,9996.700000,73.572000,485.392012,481.153066,460.000000,819,-25.392012,OpenLoop,NoFIFO,false,OpenLoop_NoFIFO
27.550073,-1,20,9999.608000,73.180000,485.499741,481.805067,460.000000,819,-25.499741,OpenLoop,NoFIFO,false,OpenLoop_NoFIFO
27.560073,-1,20,9999.441000,72.621000,488.512553,482.811190,460.000000,819,-28.512553,OpenLoop,NoFIFO,false,OpenLoop_NoFIFO
27.570072,-1,20,9999.737000,72.358000,483.772406,482.955373,460.000000,819,-23.772406,OpenLoop,NoFIFO,false,OpenLoop_NoFIFO
27.580072,-1,20,9999.719000,72.077000,483.473980,483.033164,460.000000,819,-23.473980,OpenLoop,NoFIFO,false,OpenLoop_NoFIFO
27.590072,-1,20,9999.645000,71.722000,480.639504,482.674115,460.000000,819,-20.639504,OpenLoop,NoFIFO,false,OpenLoop_NoFIFO
27.600072,-1,20,10000.219000,71.941000,476.108033,481.689203,460.000000,819,-16.108033,OpenLoop,NoFIFO,false,OpenLoop_NoFIFO
27.610076,-1,20,10004.015000,75.956000,477.290997,481.029472,460.000000,819,-17.290997,OpenLoop,NoFIFO,false,OpenLoop_NoFIFO
27.620075,-1,20,9998.885000,74.841000,476.003385,480.275559,460.000000,819,-16.003385,OpenLoop,NoFIFO,false,OpenLoop_NoFIFO
27.630072,-1,20,9997.608000,72.449000,474.683544,479.436757,460.000000,819,-14.683544,OpenLoop,NoFIFO,false,OpenLoop_NoFIFO
27.640072,-1,20,9999.681000,72.130000,480.182927,479.548682,460.000000,819,-20.182927,OpenLoop,NoFIFO,false,OpenLoop_NoFIFO
27.650073,-1,20,10000.571000,72.701000,481.510015,479.842882,460.000000,819,-21.510015,OpenLoop,NoFIFO,false,OpenLoop_NoFIFO
27.660072,-1,20,9999.385000,72.086000,483.484774,480.389166,460.000000,819,-23.484774,OpenLoop,NoFIFO,false,OpenLoop_NoFIFO
27.670072,-1,20,9999.645000,71.731000,488.535696,481.611145,460.000000,819,-28.535696,OpenLoop,NoFIFO,false,OpenLoop_NoFIFO
27.680082,-1,20,10010.182000,81.913000,484.382339,482.026824,460.000000,819,-24.382339,OpenLoop,NoFIFO,false,OpenLoop_NoFIFO
27.690078,-1,20,9995.774000,77.687000,484.298532,482.367581,460.000000,819,-24.298532,OpenLoop,NoFIFO,false,OpenLoop_NoFIFO
27.700073,-1,20,9995.182000,72.869000,485.980207,482.909475,460.000000,819,-25.980207,OpenLoop,NoFIFO,false,OpenLoop_NoFIFO
27.710072,-1,20,9999.589000,72.458000,478.059581,482.181991,460.000000,819,-18.059581,OpenLoop,NoFIFO,false,OpenLoop_NoFIFO
27.720072,-1,20,9999.700000,72.158000,478.760446,481.668759,460.000000,819,-18.760446,OpenLoop,NoFIFO,false,OpenLoop_NoFIFO
27.730071,-1,20,9998.996000,71.154000,476.524880,480.897177,460.000000,819,-16.524880,OpenLoop,NoFIFO,false,OpenLoop_NoFIFO
27.740075,-1,20,10003.422000,74.576000,474.169075,479.887962,460.000000,819,-14.169075,OpenLoop,NoFIFO,false,OpenLoop_NoFIFO
27.750072,-1,20,9997.144000,71.720000,478.059581,479.613705,460.000000,819,-18.059581,OpenLoop,NoFIFO,false,OpenLoop_NoFIFO
27.760073,-1,20,10001.348000,73.068000,478.094576,479.385835,460.000000,819,-18.094576,OpenLoop,NoFIFO,false,OpenLoop_NoFIFO
27.770071,-1,20,9998.033000,71.101000,480.121294,479.496154,460.000000,819,-20.121294,OpenLoop,NoFIFO,false,OpenLoop_NoFIFO
27.780101,-1,20,10030.015000,101.116000,485.294118,480.365849,460.000000,819,-25.294118,OpenLoop,NoFIFO,false,OpenLoop_NoFIFO
27.790073,-1,20,9971.459000,72.575000,486.507525,481.287100,460.000000,819,-26.507525,OpenLoop,NoFIFO,false,OpenLoop_NoFIFO
27.800074,-1,20,10001.330000,73.905000,486.209335,482.025435,460.000000,819,-26.209335,OpenLoop,NoFIFO,false,OpenLoop_NoFIFO
27.810071,-1,20,9996.773000,70.678000,488.817234,483.044205,460.000000,819,-28.817234,OpenLoop,NoFIFO,false,OpenLoop_NoFIFO
27.820072,-1,20,10001.552000,72.230000,483.473980,483.108671,460.000000,819,-23.473980,OpenLoop,NoFIFO,false,OpenLoop_NoFIFO
27.830071,-1,20,9998.681000,70.911000,482.005141,482.943142,460.000000,819,-22.005141,OpenLoop,NoFIFO,false,OpenLoop_NoFIFO
27.840085,-1,20,10014.422000,85.333000,480.417277,482.564262,460.000000,819,-20.417277,OpenLoop,NoFIFO,false,OpenLoop_NoFIFO
27.850079,-1,20,9993.311000,78.644000,473.736702,481.240128,460.000000,819,-13.736702,OpenLoop,NoFIFO,false,OpenLoop_NoFIFO
27.860086,-1,20,10006.867000,85.511000,476.548059,480.536318,460.000000,819,-16.548059,OpenLoop,NoFIFO,false,OpenLoop_NoFIFO
27.870078,-1,20,9992.533000,78.044000,474.683544,479.658402,460.000000,819,-14.683544,OpenLoop,NoFIFO,false,OpenLoop_NoFIFO
27.880114,-1,20,10035.755000,113.799000,474.493873,478.883722,460.000000,819,-14.493873,OpenLoop,NoFIFO,false,OpenLoop_NoFIFO
27.890071,-1,20,9956.941000,70.740000,479.247809,478.938335,460.000000,819,-19.247809,OpenLoop,NoFIFO,false,OpenLoop_NoFIFO
27.900074,-1,20,10003.404000,74.144000,481.510015,479.324087,460.000000,819,-21.510015,OpenLoop,NoFIFO,false,OpenLoop_NoFIFO
27.910077,-1,20,10002.625000,76.769000,482.536765,479.805989,460.000000,819,-22.536765,OpenLoop,NoFIFO,false,OpenLoop_NoFIFO
27.920073,-1,20,9995.978000,72.747000,488.512553,481.111974,460.000000,819,-28.512553,OpenLoop,NoFIFO,false,OpenLoop_NoFIFO
27.930072,-1,20,9998.996000,71.743000,484.245868,481.582058,460.000000,819,-24.245868,OpenLoop,NoFIFO,false,OpenLoop_NoFIFO
27.940073,-1,20,10001.015000,72.758000,484.154930,481.967989,460.000000,819,-24.154930,OpenLoop,NoFIFO,false,OpenLoop_NoFIFO
27.950073,-1,20,10000.070000,72.828000,487.212801,482.754710,460.000000,819,-27.212801,OpenLoop,NoFIFO,false,OpenLoop_NoFIFO
27.960072,-1,20,9999.033000,71.861000,478.982815,482.188926,460.000000,819,-18.982815,OpenLoop,NoFIFO,false,OpenLoop_NoFIFO
27.970073,-1,20,10001.274000,73.135000,477.546917,481.492625,460.000000,819,-17.546917,OpenLoop,NoFIFO,false,OpenLoop_NoFIFO
27.980072,-1,20,9999.181000,72.316000,476.003385,480.669239,460.000000,819,-16.003385,OpenLoop,NoFIFO,false,OpenLoop_NoFIFO
27.990072,-1,20,10000.108000,72.424000,472.229586,479.403291,460.000000,819,-12.229586,OpenLoop,NoFIFO,false,OpenLoop_NoFIFO
28.000073,-1,20,10000.440000,72.864000,476.988899,479.041132,460.000000,819,-16.988899,OpenLoop,NoFIFO,false,OpenLoop_NoFIFO
28.010072,-1,20,9999.089000,71.953000,477.803112,478.855429,460.000000,819,-17.803112,OpenLoop,NoFIFO,false,OpenLoop_NoFIFO
28.020073,-1,20,10000.941000,72.894000,480.545200,479.108895,460.000000,819,-20.545200,OpenLoop,NoFIFO,false,OpenLoop_NoFIFO
28.030072,-1,20,9998.607000,71.501000,484.562024,479.926864,460.000000,819,-24.562024,OpenLoop,NoFIFO,false,OpenLoop_NoFIFO
28.040072,-1,20,10000.940000,72.441000,485.751295,480.800529,460.000000,819,-25.751295,OpenLoop,NoFIFO,false,OpenLoop_NoFIFO
28.050072,-1,20,9999.497000,71.938000,485.089869,481.443930,460.000000,819,-25.089869,OpenLoop,NoFIFO,false,OpenLoop_NoFIFO
28.060072,-1,20,10000.070000,72.008000,487.819300,482.400235,460.000000,819,-27.819300,OpenLoop,NoFIFO,false,OpenLoop_NoFIFO
28.070072,-1,20,10000.403000,72.411000,482.749743,482.452661,460.000000,819,-22.749743,OpenLoop,NoFIFO,false,OpenLoop_NoFIFO
28.080082,-1,20,10009.311000,81.722000,481.828194,482.358991,460.000000,819,-21.828194,OpenLoop,NoFIFO,false,OpenLoop_NoFIFO
28.090076,-1,20,9993.811000,75.533000,481.757451,482.268760,460.000000,819,-21.757451,OpenLoop,NoFIFO,false,OpenLoop_NoFIFO
28.100072,-1,20,9996.367000,71.900000,474.397590,481.088085,460.000000,819,-14.397590,OpenLoop,NoFIFO,false,OpenLoop_NoFIFO
28.110072,-1,20,9999.644000,71.544000,475.888325,480.308121,460.000000,819,-15.888325,OpenLoop,NoFIFO,false,OpenLoop_NoFIFO
28.120072,-1,20,10000.848000,72.392000,474.855282,479.490195,460.000000,819,-14.855282,OpenLoop,NoFIFO,false,OpenLoop_NoFIFO
28.130071,-1,20,9998.774000,71.166000,473.988824,478.664989,460.000000,819,-13.988824,OpenLoop,NoFIFO,false,OpenLoop_NoFIFO
28.140072,-1,20,10000.348000,71.514000,478.084021,478.577844,460.000000,819,-18.084021,OpenLoop,NoFIFO,false,OpenLoop_NoFIFO
28.150070,-1,20,9998.422000,69.936000,478.560490,478.575241,460.000000,819,-18.560490,OpenLoop,NoFIFO,false,OpenLoop_NoFIFO
28.160073,-1,20,10002.903000,72.839000,480.417277,478.851546,460.000000,819,-20.417277,OpenLoop,NoFIFO,false,OpenLoop_NoFIFO
28.170071,-1,20,9998.385000,71.224000,484.245868,479.660695,460.000000,819,-24.245868,OpenLoop,NoFIFO,false,OpenLoop_NoFIFO
28.180072,-1,20,10000.663000,71.887000,483.473980,480.232687,460.000000,819,-23.473980,OpenLoop,NoFIFO,false,OpenLoop_NoFIFO
28.190071,-1,20,9998.922000,70.809000,481.418919,480.410622,460.000000,819,-21.418919,OpenLoop,NoFIFO,false,OpenLoop_NoFIFO
28.200071,-1,20,10000.682000,71.491000,485.294118,481.143146,460.000000,819,-25.294118,OpenLoop,NoFIFO,false,OpenLoop_NoFIFO
28.210070,-1,20,9998.755000,70.246000,477.546917,480.603712,460.000000,819,-17.546917,OpenLoop,NoFIFO,false,OpenLoop_NoFIFO
28.220071,-1,20,10001.015000,71.261000,476.925872,480.052036,460.000000,819,-16.925872,OpenLoop,NoFIFO,false,OpenLoop_NoFIFO
28.230072,-1,20,10000.551000,71.812000,475.646880,479.391263,460.000000,819,-15.646880,OpenLoop,NoFIFO,false,OpenLoop_NoFIFO
28.240072,-1,20,10000.478000,72.290000,473.257212,478.471155,460.000000,819,-13.257212,OpenLoop,NoFIFO,false,OpenLoop_NoFIFO
28.250071,-1,20,9998.867000,71.157000,477.803112,478.370948,460.000000,819,-17.803112,OpenLoop,NoFIFO,false,OpenLoop_NoFIFO
28.260071,-1,20,10000.292000,71.449000,477.430556,478.229890,460.000000,819,-17.430556,OpenLoop,NoFIFO,false,OpenLoop_NoFIFO
28.270079,-1,20,10007.200000,78.649000,480.380259,478.552445,460.000000,819,-20.380259,OpenLoop,NoFIFO,false,OpenLoop_NoFIFO
28.280080,-1,20,10001.644000,80.293000,484.382339,479.426929,460.000000,819,-24.382339,OpenLoop,NoFIFO,false,OpenLoop_NoFIFO
28.290075,-1,20,9995.033000,75.326000,487.212801,480.594810,460.000000,819,-27.212801,OpenLoop,NoFIFO,false,OpenLoop_NoFIFO
28.300073,-1,20,9997.515000,72.841000,485.294118,481.299706,460.000000,819,-25.294118,OpenLoop,NoFIFO,false,OpenLoop_NoFIFO
28.310071,-1,20,9998.126000,70.967000,488.027069,482.308810,460.000000,819,-28.027069,OpenLoop,NoFIFO,false,OpenLoop_NoFIFO
28.320074,-1,20,10002.848000,73.815000,483.010304,482.414035,460.000000,819,-23.010304,OpenLoop,NoFIFO,false,OpenLoop_NoFIFO
28.330073,-1,20,9998.996000,72.811000,481.262834,482.241354,460.000000,819,-21.262834,OpenLoop,NoFIFO,false,OpenLoop_NoFIFO
28.340073,-1,20,10000.311000,73.122000,480.417277,481.967743,460.000000,819,-20.417277,OpenLoop,NoFIFO,false,OpenLoop_NoFIFO
28.350073,-1,20,9999.977000,73.099000,474.443320,480.839079,460.000000,819,-14.443320,OpenLoop,NoFIFO,false,OpenLoop_NoFIFO
28.360075,-1,20,10001.904000,75.003000,475.543478,480.044739,460.000000,819,-15.543478,OpenLoop,NoFIFO,false,OpenLoop_NoFIFO
28.370071,-1,20,9995.829000,70.832000,475.000000,479.288028,460.000000,819,-15.000000,OpenLoop,NoFIFO,false,OpenLoop_NoFIFO
28.380075,-1,20,10004.256000,75.088000,475.449516,478.712251,460.000000,819,-15.449516,OpenLoop,NoFIFO,false,OpenLoop_NoFIFO
28.390071,-1,20,9995.533000,70.621000,481.418919,479.118252,460.000000,819,-21.418919,OpenLoop,NoFIFO,false,OpenLoop_NoFIFO
28.400086,-1,20,10015.218000,85.839000,481.442577,479.466900,460.000000,819,-21.442577,OpenLoop,NoFIFO,false,OpenLoop_NoFIFO
28.410078,-1,20,9991.700000,77.539000,484.298532,480.191645,460.000000,819,-24.298532,OpenLoop,NoFIFO,false,OpenLoop_NoFIFO
28.420084,-1,20,10006.329000,83.868000,487.588652,481.301196,460.000000,819,-27.588652,OpenLoop,NoFIFO,false,OpenLoop_NoFIFO
28.430086,-1,20,10001.756000,85.624000,485.499741,481.930978,460.000000,819,-25.499741,OpenLoop,NoFIFO,false,OpenLoop_NoFIFO
28.440076,-1,20,9990.033000,75.657000,485.294118,482.435449,460.000000,819,-25.294118,OpenLoop,NoFIFO,false,OpenLoop_NoFIFO
28.450073,-1,20,9997.570000,73.227000,487.012987,483.122080,460.000000,819,-27.012987,OpenLoop,NoFIFO,false,OpenLoop_NoFIFO
28.460073,-1,20,10000.256000,73.483000,479.014599,482.505957,460.000000,819,-19.014599,OpenLoop,NoFIFO,false,OpenLoop_NoFIFO
28.470070,-1,20,9996.589000,70.072000,477.099237,481.694949,460.000000,819,-17.099237,OpenLoop,NoFIFO,false,OpenLoop_NoFIFO
28.480083,-1,20,10012.625000,82.697000,477.620087,481.083720,460.000000,819,-17.620087,OpenLoop,NoFIFO,false,OpenLoop_NoFIFO
28.490076,-1,20,9993.533000,76.230000,472.981944,479.868454,460.000000,819,-12.981944,OpenLoop,NoFIFO,false,OpenLoop_NoFIFO
28.500077,-1,20,10001.237000,77.467000,476.003385,479.288693,460.000000,819,-16.003385,OpenLoop,NoFIFO,false,OpenLoop_NoFIFO
28.510076,-1,20,9998.478000,75.945000,476.856562,478.923874,460.000000,819,-16.856562,OpenLoop,NoFIFO,false,OpenLoop_NoFIFO
28.520086,-1,20,10010.070000,86.015000,479.014599,478.937482,460.000000,819,-19.014599,OpenLoop,NoFIFO,false,OpenLoop_NoFIFO
28.530088,-1,20,10001.700000,87.715000,483.995870,479.696240,460.000000,819,-23.995870,OpenLoop,NoFIFO,false,OpenLoop_NoFIFO
28.540077,-1,20,9988.996000,76.711000,485.522599,480.570194,460.000000,819,-25.522599,OpenLoop,NoFIFO,false,OpenLoop_NoFIFO
28.550073,-1,20,9996.515000,73.226000,483.746130,481.046585,460.000000,819,-23.746130,OpenLoop,NoFIFO,false,OpenLoop_NoFIFO
28.560074,-1,20,10000.588000,73.814000,486.111111,481.806264,460.000000,819,-26.111111,OpenLoop,NoFIFO,false,OpenLoop_NoFIFO
28.570077,-1,20,10003.108000,76.922000,483.496648,482.059821,460.000000,819,-23.496648,OpenLoop,NoFIFO,false,OpenLoop_NoFIFO
28.580073,-1,20,9996.311000,73.233000,481.121701,481.919103,460.000000,819,-21.121701,OpenLoop,NoFIFO,false,OpenLoop_NoFIFO
28.590073,-1,20,9999.570000,72.803000,481.510015,481.857740,460.000000,819,-21.510015,OpenLoop,NoFIFO,false,OpenLoop_NoFIFO
28.600072,-1,20,9998.866000,71.669000,474.626326,480.773028,460.000000,819,-14.626326,OpenLoop,NoFIFO,false,OpenLoop_NoFIFO
28.610076,-1,20,10004.496000,76.165000,475.507208,479.983155,460.000000,819,-15.507208,OpenLoop,NoFIFO,false,OpenLoop_NoFIFO
28.620076,-1,20,10000.237000,76.402000,475.668819,479.336004,460.000000,819,-15.668819,OpenLoop,NoFIFO,false,OpenLoop_NoFIFO
28.630073,-1,20,9996.959000,73.361000,475.000000,478.685604,460.000000,819,-15.000000,OpenLoop,NoFIFO,false,OpenLoop_NoFIFO
28.640073,-1,20,9999.941000,73.302000,480.417277,478.945355,460.000000,819,-20.417277,OpenLoop,NoFIFO,false,OpenLoop_NoFIFO
28.650073,-1,20,9999.663000,72.965000,482.253086,479.441515,460.000000,819,-22.253086,OpenLoop,NoFIFO,false,OpenLoop_NoFIFO
28.660073,-1,20,9999.644000,72.609000,483.927733,480.114447,460.000000,819,-23.927733,OpenLoop,NoFIFO,false,OpenLoop_NoFIFO
28.670071,-1,20,9998.885000,71.494000,487.212801,481.179200,460.000000,819,-27.212801,OpenLoop,NoFIFO,false,OpenLoop_NoFIFO
28.680082,-1,20,10010.663000,82.157000,485.522599,481.830710,460.000000,819,-25.522599,OpenLoop,NoFIFO,false,OpenLoop_NoFIFO
28.690076,-1,20,9993.941000,76.098000,483.247423,482.043217,460.000000,819,-23.247423,OpenLoop,NoFIFO,false,OpenLoop_NoFIFO
28.700074,-1,20,9997.514000,73.612000,486.111111,482.653401,460.000000,819,-26.111111,OpenLoop,NoFIFO,false,OpenLoop_NoFIFO
28.710071,-1,20,9997.792000,71.404000,478.804903,482.076126,460.000000,819,-18.804903,OpenLoop,NoFIFO,false,OpenLoop_NoFIFO
28.720073,-1,20,10001.607000,73.011000,476.233672,481.199758,460.000000,819,-16.233672,OpenLoop,NoFIFO,false,OpenLoop_NoFIFO
28.730072,-1,20,9998.829000,71.840000,478.316327,480.767243,460.000000,819,-18.316327,OpenLoop,NoFIFO,false,OpenLoop_NoFIFO
28.740072,-1,20,10000.626000,72.466000,473.484848,479.674884,460.000000,819,-13.484848,OpenLoop,NoFIFO,false,OpenLoop_NoFIFO
28.750072,-1,20,9999.125000,71.591000,476.270053,479.164160,460.000000,819,-16.270053,OpenLoop,NoFIFO,false,OpenLoop_NoFIFO
28.760072,-1,20,10000.773000,72.364000,477.388458,478.897804,460.000000,819,-17.388458,OpenLoop,NoFIFO,false,OpenLoop_NoFIFO
28.770071,-1,20,9999.015000,71.379000,480.030722,479.067742,460.000000,819,-20.030722,OpenLoop,NoFIFO,false,OpenLoop_NoFIFO
28.780071,-1,20,9999.866000,71.245000,483.960177,479.801607,460.000000,819,-23.960177,OpenLoop,NoFIFO,false,OpenLoop_NoFIFO
28.790071,-1,20,9999.384000,70.629000,486.255187,480.769644,460.000000,819,-26.255187,OpenLoop,NoFIFO,false,OpenLoop_NoFIFO
28.800073,-1,20,10002.015000,72.644000,485.294118,481.448315,460.000000,819,-25.294118,OpenLoop,NoFIFO,false,OpenLoop_NoFIFO
28.810072,-1,20,9999.495000,72.139000,487.012987,482.283016,460.000000,819,-27.012987,OpenLoop,NoFIFO,false,OpenLoop_NoFIFO
28.820072,-1,20,9999.829000,71.968000,483.960177,482.534590,460.000000,819,-23.960177,OpenLoop,NoFIFO,false,OpenLoop_NoFIFO
28.830072,-1,20,10000.070000,72.038000,481.158833,482.328227,460.000000,819,-21.158833,OpenLoop,NoFIFO,false,OpenLoop_NoFIFO
28.840073,-1,20,10000.533000,72.571000,480.545200,482.060773,460.000000,819,-20.545200,OpenLoop,NoFIFO,false,OpenLoop_NoFIFO
28.850071,-1,20,9998.866000,71.437000,473.484848,480.774384,460.000000,819,-13.484848,OpenLoop,NoFIFO,false,OpenLoop_NoFIFO
28.860072,-1,20,10000.755000,72.192000,475.084459,479.920895,460.000000,819,-15.084459,OpenLoop,NoFIFO,false,OpenLoop_NoFIFO
28.870079,-1,20,10007.292000,79.484000,476.130015,479.352263,460.000000,819,-16.130015,OpenLoop,NoFIFO,false,OpenLoop_NoFIFO
28.880081,-1,20,10001.866000,81.350000,474.626326,478.643373,460.000000,819,-14.626326,OpenLoop,NoFIFO,false,OpenLoop_NoFIFO
28.890075,-1,20,9994.125000,75.475000,481.757451,479.110484,460.000000,819,-21.757451,OpenLoop,NoFIFO,false,OpenLoop_NoFIFO
28.900073,-1,20,9997.700000,73.175000,481.828194,479.518141,460.000000,819,-21.828194,OpenLoop,NoFIFO,false,OpenLoop_NoFIFO
28.910072,-1,20,9998.477000,71.652000,483.496648,480.114917,460.000000,819,-23.496648,OpenLoop,NoFIFO,false,OpenLoop_NoFIFO
28.920072,-1,20,10000.348000,72.000000,487.588652,481.235977,460.000000,819,-27.588652,OpenLoop,NoFIFO,false,OpenLoop_NoFIFO
28.930072,-1,20,9999.755000,71.755000,485.618866,481.893411,460.000000,819,-25.618866,OpenLoop,NoFIFO,false,OpenLoop_NoFIFO
28.940073,-1,20,10000.995000,72.750000,483.473980,482.130496,460.000000,819,-23.473980,OpenLoop,NoFIFO,false,OpenLoop_NoFIFO
28.950072,-1,20,9998.959000,71.709000,485.499741,482.635883,460.000000,819,-25.499741,OpenLoop,NoFIFO,false,OpenLoop_NoFIFO
28.960072,-1,20,10000.348000,72.057000,478.548858,482.022829,460.000000,819,-18.548858,OpenLoop,NoFIFO,false,OpenLoop_NoFIFO
28.970071,-1,20,9999.310000,71.367000,476.015500,481.121730,460.000000,819,-16.015500,OpenLoop,NoFIFO,false,OpenLoop_NoFIFO
28.980073,-1,20,10001.755000,73.122000,477.209625,480.534914,460.000000,819,-17.209625,OpenLoop,NoFIFO,false,OpenLoop_NoFIFO
28.990071,-1,20,9998.329000,71.451000,472.480106,479.326693,460.000000,819,-12.480106,OpenLoop,NoFIFO,false,OpenLoop_NoFIFO
29.000072,-1,20,10000.607000,72.058000,475.313858,478.724768,460.000000,819,-15.313858,OpenLoop,NoFIFO,false,OpenLoop_NoFIFO
29.010072,-1,20,9999.644000,71.702000,477.828746,478.590364,460.000000,819,-17.828746,OpenLoop,NoFIFO,false,OpenLoop_NoFIFO
29.020073,-1,20,10000.810000,72.512000,479.247809,478.688981,460.000000,819,-19.247809,OpenLoop,NoFIFO,false,OpenLoop_NoFIFO
29.030072,-1,20,9999.792000,72.304000,483.927733,479.474794,460.000000,819,-23.927733,OpenLoop,NoFIFO,false,OpenLoop_NoFIFO
29.040072,-1,20,9999.978000,72.282000,485.883797,480.436144,460.000000,819,-25.883797,OpenLoop,NoFIFO,false,OpenLoop_NoFIFO
29.050071,-1,20,9998.792000,71.074000,484.609962,481.062217,460.000000,819,-24.609962,OpenLoop,NoFIFO,false,OpenLoop_NoFIFO
29.060075,-1,20,10003.495000,74.569000,486.760125,481.916903,460.000000,819,-26.760125,OpenLoop,NoFIFO,false,OpenLoop_NoFIFO
29.070073,-1,20,9998.292000,72.861000,484.035326,482.234667,460.000000,819,-24.035326,OpenLoop,NoFIFO,false,OpenLoop_NoFIFO
29.080091,-1,20,10017.718000,90.579000,480.993470,482.048487,460.000000,819,-20.993470,OpenLoop,NoFIFO,false,OpenLoop_NoFIFO
29.090075,-1,20,9984.589000,75.168000,480.769231,481.856599,460.000000,819,-20.769231,OpenLoop,NoFIFO,false,OpenLoop_NoFIFO
29.100071,-1,20,9995.644000,70.812000,474.137931,480.698799,460.000000,819,-14.137931,OpenLoop,NoFIFO,false,OpenLoop_NoFIFO
29.110069,-1,20,9998.032000,68.844000,473.988824,479.692302,460.000000,819,-13.988824,OpenLoop,NoFIFO,false,OpenLoop_NoFIFO
29.120068,-1,20,9999.163000,68.007000,477.157053,479.312015,460.000000,819,-17.157053,OpenLoop,NoFIFO,false,OpenLoop_NoFIFO
29.130079,-1,20,10011.051000,79.058000,474.746802,478.627233,460.000000,819,-14.746802,OpenLoop,NoFIFO,false,OpenLoop_NoFIFO
29.140086,-1,20,10006.847000,85.905000,480.097765,478.847813,460.000000,819,-20.097765,OpenLoop,NoFIFO,false,OpenLoop_NoFIFO
29.150074,-1,20,9988.552000,74.457000,482.462080,479.389953,460.000000,819,-22.462080,OpenLoop,NoFIFO,false,OpenLoop_NoFIFO
29.160077,-1,20,10002.310000,76.767000,484.837800,480.207130,460.000000,819,-24.837800,OpenLoop,NoFIFO,false,OpenLoop_NoFIFO
29.170070,-1,20,9993.237000,70.004000,487.212801,481.257981,460.000000,819,-27.212801,OpenLoop,NoFIFO,false,OpenLoop_NoFIFO
29.180072,-1,20,10001.533000,71.537000,484.382339,481.726634,460.000000,819,-24.382339,OpenLoop,NoFIFO,false,OpenLoop_NoFIFO
29.190073,-1,20,10001.717000,73.254000,483.010304,481.919185,460.000000,819,-23.010304,OpenLoop,NoFIFO,false,OpenLoop_NoFIFO
29.200073,-1,20,9999.626000,72.880000,483.746130,482.193227,460.000000,819,-23.746130,OpenLoop,NoFIFO,false,OpenLoop_NoFIFO
29.210078,-1,20,10005.533000,78.413000,478.830645,481.688839,460.000000,819,-18.830645,OpenLoop,NoFIFO,false,OpenLoop_NoFIFO
29.220077,-1,20,9998.143000,76.556000,475.449516,480.752941,460.000000,819,-15.449516,OpenLoop,NoFIFO,false,OpenLoop_NoFIFO
29.230092,-1,20,10015.366000,91.922000,477.585329,480.277799,460.000000,819,-17.585329,OpenLoop,NoFIFO,false,OpenLoop_NoFIFO
29.240078,-1,20,9986.441000,78.363000,473.257212,479.224711,460.000000,819,-13.257212,OpenLoop,NoFIFO,false,OpenLoop_NoFIFO
29.250075,-1,20,9996.718000,75.081000,476.524880,478.819736,460.000000,819,-16.524880,OpenLoop,NoFIFO,false,OpenLoop_NoFIFO
29.260076,-1,20,10000.773000,75.854000,479.651163,478.944450,460.000000,819,-19.651163,OpenLoop,NoFIFO,false,OpenLoop_NoFIFO
29.270075,-1,20,9998.792000,74.646000,480.030722,479.107391,460.000000,819,-20.030722,OpenLoop,NoFIFO,false,OpenLoop_NoFIFO
29.280076,-1,20,10001.125000,75.771000,485.152785,480.014200,460.000000,819,-25.152785,OpenLoop,NoFIFO,false,OpenLoop_NoFIFO
29.290075,-1,20,9999.404000,75.175000,486.507525,480.988199,460.000000,819,-26.507525,OpenLoop,NoFIFO,false,OpenLoop_NoFIFO
29.300076,-1,20,10000.366000,75.541000,485.294118,481.634087,460.000000,819,-25.294118,OpenLoop,NoFIFO,false,OpenLoop_NoFIFO
29.310074,-1,20,9998.458000,73.999000,486.149017,482.311326,460.000000,819,-26.149017,OpenLoop,NoFIFO,false,OpenLoop_NoFIFO
29.320074,-1,20,9999.755000,73.754000,484.154930,482.587867,460.000000,819,-24.154930,OpenLoop,NoFIFO,false,OpenLoop_NoFIFO
29.330076,-1,20,10002.181000,75.935000,479.785056,482.167445,460.000000,819,-19.785056,OpenLoop,NoFIFO,false,OpenLoop_NoFIFO
29.340076,-1,20,9999.996000,75.931000,479.088219,481.705561,460.000000,819,-19.088219,OpenLoop,NoFIFO,false,OpenLoop_NoFIFO
29.350080,-1,20,10003.588000,79.519000,474.397590,480.609366,460.000000,819,-14.397590,OpenLoop,NoFIFO,false,OpenLoop_NoFIFO
29.360085,-1,20,10005.329000,84.848000,473.724103,479.576576,460.000000,819,-13.724103,OpenLoop,NoFIFO,false,OpenLoop_NoFIFO
29.370084,-1,20,9999.070000,83.918000,476.925872,479.178971,460.000000,819,-16.925872,OpenLoop,NoFIFO,false,OpenLoop_NoFIFO
29.380080,-1,20,9995.922000,79.840000,473.484848,478.324852,460.000000,819,-13.484848,OpenLoop,NoFIFO,false,OpenLoop_NoFIFO
29.390071,-1,20,9990.773000,70.613000,479.948805,478.568445,460.000000,819,-19.948805,OpenLoop,NoFIFO,false,OpenLoop_NoFIFO
29.400079,-1,20,10007.922000,78.535000,481.510015,479.009681,460.000000,819,-21.510015,OpenLoop,NoFIFO,false,OpenLoop_NoFIFO
29.410071,-1,20,9992.810000,71.345000,483.960177,479.752255,460.000000,819,-23.960177,OpenLoop,NoFIFO,false,OpenLoop_NoFIFO
29.420075,-1,20,10003.885000,75.230000,487.012987,480.841365,460.000000,819,-27.012987,OpenLoop,NoFIFO,false,OpenLoop_NoFIFO
29.430071,-1,20,9995.644000,70.874000,484.154930,481.338400,460.000000,819,-24.154930,OpenLoop,NoFIFO,false,OpenLoop_NoFIFO
29.440075,-1,20,10004.218000,75.092000,482.985358,481.585443,460.000000,819,-22.985358,OpenLoop,NoFIFO,false,OpenLoop_NoFIFO
29.450070,-1,20,9994.755000,69.847000,484.154930,481.970866,460.000000,819,-24.154930,OpenLoop,NoFIFO,false,OpenLoop_NoFIFO
29.460073,-1,20,10003.496000,73.343000,478.573348,481.461239,460.000000,819,-18.573348,OpenLoop,NoFIFO,false,OpenLoop_NoFIFO
29.470073,-1,20,9999.347000,72.690000,475.668819,480.592376,460.000000,819,-15.668819,OpenLoop,NoFIFO,false,OpenLoop_NoFIFO
29.480088,-1,20,10015.144000,87.834000,477.290997,480.097169,460.000000,819,-17.290997,OpenLoop,NoFIFO,false,OpenLoop_NoFIFO
29.490077,-1,20,9989.403000,77.237000,471.816809,478.855115,460.000000,819,-11.816809,OpenLoop,NoFIFO,false,OpenLoop_NoFIFO
29.500074,-1,20,9996.533000,73.770000,475.543478,478.358369,460.000000,819,-15.543478,OpenLoop,NoFIFO,false,OpenLoop_NoFIFO
29.510073,-1,20,9999.718000,73.488000,478.059581,478.313551,460.000000,819,-18.059581,OpenLoop,NoFIFO,false,OpenLoop_NoFIFO
29.520073,-1,20,9999.273000,72.761000,479.428173,478.480744,460.000000,819,-19.428173,OpenLoop,NoFIFO,false,OpenLoop_NoFIFO
29.530072,-1,20,9999.644000,72.405000,483.772406,479.274494,460.000000,819,-23.772406,OpenLoop,NoFIFO,false,OpenLoop_NoFIFO
29.540072,-1,20,9999.903000,72.308000,485.522599,480.211709,460.000000,819,-25.522599,OpenLoop,NoFIFO,false,OpenLoop_NoFIFO
29.550072,-1,20,9999.922000,72.230000,483.746130,480.741873,460.000000,819,-23.746130,OpenLoop,NoFIFO,false,OpenLoop_NoFIFO
29.560073,-1,20,10000.625000,72.855000,486.438679,481.596394,460.000000,819,-26.438679,OpenLoop,NoFIFO,false,OpenLoop_NoFIFO
29.570073,-1,20,9999.700000,72.555000,482.723577,481.765471,460.000000,819,-22.723577,OpenLoop,NoFIFO,false,OpenLoop_NoFIFO
29.580078,-1,20,10005.495000,78.050000,480.097765,481.515315,460.000000,819,-20.097765,OpenLoop,NoFIFO,false,OpenLoop_NoFIFO
29.590076,-1,20,9997.922000,75.972000,480.380259,481.345057,460.000000,819,-20.380259,OpenLoop,NoFIFO,false,OpenLoop_NoFIFO
29.600073,-1,20,9996.811000,72.783000,474.169075,480.268660,460.000000,819,-14.169075,OpenLoop,NoFIFO,false,OpenLoop_NoFIFO
29.610077,-1,20,10003.866000,76.649000,473.988824,479.326684,460.000000,819,-13.988824,OpenLoop,NoFIFO,false,OpenLoop_NoFIFO
29.620074,-1,20,9997.792000,74.441000,476.548059,478.909890,460.000000,819,-16.548059,OpenLoop,NoFIFO,false,OpenLoop_NoFIFO
29.630074,-1,20,9999.940000,74.381000,473.233262,478.058396,460.000000,819,-13.233262,OpenLoop,NoFIFO,false,OpenLoop_NoFIFO
29.640072,-1,20,9997.144000,71.525000,479.651163,478.297311,460.000000,819,-19.651163,OpenLoop,NoFIFO,false,OpenLoop_NoFIFO
29.650072,-1,20,9999.977000,71.502000,481.592466,478.791584,460.000000,819,-21.592466,OpenLoop,NoFIFO,false,OpenLoop_NoFIFO
29.660073,-1,20,10001.070000,72.572000,484.298532,479.617627,460.000000,819,-24.298532,OpenLoop,NoFIFO,false,OpenLoop_NoFIFO
29.670072,-1,20,9999.125000,71.697000,485.751295,480.537677,460.000000,819,-25.751295,OpenLoop,NoFIFO,false,OpenLoop_NoFIFO
29.680081,-1,20,10009.533000,81.230000,484.997413,481.206637,460.000000,819,-24.997413,OpenLoop,NoFIFO,false,OpenLoop_NoFIFO
29.690075,-1,20,9994.236000,75.466000,483.473980,481.546739,460.000000,819,-23.473980,OpenLoop,NoFIFO,false,OpenLoop_NoFIFO
29.700077,-1,20,10001.163000,76.629000,484.298532,481.959508,460.000000,819,-24.298532,OpenLoop,NoFIFO,false,OpenLoop_NoFIFO
29.710074,-1,20,9997.829000,74.458000,478.982815,481.513004,460.000000,819,-18.982815,OpenLoop,NoFIFO,false,OpenLoop_NoFIFO
29.720078,-1,20,10003.161000,77.619000,474.493873,480.460134,460.000000,819,-14.493873,OpenLoop,NoFIFO,false,OpenLoop_NoFIFO
29.730074,-1,20,9996.533000,74.152000,476.988899,479.939449,460.000000,819,-16.988899,OpenLoop,NoFIFO,false,OpenLoop_NoFIFO
29.740076,-1,20,10001.717000,75.869000,471.105528,478.614361,460.000000,819,-11.105528,OpenLoop,NoFIFO,false,OpenLoop_NoFIFO
29.750074,-1,20,9998.292000,74.161000,476.108033,478.238412,460.000000,819,-16.108033,OpenLoop,NoFIFO,false,OpenLoop_NoFIFO
29.760077,-1,20,10002.514000,76.675000,479.604200,478.443280,460.000000,819,-19.604200,OpenLoop,NoFIFO,false,OpenLoop_NoFIFO
29.770076,-1,20,9999.736000,76.411000,479.874360,478.657942,460.000000,819,-19.874360,OpenLoop,NoFIFO,false,OpenLoop_NoFIFO
29.780077,-1,20,10000.347000,76.758000,484.496124,479.533669,460.000000,819,-24.496124,OpenLoop,NoFIFO,false,OpenLoop_NoFIFO
29.790075,-1,20,9998.440000,75.198000,486.111111,480.520286,460.000000,819,-26.111111,OpenLoop,NoFIFO,false,OpenLoop_NoFIFO
29.800076,-1,20,10000.884000,76.082000,484.496124,481.116661,460.000000,819,-24.496124,OpenLoop,NoFIFO,false,OpenLoop_NoFIFO
29.810075,-1,20,9999.106000,75.188000,485.522599,481.777552,460.000000,819,-25.522599,OpenLoop,NoFIFO,false,OpenLoop_NoFIFO
29.820075,-1,20,9999.940000,75.128000,483.772406,482.076780,460.000000,819,-23.772406,OpenLoop,NoFIFO,false,OpenLoop_NoFIFO
29.830074,-1,20,9998.940000,74.068000,479.874360,481.746417,460.000000,819,-19.874360,OpenLoop,NoFIFO,false,OpenLoop_NoFIFO
29.840087,-1,20,10012.551000,86.619000,480.639504,481.580380,460.000000,819,-20.639504,OpenLoop,NoFIFO,false,OpenLoop_NoFIFO
29.850087,-1,20,10000.587000,87.206000,473.484848,480.366050,460.000000,819,-13.484848,OpenLoop,NoFIFO,false,OpenLoop_NoFIFO
29.860076,-1,20,9988.551000,75.757000,473.029793,479.265612,460.000000,819,-13.029793,OpenLoop,NoFIFO,false,OpenLoop_NoFIFO
29.870072,-1,20,9995.903000,71.660000,476.270053,478.816278,460.000000,819,-16.270053,OpenLoop,NoFIFO,false,OpenLoop_NoFIFO
29.880080,-1,20,10008.292000,79.952000,474.137931,478.114526,460.000000,819,-14.137931,OpenLoop,NoFIFO,false,OpenLoop_NoFIFO
29.890076,-1,20,9996.217000,76.169000,480.380259,478.454386,460.000000,819,-20.380259,OpenLoop,NoFIFO,false,OpenLoop_NoFIFO
29.900074,-1,20,9997.625000,73.794000,481.667445,478.936345,460.000000,819,-21.667445,OpenLoop,NoFIFO,false,OpenLoop_NoFIFO
29.910072,-1,20,9998.014000,71.808000,482.723577,479.504430,460.000000,819,-22.723577,OpenLoop,NoFIFO,false,OpenLoop_NoFIFO
29.920073,-1,20,10001.329000,73.137000,486.209335,480.510166,460.000000,819,-26.209335,OpenLoop,NoFIFO,false,OpenLoop_NoFIFO
29.930072,-1,20,9999.199000,72.336000,485.248447,481.220908,460.000000,819,-25.248447,OpenLoop,NoFIFO,false,OpenLoop_NoFIFO
29.940074,-1,20,10002.051000,74.387000,484.436516,481.703249,460.000000,819,-24.436516,OpenLoop,NoFIFO,false,OpenLoop_NoFIFO
29.950072,-1,20,9998.088000,72.475000,485.248447,482.235029,460.000000,819,-25.248447,OpenLoop,NoFIFO,false,OpenLoop_NoFIFO
29.960073,-1,20,10000.402000,72.877000,479.247809,481.786946,460.000000,819,-19.247809,OpenLoop,NoFIFO,false,OpenLoop_NoFIFO
29.970072,-1,20,9999.162000,72.039000,474.746802,480.730924,460.000000,819,-14.746802,OpenLoop,NoFIFO,false,OpenLoop_NoFIFO
29.980073,-1,20,10000.810000,72.849000,476.988899,480.169620,460.000000,819,-16.988899,OpenLoop,NoFIFO,false,OpenLoop_NoFIFO
29.990072,-1,20,9998.885000,71.734000,472.229586,478.978615,460.000000,819,-12.229586,OpenLoop,NoFIFO,false,OpenLoop_NoFIFO
