elapsed_s,step_index,pwm_percent,loop_period_us,late_us,raw_rpm,filtered_rpm,target_rpm,pwm,error_rpm,intended_mode,intended_fifo,fifo_active,condition,fb_rpm
0.010018,-1,18,10018.296000,18.296000,457.987298,457.987298,460.000000,770,2.012702,OpenLoop,FIFO,true,OpenLoop_FIFO,457.987298
0.020009,-1,18,9990.315000,8.611000,456.262807,457.728625,460.000000,770,3.737193,OpenLoop,FIFO,true,OpenLoop_FIFO,457.728625
0.030007,-1,18,9998.408000,7.019000,457.540264,457.700371,460.000000,770,2.459736,OpenLoop,FIFO,true,OpenLoop_FIFO,457.700371
0.040007,-1,18,10000.019000,7.038000,453.475051,457.066573,460.000000,770,6.524949,OpenLoop,FIFO,true,OpenLoop_FIFO,457.066573
0.050007,-1,18,9999.741000,6.779000,452.093909,456.320673,460.000000,770,7.906091,OpenLoop,FIFO,true,OpenLoop_FIFO,456.320673
0.060007,-1,18,10000.612000,7.391000,450.504565,455.448257,460.000000,770,9.495435,OpenLoop,FIFO,true,OpenLoop_FIFO,455.448257
0.070007,-1,18,9999.259000,6.650000,451.177812,454.807690,460.000000,770,8.822188,OpenLoop,FIFO,true,OpenLoop_FIFO,454.807690
0.080020,-1,18,10012.982000,19.632000,456.871345,455.117238,460.000000,770,3.128655,OpenLoop,FIFO,true,OpenLoop_FIFO,455.117238
0.090021,-1,18,10001.630000,21.262000,455.834684,455.224855,460.000000,770,4.165316,OpenLoop,FIFO,true,OpenLoop_FIFO,455.224855
0.100009,-1,18,9988.112000,9.374000,454.632466,455.135997,460.000000,770,5.367534,OpenLoop,FIFO,true,OpenLoop_FIFO,455.135997
0.110007,-1,18,9997.667000,7.041000,455.097087,455.130160,460.000000,770,4.902913,OpenLoop,FIFO,true,OpenLoop_FIFO,455.130160
0.120007,-1,18,9999.797000,6.838000,453.475051,454.881894,460.000000,770,6.524949,OpenLoop,FIFO,true,OpenLoop_FIFO,454.881894
0.130010,-1,18,10003.222000,10.060000,457.317073,455.247171,460.000000,770,2.682927,OpenLoop,FIFO,true,OpenLoop_FIFO,455.247171
0.140008,-1,18,9997.501000,7.561000,456.648807,455.457416,460.000000,770,3.351193,OpenLoop,FIFO,true,OpenLoop_FIFO,455.457416
0.150007,-1,18,9999.426000,6.987000,457.904884,455.824536,460.000000,770,2.095116,OpenLoop,FIFO,true,OpenLoop_FIFO,455.824536
0.160006,-1,18,9999.445000,6.432000,456.426485,455.914829,460.000000,770,3.573515,OpenLoop,FIFO,true,OpenLoop_FIFO,455.914829
0.170010,-1,18,10003.112000,9.544000,453.937309,455.618201,460.000000,770,6.062691,OpenLoop,FIFO,true,OpenLoop_FIFO,455.618201
0.180010,-1,18,10000.667000,10.211000,452.553354,455.158474,460.000000,770,7.446646,OpenLoop,FIFO,true,OpenLoop_FIFO,455.158474
0.190008,-1,18,9998.222000,8.433000,450.949367,454.527108,460.000000,770,9.050633,OpenLoop,FIFO,true,OpenLoop_FIFO,454.527108
0.200009,-1,18,10000.890000,9.323000,451.372171,454.053867,460.000000,770,8.627829,OpenLoop,FIFO,true,OpenLoop_FIFO,454.053867
0.210007,-1,18,9997.852000,7.175000,455.795803,454.315158,460.000000,770,4.204197,OpenLoop,FIFO,true,OpenLoop_FIFO,454.315158
0.220010,-1,18,10003.260000,10.435000,456.426485,454.631857,460.000000,770,3.573515,OpenLoop,FIFO,true,OpenLoop_FIFO,454.631857
0.230010,-1,18,9999.223000,9.658000,455.329755,454.736541,460.000000,770,4.670245,OpenLoop,FIFO,true,OpenLoop_FIFO,454.736541
0.240009,-1,18,9999.315000,8.973000,455.760817,454.890183,460.000000,770,4.239183,OpenLoop,FIFO,true,OpenLoop_FIFO,454.890183
0.250017,-1,18,10007.593000,16.566000,453.706062,454.712565,460.000000,770,6.293938,OpenLoop,FIFO,true,OpenLoop_FIFO,454.712565
0.260009,-1,18,9992.704000,9.270000,457.540264,455.136719,460.000000,770,2.459736,OpenLoop,FIFO,true,OpenLoop_FIFO,455.136719
0.270007,-1,18,9997.815000,7.085000,456.730769,455.375827,460.000000,770,3.269231,OpenLoop,FIFO,true,OpenLoop_FIFO,455.375827
0.280007,-1,18,10000.038000,7.123000,457.540264,455.700492,460.000000,770,2.459736,OpenLoop,FIFO,true,OpenLoop_FIFO,455.700492
0.290006,-1,18,9998.797000,5.920000,457.904884,456.031151,460.000000,770,2.095116,OpenLoop,FIFO,true,OpenLoop_FIFO,456.031151
0.300007,-1,18,10001.334000,7.254000,453.555878,455.659860,460.000000,770,6.444122,OpenLoop,FIFO,true,OpenLoop_FIFO,455.659860
0.310011,-1,18,10004.130000,11.384000,454.168791,455.436200,460.000000,770,5.831209,OpenLoop,FIFO,true,OpenLoop_FIFO,455.436200
0.320013,-1,18,10002.019000,13.403000,449.356710,454.524276,460.000000,770,10.643290,OpenLoop,FIFO,true,OpenLoop_FIFO,454.524276
0.330007,-1,18,9994.019000,7.422000,451.589595,454.084074,460.000000,770,8.410405,OpenLoop,FIFO,true,OpenLoop_FIFO,454.084074
0.340020,-1,18,10012.518000,19.940000,454.215116,454.103731,460.000000,770,5.784884,OpenLoop,FIFO,true,OpenLoop_FIFO,454.103731
0.350011,-1,18,9990.686000,10.626000,456.029186,454.392549,460.000000,770,3.970814,OpenLoop,FIFO,true,OpenLoop_FIFO,454.392549
0.360007,-1,18,9996.204000,6.830000,456.426485,454.697639,460.000000,770,3.573515,OpenLoop,FIFO,true,OpenLoop_FIFO,454.697639
0.370018,-1,18,10010.908000,17.738000,454.864658,454.722692,460.000000,770,5.135342,OpenLoop,FIFO,true,OpenLoop_FIFO,454.722692
0.380010,-1,18,9991.816000,9.554000,454.606681,454.705290,460.000000,770,5.393319,OpenLoop,FIFO,true,OpenLoop_FIFO,454.705290
0.390007,-1,18,9997.630000,7.184000,456.262807,454.938918,460.000000,770,3.737193,OpenLoop,FIFO,true,OpenLoop_FIFO,454.938918
0.400009,-1,18,10001.556000,8.740000,456.204380,455.128737,460.000000,770,3.795620,OpenLoop,FIFO,true,OpenLoop_FIFO,455.128737
0.410008,-1,18,9999.315000,8.055000,459.321815,455.757699,460.000000,770,0.678185,OpenLoop,FIFO,true,OpenLoop_FIFO,455.757699
0.420007,-1,18,9999.093000,7.148000,455.982490,455.791418,460.000000,770,4.017510,OpenLoop,FIFO,true,OpenLoop_FIFO,455.791418
0.430007,-1,18,9999.964000,7.112000,455.539359,455.753609,460.000000,770,4.460641,OpenLoop,FIFO,true,OpenLoop_FIFO,455.753609
0.440007,-1,18,9999.704000,6.816000,453.244275,455.377209,460.000000,770,6.755725,OpenLoop,FIFO,true,OpenLoop_FIFO,455.377209
0.450022,-1,18,10015.537000,22.353000,450.037898,454.576312,460.000000,770,9.962102,OpenLoop,FIFO,true,OpenLoop_FIFO,454.576312
0.460031,-1,18,10008.908000,31.261000,452.170418,454.215428,460.000000,770,7.829582,OpenLoop,FIFO,true,OpenLoop_FIFO,454.215428
0.470038,-1,18,10007.130000,38.391000,454.361874,454.237395,460.000000,770,5.638126,OpenLoop,FIFO,true,OpenLoop_FIFO,454.237395
0.480034,-1,18,9995.722000,34.113000,455.562660,454.436185,460.000000,770,4.437340,OpenLoop,FIFO,true,OpenLoop_FIFO,454.436185
0.490066,-1,18,10031.760000,65.873000,456.965110,454.815523,460.000000,770,3.034890,OpenLoop,FIFO,true,OpenLoop_FIFO,454.815523
0.500035,-1,18,9968.704000,34.577000,455.097087,454.857758,460.000000,770,4.902913,OpenLoop,FIFO,true,OpenLoop_FIFO,454.857758
0.510054,-1,18,10018.982000,53.559000,455.834684,455.004297,460.000000,770,4.165316,OpenLoop,FIFO,true,OpenLoop_FIFO,455.004297
0.520041,-1,18,9987.445000,41.004000,455.834684,455.128855,460.000000,770,4.165316,OpenLoop,FIFO,true,OpenLoop_FIFO,455.128855
0.530025,-1,18,9984.445000,25.449000,456.574675,455.345728,460.000000,770,3.425325,OpenLoop,FIFO,true,OpenLoop_FIFO,455.345728
0.540033,-1,18,10007.204000,32.653000,458.809135,455.865239,460.000000,770,1.190865,OpenLoop,FIFO,true,OpenLoop_FIFO,455.865239
0.550063,-1,18,10030.797000,63.450000,457.987298,456.183548,460.000000,770,2.012702,OpenLoop,FIFO,true,OpenLoop_FIFO,456.183548
0.560038,-1,18,9974.908000,38.358000,456.363004,456.210466,460.000000,770,3.636996,OpenLoop,FIFO,true,OpenLoop_FIFO,456.210466
0.570099,-1,18,10060.407000,98.765000,455.097087,456.043460,460.000000,770,4.902913,OpenLoop,FIFO,true,OpenLoop_FIFO,456.043460
0.580060,-1,18,9961.019000,59.784000,449.356710,455.040447,460.000000,770,10.643290,OpenLoop,FIFO,true,OpenLoop_FIFO,455.040447
0.590059,-1,18,9999.242000,59.026000,454.257037,454.922936,460.000000,770,5.742963,OpenLoop,FIFO,true,OpenLoop_FIFO,454.922936
0.600036,-1,18,9976.871000,35.897000,453.706062,454.740405,460.000000,770,6.293938,OpenLoop,FIFO,true,OpenLoop_FIFO,454.740405
0.610053,-1,18,10016.648000,52.545000,457.669579,455.179781,460.000000,770,2.330421,OpenLoop,FIFO,true,OpenLoop_FIFO,455.179781
0.620048,-1,18,9995.038000,47.583000,457.434515,455.517991,460.000000,770,2.565485,OpenLoop,FIFO,true,OpenLoop_FIFO,455.517991
0.630036,-1,18,9988.704000,36.287000,454.864658,455.419991,460.000000,770,5.135342,OpenLoop,FIFO,true,OpenLoop_FIFO,455.419991
0.640025,-1,18,9988.260000,24.547000,456.911830,455.643767,460.000000,770,3.088170,OpenLoop,FIFO,true,OpenLoop_FIFO,455.643767
0.650026,-1,18,10001.001000,25.548000,456.327745,455.746363,460.000000,770,3.672255,OpenLoop,FIFO,true,OpenLoop_FIFO,455.746363
0.660021,-1,18,9995.019000,20.567000,457.540264,456.015448,460.000000,770,2.459736,OpenLoop,FIFO,true,OpenLoop_FIFO,456.015448
0.670017,-1,18,9996.352000,16.919000,458.435208,456.378412,460.000000,770,1.564792,OpenLoop,FIFO,true,OpenLoop_FIFO,456.378412
0.680040,-1,18,10023.463000,40.382000,458.559783,456.705618,460.000000,770,1.440217,OpenLoop,FIFO,true,OpenLoop_FIFO,456.705618
0.690042,-1,18,10002.093000,42.475000,457.423327,456.813274,460.000000,770,2.576673,OpenLoop,FIFO,true,OpenLoop_FIFO,456.813274
0.700036,-1,18,9993.741000,36.216000,456.029186,456.695661,460.000000,770,3.970814,OpenLoop,FIFO,true,OpenLoop_FIFO,456.695661
0.710040,-1,18,10003.371000,39.587000,451.406488,455.902285,460.000000,770,8.593512,OpenLoop,FIFO,true,OpenLoop_FIFO,455.902285
0.720121,-1,18,10081.295000,120.882000,453.013733,455.469002,460.000000,770,6.986267,OpenLoop,FIFO,true,OpenLoop_FIFO,455.469002
0.730054,-1,18,9933.113000,53.995000,453.336557,455.149135,460.000000,770,6.663443,OpenLoop,FIFO,true,OpenLoop_FIFO,455.149135
0.740039,-1,18,9984.853000,38.848000,457.813348,455.548767,460.000000,770,2.186652,OpenLoop,FIFO,true,OpenLoop_FIFO,455.548767
0.750037,-1,18,9998.352000,37.200000,456.786543,455.734434,460.000000,770,3.213457,OpenLoop,FIFO,true,OpenLoop_FIFO,455.734434
0.760036,-1,18,9998.760000,35.960000,455.539359,455.705172,460.000000,770,4.460641,OpenLoop,FIFO,true,OpenLoop_FIFO,455.705172
0.770030,-1,18,9994.019000,29.979000,456.965110,455.894163,460.000000,770,3.034890,OpenLoop,FIFO,true,OpenLoop_FIFO,455.894163
0.780028,-1,18,9998.297000,28.276000,455.097087,455.774602,460.000000,770,4.902913,OpenLoop,FIFO,true,OpenLoop_FIFO,455.774602
0.790017,-1,18,9988.815000,17.091000,456.871345,455.939113,460.000000,770,3.128655,OpenLoop,FIFO,true,OpenLoop_FIFO,455.939113
0.800017,-1,18,10000.056000,17.147000,460.235641,456.583592,460.000000,770,-0.235641,OpenLoop,FIFO,true,OpenLoop_FIFO,456.583592
0.810011,-1,18,9994.205000,11.352000,457.094100,456.660169,460.000000,770,2.905900,OpenLoop,FIFO,true,OpenLoop_FIFO,456.660169
0.820038,-1,18,10026.722000,38.074000,459.809264,457.132533,460.000000,770,0.190736,OpenLoop,FIFO,true,OpenLoop_FIFO,457.132533
0.830050,-1,18,10011.722000,49.796000,453.995157,456.661927,460.000000,770,6.004843,OpenLoop,FIFO,true,OpenLoop_FIFO,456.661927
0.840082,-1,18,10032.204000,82.000000,453.013733,456.114698,460.000000,770,6.986267,OpenLoop,FIFO,true,OpenLoop_FIFO,456.114698
0.850041,-1,18,9959.186000,41.186000,452.412869,455.559423,460.000000,770,7.587131,OpenLoop,FIFO,true,OpenLoop_FIFO,455.559423
0.860020,-1,18,9978.761000,19.947000,451.962810,455.019931,460.000000,770,8.037190,OpenLoop,FIFO,true,OpenLoop_FIFO,455.019931
0.870016,-1,18,9995.833000,15.780000,458.612255,455.558780,460.000000,770,1.387745,OpenLoop,FIFO,true,OpenLoop_FIFO,455.558780
0.880024,-1,18,10007.779000,23.559000,456.871345,455.755665,460.000000,770,3.128655,OpenLoop,FIFO,true,OpenLoop_FIFO,455.755665
0.890019,-1,18,9995.593000,19.152000,456.648807,455.889636,460.000000,770,3.351193,OpenLoop,FIFO,true,OpenLoop_FIFO,455.889636
0.900018,-1,18,9998.482000,17.634000,455.982490,455.903564,460.000000,770,4.017510,OpenLoop,FIFO,true,OpenLoop_FIFO,455.903564
0.910014,-1,18,9995.982000,13.616000,456.496668,455.992530,460.000000,770,3.503332,OpenLoop,FIFO,true,OpenLoop_FIFO,455.992530
0.920019,-1,18,10004.945000,18.561000,457.763672,456.258201,460.000000,770,2.236328,OpenLoop,FIFO,true,OpenLoop_FIFO,456.258201
0.930015,-1,18,9996.630000,15.191000,459.058760,456.678285,460.000000,770,0.941240,OpenLoop,FIFO,true,OpenLoop_FIFO,456.678285
0.940012,-1,18,9996.463000,11.654000,458.612255,456.968380,460.000000,770,1.387745,OpenLoop,FIFO,true,OpenLoop_FIFO,456.968380
0.950013,-1,18,10001.741000,13.395000,458.883994,457.255722,460.000000,770,1.116006,OpenLoop,FIFO,true,OpenLoop_FIFO,457.255722
0.960011,-1,18,9998.019000,11.414000,455.539359,456.998268,460.000000,770,4.460641,OpenLoop,FIFO,true,OpenLoop_FIFO,456.998268
0.970012,-1,18,10000.186000,11.600000,453.244275,456.435169,460.000000,770,6.755725,OpenLoop,FIFO,true,OpenLoop_FIFO,456.435169
0.980012,-1,18,10000.445000,12.045000,450.937951,455.610586,460.000000,770,9.062049,OpenLoop,FIFO,true,OpenLoop_FIFO,455.610586
0.990010,-1,18,9997.834000,9.879000,451.406488,454.979971,460.000000,770,8.593512,OpenLoop,FIFO,true,OpenLoop_FIFO,454.979971
1.000014,-1,18,10004.426000,14.305000,457.199692,455.312930,460.000000,770,2.800308,OpenLoop,FIFO,true,OpenLoop_FIFO,455.312930
1.010012,-1,18,9997.464000,11.769000,455.982490,455.413364,460.000000,770,4.017510,OpenLoop,FIFO,true,OpenLoop_FIFO,455.413364
1.020007,-1,18,9995.463000,7.232000,456.029186,455.505737,460.000000,770,3.970814,OpenLoop,FIFO,true,OpenLoop_FIFO,455.505737
1.030010,-1,18,10002.427000,9.659000,456.648807,455.677197,460.000000,770,3.351193,OpenLoop,FIFO,true,OpenLoop_FIFO,455.677197
1.040028,-1,18,10018.648000,28.307000,453.937309,455.416214,460.000000,770,6.062691,OpenLoop,FIFO,true,OpenLoop_FIFO,455.416214
1.050018,-1,18,9989.204000,17.511000,459.558824,456.037606,460.000000,770,0.441176,OpenLoop,FIFO,true,OpenLoop_FIFO,456.037606
1.060012,-1,18,9994.816000,12.327000,457.094100,456.196080,460.000000,770,2.905900,OpenLoop,FIFO,true,OpenLoop_FIFO,456.196080
1.070009,-1,18,9996.741000,9.068000,459.796076,456.736079,460.000000,770,0.203924,OpenLoop,FIFO,true,OpenLoop_FIFO,456.736079
1.080009,-1,18,10000.389000,9.457000,457.763672,456.890218,460.000000,770,2.236328,OpenLoop,FIFO,true,OpenLoop_FIFO,456.890218
1.090015,-1,18,10005.112000,14.569000,455.097087,456.621249,460.000000,770,4.902913,OpenLoop,FIFO,true,OpenLoop_FIFO,456.621249
1.100009,-1,18,9994.463000,9.032000,455.318116,456.425779,460.000000,770,4.681884,OpenLoop,FIFO,true,OpenLoop_FIFO,456.425779
1.110008,-1,18,9999.353000,8.385000,450.721154,455.570085,460.000000,770,9.278846,OpenLoop,FIFO,true,OpenLoop_FIFO,455.570085
1.120020,-1,18,10011.815000,20.200000,452.723585,455.143110,460.000000,770,7.276415,OpenLoop,FIFO,true,OpenLoop_FIFO,455.143110
1.130018,-1,18,9998.038000,18.238000,456.400344,455.331695,460.000000,770,3.599656,OpenLoop,FIFO,true,OpenLoop_FIFO,455.331695
1.140017,-1,18,9998.296000,16.534000,456.159984,455.455938,460.000000,770,3.840016,OpenLoop,FIFO,true,OpenLoop_FIFO,455.455938
1.150009,-1,18,9992.520000,9.054000,458.480047,455.909555,460.000000,770,1.519953,OpenLoop,FIFO,true,OpenLoop_FIFO,455.909555
1.160008,-1,18,9998.556000,7.610000,456.216064,455.955531,460.000000,770,3.783936,OpenLoop,FIFO,true,OpenLoop_FIFO,455.955531
1.170010,-1,18,10002.130000,9.740000,456.648807,456.059522,460.000000,770,3.351193,OpenLoop,FIFO,true,OpenLoop_FIFO,456.059522
1.180010,-1,18,10000.630000,10.370000,457.669579,456.301031,460.000000,770,2.330421,OpenLoop,FIFO,true,OpenLoop_FIFO,456.301031
1.190008,-1,18,9997.556000,7.926000,457.584928,456.493615,460.000000,770,2.415072,OpenLoop,FIFO,true,OpenLoop_FIFO,456.493615
1.200009,-1,18,10000.834000,8.760000,459.513773,456.946639,460.000000,770,0.486227,OpenLoop,FIFO,true,OpenLoop_FIFO,456.946639
1.210007,-1,18,9997.927000,6.687000,458.848532,457.231923,460.000000,770,1.151468,OpenLoop,FIFO,true,OpenLoop_FIFO,457.231923
1.220007,-1,18,10000.315000,7.002000,455.583633,456.984679,460.000000,770,4.416367,OpenLoop,FIFO,true,OpenLoop_FIFO,456.984679
1.230009,-1,18,10001.575000,8.577000,455.097087,456.701541,460.000000,770,4.902913,OpenLoop,FIFO,true,OpenLoop_FIFO,456.701541
1.240007,-1,18,9998.167000,6.744000,450.265420,455.736122,460.000000,770,9.734580,OpenLoop,FIFO,true,OpenLoop_FIFO,455.736122
1.250007,-1,18,9999.964000,6.708000,452.898551,455.310487,460.000000,770,7.101449,OpenLoop,FIFO,true,OpenLoop_FIFO,455.310487
1.260007,-1,18,10000.037000,6.745000,454.864658,455.243612,460.000000,770,5.135342,OpenLoop,FIFO,true,OpenLoop_FIFO,455.243612
1.270011,-1,18,10004.149000,10.894000,456.204380,455.387727,460.000000,770,3.795620,OpenLoop,FIFO,true,OpenLoop_FIFO,455.387727
1.280008,-1,18,9996.853000,7.747000,458.376222,455.836002,460.000000,770,1.623778,OpenLoop,FIFO,true,OpenLoop_FIFO,455.836002
1.290013,-1,18,10005.426000,13.173000,455.318116,455.758319,460.000000,770,4.681884,OpenLoop,FIFO,true,OpenLoop_FIFO,455.758319
1.300021,-1,18,10007.630000,20.803000,456.648807,455.891892,460.000000,770,3.351193,OpenLoop,FIFO,true,OpenLoop_FIFO,455.891892
1.310009,-1,18,9988.593000,9.396000,457.199692,456.088062,460.000000,770,2.800308,OpenLoop,FIFO,true,OpenLoop_FIFO,456.088062
1.320015,-1,18,10005.668000,15.064000,458.211144,456.406524,460.000000,770,1.788856,OpenLoop,FIFO,true,OpenLoop_FIFO,456.406524
1.330008,-1,18,9993.019000,8.083000,460.687961,457.048740,460.000000,770,-0.687961,OpenLoop,FIFO,true,OpenLoop_FIFO,457.048740
1.340010,-1,18,10001.630000,9.713000,456.965110,457.036195,460.000000,770,3.034890,OpenLoop,FIFO,true,OpenLoop_FIFO,457.036195
1.350007,-1,18,9997.167000,6.880000,457.317073,457.078327,460.000000,770,2.682927,OpenLoop,FIFO,true,OpenLoop_FIFO,457.078327
1.360007,-1,18,9999.686000,6.566000,455.329755,456.816041,460.000000,770,4.670245,OpenLoop,FIFO,true,OpenLoop_FIFO,456.816041
1.370008,-1,18,10001.260000,7.826000,451.635396,456.038944,460.000000,770,8.364604,OpenLoop,FIFO,true,OpenLoop_FIFO,456.038944
1.380007,-1,18,9998.982000,6.808000,452.854797,455.561322,460.000000,770,7.145203,OpenLoop,FIFO,true,OpenLoop_FIFO,455.561322
1.390007,-1,18,10000.223000,7.031000,455.143602,455.498664,460.000000,770,4.856398,OpenLoop,FIFO,true,OpenLoop_FIFO,455.498664
1.400007,-1,18,10000.371000,7.402000,457.094100,455.737980,460.000000,770,2.905900,OpenLoop,FIFO,true,OpenLoop_FIFO,455.737980
1.410007,-1,18,9999.815000,7.217000,457.669579,456.027719,460.000000,770,2.330421,OpenLoop,FIFO,true,OpenLoop_FIFO,456.027719
1.420007,-1,18,9999.630000,6.847000,456.426485,456.087534,460.000000,770,3.573515,OpenLoop,FIFO,true,OpenLoop_FIFO,456.087534
1.430007,-1,18,10000.223000,7.070000,456.029186,456.078782,460.000000,770,3.970814,OpenLoop,FIFO,true,OpenLoop_FIFO,456.078782
1.440007,-1,18,9999.630000,6.700000,457.094100,456.231080,460.000000,770,2.905900,OpenLoop,FIFO,true,OpenLoop_FIFO,456.231080
1.450015,-1,18,10008.797000,15.497000,457.565076,456.431179,460.000000,770,2.434924,OpenLoop,FIFO,true,OpenLoop_FIFO,456.431179
1.460023,-1,18,10007.112000,22.609000,458.883994,456.799101,460.000000,770,1.116006,OpenLoop,FIFO,true,OpenLoop_FIFO,456.799101
1.470014,-1,18,9991.075000,13.684000,458.848532,457.106516,460.000000,770,1.151468,OpenLoop,FIFO,true,OpenLoop_FIFO,457.106516
1.480008,-1,18,9994.223000,7.907000,456.871345,457.071240,460.000000,770,3.128655,OpenLoop,FIFO,true,OpenLoop_FIFO,457.071240
1.490006,-1,18,9997.815000,5.722000,455.795803,456.879925,460.000000,770,4.204197,OpenLoop,FIFO,true,OpenLoop_FIFO,456.879925
1.500007,-1,18,10001.001000,6.723000,450.937951,455.988629,460.000000,770,9.062049,OpenLoop,FIFO,true,OpenLoop_FIFO,455.988629
1.510008,-1,18,10001.648000,8.371000,453.891041,455.673991,460.000000,770,6.108959,OpenLoop,FIFO,true,OpenLoop_FIFO,455.673991
1.520007,-1,18,9998.853000,7.224000,453.059823,455.281865,460.000000,770,6.940177,OpenLoop,FIFO,true,OpenLoop_FIFO,455.281865
1.530007,-1,18,9999.667000,6.891000,457.763672,455.654136,460.000000,770,2.236328,OpenLoop,FIFO,true,OpenLoop_FIFO,455.654136
1.540007,-1,18,9999.797000,6.688000,457.904884,455.991749,460.000000,770,2.095116,OpenLoop,FIFO,true,OpenLoop_FIFO,455.991749
1.550007,-1,18,10000.093000,6.781000,455.539359,455.923890,460.000000,770,4.460641,OpenLoop,FIFO,true,OpenLoop_FIFO,455.923890
1.560008,-1,18,10001.001000,7.782000,458.376222,456.291740,460.000000,770,1.623778,OpenLoop,FIFO,true,OpenLoop_FIFO,456.291740
1.570020,-1,18,10012.000000,19.782000,455.307586,456.144117,460.000000,770,4.692414,OpenLoop,FIFO,true,OpenLoop_FIFO,456.144117
1.580008,-1,18,9988.501000,8.283000,458.376222,456.478933,460.000000,770,1.623778,OpenLoop,FIFO,true,OpenLoop_FIFO,456.478933
1.590008,-1,18,9999.908000,8.191000,460.009814,457.008565,460.000000,770,-0.009814,OpenLoop,FIFO,true,OpenLoop_FIFO,457.008565
1.600008,-1,18,10000.223000,8.414000,457.904884,457.143013,460.000000,770,2.095116,OpenLoop,FIFO,true,OpenLoop_FIFO,457.143013
1.610007,-1,18,9998.704000,7.118000,458.614617,457.363753,460.000000,770,1.385383,OpenLoop,FIFO,true,OpenLoop_FIFO,457.363753
1.620008,-1,18,10001.019000,8.137000,455.583633,457.096735,460.000000,770,4.416367,OpenLoop,FIFO,true,OpenLoop_FIFO,457.096735
1.630007,-1,18,9999.186000,7.323000,451.864536,456.311905,460.000000,770,8.135464,OpenLoop,FIFO,true,OpenLoop_FIFO,456.311905
1.640007,-1,18,9999.223000,6.546000,452.553354,455.748123,460.000000,770,7.446646,OpenLoop,FIFO,true,OpenLoop_FIFO,455.748123
1.650007,-1,18,10000.704000,7.250000,453.659841,455.434880,460.000000,770,6.340159,OpenLoop,FIFO,true,OpenLoop_FIFO,455.434880
1.660007,-1,18,9999.315000,6.565000,457.138678,455.690450,460.000000,770,2.861322,OpenLoop,FIFO,true,OpenLoop_FIFO,455.690450
1.670010,-1,18,10003.630000,10.195000,458.659491,456.135806,460.000000,770,1.340509,OpenLoop,FIFO,true,OpenLoop_FIFO,456.135806
1.680008,-1,18,9997.575000,7.770000,456.029186,456.119813,460.000000,770,3.970814,OpenLoop,FIFO,true,OpenLoop_FIFO,456.119813
1.690007,-1,18,9999.353000,7.123000,457.152756,456.274755,460.000000,770,2.847244,OpenLoop,FIFO,true,OpenLoop_FIFO,456.274755
1.700016,-1,18,10009.056000,16.179000,454.655674,456.031893,460.000000,770,5.344326,OpenLoop,FIFO,true,OpenLoop_FIFO,456.031893
1.710018,-1,18,10002.185000,18.364000,457.987298,456.325203,460.000000,770,2.012702,OpenLoop,FIFO,true,OpenLoop_FIFO,456.325203
1.720012,-1,18,9993.723000,12.087000,458.659491,456.675347,460.000000,770,1.340509,OpenLoop,FIFO,true,OpenLoop_FIFO,456.675347
1.730008,-1,18,9996.075000,8.162000,458.612255,456.965883,460.000000,770,1.387745,OpenLoop,FIFO,true,OpenLoop_FIFO,456.965883
1.740018,-1,18,10010.186000,18.348000,459.333660,457.321049,460.000000,770,0.666340,OpenLoop,FIFO,true,OpenLoop_FIFO,457.321049
1.750009,-1,18,9990.723000,9.071000,454.864658,456.952591,460.000000,770,5.135342,OpenLoop,FIFO,true,OpenLoop_FIFO,456.952591
1.760008,-1,18,9998.741000,7.812000,453.117448,456.377319,460.000000,770,6.882552,OpenLoop,FIFO,true,OpenLoop_FIFO,456.377319
1.770007,-1,18,9998.778000,6.590000,453.013733,455.872781,460.000000,770,6.986267,OpenLoop,FIFO,true,OpenLoop_FIFO,455.872781
1.780007,-1,18,9999.964000,6.554000,451.154957,455.165108,460.000000,770,8.845043,OpenLoop,FIFO,true,OpenLoop_FIFO,455.165108
1.790036,-1,18,10029.296000,35.850000,459.508768,455.816657,460.000000,770,0.491232,OpenLoop,FIFO,true,OpenLoop_FIFO,455.816657
1.800028,-1,18,9992.001000,27.851000,456.828940,455.968499,460.000000,770,3.171060,OpenLoop,FIFO,true,OpenLoop_FIFO,455.968499
1.810017,-1,18,9989.593000,17.444000,456.821873,456.096505,460.000000,770,3.178127,OpenLoop,FIFO,true,OpenLoop_FIFO,456.096505
1.820011,-1,18,9993.168000,10.612000,457.540264,456.313069,460.000000,770,2.459736,OpenLoop,FIFO,true,OpenLoop_FIFO,456.313069
1.830009,-1,18,9998.334000,8.946000,455.097087,456.130672,460.000000,770,4.902913,OpenLoop,FIFO,true,OpenLoop_FIFO,456.130672
1.840008,-1,18,9999.093000,8.039000,460.509307,456.787467,460.000000,770,-0.509307,OpenLoop,FIFO,true,OpenLoop_FIFO,456.787467
1.850028,-1,18,10019.722000,27.761000,457.987298,456.967442,460.000000,770,2.012702,OpenLoop,FIFO,true,OpenLoop_FIFO,456.967442
1.860022,-1,18,9993.908000,21.669000,460.009814,457.423798,460.000000,770,-0.009814,OpenLoop,FIFO,true,OpenLoop_FIFO,457.423798
1.870047,-1,18,10024.963000,46.632000,458.509945,457.586720,460.000000,770,1.490055,OpenLoop,FIFO,true,OpenLoop_FIFO,457.586720
1.880022,-1,18,9975.835000,22.467000,455.740675,457.309813,460.000000,770,4.259325,OpenLoop,FIFO,true,OpenLoop_FIFO,457.309813
1.890015,-1,18,9992.408000,14.875000,454.837329,456.938940,460.000000,770,5.162671,OpenLoop,FIFO,true,OpenLoop_FIFO,456.938940
1.900016,-1,18,10000.741000,15.616000,451.372171,456.103925,460.000000,770,8.627829,OpenLoop,FIFO,true,OpenLoop_FIFO,456.103925
1.910019,-1,18,10002.945000,18.561000,451.807229,455.459421,460.000000,770,8.192771,OpenLoop,FIFO,true,OpenLoop_FIFO,455.459421
1.920018,-1,18,9999.816000,18.377000,457.094100,455.704623,460.000000,770,2.905900,OpenLoop,FIFO,true,OpenLoop_FIFO,455.704623
1.930017,-1,18,9999.074000,17.451000,457.199692,455.928883,460.000000,770,2.800308,OpenLoop,FIFO,true,OpenLoop_FIFO,455.928883
1.940019,-1,18,10001.945000,19.396000,457.094100,456.103666,460.000000,770,2.905900,OpenLoop,FIFO,true,OpenLoop_FIFO,456.103666
1.950020,-1,18,10000.594000,19.990000,457.434515,456.303293,460.000000,770,2.565485,OpenLoop,FIFO,true,OpenLoop_FIFO,456.303293
1.960019,-1,18,9998.833000,18.823000,455.329755,456.157262,460.000000,770,4.670245,OpenLoop,FIFO,true,OpenLoop_FIFO,456.157262
1.970019,-1,18,9999.686000,18.509000,459.558824,456.667496,460.000000,770,0.441176,OpenLoop,FIFO,true,OpenLoop_FIFO,456.667496
1.980018,-1,18,9999.260000,17.769000,457.763672,456.831923,460.000000,770,2.236328,OpenLoop,FIFO,true,OpenLoop_FIFO,456.831923
1.990028,-1,18,10010.371000,28.140000,459.784208,457.274766,460.000000,770,0.215792,OpenLoop,FIFO,true,OpenLoop_FIFO,457.274766
2.000020,-1,18,9992.352000,20.492000,459.809264,457.654940,460.000000,770,0.190736,OpenLoop,FIFO,true,OpenLoop_FIFO,457.654940
2.010019,-1,18,9998.557000,19.049000,455.495093,457.330963,460.000000,770,4.504907,OpenLoop,FIFO,true,OpenLoop_FIFO,457.330963
2.020020,-1,18,10000.852000,19.901000,456.026851,457.135346,460.000000,770,3.973149,OpenLoop,FIFO,true,OpenLoop_FIFO,457.135346
2.030018,-1,18,9998.112000,18.013000,451.132104,456.234860,460.000000,770,8.867896,OpenLoop,FIFO,true,OpenLoop_FIFO,456.234860
2.040028,-1,18,10009.537000,27.550000,453.819344,455.872533,460.000000,770,6.180656,OpenLoop,FIFO,true,OpenLoop_FIFO,455.872533
2.050019,-1,18,9991.112000,18.662000,456.730769,456.001268,460.000000,770,3.269231,OpenLoop,FIFO,true,OpenLoop_FIFO,456.001268
2.060023,-1,18,10004.482000,23.144000,456.382047,456.058385,460.000000,770,3.617953,OpenLoop,FIFO,true,OpenLoop_FIFO,456.058385
2.070019,-1,18,9995.797000,18.941000,458.480047,456.421634,460.000000,770,1.519953,OpenLoop,FIFO,true,OpenLoop_FIFO,456.421634
2.080015,-1,18,9995.760000,14.701000,456.923739,456.496950,460.000000,770,3.076261,OpenLoop,FIFO,true,OpenLoop_FIFO,456.496950
2.090017,-1,18,10002.001000,16.702000,457.094100,456.586522,460.000000,770,2.905900,OpenLoop,FIFO,true,OpenLoop_FIFO,456.586522
2.100017,-1,18,10000.259000,16.961000,457.987298,456.796639,460.000000,770,2.012702,OpenLoop,FIFO,true,OpenLoop_FIFO,456.796639
2.110014,-1,18,9997.149000,14.110000,458.883994,457.109742,460.000000,770,1.116006,OpenLoop,FIFO,true,OpenLoop_FIFO,457.109742
2.120014,-1,18,10000.334000,14.444000,460.009814,457.544753,460.000000,770,-0.009814,OpenLoop,FIFO,true,OpenLoop_FIFO,457.544753
2.130020,-1,18,10005.427000,19.871000,459.288654,457.806338,460.000000,770,0.711346,OpenLoop,FIFO,true,OpenLoop_FIFO,457.806338
2.140026,-1,18,10006.519000,26.390000,456.871345,457.666089,460.000000,770,3.128655,OpenLoop,FIFO,true,OpenLoop_FIFO,457.666089
2.150022,-1,18,9995.260000,21.650000,455.097087,457.280739,460.000000,770,4.902913,OpenLoop,FIFO,true,OpenLoop_FIFO,457.280739
2.160019,-1,18,9997.834000,19.484000,451.444623,456.405321,460.000000,770,8.555377,OpenLoop,FIFO,true,OpenLoop_FIFO,456.405321
2.170020,-1,18,10000.334000,19.818000,453.475051,455.965781,460.000000,770,6.524949,OpenLoop,FIFO,true,OpenLoop_FIFO,455.965781
2.180020,-1,18,9999.760000,19.578000,455.938138,455.961634,460.000000,770,4.061862,OpenLoop,FIFO,true,OpenLoop_FIFO,455.961634
2.190017,-1,18,9997.742000,17.320000,456.693297,456.071384,460.000000,770,3.306703,OpenLoop,FIFO,true,OpenLoop_FIFO,456.071384
2.200018,-1,18,10000.278000,17.598000,459.558824,456.594500,460.000000,770,0.441176,OpenLoop,FIFO,true,OpenLoop_FIFO,456.594500
2.210018,-1,18,10000.686000,18.284000,456.730769,456.614940,460.000000,770,3.269231,OpenLoop,FIFO,true,OpenLoop_FIFO,456.614940
2.220017,-1,18,9999.130000,17.414000,456.327745,456.571861,460.000000,770,3.672255,OpenLoop,FIFO,true,OpenLoop_FIFO,456.571861
2.230017,-1,18,9999.279000,16.693000,458.839076,456.911943,460.000000,770,1.160924,OpenLoop,FIFO,true,OpenLoop_FIFO,456.911943
2.240025,-1,18,10008.426000,25.119000,457.987298,457.073246,460.000000,770,2.012702,OpenLoop,FIFO,true,OpenLoop_FIFO,457.073246
2.250022,-1,18,9996.520000,21.639000,461.324866,457.710989,460.000000,770,-1.324866,OpenLoop,FIFO,true,OpenLoop_FIFO,457.710989
2.260021,-1,18,9998.945000,20.584000,457.565076,457.689102,460.000000,770,2.434924,OpenLoop,FIFO,true,OpenLoop_FIFO,457.689102
2.270025,-1,18,10004.556000,25.140000,457.987298,457.733832,460.000000,770,2.012702,OpenLoop,FIFO,true,OpenLoop_FIFO,457.733832
2.280015,-1,18,9990.167000,15.307000,455.760817,457.437880,460.000000,770,4.239183,OpenLoop,FIFO,true,OpenLoop_FIFO,457.437880
2.290013,-1,18,9998.001000,13.308000,451.132104,456.492013,460.000000,770,8.867896,OpenLoop,FIFO,true,OpenLoop_FIFO,456.492013
2.300018,-1,18,10004.260000,17.568000,454.699777,456.223178,460.000000,770,5.300223,OpenLoop,FIFO,true,OpenLoop_FIFO,456.223178
2.310019,-1,18,10001.760000,19.328000,454.851752,456.017464,460.000000,770,5.148248,OpenLoop,FIFO,true,OpenLoop_FIFO,456.017464
2.320016,-1,18,9996.353000,15.681000,458.376222,456.371278,460.000000,770,1.623778,OpenLoop,FIFO,true,OpenLoop_FIFO,456.371278
2.330014,-1,18,9998.148000,13.829000,458.659491,456.714510,460.000000,770,1.340509,OpenLoop,FIFO,true,OpenLoop_FIFO,456.714510
2.340014,-1,18,10000.409000,14.238000,457.423327,456.820832,460.000000,770,2.576673,OpenLoop,FIFO,true,OpenLoop_FIFO,456.820832
2.350015,-1,18,10000.852000,15.090000,456.821873,456.820988,460.000000,770,3.178127,OpenLoop,FIFO,true,OpenLoop_FIFO,456.820988
2.360015,-1,18,9999.760000,14.850000,457.540264,456.928880,460.000000,770,2.459736,OpenLoop,FIFO,true,OpenLoop_FIFO,456.928880
2.370023,-1,18,10008.223000,23.073000,457.540264,457.020587,460.000000,770,2.459736,OpenLoop,FIFO,true,OpenLoop_FIFO,457.020587
2.380016,-1,18,9992.667000,15.740000,460.914454,457.604667,460.000000,770,-0.914454,OpenLoop,FIFO,true,OpenLoop_FIFO,457.604667
2.390012,-1,18,9996.371000,12.111000,458.659491,457.762891,460.000000,770,1.340509,OpenLoop,FIFO,true,OpenLoop_FIFO,457.762891
2.400014,-1,18,10002.260000,14.371000,456.918223,457.636191,460.000000,770,3.081777,OpenLoop,FIFO,true,OpenLoop_FIFO,457.636191
2.410016,-1,18,10001.575000,15.946000,456.377109,457.447329,460.000000,770,3.622891,OpenLoop,FIFO,true,OpenLoop_FIFO,457.447329
2.420016,-1,18,10000.482000,16.428000,450.937951,456.470922,460.000000,770,9.062049,OpenLoop,FIFO,true,OpenLoop_FIFO,456.470922
2.430030,-1,18,10013.630000,30.058000,455.097087,456.264847,460.000000,770,4.902913,OpenLoop,FIFO,true,OpenLoop_FIFO,456.264847
2.440018,-1,18,9987.835000,17.893000,453.838174,455.900846,460.000000,770,6.161826,OpenLoop,FIFO,true,OpenLoop_FIFO,455.900846
2.450015,-1,18,9997.556000,15.449000,459.008813,456.367041,460.000000,770,0.991187,OpenLoop,FIFO,true,OpenLoop_FIFO,456.367041
2.460016,-1,18,10000.853000,16.302000,458.612255,456.703823,460.000000,770,1.387745,OpenLoop,FIFO,true,OpenLoop_FIFO,456.703823
2.470016,-1,18,9999.297000,15.599000,456.470932,456.668889,460.000000,770,3.529068,OpenLoop,FIFO,true,OpenLoop_FIFO,456.668889
2.480017,-1,18,10001.537000,17.136000,459.784208,457.136187,460.000000,770,0.215792,OpenLoop,FIFO,true,OpenLoop_FIFO,457.136187
2.490015,-1,18,9998.112000,15.248000,456.426485,457.029732,460.000000,770,3.573515,OpenLoop,FIFO,true,OpenLoop_FIFO,457.029732
2.500014,-1,18,9999.093000,14.341000,458.883994,457.307871,460.000000,770,1.116006,OpenLoop,FIFO,true,OpenLoop_FIFO,457.307871
2.510016,-1,18,10001.316000,15.657000,459.085052,457.574448,460.000000,770,0.914948,OpenLoop,FIFO,true,OpenLoop_FIFO,457.574448
2.520015,-1,18,9999.427000,15.084000,459.784208,457.905912,460.000000,770,0.215792,OpenLoop,FIFO,true,OpenLoop_FIFO,457.905912
2.530030,-1,18,10014.722000,29.806000,458.376222,457.976459,460.000000,770,1.623778,OpenLoop,FIFO,true,OpenLoop_FIFO,457.976459
2.540020,-1,18,9990.501000,20.307000,456.204380,457.710647,460.000000,770,3.795620,OpenLoop,FIFO,true,OpenLoop_FIFO,457.710647
2.550016,-1,18,9995.742000,16.049000,451.589595,456.792489,460.000000,770,8.410405,OpenLoop,FIFO,true,OpenLoop_FIFO,456.792489
2.560018,-1,18,10001.741000,17.790000,454.318700,456.421421,460.000000,770,5.681300,OpenLoop,FIFO,true,OpenLoop_FIFO,456.421421
2.570018,-1,18,10000.056000,17.846000,453.555878,455.991589,460.000000,770,6.444122,OpenLoop,FIFO,true,OpenLoop_FIFO,455.991589
2.580021,-1,18,10002.797000,20.643000,457.987298,456.290946,460.000000,770,2.012702,OpenLoop,FIFO,true,OpenLoop_FIFO,456.290946
2.590018,-1,18,9997.705000,18.348000,456.871345,456.378006,460.000000,770,3.128655,OpenLoop,FIFO,true,OpenLoop_FIFO,456.378006
2.600020,-1,18,10001.389000,19.737000,456.159984,456.345302,460.000000,770,3.840016,OpenLoop,FIFO,true,OpenLoop_FIFO,456.345302
2.610018,-1,18,9998.353000,18.090000,458.187571,456.621643,460.000000,770,1.812429,OpenLoop,FIFO,true,OpenLoop_FIFO,456.621643
2.620018,-1,18,9999.741000,17.831000,455.342688,456.429799,460.000000,770,4.657312,OpenLoop,FIFO,true,OpenLoop_FIFO,456.429799
2.630025,-1,18,10007.519000,25.350000,458.435208,456.730611,460.000000,770,1.564792,OpenLoop,FIFO,true,OpenLoop_FIFO,456.730611
2.640017,-1,18,9992.094000,17.444000,459.784208,457.188650,460.000000,770,0.215792,OpenLoop,FIFO,true,OpenLoop_FIFO,457.188650
2.650017,-1,18,9999.112000,16.556000,457.763672,457.274904,460.000000,770,2.236328,OpenLoop,FIFO,true,OpenLoop_FIFO,457.274904
2.660013,-1,18,9995.963000,12.519000,460.509307,457.760064,460.000000,770,-0.509307,OpenLoop,FIFO,true,OpenLoop_FIFO,457.760064
2.670016,-1,18,10003.519000,16.038000,455.097087,457.360618,460.000000,770,4.902913,OpenLoop,FIFO,true,OpenLoop_FIFO,457.360618
2.680019,-1,18,10002.742000,18.780000,454.168791,456.881844,460.000000,770,5.831209,OpenLoop,FIFO,true,OpenLoop_FIFO,456.881844
2.690016,-1,18,9997.630000,16.410000,453.117448,456.317184,460.000000,770,6.882552,OpenLoop,FIFO,true,OpenLoop_FIFO,456.317184
2.700021,-1,18,10004.186000,20.596000,452.898551,455.804389,460.000000,770,7.101449,OpenLoop,FIFO,true,OpenLoop_FIFO,455.804389
2.710018,-1,18,9996.982000,17.578000,459.288654,456.327029,460.000000,770,0.711346,OpenLoop,FIFO,true,OpenLoop_FIFO,456.327029
2.720038,-1,18,10020.760000,38.338000,456.470932,456.348614,460.000000,770,3.529068,OpenLoop,FIFO,true,OpenLoop_FIFO,456.348614
2.730021,-1,18,9982.464000,20.802000,457.317073,456.493883,460.000000,770,2.682927,OpenLoop,FIFO,true,OpenLoop_FIFO,456.493883
2.740013,-1,18,9992.593000,13.395000,457.540264,456.650840,460.000000,770,2.459736,OpenLoop,FIFO,true,OpenLoop_FIFO,456.650840
2.750017,-1,18,10003.371000,16.766000,456.826820,456.677237,460.000000,770,3.173180,OpenLoop,FIFO,true,OpenLoop_FIFO,456.677237
2.760015,-1,18,9998.260000,15.026000,459.378675,457.082453,460.000000,770,0.621325,OpenLoop,FIFO,true,OpenLoop_FIFO,457.082453
2.770014,-1,18,9999.279000,14.305000,459.333660,457.420134,460.000000,770,0.666340,OpenLoop,FIFO,true,OpenLoop_FIFO,457.420134
2.780016,-1,18,10001.686000,15.991000,459.321815,457.705386,460.000000,770,0.678185,OpenLoop,FIFO,true,OpenLoop_FIFO,457.705386
2.790016,-1,18,9999.556000,15.547000,459.333660,457.949627,460.000000,770,0.666340,OpenLoop,FIFO,true,OpenLoop_FIFO,457.949627
2.800018,-1,18,10002.056000,17.603000,456.426485,457.721156,460.000000,770,3.573515,OpenLoop,FIFO,true,OpenLoop_FIFO,457.721156
2.810016,-1,18,9998.723000,16.326000,454.606681,457.253985,460.000000,770,5.393319,OpenLoop,FIFO,true,OpenLoop_FIFO,457.253985
2.820027,-1,18,10010.464000,26.790000,452.854797,456.594106,460.000000,770,7.145203,OpenLoop,FIFO,true,OpenLoop_FIFO,456.594106
2.830019,-1,18,9991.926000,18.716000,451.633105,455.849956,460.000000,770,8.366895,OpenLoop,FIFO,true,OpenLoop_FIFO,455.849956
2.840016,-1,18,9997.168000,15.884000,459.063755,456.332026,460.000000,770,0.936245,OpenLoop,FIFO,true,OpenLoop_FIFO,456.332026
2.850017,-1,18,10001.075000,16.959000,457.238352,456.467975,460.000000,770,2.761648,OpenLoop,FIFO,true,OpenLoop_FIFO,456.467975
2.860015,-1,18,9998.297000,15.256000,457.540264,456.628818,460.000000,770,2.459736,OpenLoop,FIFO,true,OpenLoop_FIFO,456.628818
2.870017,-1,18,10001.815000,17.071000,457.540264,456.765535,460.000000,770,2.459736,OpenLoop,FIFO,true,OpenLoop_FIFO,456.765535
2.880017,-1,18,9999.667000,16.738000,455.539359,456.581609,460.000000,770,4.460641,OpenLoop,FIFO,true,OpenLoop_FIFO,456.581609
2.890014,-1,18,9997.649000,14.387000,460.190457,457.122936,460.000000,770,-0.190457,OpenLoop,FIFO,true,OpenLoop_FIFO,457.122936
2.900013,-1,18,9998.131000,12.518000,458.659491,457.353419,460.000000,770,1.340509,OpenLoop,FIFO,true,OpenLoop_FIFO,457.353419
2.910023,-1,18,10010.000000,22.518000,460.190457,457.778975,460.000000,770,-0.190457,OpenLoop,FIFO,true,OpenLoop_FIFO,457.778975
2.920020,-1,18,9997.094000,19.612000,458.423410,457.875640,460.000000,770,1.576590,OpenLoop,FIFO,true,OpenLoop_FIFO,457.875640
2.930018,-1,18,9998.704000,18.316000,456.382047,457.651601,460.000000,770,3.617953,OpenLoop,FIFO,true,OpenLoop_FIFO,457.651601
2.940017,-1,18,9998.427000,16.743000,455.842461,457.380230,460.000000,770,4.157539,OpenLoop,FIFO,true,OpenLoop_FIFO,457.380230
2.950023,-1,18,10005.963000,22.706000,452.243126,456.609664,460.000000,770,7.756874,OpenLoop,FIFO,true,OpenLoop_FIFO,456.609664
2.960014,-1,18,9991.483000,14.189000,452.898551,456.052997,460.000000,770,7.101449,OpenLoop,FIFO,true,OpenLoop_FIFO,456.052997
2.970016,-1,18,10001.982000,16.171000,457.711086,456.301711,460.000000,770,2.288914,OpenLoop,FIFO,true,OpenLoop_FIFO,456.301711
2.980014,-1,18,9998.297000,14.468000,457.942556,456.547837,460.000000,770,2.057444,OpenLoop,FIFO,true,OpenLoop_FIFO,456.547837
2.990013,-1,18,9998.297000,12.765000,458.928921,456.905000,460.000000,770,1.071079,OpenLoop,FIFO,true,OpenLoop_FIFO,456.905000
3.000036,-1,18,10023.426000,36.191000,457.763672,457.033801,460.000000,770,2.236328,OpenLoop,FIFO,true,OpenLoop_FIFO,457.033801
3.010086,-1,18,10049.426000,85.617000,456.918223,457.016464,460.000000,770,3.081777,OpenLoop,FIFO,true,OpenLoop_FIFO,457.016464
3.020051,-1,18,9965.668000,51.285000,459.321815,457.362267,460.000000,770,0.678185,OpenLoop,FIFO,true,OpenLoop_FIFO,457.362267
3.030047,-1,18,9995.223000,46.508000,459.108717,457.624234,460.000000,770,0.891283,OpenLoop,FIFO,true,OpenLoop_FIFO,457.624234
3.040030,-1,18,9983.760000,30.268000,460.556935,458.064139,460.000000,770,-0.556935,OpenLoop,FIFO,true,OpenLoop_FIFO,458.064139
3.050030,-1,18,9999.630000,29.898000,460.160340,458.378569,460.000000,770,-0.160340,OpenLoop,FIFO,true,OpenLoop_FIFO,458.378569
3.060034,-1,18,10003.908000,33.806000,455.760817,457.985907,460.000000,770,4.239183,OpenLoop,FIFO,true,OpenLoop_FIFO,457.985907
3.070058,-1,18,10023.889000,57.695000,456.543469,457.769541,460.000000,770,3.456531,OpenLoop,FIFO,true,OpenLoop_FIFO,457.769541
3.080039,-1,18,9980.983000,38.678000,452.231644,456.938856,460.000000,770,7.768356,OpenLoop,FIFO,true,OpenLoop_FIFO,456.938856
3.090027,-1,18,9988.427000,27.105000,453.290411,456.391590,460.000000,770,6.709589,OpenLoop,FIFO,true,OpenLoop_FIFO,456.391590
3.100046,-1,18,10018.797000,45.902000,457.361694,456.537105,460.000000,770,2.638306,OpenLoop,FIFO,true,OpenLoop_FIFO,456.537105
3.110041,-1,18,9995.389000,41.291000,457.942556,456.747923,460.000000,770,2.057444,OpenLoop,FIFO,true,OpenLoop_FIFO,456.747923
3.120049,-1,18,10007.260000,48.551000,459.558824,457.169558,460.000000,770,0.441176,OpenLoop,FIFO,true,OpenLoop_FIFO,457.169558
3.130079,-1,18,10030.612000,79.163000,458.140432,457.315189,460.000000,770,1.859568,OpenLoop,FIFO,true,OpenLoop_FIFO,457.315189
3.140047,-1,18,9968.168000,47.331000,457.094100,457.282026,460.000000,770,2.905900,OpenLoop,FIFO,true,OpenLoop_FIFO,457.282026
3.150037,-1,18,9989.186000,36.517000,459.843556,457.666255,460.000000,770,0.156444,OpenLoop,FIFO,true,OpenLoop_FIFO,457.666255
3.160049,-1,18,10012.538000,49.055000,458.883994,457.848916,460.000000,770,1.116006,OpenLoop,FIFO,true,OpenLoop_FIFO,457.848916
3.170022,-1,18,9972.612000,21.667000,460.585083,458.259341,460.000000,770,-0.585083,OpenLoop,FIFO,true,OpenLoop_FIFO,458.259341
3.180018,-1,18,9996.408000,18.075000,460.562227,458.604774,460.000000,770,-0.562227,OpenLoop,FIFO,true,OpenLoop_FIFO,458.604774
3.190014,-1,18,9995.520000,13.595000,457.669579,458.464495,460.000000,770,2.330421,OpenLoop,FIFO,true,OpenLoop_FIFO,458.464495
3.200008,-1,18,9994.315000,7.910000,455.760817,458.058943,460.000000,770,4.239183,OpenLoop,FIFO,true,OpenLoop_FIFO,458.058943
3.210010,-1,18,10002.297000,10.207000,452.737393,457.260711,460.000000,770,7.262607,OpenLoop,FIFO,true,OpenLoop_FIFO,457.260711
3.220019,-1,18,10008.520000,18.727000,454.039132,456.777474,460.000000,770,5.960868,OpenLoop,FIFO,true,OpenLoop_FIFO,456.777474
3.230020,-1,18,10001.575000,20.302000,456.382047,456.718160,460.000000,770,3.617953,OpenLoop,FIFO,true,OpenLoop_FIFO,456.718160
3.240016,-1,18,9996.056000,16.358000,457.138678,456.781237,460.000000,770,2.861322,OpenLoop,FIFO,true,OpenLoop_FIFO,456.781237
3.250017,-1,18,10000.390000,16.748000,460.235641,457.299398,460.000000,770,-0.235641,OpenLoop,FIFO,true,OpenLoop_FIFO,457.299398
3.260008,-1,18,9991.371000,8.119000,456.918223,457.242222,460.000000,770,3.081777,OpenLoop,FIFO,true,OpenLoop_FIFO,457.242222
3.270019,-1,18,10011.075000,19.194000,457.565076,457.290650,460.000000,770,2.434924,OpenLoop,FIFO,true,OpenLoop_FIFO,457.290650
3.280021,-1,18,10002.260000,21.454000,458.032050,457.401860,460.000000,770,1.967950,OpenLoop,FIFO,true,OpenLoop_FIFO,457.401860
3.290022,-1,18,10000.926000,22.380000,457.763672,457.456132,460.000000,770,2.236328,OpenLoop,FIFO,true,OpenLoop_FIFO,457.456132
3.300018,-1,18,9995.242000,17.622000,462.917243,458.275298,460.000000,770,-2.917243,OpenLoop,FIFO,true,OpenLoop_FIFO,458.275298
3.310019,-1,18,10001.279000,18.901000,458.032050,458.238811,460.000000,770,1.967950,OpenLoop,FIFO,true,OpenLoop_FIFO,458.238811
3.320015,-1,18,9996.575000,15.476000,458.140432,458.224054,460.000000,770,1.859568,OpenLoop,FIFO,true,OpenLoop_FIFO,458.224054
3.330012,-1,18,9996.963000,12.439000,454.876274,457.721887,460.000000,770,5.123726,OpenLoop,FIFO,true,OpenLoop_FIFO,457.721887
3.340031,-1,18,10018.353000,30.792000,451.928227,456.852838,460.000000,770,8.071773,OpenLoop,FIFO,true,OpenLoop_FIFO,456.852838
3.350022,-1,18,9991.019000,21.811000,453.995157,456.424186,460.000000,770,6.004843,OpenLoop,FIFO,true,OpenLoop_FIFO,456.424186
3.360027,-1,18,10005.445000,27.256000,455.318116,456.258275,460.000000,770,4.681884,OpenLoop,FIFO,true,OpenLoop_FIFO,456.258275
3.370015,-1,18,9987.668000,14.924000,458.809135,456.640904,460.000000,770,1.190865,OpenLoop,FIFO,true,OpenLoop_FIFO,456.640904
3.380014,-1,18,9999.112000,14.036000,457.635983,456.790166,460.000000,770,2.364017,OpenLoop,FIFO,true,OpenLoop_FIFO,456.790166
3.390013,-1,18,9999.242000,13.278000,457.987298,456.969736,460.000000,770,2.012702,OpenLoop,FIFO,true,OpenLoop_FIFO,456.969736
3.400014,-1,18,10001.204000,14.482000,458.061889,457.133559,460.000000,770,1.938111,OpenLoop,FIFO,true,OpenLoop_FIFO,457.133559
3.410020,-1,18,10005.612000,20.094000,457.317073,457.161086,460.000000,770,2.682927,OpenLoop,FIFO,true,OpenLoop_FIFO,457.161086
3.420015,-1,18,9994.519000,14.613000,457.987298,457.285018,460.000000,770,2.012702,OpenLoop,FIFO,true,OpenLoop_FIFO,457.285018
3.430014,-1,18,9999.779000,14.392000,461.368110,457.897482,460.000000,770,-1.368110,OpenLoop,FIFO,true,OpenLoop_FIFO,457.897482
3.440022,-1,18,10008.001000,22.393000,459.085052,458.075617,460.000000,770,0.914948,OpenLoop,FIFO,true,OpenLoop_FIFO,458.075617
3.450022,-1,18,9999.723000,22.116000,457.317073,457.961836,460.000000,770,2.682927,OpenLoop,FIFO,true,OpenLoop_FIFO,457.961836
3.460021,-1,18,9998.649000,20.765000,456.965110,457.812327,460.000000,770,3.034890,OpenLoop,FIFO,true,OpenLoop_FIFO,457.812327
3.470025,-1,18,10003.797000,24.562000,451.589595,456.878917,460.000000,770,8.410405,OpenLoop,FIFO,true,OpenLoop_FIFO,456.878917
3.480026,-1,18,10001.538000,26.100000,454.851752,456.574842,460.000000,770,5.148248,OpenLoop,FIFO,true,OpenLoop_FIFO,456.574842
3.490020,-1,18,9994.371000,20.471000,454.886784,456.321634,460.000000,770,5.113216,OpenLoop,FIFO,true,OpenLoop_FIFO,456.321634
3.500035,-1,18,10014.612000,35.083000,458.140432,456.594453,460.000000,770,1.859568,OpenLoop,FIFO,true,OpenLoop_FIFO,456.594453
3.510046,-1,18,10010.648000,45.731000,459.008813,456.956607,460.000000,770,0.991187,OpenLoop,FIFO,true,OpenLoop_FIFO,456.956607
3.520062,-1,18,10015.945000,61.676000,455.982490,456.810490,460.000000,770,4.017510,OpenLoop,FIFO,true,OpenLoop_FIFO,456.810490
3.530046,-1,18,9984.520000,46.196000,458.435208,457.054197,460.000000,770,1.564792,OpenLoop,FIFO,true,OpenLoop_FIFO,457.054197
3.540033,-1,18,9986.668000,32.864000,456.130392,456.915627,460.000000,770,3.869608,OpenLoop,FIFO,true,OpenLoop_FIFO,456.915627
3.550037,-1,18,10004.297000,37.161000,458.873299,457.209277,460.000000,770,1.126701,OpenLoop,FIFO,true,OpenLoop_FIFO,457.209277
3.560032,-1,18,9994.575000,31.736000,459.829311,457.602283,460.000000,770,0.170689,OpenLoop,FIFO,true,OpenLoop_FIFO,457.602283
3.570026,-1,18,9994.371000,26.107000,459.558824,457.895764,460.000000,770,0.441176,OpenLoop,FIFO,true,OpenLoop_FIFO,457.895764
3.580024,-1,18,9998.297000,24.404000,459.085052,458.074157,460.000000,770,0.914948,OpenLoop,FIFO,true,OpenLoop_FIFO,458.074157
3.590029,-1,18,10004.501000,28.905000,455.760817,457.727156,460.000000,770,4.239183,OpenLoop,FIFO,true,OpenLoop_FIFO,457.727156
3.600022,-1,18,9992.964000,21.869000,452.898551,457.002865,460.000000,770,7.101449,OpenLoop,FIFO,true,OpenLoop_FIFO,457.002865
3.610018,-1,18,9995.908000,17.777000,453.073652,456.413483,460.000000,770,6.926348,OpenLoop,FIFO,true,OpenLoop_FIFO,456.413483
3.620027,-1,18,10009.704000,27.481000,454.678885,456.153293,460.000000,770,5.321115,OpenLoop,FIFO,true,OpenLoop_FIFO,456.153293
3.630022,-1,18,9994.168000,21.649000,458.883994,456.562898,460.000000,770,1.116006,OpenLoop,FIFO,true,OpenLoop_FIFO,456.562898
3.640018,-1,18,9995.927000,17.576000,458.390377,456.837020,460.000000,770,1.609623,OpenLoop,FIFO,true,OpenLoop_FIFO,456.837020
3.650011,-1,18,9993.519000,11.095000,456.470932,456.782107,460.000000,770,3.529068,OpenLoop,FIFO,true,OpenLoop_FIFO,456.782107
3.660008,-1,18,9996.742000,7.837000,459.108717,457.131099,460.000000,770,0.891283,OpenLoop,FIFO,true,OpenLoop_FIFO,457.131099
3.670007,-1,18,9999.149000,6.986000,456.216064,456.993843,460.000000,770,3.783936,OpenLoop,FIFO,true,OpenLoop_FIFO,456.993843
3.680008,-1,18,10001.019000,8.005000,459.108717,457.311074,460.000000,770,0.891283,OpenLoop,FIFO,true,OpenLoop_FIFO,457.311074
3.690012,-1,18,10003.816000,11.821000,459.796076,457.683825,460.000000,770,0.203924,OpenLoop,FIFO,true,OpenLoop_FIFO,457.683825
3.700016,-1,18,10004.167000,15.988000,459.108717,457.897559,460.000000,770,0.891283,OpenLoop,FIFO,true,OpenLoop_FIFO,457.897559
3.710022,-1,18,10005.612000,21.600000,460.235641,458.248271,460.000000,770,-0.235641,OpenLoop,FIFO,true,OpenLoop_FIFO,458.248271
3.720016,-1,18,9994.853000,16.453000,455.273893,457.802114,460.000000,770,4.726107,OpenLoop,FIFO,true,OpenLoop_FIFO,457.802114
3.730010,-1,18,9993.223000,9.676000,454.215116,457.264064,460.000000,770,5.784884,OpenLoop,FIFO,true,OpenLoop_FIFO,457.264064
3.740009,-1,18,9999.056000,8.732000,453.117448,456.642072,460.000000,770,6.882552,OpenLoop,FIFO,true,OpenLoop_FIFO,456.642072
3.750008,-1,18,9999.631000,8.363000,453.706062,456.201671,460.000000,770,6.293938,OpenLoop,FIFO,true,OpenLoop_FIFO,456.201671
3.760008,-1,18,10000.000000,8.363000,458.140432,456.492485,460.000000,770,1.859568,OpenLoop,FIFO,true,OpenLoop_FIFO,456.492485
3.770016,-1,18,10007.334000,15.697000,457.094100,456.582727,460.000000,770,2.905900,OpenLoop,FIFO,true,OpenLoop_FIFO,456.582727
3.780017,-1,18,10001.205000,16.902000,457.094100,456.659433,460.000000,770,2.905900,OpenLoop,FIFO,true,OpenLoop_FIFO,456.659433
3.790017,-1,18,10000.223000,17.125000,457.434515,456.775695,460.000000,770,2.565485,OpenLoop,FIFO,true,OpenLoop_FIFO,456.775695
3.800017,-1,18,9999.686000,16.811000,456.426485,456.723314,460.000000,770,3.573515,OpenLoop,FIFO,true,OpenLoop_FIFO,456.723314
3.810014,-1,18,9997.001000,13.812000,459.108717,457.081124,460.000000,770,0.891283,OpenLoop,FIFO,true,OpenLoop_FIFO,457.081124
3.820020,-1,18,10005.778000,19.590000,460.235641,457.554302,460.000000,770,-0.235641,OpenLoop,FIFO,true,OpenLoop_FIFO,457.554302
3.830015,-1,18,9995.705000,15.295000,459.308655,457.817455,460.000000,770,0.691345,OpenLoop,FIFO,true,OpenLoop_FIFO,457.817455
3.840016,-1,18,10001.001000,16.296000,459.333660,458.044886,460.000000,770,0.666340,OpenLoop,FIFO,true,OpenLoop_FIFO,458.044886
3.850020,-1,18,10003.260000,19.556000,456.204380,457.768810,460.000000,770,3.795620,OpenLoop,FIFO,true,OpenLoop_FIFO,457.768810
3.860019,-1,18,9999.204000,18.760000,454.851752,457.331251,460.000000,770,5.148248,OpenLoop,FIFO,true,OpenLoop_FIFO,457.331251
3.870018,-1,18,9998.742000,17.502000,452.898551,456.666346,460.000000,770,7.101449,OpenLoop,FIFO,true,OpenLoop_FIFO,456.666346
3.880011,-1,18,9993.149000,10.651000,452.679865,456.068374,460.000000,770,7.320135,OpenLoop,FIFO,true,OpenLoop_FIFO,456.068374
3.890014,-1,18,10003.519000,14.170000,459.321815,456.556390,460.000000,770,0.678185,OpenLoop,FIFO,true,OpenLoop_FIFO,456.556390
3.900019,-1,18,10004.334000,18.504000,458.390377,456.831488,460.000000,770,1.609623,OpenLoop,FIFO,true,OpenLoop_FIFO,456.831488
3.910023,-1,18,10004.408000,22.912000,458.032050,457.011572,460.000000,770,1.967950,OpenLoop,FIFO,true,OpenLoop_FIFO,457.011572
3.920013,-1,18,9989.835000,12.747000,457.515454,457.087155,460.000000,770,2.484546,OpenLoop,FIFO,true,OpenLoop_FIFO,457.087155
3.930013,-1,18,9999.908000,12.655000,456.470932,456.994721,460.000000,770,3.529068,OpenLoop,FIFO,true,OpenLoop_FIFO,456.994721
3.940019,-1,18,10006.241000,18.896000,459.558824,457.379337,460.000000,770,0.441176,OpenLoop,FIFO,true,OpenLoop_FIFO,457.379337
3.950018,-1,18,9998.798000,17.694000,458.839076,457.598297,460.000000,770,1.160924,OpenLoop,FIFO,true,OpenLoop_FIFO,457.598297
3.960008,-1,18,9990.390000,8.084000,460.959780,458.102520,460.000000,770,-0.959780,OpenLoop,FIFO,true,OpenLoop_FIFO,458.102520
3.970010,-1,18,10002.111000,10.195000,458.435208,458.152423,460.000000,770,1.564792,OpenLoop,FIFO,true,OpenLoop_FIFO,458.152423
3.980008,-1,18,9998.020000,8.215000,456.965110,457.974326,460.000000,770,3.034890,OpenLoop,FIFO,true,OpenLoop_FIFO,457.974326
3.990013,-1,18,10004.297000,12.512000,455.318116,457.575895,460.000000,770,4.681884,OpenLoop,FIFO,true,OpenLoop_FIFO,457.575895
4.000009,-1,18,9996.427000,8.939000,452.553354,456.822513,460.000000,770,7.446646,OpenLoop,FIFO,true,OpenLoop_FIFO,456.822513
4.010018,-1,18,10009.315000,18.254000,453.385277,456.306928,460.000000,770,6.614723,OpenLoop,FIFO,true,OpenLoop_FIFO,456.306928
4.020018,-1,18,9999.371000,17.625000,456.574675,456.347090,460.000000,770,3.425325,OpenLoop,FIFO,true,OpenLoop_FIFO,456.347090
4.030008,-1,18,9990.501000,8.126000,457.669579,456.545463,460.000000,770,2.330421,OpenLoop,FIFO,true,OpenLoop_FIFO,456.545463
4.040008,-1,18,9999.668000,7.794000,457.763672,456.728195,460.000000,770,2.236328,OpenLoop,FIFO,true,OpenLoop_FIFO,456.728195
4.050016,-1,18,10007.982000,15.776000,457.272461,456.809835,460.000000,770,2.727539,OpenLoop,FIFO,true,OpenLoop_FIFO,456.809835
4.060014,-1,18,9998.297000,14.073000,456.777618,456.805002,460.000000,770,3.222382,OpenLoop,FIFO,true,OpenLoop_FIFO,456.805002
4.070010,-1,18,9995.927000,10.000000,459.558824,457.218075,460.000000,770,0.441176,OpenLoop,FIFO,true,OpenLoop_FIFO,457.218075
4.080016,-1,18,10005.964000,15.964000,459.108717,457.501672,460.000000,770,0.891283,OpenLoop,FIFO,true,OpenLoop_FIFO,457.501672
4.090007,-1,18,9990.741000,6.705000,460.009814,457.877893,460.000000,770,-0.009814,OpenLoop,FIFO,true,OpenLoop_FIFO,457.877893
4.100020,-1,18,10013.482000,20.187000,460.355286,458.249502,460.000000,770,-0.355286,OpenLoop,FIFO,true,OpenLoop_FIFO,458.249502
4.110022,-1,18,10002.131000,22.318000,455.760817,457.876199,460.000000,770,4.239183,OpenLoop,FIFO,true,OpenLoop_FIFO,457.876199
4.120008,-1,18,9986.112000,8.430000,456.871345,457.725471,460.000000,770,3.128655,OpenLoop,FIFO,true,OpenLoop_FIFO,457.725471
4.130020,-1,18,10011.482000,19.912000,451.406488,456.777623,460.000000,770,8.593512,OpenLoop,FIFO,true,OpenLoop_FIFO,456.777623
4.140012,-1,18,9991.798000,11.710000,453.995157,456.360254,460.000000,770,6.004843,OpenLoop,FIFO,true,OpenLoop_FIFO,456.360254
4.150009,-1,18,9996.964000,8.674000,456.262807,456.345637,460.000000,770,3.737193,OpenLoop,FIFO,true,OpenLoop_FIFO,456.345637
4.160008,-1,18,9999.001000,7.675000,457.317073,456.491352,460.000000,770,2.682927,OpenLoop,FIFO,true,OpenLoop_FIFO,456.491352
4.170008,-1,18,9999.834000,7.509000,459.558824,456.951473,460.000000,770,0.441176,OpenLoop,FIFO,true,OpenLoop_FIFO,456.951473
4.180015,-1,18,10007.482000,14.991000,456.496668,456.883252,460.000000,770,3.503332,OpenLoop,FIFO,true,OpenLoop_FIFO,456.883252
4.190030,-1,18,10014.779000,29.770000,456.871345,456.881466,460.000000,770,3.128655,OpenLoop,FIFO,true,OpenLoop_FIFO,456.881466
4.200018,-1,18,9988.575000,18.345000,459.108717,457.215554,460.000000,770,0.891283,OpenLoop,FIFO,true,OpenLoop_FIFO,457.215554
4.210010,-1,18,9991.668000,10.013000,458.848532,457.460500,460.000000,770,1.151468,OpenLoop,FIFO,true,OpenLoop_FIFO,457.460500
4.220007,-1,18,9997.204000,7.217000,460.009814,457.842897,460.000000,770,-0.009814,OpenLoop,FIFO,true,OpenLoop_FIFO,457.842897
4.230007,-1,18,10000.205000,7.422000,460.190457,458.195031,460.000000,770,-0.190457,OpenLoop,FIFO,true,OpenLoop_FIFO,458.195031
4.240016,-1,18,10008.556000,15.978000,457.118864,458.033606,460.000000,770,2.881136,OpenLoop,FIFO,true,OpenLoop_FIFO,458.033606
4.250007,-1,18,9991.464000,7.442000,454.632466,457.523435,460.000000,770,5.367534,OpenLoop,FIFO,true,OpenLoop_FIFO,457.523435
4.260007,-1,18,9999.723000,7.165000,452.967653,456.840068,460.000000,770,7.032347,OpenLoop,FIFO,true,OpenLoop_FIFO,456.840068
4.270007,-1,18,10000.112000,7.277000,453.380404,456.321118,460.000000,770,6.619596,OpenLoop,FIFO,true,OpenLoop_FIFO,456.321118
4.280017,-1,18,10009.316000,16.593000,456.262807,456.312372,460.000000,770,3.737193,OpenLoop,FIFO,true,OpenLoop_FIFO,456.312372
4.290010,-1,18,9992.983000,9.576000,458.211144,456.597188,460.000000,770,1.788856,OpenLoop,FIFO,true,OpenLoop_FIFO,456.597188
4.300008,-1,18,9998.260000,7.836000,459.558824,457.041433,460.000000,770,0.441176,OpenLoop,FIFO,true,OpenLoop_FIFO,457.041433
4.310008,-1,18,10000.519000,8.355000,456.965110,457.029985,460.000000,770,3.034890,OpenLoop,FIFO,true,OpenLoop_FIFO,457.029985
4.320007,-1,18,9998.909000,7.264000,457.272461,457.066356,460.000000,770,2.727539,OpenLoop,FIFO,true,OpenLoop_FIFO,457.066356
4.330016,-1,18,10009.186000,16.450000,458.848532,457.333682,460.000000,770,1.151468,OpenLoop,FIFO,true,OpenLoop_FIFO,457.333682
4.340009,-1,18,9992.964000,9.414000,457.138678,457.304432,460.000000,770,2.861322,OpenLoop,FIFO,true,OpenLoop_FIFO,457.304432
4.350008,-1,18,9998.149000,7.563000,462.278107,458.050483,460.000000,770,-2.278107,OpenLoop,FIFO,true,OpenLoop_FIFO,458.050483
4.360007,-1,18,9999.427000,6.990000,457.904884,458.028643,460.000000,770,2.095116,OpenLoop,FIFO,true,OpenLoop_FIFO,458.028643
4.370007,-1,18,10000.056000,7.046000,457.317073,457.921908,460.000000,770,2.682927,OpenLoop,FIFO,true,OpenLoop_FIFO,457.921908
4.380017,-1,18,10010.186000,17.232000,455.329755,457.533085,460.000000,770,4.670245,OpenLoop,FIFO,true,OpenLoop_FIFO,457.533085
4.390008,-1,18,9991.260000,8.492000,452.417720,456.765780,460.000000,770,7.582280,OpenLoop,FIFO,true,OpenLoop_FIFO,456.765780
4.400008,-1,18,9999.316000,7.808000,454.446882,456.417945,460.000000,770,5.553118,OpenLoop,FIFO,true,OpenLoop_FIFO,456.417945
4.410011,-1,18,10002.779000,10.587000,453.475051,455.976511,460.000000,770,6.524949,OpenLoop,FIFO,true,OpenLoop_FIFO,455.976511
4.420008,-1,18,9997.908000,8.495000,458.435208,456.345316,460.000000,770,1.564792,OpenLoop,FIFO,true,OpenLoop_FIFO,456.345316
4.430007,-1,18,9998.445000,6.940000,458.435208,456.658800,460.000000,770,1.564792,OpenLoop,FIFO,true,OpenLoop_FIFO,456.658800
4.440007,-1,18,9999.816000,6.756000,457.434515,456.775157,460.000000,770,2.565485,OpenLoop,FIFO,true,OpenLoop_FIFO,456.775157
4.450022,-1,18,10014.871000,21.627000,455.982490,456.656257,460.000000,770,4.017510,OpenLoop,FIFO,true,OpenLoop_FIFO,456.656257
4.460009,-1,18,9987.483000,9.110000,458.839076,456.983680,460.000000,770,1.160924,OpenLoop,FIFO,true,OpenLoop_FIFO,456.983680
4.470020,-1,18,10010.760000,19.870000,458.290200,457.179658,460.000000,770,1.709800,OpenLoop,FIFO,true,OpenLoop_FIFO,457.179658
4.480010,-1,18,9989.927000,9.797000,459.558824,457.536533,460.000000,770,0.441176,OpenLoop,FIFO,true,OpenLoop_FIFO,457.536533
4.490007,-1,18,9997.408000,7.205000,459.108717,457.772360,460.000000,770,0.891283,OpenLoop,FIFO,true,OpenLoop_FIFO,457.772360
4.500007,-1,18,9999.816000,7.021000,457.669579,457.756943,460.000000,770,2.330421,OpenLoop,FIFO,true,OpenLoop_FIFO,457.756943
4.510010,-1,18,10003.334000,10.355000,455.982490,457.490775,460.000000,770,4.017510,OpenLoop,FIFO,true,OpenLoop_FIFO,457.490775
4.520010,-1,18,9999.372000,9.727000,452.093909,456.681245,460.000000,770,7.906091,OpenLoop,FIFO,true,OpenLoop_FIFO,456.681245
4.530009,-1,18,9999.408000,9.135000,454.435288,456.344352,460.000000,770,5.564712,OpenLoop,FIFO,true,OpenLoop_FIFO,456.344352
4.540008,-1,18,9998.649000,7.784000,453.706062,455.948608,460.000000,770,6.293938,OpenLoop,FIFO,true,OpenLoop_FIFO,455.948608
4.550007,-1,18,9999.482000,7.266000,458.390377,456.314874,460.000000,770,1.609623,OpenLoop,FIFO,true,OpenLoop_FIFO,456.314874
4.560017,-1,18,10009.946000,17.212000,458.895816,456.702015,460.000000,770,1.104184,OpenLoop,FIFO,true,OpenLoop_FIFO,456.702015
4.570008,-1,18,9991.112000,8.324000,456.648807,456.694034,460.000000,770,3.351193,OpenLoop,FIFO,true,OpenLoop_FIFO,456.694034
4.580007,-1,18,9998.723000,7.047000,458.612255,456.981767,460.000000,770,1.387745,OpenLoop,FIFO,true,OpenLoop_FIFO,456.981767
4.590007,-1,18,9999.871000,6.918000,456.204380,456.865159,460.000000,770,3.795620,OpenLoop,FIFO,true,OpenLoop_FIFO,456.865159
4.600008,-1,18,10000.668000,7.586000,459.333660,457.235434,460.000000,770,0.666340,OpenLoop,FIFO,true,OpenLoop_FIFO,457.235434
4.610010,-1,18,10002.630000,10.216000,459.321815,457.548391,460.000000,770,0.678185,OpenLoop,FIFO,true,OpenLoop_FIFO,457.548391
4.620007,-1,18,9997.242000,7.458000,459.333660,457.816182,460.000000,770,0.666340,OpenLoop,FIFO,true,OpenLoop_FIFO,457.816182
4.630015,-1,18,10007.853000,15.311000,458.659491,457.942678,460.000000,770,1.340509,OpenLoop,FIFO,true,OpenLoop_FIFO,457.942678
4.640022,-1,18,10006.278000,21.589000,456.204380,457.681933,460.000000,770,3.795620,OpenLoop,FIFO,true,OpenLoop_FIFO,457.681933
4.650008,-1,18,9986.650000,8.239000,452.323514,456.878170,460.000000,770,7.676486,OpenLoop,FIFO,true,OpenLoop_FIFO,456.878170
4.660015,-1,18,10006.426000,14.665000,452.783427,456.263959,460.000000,770,7.216573,OpenLoop,FIFO,true,OpenLoop_FIFO,456.263959
4.670008,-1,18,9993.631000,8.296000,454.435288,455.989658,460.000000,770,5.564712,OpenLoop,FIFO,true,OpenLoop_FIFO,455.989658
4.680007,-1,18,9999.186000,7.482000,457.434515,456.206387,460.000000,770,2.565485,OpenLoop,FIFO,true,OpenLoop_FIFO,456.206387
4.690007,-1,18,9999.020000,6.502000,458.211144,456.507100,460.000000,770,1.788856,OpenLoop,FIFO,true,OpenLoop_FIFO,456.507100
4.700008,-1,18,10001.741000,8.243000,456.029186,456.435413,460.000000,770,3.970814,OpenLoop,FIFO,true,OpenLoop_FIFO,456.435413
4.710007,-1,18,9998.298000,6.541000,457.987298,456.668196,460.000000,770,2.012702,OpenLoop,FIFO,true,OpenLoop_FIFO,456.668196
4.720008,-1,18,10001.482000,8.023000,455.982490,456.565340,460.000000,770,4.017510,OpenLoop,FIFO,true,OpenLoop_FIFO,456.565340
4.730007,-1,18,9999.427000,7.450000,458.376222,456.836972,460.000000,770,1.623778,OpenLoop,FIFO,true,OpenLoop_FIFO,456.836972
4.740007,-1,18,9999.649000,7.099000,460.009814,457.312899,460.000000,770,-0.009814,OpenLoop,FIFO,true,OpenLoop_FIFO,457.312899
4.750007,-1,18,9999.760000,6.859000,457.434515,457.331141,460.000000,770,2.565485,OpenLoop,FIFO,true,OpenLoop_FIFO,457.331141
4.760007,-1,18,9999.742000,6.601000,459.513773,457.658536,460.000000,770,0.486227,OpenLoop,FIFO,true,OpenLoop_FIFO,457.658536
4.770006,-1,18,9999.816000,6.417000,454.678885,457.211588,460.000000,770,5.321115,OpenLoop,FIFO,true,OpenLoop_FIFO,457.211588
4.780007,-1,18,10000.667000,7.084000,453.775411,456.696162,460.000000,770,6.224589,OpenLoop,FIFO,true,OpenLoop_FIFO,456.696162
4.790007,-1,18,9999.594000,6.678000,452.093909,456.005824,460.000000,770,7.906091,OpenLoop,FIFO,true,OpenLoop_FIFO,456.005824
4.800007,-1,18,10000.204000,6.882000,452.737393,455.515559,460.000000,770,7.262607,OpenLoop,FIFO,true,OpenLoop_FIFO,455.515559
4.810012,-1,18,10005.260000,12.142000,458.255939,455.926616,460.000000,770,1.744061,OpenLoop,FIFO,true,OpenLoop_FIFO,455.926616
4.820007,-1,18,9995.150000,7.292000,456.648807,456.034945,460.000000,770,3.351193,OpenLoop,FIFO,true,OpenLoop_FIFO,456.034945
4.830020,-1,18,10012.315000,19.607000,456.923739,456.168264,460.000000,770,3.076261,OpenLoop,FIFO,true,OpenLoop_FIFO,456.168264
4.840010,-1,18,9990.205000,9.812000,457.763672,456.407575,460.000000,770,2.236328,OpenLoop,FIFO,true,OpenLoop_FIFO,456.407575
4.850008,-1,18,9997.816000,7.628000,455.329755,456.245902,460.000000,770,4.670245,OpenLoop,FIFO,true,OpenLoop_FIFO,456.245902
4.860008,-1,18,10000.149000,7.777000,459.784208,456.776648,460.000000,770,0.215792,OpenLoop,FIFO,true,OpenLoop_FIFO,456.776648
4.870007,-1,18,9999.001000,6.778000,458.376222,457.016584,460.000000,770,1.623778,OpenLoop,FIFO,true,OpenLoop_FIFO,457.016584
4.880026,-1,18,10018.815000,25.593000,459.784208,457.431728,460.000000,770,0.215792,OpenLoop,FIFO,true,OpenLoop_FIFO,457.431728
4.890027,-1,18,10001.612000,27.205000,459.301512,457.712195,460.000000,770,0.698488,OpenLoop,FIFO,true,OpenLoop_FIFO,457.712195
4.900036,-1,18,10008.797000,36.002000,456.029186,457.459744,460.000000,770,3.970814,OpenLoop,FIFO,true,OpenLoop_FIFO,457.459744
4.910030,-1,18,9994.297000,30.299000,454.168791,456.966101,460.000000,770,5.831209,OpenLoop,FIFO,true,OpenLoop_FIFO,456.966101
4.920043,-1,18,10012.964000,43.263000,452.461390,456.290394,460.000000,770,7.538610,OpenLoop,FIFO,true,OpenLoop_FIFO,456.290394
4.930050,-1,18,10006.686000,49.949000,452.093909,455.660921,460.000000,770,7.906091,OpenLoop,FIFO,true,OpenLoop_FIFO,455.660921
4.940033,-1,18,9982.687000,32.636000,457.276516,455.903261,460.000000,770,2.723484,OpenLoop,FIFO,true,OpenLoop_FIFO,455.903261
4.950041,-1,18,10007.908000,40.544000,456.730769,456.027387,460.000000,770,3.269231,OpenLoop,FIFO,true,OpenLoop_FIFO,456.027387
4.960023,-1,18,9982.427000,22.971000,457.012007,456.175080,460.000000,770,2.987993,OpenLoop,FIFO,true,OpenLoop_FIFO,456.175080
4.970012,-1,18,9989.094000,12.065000,457.317073,456.346379,460.000000,770,2.682927,OpenLoop,FIFO,true,OpenLoop_FIFO,456.346379
4.980039,-1,18,10027.130000,39.195000,455.318116,456.192140,460.000000,770,4.681884,OpenLoop,FIFO,true,OpenLoop_FIFO,456.192140
4.990044,-1,18,10004.352000,43.547000,460.461690,456.832572,460.000000,770,-0.461690,OpenLoop,FIFO,true,OpenLoop_FIFO,456.832572
5.000053,-1,18,10009.501000,53.048000,458.470606,457.078277,460.000000,770,1.529394,OpenLoop,FIFO,true,OpenLoop_FIFO,457.078277
5.010030,-1,18,9977.205000,30.253000,460.174029,457.542640,460.000000,770,-0.174029,OpenLoop,FIFO,true,OpenLoop_FIFO,457.542640
5.020032,-1,18,10001.890000,32.143000,459.321815,457.809516,460.000000,770,0.678185,OpenLoop,FIFO,true,OpenLoop_FIFO,457.809516
5.030019,-1,18,9986.797000,18.940000,455.760817,457.502211,460.000000,770,4.239183,OpenLoop,FIFO,true,OpenLoop_FIFO,457.502211
5.040011,-1,18,9992.520000,11.460000,456.029186,457.281258,460.000000,770,3.970814,OpenLoop,FIFO,true,OpenLoop_FIFO,457.281258
5.050016,-1,18,10004.093000,15.553000,451.807229,456.460153,460.000000,770,8.192771,OpenLoop,FIFO,true,OpenLoop_FIFO,456.460153
5.060009,-1,18,9993.353000,8.906000,452.737393,455.901739,460.000000,770,7.262607,OpenLoop,FIFO,true,OpenLoop_FIFO,455.901739
5.070026,-1,18,10017.186000,26.092000,456.327745,455.965640,460.000000,770,3.672255,OpenLoop,FIFO,true,OpenLoop_FIFO,455.965640
5.080031,-1,18,10004.631000,30.723000,457.891432,456.254509,460.000000,770,2.108568,OpenLoop,FIFO,true,OpenLoop_FIFO,456.254509
5.090020,-1,18,9988.945000,19.668000,458.329045,456.565689,460.000000,770,1.670955,OpenLoop,FIFO,true,OpenLoop_FIFO,456.565689
5.100041,-1,18,10020.945000,40.613000,457.199692,456.660790,460.000000,770,2.800308,OpenLoop,FIFO,true,OpenLoop_FIFO,456.660790
5.110029,-1,18,9988.613000,29.226000,456.496668,456.636171,460.000000,770,3.503332,OpenLoop,FIFO,true,OpenLoop_FIFO,456.636171
5.120022,-1,18,9993.167000,22.393000,458.531302,456.920441,460.000000,770,1.468698,OpenLoop,FIFO,true,OpenLoop_FIFO,456.920441
5.130009,-1,18,9987.002000,9.395000,458.839076,457.208236,460.000000,770,1.160924,OpenLoop,FIFO,true,OpenLoop_FIFO,457.208236
5.140007,-1,18,9997.982000,7.377000,460.271318,457.667699,460.000000,770,-0.271318,OpenLoop,FIFO,true,OpenLoop_FIFO,457.667699
5.150007,-1,18,9999.168000,6.545000,460.054961,458.025788,460.000000,770,-0.054961,OpenLoop,FIFO,true,OpenLoop_FIFO,458.025788
5.160007,-1,18,10000.834000,7.379000,454.864658,457.551618,460.000000,770,5.135342,OpenLoop,FIFO,true,OpenLoop_FIFO,457.551618
5.170006,-1,18,9998.576000,5.955000,457.049532,457.476305,460.000000,770,2.950468,OpenLoop,FIFO,true,OpenLoop_FIFO,457.476305
5.180012,-1,18,10005.593000,11.548000,451.910392,456.641418,460.000000,770,8.089608,OpenLoop,FIFO,true,OpenLoop_FIFO,456.641418
5.190007,-1,18,9995.779000,7.327000,453.117448,456.112823,460.000000,770,6.882552,OpenLoop,FIFO,true,OpenLoop_FIFO,456.112823
5.200008,-1,18,10000.890000,8.217000,457.669579,456.346336,460.000000,770,2.330421,OpenLoop,FIFO,true,OpenLoop_FIFO,456.346336
5.210013,-1,18,10005.242000,13.459000,457.069339,456.454787,460.000000,770,2.930661,OpenLoop,FIFO,true,OpenLoop_FIFO,456.454787
5.220009,-1,18,9995.630000,9.089000,459.558824,456.920392,460.000000,770,0.441176,OpenLoop,FIFO,true,OpenLoop_FIFO,456.920392
5.230008,-1,18,9998.520000,7.609000,457.540264,457.013373,460.000000,770,2.459736,OpenLoop,FIFO,true,OpenLoop_FIFO,457.013373
5.240007,-1,18,9999.686000,7.295000,457.763672,457.125918,460.000000,770,2.236328,OpenLoop,FIFO,true,OpenLoop_FIFO,457.125918
5.250007,-1,18,9999.723000,7.018000,459.085052,457.419788,460.000000,770,0.914948,OpenLoop,FIFO,true,OpenLoop_FIFO,457.419788
5.260007,-1,18,9999.927000,6.945000,458.435208,457.572101,460.000000,770,1.564792,OpenLoop,FIFO,true,OpenLoop_FIFO,457.572101
5.270007,-1,18,9999.946000,6.891000,461.224754,458.119999,460.000000,770,-1.224754,OpenLoop,FIFO,true,OpenLoop_FIFO,458.119999
5.280019,-1,18,10011.890000,18.781000,458.883994,458.234598,460.000000,770,1.116006,OpenLoop,FIFO,true,OpenLoop_FIFO,458.234598
5.290018,-1,18,9999.167000,17.948000,457.423327,458.112907,460.000000,770,2.576673,OpenLoop,FIFO,true,OpenLoop_FIFO,458.112907
5.300014,-1,18,9996.520000,14.468000,456.648807,457.893292,460.000000,770,3.351193,OpenLoop,FIFO,true,OpenLoop_FIFO,457.893292
5.310007,-1,18,9992.520000,6.988000,452.553354,457.092302,460.000000,770,7.446646,OpenLoop,FIFO,true,OpenLoop_FIFO,457.092302
5.320007,-1,18,10000.390000,7.378000,453.475051,456.549714,460.000000,770,6.524949,OpenLoop,FIFO,true,OpenLoop_FIFO,456.549714
5.330007,-1,18,9999.186000,6.564000,455.982490,456.464630,460.000000,770,4.017510,OpenLoop,FIFO,true,OpenLoop_FIFO,456.464630
5.340018,-1,18,10011.278000,17.842000,458.501151,456.770108,460.000000,770,1.498849,OpenLoop,FIFO,true,OpenLoop_FIFO,456.770108
5.350008,-1,18,9990.539000,8.381000,458.614617,457.046785,460.000000,770,1.385383,OpenLoop,FIFO,true,OpenLoop_FIFO,457.046785
5.360009,-1,18,10000.630000,9.011000,457.584928,457.127506,460.000000,770,2.415072,OpenLoop,FIFO,true,OpenLoop_FIFO,457.127506
5.370007,-1,18,9998.075000,7.086000,457.434515,457.173557,460.000000,770,2.565485,OpenLoop,FIFO,true,OpenLoop_FIFO,457.173557
5.380007,-1,18,10000.057000,7.143000,458.166357,457.322477,460.000000,770,1.833643,OpenLoop,FIFO,true,OpenLoop_FIFO,457.322477
5.390007,-1,18,9999.464000,6.607000,458.659491,457.523029,460.000000,770,1.340509,OpenLoop,FIFO,true,OpenLoop_FIFO,457.523029
5.400008,-1,18,10000.909000,7.516000,461.368110,458.099792,460.000000,770,-1.368110,OpenLoop,FIFO,true,OpenLoop_FIFO,458.099792
5.410010,-1,18,10002.815000,10.331000,459.784208,458.352454,460.000000,770,0.215792,OpenLoop,FIFO,true,OpenLoop_FIFO,458.352454
5.420008,-1,18,9998.094000,8.425000,457.540264,458.230625,460.000000,770,2.459736,OpenLoop,FIFO,true,OpenLoop_FIFO,458.230625
5.430007,-1,18,9998.686000,7.111000,456.029186,457.900410,460.000000,770,3.970814,OpenLoop,FIFO,true,OpenLoop_FIFO,457.900410
5.440007,-1,18,9999.520000,6.631000,450.949367,456.857753,460.000000,770,9.050633,OpenLoop,FIFO,true,OpenLoop_FIFO,456.857753
5.450007,-1,18,9999.964000,6.595000,455.982490,456.726464,460.000000,770,4.017510,OpenLoop,FIFO,true,OpenLoop_FIFO,456.726464
5.460007,-1,18,9999.964000,6.559000,454.168791,456.342813,460.000000,770,5.831209,OpenLoop,FIFO,true,OpenLoop_FIFO,456.342813
5.470009,-1,18,10002.908000,9.467000,459.108717,456.757698,460.000000,770,0.891283,OpenLoop,FIFO,true,OpenLoop_FIFO,456.757698
5.480008,-1,18,9998.594000,8.061000,459.085052,457.106801,460.000000,770,0.914948,OpenLoop,FIFO,true,OpenLoop_FIFO,457.106801
5.490007,-1,18,9998.797000,6.858000,457.317073,457.138342,460.000000,770,2.682927,OpenLoop,FIFO,true,OpenLoop_FIFO,457.138342
5.500010,-1,18,10003.186000,10.044000,458.848532,457.394871,460.000000,770,1.151468,OpenLoop,FIFO,true,OpenLoop_FIFO,457.394871
5.510007,-1,18,9996.946000,6.990000,458.435208,457.550921,460.000000,770,1.564792,OpenLoop,FIFO,true,OpenLoop_FIFO,457.550921
5.520007,-1,18,9999.890000,6.880000,459.063755,457.777846,460.000000,770,0.936245,OpenLoop,FIFO,true,OpenLoop_FIFO,457.777846
5.530009,-1,18,10001.816000,8.696000,460.747543,458.223301,460.000000,770,-0.747543,OpenLoop,FIFO,true,OpenLoop_FIFO,458.223301
5.540029,-1,18,10020.149000,28.845000,460.733242,458.599792,460.000000,770,-0.733242,OpenLoop,FIFO,true,OpenLoop_FIFO,458.599792
5.550019,-1,18,9990.130000,18.975000,459.108717,458.676131,460.000000,770,0.891283,OpenLoop,FIFO,true,OpenLoop_FIFO,458.676131
5.560009,-1,18,9990.094000,9.069000,456.871345,458.405413,460.000000,770,3.128655,OpenLoop,FIFO,true,OpenLoop_FIFO,458.405413
5.570007,-1,18,9998.094000,7.163000,451.406488,457.355574,460.000000,770,8.593512,OpenLoop,FIFO,true,OpenLoop_FIFO,457.355574
5.580009,-1,18,10001.890000,9.053000,455.562660,457.086637,460.000000,770,4.437340,OpenLoop,FIFO,true,OpenLoop_FIFO,457.086637
5.590007,-1,18,9998.371000,7.424000,454.435288,456.688935,460.000000,770,5.564712,OpenLoop,FIFO,true,OpenLoop_FIFO,456.688935
5.600007,-1,18,9999.872000,7.296000,459.085052,457.048352,460.000000,770,0.914948,OpenLoop,FIFO,true,OpenLoop_FIFO,457.048352
5.610008,-1,18,10000.964000,8.260000,459.333660,457.391148,460.000000,770,0.666340,OpenLoop,FIFO,true,OpenLoop_FIFO,457.391148
5.620007,-1,18,9999.093000,7.353000,456.426485,457.246449,460.000000,770,3.573515,OpenLoop,FIFO,true,OpenLoop_FIFO,457.246449
5.630007,-1,18,9999.409000,6.762000,459.511402,457.586192,460.000000,770,0.488598,OpenLoop,FIFO,true,OpenLoop_FIFO,457.586192
5.640010,-1,18,10003.334000,10.096000,456.915879,457.485645,460.000000,770,3.084121,OpenLoop,FIFO,true,OpenLoop_FIFO,457.485645
5.650007,-1,18,9997.075000,7.171000,459.321815,457.761070,460.000000,770,0.678185,OpenLoop,FIFO,true,OpenLoop_FIFO,457.761070
5.660007,-1,18,9999.668000,6.839000,461.141171,458.268085,460.000000,770,-1.141171,OpenLoop,FIFO,true,OpenLoop_FIFO,458.268085
5.670008,-1,18,10001.223000,8.062000,459.784208,458.495504,460.000000,770,0.215792,OpenLoop,FIFO,true,OpenLoop_FIFO,458.495504
5.680007,-1,18,9998.668000,6.730000,459.321815,458.619451,460.000000,770,0.678185,OpenLoop,FIFO,true,OpenLoop_FIFO,458.619451
5.690007,-1,18,9999.779000,6.509000,456.426485,458.290506,460.000000,770,3.573515,OpenLoop,FIFO,true,OpenLoop_FIFO,458.290506
5.700007,-1,18,10000.242000,6.751000,453.706062,457.602839,460.000000,770,6.293938,OpenLoop,FIFO,true,OpenLoop_FIFO,457.602839
5.710006,-1,18,9999.575000,6.326000,454.215116,457.094681,460.000000,770,5.784884,OpenLoop,FIFO,true,OpenLoop_FIFO,457.094681
5.720007,-1,18,10000.464000,6.790000,455.329755,456.829942,460.000000,770,4.670245,OpenLoop,FIFO,true,OpenLoop_FIFO,456.829942
5.730007,-1,18,9999.797000,6.587000,458.839076,457.131312,460.000000,770,1.160924,OpenLoop,FIFO,true,OpenLoop_FIFO,457.131312
5.740012,-1,18,10005.853000,12.440000,459.132385,457.431473,460.000000,770,0.867615,OpenLoop,FIFO,true,OpenLoop_FIFO,457.431473
5.750016,-1,18,10003.297000,15.737000,456.871345,457.347454,460.000000,770,3.128655,OpenLoop,FIFO,true,OpenLoop_FIFO,457.347454
5.760009,-1,18,9993.094000,8.831000,459.108717,457.611643,460.000000,770,0.891283,OpenLoop,FIFO,true,OpenLoop_FIFO,457.611643
5.770007,-1,18,9998.538000,7.369000,456.965110,457.514663,460.000000,770,3.034890,OpenLoop,FIFO,true,OpenLoop_FIFO,457.514663
5.780010,-1,18,10002.445000,9.814000,459.333660,457.787513,460.000000,770,0.666340,OpenLoop,FIFO,true,OpenLoop_FIFO,457.787513
5.790011,-1,18,10000.853000,10.667000,460.986025,458.267290,460.000000,770,-0.986025,OpenLoop,FIFO,true,OpenLoop_FIFO,458.267290
5.800018,-1,18,10006.964000,17.631000,459.058760,458.386010,460.000000,770,0.941240,OpenLoop,FIFO,true,OpenLoop_FIFO,458.386010
5.810010,-1,18,9992.372000,10.003000,461.141171,458.799284,460.000000,770,-1.141171,OpenLoop,FIFO,true,OpenLoop_FIFO,458.799284
5.820008,-1,18,9998.167000,8.170000,456.029186,458.383769,460.000000,770,3.970814,OpenLoop,FIFO,true,OpenLoop_FIFO,458.383769
5.830011,-1,18,10002.650000,10.820000,455.097087,457.890767,460.000000,770,4.902913,OpenLoop,FIFO,true,OpenLoop_FIFO,457.890767
5.840009,-1,18,9998.223000,9.043000,453.937309,457.297748,460.000000,770,6.062691,OpenLoop,FIFO,true,OpenLoop_FIFO,457.297748
5.850007,-1,18,9997.797000,6.840000,453.555878,456.736468,460.000000,770,6.444122,OpenLoop,FIFO,true,OpenLoop_FIFO,456.736468
5.860008,-1,18,10000.742000,7.582000,460.271318,457.266695,460.000000,770,-0.271318,OpenLoop,FIFO,true,OpenLoop_FIFO,457.266695
5.870018,-1,18,10010.464000,18.046000,458.211144,457.408363,460.000000,770,1.788856,OpenLoop,FIFO,true,OpenLoop_FIFO,457.408363
5.880009,-1,18,9990.760000,8.806000,457.763672,457.461659,460.000000,770,2.236328,OpenLoop,FIFO,true,OpenLoop_FIFO,457.461659
5.890008,-1,18,9999.446000,8.252000,457.904884,457.528143,460.000000,770,2.095116,OpenLoop,FIFO,true,OpenLoop_FIFO,457.528143
5.900018,-1,18,10009.445000,17.697000,457.987298,457.597016,460.000000,770,2.012702,OpenLoop,FIFO,true,OpenLoop_FIFO,457.597016
5.910015,-1,18,9997.316000,15.013000,459.784208,457.925095,460.000000,770,0.215792,OpenLoop,FIFO,true,OpenLoop_FIFO,457.925095
5.920008,-1,18,9992.964000,7.977000,460.271318,458.277028,460.000000,770,-0.271318,OpenLoop,FIFO,true,OpenLoop_FIFO,458.277028
5.930007,-1,18,9999.094000,7.071000,460.461690,458.604728,460.000000,770,-0.461690,OpenLoop,FIFO,true,OpenLoop_FIFO,458.604728
5.940007,-1,18,9999.519000,6.590000,460.009814,458.815490,460.000000,770,-0.009814,OpenLoop,FIFO,true,OpenLoop_FIFO,458.815490
5.950008,-1,18,10001.594000,8.184000,457.434515,458.608344,460.000000,770,2.565485,OpenLoop,FIFO,true,OpenLoop_FIFO,458.608344
5.960007,-1,18,9998.649000,6.833000,454.435288,457.982386,460.000000,770,5.564712,OpenLoop,FIFO,true,OpenLoop_FIFO,457.982386
5.970007,-1,18,9999.927000,6.760000,453.891041,457.368684,460.000000,770,6.108959,OpenLoop,FIFO,true,OpenLoop_FIFO,457.368684
5.980007,-1,18,10000.075000,6.835000,452.723585,456.671919,460.000000,770,7.276415,OpenLoop,FIFO,true,OpenLoop_FIFO,456.671919
5.990008,-1,18,10000.668000,7.503000,460.271318,457.211829,460.000000,770,-0.271318,OpenLoop,FIFO,true,OpenLoop_FIFO,457.211829
6.000006,-1,18,9998.853000,6.356000,457.540264,457.261094,460.000000,770,2.459736,OpenLoop,FIFO,true,OpenLoop_FIFO,457.261094
6.010008,-1,18,10001.853000,8.209000,457.434515,457.287107,460.000000,770,2.565485,OpenLoop,FIFO,true,OpenLoop_FIFO,457.287107
6.020007,-1,18,9998.704000,6.913000,458.659491,457.492965,460.000000,770,1.340509,OpenLoop,FIFO,true,OpenLoop_FIFO,457.492965
6.030007,-1,18,10000.539000,7.452000,456.029186,457.273398,460.000000,770,3.970814,OpenLoop,FIFO,true,OpenLoop_FIFO,457.273398
6.040007,-1,18,9999.241000,6.693000,460.687961,457.785582,460.000000,770,-0.687961,OpenLoop,FIFO,true,OpenLoop_FIFO,457.785582
6.050011,-1,18,10004.409000,11.102000,459.333660,458.017794,460.000000,770,0.666340,OpenLoop,FIFO,true,OpenLoop_FIFO,458.017794
6.060014,-1,18,10003.353000,14.455000,460.687961,458.418319,460.000000,770,-0.687961,OpenLoop,FIFO,true,OpenLoop_FIFO,458.418319
6.070008,-1,18,9993.223000,7.678000,459.321815,458.553843,460.000000,770,0.678185,OpenLoop,FIFO,true,OpenLoop_FIFO,458.553843
6.080007,-1,18,9999.279000,6.957000,457.094100,458.334882,460.000000,770,2.905900,OpenLoop,FIFO,true,OpenLoop_FIFO,458.334882
6.090007,-1,18,9999.649000,6.606000,454.864658,457.814348,460.000000,770,5.135342,OpenLoop,FIFO,true,OpenLoop_FIFO,457.814348
6.100007,-1,18,9999.964000,6.570000,454.215116,457.274464,460.000000,770,5.784884,OpenLoop,FIFO,true,OpenLoop_FIFO,457.274464
6.110009,-1,18,10002.872000,9.442000,453.244275,456.669935,460.000000,770,6.755725,OpenLoop,FIFO,true,OpenLoop_FIFO,456.669935
6.120029,-1,18,10019.723000,29.165000,458.310701,456.916050,460.000000,770,1.689299,OpenLoop,FIFO,true,OpenLoop_FIFO,456.916050
6.130026,-1,18,9996.501000,25.666000,459.130131,457.248162,460.000000,770,0.869869,OpenLoop,FIFO,true,OpenLoop_FIFO,457.248162
6.140016,-1,18,9990.779000,16.445000,457.434515,457.276115,460.000000,770,2.565485,OpenLoop,FIFO,true,OpenLoop_FIFO,457.276115
6.150021,-1,18,10004.445000,20.890000,459.085052,457.547456,460.000000,770,0.914948,OpenLoop,FIFO,true,OpenLoop_FIFO,457.547456
6.160009,-1,18,9987.872000,8.762000,456.426485,457.379310,460.000000,770,3.573515,OpenLoop,FIFO,true,OpenLoop_FIFO,457.379310
6.170007,-1,18,9998.501000,7.263000,461.595273,458.011704,460.000000,770,-1.595273,OpenLoop,FIFO,true,OpenLoop_FIFO,458.011704
6.180015,-1,18,10007.631000,14.894000,459.333660,458.209998,460.000000,770,0.666340,OpenLoop,FIFO,true,OpenLoop_FIFO,458.209998
6.190008,-1,18,9992.964000,7.858000,461.702955,458.733941,460.000000,770,-1.702955,OpenLoop,FIFO,true,OpenLoop_FIFO,458.733941
6.200008,-1,18,9999.853000,7.711000,460.235641,458.959196,460.000000,770,-0.235641,OpenLoop,FIFO,true,OpenLoop_FIFO,458.959196
6.210016,-1,18,10008.242000,15.953000,456.772412,458.631179,460.000000,770,3.227588,OpenLoop,FIFO,true,OpenLoop_FIFO,458.631179
6.220010,-1,18,9993.816000,9.769000,457.584928,458.474241,460.000000,770,2.415072,OpenLoop,FIFO,true,OpenLoop_FIFO,458.474241
6.230008,-1,18,9997.742000,7.511000,452.323514,457.551632,460.000000,770,7.676486,OpenLoop,FIFO,true,OpenLoop_FIFO,457.551632
6.240007,-1,18,9999.334000,6.845000,454.632466,457.113757,460.000000,770,5.367534,OpenLoop,FIFO,true,OpenLoop_FIFO,457.113757
6.250007,-1,18,10000.353000,7.198000,457.094100,457.110809,460.000000,770,2.905900,OpenLoop,FIFO,true,OpenLoop_FIFO,457.110809
6.260007,-1,18,9999.502000,6.700000,457.904884,457.229920,460.000000,770,2.095116,OpenLoop,FIFO,true,OpenLoop_FIFO,457.229920
6.270007,-1,18,10000.316000,7.016000,460.009814,457.646904,460.000000,770,-0.009814,OpenLoop,FIFO,true,OpenLoop_FIFO,457.646904
6.280007,-1,18,9999.741000,6.757000,457.199692,457.579822,460.000000,770,2.800308,OpenLoop,FIFO,true,OpenLoop_FIFO,457.579822
6.290007,-1,18,10000.298000,7.055000,459.108717,457.809156,460.000000,770,0.891283,OpenLoop,FIFO,true,OpenLoop_FIFO,457.809156
6.300007,-1,18,9999.983000,7.038000,458.883994,457.970382,460.000000,770,1.116006,OpenLoop,FIFO,true,OpenLoop_FIFO,457.970382
6.310007,-1,18,9999.853000,6.891000,460.271318,458.315522,460.000000,770,-0.271318,OpenLoop,FIFO,true,OpenLoop_FIFO,458.315522
6.320007,-1,18,9999.927000,6.818000,461.141171,458.739370,460.000000,770,-1.141171,OpenLoop,FIFO,true,OpenLoop_FIFO,458.739370
6.330007,-1,18,9999.927000,6.745000,460.235641,458.963810,460.000000,770,-0.235641,OpenLoop,FIFO,true,OpenLoop_FIFO,458.963810
6.340008,-1,18,10001.019000,7.764000,456.029186,458.523617,460.000000,770,3.970814,OpenLoop,FIFO,true,OpenLoop_FIFO,458.523617
6.350007,-1,18,9999.150000,6.914000,457.317073,458.342635,460.000000,770,2.682927,OpenLoop,FIFO,true,OpenLoop_FIFO,458.342635
6.360007,-1,18,10000.316000,7.230000,452.093909,457.405326,460.000000,770,7.906091,OpenLoop,FIFO,true,OpenLoop_FIFO,457.405326
6.370014,-1,18,10006.445000,13.675000,454.400510,456.954604,460.000000,770,5.599490,OpenLoop,FIFO,true,OpenLoop_FIFO,456.954604
6.380016,-1,18,10001.890000,15.565000,457.987298,457.109508,460.000000,770,2.012702,OpenLoop,FIFO,true,OpenLoop_FIFO,457.109508
6.390009,-1,18,9993.538000,9.103000,457.987298,457.241177,460.000000,770,2.012702,OpenLoop,FIFO,true,OpenLoop_FIFO,457.241177
6.400014,-1,18,10005.039000,14.142000,460.509307,457.731396,460.000000,770,-0.509307,OpenLoop,FIFO,true,OpenLoop_FIFO,457.731396
6.410012,-1,18,9997.779000,11.921000,457.540264,457.702726,460.000000,770,2.459736,OpenLoop,FIFO,true,OpenLoop_FIFO,457.702726
6.420007,-1,18,9995.353000,7.274000,459.063755,457.906881,460.000000,770,0.936245,OpenLoop,FIFO,true,OpenLoop_FIFO,457.906881
6.430007,-1,18,10000.001000,7.275000,458.659491,458.019772,460.000000,770,1.340509,OpenLoop,FIFO,true,OpenLoop_FIFO,458.019772
6.440007,-1,18,9999.260000,6.535000,459.108717,458.183114,460.000000,770,0.891283,OpenLoop,FIFO,true,OpenLoop_FIFO,458.183114
6.450008,-1,18,10001.112000,7.647000,462.422118,458.818965,460.000000,770,-2.422118,OpenLoop,FIFO,true,OpenLoop_FIFO,458.818965
6.460020,-1,18,10012.538000,20.185000,459.773470,458.962140,460.000000,770,0.226530,OpenLoop,FIFO,true,OpenLoop_FIFO,458.962140
6.470011,-1,18,9990.594000,10.779000,456.029186,458.522197,460.000000,770,3.970814,OpenLoop,FIFO,true,OpenLoop_FIFO,458.522197
6.480009,-1,18,9997.872000,8.651000,457.540264,458.374907,460.000000,770,2.459736,OpenLoop,FIFO,true,OpenLoop_FIFO,458.374907
6.490007,-1,18,9998.316000,6.967000,452.093909,457.432757,460.000000,770,7.906091,OpenLoop,FIFO,true,OpenLoop_FIFO,457.432757
6.500011,-1,18,10003.612000,10.579000,454.168791,456.943162,460.000000,770,5.831209,OpenLoop,FIFO,true,OpenLoop_FIFO,456.943162
6.510011,-1,18,10000.261000,10.840000,456.871345,456.932390,460.000000,770,3.128655,OpenLoop,FIFO,true,OpenLoop_FIFO,456.932390
6.520008,-1,18,9997.279000,8.119000,457.904884,457.078264,460.000000,770,2.095116,OpenLoop,FIFO,true,OpenLoop_FIFO,457.078264
6.530009,-1,18,10001.223000,9.342000,460.416462,457.578994,460.000000,770,-0.416462,OpenLoop,FIFO,true,OpenLoop_FIFO,457.578994
6.540008,-1,18,9998.983000,8.325000,457.361694,457.546399,460.000000,770,2.638306,OpenLoop,FIFO,true,OpenLoop_FIFO,457.546399
6.550007,-1,18,9998.778000,7.103000,457.669579,457.564876,460.000000,770,2.330421,OpenLoop,FIFO,true,OpenLoop_FIFO,457.564876
6.560007,-1,18,9999.650000,6.753000,458.839076,457.756006,460.000000,770,1.160924,OpenLoop,FIFO,true,OpenLoop_FIFO,457.756006
6.570020,-1,18,10013.260000,20.013000,458.848532,457.919885,460.000000,770,1.151468,OpenLoop,FIFO,true,OpenLoop_FIFO,457.919885
6.580010,-1,18,9989.501000,9.514000,462.323701,458.580457,460.000000,770,-2.323701,OpenLoop,FIFO,true,OpenLoop_FIFO,458.580457
6.590007,-1,18,9997.724000,7.238000,458.211144,458.525060,460.000000,770,1.788856,OpenLoop,FIFO,true,OpenLoop_FIFO,458.525060
6.600006,-1,18,9998.945000,6.183000,457.669579,458.396738,460.000000,770,2.330421,OpenLoop,FIFO,true,OpenLoop_FIFO,458.396738
6.610008,-1,18,10001.890000,8.073000,455.760817,458.001350,460.000000,770,4.239183,OpenLoop,FIFO,true,OpenLoop_FIFO,458.001350
6.620007,-1,18,9999.113000,7.186000,453.475051,457.322405,460.000000,770,6.524949,OpenLoop,FIFO,true,OpenLoop_FIFO,457.322405
6.630007,-1,18,9999.760000,6.946000,454.655674,456.922395,460.000000,770,5.344326,OpenLoop,FIFO,true,OpenLoop_FIFO,456.922395
6.640007,-1,18,9999.927000,6.873000,456.216064,456.816446,460.000000,770,3.783936,OpenLoop,FIFO,true,OpenLoop_FIFO,456.816446
6.650007,-1,18,10000.112000,6.985000,458.480047,457.065986,460.000000,770,1.519953,OpenLoop,FIFO,true,OpenLoop_FIFO,457.065986
6.660007,-1,18,9999.965000,6.950000,459.085052,457.368846,460.000000,770,0.914948,OpenLoop,FIFO,true,OpenLoop_FIFO,457.368846
6.670007,-1,18,10000.260000,7.210000,459.108717,457.629826,460.000000,770,0.891283,OpenLoop,FIFO,true,OpenLoop_FIFO,457.629826
6.680007,-1,18,9999.779000,6.989000,456.683930,457.487942,460.000000,770,3.316070,OpenLoop,FIFO,true,OpenLoop_FIFO,457.487942
6.690007,-1,18,9999.908000,6.897000,458.928921,457.704089,460.000000,770,1.071079,OpenLoop,FIFO,true,OpenLoop_FIFO,457.704089
6.700007,-1,18,10000.002000,6.899000,457.987298,457.746570,460.000000,770,2.012702,OpenLoop,FIFO,true,OpenLoop_FIFO,457.746570
6.710007,-1,18,9999.890000,6.789000,462.182148,458.411907,460.000000,770,-2.182148,OpenLoop,FIFO,true,OpenLoop_FIFO,458.411907
6.720008,-1,18,10000.723000,7.512000,458.883994,458.482720,460.000000,770,1.116006,OpenLoop,FIFO,true,OpenLoop_FIFO,458.482720
6.730007,-1,18,9999.168000,6.680000,458.848532,458.537592,460.000000,770,1.151468,OpenLoop,FIFO,true,OpenLoop_FIFO,458.537592
6.740006,-1,18,9999.797000,6.477000,456.204380,458.187610,460.000000,770,3.795620,OpenLoop,FIFO,true,OpenLoop_FIFO,458.187610
6.750007,-1,18,10000.131000,6.608000,451.635396,457.204778,460.000000,770,8.364604,OpenLoop,FIFO,true,OpenLoop_FIFO,457.204778
6.760007,-1,18,9999.946000,6.554000,455.760817,456.988184,460.000000,770,4.239183,OpenLoop,FIFO,true,OpenLoop_FIFO,456.988184
6.770006,-1,18,9999.945000,6.499000,454.864658,456.669655,460.000000,770,5.135342,OpenLoop,FIFO,true,OpenLoop_FIFO,456.669655
6.780009,-1,18,10002.557000,9.056000,459.288654,457.062505,460.000000,770,0.711346,OpenLoop,FIFO,true,OpenLoop_FIFO,457.062505
6.790008,-1,18,9998.853000,7.909000,459.085052,457.365887,460.000000,770,0.914948,OpenLoop,FIFO,true,OpenLoop_FIFO,457.365887
6.800007,-1,18,9998.631000,6.540000,458.032050,457.465811,460.000000,770,1.967950,OpenLoop,FIFO,true,OpenLoop_FIFO,457.465811
6.810008,-1,18,10001.538000,8.078000,459.558824,457.779763,460.000000,770,0.441176,OpenLoop,FIFO,true,OpenLoop_FIFO,457.779763
6.820024,-1,18,10015.871000,23.949000,456.525268,457.591589,460.000000,770,3.474732,OpenLoop,FIFO,true,OpenLoop_FIFO,457.591589
6.830018,-1,18,9994.205000,18.154000,460.733242,458.062837,460.000000,770,-0.733242,OpenLoop,FIFO,true,OpenLoop_FIFO,458.062837
6.840008,-1,18,9989.631000,7.785000,460.009814,458.354883,460.000000,770,-0.009814,OpenLoop,FIFO,true,OpenLoop_FIFO,458.354883
6.850008,-1,18,9999.946000,7.731000,460.235641,458.636997,460.000000,770,-0.235641,OpenLoop,FIFO,true,OpenLoop_FIFO,458.636997
6.860007,-1,18,9998.982000,6.713000,458.848532,458.668727,460.000000,770,1.151468,OpenLoop,FIFO,true,OpenLoop_FIFO,458.668727
6.870012,-1,18,10005.187000,11.900000,456.604325,458.359067,460.000000,770,3.395675,OpenLoop,FIFO,true,OpenLoop_FIFO,458.359067
6.880007,-1,18,9995.056000,6.956000,453.290411,457.598768,460.000000,770,6.709589,OpenLoop,FIFO,true,OpenLoop_FIFO,457.598768
6.890007,-1,18,9999.965000,6.921000,455.318116,457.256670,460.000000,770,4.681884,OpenLoop,FIFO,true,OpenLoop_FIFO,457.256670
6.900008,-1,18,10000.649000,7.570000,455.097087,456.932733,460.000000,770,4.902913,OpenLoop,FIFO,true,OpenLoop_FIFO,456.932733
6.910008,-1,18,10000.223000,7.793000,459.108717,457.259131,460.000000,770,0.891283,OpenLoop,FIFO,true,OpenLoop_FIFO,457.259131
6.920007,-1,18,9999.427000,7.220000,459.796076,457.639672,460.000000,770,0.203924,OpenLoop,FIFO,true,OpenLoop_FIFO,457.639672
6.930007,-1,18,9999.316000,6.536000,457.094100,457.557837,460.000000,770,2.905900,OpenLoop,FIFO,true,OpenLoop_FIFO,457.557837
6.940007,-1,18,10000.094000,6.630000,459.288654,457.817459,460.000000,770,0.711346,OpenLoop,FIFO,true,OpenLoop_FIFO,457.817459
6.950007,-1,18,10000.316000,6.946000,456.543469,457.626361,460.000000,770,3.456531,OpenLoop,FIFO,true,OpenLoop_FIFO,457.626361
6.960007,-1,18,9999.853000,6.799000,459.784208,457.950038,460.000000,770,0.215792,OpenLoop,FIFO,true,OpenLoop_FIFO,457.950038
6.970008,-1,18,10001.371000,8.170000,460.986025,458.405436,460.000000,770,-0.986025,OpenLoop,FIFO,true,OpenLoop_FIFO,458.405436
6.980007,-1,18,9998.705000,6.875000,458.390377,458.403177,460.000000,770,1.609623,OpenLoop,FIFO,true,OpenLoop_FIFO,458.403177
6.990007,-1,18,9999.705000,6.580000,460.054961,458.650945,460.000000,770,-0.054961,OpenLoop,FIFO,true,OpenLoop_FIFO,458.650945
7.000006,-1,18,9999.909000,6.489000,456.496668,458.327803,460.000000,770,3.503332,OpenLoop,FIFO,true,OpenLoop_FIFO,458.327803
7.010009,-1,18,10002.982000,9.471000,455.097087,457.843196,460.000000,770,4.902913,OpenLoop,FIFO,true,OpenLoop_FIFO,457.843196
7.020012,-1,18,10002.224000,11.695000,453.555878,457.200098,460.000000,770,6.444122,OpenLoop,FIFO,true,OpenLoop_FIFO,457.200098
7.030010,-1,18,9998.094000,9.789000,454.632466,456.814953,460.000000,770,5.367534,OpenLoop,FIFO,true,OpenLoop_FIFO,456.814953
7.040008,-1,18,9998.427000,8.216000,460.235641,457.328056,460.000000,770,-0.235641,OpenLoop,FIFO,true,OpenLoop_FIFO,457.328056
7.050009,-1,18,10000.816000,9.032000,459.513773,457.655914,460.000000,770,0.486227,OpenLoop,FIFO,true,OpenLoop_FIFO,457.655914
7.060016,-1,18,10006.612000,15.644000,457.246637,457.594522,460.000000,770,2.753363,OpenLoop,FIFO,true,OpenLoop_FIFO,457.594522
7.070024,-1,18,10008.612000,24.256000,459.108717,457.821652,460.000000,770,0.891283,OpenLoop,FIFO,true,OpenLoop_FIFO,457.821652
7.080019,-1,18,9994.890000,19.146000,457.317073,457.745965,460.000000,770,2.682927,OpenLoop,FIFO,true,OpenLoop_FIFO,457.745965
7.090009,-1,18,9989.779000,8.925000,459.986055,458.081978,460.000000,770,0.013945,OpenLoop,FIFO,true,OpenLoop_FIFO,458.081978
7.100008,-1,18,9999.427000,8.352000,461.868164,458.649906,460.000000,770,-1.868164,OpenLoop,FIFO,true,OpenLoop_FIFO,458.649906
7.110007,-1,18,9998.705000,7.057000,458.759243,458.666307,460.000000,770,1.240757,OpenLoop,FIFO,true,OpenLoop_FIFO,458.666307
7.120007,-1,18,9999.576000,6.633000,460.054961,458.874605,460.000000,770,-0.054961,OpenLoop,FIFO,true,OpenLoop_FIFO,458.874605
7.130020,-1,18,10013.223000,19.856000,457.434515,458.658591,460.000000,770,2.565485,OpenLoop,FIFO,true,OpenLoop_FIFO,458.658591
7.140019,-1,18,9998.946000,18.802000,454.391237,458.018488,460.000000,770,5.608763,OpenLoop,FIFO,true,OpenLoop_FIFO,458.018488
7.150013,-1,18,9994.149000,12.951000,454.678885,457.517548,460.000000,770,5.321115,OpenLoop,FIFO,true,OpenLoop_FIFO,457.517548
7.160008,-1,18,9995.224000,8.175000,453.117448,456.857533,460.000000,770,6.882552,OpenLoop,FIFO,true,OpenLoop_FIFO,456.857533
7.170008,-1,18,9999.779000,7.954000,460.509307,457.405299,460.000000,770,-0.509307,OpenLoop,FIFO,true,OpenLoop_FIFO,457.405299
7.180008,-1,18,9999.964000,7.918000,457.987298,457.492599,460.000000,770,2.012702,OpenLoop,FIFO,true,OpenLoop_FIFO,457.492599
7.190006,-1,18,9998.279000,6.197000,458.659491,457.667633,460.000000,770,1.340509,OpenLoop,FIFO,true,OpenLoop_FIFO,457.667633
7.200006,-1,18,10000.186000,6.383000,458.376222,457.773921,460.000000,770,1.623778,OpenLoop,FIFO,true,OpenLoop_FIFO,457.773921
7.210008,-1,18,10001.817000,8.200000,455.938138,457.498554,460.000000,770,4.061862,OpenLoop,FIFO,true,OpenLoop_FIFO,457.498554
7.220020,-1,18,10011.686000,19.886000,461.033751,458.028833,460.000000,770,-1.033751,OpenLoop,FIFO,true,OpenLoop_FIFO,458.028833
7.230017,-1,18,9997.483000,17.369000,459.773470,458.290529,460.000000,770,0.226530,OpenLoop,FIFO,true,OpenLoop_FIFO,458.290529
7.240018,-1,18,10000.964000,18.333000,459.796076,458.516361,460.000000,770,0.203924,OpenLoop,FIFO,true,OpenLoop_FIFO,458.516361
7.250008,-1,18,9990.149000,8.482000,459.558824,458.672730,460.000000,770,0.441176,OpenLoop,FIFO,true,OpenLoop_FIFO,458.672730
7.260006,-1,18,9997.965000,6.447000,456.496668,458.346321,460.000000,770,3.503332,OpenLoop,FIFO,true,OpenLoop_FIFO,458.346321
7.270007,-1,18,10001.038000,7.485000,453.995157,457.693647,460.000000,770,6.004843,OpenLoop,FIFO,true,OpenLoop_FIFO,457.693647
7.280009,-1,18,10001.409000,8.894000,453.937309,457.130196,460.000000,770,6.062691,OpenLoop,FIFO,true,OpenLoop_FIFO,457.130196
7.290007,-1,18,9997.945000,6.839000,452.898551,456.495449,460.000000,770,7.101449,OpenLoop,FIFO,true,OpenLoop_FIFO,456.495449
7.300007,-1,18,10000.168000,7.007000,459.558824,456.954955,460.000000,770,0.441176,OpenLoop,FIFO,true,OpenLoop_FIFO,456.954955
7.310006,-1,18,9998.835000,5.842000,458.659491,457.210636,460.000000,770,1.340509,OpenLoop,FIFO,true,OpenLoop_FIFO,457.210636
7.320007,-1,18,10001.242000,7.084000,457.434515,457.244218,460.000000,770,2.565485,OpenLoop,FIFO,true,OpenLoop_FIFO,457.244218
7.330007,-1,18,9999.594000,6.678000,459.333660,457.557634,460.000000,770,0.666340,OpenLoop,FIFO,true,OpenLoop_FIFO,457.557634
7.340007,-1,18,9999.908000,6.586000,456.204380,457.354646,460.000000,770,3.795620,OpenLoop,FIFO,true,OpenLoop_FIFO,457.354646
7.350007,-1,18,10000.428000,7.014000,460.938309,457.892195,460.000000,770,-0.938309,OpenLoop,FIFO,true,OpenLoop_FIFO,457.892195
7.360006,-1,18,9998.964000,5.978000,458.255939,457.946757,460.000000,770,1.744061,OpenLoop,FIFO,true,OpenLoop_FIFO,457.946757
7.370007,-1,18,10000.742000,6.720000,460.747543,458.366875,460.000000,770,-0.747543,OpenLoop,FIFO,true,OpenLoop_FIFO,458.366875
7.380007,-1,18,10000.075000,6.795000,458.883994,458.444443,460.000000,770,1.116006,OpenLoop,FIFO,true,OpenLoop_FIFO,458.444443
7.390007,-1,18,9999.779000,6.574000,457.540264,458.308816,460.000000,770,2.459736,OpenLoop,FIFO,true,OpenLoop_FIFO,458.308816
7.400006,-1,18,9999.909000,6.483000,455.795803,457.931864,460.000000,770,4.204197,OpenLoop,FIFO,true,OpenLoop_FIFO,457.931864
7.410010,-1,18,10003.797000,10.280000,452.170418,457.067647,460.000000,770,7.829582,OpenLoop,FIFO,true,OpenLoop_FIFO,457.067647
7.420008,-1,18,9998.020000,8.300000,454.632466,456.702370,460.000000,770,5.367534,OpenLoop,FIFO,true,OpenLoop_FIFO,456.702370
7.430007,-1,18,9998.724000,7.024000,457.434515,456.812192,460.000000,770,2.565485,OpenLoop,FIFO,true,OpenLoop_FIFO,456.812192
7.440007,-1,18,10000.038000,7.062000,458.211144,457.022034,460.000000,770,1.788856,OpenLoop,FIFO,true,OpenLoop_FIFO,457.022034
7.450007,-1,18,9999.557000,6.619000,459.558824,457.402553,460.000000,770,0.441176,OpenLoop,FIFO,true,OpenLoop_FIFO,457.402553
7.460007,-1,18,10000.149000,6.768000,457.904884,457.477902,460.000000,770,2.095116,OpenLoop,FIFO,true,OpenLoop_FIFO,457.477902
7.470012,-1,18,10005.298000,12.066000,457.317073,457.453778,460.000000,770,2.682927,OpenLoop,FIFO,true,OpenLoop_FIFO,457.453778
7.480021,-1,18,10008.890000,20.956000,460.687961,457.938905,460.000000,770,-0.687961,OpenLoop,FIFO,true,OpenLoop_FIFO,457.938905
7.490008,-1,18,9987.149000,8.105000,459.321815,458.146342,460.000000,770,0.678185,OpenLoop,FIFO,true,OpenLoop_FIFO,458.146342
7.500006,-1,18,9998.187000,6.292000,460.914454,458.561559,460.000000,770,-0.914454,OpenLoop,FIFO,true,OpenLoop_FIFO,458.561559
7.510007,-1,18,10000.409000,6.701000,460.416462,458.839794,460.000000,770,-0.416462,OpenLoop,FIFO,true,OpenLoop_FIFO,458.839794
7.520006,-1,18,9999.760000,6.461000,456.309560,458.460259,460.000000,770,3.690440,OpenLoop,FIFO,true,OpenLoop_FIFO,458.460259
7.530009,-1,18,10002.242000,8.703000,457.763672,458.355771,460.000000,770,2.236328,OpenLoop,FIFO,true,OpenLoop_FIFO,458.355771
7.540007,-1,18,9998.612000,7.315000,451.864536,457.382086,460.000000,770,8.135464,OpenLoop,FIFO,true,OpenLoop_FIFO,457.382086
7.550007,-1,18,9999.539000,6.854000,454.632466,456.969643,460.000000,770,5.367534,OpenLoop,FIFO,true,OpenLoop_FIFO,456.969643
7.560007,-1,18,9999.668000,6.522000,457.763672,457.088747,460.000000,770,2.236328,OpenLoop,FIFO,true,OpenLoop_FIFO,457.088747
7.570007,-1,18,10000.149000,6.671000,458.435208,457.290716,460.000000,770,1.564792,OpenLoop,FIFO,true,OpenLoop_FIFO,457.290716
7.580007,-1,18,9999.946000,6.617000,460.271318,457.737806,460.000000,770,-0.271318,OpenLoop,FIFO,true,OpenLoop_FIFO,457.737806
7.590007,-1,18,10000.020000,6.637000,457.317073,457.674696,460.000000,770,2.682927,OpenLoop,FIFO,true,OpenLoop_FIFO,457.674696
7.600007,-1,18,10000.001000,6.638000,457.434515,457.638669,460.000000,770,2.565485,OpenLoop,FIFO,true,OpenLoop_FIFO,457.638669
7.610008,-1,18,10001.427000,8.065000,459.333660,457.892918,460.000000,770,0.666340,OpenLoop,FIFO,true,OpenLoop_FIFO,457.892918
7.620007,-1,18,9998.464000,6.529000,459.288654,458.102278,460.000000,770,0.711346,OpenLoop,FIFO,true,OpenLoop_FIFO,458.102278
7.630007,-1,18,10000.353000,6.882000,460.986025,458.534840,460.000000,770,-0.986025,OpenLoop,FIFO,true,OpenLoop_FIFO,458.534840
7.640006,-1,18,9999.428000,6.310000,459.603883,458.695197,460.000000,770,0.396117,OpenLoop,FIFO,true,OpenLoop_FIFO,458.695197
7.650006,-1,18,10000.168000,6.478000,457.199692,458.470871,460.000000,770,2.800308,OpenLoop,FIFO,true,OpenLoop_FIFO,458.470871
7.660007,-1,18,10000.205000,6.683000,455.938138,458.090961,460.000000,770,4.061862,OpenLoop,FIFO,true,OpenLoop_FIFO,458.090961
7.670007,-1,18,10000.204000,6.887000,452.599350,457.267219,460.000000,770,7.400650,OpenLoop,FIFO,true,OpenLoop_FIFO,457.267219
7.680006,-1,18,9999.520000,6.407000,453.775411,456.743448,460.000000,770,6.224589,OpenLoop,FIFO,true,OpenLoop_FIFO,456.743448
7.690006,-1,18,9999.946000,6.353000,457.669579,456.882368,460.000000,770,2.330421,OpenLoop,FIFO,true,OpenLoop_FIFO,456.882368
7.700006,-1,18,9999.853000,6.206000,457.540264,456.981052,460.000000,770,2.459736,OpenLoop,FIFO,true,OpenLoop_FIFO,456.981052
7.710006,-1,18,10000.020000,6.226000,460.271318,457.474592,460.000000,770,-0.271318,OpenLoop,FIFO,true,OpenLoop_FIFO,457.474592
7.720007,-1,18,10000.872000,7.098000,457.987298,457.551498,460.000000,770,2.012702,OpenLoop,FIFO,true,OpenLoop_FIFO,457.551498
7.730006,-1,18,9999.186000,6.284000,457.904884,457.604506,460.000000,770,2.095116,OpenLoop,FIFO,true,OpenLoop_FIFO,457.604506
7.740011,-1,18,10005.112000,11.396000,459.558824,457.897654,460.000000,770,0.441176,OpenLoop,FIFO,true,OpenLoop_FIFO,457.897654
7.750009,-1,18,9997.798000,9.194000,458.376222,457.969439,460.000000,770,1.623778,OpenLoop,FIFO,true,OpenLoop_FIFO,457.969439
7.760007,-1,18,9997.705000,6.899000,462.278107,458.615739,460.000000,770,-2.278107,OpenLoop,FIFO,true,OpenLoop_FIFO,458.615739
7.770006,-1,18,9999.168000,6.067000,459.333660,458.723427,460.000000,770,0.666340,OpenLoop,FIFO,true,OpenLoop_FIFO,458.723427
7.780008,-1,18,10001.816000,7.883000,457.857804,458.593584,460.000000,770,2.142196,OpenLoop,FIFO,true,OpenLoop_FIFO,458.593584
7.790008,-1,18,9999.872000,7.755000,456.693297,458.308541,460.000000,770,3.306703,OpenLoop,FIFO,true,OpenLoop_FIFO,458.308541
7.800006,-1,18,9998.705000,6.460000,452.783427,457.479774,460.000000,770,7.216573,OpenLoop,FIFO,true,OpenLoop_FIFO,457.479774
7.810019,-1,18,10012.964000,19.424000,455.539359,457.188711,460.000000,770,4.460641,OpenLoop,FIFO,true,OpenLoop_FIFO,457.188711
7.820010,-1,18,9990.686000,10.110000,455.795803,456.979775,460.000000,770,4.204197,OpenLoop,FIFO,true,OpenLoop_FIFO,456.979775
7.830019,-1,18,10009.131000,19.241000,458.659491,457.231733,460.000000,770,1.340509,OpenLoop,FIFO,true,OpenLoop_FIFO,457.231733
7.840009,-1,18,9989.798000,9.039000,459.108717,457.513280,460.000000,770,0.891283,OpenLoop,FIFO,true,OpenLoop_FIFO,457.513280
7.850007,-1,18,9997.816000,6.855000,457.669579,457.536725,460.000000,770,2.330421,OpenLoop,FIFO,true,OpenLoop_FIFO,457.536725
7.860007,-1,18,10000.390000,7.245000,457.763672,457.570767,460.000000,770,2.236328,OpenLoop,FIFO,true,OpenLoop_FIFO,457.570767
7.870008,-1,18,10000.723000,7.968000,458.839076,457.761013,460.000000,770,1.160924,OpenLoop,FIFO,true,OpenLoop_FIFO,457.761013
7.880007,-1,18,9998.965000,6.933000,457.951974,457.789658,460.000000,770,2.048026,OpenLoop,FIFO,true,OpenLoop_FIFO,457.789658
7.890007,-1,18,10000.297000,7.230000,462.050271,458.428750,460.000000,770,-2.050271,OpenLoop,FIFO,true,OpenLoop_FIFO,458.428750
7.900006,-1,18,9998.890000,6.120000,458.883994,458.497036,460.000000,770,1.116006,OpenLoop,FIFO,true,OpenLoop_FIFO,458.497036
7.910009,-1,18,10002.965000,9.085000,458.140432,458.443546,460.000000,770,1.859568,OpenLoop,FIFO,true,OpenLoop_FIFO,458.443546
7.920008,-1,18,9998.593000,7.678000,456.648807,458.174335,460.000000,770,3.351193,OpenLoop,FIFO,true,OpenLoop_FIFO,458.174335
7.930007,-1,18,9999.576000,7.254000,452.783427,457.365699,460.000000,770,7.216573,OpenLoop,FIFO,true,OpenLoop_FIFO,457.365699
7.940007,-1,18,9999.520000,6.774000,456.262807,457.200265,460.000000,770,3.737193,OpenLoop,FIFO,true,OpenLoop_FIFO,457.200265
7.950009,-1,18,10002.297000,9.071000,455.760817,456.984348,460.000000,770,4.239183,OpenLoop,FIFO,true,OpenLoop_FIFO,456.984348
7.960007,-1,18,9998.224000,7.295000,459.558824,457.370519,460.000000,770,0.441176,OpenLoop,FIFO,true,OpenLoop_FIFO,457.370519
7.970007,-1,18,9999.723000,7.018000,460.355286,457.818234,460.000000,770,-0.355286,OpenLoop,FIFO,true,OpenLoop_FIFO,457.818234
7.980007,-1,18,9999.798000,6.816000,458.211144,457.877171,460.000000,770,1.788856,OpenLoop,FIFO,true,OpenLoop_FIFO,457.877171
7.990007,-1,18,10000.242000,7.058000,460.687961,458.298789,460.000000,770,-0.687961,OpenLoop,FIFO,true,OpenLoop_FIFO,458.298789
8.000007,-1,18,9999.575000,6.633000,458.140432,458.275035,460.000000,770,1.859568,OpenLoop,FIFO,true,OpenLoop_FIFO,458.275035
8.010008,-1,18,10001.538000,8.171000,460.461690,458.603034,460.000000,770,-0.461690,OpenLoop,FIFO,true,OpenLoop_FIFO,458.603034
8.020007,-1,18,9998.390000,6.561000,460.986025,458.960482,460.000000,770,-0.986025,OpenLoop,FIFO,true,OpenLoop_FIFO,458.960482
8.030009,-1,18,10002.909000,9.470000,460.687961,459.219604,460.000000,770,-0.687961,OpenLoop,FIFO,true,OpenLoop_FIFO,459.219604
8.040008,-1,18,9998.983000,8.453000,459.108717,459.202971,460.000000,770,0.891283,OpenLoop,FIFO,true,OpenLoop_FIFO,459.202971
8.050012,-1,18,10004.038000,12.491000,457.987298,459.020620,460.000000,770,2.012702,OpenLoop,FIFO,true,OpenLoop_FIFO,459.020620
8.060013,-1,18,10000.409000,12.900000,453.244275,458.154168,460.000000,770,6.755725,OpenLoop,FIFO,true,OpenLoop_FIFO,458.154168
8.070009,-1,18,9995.760000,8.660000,455.795803,457.800414,460.000000,770,4.204197,OpenLoop,FIFO,true,OpenLoop_FIFO,457.800414
8.080019,-1,18,10010.187000,18.847000,455.539359,457.461255,460.000000,770,4.460641,OpenLoop,FIFO,true,OpenLoop_FIFO,457.461255
8.090008,-1,18,9989.649000,8.496000,459.333660,457.742116,460.000000,770,0.666340,OpenLoop,FIFO,true,OpenLoop_FIFO,457.742116
8.100007,-1,18,9998.409000,6.905000,460.271318,458.121496,460.000000,770,-0.271318,OpenLoop,FIFO,true,OpenLoop_FIFO,458.121496
8.110011,-1,18,10004.279000,11.184000,457.718973,458.061118,460.000000,770,2.281027,OpenLoop,FIFO,true,OpenLoop_FIFO,458.061118
8.120008,-1,18,9996.872000,8.056000,460.280833,458.394075,460.000000,770,-0.280833,OpenLoop,FIFO,true,OpenLoop_FIFO,458.394075
8.130007,-1,18,9999.335000,7.391000,456.730769,458.144579,460.000000,770,3.269231,OpenLoop,FIFO,true,OpenLoop_FIFO,458.144579
8.140007,-1,18,9999.205000,6.596000,460.461690,458.492146,460.000000,770,-0.461690,OpenLoop,FIFO,true,OpenLoop_FIFO,458.492146
8.150007,-1,18,10000.186000,6.782000,461.224754,458.902037,460.000000,770,-1.224754,OpenLoop,FIFO,true,OpenLoop_FIFO,458.902037
8.160007,-1,18,9999.779000,6.561000,460.461690,459.135985,460.000000,770,-0.461690,OpenLoop,FIFO,true,OpenLoop_FIFO,459.135985
8.170010,-1,18,10003.465000,10.026000,459.108717,459.131895,460.000000,770,0.891283,OpenLoop,FIFO,true,OpenLoop_FIFO,459.131895
8.180019,-1,18,10008.834000,18.860000,457.199692,458.842064,460.000000,770,2.800308,OpenLoop,FIFO,true,OpenLoop_FIFO,458.842064
8.190018,-1,18,9998.650000,17.510000,453.555878,458.049136,460.000000,770,6.444122,OpenLoop,FIFO,true,OpenLoop_FIFO,458.049136
8.200007,-1,18,9989.613000,7.123000,455.097087,457.606329,460.000000,770,4.902913,OpenLoop,FIFO,true,OpenLoop_FIFO,457.606329
8.210009,-1,18,10001.482000,8.605000,455.760817,457.329502,460.000000,770,4.239183,OpenLoop,FIFO,true,OpenLoop_FIFO,457.329502
8.220008,-1,18,9999.020000,7.625000,459.796076,457.699488,460.000000,770,0.203924,OpenLoop,FIFO,true,OpenLoop_FIFO,457.699488
8.230010,-1,18,10002.316000,9.941000,459.558824,457.978389,460.000000,770,0.441176,OpenLoop,FIFO,true,OpenLoop_FIFO,457.978389
8.240007,-1,18,9997.131000,7.072000,457.540264,457.912670,460.000000,770,2.459736,OpenLoop,FIFO,true,OpenLoop_FIFO,457.912670
8.250007,-1,18,9999.965000,7.037000,459.796076,458.195181,460.000000,770,0.203924,OpenLoop,FIFO,true,OpenLoop_FIFO,458.195181
8.260007,-1,18,10000.223000,7.260000,457.317073,458.063465,460.000000,770,2.682927,OpenLoop,FIFO,true,OpenLoop_FIFO,458.063465
8.270007,-1,18,9999.761000,7.021000,460.461690,458.423198,460.000000,770,-0.461690,OpenLoop,FIFO,true,OpenLoop_FIFO,458.423198
8.280007,-1,18,9999.538000,6.559000,460.986025,458.807622,460.000000,770,-0.986025,OpenLoop,FIFO,true,OpenLoop_FIFO,458.807622
8.290007,-1,18,10000.150000,6.709000,459.558824,458.920303,460.000000,770,0.441176,OpenLoop,FIFO,true,OpenLoop_FIFO,458.920303
8.300015,-1,18,10008.409000,15.118000,460.009814,459.083729,460.000000,770,-0.009814,OpenLoop,FIFO,true,OpenLoop_FIFO,459.083729
8.310009,-1,18,9993.872000,8.990000,456.496668,458.695670,460.000000,770,3.503332,OpenLoop,FIFO,true,OpenLoop_FIFO,458.695670
8.320008,-1,18,9998.556000,7.546000,454.655674,458.089671,460.000000,770,5.344326,OpenLoop,FIFO,true,OpenLoop_FIFO,458.089671
8.330007,-1,18,9999.354000,6.900000,454.400510,457.536297,460.000000,770,5.599490,OpenLoop,FIFO,true,OpenLoop_FIFO,457.536297
8.340007,-1,18,9999.909000,6.809000,454.864658,457.135551,460.000000,770,5.135342,OpenLoop,FIFO,true,OpenLoop_FIFO,457.135551
8.350007,-1,18,9999.779000,6.588000,460.235641,457.600564,460.000000,770,-0.235641,OpenLoop,FIFO,true,OpenLoop_FIFO,457.600564
8.360007,-1,18,10000.112000,6.700000,459.108717,457.826787,460.000000,770,0.891283,OpenLoop,FIFO,true,OpenLoop_FIFO,457.826787
8.370007,-1,18,10000.168000,6.868000,457.669579,457.803206,460.000000,770,2.330421,OpenLoop,FIFO,true,OpenLoop_FIFO,457.803206
8.380006,-1,18,9999.520000,6.388000,459.108717,457.999033,460.000000,770,0.891283,OpenLoop,FIFO,true,OpenLoop_FIFO,457.999033
8.390008,-1,18,10001.779000,8.167000,457.669579,457.949614,460.000000,770,2.330421,OpenLoop,FIFO,true,OpenLoop_FIFO,457.949614
8.400007,-1,18,9998.779000,6.946000,459.558824,458.190996,460.000000,770,0.441176,OpenLoop,FIFO,true,OpenLoop_FIFO,458.190996
8.410010,-1,18,10003.113000,10.059000,461.822660,458.735745,460.000000,770,-1.822660,OpenLoop,FIFO,true,OpenLoop_FIFO,458.735745
8.420008,-1,18,9998.261000,8.320000,458.809135,458.746754,460.000000,770,1.190865,OpenLoop,FIFO,true,OpenLoop_FIFO,458.746754
8.430009,-1,18,10000.519000,8.839000,460.986025,459.082645,460.000000,770,-0.986025,OpenLoop,FIFO,true,OpenLoop_FIFO,459.082645
8.440021,-1,18,10011.872000,20.711000,456.871345,458.750950,460.000000,770,3.128655,OpenLoop,FIFO,true,OpenLoop_FIFO,458.750950
8.450010,-1,18,9988.983000,9.694000,455.318116,458.236025,460.000000,770,4.681884,OpenLoop,FIFO,true,OpenLoop_FIFO,458.236025
8.460008,-1,18,9998.279000,7.973000,454.632466,457.695491,460.000000,770,5.367534,OpenLoop,FIFO,true,OpenLoop_FIFO,457.695491
8.470007,-1,18,9999.446000,7.419000,453.706062,457.097076,460.000000,770,6.293938,OpenLoop,FIFO,true,OpenLoop_FIFO,457.097076
8.480007,-1,18,10000.038000,7.457000,460.461690,457.601768,460.000000,770,-0.461690,OpenLoop,FIFO,true,OpenLoop_FIFO,457.601768
8.490007,-1,18,9999.798000,7.255000,458.659491,457.760427,460.000000,770,1.340509,OpenLoop,FIFO,true,OpenLoop_FIFO,457.760427
8.500008,-1,18,10000.335000,7.590000,458.848532,457.923643,460.000000,770,1.151468,OpenLoop,FIFO,true,OpenLoop_FIFO,457.923643
8.510032,-1,18,10024.260000,31.850000,459.333660,458.135145,460.000000,770,0.666340,OpenLoop,FIFO,true,OpenLoop_FIFO,458.135145
8.520020,-1,18,9987.668000,19.518000,456.871345,457.945575,460.000000,770,3.128655,OpenLoop,FIFO,true,OpenLoop_FIFO,457.945575
8.530012,-1,18,9992.483000,12.001000,461.368110,458.458955,460.000000,770,-1.368110,OpenLoop,FIFO,true,OpenLoop_FIFO,458.458955
8.540017,-1,18,10005.316000,17.317000,460.461690,458.759366,460.000000,770,-0.461690,OpenLoop,FIFO,true,OpenLoop_FIFO,458.759366
8.550014,-1,18,9997.131000,14.448000,461.065574,459.105297,460.000000,770,-1.065574,OpenLoop,FIFO,true,OpenLoop_FIFO,459.105297
8.560009,-1,18,9994.558000,9.006000,459.558824,459.173326,460.000000,770,0.441176,OpenLoop,FIFO,true,OpenLoop_FIFO,459.173326
8.570008,-1,18,9998.890000,7.896000,457.718973,458.955173,460.000000,770,2.281027,OpenLoop,FIFO,true,OpenLoop_FIFO,458.955173
8.580008,-1,18,9999.835000,7.731000,455.376317,458.418344,460.000000,770,4.623683,OpenLoop,FIFO,true,OpenLoop_FIFO,458.418344
8.590007,-1,18,9999.482000,7.213000,453.995157,457.754866,460.000000,770,6.004843,OpenLoop,FIFO,true,OpenLoop_FIFO,457.754866
8.600007,-1,18,9999.613000,6.826000,453.706062,457.147546,460.000000,770,6.293938,OpenLoop,FIFO,true,OpenLoop_FIFO,457.147546
8.610009,-1,18,10001.872000,8.698000,459.333660,457.475463,460.000000,770,0.666340,OpenLoop,FIFO,true,OpenLoop_FIFO,457.475463
8.620007,-1,18,9998.075000,6.773000,459.321815,457.752416,460.000000,770,0.678185,OpenLoop,FIFO,true,OpenLoop_FIFO,457.752416
8.630007,-1,18,10000.557000,7.330000,457.987298,457.787648,460.000000,770,2.012702,OpenLoop,FIFO,true,OpenLoop_FIFO,457.787648
8.640017,-1,18,10009.223000,16.553000,459.784208,458.087132,460.000000,770,0.215792,OpenLoop,FIFO,true,OpenLoop_FIFO,458.087132
8.650018,-1,18,10001.539000,18.092000,456.786543,457.892044,460.000000,770,3.213457,OpenLoop,FIFO,true,OpenLoop_FIFO,457.892044
8.660017,-1,18,9999.149000,17.241000,461.822660,458.481636,460.000000,770,-1.822660,OpenLoop,FIFO,true,OpenLoop_FIFO,458.481636
8.670018,-1,18,10000.465000,17.706000,459.988318,458.707638,460.000000,770,0.011682,OpenLoop,FIFO,true,OpenLoop_FIFO,458.707638
8.680017,-1,18,9999.594000,17.300000,461.317660,459.099142,460.000000,770,-1.317660,OpenLoop,FIFO,true,OpenLoop_FIFO,459.099142
8.690017,-1,18,9999.612000,16.912000,459.773470,459.200291,460.000000,770,0.226530,OpenLoop,FIFO,true,OpenLoop_FIFO,459.200291
8.700016,-1,18,9999.576000,16.488000,457.669579,458.970684,460.000000,770,2.330421,OpenLoop,FIFO,true,OpenLoop_FIFO,458.970684
8.710017,-1,18,10000.279000,16.767000,456.871345,458.655783,460.000000,770,3.128655,OpenLoop,FIFO,true,OpenLoop_FIFO,458.655783
8.720017,-1,18,10000.483000,17.250000,452.607016,457.748468,460.000000,770,7.392984,OpenLoop,FIFO,true,OpenLoop_FIFO,457.748468
8.730017,-1,18,9999.464000,16.714000,454.928829,457.325522,460.000000,770,5.071171,OpenLoop,FIFO,true,OpenLoop_FIFO,457.325522
8.740021,-1,18,10004.538000,21.252000,457.813348,457.398696,460.000000,770,2.186652,OpenLoop,FIFO,true,OpenLoop_FIFO,457.398696
8.750017,-1,18,9995.280000,16.532000,459.558824,457.722715,460.000000,770,0.441176,OpenLoop,FIFO,true,OpenLoop_FIFO,457.722715
8.760020,-1,18,10003.279000,19.811000,459.508768,457.990623,460.000000,770,0.491232,OpenLoop,FIFO,true,OpenLoop_FIFO,457.990623
8.770016,-1,18,9996.594000,16.405000,458.317814,458.039702,460.000000,770,1.682186,OpenLoop,FIFO,true,OpenLoop_FIFO,458.039702
8.780022,-1,18,10005.686000,22.091000,457.317073,457.931307,460.000000,770,2.682927,OpenLoop,FIFO,true,OpenLoop_FIFO,457.931307
8.790039,-1,18,10016.705000,38.796000,459.773470,458.207632,460.000000,770,0.226530,OpenLoop,FIFO,true,OpenLoop_FIFO,458.207632
8.800021,-1,18,9982.428000,21.224000,460.271318,458.517185,460.000000,770,-0.271318,OpenLoop,FIFO,true,OpenLoop_FIFO,458.517185
8.810018,-1,18,9996.853000,18.077000,461.497890,458.964291,460.000000,770,-1.497890,OpenLoop,FIFO,true,OpenLoop_FIFO,458.964291
8.820018,-1,18,9999.835000,17.912000,460.562227,459.203981,460.000000,770,-0.562227,OpenLoop,FIFO,true,OpenLoop_FIFO,459.203981
8.830018,-1,18,9999.816000,17.728000,456.363004,458.777835,460.000000,770,3.636996,OpenLoop,FIFO,true,OpenLoop_FIFO,458.777835
8.840020,-1,18,10002.409000,20.137000,457.069339,458.521560,460.000000,770,2.930661,OpenLoop,FIFO,true,OpenLoop_FIFO,458.521560
8.850017,-1,18,9996.945000,17.082000,453.420083,457.756339,460.000000,770,6.579917,OpenLoop,FIFO,true,OpenLoop_FIFO,457.756339
8.860017,-1,18,9999.817000,16.899000,454.117330,457.210487,460.000000,770,5.882670,OpenLoop,FIFO,true,OpenLoop_FIFO,457.210487
8.870018,-1,18,10000.945000,17.844000,458.275140,457.370185,460.000000,770,1.724860,OpenLoop,FIFO,true,OpenLoop_FIFO,457.370185
8.880017,-1,18,9999.076000,16.920000,458.809135,457.586028,460.000000,770,1.190865,OpenLoop,FIFO,true,OpenLoop_FIFO,457.586028
8.890018,-1,18,10001.501000,18.421000,460.203366,457.978629,460.000000,770,-0.203366,OpenLoop,FIFO,true,OpenLoop_FIFO,457.978629
8.900020,-1,18,10001.298000,19.719000,458.310701,458.028439,460.000000,770,1.689299,OpenLoop,FIFO,true,OpenLoop_FIFO,458.028439
8.910019,-1,18,9999.483000,19.202000,457.848837,458.001499,460.000000,770,2.151163,OpenLoop,FIFO,true,OpenLoop_FIFO,458.001499
8.920018,-1,18,9998.649000,17.851000,460.813763,458.423339,460.000000,770,-0.813763,OpenLoop,FIFO,true,OpenLoop_FIFO,458.423339
8.930017,-1,18,9999.520000,17.371000,460.418616,458.722630,460.000000,770,-0.418616,OpenLoop,FIFO,true,OpenLoop_FIFO,458.722630
8.940021,-1,18,10003.390000,20.761000,460.747543,459.026367,460.000000,770,-0.747543,OpenLoop,FIFO,true,OpenLoop_FIFO,459.026367
8.950017,-1,18,9996.113000,16.874000,460.914454,459.309580,460.000000,770,-0.914454,OpenLoop,FIFO,true,OpenLoop_FIFO,459.309580
8.960020,-1,18,10003.001000,19.875000,456.496668,458.887643,460.000000,770,3.503332,OpenLoop,FIFO,true,OpenLoop_FIFO,458.887643
8.970017,-1,18,9997.483000,17.358000,457.540264,458.685536,460.000000,770,2.459736,OpenLoop,FIFO,true,OpenLoop_FIFO,458.685536
8.980020,-1,18,10002.150000,19.508000,452.655579,457.781043,460.000000,770,7.344421,OpenLoop,FIFO,true,OpenLoop_FIFO,457.781043
8.990028,-1,18,10008.057000,27.565000,454.676674,457.315388,460.000000,770,5.323326,OpenLoop,FIFO,true,OpenLoop_FIFO,457.315388
9.000021,-1,18,9993.297000,20.862000,458.061889,457.427363,460.000000,770,1.938111,OpenLoop,FIFO,true,OpenLoop_FIFO,457.427363
9.010019,-1,18,9998.298000,19.160000,458.488589,457.586547,460.000000,770,1.511411,OpenLoop,FIFO,true,OpenLoop_FIFO,457.586547
9.020018,-1,18,9999.113000,18.273000,460.562227,458.032899,460.000000,770,-0.562227,OpenLoop,FIFO,true,OpenLoop_FIFO,458.032899
9.030029,-1,18,10010.316000,28.589000,458.488589,458.101252,460.000000,770,1.511411,OpenLoop,FIFO,true,OpenLoop_FIFO,458.101252
9.040021,-1,18,9992.631000,21.220000,458.310701,458.132670,460.000000,770,1.689299,OpenLoop,FIFO,true,OpenLoop_FIFO,458.132670
9.050019,-1,18,9997.631000,18.851000,460.203366,458.443274,460.000000,770,-0.203366,OpenLoop,FIFO,true,OpenLoop_FIFO,458.443274
9.060029,-1,18,10009.760000,28.611000,459.321815,458.575055,460.000000,770,0.678185,OpenLoop,FIFO,true,OpenLoop_FIFO,458.575055
9.070018,-1,18,9988.909000,17.520000,462.734452,459.198965,460.000000,770,-2.734452,OpenLoop,FIFO,true,OpenLoop_FIFO,459.198965
9.080027,-1,18,10009.168000,26.688000,458.848532,459.146400,460.000000,770,1.151468,OpenLoop,FIFO,true,OpenLoop_FIFO,459.146400
9.090017,-1,18,9990.113000,16.801000,459.108717,459.140747,460.000000,770,0.891283,OpenLoop,FIFO,true,OpenLoop_FIFO,459.140747
9.100030,-1,18,10013.149000,29.950000,455.982490,458.667009,460.000000,770,4.017510,OpenLoop,FIFO,true,OpenLoop_FIFO,458.667009
9.110026,-1,18,9996.224000,26.174000,454.259134,458.005828,460.000000,770,5.740866,OpenLoop,FIFO,true,OpenLoop_FIFO,458.005828
9.120038,-1,18,10011.779000,37.953000,455.097087,457.569517,460.000000,770,4.902913,OpenLoop,FIFO,true,OpenLoop_FIFO,457.569517
9.130036,-1,18,9998.020000,35.973000,457.210869,457.515719,460.000000,770,2.789131,OpenLoop,FIFO,true,OpenLoop_FIFO,457.515719
9.140022,-1,18,9986.205000,22.178000,459.321815,457.786634,460.000000,770,0.678185,OpenLoop,FIFO,true,OpenLoop_FIFO,457.786634
9.150015,-1,18,9992.743000,14.921000,460.687961,458.221833,460.000000,770,-0.687961,OpenLoop,FIFO,true,OpenLoop_FIFO,458.221833
9.160019,-1,18,10003.594000,18.515000,458.140432,458.209623,460.000000,770,1.859568,OpenLoop,FIFO,true,OpenLoop_FIFO,458.209623
9.170018,-1,18,9999.742000,18.257000,458.211144,458.209851,460.000000,770,1.788856,OpenLoop,FIFO,true,OpenLoop_FIFO,458.209851
9.180036,-1,18,10017.872000,36.129000,459.558824,458.412197,460.000000,770,0.441176,OpenLoop,FIFO,true,OpenLoop_FIFO,458.412197
9.190035,-1,18,9999.075000,35.204000,458.612255,458.442206,460.000000,770,1.387745,OpenLoop,FIFO,true,OpenLoop_FIFO,458.442206
9.200021,-1,18,9985.576000,20.780000,462.582237,459.063210,460.000000,770,-2.582237,OpenLoop,FIFO,true,OpenLoop_FIFO,459.063210
9.210019,-1,18,9998.650000,19.430000,459.058760,459.062543,460.000000,770,0.941240,OpenLoop,FIFO,true,OpenLoop_FIFO,459.062543
9.220015,-1,18,9996.038000,15.468000,458.702237,459.008497,460.000000,770,1.297763,OpenLoop,FIFO,true,OpenLoop_FIFO,459.008497
9.230023,-1,18,10007.539000,23.007000,456.574675,458.643424,460.000000,770,3.425325,OpenLoop,FIFO,true,OpenLoop_FIFO,458.643424
9.240020,-1,18,9996.927000,19.934000,453.002761,457.797324,460.000000,770,6.997239,OpenLoop,FIFO,true,OpenLoop_FIFO,457.797324
9.250019,-1,18,9998.761000,18.695000,456.081081,457.539888,460.000000,770,3.918919,OpenLoop,FIFO,true,OpenLoop_FIFO,457.539888
9.260019,-1,18,10000.261000,18.956000,455.760817,457.273027,460.000000,770,4.239183,OpenLoop,FIFO,true,OpenLoop_FIFO,457.273027
9.270018,-1,18,9998.927000,17.883000,459.085052,457.544831,460.000000,770,0.914948,OpenLoop,FIFO,true,OpenLoop_FIFO,457.544831
9.280019,-1,18,10001.057000,18.940000,459.988318,457.911354,460.000000,770,0.011682,OpenLoop,FIFO,true,OpenLoop_FIFO,457.911354
9.290023,-1,18,10004.502000,23.442000,457.813348,457.896653,460.000000,770,2.186652,OpenLoop,FIFO,true,OpenLoop_FIFO,457.896653
9.300019,-1,18,9995.446000,18.888000,458.488589,457.985443,460.000000,770,1.511411,OpenLoop,FIFO,true,OpenLoop_FIFO,457.985443
9.310017,-1,18,9997.797000,16.685000,459.308655,458.183925,460.000000,770,0.691345,OpenLoop,FIFO,true,OpenLoop_FIFO,458.183925
9.320018,-1,18,10001.057000,17.742000,459.773470,458.422357,460.000000,770,0.226530,OpenLoop,FIFO,true,OpenLoop_FIFO,458.422357
9.330017,-1,18,9999.409000,17.151000,461.942427,458.950367,460.000000,770,-1.942427,OpenLoop,FIFO,true,OpenLoop_FIFO,458.950367
9.340019,-1,18,10001.428000,18.579000,459.784208,459.075444,460.000000,770,0.215792,OpenLoop,FIFO,true,OpenLoop_FIFO,459.075444
9.350018,-1,18,9999.557000,18.136000,458.702237,459.019463,460.000000,770,1.297763,OpenLoop,FIFO,true,OpenLoop_FIFO,459.019463
9.360018,-1,18,10000.057000,18.193000,457.565076,458.801305,460.000000,770,2.434924,OpenLoop,FIFO,true,OpenLoop_FIFO,458.801305
9.370018,-1,18,9999.501000,17.694000,453.117448,457.948726,460.000000,770,6.882552,OpenLoop,FIFO,true,OpenLoop_FIFO,457.948726
9.380017,-1,18,9999.650000,17.344000,456.262807,457.695838,460.000000,770,3.737193,OpenLoop,FIFO,true,OpenLoop_FIFO,457.695838
9.390017,-1,18,9999.501000,16.845000,456.204380,457.472119,460.000000,770,3.795620,OpenLoop,FIFO,true,OpenLoop_FIFO,457.472119
9.400017,-1,18,10000.317000,17.162000,460.033574,457.856338,460.000000,770,-0.033574,OpenLoop,FIFO,true,OpenLoop_FIFO,457.856338
9.410023,-1,18,10006.094000,23.256000,460.235641,458.213233,460.000000,770,-0.235641,OpenLoop,FIFO,true,OpenLoop_FIFO,458.213233
9.420021,-1,18,9998.223000,21.479000,457.904884,458.166981,460.000000,770,2.095116,OpenLoop,FIFO,true,OpenLoop_FIFO,458.166981
9.430018,-1,18,9996.113000,17.592000,460.009814,458.443406,460.000000,770,-0.009814,OpenLoop,FIFO,true,OpenLoop_FIFO,458.443406
9.440031,-1,18,10013.538000,31.130000,457.669579,458.327332,460.000000,770,2.330421,OpenLoop,FIFO,true,OpenLoop_FIFO,458.327332
9.450022,-1,18,9990.761000,21.891000,458.916084,458.415644,460.000000,770,1.083916,OpenLoop,FIFO,true,OpenLoop_FIFO,458.415644
9.460018,-1,18,9995.872000,17.763000,462.182148,458.980620,460.000000,770,-2.182148,OpenLoop,FIFO,true,OpenLoop_FIFO,458.980620
9.470019,-1,18,10000.835000,18.598000,460.461690,459.202781,460.000000,770,-0.461690,OpenLoop,FIFO,true,OpenLoop_FIFO,459.202781
9.480017,-1,18,9998.594000,17.192000,458.612255,459.114202,460.000000,770,1.387745,OpenLoop,FIFO,true,OpenLoop_FIFO,459.114202
9.490017,-1,18,9999.372000,16.564000,457.094100,458.811187,460.000000,770,2.905900,OpenLoop,FIFO,true,OpenLoop_FIFO,458.811187
9.500017,-1,18,10000.335000,16.899000,453.873050,458.070466,460.000000,770,6.126950,OpenLoop,FIFO,true,OpenLoop_FIFO,458.070466
9.510017,-1,18,9999.798000,16.697000,454.466759,457.529910,460.000000,770,5.533241,OpenLoop,FIFO,true,OpenLoop_FIFO,457.529910
9.520018,-1,18,10001.038000,17.735000,456.327745,457.349585,460.000000,770,3.672255,OpenLoop,FIFO,true,OpenLoop_FIFO,457.349585
9.530017,-1,18,9999.354000,17.089000,459.558824,457.680971,460.000000,770,0.441176,OpenLoop,FIFO,true,OpenLoop_FIFO,457.680971
9.540019,-1,18,10001.594000,18.683000,460.509307,458.105221,460.000000,770,-0.509307,OpenLoop,FIFO,true,OpenLoop_FIFO,458.105221
9.550017,-1,18,9998.057000,16.740000,457.094100,457.953553,460.000000,770,2.905900,OpenLoop,FIFO,true,OpenLoop_FIFO,457.953553
9.560020,-1,18,10003.223000,19.963000,459.809264,458.231910,460.000000,770,0.190736,OpenLoop,FIFO,true,OpenLoop_FIFO,458.231910
9.570017,-1,18,9996.743000,16.706000,458.232474,458.231994,460.000000,770,1.767526,OpenLoop,FIFO,true,OpenLoop_FIFO,458.231994
9.580020,-1,18,10003.112000,19.818000,459.843556,458.473729,460.000000,770,0.156444,OpenLoop,FIFO,true,OpenLoop_FIFO,458.473729
9.590017,-1,18,9996.780000,16.598000,461.595273,458.941960,460.000000,770,-1.595273,OpenLoop,FIFO,true,OpenLoop_FIFO,458.941960
9.600020,-1,18,10003.297000,19.895000,460.271318,459.141364,460.000000,770,-0.271318,OpenLoop,FIFO,true,OpenLoop_FIFO,459.141364
9.610019,-1,18,9999.372000,19.267000,460.009814,459.271631,460.000000,770,-0.009814,OpenLoop,FIFO,true,OpenLoop_FIFO,459.271631
9.620020,-1,18,10000.687000,19.954000,456.730769,458.890502,460.000000,770,3.269231,OpenLoop,FIFO,true,OpenLoop_FIFO,458.890502
9.630016,-1,18,9995.816000,15.770000,454.435288,458.222220,460.000000,770,5.564712,OpenLoop,FIFO,true,OpenLoop_FIFO,458.222220
9.640020,-1,18,10004.631000,20.401000,453.937309,457.579483,460.000000,770,6.062691,OpenLoop,FIFO,true,OpenLoop_FIFO,457.579483
9.650017,-1,18,9996.909000,17.310000,455.982490,457.339934,460.000000,770,4.017510,OpenLoop,FIFO,true,OpenLoop_FIFO,457.339934
9.660018,-1,18,10000.872000,18.182000,460.310966,457.785589,460.000000,770,-0.310966,OpenLoop,FIFO,true,OpenLoop_FIFO,457.785589
9.670027,-1,18,10008.724000,26.906000,458.916084,457.955163,460.000000,770,1.083916,OpenLoop,FIFO,true,OpenLoop_FIFO,457.955163
9.680021,-1,18,9994.075000,20.981000,458.061889,457.971172,460.000000,770,1.938111,OpenLoop,FIFO,true,OpenLoop_FIFO,457.971172
9.690018,-1,18,9997.280000,18.261000,459.558824,458.209320,460.000000,770,0.441176,OpenLoop,FIFO,true,OpenLoop_FIFO,458.209320
9.700018,-1,18,9999.353000,17.614000,457.669579,458.128359,460.000000,770,2.330421,OpenLoop,FIFO,true,OpenLoop_FIFO,458.128359
9.710017,-1,18,9999.483000,17.097000,459.558824,458.342928,460.000000,770,0.441176,OpenLoop,FIFO,true,OpenLoop_FIFO,458.342928
9.720018,-1,18,10000.520000,17.617000,461.463731,458.811049,460.000000,770,-1.463731,OpenLoop,FIFO,true,OpenLoop_FIFO,458.811049
9.730022,-1,18,10004.853000,22.470000,459.130131,458.858911,460.000000,770,0.869869,OpenLoop,FIFO,true,OpenLoop_FIFO,458.858911
9.740032,-1,18,10009.872000,32.342000,461.702955,459.285518,460.000000,770,-1.702955,OpenLoop,FIFO,true,OpenLoop_FIFO,459.285518
9.750018,-1,18,9986.113000,18.455000,455.318116,458.690407,460.000000,770,4.681884,OpenLoop,FIFO,true,OpenLoop_FIFO,458.690407
9.760021,-1,18,10002.334000,20.789000,455.097087,458.151409,460.000000,770,4.902913,OpenLoop,FIFO,true,OpenLoop_FIFO,458.151409
9.770017,-1,18,9995.928000,16.717000,454.257037,457.567254,460.000000,770,5.742963,OpenLoop,FIFO,true,OpenLoop_FIFO,457.567254
9.780028,-1,18,10011.557000,28.274000,454.361874,457.086447,460.000000,770,5.638126,OpenLoop,FIFO,true,OpenLoop_FIFO,457.086447
9.790017,-1,18,9989.131000,17.405000,460.634066,457.618590,460.000000,770,-0.634066,OpenLoop,FIFO,true,OpenLoop_FIFO,457.618590
9.800024,-1,18,10006.409000,23.814000,458.310701,457.722406,460.000000,770,1.689299,OpenLoop,FIFO,true,OpenLoop_FIFO,457.722406
9.810018,-1,18,9993.705000,17.519000,458.916084,457.901458,460.000000,770,1.083916,OpenLoop,FIFO,true,OpenLoop_FIFO,457.901458
9.820019,-1,18,10001.798000,19.317000,459.308655,458.112538,460.000000,770,0.691345,OpenLoop,FIFO,true,OpenLoop_FIFO,458.112538
9.830017,-1,18,9997.946000,17.263000,457.423327,458.009156,460.000000,770,2.576673,OpenLoop,FIFO,true,OpenLoop_FIFO,458.009156
9.840024,-1,18,10006.316000,23.579000,460.461690,458.377036,460.000000,770,-0.461690,OpenLoop,FIFO,true,OpenLoop_FIFO,458.377036
9.850016,-1,18,9992.724000,16.303000,460.986025,458.768384,460.000000,770,-0.986025,OpenLoop,FIFO,true,OpenLoop_FIFO,458.768384
9.860017,-1,18,10000.742000,17.045000,458.916084,458.790539,460.000000,770,1.083916,OpenLoop,FIFO,true,OpenLoop_FIFO,458.790539
9.870018,-1,18,10000.891000,17.936000,461.065574,459.131794,460.000000,770,-1.065574,OpenLoop,FIFO,true,OpenLoop_FIFO,459.131794
9.880017,-1,18,9998.927000,16.863000,456.998607,458.811816,460.000000,770,3.001393,OpenLoop,FIFO,true,OpenLoop_FIFO,458.811816
9.890036,-1,18,10019.112000,35.975000,455.097087,458.254607,460.000000,770,4.902913,OpenLoop,FIFO,true,OpenLoop_FIFO,458.254607
9.900031,-1,18,9994.909000,30.884000,454.400510,457.676492,460.000000,770,5.599490,OpenLoop,FIFO,true,OpenLoop_FIFO,457.676492
9.910032,-1,18,10001.131000,32.015000,452.898551,456.959801,460.000000,770,7.101449,OpenLoop,FIFO,true,OpenLoop_FIFO,456.959801
9.920022,-1,18,9990.372000,22.387000,460.509307,457.492227,460.000000,770,-0.509307,OpenLoop,FIFO,true,OpenLoop_FIFO,457.492227
9.930018,-1,18,9996.095000,18.482000,458.659491,457.667317,460.000000,770,1.340509,OpenLoop,FIFO,true,OpenLoop_FIFO,457.667317
9.940021,-1,18,10002.427000,20.909000,458.376222,457.773653,460.000000,770,1.623778,OpenLoop,FIFO,true,OpenLoop_FIFO,457.773653
9.950017,-1,18,9996.390000,17.299000,458.702237,457.912940,460.000000,770,1.297763,OpenLoop,FIFO,true,OpenLoop_FIFO,457.912940
9.960023,-1,18,10005.354000,22.653000,455.834684,457.601202,460.000000,770,4.165316,OpenLoop,FIFO,true,OpenLoop_FIFO,457.601202
9.970018,-1,18,9995.094000,17.747000,460.849719,458.088479,460.000000,770,-0.849719,OpenLoop,FIFO,true,OpenLoop_FIFO,458.088479
9.980035,-1,18,10017.686000,35.433000,459.058760,458.234021,460.000000,770,0.941240,OpenLoop,FIFO,true,OpenLoop_FIFO,458.234021
9.990017,-1,18,9981.650000,17.083000,461.281631,458.691163,460.000000,770,-1.281631,OpenLoop,FIFO,true,OpenLoop_FIFO,458.691163
10.000019,-1,18,10002.353000,19.436000,460.235641,458.922834,460.000000,770,-0.235641,OpenLoop,FIFO,true,OpenLoop_FIFO,458.922834
10.010019,-1,18,9999.946000,19.382000,456.730769,458.594025,460.000000,770,3.269231,OpenLoop,FIFO,true,OpenLoop_FIFO,458.594025
10.020018,-1,18,9998.669000,18.051000,455.318116,458.102638,460.000000,770,4.681884,OpenLoop,FIFO,true,OpenLoop_FIFO,458.102638
10.030017,-1,18,9998.927000,16.978000,454.400510,457.547319,460.000000,770,5.599490,OpenLoop,FIFO,true,OpenLoop_FIFO,457.547319
10.040017,-1,18,10000.446000,17.424000,453.995157,457.014495,460.000000,770,6.004843,OpenLoop,FIFO,true,OpenLoop_FIFO,457.014495
10.050017,-1,18,9999.279000,16.703000,458.559783,457.246288,460.000000,770,1.440217,OpenLoop,FIFO,true,OpenLoop_FIFO,457.246288
10.060026,-1,18,10009.113000,25.816000,459.988318,457.657592,460.000000,770,0.011682,OpenLoop,FIFO,true,OpenLoop_FIFO,457.657592
10.070018,-1,18,9992.112000,17.928000,458.376222,457.765387,460.000000,770,1.623778,OpenLoop,FIFO,true,OpenLoop_FIFO,457.765387
10.080018,-1,18,10000.280000,18.208000,459.108717,457.966886,460.000000,770,0.891283,OpenLoop,FIFO,true,OpenLoop_FIFO,457.966886
10.090017,-1,18,9998.723000,16.931000,456.730769,457.781469,460.000000,770,3.269231,OpenLoop,FIFO,true,OpenLoop_FIFO,457.781469
10.100017,-1,18,9999.835000,16.766000,461.368110,458.319465,460.000000,770,-1.368110,OpenLoop,FIFO,true,OpenLoop_FIFO,458.319465
10.110020,-1,18,10003.076000,19.842000,459.321815,458.469818,460.000000,770,0.678185,OpenLoop,FIFO,true,OpenLoop_FIFO,458.469818
10.120018,-1,18,9997.890000,17.732000,461.065574,458.859181,460.000000,770,-1.065574,OpenLoop,FIFO,true,OpenLoop_FIFO,458.859181
10.130018,-1,18,9999.891000,17.623000,460.562227,459.114638,460.000000,770,-0.562227,OpenLoop,FIFO,true,OpenLoop_FIFO,459.114638
10.140018,-1,18,10000.168000,17.791000,457.210869,458.829073,460.000000,770,2.789131,OpenLoop,FIFO,true,OpenLoop_FIFO,458.829073
10.150029,-1,18,10011.576000,29.367000,456.262807,458.444133,460.000000,770,3.737193,OpenLoop,FIFO,true,OpenLoop_FIFO,458.444133
10.160021,-1,18,9991.798000,21.165000,452.412869,457.539443,460.000000,770,7.587131,OpenLoop,FIFO,true,OpenLoop_FIFO,457.539443
10.170022,-1,18,10000.668000,21.833000,455.318116,457.206244,460.000000,770,4.681884,OpenLoop,FIFO,true,OpenLoop_FIFO,457.206244
10.180038,-1,18,10016.575000,38.408000,457.904884,457.311040,460.000000,770,2.095116,OpenLoop,FIFO,true,OpenLoop_FIFO,457.311040
10.190022,-1,18,9984.021000,22.429000,459.130131,457.583904,460.000000,770,0.869869,OpenLoop,FIFO,true,OpenLoop_FIFO,457.583904
10.200039,-1,18,10016.723000,39.152000,459.796076,457.915730,460.000000,770,0.203924,OpenLoop,FIFO,true,OpenLoop_FIFO,457.915730
10.210026,-1,18,9986.410000,25.562000,458.211144,457.960042,460.000000,770,1.788856,OpenLoop,FIFO,true,OpenLoop_FIFO,457.960042
10.220023,-1,18,9997.372000,22.934000,457.904884,457.951768,460.000000,770,2.095116,OpenLoop,FIFO,true,OpenLoop_FIFO,457.951768
10.230022,-1,18,9999.316000,22.250000,460.418616,458.321795,460.000000,770,-0.418616,OpenLoop,FIFO,true,OpenLoop_FIFO,458.321795
10.240023,-1,18,10000.502000,22.752000,459.809264,458.544916,460.000000,770,0.190736,OpenLoop,FIFO,true,OpenLoop_FIFO,458.544916
10.250022,-1,18,9999.205000,21.957000,461.714353,459.020331,460.000000,770,-1.714353,OpenLoop,FIFO,true,OpenLoop_FIFO,459.020331
10.260022,-1,18,10000.409000,22.366000,460.747543,459.279413,460.000000,770,-0.747543,OpenLoop,FIFO,true,OpenLoop_FIFO,459.279413
10.270020,-1,18,9997.613000,19.979000,456.648807,458.884822,460.000000,770,3.351193,OpenLoop,FIFO,true,OpenLoop_FIFO,458.884822
10.280020,-1,18,10000.094000,20.073000,458.140432,458.773163,460.000000,770,1.859568,OpenLoop,FIFO,true,OpenLoop_FIFO,458.773163
10.290019,-1,18,9999.335000,19.408000,453.775411,458.023501,460.000000,770,6.224589,OpenLoop,FIFO,true,OpenLoop_FIFO,458.023501
10.300020,-1,18,10000.520000,19.928000,455.588553,457.658258,460.000000,770,4.411447,OpenLoop,FIFO,true,OpenLoop_FIFO,457.658258
10.310022,-1,18,10002.335000,22.263000,458.488589,457.782808,460.000000,770,1.511411,OpenLoop,FIFO,true,OpenLoop_FIFO,457.782808
10.320021,-1,18,9998.576000,20.839000,458.140432,457.836452,460.000000,770,1.859568,OpenLoop,FIFO,true,OpenLoop_FIFO,457.836452
10.330021,-1,18,9999.705000,20.544000,461.141171,458.332159,460.000000,770,-1.141171,OpenLoop,FIFO,true,OpenLoop_FIFO,458.332159
10.340021,-1,18,10000.520000,21.064000,457.669579,458.232772,460.000000,770,2.330421,OpenLoop,FIFO,true,OpenLoop_FIFO,458.232772
10.350021,-1,18,9999.705000,20.769000,458.883994,458.330456,460.000000,770,1.116006,OpenLoop,FIFO,true,OpenLoop_FIFO,458.330456
10.360023,-1,18,10002.317000,23.086000,459.085052,458.443645,460.000000,770,0.914948,OpenLoop,FIFO,true,OpenLoop_FIFO,458.443645
10.370021,-1,18,9998.131000,21.217000,460.203366,458.707603,460.000000,770,-0.203366,OpenLoop,FIFO,true,OpenLoop_FIFO,458.707603
10.380021,-1,18,10000.094000,21.311000,461.570022,459.136966,460.000000,770,-1.570022,OpenLoop,FIFO,true,OpenLoop_FIFO,459.136966
10.390020,-1,18,9998.780000,20.091000,459.988318,459.264669,460.000000,770,0.011682,OpenLoop,FIFO,true,OpenLoop_FIFO,459.264669
10.400020,-1,18,10000.223000,20.314000,457.069339,458.935369,460.000000,770,2.930661,OpenLoop,FIFO,true,OpenLoop_FIFO,458.935369
10.410022,-1,18,10002.094000,22.408000,456.363004,458.549515,460.000000,770,3.636996,OpenLoop,FIFO,true,OpenLoop_FIFO,458.549515
10.420023,-1,18,10000.280000,22.688000,452.898551,457.701870,460.000000,770,7.101449,OpenLoop,FIFO,true,OpenLoop_FIFO,457.701870
10.430031,-1,18,10008.649000,31.337000,454.632466,457.241459,460.000000,770,5.367534,OpenLoop,FIFO,true,OpenLoop_FIFO,457.241459
10.440024,-1,18,9992.928000,24.265000,457.848837,457.332566,460.000000,770,2.151163,OpenLoop,FIFO,true,OpenLoop_FIFO,457.332566
10.450047,-1,18,10022.705000,46.970000,458.310701,457.479286,460.000000,770,1.689299,OpenLoop,FIFO,true,OpenLoop_FIFO,457.479286
10.460033,-1,18,9986.317000,33.287000,460.203366,457.887898,460.000000,770,-0.203366,OpenLoop,FIFO,true,OpenLoop_FIFO,457.887898
10.470023,-1,18,9989.261000,22.548000,457.669579,457.855150,460.000000,770,2.330421,OpenLoop,FIFO,true,OpenLoop_FIFO,457.855150
10.480024,-1,18,10001.149000,23.697000,458.809135,457.998248,460.000000,770,1.190865,OpenLoop,FIFO,true,OpenLoop_FIFO,457.998248
10.490020,-1,18,9996.298000,19.995000,460.203366,458.329016,460.000000,770,-0.203366,OpenLoop,FIFO,true,OpenLoop_FIFO,458.329016
10.500021,-1,18,10000.984000,20.979000,459.085052,458.442421,460.000000,770,0.914948,OpenLoop,FIFO,true,OpenLoop_FIFO,458.442421
10.510028,-1,18,10006.649000,27.628000,463.017404,459.128668,460.000000,770,-3.017404,OpenLoop,FIFO,true,OpenLoop_FIFO,459.128668
10.520031,-1,18,10003.465000,31.093000,459.321815,459.157641,460.000000,770,0.678185,OpenLoop,FIFO,true,OpenLoop_FIFO,459.157641
10.530023,-1,18,9992.390000,23.483000,458.275140,459.025265,460.000000,770,1.724860,OpenLoop,FIFO,true,OpenLoop_FIFO,459.025265
10.540023,-1,18,9999.909000,23.392000,457.813348,458.843478,460.000000,770,2.186652,OpenLoop,FIFO,true,OpenLoop_FIFO,458.843478
10.550024,-1,18,10000.817000,24.209000,453.775411,458.083268,460.000000,770,6.224589,OpenLoop,FIFO,true,OpenLoop_FIFO,458.083268
10.560023,-1,18,9998.687000,22.896000,455.562660,457.705177,460.000000,770,4.437340,OpenLoop,FIFO,true,OpenLoop_FIFO,457.705177
10.570031,-1,18,10007.871000,30.767000,457.210869,457.631030,460.000000,770,2.789131,OpenLoop,FIFO,true,OpenLoop_FIFO,457.631030
10.580026,-1,18,9995.372000,26.139000,459.809264,457.957765,460.000000,770,0.190736,OpenLoop,FIFO,true,OpenLoop_FIFO,457.957765
10.590031,-1,18,10005.057000,31.196000,460.509307,458.340497,460.000000,770,-0.509307,OpenLoop,FIFO,true,OpenLoop_FIFO,458.340497
10.600023,-1,18,9991.706000,22.902000,458.702237,458.394758,460.000000,770,1.297763,OpenLoop,FIFO,true,OpenLoop_FIFO,458.394758
10.610022,-1,18,9998.927000,21.829000,459.308655,458.531842,460.000000,770,0.691345,OpenLoop,FIFO,true,OpenLoop_FIFO,458.531842
10.620020,-1,18,9997.687000,19.516000,459.773470,458.718087,460.000000,770,0.226530,OpenLoop,FIFO,true,OpenLoop_FIFO,458.718087
10.630020,-1,18,10000.206000,19.722000,458.140432,458.631438,460.000000,770,1.859568,OpenLoop,FIFO,true,OpenLoop_FIFO,458.631438
10.640021,-1,18,10001.186000,20.908000,462.734452,459.246890,460.000000,770,-2.734452,OpenLoop,FIFO,true,OpenLoop_FIFO,459.246890
10.650019,-1,18,9998.113000,19.021000,460.033574,459.364893,460.000000,770,-0.033574,OpenLoop,FIFO,true,OpenLoop_FIFO,459.364893
10.660018,-1,18,9999.354000,18.375000,458.211144,459.191831,460.000000,770,1.788856,OpenLoop,FIFO,true,OpenLoop_FIFO,459.191831
10.670018,-1,18,9999.649000,18.024000,456.730769,458.822671,460.000000,770,3.269231,OpenLoop,FIFO,true,OpenLoop_FIFO,458.822671
10.680019,-1,18,10000.835000,18.859000,452.898551,457.934053,460.000000,770,7.101449,OpenLoop,FIFO,true,OpenLoop_FIFO,457.934053
10.690018,-1,18,9999.465000,18.324000,456.081081,457.656107,460.000000,770,3.918919,OpenLoop,FIFO,true,OpenLoop_FIFO,457.656107
10.700018,-1,18,9999.964000,18.288000,456.363004,457.462142,460.000000,770,3.636996,OpenLoop,FIFO,true,OpenLoop_FIFO,457.462142
10.710017,-1,18,9998.706000,16.994000,460.009814,457.844293,460.000000,770,-0.009814,OpenLoop,FIFO,true,OpenLoop_FIFO,457.844293
10.720019,-1,18,10001.909000,18.903000,459.558824,458.101472,460.000000,770,0.441176,OpenLoop,FIFO,true,OpenLoop_FIFO,458.101472
10.730024,-1,18,10004.816000,23.719000,459.108717,458.252559,460.000000,770,0.891283,OpenLoop,FIFO,true,OpenLoop_FIFO,458.252559
10.740027,-1,18,10003.428000,27.147000,459.558824,458.448499,460.000000,770,0.441176,OpenLoop,FIFO,true,OpenLoop_FIFO,458.448499
10.750031,-1,18,10003.464000,30.611000,458.612255,458.473062,460.000000,770,1.387745,OpenLoop,FIFO,true,OpenLoop_FIFO,458.473062
10.760036,-1,18,10005.298000,35.909000,459.773470,458.668123,460.000000,770,0.226530,OpenLoop,FIFO,true,OpenLoop_FIFO,458.668123
10.770026,-1,18,9990.520000,26.429000,462.182148,459.195227,460.000000,770,-2.182148,OpenLoop,FIFO,true,OpenLoop_FIFO,459.195227
10.780024,-1,18,9997.409000,23.838000,460.235641,459.351289,460.000000,770,-0.235641,OpenLoop,FIFO,true,OpenLoop_FIFO,459.351289
10.790021,-1,18,9997.243000,21.081000,459.085052,459.311354,460.000000,770,0.914948,OpenLoop,FIFO,true,OpenLoop_FIFO,459.311354
10.800031,-1,18,10010.001000,31.082000,457.635983,459.060048,460.000000,770,2.364017,OpenLoop,FIFO,true,OpenLoop_FIFO,459.060048
10.810026,-1,18,9995.372000,26.454000,452.898551,458.135823,460.000000,770,7.101449,OpenLoop,FIFO,true,OpenLoop_FIFO,458.135823
10.820025,-1,18,9998.779000,25.233000,456.363004,457.869901,460.000000,770,3.636996,OpenLoop,FIFO,true,OpenLoop_FIFO,457.869901
10.830021,-1,18,9996.187000,21.420000,455.834684,457.564618,460.000000,770,4.165316,OpenLoop,FIFO,true,OpenLoop_FIFO,457.564618
10.840024,-1,18,10002.317000,23.737000,460.747543,458.042057,460.000000,770,-0.747543,OpenLoop,FIFO,true,OpenLoop_FIFO,458.042057
10.850022,-1,18,9998.409000,22.146000,459.773470,458.301769,460.000000,770,0.226530,OpenLoop,FIFO,true,OpenLoop_FIFO,458.301769
10.860023,-1,18,10000.964000,23.110000,458.061889,458.265787,460.000000,770,1.938111,OpenLoop,FIFO,true,OpenLoop_FIFO,458.265787
10.870023,-1,18,9999.780000,22.890000,460.203366,458.556424,460.000000,770,-0.203366,OpenLoop,FIFO,true,OpenLoop_FIFO,458.556424
10.880024,-1,18,10001.242000,24.132000,457.813348,458.444962,460.000000,770,2.186652,OpenLoop,FIFO,true,OpenLoop_FIFO,458.444962
10.890021,-1,18,9997.094000,21.226000,460.849719,458.805676,460.000000,770,-0.849719,OpenLoop,FIFO,true,OpenLoop_FIFO,458.805676
10.900025,-1,18,10003.428000,24.654000,460.986025,459.132728,460.000000,770,-0.986025,OpenLoop,FIFO,true,OpenLoop_FIFO,459.132728
10.910021,-1,18,9996.687000,21.341000,460.461690,459.332072,460.000000,770,-0.461690,OpenLoop,FIFO,true,OpenLoop_FIFO,459.332072
10.920024,-1,18,10002.372000,23.713000,459.796076,459.401673,460.000000,770,0.203924,OpenLoop,FIFO,true,OpenLoop_FIFO,459.401673
10.930018,-1,18,9994.723000,18.436000,457.317073,459.088983,460.000000,770,2.682927,OpenLoop,FIFO,true,OpenLoop_FIFO,459.088983
10.940035,-1,18,10016.298000,34.734000,453.937309,458.316232,460.000000,770,6.062691,OpenLoop,FIFO,true,OpenLoop_FIFO,458.316232
10.950029,-1,18,9994.428000,29.162000,455.539359,457.899701,460.000000,770,4.460641,OpenLoop,FIFO,true,OpenLoop_FIFO,457.899701
10.960025,-1,18,9995.964000,25.126000,455.588553,457.553029,460.000000,770,4.411447,OpenLoop,FIFO,true,OpenLoop_FIFO,457.553029
10.970023,-1,18,9998.076000,23.202000,460.203366,457.950579,460.000000,770,-0.203366,OpenLoop,FIFO,true,OpenLoop_FIFO,457.950579
10.980024,-1,18,10000.557000,23.759000,459.773470,458.224013,460.000000,770,0.226530,OpenLoop,FIFO,true,OpenLoop_FIFO,458.224013
10.990019,-1,18,9995.002000,18.761000,457.565076,458.125172,460.000000,770,2.434924,OpenLoop,FIFO,true,OpenLoop_FIFO,458.125172
11.000023,-1,18,10004.446000,23.207000,460.203366,458.436901,460.000000,770,-0.203366,OpenLoop,FIFO,true,OpenLoop_FIFO,458.436901
11.010018,-1,18,9995.150000,18.357000,457.565076,458.306128,460.000000,770,2.434924,OpenLoop,FIFO,true,OpenLoop_FIFO,458.306128
11.020035,-1,18,10016.408000,34.765000,460.033574,458.565245,460.000000,770,-0.033574,OpenLoop,FIFO,true,OpenLoop_FIFO,458.565245
11.030035,-1,18,10000.539000,35.304000,460.849719,458.907916,460.000000,770,-0.849719,OpenLoop,FIFO,true,OpenLoop_FIFO,458.907916
11.040045,-1,18,10009.927000,45.231000,459.085052,458.934486,460.000000,770,0.914948,OpenLoop,FIFO,true,OpenLoop_FIFO,458.934486
11.050029,-1,18,9984.095000,29.326000,461.702955,459.349756,460.000000,770,-1.702955,OpenLoop,FIFO,true,OpenLoop_FIFO,459.349756
11.060029,-1,18,9999.372000,28.698000,456.574675,458.933494,460.000000,770,3.425325,OpenLoop,FIFO,true,OpenLoop_FIFO,458.933494
11.070019,-1,18,9990.039000,18.737000,454.632466,458.288340,460.000000,770,5.367534,OpenLoop,FIFO,true,OpenLoop_FIFO,458.288340
11.080018,-1,18,9999.668000,18.405000,454.215116,457.677356,460.000000,770,5.784884,OpenLoop,FIFO,true,OpenLoop_FIFO,457.677356
11.090018,-1,18,9999.242000,17.647000,454.606681,457.216755,460.000000,770,5.393319,OpenLoop,FIFO,true,OpenLoop_FIFO,457.216755
11.100019,-1,18,10000.909000,18.556000,460.203366,457.664747,460.000000,770,-0.203366,OpenLoop,FIFO,true,OpenLoop_FIFO,457.664747
11.110022,-1,18,10003.465000,22.021000,459.558824,457.948858,460.000000,770,0.441176,OpenLoop,FIFO,true,OpenLoop_FIFO,457.948858
11.120023,-1,18,10001.298000,23.319000,458.061889,457.965813,460.000000,770,1.938111,OpenLoop,FIFO,true,OpenLoop_FIFO,457.965813
11.130019,-1,18,9995.650000,18.969000,459.058760,458.129755,460.000000,770,0.941240,OpenLoop,FIFO,true,OpenLoop_FIFO,458.129755
11.140031,-1,18,10011.853000,30.822000,458.916084,458.247704,460.000000,770,1.083916,OpenLoop,FIFO,true,OpenLoop_FIFO,458.247704
11.150018,-1,18,9986.817000,17.639000,460.310966,458.557193,460.000000,770,-0.310966,OpenLoop,FIFO,true,OpenLoop_FIFO,458.557193
11.160020,-1,18,10002.354000,19.993000,461.281631,458.965859,460.000000,770,-1.281631,OpenLoop,FIFO,true,OpenLoop_FIFO,458.965859
11.170018,-1,18,9997.687000,17.680000,459.796076,459.090392,460.000000,770,0.203924,OpenLoop,FIFO,true,OpenLoop_FIFO,459.090392
11.180049,-1,18,10031.186000,48.866000,461.281631,459.419078,460.000000,770,-1.281631,OpenLoop,FIFO,true,OpenLoop_FIFO,459.419078
11.190022,-1,18,9973.465000,22.331000,457.069339,459.066617,460.000000,770,2.930661,OpenLoop,FIFO,true,OpenLoop_FIFO,459.066617
11.200026,-1,18,10003.687000,26.018000,455.518279,458.534366,460.000000,770,4.481721,OpenLoop,FIFO,true,OpenLoop_FIFO,458.534366
11.210018,-1,18,9991.854000,17.872000,454.606681,457.945213,460.000000,770,5.393319,OpenLoop,FIFO,true,OpenLoop_FIFO,457.945213
11.220020,-1,18,10001.723000,19.595000,455.097087,457.517994,460.000000,770,4.902913,OpenLoop,FIFO,true,OpenLoop_FIFO,457.517994
11.230018,-1,18,9998.854000,18.449000,460.813763,458.012360,460.000000,770,-0.813763,OpenLoop,FIFO,true,OpenLoop_FIFO,458.012360
11.240028,-1,18,10009.761000,28.210000,458.916084,458.147918,460.000000,770,1.083916,OpenLoop,FIFO,true,OpenLoop_FIFO,458.147918
11.250017,-1,18,9989.168000,17.378000,458.809135,458.247101,460.000000,770,1.190865,OpenLoop,FIFO,true,OpenLoop_FIFO,458.247101
11.260017,-1,18,9999.706000,17.084000,459.130131,458.379555,460.000000,770,0.869869,OpenLoop,FIFO,true,OpenLoop_FIFO,458.379555
11.270017,-1,18,9999.594000,16.678000,457.317073,458.220183,460.000000,770,2.682927,OpenLoop,FIFO,true,OpenLoop_FIFO,458.220183
11.280017,-1,18,10000.020000,16.698000,460.203366,458.517660,460.000000,770,-0.203366,OpenLoop,FIFO,true,OpenLoop_FIFO,458.517660
11.290017,-1,18,10000.039000,16.737000,461.317660,458.937660,460.000000,770,-1.317660,OpenLoop,FIFO,true,OpenLoop_FIFO,458.937660
11.300016,-1,18,9999.724000,16.461000,460.418616,459.159804,460.000000,770,-0.418616,OpenLoop,FIFO,true,OpenLoop_FIFO,459.159804
11.310017,-1,18,10000.243000,16.704000,461.224754,459.469546,460.000000,770,-1.224754,OpenLoop,FIFO,true,OpenLoop_FIFO,459.469546
11.320019,-1,18,10002.094000,18.798000,456.871345,459.079816,460.000000,770,3.128655,OpenLoop,FIFO,true,OpenLoop_FIFO,459.079816
11.330017,-1,18,9998.668000,17.466000,455.342688,458.519247,460.000000,770,4.657312,OpenLoop,FIFO,true,OpenLoop_FIFO,458.519247
11.340025,-1,18,10007.539000,25.005000,454.676674,457.942861,460.000000,770,5.323326,OpenLoop,FIFO,true,OpenLoop_FIFO,457.942861
11.350018,-1,18,9993.002000,18.007000,453.995157,457.350705,460.000000,770,6.004843,OpenLoop,FIFO,true,OpenLoop_FIFO,457.350705
11.360018,-1,18,9999.890000,17.897000,460.986025,457.896003,460.000000,770,-0.986025,OpenLoop,FIFO,true,OpenLoop_FIFO,457.896003
11.370017,-1,18,9999.132000,17.029000,459.108717,458.077910,460.000000,770,0.891283,OpenLoop,FIFO,true,OpenLoop_FIFO,458.077910
11.380017,-1,18,9999.872000,16.901000,458.612255,458.158062,460.000000,770,1.387745,OpenLoop,FIFO,true,OpenLoop_FIFO,458.158062
11.390017,-1,18,9999.779000,16.680000,459.333660,458.334402,460.000000,770,0.666340,OpenLoop,FIFO,true,OpenLoop_FIFO,458.334402
11.400018,-1,18,10000.872000,17.552000,457.434515,458.199419,460.000000,770,2.565485,OpenLoop,FIFO,true,OpenLoop_FIFO,458.199419
11.410020,-1,18,10002.187000,19.739000,461.714353,458.726659,460.000000,770,-1.714353,OpenLoop,FIFO,true,OpenLoop_FIFO,458.726659
11.420022,-1,18,10002.669000,22.408000,461.065574,459.077496,460.000000,770,-1.065574,OpenLoop,FIFO,true,OpenLoop_FIFO,459.077496
11.430017,-1,18,9994.668000,17.076000,460.849719,459.343330,460.000000,770,-0.849719,OpenLoop,FIFO,true,OpenLoop_FIFO,459.343330
11.440029,-1,18,10011.761000,28.837000,461.317660,459.639479,460.000000,770,-1.317660,OpenLoop,FIFO,true,OpenLoop_FIFO,459.639479
11.450036,-1,18,10007.353000,36.190000,458.140432,459.414622,460.000000,770,1.859568,OpenLoop,FIFO,true,OpenLoop_FIFO,459.414622
11.460021,-1,18,9984.965000,21.155000,456.363004,458.956879,460.000000,770,3.636996,OpenLoop,FIFO,true,OpenLoop_FIFO,458.956879
11.470024,-1,18,10002.354000,23.509000,454.435288,458.278641,460.000000,770,5.564712,OpenLoop,FIFO,true,OpenLoop_FIFO,458.278641
11.480020,-1,18,9996.687000,20.196000,453.937309,457.627441,460.000000,770,6.062691,OpenLoop,FIFO,true,OpenLoop_FIFO,457.627441
11.490017,-1,18,9997.298000,17.494000,460.461690,458.052578,460.000000,770,-0.461690,OpenLoop,FIFO,true,OpenLoop_FIFO,458.052578
11.500017,-1,18,9999.853000,17.347000,458.612255,458.136530,460.000000,770,1.387745,OpenLoop,FIFO,true,OpenLoop_FIFO,458.136530
11.510017,-1,18,9999.169000,16.516000,459.558824,458.349874,460.000000,770,0.441176,OpenLoop,FIFO,true,OpenLoop_FIFO,458.349874
11.520017,-1,18,10000.650000,17.166000,459.085052,458.460151,460.000000,770,0.914948,OpenLoop,FIFO,true,OpenLoop_FIFO,458.460151
11.530023,-1,18,10006.297000,23.463000,457.317073,458.288689,460.000000,770,2.682927,OpenLoop,FIFO,true,OpenLoop_FIFO,458.288689
11.540029,-1,18,10006.021000,29.484000,461.463731,458.764945,460.000000,770,-1.463731,OpenLoop,FIFO,true,OpenLoop_FIFO,458.764945
11.550018,-1,18,9988.779000,18.263000,460.634066,459.045313,460.000000,770,-0.634066,OpenLoop,FIFO,true,OpenLoop_FIFO,459.045313
11.560018,-1,18,9999.854000,18.117000,461.822660,459.461915,460.000000,770,-1.822660,OpenLoop,FIFO,true,OpenLoop_FIFO,459.461915
11.570017,-1,18,9999.150000,17.267000,459.988318,459.540876,460.000000,770,0.011682,OpenLoop,FIFO,true,OpenLoop_FIFO,459.540876
11.580018,-1,18,10000.816000,18.083000,457.565076,459.244506,460.000000,770,2.434924,OpenLoop,FIFO,true,OpenLoop_FIFO,459.244506
11.590019,-1,18,10001.150000,19.233000,456.786543,458.875811,460.000000,770,3.213457,OpenLoop,FIFO,true,OpenLoop_FIFO,458.875811
11.600020,-1,18,10001.242000,20.475000,453.629032,458.088794,460.000000,770,6.370968,OpenLoop,FIFO,true,OpenLoop_FIFO,458.088794
11.610016,-1,18,9995.817000,16.292000,455.318116,457.673193,460.000000,770,4.681884,OpenLoop,FIFO,true,OpenLoop_FIFO,457.673193
11.620020,-1,18,10004.094000,20.386000,459.085052,457.884971,460.000000,770,0.914948,OpenLoop,FIFO,true,OpenLoop_FIFO,457.884971
11.630017,-1,18,9996.595000,16.981000,459.773470,458.168246,460.000000,770,0.226530,OpenLoop,FIFO,true,OpenLoop_FIFO,458.168246
11.640034,-1,18,10016.927000,33.908000,459.809264,458.414399,460.000000,770,0.190736,OpenLoop,FIFO,true,OpenLoop_FIFO,458.414399
11.650021,-1,18,9986.669000,20.577000,458.702237,458.457575,460.000000,770,1.297763,OpenLoop,FIFO,true,OpenLoop_FIFO,458.457575
11.660018,-1,18,9997.483000,18.060000,458.310701,458.435544,460.000000,770,1.689299,OpenLoop,FIFO,true,OpenLoop_FIFO,458.435544
11.670017,-1,18,9999.279000,17.339000,461.281631,458.862457,460.000000,770,-1.281631,OpenLoop,FIFO,true,OpenLoop_FIFO,458.862457
11.680017,-1,18,9999.780000,17.119000,460.310966,459.079733,460.000000,770,-0.310966,OpenLoop,FIFO,true,OpenLoop_FIFO,459.079733
11.690017,-1,18,10000.002000,17.121000,461.714353,459.474926,460.000000,770,-1.714353,OpenLoop,FIFO,true,OpenLoop_FIFO,459.474926
11.700017,-1,18,9999.724000,16.845000,460.849719,459.681145,460.000000,770,-0.849719,OpenLoop,FIFO,true,OpenLoop_FIFO,459.681145
11.710026,-1,18,10009.520000,26.365000,457.565076,459.363735,460.000000,770,2.434924,OpenLoop,FIFO,true,OpenLoop_FIFO,459.363735
11.720022,-1,18,9996.057000,22.422000,457.434515,459.074352,460.000000,770,2.565485,OpenLoop,FIFO,true,OpenLoop_FIFO,459.074352
11.730032,-1,18,10010.076000,32.498000,453.838174,458.288925,460.000000,770,6.161826,OpenLoop,FIFO,true,OpenLoop_FIFO,458.288925
11.740043,-1,18,10010.983000,43.481000,454.361874,457.699867,460.000000,770,5.638126,OpenLoop,FIFO,true,OpenLoop_FIFO,457.699867
11.750020,-1,18,9976.872000,20.353000,458.916084,457.882300,460.000000,770,1.083916,OpenLoop,FIFO,true,OpenLoop_FIFO,457.882300
11.760019,-1,18,9998.983000,19.336000,459.321815,458.098227,460.000000,770,0.678185,OpenLoop,FIFO,true,OpenLoop_FIFO,458.098227
11.770018,-1,18,9998.724000,18.060000,460.009814,458.384965,460.000000,770,-0.009814,OpenLoop,FIFO,true,OpenLoop_FIFO,458.384965
11.780018,-1,18,10000.372000,18.432000,458.376222,458.383654,460.000000,770,1.623778,OpenLoop,FIFO,true,OpenLoop_FIFO,458.383654
11.790014,-1,18,9995.854000,14.286000,457.987298,458.324200,460.000000,770,2.012702,OpenLoop,FIFO,true,OpenLoop_FIFO,458.324200
11.800017,-1,18,10003.131000,17.417000,460.747543,458.687702,460.000000,770,-0.747543,OpenLoop,FIFO,true,OpenLoop_FIFO,458.687702
11.810015,-1,18,9997.409000,14.826000,460.418616,458.947339,460.000000,770,-0.418616,OpenLoop,FIFO,true,OpenLoop_FIFO,458.947339
11.820019,-1,18,10004.595000,19.421000,461.822660,459.378637,460.000000,770,-1.822660,OpenLoop,FIFO,true,OpenLoop_FIFO,459.378637
11.830017,-1,18,9997.687000,17.108000,461.065574,459.631678,460.000000,770,-1.065574,OpenLoop,FIFO,true,OpenLoop_FIFO,459.631678
11.840034,-1,18,10016.982000,34.090000,456.262807,459.126347,460.000000,770,3.737193,OpenLoop,FIFO,true,OpenLoop_FIFO,459.126347
11.850021,-1,18,9987.132000,21.222000,458.376222,459.013828,460.000000,770,1.623778,OpenLoop,FIFO,true,OpenLoop_FIFO,459.013828
11.860018,-1,18,9996.724000,17.946000,453.775411,458.228066,460.000000,770,6.224589,OpenLoop,FIFO,true,OpenLoop_FIFO,458.228066
11.870016,-1,18,9998.261000,16.207000,455.562660,457.828255,460.000000,770,4.437340,OpenLoop,FIFO,true,OpenLoop_FIFO,457.828255
11.880033,-1,18,10016.520000,32.727000,458.883994,457.986616,460.000000,770,1.116006,OpenLoop,FIFO,true,OpenLoop_FIFO,457.986616
11.890021,-1,18,9988.613000,21.340000,458.848532,458.115903,460.000000,770,1.151468,OpenLoop,FIFO,true,OpenLoop_FIFO,458.115903
11.900036,-1,18,10014.964000,36.304000,461.463731,458.618077,460.000000,770,-1.463731,OpenLoop,FIFO,true,OpenLoop_FIFO,458.618077
11.910041,-1,18,10004.484000,40.788000,459.130131,458.694885,460.000000,770,0.869869,OpenLoop,FIFO,true,OpenLoop_FIFO,458.694885
11.920042,-1,18,10000.853000,41.641000,458.883994,458.723252,460.000000,770,1.116006,OpenLoop,FIFO,true,OpenLoop_FIFO,458.723252
11.930036,-1,18,9994.076000,35.717000,460.059978,458.923761,460.000000,770,-0.059978,OpenLoop,FIFO,true,OpenLoop_FIFO,458.923761
11.940022,-1,18,9986.169000,21.886000,460.634066,459.180306,460.000000,770,-0.634066,OpenLoop,FIFO,true,OpenLoop_FIFO,459.180306
11.950015,-1,18,9993.187000,15.073000,462.182148,459.630583,460.000000,770,-2.182148,OpenLoop,FIFO,true,OpenLoop_FIFO,459.630583
11.960016,-1,18,10000.742000,15.815000,460.687961,459.789189,460.000000,770,-0.687961,OpenLoop,FIFO,true,OpenLoop_FIFO,459.789189
11.970023,-1,18,10007.613000,23.428000,458.848532,459.648091,460.000000,770,1.151468,OpenLoop,FIFO,true,OpenLoop_FIFO,459.648091
11.980031,-1,18,10007.779000,31.207000,456.871345,459.231579,460.000000,770,3.128655,OpenLoop,FIFO,true,OpenLoop_FIFO,459.231579
11.990020,-1,18,9988.724000,19.931000,453.873050,458.427800,460.000000,770,6.126950,OpenLoop,FIFO,true,OpenLoop_FIFO,458.427800
12.000016,-1,18,9996.410000,16.341000,455.982490,458.061003,460.000000,770,4.017510,OpenLoop,FIFO,true,OpenLoop_FIFO,458.061003
12.010015,-1,18,9998.668000,15.009000,457.848837,458.029178,460.000000,770,2.151163,OpenLoop,FIFO,true,OpenLoop_FIFO,458.029178
12.020023,-1,18,10007.761000,22.770000,459.809264,458.296191,460.000000,770,0.190736,OpenLoop,FIFO,true,OpenLoop_FIFO,458.296191
12.030022,-1,18,9999.001000,21.771000,461.065574,458.711599,460.000000,770,-1.065574,OpenLoop,FIFO,true,OpenLoop_FIFO,458.711599
12.040018,-1,18,9996.373000,18.144000,458.310701,458.651464,460.000000,770,1.689299,OpenLoop,FIFO,true,OpenLoop_FIFO,458.651464
12.050018,-1,18,10000.205000,18.349000,458.702237,458.659080,460.000000,770,1.297763,OpenLoop,FIFO,true,OpenLoop_FIFO,458.659080
12.060030,-1,18,10011.613000,29.962000,460.310966,458.906863,460.000000,770,-0.310966,OpenLoop,FIFO,true,OpenLoop_FIFO,458.906863
12.070021,-1,18,9991.020000,20.982000,459.988318,459.069081,460.000000,770,0.011682,OpenLoop,FIFO,true,OpenLoop_FIFO,459.069081
12.080019,-1,18,9997.594000,18.576000,463.625716,459.752576,460.000000,770,-3.625716,OpenLoop,FIFO,true,OpenLoop_FIFO,459.752576
12.090018,-1,18,9998.984000,17.560000,460.009814,459.791162,460.000000,770,-0.009814,OpenLoop,FIFO,true,OpenLoop_FIFO,459.791162
12.100017,-1,18,9999.372000,16.932000,458.848532,459.649767,460.000000,770,1.151468,OpenLoop,FIFO,true,OpenLoop_FIFO,459.649767
12.110025,-1,18,10007.927000,24.859000,457.094100,459.266417,460.000000,770,2.905900,OpenLoop,FIFO,true,OpenLoop_FIFO,459.266417
12.120020,-1,18,9995.021000,19.880000,453.937309,458.467051,460.000000,770,6.062691,OpenLoop,FIFO,true,OpenLoop_FIFO,458.467051
12.130023,-1,18,10002.724000,22.604000,456.426485,458.160966,460.000000,770,3.573515,OpenLoop,FIFO,true,OpenLoop_FIFO,458.160966
12.140027,-1,18,10004.668000,27.272000,457.635983,458.082219,460.000000,770,2.364017,OpenLoop,FIFO,true,OpenLoop_FIFO,458.082219
12.150020,-1,18,9992.965000,20.237000,460.310966,458.416531,460.000000,770,-0.310966,OpenLoop,FIFO,true,OpenLoop_FIFO,458.416531
12.160017,-1,18,9996.854000,17.091000,461.065574,458.813887,460.000000,770,-1.065574,OpenLoop,FIFO,true,OpenLoop_FIFO,458.813887
12.170018,-1,18,10000.502000,17.593000,458.612255,458.783642,460.000000,770,1.387745,OpenLoop,FIFO,true,OpenLoop_FIFO,458.783642
12.180036,-1,18,10018.279000,35.872000,458.310701,458.712701,460.000000,770,1.689299,OpenLoop,FIFO,true,OpenLoop_FIFO,458.712701
12.190032,-1,18,9995.983000,31.855000,459.988318,458.904044,460.000000,770,0.011682,OpenLoop,FIFO,true,OpenLoop_FIFO,458.904044
12.200032,-1,18,10000.150000,32.005000,459.085052,458.931195,460.000000,770,0.914948,OpenLoop,FIFO,true,OpenLoop_FIFO,458.931195
12.210017,-1,18,9985.428000,17.433000,463.453390,459.609524,460.000000,770,-3.453390,OpenLoop,FIFO,true,OpenLoop_FIFO,459.609524
12.220025,-1,18,10007.539000,24.972000,459.558824,459.601919,460.000000,770,0.441176,OpenLoop,FIFO,true,OpenLoop_FIFO,459.601919
12.230028,-1,18,10002.613000,27.585000,459.344377,459.563288,460.000000,770,0.655623,OpenLoop,FIFO,true,OpenLoop_FIFO,459.563288
12.240022,-1,18,9994.817000,22.402000,457.069339,459.189195,460.000000,770,2.930661,OpenLoop,FIFO,true,OpenLoop_FIFO,459.189195
12.250019,-1,18,9996.131000,18.533000,453.420083,458.323829,460.000000,770,6.579917,OpenLoop,FIFO,true,OpenLoop_FIFO,458.323829
12.260017,-1,18,9998.909000,17.442000,456.327745,458.024416,460.000000,770,3.672255,OpenLoop,FIFO,true,OpenLoop_FIFO,458.024416
12.270025,-1,18,10007.261000,24.703000,456.363004,457.775204,460.000000,770,3.636996,OpenLoop,FIFO,true,OpenLoop_FIFO,457.775204
12.280022,-1,18,9996.817000,21.520000,459.809264,458.080313,460.000000,770,0.190736,OpenLoop,FIFO,true,OpenLoop_FIFO,458.080313
12.290017,-1,18,9995.558000,17.078000,459.344377,458.269923,460.000000,770,0.655623,OpenLoop,FIFO,true,OpenLoop_FIFO,458.269923
12.300020,-1,18,10002.872000,19.950000,458.559783,458.313402,460.000000,770,1.440217,OpenLoop,FIFO,true,OpenLoop_FIFO,458.313402
12.310017,-1,18,9996.816000,16.766000,459.344377,458.468048,460.000000,770,0.655623,OpenLoop,FIFO,true,OpenLoop_FIFO,458.468048
12.320016,-1,18,9999.484000,16.250000,459.058760,458.556655,460.000000,770,0.941240,OpenLoop,FIFO,true,OpenLoop_FIFO,458.556655
12.330017,-1,18,10001.057000,17.307000,459.558824,458.706980,460.000000,770,0.441176,OpenLoop,FIFO,true,OpenLoop_FIFO,458.706980
12.340035,-1,18,10017.557000,34.864000,461.942427,459.192297,460.000000,770,-1.942427,OpenLoop,FIFO,true,OpenLoop_FIFO,459.192297
12.350022,-1,18,9987.521000,22.385000,460.634066,459.408563,460.000000,770,-0.634066,OpenLoop,FIFO,true,OpenLoop_FIFO,459.408563
12.360025,-1,18,10002.372000,24.757000,458.559783,459.281246,460.000000,770,1.440217,OpenLoop,FIFO,true,OpenLoop_FIFO,459.281246
12.370027,-1,18,10002.020000,26.777000,457.848837,459.066384,460.000000,770,2.151163,OpenLoop,FIFO,true,OpenLoop_FIFO,459.066384
12.380029,-1,18,10001.854000,28.631000,452.898551,458.141209,460.000000,770,7.101449,OpenLoop,FIFO,true,OpenLoop_FIFO,458.141209
12.390018,-1,18,9988.946000,17.577000,456.648807,457.917349,460.000000,770,3.351193,OpenLoop,FIFO,true,OpenLoop_FIFO,457.917349
12.400033,-1,18,10015.187000,32.764000,455.562660,457.564146,460.000000,770,4.437340,OpenLoop,FIFO,true,OpenLoop_FIFO,457.564146
12.410036,-1,18,10003.613000,36.377000,460.033574,457.934560,460.000000,770,-0.033574,OpenLoop,FIFO,true,OpenLoop_FIFO,457.934560
12.420032,-1,18,9995.576000,31.953000,460.203366,458.274881,460.000000,770,-0.203366,OpenLoop,FIFO,true,OpenLoop_FIFO,458.274881
12.430021,-1,18,9989.150000,21.103000,457.904884,458.219381,460.000000,770,2.095116,OpenLoop,FIFO,true,OpenLoop_FIFO,458.219381
12.440020,-1,18,9999.020000,20.123000,460.009814,458.487946,460.000000,770,-0.009814,OpenLoop,FIFO,true,OpenLoop_FIFO,458.487946
12.450019,-1,18,9999.188000,19.311000,457.904884,458.400487,460.000000,770,2.095116,OpenLoop,FIFO,true,OpenLoop_FIFO,458.400487
12.460017,-1,18,9997.298000,16.609000,460.235641,458.675760,460.000000,770,-0.235641,OpenLoop,FIFO,true,OpenLoop_FIFO,458.675760
12.470024,-1,18,10007.075000,23.684000,461.224754,459.058109,460.000000,770,-1.224754,OpenLoop,FIFO,true,OpenLoop_FIFO,459.058109
12.480017,-1,18,9993.002000,16.686000,461.281631,459.391637,460.000000,770,-1.281631,OpenLoop,FIFO,true,OpenLoop_FIFO,459.391637
12.490018,-1,18,10001.521000,18.207000,459.809264,459.454281,460.000000,770,0.190736,OpenLoop,FIFO,true,OpenLoop_FIFO,459.454281
12.500018,-1,18,9999.705000,17.912000,456.574675,459.022340,460.000000,770,3.425325,OpenLoop,FIFO,true,OpenLoop_FIFO,459.022340
12.510018,-1,18,10000.187000,18.099000,454.851752,458.396752,460.000000,770,5.148248,OpenLoop,FIFO,true,OpenLoop_FIFO,458.396752
12.520025,-1,18,10007.058000,25.157000,455.097087,457.901802,460.000000,770,4.902913,OpenLoop,FIFO,true,OpenLoop_FIFO,457.901802
12.530026,-1,18,10001.057000,26.214000,456.574675,457.702733,460.000000,770,3.425325,OpenLoop,FIFO,true,OpenLoop_FIFO,457.702733
12.540020,-1,18,9993.594000,19.808000,459.773470,458.013344,460.000000,770,0.226530,OpenLoop,FIFO,true,OpenLoop_FIFO,458.013344
12.550019,-1,18,9999.113000,18.921000,460.310966,458.357987,460.000000,770,-0.310966,OpenLoop,FIFO,true,OpenLoop_FIFO,458.357987
12.560018,-1,18,9999.428000,18.349000,457.423327,458.217788,460.000000,770,2.576673,OpenLoop,FIFO,true,OpenLoop_FIFO,458.217788
12.570019,-1,18,10001.113000,19.462000,461.317660,458.682769,460.000000,770,-1.317660,OpenLoop,FIFO,true,OpenLoop_FIFO,458.682769
12.580018,-1,18,9998.743000,18.205000,458.275140,458.621625,460.000000,770,1.724860,OpenLoop,FIFO,true,OpenLoop_FIFO,458.621625
12.590019,-1,18,10000.501000,18.706000,460.310966,458.875026,460.000000,770,-0.310966,OpenLoop,FIFO,true,OpenLoop_FIFO,458.875026
12.600017,-1,18,9998.447000,17.153000,462.147887,459.365955,460.000000,770,-2.147887,OpenLoop,FIFO,true,OpenLoop_FIFO,459.365955
12.610018,-1,18,10000.372000,17.525000,460.849719,459.588520,460.000000,770,-0.849719,OpenLoop,FIFO,true,OpenLoop_FIFO,459.588520
12.620019,-1,18,10001.372000,18.897000,460.813763,459.772306,460.000000,770,-0.813763,OpenLoop,FIFO,true,OpenLoop_FIFO,459.772306
12.630017,-1,18,9998.409000,17.306000,456.786543,459.324442,460.000000,770,3.213457,OpenLoop,FIFO,true,OpenLoop_FIFO,459.324442
12.640017,-1,18,9999.873000,17.179000,455.588553,458.764058,460.000000,770,4.411447,OpenLoop,FIFO,true,OpenLoop_FIFO,458.764058
12.650050,-1,18,10032.742000,49.921000,454.864658,458.179148,460.000000,770,5.135342,OpenLoop,FIFO,true,OpenLoop_FIFO,458.179148
12.660027,-1,18,9976.965000,26.886000,455.318116,457.749993,460.000000,770,4.681884,OpenLoop,FIFO,true,OpenLoop_FIFO,457.749993
12.670023,-1,18,9996.594000,23.480000,460.509307,458.163890,460.000000,770,-0.509307,OpenLoop,FIFO,true,OpenLoop_FIFO,458.163890
12.680021,-1,18,9997.465000,20.945000,459.558824,458.373130,460.000000,770,0.441176,OpenLoop,FIFO,true,OpenLoop_FIFO,458.373130
12.690021,-1,18,9999.983000,20.928000,458.061889,458.326444,460.000000,770,1.938111,OpenLoop,FIFO,true,OpenLoop_FIFO,458.326444
12.700020,-1,18,9998.780000,19.708000,459.773470,458.543498,460.000000,770,0.226530,OpenLoop,FIFO,true,OpenLoop_FIFO,458.543498
12.710021,-1,18,10001.169000,20.877000,458.809135,458.583344,460.000000,770,1.190865,OpenLoop,FIFO,true,OpenLoop_FIFO,458.583344
12.720020,-1,18,9999.372000,20.249000,460.634066,458.890952,460.000000,770,-0.634066,OpenLoop,FIFO,true,OpenLoop_FIFO,458.890952
12.730024,-1,18,10003.890000,24.139000,461.702955,459.312753,460.000000,770,-1.702955,OpenLoop,FIFO,true,OpenLoop_FIFO,459.312753
12.740021,-1,18,9996.576000,20.715000,459.784208,459.383471,460.000000,770,0.215792,OpenLoop,FIFO,true,OpenLoop_FIFO,459.383471
12.750022,-1,18,10000.817000,21.532000,462.182148,459.803272,460.000000,770,-2.182148,OpenLoop,FIFO,true,OpenLoop_FIFO,459.803272
12.760019,-1,18,9997.557000,19.089000,455.982490,459.230155,460.000000,770,4.017510,OpenLoop,FIFO,true,OpenLoop_FIFO,459.230155
12.770020,-1,18,10001.076000,20.165000,456.029186,458.750010,460.000000,770,3.970814,OpenLoop,FIFO,true,OpenLoop_FIFO,458.750010
12.780020,-1,18,9999.354000,19.519000,455.760817,458.301631,460.000000,770,4.239183,OpenLoop,FIFO,true,OpenLoop_FIFO,458.301631
12.790020,-1,18,10000.743000,20.262000,454.655674,457.754737,460.000000,770,5.344326,OpenLoop,FIFO,true,OpenLoop_FIFO,457.754737
12.800018,-1,18,9997.650000,17.912000,461.463731,458.311086,460.000000,770,-1.463731,OpenLoop,FIFO,true,OpenLoop_FIFO,458.311086
12.810021,-1,18,10003.057000,20.969000,459.344377,458.466080,460.000000,770,0.655623,OpenLoop,FIFO,true,OpenLoop_FIFO,458.466080
12.820020,-1,18,9999.465000,20.434000,457.813348,458.368170,460.000000,770,2.186652,OpenLoop,FIFO,true,OpenLoop_FIFO,458.368170
12.830020,-1,18,10000.039000,20.473000,459.344377,458.514601,460.000000,770,0.655623,OpenLoop,FIFO,true,OpenLoop_FIFO,458.514601
12.840019,-1,18,9998.298000,18.771000,457.813348,458.409413,460.000000,770,2.186652,OpenLoop,FIFO,true,OpenLoop_FIFO,458.409413
12.850024,-1,18,10005.668000,24.439000,460.418616,458.710793,460.000000,770,-0.418616,OpenLoop,FIFO,true,OpenLoop_FIFO,458.710793
12.860028,-1,18,10003.576000,28.015000,460.986025,459.052078,460.000000,770,-0.986025,OpenLoop,FIFO,true,OpenLoop_FIFO,459.052078
12.870026,-1,18,9997.780000,25.795000,460.009814,459.195738,460.000000,770,-0.009814,OpenLoop,FIFO,true,OpenLoop_FIFO,459.195738
12.880021,-1,18,9995.631000,21.426000,462.182148,459.643700,460.000000,770,-2.182148,OpenLoop,FIFO,true,OpenLoop_FIFO,459.643700
12.890021,-1,18,9999.076000,20.502000,457.317073,459.294706,460.000000,770,2.682927,OpenLoop,FIFO,true,OpenLoop_FIFO,459.294706
12.900019,-1,18,9998.909000,19.411000,456.029186,458.804878,460.000000,770,3.970814,OpenLoop,FIFO,true,OpenLoop_FIFO,458.804878
12.910020,-1,18,10000.910000,20.321000,454.876274,458.215587,460.000000,770,5.123726,OpenLoop,FIFO,true,OpenLoop_FIFO,458.215587
12.920024,-1,18,10004.149000,24.470000,453.937309,457.573846,460.000000,770,6.062691,OpenLoop,FIFO,true,OpenLoop_FIFO,457.573846
12.930035,-1,18,10010.891000,35.361000,460.687961,458.040963,460.000000,770,-0.687961,OpenLoop,FIFO,true,OpenLoop_FIFO,458.040963
12.940022,-1,18,9986.909000,22.270000,458.848532,458.162098,460.000000,770,1.151468,OpenLoop,FIFO,true,OpenLoop_FIFO,458.162098
12.950027,-1,18,10004.965000,27.235000,458.702237,458.243119,460.000000,770,1.297763,OpenLoop,FIFO,true,OpenLoop_FIFO,458.243119
12.960037,-1,18,10009.428000,36.663000,458.376222,458.263084,460.000000,770,1.623778,OpenLoop,FIFO,true,OpenLoop_FIFO,458.263084
12.970022,-1,18,9985.650000,22.313000,457.565076,458.158383,460.000000,770,2.434924,OpenLoop,FIFO,true,OpenLoop_FIFO,458.158383
12.980020,-1,18,9997.576000,19.889000,461.065574,458.594462,460.000000,770,-1.065574,OpenLoop,FIFO,true,OpenLoop_FIFO,458.594462
12.990022,-1,18,10002.205000,22.094000,459.809264,458.776682,460.000000,770,0.190736,OpenLoop,FIFO,true,OpenLoop_FIFO,458.776682
13.000020,-1,18,9998.021000,20.115000,461.714353,459.217333,460.000000,770,-1.714353,OpenLoop,FIFO,true,OpenLoop_FIFO,459.217333
13.010019,-1,18,9999.020000,19.135000,460.509307,459.411129,460.000000,770,-0.509307,OpenLoop,FIFO,true,OpenLoop_FIFO,459.411129
13.020022,-1,18,10002.446000,21.581000,457.763672,459.164010,460.000000,770,2.236328,OpenLoop,FIFO,true,OpenLoop_FIFO,459.164010
13.030023,-1,18,10001.206000,22.787000,456.029186,458.693787,460.000000,770,3.970814,OpenLoop,FIFO,true,OpenLoop_FIFO,458.693787
13.040022,-1,18,9998.724000,21.511000,455.318116,458.187436,460.000000,770,4.681884,OpenLoop,FIFO,true,OpenLoop_FIFO,458.187436
13.050022,-1,18,10000.594000,22.105000,454.117330,457.576920,460.000000,770,5.882670,OpenLoop,FIFO,true,OpenLoop_FIFO,457.576920
13.060031,-1,18,10008.502000,30.607000,460.418616,458.003174,460.000000,770,-0.418616,OpenLoop,FIFO,true,OpenLoop_FIFO,458.003174
13.070023,-1,18,9992.558000,23.165000,459.321815,458.200971,460.000000,770,0.678185,OpenLoop,FIFO,true,OpenLoop_FIFO,458.200971
13.080027,-1,18,10003.761000,26.926000,458.659491,458.269749,460.000000,770,1.340509,OpenLoop,FIFO,true,OpenLoop_FIFO,458.269749
13.090022,-1,18,9995.390000,22.316000,460.033574,458.534323,460.000000,770,-0.033574,OpenLoop,FIFO,true,OpenLoop_FIFO,458.534323
13.100020,-1,18,9997.928000,20.244000,457.094100,458.318289,460.000000,770,2.905900,OpenLoop,FIFO,true,OpenLoop_FIFO,458.318289
13.110024,-1,18,10004.076000,24.320000,461.702955,458.825989,460.000000,770,-1.702955,OpenLoop,FIFO,true,OpenLoop_FIFO,458.825989
13.120022,-1,18,9997.761000,22.081000,460.418616,459.064883,460.000000,770,-0.418616,OpenLoop,FIFO,true,OpenLoop_FIFO,459.064883
13.130024,-1,18,10002.280000,24.361000,461.822660,459.478550,460.000000,770,-1.822660,OpenLoop,FIFO,true,OpenLoop_FIFO,459.478550
13.140021,-1,18,9997.021000,21.382000,460.033574,459.561803,460.000000,770,-0.033574,OpenLoop,FIFO,true,OpenLoop_FIFO,459.561803
13.150018,-1,18,9997.094000,18.476000,458.211144,459.359204,460.000000,770,1.788856,OpenLoop,FIFO,true,OpenLoop_FIFO,459.359204
13.160020,-1,18,10001.965000,20.441000,456.262807,458.894745,460.000000,770,3.737193,OpenLoop,FIFO,true,OpenLoop_FIFO,458.894745
13.170019,-1,18,9998.946000,19.387000,454.655674,458.258884,460.000000,770,5.344326,OpenLoop,FIFO,true,OpenLoop_FIFO,458.258884
13.180037,-1,18,10017.446000,36.833000,454.168791,457.645370,460.000000,770,5.831209,OpenLoop,FIFO,true,OpenLoop_FIFO,457.645370
13.190026,-1,18,9989.058000,25.891000,458.809135,457.819935,460.000000,770,1.190865,OpenLoop,FIFO,true,OpenLoop_FIFO,457.819935
13.200017,-1,18,9991.169000,17.060000,460.418616,458.209737,460.000000,770,-0.418616,OpenLoop,FIFO,true,OpenLoop_FIFO,458.209737
13.210032,-1,18,10015.279000,32.339000,459.085052,458.341034,460.000000,770,0.914948,OpenLoop,FIFO,true,OpenLoop_FIFO,458.341034
13.220025,-1,18,9993.114000,25.453000,458.916084,458.427292,460.000000,770,1.083916,OpenLoop,FIFO,true,OpenLoop_FIFO,458.427292
13.230023,-1,18,9997.668000,23.121000,457.565076,458.297959,460.000000,770,2.434924,OpenLoop,FIFO,true,OpenLoop_FIFO,458.297959
13.240019,-1,18,9996.298000,19.419000,461.497890,458.777949,460.000000,770,-1.497890,OpenLoop,FIFO,true,OpenLoop_FIFO,458.777949
13.250020,-1,18,10000.299000,19.718000,461.065574,459.121093,460.000000,770,-1.065574,OpenLoop,FIFO,true,OpenLoop_FIFO,459.121093
13.260021,-1,18,10001.576000,21.294000,461.714353,459.510082,460.000000,770,-1.714353,OpenLoop,FIFO,true,OpenLoop_FIFO,459.510082
13.270019,-1,18,9997.835000,19.129000,461.224754,459.767283,460.000000,770,-1.224754,OpenLoop,FIFO,true,OpenLoop_FIFO,459.767283
13.280019,-1,18,9999.706000,18.835000,456.871345,459.332892,460.000000,770,3.128655,OpenLoop,FIFO,true,OpenLoop_FIFO,459.332892
13.290018,-1,18,9999.465000,18.300000,457.565076,459.067720,460.000000,770,2.434924,OpenLoop,FIFO,true,OpenLoop_FIFO,459.067720
13.300020,-1,18,10001.242000,19.542000,454.676674,458.409063,460.000000,770,5.323326,OpenLoop,FIFO,true,OpenLoop_FIFO,458.409063
13.310028,-1,18,10008.113000,27.655000,455.562660,457.982102,460.000000,770,4.437340,OpenLoop,FIFO,true,OpenLoop_FIFO,457.982102
13.320022,-1,18,9994.317000,21.972000,457.763672,457.949338,460.000000,770,2.236328,OpenLoop,FIFO,true,OpenLoop_FIFO,457.949338
13.330021,-1,18,9998.632000,20.604000,460.509307,458.333333,460.000000,770,-0.509307,OpenLoop,FIFO,true,OpenLoop_FIFO,458.333333
13.340019,-1,18,9998.002000,18.606000,460.009814,458.584805,460.000000,770,-0.009814,OpenLoop,FIFO,true,OpenLoop_FIFO,458.584805
13.350025,-1,18,10006.594000,25.200000,459.085052,458.659842,460.000000,770,0.914948,OpenLoop,FIFO,true,OpenLoop_FIFO,458.659842
13.360021,-1,18,9995.983000,21.183000,457.987298,458.558961,460.000000,770,2.012702,OpenLoop,FIFO,true,OpenLoop_FIFO,458.558961
13.370019,-1,18,9997.539000,18.722000,460.986025,458.923020,460.000000,770,-0.986025,OpenLoop,FIFO,true,OpenLoop_FIFO,458.923020
13.380019,-1,18,10000.410000,19.132000,461.281631,459.276812,460.000000,770,-1.281631,OpenLoop,FIFO,true,OpenLoop_FIFO,459.276812
13.390018,-1,18,9999.187000,18.319000,462.328767,459.734605,460.000000,770,-2.328767,OpenLoop,FIFO,true,OpenLoop_FIFO,459.734605
13.400019,-1,18,10000.520000,18.839000,461.497890,459.999098,460.000000,770,-1.497890,OpenLoop,FIFO,true,OpenLoop_FIFO,459.999098
13.410018,-1,18,9999.391000,18.230000,456.574675,459.485435,460.000000,770,3.425325,OpenLoop,FIFO,true,OpenLoop_FIFO,459.485435
13.420027,-1,18,10008.391000,26.621000,458.275140,459.303890,460.000000,770,1.724860,OpenLoop,FIFO,true,OpenLoop_FIFO,459.303890
13.430022,-1,18,9995.632000,22.253000,454.168791,458.533625,460.000000,770,5.831209,OpenLoop,FIFO,true,OpenLoop_FIFO,458.533625
13.440020,-1,18,9997.761000,20.014000,455.539359,458.084485,460.000000,770,4.460641,OpenLoop,FIFO,true,OpenLoop_FIFO,458.084485
13.450019,-1,18,9998.891000,18.905000,459.321815,458.270085,460.000000,770,0.678185,OpenLoop,FIFO,true,OpenLoop_FIFO,458.270085
13.460018,-1,18,9999.576000,18.481000,459.108717,458.395880,460.000000,770,0.891283,OpenLoop,FIFO,true,OpenLoop_FIFO,458.395880
13.470022,-1,18,10003.039000,21.520000,461.463731,458.856057,460.000000,770,-1.463731,OpenLoop,FIFO,true,OpenLoop_FIFO,458.856057
13.480021,-1,18,9999.205000,20.725000,459.108717,458.893956,460.000000,770,0.891283,OpenLoop,FIFO,true,OpenLoop_FIFO,458.893956
13.490022,-1,18,10001.373000,22.098000,459.796076,459.029274,460.000000,770,0.203924,OpenLoop,FIFO,true,OpenLoop_FIFO,459.029274
13.500021,-1,18,9999.020000,21.118000,460.418616,459.237675,460.000000,770,-0.418616,OpenLoop,FIFO,true,OpenLoop_FIFO,459.237675
13.510019,-1,18,9997.946000,19.064000,461.141171,459.523200,460.000000,770,-1.141171,OpenLoop,FIFO,true,OpenLoop_FIFO,459.523200
13.520020,-1,18,10000.669000,19.733000,461.942427,459.886084,460.000000,770,-1.942427,OpenLoop,FIFO,true,OpenLoop_FIFO,459.886084
13.530021,-1,18,10001.761000,21.494000,462.050271,460.210712,460.000000,770,-2.050271,OpenLoop,FIFO,true,OpenLoop_FIFO,460.210712
13.540029,-1,18,10007.039000,28.533000,457.669579,459.829542,460.000000,770,2.330421,OpenLoop,FIFO,true,OpenLoop_FIFO,459.829542
13.550023,-1,18,9994.650000,23.183000,458.275140,459.596382,460.000000,770,1.724860,OpenLoop,FIFO,true,OpenLoop_FIFO,459.596382
13.560019,-1,18,9996.002000,19.185000,454.361874,458.811205,460.000000,770,5.638126,OpenLoop,FIFO,true,OpenLoop_FIFO,458.811205
13.570019,-1,18,9999.521000,18.706000,454.655674,458.187876,460.000000,770,5.344326,OpenLoop,FIFO,true,OpenLoop_FIFO,458.187876
13.580019,-1,18,10000.465000,19.171000,459.085052,458.322452,460.000000,770,0.914948,OpenLoop,FIFO,true,OpenLoop_FIFO,458.322452
13.590018,-1,18,9999.205000,18.376000,458.211144,458.305756,460.000000,770,1.788856,OpenLoop,FIFO,true,OpenLoop_FIFO,458.305756
13.600019,-1,18,10000.410000,18.786000,460.986025,458.707796,460.000000,770,-0.986025,OpenLoop,FIFO,true,OpenLoop_FIFO,458.707796
13.610032,-1,18,10013.668000,32.454000,458.275140,458.642898,460.000000,770,1.724860,OpenLoop,FIFO,true,OpenLoop_FIFO,458.642898
13.620024,-1,18,9991.946000,24.400000,459.058760,458.705277,460.000000,770,0.941240,OpenLoop,FIFO,true,OpenLoop_FIFO,458.705277
13.630020,-1,18,9995.447000,19.847000,459.988318,458.897733,460.000000,770,0.011682,OpenLoop,FIFO,true,OpenLoop_FIFO,458.897733
13.640020,-1,18,9999.872000,19.719000,460.310966,459.109718,460.000000,770,-0.310966,OpenLoop,FIFO,true,OpenLoop_FIFO,459.109718
13.650020,-1,18,9999.965000,19.684000,463.017404,459.695871,460.000000,770,-3.017404,OpenLoop,FIFO,true,OpenLoop_FIFO,459.695871
13.660019,-1,18,9999.391000,19.075000,460.271318,459.782188,460.000000,770,-0.271318,OpenLoop,FIFO,true,OpenLoop_FIFO,459.782188
13.670025,-1,18,10005.909000,24.984000,457.763672,459.479410,460.000000,770,2.236328,OpenLoop,FIFO,true,OpenLoop_FIFO,459.479410
13.680018,-1,18,9992.613000,17.597000,456.965110,459.102265,460.000000,770,3.034890,OpenLoop,FIFO,true,OpenLoop_FIFO,459.102265
13.690017,-1,18,9999.873000,17.470000,454.655674,458.435277,460.000000,770,5.344326,OpenLoop,FIFO,true,OpenLoop_FIFO,458.435277
13.700018,-1,18,10000.539000,18.009000,455.834684,458.045188,460.000000,770,4.165316,OpenLoop,FIFO,true,OpenLoop_FIFO,458.045188
13.710017,-1,18,9999.279000,17.288000,457.635983,457.983807,460.000000,770,2.364017,OpenLoop,FIFO,true,OpenLoop_FIFO,457.983807
13.720018,-1,18,10000.428000,17.716000,460.562227,458.370570,460.000000,770,-0.562227,OpenLoop,FIFO,true,OpenLoop_FIFO,458.370570
13.730022,-1,18,10003.836000,21.552000,460.203366,458.645490,460.000000,770,-0.203366,OpenLoop,FIFO,true,OpenLoop_FIFO,458.645490
13.740019,-1,18,9997.427000,18.979000,459.558824,458.782490,460.000000,770,0.441176,OpenLoop,FIFO,true,OpenLoop_FIFO,458.782490
13.750018,-1,18,9998.669000,17.648000,459.333660,458.865165,460.000000,770,0.666340,OpenLoop,FIFO,true,OpenLoop_FIFO,458.865165
13.760018,-1,18,10000.095000,17.743000,460.509307,459.111786,460.000000,770,-0.509307,OpenLoop,FIFO,true,OpenLoop_FIFO,459.111786
13.770017,-1,18,9999.076000,16.819000,459.988318,459.243266,460.000000,770,0.011682,OpenLoop,FIFO,true,OpenLoop_FIFO,459.243266
13.780018,-1,18,10000.779000,17.598000,463.344316,459.858424,460.000000,770,-3.344316,OpenLoop,FIFO,true,OpenLoop_FIFO,459.858424
13.790017,-1,18,9999.539000,17.137000,460.634066,459.974770,460.000000,770,-0.634066,OpenLoop,FIFO,true,OpenLoop_FIFO,459.974770
13.800024,-1,18,10006.835000,23.972000,459.558824,459.912378,460.000000,770,0.441176,OpenLoop,FIFO,true,OpenLoop_FIFO,459.912378
13.810021,-1,18,9996.706000,20.678000,456.786543,459.443503,460.000000,770,3.213457,OpenLoop,FIFO,true,OpenLoop_FIFO,459.443503
13.820023,-1,18,10001.854000,22.532000,454.655674,458.725329,460.000000,770,5.344326,OpenLoop,FIFO,true,OpenLoop_FIFO,458.725329
13.830019,-1,18,9996.002000,18.534000,455.329755,458.215992,460.000000,770,4.670245,OpenLoop,FIFO,true,OpenLoop_FIFO,458.215992
13.840021,-1,18,10002.391000,20.925000,458.435208,458.248875,460.000000,770,1.564792,OpenLoop,FIFO,true,OpenLoop_FIFO,458.248875
13.850019,-1,18,9998.094000,19.019000,459.796076,458.480955,460.000000,770,0.203924,OpenLoop,FIFO,true,OpenLoop_FIFO,458.480955
13.860019,-1,18,9999.928000,18.947000,460.687961,458.812006,460.000000,770,-0.687961,OpenLoop,FIFO,true,OpenLoop_FIFO,458.812006
13.870021,-1,18,10001.872000,20.819000,459.085052,458.852963,460.000000,770,0.914948,OpenLoop,FIFO,true,OpenLoop_FIFO,458.852963
13.880023,-1,18,10001.910000,22.729000,458.883994,458.857617,460.000000,770,1.116006,OpenLoop,FIFO,true,OpenLoop_FIFO,458.857617
13.890025,-1,18,10002.409000,25.138000,460.509307,459.105371,460.000000,770,-0.509307,OpenLoop,FIFO,true,OpenLoop_FIFO,459.105371
13.900024,-1,18,9999.095000,24.233000,459.773470,459.205586,460.000000,770,0.226530,OpenLoop,FIFO,true,OpenLoop_FIFO,459.205586
13.910019,-1,18,9995.039000,19.272000,463.344316,459.826395,460.000000,770,-3.344316,OpenLoop,FIFO,true,OpenLoop_FIFO,459.826395
13.920023,-1,18,10004.002000,23.274000,459.988318,459.850684,460.000000,770,0.011682,OpenLoop,FIFO,true,OpenLoop_FIFO,459.850684
13.930020,-1,18,9996.853000,20.127000,459.809264,459.844471,460.000000,770,0.190736,OpenLoop,FIFO,true,OpenLoop_FIFO,459.844471
13.940019,-1,18,9998.836000,18.963000,457.210869,459.449430,460.000000,770,2.789131,OpenLoop,FIFO,true,OpenLoop_FIFO,459.449430
13.950019,-1,18,9999.594000,18.557000,454.117330,458.649615,460.000000,770,5.882670,OpenLoop,FIFO,true,OpenLoop_FIFO,458.649615
13.960051,-1,18,10032.576000,51.133000,456.730769,458.361789,460.000000,770,3.269231,OpenLoop,FIFO,true,OpenLoop_FIFO,458.361789
13.970043,-1,18,9992.298000,43.431000,456.204380,458.038177,460.000000,770,3.795620,OpenLoop,FIFO,true,OpenLoop_FIFO,458.038177
13.980046,-1,18,10002.594000,46.025000,460.461690,458.401704,460.000000,770,-0.461690,OpenLoop,FIFO,true,OpenLoop_FIFO,458.401704
13.990057,-1,18,10010.687000,56.712000,459.333660,458.541497,460.000000,770,0.666340,OpenLoop,FIFO,true,OpenLoop_FIFO,458.541497
14.000039,-1,18,9981.966000,38.678000,458.809135,458.581643,460.000000,770,1.190865,OpenLoop,FIFO,true,OpenLoop_FIFO,458.581643
14.010047,-1,18,10007.890000,46.568000,459.773470,458.760417,460.000000,770,0.226530,OpenLoop,FIFO,true,OpenLoop_FIFO,458.760417
14.020045,-1,18,9998.299000,44.867000,458.559783,458.730322,460.000000,770,1.440217,OpenLoop,FIFO,true,OpenLoop_FIFO,458.730322
14.030065,-1,18,10020.464000,65.331000,460.418616,458.983566,460.000000,770,-0.418616,OpenLoop,FIFO,true,OpenLoop_FIFO,458.983566
14.040047,-1,18,9981.521000,46.852000,461.368110,459.341248,460.000000,770,-1.368110,OpenLoop,FIFO,true,OpenLoop_FIFO,459.341248
14.050050,-1,18,10003.187000,50.039000,461.141171,459.611236,460.000000,770,-1.141171,OpenLoop,FIFO,true,OpenLoop_FIFO,459.611236
14.060031,-1,18,9981.039000,31.078000,459.321815,459.567823,460.000000,770,0.678185,OpenLoop,FIFO,true,OpenLoop_FIFO,459.567823
14.070045,-1,18,10014.280000,45.358000,457.434515,459.247827,460.000000,770,2.565485,OpenLoop,FIFO,true,OpenLoop_FIFO,459.247827
14.080025,-1,18,9979.576000,24.934000,453.073652,458.321700,460.000000,770,6.926348,OpenLoop,FIFO,true,OpenLoop_FIFO,458.321700
14.090056,-1,18,10031.057000,55.991000,456.624094,458.067059,460.000000,770,3.375906,OpenLoop,FIFO,true,OpenLoop_FIFO,458.067059
14.100048,-1,18,9992.095000,48.086000,455.562660,457.691400,460.000000,770,4.437340,OpenLoop,FIFO,true,OpenLoop_FIFO,457.691400
14.110036,-1,18,9988.169000,36.255000,460.132964,458.057634,460.000000,770,-0.132964,OpenLoop,FIFO,true,OpenLoop_FIFO,458.057634
14.120037,-1,18,10000.298000,36.553000,459.829311,458.323386,460.000000,770,0.170689,OpenLoop,FIFO,true,OpenLoop_FIFO,458.323386
14.130057,-1,18,10020.205000,56.758000,457.387531,458.183008,460.000000,770,2.612469,OpenLoop,FIFO,true,OpenLoop_FIFO,458.183008
14.140042,-1,18,9985.706000,42.464000,460.959780,458.599523,460.000000,770,-0.959780,OpenLoop,FIFO,true,OpenLoop_FIFO,458.599523
14.150036,-1,18,9993.484000,35.948000,458.376222,458.566028,460.000000,770,1.623778,OpenLoop,FIFO,true,OpenLoop_FIFO,458.566028
14.160023,-1,18,9987.206000,23.154000,460.009814,458.782596,460.000000,770,-0.009814,OpenLoop,FIFO,true,OpenLoop_FIFO,458.782596
14.170008,-1,18,9985.299000,8.453000,461.822660,459.238606,460.000000,770,-1.822660,OpenLoop,FIFO,true,OpenLoop_FIFO,459.238606
14.180008,-1,18,9999.891000,8.344000,461.463731,459.572374,460.000000,770,-1.463731,OpenLoop,FIFO,true,OpenLoop_FIFO,459.572374
14.190007,-1,18,9998.798000,7.142000,459.558824,459.570342,460.000000,770,0.441176,OpenLoop,FIFO,true,OpenLoop_FIFO,459.570342
14.200006,-1,18,9999.021000,6.163000,457.904884,459.320523,460.000000,770,2.095116,OpenLoop,FIFO,true,OpenLoop_FIFO,459.320523
14.210008,-1,18,10001.594000,7.757000,453.336557,458.422928,460.000000,770,6.663443,OpenLoop,FIFO,true,OpenLoop_FIFO,458.422928
14.220009,-1,18,10000.928000,8.685000,456.029186,458.063867,460.000000,770,3.970814,OpenLoop,FIFO,true,OpenLoop_FIFO,458.063867
14.230010,-1,18,10000.984000,9.669000,455.982490,457.751660,460.000000,770,4.017510,OpenLoop,FIFO,true,OpenLoop_FIFO,457.751660
14.240008,-1,18,9998.298000,7.967000,460.461690,458.158165,460.000000,770,-0.461690,OpenLoop,FIFO,true,OpenLoop_FIFO,458.158165
14.250007,-1,18,9999.169000,7.136000,460.271318,458.475138,460.000000,770,-0.271318,OpenLoop,FIFO,true,OpenLoop_FIFO,458.475138
14.260019,-1,18,10012.094000,19.230000,457.540264,458.334907,460.000000,770,2.459736,OpenLoop,FIFO,true,OpenLoop_FIFO,458.334907
14.270008,-1,18,9988.854000,8.084000,460.235641,458.620017,460.000000,770,-0.235641,OpenLoop,FIFO,true,OpenLoop_FIFO,458.620017
14.280018,-1,18,10009.965000,18.049000,457.434515,458.442191,460.000000,770,2.565485,OpenLoop,FIFO,true,OpenLoop_FIFO,458.442191
14.290015,-1,18,9996.743000,14.792000,461.141171,458.847038,460.000000,770,-1.141171,OpenLoop,FIFO,true,OpenLoop_FIFO,458.847038
14.300010,-1,18,9995.132000,9.924000,461.368110,459.225199,460.000000,770,-1.368110,OpenLoop,FIFO,true,OpenLoop_FIFO,459.225199
14.310008,-1,18,9998.206000,8.130000,460.271318,459.382117,460.000000,770,-0.271318,OpenLoop,FIFO,true,OpenLoop_FIFO,459.382117
14.320009,-1,18,10000.446000,8.576000,460.235641,459.510145,460.000000,770,-0.235641,OpenLoop,FIFO,true,OpenLoop_FIFO,459.510145
14.330008,-1,18,9999.595000,8.171000,457.987298,459.281718,460.000000,770,2.012702,OpenLoop,FIFO,true,OpenLoop_FIFO,459.281718
14.340008,-1,18,10000.002000,8.173000,453.937309,458.480057,460.000000,770,6.062691,OpenLoop,FIFO,true,OpenLoop_FIFO,458.480057
14.350011,-1,18,10002.539000,10.712000,455.588553,458.046331,460.000000,770,4.411447,OpenLoop,FIFO,true,OpenLoop_FIFO,458.046331
14.360011,-1,18,10000.724000,11.436000,455.097087,457.603945,460.000000,770,4.902913,OpenLoop,FIFO,true,OpenLoop_FIFO,457.603945
14.370008,-1,18,9996.854000,8.290000,461.822660,458.236752,460.000000,770,-1.822660,OpenLoop,FIFO,true,OpenLoop_FIFO,458.236752
14.380006,-1,18,9998.095000,6.385000,459.321815,458.399512,460.000000,770,0.678185,OpenLoop,FIFO,true,OpenLoop_FIFO,458.399512
14.390007,-1,18,10000.520000,6.905000,458.883994,458.472184,460.000000,770,1.116006,OpenLoop,FIFO,true,OpenLoop_FIFO,458.472184
14.400007,-1,18,10000.465000,7.370000,460.009814,458.702828,460.000000,770,-0.009814,OpenLoop,FIFO,true,OpenLoop_FIFO,458.702828
14.410043,-1,18,10035.724000,43.094000,459.333660,458.797453,460.000000,770,0.666340,OpenLoop,FIFO,true,OpenLoop_FIFO,458.797453
14.420025,-1,18,9981.762000,24.856000,460.310966,459.024480,460.000000,770,-0.310966,OpenLoop,FIFO,true,OpenLoop_FIFO,459.024480
14.430062,-1,18,10036.871000,61.727000,462.734452,459.580976,460.000000,770,-2.734452,OpenLoop,FIFO,true,OpenLoop_FIFO,459.580976
14.440055,-1,18,9993.317000,55.044000,459.927750,459.632992,460.000000,770,0.072250,OpenLoop,FIFO,true,OpenLoop_FIFO,459.632992
14.450035,-1,18,9980.280000,35.324000,462.632964,460.082988,460.000000,770,-2.632964,OpenLoop,FIFO,true,OpenLoop_FIFO,460.082988
14.460030,-1,18,9994.614000,29.938000,457.423327,459.684039,460.000000,770,2.576673,OpenLoop,FIFO,true,OpenLoop_FIFO,459.684039
14.470028,-1,18,9997.650000,27.588000,455.588553,459.069716,460.000000,770,4.411447,OpenLoop,FIFO,true,OpenLoop_FIFO,459.069716
14.480017,-1,18,9989.669000,17.257000,454.876274,458.440699,460.000000,770,5.123726,OpenLoop,FIFO,true,OpenLoop_FIFO,458.440699
14.490019,-1,18,10001.335000,18.592000,455.539359,458.005498,460.000000,770,4.460641,OpenLoop,FIFO,true,OpenLoop_FIFO,458.005498
14.500013,-1,18,9994.725000,13.317000,460.009814,458.306146,460.000000,770,-0.009814,OpenLoop,FIFO,true,OpenLoop_FIFO,458.306146
14.510024,-1,18,10010.798000,24.115000,460.033574,458.565260,460.000000,770,-0.033574,OpenLoop,FIFO,true,OpenLoop_FIFO,458.565260
14.520039,-1,18,10015.353000,39.468000,458.848532,458.607751,460.000000,770,1.151468,OpenLoop,FIFO,true,OpenLoop_FIFO,458.607751
14.530040,-1,18,10000.113000,39.581000,459.085052,458.679346,460.000000,770,0.914948,OpenLoop,FIFO,true,OpenLoop_FIFO,458.679346
14.540026,-1,18,9986.355000,25.936000,457.763672,458.541995,460.000000,770,2.236328,OpenLoop,FIFO,true,OpenLoop_FIFO,458.541995
14.550021,-1,18,9995.150000,21.086000,460.634066,458.855805,460.000000,770,-0.634066,OpenLoop,FIFO,true,OpenLoop_FIFO,458.855805
14.560021,-1,18,9999.946000,21.032000,461.702955,459.282878,460.000000,770,-1.702955,OpenLoop,FIFO,true,OpenLoop_FIFO,459.282878
14.570023,-1,18,10002.206000,23.238000,460.009814,459.391918,460.000000,770,-0.009814,OpenLoop,FIFO,true,OpenLoop_FIFO,459.391918
14.580029,-1,18,10005.298000,28.536000,462.662338,459.882481,460.000000,770,-2.662338,OpenLoop,FIFO,true,OpenLoop_FIFO,459.882481
14.590023,-1,18,9994.873000,23.409000,457.434515,459.515286,460.000000,770,2.565485,OpenLoop,FIFO,true,OpenLoop_FIFO,459.515286
14.600026,-1,18,10002.632000,26.041000,454.676674,458.789494,460.000000,770,5.323326,OpenLoop,FIFO,true,OpenLoop_FIFO,458.789494
14.610024,-1,18,9997.520000,23.561000,455.834684,458.346273,460.000000,770,4.165316,OpenLoop,FIFO,true,OpenLoop_FIFO,458.346273
14.620052,-1,18,10028.113000,51.674000,454.122476,457.712703,460.000000,770,5.877524,OpenLoop,FIFO,true,OpenLoop_FIFO,457.712703
14.630025,-1,18,9973.762000,25.436000,461.108769,458.222113,460.000000,770,-1.108769,OpenLoop,FIFO,true,OpenLoop_FIFO,458.222113
14.640025,-1,18,9999.224000,24.660000,459.321815,458.387068,460.000000,770,0.678185,OpenLoop,FIFO,true,OpenLoop_FIFO,458.387068
14.650018,-1,18,9993.335000,17.995000,458.702237,458.434344,460.000000,770,1.297763,OpenLoop,FIFO,true,OpenLoop_FIFO,458.434344
14.660018,-1,18,9999.928000,17.923000,459.308655,458.565490,460.000000,770,0.691345,OpenLoop,FIFO,true,OpenLoop_FIFO,458.565490
14.670018,-1,18,9999.651000,17.574000,457.987298,458.478762,460.000000,770,2.012702,OpenLoop,FIFO,true,OpenLoop_FIFO,458.478762
14.680022,-1,18,10004.113000,21.687000,461.463731,458.926507,460.000000,770,-1.463731,OpenLoop,FIFO,true,OpenLoop_FIFO,458.926507
14.690022,-1,18,10000.613000,22.300000,460.849719,459.214989,460.000000,770,-0.849719,OpenLoop,FIFO,true,OpenLoop_FIFO,459.214989
14.700035,-1,18,10012.613000,34.913000,461.570022,459.568244,460.000000,770,-1.570022,OpenLoop,FIFO,true,OpenLoop_FIFO,459.568244
14.710047,-1,18,10012.335000,47.248000,460.461690,459.702261,460.000000,770,-0.461690,OpenLoop,FIFO,true,OpenLoop_FIFO,459.702261
14.720027,-1,18,9979.817000,27.065000,458.376222,459.503355,460.000000,770,1.623778,OpenLoop,FIFO,true,OpenLoop_FIFO,459.503355
14.730052,-1,18,10024.687000,51.752000,455.760817,458.941974,460.000000,770,4.239183,OpenLoop,FIFO,true,OpenLoop_FIFO,458.941974
14.740026,-1,18,9974.354000,26.106000,454.168791,458.225997,460.000000,770,5.831209,OpenLoop,FIFO,true,OpenLoop_FIFO,458.225997
14.750034,-1,18,10008.354000,34.460000,454.215116,457.624365,460.000000,770,5.784884,OpenLoop,FIFO,true,OpenLoop_FIFO,457.624365
14.760037,-1,18,10002.206000,36.666000,460.747543,458.092841,460.000000,770,-0.747543,OpenLoop,FIFO,true,OpenLoop_FIFO,458.092841
14.770025,-1,18,9988.446000,25.112000,459.763709,458.343472,460.000000,770,0.236291,OpenLoop,FIFO,true,OpenLoop_FIFO,458.343472
14.780027,-1,18,10001.743000,26.855000,458.559783,458.375918,460.000000,770,1.440217,OpenLoop,FIFO,true,OpenLoop_FIFO,458.375918
14.790035,-1,18,10007.687000,34.542000,459.108717,458.485838,460.000000,770,0.891283,OpenLoop,FIFO,true,OpenLoop_FIFO,458.485838
14.800028,-1,18,9993.873000,28.415000,457.904884,458.398695,460.000000,770,2.095116,OpenLoop,FIFO,true,OpenLoop_FIFO,458.398695
14.810022,-1,18,9993.835000,22.250000,461.714353,458.896044,460.000000,770,-1.714353,OpenLoop,FIFO,true,OpenLoop_FIFO,458.896044
14.820037,-1,18,10015.206000,37.456000,461.065574,459.221473,460.000000,770,-1.065574,OpenLoop,FIFO,true,OpenLoop_FIFO,459.221473
14.830021,-1,18,9983.632000,21.088000,462.147887,459.660435,460.000000,770,-2.147887,OpenLoop,FIFO,true,OpenLoop_FIFO,459.660435
14.840011,-1,18,9989.502000,10.590000,460.009814,459.712842,460.000000,770,-0.009814,OpenLoop,FIFO,true,OpenLoop_FIFO,459.712842
14.850016,-1,18,10005.780000,16.370000,458.809135,459.577286,460.000000,770,1.190865,OpenLoop,FIFO,true,OpenLoop_FIFO,459.577286
14.860057,-1,18,10040.149000,56.519000,455.729167,459.000068,460.000000,770,4.270833,OpenLoop,FIFO,true,OpenLoop_FIFO,459.000068
14.870036,-1,18,9979.910000,36.429000,454.606681,458.341060,460.000000,770,5.393319,OpenLoop,FIFO,true,OpenLoop_FIFO,458.341060
14.880029,-1,18,9992.410000,28.839000,455.329755,457.889364,460.000000,770,4.670245,OpenLoop,FIFO,true,OpenLoop_FIFO,457.889364
14.890035,-1,18,10005.835000,34.674000,459.130131,458.075479,460.000000,770,0.869869,OpenLoop,FIFO,true,OpenLoop_FIFO,458.075479
14.900037,-1,18,10001.891000,36.565000,459.321815,458.262430,460.000000,770,0.678185,OpenLoop,FIFO,true,OpenLoop_FIFO,458.262430
14.910048,-1,18,10011.113000,47.678000,459.274443,458.414232,460.000000,770,0.725557,OpenLoop,FIFO,true,OpenLoop_FIFO,458.414232
14.920030,-1,18,9982.447000,30.125000,460.031311,458.656794,460.000000,770,-0.031311,OpenLoop,FIFO,true,OpenLoop_FIFO,458.656794
14.930036,-1,18,10005.631000,35.756000,457.317073,458.455836,460.000000,770,2.682927,OpenLoop,FIFO,true,OpenLoop_FIFO,458.455836
14.940017,-1,18,9980.817000,16.573000,461.065574,458.847296,460.000000,770,-1.065574,OpenLoop,FIFO,true,OpenLoop_FIFO,458.847296
14.950064,-1,18,10047.076000,63.649000,460.089492,459.033626,460.000000,770,-0.089492,OpenLoop,FIFO,true,OpenLoop_FIFO,459.033626
14.960042,-1,18,9978.243000,41.892000,462.029570,459.483017,460.000000,770,-2.029570,OpenLoop,FIFO,true,OpenLoop_FIFO,459.483017
14.970043,-1,18,10001.187000,43.079000,461.224754,459.744278,460.000000,770,-1.224754,OpenLoop,FIFO,true,OpenLoop_FIFO,459.744278
14.980039,-1,18,9996.187000,39.266000,457.380820,459.389759,460.000000,770,2.619180,OpenLoop,FIFO,true,OpenLoop_FIFO,459.389759
14.990021,-1,18,9981.558000,20.824000,456.309560,458.927729,460.000000,770,3.690440,OpenLoop,FIFO,true,OpenLoop_FIFO,458.927729
15.000008,-1,18,9987.632000,8.456000,453.706062,458.144479,460.000000,770,6.293938,OpenLoop,FIFO,true,OpenLoop_FIFO,458.144479
15.010008,-1,18,9999.910000,8.366000,454.876274,457.654248,460.000000,770,5.123726,OpenLoop,FIFO,true,OpenLoop_FIFO,457.654248
15.020011,-1,18,10002.835000,11.201000,459.321815,457.904383,460.000000,770,0.678185,OpenLoop,FIFO,true,OpenLoop_FIFO,457.904383
15.030010,-1,18,9999.113000,10.314000,459.108717,458.085033,460.000000,770,0.891283,OpenLoop,FIFO,true,OpenLoop_FIFO,458.085033
15.040013,-1,18,10002.243000,12.557000,459.108717,458.238586,460.000000,770,0.891283,OpenLoop,FIFO,true,OpenLoop_FIFO,458.238586
15.050008,-1,18,9995.372000,7.929000,459.321815,458.401070,460.000000,770,0.678185,OpenLoop,FIFO,true,OpenLoop_FIFO,458.401070
15.060019,-1,18,10011.039000,18.968000,458.211144,458.372581,460.000000,770,1.788856,OpenLoop,FIFO,true,OpenLoop_FIFO,458.372581
15.070015,-1,18,9995.873000,14.841000,461.595273,458.855985,460.000000,770,-1.595273,OpenLoop,FIFO,true,OpenLoop_FIFO,458.855985
15.080015,-1,18,10000.131000,14.972000,460.813763,459.149652,460.000000,770,-0.813763,OpenLoop,FIFO,true,OpenLoop_FIFO,459.149652
15.090008,-1,18,9993.521000,8.493000,462.050271,459.584745,460.000000,770,-2.050271,OpenLoop,FIFO,true,OpenLoop_FIFO,459.584745
15.100021,-1,18,10012.798000,21.291000,460.986025,459.794937,460.000000,770,-0.986025,OpenLoop,FIFO,true,OpenLoop_FIFO,459.794937
15.110008,-1,18,9986.929000,8.220000,456.648807,459.323017,460.000000,770,3.351193,OpenLoop,FIFO,true,OpenLoop_FIFO,459.323017
15.120007,-1,18,9999.039000,7.259000,459.108717,459.290872,460.000000,770,0.891283,OpenLoop,FIFO,true,OpenLoop_FIFO,459.290872
15.130014,-1,18,10006.483000,13.742000,453.475051,458.418499,460.000000,770,6.524949,OpenLoop,FIFO,true,OpenLoop_FIFO,458.418499
15.140009,-1,18,9995.077000,8.819000,454.876274,457.887165,460.000000,770,5.123726,OpenLoop,FIFO,true,OpenLoop_FIFO,457.887165
15.150007,-1,18,9998.335000,7.154000,458.612255,457.995929,460.000000,770,1.387745,OpenLoop,FIFO,true,OpenLoop_FIFO,457.995929
15.160007,-1,18,10000.095000,7.249000,459.558824,458.230363,460.000000,770,0.441176,OpenLoop,FIFO,true,OpenLoop_FIFO,458.230363
15.170014,-1,18,10006.984000,14.233000,460.914454,458.632977,460.000000,770,-0.914454,OpenLoop,FIFO,true,OpenLoop_FIFO,458.632977
15.180009,-1,18,9994.872000,9.105000,458.612255,458.629868,460.000000,770,1.387745,OpenLoop,FIFO,true,OpenLoop_FIFO,458.629868
15.190007,-1,18,9998.113000,7.218000,458.435208,458.600669,460.000000,770,1.564792,OpenLoop,FIFO,true,OpenLoop_FIFO,458.600669
15.200011,-1,18,10004.077000,11.295000,460.747543,458.922700,460.000000,770,-0.747543,OpenLoop,FIFO,true,OpenLoop_FIFO,458.922700
15.210025,-1,18,10013.279000,24.574000,461.281631,459.276540,460.000000,770,-1.281631,OpenLoop,FIFO,true,OpenLoop_FIFO,459.276540
15.220013,-1,18,9988.632000,13.206000,461.595273,459.624350,460.000000,770,-1.595273,OpenLoop,FIFO,true,OpenLoop_FIFO,459.624350
15.230010,-1,18,9997.095000,10.301000,461.702955,459.936141,460.000000,770,-1.702955,OpenLoop,FIFO,true,OpenLoop_FIFO,459.936141
15.240008,-1,18,9997.669000,7.970000,456.871345,459.476421,460.000000,770,3.128655,OpenLoop,FIFO,true,OpenLoop_FIFO,459.476421
15.250007,-1,18,9999.502000,7.472000,457.434515,459.170135,460.000000,770,2.565485,OpenLoop,FIFO,true,OpenLoop_FIFO,459.170135
15.260009,-1,18,10001.262000,8.734000,453.336557,458.295099,460.000000,770,6.663443,OpenLoop,FIFO,true,OpenLoop_FIFO,458.295099
15.270007,-1,18,9998.465000,7.199000,455.562660,457.885233,460.000000,770,4.437340,OpenLoop,FIFO,true,OpenLoop_FIFO,457.885233
15.280007,-1,18,9999.465000,6.664000,458.435208,457.967729,460.000000,770,1.564792,OpenLoop,FIFO,true,OpenLoop_FIFO,457.967729
15.290010,-1,18,10003.020000,9.684000,459.321815,458.170842,460.000000,770,0.678185,OpenLoop,FIFO,true,OpenLoop_FIFO,458.170842
15.300008,-1,18,9998.206000,7.890000,461.141171,458.616391,460.000000,770,-1.141171,OpenLoop,FIFO,true,OpenLoop_FIFO,458.616391
15.310014,-1,18,10006.317000,14.207000,458.659491,458.622856,460.000000,770,1.340509,OpenLoop,FIFO,true,OpenLoop_FIFO,458.622856
15.320009,-1,18,9994.410000,8.617000,458.501151,458.604600,460.000000,770,1.498849,OpenLoop,FIFO,true,OpenLoop_FIFO,458.604600
15.330007,-1,18,9998.706000,7.323000,460.461690,458.883164,460.000000,770,-0.461690,OpenLoop,FIFO,true,OpenLoop_FIFO,458.883164
15.340007,-1,18,9999.854000,7.177000,460.235641,459.086035,460.000000,770,-0.235641,OpenLoop,FIFO,true,OpenLoop_FIFO,459.086035
15.350007,-1,18,9999.835000,7.012000,462.962963,459.667574,460.000000,770,-2.962963,OpenLoop,FIFO,true,OpenLoop_FIFO,459.667574
15.360007,-1,18,10000.002000,7.014000,460.271318,459.758136,460.000000,770,-0.271318,OpenLoop,FIFO,true,OpenLoop_FIFO,459.758136
15.370007,-1,18,9999.743000,6.757000,459.784208,459.762047,460.000000,770,0.215792,OpenLoop,FIFO,true,OpenLoop_FIFO,459.762047
15.380007,-1,18,10000.169000,6.926000,456.496668,459.272240,460.000000,770,3.503332,OpenLoop,FIFO,true,OpenLoop_FIFO,459.272240
15.390007,-1,18,9999.743000,6.669000,454.655674,458.579755,460.000000,770,5.344326,OpenLoop,FIFO,true,OpenLoop_FIFO,458.579755
15.400007,-1,18,10000.039000,6.708000,454.864658,458.022491,460.000000,770,5.135342,OpenLoop,FIFO,true,OpenLoop_FIFO,458.022491
15.410010,-1,18,10003.632000,10.340000,457.763672,457.983668,460.000000,770,2.236328,OpenLoop,FIFO,true,OpenLoop_FIFO,457.983668
15.420011,-1,18,10000.428000,10.768000,459.321815,458.184390,460.000000,770,0.678185,OpenLoop,FIFO,true,OpenLoop_FIFO,458.184390
15.430007,-1,18,9996.095000,6.863000,460.687961,458.559926,460.000000,770,-0.687961,OpenLoop,FIFO,true,OpenLoop_FIFO,458.559926
15.440007,-1,18,9999.798000,6.661000,458.659491,458.574860,460.000000,770,1.340509,OpenLoop,FIFO,true,OpenLoop_FIFO,458.574860
15.450006,-1,18,9999.780000,6.441000,458.848532,458.615911,460.000000,770,1.151468,OpenLoop,FIFO,true,OpenLoop_FIFO,458.615911
15.460010,-1,18,10003.262000,9.703000,460.687961,458.926718,460.000000,770,-0.687961,OpenLoop,FIFO,true,OpenLoop_FIFO,458.926718
15.470018,-1,18,10008.020000,17.723000,459.558824,459.021534,460.000000,770,0.441176,OpenLoop,FIFO,true,OpenLoop_FIFO,459.021534
15.480010,-1,18,9992.484000,10.207000,463.420662,459.681403,460.000000,770,-3.420662,OpenLoop,FIFO,true,OpenLoop_FIFO,459.681403
15.490009,-1,18,9998.354000,8.561000,459.558824,459.663016,460.000000,770,0.441176,OpenLoop,FIFO,true,OpenLoop_FIFO,459.663016
15.500008,-1,18,9999.687000,8.248000,459.558824,459.647388,460.000000,770,0.441176,OpenLoop,FIFO,true,OpenLoop_FIFO,459.647388
15.510009,-1,18,10000.873000,9.121000,456.730769,459.209895,460.000000,770,3.269231,OpenLoop,FIFO,true,OpenLoop_FIFO,459.209895
15.520009,-1,18,9999.595000,8.716000,454.215116,458.460678,460.000000,770,5.784884,OpenLoop,FIFO,true,OpenLoop_FIFO,458.460678
15.530016,-1,18,10007.705000,16.421000,456.426485,458.155549,460.000000,770,3.573515,OpenLoop,FIFO,true,OpenLoop_FIFO,458.155549
15.540019,-1,18,10002.373000,18.794000,457.669579,458.082653,460.000000,770,2.330421,OpenLoop,FIFO,true,OpenLoop_FIFO,458.082653
15.550009,-1,18,9990.502000,9.296000,459.784208,458.337887,460.000000,770,0.215792,OpenLoop,FIFO,true,OpenLoop_FIFO,458.337887
15.560015,-1,18,10005.595000,14.891000,460.461690,458.656457,460.000000,770,-0.461690,OpenLoop,FIFO,true,OpenLoop_FIFO,458.656457
15.570009,-1,18,9993.761000,8.652000,459.333660,458.758038,460.000000,770,0.666340,OpenLoop,FIFO,true,OpenLoop_FIFO,458.758038
15.580009,-1,18,10000.354000,9.006000,458.848532,458.771612,460.000000,770,1.151468,OpenLoop,FIFO,true,OpenLoop_FIFO,458.771612
15.590008,-1,18,9999.262000,8.268000,460.009814,458.957342,460.000000,770,-0.009814,OpenLoop,FIFO,true,OpenLoop_FIFO,458.957342
15.600009,-1,18,10000.317000,8.585000,459.558824,459.047564,460.000000,770,0.441176,OpenLoop,FIFO,true,OpenLoop_FIFO,459.047564
15.610008,-1,18,9999.798000,8.383000,463.867188,459.770508,460.000000,770,-3.867188,OpenLoop,FIFO,true,OpenLoop_FIFO,459.770508
15.620011,-1,18,10002.928000,11.311000,460.009814,459.806404,460.000000,770,-0.009814,OpenLoop,FIFO,true,OpenLoop_FIFO,459.806404
15.630008,-1,18,9996.984000,8.295000,459.333660,459.735492,460.000000,770,0.666340,OpenLoop,FIFO,true,OpenLoop_FIFO,459.735492
15.640013,-1,18,10004.965000,13.260000,458.237493,459.510792,460.000000,770,1.762507,OpenLoop,FIFO,true,OpenLoop_FIFO,459.510792
15.650011,-1,18,9997.854000,11.114000,453.117448,458.551791,460.000000,770,6.882552,OpenLoop,FIFO,true,OpenLoop_FIFO,458.551791
15.660011,-1,18,9999.780000,10.894000,456.965110,458.313788,460.000000,770,3.034890,OpenLoop,FIFO,true,OpenLoop_FIFO,458.313788
15.670008,-1,18,9996.743000,7.637000,457.094100,458.130835,460.000000,770,2.905900,OpenLoop,FIFO,true,OpenLoop_FIFO,458.130835
15.680008,-1,18,9999.928000,7.565000,460.687961,458.514404,460.000000,770,-0.687961,OpenLoop,FIFO,true,OpenLoop_FIFO,458.514404
15.690007,-1,18,9999.317000,6.882000,460.033574,458.742280,460.000000,770,-0.033574,OpenLoop,FIFO,true,OpenLoop_FIFO,458.742280
15.700007,-1,18,10000.206000,7.088000,458.211144,458.662609,460.000000,770,1.788856,OpenLoop,FIFO,true,OpenLoop_FIFO,458.662609
15.710007,-1,18,10000.298000,7.386000,460.033574,458.868254,460.000000,770,-0.033574,OpenLoop,FIFO,true,OpenLoop_FIFO,458.868254
15.720008,-1,18,10000.169000,7.555000,459.333660,458.938065,460.000000,770,0.666340,OpenLoop,FIFO,true,OpenLoop_FIFO,458.938065
15.730009,-1,18,10001.632000,9.187000,460.461690,459.166609,460.000000,770,-0.461690,OpenLoop,FIFO,true,OpenLoop_FIFO,459.166609
15.740017,-1,18,10007.798000,16.985000,461.822660,459.565016,460.000000,770,-1.822660,OpenLoop,FIFO,true,OpenLoop_FIFO,459.565016
15.750013,-1,18,9996.354000,13.339000,459.796076,459.599675,460.000000,770,0.203924,OpenLoop,FIFO,true,OpenLoop_FIFO,459.599675
15.760008,-1,18,9995.021000,8.360000,458.883994,459.492323,460.000000,770,1.116006,OpenLoop,FIFO,true,OpenLoop_FIFO,459.492323
15.770007,-1,18,9998.576000,6.936000,457.199692,459.148428,460.000000,770,2.800308,OpenLoop,FIFO,true,OpenLoop_FIFO,459.148428
15.780007,-1,18,9999.947000,6.883000,453.117448,458.243781,460.000000,770,6.882552,OpenLoop,FIFO,true,OpenLoop_FIFO,458.243781
15.790018,-1,18,10010.632000,17.515000,455.760817,457.871337,460.000000,770,4.239183,OpenLoop,FIFO,true,OpenLoop_FIFO,457.871337
15.800013,-1,18,9995.391000,12.906000,455.329755,457.490099,460.000000,770,4.670245,OpenLoop,FIFO,true,OpenLoop_FIFO,457.490099
15.810011,-1,18,9998.520000,11.426000,460.009814,457.868057,460.000000,770,-0.009814,OpenLoop,FIFO,true,OpenLoop_FIFO,457.868057
15.820010,-1,18,9998.095000,9.521000,459.558824,458.121672,460.000000,770,0.441176,OpenLoop,FIFO,true,OpenLoop_FIFO,458.121672
15.830007,-1,18,9997.632000,7.153000,458.435208,458.168702,460.000000,770,1.564792,OpenLoop,FIFO,true,OpenLoop_FIFO,458.168702
15.840007,-1,18,9999.928000,7.081000,460.009814,458.444869,460.000000,770,-0.009814,OpenLoop,FIFO,true,OpenLoop_FIFO,458.444869
15.850007,-1,18,9999.688000,6.769000,457.669579,458.328575,460.000000,770,2.330421,OpenLoop,FIFO,true,OpenLoop_FIFO,458.328575
15.860007,-1,18,10000.113000,6.882000,460.235641,458.614635,460.000000,770,-0.235641,OpenLoop,FIFO,true,OpenLoop_FIFO,458.614635
15.870007,-1,18,10000.335000,7.217000,461.822660,459.095839,460.000000,770,-1.822660,OpenLoop,FIFO,true,OpenLoop_FIFO,459.095839
15.880007,-1,18,9999.706000,6.923000,461.224754,459.415176,460.000000,770,-1.224754,OpenLoop,FIFO,true,OpenLoop_FIFO,459.415176
15.890006,-1,18,9999.447000,6.370000,459.108717,459.369207,460.000000,770,0.891283,OpenLoop,FIFO,true,OpenLoop_FIFO,459.369207
15.900007,-1,18,10000.169000,6.539000,457.317073,459.061387,460.000000,770,2.682927,OpenLoop,FIFO,true,OpenLoop_FIFO,459.061387
15.910006,-1,18,9999.705000,6.244000,453.244275,458.188820,460.000000,770,6.755725,OpenLoop,FIFO,true,OpenLoop_FIFO,458.188820
15.920007,-1,18,10000.558000,6.802000,456.029186,457.864875,460.000000,770,3.970814,OpenLoop,FIFO,true,OpenLoop_FIFO,457.864875
15.930006,-1,18,9999.613000,6.415000,455.760817,457.549266,460.000000,770,4.239183,OpenLoop,FIFO,true,OpenLoop_FIFO,457.549266
15.940006,-1,18,9999.947000,6.362000,459.784208,457.884508,460.000000,770,0.215792,OpenLoop,FIFO,true,OpenLoop_FIFO,457.884508
15.950006,-1,18,10000.039000,6.401000,460.271318,458.242529,460.000000,770,-0.271318,OpenLoop,FIFO,true,OpenLoop_FIFO,458.242529
15.960007,-1,18,10000.206000,6.607000,457.540264,458.137189,460.000000,770,2.459736,OpenLoop,FIFO,true,OpenLoop_FIFO,458.137189
15.970006,-1,18,9999.854000,6.461000,460.271318,458.457309,460.000000,770,-0.271318,OpenLoop,FIFO,true,OpenLoop_FIFO,458.457309
15.980006,-1,18,10000.021000,6.482000,458.883994,458.521311,460.000000,770,1.116006,OpenLoop,FIFO,true,OpenLoop_FIFO,458.521311
15.990006,-1,18,9999.891000,6.373000,461.368110,458.948331,460.000000,770,-1.368110,OpenLoop,FIFO,true,OpenLoop_FIFO,458.948331
16.000007,-1,18,10000.224000,6.597000,461.702955,459.361525,460.000000,770,-1.702955,OpenLoop,FIFO,true,OpenLoop_FIFO,459.361525
16.010007,-1,18,9999.947000,6.544000,461.141171,459.628472,460.000000,770,-1.141171,OpenLoop,FIFO,true,OpenLoop_FIFO,459.628472
16.020008,-1,18,10001.595000,8.139000,460.914454,459.821369,460.000000,770,-0.914454,OpenLoop,FIFO,true,OpenLoop_FIFO,459.821369
16.030007,-1,18,9998.891000,7.030000,457.434515,459.463341,460.000000,770,2.565485,OpenLoop,FIFO,true,OpenLoop_FIFO,459.463341
16.040007,-1,18,9999.724000,6.754000,454.435288,458.709133,460.000000,770,5.564712,OpenLoop,FIFO,true,OpenLoop_FIFO,458.709133
16.050011,-1,18,10004.465000,11.219000,455.329755,458.202226,460.000000,770,4.670245,OpenLoop,FIFO,true,OpenLoop_FIFO,458.202226
16.060013,-1,18,10001.484000,12.703000,454.361874,457.626173,460.000000,770,5.638126,OpenLoop,FIFO,true,OpenLoop_FIFO,457.626173
16.070010,-1,18,9997.446000,10.149000,461.463731,458.201807,460.000000,770,-1.463731,OpenLoop,FIFO,true,OpenLoop_FIFO,458.201807
16.080014,-1,18,10003.873000,14.022000,458.435208,458.236817,460.000000,770,1.564792,OpenLoop,FIFO,true,OpenLoop_FIFO,458.236817
16.090008,-1,18,9994.243000,8.265000,458.435208,458.266576,460.000000,770,1.564792,OpenLoop,FIFO,true,OpenLoop_FIFO,458.266576
16.100007,-1,18,9998.909000,7.174000,459.321815,458.424862,460.000000,770,0.678185,OpenLoop,FIFO,true,OpenLoop_FIFO,458.424862
16.110007,-1,18,9999.595000,6.769000,457.987298,458.359227,460.000000,770,2.012702,OpenLoop,FIFO,true,OpenLoop_FIFO,458.359227
16.120016,-1,18,10009.132000,15.901000,460.235641,458.640689,460.000000,770,-0.235641,OpenLoop,FIFO,true,OpenLoop_FIFO,458.640689
16.130016,-1,18,10000.465000,16.366000,461.595273,459.083877,460.000000,770,-1.595273,OpenLoop,FIFO,true,OpenLoop_FIFO,459.083877
16.140015,-1,18,9998.503000,14.869000,460.009814,459.222767,460.000000,770,-0.009814,OpenLoop,FIFO,true,OpenLoop_FIFO,459.222767
16.150007,-1,18,9992.280000,7.149000,461.822660,459.612751,460.000000,770,-1.822660,OpenLoop,FIFO,true,OpenLoop_FIFO,459.612751
16.160007,-1,18,10000.280000,7.429000,455.562660,459.005238,460.000000,770,4.437340,OpenLoop,FIFO,true,OpenLoop_FIFO,459.005238
16.170008,-1,18,10001.002000,8.431000,455.329755,458.453915,460.000000,770,4.670245,OpenLoop,FIFO,true,OpenLoop_FIFO,458.453915
16.180009,-1,18,10000.410000,8.841000,454.655674,457.884179,460.000000,770,5.344326,OpenLoop,FIFO,true,OpenLoop_FIFO,457.884179
16.190007,-1,18,9997.965000,6.806000,455.539359,457.532456,460.000000,770,4.460641,OpenLoop,FIFO,true,OpenLoop_FIFO,457.532456
16.200016,-1,18,10008.984000,15.790000,460.986025,458.050491,460.000000,770,-0.986025,OpenLoop,FIFO,true,OpenLoop_FIFO,458.050491
16.210016,-1,18,10000.131000,15.921000,459.784208,458.310549,460.000000,770,0.215792,OpenLoop,FIFO,true,OpenLoop_FIFO,458.310549
16.220009,-1,18,9993.447000,9.368000,459.784208,458.531598,460.000000,770,0.215792,OpenLoop,FIFO,true,OpenLoop_FIFO,458.531598
16.230011,-1,18,10001.317000,10.685000,459.784208,458.719489,460.000000,770,0.215792,OpenLoop,FIFO,true,OpenLoop_FIFO,458.719489
16.240008,-1,18,9997.595000,8.280000,457.974138,458.607686,460.000000,770,2.025862,OpenLoop,FIFO,true,OpenLoop_FIFO,458.607686
16.250006,-1,18,9998.021000,6.301000,461.368110,459.021750,460.000000,770,-1.368110,OpenLoop,FIFO,true,OpenLoop_FIFO,459.021750
16.260007,-1,18,10000.336000,6.637000,461.822660,459.441887,460.000000,770,-1.822660,OpenLoop,FIFO,true,OpenLoop_FIFO,459.441887
16.270007,-1,18,10000.002000,6.639000,460.986025,459.673507,460.000000,770,-0.986025,OpenLoop,FIFO,true,OpenLoop_FIFO,459.673507
16.280007,-1,18,9999.910000,6.549000,461.368110,459.927698,460.000000,770,-1.368110,OpenLoop,FIFO,true,OpenLoop_FIFO,459.927698
16.290007,-1,18,10000.076000,6.625000,458.376222,459.694976,460.000000,770,1.623778,OpenLoop,FIFO,true,OpenLoop_FIFO,459.694976
16.300007,-1,18,9999.891000,6.516000,455.318116,459.038447,460.000000,770,4.681884,OpenLoop,FIFO,true,OpenLoop_FIFO,459.038447
16.310007,-1,18,10000.169000,6.685000,454.876274,458.414121,460.000000,770,5.123726,OpenLoop,FIFO,true,OpenLoop_FIFO,458.414121
16.320007,-1,18,10000.243000,6.928000,454.632466,457.846873,460.000000,770,5.367534,OpenLoop,FIFO,true,OpenLoop_FIFO,457.846873
16.330006,-1,18,9999.484000,6.412000,460.461690,458.239095,460.000000,770,-0.461690,OpenLoop,FIFO,true,OpenLoop_FIFO,458.239095
16.340007,-1,18,10000.113000,6.525000,459.796076,458.472643,460.000000,770,0.203924,OpenLoop,FIFO,true,OpenLoop_FIFO,458.472643
16.350006,-1,18,9999.725000,6.250000,458.659491,458.500670,460.000000,770,1.340509,OpenLoop,FIFO,true,OpenLoop_FIFO,458.500670
16.360010,-1,18,10003.428000,9.678000,460.271318,458.766267,460.000000,770,-0.271318,OpenLoop,FIFO,true,OpenLoop_FIFO,458.766267
16.370009,-1,18,9999.817000,9.495000,457.763672,458.615878,460.000000,770,2.236328,OpenLoop,FIFO,true,OpenLoop_FIFO,458.615878
16.380008,-1,18,9998.280000,7.775000,462.734452,459.233664,460.000000,770,-2.734452,OpenLoop,FIFO,true,OpenLoop_FIFO,459.233664
16.390007,-1,18,9998.762000,6.537000,460.271318,459.389312,460.000000,770,-0.271318,OpenLoop,FIFO,true,OpenLoop_FIFO,459.389312
16.400007,-1,18,10000.298000,6.835000,462.506167,459.856840,460.000000,770,-2.506167,OpenLoop,FIFO,true,OpenLoop_FIFO,459.856840
16.410006,-1,18,9999.540000,6.375000,460.461690,459.947568,460.000000,770,-0.461690,OpenLoop,FIFO,true,OpenLoop_FIFO,459.947568
16.420009,-1,18,10002.502000,8.877000,457.904884,459.641165,460.000000,770,2.095116,OpenLoop,FIFO,true,OpenLoop_FIFO,459.641165
16.430008,-1,18,9999.095000,7.972000,456.871345,459.225692,460.000000,770,3.128655,OpenLoop,FIFO,true,OpenLoop_FIFO,459.225692
16.440008,-1,18,9999.891000,7.863000,454.864658,458.571537,460.000000,770,5.135342,OpenLoop,FIFO,true,OpenLoop_FIFO,458.571537
16.450007,-1,18,9999.595000,7.458000,455.097087,458.050370,460.000000,770,4.902913,OpenLoop,FIFO,true,OpenLoop_FIFO,458.050370
16.460020,-1,18,10012.687000,20.145000,460.914454,458.479982,460.000000,770,-0.914454,OpenLoop,FIFO,true,OpenLoop_FIFO,458.479982
16.470008,-1,18,9988.299000,8.444000,459.085052,458.570743,460.000000,770,0.914948,OpenLoop,FIFO,true,OpenLoop_FIFO,458.570743
16.480007,-1,18,9998.520000,6.964000,459.333660,458.685180,460.000000,770,0.666340,OpenLoop,FIFO,true,OpenLoop_FIFO,458.685180
16.490007,-1,18,10000.003000,6.967000,460.235641,458.917749,460.000000,770,-0.235641,OpenLoop,FIFO,true,OpenLoop_FIFO,458.917749
16.500007,-1,18,9999.798000,6.765000,457.669579,458.730524,460.000000,770,2.330421,OpenLoop,FIFO,true,OpenLoop_FIFO,458.730524
16.510007,-1,18,10000.003000,6.768000,462.734452,459.331113,460.000000,770,-2.734452,OpenLoop,FIFO,true,OpenLoop_FIFO,459.331113
16.520006,-1,18,9999.669000,6.437000,460.009814,459.432918,460.000000,770,-0.009814,OpenLoop,FIFO,true,OpenLoop_FIFO,459.432918
16.530009,-1,18,10002.391000,8.828000,462.182148,459.845303,460.000000,770,-2.182148,OpenLoop,FIFO,true,OpenLoop_FIFO,459.845303
16.540008,-1,18,9999.057000,7.885000,461.368110,460.073724,460.000000,770,-1.368110,OpenLoop,FIFO,true,OpenLoop_FIFO,460.073724
16.550007,-1,18,9998.836000,6.721000,458.435208,459.827946,460.000000,770,1.564792,OpenLoop,FIFO,true,OpenLoop_FIFO,459.827946
16.560007,-1,18,9999.836000,6.557000,456.965110,459.398521,460.000000,770,3.034890,OpenLoop,FIFO,true,OpenLoop_FIFO,459.398521
16.570009,-1,18,10002.113000,8.670000,454.435288,458.654036,460.000000,770,5.564712,OpenLoop,FIFO,true,OpenLoop_FIFO,458.654036
16.580009,-1,18,10000.280000,8.950000,454.864658,458.085629,460.000000,770,5.135342,OpenLoop,FIFO,true,OpenLoop_FIFO,458.085629
16.590007,-1,18,9998.077000,7.027000,459.784208,458.340416,460.000000,770,0.215792,OpenLoop,FIFO,true,OpenLoop_FIFO,458.340416
16.600007,-1,18,9999.743000,6.770000,459.796076,458.558765,460.000000,770,0.203924,OpenLoop,FIFO,true,OpenLoop_FIFO,458.558765
16.610007,-1,18,10000.076000,6.846000,459.333660,458.674999,460.000000,770,0.666340,OpenLoop,FIFO,true,OpenLoop_FIFO,458.674999
16.620011,-1,18,10003.669000,10.515000,460.009814,458.875222,460.000000,770,-0.009814,OpenLoop,FIFO,true,OpenLoop_FIFO,458.875222
16.630007,-1,18,9996.354000,6.869000,457.434515,458.659115,460.000000,770,2.565485,OpenLoop,FIFO,true,OpenLoop_FIFO,458.659115
16.640007,-1,18,9999.687000,6.556000,462.734452,459.270416,460.000000,770,-2.734452,OpenLoop,FIFO,true,OpenLoop_FIFO,459.270416
16.650007,-1,18,10000.299000,6.855000,460.687961,459.483048,460.000000,770,-0.687961,OpenLoop,FIFO,true,OpenLoop_FIFO,459.483048
16.660007,-1,18,9999.706000,6.561000,462.662338,459.959941,460.000000,770,-2.662338,OpenLoop,FIFO,true,OpenLoop_FIFO,459.959941
16.670007,-1,18,9999.965000,6.526000,460.914454,460.103118,460.000000,770,-0.914454,OpenLoop,FIFO,true,OpenLoop_FIFO,460.103118
16.680007,-1,18,10000.077000,6.603000,458.435208,459.852932,460.000000,770,1.564792,OpenLoop,FIFO,true,OpenLoop_FIFO,459.852932
16.690010,-1,18,10003.317000,9.920000,457.434515,459.490169,460.000000,770,2.565485,OpenLoop,FIFO,true,OpenLoop_FIFO,459.490169
16.700007,-1,18,9997.020000,6.940000,454.655674,458.764995,460.000000,770,5.344326,OpenLoop,FIFO,true,OpenLoop_FIFO,458.764995
16.710007,-1,18,9999.725000,6.665000,455.097087,458.214809,460.000000,770,4.902913,OpenLoop,FIFO,true,OpenLoop_FIFO,458.214809
16.720007,-1,18,10000.558000,7.223000,459.108717,458.348895,460.000000,770,0.891283,OpenLoop,FIFO,true,OpenLoop_FIFO,458.348895
16.730007,-1,18,9999.520000,6.743000,459.085052,458.459318,460.000000,770,0.914948,OpenLoop,FIFO,true,OpenLoop_FIFO,458.459318
16.740007,-1,18,9999.781000,6.524000,460.009814,458.691893,460.000000,770,-0.009814,OpenLoop,FIFO,true,OpenLoop_FIFO,458.691893
16.750006,-1,18,9999.798000,6.322000,460.009814,458.889581,460.000000,770,-0.009814,OpenLoop,FIFO,true,OpenLoop_FIFO,458.889581
16.760012,-1,18,10005.576000,11.898000,457.434515,458.671321,460.000000,770,2.565485,OpenLoop,FIFO,true,OpenLoop_FIFO,458.671321
16.770020,-1,18,10007.854000,19.752000,461.065574,459.030459,460.000000,770,-1.065574,OpenLoop,FIFO,true,OpenLoop_FIFO,459.030459
16.780019,-1,18,9999.577000,19.329000,461.368110,459.381107,460.000000,770,-1.368110,OpenLoop,FIFO,true,OpenLoop_FIFO,459.381107
16.790009,-1,18,9989.410000,8.739000,462.050271,459.781481,460.000000,770,-2.050271,OpenLoop,FIFO,true,OpenLoop_FIFO,459.781481
16.800007,-1,18,9997.928000,6.667000,461.141171,459.985435,460.000000,770,-1.141171,OpenLoop,FIFO,true,OpenLoop_FIFO,459.985435
16.810007,-1,18,10000.447000,7.114000,457.199692,459.567573,460.000000,770,2.800308,OpenLoop,FIFO,true,OpenLoop_FIFO,459.567573
16.820009,-1,18,10001.780000,8.894000,457.987298,459.330532,460.000000,770,2.012702,OpenLoop,FIFO,true,OpenLoop_FIFO,459.330532
16.830007,-1,18,9998.243000,7.137000,453.013733,458.383012,460.000000,770,6.986267,OpenLoop,FIFO,true,OpenLoop_FIFO,458.383012
16.840007,-1,18,9999.669000,6.806000,455.982490,458.022934,460.000000,770,4.017510,OpenLoop,FIFO,true,OpenLoop_FIFO,458.022934
16.850006,-1,18,9999.539000,6.345000,458.612255,458.111332,460.000000,770,1.387745,OpenLoop,FIFO,true,OpenLoop_FIFO,458.111332
16.860006,-1,18,10000.058000,6.403000,459.108717,458.260940,460.000000,770,0.891283,OpenLoop,FIFO,true,OpenLoop_FIFO,458.260940
16.870007,-1,18,10000.317000,6.720000,461.141171,458.692975,460.000000,770,-1.141171,OpenLoop,FIFO,true,OpenLoop_FIFO,458.692975
16.880007,-1,18,10000.058000,6.778000,458.612255,458.680867,460.000000,770,1.387745,OpenLoop,FIFO,true,OpenLoop_FIFO,458.680867
16.890006,-1,18,9999.594000,6.372000,459.784208,458.846368,460.000000,770,0.215792,OpenLoop,FIFO,true,OpenLoop_FIFO,458.846368
16.900006,-1,18,9999.818000,6.190000,460.235641,459.054759,460.000000,770,-0.235641,OpenLoop,FIFO,true,OpenLoop_FIFO,459.054759
16.910007,-1,18,10000.817000,7.007000,460.747543,459.308676,460.000000,770,-0.747543,OpenLoop,FIFO,true,OpenLoop_FIFO,459.308676
16.920007,-1,18,9999.724000,6.731000,462.962963,459.856819,460.000000,770,-2.962963,OpenLoop,FIFO,true,OpenLoop_FIFO,459.856819
16.930007,-1,18,9999.984000,6.715000,460.687961,459.981491,460.000000,770,-0.687961,OpenLoop,FIFO,true,OpenLoop_FIFO,459.981491
16.940007,-1,18,9999.984000,6.699000,457.904884,459.670000,460.000000,770,2.095116,OpenLoop,FIFO,true,OpenLoop_FIFO,459.670000
16.950006,-1,18,9999.594000,6.293000,457.763672,459.384050,460.000000,770,2.236328,OpenLoop,FIFO,true,OpenLoop_FIFO,459.384050
16.960006,-1,18,9999.966000,6.259000,453.937309,458.567039,460.000000,770,6.062691,OpenLoop,FIFO,true,OpenLoop_FIFO,458.567039
16.970006,-1,18,10000.150000,6.409000,454.632466,457.976853,460.000000,770,5.367534,OpenLoop,FIFO,true,OpenLoop_FIFO,457.976853
16.980006,-1,18,9999.910000,6.319000,458.883994,458.112924,460.000000,770,1.116006,OpenLoop,FIFO,true,OpenLoop_FIFO,458.112924
16.990006,-1,18,10000.132000,6.451000,458.659491,458.194909,460.000000,770,1.340509,OpenLoop,FIFO,true,OpenLoop_FIFO,458.194909
17.000006,-1,18,9999.761000,6.212000,460.986025,458.613577,460.000000,770,-0.986025,OpenLoop,FIFO,true,OpenLoop_FIFO,458.613577
17.010006,-1,18,10000.095000,6.307000,458.435208,458.586821,460.000000,770,1.564792,OpenLoop,FIFO,true,OpenLoop_FIFO,458.586821
17.020007,-1,18,10000.780000,7.087000,459.321815,458.697070,460.000000,770,0.678185,OpenLoop,FIFO,true,OpenLoop_FIFO,458.697070
17.030018,-1,18,10011.095000,18.182000,459.988318,458.890758,460.000000,770,0.011682,OpenLoop,FIFO,true,OpenLoop_FIFO,458.890758
17.040009,-1,18,9990.447000,8.629000,459.796076,459.026555,460.000000,770,0.203924,OpenLoop,FIFO,true,OpenLoop_FIFO,459.026555
17.050007,-1,18,9998.483000,7.112000,462.506167,459.548497,460.000000,770,-2.506167,OpenLoop,FIFO,true,OpenLoop_FIFO,459.548497
17.060007,-1,18,9999.744000,6.856000,460.235641,459.651569,460.000000,770,-0.235641,OpenLoop,FIFO,true,OpenLoop_FIFO,459.651569
17.070010,-1,18,10003.391000,10.247000,458.376222,459.460267,460.000000,770,1.623778,OpenLoop,FIFO,true,OpenLoop_FIFO,459.460267
17.080012,-1,18,10002.206000,12.453000,457.094100,459.105342,460.000000,770,2.905900,OpenLoop,FIFO,true,OpenLoop_FIFO,459.105342
17.090009,-1,18,9996.169000,8.622000,453.013733,458.191600,460.000000,770,6.986267,OpenLoop,FIFO,true,OpenLoop_FIFO,458.191600
17.100007,-1,18,9998.613000,7.235000,455.097087,457.727424,460.000000,770,4.902913,OpenLoop,FIFO,true,OpenLoop_FIFO,457.727424
17.110007,-1,18,9999.447000,6.682000,458.376222,457.824743,460.000000,770,1.623778,OpenLoop,FIFO,true,OpenLoop_FIFO,457.824743
17.120006,-1,18,9999.761000,6.443000,459.333660,458.051081,460.000000,770,0.666340,OpenLoop,FIFO,true,OpenLoop_FIFO,458.051081
17.130013,-1,18,10006.336000,12.779000,461.942427,458.634783,460.000000,770,-1.942427,OpenLoop,FIFO,true,OpenLoop_FIFO,458.634783
17.140008,-1,18,9995.521000,8.300000,459.108717,458.705873,460.000000,770,0.891283,OpenLoop,FIFO,true,OpenLoop_FIFO,458.705873
17.150007,-1,18,9999.002000,7.302000,459.333660,458.800041,460.000000,770,0.666340,OpenLoop,FIFO,true,OpenLoop_FIFO,458.800041
17.160007,-1,18,9999.558000,6.860000,460.235641,459.015381,460.000000,770,-0.235641,OpenLoop,FIFO,true,OpenLoop_FIFO,459.015381
17.170007,-1,18,10000.558000,7.418000,460.271318,459.203771,460.000000,770,-0.271318,OpenLoop,FIFO,true,OpenLoop_FIFO,459.203771
17.180007,-1,18,9999.669000,7.087000,462.734452,459.733374,460.000000,770,-2.734452,OpenLoop,FIFO,true,OpenLoop_FIFO,459.733374
17.190008,-1,18,10000.466000,7.553000,460.687961,459.876562,460.000000,770,-0.687961,OpenLoop,FIFO,true,OpenLoop_FIFO,459.876562
17.200018,-1,18,10010.483000,18.036000,459.321815,459.793350,460.000000,770,0.678185,OpenLoop,FIFO,true,OpenLoop_FIFO,459.793350
17.210008,-1,18,9990.373000,8.409000,456.871345,459.355049,460.000000,770,3.128655,OpenLoop,FIFO,true,OpenLoop_FIFO,459.355049
17.220009,-1,18,10000.132000,8.541000,453.542971,458.483237,460.000000,770,6.457029,OpenLoop,FIFO,true,OpenLoop_FIFO,458.483237
17.230011,-1,18,10001.984000,10.525000,455.982490,458.108125,460.000000,770,4.017510,OpenLoop,FIFO,true,OpenLoop_FIFO,458.108125
17.240008,-1,18,9997.354000,7.879000,456.496668,457.866407,460.000000,770,3.503332,OpenLoop,FIFO,true,OpenLoop_FIFO,457.866407
17.250007,-1,18,9999.281000,7.160000,460.914454,458.323614,460.000000,770,-0.914454,OpenLoop,FIFO,true,OpenLoop_FIFO,458.323614
17.260007,-1,18,9999.854000,7.014000,460.914454,458.712240,460.000000,770,-0.914454,OpenLoop,FIFO,true,OpenLoop_FIFO,458.712240
17.270016,-1,18,10009.409000,16.423000,459.321815,458.803676,460.000000,770,0.678185,OpenLoop,FIFO,true,OpenLoop_FIFO,458.803676
17.280009,-1,18,9992.151000,8.574000,459.784208,458.950756,460.000000,770,0.215792,OpenLoop,FIFO,true,OpenLoop_FIFO,458.950756
17.290007,-1,18,9998.206000,6.780000,460.235641,459.143489,460.000000,770,-0.235641,OpenLoop,FIFO,true,OpenLoop_FIFO,459.143489
17.300007,-1,18,10000.410000,7.190000,460.009814,459.273437,460.000000,770,-0.009814,OpenLoop,FIFO,true,OpenLoop_FIFO,459.273437
17.310007,-1,18,9999.706000,6.896000,463.384495,459.890096,460.000000,770,-3.384495,OpenLoop,FIFO,true,OpenLoop_FIFO,459.890096
17.320007,-1,18,10000.114000,7.010000,460.914454,460.043750,460.000000,770,-0.914454,OpenLoop,FIFO,true,OpenLoop_FIFO,460.043750
17.330010,-1,18,10003.150000,10.160000,459.558824,459.971011,460.000000,770,0.441176,OpenLoop,FIFO,true,OpenLoop_FIFO,459.971011
17.340008,-1,18,9997.780000,7.940000,458.612255,459.767198,460.000000,770,1.387745,OpenLoop,FIFO,true,OpenLoop_FIFO,459.767198
17.350007,-1,18,9999.132000,7.072000,453.013733,458.754178,460.000000,770,6.986267,OpenLoop,FIFO,true,OpenLoop_FIFO,458.754178
17.360007,-1,18,9999.706000,6.778000,457.317073,458.538612,460.000000,770,2.682927,OpenLoop,FIFO,true,OpenLoop_FIFO,458.538612
17.370007,-1,18,9999.762000,6.540000,456.965110,458.302587,460.000000,770,3.034890,OpenLoop,FIFO,true,OpenLoop_FIFO,458.302587
17.380010,-1,18,10003.391000,9.931000,460.687961,458.660393,460.000000,770,-0.687961,OpenLoop,FIFO,true,OpenLoop_FIFO,458.660393
17.390008,-1,18,9998.021000,7.952000,460.461690,458.930587,460.000000,770,-0.461690,OpenLoop,FIFO,true,OpenLoop_FIFO,458.930587
17.400007,-1,18,9998.947000,6.899000,459.333660,458.991048,460.000000,770,0.666340,OpenLoop,FIFO,true,OpenLoop_FIFO,458.991048
17.410007,-1,18,9999.780000,6.679000,460.271318,459.183089,460.000000,770,-0.271318,OpenLoop,FIFO,true,OpenLoop_FIFO,459.183089
17.420008,-1,18,10001.206000,7.885000,460.009814,459.307097,460.000000,770,-0.009814,OpenLoop,FIFO,true,OpenLoop_FIFO,459.307097
17.430007,-1,18,9999.169000,7.054000,459.796076,459.380444,460.000000,770,0.203924,OpenLoop,FIFO,true,OpenLoop_FIFO,459.380444
17.440007,-1,18,9999.818000,6.872000,462.278107,459.815094,460.000000,770,-2.278107,OpenLoop,FIFO,true,OpenLoop_FIFO,459.815094
17.450015,-1,18,10007.780000,14.652000,461.141171,460.014005,460.000000,770,-1.141171,OpenLoop,FIFO,true,OpenLoop_FIFO,460.014005
17.460008,-1,18,9993.280000,7.932000,460.009814,460.013376,460.000000,770,-0.009814,OpenLoop,FIFO,true,OpenLoop_FIFO,460.013376
17.470011,-1,18,10003.132000,11.064000,457.434515,459.626547,460.000000,770,2.565485,OpenLoop,FIFO,true,OpenLoop_FIFO,459.626547
17.480007,-1,18,9996.113000,7.177000,453.775411,458.748877,460.000000,770,6.224589,OpenLoop,FIFO,true,OpenLoop_FIFO,458.748877
17.490006,-1,18,9999.244000,6.421000,457.199692,458.516499,460.000000,770,2.800308,OpenLoop,FIFO,true,OpenLoop_FIFO,458.516499
17.500006,-1,18,10000.020000,6.441000,455.982490,458.136398,460.000000,770,4.017510,OpenLoop,FIFO,true,OpenLoop_FIFO,458.136398
17.510007,-1,18,10000.077000,6.518000,460.461690,458.485192,460.000000,770,-0.461690,OpenLoop,FIFO,true,OpenLoop_FIFO,458.485192
17.520019,-1,18,10012.354000,18.872000,460.747543,458.824544,460.000000,770,-0.747543,OpenLoop,FIFO,true,OpenLoop_FIFO,458.824544
17.530010,-1,18,9991.299000,10.171000,459.333660,458.900912,460.000000,770,0.666340,OpenLoop,FIFO,true,OpenLoop_FIFO,458.900912
17.540008,-1,18,9997.873000,8.044000,460.461690,459.135028,460.000000,770,-0.461690,OpenLoop,FIFO,true,OpenLoop_FIFO,459.135028
17.550007,-1,18,9999.057000,7.101000,459.558824,459.198598,460.000000,770,0.441176,OpenLoop,FIFO,true,OpenLoop_FIFO,459.198598
17.560007,-1,18,9999.836000,6.937000,460.687961,459.422002,460.000000,770,-0.687961,OpenLoop,FIFO,true,OpenLoop_FIFO,459.422002
17.570022,-1,18,10014.984000,21.921000,463.420662,460.021801,460.000000,770,-3.420662,OpenLoop,FIFO,true,OpenLoop_FIFO,460.021801
17.580017,-1,18,9995.002000,16.923000,460.562227,460.102865,460.000000,770,-0.562227,OpenLoop,FIFO,true,OpenLoop_FIFO,460.102865
17.590008,-1,18,9991.336000,8.259000,460.461690,460.156689,460.000000,770,-0.461690,OpenLoop,FIFO,true,OpenLoop_FIFO,460.156689
17.600006,-1,18,9998.040000,6.299000,458.376222,459.889619,460.000000,770,1.623778,OpenLoop,FIFO,true,OpenLoop_FIFO,459.889619
17.610007,-1,18,10000.613000,6.912000,455.097087,459.170739,460.000000,770,4.902913,OpenLoop,FIFO,true,OpenLoop_FIFO,459.170739
17.620013,-1,18,10005.650000,12.562000,456.262807,458.734549,460.000000,770,3.737193,OpenLoop,FIFO,true,OpenLoop_FIFO,458.734549
17.630008,-1,18,9995.503000,8.065000,456.426485,458.388340,460.000000,770,3.573515,OpenLoop,FIFO,true,OpenLoop_FIFO,458.388340
17.640007,-1,18,9999.262000,7.327000,460.033574,458.635125,460.000000,770,-0.033574,OpenLoop,FIFO,true,OpenLoop_FIFO,458.635125
17.650007,-1,18,9999.891000,7.218000,461.368110,459.045073,460.000000,770,-1.368110,OpenLoop,FIFO,true,OpenLoop_FIFO,459.045073
17.660006,-1,18,9999.243000,6.461000,457.987298,458.886407,460.000000,770,2.012702,OpenLoop,FIFO,true,OpenLoop_FIFO,458.886407
17.670007,-1,18,10000.576000,7.037000,461.224754,459.237159,460.000000,770,-1.224754,OpenLoop,FIFO,true,OpenLoop_FIFO,459.237159
17.680007,-1,18,9999.947000,6.984000,458.211144,459.083256,460.000000,770,1.788856,OpenLoop,FIFO,true,OpenLoop_FIFO,459.083256
17.690007,-1,18,9999.910000,6.894000,461.141171,459.391944,460.000000,770,-1.141171,OpenLoop,FIFO,true,OpenLoop_FIFO,459.391944
17.700007,-1,18,9999.799000,6.693000,461.224754,459.666865,460.000000,770,-1.224754,OpenLoop,FIFO,true,OpenLoop_FIFO,459.666865
17.710007,-1,18,9999.965000,6.658000,461.822660,459.990234,460.000000,770,-1.822660,OpenLoop,FIFO,true,OpenLoop_FIFO,459.990234
17.720007,-1,18,10000.077000,6.735000,460.461690,460.060953,460.000000,770,-0.461690,OpenLoop,FIFO,true,OpenLoop_FIFO,460.060953
17.730009,-1,18,10002.669000,9.404000,457.669579,459.702247,460.000000,770,2.330421,OpenLoop,FIFO,true,OpenLoop_FIFO,459.702247
17.740007,-1,18,9997.835000,7.239000,454.435288,458.912203,460.000000,770,5.564712,OpenLoop,FIFO,true,OpenLoop_FIFO,458.912203
17.750007,-1,18,9999.706000,6.945000,455.097087,458.339936,460.000000,770,4.902913,OpenLoop,FIFO,true,OpenLoop_FIFO,458.339936
17.760007,-1,18,9999.688000,6.633000,456.871345,458.119647,460.000000,770,3.128655,OpenLoop,FIFO,true,OpenLoop_FIFO,458.119647
17.770007,-1,18,10000.151000,6.784000,459.796076,458.371111,460.000000,770,0.203924,OpenLoop,FIFO,true,OpenLoop_FIFO,458.371111
17.780007,-1,18,9999.983000,6.767000,460.235641,458.650791,460.000000,770,-0.235641,OpenLoop,FIFO,true,OpenLoop_FIFO,458.650791
17.790007,-1,18,10000.021000,6.788000,457.763672,458.517723,460.000000,770,2.236328,OpenLoop,FIFO,true,OpenLoop_FIFO,458.517723
17.800007,-1,18,10000.003000,6.791000,460.747543,458.852196,460.000000,770,-0.747543,OpenLoop,FIFO,true,OpenLoop_FIFO,458.852196
17.810007,-1,18,9999.965000,6.756000,459.108717,458.890674,460.000000,770,0.891283,OpenLoop,FIFO,true,OpenLoop_FIFO,458.890674
17.820007,-1,18,10000.465000,7.221000,460.986025,459.204977,460.000000,770,-0.986025,OpenLoop,FIFO,true,OpenLoop_FIFO,459.204977
17.830018,-1,18,10010.317000,17.538000,461.822660,459.597629,460.000000,770,-1.822660,OpenLoop,FIFO,true,OpenLoop_FIFO,459.597629
17.840009,-1,18,9991.077000,8.615000,461.368110,459.863201,460.000000,770,-1.368110,OpenLoop,FIFO,true,OpenLoop_FIFO,459.863201
17.850008,-1,18,9999.095000,7.710000,461.595273,460.123012,460.000000,770,-1.595273,OpenLoop,FIFO,true,OpenLoop_FIFO,460.123012
17.860007,-1,18,9999.521000,7.231000,458.435208,459.869841,460.000000,770,1.564792,OpenLoop,FIFO,true,OpenLoop_FIFO,459.869841
17.870007,-1,18,9999.873000,7.104000,454.864658,459.119064,460.000000,770,5.135342,OpenLoop,FIFO,true,OpenLoop_FIFO,459.119064
17.880007,-1,18,9999.428000,6.532000,455.562660,458.585603,460.000000,770,4.437340,OpenLoop,FIFO,true,OpenLoop_FIFO,458.585603
17.890007,-1,18,10000.743000,7.275000,456.204380,458.228420,460.000000,770,3.795620,OpenLoop,FIFO,true,OpenLoop_FIFO,458.228420
17.900007,-1,18,9999.595000,6.870000,461.141171,458.665332,460.000000,770,-1.141171,OpenLoop,FIFO,true,OpenLoop_FIFO,458.665332
17.910007,-1,18,10000.095000,6.965000,460.986025,459.013436,460.000000,770,-0.986025,OpenLoop,FIFO,true,OpenLoop_FIFO,459.013436
17.920007,-1,18,9999.817000,6.782000,458.435208,458.926702,460.000000,770,1.564792,OpenLoop,FIFO,true,OpenLoop_FIFO,458.926702
17.930007,-1,18,10000.447000,7.229000,459.796076,459.057108,460.000000,770,0.203924,OpenLoop,FIFO,true,OpenLoop_FIFO,459.057108
17.940007,-1,18,9999.614000,6.843000,459.784208,459.166173,460.000000,770,0.215792,OpenLoop,FIFO,true,OpenLoop_FIFO,459.166173
17.950016,-1,18,10009.205000,16.048000,461.141171,459.462423,460.000000,770,-1.141171,OpenLoop,FIFO,true,OpenLoop_FIFO,459.462423
17.960008,-1,18,9991.633000,7.681000,462.278107,459.884775,460.000000,770,-2.278107,OpenLoop,FIFO,true,OpenLoop_FIFO,459.884775
17.970012,-1,18,10004.743000,12.424000,460.271318,459.942757,460.000000,770,-0.271318,OpenLoop,FIFO,true,OpenLoop_FIFO,459.942757
17.980009,-1,18,9996.113000,8.537000,462.734452,460.361511,460.000000,770,-2.734452,OpenLoop,FIFO,true,OpenLoop_FIFO,460.361511
17.990007,-1,18,9998.243000,6.780000,457.094100,459.871399,460.000000,770,2.905900,OpenLoop,FIFO,true,OpenLoop_FIFO,459.871399
18.000007,-1,18,10000.447000,7.227000,456.496668,459.365190,460.000000,770,3.503332,OpenLoop,FIFO,true,OpenLoop_FIFO,459.365190
18.010007,-1,18,9999.706000,6.933000,455.097087,458.724974,460.000000,770,4.902913,OpenLoop,FIFO,true,OpenLoop_FIFO,458.724974
18.020008,-1,18,10001.132000,8.065000,455.795803,458.285599,460.000000,770,4.204197,OpenLoop,FIFO,true,OpenLoop_FIFO,458.285599
18.030010,-1,18,10001.836000,9.901000,461.141171,458.713935,460.000000,770,-1.141171,OpenLoop,FIFO,true,OpenLoop_FIFO,458.713935
18.040018,-1,18,10008.187000,18.088000,460.009814,458.908316,460.000000,770,-0.009814,OpenLoop,FIFO,true,OpenLoop_FIFO,458.908316
18.050009,-1,18,9990.892000,8.980000,458.612255,458.863907,460.000000,770,1.387745,OpenLoop,FIFO,true,OpenLoop_FIFO,458.863907
18.060007,-1,18,9998.354000,7.334000,459.784208,459.001952,460.000000,770,0.215792,OpenLoop,FIFO,true,OpenLoop_FIFO,459.001952
18.070009,-1,18,10001.891000,9.225000,458.848532,458.978939,460.000000,770,1.151468,OpenLoop,FIFO,true,OpenLoop_FIFO,458.978939
18.080013,-1,18,10003.280000,12.505000,461.065574,459.291934,460.000000,770,-1.065574,OpenLoop,FIFO,true,OpenLoop_FIFO,459.291934
18.090011,-1,18,9998.244000,10.749000,461.368110,459.603361,460.000000,770,-1.368110,OpenLoop,FIFO,true,OpenLoop_FIFO,459.603361
18.100008,-1,18,9997.298000,8.047000,460.687961,459.766051,460.000000,770,-0.687961,OpenLoop,FIFO,true,OpenLoop_FIFO,459.766051
18.110007,-1,18,9998.725000,6.772000,462.050271,460.108684,460.000000,770,-2.050271,OpenLoop,FIFO,true,OpenLoop_FIFO,460.108684
18.120007,-1,18,9999.817000,6.589000,456.965110,459.637148,460.000000,770,3.034890,OpenLoop,FIFO,true,OpenLoop_FIFO,459.637148
18.130012,-1,18,10005.207000,11.796000,455.562660,459.025975,460.000000,770,4.437340,OpenLoop,FIFO,true,OpenLoop_FIFO,459.025975
18.140008,-1,18,9996.576000,8.372000,454.876274,458.403519,460.000000,770,5.123726,OpenLoop,FIFO,true,OpenLoop_FIFO,458.403519
18.150007,-1,18,9998.854000,7.226000,453.937309,457.733588,460.000000,770,6.062691,OpenLoop,FIFO,true,OpenLoop_FIFO,457.733588
18.160007,-1,18,9999.910000,7.136000,460.914454,458.210718,460.000000,770,-0.914454,OpenLoop,FIFO,true,OpenLoop_FIFO,458.210718
18.170007,-1,18,9999.947000,7.083000,459.108717,458.345418,460.000000,770,0.891283,OpenLoop,FIFO,true,OpenLoop_FIFO,458.345418
18.180007,-1,18,10000.225000,7.308000,458.612255,458.385443,460.000000,770,1.387745,OpenLoop,FIFO,true,OpenLoop_FIFO,458.385443
18.190019,-1,18,10011.965000,19.273000,459.558824,458.561450,460.000000,770,0.441176,OpenLoop,FIFO,true,OpenLoop_FIFO,458.561450
18.200021,-1,18,10002.095000,21.368000,457.540264,458.408272,460.000000,770,2.459736,OpenLoop,FIFO,true,OpenLoop_FIFO,458.408272
18.210018,-1,18,9996.670000,18.038000,461.141171,458.818207,460.000000,770,-1.141171,OpenLoop,FIFO,true,OpenLoop_FIFO,458.818207
18.220010,-1,18,9991.576000,9.614000,461.141171,459.166652,460.000000,770,-1.141171,OpenLoop,FIFO,true,OpenLoop_FIFO,459.166652
18.230010,-1,18,10000.058000,9.672000,460.461690,459.360907,460.000000,770,-0.461690,OpenLoop,FIFO,true,OpenLoop_FIFO,459.360907
18.240008,-1,18,9998.170000,7.842000,460.986025,459.604675,460.000000,770,-0.986025,OpenLoop,FIFO,true,OpenLoop_FIFO,459.604675
18.250007,-1,18,9999.465000,7.307000,457.763672,459.328524,460.000000,770,2.236328,OpenLoop,FIFO,true,OpenLoop_FIFO,459.328524
18.260007,-1,18,9999.336000,6.643000,455.795803,458.798616,460.000000,770,4.204197,OpenLoop,FIFO,true,OpenLoop_FIFO,458.798616
18.270007,-1,18,10000.132000,6.775000,455.097087,458.243387,460.000000,770,4.902913,OpenLoop,FIFO,true,OpenLoop_FIFO,458.243387
18.280007,-1,18,10000.428000,7.203000,454.632466,457.701749,460.000000,770,5.367534,OpenLoop,FIFO,true,OpenLoop_FIFO,457.701749
18.290007,-1,18,9999.670000,6.873000,460.461690,458.115740,460.000000,770,-0.461690,OpenLoop,FIFO,true,OpenLoop_FIFO,458.115740
18.300011,-1,18,10003.632000,10.505000,459.085052,458.261137,460.000000,770,0.914948,OpenLoop,FIFO,true,OpenLoop_FIFO,458.261137
18.310011,-1,18,10000.521000,11.026000,460.461690,458.591220,460.000000,770,-0.461690,OpenLoop,FIFO,true,OpenLoop_FIFO,458.591220
18.320008,-1,18,9996.910000,7.936000,459.333660,458.702586,460.000000,770,0.666340,OpenLoop,FIFO,true,OpenLoop_FIFO,458.702586
18.330011,-1,18,10003.280000,11.216000,457.904884,458.582930,460.000000,770,2.095116,OpenLoop,FIFO,true,OpenLoop_FIFO,458.582930
18.340008,-1,18,9997.021000,8.237000,461.822660,459.068890,460.000000,770,-1.822660,OpenLoop,FIFO,true,OpenLoop_FIFO,459.068890
18.350007,-1,18,9998.891000,7.128000,460.687961,459.311751,460.000000,770,-0.687961,OpenLoop,FIFO,true,OpenLoop_FIFO,459.311751
18.360007,-1,18,9999.947000,7.075000,462.734452,459.825156,460.000000,770,-2.734452,OpenLoop,FIFO,true,OpenLoop_FIFO,459.825156
18.370012,-1,18,10004.928000,12.003000,461.702955,460.106826,460.000000,770,-1.702955,OpenLoop,FIFO,true,OpenLoop_FIFO,460.106826
18.380013,-1,18,10001.114000,13.117000,457.540264,459.721841,460.000000,770,2.459736,OpenLoop,FIFO,true,OpenLoop_FIFO,459.721841
18.390008,-1,18,9995.206000,8.323000,457.987298,459.461660,460.000000,770,2.012702,OpenLoop,FIFO,true,OpenLoop_FIFO,459.461660
18.400007,-1,18,9998.484000,6.807000,453.475051,458.563669,460.000000,770,6.524949,OpenLoop,FIFO,true,OpenLoop_FIFO,458.563669
18.410006,-1,18,9999.669000,6.476000,455.562660,458.113517,460.000000,770,4.437340,OpenLoop,FIFO,true,OpenLoop_FIFO,458.113517
18.420009,-1,18,10002.762000,9.238000,459.558824,458.330313,460.000000,770,0.441176,OpenLoop,FIFO,true,OpenLoop_FIFO,458.330313
18.430008,-1,18,9998.966000,8.204000,459.784208,458.548397,460.000000,770,0.215792,OpenLoop,FIFO,true,OpenLoop_FIFO,458.548397
18.440007,-1,18,9998.873000,7.077000,460.271318,458.806835,460.000000,770,-0.271318,OpenLoop,FIFO,true,OpenLoop_FIFO,458.806835
18.450007,-1,18,9999.521000,6.598000,459.333660,458.885859,460.000000,770,0.666340,OpenLoop,FIFO,true,OpenLoop_FIFO,458.885859
18.460019,-1,18,10011.965000,18.563000,457.763672,458.717531,460.000000,770,2.236328,OpenLoop,FIFO,true,OpenLoop_FIFO,458.717531
18.470009,-1,18,9990.428000,8.991000,463.191700,459.388656,460.000000,770,-3.191700,OpenLoop,FIFO,true,OpenLoop_FIFO,459.388656
18.480007,-1,18,9997.577000,6.568000,461.224754,459.664071,460.000000,770,-1.224754,OpenLoop,FIFO,true,OpenLoop_FIFO,459.664071
18.490006,-1,18,9999.873000,6.441000,461.595273,459.953751,460.000000,770,-1.595273,OpenLoop,FIFO,true,OpenLoop_FIFO,459.953751
18.500006,-1,18,9999.873000,6.314000,461.822660,460.234088,460.000000,770,-1.822660,OpenLoop,FIFO,true,OpenLoop_FIFO,460.234088
18.510006,-1,18,10000.021000,6.335000,458.376222,459.955408,460.000000,770,1.623778,OpenLoop,FIFO,true,OpenLoop_FIFO,459.955408
18.520006,-1,18,9999.947000,6.282000,457.763672,459.626647,460.000000,770,2.236328,OpenLoop,FIFO,true,OpenLoop_FIFO,459.626647
18.530009,-1,18,10002.261000,8.543000,454.168791,458.807969,460.000000,770,5.831209,OpenLoop,FIFO,true,OpenLoop_FIFO,458.807969
18.540008,-1,18,9999.892000,8.435000,455.539359,458.317677,460.000000,770,4.460641,OpenLoop,FIFO,true,OpenLoop_FIFO,458.317677
18.550008,-1,18,9999.169000,7.604000,458.612255,458.361864,460.000000,770,1.387745,OpenLoop,FIFO,true,OpenLoop_FIFO,458.361864
18.560006,-1,18,9998.169000,5.773000,460.914454,458.744753,460.000000,770,-0.914454,OpenLoop,FIFO,true,OpenLoop_FIFO,458.744753
18.570007,-1,18,10001.688000,7.461000,460.033574,458.938076,460.000000,770,-0.033574,OpenLoop,FIFO,true,OpenLoop_FIFO,458.938076
18.580007,-1,18,9999.669000,7.130000,459.558824,459.031188,460.000000,770,0.441176,OpenLoop,FIFO,true,OpenLoop_FIFO,459.031188
18.590007,-1,18,9999.410000,6.540000,457.987298,458.874605,460.000000,770,2.012702,OpenLoop,FIFO,true,OpenLoop_FIFO,458.874605
18.600006,-1,18,9999.910000,6.450000,461.224754,459.227127,460.000000,770,-1.224754,OpenLoop,FIFO,true,OpenLoop_FIFO,459.227127
18.610011,-1,18,10004.095000,10.545000,461.141171,459.514234,460.000000,770,-1.141171,OpenLoop,FIFO,true,OpenLoop_FIFO,459.514234
18.620010,-1,18,9999.225000,9.770000,462.050271,459.894639,460.000000,770,-2.050271,OpenLoop,FIFO,true,OpenLoop_FIFO,459.894639
18.630007,-1,18,9997.391000,7.161000,462.422118,460.273761,460.000000,770,-2.422118,OpenLoop,FIFO,true,OpenLoop_FIFO,460.273761
18.640007,-1,18,9999.743000,6.904000,457.094100,459.796812,460.000000,770,2.905900,OpenLoop,FIFO,true,OpenLoop_FIFO,459.796812
18.650006,-1,18,9999.484000,6.388000,457.434515,459.442467,460.000000,770,2.565485,OpenLoop,FIFO,true,OpenLoop_FIFO,459.442467
18.660010,-1,18,10004.077000,10.465000,453.336557,458.526581,460.000000,770,6.663443,OpenLoop,FIFO,true,OpenLoop_FIFO,458.526581
18.670009,-1,18,9998.224000,8.689000,455.562660,458.081993,460.000000,770,4.437340,OpenLoop,FIFO,true,OpenLoop_FIFO,458.081993
18.680006,-1,18,9997.707000,6.396000,458.659491,458.168617,460.000000,770,1.340509,OpenLoop,FIFO,true,OpenLoop_FIFO,458.168617
18.690006,-1,18,9999.817000,6.213000,459.558824,458.377148,460.000000,770,0.441176,OpenLoop,FIFO,true,OpenLoop_FIFO,458.377148
18.700006,-1,18,10000.002000,6.215000,461.368110,458.825793,460.000000,770,-1.368110,OpenLoop,FIFO,true,OpenLoop_FIFO,458.825793
18.710006,-1,18,10000.059000,6.274000,458.435208,458.767205,460.000000,770,1.564792,OpenLoop,FIFO,true,OpenLoop_FIFO,458.767205
18.720006,-1,18,9999.946000,6.220000,458.612255,458.743963,460.000000,770,1.387745,OpenLoop,FIFO,true,OpenLoop_FIFO,458.743963
18.730014,-1,18,10007.540000,13.760000,461.141171,459.103544,460.000000,770,-1.141171,OpenLoop,FIFO,true,OpenLoop_FIFO,459.103544
18.740008,-1,18,9994.021000,7.781000,461.141171,459.409188,460.000000,770,-1.141171,OpenLoop,FIFO,true,OpenLoop_FIFO,459.409188
18.750007,-1,18,9999.243000,7.024000,461.942427,459.789174,460.000000,770,-1.942427,OpenLoop,FIFO,true,OpenLoop_FIFO,459.789174
18.760007,-1,18,9999.966000,6.990000,461.141171,459.991973,460.000000,770,-1.141171,OpenLoop,FIFO,true,OpenLoop_FIFO,459.991973
18.770007,-1,18,9999.706000,6.696000,457.317073,459.590738,460.000000,770,2.682927,OpenLoop,FIFO,true,OpenLoop_FIFO,459.590738
18.780008,-1,18,10001.650000,8.346000,457.434515,459.267305,460.000000,770,2.565485,OpenLoop,FIFO,true,OpenLoop_FIFO,459.267305
18.790007,-1,18,9998.373000,6.719000,453.775411,458.443521,460.000000,770,6.224589,OpenLoop,FIFO,true,OpenLoop_FIFO,458.443521
18.800007,-1,18,10000.207000,6.926000,454.168791,457.802311,460.000000,770,5.831209,OpenLoop,FIFO,true,OpenLoop_FIFO,457.802311
18.810007,-1,18,10000.132000,7.058000,459.558824,458.065788,460.000000,770,0.441176,OpenLoop,FIFO,true,OpenLoop_FIFO,458.065788
18.820006,-1,18,9999.410000,6.468000,458.376222,458.112353,460.000000,770,1.623778,OpenLoop,FIFO,true,OpenLoop_FIFO,458.112353
18.830007,-1,18,10000.780000,7.248000,460.009814,458.396972,460.000000,770,-0.009814,OpenLoop,FIFO,true,OpenLoop_FIFO,458.396972
18.840007,-1,18,9999.317000,6.565000,457.904884,458.323159,460.000000,770,2.095116,OpenLoop,FIFO,true,OpenLoop_FIFO,458.323159
18.850007,-1,18,10000.392000,6.957000,458.211144,458.306357,460.000000,770,1.788856,OpenLoop,FIFO,true,OpenLoop_FIFO,458.306357
18.860007,-1,18,9999.761000,6.718000,460.461690,458.629657,460.000000,770,-0.461690,OpenLoop,FIFO,true,OpenLoop_FIFO,458.629657
18.870007,-1,18,9999.910000,6.628000,460.235641,458.870554,460.000000,770,-0.235641,OpenLoop,FIFO,true,OpenLoop_FIFO,458.870554
18.880007,-1,18,10000.021000,6.649000,462.422118,459.403289,460.000000,770,-2.422118,OpenLoop,FIFO,true,OpenLoop_FIFO,459.403289
18.890007,-1,18,10000.206000,6.855000,460.009814,459.494268,460.000000,770,-0.009814,OpenLoop,FIFO,true,OpenLoop_FIFO,459.494268
18.900008,-1,18,10000.744000,7.599000,458.376222,459.326561,460.000000,770,1.623778,OpenLoop,FIFO,true,OpenLoop_FIFO,459.326561
18.910009,-1,18,10001.224000,8.823000,456.204380,458.858234,460.000000,770,3.795620,OpenLoop,FIFO,true,OpenLoop_FIFO,458.858234
18.920008,-1,18,9999.484000,8.307000,453.475051,458.050756,460.000000,770,6.524949,OpenLoop,FIFO,true,OpenLoop_FIFO,458.050756
18.930007,-1,18,9998.947000,7.254000,454.876274,457.574584,460.000000,770,5.123726,OpenLoop,FIFO,true,OpenLoop_FIFO,457.574584
18.940007,-1,18,10000.040000,7.294000,457.904884,457.624129,460.000000,770,2.095116,OpenLoop,FIFO,true,OpenLoop_FIFO,457.624129
18.950007,-1,18,9999.539000,6.833000,458.883994,457.813109,460.000000,770,1.116006,OpenLoop,FIFO,true,OpenLoop_FIFO,457.813109
18.960006,-1,18,9999.484000,6.317000,460.461690,458.210396,460.000000,770,-0.461690,OpenLoop,FIFO,true,OpenLoop_FIFO,458.210396
18.970007,-1,18,10000.262000,6.579000,458.848532,458.306116,460.000000,770,1.151468,OpenLoop,FIFO,true,OpenLoop_FIFO,458.306116
18.980007,-1,18,10000.132000,6.711000,458.883994,458.392798,460.000000,770,1.116006,OpenLoop,FIFO,true,OpenLoop_FIFO,458.392798
18.990008,-1,18,10001.632000,8.343000,460.271318,458.674576,460.000000,770,-0.271318,OpenLoop,FIFO,true,OpenLoop_FIFO,458.674576
19.000007,-1,18,9998.855000,7.198000,460.235641,458.908736,460.000000,770,-0.235641,OpenLoop,FIFO,true,OpenLoop_FIFO,458.908736
19.010007,-1,18,9999.835000,7.033000,462.734452,459.482593,460.000000,770,-2.734452,OpenLoop,FIFO,true,OpenLoop_FIFO,459.482593
19.020007,-1,18,10000.262000,7.295000,460.033574,459.565240,460.000000,770,-0.033574,OpenLoop,FIFO,true,OpenLoop_FIFO,459.565240
19.030008,-1,18,10000.503000,7.798000,459.108717,459.496762,460.000000,770,0.891283,OpenLoop,FIFO,true,OpenLoop_FIFO,459.496762
19.040007,-1,18,9999.150000,6.948000,456.648807,459.069569,460.000000,770,3.351193,OpenLoop,FIFO,true,OpenLoop_FIFO,459.069569
19.050020,-1,18,10012.984000,19.932000,451.743197,457.970613,460.000000,770,8.256803,OpenLoop,FIFO,true,OpenLoop_FIFO,457.970613
19.060017,-1,18,9997.151000,17.083000,456.204380,457.705678,460.000000,770,3.795620,OpenLoop,FIFO,true,OpenLoop_FIFO,457.705678
19.070017,-1,18,10000.021000,17.104000,457.423327,457.663325,460.000000,770,2.576673,OpenLoop,FIFO,true,OpenLoop_FIFO,457.663325
19.080022,-1,18,10004.910000,22.014000,458.612255,457.805665,460.000000,770,1.387745,OpenLoop,FIFO,true,OpenLoop_FIFO,457.805665
19.090018,-1,18,9996.113000,18.127000,460.986025,458.282719,460.000000,770,-0.986025,OpenLoop,FIFO,true,OpenLoop_FIFO,458.282719
19.100017,-1,18,9998.799000,16.926000,458.211144,458.271983,460.000000,770,1.788856,OpenLoop,FIFO,true,OpenLoop_FIFO,458.271983
19.110016,-1,18,9999.540000,16.466000,459.058760,458.389999,460.000000,770,0.941240,OpenLoop,FIFO,true,OpenLoop_FIFO,458.389999
19.120017,-1,18,10000.058000,16.524000,459.773470,458.597520,460.000000,770,0.226530,OpenLoop,FIFO,true,OpenLoop_FIFO,458.597520
19.130021,-1,18,10004.577000,21.101000,459.796076,458.777303,460.000000,770,0.203924,OpenLoop,FIFO,true,OpenLoop_FIFO,458.777303
19.140017,-1,18,9996.113000,17.214000,462.734452,459.370876,460.000000,770,-2.734452,OpenLoop,FIFO,true,OpenLoop_FIFO,459.370876
19.150018,-1,18,10001.040000,18.254000,460.986025,459.613148,460.000000,770,-0.986025,OpenLoop,FIFO,true,OpenLoop_FIFO,459.613148
19.160026,-1,18,10007.539000,25.793000,459.558824,459.604999,460.000000,770,0.441176,OpenLoop,FIFO,true,OpenLoop_FIFO,459.604999
19.170021,-1,18,9994.966000,20.759000,457.069339,459.224650,460.000000,770,2.930661,OpenLoop,FIFO,true,OpenLoop_FIFO,459.224650
19.180016,-1,18,9995.595000,16.354000,454.435288,458.506246,460.000000,770,5.564712,OpenLoop,FIFO,true,OpenLoop_FIFO,458.506246
19.190060,-1,18,10043.410000,59.764000,456.496668,458.204809,460.000000,770,3.503332,OpenLoop,FIFO,true,OpenLoop_FIFO,458.204809
19.200043,-1,18,9983.262000,43.026000,457.210869,458.055718,460.000000,770,2.789131,OpenLoop,FIFO,true,OpenLoop_FIFO,458.055718
19.210044,-1,18,10000.984000,44.010000,460.235641,458.382707,460.000000,770,-0.235641,OpenLoop,FIFO,true,OpenLoop_FIFO,458.382707
19.220051,-1,18,10007.039000,51.049000,460.235641,458.660647,460.000000,770,-0.235641,OpenLoop,FIFO,true,OpenLoop_FIFO,458.660647
19.230046,-1,18,9994.762000,45.811000,458.310701,458.608155,460.000000,770,1.689299,OpenLoop,FIFO,true,OpenLoop_FIFO,458.608155
19.240036,-1,18,9990.447000,36.258000,460.235641,458.852278,460.000000,770,-0.235641,OpenLoop,FIFO,true,OpenLoop_FIFO,458.852278
19.250056,-1,18,10019.910000,56.168000,459.085052,458.887194,460.000000,770,0.914948,OpenLoop,FIFO,true,OpenLoop_FIFO,458.887194
19.260039,-1,18,9982.966000,39.134000,460.461690,459.123368,460.000000,770,-0.461690,OpenLoop,FIFO,true,OpenLoop_FIFO,459.123368
19.270043,-1,18,10004.003000,43.137000,461.655090,459.503126,460.000000,770,-1.655090,OpenLoop,FIFO,true,OpenLoop_FIFO,459.503126
19.280029,-1,18,9986.336000,29.473000,461.324866,459.776387,460.000000,770,-1.324866,OpenLoop,FIFO,true,OpenLoop_FIFO,459.776387
19.290035,-1,18,10005.558000,35.031000,459.558824,459.743753,460.000000,770,0.441176,OpenLoop,FIFO,true,OpenLoop_FIFO,459.743753
19.300050,-1,18,10015.113000,50.144000,458.211144,459.513861,460.000000,770,1.788856,OpenLoop,FIFO,true,OpenLoop_FIFO,459.513861
19.310045,-1,18,9995.262000,45.406000,452.679865,458.488762,460.000000,770,7.320135,OpenLoop,FIFO,true,OpenLoop_FIFO,458.488762
19.320058,-1,18,10012.373000,57.779000,456.426485,458.179420,460.000000,770,3.573515,OpenLoop,FIFO,true,OpenLoop_FIFO,458.179420
19.330034,-1,18,9975.725000,33.504000,456.496668,457.927008,460.000000,770,3.503332,OpenLoop,FIFO,true,OpenLoop_FIFO,457.927008
19.340091,-1,18,10057.705000,91.209000,460.059978,458.246953,460.000000,770,-0.059978,OpenLoop,FIFO,true,OpenLoop_FIFO,458.246953
19.350035,-1,18,9943.726000,34.935000,459.763709,458.474467,460.000000,770,0.236291,OpenLoop,FIFO,true,OpenLoop_FIFO,458.474467
19.360051,-1,18,10016.391000,51.326000,459.037728,458.558956,460.000000,770,0.962272,OpenLoop,FIFO,true,OpenLoop_FIFO,458.558956
19.370038,-1,18,9986.596000,37.922000,460.318896,458.822947,460.000000,770,-0.318896,OpenLoop,FIFO,true,OpenLoop_FIFO,458.822947
19.380030,-1,18,9992.095000,30.017000,458.329045,458.748862,460.000000,770,1.670955,OpenLoop,FIFO,true,OpenLoop_FIFO,458.748862
19.390035,-1,18,10005.077000,35.094000,461.413525,459.148561,460.000000,770,-1.413525,OpenLoop,FIFO,true,OpenLoop_FIFO,459.148561
19.400017,-1,18,9981.540000,16.634000,461.368110,459.481493,460.000000,770,-1.368110,OpenLoop,FIFO,true,OpenLoop_FIFO,459.481493
19.410009,-1,18,9992.817000,9.451000,461.595273,459.798560,460.000000,770,-1.595273,OpenLoop,FIFO,true,OpenLoop_FIFO,459.798560
19.420007,-1,18,9997.355000,6.806000,459.108717,459.695084,460.000000,770,0.891283,OpenLoop,FIFO,true,OpenLoop_FIFO,459.695084
19.430009,-1,18,10002.410000,9.216000,458.612255,459.532660,460.000000,770,1.387745,OpenLoop,FIFO,true,OpenLoop_FIFO,459.532660
19.440012,-1,18,10002.521000,11.737000,454.864658,458.832459,460.000000,770,5.135342,OpenLoop,FIFO,true,OpenLoop_FIFO,458.832459
19.450009,-1,18,9996.799000,8.536000,455.539359,458.338494,460.000000,770,4.460641,OpenLoop,FIFO,true,OpenLoop_FIFO,458.338494
19.460008,-1,18,9999.040000,7.576000,456.496668,458.062220,460.000000,770,3.503332,OpenLoop,FIFO,true,OpenLoop_FIFO,458.062220
19.470007,-1,18,9999.391000,6.967000,459.784208,458.320518,460.000000,770,0.215792,OpenLoop,FIFO,true,OpenLoop_FIFO,458.320518
19.480007,-1,18,9999.799000,6.766000,460.687961,458.675635,460.000000,770,-0.687961,OpenLoop,FIFO,true,OpenLoop_FIFO,458.675635
19.490018,-1,18,10011.169000,17.935000,457.199692,458.454243,460.000000,770,2.800308,OpenLoop,FIFO,true,OpenLoop_FIFO,458.454243
19.500009,-1,18,9991.336000,9.271000,460.009814,458.687579,460.000000,770,-0.009814,OpenLoop,FIFO,true,OpenLoop_FIFO,458.687579
19.510017,-1,18,10007.947000,17.218000,458.211144,458.616114,460.000000,770,1.788856,OpenLoop,FIFO,true,OpenLoop_FIFO,458.616114
19.520016,-1,18,9998.706000,15.924000,460.271318,458.864394,460.000000,770,-0.271318,OpenLoop,FIFO,true,OpenLoop_FIFO,458.864394
19.530010,-1,18,9994.114000,10.038000,461.368110,459.239952,460.000000,770,-1.368110,OpenLoop,FIFO,true,OpenLoop_FIFO,459.239952
19.540008,-1,18,9998.225000,8.263000,460.461690,459.423212,460.000000,770,-0.461690,OpenLoop,FIFO,true,OpenLoop_FIFO,459.423212
19.550007,-1,18,9998.836000,7.099000,460.687961,459.612925,460.000000,770,-0.687961,OpenLoop,FIFO,true,OpenLoop_FIFO,459.612925
19.560007,-1,18,10000.132000,7.231000,457.434515,459.286163,460.000000,770,2.565485,OpenLoop,FIFO,true,OpenLoop_FIFO,459.286163
19.570007,-1,18,9999.669000,6.900000,454.876274,458.624680,460.000000,770,5.123726,OpenLoop,FIFO,true,OpenLoop_FIFO,458.624680
19.580007,-1,18,9999.651000,6.551000,454.632466,458.025848,460.000000,770,5.367534,OpenLoop,FIFO,true,OpenLoop_FIFO,458.025848
19.590006,-1,18,9999.503000,6.054000,457.094100,457.886085,460.000000,770,2.905900,OpenLoop,FIFO,true,OpenLoop_FIFO,457.886085
19.600007,-1,18,10001.317000,7.371000,459.558824,458.136996,460.000000,770,0.441176,OpenLoop,FIFO,true,OpenLoop_FIFO,458.136996
19.610007,-1,18,9999.632000,7.003000,460.687961,458.519641,460.000000,770,-0.687961,OpenLoop,FIFO,true,OpenLoop_FIFO,458.519641
19.620010,-1,18,10003.096000,10.099000,457.763672,458.406246,460.000000,770,2.236328,OpenLoop,FIFO,true,OpenLoop_FIFO,458.406246
19.630008,-1,18,9998.317000,8.416000,460.271318,458.686006,460.000000,770,-0.271318,OpenLoop,FIFO,true,OpenLoop_FIFO,458.686006
19.640007,-1,18,9998.577000,6.993000,458.659491,458.682029,460.000000,770,1.340509,OpenLoop,FIFO,true,OpenLoop_FIFO,458.682029
19.650007,-1,18,9999.651000,6.644000,460.747543,458.991856,460.000000,770,-0.747543,OpenLoop,FIFO,true,OpenLoop_FIFO,458.991856
19.660008,-1,18,10001.113000,7.757000,462.278107,459.484794,460.000000,770,-2.278107,OpenLoop,FIFO,true,OpenLoop_FIFO,459.484794
19.670007,-1,18,9999.484000,7.241000,460.009814,459.563547,460.000000,770,-0.009814,OpenLoop,FIFO,true,OpenLoop_FIFO,459.563547
19.680007,-1,18,9999.577000,6.818000,461.224754,459.812728,460.000000,770,-1.224754,OpenLoop,FIFO,true,OpenLoop_FIFO,459.812728
19.690016,-1,18,10009.058000,15.876000,457.540264,459.471858,460.000000,770,2.459736,OpenLoop,FIFO,true,OpenLoop_FIFO,459.471858
19.700009,-1,18,9993.577000,9.453000,455.539359,458.881983,460.000000,770,4.460641,OpenLoop,FIFO,true,OpenLoop_FIFO,458.881983
19.710011,-1,18,10001.188000,10.641000,455.329755,458.349149,460.000000,770,4.670245,OpenLoop,FIFO,true,OpenLoop_FIFO,458.349149
19.720009,-1,18,9998.613000,9.254000,455.318116,457.894494,460.000000,770,4.681884,OpenLoop,FIFO,true,OpenLoop_FIFO,457.894494
19.730010,-1,18,10000.595000,9.849000,462.224478,458.543992,460.000000,770,-2.224478,OpenLoop,FIFO,true,OpenLoop_FIFO,458.543992
19.740008,-1,18,9997.873000,7.722000,459.108717,458.628700,460.000000,770,0.891283,OpenLoop,FIFO,true,OpenLoop_FIFO,458.628700
19.750007,-1,18,9999.577000,7.299000,458.659491,458.633319,460.000000,770,1.340509,OpenLoop,FIFO,true,OpenLoop_FIFO,458.633319
19.760007,-1,18,9999.632000,6.931000,459.558824,458.772145,460.000000,770,0.441176,OpenLoop,FIFO,true,OpenLoop_FIFO,458.772145
19.770007,-1,18,9999.836000,6.767000,458.659491,458.755247,460.000000,770,1.340509,OpenLoop,FIFO,true,OpenLoop_FIFO,458.755247
19.780007,-1,18,10000.410000,7.177000,460.747543,459.054091,460.000000,770,-0.747543,OpenLoop,FIFO,true,OpenLoop_FIFO,459.054091
19.790007,-1,18,9999.836000,7.013000,461.595273,459.435268,460.000000,770,-1.595273,OpenLoop,FIFO,true,OpenLoop_FIFO,459.435268
19.800007,-1,18,9999.799000,6.812000,461.368110,459.725195,460.000000,770,-1.368110,OpenLoop,FIFO,true,OpenLoop_FIFO,459.725195
19.810007,-1,18,9999.799000,6.611000,461.368110,459.971632,460.000000,770,-1.368110,OpenLoop,FIFO,true,OpenLoop_FIFO,459.971632
19.820007,-1,18,10000.206000,6.817000,458.140432,459.696952,460.000000,770,1.859568,OpenLoop,FIFO,true,OpenLoop_FIFO,459.696952
19.830007,-1,18,10000.447000,7.264000,455.760817,459.106532,460.000000,770,4.239183,OpenLoop,FIFO,true,OpenLoop_FIFO,459.106532
19.840007,-1,18,10000.114000,7.378000,455.795803,458.609922,460.000000,770,4.204197,OpenLoop,FIFO,true,OpenLoop_FIFO,458.609922
19.850010,-1,18,10002.318000,9.696000,454.876274,458.049875,460.000000,770,5.123726,OpenLoop,FIFO,true,OpenLoop_FIFO,458.049875
19.860008,-1,18,9997.910000,7.606000,461.702955,458.597837,460.000000,770,-1.702955,OpenLoop,FIFO,true,OpenLoop_FIFO,458.597837
19.870007,-1,18,9999.428000,7.034000,459.333660,458.708211,460.000000,770,0.666340,OpenLoop,FIFO,true,OpenLoop_FIFO,458.708211
19.880008,-1,18,10000.484000,7.518000,460.009814,458.903451,460.000000,770,-0.009814,OpenLoop,FIFO,true,OpenLoop_FIFO,458.903451
19.890009,-1,18,10001.318000,8.836000,459.796076,459.037345,460.000000,770,0.203924,OpenLoop,FIFO,true,OpenLoop_FIFO,459.037345
19.900008,-1,18,9999.039000,7.875000,458.435208,458.947024,460.000000,770,1.564792,OpenLoop,FIFO,true,OpenLoop_FIFO,458.947024
19.910008,-1,18,10000.262000,8.137000,462.050271,459.412511,460.000000,770,-2.050271,OpenLoop,FIFO,true,OpenLoop_FIFO,459.412511
19.920008,-1,18,9999.836000,7.973000,460.986025,459.648538,460.000000,770,-0.986025,OpenLoop,FIFO,true,OpenLoop_FIFO,459.648538
19.930008,-1,18,9999.706000,7.679000,462.050271,460.008798,460.000000,770,-2.050271,OpenLoop,FIFO,true,OpenLoop_FIFO,460.008798
19.940012,-1,18,10004.299000,11.978000,461.595273,460.246769,460.000000,770,-1.595273,OpenLoop,FIFO,true,OpenLoop_FIFO,460.246769
19.950008,-1,18,9996.466000,8.444000,458.376222,459.966187,460.000000,770,1.623778,OpenLoop,FIFO,true,OpenLoop_FIFO,459.966187
19.960007,-1,18,9998.243000,6.687000,456.204380,459.401916,460.000000,770,3.795620,OpenLoop,FIFO,true,OpenLoop_FIFO,459.401916
19.970007,-1,18,10000.040000,6.727000,455.329755,458.791092,460.000000,770,4.670245,OpenLoop,FIFO,true,OpenLoop_FIFO,458.791092
19.980007,-1,18,10000.021000,6.748000,454.876274,458.203869,460.000000,770,5.123726,OpenLoop,FIFO,true,OpenLoop_FIFO,458.203869
19.990018,-1,18,10010.780000,17.528000,461.702955,458.728732,460.000000,770,-1.702955,OpenLoop,FIFO,true,OpenLoop_FIFO,458.728732
