elapsed_s,step_index,pwm_percent,loop_period_us,late_us,raw_rpm,filtered_rpm,target_rpm,pwm,error_rpm,intended_mode,intended_fifo,fifo_active,condition,fb_rpm
0.010040,-1,22,10040.284000,40.284000,0.000000,0.000000,460.000000,909,460.000000,PI,FIFO,true,PI_FIFO,0.000000
0.020041,-1,26,10000.654000,40.938000,0.000071,0.000011,460.000000,1099,459.999929,PI,FIFO,true,PI_FIFO,0.000071
0.030033,-1,23,9992.043000,32.981000,157.752404,23.662870,460.000000,977,302.247596,PI,FIFO,true,PI_FIFO,157.752404
0.040036,-1,19,10003.413000,36.394000,308.857070,66.442000,460.000000,803,151.142930,PI,FIFO,true,PI_FIFO,308.857070
0.050032,-1,16,9995.468000,31.862000,398.183105,116.203166,460.000000,689,61.816895,PI,FIFO,true,PI_FIFO,398.183105
0.060037,-1,16,10005.284000,37.146000,427.773775,162.938757,460.000000,656,32.226225,PI,FIFO,true,PI_FIFO,427.773775
0.070032,-1,16,9994.654000,31.800000,423.194371,201.977099,460.000000,678,36.805629,PI,FIFO,true,PI_FIFO,423.194371
0.080034,-1,17,10002.079000,33.879000,417.904903,234.366270,460.000000,704,42.095097,PI,FIFO,true,PI_FIFO,417.904903
0.090032,-1,17,9998.099000,31.978000,413.746106,261.273245,460.000000,729,46.253894,PI,FIFO,true,PI_FIFO,413.746106
0.100039,-1,18,10006.709000,38.687000,418.723554,284.890792,460.000000,738,41.276446,PI,FIFO,true,PI_FIFO,418.723554
0.110035,-1,18,9996.524000,35.211000,419.407895,305.068357,460.000000,754,40.592105,PI,FIFO,true,PI_FIFO,419.407895
0.120031,-1,18,9995.321000,30.532000,424.635128,323.003373,460.000000,760,35.364872,PI,FIFO,true,PI_FIFO,424.635128
0.130026,-1,18,9995.264000,25.796000,429.010116,338.904384,460.000000,766,30.989884,PI,FIFO,true,PI_FIFO,429.010116
0.140030,-1,18,10003.765000,29.561000,432.972776,353.014643,460.000000,771,27.027224,PI,FIFO,true,PI_FIFO,432.972776
0.150023,-1,18,9993.784000,23.345000,438.731527,365.872176,460.000000,771,21.268473,PI,FIFO,true,PI_FIFO,438.731527
0.160027,-1,18,10003.579000,26.924000,444.312796,377.638269,460.000000,769,15.687204,PI,FIFO,true,PI_FIFO,444.312796
0.170024,-1,18,9997.173000,24.097000,451.589595,388.730968,460.000000,761,8.410405,PI,FIFO,true,PI_FIFO,451.589595
0.180027,-1,18,10002.654000,26.751000,451.452251,398.139160,460.000000,765,8.547749,PI,FIFO,true,PI_FIFO,451.452251
0.190026,-1,18,9999.376000,26.127000,451.372171,406.124112,460.000000,768,8.627829,PI,FIFO,true,PI_FIFO,451.372171
0.200028,-1,18,10001.839000,27.966000,453.013733,413.157555,460.000000,769,6.986267,PI,FIFO,true,PI_FIFO,453.013733
0.210026,-1,18,9997.968000,25.934000,452.461390,419.053130,460.000000,773,7.538610,PI,FIFO,true,PI_FIFO,452.461390
0.220025,-1,18,9998.710000,24.644000,457.540264,424.826200,460.000000,766,2.459736,PI,FIFO,true,PI_FIFO,457.540264
0.230026,-1,18,10001.098000,25.742000,457.857804,429.780941,460.000000,766,2.142196,PI,FIFO,true,PI_FIFO,457.857804
0.240030,-1,18,10004.580000,30.322000,458.423410,434.077311,460.000000,766,1.576590,PI,FIFO,true,PI_FIFO,458.423410
0.250026,-1,18,9995.431000,25.753000,456.204380,437.396371,460.000000,771,3.795620,PI,FIFO,true,PI_FIFO,456.204380
0.260027,-1,18,10001.395000,27.148000,453.244275,439.773557,460.000000,778,6.755725,PI,FIFO,true,PI_FIFO,453.244275
0.270024,-1,19,9996.635000,23.783000,453.292718,441.801431,460.000000,781,6.707282,PI,FIFO,true,PI_FIFO,453.292718
0.280027,-1,19,10003.172000,26.955000,455.143602,443.802757,460.000000,780,4.856398,PI,FIFO,true,PI_FIFO,455.143602
0.290024,-1,19,9997.173000,24.128000,456.204380,445.663000,460.000000,780,3.795620,PI,FIFO,true,PI_FIFO,456.204380
0.300033,-1,18,10008.376000,32.504000,462.582237,448.200886,460.000000,769,-2.582237,PI,FIFO,true,PI_FIFO,462.582237
0.310025,-1,18,9992.653000,25.157000,462.050271,450.278293,460.000000,769,-2.050271,PI,FIFO,true,PI_FIFO,462.050271
0.320030,-1,18,10004.840000,29.997000,459.784208,451.704181,460.000000,772,0.215792,PI,FIFO,true,PI_FIFO,459.784208
0.330026,-1,18,9995.635000,25.632000,460.687961,453.051748,460.000000,771,-0.687961,PI,FIFO,true,PI_FIFO,460.687961
0.340029,-1,18,10003.728000,29.360000,457.669579,453.744422,460.000000,776,2.330421,PI,FIFO,true,PI_FIFO,457.669579
0.350025,-1,18,9996.079000,25.439000,462.506167,455.058684,460.000000,768,-2.506167,PI,FIFO,true,PI_FIFO,462.506167
0.360026,-1,18,10000.987000,26.426000,460.849719,455.927339,460.000000,770,-0.849719,PI,FIFO,true,PI_FIFO,460.849719
0.370023,-1,18,9996.432000,22.858000,460.813763,456.660303,460.000000,770,-0.813763,PI,FIFO,true,PI_FIFO,460.813763
0.380028,-1,18,10004.987000,27.845000,459.558824,457.095081,460.000000,772,0.441176,PI,FIFO,true,PI_FIFO,459.558824
0.390030,-1,19,10002.061000,29.906000,456.159984,456.954816,460.000000,779,3.840016,PI,FIFO,true,PI_FIFO,456.159984
0.400027,-1,18,9996.784000,26.690000,457.246637,456.998590,460.000000,778,2.753363,PI,FIFO,true,PI_FIFO,457.246637
0.410027,-1,19,10000.561000,27.251000,454.400510,456.608878,460.000000,785,5.599490,PI,FIFO,true,PI_FIFO,454.400510
0.420024,-1,19,9997.080000,24.331000,458.211144,456.849218,460.000000,780,1.788856,PI,FIFO,true,PI_FIFO,458.211144
0.430023,-1,18,9998.913000,23.244000,463.191700,457.800590,460.000000,771,-3.191700,PI,FIFO,true,PI_FIFO,463.191700
0.440028,-1,18,10004.802000,28.046000,463.191700,458.609256,460.000000,769,-3.191700,PI,FIFO,true,PI_FIFO,463.191700
0.450022,-1,18,9993.561000,21.607000,461.595273,459.057159,460.000000,771,-1.595273,PI,FIFO,true,PI_FIFO,461.595273
0.460022,-1,18,10000.524000,22.131000,460.687961,459.301779,460.000000,772,-0.687961,PI,FIFO,true,PI_FIFO,460.687961
0.470024,-1,18,10001.635000,23.766000,458.140432,459.127577,460.000000,777,1.859568,PI,FIFO,true,PI_FIFO,458.140432
0.480029,-1,18,10004.895000,28.661000,462.734452,459.668608,460.000000,769,-2.734452,PI,FIFO,true,PI_FIFO,462.734452
0.490025,-1,18,9996.154000,24.815000,461.894513,460.002494,460.000000,769,-1.894513,PI,FIFO,true,PI_FIFO,461.894513
0.500028,-1,18,10003.376000,28.191000,462.506167,460.378045,460.000000,767,-2.506167,PI,FIFO,true,PI_FIFO,462.506167
0.510024,-1,18,9995.654000,23.845000,459.603883,460.261921,460.000000,772,0.396117,PI,FIFO,true,PI_FIFO,459.603883
0.520029,-1,19,10005.098000,28.943000,456.081081,459.634795,460.000000,779,3.918919,PI,FIFO,true,PI_FIFO,456.081081
0.530022,-1,18,9993.228000,22.171000,457.904884,459.375308,460.000000,777,2.095116,PI,FIFO,true,PI_FIFO,457.904884
0.540025,-1,19,10002.561000,24.732000,454.876274,458.700453,460.000000,784,5.123726,PI,FIFO,true,PI_FIFO,454.876274
0.550023,-1,18,9998.135000,22.867000,459.333660,458.795434,460.000000,777,0.666340,PI,FIFO,true,PI_FIFO,459.333660
0.560028,-1,18,10005.024000,27.891000,462.962963,459.420563,460.000000,770,-2.962963,PI,FIFO,true,PI_FIFO,462.962963
0.570024,-1,18,9996.117000,24.008000,463.191700,459.986234,460.000000,769,-3.191700,PI,FIFO,true,PI_FIFO,463.191700
0.580029,-1,18,10004.506000,28.514000,461.463731,460.207858,460.000000,771,-1.463731,PI,FIFO,true,PI_FIFO,461.463731
0.590025,-1,18,9996.061000,24.575000,459.784208,460.144311,460.000000,774,0.215792,PI,FIFO,true,PI_FIFO,459.784208
0.600028,-1,18,10003.691000,28.266000,459.333660,460.022713,460.000000,775,0.666340,PI,FIFO,true,PI_FIFO,459.333660
0.610023,-1,18,9994.783000,23.049000,462.734452,460.429474,460.000000,768,-2.734452,PI,FIFO,true,PI_FIFO,462.734452
0.620026,-1,18,10003.339000,26.388000,461.595273,460.604344,460.000000,769,-1.595273,PI,FIFO,true,PI_FIFO,461.595273
0.630019,-1,18,9993.099000,19.487000,462.734452,460.923860,460.000000,766,-2.734452,PI,FIFO,true,PI_FIFO,462.734452
0.640026,-1,18,10006.431000,25.918000,460.271318,460.825979,460.000000,770,-0.271318,PI,FIFO,true,PI_FIFO,460.271318
0.650022,-1,19,9995.672000,21.590000,455.318116,459.999799,460.000000,780,4.681884,PI,FIFO,true,PI_FIFO,455.318116
0.660027,-1,18,10005.784000,27.374000,457.448335,459.617080,460.000000,778,2.551665,PI,FIFO,true,PI_FIFO,457.448335
0.670025,-1,19,9997.506000,24.880000,453.995157,458.773791,460.000000,785,6.004843,PI,FIFO,true,PI_FIFO,453.995157
0.680029,-1,18,10003.635000,28.515000,460.009814,458.959195,460.000000,776,-0.009814,PI,FIFO,true,PI_FIFO,460.009814
0.690024,-1,18,9995.950000,24.465000,462.962963,459.559760,460.000000,770,-2.962963,PI,FIFO,true,PI_FIFO,462.962963
0.700026,-1,18,10001.191000,25.656000,462.962963,460.070240,460.000000,769,-2.962963,PI,FIFO,true,PI_FIFO,462.962963
0.710023,-1,18,9997.635000,23.291000,462.050271,460.367245,460.000000,769,-2.050271,PI,FIFO,true,PI_FIFO,462.050271
0.720025,-1,18,10001.691000,24.982000,461.322704,460.510564,460.000000,770,-1.322704,PI,FIFO,true,PI_FIFO,461.322704
0.730022,-1,18,9997.080000,22.062000,459.606255,460.374917,460.000000,773,0.393745,PI,FIFO,true,PI_FIFO,459.606255
0.740053,-1,18,10030.450000,52.512000,461.772110,460.584496,460.000000,769,-1.772110,PI,FIFO,true,PI_FIFO,461.772110
0.750046,-1,18,9993.098000,45.610000,462.582237,460.884157,460.000000,766,-2.582237,PI,FIFO,true,PI_FIFO,462.582237
0.760033,-1,18,9987.117000,32.727000,460.795219,460.870817,460.000000,769,-0.795219,PI,FIFO,true,PI_FIFO,460.795219
0.770060,-1,18,10027.450000,60.177000,460.747543,460.852326,460.000000,769,-0.747543,PI,FIFO,true,PI_FIFO,460.747543
0.780037,-1,18,9976.376000,36.553000,456.604325,460.215126,460.000000,777,3.395675,PI,FIFO,true,PI_FIFO,456.604325
0.790037,-1,18,10000.283000,36.836000,456.871345,459.713558,460.000000,777,3.128655,PI,FIFO,true,PI_FIFO,456.871345
0.800045,-1,19,10008.025000,44.861000,454.911125,458.993193,460.000000,783,5.088875,PI,FIFO,true,PI_FIFO,454.911125
0.810027,-1,18,9981.783000,26.644000,458.488589,458.917503,460.000000,778,1.511411,PI,FIFO,true,PI_FIFO,458.488589
0.820028,-1,18,10001.172000,27.816000,461.595273,459.319168,460.000000,772,-1.595273,PI,FIFO,true,PI_FIFO,461.595273
0.830022,-1,18,9994.543000,22.359000,463.384495,459.928967,460.000000,768,-3.384495,PI,FIFO,true,PI_FIFO,463.384495
0.840028,-1,18,10005.913000,28.272000,463.145934,460.411512,460.000000,767,-3.145934,PI,FIFO,true,PI_FIFO,463.145934
0.850023,-1,18,9994.691000,22.963000,460.506926,460.425824,460.000000,771,-0.506926,PI,FIFO,true,PI_FIFO,460.506926
0.860030,-1,18,10007.117000,30.080000,459.108717,460.228258,460.000000,773,0.891283,PI,FIFO,true,PI_FIFO,459.108717
0.870023,-1,18,9992.487000,22.567000,462.422118,460.557337,460.000000,767,-2.422118,PI,FIFO,true,PI_FIFO,462.422118
0.880028,-1,18,10005.672000,28.239000,461.141171,460.644912,460.000000,769,-1.141171,PI,FIFO,true,PI_FIFO,461.141171
0.890023,-1,18,9995.024000,23.263000,462.050271,460.855716,460.000000,767,-2.050271,PI,FIFO,true,PI_FIFO,462.050271
0.900028,-1,18,10004.636000,27.899000,460.310966,460.774004,460.000000,769,-0.310966,PI,FIFO,true,PI_FIFO,460.310966
0.910022,-1,19,9994.264000,22.163000,455.495093,459.982167,460.000000,779,4.504907,PI,FIFO,true,PI_FIFO,455.495093
0.920022,-1,18,9999.839000,22.002000,457.246637,459.571837,460.000000,777,2.753363,PI,FIFO,true,PI_FIFO,457.246637
0.930022,-1,19,9999.802000,21.804000,455.097087,458.900625,460.000000,782,4.902913,PI,FIFO,true,PI_FIFO,455.097087
0.940023,-1,18,10001.136000,22.940000,459.108717,458.931839,460.000000,776,0.891283,PI,FIFO,true,PI_FIFO,459.108717
0.950019,-1,18,9995.783000,18.723000,462.662338,459.491414,460.000000,770,-2.662338,PI,FIFO,true,PI_FIFO,462.662338
0.960024,-1,18,10004.876000,23.599000,462.232521,459.902580,460.000000,770,-2.232521,PI,FIFO,true,PI_FIFO,462.232521
0.970022,-1,18,9998.506000,22.105000,463.466482,460.437165,460.000000,766,-3.466482,PI,FIFO,true,PI_FIFO,463.466482
0.980026,-1,18,10004.320000,26.425000,459.558824,460.305414,460.000000,772,0.441176,PI,FIFO,true,PI_FIFO,459.558824
0.990022,-1,18,9995.913000,22.338000,460.033574,460.264638,460.000000,772,-0.033574,PI,FIFO,true,PI_FIFO,460.033574
1.000025,-1,18,10002.987000,25.325000,461.368110,460.430159,460.000000,769,-1.368110,PI,FIFO,true,PI_FIFO,461.368110
1.010022,-1,18,9996.247000,21.572000,462.050271,460.673176,460.000000,767,-2.050271,PI,FIFO,true,PI_FIFO,462.050271
1.020027,-1,18,10004.950000,26.522000,461.777165,460.838774,460.000000,767,-1.777165,PI,FIFO,true,PI_FIFO,461.777165
1.030023,-1,18,9996.524000,23.046000,460.506926,460.788997,460.000000,769,-0.506926,PI,FIFO,true,PI_FIFO,460.506926
1.040027,-1,18,10004.172000,27.218000,456.029186,460.075025,460.000000,777,3.970814,PI,FIFO,true,PI_FIFO,456.029186
1.050024,-1,18,9997.191000,24.409000,456.574675,459.549973,460.000000,778,3.425325,PI,FIFO,true,PI_FIFO,456.574675
1.060030,-1,19,10005.673000,30.082000,455.097087,458.882040,460.000000,782,4.902913,PI,FIFO,true,PI_FIFO,455.097087
1.070023,-1,18,9992.542000,22.624000,458.659491,458.848658,460.000000,777,1.340509,PI,FIFO,true,PI_FIFO,458.659491
1.080030,-1,18,10007.154000,29.778000,462.278107,459.363075,460.000000,771,-2.278107,PI,FIFO,true,PI_FIFO,462.278107
1.090022,-1,18,9992.506000,22.284000,462.582237,459.845949,460.000000,769,-2.582237,PI,FIFO,true,PI_FIFO,462.582237
1.100030,-1,18,10008.005000,30.289000,464.108911,460.485393,460.000000,765,-4.108911,PI,FIFO,true,PI_FIFO,464.108911
1.110023,-1,18,9992.469000,22.758000,459.333660,460.312633,460.000000,773,0.666340,PI,FIFO,true,PI_FIFO,459.333660
1.120031,-1,18,10008.098000,30.856000,459.558824,460.199562,460.000000,772,0.441176,PI,FIFO,true,PI_FIFO,459.558824
1.130022,-1,18,9991.636000,22.492000,461.322704,460.368033,460.000000,769,-1.322704,PI,FIFO,true,PI_FIFO,461.322704
1.140032,-1,18,10009.246000,31.738000,463.008692,460.764132,460.000000,765,-3.008692,PI,FIFO,true,PI_FIFO,463.008692
1.150026,-1,18,9994.561000,26.299000,462.278107,460.991228,460.000000,766,-2.278107,PI,FIFO,true,PI_FIFO,462.278107
1.160030,-1,18,10003.487000,29.786000,459.829311,460.816941,460.000000,769,0.170689,PI,FIFO,true,PI_FIFO,459.829311
1.170028,-1,18,9998.710000,28.496000,456.204380,460.125057,460.000000,777,3.795620,PI,FIFO,true,PI_FIFO,456.204380
1.180028,-1,18,9999.672000,28.168000,456.648807,459.603619,460.000000,777,3.351193,PI,FIFO,true,PI_FIFO,456.648807
1.190027,-1,19,9998.358000,26.526000,455.097087,458.927639,460.000000,782,4.902913,PI,FIFO,true,PI_FIFO,455.097087
1.200042,-1,18,10015.191000,41.717000,457.813348,458.760496,460.000000,778,2.186652,PI,FIFO,true,PI_FIFO,457.813348
1.210033,-1,18,9991.153000,32.870000,462.364960,459.301165,460.000000,770,-2.364960,PI,FIFO,true,PI_FIFO,462.364960
1.220029,-1,18,9996.284000,29.154000,462.050271,459.713531,460.000000,770,-2.050271,PI,FIFO,true,PI_FIFO,462.050271
1.230024,-1,18,9994.931000,24.085000,464.799207,460.476382,460.000000,764,-4.799207,PI,FIFO,true,PI_FIFO,464.799207
1.240031,-1,18,10006.765000,30.850000,460.059978,460.413922,460.000000,771,-0.059978,PI,FIFO,true,PI_FIFO,460.059978
1.250025,-1,18,9994.321000,25.171000,459.558824,460.285657,460.000000,772,0.441176,PI,FIFO,true,PI_FIFO,459.558824
1.260025,-1,18,10000.024000,25.195000,460.642689,460.339212,460.000000,770,-0.642689,PI,FIFO,true,PI_FIFO,460.642689
1.270020,-1,18,9994.968000,20.163000,460.733242,460.398316,460.000000,770,-0.733242,PI,FIFO,true,PI_FIFO,460.733242
1.280035,-1,18,10014.599000,34.762000,463.420662,460.851668,460.000000,764,-3.420662,PI,FIFO,true,PI_FIFO,463.420662
1.290030,-1,18,9995.339000,30.101000,460.033574,460.728954,460.000000,769,-0.033574,PI,FIFO,true,PI_FIFO,460.033574
1.300031,-1,18,10000.820000,30.921000,457.152756,460.192524,460.000000,775,2.847244,PI,FIFO,true,PI_FIFO,457.152756
1.310028,-1,19,9996.728000,27.649000,455.362347,459.467998,460.000000,780,4.637653,PI,FIFO,true,PI_FIFO,455.362347
1.320029,-1,19,10001.265000,28.914000,455.539359,458.878702,460.000000,781,4.460641,PI,FIFO,true,PI_FIFO,455.539359
1.330034,-1,18,10004.820000,33.734000,458.310701,458.793502,460.000000,778,1.689299,PI,FIFO,true,PI_FIFO,458.310701
1.340028,-1,18,9993.987000,27.721000,461.595273,459.213767,460.000000,772,-1.595273,PI,FIFO,true,PI_FIFO,461.595273
1.350021,-1,18,9993.228000,20.949000,463.235294,459.816996,460.000000,768,-3.235294,PI,FIFO,true,PI_FIFO,463.235294
1.360034,-1,18,10012.932000,33.881000,463.374852,460.350675,460.000000,766,-3.374852,PI,FIFO,true,PI_FIFO,463.374852
1.370033,-1,18,9998.783000,32.664000,460.747543,460.410205,460.000000,770,-0.747543,PI,FIFO,true,PI_FIFO,460.747543
1.380031,-1,18,9998.784000,31.448000,460.031311,460.353371,460.000000,771,-0.031311,PI,FIFO,true,PI_FIFO,460.031311
1.390034,-1,18,10002.968000,34.416000,461.822660,460.573764,460.000000,768,-1.822660,PI,FIFO,true,PI_FIFO,461.822660
1.400037,-1,18,10002.210000,36.626000,460.849719,460.615158,460.000000,769,-0.849719,PI,FIFO,true,PI_FIFO,460.849719
1.410030,-1,18,9993.820000,30.446000,463.384495,461.030558,460.000000,763,-3.384495,PI,FIFO,true,PI_FIFO,463.384495
1.420032,-1,18,10001.339000,31.785000,459.796076,460.845386,460.000000,769,0.203924,PI,FIFO,true,PI_FIFO,459.796076
1.430033,-1,18,10001.673000,33.458000,457.942556,460.409961,460.000000,773,2.057444,PI,FIFO,true,PI_FIFO,457.942556
1.440038,-1,18,10004.265000,37.723000,456.029186,459.752845,460.000000,778,3.970814,PI,FIFO,true,PI_FIFO,456.029186
1.450032,-1,19,9994.672000,32.395000,454.699777,458.994885,460.000000,782,5.300223,PI,FIFO,true,PI_FIFO,454.699777
1.460043,-1,18,10010.617000,43.012000,458.848532,458.972932,460.000000,776,1.151468,PI,FIFO,true,PI_FIFO,458.848532
1.470032,-1,18,9988.876000,31.888000,460.914454,459.264160,460.000000,772,-0.914454,PI,FIFO,true,PI_FIFO,460.914454
1.480041,-1,18,10008.783000,40.671000,463.336281,459.874978,460.000000,767,-3.336281,PI,FIFO,true,PI_FIFO,463.336281
1.490037,-1,18,9996.635000,37.306000,462.843239,460.320217,460.000000,767,-2.843239,PI,FIFO,true,PI_FIFO,462.843239
1.500034,-1,18,9996.839000,34.145000,461.015190,460.424463,460.000000,769,-1.015190,PI,FIFO,true,PI_FIFO,461.015190
1.510032,-1,18,9997.802000,31.947000,459.387250,460.268881,460.000000,772,0.612750,PI,FIFO,true,PI_FIFO,459.387250
1.520033,-1,18,10000.747000,32.694000,461.141171,460.399725,460.000000,769,-1.141171,PI,FIFO,true,PI_FIFO,461.141171
1.530027,-1,18,9993.839000,26.533000,460.914454,460.476934,460.000000,769,-0.914454,PI,FIFO,true,PI_FIFO,460.914454
1.540039,-1,18,10012.357000,38.890000,463.867188,460.985472,460.000000,762,-3.867188,PI,FIFO,true,PI_FIFO,463.867188
1.550026,-1,18,9987.376000,26.266000,459.964675,460.832353,460.000000,769,0.035325,PI,FIFO,true,PI_FIFO,459.964675
1.560032,-1,18,10005.358000,31.624000,457.904884,460.393232,460.000000,773,2.095116,PI,FIFO,true,PI_FIFO,457.904884
1.570026,-1,18,9994.728000,26.352000,455.609269,459.675638,460.000000,778,4.390731,PI,FIFO,true,PI_FIFO,455.609269
1.580030,-1,19,10003.468000,29.820000,453.995157,458.823566,460.000000,783,6.004843,PI,FIFO,true,PI_FIFO,453.995157
1.590031,-1,18,10001.561000,31.381000,459.108717,458.866338,460.000000,775,0.891283,PI,FIFO,true,PI_FIFO,459.108717
1.600032,-1,18,10000.506000,31.887000,460.813763,459.158452,460.000000,772,-0.813763,PI,FIFO,true,PI_FIFO,460.813763
1.610032,-1,18,10000.228000,32.115000,463.017404,459.737295,460.000000,768,-3.017404,PI,FIFO,true,PI_FIFO,463.017404
1.620033,-1,18,10001.339000,33.454000,462.962963,460.221145,460.000000,767,-2.962963,PI,FIFO,true,PI_FIFO,462.962963
1.630031,-1,18,9997.672000,31.126000,460.310966,460.234618,460.000000,771,-0.310966,PI,FIFO,true,PI_FIFO,460.310966
1.640030,-1,18,9998.395000,29.521000,461.065574,460.359262,460.000000,769,-1.065574,PI,FIFO,true,PI_FIFO,461.065574
1.650032,-1,18,10002.524000,32.045000,460.687961,460.408566,460.000000,769,-0.687961,PI,FIFO,true,PI_FIFO,460.687961
1.660037,-1,18,10005.395000,37.440000,460.310966,460.393926,460.000000,770,-0.310966,PI,FIFO,true,PI_FIFO,460.310966
1.670041,-1,18,10003.320000,40.760000,462.973850,460.780915,460.000000,764,-2.973850,PI,FIFO,true,PI_FIFO,462.973850
1.680029,-1,18,9988.246000,29.006000,461.186541,460.841759,460.000000,767,-1.186541,PI,FIFO,true,PI_FIFO,461.186541
1.690029,-1,18,9999.784000,28.790000,457.987298,460.413590,460.000000,773,2.012702,PI,FIFO,true,PI_FIFO,457.987298
1.700036,-1,18,10006.969000,35.759000,456.965110,459.896318,460.000000,775,3.034890,PI,FIFO,true,PI_FIFO,456.965110
1.710033,-1,19,9996.968000,32.727000,453.995157,459.011144,460.000000,782,6.004843,PI,FIFO,true,PI_FIFO,453.995157
1.720043,-1,18,10010.413000,43.140000,459.759154,459.123345,460.000000,774,0.240846,PI,FIFO,true,PI_FIFO,459.759154
1.730033,-1,18,9989.821000,32.961000,460.031311,459.259540,460.000000,773,-0.031311,PI,FIFO,true,PI_FIFO,460.031311
1.740033,-1,18,10000.116000,33.077000,463.598901,459.910444,460.000000,766,-3.598901,PI,FIFO,true,PI_FIFO,463.598901
1.750033,-1,18,10000.062000,33.139000,462.582237,460.311213,460.000000,767,-2.582237,PI,FIFO,true,PI_FIFO,462.582237
1.760040,-1,18,10007.302000,40.441000,460.747543,460.376663,460.000000,769,-0.747543,PI,FIFO,true,PI_FIFO,460.747543
1.770031,-1,18,9990.487000,30.928000,459.333660,460.220212,460.000000,772,0.666340,PI,FIFO,true,PI_FIFO,459.333660
1.780035,-1,18,10004.394000,35.322000,460.634066,460.282290,460.000000,769,-0.634066,PI,FIFO,true,PI_FIFO,460.634066
1.790037,-1,18,10001.617000,36.939000,460.511953,460.316740,460.000000,769,-0.511953,PI,FIFO,true,PI_FIFO,460.511953
1.800035,-1,18,9998.246000,35.185000,463.237474,460.754850,460.000000,764,-3.237474,PI,FIFO,true,PI_FIFO,463.237474
1.810042,-1,18,10007.265000,42.450000,460.687961,460.744817,460.000000,767,-0.687961,PI,FIFO,true,PI_FIFO,460.687961
1.820038,-1,18,9995.821000,38.271000,457.718973,460.290940,460.000000,773,2.281027,PI,FIFO,true,PI_FIFO,457.718973
1.830041,-1,18,10002.413000,40.684000,455.760817,459.611421,460.000000,778,4.239183,PI,FIFO,true,PI_FIFO,455.760817
1.840025,-1,19,9984.783000,25.467000,454.215116,458.801976,460.000000,783,5.784884,PI,FIFO,true,PI_FIFO,454.215116
1.850021,-1,18,9995.895000,21.362000,459.308655,458.877978,460.000000,775,0.691345,PI,FIFO,true,PI_FIFO,459.308655
1.860008,-1,18,9986.190000,7.552000,459.784208,459.013912,460.000000,774,0.215792,PI,FIFO,true,PI_FIFO,459.784208
1.870013,-1,18,10005.747000,13.299000,464.108911,459.778162,460.000000,766,-4.108911,PI,FIFO,true,PI_FIFO,464.108911
1.880007,-1,18,9993.505000,6.804000,463.384495,460.319112,460.000000,766,-3.384495,PI,FIFO,true,PI_FIFO,463.384495
1.890011,-1,18,10003.858000,10.662000,460.914454,460.408413,460.000000,769,-0.914454,PI,FIFO,true,PI_FIFO,460.914454
1.900008,-1,18,9997.820000,8.482000,460.687961,460.450345,460.000000,769,-0.687961,PI,FIFO,true,PI_FIFO,460.687961
1.910008,-1,18,9999.784000,8.266000,460.235641,460.418140,460.000000,770,-0.235641,PI,FIFO,true,PI_FIFO,460.235641
1.920008,-1,18,9999.783000,8.049000,460.747543,460.467550,460.000000,769,-0.747543,PI,FIFO,true,PI_FIFO,460.747543
1.930008,-1,18,10000.376000,8.425000,462.050271,460.704958,460.000000,766,-2.050271,PI,FIFO,true,PI_FIFO,462.050271
1.940008,-1,18,9999.506000,7.931000,460.461690,460.668468,460.000000,768,-0.461690,PI,FIFO,true,PI_FIFO,460.461690
1.950016,-1,18,10007.746000,15.677000,457.904884,460.253930,460.000000,773,2.095116,PI,FIFO,true,PI_FIFO,457.904884
1.960015,-1,18,9999.080000,14.757000,457.540264,459.846880,460.000000,774,2.459736,PI,FIFO,true,PI_FIFO,457.540264
1.970009,-1,19,9994.209000,8.966000,453.775411,458.936160,460.000000,783,6.224589,PI,FIFO,true,PI_FIFO,453.775411
1.980008,-1,18,9999.247000,8.213000,459.321815,458.994008,460.000000,775,0.678185,PI,FIFO,true,PI_FIFO,459.321815
1.990008,-1,18,9999.709000,7.922000,460.009814,459.146379,460.000000,773,-0.009814,PI,FIFO,true,PI_FIFO,460.009814
2.000008,-1,18,10000.450000,8.372000,464.062964,459.883867,460.000000,765,-4.062964,PI,FIFO,true,PI_FIFO,464.062964
2.010008,-1,18,9999.728000,8.100000,462.780136,460.318307,460.000000,766,-2.780136,PI,FIFO,true,PI_FIFO,462.780136
2.020012,-1,18,10003.895000,11.995000,459.558824,460.204385,460.000000,772,0.441176,PI,FIFO,true,PI_FIFO,459.558824
2.030009,-1,18,9997.246000,9.241000,459.784208,460.141358,460.000000,771,0.215792,PI,FIFO,true,PI_FIFO,459.784208
2.040009,-1,18,9999.506000,8.747000,459.796076,460.089566,460.000000,771,0.203924,PI,FIFO,true,PI_FIFO,459.796076
2.050009,-1,18,10000.079000,8.826000,462.506167,460.452056,460.000000,766,-2.506167,PI,FIFO,true,PI_FIFO,462.506167
2.060008,-1,18,9999.358000,8.184000,462.734452,460.794415,460.000000,765,-2.734452,PI,FIFO,true,PI_FIFO,462.734452
2.070008,-1,18,9999.820000,8.004000,460.461690,460.744507,460.000000,768,-0.461690,PI,FIFO,true,PI_FIFO,460.461690
2.080008,-1,18,9999.969000,7.973000,457.387531,460.240960,460.000000,774,2.612469,PI,FIFO,true,PI_FIFO,457.387531
2.090010,-1,18,10001.543000,9.516000,457.584928,459.842555,460.000000,774,2.415072,PI,FIFO,true,PI_FIFO,457.584928
2.100008,-1,19,9998.561000,8.077000,454.400510,459.026249,460.000000,782,5.599490,PI,FIFO,true,PI_FIFO,454.400510
2.110014,-1,18,10005.913000,13.990000,458.839076,458.998173,460.000000,775,1.160924,PI,FIFO,true,PI_FIFO,458.839076
2.120010,-1,18,9995.765000,9.755000,460.556935,459.231987,460.000000,772,-0.556935,PI,FIFO,true,PI_FIFO,460.556935
2.130008,-1,18,9998.580000,8.335000,463.649852,459.894667,460.000000,766,-3.649852,PI,FIFO,true,PI_FIFO,463.649852
2.140008,-1,18,9999.709000,8.044000,462.962963,460.354911,460.000000,766,-2.962963,PI,FIFO,true,PI_FIFO,462.962963
2.150008,-1,18,10000.006000,8.050000,460.235641,460.337021,460.000000,770,-0.235641,PI,FIFO,true,PI_FIFO,460.235641
2.160008,-1,18,9999.857000,7.907000,460.986025,460.434371,460.000000,769,-0.986025,PI,FIFO,true,PI_FIFO,460.986025
2.170011,-1,18,10002.913000,10.820000,458.883994,460.201815,460.000000,772,1.116006,PI,FIFO,true,PI_FIFO,458.883994
2.180010,-1,18,9998.784000,9.604000,461.141171,460.342718,460.000000,768,-1.141171,PI,FIFO,true,PI_FIFO,461.141171
2.190010,-1,18,9999.931000,9.535000,462.134184,460.611438,460.000000,766,-2.134184,PI,FIFO,true,PI_FIFO,462.134184
2.200008,-1,18,9998.802000,8.337000,461.640733,460.765832,460.000000,766,-1.640733,PI,FIFO,true,PI_FIFO,461.640733
2.210021,-1,18,10013.006000,21.343000,458.509945,460.427449,460.000000,771,1.490055,PI,FIFO,true,PI_FIFO,458.509945
2.220009,-1,18,9987.635000,8.978000,456.248783,459.800649,460.000000,777,3.751217,PI,FIFO,true,PI_FIFO,456.248783
2.230008,-1,19,9999.210000,8.188000,454.400510,458.990628,460.000000,782,5.599490,PI,FIFO,true,PI_FIFO,454.400510
2.240015,-1,18,10006.579000,14.767000,457.987298,458.840129,460.000000,777,2.012702,PI,FIFO,true,PI_FIFO,457.987298
2.250016,-1,18,10001.302000,16.069000,460.009814,459.015582,460.000000,774,-0.009814,PI,FIFO,true,PI_FIFO,460.009814
2.260009,-1,18,9992.636000,8.705000,463.420662,459.676344,460.000000,767,-3.420662,PI,FIFO,true,PI_FIFO,463.420662
2.270010,-1,18,10001.468000,10.173000,463.420662,460.237991,460.000000,766,-3.420662,PI,FIFO,true,PI_FIFO,463.420662
2.280008,-1,18,9998.172000,8.345000,459.321815,460.100565,460.000000,772,0.678185,PI,FIFO,true,PI_FIFO,459.321815
2.290011,-1,18,10002.543000,10.888000,462.278107,460.427196,460.000000,767,-2.278107,PI,FIFO,true,PI_FIFO,462.278107
2.300008,-1,18,9997.487000,8.375000,459.964675,460.357818,460.000000,770,0.035325,PI,FIFO,true,PI_FIFO,459.964675
2.310008,-1,18,9999.469000,7.844000,461.511556,460.530879,460.000000,767,-1.511556,PI,FIFO,true,PI_FIFO,461.511556
2.320008,-1,18,10000.209000,8.053000,462.050271,460.758788,460.000000,766,-2.050271,PI,FIFO,true,PI_FIFO,462.050271
2.330009,-1,18,10000.636000,8.689000,461.141171,460.816145,460.000000,767,-1.141171,PI,FIFO,true,PI_FIFO,461.141171
2.340008,-1,18,9999.598000,8.287000,459.085052,460.556481,460.000000,770,0.914948,PI,FIFO,true,PI_FIFO,459.085052
2.350008,-1,18,9999.709000,7.996000,456.426485,459.936982,460.000000,776,3.573515,PI,FIFO,true,PI_FIFO,456.426485
2.360008,-1,19,9999.895000,7.891000,454.632466,459.141304,460.000000,781,5.367534,PI,FIFO,true,PI_FIFO,454.632466
2.370008,-1,18,9999.968000,7.859000,458.211144,459.001780,460.000000,776,1.788856,PI,FIFO,true,PI_FIFO,458.211144
2.380014,-1,18,10006.488000,14.347000,460.009814,459.152985,460.000000,773,-0.009814,PI,FIFO,true,PI_FIFO,460.009814
2.390008,-1,18,9994.079000,8.426000,463.879268,459.861928,460.000000,766,-3.879268,PI,FIFO,true,PI_FIFO,463.879268
2.400008,-1,18,9999.858000,8.284000,462.422118,460.245956,460.000000,767,-2.422118,PI,FIFO,true,PI_FIFO,462.422118
2.410008,-1,18,10000.191000,8.475000,459.288654,460.102361,460.000000,772,0.711346,PI,FIFO,true,PI_FIFO,459.288654
2.420008,-1,18,9999.931000,8.406000,462.551806,460.469778,460.000000,766,-2.551806,PI,FIFO,true,PI_FIFO,462.551806
2.430008,-1,18,9999.876000,8.282000,458.376222,460.155744,460.000000,773,1.623778,PI,FIFO,true,PI_FIFO,458.376222
2.440009,-1,18,10001.061000,9.343000,462.050271,460.439923,460.000000,766,-2.050271,PI,FIFO,true,PI_FIFO,462.050271
2.450008,-1,18,9998.525000,7.868000,461.822660,460.647334,460.000000,766,-1.822660,PI,FIFO,true,PI_FIFO,461.822660
2.460008,-1,18,9999.857000,7.725000,460.271318,460.590931,460.000000,768,-0.271318,PI,FIFO,true,PI_FIFO,460.271318
2.470008,-1,18,10000.117000,7.842000,460.461690,460.571545,460.000000,768,-0.461690,PI,FIFO,true,PI_FIFO,460.461690
2.480008,-1,18,10000.135000,7.977000,455.938138,459.876534,460.000000,777,4.061862,PI,FIFO,true,PI_FIFO,455.938138
2.490009,-1,19,10000.858000,8.835000,454.446882,459.062086,460.000000,781,5.553118,PI,FIFO,true,PI_FIFO,454.446882
2.500020,-1,18,10010.783000,19.618000,457.813348,458.874776,460.000000,777,2.186652,PI,FIFO,true,PI_FIFO,457.813348
2.510010,-1,18,9989.913000,9.531000,459.558824,458.977383,460.000000,774,0.441176,PI,FIFO,true,PI_FIFO,459.558824
2.520008,-1,18,9998.746000,8.277000,464.338782,459.781593,460.000000,765,-4.338782,PI,FIFO,true,PI_FIFO,464.338782
2.530009,-1,18,10000.247000,8.524000,463.625716,460.358211,460.000000,765,-3.625716,PI,FIFO,true,PI_FIFO,463.625716
2.540008,-1,18,9999.487000,8.011000,459.063755,460.164043,460.000000,772,0.936245,PI,FIFO,true,PI_FIFO,459.063755
2.550008,-1,18,9999.820000,7.831000,461.640733,460.385546,460.000000,767,-1.640733,PI,FIFO,true,PI_FIFO,461.640733
2.560007,-1,18,9999.488000,7.319000,459.558824,460.261538,460.000000,771,0.441176,PI,FIFO,true,PI_FIFO,459.558824
2.570007,-1,18,9999.931000,7.250000,461.141171,460.393483,460.000000,768,-1.141171,PI,FIFO,true,PI_FIFO,461.141171
2.580008,-1,18,10000.376000,7.626000,462.506167,460.710385,460.000000,765,-2.506167,PI,FIFO,true,PI_FIFO,462.506167
2.590006,-1,18,9998.858000,6.484000,460.461690,460.673081,460.000000,768,-0.461690,PI,FIFO,true,PI_FIFO,460.461690
2.600008,-1,18,10001.561000,8.045000,461.224754,460.755832,460.000000,766,-1.224754,PI,FIFO,true,PI_FIFO,461.224754
2.610007,-1,18,9999.450000,7.495000,455.539359,459.973361,460.000000,777,4.460641,PI,FIFO,true,PI_FIFO,455.539359
2.620008,-1,19,10000.006000,7.501000,455.562660,459.311756,460.000000,779,4.437340,PI,FIFO,true,PI_FIFO,455.562660
2.630008,-1,18,10000.005000,7.506000,457.094100,458.979107,460.000000,777,2.905900,PI,FIFO,true,PI_FIFO,457.094100
2.640008,-1,18,10000.191000,7.697000,458.140432,458.853306,460.000000,777,1.859568,PI,FIFO,true,PI_FIFO,458.140432
2.650007,-1,18,9999.728000,7.425000,464.062964,459.634755,460.000000,766,-4.062964,PI,FIFO,true,PI_FIFO,464.062964
2.660007,-1,18,9999.839000,7.264000,463.695717,460.243899,460.000000,765,-3.695717,PI,FIFO,true,PI_FIFO,463.695717
2.670007,-1,18,9999.876000,7.140000,460.461690,460.276568,460.000000,770,-0.461690,PI,FIFO,true,PI_FIFO,460.461690
2.680008,-1,18,10000.784000,7.924000,460.271318,460.275780,460.000000,770,-0.271318,PI,FIFO,true,PI_FIFO,460.271318
2.690010,-1,18,10001.727000,9.651000,460.009814,460.235885,460.000000,770,-0.009814,PI,FIFO,true,PI_FIFO,460.009814
2.700007,-1,18,9997.765000,7.416000,461.368110,460.405719,460.000000,767,-1.368110,PI,FIFO,true,PI_FIFO,461.368110
2.710007,-1,18,9999.802000,7.218000,463.384495,460.852535,460.000000,763,-3.384495,PI,FIFO,true,PI_FIFO,463.384495
2.720008,-1,18,10000.395000,7.613000,460.190457,460.753224,460.000000,768,-0.190457,PI,FIFO,true,PI_FIFO,460.190457
2.730007,-1,18,9999.672000,7.285000,460.733242,460.750226,460.000000,767,-0.733242,PI,FIFO,true,PI_FIFO,460.733242
2.740009,-1,18,10001.302000,8.587000,455.562660,459.972091,460.000000,777,4.437340,PI,FIFO,true,PI_FIFO,455.562660
2.750008,-1,19,9999.339000,7.926000,455.097087,459.240841,460.000000,779,4.902913,PI,FIFO,true,PI_FIFO,455.097087
2.760008,-1,18,10000.302000,8.228000,457.387531,458.962844,460.000000,777,2.612469,PI,FIFO,true,PI_FIFO,457.387531
2.770008,-1,18,9999.728000,7.956000,458.928921,458.957756,460.000000,775,1.071079,PI,FIFO,true,PI_FIFO,458.928921
2.780008,-1,18,9999.802000,7.758000,464.799207,459.833973,460.000000,764,-4.799207,PI,FIFO,true,PI_FIFO,464.799207
2.790008,-1,18,10000.061000,7.819000,462.734452,460.269045,460.000000,766,-2.734452,PI,FIFO,true,PI_FIFO,462.734452
2.800009,-1,18,10001.061000,8.880000,460.033574,460.233725,460.000000,770,-0.033574,PI,FIFO,true,PI_FIFO,460.033574
2.810008,-1,18,9999.599000,8.479000,460.461690,460.267919,460.000000,769,-0.461690,PI,FIFO,true,PI_FIFO,460.461690
2.820008,-1,18,9999.561000,8.040000,459.796076,460.197143,460.000000,770,0.203924,PI,FIFO,true,PI_FIFO,459.796076
2.830016,-1,18,10007.894000,15.934000,461.095810,460.331943,460.000000,768,-1.095810,PI,FIFO,true,PI_FIFO,461.095810
2.840009,-1,18,9992.691000,8.625000,463.237474,460.767773,460.000000,763,-3.237474,PI,FIFO,true,PI_FIFO,463.237474
2.850009,-1,18,10000.839000,9.464000,459.784208,460.620238,460.000000,769,0.215792,PI,FIFO,true,PI_FIFO,459.784208
2.860008,-1,18,9998.839000,8.303000,460.914454,460.664370,460.000000,766,-0.914454,PI,FIFO,true,PI_FIFO,460.914454
2.870008,-1,18,10000.191000,8.494000,456.262807,460.004136,460.000000,775,3.737193,PI,FIFO,true,PI_FIFO,456.262807
2.880008,-1,19,9999.487000,7.981000,454.864658,459.233214,460.000000,780,5.135342,PI,FIFO,true,PI_FIFO,454.864658
2.890010,-1,19,10002.284000,10.265000,456.426485,458.812205,460.000000,779,3.573515,PI,FIFO,true,PI_FIFO,456.426485
2.900014,-1,18,10003.987000,14.252000,458.061889,458.699657,460.000000,777,1.938111,PI,FIFO,true,PI_FIFO,458.061889
2.910016,-1,18,10001.765000,16.017000,465.260546,459.683791,460.000000,763,-5.260546,PI,FIFO,true,PI_FIFO,465.260546
2.920009,-1,18,9993.190000,9.207000,462.278107,460.072938,460.000000,767,-2.278107,PI,FIFO,true,PI_FIFO,462.278107
2.930008,-1,18,9999.247000,8.454000,461.368110,460.267214,460.000000,768,-1.368110,PI,FIFO,true,PI_FIFO,461.368110
2.940008,-1,18,9999.561000,8.015000,459.796076,460.196543,460.000000,771,0.203924,PI,FIFO,true,PI_FIFO,459.796076
2.950009,-1,18,10001.061000,9.076000,459.739113,460.127929,460.000000,771,0.260887,PI,FIFO,true,PI_FIFO,459.739113
2.960008,-1,18,9999.247000,8.323000,462.095820,460.423113,460.000000,766,-2.095820,PI,FIFO,true,PI_FIFO,462.095820
2.970008,-1,18,9999.487000,7.810000,462.962963,460.804090,460.000000,764,-2.962963,PI,FIFO,true,PI_FIFO,462.962963
2.980008,-1,18,10000.302000,8.112000,460.747543,460.795608,460.000000,767,-0.747543,PI,FIFO,true,PI_FIFO,460.747543
2.990008,-1,18,9999.728000,7.840000,460.687961,460.779461,460.000000,767,-0.687961,PI,FIFO,true,PI_FIFO,460.687961
3.000008,-1,18,10000.172000,8.012000,456.426485,460.126514,460.000000,775,3.573515,PI,FIFO,true,PI_FIFO,456.426485
3.010008,-1,18,9999.931000,7.943000,455.562660,459.441936,460.000000,778,4.437340,PI,FIFO,true,PI_FIFO,455.562660
3.020011,-1,18,10002.765000,10.708000,457.434515,459.140823,460.000000,776,2.565485,PI,FIFO,true,PI_FIFO,457.434515
3.030009,-1,18,9998.617000,9.325000,457.540264,458.900739,460.000000,777,2.459736,PI,FIFO,true,PI_FIFO,457.540264
3.040009,-1,18,9999.895000,9.220000,464.568880,459.750960,460.000000,764,-4.568880,PI,FIFO,true,PI_FIFO,464.568880
3.050008,-1,18,9999.172000,8.392000,462.278107,460.130032,460.000000,767,-2.278107,PI,FIFO,true,PI_FIFO,462.278107
3.060008,-1,18,9999.524000,7.916000,460.699876,460.215509,460.000000,769,-0.699876,PI,FIFO,true,PI_FIFO,460.699876
3.070009,-1,18,10000.858000,8.774000,460.733242,460.293169,460.000000,768,-0.733242,PI,FIFO,true,PI_FIFO,460.733242
3.080008,-1,18,9999.116000,7.890000,459.333660,460.149242,460.000000,771,0.666340,PI,FIFO,true,PI_FIFO,459.333660
3.090010,-1,18,10001.858000,9.748000,461.942427,460.418220,460.000000,766,-1.942427,PI,FIFO,true,PI_FIFO,461.942427
3.100008,-1,18,9998.746000,8.494000,461.368110,460.560704,460.000000,766,-1.368110,PI,FIFO,true,PI_FIFO,461.368110
3.110013,-1,18,10004.043000,12.537000,461.141171,460.647774,460.000000,766,-1.141171,PI,FIFO,true,PI_FIFO,461.141171
3.120008,-1,18,9995.895000,8.432000,460.190457,460.579176,460.000000,768,-0.190457,PI,FIFO,true,PI_FIFO,460.190457
3.130008,-1,18,9999.894000,8.326000,456.543469,459.973820,460.000000,775,3.456531,PI,FIFO,true,PI_FIFO,456.543469
3.140009,-1,19,10000.358000,8.684000,454.435288,459.143040,460.000000,780,5.564712,PI,FIFO,true,PI_FIFO,454.435288
3.150010,-1,19,10000.968000,9.652000,456.496668,458.746085,460.000000,779,3.503332,PI,FIFO,true,PI_FIFO,456.496668
3.160018,-1,18,10008.710000,18.362000,458.559783,458.718139,460.000000,776,1.440217,PI,FIFO,true,PI_FIFO,458.559783
3.170008,-1,18,9990.042000,8.404000,463.649852,459.457896,460.000000,767,-3.649852,PI,FIFO,true,PI_FIFO,463.649852
3.180008,-1,18,9999.913000,8.317000,462.962963,459.983656,460.000000,766,-2.962963,PI,FIFO,true,PI_FIFO,462.962963
3.190008,-1,18,9999.302000,7.619000,460.687961,460.089302,460.000000,770,-0.687961,PI,FIFO,true,PI_FIFO,460.687961
3.200008,-1,18,9999.969000,7.588000,460.747543,460.188038,460.000000,769,-0.747543,PI,FIFO,true,PI_FIFO,460.747543
3.210007,-1,18,9999.857000,7.445000,458.883994,459.992431,460.000000,773,1.116006,PI,FIFO,true,PI_FIFO,458.883994
3.220007,-1,18,9999.988000,7.433000,463.420662,460.506666,460.000000,764,-3.420662,PI,FIFO,true,PI_FIFO,463.420662
3.230011,-1,18,10003.450000,10.883000,460.747543,460.542798,460.000000,768,-0.747543,PI,FIFO,true,PI_FIFO,460.747543
3.240014,-1,18,10003.542000,14.425000,462.050271,460.768919,460.000000,765,-2.050271,PI,FIFO,true,PI_FIFO,462.050271
3.250007,-1,18,9992.932000,7.357000,459.739113,460.614448,460.000000,769,0.260887,PI,FIFO,true,PI_FIFO,459.739113
3.260007,-1,18,9999.543000,6.900000,456.915879,460.059662,460.000000,775,3.084121,PI,FIFO,true,PI_FIFO,456.915879
3.270007,-1,18,10000.116000,7.016000,455.795803,459.420084,460.000000,778,4.204197,PI,FIFO,true,PI_FIFO,455.795803
3.280007,-1,19,10000.395000,7.411000,455.795803,458.876442,460.000000,780,4.204197,PI,FIFO,true,PI_FIFO,455.795803
3.290009,-1,18,10001.617000,9.028000,457.540264,458.676015,460.000000,778,2.459736,PI,FIFO,true,PI_FIFO,457.540264
3.300007,-1,18,9997.950000,6.978000,463.649852,459.422090,460.000000,767,-3.649852,PI,FIFO,true,PI_FIFO,463.649852
3.310007,-1,18,9999.691000,6.669000,462.734452,459.918945,460.000000,767,-2.734452,PI,FIFO,true,PI_FIFO,462.734452
3.320007,-1,18,9999.876000,6.545000,461.702955,460.186546,460.000000,768,-1.702955,PI,FIFO,true,PI_FIFO,461.702955
3.330007,-1,18,9999.987000,6.532000,461.141171,460.329740,460.000000,769,-1.141171,PI,FIFO,true,PI_FIFO,461.141171
3.340007,-1,18,10000.080000,6.612000,457.987298,459.978374,460.000000,774,2.012702,PI,FIFO,true,PI_FIFO,457.987298
3.350007,-1,18,9999.968000,6.580000,463.867188,460.561696,460.000000,764,-3.867188,PI,FIFO,true,PI_FIFO,463.867188
3.360007,-1,18,10000.154000,6.734000,460.416462,460.539911,460.000000,769,-0.416462,PI,FIFO,true,PI_FIFO,460.416462
3.370008,-1,18,10000.950000,7.684000,463.008692,460.910228,460.000000,764,-3.008692,PI,FIFO,true,PI_FIFO,463.008692
3.380007,-1,18,9999.376000,7.060000,459.108717,460.640001,460.000000,770,0.891283,PI,FIFO,true,PI_FIFO,459.108717
3.390007,-1,18,10000.191000,7.251000,456.965110,460.088768,460.000000,775,3.034890,PI,FIFO,true,PI_FIFO,456.965110
3.400007,-1,18,9999.395000,6.646000,456.426485,459.539425,460.000000,777,3.573515,PI,FIFO,true,PI_FIFO,456.426485
3.410007,-1,19,10000.172000,6.818000,456.029186,459.012889,460.000000,779,3.970814,PI,FIFO,true,PI_FIFO,456.029186
3.420007,-1,18,10000.098000,6.916000,458.211144,458.892627,460.000000,776,1.788856,PI,FIFO,true,PI_FIFO,458.211144
3.430007,-1,18,9999.765000,6.681000,464.108911,459.675070,460.000000,766,-4.108911,PI,FIFO,true,PI_FIFO,464.108911
3.440007,-1,18,9999.839000,6.520000,463.191700,460.202564,460.000000,766,-3.191700,PI,FIFO,true,PI_FIFO,463.191700
3.450007,-1,18,10000.006000,6.526000,461.141171,460.343355,460.000000,768,-1.141171,PI,FIFO,true,PI_FIFO,461.141171
3.460008,-1,18,10001.172000,7.698000,460.914454,460.429020,460.000000,768,-0.914454,PI,FIFO,true,PI_FIFO,460.914454
3.470007,-1,18,9999.080000,6.778000,458.612255,460.156505,460.000000,773,1.387745,PI,FIFO,true,PI_FIFO,458.612255
3.480007,-1,18,9999.839000,6.617000,462.734452,460.543197,460.000000,765,-2.734452,PI,FIFO,true,PI_FIFO,462.734452
3.490016,-1,18,10009.357000,15.974000,461.368110,460.666934,460.000000,767,-1.368110,PI,FIFO,true,PI_FIFO,461.368110
3.500008,-1,18,9991.765000,7.739000,463.191700,461.045649,460.000000,762,-3.191700,PI,FIFO,true,PI_FIFO,463.191700
3.510007,-1,18,9999.432000,7.171000,459.796076,460.858213,460.000000,768,0.203924,PI,FIFO,true,PI_FIFO,459.796076
3.520009,-1,18,10002.246000,9.417000,456.648807,460.226802,460.000000,774,3.351193,PI,FIFO,true,PI_FIFO,456.648807
3.530008,-1,18,9998.580000,7.997000,456.262807,459.632203,460.000000,776,3.737193,PI,FIFO,true,PI_FIFO,456.262807
3.540008,-1,19,10000.024000,8.021000,455.760817,459.051495,460.000000,779,4.239183,PI,FIFO,true,PI_FIFO,455.760817
3.550011,-1,18,10002.580000,10.601000,457.317073,458.791332,460.000000,777,2.682927,PI,FIFO,true,PI_FIFO,457.317073
3.560008,-1,18,9997.857000,8.458000,461.702955,459.228075,460.000000,770,-1.702955,PI,FIFO,true,PI_FIFO,461.702955
3.570010,-1,18,10001.395000,9.853000,464.108911,459.960201,460.000000,764,-4.108911,PI,FIFO,true,PI_FIFO,464.108911
3.580008,-1,18,9998.598000,8.451000,462.962963,460.410615,460.000000,765,-2.962963,PI,FIFO,true,PI_FIFO,462.962963
3.590007,-1,18,9998.746000,7.197000,459.796076,460.318434,460.000000,770,0.203924,PI,FIFO,true,PI_FIFO,459.796076
3.600011,-1,18,10003.914000,11.111000,459.108717,460.136977,460.000000,771,0.891283,PI,FIFO,true,PI_FIFO,459.108717
3.610008,-1,18,9997.301000,8.412000,462.278107,460.458146,460.000000,766,-2.278107,PI,FIFO,true,PI_FIFO,462.278107
3.620008,-1,18,9999.247000,7.659000,461.595273,460.628715,460.000000,766,-1.595273,PI,FIFO,true,PI_FIFO,461.595273
3.630007,-1,18,9999.783000,7.442000,462.182148,460.861730,460.000000,764,-2.182148,PI,FIFO,true,PI_FIFO,462.182148
3.640007,-1,18,9999.710000,7.152000,460.914454,460.869639,460.000000,766,-0.914454,PI,FIFO,true,PI_FIFO,460.914454
3.650007,-1,18,10000.283000,7.435000,455.318116,460.036910,460.000000,776,4.681884,PI,FIFO,true,PI_FIFO,455.318116
3.660007,-1,18,9999.691000,7.126000,456.496668,459.505874,460.000000,776,3.503332,PI,FIFO,true,PI_FIFO,456.496668
3.670021,-1,19,10013.506000,20.632000,455.097087,458.844556,460.000000,780,4.902913,PI,FIFO,true,PI_FIFO,455.097087
3.680017,-1,18,9996.857000,17.489000,458.211144,458.749544,460.000000,776,1.788856,PI,FIFO,true,PI_FIFO,458.211144
3.690011,-1,18,9993.672000,11.161000,462.662338,459.336463,460.000000,768,-2.662338,PI,FIFO,true,PI_FIFO,462.662338
3.700008,-1,18,9996.821000,7.982000,462.962963,459.880438,460.000000,766,-2.962963,PI,FIFO,true,PI_FIFO,462.962963
3.710009,-1,18,10000.950000,8.932000,462.734452,460.308540,460.000000,766,-2.734452,PI,FIFO,true,PI_FIFO,462.734452
3.720009,-1,18,10000.154000,9.086000,460.914454,460.399427,460.000000,768,-0.914454,PI,FIFO,true,PI_FIFO,460.914454
3.730008,-1,18,9998.950000,8.036000,459.085052,460.202271,460.000000,771,0.914948,PI,FIFO,true,PI_FIFO,459.085052
3.740008,-1,18,9999.598000,7.634000,460.687961,460.275124,460.000000,769,-0.687961,PI,FIFO,true,PI_FIFO,460.687961
3.750008,-1,18,10000.265000,7.899000,461.141171,460.405031,460.000000,767,-1.141171,PI,FIFO,true,PI_FIFO,461.141171
3.760016,-1,18,10008.395000,16.294000,463.420662,460.857376,460.000000,762,-3.420662,PI,FIFO,true,PI_FIFO,463.420662
3.770021,-1,18,10004.802000,21.096000,460.009814,460.730242,460.000000,768,-0.009814,PI,FIFO,true,PI_FIFO,460.009814
3.780018,-1,18,9996.894000,17.990000,455.329755,459.920169,460.000000,777,4.670245,PI,FIFO,true,PI_FIFO,455.329755
3.790009,-1,18,9990.802000,8.792000,456.648807,459.429464,460.000000,776,3.351193,PI,FIFO,true,PI_FIFO,456.648807
3.800008,-1,19,9999.154000,7.946000,454.577867,458.701725,460.000000,782,5.422133,PI,FIFO,true,PI_FIFO,454.577867
3.810008,-1,18,10000.024000,7.970000,459.108717,458.762773,460.000000,775,0.891283,PI,FIFO,true,PI_FIFO,459.108717
3.820012,-1,18,10003.821000,11.791000,462.278107,459.290073,460.000000,769,-2.278107,PI,FIFO,true,PI_FIFO,462.278107
3.830008,-1,18,9996.024000,7.815000,463.384495,459.904237,460.000000,766,-3.384495,PI,FIFO,true,PI_FIFO,463.384495
3.840007,-1,18,9999.524000,7.339000,462.734452,460.328769,460.000000,766,-2.734452,PI,FIFO,true,PI_FIFO,462.734452
3.850007,-1,18,9999.931000,7.270000,459.784208,460.247085,460.000000,771,0.215792,PI,FIFO,true,PI_FIFO,459.784208
3.860007,-1,18,10000.154000,7.424000,459.321815,460.108294,460.000000,772,0.678185,PI,FIFO,true,PI_FIFO,459.321815
3.870007,-1,18,9999.784000,7.208000,460.461690,460.161304,460.000000,770,-0.461690,PI,FIFO,true,PI_FIFO,460.461690
3.880007,-1,18,10000.116000,7.324000,462.506167,460.513033,460.000000,765,-2.506167,PI,FIFO,true,PI_FIFO,462.506167
3.890017,-1,18,10009.488000,16.812000,462.734452,460.846246,460.000000,764,-2.734452,PI,FIFO,true,PI_FIFO,462.734452
3.900025,-1,18,10007.802000,24.614000,460.235641,460.754655,460.000000,768,-0.235641,PI,FIFO,true,PI_FIFO,460.235641
3.910010,-1,18,9985.839000,10.453000,456.730769,460.151072,460.000000,775,3.269231,PI,FIFO,true,PI_FIFO,456.730769
3.920007,-1,18,9996.950000,7.403000,457.540264,459.759451,460.000000,774,2.459736,PI,FIFO,true,PI_FIFO,457.540264
3.930007,-1,19,9999.876000,7.279000,454.354148,458.948655,460.000000,782,5.645852,PI,FIFO,true,PI_FIFO,454.354148
3.940009,-1,18,10002.098000,9.377000,458.255939,458.844748,460.000000,776,1.744061,PI,FIFO,true,PI_FIFO,458.255939
3.950008,-1,18,9998.968000,8.345000,463.191700,459.496791,460.000000,767,-3.191700,PI,FIFO,true,PI_FIFO,463.191700
3.960008,-1,18,9999.839000,8.184000,462.902807,460.007693,460.000000,766,-2.902807,PI,FIFO,true,PI_FIFO,462.902807
3.970008,-1,18,9999.802000,7.986000,463.191700,460.485294,460.000000,765,-3.191700,PI,FIFO,true,PI_FIFO,463.191700
3.980008,-1,18,10000.173000,8.159000,459.784208,460.380131,460.000000,770,0.215792,PI,FIFO,true,PI_FIFO,459.784208
3.990008,-1,18,9999.802000,7.961000,459.063755,460.182675,460.000000,772,0.936245,PI,FIFO,true,PI_FIFO,459.063755
4.000008,-1,18,10000.246000,8.207000,460.795219,460.274556,460.000000,769,-0.795219,PI,FIFO,true,PI_FIFO,460.795219
4.010008,-1,18,9999.802000,8.009000,462.050271,460.540914,460.000000,766,-2.050271,PI,FIFO,true,PI_FIFO,462.050271
4.020009,-1,18,10000.672000,8.681000,462.962963,460.904221,460.000000,763,-2.962963,PI,FIFO,true,PI_FIFO,462.962963
4.030008,-1,18,9999.339000,8.020000,461.224754,460.952301,460.000000,765,-1.224754,PI,FIFO,true,PI_FIFO,461.224754
4.040008,-1,18,10000.265000,8.285000,455.982490,460.206829,460.000000,775,4.017510,PI,FIFO,true,PI_FIFO,455.982490
4.050008,-1,18,9999.821000,8.106000,457.540264,459.806844,460.000000,774,2.459736,PI,FIFO,true,PI_FIFO,457.540264
4.060008,-1,19,9999.598000,7.704000,453.706062,458.891727,460.000000,782,6.293938,PI,FIFO,true,PI_FIFO,453.706062
4.070009,-1,18,10001.672000,9.376000,458.376222,458.814401,460.000000,776,1.623778,PI,FIFO,true,PI_FIFO,458.376222
4.080008,-1,18,9998.895000,8.271000,462.506167,459.368166,460.000000,768,-2.506167,PI,FIFO,true,PI_FIFO,462.506167
4.090010,-1,18,10002.080000,10.351000,462.506167,459.838866,460.000000,767,-2.506167,PI,FIFO,true,PI_FIFO,462.506167
4.100009,-1,18,9998.450000,8.801000,463.833366,460.438041,460.000000,764,-3.833366,PI,FIFO,true,PI_FIFO,463.833366
4.110014,-1,18,10004.839000,13.640000,458.928921,460.211673,460.000000,772,1.071079,PI,FIFO,true,PI_FIFO,458.928921
4.120009,-1,18,9994.913000,8.553000,459.796076,460.149334,460.000000,770,0.203924,PI,FIFO,true,PI_FIFO,459.796076
4.130008,-1,18,9999.691000,8.244000,461.141171,460.298109,460.000000,768,-1.141171,PI,FIFO,true,PI_FIFO,461.141171
4.140008,-1,18,9999.968000,8.212000,461.595273,460.492684,460.000000,766,-1.595273,PI,FIFO,true,PI_FIFO,461.595273
4.150021,-1,18,10013.117000,21.329000,463.598901,460.958616,460.000000,762,-3.598901,PI,FIFO,true,PI_FIFO,463.598901
4.160014,-1,18,9993.061000,14.390000,459.784208,460.782455,460.000000,768,0.215792,PI,FIFO,true,PI_FIFO,459.784208
4.170009,-1,18,9994.358000,8.748000,457.094100,460.229202,460.000000,773,2.905900,PI,FIFO,true,PI_FIFO,457.094100
4.180008,-1,18,9999.172000,7.920000,457.199692,459.774775,460.000000,774,2.800308,PI,FIFO,true,PI_FIFO,457.199692
4.190008,-1,19,9999.598000,7.518000,454.435288,458.973852,460.000000,781,5.564712,PI,FIFO,true,PI_FIFO,454.435288
4.200008,-1,18,10000.024000,7.542000,457.904884,458.813507,460.000000,776,2.095116,PI,FIFO,true,PI_FIFO,457.904884
4.210007,-1,18,9999.543000,7.085000,462.050271,459.299022,460.000000,769,-2.050271,PI,FIFO,true,PI_FIFO,462.050271
4.220008,-1,18,10000.487000,7.572000,462.460537,459.773249,460.000000,767,-2.460537,PI,FIFO,true,PI_FIFO,462.460537
4.230008,-1,18,10000.210000,7.782000,464.384783,460.464979,460.000000,763,-4.384783,PI,FIFO,true,PI_FIFO,464.384783
4.240017,-1,18,10009.672000,17.454000,459.333660,460.295281,460.000000,771,0.666340,PI,FIFO,true,PI_FIFO,459.333660
4.250010,-1,18,9992.450000,9.904000,460.033574,460.256025,460.000000,770,-0.033574,PI,FIFO,true,PI_FIFO,460.033574
4.260009,-1,18,9998.987000,8.891000,460.687961,460.320816,460.000000,768,-0.687961,PI,FIFO,true,PI_FIFO,460.687961
4.270011,-1,18,10002.561000,11.452000,461.595273,460.511984,460.000000,766,-1.595273,PI,FIFO,true,PI_FIFO,461.595273
4.280008,-1,18,9996.784000,8.236000,463.625716,460.979044,460.000000,762,-3.625716,PI,FIFO,true,PI_FIFO,463.625716
4.290009,-1,18,10001.135000,9.371000,460.190457,460.860756,460.000000,767,-0.190457,PI,FIFO,true,PI_FIFO,460.190457
4.300008,-1,18,9998.339000,7.710000,456.248783,460.168960,460.000000,775,3.751217,PI,FIFO,true,PI_FIFO,456.248783
4.310011,-1,18,10003.654000,11.364000,456.496668,459.618116,460.000000,776,3.503332,PI,FIFO,true,PI_FIFO,456.496668
4.320008,-1,19,9996.506000,7.870000,455.097087,458.939962,460.000000,780,4.902913,PI,FIFO,true,PI_FIFO,455.097087
4.330008,-1,18,9999.876000,7.746000,457.857804,458.777638,460.000000,776,2.142196,PI,FIFO,true,PI_FIFO,457.857804
4.340007,-1,18,9999.450000,7.196000,461.868164,459.241217,460.000000,769,-1.868164,PI,FIFO,true,PI_FIFO,461.868164
4.350007,-1,18,10000.116000,7.312000,461.822660,459.628434,460.000000,769,-1.822660,PI,FIFO,true,PI_FIFO,461.822660
4.360007,-1,18,10000.173000,7.485000,463.598901,460.224004,460.000000,764,-3.598901,PI,FIFO,true,PI_FIFO,463.598901
4.370006,-1,18,9998.839000,6.324000,460.747543,460.302535,460.000000,769,-0.747543,PI,FIFO,true,PI_FIFO,460.747543
4.380030,-1,18,10024.172000,30.496000,459.945332,460.248954,460.000000,770,0.054668,PI,FIFO,true,PI_FIFO,459.945332
4.390035,-1,18,10004.580000,35.076000,460.959780,460.355578,460.000000,768,-0.959780,PI,FIFO,true,PI_FIFO,460.959780
4.400031,-1,18,9996.191000,31.267000,460.509307,460.378637,460.000000,768,-0.509307,PI,FIFO,true,PI_FIFO,460.509307
4.410018,-1,18,9986.765000,18.032000,464.062964,460.931286,460.000000,761,-4.062964,PI,FIFO,true,PI_FIFO,464.062964
4.420010,-1,18,9991.913000,9.945000,460.506926,460.867632,460.000000,766,-0.506926,PI,FIFO,true,PI_FIFO,460.506926
4.430008,-1,18,9997.913000,7.858000,457.434515,460.352665,460.000000,772,2.565485,PI,FIFO,true,PI_FIFO,457.434515
4.440009,-1,18,10001.524000,9.382000,455.716508,459.657241,460.000000,777,4.283492,PI,FIFO,true,PI_FIFO,455.716508
4.450010,-1,19,10000.728000,10.110000,455.362347,459.013007,460.000000,779,4.637653,PI,FIFO,true,PI_FIFO,455.362347
4.460008,-1,18,9998.079000,8.189000,458.612255,458.952894,460.000000,775,1.387745,PI,FIFO,true,PI_FIFO,458.612255
4.470008,-1,18,9999.784000,7.973000,460.687961,459.213154,460.000000,771,-0.687961,PI,FIFO,true,PI_FIFO,460.687961
4.480008,-1,18,10000.043000,8.016000,463.649852,459.878659,460.000000,765,-3.649852,PI,FIFO,true,PI_FIFO,463.649852
4.490010,-1,18,10001.561000,9.577000,464.593114,460.585827,460.000000,762,-4.593114,PI,FIFO,true,PI_FIFO,464.593114
4.500009,-1,18,9999.042000,8.619000,459.784208,460.465584,460.000000,769,0.215792,PI,FIFO,true,PI_FIFO,459.784208
4.510008,-1,18,9999.321000,7.940000,459.288654,460.289045,460.000000,770,0.711346,PI,FIFO,true,PI_FIFO,459.288654
4.520008,-1,18,10000.265000,8.205000,460.959780,460.389655,460.000000,767,-0.959780,PI,FIFO,true,PI_FIFO,460.959780
4.530008,-1,18,9999.598000,7.803000,461.463731,460.550766,460.000000,766,-1.463731,PI,FIFO,true,PI_FIFO,461.463731
4.540008,-1,18,9999.950000,7.753000,464.338782,461.118969,460.000000,760,-4.338782,PI,FIFO,true,PI_FIFO,464.338782
4.550008,-1,18,10000.265000,8.018000,459.558824,460.884947,460.000000,767,0.441176,PI,FIFO,true,PI_FIFO,459.558824
4.560009,-1,18,10001.358000,9.376000,457.185886,460.330088,460.000000,772,2.814114,PI,FIFO,true,PI_FIFO,457.185886
4.570011,-1,18,10001.228000,10.604000,456.159984,459.704572,460.000000,775,3.840016,PI,FIFO,true,PI_FIFO,456.159984
4.580008,-1,19,9997.357000,7.961000,453.752293,458.811730,460.000000,782,6.247707,PI,FIFO,true,PI_FIFO,453.752293
4.590008,-1,18,9999.617000,7.578000,459.558824,458.923794,460.000000,773,0.441176,PI,FIFO,true,PI_FIFO,459.558824
4.600007,-1,18,9999.709000,7.287000,460.914454,459.222393,460.000000,770,-0.914454,PI,FIFO,true,PI_FIFO,460.914454
4.610008,-1,18,10000.450000,7.737000,463.625716,459.882892,460.000000,765,-3.625716,PI,FIFO,true,PI_FIFO,463.625716
4.620007,-1,18,9999.747000,7.484000,463.420662,460.413557,460.000000,764,-3.420662,PI,FIFO,true,PI_FIFO,463.420662
4.630007,-1,18,9999.913000,7.397000,460.009814,460.352996,460.000000,769,-0.009814,PI,FIFO,true,PI_FIFO,460.009814
4.640015,-1,18,10008.005000,15.402000,460.190457,460.328615,460.000000,768,-0.190457,PI,FIFO,true,PI_FIFO,460.190457
4.650007,-1,18,9992.006000,7.408000,460.506926,460.355362,460.000000,768,-0.506926,PI,FIFO,true,PI_FIFO,460.506926
4.660007,-1,18,9999.432000,6.840000,460.986025,460.449961,460.000000,767,-0.986025,PI,FIFO,true,PI_FIFO,460.986025
4.670007,-1,18,10000.042000,6.882000,463.420662,460.895566,460.000000,761,-3.420662,PI,FIFO,true,PI_FIFO,463.420662
4.680008,-1,18,10001.006000,7.888000,460.235641,460.796577,460.000000,766,-0.235641,PI,FIFO,true,PI_FIFO,460.235641
4.690009,-1,18,10001.543000,9.431000,457.669579,460.327528,460.000000,771,2.330421,PI,FIFO,true,PI_FIFO,457.669579
4.700007,-1,18,9997.894000,7.325000,456.204380,459.709055,460.000000,775,3.795620,PI,FIFO,true,PI_FIFO,456.204380
4.710007,-1,19,9999.580000,6.905000,453.937309,458.843293,460.000000,781,6.062691,PI,FIFO,true,PI_FIFO,453.937309
4.720007,-1,18,9999.598000,6.503000,459.333660,458.916848,460.000000,773,0.666340,PI,FIFO,true,PI_FIFO,459.333660
4.730007,-1,18,10000.321000,6.824000,460.033574,459.084357,460.000000,772,-0.033574,PI,FIFO,true,PI_FIFO,460.033574
4.740007,-1,18,9999.783000,6.607000,463.879268,459.803594,460.000000,764,-3.879268,PI,FIFO,true,PI_FIFO,463.879268
4.750007,-1,18,10000.506000,7.113000,463.191700,460.311810,460.000000,764,-3.191700,PI,FIFO,true,PI_FIFO,463.191700
4.760007,-1,18,9999.783000,6.896000,460.235641,460.300384,460.000000,769,-0.235641,PI,FIFO,true,PI_FIFO,460.235641
4.770007,-1,18,9999.672000,6.568000,459.558824,460.189150,460.000000,770,0.441176,PI,FIFO,true,PI_FIFO,459.558824
4.780007,-1,18,10000.062000,6.630000,460.235641,460.196124,460.000000,769,-0.235641,PI,FIFO,true,PI_FIFO,460.235641
4.790007,-1,18,10000.042000,6.672000,460.687961,460.269899,460.000000,768,-0.687961,PI,FIFO,true,PI_FIFO,460.687961
4.800006,-1,18,9999.728000,6.400000,464.338782,460.880232,460.000000,760,-4.338782,PI,FIFO,true,PI_FIFO,464.338782
4.810007,-1,18,10000.173000,6.573000,459.796076,460.717608,460.000000,767,0.203924,PI,FIFO,true,PI_FIFO,459.796076
4.820007,-1,18,9999.931000,6.504000,458.614617,460.402160,460.000000,770,1.385383,PI,FIFO,true,PI_FIFO,458.614617
4.830007,-1,18,10000.284000,6.788000,456.543469,459.823356,460.000000,774,3.456531,PI,FIFO,true,PI_FIFO,456.543469
4.840007,-1,19,9999.913000,6.701000,453.995157,458.949126,460.000000,781,6.004843,PI,FIFO,true,PI_FIFO,453.995157
4.850007,-1,18,9999.950000,6.651000,459.321815,459.005030,460.000000,773,0.678185,PI,FIFO,true,PI_FIFO,459.321815
4.860006,-1,18,9999.765000,6.416000,459.558824,459.088099,460.000000,773,0.441176,PI,FIFO,true,PI_FIFO,459.558824
4.870007,-1,18,10000.116000,6.532000,463.420662,459.737983,460.000000,765,-3.420662,PI,FIFO,true,PI_FIFO,463.420662
4.880007,-1,18,10000.488000,7.020000,462.734452,460.187454,460.000000,765,-2.734452,PI,FIFO,true,PI_FIFO,462.734452
4.890009,-1,18,10002.431000,9.451000,460.747543,460.271467,460.000000,768,-0.747543,PI,FIFO,true,PI_FIFO,460.747543
4.900007,-1,18,9997.506000,6.957000,460.461690,460.300000,460.000000,768,-0.461690,PI,FIFO,true,PI_FIFO,460.461690
4.910007,-1,18,9999.876000,6.833000,459.784208,460.222632,460.000000,769,0.215792,PI,FIFO,true,PI_FIFO,459.784208
4.920007,-1,18,9999.802000,6.635000,460.509307,460.265633,460.000000,768,-0.509307,PI,FIFO,true,PI_FIFO,460.509307
4.930007,-1,18,10000.172000,6.807000,463.374852,460.732016,460.000000,762,-3.374852,PI,FIFO,true,PI_FIFO,463.374852
4.940007,-1,18,9999.802000,6.609000,461.186541,460.800194,460.000000,765,-1.186541,PI,FIFO,true,PI_FIFO,461.186541
4.950006,-1,18,9999.783000,6.392000,457.669579,460.330602,460.000000,772,2.330421,PI,FIFO,true,PI_FIFO,457.669579
4.960006,-1,18,10000.099000,6.491000,457.094100,459.845127,460.000000,774,2.905900,PI,FIFO,true,PI_FIFO,457.094100
4.970010,-1,19,10003.413000,9.904000,453.013733,458.820418,460.000000,783,6.986267,PI,FIFO,true,PI_FIFO,453.013733
4.980007,-1,18,9996.894000,6.798000,459.333660,458.897404,460.000000,773,0.666340,PI,FIFO,true,PI_FIFO,459.333660
4.990007,-1,18,9999.728000,6.526000,459.558824,458.996617,460.000000,773,0.441176,PI,FIFO,true,PI_FIFO,459.558824
5.000007,-1,18,9999.987000,6.513000,463.879268,459.729015,460.000000,765,-3.879268,PI,FIFO,true,PI_FIFO,463.879268
5.010007,-1,18,10000.136000,6.649000,463.191700,460.248417,460.000000,765,-3.191700,PI,FIFO,true,PI_FIFO,463.191700
5.020006,-1,18,9999.839000,6.488000,460.009814,460.212627,460.000000,769,-0.009814,PI,FIFO,true,PI_FIFO,460.009814
5.030007,-1,18,10000.931000,7.419000,460.747543,460.292864,460.000000,768,-0.747543,PI,FIFO,true,PI_FIFO,460.747543
5.040018,-1,18,10011.025000,18.444000,460.687961,460.352129,460.000000,768,-0.687961,PI,FIFO,true,PI_FIFO,460.687961
5.050025,-1,18,10006.931000,25.375000,461.065574,460.459145,460.000000,767,-1.065574,PI,FIFO,true,PI_FIFO,461.065574
5.060009,-1,18,9983.672000,9.047000,462.232521,460.725152,460.000000,764,-2.232521,PI,FIFO,true,PI_FIFO,462.232521
5.070008,-1,18,9998.802000,7.849000,461.868164,460.896604,460.000000,764,-1.868164,PI,FIFO,true,PI_FIFO,461.868164
5.080007,-1,18,9999.061000,6.910000,458.612255,460.553951,460.000000,770,1.387745,PI,FIFO,true,PI_FIFO,458.612255
5.090009,-1,18,10002.395000,9.305000,456.426485,459.934831,460.000000,774,3.573515,PI,FIFO,true,PI_FIFO,456.426485
5.100007,-1,19,9998.043000,7.348000,454.168791,459.069925,460.000000,780,5.831209,PI,FIFO,true,PI_FIFO,454.168791
5.110015,-1,18,10007.968000,15.316000,457.987298,458.907531,460.000000,775,2.012702,PI,FIFO,true,PI_FIFO,457.987298
5.120010,-1,18,9994.376000,9.692000,459.333660,458.971451,460.000000,773,0.666340,PI,FIFO,true,PI_FIFO,459.333660
5.130014,-1,18,10004.025000,13.717000,463.879268,459.707623,460.000000,765,-3.879268,PI,FIFO,true,PI_FIFO,463.879268
5.140014,-1,18,10000.005000,13.722000,463.420662,460.264579,460.000000,764,-3.420662,PI,FIFO,true,PI_FIFO,463.420662
5.150020,-1,18,10006.450000,20.172000,459.558824,460.158716,460.000000,770,0.441176,PI,FIFO,true,PI_FIFO,459.558824
5.160016,-1,18,9996.228000,16.400000,461.595273,460.374199,460.000000,766,-1.595273,PI,FIFO,true,PI_FIFO,461.595273
5.170015,-1,18,9998.136000,14.536000,459.558824,460.251893,460.000000,770,0.441176,PI,FIFO,true,PI_FIFO,459.558824
5.180014,-1,18,9998.987000,13.523000,461.595273,460.453400,460.000000,766,-1.595273,PI,FIFO,true,PI_FIFO,461.595273
5.190013,-1,18,9999.802000,13.325000,462.582237,460.772726,460.000000,763,-2.582237,PI,FIFO,true,PI_FIFO,462.582237
5.200013,-1,18,9999.876000,13.201000,461.368110,460.862033,460.000000,765,-1.368110,PI,FIFO,true,PI_FIFO,461.368110
5.210013,-1,18,10000.153000,13.354000,459.333660,460.632777,460.000000,768,0.666340,PI,FIFO,true,PI_FIFO,459.333660
5.220013,-1,18,9999.599000,12.953000,456.871345,460.068562,460.000000,773,3.128655,PI,FIFO,true,PI_FIFO,456.871345
5.230025,-1,19,10011.931000,24.884000,454.606681,459.249280,460.000000,779,5.393319,PI,FIFO,true,PI_FIFO,454.606681
5.240032,-1,18,10007.543000,32.427000,456.730769,458.871504,460.000000,777,3.269231,PI,FIFO,true,PI_FIFO,456.730769
5.250029,-1,18,9996.784000,29.211000,459.773470,459.006799,460.000000,772,0.226530,PI,FIFO,true,PI_FIFO,459.773470
5.260020,-1,18,9990.431000,19.642000,464.350886,459.808412,460.000000,763,-4.350886,PI,FIFO,true,PI_FIFO,464.350886
5.270019,-1,18,9999.283000,18.925000,463.628014,460.381352,460.000000,763,-3.628014,PI,FIFO,true,PI_FIFO,463.628014
5.280016,-1,18,9996.951000,15.876000,459.108717,460.190457,460.000000,770,0.891283,PI,FIFO,true,PI_FIFO,459.108717
5.290022,-1,18,10005.727000,21.603000,461.281631,460.354133,460.000000,767,-1.281631,PI,FIFO,true,PI_FIFO,461.281631
5.300027,-1,18,10005.765000,27.368000,459.085052,460.163771,460.000000,770,0.914948,PI,FIFO,true,PI_FIFO,459.085052
5.310021,-1,18,9993.265000,20.633000,461.822660,460.412604,460.000000,765,-1.822660,PI,FIFO,true,PI_FIFO,461.822660
5.320016,-1,18,9995.135000,15.768000,462.662338,460.750064,460.000000,763,-2.662338,PI,FIFO,true,PI_FIFO,462.662338
5.330020,-1,18,10003.821000,19.589000,461.497890,460.862238,460.000000,764,-1.497890,PI,FIFO,true,PI_FIFO,461.497890
5.340016,-1,18,9996.024000,15.613000,460.059978,460.741899,460.000000,766,-0.059978,PI,FIFO,true,PI_FIFO,460.059978
5.350020,-1,18,10004.043000,19.656000,456.151529,460.053344,460.000000,774,3.848471,PI,FIFO,true,PI_FIFO,456.151529
5.360019,-1,19,9999.265000,18.921000,453.873050,459.126300,460.000000,780,6.126950,PI,FIFO,true,PI_FIFO,453.873050
5.370019,-1,18,9999.672000,18.593000,456.151529,458.680084,460.000000,778,3.848471,PI,FIFO,true,PI_FIFO,456.151529
5.380049,-1,18,10030.302000,48.895000,459.558824,458.811895,460.000000,773,0.441176,PI,FIFO,true,PI_FIFO,459.558824
5.390035,-1,18,9986.302000,35.197000,464.546956,459.672154,460.000000,763,-4.546956,PI,FIFO,true,PI_FIFO,464.546956
5.400018,-1,18,9982.339000,17.536000,463.336281,460.221773,460.000000,764,-3.336281,PI,FIFO,true,PI_FIFO,463.336281
5.410020,-1,18,10002.858000,20.394000,460.031311,460.193204,460.000000,769,-0.031311,PI,FIFO,true,PI_FIFO,460.031311
5.420020,-1,18,9999.264000,19.658000,460.986025,460.312127,460.000000,767,-0.986025,PI,FIFO,true,PI_FIFO,460.986025
5.430017,-1,18,9997.710000,17.368000,458.883994,460.097907,460.000000,771,1.116006,PI,FIFO,true,PI_FIFO,458.883994
5.440016,-1,18,9998.561000,15.929000,461.942427,460.374585,460.000000,765,-1.942427,PI,FIFO,true,PI_FIFO,461.942427
5.450017,-1,18,10000.950000,16.879000,462.506167,460.694322,460.000000,763,-2.506167,PI,FIFO,true,PI_FIFO,462.506167
5.460013,-1,18,9996.376000,13.255000,460.634066,460.685284,460.000000,766,-0.634066,PI,FIFO,true,PI_FIFO,460.634066
5.470016,-1,18,10003.024000,16.279000,460.813763,460.704556,460.000000,765,-0.813763,PI,FIFO,true,PI_FIFO,460.813763
5.480017,-1,18,10000.543000,16.822000,455.982490,459.996246,460.000000,775,4.017510,PI,FIFO,true,PI_FIFO,455.982490
5.490035,-1,19,10018.061000,34.883000,454.606681,459.187811,460.000000,779,5.393319,PI,FIFO,true,PI_FIFO,454.606681
5.500035,-1,18,9999.821000,34.704000,456.574675,458.795841,460.000000,777,3.425325,PI,FIFO,true,PI_FIFO,456.574675
5.510019,-1,18,9984.153000,18.857000,459.558824,458.910288,460.000000,773,0.441176,PI,FIFO,true,PI_FIFO,459.558824
5.520017,-1,18,9997.988000,16.845000,464.338782,459.724562,460.000000,764,-4.338782,PI,FIFO,true,PI_FIFO,464.338782
5.530019,-1,18,10002.635000,19.480000,463.143526,460.237407,460.000000,764,-3.143526,PI,FIFO,true,PI_FIFO,463.143526
5.540020,-1,18,10000.894000,20.374000,460.203366,460.232301,460.000000,769,-0.203366,PI,FIFO,true,PI_FIFO,460.203366
5.550019,-1,18,9998.988000,19.362000,461.463731,460.417015,460.000000,766,-1.463731,PI,FIFO,true,PI_FIFO,461.463731
5.560019,-1,18,9999.376000,18.738000,458.883994,460.187062,460.000000,771,1.116006,PI,FIFO,true,PI_FIFO,458.883994
5.570025,-1,18,10005.765000,24.503000,461.463731,460.378562,460.000000,766,-1.463731,PI,FIFO,true,PI_FIFO,461.463731
5.580019,-1,18,9994.876000,19.379000,462.506167,460.697703,460.000000,763,-2.506167,PI,FIFO,true,PI_FIFO,462.506167
5.590019,-1,18,9999.487000,18.866000,460.747543,460.705179,460.000000,766,-0.747543,PI,FIFO,true,PI_FIFO,460.747543
5.600019,-1,18,10000.116000,18.982000,461.065574,460.759238,460.000000,765,-1.065574,PI,FIFO,true,PI_FIFO,461.065574
5.610025,-1,18,10005.691000,24.673000,456.327745,460.094514,460.000000,774,3.672255,PI,FIFO,true,PI_FIFO,456.327745
5.620020,-1,18,9995.543000,20.216000,455.052907,459.338273,460.000000,778,4.947093,PI,FIFO,true,PI_FIFO,455.052907
5.630019,-1,18,9998.895000,19.111000,457.012007,458.989333,460.000000,776,2.987993,PI,FIFO,true,PI_FIFO,457.012007
5.640019,-1,18,9999.505000,18.616000,457.987298,458.839028,460.000000,775,2.012702,PI,FIFO,true,PI_FIFO,457.987298
5.650019,-1,18,10000.135000,18.751000,463.890198,459.596704,460.000000,764,-3.890198,PI,FIFO,true,PI_FIFO,463.890198
5.660015,-1,18,9996.580000,15.331000,463.867188,460.237276,460.000000,763,-3.867188,PI,FIFO,true,PI_FIFO,463.867188
5.670019,-1,18,10003.524000,18.855000,459.301512,460.096911,460.000000,770,0.698488,PI,FIFO,true,PI_FIFO,459.301512
5.680027,-1,18,10008.599000,27.454000,460.612512,460.174252,460.000000,768,-0.612512,PI,FIFO,true,PI_FIFO,460.612512
5.690019,-1,18,9991.468000,18.922000,459.988318,460.146362,460.000000,769,0.011682,PI,FIFO,true,PI_FIFO,459.988318
5.700016,-1,18,9997.154000,16.076000,461.224754,460.308120,460.000000,766,-1.224754,PI,FIFO,true,PI_FIFO,461.224754
5.710019,-1,18,10002.969000,19.045000,462.962963,460.706347,460.000000,763,-2.962963,PI,FIFO,true,PI_FIFO,462.962963
5.720019,-1,18,9999.487000,18.532000,460.033574,460.605431,460.000000,767,-0.033574,PI,FIFO,true,PI_FIFO,460.033574
5.730019,-1,18,10000.154000,18.686000,460.849719,460.642074,460.000000,765,-0.849719,PI,FIFO,true,PI_FIFO,460.849719
5.740018,-1,18,9999.598000,18.284000,456.574675,460.031964,460.000000,774,3.425325,PI,FIFO,true,PI_FIFO,456.574675
5.750030,-1,18,10011.746000,30.030000,455.329755,459.326633,460.000000,777,4.670245,PI,FIFO,true,PI_FIFO,455.329755
5.760034,-1,18,10003.858000,33.888000,456.998607,458.977429,460.000000,776,3.001393,PI,FIFO,true,PI_FIFO,456.998607
5.770037,-1,18,10003.413000,37.301000,458.310701,458.877420,460.000000,775,1.689299,PI,FIFO,true,PI_FIFO,458.310701
5.780020,-1,18,9982.654000,19.955000,464.546956,459.727850,460.000000,763,-4.546956,PI,FIFO,true,PI_FIFO,464.546956
5.790019,-1,18,9998.876000,18.831000,462.835985,460.194070,460.000000,765,-2.835985,PI,FIFO,true,PI_FIFO,462.835985
5.800019,-1,18,9999.950000,18.781000,460.375550,460.221292,460.000000,768,-0.375550,PI,FIFO,true,PI_FIFO,460.375550
5.810033,-1,18,10013.728000,32.509000,460.986025,460.336002,460.000000,767,-0.986025,PI,FIFO,true,PI_FIFO,460.986025
5.820020,-1,18,9987.228000,19.737000,460.031311,460.290299,460.000000,768,-0.031311,PI,FIFO,true,PI_FIFO,460.031311
5.830019,-1,18,9999.653000,19.390000,460.310966,460.293399,460.000000,768,-0.310966,PI,FIFO,true,PI_FIFO,460.310966
5.840019,-1,18,9999.413000,18.803000,463.453390,460.767397,460.000000,762,-3.453390,PI,FIFO,true,PI_FIFO,463.453390
5.850028,-1,18,10009.247000,28.050000,461.065574,460.812124,460.000000,765,-1.065574,PI,FIFO,true,PI_FIFO,461.065574
5.860021,-1,18,9993.320000,21.370000,460.418616,460.753098,460.000000,766,-0.418616,PI,FIFO,true,PI_FIFO,460.418616
5.870019,-1,18,9997.636000,19.006000,455.795803,460.009503,460.000000,775,4.204197,PI,FIFO,true,PI_FIFO,455.795803
5.880019,-1,18,10000.246000,19.252000,455.760817,459.372200,460.000000,776,4.239183,PI,FIFO,true,PI_FIFO,455.760817
5.890019,-1,18,9999.746000,18.998000,457.317073,459.063931,460.000000,775,2.682927,PI,FIFO,true,PI_FIFO,457.317073
5.900020,-1,18,10000.895000,19.893000,457.635983,458.849739,460.000000,776,2.364017,PI,FIFO,true,PI_FIFO,457.635983
5.910020,-1,18,9999.820000,19.713000,464.835595,459.747617,460.000000,762,-4.835595,PI,FIFO,true,PI_FIFO,464.835595
5.920017,-1,18,9997.617000,17.330000,461.497890,460.010158,460.000000,767,-1.497890,PI,FIFO,true,PI_FIFO,461.497890
5.930024,-1,18,10006.543000,23.873000,460.763434,460.123150,460.000000,768,-0.763434,PI,FIFO,true,PI_FIFO,460.763434
5.940020,-1,18,9996.172000,20.045000,460.246400,460.141637,460.000000,768,-0.246400,PI,FIFO,true,PI_FIFO,460.246400
5.950019,-1,18,9999.321000,19.366000,459.308655,460.016690,460.000000,770,0.691345,PI,FIFO,true,PI_FIFO,459.308655
5.960017,-1,18,9998.079000,17.445000,462.364960,460.368930,460.000000,764,-2.364960,PI,FIFO,true,PI_FIFO,462.364960
5.970018,-1,18,10000.469000,17.914000,462.902807,460.749012,460.000000,762,-2.902807,PI,FIFO,true,PI_FIFO,462.902807
5.980020,-1,18,10001.765000,19.679000,460.687961,460.739854,460.000000,766,-0.687961,PI,FIFO,true,PI_FIFO,460.687961
5.990020,-1,18,9999.950000,19.629000,460.747543,460.741007,460.000000,765,-0.747543,PI,FIFO,true,PI_FIFO,460.747543
6.000019,-1,18,9999.376000,19.005000,456.998607,460.179647,460.000000,772,3.001393,PI,FIFO,true,PI_FIFO,456.998607
6.010036,-1,18,10016.561000,35.566000,454.606681,459.343702,460.000000,778,5.393319,PI,FIFO,true,PI_FIFO,454.606681
6.020020,-1,18,9984.821000,20.387000,455.729167,458.801522,460.000000,778,4.270833,PI,FIFO,true,PI_FIFO,455.729167
6.030020,-1,18,9999.783000,20.170000,457.317073,458.578855,460.000000,777,2.682927,PI,FIFO,true,PI_FIFO,457.317073
6.040019,-1,18,9998.376000,18.546000,464.327830,459.441201,460.000000,764,-4.327830,PI,FIFO,true,PI_FIFO,464.327830
6.050019,-1,18,10000.469000,19.015000,462.422118,459.888339,460.000000,766,-2.422118,PI,FIFO,true,PI_FIFO,462.422118
6.060019,-1,18,10000.228000,19.243000,461.368110,460.110304,460.000000,767,-1.368110,PI,FIFO,true,PI_FIFO,461.368110
6.070023,-1,18,10003.616000,22.859000,460.271318,460.134456,460.000000,769,-0.271318,PI,FIFO,true,PI_FIFO,460.271318
6.080019,-1,18,9996.432000,19.291000,459.130131,459.983808,460.000000,771,0.869869,PI,FIFO,true,PI_FIFO,459.130131
6.090019,-1,18,9999.691000,18.982000,462.075575,460.297573,460.000000,765,-2.075575,PI,FIFO,true,PI_FIFO,462.075575
6.100020,-1,18,10000.580000,19.562000,462.104497,460.568611,460.000000,765,-2.104497,PI,FIFO,true,PI_FIFO,462.104497
6.110031,-1,18,10011.598000,31.160000,461.990352,460.781872,460.000000,764,-1.990352,PI,FIFO,true,PI_FIFO,461.990352
6.120020,-1,18,9989.154000,20.314000,459.773470,460.630612,460.000000,767,0.226530,PI,FIFO,true,PI_FIFO,459.773470
6.130019,-1,18,9998.876000,19.190000,456.081081,459.948182,460.000000,775,3.918919,PI,FIFO,true,PI_FIFO,456.081081
6.140015,-1,18,9996.061000,15.251000,455.938138,459.346676,460.000000,777,4.061862,PI,FIFO,true,PI_FIFO,455.938138
6.150021,-1,18,10005.394000,20.645000,456.543469,458.926195,460.000000,777,3.456531,PI,FIFO,true,PI_FIFO,456.543469
6.160024,-1,18,10002.932000,23.577000,457.987298,458.785360,460.000000,776,2.012702,PI,FIFO,true,PI_FIFO,457.987298
6.170020,-1,18,9996.024000,19.601000,464.593114,459.656523,460.000000,764,-4.593114,PI,FIFO,true,PI_FIFO,464.593114
6.180020,-1,18,10000.080000,19.681000,462.582237,460.095380,460.000000,766,-2.582237,PI,FIFO,true,PI_FIFO,462.582237
6.190019,-1,18,9999.376000,19.057000,461.942427,460.372438,460.000000,766,-1.942427,PI,FIFO,true,PI_FIFO,461.942427
6.200019,-1,18,9999.635000,18.692000,460.687961,460.419766,460.000000,768,-0.687961,PI,FIFO,true,PI_FIFO,460.687961
6.210019,-1,18,10000.284000,18.976000,457.904884,460.042534,460.000000,773,2.095116,PI,FIFO,true,PI_FIFO,457.904884
6.220019,-1,18,10000.339000,19.315000,462.917243,460.473740,460.000000,764,-2.917243,PI,FIFO,true,PI_FIFO,462.917243
6.230041,-1,18,10021.320000,40.635000,461.640733,460.648789,460.000000,765,-1.640733,PI,FIFO,true,PI_FIFO,461.640733
6.240039,-1,18,9998.858000,39.493000,462.278107,460.893187,460.000000,763,-2.278107,PI,FIFO,true,PI_FIFO,462.278107
6.250045,-1,18,10005.098000,44.591000,459.558824,460.693032,460.000000,768,0.441176,PI,FIFO,true,PI_FIFO,459.558824
6.260041,-1,18,9996.024000,40.615000,457.987298,460.287172,460.000000,771,2.012702,PI,FIFO,true,PI_FIFO,457.987298
6.270030,-1,18,9989.469000,30.084000,454.655674,459.442447,460.000000,778,5.344326,PI,FIFO,true,PI_FIFO,454.655674
6.280017,-1,19,9986.894000,16.978000,455.342688,458.827483,460.000000,779,4.657312,PI,FIFO,true,PI_FIFO,455.342688
6.290035,-1,18,10017.524000,34.502000,456.998607,458.553152,460.000000,778,3.001393,PI,FIFO,true,PI_FIFO,456.998607
6.300020,-1,18,9985.691000,20.193000,464.108911,459.386516,460.000000,765,-4.108911,PI,FIFO,true,PI_FIFO,464.108911
6.310049,-1,18,10028.506000,48.699000,463.384495,459.986213,460.000000,765,-3.384495,PI,FIFO,true,PI_FIFO,463.384495
6.320037,-1,18,9988.043000,36.742000,461.065574,460.148117,460.000000,768,-1.065574,PI,FIFO,true,PI_FIFO,461.065574
6.330016,-1,18,9979.635000,16.377000,460.509307,460.202295,460.000000,769,-0.509307,PI,FIFO,true,PI_FIFO,460.509307
6.340014,-1,18,9997.765000,14.142000,458.435208,459.937232,460.000000,772,1.564792,PI,FIFO,true,PI_FIFO,458.435208
6.350014,-1,18,9999.431000,13.573000,463.420662,460.459747,460.000000,763,-3.420662,PI,FIFO,true,PI_FIFO,463.420662
6.360011,-1,18,9997.080000,10.653000,461.368110,460.596001,460.000000,766,-1.368110,PI,FIFO,true,PI_FIFO,461.368110
6.370017,-1,18,10006.839000,17.492000,462.328767,460.855916,460.000000,763,-2.328767,PI,FIFO,true,PI_FIFO,462.328767
6.380019,-1,18,10001.265000,18.757000,460.009814,460.729001,460.000000,767,-0.009814,PI,FIFO,true,PI_FIFO,460.009814
6.390019,-1,18,9999.913000,18.670000,457.317073,460.217212,460.000000,772,2.682927,PI,FIFO,true,PI_FIFO,457.317073
6.400014,-1,18,9995.246000,13.916000,455.982490,459.582003,460.000000,776,4.017510,PI,FIFO,true,PI_FIFO,455.982490
6.410017,-1,19,10002.932000,16.848000,454.117330,458.762302,460.000000,781,5.882670,PI,FIFO,true,PI_FIFO,454.117330
6.420014,-1,18,9997.246000,14.094000,457.094100,458.512072,460.000000,778,2.905900,PI,FIFO,true,PI_FIFO,457.094100
6.430027,-1,18,10013.284000,27.378000,463.671691,459.286015,460.000000,766,-3.671691,PI,FIFO,true,PI_FIFO,463.671691
6.440020,-1,18,9992.580000,19.958000,462.902807,459.828534,460.000000,766,-2.902807,PI,FIFO,true,PI_FIFO,462.902807
6.450023,-1,18,10003.394000,23.352000,461.141171,460.025429,460.000000,768,-1.141171,PI,FIFO,true,PI_FIFO,461.141171
6.460020,-1,18,9997.098000,20.450000,460.986025,460.169519,460.000000,768,-0.986025,PI,FIFO,true,PI_FIFO,460.986025
6.470021,-1,18,10000.765000,21.215000,457.987298,459.842186,460.000000,774,2.012702,PI,FIFO,true,PI_FIFO,457.987298
6.480020,-1,18,9998.858000,20.073000,463.384495,460.373532,460.000000,764,-3.384495,PI,FIFO,true,PI_FIFO,463.384495
6.490020,-1,18,9999.524000,19.597000,461.497890,460.542186,460.000000,766,-1.497890,PI,FIFO,true,PI_FIFO,461.497890
6.500034,-1,18,10014.598000,34.195000,462.506167,460.836783,460.000000,764,-2.506167,PI,FIFO,true,PI_FIFO,462.506167
6.510056,-1,18,10021.506000,55.701000,460.621387,460.804474,460.000000,766,-0.621387,PI,FIFO,true,PI_FIFO,460.621387
6.520042,-1,18,9985.839000,41.540000,456.574675,460.170004,460.000000,774,3.425325,PI,FIFO,true,PI_FIFO,456.574675
6.530028,-1,18,9986.006000,27.546000,456.262807,459.583924,460.000000,776,3.737193,PI,FIFO,true,PI_FIFO,456.262807
6.540015,-1,19,9987.449000,14.995000,454.876274,458.877777,460.000000,780,5.123726,PI,FIFO,true,PI_FIFO,454.876274
6.550015,-1,18,9999.710000,14.705000,457.540264,458.677150,460.000000,777,2.459736,PI,FIFO,true,PI_FIFO,457.540264
6.560015,-1,18,10000.024000,14.729000,462.902807,459.310998,460.000000,768,-2.902807,PI,FIFO,true,PI_FIFO,462.902807
6.570017,-1,18,10002.413000,17.142000,463.649852,459.961826,460.000000,765,-3.649852,PI,FIFO,true,PI_FIFO,463.649852
6.580013,-1,18,9995.987000,13.129000,460.914454,460.104721,460.000000,769,-0.914454,PI,FIFO,true,PI_FIFO,460.914454
6.590014,-1,18,10000.432000,13.561000,460.562227,460.173346,460.000000,769,-0.562227,PI,FIFO,true,PI_FIFO,460.562227
6.600013,-1,18,9999.542000,13.103000,459.558824,460.081168,460.000000,771,0.441176,PI,FIFO,true,PI_FIFO,459.558824
6.610013,-1,18,10000.117000,13.220000,462.799718,460.488951,460.000000,765,-2.799718,PI,FIFO,true,PI_FIFO,462.799718
6.620013,-1,18,9999.506000,12.726000,460.687961,460.518802,460.000000,768,-0.687961,PI,FIFO,true,PI_FIFO,460.687961
6.630013,-1,18,10000.543000,13.269000,463.090011,460.904483,460.000000,763,-3.090011,PI,FIFO,true,PI_FIFO,463.090011
6.640018,-1,18,10004.246000,17.515000,460.849719,460.896269,460.000000,766,-0.849719,PI,FIFO,true,PI_FIFO,460.849719
6.650018,-1,18,10000.932000,18.447000,456.081081,460.173991,460.000000,775,3.918919,PI,FIFO,true,PI_FIFO,456.081081
6.660018,-1,18,9999.450000,17.897000,457.987298,459.845987,460.000000,773,2.012702,PI,FIFO,true,PI_FIFO,457.987298
6.670018,-1,19,10000.394000,18.291000,455.097087,459.133652,460.000000,779,4.902913,PI,FIFO,true,PI_FIFO,455.097087
6.680018,-1,18,9999.821000,18.112000,457.813348,458.935606,460.000000,776,2.186652,PI,FIFO,true,PI_FIFO,457.813348
6.690019,-1,18,10000.802000,18.914000,461.714353,459.352418,460.000000,769,-1.714353,PI,FIFO,true,PI_FIFO,461.714353
6.700020,-1,18,10000.894000,19.808000,462.902807,459.884976,460.000000,766,-2.902807,PI,FIFO,true,PI_FIFO,462.902807
6.710019,-1,18,9999.395000,19.203000,462.582237,460.289566,460.000000,766,-2.582237,PI,FIFO,true,PI_FIFO,462.582237
6.720015,-1,18,9996.246000,15.449000,461.065574,460.405967,460.000000,768,-1.065574,PI,FIFO,true,PI_FIFO,461.065574
6.730027,-1,18,10011.839000,27.288000,458.916084,460.182484,460.000000,771,1.083916,PI,FIFO,true,PI_FIFO,458.916084
6.740036,-1,18,10008.562000,35.850000,462.662338,460.554462,460.000000,764,-2.662338,PI,FIFO,true,PI_FIFO,462.662338
6.750022,-1,18,9986.227000,22.077000,461.822660,460.744692,460.000000,765,-1.822660,PI,FIFO,true,PI_FIFO,461.822660
6.760031,-1,18,10008.580000,30.657000,462.651413,461.030700,460.000000,763,-2.651413,PI,FIFO,true,PI_FIFO,462.651413
6.770022,-1,18,9991.413000,22.070000,461.065574,461.035931,460.000000,765,-1.065574,PI,FIFO,true,PI_FIFO,461.065574
6.780022,-1,18,9999.672000,21.742000,455.940250,460.271579,460.000000,774,4.059750,PI,FIFO,true,PI_FIFO,455.940250
6.790021,-1,18,9999.191000,20.933000,456.574675,459.717043,460.000000,775,3.425325,PI,FIFO,true,PI_FIFO,456.574675
6.800020,-1,19,9999.061000,19.994000,454.676674,458.960988,460.000000,780,5.323326,PI,FIFO,true,PI_FIFO,454.676674
6.810020,-1,18,10000.395000,20.389000,459.085052,458.979598,460.000000,773,0.914948,PI,FIFO,true,PI_FIFO,459.085052
6.820020,-1,18,9999.635000,20.024000,462.506167,459.508583,460.000000,767,-2.506167,PI,FIFO,true,PI_FIFO,462.506167
6.830021,-1,18,10001.117000,21.141000,462.422118,459.945613,460.000000,766,-2.422118,PI,FIFO,true,PI_FIFO,462.422118
6.840021,-1,18,10000.061000,21.202000,462.582237,460.341107,460.000000,765,-2.582237,PI,FIFO,true,PI_FIFO,462.582237
6.850020,-1,18,9999.228000,20.430000,460.310966,460.336586,460.000000,768,-0.310966,PI,FIFO,true,PI_FIFO,460.310966
6.860020,-1,18,9999.598000,20.028000,459.558824,460.219921,460.000000,770,0.441176,PI,FIFO,true,PI_FIFO,459.558824
6.870020,-1,18,10000.469000,20.497000,462.182148,460.514255,460.000000,765,-2.182148,PI,FIFO,true,PI_FIFO,462.182148
6.880022,-1,18,10001.691000,22.188000,461.595273,460.676408,460.000000,765,-1.595273,PI,FIFO,true,PI_FIFO,461.595273
6.890021,-1,18,9998.820000,21.008000,462.422118,460.938265,460.000000,763,-2.422118,PI,FIFO,true,PI_FIFO,462.422118
6.900022,-1,18,10000.673000,21.681000,460.849719,460.924983,460.000000,765,-0.849719,PI,FIFO,true,PI_FIFO,460.849719
6.910020,-1,18,9998.413000,20.094000,455.588553,460.124518,460.000000,775,4.411447,PI,FIFO,true,PI_FIFO,455.588553
6.920020,-1,18,10000.042000,20.136000,457.635983,459.751238,460.000000,772,2.364017,PI,FIFO,true,PI_FIFO,457.635983
6.930020,-1,19,9999.950000,20.086000,454.606681,458.979555,460.000000,779,5.393319,PI,FIFO,true,PI_FIFO,454.606681
6.940020,-1,18,10000.339000,20.425000,457.848837,458.809947,460.000000,775,2.151163,PI,FIFO,true,PI_FIFO,457.848837
6.950021,-1,18,10000.099000,20.524000,461.822660,459.261854,460.000000,768,-1.822660,PI,FIFO,true,PI_FIFO,461.822660
6.960020,-1,18,9999.394000,19.918000,462.147887,459.694759,460.000000,767,-2.147887,PI,FIFO,true,PI_FIFO,462.147887
6.970020,-1,18,10000.117000,20.035000,463.625716,460.284402,460.000000,763,-3.625716,PI,FIFO,true,PI_FIFO,463.625716
6.980020,-1,18,9999.987000,20.022000,459.108717,460.108050,460.000000,770,0.891283,PI,FIFO,true,PI_FIFO,459.108717
6.990020,-1,18,10000.339000,20.361000,459.796076,460.061254,460.000000,769,0.203924,PI,FIFO,true,PI_FIFO,459.796076
7.000020,-1,18,9999.913000,20.274000,461.065574,460.211902,460.000000,767,-1.065574,PI,FIFO,true,PI_FIFO,461.065574
7.010020,-1,18,9999.969000,20.243000,461.267221,460.370199,460.000000,766,-1.267221,PI,FIFO,true,PI_FIFO,461.267221
7.020020,-1,18,9999.635000,19.878000,462.625717,460.708527,460.000000,763,-2.625717,PI,FIFO,true,PI_FIFO,462.625717
7.030030,-1,18,10010.154000,30.032000,461.702955,460.857691,460.000000,764,-1.702955,PI,FIFO,true,PI_FIFO,461.702955
7.040022,-1,18,9991.876000,21.908000,455.760817,460.093160,460.000000,775,4.239183,PI,FIFO,true,PI_FIFO,455.760817
7.050021,-1,18,9998.709000,20.617000,456.965110,459.623953,460.000000,774,3.034890,PI,FIFO,true,PI_FIFO,456.965110
7.060020,-1,19,9999.450000,20.067000,455.318116,458.978077,460.000000,779,4.681884,PI,FIFO,true,PI_FIFO,455.318116
7.070022,-1,18,10001.691000,21.758000,457.904884,458.817098,460.000000,776,2.095116,PI,FIFO,true,PI_FIFO,457.904884
7.080021,-1,18,9999.673000,21.431000,462.799718,459.414491,460.000000,767,-2.799718,PI,FIFO,true,PI_FIFO,462.799718
7.090023,-1,18,10001.913000,23.344000,461.822660,459.775716,460.000000,767,-1.822660,PI,FIFO,true,PI_FIFO,461.822660
7.100023,-1,18,9999.246000,22.590000,464.108911,460.425696,460.000000,762,-4.108911,PI,FIFO,true,PI_FIFO,464.108911
7.110031,-1,18,10008.006000,30.596000,459.796076,460.331253,460.000000,769,0.203924,PI,FIFO,true,PI_FIFO,459.796076
7.120021,-1,18,9990.135000,20.731000,460.271318,460.322263,460.000000,768,-0.271318,PI,FIFO,true,PI_FIFO,460.271318
7.130021,-1,18,10000.524000,21.255000,460.634066,460.369033,460.000000,767,-0.634066,PI,FIFO,true,PI_FIFO,460.634066
7.140019,-1,18,9997.969000,19.224000,460.310966,460.360323,460.000000,768,-0.310966,PI,FIFO,true,PI_FIFO,460.310966
7.150022,-1,18,10002.580000,21.804000,463.671691,460.857028,460.000000,761,-3.671691,PI,FIFO,true,PI_FIFO,463.671691
7.160028,-1,18,10006.616000,28.420000,460.509307,460.804870,460.000000,766,-0.509307,PI,FIFO,true,PI_FIFO,460.509307
7.170034,-1,18,10005.858000,34.278000,456.965110,460.228906,460.000000,772,3.034890,PI,FIFO,true,PI_FIFO,456.965110
7.180019,-1,18,9984.357000,18.635000,455.982490,459.591944,460.000000,776,4.017510,PI,FIFO,true,PI_FIFO,455.982490
7.190016,-1,19,9997.598000,16.233000,455.318116,458.950869,460.000000,779,4.681884,PI,FIFO,true,PI_FIFO,455.318116
7.200022,-1,18,10005.321000,21.554000,457.669579,458.758676,460.000000,776,2.330421,PI,FIFO,true,PI_FIFO,457.669579
7.210019,-1,18,9997.450000,19.004000,461.822660,459.218273,460.000000,769,-1.822660,PI,FIFO,true,PI_FIFO,461.822660
7.220017,-1,18,9998.413000,17.417000,462.182148,459.662855,460.000000,767,-2.182148,PI,FIFO,true,PI_FIFO,462.182148
7.230022,-1,18,10004.747000,22.164000,464.338782,460.364244,460.000000,762,-4.338782,PI,FIFO,true,PI_FIFO,464.338782
7.240055,-1,18,10032.802000,54.966000,460.271318,460.350305,460.000000,768,-0.271318,PI,FIFO,true,PI_FIFO,460.271318
7.250037,-1,18,9982.191000,37.157000,459.130131,460.167279,460.000000,770,0.869869,PI,FIFO,true,PI_FIFO,459.130131
7.260022,-1,18,9984.449000,21.606000,460.986025,460.290091,460.000000,767,-0.986025,PI,FIFO,true,PI_FIFO,460.986025
7.270020,-1,18,9998.080000,19.686000,461.497890,460.471261,460.000000,766,-1.497890,PI,FIFO,true,PI_FIFO,461.497890
7.280016,-1,18,9996.654000,16.340000,463.344316,460.902219,460.000000,761,-3.344316,PI,FIFO,true,PI_FIFO,463.344316
7.290020,-1,18,10003.191000,19.531000,460.418616,460.829678,460.000000,766,-0.418616,PI,FIFO,true,PI_FIFO,460.418616
7.300026,-1,18,10006.802000,26.333000,456.821873,460.228508,460.000000,773,3.178127,PI,FIFO,true,PI_FIFO,456.821873
7.310021,-1,18,9994.505000,20.838000,456.151529,459.616961,460.000000,775,3.848471,PI,FIFO,true,PI_FIFO,456.151529
7.320023,-1,19,10001.839000,22.677000,454.361874,458.828698,460.000000,781,5.638126,PI,FIFO,true,PI_FIFO,454.361874
7.330020,-1,18,9997.284000,19.961000,458.275140,458.745664,460.000000,775,1.724860,PI,FIFO,true,PI_FIFO,458.275140
7.340021,-1,18,10001.006000,20.967000,462.582237,459.321150,460.000000,767,-2.582237,PI,FIFO,true,PI_FIFO,462.582237
7.350025,-1,18,10004.339000,25.306000,462.582237,459.810313,460.000000,766,-2.582237,PI,FIFO,true,PI_FIFO,462.582237
7.360019,-1,18,9993.838000,19.144000,463.625716,460.382623,460.000000,763,-3.625716,PI,FIFO,true,PI_FIFO,463.625716
7.370019,-1,18,9999.636000,18.780000,460.235641,460.360576,460.000000,768,-0.235641,PI,FIFO,true,PI_FIFO,460.235641
7.380027,-1,18,10008.043000,26.823000,460.033574,460.311526,460.000000,769,-0.033574,PI,FIFO,true,PI_FIFO,460.033574
7.390018,-1,18,9991.209000,18.032000,461.497890,460.489480,460.000000,766,-1.497890,PI,FIFO,true,PI_FIFO,461.497890
7.400022,-1,18,10003.839000,21.871000,460.009814,460.417530,460.000000,768,-0.009814,PI,FIFO,true,PI_FIFO,460.009814
7.410017,-1,18,9995.450000,17.321000,465.078329,461.116650,460.000000,758,-5.078329,PI,FIFO,true,PI_FIFO,465.078329
7.420019,-1,18,10001.802000,19.123000,459.784208,460.916784,460.000000,766,0.215792,PI,FIFO,true,PI_FIFO,459.784208
7.430018,-1,18,9999.283000,18.406000,457.515454,460.406584,460.000000,771,2.484546,PI,FIFO,true,PI_FIFO,457.515454
7.440022,-1,18,10004.043000,22.449000,456.193809,459.774668,460.000000,775,3.806191,PI,FIFO,true,PI_FIFO,456.193809
7.450016,-1,19,9993.802000,16.251000,453.873050,458.889425,460.000000,781,6.126950,PI,FIFO,true,PI_FIFO,453.873050
7.460019,-1,18,10002.672000,18.923000,458.916084,458.893424,460.000000,773,1.083916,PI,FIFO,true,PI_FIFO,458.916084
7.470019,-1,18,10000.284000,19.207000,460.813763,459.181475,460.000000,770,-0.813763,PI,FIFO,true,PI_FIFO,460.813763
7.480022,-1,18,10002.931000,22.138000,463.671691,459.855007,460.000000,764,-3.671691,PI,FIFO,true,PI_FIFO,463.671691
7.490034,-1,18,10011.673000,33.811000,463.625716,460.420614,460.000000,763,-3.625716,PI,FIFO,true,PI_FIFO,463.625716
7.500035,-1,18,10001.024000,34.835000,460.203366,460.388026,460.000000,768,-0.203366,PI,FIFO,true,PI_FIFO,460.203366
7.510036,-1,18,10001.469000,36.304000,459.796076,460.299234,460.000000,769,0.203924,PI,FIFO,true,PI_FIFO,459.796076
7.520030,-1,18,9993.579000,29.883000,461.224754,460.438062,460.000000,766,-1.224754,PI,FIFO,true,PI_FIFO,461.224754
7.530021,-1,18,9990.691000,20.574000,460.849719,460.499811,460.000000,766,-0.849719,PI,FIFO,true,PI_FIFO,460.849719
7.540024,-1,18,10002.987000,23.561000,464.108911,461.041176,460.000000,759,-4.108911,PI,FIFO,true,PI_FIFO,464.108911
7.550020,-1,18,9996.543000,20.104000,459.988318,460.883247,460.000000,766,0.011682,PI,FIFO,true,PI_FIFO,459.988318
7.560023,-1,18,10002.894000,22.998000,458.376222,460.507193,460.000000,769,1.623778,PI,FIFO,true,PI_FIFO,458.376222
7.570024,-1,18,10000.691000,23.689000,455.982490,459.828488,460.000000,774,4.017510,PI,FIFO,true,PI_FIFO,455.982490
7.580022,-1,19,9998.524000,22.213000,454.117330,458.971814,460.000000,780,5.882670,PI,FIFO,true,PI_FIFO,454.117330
7.590019,-1,18,9997.099000,19.312000,458.275140,458.867313,460.000000,774,1.724860,PI,FIFO,true,PI_FIFO,458.275140
7.600022,-1,18,10003.098000,22.410000,459.308655,458.933514,460.000000,773,0.691345,PI,FIFO,true,PI_FIFO,459.308655
7.610020,-1,18,9997.357000,19.767000,463.671691,459.644241,460.000000,764,-3.671691,PI,FIFO,true,PI_FIFO,463.671691
7.620021,-1,18,10001.654000,21.421000,464.108911,460.313941,460.000000,762,-4.108911,PI,FIFO,true,PI_FIFO,464.108911
7.630019,-1,18,9997.654000,19.075000,460.634066,460.361960,460.000000,767,-0.634066,PI,FIFO,true,PI_FIFO,460.634066
7.640021,-1,18,10002.283000,21.358000,459.809264,460.279056,460.000000,768,0.190736,PI,FIFO,true,PI_FIFO,459.809264
7.650019,-1,18,9997.747000,19.105000,460.634066,460.332307,460.000000,767,-0.634066,PI,FIFO,true,PI_FIFO,460.634066
7.660021,-1,18,10002.357000,21.462000,460.059978,460.291458,460.000000,768,-0.059978,PI,FIFO,true,PI_FIFO,460.059978
7.670019,-1,18,9997.673000,19.135000,462.799718,460.667697,460.000000,762,-2.799718,PI,FIFO,true,PI_FIFO,462.799718
7.680019,-1,18,9999.616000,18.751000,460.747543,460.679674,460.000000,765,-0.747543,PI,FIFO,true,PI_FIFO,460.747543
7.690019,-1,18,10000.450000,19.201000,458.211144,460.309394,460.000000,770,1.788856,PI,FIFO,true,PI_FIFO,458.211144
7.700028,-1,18,10008.580000,27.781000,456.730769,459.772601,460.000000,774,3.269231,PI,FIFO,true,PI_FIFO,456.730769
7.710016,-1,19,9988.654000,16.435000,453.555878,458.840092,460.000000,781,6.444122,PI,FIFO,true,PI_FIFO,453.555878
7.720024,-1,18,10008.024000,24.459000,459.130131,458.883598,460.000000,773,0.869869,PI,FIFO,true,PI_FIFO,459.130131
7.730020,-1,18,9995.043000,19.502000,460.059978,459.060055,460.000000,771,-0.059978,PI,FIFO,true,PI_FIFO,460.059978
7.740022,-1,18,10002.376000,21.878000,464.327830,459.850221,460.000000,763,-4.327830,PI,FIFO,true,PI_FIFO,464.327830
7.750019,-1,18,9997.561000,19.439000,462.662338,460.272039,460.000000,764,-2.662338,PI,FIFO,true,PI_FIFO,462.662338
7.760048,-1,18,10028.784000,48.223000,460.235641,460.266579,460.000000,768,-0.235641,PI,FIFO,true,PI_FIFO,460.235641
7.770037,-1,18,9988.672000,36.895000,460.461690,460.295846,460.000000,768,-0.461690,PI,FIFO,true,PI_FIFO,460.461690
7.780026,-1,18,9989.228000,26.123000,460.310966,460.298114,460.000000,768,-0.310966,PI,FIFO,true,PI_FIFO,460.310966
7.790020,-1,18,9993.950000,20.073000,460.203366,460.283901,460.000000,768,-0.203366,PI,FIFO,true,PI_FIFO,460.203366
7.800023,-1,18,10002.931000,23.004000,464.364337,460.895967,460.000000,759,-4.364337,PI,FIFO,true,PI_FIFO,464.364337
7.810019,-1,18,9996.210000,19.214000,461.497890,460.986255,460.000000,763,-1.497890,PI,FIFO,true,PI_FIFO,461.497890
7.820022,-1,18,10002.802000,22.016000,457.904884,460.524050,460.000000,770,2.095116,PI,FIFO,true,PI_FIFO,457.904884
7.830024,-1,18,10001.857000,23.873000,457.094100,460.009557,460.000000,772,2.905900,PI,FIFO,true,PI_FIFO,457.094100
7.840023,-1,19,9999.024000,22.897000,453.013733,458.960184,460.000000,782,6.986267,PI,FIFO,true,PI_FIFO,453.013733
7.850021,-1,18,9998.173000,21.070000,457.987298,458.814251,460.000000,775,2.012702,PI,FIFO,true,PI_FIFO,457.987298
7.860022,-1,18,10000.728000,21.798000,460.271318,459.032811,460.000000,771,-0.271318,PI,FIFO,true,PI_FIFO,460.271318
7.870019,-1,18,9997.283000,19.081000,463.017404,459.630500,460.000000,765,-3.017404,PI,FIFO,true,PI_FIFO,463.017404
7.880022,-1,18,10002.617000,21.698000,463.598901,460.225760,460.000000,763,-3.598901,PI,FIFO,true,PI_FIFO,463.598901
7.890020,-1,18,9998.061000,19.759000,459.988318,460.190144,460.000000,769,0.011682,PI,FIFO,true,PI_FIFO,459.988318
7.900020,-1,18,9999.858000,19.617000,461.317660,460.359271,460.000000,766,-1.317660,PI,FIFO,true,PI_FIFO,461.317660
7.910019,-1,18,9999.468000,19.085000,459.773470,460.271401,460.000000,768,0.226530,PI,FIFO,true,PI_FIFO,459.773470
7.920030,-1,18,10011.302000,30.387000,460.747543,460.342822,460.000000,767,-0.747543,PI,FIFO,true,PI_FIFO,460.747543
7.930033,-1,18,10002.395000,32.782000,463.453390,460.809407,460.000000,761,-3.453390,PI,FIFO,true,PI_FIFO,463.453390
7.940031,-1,18,9998.524000,31.306000,460.509307,460.764392,460.000000,765,-0.509307,PI,FIFO,true,PI_FIFO,460.509307
7.950019,-1,18,9987.357000,18.663000,458.211144,460.381405,460.000000,770,1.788856,PI,FIFO,true,PI_FIFO,458.211144
7.960019,-1,18,10000.302000,18.965000,456.081081,459.736356,460.000000,775,3.918919,PI,FIFO,true,PI_FIFO,456.081081
7.970017,-1,19,9997.765000,16.730000,453.629032,458.820258,460.000000,781,6.370968,PI,FIFO,true,PI_FIFO,453.629032
7.980019,-1,18,10002.210000,18.940000,459.784208,458.964850,460.000000,772,0.215792,PI,FIFO,true,PI_FIFO,459.784208
7.990017,-1,18,9998.301000,17.241000,459.809264,459.091512,460.000000,772,0.190736,PI,FIFO,true,PI_FIFO,459.809264
8.000019,-1,18,10002.191000,19.432000,463.890198,459.811315,460.000000,764,-3.890198,PI,FIFO,true,PI_FIFO,463.890198
8.010017,-1,18,9997.839000,17.271000,463.090011,460.303120,460.000000,764,-3.090011,PI,FIFO,true,PI_FIFO,463.090011
8.020020,-1,18,10002.395000,19.666000,459.344377,460.159308,460.000000,770,0.655623,PI,FIFO,true,PI_FIFO,459.344377
8.030017,-1,18,9997.061000,16.727000,461.141171,460.306588,460.000000,766,-1.141171,PI,FIFO,true,PI_FIFO,461.141171
8.040021,-1,18,10004.617000,21.344000,459.558824,460.194423,460.000000,769,0.441176,PI,FIFO,true,PI_FIFO,459.558824
8.050019,-1,18,9997.839000,19.183000,460.914454,460.302428,460.000000,767,-0.914454,PI,FIFO,true,PI_FIFO,460.914454
8.060021,-1,18,10001.654000,20.837000,462.422118,460.620381,460.000000,763,-2.422118,PI,FIFO,true,PI_FIFO,462.422118
8.070023,-1,18,10002.246000,23.083000,461.714353,460.784477,460.000000,764,-1.714353,PI,FIFO,true,PI_FIFO,461.714353
8.080023,-1,18,9999.913000,22.996000,458.809135,460.488176,460.000000,769,1.190865,PI,FIFO,true,PI_FIFO,458.809135
8.090020,-1,18,9996.895000,19.891000,456.786543,459.932931,460.000000,773,3.213457,PI,FIFO,true,PI_FIFO,456.786543
8.100023,-1,19,10002.839000,22.730000,454.117330,459.060591,460.000000,780,5.882670,PI,FIFO,true,PI_FIFO,454.117330
8.110030,-1,18,10007.598000,30.328000,458.061889,458.910786,460.000000,774,1.938111,PI,FIFO,true,PI_FIFO,458.061889
8.120024,-1,18,9993.802000,24.130000,458.559783,458.858135,460.000000,774,1.440217,PI,FIFO,true,PI_FIFO,458.559783
8.130021,-1,18,9996.931000,21.061000,464.327830,459.678589,460.000000,763,-4.327830,PI,FIFO,true,PI_FIFO,464.327830
8.140023,-1,18,10001.747000,22.808000,463.625716,460.270658,460.000000,763,-3.625716,PI,FIFO,true,PI_FIFO,463.625716
8.150020,-1,18,9996.802000,19.610000,458.883994,460.062659,460.000000,771,1.116006,PI,FIFO,true,PI_FIFO,458.883994
8.160024,-1,18,10004.468000,24.078000,461.463731,460.272819,460.000000,766,-1.463731,PI,FIFO,true,PI_FIFO,461.463731
8.170020,-1,18,9995.673000,19.751000,459.558824,460.165720,460.000000,769,0.441176,PI,FIFO,true,PI_FIFO,459.558824
8.180035,-1,18,10014.913000,34.664000,461.702955,460.396305,460.000000,765,-1.702955,PI,FIFO,true,PI_FIFO,461.702955
8.190018,-1,18,9983.450000,18.114000,462.506167,460.712785,460.000000,763,-2.506167,PI,FIFO,true,PI_FIFO,462.506167
8.200024,-1,18,10006.320000,24.434000,460.747543,460.717998,460.000000,766,-0.747543,PI,FIFO,true,PI_FIFO,460.747543
8.210020,-1,18,9995.673000,20.107000,459.558824,460.544122,460.000000,768,0.441176,PI,FIFO,true,PI_FIFO,459.558824
8.220022,-1,18,10002.246000,22.353000,456.730769,459.972119,460.000000,773,3.269231,PI,FIFO,true,PI_FIFO,456.730769
8.230024,-1,19,10001.635000,23.988000,453.775411,459.042613,460.000000,781,6.224589,PI,FIFO,true,PI_FIFO,453.775411
8.240032,-1,18,10007.673000,31.661000,457.904884,458.871954,460.000000,775,2.095116,PI,FIFO,true,PI_FIFO,457.904884
8.250036,-1,18,10004.561000,36.222000,459.558824,458.974984,460.000000,773,0.441176,PI,FIFO,true,PI_FIFO,459.558824
8.260017,-1,18,9980.765000,16.987000,464.108911,459.745073,460.000000,764,-4.108911,PI,FIFO,true,PI_FIFO,464.108911
8.270020,-1,18,10003.283000,20.270000,463.235294,460.268606,460.000000,764,-3.235294,PI,FIFO,true,PI_FIFO,463.235294
8.280019,-1,18,9998.469000,18.739000,460.059978,460.237312,460.000000,769,-0.059978,PI,FIFO,true,PI_FIFO,460.059978
8.290019,-1,18,10000.376000,19.115000,462.147887,460.523898,460.000000,765,-2.147887,PI,FIFO,true,PI_FIFO,462.147887
8.300020,-1,18,10000.691000,19.806000,459.558824,460.379137,460.000000,769,0.441176,PI,FIFO,true,PI_FIFO,459.558824
8.310020,-1,18,9999.857000,19.663000,461.497890,460.546950,460.000000,765,-1.497890,PI,FIFO,true,PI_FIFO,461.497890
8.320019,-1,18,9999.136000,18.799000,462.422118,460.828225,460.000000,763,-2.422118,PI,FIFO,true,PI_FIFO,462.422118
8.330018,-1,18,9999.468000,18.267000,461.595273,460.943283,460.000000,763,-1.595273,PI,FIFO,true,PI_FIFO,461.595273
8.340017,-1,18,9998.876000,17.143000,459.558824,460.735614,460.000000,767,0.441176,PI,FIFO,true,PI_FIFO,459.558824
8.350016,-1,18,9998.543000,15.686000,456.204380,460.055929,460.000000,774,3.795620,PI,FIFO,true,PI_FIFO,456.204380
8.360016,-1,19,10000.561000,16.247000,454.117330,459.165139,460.000000,779,5.882670,PI,FIFO,true,PI_FIFO,454.117330
8.370017,-1,18,10000.302000,16.549000,456.786543,458.808349,460.000000,776,3.213457,PI,FIFO,true,PI_FIFO,456.786543
8.380020,-1,18,10003.450000,19.999000,459.558824,458.920921,460.000000,772,0.441176,PI,FIFO,true,PI_FIFO,459.558824
8.390018,-1,18,9997.765000,17.764000,463.867188,459.662861,460.000000,764,-3.867188,PI,FIFO,true,PI_FIFO,463.867188
8.400016,-1,18,9998.061000,15.825000,462.962963,460.157876,460.000000,764,-2.962963,PI,FIFO,true,PI_FIFO,462.962963
8.410017,-1,18,10000.821000,16.646000,459.796076,460.103606,460.000000,769,0.203924,PI,FIFO,true,PI_FIFO,459.796076
8.420016,-1,18,9999.728000,16.374000,461.595273,460.327356,460.000000,766,-1.595273,PI,FIFO,true,PI_FIFO,461.595273
8.430017,-1,18,10000.246000,16.620000,459.108717,460.144560,460.000000,770,0.891283,PI,FIFO,true,PI_FIFO,459.108717
8.440016,-1,18,9999.469000,16.089000,462.422118,460.486194,460.000000,764,-2.422118,PI,FIFO,true,PI_FIFO,462.422118
8.450015,-1,18,9999.190000,15.279000,463.017404,460.865875,460.000000,762,-3.017404,PI,FIFO,true,PI_FIFO,463.017404
8.460015,-1,18,9999.710000,14.989000,460.562227,460.820328,460.000000,765,-0.562227,PI,FIFO,true,PI_FIFO,460.562227
8.470019,-1,18,10004.283000,19.272000,460.203366,460.727784,460.000000,766,-0.203366,PI,FIFO,true,PI_FIFO,460.203366
8.480019,-1,18,10000.098000,19.370000,456.821873,460.141897,460.000000,772,3.178127,PI,FIFO,true,PI_FIFO,456.821873
8.490019,-1,18,9999.469000,18.839000,454.886784,459.353630,460.000000,777,5.113216,PI,FIFO,true,PI_FIFO,454.886784
8.500035,-1,18,10016.654000,35.493000,456.730769,458.960201,460.000000,776,3.269231,PI,FIFO,true,PI_FIFO,456.730769
8.510020,-1,18,9984.876000,20.369000,458.310701,458.862776,460.000000,774,1.689299,PI,FIFO,true,PI_FIFO,458.310701
8.520019,-1,18,9998.191000,18.560000,463.890198,459.616889,460.000000,764,-3.890198,PI,FIFO,true,PI_FIFO,463.890198
8.530019,-1,18,10000.302000,18.862000,462.582237,460.061691,460.000000,765,-2.582237,PI,FIFO,true,PI_FIFO,462.582237
8.540019,-1,18,10000.079000,18.941000,460.562227,460.136772,460.000000,768,-0.562227,PI,FIFO,true,PI_FIFO,460.562227
8.550021,-1,18,10001.691000,20.632000,461.281631,460.308501,460.000000,766,-1.281631,PI,FIFO,true,PI_FIFO,461.281631
8.560019,-1,18,9998.043000,18.675000,458.140432,459.983290,460.000000,772,1.859568,PI,FIFO,true,PI_FIFO,458.140432
8.570024,-1,18,10005.320000,23.995000,461.368110,460.191013,460.000000,766,-1.368110,PI,FIFO,true,PI_FIFO,461.368110
8.580020,-1,18,9995.580000,19.575000,463.384495,460.670036,460.000000,761,-3.384495,PI,FIFO,true,PI_FIFO,463.384495
8.590019,-1,18,9999.543000,19.118000,460.634066,460.664640,460.000000,766,-0.634066,PI,FIFO,true,PI_FIFO,460.634066
8.600018,-1,18,9999.209000,18.327000,460.813763,460.687009,460.000000,765,-0.813763,PI,FIFO,true,PI_FIFO,460.813763
8.610018,-1,18,9999.784000,18.111000,455.940250,459.974995,460.000000,774,4.059750,PI,FIFO,true,PI_FIFO,455.940250
8.620032,-1,19,10014.357000,32.468000,454.361874,459.133027,460.000000,779,5.638126,PI,FIFO,true,PI_FIFO,454.361874
8.630043,-1,18,10010.043000,42.511000,456.496668,458.737573,460.000000,777,3.503332,PI,FIFO,true,PI_FIFO,456.496668
8.640023,-1,18,9980.450000,22.961000,459.130131,458.796457,460.000000,773,0.869869,PI,FIFO,true,PI_FIFO,459.130131
8.650018,-1,18,9994.857000,17.818000,464.593114,459.665955,460.000000,763,-4.593114,PI,FIFO,true,PI_FIFO,464.593114
8.660017,-1,18,9999.654000,17.472000,462.734452,460.126230,460.000000,765,-2.734452,PI,FIFO,true,PI_FIFO,462.734452
8.670014,-1,18,9996.673000,14.145000,460.271318,460.147993,460.000000,768,-0.271318,PI,FIFO,true,PI_FIFO,460.271318
8.680018,-1,18,10003.542000,17.687000,460.461690,460.195047,460.000000,768,-0.461690,PI,FIFO,true,PI_FIFO,460.461690
8.690016,-1,18,9998.784000,16.471000,459.558824,460.099614,460.000000,770,0.441176,PI,FIFO,true,PI_FIFO,459.558824
8.700025,-1,18,10008.431000,24.902000,461.463731,460.304231,460.000000,766,-1.463731,PI,FIFO,true,PI_FIFO,461.463731
8.710018,-1,18,9992.747000,17.649000,463.017404,460.711207,460.000000,762,-3.017404,PI,FIFO,true,PI_FIFO,463.017404
8.720014,-1,18,9995.857000,13.506000,460.310966,460.651171,460.000000,766,-0.310966,PI,FIFO,true,PI_FIFO,460.310966
8.730016,-1,18,10002.747000,16.253000,460.914454,460.690663,460.000000,765,-0.914454,PI,FIFO,true,PI_FIFO,460.914454
8.740015,-1,18,9998.931000,15.184000,455.940250,459.978101,460.000000,775,4.059750,PI,FIFO,true,PI_FIFO,455.940250
8.750019,-1,18,10003.765000,18.949000,455.588553,459.319669,460.000000,777,4.411447,PI,FIFO,true,PI_FIFO,455.588553
8.760019,-1,18,9999.580000,18.529000,456.363004,458.876169,460.000000,777,3.636996,PI,FIFO,true,PI_FIFO,456.363004
8.770034,-1,18,10015.672000,34.201000,458.848532,458.872024,460.000000,774,1.151468,PI,FIFO,true,PI_FIFO,458.848532
8.780024,-1,18,9990.247000,24.448000,464.350886,459.693853,460.000000,763,-4.350886,PI,FIFO,true,PI_FIFO,464.350886
8.790048,-1,18,10023.339000,47.787000,462.582237,460.127111,460.000000,765,-2.582237,PI,FIFO,true,PI_FIFO,462.582237
8.800038,-1,18,9990.228000,38.015000,459.321815,460.006316,460.000000,770,0.678185,PI,FIFO,true,PI_FIFO,459.321815
8.810023,-1,18,9984.746000,22.761000,460.461690,460.074622,460.000000,768,-0.461690,PI,FIFO,true,PI_FIFO,460.461690
8.820022,-1,18,9999.598000,22.359000,460.033574,460.068465,460.000000,769,-0.033574,PI,FIFO,true,PI_FIFO,460.033574
8.830019,-1,18,9996.932000,19.291000,462.364960,460.412939,460.000000,764,-2.364960,PI,FIFO,true,PI_FIFO,462.364960
8.840018,-1,18,9998.394000,17.685000,463.090011,460.814500,460.000000,762,-3.090011,PI,FIFO,true,PI_FIFO,463.090011
8.850024,-1,18,10006.098000,23.783000,460.203366,460.722830,460.000000,767,-0.203366,PI,FIFO,true,PI_FIFO,460.203366
8.860019,-1,18,9994.858000,18.641000,460.813763,460.736470,460.000000,765,-0.813763,PI,FIFO,true,PI_FIFO,460.813763
8.870017,-1,18,9998.691000,17.332000,456.871345,460.156701,460.000000,773,3.128655,PI,FIFO,true,PI_FIFO,456.871345
8.880027,-1,18,10009.357000,26.689000,455.795803,459.502567,460.000000,776,4.204197,PI,FIFO,true,PI_FIFO,455.795803
8.890019,-1,18,9992.302000,18.991000,455.760817,458.941304,460.000000,778,4.239183,PI,FIFO,true,PI_FIFO,455.760817
8.900032,-1,18,10013.080000,32.071000,456.496668,458.574609,460.000000,778,3.503332,PI,FIFO,true,PI_FIFO,456.496668
8.910035,-1,18,10003.061000,35.132000,465.205577,459.569254,460.000000,762,-5.205577,PI,FIFO,true,PI_FIFO,465.205577
8.920019,-1,18,9983.691000,18.823000,462.422118,459.997184,460.000000,766,-2.422118,PI,FIFO,true,PI_FIFO,462.422118
8.930022,-1,18,10003.635000,22.458000,460.914454,460.134774,460.000000,768,-0.914454,PI,FIFO,true,PI_FIFO,460.914454
8.940017,-1,18,9994.136000,16.594000,460.509307,460.190954,460.000000,768,-0.509307,PI,FIFO,true,PI_FIFO,460.509307
8.950022,-1,18,10005.839000,22.433000,459.333660,460.062360,460.000000,770,0.666340,PI,FIFO,true,PI_FIFO,459.333660
8.960015,-1,18,9992.505000,14.938000,463.625716,460.596863,460.000000,762,-3.625716,PI,FIFO,true,PI_FIFO,463.625716
8.970019,-1,18,10003.728000,18.666000,461.497890,460.732017,460.000000,765,-1.497890,PI,FIFO,true,PI_FIFO,461.497890
8.980015,-1,18,9996.524000,15.190000,461.317660,460.819864,460.000000,765,-1.317660,PI,FIFO,true,PI_FIFO,461.317660
8.990018,-1,18,10003.247000,18.437000,460.203366,460.727389,460.000000,766,-0.203366,PI,FIFO,true,PI_FIFO,460.203366
9.000015,-1,18,9997.024000,15.461000,456.574675,460.104482,460.000000,773,3.425325,PI,FIFO,true,PI_FIFO,456.574675
9.010019,-1,18,10003.228000,18.689000,454.676674,459.290311,460.000000,778,5.323326,PI,FIFO,true,PI_FIFO,454.676674
9.020015,-1,18,9996.357000,15.046000,456.871345,458.927466,460.000000,776,3.128655,PI,FIFO,true,PI_FIFO,456.871345
9.030027,-1,18,10012.025000,27.071000,456.496668,458.562846,460.000000,778,3.503332,PI,FIFO,true,PI_FIFO,456.496668
9.040020,-1,18,9993.227000,20.298000,464.338782,459.429237,460.000000,764,-4.338782,PI,FIFO,true,PI_FIFO,464.338782
9.050020,-1,18,9999.691000,19.989000,462.662338,459.914202,460.000000,766,-2.662338,PI,FIFO,true,PI_FIFO,462.662338
9.060016,-1,18,9995.821000,15.810000,461.497890,460.151755,460.000000,767,-1.497890,PI,FIFO,true,PI_FIFO,461.497890
9.070024,-1,18,10008.302000,24.112000,460.813763,460.251056,460.000000,768,-0.813763,PI,FIFO,true,PI_FIFO,460.813763
9.080019,-1,18,9995.061000,19.173000,459.130131,460.082917,460.000000,771,0.869869,PI,FIFO,true,PI_FIFO,459.130131
9.090019,-1,18,9999.765000,18.938000,462.902807,460.505901,460.000000,764,-2.902807,PI,FIFO,true,PI_FIFO,462.902807
9.100019,-1,18,10000.505000,19.443000,461.931018,460.719668,460.000000,764,-1.931018,PI,FIFO,true,PI_FIFO,461.931018
9.110033,-1,18,10014.006000,33.449000,462.835985,461.037116,460.000000,762,-2.835985,PI,FIFO,true,PI_FIFO,462.835985
9.120017,-1,18,9984.043000,17.492000,459.988318,460.879796,460.000000,766,0.011682,PI,FIFO,true,PI_FIFO,459.988318
9.130020,-1,18,10002.265000,19.757000,455.834684,460.123029,460.000000,774,4.165316,PI,FIFO,true,PI_FIFO,455.834684
9.140019,-1,18,9999.079000,18.836000,455.518279,459.432317,460.000000,777,4.481721,PI,FIFO,true,PI_FIFO,455.518279
9.150021,-1,18,10002.025000,20.861000,456.081081,458.929631,460.000000,778,3.918919,PI,FIFO,true,PI_FIFO,456.081081
9.160035,-1,18,10013.857000,34.718000,458.376222,458.846620,460.000000,775,1.623778,PI,FIFO,true,PI_FIFO,458.376222
9.170021,-1,18,9986.135000,20.853000,463.453390,459.537635,460.000000,765,-3.453390,PI,FIFO,true,PI_FIFO,463.453390
9.180019,-1,18,9998.395000,19.248000,462.902807,460.042411,460.000000,765,-2.902807,PI,FIFO,true,PI_FIFO,462.902807
9.190021,-1,18,10001.598000,20.846000,462.506167,460.411974,460.000000,765,-2.506167,PI,FIFO,true,PI_FIFO,462.506167
9.200016,-1,18,9995.080000,15.926000,460.986025,460.498082,460.000000,766,-0.986025,PI,FIFO,true,PI_FIFO,460.986025
9.210021,-1,18,10004.672000,20.598000,458.916084,460.260782,460.000000,770,1.083916,PI,FIFO,true,PI_FIFO,458.916084
9.220016,-1,18,9995.395000,15.993000,463.090011,460.685167,460.000000,762,-3.090011,PI,FIFO,true,PI_FIFO,463.090011
9.230020,-1,18,10003.894000,19.887000,461.497890,460.807075,460.000000,764,-1.497890,PI,FIFO,true,PI_FIFO,461.497890
9.240034,-1,18,10013.951000,33.838000,462.182148,461.013336,460.000000,762,-2.182148,PI,FIFO,true,PI_FIFO,462.182148
9.250036,-1,18,10002.635000,36.473000,459.558824,460.795159,460.000000,767,0.441176,PI,FIFO,true,PI_FIFO,459.558824
9.260023,-1,18,9986.561000,23.034000,456.151529,460.098615,460.000000,773,3.848471,PI,FIFO,true,PI_FIFO,456.151529
9.270021,-1,18,9997.931000,20.965000,455.097087,459.348386,460.000000,777,4.902913,PI,FIFO,true,PI_FIFO,455.097087
9.280024,-1,19,10002.710000,23.675000,454.886784,458.679145,460.000000,780,5.113216,PI,FIFO,true,PI_FIFO,454.886784
9.290021,-1,18,9997.302000,20.977000,457.904884,458.563006,460.000000,776,2.095116,PI,FIFO,true,PI_FIFO,457.904884
9.300021,-1,18,10000.209000,21.186000,463.890198,459.362085,460.000000,765,-3.890198,PI,FIFO,true,PI_FIFO,463.890198
9.310020,-1,18,9998.339000,19.525000,463.090011,459.921274,460.000000,765,-3.090011,PI,FIFO,true,PI_FIFO,463.090011
9.320018,-1,18,9998.654000,18.179000,461.065574,460.092919,460.000000,767,-1.065574,PI,FIFO,true,PI_FIFO,461.065574
9.330034,-1,18,10015.765000,33.944000,460.747543,460.191112,460.000000,768,-0.747543,PI,FIFO,true,PI_FIFO,460.747543
9.340032,-1,18,9998.413000,32.357000,458.140432,459.883510,460.000000,772,1.859568,PI,FIFO,true,PI_FIFO,458.140432
9.350026,-1,18,9994.006000,26.363000,463.890198,460.484514,460.000000,762,-3.890198,PI,FIFO,true,PI_FIFO,463.890198
9.360020,-1,18,9993.820000,20.183000,461.702955,460.667280,460.000000,765,-1.702955,PI,FIFO,true,PI_FIFO,461.702955
9.370018,-1,18,9998.043000,18.226000,463.191700,461.045943,460.000000,761,-3.191700,PI,FIFO,true,PI_FIFO,463.191700
9.380018,-1,18,9999.672000,17.898000,459.558824,460.822875,460.000000,767,0.441176,PI,FIFO,true,PI_FIFO,459.558824
9.390021,-1,18,10002.728000,20.626000,456.871345,460.230145,460.000000,772,3.128655,PI,FIFO,true,PI_FIFO,456.871345
9.400019,-1,18,9998.654000,19.280000,456.029186,459.600001,460.000000,775,3.970814,PI,FIFO,true,PI_FIFO,456.029186
9.410020,-1,18,10000.357000,19.637000,455.318116,458.957719,460.000000,778,4.681884,PI,FIFO,true,PI_FIFO,455.318116
9.420019,-1,18,9998.969000,18.606000,456.965110,458.658827,460.000000,777,3.034890,PI,FIFO,true,PI_FIFO,456.965110
9.430019,-1,18,10000.524000,19.130000,462.962963,459.304448,460.000000,766,-2.962963,PI,FIFO,true,PI_FIFO,462.962963
9.440019,-1,18,9999.913000,19.043000,463.625716,459.952638,460.000000,764,-3.625716,PI,FIFO,true,PI_FIFO,463.625716
9.450020,-1,18,10000.876000,19.919000,461.931018,460.249395,460.000000,766,-1.931018,PI,FIFO,true,PI_FIFO,461.931018
9.460026,-1,18,10005.709000,25.628000,460.562227,460.296320,460.000000,768,-0.562227,PI,FIFO,true,PI_FIFO,460.562227
9.470020,-1,18,9994.228000,19.856000,459.130131,460.121391,460.000000,770,0.869869,PI,FIFO,true,PI_FIFO,459.130131
9.480016,-1,18,9995.784000,15.640000,462.902807,460.538604,460.000000,763,-2.902807,PI,FIFO,true,PI_FIFO,462.902807
9.490019,-1,18,10003.413000,19.053000,461.368110,460.663030,460.000000,765,-1.368110,PI,FIFO,true,PI_FIFO,461.368110
9.500016,-1,18,9997.246000,16.299000,463.384495,461.071250,460.000000,760,-3.384495,PI,FIFO,true,PI_FIFO,463.384495
9.510017,-1,18,10000.987000,17.286000,460.203366,460.941067,460.000000,765,-0.203366,PI,FIFO,true,PI_FIFO,460.203366
9.520017,-1,18,10000.099000,17.385000,454.851752,460.027670,460.000000,776,5.148248,PI,FIFO,true,PI_FIFO,454.851752
9.530020,-1,18,10002.524000,19.909000,456.363004,459.477970,460.000000,775,3.636996,PI,FIFO,true,PI_FIFO,456.363004
9.540016,-1,18,9996.154000,16.063000,455.342688,458.857678,460.000000,778,4.657312,PI,FIFO,true,PI_FIFO,455.342688
9.550019,-1,18,10002.468000,18.531000,458.275140,458.770297,460.000000,775,1.724860,PI,FIFO,true,PI_FIFO,458.275140
9.560015,-1,18,9996.376000,14.907000,463.853766,459.532817,460.000000,764,-3.853766,PI,FIFO,true,PI_FIFO,463.853766
9.570026,-1,18,10011.024000,25.931000,463.453390,460.120903,460.000000,763,-3.453390,PI,FIFO,true,PI_FIFO,463.453390
9.580020,-1,18,9994.154000,20.085000,461.822660,460.376167,460.000000,765,-1.822660,PI,FIFO,true,PI_FIFO,461.822660
9.590032,-1,18,10012.191000,32.276000,460.914454,460.456910,460.000000,766,-0.914454,PI,FIFO,true,PI_FIFO,460.914454
9.600023,-1,18,9990.265000,22.541000,458.376222,460.144807,460.000000,771,1.623778,PI,FIFO,true,PI_FIFO,458.376222
9.610025,-1,18,10002.950000,25.491000,462.506167,460.499011,460.000000,763,-2.506167,PI,FIFO,true,PI_FIFO,462.506167
9.620020,-1,18,9994.098000,19.589000,461.942427,460.715523,460.000000,764,-1.942427,PI,FIFO,true,PI_FIFO,461.942427
9.630023,-1,18,10003.562000,23.151000,461.497890,460.832878,460.000000,764,-1.497890,PI,FIFO,true,PI_FIFO,461.497890
9.640033,-1,18,10009.394000,32.545000,460.059978,460.716943,460.000000,766,-0.059978,PI,FIFO,true,PI_FIFO,460.059978
9.650022,-1,18,9989.932000,22.477000,456.204380,460.040059,460.000000,773,3.795620,PI,FIFO,true,PI_FIFO,456.204380
9.660019,-1,18,9996.894000,19.371000,456.730769,459.543665,460.000000,774,3.269231,PI,FIFO,true,PI_FIFO,456.730769
9.670022,-1,19,10002.765000,22.136000,454.435288,458.777409,460.000000,780,5.564712,PI,FIFO,true,PI_FIFO,454.435288
9.680019,-1,18,9997.209000,19.345000,457.904884,458.646530,460.000000,775,2.095116,PI,FIFO,true,PI_FIFO,457.904884
9.690022,-1,18,10002.228000,21.573000,462.147887,459.171734,460.000000,768,-2.147887,PI,FIFO,true,PI_FIFO,462.147887
9.700029,-1,18,10007.488000,29.061000,462.835985,459.721371,460.000000,765,-2.835985,PI,FIFO,true,PI_FIFO,462.835985
9.710024,-1,18,9994.524000,23.585000,462.582237,460.150501,460.000000,765,-2.582237,PI,FIFO,true,PI_FIFO,462.582237
9.720019,-1,18,9995.672000,19.257000,460.509307,460.204322,460.000000,768,-0.509307,PI,FIFO,true,PI_FIFO,460.509307
9.730022,-1,18,10002.857000,22.114000,458.883994,460.006273,460.000000,771,1.116006,PI,FIFO,true,PI_FIFO,458.883994
9.740016,-1,18,9993.562000,15.676000,462.662338,460.404683,460.000000,764,-2.662338,PI,FIFO,true,PI_FIFO,462.662338
9.750022,-1,18,10006.061000,21.737000,461.931018,460.633633,460.000000,764,-1.931018,PI,FIFO,true,PI_FIFO,461.931018
9.760022,-1,18,10000.431000,22.168000,463.090011,461.002090,460.000000,761,-3.090011,PI,FIFO,true,PI_FIFO,463.090011
9.770024,-1,18,10001.617000,23.785000,460.634066,460.946886,460.000000,765,-0.634066,PI,FIFO,true,PI_FIFO,460.634066
9.780016,-1,18,9992.506000,16.291000,455.342688,460.106256,460.000000,775,4.657312,PI,FIFO,true,PI_FIFO,455.342688
9.790022,-1,18,10005.709000,22.000000,456.786543,459.608299,460.000000,774,3.213457,PI,FIFO,true,PI_FIFO,456.786543
9.800019,-1,19,9997.395000,19.395000,454.851752,458.894817,460.000000,779,5.148248,PI,FIFO,true,PI_FIFO,454.851752
9.810022,-1,18,10002.431000,21.826000,457.635983,458.705992,460.000000,776,2.364017,PI,FIFO,true,PI_FIFO,457.635983
9.820015,-1,18,9993.673000,15.499000,463.191700,459.378848,460.000000,766,-3.191700,PI,FIFO,true,PI_FIFO,463.191700
9.830022,-1,18,10006.320000,21.819000,462.422118,459.835339,460.000000,766,-2.422118,PI,FIFO,true,PI_FIFO,462.422118
9.840019,-1,18,9997.265000,19.084000,462.799718,460.279996,460.000000,764,-2.799718,PI,FIFO,true,PI_FIFO,462.799718
9.850021,-1,18,10002.321000,21.405000,460.310966,460.284641,460.000000,768,-0.310966,PI,FIFO,true,PI_FIFO,460.310966
9.860019,-1,18,9997.376000,18.781000,459.558824,460.175769,460.000000,769,0.441176,PI,FIFO,true,PI_FIFO,459.558824
9.870022,-1,18,10002.894000,21.675000,461.317660,460.347052,460.000000,766,-1.317660,PI,FIFO,true,PI_FIFO,461.317660
9.880019,-1,18,9996.987000,18.662000,462.582237,460.682330,460.000000,763,-2.582237,PI,FIFO,true,PI_FIFO,462.582237
9.890023,-1,18,10004.117000,22.779000,462.182148,460.907303,460.000000,763,-2.182148,PI,FIFO,true,PI_FIFO,462.182148
9.900027,-1,18,10004.080000,26.859000,460.849719,460.898665,460.000000,764,-0.849719,PI,FIFO,true,PI_FIFO,460.849719
9.910021,-1,18,9994.191000,21.050000,455.097087,460.028428,460.000000,775,4.902913,PI,FIFO,true,PI_FIFO,455.097087
9.920018,-1,18,9996.524000,17.574000,457.317073,459.621725,460.000000,773,2.682927,PI,FIFO,true,PI_FIFO,457.317073
9.930018,-1,19,10000.672000,18.246000,453.706062,458.734376,460.000000,781,6.293938,PI,FIFO,true,PI_FIFO,453.706062
9.940017,-1,18,9999.117000,17.363000,457.317073,458.521780,460.000000,777,2.682927,PI,FIFO,true,PI_FIFO,457.317073
9.950018,-1,18,10000.154000,17.517000,462.182148,459.070836,460.000000,768,-2.182148,PI,FIFO,true,PI_FIFO,462.182148
9.960019,-1,18,10001.653000,19.170000,462.147887,459.532393,460.000000,767,-2.147887,PI,FIFO,true,PI_FIFO,462.147887
9.970022,-1,18,10002.895000,22.065000,462.582237,459.989870,460.000000,766,-2.582237,PI,FIFO,true,PI_FIFO,462.582237
9.980032,-1,18,10009.932000,31.997000,459.344377,459.893046,460.000000,771,0.655623,PI,FIFO,true,PI_FIFO,459.344377
9.990030,-1,18,9998.468000,30.465000,459.085052,459.771847,460.000000,772,0.914948,PI,FIFO,true,PI_FIFO,459.085052
10.000031,-1,18,10000.599000,31.064000,461.224754,459.989783,460.000000,768,-1.224754,PI,FIFO,true,PI_FIFO,461.224754
10.010022,-1,18,9991.357000,22.421000,461.931018,460.280968,460.000000,766,-1.931018,PI,FIFO,true,PI_FIFO,461.931018
10.020020,-1,18,9997.969000,20.390000,463.625716,460.782680,460.000000,762,-3.625716,PI,FIFO,true,PI_FIFO,463.625716
10.030024,-1,18,10003.172000,23.562000,461.141171,460.836454,460.000000,765,-1.141171,PI,FIFO,true,PI_FIFO,461.141171
10.040020,-1,18,9996.580000,20.142000,456.262807,460.150407,460.000000,775,3.737193,PI,FIFO,true,PI_FIFO,456.262807
10.050023,-1,18,10003.061000,23.203000,456.871345,459.658548,460.000000,775,3.128655,PI,FIFO,true,PI_FIFO,456.871345
10.060019,-1,19,9996.265000,19.468000,454.606681,458.900768,460.000000,781,5.393319,PI,FIFO,true,PI_FIFO,454.606681
10.070024,-1,18,10004.431000,23.899000,458.275140,458.806923,460.000000,776,1.724860,PI,FIFO,true,PI_FIFO,458.275140
10.080020,-1,18,9996.062000,19.961000,462.182148,459.313207,460.000000,769,-2.182148,PI,FIFO,true,PI_FIFO,462.182148
10.090022,-1,18,10002.376000,22.337000,462.506167,459.792151,460.000000,767,-2.506167,PI,FIFO,true,PI_FIFO,462.506167
10.100028,-1,18,10005.487000,27.824000,463.384495,460.331003,460.000000,764,-3.384495,PI,FIFO,true,PI_FIFO,463.384495
10.110029,-1,18,10000.783000,28.607000,459.773470,460.247373,460.000000,770,0.226530,PI,FIFO,true,PI_FIFO,459.773470
10.120025,-1,18,9996.710000,25.317000,460.813763,460.332331,460.000000,768,-0.813763,PI,FIFO,true,PI_FIFO,460.813763
10.130024,-1,18,9998.579000,23.896000,460.634066,460.377592,460.000000,768,-0.634066,PI,FIFO,true,PI_FIFO,460.634066
10.140020,-1,18,9995.802000,19.698000,461.224754,460.504666,460.000000,767,-1.224754,PI,FIFO,true,PI_FIFO,461.224754
10.150023,-1,18,10003.728000,23.426000,463.235294,460.914260,460.000000,762,-3.235294,PI,FIFO,true,PI_FIFO,463.235294
10.160021,-1,18,9997.376000,20.802000,461.822660,461.050520,460.000000,764,-1.822660,PI,FIFO,true,PI_FIFO,461.822660
10.170022,-1,18,10001.098000,21.900000,457.635983,460.538340,460.000000,771,2.364017,PI,FIFO,true,PI_FIFO,457.635983
10.180018,-1,18,9996.358000,18.258000,456.081081,459.869751,460.000000,775,3.918919,PI,FIFO,true,PI_FIFO,456.081081
10.190022,-1,19,10003.709000,21.967000,455.097087,459.153851,460.000000,779,4.902913,PI,FIFO,true,PI_FIFO,455.097087
10.200016,-1,18,9994.228000,16.195000,457.565076,458.915535,460.000000,776,2.434924,PI,FIFO,true,PI_FIFO,457.565076
10.210021,-1,18,10005.191000,21.386000,461.714353,459.335358,460.000000,769,-1.714353,PI,FIFO,true,PI_FIFO,461.714353
10.220016,-1,18,9994.357000,15.743000,462.835985,459.860452,460.000000,766,-2.835985,PI,FIFO,true,PI_FIFO,462.835985
10.230022,-1,18,10006.432000,22.175000,463.235294,460.366678,460.000000,764,-3.235294,PI,FIFO,true,PI_FIFO,463.235294
10.240034,-1,18,10012.284000,34.459000,458.883994,460.144275,460.000000,771,1.116006,PI,FIFO,true,PI_FIFO,458.883994
10.250034,-1,18,9999.227000,33.686000,459.085052,459.985392,460.000000,771,0.914948,PI,FIFO,true,PI_FIFO,459.085052
10.260021,-1,18,9987.765000,21.451000,461.595273,460.226874,460.000000,767,-1.595273,PI,FIFO,true,PI_FIFO,461.595273
10.270023,-1,18,10001.061000,22.512000,461.497890,460.417527,460.000000,766,-1.497890,PI,FIFO,true,PI_FIFO,461.497890
10.280019,-1,18,9996.821000,19.333000,464.108911,460.971234,460.000000,760,-4.108911,PI,FIFO,true,PI_FIFO,464.108911
10.290023,-1,18,10003.487000,22.820000,460.009814,460.827021,460.000000,767,-0.009814,PI,FIFO,true,PI_FIFO,460.009814
10.300026,-1,18,10003.172000,25.992000,456.029186,460.107346,460.000000,775,3.970814,PI,FIFO,true,PI_FIFO,456.029186
10.310027,-1,18,10001.284000,27.276000,455.329755,459.390707,460.000000,778,4.670245,PI,FIFO,true,PI_FIFO,455.329755
10.320020,-1,19,9992.394000,19.670000,455.097087,458.746664,460.000000,780,4.902913,PI,FIFO,true,PI_FIFO,455.097087
10.330023,-1,18,10002.895000,22.565000,457.635983,458.580062,460.000000,777,2.364017,PI,FIFO,true,PI_FIFO,457.635983
10.340020,-1,18,9997.339000,19.904000,461.702955,459.048496,460.000000,770,-1.702955,PI,FIFO,true,PI_FIFO,461.702955
10.350022,-1,18,10001.802000,21.706000,462.278107,459.532938,460.000000,768,-2.278107,PI,FIFO,true,PI_FIFO,462.278107
10.360019,-1,18,9997.561000,19.267000,463.384495,460.110671,460.000000,765,-3.384495,PI,FIFO,true,PI_FIFO,463.384495
10.370021,-1,18,10001.580000,20.847000,459.988318,460.092318,460.000000,770,0.011682,PI,FIFO,true,PI_FIFO,459.988318
10.380019,-1,18,9998.302000,19.149000,459.809264,460.049860,460.000000,771,0.190736,PI,FIFO,true,PI_FIFO,459.809264
10.390022,-1,18,10002.728000,21.877000,461.497890,460.267065,460.000000,767,-1.497890,PI,FIFO,true,PI_FIFO,461.497890
10.400019,-1,18,9997.005000,18.882000,460.986025,460.374909,460.000000,768,-0.986025,PI,FIFO,true,PI_FIFO,460.986025
10.410022,-1,18,10002.636000,21.518000,464.799207,461.038553,460.000000,760,-4.799207,PI,FIFO,true,PI_FIFO,464.799207
10.420019,-1,18,9997.098000,18.616000,459.796076,460.852182,460.000000,768,0.203924,PI,FIFO,true,PI_FIFO,459.796076
10.430024,-1,18,10005.543000,24.159000,457.635983,460.369752,460.000000,772,2.364017,PI,FIFO,true,PI_FIFO,457.635983
10.440019,-1,18,9995.301000,19.460000,455.834684,459.689492,460.000000,777,4.165316,PI,FIFO,true,PI_FIFO,455.834684
10.450018,-1,19,9998.339000,17.799000,454.655674,458.934419,460.000000,781,5.344326,PI,FIFO,true,PI_FIFO,454.655674
10.460017,-1,18,9999.599000,17.398000,458.612255,458.886095,460.000000,775,1.387745,PI,FIFO,true,PI_FIFO,458.612255
10.470017,-1,18,9999.283000,16.681000,461.281631,459.245425,460.000000,770,-1.281631,PI,FIFO,true,PI_FIFO,461.281631
10.480017,-1,18,10000.376000,17.057000,463.853766,459.936676,460.000000,765,-3.853766,PI,FIFO,true,PI_FIFO,463.853766
10.490018,-1,18,10000.561000,17.618000,462.147887,460.268358,460.000000,767,-2.147887,PI,FIFO,true,PI_FIFO,462.147887
10.500033,-1,18,10015.636000,33.254000,460.271318,460.268802,460.000000,769,-0.271318,PI,FIFO,true,PI_FIFO,460.271318
10.510026,-1,18,9992.394000,25.648000,459.796076,460.197893,460.000000,770,0.203924,PI,FIFO,true,PI_FIFO,459.796076
10.520020,-1,18,9994.024000,19.672000,461.368110,460.373426,460.000000,767,-1.368110,PI,FIFO,true,PI_FIFO,461.368110
10.530022,-1,18,10002.802000,22.474000,461.065574,460.477248,460.000000,767,-1.065574,PI,FIFO,true,PI_FIFO,461.065574
10.540020,-1,18,9997.228000,19.702000,464.350886,461.058294,460.000000,760,-4.350886,PI,FIFO,true,PI_FIFO,464.350886
10.550021,-1,18,10001.784000,21.486000,459.784208,460.867181,460.000000,767,0.215792,PI,FIFO,true,PI_FIFO,459.784208
10.560019,-1,18,9997.635000,19.121000,458.140432,460.458168,460.000000,771,1.859568,PI,FIFO,true,PI_FIFO,458.140432
10.570024,-1,18,10005.024000,24.145000,455.760817,459.753566,460.000000,776,4.239183,PI,FIFO,true,PI_FIFO,455.760817
10.580020,-1,19,9995.839000,19.984000,453.937309,458.881127,460.000000,782,6.062691,PI,FIFO,true,PI_FIFO,453.937309
10.590023,-1,18,10002.950000,22.934000,459.108717,458.915266,460.000000,774,0.891283,PI,FIFO,true,PI_FIFO,459.108717
10.600020,-1,18,9996.617000,19.551000,459.796076,459.047387,460.000000,773,0.203924,PI,FIFO,true,PI_FIFO,459.796076
10.610024,-1,18,10004.098000,23.649000,463.890198,459.773809,460.000000,765,-3.890198,PI,FIFO,true,PI_FIFO,463.890198
10.620020,-1,18,9996.654000,20.303000,463.853766,460.385802,460.000000,763,-3.853766,PI,FIFO,true,PI_FIFO,463.853766
10.630022,-1,18,10002.006000,22.309000,461.065574,460.487768,460.000000,767,-1.065574,PI,FIFO,true,PI_FIFO,461.065574
10.640019,-1,18,9997.024000,19.333000,459.058760,460.273417,460.000000,771,0.941240,PI,FIFO,true,PI_FIFO,459.058760
10.650022,-1,18,10002.820000,22.153000,461.281631,460.424649,460.000000,767,-1.281631,PI,FIFO,true,PI_FIFO,461.281631
10.660021,-1,18,9999.099000,21.252000,460.509307,460.437348,460.000000,768,-0.509307,PI,FIFO,true,PI_FIFO,460.509307
10.670021,-1,18,9999.487000,20.739000,464.546956,461.053789,460.000000,760,-4.546956,PI,FIFO,true,PI_FIFO,464.546956
10.680019,-1,18,9998.320000,19.059000,459.809264,460.867110,460.000000,767,0.190736,PI,FIFO,true,PI_FIFO,459.809264
10.690022,-1,18,10003.172000,22.231000,457.635983,460.382441,460.000000,772,2.364017,PI,FIFO,true,PI_FIFO,457.635983
10.700027,-1,18,10004.932000,27.163000,456.327745,459.774237,460.000000,775,3.672255,PI,FIFO,true,PI_FIFO,456.327745
10.710022,-1,19,9995.043000,22.206000,453.336557,458.808585,460.000000,782,6.663443,PI,FIFO,true,PI_FIFO,453.336557
10.720019,-1,18,9997.191000,19.397000,459.558824,458.921121,460.000000,773,0.441176,PI,FIFO,true,PI_FIFO,459.558824
10.730036,-1,18,10016.672000,36.069000,460.634066,459.178062,460.000000,771,-0.634066,PI,FIFO,true,PI_FIFO,460.634066
10.740036,-1,18,10000.191000,36.260000,463.384495,459.809027,460.000000,765,-3.384495,PI,FIFO,true,PI_FIFO,463.384495
10.750037,-1,18,10000.617000,36.877000,463.143526,460.309202,460.000000,764,-3.143526,PI,FIFO,true,PI_FIFO,463.143526
10.760017,-1,18,9980.431000,17.308000,460.634066,460.357932,460.000000,768,-0.634066,PI,FIFO,true,PI_FIFO,460.634066
10.770024,-1,18,10006.839000,24.147000,460.813763,460.426306,460.000000,767,-0.813763,PI,FIFO,true,PI_FIFO,460.813763
10.780023,-1,18,9998.654000,22.801000,460.203366,460.392865,460.000000,768,-0.203366,PI,FIFO,true,PI_FIFO,460.203366
10.790031,-1,18,10007.709000,30.510000,460.509307,460.410332,460.000000,768,-0.509307,PI,FIFO,true,PI_FIFO,460.509307
10.800020,-1,18,9989.191000,19.701000,463.420662,460.861881,460.000000,762,-3.420662,PI,FIFO,true,PI_FIFO,463.420662
10.810023,-1,18,10003.469000,23.170000,460.509307,460.808995,460.000000,766,-0.509307,PI,FIFO,true,PI_FIFO,460.509307
10.820016,-1,18,9992.450000,15.620000,458.275140,460.428917,460.000000,770,1.724860,PI,FIFO,true,PI_FIFO,458.275140
10.830023,-1,18,10007.802000,23.422000,456.574675,459.850781,460.000000,774,3.425325,PI,FIFO,true,PI_FIFO,456.574675
10.840020,-1,19,9996.598000,20.020000,453.555878,458.906545,460.000000,782,6.444122,PI,FIFO,true,PI_FIFO,453.555878
10.850021,-1,18,10001.376000,21.396000,458.376222,458.826997,460.000000,775,1.623778,PI,FIFO,true,PI_FIFO,458.376222
10.860019,-1,18,9997.728000,19.124000,459.773470,458.968968,460.000000,773,0.226530,PI,FIFO,true,PI_FIFO,459.773470
10.870023,-1,18,10003.506000,22.630000,464.338782,459.774440,460.000000,764,-4.338782,PI,FIFO,true,PI_FIFO,464.338782
10.880020,-1,18,9996.876000,19.506000,463.143526,460.279803,460.000000,764,-3.143526,PI,FIFO,true,PI_FIFO,463.143526
10.890031,-1,18,10011.709000,31.215000,460.418616,460.300625,460.000000,768,-0.418616,PI,FIFO,true,PI_FIFO,460.418616
10.900028,-1,18,9996.487000,27.702000,459.308655,460.151829,460.000000,770,0.691345,PI,FIFO,true,PI_FIFO,459.308655
10.910024,-1,18,9996.765000,24.467000,460.849719,460.256513,460.000000,768,-0.849719,PI,FIFO,true,PI_FIFO,460.849719
10.920020,-1,18,9995.080000,19.547000,460.813763,460.340100,460.000000,767,-0.813763,PI,FIFO,true,PI_FIFO,460.813763
10.930025,-1,18,10004.968000,24.515000,462.662338,460.688436,460.000000,763,-2.662338,PI,FIFO,true,PI_FIFO,462.662338
10.940018,-1,18,9993.339000,17.854000,461.714353,460.842323,460.000000,764,-1.714353,PI,FIFO,true,PI_FIFO,461.714353
10.950020,-1,18,10002.376000,20.230000,457.987298,460.414070,460.000000,771,2.012702,PI,FIFO,true,PI_FIFO,457.987298
10.960018,-1,18,9997.562000,17.792000,456.496668,459.826459,460.000000,775,3.503332,PI,FIFO,true,PI_FIFO,456.496668
10.970018,-1,19,10000.320000,18.112000,453.775411,458.918802,460.000000,781,6.224589,PI,FIFO,true,PI_FIFO,453.775411
10.980017,-1,18,9998.876000,16.988000,458.612255,458.872820,460.000000,774,1.387745,PI,FIFO,true,PI_FIFO,458.612255
10.990028,-1,18,10011.080000,28.068000,459.558824,458.975721,460.000000,773,0.441176,PI,FIFO,true,PI_FIFO,459.558824
11.000018,-1,18,9990.265000,18.333000,463.235294,459.614657,460.000000,766,-3.235294,PI,FIFO,true,PI_FIFO,463.235294
11.010018,-1,18,9999.616000,17.949000,463.344316,460.174106,460.000000,765,-3.344316,PI,FIFO,true,PI_FIFO,463.344316
11.020017,-1,18,9999.488000,17.437000,459.344377,460.049646,460.000000,771,0.655623,PI,FIFO,true,PI_FIFO,459.344377
11.030018,-1,18,10000.209000,17.646000,462.182148,460.369522,460.000000,766,-2.182148,PI,FIFO,true,PI_FIFO,462.182148
11.040017,-1,18,9999.394000,17.040000,459.558824,460.247917,460.000000,770,0.441176,PI,FIFO,true,PI_FIFO,459.558824
11.050025,-1,18,10007.636000,24.676000,461.702955,460.466173,460.000000,766,-1.702955,PI,FIFO,true,PI_FIFO,461.702955
11.060019,-1,18,9994.524000,19.200000,462.582237,460.783582,460.000000,763,-2.582237,PI,FIFO,true,PI_FIFO,462.582237
11.070024,-1,18,10004.746000,23.946000,461.317660,460.863694,460.000000,765,-1.317660,PI,FIFO,true,PI_FIFO,461.317660
11.080020,-1,18,9995.710000,19.656000,458.275140,460.475411,460.000000,770,1.724860,PI,FIFO,true,PI_FIFO,458.275140
11.090025,-1,18,10004.950000,24.606000,456.574675,459.890300,460.000000,774,3.425325,PI,FIFO,true,PI_FIFO,456.574675
11.100027,-1,19,10002.709000,27.315000,453.420083,458.919768,460.000000,782,6.579917,PI,FIFO,true,PI_FIFO,453.420083
11.110029,-1,18,10001.821000,29.136000,458.310701,458.828408,460.000000,775,1.689299,PI,FIFO,true,PI_FIFO,458.310701
11.120020,-1,18,9991.283000,20.419000,459.558824,458.937970,460.000000,773,0.441176,PI,FIFO,true,PI_FIFO,459.558824
11.130025,-1,18,10004.247000,24.666000,463.625716,459.641132,460.000000,766,-3.625716,PI,FIFO,true,PI_FIFO,463.625716
11.140017,-1,18,9992.042000,16.708000,463.235294,460.180256,460.000000,765,-3.235294,PI,FIFO,true,PI_FIFO,463.235294
11.150024,-1,18,10007.543000,24.251000,459.308655,460.049516,460.000000,771,0.691345,PI,FIFO,true,PI_FIFO,459.308655
11.160026,-1,18,10001.394000,25.645000,461.931018,460.331741,460.000000,766,-1.931018,PI,FIFO,true,PI_FIFO,461.931018
11.170025,-1,18,9999.358000,25.003000,459.809264,460.253370,460.000000,770,0.190736,PI,FIFO,true,PI_FIFO,459.809264
11.180021,-1,18,9995.876000,20.879000,461.931018,460.505017,460.000000,766,-1.931018,PI,FIFO,true,PI_FIFO,461.931018
11.190023,-1,18,10001.802000,22.681000,462.182148,460.756587,460.000000,764,-2.182148,PI,FIFO,true,PI_FIFO,462.182148
11.200020,-1,18,9997.228000,19.909000,461.368110,460.848315,460.000000,765,-1.368110,PI,FIFO,true,PI_FIFO,461.368110
11.210023,-1,18,10002.765000,22.674000,459.796076,460.690480,460.000000,768,0.203924,PI,FIFO,true,PI_FIFO,459.796076
11.220019,-1,18,9996.746000,19.420000,455.982490,459.984281,460.000000,775,4.017510,PI,FIFO,true,PI_FIFO,455.982490
11.230027,-1,19,10007.098000,26.518000,453.937309,459.077235,460.000000,781,6.062691,PI,FIFO,true,PI_FIFO,453.937309
11.240033,-1,18,10006.062000,32.580000,457.423327,458.829149,460.000000,777,2.576673,PI,FIFO,true,PI_FIFO,457.423327
11.250027,-1,18,9993.968000,26.548000,458.809135,458.826147,460.000000,775,1.190865,PI,FIFO,true,PI_FIFO,458.809135
11.260018,-1,18,9991.135000,17.683000,463.671691,459.552979,460.000000,766,-3.671691,PI,FIFO,true,PI_FIFO,463.671691
11.270019,-1,18,10000.821000,18.504000,464.593114,460.308999,460.000000,762,-4.593114,PI,FIFO,true,PI_FIFO,464.593114
11.280017,-1,18,9998.617000,17.121000,459.558824,460.196473,460.000000,770,0.441176,PI,FIFO,true,PI_FIFO,459.558824
11.290019,-1,18,10001.616000,18.737000,461.570022,460.402505,460.000000,767,-1.570022,PI,FIFO,true,PI_FIFO,461.570022
11.300029,-1,18,10010.265000,29.002000,460.203366,460.372634,460.000000,769,-0.203366,PI,FIFO,true,PI_FIFO,460.203366
11.310027,-1,18,9997.988000,26.990000,461.702955,460.572182,460.000000,766,-1.702955,PI,FIFO,true,PI_FIFO,461.702955
11.320020,-1,18,9992.838000,19.828000,461.595273,460.725646,460.000000,765,-1.595273,PI,FIFO,true,PI_FIFO,461.595273
11.330024,-1,18,10003.969000,23.797000,461.463731,460.836359,460.000000,765,-1.463731,PI,FIFO,true,PI_FIFO,461.463731
11.340019,-1,18,9995.617000,19.414000,459.344377,460.612561,460.000000,768,0.655623,PI,FIFO,true,PI_FIFO,459.344377
11.350021,-1,18,10002.024000,21.438000,456.327745,459.969839,460.000000,775,3.672255,PI,FIFO,true,PI_FIFO,456.327745
11.360025,-1,19,10003.284000,24.722000,453.995157,459.073637,460.000000,781,6.004843,PI,FIFO,true,PI_FIFO,453.995157
11.370024,-1,18,9999.079000,23.801000,457.434515,458.827768,460.000000,776,2.565485,PI,FIFO,true,PI_FIFO,457.434515
11.380020,-1,18,9996.265000,20.066000,459.988318,459.001851,460.000000,772,0.011682,PI,FIFO,true,PI_FIFO,459.988318
11.390021,-1,18,10001.209000,21.275000,464.108911,459.767910,460.000000,764,-4.108911,PI,FIFO,true,PI_FIFO,464.108911
11.400019,-1,18,9997.358000,18.633000,462.582237,460.190059,460.000000,766,-2.582237,PI,FIFO,true,PI_FIFO,462.582237
11.410022,-1,18,10003.395000,22.028000,459.796076,460.130961,460.000000,770,0.203924,PI,FIFO,true,PI_FIFO,459.796076
11.420019,-1,18,9997.172000,19.200000,462.278107,460.453033,460.000000,765,-2.278107,PI,FIFO,true,PI_FIFO,462.278107
11.430025,-1,18,10005.746000,24.946000,459.796076,460.354490,460.000000,769,0.203924,PI,FIFO,true,PI_FIFO,459.796076
11.440032,-1,18,10006.988000,31.934000,461.714353,460.558469,460.000000,765,-1.714353,PI,FIFO,true,PI_FIFO,461.714353
11.450033,-1,18,10001.042000,32.976000,462.182148,460.802021,460.000000,764,-2.182148,PI,FIFO,true,PI_FIFO,462.182148
11.460021,-1,18,9987.950000,20.926000,460.509307,460.758114,460.000000,766,-0.509307,PI,FIFO,true,PI_FIFO,460.509307
11.470019,-1,18,9998.339000,19.265000,460.461690,460.713650,460.000000,766,-0.461690,PI,FIFO,true,PI_FIFO,460.461690
11.480015,-1,18,9995.821000,15.086000,456.029186,460.010981,460.000000,775,3.970814,PI,FIFO,true,PI_FIFO,456.029186
11.490019,-1,19,10004.024000,19.110000,454.435288,459.174627,460.000000,779,5.564712,PI,FIFO,true,PI_FIFO,454.435288
11.500027,-1,18,10008.061000,27.171000,456.730769,458.808048,460.000000,777,3.269231,PI,FIFO,true,PI_FIFO,456.730769
11.510020,-1,18,9993.043000,20.214000,458.883994,458.819440,460.000000,774,1.116006,PI,FIFO,true,PI_FIFO,458.883994
11.520016,-1,18,9995.339000,15.553000,464.108911,459.612861,460.000000,764,-4.108911,PI,FIFO,true,PI_FIFO,464.108911
11.530019,-1,18,10003.079000,18.632000,462.364960,460.025676,460.000000,766,-2.364960,PI,FIFO,true,PI_FIFO,462.364960
11.540015,-1,18,9996.599000,15.231000,460.310966,460.068469,460.000000,769,-0.310966,PI,FIFO,true,PI_FIFO,460.310966
11.550019,-1,18,10003.524000,18.755000,461.065574,460.218035,460.000000,768,-1.065574,PI,FIFO,true,PI_FIFO,461.065574
11.560015,-1,18,9996.357000,15.112000,459.558824,460.119153,460.000000,770,0.441176,PI,FIFO,true,PI_FIFO,459.558824
11.570024,-1,18,10008.673000,23.785000,462.278107,460.442996,460.000000,765,-2.278107,PI,FIFO,true,PI_FIFO,462.278107
11.580016,-1,18,9991.950000,15.735000,462.902807,460.811968,460.000000,763,-2.902807,PI,FIFO,true,PI_FIFO,462.902807
11.590019,-1,18,10003.302000,19.037000,461.714353,460.947325,460.000000,764,-1.714353,PI,FIFO,true,PI_FIFO,461.714353
11.600016,-1,18,9996.524000,15.561000,460.562227,460.889561,460.000000,766,-0.562227,PI,FIFO,true,PI_FIFO,460.562227
11.610019,-1,18,10003.006000,18.567000,455.518279,460.083868,460.000000,775,4.481721,PI,FIFO,true,PI_FIFO,455.518279
11.620016,-1,18,9997.209000,15.776000,455.342688,459.372691,460.000000,778,4.657312,PI,FIFO,true,PI_FIFO,455.342688
11.630018,-1,18,10002.617000,18.393000,456.786543,458.984769,460.000000,777,3.213457,PI,FIFO,true,PI_FIFO,456.786543
11.640015,-1,18,9996.820000,15.213000,458.809135,458.958424,460.000000,774,1.190865,PI,FIFO,true,PI_FIFO,458.809135
11.650018,-1,18,10003.284000,18.497000,464.766289,459.829604,460.000000,763,-4.766289,PI,FIFO,true,PI_FIFO,464.766289
11.660015,-1,18,9996.376000,14.873000,462.182148,460.182485,460.000000,766,-2.182148,PI,FIFO,true,PI_FIFO,462.182148
11.670018,-1,18,10003.302000,18.175000,461.065574,460.314949,460.000000,767,-1.065574,PI,FIFO,true,PI_FIFO,461.065574
11.680015,-1,18,9997.172000,15.347000,461.065574,460.427542,460.000000,767,-1.065574,PI,FIFO,true,PI_FIFO,461.065574
11.690038,-1,18,10022.413000,37.760000,460.418616,460.426203,460.000000,767,-0.418616,PI,FIFO,true,PI_FIFO,460.418616
11.700027,-1,18,9989.580000,27.340000,461.224754,460.545986,460.000000,766,-1.224754,PI,FIFO,true,PI_FIFO,461.224754
11.710021,-1,18,9993.450000,20.790000,462.364960,460.818832,460.000000,763,-2.364960,PI,FIFO,true,PI_FIFO,462.364960
11.720019,-1,18,9998.079000,18.869000,459.809264,460.667397,460.000000,767,0.190736,PI,FIFO,true,PI_FIFO,459.809264
11.730019,-1,18,9999.951000,18.820000,461.497890,460.791971,460.000000,764,-1.497890,PI,FIFO,true,PI_FIFO,461.497890
11.740022,-1,18,10003.209000,22.029000,455.097087,459.937738,460.000000,776,4.902913,PI,FIFO,true,PI_FIFO,455.097087
11.750020,-1,18,9998.172000,20.201000,455.097087,459.211641,460.000000,778,4.902913,PI,FIFO,true,PI_FIFO,455.097087
11.760015,-1,18,9994.858000,15.059000,456.081081,458.742057,460.000000,778,3.918919,PI,FIFO,true,PI_FIFO,456.081081
11.770019,-1,18,10003.468000,18.527000,457.848837,458.608074,460.000000,776,2.151163,PI,FIFO,true,PI_FIFO,457.848837
11.780018,-1,18,9999.951000,18.478000,464.835595,459.542202,460.000000,763,-4.835595,PI,FIFO,true,PI_FIFO,464.835595
11.790020,-1,18,10001.024000,19.502000,462.734452,460.021040,460.000000,765,-2.734452,PI,FIFO,true,PI_FIFO,462.734452
11.800018,-1,18,9998.616000,18.118000,460.509307,460.094280,460.000000,769,-0.509307,PI,FIFO,true,PI_FIFO,460.509307
11.810021,-1,18,10003.210000,21.328000,459.988318,460.078385,460.000000,769,0.011682,PI,FIFO,true,PI_FIFO,459.988318
11.820019,-1,18,9997.783000,19.111000,459.558824,460.000451,460.000000,770,0.441176,PI,FIFO,true,PI_FIFO,459.558824
11.830019,-1,18,9999.691000,18.802000,461.931018,460.290036,460.000000,766,-1.931018,PI,FIFO,true,PI_FIFO,461.931018
11.840018,-1,18,9999.598000,18.400000,463.867188,460.826609,460.000000,761,-3.867188,PI,FIFO,true,PI_FIFO,463.867188
11.850019,-1,18,10000.580000,18.980000,460.914454,460.839786,460.000000,765,-0.914454,PI,FIFO,true,PI_FIFO,460.914454
11.860015,-1,18,9995.876000,14.856000,460.271318,460.754516,460.000000,766,-0.271318,PI,FIFO,true,PI_FIFO,460.271318
11.870018,-1,18,10003.450000,18.306000,457.317073,460.238899,460.000000,772,2.682927,PI,FIFO,true,PI_FIFO,457.317073
11.880015,-1,18,9997.117000,15.423000,454.864658,459.432763,460.000000,778,5.135342,PI,FIFO,true,PI_FIFO,454.864658
11.890018,-1,18,10002.932000,18.355000,456.426485,458.981821,460.000000,777,3.573515,PI,FIFO,true,PI_FIFO,456.426485
11.900027,-1,18,10008.987000,27.342000,456.648807,458.631869,460.000000,778,3.351193,PI,FIFO,true,PI_FIFO,456.648807
11.910019,-1,18,9992.079000,19.421000,464.593114,459.526056,460.000000,764,-4.593114,PI,FIFO,true,PI_FIFO,464.593114
11.920015,-1,18,9995.580000,15.001000,463.017404,460.049758,460.000000,765,-3.017404,PI,FIFO,true,PI_FIFO,463.017404
11.930018,-1,18,10003.450000,18.451000,460.509307,460.118690,460.000000,769,-0.509307,PI,FIFO,true,PI_FIFO,460.509307
11.940018,-1,18,9999.265000,17.716000,460.687961,460.204081,460.000000,768,-0.687961,PI,FIFO,true,PI_FIFO,460.687961
11.950017,-1,18,9999.043000,16.759000,459.796076,460.142880,460.000000,769,0.203924,PI,FIFO,true,PI_FIFO,459.796076
11.960017,-1,18,9999.839000,16.598000,462.364960,460.476192,460.000000,764,-2.364960,PI,FIFO,true,PI_FIFO,462.364960
11.970017,-1,18,10000.524000,17.122000,463.090011,460.868265,460.000000,762,-3.090011,PI,FIFO,true,PI_FIFO,463.090011
11.980017,-1,18,9999.728000,16.850000,460.849719,460.865483,460.000000,765,-0.849719,PI,FIFO,true,PI_FIFO,460.849719
11.990017,-1,18,9999.931000,16.781000,460.813763,460.857725,460.000000,765,-0.813763,PI,FIFO,true,PI_FIFO,460.813763
12.000017,-1,18,10000.025000,16.806000,456.151529,460.151796,460.000000,774,3.848471,PI,FIFO,true,PI_FIFO,456.151529
12.010022,-1,18,10004.783000,21.589000,454.606681,459.320029,460.000000,778,5.393319,PI,FIFO,true,PI_FIFO,454.606681
12.020017,-1,18,9995.876000,17.465000,455.729167,458.781399,460.000000,778,4.270833,PI,FIFO,true,PI_FIFO,455.729167
12.030017,-1,18,9999.913000,17.378000,457.813348,458.636192,460.000000,776,2.186652,PI,FIFO,true,PI_FIFO,457.813348
12.040017,-1,18,9999.469000,16.847000,464.327830,459.489937,460.000000,764,-4.327830,PI,FIFO,true,PI_FIFO,464.327830
12.050017,-1,18,10000.172000,17.019000,462.422118,459.929764,460.000000,766,-2.422118,PI,FIFO,true,PI_FIFO,462.422118
12.060016,-1,18,9999.376000,16.395000,461.497890,460.164983,460.000000,767,-1.497890,PI,FIFO,true,PI_FIFO,461.497890
12.070018,-1,18,10001.265000,17.660000,460.562227,460.224570,460.000000,768,-0.562227,PI,FIFO,true,PI_FIFO,460.562227
12.080023,-1,18,10005.802000,23.462000,459.344377,460.092541,460.000000,770,0.655623,PI,FIFO,true,PI_FIFO,459.344377
12.090029,-1,18,10005.376000,28.838000,463.143526,460.550189,460.000000,763,-3.143526,PI,FIFO,true,PI_FIFO,463.143526
12.100028,-1,18,9999.135000,27.973000,460.747543,460.579792,460.000000,767,-0.747543,PI,FIFO,true,PI_FIFO,460.747543
12.110032,-1,18,10003.858000,31.831000,461.065574,460.652659,460.000000,766,-1.065574,PI,FIFO,true,PI_FIFO,461.065574
12.120021,-1,18,9989.524000,21.355000,461.224754,460.738473,460.000000,765,-1.224754,PI,FIFO,true,PI_FIFO,461.224754
12.130021,-1,18,10000.006000,21.361000,456.871345,460.158404,460.000000,773,3.128655,PI,FIFO,true,PI_FIFO,456.871345
12.140019,-1,18,9997.190000,18.551000,455.342688,459.436047,460.000000,777,4.657312,PI,FIFO,true,PI_FIFO,455.342688
12.150017,-1,18,9998.802000,17.353000,456.151529,458.943369,460.000000,778,3.848471,PI,FIFO,true,PI_FIFO,456.151529
12.160021,-1,18,10003.821000,21.174000,457.069339,458.662265,460.000000,777,2.930661,PI,FIFO,true,PI_FIFO,457.069339
12.170018,-1,18,9996.931000,18.105000,463.235294,459.348219,460.000000,766,-3.235294,PI,FIFO,true,PI_FIFO,463.235294
12.180018,-1,18,9999.432000,17.537000,463.143526,459.917515,460.000000,765,-3.143526,PI,FIFO,true,PI_FIFO,463.143526
12.190017,-1,18,9999.413000,16.950000,462.364960,460.284632,460.000000,765,-2.364960,PI,FIFO,true,PI_FIFO,462.364960
12.200018,-1,18,10000.728000,17.678000,460.310966,460.288582,460.000000,769,-0.310966,PI,FIFO,true,PI_FIFO,460.310966
12.210017,-1,18,9999.580000,17.258000,459.344377,460.146951,460.000000,770,0.655623,PI,FIFO,true,PI_FIFO,459.344377
12.220017,-1,18,9999.894000,17.152000,463.344316,460.626556,460.000000,763,-3.344316,PI,FIFO,true,PI_FIFO,463.344316
12.230018,-1,18,10001.080000,18.232000,461.714353,460.789725,460.000000,765,-1.714353,PI,FIFO,true,PI_FIFO,461.714353
12.240023,-1,18,10004.802000,23.034000,461.942427,460.962631,460.000000,763,-1.942427,PI,FIFO,true,PI_FIFO,461.942427
12.250023,-1,18,9999.987000,23.021000,460.271318,460.858934,460.000000,766,-0.271318,PI,FIFO,true,PI_FIFO,460.271318
12.260018,-1,18,9995.006000,18.027000,456.648807,460.227415,460.000000,773,3.351193,PI,FIFO,true,PI_FIFO,456.648807
12.270017,-1,18,9998.839000,16.866000,455.097087,459.457866,460.000000,777,4.902913,PI,FIFO,true,PI_FIFO,455.097087
12.280017,-1,18,9999.691000,16.557000,456.327745,458.988347,460.000000,777,3.672255,PI,FIFO,true,PI_FIFO,456.327745
12.290016,-1,18,9999.579000,16.136000,457.540264,458.771135,460.000000,776,2.459736,PI,FIFO,true,PI_FIFO,457.540264
12.300029,-1,18,10012.413000,28.549000,463.143526,459.426994,460.000000,766,-3.143526,PI,FIFO,true,PI_FIFO,463.143526
12.310022,-1,18,9993.895000,22.444000,463.649852,460.060422,460.000000,764,-3.649852,PI,FIFO,true,PI_FIFO,463.649852
12.320017,-1,18,9994.839000,17.283000,461.714353,460.308512,460.000000,766,-1.714353,PI,FIFO,true,PI_FIFO,461.714353
12.330022,-1,18,10004.394000,21.677000,460.310966,460.308880,460.000000,768,-0.310966,PI,FIFO,true,PI_FIFO,460.310966
12.340018,-1,18,9996.413000,18.090000,459.558824,460.196371,460.000000,770,0.441176,PI,FIFO,true,PI_FIFO,459.558824
12.350019,-1,18,10000.488000,18.578000,463.090011,460.630417,460.000000,763,-3.090011,PI,FIFO,true,PI_FIFO,463.090011
12.360020,-1,18,10001.116000,19.694000,461.281631,460.728099,460.000000,765,-1.281631,PI,FIFO,true,PI_FIFO,461.281631
12.370019,-1,18,9999.154000,18.848000,462.582237,461.006220,460.000000,762,-2.582237,PI,FIFO,true,PI_FIFO,462.582237
12.380019,-1,18,9999.895000,18.743000,460.310966,460.901932,460.000000,765,-0.310966,PI,FIFO,true,PI_FIFO,460.310966
12.390019,-1,18,10000.228000,18.971000,456.574675,460.252843,460.000000,773,3.425325,PI,FIFO,true,PI_FIFO,456.574675
12.400018,-1,18,9999.357000,18.328000,455.588553,459.553200,460.000000,776,4.411447,PI,FIFO,true,PI_FIFO,455.588553
12.410018,-1,19,9999.691000,18.019000,453.995157,458.719493,460.000000,781,6.004843,PI,FIFO,true,PI_FIFO,453.995157
12.420019,-1,18,10000.691000,18.710000,458.140432,458.632634,460.000000,775,1.859568,PI,FIFO,true,PI_FIFO,458.140432
12.430019,-1,18,9999.913000,18.623000,463.235294,459.323033,460.000000,766,-3.235294,PI,FIFO,true,PI_FIFO,463.235294
12.440026,-1,18,10007.395000,26.018000,462.902807,459.859999,460.000000,765,-2.902807,PI,FIFO,true,PI_FIFO,462.902807
12.450022,-1,18,9995.524000,21.542000,461.141171,460.052175,460.000000,768,-1.141171,PI,FIFO,true,PI_FIFO,461.141171
12.460019,-1,18,9997.579000,19.121000,460.986025,460.192252,460.000000,767,-0.986025,PI,FIFO,true,PI_FIFO,460.986025
12.470019,-1,18,9999.932000,19.053000,459.333660,460.063464,460.000000,770,0.666340,PI,FIFO,true,PI_FIFO,459.333660
12.480018,-1,18,9999.339000,18.392000,463.625716,460.597801,460.000000,762,-3.625716,PI,FIFO,true,PI_FIFO,463.625716
12.490018,-1,18,9999.709000,18.101000,461.497890,460.732815,460.000000,765,-1.497890,PI,FIFO,true,PI_FIFO,461.497890
12.500036,-1,18,10018.321000,36.422000,462.902807,461.058314,460.000000,761,-2.902807,PI,FIFO,true,PI_FIFO,462.902807
12.510032,-1,18,9995.154000,31.576000,460.509307,460.975963,460.000000,765,-0.509307,PI,FIFO,true,PI_FIFO,460.509307
12.520020,-1,18,9988.042000,19.618000,455.318116,460.127286,460.000000,775,4.681884,PI,FIFO,true,PI_FIFO,455.318116
12.530019,-1,18,9999.117000,18.735000,456.496668,459.582693,460.000000,774,3.503332,PI,FIFO,true,PI_FIFO,456.496668
12.540018,-1,19,9999.709000,18.444000,454.876274,458.876730,460.000000,779,5.123726,PI,FIFO,true,PI_FIFO,454.876274
12.550019,-1,18,10001.006000,19.450000,457.669579,458.695657,460.000000,776,2.330421,PI,FIFO,true,PI_FIFO,457.669579
12.560019,-1,18,9999.543000,18.993000,462.734452,459.301477,460.000000,767,-2.734452,PI,FIFO,true,PI_FIFO,462.734452
12.570024,-1,18,10004.839000,23.832000,463.384495,459.913929,460.000000,764,-3.384495,PI,FIFO,true,PI_FIFO,463.384495
12.580019,-1,18,9995.635000,19.467000,462.364960,460.281584,460.000000,765,-2.364960,PI,FIFO,true,PI_FIFO,462.364960
12.590019,-1,18,9999.932000,19.399000,461.065574,460.399182,460.000000,766,-1.065574,PI,FIFO,true,PI_FIFO,461.065574
12.600019,-1,18,9999.579000,18.978000,458.916084,460.176718,460.000000,770,1.083916,PI,FIFO,true,PI_FIFO,458.916084
12.610019,-1,18,9999.765000,18.743000,462.422118,460.513528,460.000000,764,-2.422118,PI,FIFO,true,PI_FIFO,462.422118
12.620018,-1,18,9999.561000,18.304000,461.822660,460.709898,460.000000,764,-1.822660,PI,FIFO,true,PI_FIFO,461.822660
12.630018,-1,18,10000.173000,18.477000,462.364960,460.958157,460.000000,762,-2.364960,PI,FIFO,true,PI_FIFO,462.364960
12.640018,-1,18,9999.783000,18.260000,461.065574,460.974270,460.000000,764,-1.065574,PI,FIFO,true,PI_FIFO,461.065574
12.650018,-1,18,10000.117000,18.377000,455.518279,460.155871,460.000000,774,4.481721,PI,FIFO,true,PI_FIFO,455.518279
12.660018,-1,18,9999.506000,17.883000,456.081081,459.544652,460.000000,775,3.918919,PI,FIFO,true,PI_FIFO,456.081081
12.670018,-1,19,9999.876000,17.759000,454.257037,458.751510,460.000000,780,5.742963,PI,FIFO,true,PI_FIFO,454.257037
12.680019,-1,18,10001.042000,18.801000,457.813348,458.610786,460.000000,776,2.186652,PI,FIFO,true,PI_FIFO,457.813348
12.690018,-1,18,9999.654000,18.455000,462.364960,459.173912,460.000000,767,-2.364960,PI,FIFO,true,PI_FIFO,462.364960
12.700018,-1,18,9999.524000,17.979000,463.625716,459.841683,460.000000,764,-3.625716,PI,FIFO,true,PI_FIFO,463.625716
12.710027,-1,18,10009.488000,27.467000,461.931018,460.155083,460.000000,766,-1.931018,PI,FIFO,true,PI_FIFO,461.931018
12.720028,-1,18,10000.764000,28.231000,461.065574,460.291657,460.000000,767,-1.065574,PI,FIFO,true,PI_FIFO,461.065574
12.730019,-1,18,9991.247000,19.478000,458.702237,460.053244,460.000000,771,1.297763,PI,FIFO,true,PI_FIFO,458.702237
12.740019,-1,18,9999.635000,19.113000,463.625716,460.589114,460.000000,762,-3.625716,PI,FIFO,true,PI_FIFO,463.625716
12.750019,-1,18,9999.635000,18.748000,462.278107,460.842463,460.000000,763,-2.278107,PI,FIFO,true,PI_FIFO,462.278107
12.760018,-1,18,9999.562000,18.310000,463.143526,461.187623,460.000000,760,-3.143526,PI,FIFO,true,PI_FIFO,463.143526
12.770019,-1,18,10000.301000,18.611000,460.235641,461.044825,460.000000,765,-0.235641,PI,FIFO,true,PI_FIFO,460.235641
12.780019,-1,18,9999.969000,18.580000,454.864658,460.117800,460.000000,775,5.135342,PI,FIFO,true,PI_FIFO,454.864658
12.790031,-1,18,10012.802000,31.382000,456.786543,459.618112,460.000000,774,3.213457,PI,FIFO,true,PI_FIFO,456.786543
12.800036,-1,19,10004.598000,35.980000,454.117330,458.792994,460.000000,780,5.882670,PI,FIFO,true,PI_FIFO,454.117330
12.810031,-1,18,9995.247000,31.227000,457.434515,458.589222,460.000000,776,2.565485,PI,FIFO,true,PI_FIFO,457.434515
12.820021,-1,18,9990.172000,21.399000,462.147887,459.123022,460.000000,768,-2.147887,PI,FIFO,true,PI_FIFO,462.147887
12.830029,-1,18,10008.080000,29.479000,462.835985,459.679967,460.000000,766,-2.835985,PI,FIFO,true,PI_FIFO,462.835985
12.840021,-1,18,9991.635000,21.114000,463.453390,460.245980,460.000000,763,-3.453390,PI,FIFO,true,PI_FIFO,463.453390
12.850019,-1,18,9998.006000,19.120000,460.271318,460.249781,460.000000,768,-0.271318,PI,FIFO,true,PI_FIFO,460.271318
12.860019,-1,18,9999.653000,18.773000,459.558824,460.146137,460.000000,769,0.441176,PI,FIFO,true,PI_FIFO,459.558824
12.870019,-1,18,10000.525000,19.298000,461.702955,460.379660,460.000000,765,-1.702955,PI,FIFO,true,PI_FIFO,461.702955
12.880018,-1,18,9998.820000,18.118000,462.364960,460.677455,460.000000,763,-2.364960,PI,FIFO,true,PI_FIFO,462.364960
12.890019,-1,18,10000.469000,18.587000,462.835985,461.001234,460.000000,761,-2.835985,PI,FIFO,true,PI_FIFO,462.835985
12.900018,-1,18,9999.598000,18.185000,461.065574,461.010885,460.000000,764,-1.065574,PI,FIFO,true,PI_FIFO,461.065574
12.910027,-1,18,10009.043000,27.228000,455.562660,460.193651,460.000000,774,4.437340,PI,FIFO,true,PI_FIFO,455.562660
12.920020,-1,18,9992.579000,19.807000,456.204380,459.595261,460.000000,775,3.795620,PI,FIFO,true,PI_FIFO,456.204380
12.930020,-1,19,9999.765000,19.572000,454.864658,458.885670,460.000000,779,5.135342,PI,FIFO,true,PI_FIFO,454.864658
12.940019,-1,18,9999.710000,19.282000,458.435208,458.818101,460.000000,774,1.564792,PI,FIFO,true,PI_FIFO,458.435208
12.950019,-1,18,9999.802000,19.084000,462.182148,459.322708,460.000000,767,-2.182148,PI,FIFO,true,PI_FIFO,462.182148
12.960019,-1,18,9999.820000,18.904000,462.734452,459.834470,460.000000,765,-2.734452,PI,FIFO,true,PI_FIFO,462.734452
12.970018,-1,18,9999.506000,18.410000,463.867188,460.439377,460.000000,762,-3.867188,PI,FIFO,true,PI_FIFO,463.867188
12.980026,-1,18,10007.468000,25.878000,459.773470,460.339491,460.000000,768,0.226530,PI,FIFO,true,PI_FIFO,459.773470
12.990019,-1,18,9993.506000,19.384000,459.308655,460.184866,460.000000,769,0.691345,PI,FIFO,true,PI_FIFO,459.308655
13.000019,-1,18,9999.487000,18.871000,460.849719,460.284594,460.000000,767,-0.849719,PI,FIFO,true,PI_FIFO,460.849719
13.010019,-1,18,10000.043000,18.914000,461.822660,460.515304,460.000000,764,-1.822660,PI,FIFO,true,PI_FIFO,461.822660
13.020019,-1,18,9999.765000,18.679000,462.902807,460.873429,460.000000,761,-2.902807,PI,FIFO,true,PI_FIFO,462.902807
13.030019,-1,18,10000.061000,18.740000,460.849719,460.869873,460.000000,764,-0.849719,PI,FIFO,true,PI_FIFO,460.849719
13.040024,-1,18,10005.709000,24.449000,455.834684,460.114594,460.000000,774,4.165316,PI,FIFO,true,PI_FIFO,455.834684
13.050030,-1,18,10005.080000,29.529000,456.262807,459.536826,460.000000,775,3.737193,PI,FIFO,true,PI_FIFO,456.262807
13.060019,-1,19,9989.061000,18.590000,454.886784,458.839320,460.000000,779,5.113216,PI,FIFO,true,PI_FIFO,454.886784
13.070018,-1,18,9999.154000,17.744000,457.565076,458.648183,460.000000,776,2.434924,PI,FIFO,true,PI_FIFO,457.565076
13.080019,-1,18,10001.672000,19.416000,462.364960,459.205700,460.000000,767,-2.364960,PI,FIFO,true,PI_FIFO,462.364960
13.090019,-1,18,9999.469000,18.885000,462.075575,459.636181,460.000000,767,-2.075575,PI,FIFO,true,PI_FIFO,462.075575
13.100019,-1,18,10000.024000,18.909000,463.890198,460.274284,460.000000,763,-3.890198,PI,FIFO,true,PI_FIFO,463.890198
13.110025,-1,18,10006.265000,25.174000,459.796076,460.202553,460.000000,769,0.203924,PI,FIFO,true,PI_FIFO,459.796076
13.120018,-1,18,9992.598000,17.772000,460.849719,460.299628,460.000000,767,-0.849719,PI,FIFO,true,PI_FIFO,460.849719
13.130024,-1,18,10006.432000,24.204000,461.317660,460.452332,460.000000,766,-1.317660,PI,FIFO,true,PI_FIFO,461.317660
13.140021,-1,18,9996.524000,20.728000,461.281631,460.576727,460.000000,765,-1.281631,PI,FIFO,true,PI_FIFO,461.281631
13.150020,-1,18,9999.672000,20.400000,464.350886,461.142851,460.000000,759,-4.350886,PI,FIFO,true,PI_FIFO,464.350886
13.160026,-1,18,10005.451000,25.851000,459.773470,460.937444,460.000000,766,0.226530,PI,FIFO,true,PI_FIFO,459.773470
13.170018,-1,18,9992.246000,18.097000,455.834684,460.172030,460.000000,774,4.165316,PI,FIFO,true,PI_FIFO,455.834684
13.180018,-1,18,10000.024000,18.121000,455.940250,459.537263,460.000000,775,4.059750,PI,FIFO,true,PI_FIFO,455.940250
13.190017,-1,19,9998.765000,16.886000,454.851752,458.834436,460.000000,779,5.148248,PI,FIFO,true,PI_FIFO,454.851752
13.200017,-1,18,10000.320000,17.206000,458.275140,458.750542,460.000000,774,1.724860,PI,FIFO,true,PI_FIFO,458.275140
13.210017,-1,18,10000.043000,17.249000,461.822660,459.211360,460.000000,768,-1.822660,PI,FIFO,true,PI_FIFO,461.822660
13.220018,-1,18,10000.339000,17.588000,462.147887,459.651839,460.000000,767,-2.147887,PI,FIFO,true,PI_FIFO,462.147887
13.230018,-1,18,10000.617000,18.205000,463.625716,460.247920,460.000000,763,-3.625716,PI,FIFO,true,PI_FIFO,463.625716
13.240034,-1,18,10015.561000,33.766000,461.224754,460.394445,460.000000,766,-1.224754,PI,FIFO,true,PI_FIFO,461.224754
13.250026,-1,18,9992.376000,26.142000,459.344377,460.236935,460.000000,769,0.655623,PI,FIFO,true,PI_FIFO,459.344377
13.260021,-1,18,9994.987000,21.129000,460.986025,460.349299,460.000000,766,-0.986025,PI,FIFO,true,PI_FIFO,460.986025
13.270020,-1,18,9999.210000,20.339000,461.497890,460.521587,460.000000,765,-1.497890,PI,FIFO,true,PI_FIFO,461.497890
13.280016,-1,18,9995.209000,15.548000,463.344316,460.944997,460.000000,761,-3.344316,PI,FIFO,true,PI_FIFO,463.344316
13.290018,-1,18,10001.987000,17.535000,460.418616,460.866039,460.000000,765,-0.418616,PI,FIFO,true,PI_FIFO,460.418616
13.300021,-1,18,10003.469000,21.004000,456.081081,460.148296,460.000000,774,3.918919,PI,FIFO,true,PI_FIFO,456.081081
13.310024,-1,18,10003.431000,24.435000,456.574675,459.612253,460.000000,774,3.425325,PI,FIFO,true,PI_FIFO,456.574675
13.320020,-1,19,9995.728000,20.163000,453.873050,458.751372,460.000000,781,6.126950,PI,FIFO,true,PI_FIFO,453.873050
13.330019,-1,18,9998.969000,19.132000,457.423327,458.552166,460.000000,776,2.576673,PI,FIFO,true,PI_FIFO,457.423327
13.340018,-1,18,9998.487000,17.619000,462.582237,459.156676,460.000000,767,-2.582237,PI,FIFO,true,PI_FIFO,462.582237
13.350021,-1,18,10003.617000,21.236000,463.017404,459.735785,460.000000,765,-3.017404,PI,FIFO,true,PI_FIFO,463.017404
13.360018,-1,18,9996.894000,18.130000,464.108911,460.391754,460.000000,762,-4.108911,PI,FIFO,true,PI_FIFO,464.108911
13.370017,-1,18,9998.450000,16.580000,459.333660,460.233040,460.000000,770,0.666340,PI,FIFO,true,PI_FIFO,459.333660
13.380024,-1,18,10006.969000,23.549000,459.558824,460.131908,460.000000,770,0.441176,PI,FIFO,true,PI_FIFO,459.558824
13.390018,-1,18,9993.969000,17.518000,461.281631,460.304366,460.000000,766,-1.281631,PI,FIFO,true,PI_FIFO,461.281631
13.400017,-1,18,9999.709000,17.227000,461.065574,460.418547,460.000000,766,-1.065574,PI,FIFO,true,PI_FIFO,461.065574
13.410017,-1,18,9999.783000,17.010000,464.108911,460.972102,460.000000,760,-4.108911,PI,FIFO,true,PI_FIFO,464.108911
13.420019,-1,18,10001.673000,18.683000,460.509307,460.902683,460.000000,765,-0.509307,PI,FIFO,true,PI_FIFO,460.509307
13.430017,-1,18,9998.413000,17.096000,457.317073,460.364841,460.000000,771,2.682927,PI,FIFO,true,PI_FIFO,457.317073
13.440017,-1,18,10000.098000,17.194000,455.795803,459.679485,460.000000,775,4.204197,PI,FIFO,true,PI_FIFO,455.795803
13.450017,-1,19,10000.061000,17.255000,454.435288,458.892856,460.000000,780,5.564712,PI,FIFO,true,PI_FIFO,454.435288
13.460018,-1,18,10001.080000,18.335000,458.848532,458.886207,460.000000,773,1.151468,PI,FIFO,true,PI_FIFO,458.848532
13.470028,-1,18,10010.154000,28.489000,460.914454,459.190444,460.000000,770,-0.914454,PI,FIFO,true,PI_FIFO,460.914454
13.480020,-1,18,9991.487000,19.976000,462.902807,459.747299,460.000000,766,-2.902807,PI,FIFO,true,PI_FIFO,462.902807
13.490029,-1,18,10009.154000,29.130000,463.235294,460.270498,460.000000,764,-3.235294,PI,FIFO,true,PI_FIFO,463.235294
13.500030,-1,18,10000.950000,30.080000,460.509307,460.306319,460.000000,768,-0.509307,PI,FIFO,true,PI_FIFO,460.509307
13.510026,-1,18,9995.580000,25.660000,460.033574,460.265408,460.000000,768,-0.033574,PI,FIFO,true,PI_FIFO,460.033574
13.520022,-1,18,9996.209000,21.869000,461.065574,460.385433,460.000000,766,-1.065574,PI,FIFO,true,PI_FIFO,461.065574
13.530021,-1,18,9999.061000,20.930000,459.558824,460.261441,460.000000,769,0.441176,PI,FIFO,true,PI_FIFO,459.558824
13.540033,-1,18,10012.562000,33.492000,464.108911,460.838562,460.000000,760,-4.108911,PI,FIFO,true,PI_FIFO,464.108911
13.550032,-1,18,9998.153000,31.645000,460.033574,460.717814,460.000000,766,-0.033574,PI,FIFO,true,PI_FIFO,460.033574
13.560031,-1,18,9999.636000,31.281000,458.061889,460.319425,460.000000,770,1.938111,PI,FIFO,true,PI_FIFO,458.061889
13.570025,-1,18,9993.839000,25.120000,455.518279,459.599253,460.000000,776,4.481721,PI,FIFO,true,PI_FIFO,455.518279
13.580020,-1,19,9994.746000,19.866000,453.629032,458.703720,460.000000,782,6.370968,PI,FIFO,true,PI_FIFO,453.629032
13.590019,-1,18,9999.265000,19.131000,458.488589,458.671450,460.000000,775,1.511411,PI,FIFO,true,PI_FIFO,458.488589
13.600015,-1,18,9996.042000,15.173000,461.570022,459.106236,460.000000,769,-1.570022,PI,FIFO,true,PI_FIFO,461.570022
13.610020,-1,18,10004.858000,20.031000,463.890198,459.823830,460.000000,764,-3.890198,PI,FIFO,true,PI_FIFO,463.890198
13.620019,-1,18,9998.895000,18.926000,462.182148,460.177578,460.000000,766,-2.182148,PI,FIFO,true,PI_FIFO,462.182148
13.630019,-1,18,9999.579000,18.505000,460.461690,460.220195,460.000000,768,-0.461690,PI,FIFO,true,PI_FIFO,460.461690
13.640015,-1,18,9996.747000,15.252000,460.747543,460.299297,460.000000,768,-0.747543,PI,FIFO,true,PI_FIFO,460.747543
13.650018,-1,18,10003.042000,18.294000,461.281631,460.446647,460.000000,766,-1.281631,PI,FIFO,true,PI_FIFO,461.281631
13.660015,-1,18,9997.062000,15.356000,460.059978,460.388647,460.000000,768,-0.059978,PI,FIFO,true,PI_FIFO,460.059978
13.670018,-1,18,10002.987000,18.343000,464.108911,460.946686,460.000000,760,-4.108911,PI,FIFO,true,PI_FIFO,464.108911
13.680015,-1,18,9996.857000,15.200000,459.085052,460.667441,460.000000,768,0.914948,PI,FIFO,true,PI_FIFO,459.085052
13.690019,-1,18,10004.135000,19.335000,457.540264,460.198364,460.000000,772,2.459736,PI,FIFO,true,PI_FIFO,457.540264
13.700014,-1,18,9994.858000,14.193000,456.151529,459.591339,460.000000,776,3.848471,PI,FIFO,true,PI_FIFO,456.151529
13.710029,-1,19,10014.839000,29.032000,454.117330,458.770238,460.000000,781,5.882670,PI,FIFO,true,PI_FIFO,454.117330
13.720021,-1,18,9991.913000,20.945000,457.987298,458.652797,460.000000,776,2.012702,PI,FIFO,true,PI_FIFO,457.987298
13.730019,-1,18,9997.839000,18.784000,460.033574,458.859914,460.000000,773,-0.033574,PI,FIFO,true,PI_FIFO,460.033574
13.740018,-1,18,9999.617000,18.401000,462.799718,459.450884,460.000000,767,-2.799718,PI,FIFO,true,PI_FIFO,462.799718
13.750030,-1,18,10012.098000,30.499000,463.598901,460.073087,460.000000,764,-3.598901,PI,FIFO,true,PI_FIFO,463.598901
13.760019,-1,18,9988.006000,18.505000,460.634066,460.157234,460.000000,769,-0.634066,PI,FIFO,true,PI_FIFO,460.634066
13.770019,-1,18,10000.542000,19.047000,460.271318,460.174346,460.000000,769,-0.271318,PI,FIFO,true,PI_FIFO,460.271318
13.780034,-1,18,10014.951000,33.998000,460.509307,460.224590,460.000000,769,-0.509307,PI,FIFO,true,PI_FIFO,460.509307
13.790029,-1,18,9994.542000,28.540000,460.687961,460.294096,460.000000,768,-0.687961,PI,FIFO,true,PI_FIFO,460.687961
13.800030,-1,18,10001.302000,29.842000,463.420662,460.763081,460.000000,762,-3.420662,PI,FIFO,true,PI_FIFO,463.420662
13.810019,-1,18,9988.691000,18.533000,460.747543,460.760750,460.000000,766,-0.747543,PI,FIFO,true,PI_FIFO,460.747543
13.820023,-1,18,10004.135000,22.668000,458.702237,460.451973,460.000000,770,1.297763,PI,FIFO,true,PI_FIFO,458.702237
13.830025,-1,18,10002.284000,24.952000,455.834684,459.759380,460.000000,776,4.165316,PI,FIFO,true,PI_FIFO,455.834684
13.840018,-1,19,9992.709000,17.661000,453.629032,458.839828,460.000000,782,6.370968,PI,FIFO,true,PI_FIFO,453.629032
13.850017,-1,18,9999.524000,17.185000,458.559783,458.797821,460.000000,775,1.440217,PI,FIFO,true,PI_FIFO,458.559783
13.860018,-1,18,10000.839000,18.024000,459.130131,458.847667,460.000000,775,0.869869,PI,FIFO,true,PI_FIFO,459.130131
13.870017,-1,18,9999.043000,17.067000,464.835595,459.745857,460.000000,764,-4.835595,PI,FIFO,true,PI_FIFO,464.835595
13.880017,-1,18,9999.580000,16.647000,462.506167,460.159903,460.000000,766,-2.506167,PI,FIFO,true,PI_FIFO,462.506167
13.890017,-1,18,10000.802000,17.449000,460.271318,460.176615,460.000000,770,-0.271318,PI,FIFO,true,PI_FIFO,460.271318
13.900020,-1,18,10002.839000,20.288000,460.914454,460.287291,460.000000,768,-0.914454,PI,FIFO,true,PI_FIFO,460.914454
13.910045,-1,18,10024.894000,45.182000,461.141171,460.415373,460.000000,768,-1.141171,PI,FIFO,true,PI_FIFO,461.141171
13.920034,-1,18,9988.321000,33.503000,461.702955,460.608510,460.000000,766,-1.702955,PI,FIFO,true,PI_FIFO,461.702955
13.930023,-1,18,9989.876000,23.379000,462.582237,460.904569,460.000000,764,-2.582237,PI,FIFO,true,PI_FIFO,462.582237
13.940022,-1,18,9998.172000,21.551000,460.747543,460.881015,460.000000,766,-0.747543,PI,FIFO,true,PI_FIFO,460.747543
13.950021,-1,18,9999.209000,20.760000,459.108717,460.615171,460.000000,769,0.891283,PI,FIFO,true,PI_FIFO,459.108717
13.960021,-1,18,10000.636000,21.396000,456.965110,460.067662,460.000000,774,3.034890,PI,FIFO,true,PI_FIFO,456.965110
13.970020,-1,19,9999.024000,20.420000,452.898551,458.992295,460.000000,783,7.101449,PI,FIFO,true,PI_FIFO,452.898551
13.980020,-1,18,9999.542000,19.962000,459.796076,459.112862,460.000000,772,0.203924,PI,FIFO,true,PI_FIFO,459.796076
13.990021,-1,18,10001.191000,21.153000,458.883994,459.078532,460.000000,774,1.116006,PI,FIFO,true,PI_FIFO,458.883994
14.000020,-1,18,9999.136000,20.289000,464.108911,459.833089,460.000000,764,-4.108911,PI,FIFO,true,PI_FIFO,464.108911
14.010020,-1,18,9999.950000,20.239000,462.582237,460.245461,460.000000,766,-2.582237,PI,FIFO,true,PI_FIFO,462.582237
14.020020,-1,18,9999.283000,19.522000,460.059978,460.217639,460.000000,770,-0.059978,PI,FIFO,true,PI_FIFO,460.059978
14.030019,-1,18,9999.691000,19.213000,461.065574,460.344829,460.000000,768,-1.065574,PI,FIFO,true,PI_FIFO,461.065574
14.040023,-1,18,10004.154000,23.367000,459.058760,460.151918,460.000000,771,0.941240,PI,FIFO,true,PI_FIFO,459.058760
14.050022,-1,18,9998.580000,21.947000,462.364960,460.483875,460.000000,765,-2.364960,PI,FIFO,true,PI_FIFO,462.364960
14.060021,-1,18,9998.764000,20.711000,463.143526,460.882822,460.000000,762,-3.143526,PI,FIFO,true,PI_FIFO,463.143526
14.070024,-1,18,10003.191000,23.902000,461.281631,460.942644,460.000000,765,-1.281631,PI,FIFO,true,PI_FIFO,461.281631
14.080020,-1,18,9996.469000,20.371000,457.813348,460.473249,460.000000,771,2.186652,PI,FIFO,true,PI_FIFO,457.813348
14.090019,-1,18,9998.968000,19.339000,456.574675,459.888463,460.000000,774,3.425325,PI,FIFO,true,PI_FIFO,456.574675
14.100018,-1,19,9998.969000,18.308000,454.117330,459.022793,460.000000,781,5.882670,PI,FIFO,true,PI_FIFO,454.117330
14.110030,-1,18,10011.691000,29.999000,458.702237,458.974710,460.000000,774,1.297763,PI,FIFO,true,PI_FIFO,458.702237
14.120023,-1,18,9993.006000,23.005000,460.271318,459.169201,460.000000,772,-0.271318,PI,FIFO,true,PI_FIFO,460.271318
14.130021,-1,18,9998.320000,21.325000,463.879268,459.875711,460.000000,764,-3.879268,PI,FIFO,true,PI_FIFO,463.879268
14.140020,-1,18,9998.487000,19.812000,463.625716,460.438212,460.000000,763,-3.625716,PI,FIFO,true,PI_FIFO,463.625716
14.150022,-1,18,10001.932000,21.744000,459.344377,460.274137,460.000000,770,0.655623,PI,FIFO,true,PI_FIFO,459.344377
14.160021,-1,18,9998.839000,20.583000,460.562227,460.317350,460.000000,768,-0.562227,PI,FIFO,true,PI_FIFO,460.562227
14.170036,-1,18,10015.783000,36.366000,459.333660,460.169797,460.000000,770,0.666340,PI,FIFO,true,PI_FIFO,459.333660
14.180018,-1,18,9981.284000,17.650000,461.368110,460.349544,460.000000,766,-1.368110,PI,FIFO,true,PI_FIFO,461.368110
14.190019,-1,18,10001.450000,19.100000,462.422118,460.660430,460.000000,764,-2.422118,PI,FIFO,true,PI_FIFO,462.422118
14.200019,-1,18,9999.820000,18.920000,461.497890,460.786049,460.000000,765,-1.497890,PI,FIFO,true,PI_FIFO,461.497890
14.210019,-1,18,9999.932000,18.852000,459.058760,460.526955,460.000000,769,0.941240,PI,FIFO,true,PI_FIFO,459.058760
14.220019,-1,18,10000.617000,19.469000,456.204380,459.878569,460.000000,775,3.795620,PI,FIFO,true,PI_FIFO,456.204380
14.230019,-1,19,9999.876000,19.345000,454.400510,459.056860,460.000000,780,5.599490,PI,FIFO,true,PI_FIFO,454.400510
14.240032,-1,18,10013.135000,32.480000,456.998607,458.748122,460.000000,777,3.001393,PI,FIFO,true,PI_FIFO,456.998607
14.250030,-1,18,9997.487000,29.967000,459.321815,458.834176,460.000000,774,0.678185,PI,FIFO,true,PI_FIFO,459.321815
14.260027,-1,18,9996.932000,26.899000,464.108911,459.625386,460.000000,765,-4.108911,PI,FIFO,true,PI_FIFO,464.108911
14.270020,-1,18,9992.968000,19.867000,463.890198,460.265108,460.000000,763,-3.890198,PI,FIFO,true,PI_FIFO,463.890198
14.280022,-1,18,10002.450000,22.317000,459.308655,460.121640,460.000000,771,0.691345,PI,FIFO,true,PI_FIFO,459.308655
14.290018,-1,18,9995.932000,18.249000,461.714353,460.360547,460.000000,766,-1.714353,PI,FIFO,true,PI_FIFO,461.714353
14.300013,-1,18,9994.691000,12.940000,458.883994,460.139064,460.000000,771,1.116006,PI,FIFO,true,PI_FIFO,458.883994
14.310028,-1,18,10014.802000,27.742000,462.182148,460.445527,460.000000,765,-2.182148,PI,FIFO,true,PI_FIFO,462.182148
14.320017,-1,18,9989.561000,17.303000,462.962963,460.823142,460.000000,763,-2.962963,PI,FIFO,true,PI_FIFO,462.962963
14.330017,-1,18,9999.450000,16.753000,461.463731,460.919230,460.000000,764,-1.463731,PI,FIFO,true,PI_FIFO,461.463731
14.340017,-1,18,10000.135000,16.888000,459.333660,460.681395,460.000000,768,0.666340,PI,FIFO,true,PI_FIFO,459.333660
14.350017,-1,18,10000.043000,16.931000,456.204380,460.009843,460.000000,775,3.795620,PI,FIFO,true,PI_FIFO,456.204380
14.360018,-1,19,10001.246000,18.177000,454.851752,459.236129,460.000000,779,5.148248,PI,FIFO,true,PI_FIFO,454.851752
14.370018,-1,18,10000.173000,18.350000,456.998607,458.900501,460.000000,777,3.001393,PI,FIFO,true,PI_FIFO,456.998607
14.380019,-1,18,10000.431000,18.781000,459.558824,458.999249,460.000000,773,0.441176,PI,FIFO,true,PI_FIFO,459.558824
14.390019,-1,18,9999.802000,18.583000,463.235294,459.634656,460.000000,766,-3.235294,PI,FIFO,true,PI_FIFO,463.235294
14.400019,-1,18,10000.024000,18.607000,463.853766,460.267522,460.000000,763,-3.853766,PI,FIFO,true,PI_FIFO,463.853766
14.410018,-1,18,9999.821000,18.428000,459.988318,460.225642,460.000000,769,0.011682,PI,FIFO,true,PI_FIFO,459.988318
14.420018,-1,18,9999.431000,17.859000,460.813763,460.313860,460.000000,768,-0.813763,PI,FIFO,true,PI_FIFO,460.813763
14.430018,-1,18,10000.321000,18.180000,459.988318,460.265029,460.000000,769,0.011682,PI,FIFO,true,PI_FIFO,459.988318
14.440019,-1,18,10000.635000,18.815000,461.463731,460.444834,460.000000,766,-1.463731,PI,FIFO,true,PI_FIFO,461.463731
14.450019,-1,18,9999.876000,18.691000,463.017404,460.830719,460.000000,762,-3.017404,PI,FIFO,true,PI_FIFO,463.017404
14.460018,-1,18,9999.691000,18.382000,461.317660,460.903760,460.000000,764,-1.317660,PI,FIFO,true,PI_FIFO,461.317660
14.470026,-1,18,10007.450000,25.832000,459.130131,460.637716,460.000000,768,0.869869,PI,FIFO,true,PI_FIFO,459.130131
14.480020,-1,18,9993.876000,19.708000,456.081081,459.954221,460.000000,775,3.918919,PI,FIFO,true,PI_FIFO,456.081081
14.490019,-1,19,9998.858000,18.566000,454.676674,459.162589,460.000000,779,5.323326,PI,FIFO,true,PI_FIFO,454.676674
14.500038,-1,18,10019.413000,37.979000,457.069339,458.848601,460.000000,776,2.930661,PI,FIFO,true,PI_FIFO,457.069339
14.510030,-1,18,9991.617000,29.596000,458.612255,458.813149,460.000000,775,1.387745,PI,FIFO,true,PI_FIFO,458.612255
14.520016,-1,18,9986.838000,16.434000,463.890198,459.574707,460.000000,765,-3.890198,PI,FIFO,true,PI_FIFO,463.890198
14.530020,-1,18,10003.117000,19.551000,463.235294,460.123795,460.000000,764,-3.235294,PI,FIFO,true,PI_FIFO,463.235294
14.540019,-1,18,9999.117000,18.668000,459.058760,459.964040,460.000000,771,0.941240,PI,FIFO,true,PI_FIFO,459.058760
14.550019,-1,18,10000.617000,19.285000,461.065574,460.129270,460.000000,768,-1.065574,PI,FIFO,true,PI_FIFO,461.065574
14.560019,-1,18,9999.357000,18.642000,459.558824,460.043703,460.000000,770,0.441176,PI,FIFO,true,PI_FIFO,459.558824
14.570024,-1,18,10005.728000,24.370000,461.497890,460.261831,460.000000,767,-1.497890,PI,FIFO,true,PI_FIFO,461.497890
14.580019,-1,18,9994.895000,19.265000,463.625716,460.766414,460.000000,762,-3.625716,PI,FIFO,true,PI_FIFO,463.625716
14.590019,-1,18,9999.468000,18.733000,461.065574,460.811288,460.000000,765,-1.065574,PI,FIFO,true,PI_FIFO,461.065574
14.600025,-1,18,10006.469000,25.202000,460.059978,460.698591,460.000000,767,-0.059978,PI,FIFO,true,PI_FIFO,460.059978
14.610019,-1,18,9993.839000,19.041000,455.982490,459.991176,460.000000,775,4.017510,PI,FIFO,true,PI_FIFO,455.982490
14.620019,-1,18,10000.117000,19.158000,455.329755,459.291963,460.000000,778,4.670245,PI,FIFO,true,PI_FIFO,455.329755
14.630019,-1,19,9999.598000,18.756000,455.982490,458.795542,460.000000,779,4.017510,PI,FIFO,true,PI_FIFO,455.982490
14.640018,-1,18,9999.561000,18.317000,458.848532,458.803490,460.000000,775,1.151468,PI,FIFO,true,PI_FIFO,458.848532
14.650019,-1,18,10000.302000,18.619000,463.879268,459.564857,460.000000,765,-3.879268,PI,FIFO,true,PI_FIFO,463.879268
14.660019,-1,18,10000.302000,18.921000,462.902807,460.065549,460.000000,765,-2.902807,PI,FIFO,true,PI_FIFO,462.902807
14.670018,-1,18,9999.543000,18.464000,460.418616,460.118509,460.000000,769,-0.418616,PI,FIFO,true,PI_FIFO,460.418616
14.680019,-1,18,10000.339000,18.803000,460.562227,460.185067,460.000000,769,-0.562227,PI,FIFO,true,PI_FIFO,460.562227
14.690018,-1,18,9999.691000,18.494000,459.988318,460.155555,460.000000,770,0.011682,PI,FIFO,true,PI_FIFO,459.988318
14.700018,-1,18,9999.783000,18.277000,462.182148,460.459544,460.000000,765,-2.182148,PI,FIFO,true,PI_FIFO,462.182148
14.710029,-1,18,10010.321000,28.598000,462.582237,460.777948,460.000000,764,-2.582237,PI,FIFO,true,PI_FIFO,462.582237
14.720020,-1,18,9991.616000,20.214000,460.562227,460.745590,460.000000,767,-0.562227,PI,FIFO,true,PI_FIFO,460.562227
14.730020,-1,18,9999.562000,19.776000,461.281631,460.825996,460.000000,765,-1.281631,PI,FIFO,true,PI_FIFO,461.281631
14.740018,-1,18,9998.561000,18.337000,455.342688,460.003500,460.000000,776,4.657312,PI,FIFO,true,PI_FIFO,455.342688
14.750019,-1,19,10000.320000,18.657000,454.886784,459.235992,460.000000,779,5.113216,PI,FIFO,true,PI_FIFO,454.886784
14.760019,-1,18,9999.876000,18.533000,456.821873,458.873874,460.000000,777,3.178127,PI,FIFO,true,PI_FIFO,456.821873
14.770027,-1,18,10008.339000,26.872000,458.275140,458.784064,460.000000,776,1.724860,PI,FIFO,true,PI_FIFO,458.275140
14.780020,-1,18,9993.006000,19.878000,464.620044,459.659461,460.000000,764,-4.620044,PI,FIFO,true,PI_FIFO,464.620044
14.790019,-1,18,9999.431000,19.309000,462.364960,460.065286,460.000000,766,-2.364960,PI,FIFO,true,PI_FIFO,462.364960
14.800020,-1,18,10000.210000,19.519000,460.562227,460.139827,460.000000,769,-0.562227,PI,FIFO,true,PI_FIFO,460.562227
14.810020,-1,18,10000.265000,19.784000,459.988318,460.117101,460.000000,770,0.011682,PI,FIFO,true,PI_FIFO,459.988318
14.820024,-1,18,10003.839000,23.623000,459.558824,460.033359,460.000000,771,0.441176,PI,FIFO,true,PI_FIFO,459.558824
14.830020,-1,18,9996.265000,19.888000,462.506167,460.404280,460.000000,765,-2.506167,PI,FIFO,true,PI_FIFO,462.506167
14.840015,-1,18,9995.394000,15.282000,462.902807,460.779059,460.000000,763,-2.902807,PI,FIFO,true,PI_FIFO,462.902807
14.850027,-1,18,10011.617000,26.899000,460.418616,460.724993,460.000000,767,-0.418616,PI,FIFO,true,PI_FIFO,460.418616
14.860021,-1,18,9994.561000,21.460000,461.463731,460.835803,460.000000,765,-1.463731,PI,FIFO,true,PI_FIFO,461.463731
14.870019,-1,18,9997.413000,18.873000,456.426485,460.174406,460.000000,774,3.573515,PI,FIFO,true,PI_FIFO,456.426485
14.880015,-1,18,9996.432000,15.305000,455.588553,459.486528,460.000000,777,4.411447,PI,FIFO,true,PI_FIFO,455.588553
14.890034,-1,19,10018.728000,34.033000,455.307586,458.859686,460.000000,780,4.692414,PI,FIFO,true,PI_FIFO,455.307586
14.900032,-1,18,9997.617000,31.650000,456.965110,458.575500,460.000000,778,3.034890,PI,FIFO,true,PI_FIFO,456.965110
14.910035,-1,18,10003.524000,35.174000,464.546956,459.471218,460.000000,764,-4.546956,PI,FIFO,true,PI_FIFO,464.546956
14.920021,-1,18,9986.135000,21.309000,461.942427,459.841900,460.000000,768,-1.942427,PI,FIFO,true,PI_FIFO,461.942427
14.930022,-1,18,10000.746000,22.055000,461.942427,460.156979,460.000000,767,-1.942427,PI,FIFO,true,PI_FIFO,461.942427
14.940020,-1,18,9997.969000,20.024000,459.784208,460.101063,460.000000,770,0.215792,PI,FIFO,true,PI_FIFO,459.784208
14.950020,-1,18,10000.265000,20.289000,459.988318,460.084151,460.000000,770,0.011682,PI,FIFO,true,PI_FIFO,459.988318
14.960021,-1,18,10000.802000,21.091000,462.662338,460.470879,460.000000,765,-2.662338,PI,FIFO,true,PI_FIFO,462.662338
14.970020,-1,18,9999.376000,20.467000,462.506167,460.776172,460.000000,764,-2.506167,PI,FIFO,true,PI_FIFO,462.506167
14.980020,-1,18,9999.580000,20.047000,461.702955,460.915190,460.000000,765,-1.702955,PI,FIFO,true,PI_FIFO,461.702955
14.990020,-1,18,9999.987000,20.034000,461.065574,460.937747,460.000000,765,-1.065574,PI,FIFO,true,PI_FIFO,461.065574
15.000020,-1,18,9999.876000,19.910000,455.097087,460.061648,460.000000,777,4.902913,PI,FIFO,true,PI_FIFO,455.097087
15.010021,-1,18,10001.246000,21.156000,455.318116,459.350118,460.000000,778,4.681884,PI,FIFO,true,PI_FIFO,455.318116
15.020020,-1,18,9998.709000,19.865000,456.262807,458.887022,460.000000,778,3.737193,PI,FIFO,true,PI_FIFO,456.262807
15.030020,-1,18,10000.617000,20.482000,458.275140,458.795240,460.000000,776,1.724860,PI,FIFO,true,PI_FIFO,458.275140
15.040021,-1,18,10000.376000,20.858000,465.388858,459.784282,460.000000,762,-5.388858,PI,FIFO,true,PI_FIFO,465.388858
15.050020,-1,18,9999.561000,20.419000,462.799718,460.236598,460.000000,765,-2.799718,PI,FIFO,true,PI_FIFO,462.799718
15.060020,-1,18,9999.895000,20.314000,460.747543,460.313239,460.000000,768,-0.747543,PI,FIFO,true,PI_FIFO,460.747543
15.070021,-1,18,10001.024000,21.338000,460.009814,460.267726,460.000000,769,-0.009814,PI,FIFO,true,PI_FIFO,460.009814
15.080020,-1,18,9998.784000,20.122000,459.796076,460.196978,460.000000,770,0.203924,PI,FIFO,true,PI_FIFO,459.796076
15.090020,-1,18,10000.209000,20.331000,461.714353,460.424584,460.000000,766,-1.714353,PI,FIFO,true,PI_FIFO,461.714353
15.100020,-1,18,9999.543000,19.874000,462.835985,460.786294,460.000000,763,-2.835985,PI,FIFO,true,PI_FIFO,462.835985
15.110034,-1,18,10013.968000,33.842000,462.662338,461.067701,460.000000,762,-2.662338,PI,FIFO,true,PI_FIFO,462.662338
15.120021,-1,18,9987.469000,21.311000,459.344377,460.809202,460.000000,768,0.655623,PI,FIFO,true,PI_FIFO,459.344377
15.130020,-1,18,9999.043000,20.354000,456.262807,460.127243,460.000000,774,3.737193,PI,FIFO,true,PI_FIFO,456.262807
15.140020,-1,18,9999.894000,20.248000,455.097087,459.372720,460.000000,778,4.902913,PI,FIFO,true,PI_FIFO,455.097087
15.150037,-1,18,10016.469000,36.717000,456.496668,458.941312,460.000000,777,3.503332,PI,FIFO,true,PI_FIFO,456.496668
15.160023,-1,18,9986.042000,22.759000,456.648807,458.597436,460.000000,778,3.351193,PI,FIFO,true,PI_FIFO,456.648807
15.170020,-1,18,9996.765000,19.524000,464.108911,459.424157,460.000000,765,-4.108911,PI,FIFO,true,PI_FIFO,464.108911
15.180019,-1,18,9999.895000,19.419000,462.364960,459.865278,460.000000,767,-2.364960,PI,FIFO,true,PI_FIFO,462.364960
15.190019,-1,18,9999.413000,18.832000,460.986025,460.033390,460.000000,768,-0.986025,PI,FIFO,true,PI_FIFO,460.986025
15.200018,-1,18,9999.654000,18.486000,460.461690,460.097635,460.000000,769,-0.461690,PI,FIFO,true,PI_FIFO,460.461690
15.210018,-1,18,9999.728000,18.214000,458.376222,459.839423,460.000000,773,1.623778,PI,FIFO,true,PI_FIFO,458.376222
15.220018,-1,18,10000.024000,18.238000,463.453390,460.381518,460.000000,764,-3.453390,PI,FIFO,true,PI_FIFO,463.453390
15.230025,-1,18,10006.468000,24.706000,461.822660,460.597689,460.000000,765,-1.822660,PI,FIFO,true,PI_FIFO,461.822660
15.240034,-1,18,10009.043000,33.749000,462.799718,460.927994,460.000000,763,-2.799718,PI,FIFO,true,PI_FIFO,462.799718
15.250032,-1,18,9998.321000,32.070000,460.033574,460.793831,460.000000,767,-0.033574,PI,FIFO,true,PI_FIFO,460.033574
15.260026,-1,18,9993.746000,25.816000,456.262807,460.114177,460.000000,775,3.737193,PI,FIFO,true,PI_FIFO,456.262807
15.270022,-1,18,9995.802000,21.618000,455.982490,459.494424,460.000000,777,4.017510,PI,FIFO,true,PI_FIFO,455.982490
15.280019,-1,19,9997.339000,18.957000,455.562660,458.904660,460.000000,779,4.437340,PI,FIFO,true,PI_FIFO,455.562660
15.290019,-1,18,10000.431000,19.388000,457.540264,458.700000,460.000000,777,2.459736,PI,FIFO,true,PI_FIFO,457.540264
15.300019,-1,18,9999.247000,18.635000,463.143526,459.366529,460.000000,767,-3.143526,PI,FIFO,true,PI_FIFO,463.143526
15.310027,-1,18,10008.561000,27.196000,463.453390,459.979558,460.000000,765,-3.453390,PI,FIFO,true,PI_FIFO,463.453390
15.320016,-1,18,9988.821000,16.017000,461.065574,460.142460,460.000000,768,-1.065574,PI,FIFO,true,PI_FIFO,461.065574
15.330019,-1,18,10003.320000,19.337000,461.065574,460.280927,460.000000,768,-1.065574,PI,FIFO,true,PI_FIFO,461.065574
15.340016,-1,18,9996.228000,15.565000,458.809135,460.060159,460.000000,772,1.190865,PI,FIFO,true,PI_FIFO,458.809135
15.350019,-1,18,10003.024000,18.589000,462.799718,460.471093,460.000000,765,-2.799718,PI,FIFO,true,PI_FIFO,462.799718
15.360015,-1,18,9996.821000,15.410000,460.986025,460.548332,460.000000,767,-0.986025,PI,FIFO,true,PI_FIFO,460.986025
15.370020,-1,18,10004.357000,19.767000,463.191700,460.944837,460.000000,762,-3.191700,PI,FIFO,true,PI_FIFO,463.191700
15.380016,-1,18,9996.024000,15.791000,460.203366,460.833617,460.000000,767,-0.203366,PI,FIFO,true,PI_FIFO,460.203366
15.390019,-1,18,10003.432000,19.223000,456.821873,460.231855,460.000000,773,3.178127,PI,FIFO,true,PI_FIFO,456.821873
15.400018,-1,18,9998.950000,18.173000,455.518279,459.524819,460.000000,777,4.481721,PI,FIFO,true,PI_FIFO,455.518279
15.410018,-1,19,10000.302000,18.475000,454.851752,458.823859,460.000000,780,5.148248,PI,FIFO,true,PI_FIFO,454.851752
15.420019,-1,18,10000.043000,18.518000,458.061889,458.709563,460.000000,776,1.938111,PI,FIFO,true,PI_FIFO,458.061889
15.430022,-1,18,10003.209000,21.727000,463.344316,459.404776,460.000000,767,-3.344316,PI,FIFO,true,PI_FIFO,463.344316
15.440021,-1,18,9998.969000,20.696000,463.235294,459.979354,460.000000,765,-3.235294,PI,FIFO,true,PI_FIFO,463.235294
15.450020,-1,18,9999.505000,20.201000,461.463731,460.202010,460.000000,768,-1.463731,PI,FIFO,true,PI_FIFO,461.463731
15.460021,-1,18,10000.543000,20.744000,460.203366,460.202214,460.000000,769,-0.203366,PI,FIFO,true,PI_FIFO,460.203366
15.470020,-1,18,9998.783000,19.527000,459.058760,460.030696,460.000000,772,0.941240,PI,FIFO,true,PI_FIFO,459.058760
15.480020,-1,18,10000.599000,20.126000,463.453390,460.544100,460.000000,763,-3.453390,PI,FIFO,true,PI_FIFO,463.453390
15.490021,-1,18,10000.857000,20.983000,461.942427,460.753849,460.000000,765,-1.942427,PI,FIFO,true,PI_FIFO,461.942427
15.500035,-1,18,10014.432000,35.415000,462.662338,461.040122,460.000000,763,-2.662338,PI,FIFO,true,PI_FIFO,462.662338
15.510029,-1,18,9993.450000,28.865000,460.235641,460.919450,460.000000,766,-0.235641,PI,FIFO,true,PI_FIFO,460.235641
15.520022,-1,18,9993.394000,22.259000,456.965110,460.326299,460.000000,773,3.034890,PI,FIFO,true,PI_FIFO,456.965110
15.530020,-1,18,9998.117000,20.376000,455.982490,459.674728,460.000000,776,4.017510,PI,FIFO,true,PI_FIFO,455.982490
15.540019,-1,19,9998.913000,19.289000,454.864658,458.953217,460.000000,780,5.135342,PI,FIFO,true,PI_FIFO,454.864658
15.550019,-1,18,9999.691000,18.980000,458.211144,458.841906,460.000000,775,1.788856,PI,FIFO,true,PI_FIFO,458.211144
15.560019,-1,18,9999.561000,18.541000,462.182148,459.342943,460.000000,768,-2.182148,PI,FIFO,true,PI_FIFO,462.182148
15.570020,-1,18,10001.210000,19.751000,463.453390,459.959510,460.000000,765,-3.453390,PI,FIFO,true,PI_FIFO,463.453390
15.580019,-1,18,9998.783000,18.534000,461.942427,460.256947,460.000000,766,-1.942427,PI,FIFO,true,PI_FIFO,461.942427
15.590019,-1,18,10000.302000,18.836000,460.687961,460.321599,460.000000,768,-0.687961,PI,FIFO,true,PI_FIFO,460.687961
15.600019,-1,18,9999.746000,18.582000,458.376222,460.029793,460.000000,772,1.623778,PI,FIFO,true,PI_FIFO,458.376222
15.610020,-1,18,10001.617000,20.199000,462.050271,460.332865,460.000000,766,-2.050271,PI,FIFO,true,PI_FIFO,462.050271
15.620020,-1,18,10000.117000,20.316000,462.662338,460.682285,460.000000,764,-2.662338,PI,FIFO,true,PI_FIFO,462.662338
15.630021,-1,18,10001.172000,21.488000,461.714353,460.837096,460.000000,764,-1.714353,PI,FIFO,true,PI_FIFO,461.714353
15.640034,-1,18,10012.728000,34.216000,461.702955,460.966974,460.000000,764,-1.702955,PI,FIFO,true,PI_FIFO,461.702955
15.650045,-1,18,10010.488000,44.704000,455.097087,460.086491,460.000000,776,4.902913,PI,FIFO,true,PI_FIFO,455.097087
15.660024,-1,18,9979.746000,24.450000,456.786543,459.591499,460.000000,775,3.213457,PI,FIFO,true,PI_FIFO,456.786543
15.670020,-1,19,9995.820000,20.270000,453.385277,458.660566,460.000000,783,6.614723,PI,FIFO,true,PI_FIFO,453.385277
15.680019,-1,18,9998.839000,19.109000,458.702237,458.666816,460.000000,775,1.297763,PI,FIFO,true,PI_FIFO,458.702237
15.690019,-1,18,10000.135000,19.244000,462.582237,459.254129,460.000000,768,-2.582237,PI,FIFO,true,PI_FIFO,462.582237
15.700019,-1,18,10000.043000,19.287000,463.235294,459.851304,460.000000,766,-3.235294,PI,FIFO,true,PI_FIFO,463.235294
15.710029,-1,18,10009.228000,28.515000,462.902807,460.309030,460.000000,765,-2.902807,PI,FIFO,true,PI_FIFO,462.902807
15.720021,-1,18,9992.302000,20.817000,460.687961,460.365869,460.000000,768,-0.687961,PI,FIFO,true,PI_FIFO,460.687961
15.730020,-1,18,9998.802000,19.619000,460.033574,460.316025,460.000000,769,-0.033574,PI,FIFO,true,PI_FIFO,460.033574
15.740019,-1,18,9999.413000,19.032000,461.931018,460.558274,460.000000,765,-1.931018,PI,FIFO,true,PI_FIFO,461.931018
15.750019,-1,18,9999.820000,18.852000,461.570022,460.710036,460.000000,765,-1.570022,PI,FIFO,true,PI_FIFO,461.570022
15.760019,-1,18,9999.747000,18.599000,462.147887,460.925714,460.000000,763,-2.147887,PI,FIFO,true,PI_FIFO,462.147887
15.770028,-1,18,10009.376000,27.975000,461.224754,460.970570,460.000000,764,-1.224754,PI,FIFO,true,PI_FIFO,461.224754
15.780030,-1,18,10002.080000,30.055000,455.318116,460.122702,460.000000,776,4.681884,PI,FIFO,true,PI_FIFO,455.318116
15.790022,-1,18,9991.450000,21.505000,456.965110,459.649063,460.000000,774,3.034890,PI,FIFO,true,PI_FIFO,456.965110
15.800020,-1,19,9998.005000,19.510000,454.215116,458.833971,460.000000,781,5.784884,PI,FIFO,true,PI_FIFO,454.215116
15.810019,-1,18,9999.969000,19.479000,457.763672,458.673426,460.000000,776,2.236328,PI,FIFO,true,PI_FIFO,457.763672
15.820018,-1,18,9998.876000,18.355000,461.942427,459.163776,460.000000,769,-1.942427,PI,FIFO,true,PI_FIFO,461.942427
15.830019,-1,18,10000.302000,18.657000,462.799718,459.709168,460.000000,766,-2.799718,PI,FIFO,true,PI_FIFO,462.799718
15.840018,-1,18,9999.506000,18.163000,463.090011,460.216294,460.000000,765,-3.090011,PI,FIFO,true,PI_FIFO,463.090011
15.850018,-1,18,10000.079000,18.242000,459.558824,460.117673,460.000000,770,0.441176,PI,FIFO,true,PI_FIFO,459.558824
15.860019,-1,18,10000.413000,18.655000,459.085052,459.962780,460.000000,772,0.914948,PI,FIFO,true,PI_FIFO,459.085052
15.870018,-1,18,9999.654000,18.309000,462.050271,460.275904,460.000000,766,-2.050271,PI,FIFO,true,PI_FIFO,462.050271
15.880019,-1,18,10000.339000,18.648000,462.422118,460.597836,460.000000,765,-2.422118,PI,FIFO,true,PI_FIFO,462.422118
15.890019,-1,18,10000.061000,18.709000,462.582237,460.895496,460.000000,763,-2.582237,PI,FIFO,true,PI_FIFO,462.582237
15.900035,-1,18,10016.080000,34.789000,461.463731,460.980731,460.000000,764,-1.463731,PI,FIFO,true,PI_FIFO,461.463731
15.910031,-1,18,9995.969000,30.758000,456.081081,460.245784,460.000000,774,3.918919,PI,FIFO,true,PI_FIFO,456.081081
15.920021,-1,18,9989.913000,20.671000,456.151529,459.631646,460.000000,776,3.848471,PI,FIFO,true,PI_FIFO,456.151529
15.930029,-1,19,10008.080000,28.751000,454.606681,458.877901,460.000000,780,5.393319,PI,FIFO,true,PI_FIFO,454.606681
15.940020,-1,18,9991.616000,20.367000,457.423327,458.659715,460.000000,777,2.576673,PI,FIFO,true,PI_FIFO,457.423327
15.950019,-1,18,9998.839000,19.206000,462.050271,459.168298,460.000000,769,-2.050271,PI,FIFO,true,PI_FIFO,462.050271
15.960019,-1,18,9999.913000,19.119000,462.902807,459.728475,460.000000,767,-2.902807,PI,FIFO,true,PI_FIFO,462.902807
15.970021,-1,18,10001.710000,20.829000,463.017404,460.221814,460.000000,765,-3.017404,PI,FIFO,true,PI_FIFO,463.017404
15.980019,-1,18,9998.042000,18.871000,460.562227,460.272876,460.000000,769,-0.562227,PI,FIFO,true,PI_FIFO,460.562227
15.990023,-1,18,10004.080000,22.951000,460.203366,460.262449,460.000000,769,-0.203366,PI,FIFO,true,PI_FIFO,460.203366
16.000019,-1,18,9996.395000,19.346000,461.702955,460.478525,460.000000,766,-1.702955,PI,FIFO,true,PI_FIFO,461.702955
16.010023,-1,18,10003.339000,22.685000,461.595273,460.646037,460.000000,766,-1.595273,PI,FIFO,true,PI_FIFO,461.595273
16.020020,-1,18,9997.357000,20.042000,462.902807,460.984553,460.000000,762,-2.902807,PI,FIFO,true,PI_FIFO,462.902807
16.030021,-1,18,10001.284000,21.326000,460.687961,460.940064,460.000000,766,-0.687961,PI,FIFO,true,PI_FIFO,460.687961
16.040023,-1,18,10002.098000,23.424000,456.965110,460.343821,460.000000,773,3.034890,PI,FIFO,true,PI_FIFO,456.965110
16.050023,-1,18,9999.746000,23.170000,455.760817,459.656370,460.000000,776,4.239183,PI,FIFO,true,PI_FIFO,455.760817
16.060016,-1,19,9992.876000,16.046000,453.873050,458.788872,460.000000,782,6.126950,PI,FIFO,true,PI_FIFO,453.873050
16.070021,-1,18,10004.858000,20.904000,458.061889,458.679825,460.000000,776,1.938111,PI,FIFO,true,PI_FIFO,458.061889
16.080019,-1,18,9998.413000,19.317000,462.182148,459.205173,460.000000,769,-2.182148,PI,FIFO,true,PI_FIFO,462.182148
16.090022,-1,18,10003.154000,22.471000,462.506167,459.700322,460.000000,767,-2.506167,PI,FIFO,true,PI_FIFO,462.506167
16.100016,-1,18,9993.690000,16.161000,464.835595,460.470613,460.000000,762,-4.835595,PI,FIFO,true,PI_FIFO,464.835595
16.110033,-1,18,10016.395000,32.556000,460.203366,460.430526,460.000000,769,-0.203366,PI,FIFO,true,PI_FIFO,460.203366
16.120020,-1,18,9987.320000,19.876000,460.747543,460.478079,460.000000,768,-0.747543,PI,FIFO,true,PI_FIFO,460.747543
16.130024,-1,18,10004.414000,24.290000,460.009814,460.407839,460.000000,769,-0.009814,PI,FIFO,true,PI_FIFO,460.009814
16.140016,-1,18,9992.098000,16.388000,461.942427,460.638027,460.000000,765,-1.942427,PI,FIFO,true,PI_FIFO,461.942427
16.150021,-1,18,10004.728000,21.116000,463.235294,461.027617,460.000000,761,-3.235294,PI,FIFO,true,PI_FIFO,463.235294
16.160019,-1,18,9998.116000,19.232000,460.813763,460.995539,460.000000,765,-0.813763,PI,FIFO,true,PI_FIFO,460.813763
16.170022,-1,18,10003.117000,22.349000,456.786543,460.364190,460.000000,773,3.213457,PI,FIFO,true,PI_FIFO,456.786543
16.180015,-1,18,9992.950000,15.299000,455.834684,459.684764,460.000000,776,4.165316,PI,FIFO,true,PI_FIFO,455.834684
16.190025,-1,19,10009.284000,24.583000,454.676674,458.933550,460.000000,780,5.323326,PI,FIFO,true,PI_FIFO,454.676674
16.200027,-1,18,10002.246000,26.829000,457.904884,458.779250,460.000000,776,2.095116,PI,FIFO,true,PI_FIFO,457.904884
16.210018,-1,18,9991.654000,18.483000,462.050271,459.269904,460.000000,768,-2.050271,PI,FIFO,true,PI_FIFO,462.050271
16.220018,-1,18,9999.839000,18.322000,462.902807,459.814839,460.000000,766,-2.902807,PI,FIFO,true,PI_FIFO,462.902807
16.230018,-1,18,10000.006000,18.328000,463.017404,460.295224,460.000000,764,-3.017404,PI,FIFO,true,PI_FIFO,463.017404
16.240019,-1,18,10000.320000,18.648000,460.562227,460.335274,460.000000,768,-0.562227,PI,FIFO,true,PI_FIFO,460.562227
16.250017,-1,18,9998.209000,16.857000,460.203366,460.315488,460.000000,768,-0.203366,PI,FIFO,true,PI_FIFO,460.203366
16.260018,-1,18,10000.858000,17.715000,461.224754,460.451878,460.000000,766,-1.224754,PI,FIFO,true,PI_FIFO,461.224754
16.270022,-1,18,10004.228000,21.943000,460.914454,460.521264,460.000000,766,-0.914454,PI,FIFO,true,PI_FIFO,460.914454
16.280017,-1,18,9995.431000,17.374000,463.867188,461.023153,460.000000,760,-3.867188,PI,FIFO,true,PI_FIFO,463.867188
16.290017,-1,18,9999.802000,17.176000,460.203366,460.900185,460.000000,766,-0.203366,PI,FIFO,true,PI_FIFO,460.203366
16.300016,-1,18,9999.228000,16.404000,456.821873,460.288438,460.000000,772,3.178127,PI,FIFO,true,PI_FIFO,456.821873
16.310023,-1,18,10006.395000,22.799000,454.886784,459.478190,460.000000,778,5.113216,PI,FIFO,true,PI_FIFO,454.886784
16.320017,-1,19,9994.542000,17.341000,454.117330,458.674061,460.000000,781,5.882670,PI,FIFO,true,PI_FIFO,454.117330
16.330017,-1,18,9999.876000,17.217000,458.061889,458.582235,460.000000,776,1.938111,PI,FIFO,true,PI_FIFO,458.061889
16.340027,-1,18,10009.691000,26.908000,461.570022,459.030403,460.000000,770,-1.570022,PI,FIFO,true,PI_FIFO,461.570022
16.350025,-1,18,9998.062000,24.970000,464.108911,459.792179,460.000000,764,-4.108911,PI,FIFO,true,PI_FIFO,464.108911
16.360029,-1,18,10004.246000,29.216000,463.453390,460.341361,460.000000,764,-3.453390,PI,FIFO,true,PI_FIFO,463.453390
16.370020,-1,18,9991.228000,20.444000,459.809264,460.261546,460.000000,769,0.190736,PI,FIFO,true,PI_FIFO,459.809264
16.380017,-1,18,9996.302000,16.746000,459.558824,460.156138,460.000000,770,0.441176,PI,FIFO,true,PI_FIFO,459.558824
16.390020,-1,18,10003.191000,19.937000,461.822660,460.406116,460.000000,766,-1.822660,PI,FIFO,true,PI_FIFO,461.822660
16.400019,-1,18,9999.116000,19.053000,461.497890,460.569882,460.000000,766,-1.497890,PI,FIFO,true,PI_FIFO,461.497890
16.410019,-1,18,10000.321000,19.374000,464.108911,461.100737,460.000000,760,-4.108911,PI,FIFO,true,PI_FIFO,464.108911
16.420019,-1,18,9999.691000,19.065000,460.634066,461.030736,460.000000,765,-0.634066,PI,FIFO,true,PI_FIFO,460.634066
16.430019,-1,18,9999.635000,18.700000,457.565076,460.510887,460.000000,771,2.434924,PI,FIFO,true,PI_FIFO,457.565076
16.440019,-1,18,10000.098000,18.798000,455.307586,459.730392,460.000000,776,4.692414,PI,FIFO,true,PI_FIFO,455.307586
16.450019,-1,19,10000.321000,19.119000,454.117330,458.888433,460.000000,781,5.882670,PI,FIFO,true,PI_FIFO,454.117330
16.460019,-1,18,9999.820000,18.939000,458.702237,458.860503,460.000000,774,1.297763,PI,FIFO,true,PI_FIFO,458.702237
16.470018,-1,18,9999.469000,18.408000,460.059978,459.040425,460.000000,772,-0.059978,PI,FIFO,true,PI_FIFO,460.059978
16.480018,-1,18,9999.987000,18.395000,463.235294,459.669655,460.000000,765,-3.235294,PI,FIFO,true,PI_FIFO,463.235294
16.490019,-1,18,10000.505000,18.900000,464.568880,460.404539,460.000000,761,-4.568880,PI,FIFO,true,PI_FIFO,464.568880
16.500019,-1,18,9999.636000,18.536000,460.033574,460.348894,460.000000,769,-0.033574,PI,FIFO,true,PI_FIFO,460.033574
16.510030,-1,18,10010.969000,29.505000,458.916084,460.133973,460.000000,771,1.083916,PI,FIFO,true,PI_FIFO,458.916084
16.520021,-1,18,9991.264000,20.769000,461.317660,460.311526,460.000000,766,-1.317660,PI,FIFO,true,PI_FIFO,461.317660
16.530018,-1,18,9997.080000,17.849000,461.281631,460.457041,460.000000,766,-1.281631,PI,FIFO,true,PI_FIFO,461.281631
16.540017,-1,18,9999.172000,17.021000,464.108911,461.004822,460.000000,760,-4.108911,PI,FIFO,true,PI_FIFO,464.108911
16.550017,-1,18,9999.950000,16.971000,459.784208,460.821730,460.000000,767,0.215792,PI,FIFO,true,PI_FIFO,459.784208
16.560016,-1,18,9999.395000,16.366000,457.669579,460.348907,460.000000,771,2.330421,PI,FIFO,true,PI_FIFO,457.669579
16.570018,-1,18,10002.098000,18.464000,454.876274,459.528012,460.000000,777,5.123726,PI,FIFO,true,PI_FIFO,454.876274
16.580017,-1,19,9998.395000,16.859000,453.937309,458.689407,460.000000,781,6.062691,PI,FIFO,true,PI_FIFO,453.937309
16.590017,-1,18,10000.487000,17.346000,459.558824,458.819819,460.000000,773,0.441176,PI,FIFO,true,PI_FIFO,459.558824
16.600037,-1,18,10020.061000,37.407000,461.224754,459.180559,460.000000,770,-1.224754,PI,FIFO,true,PI_FIFO,461.224754
16.610021,-1,18,9983.543000,20.950000,463.867188,459.883554,460.000000,764,-3.867188,PI,FIFO,true,PI_FIFO,463.867188
16.620020,-1,18,9998.894000,19.844000,462.799718,460.320978,460.000000,764,-2.799718,PI,FIFO,true,PI_FIFO,462.799718
16.630019,-1,18,9999.469000,19.313000,458.809135,460.094202,460.000000,771,1.190865,PI,FIFO,true,PI_FIFO,458.809135
16.640019,-1,18,9999.617000,18.930000,460.634066,460.175182,460.000000,768,-0.634066,PI,FIFO,true,PI_FIFO,460.634066
16.650020,-1,18,10000.598000,19.528000,461.224754,460.332617,460.000000,767,-1.224754,PI,FIFO,true,PI_FIFO,461.224754
16.660019,-1,18,9999.561000,19.089000,460.461690,460.351978,460.000000,768,-0.461690,PI,FIFO,true,PI_FIFO,460.461690
16.670019,-1,18,10000.191000,19.280000,463.867188,460.879260,460.000000,761,-3.867188,PI,FIFO,true,PI_FIFO,463.867188
16.680020,-1,18,10000.524000,19.804000,460.634066,460.842481,460.000000,766,-0.634066,PI,FIFO,true,PI_FIFO,460.634066
16.690019,-1,18,9999.469000,19.273000,458.559783,460.500076,460.000000,769,1.440217,PI,FIFO,true,PI_FIFO,458.559783
16.700019,-1,18,9999.543000,18.816000,455.940250,459.816102,460.000000,775,4.059750,PI,FIFO,true,PI_FIFO,455.940250
16.710030,-1,19,10010.987000,29.803000,453.629032,458.888042,460.000000,781,6.370968,PI,FIFO,true,PI_FIFO,453.629032
16.720020,-1,18,9990.616000,20.419000,458.916084,458.892248,460.000000,774,1.083916,PI,FIFO,true,PI_FIFO,458.916084
16.730020,-1,18,9999.191000,19.610000,460.009814,459.059883,460.000000,772,-0.009814,PI,FIFO,true,PI_FIFO,460.009814
16.740028,-1,18,10008.173000,27.783000,463.625716,459.744758,460.000000,765,-3.625716,PI,FIFO,true,PI_FIFO,463.625716
16.750020,-1,18,9991.857000,19.640000,462.582237,460.170380,460.000000,765,-2.582237,PI,FIFO,true,PI_FIFO,462.582237
16.760019,-1,18,9999.265000,18.905000,460.813763,460.266887,460.000000,768,-0.813763,PI,FIFO,true,PI_FIFO,460.813763
16.770021,-1,18,10002.395000,21.300000,459.773470,460.192875,460.000000,769,0.226530,PI,FIFO,true,PI_FIFO,459.773470
16.780019,-1,18,9997.579000,18.879000,461.822660,460.437342,460.000000,765,-1.822660,PI,FIFO,true,PI_FIFO,461.822660
16.790019,-1,18,9999.765000,18.644000,460.849719,460.499199,460.000000,767,-0.849719,PI,FIFO,true,PI_FIFO,460.849719
16.800018,-1,18,9999.673000,18.317000,463.384495,460.931993,460.000000,761,-3.384495,PI,FIFO,true,PI_FIFO,463.384495
16.810018,-1,18,10000.061000,18.378000,460.687961,460.895388,460.000000,765,-0.687961,PI,FIFO,true,PI_FIFO,460.687961
16.820018,-1,18,9999.839000,18.217000,457.904884,460.446813,460.000000,770,2.095116,PI,FIFO,true,PI_FIFO,457.904884
16.830018,-1,18,10000.246000,18.463000,456.426485,459.843764,460.000000,774,3.573515,PI,FIFO,true,PI_FIFO,456.426485
16.840018,-1,19,9999.580000,18.043000,452.323514,458.715726,460.000000,784,7.676486,PI,FIFO,true,PI_FIFO,452.323514
16.850018,-1,18,10000.006000,18.049000,459.108717,458.774675,460.000000,774,0.891283,PI,FIFO,true,PI_FIFO,459.108717
16.860029,-1,18,10010.561000,28.610000,460.271318,458.999171,460.000000,772,-0.271318,PI,FIFO,true,PI_FIFO,460.271318
16.870019,-1,18,9990.209000,18.819000,464.108911,459.765632,460.000000,764,-4.108911,PI,FIFO,true,PI_FIFO,464.108911
16.880019,-1,18,9999.839000,18.658000,463.598901,460.340623,460.000000,763,-3.598901,PI,FIFO,true,PI_FIFO,463.598901
16.890019,-1,18,9999.895000,18.553000,460.418616,460.352322,460.000000,768,-0.418616,PI,FIFO,true,PI_FIFO,460.418616
16.900019,-1,18,10000.042000,18.595000,460.813763,460.421538,460.000000,767,-0.813763,PI,FIFO,true,PI_FIFO,460.813763
16.910028,-1,18,10009.099000,27.694000,460.203366,460.388812,460.000000,768,-0.203366,PI,FIFO,true,PI_FIFO,460.203366
16.920023,-1,18,9994.913000,22.607000,460.509307,460.406886,460.000000,767,-0.509307,PI,FIFO,true,PI_FIFO,460.509307
16.930020,-1,18,9997.653000,20.260000,463.453390,460.863862,460.000000,761,-3.453390,PI,FIFO,true,PI_FIFO,463.453390
16.940019,-1,18,9998.895000,19.155000,460.310966,460.780927,460.000000,766,-0.310966,PI,FIFO,true,PI_FIFO,460.310966
16.950019,-1,18,10000.024000,19.179000,458.275140,460.405059,460.000000,770,1.724860,PI,FIFO,true,PI_FIFO,458.275140
16.960023,-1,18,10004.210000,23.389000,457.069339,459.904701,460.000000,773,2.930661,PI,FIFO,true,PI_FIFO,457.069339
16.970020,-1,19,9996.839000,20.228000,453.629032,458.963351,460.000000,781,6.370968,PI,FIFO,true,PI_FIFO,453.629032
16.980019,-1,18,9998.394000,18.622000,458.310701,458.865453,460.000000,774,1.689299,PI,FIFO,true,PI_FIFO,458.310701
16.990034,-1,18,10015.450000,34.072000,459.773470,459.001656,460.000000,772,0.226530,PI,FIFO,true,PI_FIFO,459.773470
17.000030,-1,18,9996.413000,30.485000,463.867188,459.731486,460.000000,764,-3.867188,PI,FIFO,true,PI_FIFO,463.867188
17.010031,-1,18,10000.247000,30.732000,463.143526,460.243292,460.000000,764,-3.143526,PI,FIFO,true,PI_FIFO,463.143526
17.020020,-1,18,9989.024000,19.756000,459.558824,460.140621,460.000000,770,0.441176,PI,FIFO,true,PI_FIFO,459.558824
17.030019,-1,18,9999.005000,18.761000,461.942427,460.410892,460.000000,765,-1.942427,PI,FIFO,true,PI_FIFO,461.942427
17.040020,-1,18,10001.414000,20.175000,459.333660,460.249307,460.000000,770,0.666340,PI,FIFO,true,PI_FIFO,459.333660
17.050021,-1,18,10001.005000,21.180000,461.224754,460.395624,460.000000,766,-1.224754,PI,FIFO,true,PI_FIFO,461.224754
17.060021,-1,18,9999.524000,20.704000,463.453390,460.854289,460.000000,761,-3.453390,PI,FIFO,true,PI_FIFO,463.453390
17.070020,-1,18,9999.210000,19.914000,459.809264,460.697536,460.000000,767,0.190736,PI,FIFO,true,PI_FIFO,459.809264
17.080019,-1,18,9998.987000,18.901000,458.702237,460.398241,460.000000,769,1.297763,PI,FIFO,true,PI_FIFO,458.702237
17.090015,-1,18,9996.580000,15.481000,457.317073,459.936066,460.000000,773,2.682927,PI,FIFO,true,PI_FIFO,457.317073
17.100019,-1,19,10003.116000,18.597000,454.047509,459.052782,460.000000,780,5.952491,PI,FIFO,true,PI_FIFO,454.047509
17.110031,-1,18,10012.636000,31.233000,459.058760,459.053679,460.000000,773,0.941240,PI,FIFO,true,PI_FIFO,459.058760
17.120018,-1,18,9986.579000,17.812000,459.344377,459.097283,460.000000,773,0.655623,PI,FIFO,true,PI_FIFO,459.344377
17.130020,-1,18,10002.025000,19.837000,463.867188,459.812769,460.000000,764,-3.867188,PI,FIFO,true,PI_FIFO,463.867188
17.140019,-1,18,9998.672000,18.509000,462.734452,460.251022,460.000000,765,-2.734452,PI,FIFO,true,PI_FIFO,462.734452
17.150019,-1,18,10000.117000,18.626000,459.796076,460.182780,460.000000,769,0.203924,PI,FIFO,true,PI_FIFO,459.796076
17.160031,-1,18,10012.672000,31.298000,460.849719,460.282821,460.000000,767,-0.849719,PI,FIFO,true,PI_FIFO,460.849719
17.170020,-1,18,9988.950000,20.248000,459.308655,460.136696,460.000000,770,0.691345,PI,FIFO,true,PI_FIFO,459.308655
17.180024,-1,18,10003.876000,24.124000,462.364960,460.470936,460.000000,764,-2.364960,PI,FIFO,true,PI_FIFO,462.364960
17.190020,-1,18,9995.746000,19.870000,461.463731,460.619855,460.000000,765,-1.463731,PI,FIFO,true,PI_FIFO,461.463731
17.200022,-1,18,10002.451000,22.321000,461.368110,460.732093,460.000000,765,-1.368110,PI,FIFO,true,PI_FIFO,461.368110
17.210025,-1,18,10003.061000,25.382000,459.796076,460.591691,460.000000,767,0.203924,PI,FIFO,true,PI_FIFO,459.796076
17.220024,-1,18,9998.894000,24.276000,455.982490,459.900311,460.000000,775,4.017510,PI,FIFO,true,PI_FIFO,455.982490
17.230020,-1,19,9995.895000,20.171000,453.475051,458.936522,460.000000,781,6.524949,PI,FIFO,true,PI_FIFO,453.475051
17.240028,-1,18,10007.598000,27.769000,457.210869,458.677674,460.000000,777,2.789131,PI,FIFO,true,PI_FIFO,457.210869
17.250028,-1,18,9999.913000,27.682000,460.562227,458.960357,460.000000,771,-0.562227,PI,FIFO,true,PI_FIFO,460.562227
17.260018,-1,18,9990.765000,18.447000,463.890198,459.699833,460.000000,764,-3.890198,PI,FIFO,true,PI_FIFO,463.890198
17.270020,-1,18,10001.895000,20.342000,463.625716,460.288715,460.000000,763,-3.625716,PI,FIFO,true,PI_FIFO,463.625716
17.280018,-1,18,9997.209000,17.551000,459.130131,460.114928,460.000000,771,0.869869,PI,FIFO,true,PI_FIFO,459.130131
17.290019,-1,18,10000.987000,18.538000,461.317660,460.295337,460.000000,767,-1.317660,PI,FIFO,true,PI_FIFO,461.317660
17.300017,-1,18,9998.821000,17.359000,459.344377,460.152693,460.000000,770,0.655623,PI,FIFO,true,PI_FIFO,459.344377
17.310019,-1,18,10001.746000,19.105000,462.182148,460.457112,460.000000,765,-2.182148,PI,FIFO,true,PI_FIFO,462.182148
17.320017,-1,18,9998.117000,17.222000,462.734452,460.798713,460.000000,763,-2.734452,PI,FIFO,true,PI_FIFO,462.734452
17.330018,-1,18,10000.783000,18.005000,460.747543,460.791037,460.000000,766,-0.747543,PI,FIFO,true,PI_FIFO,460.747543
17.340017,-1,18,9999.080000,17.085000,459.344377,460.574038,460.000000,768,0.655623,PI,FIFO,true,PI_FIFO,459.344377
17.350017,-1,18,10000.080000,17.165000,456.081081,459.900095,460.000000,775,3.918919,PI,FIFO,true,PI_FIFO,456.081081
17.360017,-1,18,10000.098000,17.263000,455.097087,459.179644,460.000000,778,4.902913,PI,FIFO,true,PI_FIFO,455.097087
17.370017,-1,18,9999.802000,17.065000,456.730769,458.812312,460.000000,777,3.269231,PI,FIFO,true,PI_FIFO,456.730769
17.380018,-1,18,10001.228000,18.293000,459.344377,458.892122,460.000000,773,0.655623,PI,FIFO,true,PI_FIFO,459.344377
17.390017,-1,18,9998.450000,16.743000,463.598901,459.598139,460.000000,765,-3.598901,PI,FIFO,true,PI_FIFO,463.598901
17.400018,-1,18,10000.894000,17.637000,462.364960,460.013162,460.000000,766,-2.364960,PI,FIFO,true,PI_FIFO,462.364960
17.410018,-1,18,10000.080000,17.717000,460.562227,460.095522,460.000000,769,-0.562227,PI,FIFO,true,PI_FIFO,460.562227
17.420017,-1,18,9999.246000,16.963000,460.849719,460.208651,460.000000,768,-0.849719,PI,FIFO,true,PI_FIFO,460.849719
17.430018,-1,18,10000.710000,17.673000,459.321815,460.075626,460.000000,771,0.678185,PI,FIFO,true,PI_FIFO,459.321815
17.440018,-1,18,10000.043000,17.716000,461.714353,460.321435,460.000000,766,-1.714353,PI,FIFO,true,PI_FIFO,461.714353
17.450017,-1,18,9999.561000,17.277000,463.598901,460.813055,460.000000,762,-3.598901,PI,FIFO,true,PI_FIFO,463.598901
17.460018,-1,18,10000.765000,18.042000,460.634066,460.786207,460.000000,766,-0.634066,PI,FIFO,true,PI_FIFO,460.634066
17.470018,-1,18,9999.616000,17.658000,460.509307,460.744672,460.000000,766,-0.509307,PI,FIFO,true,PI_FIFO,460.509307
17.480017,-1,18,9999.488000,17.146000,455.539359,459.963875,460.000000,776,4.460641,PI,FIFO,true,PI_FIFO,455.539359
17.490018,-1,19,10000.394000,17.540000,454.851752,459.197056,460.000000,779,5.148248,PI,FIFO,true,PI_FIFO,454.851752
17.500037,-1,19,10019.654000,37.194000,455.940250,458.708535,460.000000,779,4.059750,PI,FIFO,true,PI_FIFO,455.940250
17.510022,-1,18,9985.302000,22.496000,460.033574,458.907291,460.000000,772,-0.033574,PI,FIFO,true,PI_FIFO,460.033574
17.520024,-1,18,10001.950000,24.446000,464.327830,459.720372,460.000000,764,-4.327830,PI,FIFO,true,PI_FIFO,464.327830
17.530020,-1,18,9995.283000,19.729000,463.598901,460.302151,460.000000,764,-3.598901,PI,FIFO,true,PI_FIFO,463.598901
17.540022,-1,18,10002.376000,22.105000,459.558824,460.190652,460.000000,770,0.441176,PI,FIFO,true,PI_FIFO,459.558824
17.550019,-1,18,9997.006000,19.111000,460.509307,460.238450,460.000000,768,-0.509307,PI,FIFO,true,PI_FIFO,460.509307
17.560019,-1,18,10000.117000,19.228000,460.687961,460.305877,460.000000,768,-0.687961,PI,FIFO,true,PI_FIFO,460.687961
17.570018,-1,18,9998.302000,17.530000,461.702955,460.515439,460.000000,765,-1.702955,PI,FIFO,true,PI_FIFO,461.702955
17.580018,-1,18,10000.191000,17.721000,463.017404,460.890733,460.000000,762,-3.017404,PI,FIFO,true,PI_FIFO,463.017404
17.590017,-1,18,9999.542000,17.263000,460.562227,460.841457,460.000000,766,-0.562227,PI,FIFO,true,PI_FIFO,460.562227
17.600018,-1,18,10000.302000,17.565000,460.634066,460.810349,460.000000,765,-0.634066,PI,FIFO,true,PI_FIFO,460.634066
17.610017,-1,18,9999.784000,17.349000,454.851752,459.916559,460.000000,777,5.148248,PI,FIFO,true,PI_FIFO,454.851752
17.620025,-1,18,10007.487000,24.836000,455.097087,459.193639,460.000000,778,4.902913,PI,FIFO,true,PI_FIFO,455.097087
17.630020,-1,18,9995.061000,19.897000,457.317073,458.912154,460.000000,776,2.682927,PI,FIFO,true,PI_FIFO,457.317073
17.640023,-1,18,10002.784000,22.681000,457.848837,458.752656,460.000000,776,2.151163,PI,FIFO,true,PI_FIFO,457.848837
17.650019,-1,18,9996.394000,19.075000,465.132304,459.709603,460.000000,762,-5.132304,PI,FIFO,true,PI_FIFO,465.132304
17.660022,-1,18,10002.765000,21.840000,461.931018,460.042816,460.000000,767,-1.931018,PI,FIFO,true,PI_FIFO,461.931018
17.670021,-1,18,9998.820000,20.660000,459.796076,460.005805,460.000000,770,0.203924,PI,FIFO,true,PI_FIFO,459.796076
17.680024,-1,18,10002.858000,23.518000,460.914454,460.142102,460.000000,768,-0.914454,PI,FIFO,true,PI_FIFO,460.914454
17.690020,-1,18,9996.061000,19.579000,459.796076,460.090198,460.000000,770,0.203924,PI,FIFO,true,PI_FIFO,459.796076
17.700021,-1,18,10001.524000,21.103000,461.497890,460.301352,460.000000,766,-1.497890,PI,FIFO,true,PI_FIFO,461.497890
17.710020,-1,18,9999.099000,20.202000,464.108911,460.872486,460.000000,761,-4.108911,PI,FIFO,true,PI_FIFO,464.108911
17.720018,-1,18,9997.561000,17.763000,460.418616,460.804405,460.000000,766,-0.418616,PI,FIFO,true,PI_FIFO,460.418616
17.730018,-1,18,9999.857000,17.620000,461.463731,460.903304,460.000000,764,-1.463731,PI,FIFO,true,PI_FIFO,461.463731
17.740027,-1,18,10008.932000,26.552000,455.760817,460.131931,460.000000,775,4.239183,PI,FIFO,true,PI_FIFO,455.760817
17.750028,-1,18,10001.006000,27.558000,455.329755,459.411605,460.000000,777,4.670245,PI,FIFO,true,PI_FIFO,455.329755
17.760025,-1,18,9997.524000,25.082000,456.730769,459.009479,460.000000,776,3.269231,PI,FIFO,true,PI_FIFO,456.730769
17.770020,-1,18,9995.024000,20.106000,457.763672,458.822608,460.000000,776,2.236328,PI,FIFO,true,PI_FIFO,457.763672
17.780021,-1,18,10000.431000,20.537000,464.546956,459.681260,460.000000,763,-4.546956,PI,FIFO,true,PI_FIFO,464.546956
17.790017,-1,18,9996.358000,16.895000,462.182148,460.056394,460.000000,766,-2.182148,PI,FIFO,true,PI_FIFO,462.182148
17.800019,-1,18,10002.413000,19.308000,460.461690,460.117188,460.000000,769,-0.461690,PI,FIFO,true,PI_FIFO,460.461690
17.810018,-1,18,9998.728000,18.036000,460.813763,460.221674,460.000000,768,-0.813763,PI,FIFO,true,PI_FIFO,460.813763
17.820016,-1,18,9997.580000,15.616000,460.203366,460.218928,460.000000,769,-0.203366,PI,FIFO,true,PI_FIFO,460.203366
17.830022,-1,18,10006.487000,22.103000,461.141171,460.357264,460.000000,767,-1.141171,PI,FIFO,true,PI_FIFO,461.141171
17.840017,-1,18,9994.635000,16.738000,463.143526,460.775204,460.000000,762,-3.143526,PI,FIFO,true,PI_FIFO,463.143526
17.850018,-1,18,10001.228000,17.966000,460.914454,460.796091,460.000000,765,-0.914454,PI,FIFO,true,PI_FIFO,460.914454
17.860016,-1,18,9998.302000,16.268000,460.986025,460.824581,460.000000,765,-0.986025,PI,FIFO,true,PI_FIFO,460.986025
17.870019,-1,18,10002.431000,18.699000,456.426485,460.164867,460.000000,773,3.573515,PI,FIFO,true,PI_FIFO,456.426485
17.880018,-1,18,9999.210000,17.909000,454.851752,459.367900,460.000000,778,5.148248,PI,FIFO,true,PI_FIFO,454.851752
17.890020,-1,18,10001.746000,19.655000,455.729167,458.822090,460.000000,778,4.270833,PI,FIFO,true,PI_FIFO,455.729167
17.900023,-1,18,10002.950000,22.605000,457.317073,458.596337,460.000000,777,2.682927,PI,FIFO,true,PI_FIFO,457.317073
17.910028,-1,18,10005.302000,27.907000,464.108911,459.423223,460.000000,765,-4.108911,PI,FIFO,true,PI_FIFO,464.108911
17.920024,-1,18,9996.154000,24.061000,462.662338,459.909090,460.000000,766,-2.662338,PI,FIFO,true,PI_FIFO,462.662338
17.930020,-1,18,9995.580000,19.641000,461.281631,460.114971,460.000000,767,-1.281631,PI,FIFO,true,PI_FIFO,461.281631
17.940022,-1,18,10002.283000,21.924000,460.461690,460.166979,460.000000,769,-0.461690,PI,FIFO,true,PI_FIFO,460.461690
17.950016,-1,18,9994.339000,16.263000,459.796076,460.111344,460.000000,770,0.203924,PI,FIFO,true,PI_FIFO,459.796076
17.960025,-1,18,10008.580000,24.843000,462.506167,460.470567,460.000000,764,-2.506167,PI,FIFO,true,PI_FIFO,462.506167
17.970020,-1,18,9994.876000,19.719000,463.384495,460.907656,460.000000,762,-3.384495,PI,FIFO,true,PI_FIFO,463.384495
17.980023,-1,18,10003.320000,23.039000,461.065574,460.931344,460.000000,765,-1.065574,PI,FIFO,true,PI_FIFO,461.065574
17.990019,-1,18,9996.284000,19.323000,461.065574,460.951478,460.000000,764,-1.065574,PI,FIFO,true,PI_FIFO,461.065574
18.000035,-1,18,10015.228000,34.551000,456.496668,460.283257,460.000000,773,3.503332,PI,FIFO,true,PI_FIFO,456.496668
18.010021,-1,18,9986.061000,20.612000,454.676674,459.442270,460.000000,778,5.323326,PI,FIFO,true,PI_FIFO,454.676674
18.020024,-1,18,10003.302000,23.914000,456.081081,458.938091,460.000000,777,3.918919,PI,FIFO,true,PI_FIFO,456.081081
18.030021,-1,18,9996.802000,20.716000,457.763672,458.761928,460.000000,776,2.236328,PI,FIFO,true,PI_FIFO,457.763672
18.040022,-1,18,10000.820000,21.536000,463.867188,459.527717,460.000000,765,-3.867188,PI,FIFO,true,PI_FIFO,463.867188
18.050020,-1,18,9998.395000,19.931000,462.582237,459.985895,460.000000,766,-2.582237,PI,FIFO,true,PI_FIFO,462.582237
18.060024,-1,18,10004.098000,24.029000,461.942427,460.279375,460.000000,766,-1.942427,PI,FIFO,true,PI_FIFO,461.942427
18.070020,-1,18,9995.932000,19.961000,460.461690,460.306722,460.000000,768,-0.461690,PI,FIFO,true,PI_FIFO,460.461690
18.080021,-1,18,10001.450000,21.411000,459.344377,460.162370,460.000000,770,0.655623,PI,FIFO,true,PI_FIFO,459.344377
18.090020,-1,18,9998.283000,19.694000,463.384495,460.645689,460.000000,762,-3.384495,PI,FIFO,true,PI_FIFO,463.384495
18.100021,-1,18,10001.691000,21.385000,461.368110,460.754052,460.000000,765,-1.368110,PI,FIFO,true,PI_FIFO,461.368110
18.110034,-1,18,10012.747000,34.132000,461.463731,460.860504,460.000000,764,-1.463731,PI,FIFO,true,PI_FIFO,461.463731
18.120025,-1,18,9990.913000,25.045000,460.509307,460.807825,460.000000,765,-0.509307,PI,FIFO,true,PI_FIFO,460.509307
18.130020,-1,18,9995.061000,20.106000,456.648807,460.183972,460.000000,773,3.351193,PI,FIFO,true,PI_FIFO,456.648807
18.140021,-1,18,10001.339000,21.445000,454.466759,459.326390,460.000000,778,5.533241,PI,FIFO,true,PI_FIFO,454.466759
18.150020,-1,19,9998.246000,19.691000,455.342688,458.728835,460.000000,779,4.657312,PI,FIFO,true,PI_FIFO,455.342688
18.160022,-1,18,10002.784000,22.475000,457.094100,458.483624,460.000000,777,2.905900,PI,FIFO,true,PI_FIFO,457.094100
18.170020,-1,18,9997.413000,19.888000,464.108911,459.327417,460.000000,765,-4.108911,PI,FIFO,true,PI_FIFO,464.108911
18.180022,-1,18,10001.653000,21.541000,463.017404,459.880915,460.000000,765,-3.017404,PI,FIFO,true,PI_FIFO,463.017404
18.190019,-1,18,9997.358000,18.899000,460.986025,460.046682,460.000000,768,-0.986025,PI,FIFO,true,PI_FIFO,460.986025
18.200022,-1,18,10003.135000,22.034000,460.461690,460.108933,460.000000,769,-0.461690,PI,FIFO,true,PI_FIFO,460.461690
18.210019,-1,18,9997.265000,19.299000,458.376222,459.849026,460.000000,773,1.623778,PI,FIFO,true,PI_FIFO,458.376222
18.220022,-1,18,10002.413000,21.712000,463.453390,460.389681,460.000000,763,-3.453390,PI,FIFO,true,PI_FIFO,463.453390
18.230020,-1,18,9997.969000,19.681000,462.075575,460.642565,460.000000,764,-2.075575,PI,FIFO,true,PI_FIFO,462.075575
18.240030,-1,18,10010.043000,29.724000,462.799718,460.966138,460.000000,762,-2.799718,PI,FIFO,true,PI_FIFO,462.799718
18.250032,-1,18,10002.431000,32.155000,460.271318,460.861915,460.000000,766,-0.271318,PI,FIFO,true,PI_FIFO,460.271318
18.260025,-1,18,9993.284000,25.439000,455.834684,460.107830,460.000000,775,4.165316,PI,FIFO,true,PI_FIFO,455.834684
18.270022,-1,18,9996.987000,22.426000,455.518279,459.419398,460.000000,777,4.481721,PI,FIFO,true,PI_FIFO,455.518279
18.280023,-1,19,10000.654000,23.080000,455.342688,458.807891,460.000000,779,4.657312,PI,FIFO,true,PI_FIFO,455.342688
18.290020,-1,18,9996.709000,19.789000,457.635983,458.632105,460.000000,777,2.364017,PI,FIFO,true,PI_FIFO,457.635983
18.300022,-1,18,10001.968000,21.757000,463.867188,459.417367,460.000000,765,-3.867188,PI,FIFO,true,PI_FIFO,463.867188
18.310028,-1,18,10005.951000,27.708000,463.879268,460.086652,460.000000,764,-3.879268,PI,FIFO,true,PI_FIFO,463.879268
18.320026,-1,18,9998.265000,25.973000,461.702955,460.329098,460.000000,766,-1.702955,PI,FIFO,true,PI_FIFO,461.702955
18.330020,-1,18,9993.950000,19.923000,460.203366,460.310238,460.000000,769,-0.203366,PI,FIFO,true,PI_FIFO,460.203366
18.340023,-1,18,10003.098000,23.021000,458.061889,459.972986,460.000000,773,1.938111,PI,FIFO,true,PI_FIFO,458.061889
18.350020,-1,18,9997.246000,20.267000,463.671691,460.527791,460.000000,762,-3.671691,PI,FIFO,true,PI_FIFO,463.671691
18.360022,-1,18,10002.210000,22.477000,460.509307,460.525019,460.000000,767,-0.509307,PI,FIFO,true,PI_FIFO,460.509307
18.370026,-1,18,10003.228000,25.705000,463.420662,460.959365,460.000000,761,-3.420662,PI,FIFO,true,PI_FIFO,463.420662
18.380024,-1,18,9998.690000,24.395000,459.558824,460.749284,460.000000,767,0.441176,PI,FIFO,true,PI_FIFO,459.558824
18.390026,-1,18,10001.765000,26.160000,456.648807,460.134212,460.000000,773,3.351193,PI,FIFO,true,PI_FIFO,456.648807
18.400023,-1,18,9997.284000,23.444000,455.097087,459.378644,460.000000,778,4.902913,PI,FIFO,true,PI_FIFO,455.097087
18.410020,-1,19,9996.839000,20.283000,455.097087,458.736410,460.000000,780,4.902913,PI,FIFO,true,PI_FIFO,455.097087
18.420021,-1,18,10001.098000,21.381000,458.376222,458.682382,460.000000,775,1.623778,PI,FIFO,true,PI_FIFO,458.376222
18.430017,-1,18,9995.265000,16.646000,462.582237,459.267360,460.000000,768,-2.582237,PI,FIFO,true,PI_FIFO,462.582237
18.440032,-1,18,10015.691000,32.337000,463.867188,459.957334,460.000000,764,-3.867188,PI,FIFO,true,PI_FIFO,463.867188
18.450028,-1,18,9995.950000,28.287000,461.281631,460.155979,460.000000,768,-1.281631,PI,FIFO,true,PI_FIFO,461.281631
18.460024,-1,18,9995.783000,24.070000,461.463731,460.352142,460.000000,767,-1.463731,PI,FIFO,true,PI_FIFO,461.463731
18.470021,-1,18,9996.969000,21.039000,459.058760,460.158134,460.000000,771,0.941240,PI,FIFO,true,PI_FIFO,459.058760
18.480015,-1,18,9994.302000,15.341000,462.582237,460.521750,460.000000,764,-2.582237,PI,FIFO,true,PI_FIFO,462.582237
18.490015,-1,18,9999.931000,15.272000,461.368110,460.648704,460.000000,766,-1.368110,PI,FIFO,true,PI_FIFO,461.368110
18.500016,-1,18,10000.339000,15.611000,463.384495,461.059072,460.000000,761,-3.384495,PI,FIFO,true,PI_FIFO,463.384495
18.510025,-1,18,10008.895000,24.506000,460.461690,460.969465,460.000000,766,-0.461690,PI,FIFO,true,PI_FIFO,460.461690
18.520014,-1,18,9989.968000,14.474000,456.363004,460.278496,460.000000,773,3.636996,PI,FIFO,true,PI_FIFO,456.363004
18.530017,-1,18,10002.376000,16.850000,455.588553,459.575004,460.000000,776,4.411447,PI,FIFO,true,PI_FIFO,455.588553
18.540017,-1,19,9999.784000,16.634000,454.435288,458.804047,460.000000,781,5.564712,PI,FIFO,true,PI_FIFO,454.435288
18.550017,-1,18,10000.172000,16.806000,457.317073,458.581001,460.000000,777,2.682927,PI,FIFO,true,PI_FIFO,457.317073
18.560016,-1,18,9999.098000,15.904000,462.582237,459.181186,460.000000,768,-2.582237,PI,FIFO,true,PI_FIFO,462.582237
18.570019,-1,18,10003.377000,19.281000,463.649852,459.851486,460.000000,765,-3.649852,PI,FIFO,true,PI_FIFO,463.649852
18.580019,-1,18,9999.413000,18.694000,461.702955,460.129206,460.000000,767,-1.702955,PI,FIFO,true,PI_FIFO,461.702955
18.590019,-1,18,9999.950000,18.644000,460.203366,460.140330,460.000000,769,-0.203366,PI,FIFO,true,PI_FIFO,460.203366
18.600018,-1,18,9999.802000,18.446000,459.308655,460.015579,460.000000,771,0.691345,PI,FIFO,true,PI_FIFO,459.308655
18.610018,-1,18,9999.635000,18.081000,462.582237,460.400578,460.000000,765,-2.582237,PI,FIFO,true,PI_FIFO,462.582237
18.620027,-1,18,10008.469000,26.550000,461.570022,460.575994,460.000000,766,-1.570022,PI,FIFO,true,PI_FIFO,461.570022
18.630020,-1,18,9993.487000,20.037000,462.799718,460.909553,460.000000,763,-2.799718,PI,FIFO,true,PI_FIFO,462.799718
18.640018,-1,18,9998.283000,18.320000,460.986025,460.921024,460.000000,765,-0.986025,PI,FIFO,true,PI_FIFO,460.986025
18.650019,-1,18,10000.395000,18.715000,455.539359,460.113774,460.000000,775,4.460641,PI,FIFO,true,PI_FIFO,455.539359
18.660019,-1,18,10000.228000,18.943000,456.965110,459.641474,460.000000,774,3.034890,PI,FIFO,true,PI_FIFO,456.965110
18.670019,-1,19,9999.746000,18.689000,453.995157,458.794527,460.000000,782,6.004843,PI,FIFO,true,PI_FIFO,453.995157
18.680019,-1,18,10000.117000,18.806000,458.559783,458.759315,460.000000,775,1.440217,PI,FIFO,true,PI_FIFO,458.559783
18.690018,-1,18,9999.376000,18.182000,462.799718,459.365376,460.000000,767,-2.799718,PI,FIFO,true,PI_FIFO,462.799718
18.700037,-1,18,10019.117000,37.299000,462.662338,459.859920,460.000000,766,-2.662338,PI,FIFO,true,PI_FIFO,462.662338
18.710027,-1,18,9989.820000,27.119000,462.799718,460.300890,460.000000,765,-2.799718,PI,FIFO,true,PI_FIFO,462.799718
18.720022,-1,18,9994.561000,21.680000,460.986025,460.403660,460.000000,767,-0.986025,PI,FIFO,true,PI_FIFO,460.986025
18.730020,-1,18,9998.321000,20.001000,459.108717,460.209418,460.000000,771,0.891283,PI,FIFO,true,PI_FIFO,459.108717
18.740019,-1,18,9998.820000,18.821000,462.902807,460.613427,460.000000,764,-2.902807,PI,FIFO,true,PI_FIFO,462.902807
18.750019,-1,18,10000.561000,19.382000,461.497890,460.746096,460.000000,765,-1.497890,PI,FIFO,true,PI_FIFO,461.497890
18.760019,-1,18,9999.321000,18.703000,462.075575,460.945518,460.000000,763,-2.075575,PI,FIFO,true,PI_FIFO,462.075575
18.770021,-1,18,10002.654000,21.357000,461.065574,460.963526,460.000000,765,-1.065574,PI,FIFO,true,PI_FIFO,461.065574
18.780019,-1,18,9998.135000,19.492000,455.097087,460.083561,460.000000,776,4.902913,PI,FIFO,true,PI_FIFO,455.097087
18.790036,-1,18,10016.265000,35.757000,456.029186,459.475404,460.000000,776,3.970814,PI,FIFO,true,PI_FIFO,456.029186
18.800032,-1,19,9996.598000,32.355000,454.257037,458.692649,460.000000,781,5.742963,PI,FIFO,true,PI_FIFO,454.257037
18.810021,-1,18,9988.228000,20.583000,457.904884,458.574485,460.000000,776,2.095116,PI,FIFO,true,PI_FIFO,457.904884
18.820019,-1,18,9997.931000,18.514000,462.050271,459.095853,460.000000,769,-2.050271,PI,FIFO,true,PI_FIFO,462.050271
18.830020,-1,18,10001.488000,20.002000,461.702955,459.486918,460.000000,769,-1.702955,PI,FIFO,true,PI_FIFO,461.702955
18.840020,-1,18,10000.153000,20.155000,463.017404,460.016491,460.000000,766,-3.017404,PI,FIFO,true,PI_FIFO,463.017404
18.850019,-1,18,9998.358000,18.513000,460.813763,460.136082,460.000000,769,-0.813763,PI,FIFO,true,PI_FIFO,460.813763
18.860018,-1,18,9999.876000,18.389000,459.988318,460.113917,460.000000,770,0.011682,PI,FIFO,true,PI_FIFO,459.988318
18.870017,-1,18,9999.006000,17.395000,462.422118,460.460147,460.000000,765,-2.422118,PI,FIFO,true,PI_FIFO,462.422118
18.880016,-1,18,9998.635000,16.030000,462.506167,460.767050,460.000000,764,-2.506167,PI,FIFO,true,PI_FIFO,462.506167
18.890016,-1,18,10000.172000,16.202000,462.582237,461.039328,460.000000,763,-2.582237,PI,FIFO,true,PI_FIFO,462.582237
18.900016,-1,18,9999.432000,15.634000,460.059978,460.892426,460.000000,767,-0.059978,PI,FIFO,true,PI_FIFO,460.059978
18.910028,-1,18,10012.580000,28.214000,455.729167,460.117937,460.000000,775,4.270833,PI,FIFO,true,PI_FIFO,455.729167
18.920033,-1,18,10004.376000,32.590000,457.069339,459.660647,460.000000,774,2.930661,PI,FIFO,true,PI_FIFO,457.069339
18.930034,-1,19,10001.042000,33.632000,453.995157,458.810824,460.000000,782,6.004843,PI,FIFO,true,PI_FIFO,453.995157
18.940018,-1,18,9984.358000,17.990000,458.140432,458.710265,460.000000,776,1.859568,PI,FIFO,true,PI_FIFO,458.140432
18.950017,-1,18,9998.894000,16.884000,462.278107,459.245441,460.000000,769,-2.278107,PI,FIFO,true,PI_FIFO,462.278107
18.960014,-1,18,9996.913000,13.797000,462.422118,459.721943,460.000000,767,-2.422118,PI,FIFO,true,PI_FIFO,462.422118
18.970019,-1,18,10004.895000,18.692000,464.546956,460.445695,460.000000,762,-4.546956,PI,FIFO,true,PI_FIFO,464.546956
18.980019,-1,18,10000.246000,18.938000,459.784208,460.346472,460.000000,770,0.215792,PI,FIFO,true,PI_FIFO,459.784208
18.990019,-1,18,9999.765000,18.703000,460.986025,460.442405,460.000000,767,-0.986025,PI,FIFO,true,PI_FIFO,460.986025
19.000019,-1,18,9999.895000,18.598000,461.368110,460.581261,460.000000,766,-1.368110,PI,FIFO,true,PI_FIFO,461.368110
19.010019,-1,18,10000.005000,18.603000,460.747543,460.606203,460.000000,767,-0.747543,PI,FIFO,true,PI_FIFO,460.747543
19.020021,-1,18,10002.228000,20.831000,462.799718,460.935230,460.000000,763,-2.799718,PI,FIFO,true,PI_FIFO,462.799718
19.030019,-1,18,9998.284000,19.115000,461.317660,460.992595,460.000000,764,-1.317660,PI,FIFO,true,PI_FIFO,461.317660
19.040023,-1,18,10004.098000,23.213000,455.729167,460.203080,460.000000,775,4.270833,PI,FIFO,true,PI_FIFO,455.729167
19.050020,-1,18,9996.765000,19.978000,456.081081,459.584781,460.000000,776,3.918919,PI,FIFO,true,PI_FIFO,456.081081
19.060017,-1,19,9997.394000,17.372000,454.886784,458.880081,460.000000,780,5.113216,PI,FIFO,true,PI_FIFO,454.886784
19.070019,-1,18,10001.414000,18.786000,458.310701,458.794674,460.000000,775,1.689299,PI,FIFO,true,PI_FIFO,458.310701
19.080017,-1,18,9998.468000,17.254000,462.364960,459.330217,460.000000,768,-2.364960,PI,FIFO,true,PI_FIFO,462.364960
19.090018,-1,18,10000.284000,17.538000,461.463731,459.650244,460.000000,769,-1.463731,PI,FIFO,true,PI_FIFO,461.463731
19.100017,-1,18,9999.468000,17.006000,463.453390,460.220716,460.000000,764,-3.453390,PI,FIFO,true,PI_FIFO,463.453390
19.110030,-1,18,10013.302000,30.308000,460.059978,460.196605,460.000000,769,-0.059978,PI,FIFO,true,PI_FIFO,460.059978
19.120018,-1,18,9988.117000,18.425000,459.988318,460.165362,460.000000,770,0.011682,PI,FIFO,true,PI_FIFO,459.988318
19.130016,-1,18,9997.931000,16.356000,461.463731,460.360117,460.000000,767,-1.463731,PI,FIFO,true,PI_FIFO,461.463731
19.140025,-1,18,10008.932000,25.288000,461.065574,460.465936,460.000000,767,-1.065574,PI,FIFO,true,PI_FIFO,461.065574
19.150028,-1,18,10002.765000,28.053000,463.691547,460.949777,460.000000,761,-3.691547,PI,FIFO,true,PI_FIFO,463.691547
19.160032,-1,18,10003.654000,31.707000,459.558824,460.741134,460.000000,768,0.441176,PI,FIFO,true,PI_FIFO,459.558824
19.170021,-1,18,9989.357000,21.064000,457.635983,460.275362,460.000000,772,2.364017,PI,FIFO,true,PI_FIFO,457.635983
19.180020,-1,18,9998.765000,19.829000,456.081081,459.646220,460.000000,776,3.918919,PI,FIFO,true,PI_FIFO,456.081081
19.190019,-1,19,9999.061000,18.890000,455.307586,458.995424,460.000000,779,4.692414,PI,FIFO,true,PI_FIFO,455.307586
19.200019,-1,18,9999.913000,18.803000,457.565076,458.780872,460.000000,777,2.434924,PI,FIFO,true,PI_FIFO,457.565076
19.210019,-1,18,9999.969000,18.772000,461.281631,459.155986,460.000000,770,-1.281631,PI,FIFO,true,PI_FIFO,461.281631
19.220019,-1,18,9999.950000,18.722000,462.422118,459.645906,460.000000,767,-2.422118,PI,FIFO,true,PI_FIFO,462.422118
19.230025,-1,18,10006.487000,25.209000,463.453390,460.217028,460.000000,764,-3.453390,PI,FIFO,true,PI_FIFO,463.453390
19.240026,-1,18,10000.654000,25.863000,459.809264,460.155864,460.000000,770,0.190736,PI,FIFO,true,PI_FIFO,459.809264
19.250037,-1,18,10010.728000,36.591000,459.796076,460.101896,460.000000,770,0.203924,PI,FIFO,true,PI_FIFO,459.796076
19.260021,-1,18,9984.080000,20.671000,461.497890,460.311295,460.000000,767,-1.497890,PI,FIFO,true,PI_FIFO,461.497890
19.270020,-1,18,9999.524000,20.195000,461.224754,460.448314,460.000000,767,-1.224754,PI,FIFO,true,PI_FIFO,461.224754
19.280024,-1,18,10003.987000,24.182000,464.108911,460.997403,460.000000,761,-4.108911,PI,FIFO,true,PI_FIFO,464.108911
19.290018,-1,18,9993.709000,17.891000,460.849719,460.975251,460.000000,765,-0.849719,PI,FIFO,true,PI_FIFO,460.849719
19.300017,-1,18,9998.654000,16.545000,457.317073,460.426524,460.000000,772,2.682927,PI,FIFO,true,PI_FIFO,457.317073
19.310024,-1,18,10007.080000,23.625000,455.940250,459.753583,460.000000,776,4.059750,PI,FIFO,true,PI_FIFO,455.940250
19.320018,-1,19,9994.802000,18.427000,453.629032,458.834900,460.000000,782,6.370968,PI,FIFO,true,PI_FIFO,453.629032
19.330017,-1,18,9998.598000,17.025000,458.883994,458.842264,460.000000,774,1.116006,PI,FIFO,true,PI_FIFO,458.883994
19.340013,-1,18,9996.358000,13.383000,461.595273,459.255216,460.000000,769,-1.595273,PI,FIFO,true,PI_FIFO,461.595273
19.350019,-1,18,10005.468000,18.851000,463.143526,459.838462,460.000000,766,-3.143526,PI,FIFO,true,PI_FIFO,463.143526
19.360015,-1,18,9996.024000,14.875000,462.962963,460.307137,460.000000,765,-2.962963,PI,FIFO,true,PI_FIFO,462.962963
19.370017,-1,18,10002.006000,16.881000,459.796076,460.230478,460.000000,770,0.203924,PI,FIFO,true,PI_FIFO,459.796076
19.380019,-1,18,10002.024000,18.905000,460.634066,460.291016,460.000000,768,-0.634066,PI,FIFO,true,PI_FIFO,460.634066
19.390020,-1,18,10001.024000,19.929000,462.662338,460.646715,460.000000,764,-2.662338,PI,FIFO,true,PI_FIFO,462.662338
19.400018,-1,18,9998.506000,18.435000,460.687961,460.652902,460.000000,767,-0.687961,PI,FIFO,true,PI_FIFO,460.687961
19.410019,-1,18,10000.321000,18.756000,464.593114,461.243933,460.000000,759,-4.593114,PI,FIFO,true,PI_FIFO,464.593114
19.420018,-1,18,9999.487000,18.243000,460.203366,461.087848,460.000000,766,-0.203366,PI,FIFO,true,PI_FIFO,460.203366
19.430019,-1,18,10000.468000,18.711000,457.317073,460.522232,460.000000,771,2.682927,PI,FIFO,true,PI_FIFO,457.317073
19.440018,-1,18,9999.450000,18.161000,455.940250,459.834935,460.000000,775,4.059750,PI,FIFO,true,PI_FIFO,455.940250
19.450022,-1,19,10003.932000,22.093000,454.117330,458.977294,460.000000,780,5.882670,PI,FIFO,true,PI_FIFO,454.117330
19.460018,-1,18,9996.117000,18.210000,458.488589,458.903988,460.000000,774,1.511411,PI,FIFO,true,PI_FIFO,458.488589
19.470017,-1,18,9998.987000,17.197000,461.065574,459.228226,460.000000,770,-1.065574,PI,FIFO,true,PI_FIFO,461.065574
19.480021,-1,18,10003.394000,20.591000,462.582237,459.731328,460.000000,766,-2.582237,PI,FIFO,true,PI_FIFO,462.582237
19.490016,-1,18,9995.358000,15.949000,463.625716,460.315486,460.000000,763,-3.625716,PI,FIFO,true,PI_FIFO,463.625716
19.500040,-1,18,10023.987000,39.936000,460.271318,460.308861,460.000000,768,-0.271318,PI,FIFO,true,PI_FIFO,460.271318
19.510025,-1,18,9985.321000,25.257000,460.461690,460.331785,460.000000,768,-0.461690,PI,FIFO,true,PI_FIFO,460.461690
19.520023,-1,18,9997.894000,23.151000,461.224754,460.465730,460.000000,766,-1.224754,PI,FIFO,true,PI_FIFO,461.224754
19.530018,-1,18,9994.876000,18.027000,460.203366,460.426376,460.000000,768,-0.203366,PI,FIFO,true,PI_FIFO,460.203366
19.540018,-1,18,9999.654000,17.681000,464.985829,461.110294,460.000000,758,-4.985829,PI,FIFO,true,PI_FIFO,464.985829
19.550017,-1,18,9999.191000,16.872000,459.558824,460.877573,460.000000,767,0.441176,PI,FIFO,true,PI_FIFO,459.558824
19.560017,-1,18,9999.913000,16.785000,457.848837,460.423263,460.000000,770,2.151163,PI,FIFO,true,PI_FIFO,457.848837
19.570017,-1,18,10000.376000,17.161000,455.834684,459.734976,460.000000,775,4.165316,PI,FIFO,true,PI_FIFO,455.834684
19.580017,-1,19,9999.931000,17.092000,454.257037,458.913285,460.000000,780,5.742963,PI,FIFO,true,PI_FIFO,454.257037
19.590017,-1,18,9999.543000,16.635000,458.559783,458.860260,460.000000,774,1.440217,PI,FIFO,true,PI_FIFO,458.559783
19.600017,-1,18,10000.265000,16.900000,460.849719,459.158679,460.000000,770,-0.849719,PI,FIFO,true,PI_FIFO,460.849719
19.610016,-1,18,9999.598000,16.498000,463.090011,459.748379,460.000000,765,-3.090011,PI,FIFO,true,PI_FIFO,463.090011
19.620017,-1,18,10000.673000,17.171000,462.582237,460.173457,460.000000,765,-2.582237,PI,FIFO,true,PI_FIFO,462.582237
19.630017,-1,18,9999.783000,16.954000,460.747543,460.259570,460.000000,767,-0.747543,PI,FIFO,true,PI_FIFO,460.747543
19.640017,-1,18,9999.839000,16.793000,460.009814,460.222107,460.000000,769,-0.009814,PI,FIFO,true,PI_FIFO,460.009814
19.650017,-1,18,10000.191000,16.984000,461.702955,460.444234,460.000000,765,-1.702955,PI,FIFO,true,PI_FIFO,461.702955
19.660017,-1,18,9999.746000,16.730000,460.418616,460.440391,460.000000,767,-0.418616,PI,FIFO,true,PI_FIFO,460.418616
19.670017,-1,18,9999.858000,16.588000,464.876033,461.105737,460.000000,758,-4.876033,PI,FIFO,true,PI_FIFO,464.876033
19.680016,-1,18,9999.820000,16.408000,459.558824,460.873700,460.000000,767,0.441176,PI,FIFO,true,PI_FIFO,459.558824
19.690017,-1,18,10000.765000,17.173000,457.565076,460.377407,460.000000,771,2.434924,PI,FIFO,true,PI_FIFO,457.565076
19.700020,-1,18,10002.858000,20.031000,456.786543,459.838777,460.000000,773,3.213457,PI,FIFO,true,PI_FIFO,456.786543
19.710030,-1,19,10010.357000,30.388000,452.898551,458.797743,460.000000,782,7.101449,PI,FIFO,true,PI_FIFO,452.898551
19.720028,-1,18,9997.747000,28.135000,459.130131,458.847601,460.000000,773,0.869869,PI,FIFO,true,PI_FIFO,459.130131
19.730021,-1,18,9992.394000,20.529000,459.809264,458.991851,460.000000,772,0.190736,PI,FIFO,true,PI_FIFO,459.809264
19.740019,-1,18,9998.728000,19.257000,464.108911,459.759410,460.000000,763,-4.108911,PI,FIFO,true,PI_FIFO,464.108911
19.750020,-1,18,10000.432000,19.689000,462.662338,460.194849,460.000000,765,-2.662338,PI,FIFO,true,PI_FIFO,462.662338
19.760019,-1,18,9999.802000,19.491000,460.634066,460.260732,460.000000,767,-0.634066,PI,FIFO,true,PI_FIFO,460.634066
19.770022,-1,18,10002.264000,21.755000,460.310966,460.268267,460.000000,768,-0.310966,PI,FIFO,true,PI_FIFO,460.310966
19.780021,-1,18,9999.562000,21.317000,459.988318,460.226274,460.000000,768,0.011682,PI,FIFO,true,PI_FIFO,459.988318
19.790022,-1,18,10001.042000,22.359000,461.224754,460.376046,460.000000,766,-1.224754,PI,FIFO,true,PI_FIFO,461.224754
19.800028,-1,18,10005.617000,27.976000,463.671691,460.870393,460.000000,761,-3.671691,PI,FIFO,true,PI_FIFO,463.671691
19.810036,-1,18,10008.395000,36.371000,460.747543,460.851965,460.000000,765,-0.747543,PI,FIFO,true,PI_FIFO,460.747543
19.820017,-1,18,9980.265000,16.636000,458.559783,460.508138,460.000000,769,1.440217,PI,FIFO,true,PI_FIFO,458.559783
19.830019,-1,18,10002.635000,19.271000,456.151529,459.854647,460.000000,774,3.848471,PI,FIFO,true,PI_FIFO,456.151529
19.840016,-1,19,9996.487000,15.758000,453.385277,458.884241,460.000000,781,6.614723,PI,FIFO,true,PI_FIFO,453.385277
19.850019,-1,18,10002.913000,18.671000,458.916084,458.889018,460.000000,773,1.083916,PI,FIFO,true,PI_FIFO,458.916084
19.860015,-1,18,9996.672000,15.343000,460.059978,459.064662,460.000000,771,-0.059978,PI,FIFO,true,PI_FIFO,460.059978
19.870020,-1,18,10004.228000,19.571000,463.671691,459.755716,460.000000,764,-3.671691,PI,FIFO,true,PI_FIFO,463.671691
19.880015,-1,18,9995.710000,15.281000,463.143526,460.263888,460.000000,764,-3.143526,PI,FIFO,true,PI_FIFO,463.143526
19.890019,-1,18,10003.376000,18.657000,460.203366,460.254809,460.000000,768,-0.203366,PI,FIFO,true,PI_FIFO,460.203366
19.900016,-1,18,9997.339000,15.996000,461.570022,460.452091,460.000000,765,-1.570022,PI,FIFO,true,PI_FIFO,461.570022
19.910029,-1,18,10012.746000,28.742000,460.203366,460.414782,460.000000,767,-0.203366,PI,FIFO,true,PI_FIFO,460.203366
19.920016,-1,18,9987.376000,16.118000,460.271318,460.393263,460.000000,767,-0.271318,PI,FIFO,true,PI_FIFO,460.271318
19.930020,-1,18,10004.043000,20.161000,462.734452,460.744441,460.000000,762,-2.734452,PI,FIFO,true,PI_FIFO,462.734452
19.940015,-1,18,9995.042000,15.203000,460.986025,460.780679,460.000000,765,-0.986025,PI,FIFO,true,PI_FIFO,460.986025
19.950018,-1,18,10003.228000,18.431000,458.435208,460.428858,460.000000,769,1.564792,PI,FIFO,true,PI_FIFO,458.435208
19.960015,-1,18,9996.376000,14.807000,456.786543,459.882511,460.000000,773,3.213457,PI,FIFO,true,PI_FIFO,456.786543
19.970019,-1,19,10003.932000,18.739000,452.898551,458.834917,460.000000,782,7.101449,PI,FIFO,true,PI_FIFO,452.898551
19.980019,-1,18,9999.857000,18.596000,458.916084,458.847092,460.000000,773,1.083916,PI,FIFO,true,PI_FIFO,458.916084
19.990019,-1,18,10000.562000,19.158000,460.310966,459.066673,460.000000,771,-0.310966,PI,FIFO,true,PI_FIFO,460.310966
