elapsed_s,step_index,pwm_percent,loop_period_us,late_us,raw_rpm,filtered_rpm,target_rpm,pwm,error_rpm,intended_mode,intended_fifo,fifo_active,condition,fb_rpm
0.010022,-1,15,10022.469000,22.469000,0.000000,0.000000,460.000000,650,460.000000,PI,FIFO,true,PI_FIFO,0.000000
0.020020,-1,20,9997.876000,20.345000,0.000000,0.000000,460.000000,839,460.000000,PI,FIFO,true,PI_FIFO,0.000000
0.030029,-1,25,10008.228000,28.573000,0.000369,0.000055,460.000000,1029,459.999631,PI,FIFO,true,PI_FIFO,0.000369
0.040030,-1,21,10001.653000,30.226000,231.253083,34.688010,460.000000,892,228.746917,PI,FIFO,true,PI_FIFO,231.253083
0.050029,-1,20,9998.339000,28.565000,340.826466,80.608778,460.000000,832,119.173534,PI,FIFO,true,PI_FIFO,340.826466
0.060019,-1,19,9990.265000,18.830000,401.713980,128.774558,460.000000,795,58.286020,PI,FIFO,true,PI_FIFO,401.713980
0.070025,-1,19,10006.562000,25.392000,429.216867,173.840905,460.000000,780,30.783133,PI,FIFO,true,PI_FIFO,429.216867
0.080018,-1,18,9992.635000,18.027000,441.800189,214.034797,460.000000,775,18.199811,PI,FIFO,true,PI_FIFO,441.800189
0.090022,-1,18,10004.339000,22.366000,453.284983,249.922325,460.000000,766,6.715017,PI,FIFO,true,PI_FIFO,453.284983
0.100017,-1,18,9995.042000,17.408000,454.655674,280.632327,460.000000,767,5.344326,PI,FIFO,true,PI_FIFO,454.655674
0.110037,-1,18,10019.173000,36.581000,453.995157,306.636752,460.000000,770,6.004843,PI,FIFO,true,PI_FIFO,453.995157
0.120022,-1,18,9985.265000,21.846000,454.851752,328.869002,460.000000,771,5.148248,PI,FIFO,true,PI_FIFO,454.851752
0.130029,-1,18,10007.098000,28.944000,453.995157,347.637925,460.000000,775,6.004843,PI,FIFO,true,PI_FIFO,453.995157
0.140029,-1,18,9999.950000,28.894000,458.376222,364.248670,460.000000,771,1.623778,PI,FIFO,true,PI_FIFO,458.376222
0.150044,-1,18,10015.432000,44.326000,459.108717,378.477677,460.000000,771,0.891283,PI,FIFO,true,PI_FIFO,459.108717
0.160026,-1,18,9981.950000,26.276000,460.418616,390.768818,460.000000,769,-0.418616,PI,FIFO,true,PI_FIFO,460.418616
0.170037,-1,18,10011.209000,37.485000,459.333660,401.053544,460.000000,770,0.666340,PI,FIFO,true,PI_FIFO,459.333660
0.180013,-1,19,9975.413000,12.898000,453.542971,408.926958,460.000000,779,6.457029,PI,FIFO,true,PI_FIFO,453.542971
0.190036,-1,19,10023.432000,36.330000,455.097087,415.852477,460.000000,779,4.902913,PI,FIFO,true,PI_FIFO,455.097087
0.200017,-1,19,9980.894000,17.224000,452.461390,421.343814,460.000000,785,7.538610,PI,FIFO,true,PI_FIFO,452.461390
0.210033,-1,19,10015.636000,32.860000,456.029186,426.546620,460.000000,783,3.970814,PI,FIFO,true,PI_FIFO,456.029186
0.220017,-1,18,9983.968000,16.828000,460.914454,431.701795,460.000000,778,-0.914454,PI,FIFO,true,PI_FIFO,460.914454
0.230029,-1,18,10012.043000,28.871000,462.278107,436.288242,460.000000,776,-2.278107,PI,FIFO,true,PI_FIFO,462.278107
0.240014,-1,18,9985.580000,14.451000,463.191700,440.323761,460.000000,773,-3.191700,PI,FIFO,true,PI_FIFO,463.191700
0.250029,-1,18,10014.931000,29.382000,460.914454,443.412365,460.000000,775,-0.914454,PI,FIFO,true,PI_FIFO,460.914454
0.260015,-1,18,9985.154000,14.536000,460.461690,445.969763,460.000000,776,-0.461690,PI,FIFO,true,PI_FIFO,460.461690
0.270034,-1,18,10019.913000,34.449000,462.835985,448.499697,460.000000,772,-2.835985,PI,FIFO,true,PI_FIFO,462.835985
0.280012,-1,18,9977.172000,11.621000,463.879268,450.806632,460.000000,769,-3.879268,PI,FIFO,true,PI_FIFO,463.879268
0.290028,-1,18,10016.747000,28.368000,462.734452,452.595805,460.000000,769,-2.734452,PI,FIFO,true,PI_FIFO,462.734452
0.300018,-1,18,9989.968000,18.336000,460.687961,453.809629,460.000000,771,-0.687961,PI,FIFO,true,PI_FIFO,460.687961
0.310046,-1,18,10028.062000,46.398000,455.318116,454.035902,460.000000,778,4.681884,PI,FIFO,true,PI_FIFO,455.318116
0.320018,-1,19,9971.968000,18.366000,455.795803,454.299887,460.000000,780,4.204197,PI,FIFO,true,PI_FIFO,455.795803
0.330034,-1,19,10015.321000,33.687000,453.244275,454.141545,460.000000,785,6.755725,PI,FIFO,true,PI_FIFO,453.244275
0.340028,-1,19,9994.487000,28.174000,457.434515,454.635490,460.000000,782,2.565485,PI,FIFO,true,PI_FIFO,457.434515
0.350040,-1,18,10012.098000,40.272000,461.822660,455.713566,460.000000,777,-1.822660,PI,FIFO,true,PI_FIFO,461.822660
0.360022,-1,18,9981.302000,21.574000,462.050271,456.664072,460.000000,776,-2.050271,PI,FIFO,true,PI_FIFO,462.050271
0.370036,-1,18,10014.339000,35.913000,463.879268,457.746351,460.000000,772,-3.879268,PI,FIFO,true,PI_FIFO,463.879268
0.380022,-1,18,9985.635000,21.548000,461.141171,458.255574,460.000000,775,-1.141171,PI,FIFO,true,PI_FIFO,461.141171
0.390033,-1,18,10011.210000,32.758000,460.235641,458.552584,460.000000,775,-0.235641,PI,FIFO,true,PI_FIFO,460.235641
0.400018,-1,18,9985.728000,18.486000,462.506167,459.145621,460.000000,772,-2.506167,PI,FIFO,true,PI_FIFO,462.506167
0.410035,-1,18,10016.894000,35.380000,462.902807,459.709199,460.000000,770,-2.902807,PI,FIFO,true,PI_FIFO,462.902807
0.420018,-1,18,9982.987000,18.367000,462.734452,460.162987,460.000000,769,-2.734452,PI,FIFO,true,PI_FIFO,462.734452
0.430038,-1,18,10019.451000,37.818000,461.570022,460.374042,460.000000,770,-1.570022,PI,FIFO,true,PI_FIFO,461.570022
0.440011,-1,18,9973.394000,11.212000,456.871345,459.848638,460.000000,776,3.128655,PI,FIFO,true,PI_FIFO,456.871345
0.450027,-1,18,10016.080000,27.292000,456.496668,459.345842,460.000000,778,3.503332,PI,FIFO,true,PI_FIFO,456.496668
0.460012,-1,19,9984.227000,11.519000,453.995157,458.543240,460.000000,783,6.004843,PI,FIFO,true,PI_FIFO,453.995157
0.470019,-1,19,10007.765000,19.284000,457.317073,458.359315,460.000000,781,2.682927,PI,FIFO,true,PI_FIFO,457.317073
0.480011,-1,18,9991.358000,10.642000,461.224754,458.789131,460.000000,776,-1.224754,PI,FIFO,true,PI_FIFO,461.224754
0.490024,-1,18,10013.506000,24.148000,462.278107,459.312477,460.000000,774,-2.278107,PI,FIFO,true,PI_FIFO,462.278107
0.500010,-1,18,9986.264000,10.412000,464.108911,460.031942,460.000000,771,-4.108911,PI,FIFO,true,PI_FIFO,464.108911
0.510026,-1,18,10015.302000,25.714000,460.235641,460.062497,460.000000,774,-0.235641,PI,FIFO,true,PI_FIFO,460.235641
0.520020,-1,18,9994.173000,19.887000,460.914454,460.190290,460.000000,773,-0.914454,PI,FIFO,true,PI_FIFO,460.914454
0.530034,-1,18,10014.154000,34.041000,461.141171,460.332922,460.000000,773,-1.141171,PI,FIFO,true,PI_FIFO,461.141171
0.540012,-1,18,9978.190000,12.231000,462.582237,460.670320,460.000000,770,-2.582237,PI,FIFO,true,PI_FIFO,462.582237
0.550040,-1,18,10027.432000,39.663000,464.338782,461.220589,460.000000,767,-4.338782,PI,FIFO,true,PI_FIFO,464.338782
0.560015,-1,18,9975.006000,14.669000,461.141171,461.208676,460.000000,769,-1.141171,PI,FIFO,true,PI_FIFO,461.141171
0.570031,-1,18,10016.376000,31.045000,456.262807,460.466796,460.000000,776,3.737193,PI,FIFO,true,PI_FIFO,456.262807
0.580014,-1,18,9983.079000,14.124000,457.094100,459.960892,460.000000,776,2.905900,PI,FIFO,true,PI_FIFO,457.094100
0.590032,-1,19,10018.025000,32.149000,454.655674,459.165109,460.000000,781,5.344326,PI,FIFO,true,PI_FIFO,454.655674
0.600014,-1,19,9982.005000,14.154000,456.965110,458.835109,460.000000,780,3.034890,PI,FIFO,true,PI_FIFO,456.965110
0.610027,-1,18,10012.487000,26.641000,461.141171,459.181018,460.000000,775,-1.141171,PI,FIFO,true,PI_FIFO,461.141171
0.620019,-1,18,9992.154000,18.795000,462.506167,459.679791,460.000000,773,-2.506167,PI,FIFO,true,PI_FIFO,462.506167
0.630030,-1,18,10011.358000,30.153000,464.108911,460.344159,460.000000,769,-4.108911,PI,FIFO,true,PI_FIFO,464.108911
0.640017,-1,18,9986.394000,16.547000,460.914454,460.429703,460.000000,772,-0.914454,PI,FIFO,true,PI_FIFO,460.914454
0.650041,-1,18,10024.302000,40.849000,460.059978,460.374244,460.000000,773,-0.059978,PI,FIFO,true,PI_FIFO,460.059978
0.660018,-1,18,9976.969000,17.818000,462.050271,460.625648,460.000000,770,-2.050271,PI,FIFO,true,PI_FIFO,462.050271
0.670036,-1,18,10017.820000,35.638000,461.141171,460.702977,460.000000,771,-1.141171,PI,FIFO,true,PI_FIFO,461.141171
0.680018,-1,18,9982.506000,18.144000,463.420662,461.110630,460.000000,767,-3.420662,PI,FIFO,true,PI_FIFO,463.420662
0.690028,-1,18,10010.080000,28.224000,461.141171,461.115211,460.000000,769,-1.141171,PI,FIFO,true,PI_FIFO,461.141171
0.700015,-1,18,9986.672000,14.896000,456.730769,460.457544,460.000000,774,3.269231,PI,FIFO,true,PI_FIFO,456.730769
0.710036,-1,18,10020.784000,35.680000,455.760817,459.753035,460.000000,777,4.239183,PI,FIFO,true,PI_FIFO,455.760817
0.720022,-1,19,9986.116000,21.796000,454.655674,458.988431,460.000000,781,5.344326,PI,FIFO,true,PI_FIFO,454.655674
0.730036,-1,19,10013.784000,35.580000,457.317073,458.737727,460.000000,779,2.682927,PI,FIFO,true,PI_FIFO,457.317073
0.740042,-1,18,10006.061000,41.641000,460.914454,459.064236,460.000000,775,-0.914454,PI,FIFO,true,PI_FIFO,460.914454
0.750051,-1,18,10009.469000,51.110000,462.506167,459.580526,460.000000,772,-2.506167,PI,FIFO,true,PI_FIFO,462.506167
0.760031,-1,18,9979.968000,31.078000,464.338782,460.294264,460.000000,769,-4.338782,PI,FIFO,true,PI_FIFO,464.338782
0.770043,-1,18,10012.247000,43.325000,460.813763,460.372189,460.000000,772,-0.813763,PI,FIFO,true,PI_FIFO,460.813763
0.780060,-1,18,10016.894000,60.219000,460.849719,460.443819,460.000000,772,-0.849719,PI,FIFO,true,PI_FIFO,460.849719
0.790065,-1,18,10005.247000,65.466000,462.182148,460.704568,460.000000,769,-2.182148,PI,FIFO,true,PI_FIFO,462.182148
0.800040,-1,18,9975.005000,40.471000,461.368110,460.804099,460.000000,770,-1.368110,PI,FIFO,true,PI_FIFO,461.368110
0.810040,-1,18,9999.376000,39.847000,463.649852,461.230962,460.000000,766,-3.649852,PI,FIFO,true,PI_FIFO,463.649852
0.820020,-1,18,9980.024000,19.871000,459.321815,460.944590,460.000000,770,0.678185,PI,FIFO,true,PI_FIFO,459.321815
0.830042,-1,18,10022.562000,42.433000,459.108717,460.669209,460.000000,771,0.891283,PI,FIFO,true,PI_FIFO,459.108717
0.840022,-1,18,9979.487000,21.920000,455.539359,459.899732,460.000000,776,4.460641,PI,FIFO,true,PI_FIFO,455.539359
0.850028,-1,19,10005.857000,27.777000,453.937309,459.005368,460.000000,780,6.062691,PI,FIFO,true,PI_FIFO,453.937309
0.860019,-1,19,9991.487000,19.264000,456.871345,458.685265,460.000000,779,3.128655,PI,FIFO,true,PI_FIFO,456.871345
0.870034,-1,18,10015.136000,34.400000,460.009814,458.883947,460.000000,776,-0.009814,PI,FIFO,true,PI_FIFO,460.009814
0.880016,-1,18,9981.616000,16.016000,462.050271,459.358896,460.000000,773,-2.050271,PI,FIFO,true,PI_FIFO,462.050271
0.890033,-1,18,10016.728000,32.744000,463.853766,460.033126,460.000000,769,-3.853766,PI,FIFO,true,PI_FIFO,463.853766
0.900020,-1,18,9986.802000,19.546000,460.914454,460.165325,460.000000,772,-0.914454,PI,FIFO,true,PI_FIFO,460.914454
0.910025,-1,18,10005.117000,24.663000,460.009814,460.141999,460.000000,773,-0.009814,PI,FIFO,true,PI_FIFO,460.009814
0.920023,-1,18,9998.728000,23.391000,461.822660,460.394098,460.000000,770,-1.822660,PI,FIFO,true,PI_FIFO,461.822660
0.930020,-1,18,9997.061000,20.452000,460.033574,460.340019,460.000000,772,-0.033574,PI,FIFO,true,PI_FIFO,460.033574
0.940017,-1,18,9997.043000,17.495000,464.568880,460.974348,460.000000,766,-4.568880,PI,FIFO,true,PI_FIFO,464.568880
0.950028,-1,18,10010.709000,28.204000,460.235641,460.863542,460.000000,770,-0.235641,PI,FIFO,true,PI_FIFO,460.235641
0.960016,-1,18,9987.969000,16.173000,458.211144,460.465682,460.000000,773,1.788856,PI,FIFO,true,PI_FIFO,458.211144
0.970021,-1,18,10005.302000,21.475000,454.864658,459.625529,460.000000,778,5.135342,PI,FIFO,true,PI_FIFO,454.864658
0.980016,-1,19,9994.264000,15.739000,453.775411,458.748011,460.000000,782,6.224589,PI,FIFO,true,PI_FIFO,453.775411
0.990025,-1,19,10008.914000,24.653000,457.669579,458.586246,460.000000,779,2.330421,PI,FIFO,true,PI_FIFO,457.669579
1.000016,-1,18,9991.024000,15.677000,460.914454,458.935477,460.000000,775,-0.914454,PI,FIFO,true,PI_FIFO,460.914454
1.010019,-1,18,10003.672000,19.349000,463.090011,459.558658,460.000000,772,-3.090011,PI,FIFO,true,PI_FIFO,463.090011
1.020022,-1,18,10003.080000,22.429000,463.235294,460.110153,460.000000,770,-3.235294,PI,FIFO,true,PI_FIFO,463.235294
1.030040,-1,18,10017.820000,40.249000,460.914454,460.230798,460.000000,772,-0.914454,PI,FIFO,true,PI_FIFO,460.914454
1.040020,-1,18,9979.265000,19.514000,460.687961,460.299373,460.000000,772,-0.687961,PI,FIFO,true,PI_FIFO,460.687961
1.050030,-1,18,10010.450000,29.964000,462.582237,460.641802,460.000000,769,-2.582237,PI,FIFO,true,PI_FIFO,462.582237
1.060017,-1,18,9986.987000,16.951000,460.461690,460.614785,460.000000,771,-0.461690,PI,FIFO,true,PI_FIFO,460.461690
1.070027,-1,18,10010.488000,27.439000,464.338782,461.173385,460.000000,765,-4.338782,PI,FIFO,true,PI_FIFO,464.338782
1.080016,-1,18,9988.801000,16.240000,460.009814,460.998849,460.000000,770,-0.009814,PI,FIFO,true,PI_FIFO,460.009814
1.090026,-1,18,10009.432000,25.672000,458.848532,460.676301,460.000000,771,1.151468,PI,FIFO,true,PI_FIFO,458.848532
1.100017,-1,18,9991.043000,16.715000,455.539359,459.905760,460.000000,777,4.460641,PI,FIFO,true,PI_FIFO,455.539359
1.110022,-1,19,10005.209000,21.924000,453.775411,458.986208,460.000000,781,6.224589,PI,FIFO,true,PI_FIFO,453.775411
1.120022,-1,18,10000.469000,22.393000,457.763672,458.802827,460.000000,778,2.236328,PI,FIFO,true,PI_FIFO,457.763672
1.130027,-1,18,10004.894000,27.287000,458.809135,458.803774,460.000000,777,1.190865,PI,FIFO,true,PI_FIFO,458.809135
1.140016,-1,18,9989.191000,16.478000,463.649852,459.530685,460.000000,771,-3.649852,PI,FIFO,true,PI_FIFO,463.649852
1.150032,-1,18,10015.654000,32.132000,463.191700,460.079837,460.000000,770,-3.191700,PI,FIFO,true,PI_FIFO,463.191700
1.160016,-1,18,9984.006000,16.138000,460.235641,460.103208,460.000000,773,-0.235641,PI,FIFO,true,PI_FIFO,460.235641
1.170034,-1,18,10018.117000,34.255000,460.687961,460.190921,460.000000,772,-0.687961,PI,FIFO,true,PI_FIFO,460.687961
1.180019,-1,18,9985.135000,19.390000,461.317660,460.359932,460.000000,771,-1.317660,PI,FIFO,true,PI_FIFO,461.317660
1.190027,-1,18,10007.654000,27.044000,461.822660,460.579341,460.000000,770,-1.822660,PI,FIFO,true,PI_FIFO,461.822660
1.200017,-1,18,9990.172000,17.216000,463.879268,461.074330,460.000000,766,-3.879268,PI,FIFO,true,PI_FIFO,463.879268
1.210029,-1,18,10011.450000,28.666000,460.418616,460.975973,460.000000,769,-0.418616,PI,FIFO,true,PI_FIFO,460.418616
1.220017,-1,18,9988.765000,17.431000,457.069339,460.389978,460.000000,774,2.930661,PI,FIFO,true,PI_FIFO,457.069339
1.230031,-1,18,10013.839000,31.270000,456.262807,459.770902,460.000000,776,3.737193,PI,FIFO,true,PI_FIFO,456.262807
1.240013,-1,19,9981.968000,13.238000,452.898551,458.740049,460.000000,783,7.101449,PI,FIFO,true,PI_FIFO,452.898551
1.250024,-1,18,10010.599000,23.837000,458.376222,458.685475,460.000000,778,1.623778,PI,FIFO,true,PI_FIFO,458.376222
1.260014,-1,18,9990.542000,14.379000,458.435208,458.647935,460.000000,778,1.564792,PI,FIFO,true,PI_FIFO,458.435208
1.270024,-1,18,10009.395000,23.774000,463.191700,459.329500,460.000000,772,-3.191700,PI,FIFO,true,PI_FIFO,463.191700
1.280020,-1,18,9995.765000,19.539000,463.235294,459.915369,460.000000,771,-3.235294,PI,FIFO,true,PI_FIFO,463.235294
1.290030,-1,18,10010.857000,30.396000,461.065574,460.087900,460.000000,773,-1.065574,PI,FIFO,true,PI_FIFO,461.065574
1.300013,-1,18,9982.210000,12.606000,462.278107,460.416431,460.000000,771,-2.278107,PI,FIFO,true,PI_FIFO,462.278107
1.310026,-1,18,10013.524000,26.130000,460.914454,460.491134,460.000000,772,-0.914454,PI,FIFO,true,PI_FIFO,460.914454
1.320020,-1,18,9993.709000,19.839000,461.595273,460.656755,460.000000,770,-1.595273,PI,FIFO,true,PI_FIFO,461.595273
1.330045,-1,18,10024.802000,44.641000,463.649852,461.105720,460.000000,767,-3.649852,PI,FIFO,true,PI_FIFO,463.649852
1.340013,-1,18,9968.006000,12.647000,461.065574,461.099698,460.000000,769,-1.065574,PI,FIFO,true,PI_FIFO,461.065574
1.350044,-1,18,10031.413000,44.060000,458.659491,460.733667,460.000000,772,1.340509,PI,FIFO,true,PI_FIFO,458.659491
1.360023,-1,18,9979.080000,23.140000,456.151529,460.046346,460.000000,776,3.848471,PI,FIFO,true,PI_FIFO,456.151529
1.370037,-1,19,10013.691000,36.831000,452.898551,458.974177,460.000000,782,7.101449,PI,FIFO,true,PI_FIFO,452.898551
1.380027,-1,18,9989.987000,26.818000,457.635983,458.773448,460.000000,778,2.364017,PI,FIFO,true,PI_FIFO,457.635983
1.390046,-1,18,10019.246000,46.064000,459.308655,458.853729,460.000000,777,0.691345,PI,FIFO,true,PI_FIFO,459.308655
1.400023,-1,18,9977.209000,23.273000,463.017404,459.478280,460.000000,772,-3.017404,PI,FIFO,true,PI_FIFO,463.017404
1.410039,-1,18,10015.617000,38.890000,463.625716,460.100395,460.000000,770,-3.625716,PI,FIFO,true,PI_FIFO,463.625716
1.420022,-1,18,9983.006000,21.896000,460.461690,460.154590,460.000000,773,-0.461690,PI,FIFO,true,PI_FIFO,460.461690
1.430050,-1,18,10028.321000,50.217000,462.422118,460.494719,460.000000,770,-2.422118,PI,FIFO,true,PI_FIFO,462.422118
1.440031,-1,18,9980.690000,30.907000,461.065574,460.580347,460.000000,771,-1.065574,PI,FIFO,true,PI_FIFO,461.065574
1.450043,-1,18,10012.562000,43.469000,462.422118,460.856613,460.000000,768,-2.422118,PI,FIFO,true,PI_FIFO,462.422118
1.460027,-1,18,9983.190000,26.659000,462.422118,461.091439,460.000000,767,-2.422118,PI,FIFO,true,PI_FIFO,462.422118
1.470044,-1,18,10017.284000,43.943000,461.595273,461.167014,460.000000,768,-1.595273,PI,FIFO,true,PI_FIFO,461.595273
1.480027,-1,18,9982.690000,26.633000,459.085052,460.854720,460.000000,770,0.914948,PI,FIFO,true,PI_FIFO,459.085052
1.490047,-1,18,10020.469000,47.102000,456.574675,460.212713,460.000000,774,3.425325,PI,FIFO,true,PI_FIFO,456.574675
1.500023,-1,19,9976.154000,23.256000,453.629032,459.225161,460.000000,780,6.370968,PI,FIFO,true,PI_FIFO,453.629032
1.510032,-1,18,10008.987000,32.243000,457.094100,458.905502,460.000000,778,2.905900,PI,FIFO,true,PI_FIFO,457.094100
1.520017,-1,18,9985.061000,17.304000,458.435208,458.834958,460.000000,777,1.564792,PI,FIFO,true,PI_FIFO,458.435208
1.530038,-1,18,10020.228000,37.532000,463.384495,459.517388,460.000000,771,-3.384495,PI,FIFO,true,PI_FIFO,463.384495
1.540021,-1,18,9983.506000,21.038000,462.582237,459.977116,460.000000,770,-2.582237,PI,FIFO,true,PI_FIFO,462.582237
1.550033,-1,18,10012.413000,33.451000,460.461690,460.049802,460.000000,772,-0.461690,PI,FIFO,true,PI_FIFO,460.461690
1.560014,-1,18,9980.894000,14.345000,461.570022,460.277835,460.000000,771,-1.570022,PI,FIFO,true,PI_FIFO,461.570022
1.570027,-1,18,10012.562000,26.907000,460.687961,460.339354,460.000000,771,-0.687961,PI,FIFO,true,PI_FIFO,460.687961
1.580016,-1,18,9988.653000,15.560000,462.278107,460.630167,460.000000,769,-2.278107,PI,FIFO,true,PI_FIFO,462.278107
1.590035,-1,18,10019.395000,34.955000,463.017404,460.988252,460.000000,767,-3.017404,PI,FIFO,true,PI_FIFO,463.017404
1.600021,-1,18,9985.857000,20.812000,460.813763,460.962079,460.000000,768,-0.813763,PI,FIFO,true,PI_FIFO,460.813763
1.610039,-1,18,10017.914000,38.726000,459.784208,460.785398,460.000000,770,0.215792,PI,FIFO,true,PI_FIFO,459.784208
1.620015,-1,18,9976.283000,15.009000,456.426485,460.131561,460.000000,774,3.573515,PI,FIFO,true,PI_FIFO,456.426485
1.630035,-1,19,10019.506000,34.515000,453.873050,459.192784,460.000000,779,6.126950,PI,FIFO,true,PI_FIFO,453.873050
1.640018,-1,18,9983.783000,18.298000,456.871345,458.844569,460.000000,778,3.128655,PI,FIFO,true,PI_FIFO,456.871345
1.650039,-1,18,10020.265000,38.563000,458.435208,458.783164,460.000000,777,1.564792,PI,FIFO,true,PI_FIFO,458.435208
1.660023,-1,18,9984.209000,22.772000,462.662338,459.365040,460.000000,772,-2.662338,PI,FIFO,true,PI_FIFO,462.662338
1.670036,-1,18,10013.358000,36.130000,463.420662,459.973384,460.000000,769,-3.420662,PI,FIFO,true,PI_FIFO,463.420662
1.680019,-1,18,9983.042000,19.172000,460.418616,460.040168,460.000000,772,-0.418616,PI,FIFO,true,PI_FIFO,460.418616
1.690035,-1,18,10016.136000,35.308000,462.075575,460.345479,460.000000,770,-2.075575,PI,FIFO,true,PI_FIFO,462.075575
1.700019,-1,18,9983.820000,19.128000,460.418616,460.356450,460.000000,771,-0.418616,PI,FIFO,true,PI_FIFO,460.418616
1.710038,-1,18,10018.376000,37.504000,462.734452,460.713150,460.000000,768,-2.734452,PI,FIFO,true,PI_FIFO,462.734452
1.720027,-1,18,9989.413000,26.917000,462.422118,460.969495,460.000000,767,-2.422118,PI,FIFO,true,PI_FIFO,462.422118
1.730039,-1,18,10012.080000,38.997000,461.931018,461.113724,460.000000,767,-1.931018,PI,FIFO,true,PI_FIFO,461.931018
1.740023,-1,18,9983.543000,22.540000,459.008813,460.797987,460.000000,770,0.991187,PI,FIFO,true,PI_FIFO,459.008813
1.750044,-1,18,10021.080000,43.620000,456.193809,460.107360,460.000000,774,3.806191,PI,FIFO,true,PI_FIFO,456.193809
1.760021,-1,18,9977.264000,20.884000,454.606681,459.282259,460.000000,778,5.393319,PI,FIFO,true,PI_FIFO,454.606681
1.770035,-1,18,10014.099000,34.983000,456.204380,458.820577,460.000000,778,3.795620,PI,FIFO,true,PI_FIFO,456.204380
1.780018,-1,18,9983.135000,18.118000,457.317073,458.595051,460.000000,778,2.682927,PI,FIFO,true,PI_FIFO,457.317073
1.790049,-1,18,10031.321000,49.439000,462.859066,459.234653,460.000000,771,-2.859066,PI,FIFO,true,PI_FIFO,462.859066
1.800025,-1,18,9975.542000,24.981000,463.853766,459.927520,460.000000,769,-3.853766,PI,FIFO,true,PI_FIFO,463.853766
1.810080,-1,18,10054.988000,79.969000,461.224754,460.122105,460.000000,771,-1.224754,PI,FIFO,true,PI_FIFO,461.224754
1.820027,-1,18,9947.005000,26.974000,461.497890,460.328473,460.000000,770,-1.497890,PI,FIFO,true,PI_FIFO,461.497890
1.830050,-1,18,10023.469000,50.443000,460.033574,460.284238,460.000000,772,-0.033574,PI,FIFO,true,PI_FIFO,460.033574
1.840036,-1,18,9985.802000,36.245000,462.506167,460.617528,460.000000,768,-2.506167,PI,FIFO,true,PI_FIFO,462.506167
1.850031,-1,18,9994.376000,30.621000,463.191700,461.003653,460.000000,766,-3.191700,PI,FIFO,true,PI_FIFO,463.191700
1.860012,-1,18,9981.042000,11.663000,461.368110,461.058322,460.000000,767,-1.368110,PI,FIFO,true,PI_FIFO,461.368110
1.870044,-1,18,10032.673000,44.336000,460.461690,460.968827,460.000000,768,-0.461690,PI,FIFO,true,PI_FIFO,460.461690
1.880007,-1,18,9962.838000,7.174000,455.562660,460.157902,460.000000,775,4.437340,PI,FIFO,true,PI_FIFO,455.562660
1.890018,-1,18,10010.469000,17.643000,454.435288,459.299510,460.000000,778,5.564712,PI,FIFO,true,PI_FIFO,454.435288
1.900008,-1,18,9989.913000,7.556000,456.262807,458.844005,460.000000,778,3.737193,PI,FIFO,true,PI_FIFO,456.262807
1.910013,-1,18,10005.765000,13.321000,458.211144,458.749075,460.000000,777,1.788856,PI,FIFO,true,PI_FIFO,458.211144
1.920008,-1,18,9994.654000,7.975000,462.902807,459.372135,460.000000,771,-2.902807,PI,FIFO,true,PI_FIFO,462.902807
1.930013,-1,18,10004.783000,12.758000,463.420662,459.979414,460.000000,769,-3.420662,PI,FIFO,true,PI_FIFO,463.420662
1.940023,-1,18,10009.932000,22.690000,460.687961,460.085696,460.000000,771,-0.687961,PI,FIFO,true,PI_FIFO,460.687961
1.950010,-1,18,9987.431000,10.121000,462.050271,460.380382,460.000000,769,-2.050271,PI,FIFO,true,PI_FIFO,462.050271
1.960008,-1,18,9997.876000,7.997000,459.558824,460.257149,460.000000,772,0.441176,PI,FIFO,true,PI_FIFO,459.558824
1.970030,-1,18,10022.173000,30.170000,462.182148,460.545899,460.000000,768,-2.182148,PI,FIFO,true,PI_FIFO,462.182148
1.980011,-1,18,9980.690000,10.860000,463.191700,460.942769,460.000000,766,-3.191700,PI,FIFO,true,PI_FIFO,463.191700
1.990017,-1,18,10006.321000,17.181000,461.141171,460.972529,460.000000,768,-1.141171,PI,FIFO,true,PI_FIFO,461.141171
2.000008,-1,18,9990.543000,7.724000,460.687961,460.929844,460.000000,768,-0.687961,PI,FIFO,true,PI_FIFO,460.687961
2.010008,-1,18,10000.042000,7.766000,456.400344,460.250419,460.000000,773,3.599656,PI,FIFO,true,PI_FIFO,456.400344
2.020008,-1,18,10000.395000,8.161000,453.995157,459.312130,460.000000,778,6.004843,PI,FIFO,true,PI_FIFO,453.995157
2.030009,-1,18,10000.709000,8.870000,455.795803,458.784681,460.000000,778,4.204197,PI,FIFO,true,PI_FIFO,455.795803
2.040006,-1,18,9997.191000,6.061000,457.094100,458.531094,460.000000,778,2.905900,PI,FIFO,true,PI_FIFO,457.094100
2.050009,-1,18,10002.561000,8.622000,463.420662,459.264529,460.000000,770,-3.420662,PI,FIFO,true,PI_FIFO,463.420662
2.060005,-1,18,9996.765000,5.387000,462.182148,459.702172,460.000000,771,-2.182148,PI,FIFO,true,PI_FIFO,462.182148
2.070010,-1,18,10004.154000,9.541000,460.461690,459.816100,460.000000,772,-0.461690,PI,FIFO,true,PI_FIFO,460.461690
2.080006,-1,18,9996.302000,5.843000,461.141171,460.014860,460.000000,771,-1.141171,PI,FIFO,true,PI_FIFO,461.141171
2.090010,-1,18,10004.043000,9.886000,459.558824,459.946455,460.000000,773,0.441176,PI,FIFO,true,PI_FIFO,459.558824
2.100010,-1,18,9999.765000,9.651000,462.278107,460.296202,460.000000,769,-2.278107,PI,FIFO,true,PI_FIFO,462.278107
2.110013,-1,18,10002.894000,12.545000,463.191700,460.730527,460.000000,767,-3.191700,PI,FIFO,true,PI_FIFO,463.191700
2.120012,-1,18,9999.006000,11.551000,461.463731,460.840508,460.000000,768,-1.463731,PI,FIFO,true,PI_FIFO,461.463731
2.130009,-1,18,9997.672000,9.223000,460.914454,460.851600,460.000000,768,-0.914454,PI,FIFO,true,PI_FIFO,460.914454
2.140006,-1,18,9996.876000,6.099000,456.262807,460.163281,460.000000,775,3.737193,PI,FIFO,true,PI_FIFO,456.262807
2.150010,-1,18,10003.580000,9.679000,454.655674,459.337140,460.000000,778,5.344326,PI,FIFO,true,PI_FIFO,454.655674
2.160008,-1,18,9998.154000,7.833000,456.730769,458.946184,460.000000,778,3.269231,PI,FIFO,true,PI_FIFO,456.730769
2.170015,-1,18,10007.524000,15.357000,457.094100,458.668372,460.000000,778,2.905900,PI,FIFO,true,PI_FIFO,457.094100
2.180006,-1,18,9991.005000,6.362000,464.108911,459.484453,460.000000,770,-4.108911,PI,FIFO,true,PI_FIFO,464.108911
2.190051,-1,18,10044.618000,50.980000,461.702955,459.817228,460.000000,771,-1.702955,PI,FIFO,true,PI_FIFO,461.702955
2.200016,-1,18,9964.635000,15.615000,461.368110,460.049860,460.000000,771,-1.368110,PI,FIFO,true,PI_FIFO,461.368110
2.210009,-1,18,9992.913000,8.528000,461.368110,460.247598,460.000000,771,-1.368110,PI,FIFO,true,PI_FIFO,461.368110
2.220008,-1,18,9999.783000,8.311000,460.461690,460.279711,460.000000,771,-0.461690,PI,FIFO,true,PI_FIFO,460.461690
2.230008,-1,18,9999.876000,8.187000,462.662338,460.637105,460.000000,768,-2.662338,PI,FIFO,true,PI_FIFO,462.662338
2.240015,-1,18,10006.691000,14.878000,462.278107,460.883256,460.000000,768,-2.278107,PI,FIFO,true,PI_FIFO,462.278107
2.250027,-1,18,10011.783000,26.661000,461.368110,460.955984,460.000000,768,-1.368110,PI,FIFO,true,PI_FIFO,461.368110
2.260008,-1,18,9981.506000,8.167000,460.914454,460.949754,460.000000,768,-0.914454,PI,FIFO,true,PI_FIFO,460.914454
2.270012,-1,18,10003.783000,11.950000,455.982490,460.204665,460.000000,775,4.017510,PI,FIFO,true,PI_FIFO,455.982490
2.280007,-1,18,9995.376000,7.326000,455.329755,459.473428,460.000000,777,4.670245,PI,FIFO,true,PI_FIFO,455.329755
2.290042,-1,18,10034.951000,42.277000,455.982490,458.949788,460.000000,778,4.017510,PI,FIFO,true,PI_FIFO,455.982490
2.300007,-1,18,9964.931000,7.208000,457.199692,458.687273,460.000000,778,2.800308,PI,FIFO,true,PI_FIFO,457.199692
2.310013,-1,18,10005.524000,12.732000,463.879268,459.466072,460.000000,770,-3.879268,PI,FIFO,true,PI_FIFO,463.879268
2.320008,-1,18,9995.265000,7.997000,462.506167,459.922087,460.000000,770,-2.506167,PI,FIFO,true,PI_FIFO,462.506167
2.330013,-1,18,10005.432000,13.429000,460.271318,459.974471,460.000000,772,-0.271318,PI,FIFO,true,PI_FIFO,460.271318
2.340007,-1,18,9993.302000,6.731000,460.009814,459.979773,460.000000,773,-0.009814,PI,FIFO,true,PI_FIFO,460.009814
2.350024,-1,18,10017.506000,24.237000,461.368110,460.188023,460.000000,771,-1.368110,PI,FIFO,true,PI_FIFO,461.368110
2.360008,-1,18,9983.431000,7.668000,462.182148,460.487142,460.000000,769,-2.182148,PI,FIFO,true,PI_FIFO,462.182148
2.370012,-1,18,10004.820000,12.488000,463.420662,460.927170,460.000000,766,-3.420662,PI,FIFO,true,PI_FIFO,463.420662
2.380007,-1,18,9994.080000,6.568000,460.687961,460.891289,460.000000,769,-0.687961,PI,FIFO,true,PI_FIFO,460.687961
2.390013,-1,18,10006.191000,12.759000,461.368110,460.962812,460.000000,767,-1.368110,PI,FIFO,true,PI_FIFO,461.368110
2.400007,-1,18,9993.876000,6.635000,456.965110,460.363157,460.000000,773,3.034890,PI,FIFO,true,PI_FIFO,456.965110
2.410012,-1,19,10005.395000,12.030000,453.995157,459.407957,460.000000,779,6.004843,PI,FIFO,true,PI_FIFO,453.995157
2.420006,-1,18,9994.431000,6.461000,456.029186,458.901141,460.000000,778,3.970814,PI,FIFO,true,PI_FIFO,456.029186
2.430012,-1,19,10005.913000,12.374000,456.426485,458.529943,460.000000,779,3.573515,PI,FIFO,true,PI_FIFO,456.426485
2.440006,-1,18,9994.080000,6.454000,463.625716,459.294309,460.000000,771,-3.625716,PI,FIFO,true,PI_FIFO,463.625716
2.450012,-1,18,10005.746000,12.200000,462.506167,459.776087,460.000000,771,-2.506167,PI,FIFO,true,PI_FIFO,462.506167
2.460006,-1,18,9994.247000,6.447000,461.368110,460.014891,460.000000,771,-1.368110,PI,FIFO,true,PI_FIFO,461.368110
2.470012,-1,18,10006.042000,12.489000,461.822660,460.286056,460.000000,770,-1.822660,PI,FIFO,true,PI_FIFO,461.822660
2.480006,-1,18,9993.950000,6.439000,459.558824,460.176971,460.000000,772,0.441176,PI,FIFO,true,PI_FIFO,459.558824
2.490012,-1,18,10005.673000,12.112000,461.822660,460.423825,460.000000,769,-1.822660,PI,FIFO,true,PI_FIFO,461.822660
2.500021,-1,18,10008.691000,20.803000,462.582237,460.747586,460.000000,768,-2.582237,PI,FIFO,true,PI_FIFO,462.582237
2.510009,-1,18,9988.283000,9.086000,462.962963,461.079893,460.000000,766,-2.962963,PI,FIFO,true,PI_FIFO,462.962963
2.520010,-1,18,10000.765000,9.851000,460.687961,461.021103,460.000000,768,-0.687961,PI,FIFO,true,PI_FIFO,460.687961
2.530010,-1,18,10000.043000,9.894000,456.730769,460.377553,460.000000,773,3.269231,PI,FIFO,true,PI_FIFO,456.730769
2.540008,-1,18,9998.561000,8.455000,454.655674,459.519271,460.000000,778,5.344326,PI,FIFO,true,PI_FIFO,454.655674
2.550008,-1,19,9999.691000,8.146000,455.097087,458.855944,460.000000,779,4.902913,PI,FIFO,true,PI_FIFO,455.097087
2.560008,-1,18,9999.450000,7.596000,457.094100,458.591667,460.000000,778,2.905900,PI,FIFO,true,PI_FIFO,457.094100
2.570008,-1,18,10000.413000,8.009000,463.384495,459.310591,460.000000,771,-3.384495,PI,FIFO,true,PI_FIFO,463.384495
2.580008,-1,18,9999.876000,7.885000,462.962963,459.858447,460.000000,770,-2.962963,PI,FIFO,true,PI_FIFO,462.962963
2.590008,-1,18,10000.543000,8.428000,461.141171,460.050856,460.000000,771,-1.141171,PI,FIFO,true,PI_FIFO,461.141171
2.600008,-1,18,9999.524000,7.952000,460.687961,460.146421,460.000000,771,-0.687961,PI,FIFO,true,PI_FIFO,460.687961
2.610008,-1,18,10000.339000,8.291000,460.271318,460.165156,460.000000,772,-0.271318,PI,FIFO,true,PI_FIFO,460.271318
2.620008,-1,18,9999.635000,7.926000,463.879268,460.722273,460.000000,766,-3.879268,PI,FIFO,true,PI_FIFO,463.879268
2.630008,-1,18,10000.413000,8.339000,461.822660,460.887331,460.000000,768,-1.822660,PI,FIFO,true,PI_FIFO,461.822660
2.640007,-1,18,9998.950000,7.289000,462.506167,461.130156,460.000000,766,-2.506167,PI,FIFO,true,PI_FIFO,462.506167
2.650013,-1,18,10005.913000,13.202000,459.558824,460.894456,460.000000,769,0.441176,PI,FIFO,true,PI_FIFO,459.558824
2.660009,-1,18,9995.432000,8.634000,457.317073,460.357849,460.000000,773,2.682927,PI,FIFO,true,PI_FIFO,457.317073
2.670008,-1,18,9999.783000,8.417000,455.329755,459.603635,460.000000,776,4.670245,PI,FIFO,true,PI_FIFO,455.329755
2.680017,-1,19,10008.228000,16.645000,454.876274,458.894531,460.000000,779,5.123726,PI,FIFO,true,PI_FIFO,454.876274
2.690010,-1,19,9992.932000,9.577000,456.029186,458.464729,460.000000,779,3.970814,PI,FIFO,true,PI_FIFO,456.029186
2.700008,-1,18,9997.987000,7.564000,462.278107,459.036735,460.000000,772,-2.278107,PI,FIFO,true,PI_FIFO,462.278107
2.710008,-1,18,10000.672000,8.236000,462.962963,459.625670,460.000000,770,-2.962963,PI,FIFO,true,PI_FIFO,462.962963
2.720008,-1,18,9999.784000,8.020000,461.368110,459.887036,460.000000,771,-1.368110,PI,FIFO,true,PI_FIFO,461.368110
2.730008,-1,18,10000.431000,8.451000,461.224754,460.087693,460.000000,771,-1.224754,PI,FIFO,true,PI_FIFO,461.224754
2.740008,-1,18,9999.061000,7.512000,459.784208,460.042171,460.000000,773,0.215792,PI,FIFO,true,PI_FIFO,459.784208
2.750008,-1,18,10000.506000,8.018000,462.734452,460.446013,460.000000,769,-2.734452,PI,FIFO,true,PI_FIFO,462.734452
2.760017,-1,18,10009.043000,17.061000,462.962963,460.823555,460.000000,767,-2.962963,PI,FIFO,true,PI_FIFO,462.962963
2.770016,-1,18,9998.802000,15.863000,462.662338,461.099373,460.000000,766,-2.662338,PI,FIFO,true,PI_FIFO,462.662338
2.780007,-1,18,9991.598000,7.461000,459.784208,460.902098,460.000000,769,0.215792,PI,FIFO,true,PI_FIFO,459.784208
2.790012,-1,18,10004.969000,12.430000,457.763672,460.431334,460.000000,772,2.236328,PI,FIFO,true,PI_FIFO,457.763672
2.800007,-1,18,9994.468000,6.898000,454.400510,459.526710,460.000000,778,5.599490,PI,FIFO,true,PI_FIFO,454.400510
2.810014,-1,19,10006.932000,13.830000,455.097087,458.862267,460.000000,779,4.902913,PI,FIFO,true,PI_FIFO,455.097087
2.820009,-1,19,9994.672000,8.502000,456.730769,458.542542,460.000000,779,3.269231,PI,FIFO,true,PI_FIFO,456.730769
2.830014,-1,18,10005.784000,14.286000,462.506167,459.137086,460.000000,772,-2.506167,PI,FIFO,true,PI_FIFO,462.506167
2.840007,-1,18,9992.857000,7.143000,462.506167,459.642448,460.000000,771,-2.506167,PI,FIFO,true,PI_FIFO,462.506167
2.850012,-1,18,10005.080000,12.223000,461.463731,459.915640,460.000000,771,-1.463731,PI,FIFO,true,PI_FIFO,461.463731
2.860007,-1,18,9994.376000,6.599000,461.595273,460.167585,460.000000,771,-1.595273,PI,FIFO,true,PI_FIFO,461.595273
2.870013,-1,18,10006.283000,12.882000,459.321815,460.040720,460.000000,773,0.678185,PI,FIFO,true,PI_FIFO,459.321815
2.880008,-1,18,9995.413000,8.295000,463.453390,460.552620,460.000000,768,-3.453390,PI,FIFO,true,PI_FIFO,463.453390
2.890012,-1,18,10004.117000,12.412000,460.747543,460.581859,460.000000,770,-0.747543,PI,FIFO,true,PI_FIFO,460.747543
2.900007,-1,18,9994.839000,7.251000,463.191700,460.973335,460.000000,766,-3.191700,PI,FIFO,true,PI_FIFO,463.191700
2.910012,-1,18,10004.728000,11.979000,460.461690,460.896588,460.000000,769,-0.461690,PI,FIFO,true,PI_FIFO,460.461690
2.920009,-1,18,9997.246000,9.225000,455.878146,460.143822,460.000000,775,4.121854,PI,FIFO,true,PI_FIFO,455.878146
2.930014,-1,18,10004.895000,14.120000,456.648807,459.619570,460.000000,776,3.351193,PI,FIFO,true,PI_FIFO,456.648807
2.940008,-1,19,9993.432000,7.552000,454.168791,458.801953,460.000000,781,5.831209,PI,FIFO,true,PI_FIFO,454.168791
2.950031,-1,18,10022.950000,30.502000,457.987298,458.679755,460.000000,778,2.012702,PI,FIFO,true,PI_FIFO,457.987298
2.960029,-1,18,9998.431000,28.933000,461.141171,459.048967,460.000000,774,-1.141171,PI,FIFO,true,PI_FIFO,461.141171
2.970027,-1,18,9998.043000,26.976000,463.879268,459.773512,460.000000,770,-3.879268,PI,FIFO,true,PI_FIFO,463.879268
2.980007,-1,18,9980.098000,7.074000,462.050271,460.115026,460.000000,771,-2.050271,PI,FIFO,true,PI_FIFO,462.050271
2.990012,-1,18,10005.191000,12.265000,461.942427,460.389136,460.000000,770,-1.942427,PI,FIFO,true,PI_FIFO,461.942427
3.000008,-1,18,9995.246000,7.511000,460.009814,460.332238,460.000000,772,-0.009814,PI,FIFO,true,PI_FIFO,460.009814
3.010013,-1,18,10005.969000,13.480000,462.962963,460.726847,460.000000,768,-2.962963,PI,FIFO,true,PI_FIFO,462.962963
3.020008,-1,18,9994.913000,8.393000,462.962963,461.062264,460.000000,767,-2.962963,PI,FIFO,true,PI_FIFO,462.962963
3.030012,-1,18,10003.802000,12.195000,463.191700,461.381679,460.000000,765,-3.191700,PI,FIFO,true,PI_FIFO,463.191700
3.040007,-1,18,9994.561000,6.756000,460.986025,461.322331,460.000000,767,-0.986025,PI,FIFO,true,PI_FIFO,460.986025
3.050013,-1,18,10005.950000,12.706000,455.318116,460.421699,460.000000,774,4.681884,PI,FIFO,true,PI_FIFO,455.318116
3.060007,-1,18,9994.062000,6.768000,456.262807,459.797865,460.000000,775,3.737193,PI,FIFO,true,PI_FIFO,456.262807
3.070012,-1,18,10005.431000,12.199000,455.097087,459.092748,460.000000,778,4.902913,PI,FIFO,true,PI_FIFO,455.097087
3.080007,-1,19,9994.450000,6.649000,455.795803,458.598207,460.000000,779,4.204197,PI,FIFO,true,PI_FIFO,455.795803
3.090013,-1,18,10005.913000,12.562000,461.141171,458.979651,460.000000,773,-1.141171,PI,FIFO,true,PI_FIFO,461.141171
3.100007,-1,18,9993.950000,6.512000,462.422118,459.496021,460.000000,771,-2.422118,PI,FIFO,true,PI_FIFO,462.422118
3.110012,-1,18,10005.599000,12.111000,461.822660,459.845017,460.000000,771,-1.822660,PI,FIFO,true,PI_FIFO,461.822660
3.120007,-1,18,9995.339000,7.450000,461.822660,460.141664,460.000000,770,-1.822660,PI,FIFO,true,PI_FIFO,461.822660
3.130013,-1,18,10005.061000,12.511000,459.558824,460.054238,460.000000,773,0.441176,PI,FIFO,true,PI_FIFO,459.558824
3.140007,-1,18,9994.117000,6.628000,463.867188,460.626180,460.000000,767,-3.867188,PI,FIFO,true,PI_FIFO,463.867188
3.150012,-1,18,10005.524000,12.152000,461.368110,460.737470,460.000000,769,-1.368110,PI,FIFO,true,PI_FIFO,461.368110
3.160007,-1,18,9994.542000,6.694000,463.420662,461.139949,460.000000,765,-3.420662,PI,FIFO,true,PI_FIFO,463.420662
3.170012,-1,18,10005.339000,12.033000,460.461690,461.038210,460.000000,768,-0.461690,PI,FIFO,true,PI_FIFO,460.461690
3.180007,-1,18,9994.710000,6.743000,456.730769,460.392094,460.000000,773,3.269231,PI,FIFO,true,PI_FIFO,456.730769
3.190012,-1,18,10005.431000,12.174000,456.730769,459.842895,460.000000,774,3.269231,PI,FIFO,true,PI_FIFO,456.730769
3.200006,-1,19,9994.247000,6.421000,453.117448,458.834078,460.000000,781,6.882552,PI,FIFO,true,PI_FIFO,453.117448
3.210024,-1,18,10017.969000,24.390000,456.821873,458.532247,460.000000,778,3.178127,PI,FIFO,true,PI_FIFO,456.821873
3.220007,-1,18,9982.764000,7.154000,461.368110,458.957627,460.000000,773,-1.368110,PI,FIFO,true,PI_FIFO,461.368110
3.230012,-1,18,10005.210000,12.364000,461.224754,459.297696,460.000000,773,-1.224754,PI,FIFO,true,PI_FIFO,461.224754
3.240007,-1,18,9994.283000,6.647000,463.649852,459.950519,460.000000,769,-3.649852,PI,FIFO,true,PI_FIFO,463.649852
3.250014,-1,18,10007.117000,13.764000,460.235641,459.993287,460.000000,772,-0.235641,PI,FIFO,true,PI_FIFO,460.235641
3.260007,-1,18,9993.654000,7.418000,461.141171,460.165470,460.000000,771,-1.141171,PI,FIFO,true,PI_FIFO,461.141171
3.270012,-1,18,10004.765000,12.183000,461.942427,460.432014,460.000000,769,-1.942427,PI,FIFO,true,PI_FIFO,461.942427
3.280007,-1,18,9994.505000,6.688000,462.506167,460.743136,460.000000,768,-2.506167,PI,FIFO,true,PI_FIFO,462.506167
3.290013,-1,18,10005.895000,12.583000,462.962963,461.076110,460.000000,766,-2.962963,PI,FIFO,true,PI_FIFO,462.962963
3.300007,-1,18,9993.950000,6.533000,460.986025,461.062598,460.000000,768,-0.986025,PI,FIFO,true,PI_FIFO,460.986025
3.310013,-1,18,10006.913000,13.446000,456.204380,460.333865,460.000000,774,3.795620,PI,FIFO,true,PI_FIFO,456.204380
3.320007,-1,18,9993.209000,6.655000,456.965110,459.828552,460.000000,775,3.034890,PI,FIFO,true,PI_FIFO,456.965110
3.330014,-1,19,10007.747000,14.402000,453.775411,458.920581,460.000000,780,6.224589,PI,FIFO,true,PI_FIFO,453.775411
3.340007,-1,19,9992.135000,6.537000,456.730769,458.592109,460.000000,779,3.269231,PI,FIFO,true,PI_FIFO,456.730769
3.350012,-1,18,10005.821000,12.358000,460.914454,458.940461,460.000000,774,-0.914454,PI,FIFO,true,PI_FIFO,460.914454
3.360007,-1,18,9994.320000,6.678000,461.368110,459.304608,460.000000,773,-1.368110,PI,FIFO,true,PI_FIFO,461.368110
3.370013,-1,18,10006.228000,12.906000,464.350886,460.061550,460.000000,768,-4.350886,PI,FIFO,true,PI_FIFO,464.350886
3.380007,-1,18,9993.672000,6.578000,460.687961,460.155512,460.000000,772,-0.687961,PI,FIFO,true,PI_FIFO,460.687961
3.390012,-1,18,10005.839000,12.417000,461.141171,460.303360,460.000000,771,-1.141171,PI,FIFO,true,PI_FIFO,461.141171
3.400006,-1,18,9994.080000,6.497000,461.463731,460.477416,460.000000,770,-1.463731,PI,FIFO,true,PI_FIFO,461.463731
3.410013,-1,18,10006.209000,12.706000,462.278107,460.747520,460.000000,768,-2.278107,PI,FIFO,true,PI_FIFO,462.278107
3.420007,-1,18,9994.210000,6.916000,464.108911,461.251728,460.000000,765,-4.108911,PI,FIFO,true,PI_FIFO,464.108911
3.430013,-1,18,10005.672000,12.588000,461.141171,461.235145,460.000000,767,-1.141171,PI,FIFO,true,PI_FIFO,461.141171
3.440011,-1,18,9998.191000,10.779000,456.496668,460.524373,460.000000,773,3.503332,PI,FIFO,true,PI_FIFO,456.496668
3.450011,-1,18,10000.191000,10.970000,456.204380,459.876374,460.000000,775,3.795620,PI,FIFO,true,PI_FIFO,456.204380
3.460008,-1,19,9996.672000,7.642000,453.244275,458.881559,460.000000,781,6.755725,PI,FIFO,true,PI_FIFO,453.244275
3.470008,-1,18,10000.598000,8.240000,456.871345,458.580027,460.000000,778,3.128655,PI,FIFO,true,PI_FIFO,456.871345
3.480008,-1,18,9999.284000,7.524000,460.747543,458.905154,460.000000,774,-0.747543,PI,FIFO,true,PI_FIFO,460.747543
3.490017,-1,18,10009.598000,17.122000,461.595273,459.308672,460.000000,773,-1.595273,PI,FIFO,true,PI_FIFO,461.595273
3.500007,-1,18,9989.839000,6.961000,464.338782,460.063189,460.000000,768,-4.338782,PI,FIFO,true,PI_FIFO,464.338782
3.510018,-1,18,10011.394000,18.355000,460.033574,460.058747,460.000000,772,-0.033574,PI,FIFO,true,PI_FIFO,460.033574
3.520009,-1,18,9990.913000,9.268000,460.914454,460.187103,460.000000,771,-0.914454,PI,FIFO,true,PI_FIFO,460.914454
3.530012,-1,18,10003.136000,12.404000,462.278107,460.500753,460.000000,769,-2.278107,PI,FIFO,true,PI_FIFO,462.278107
3.540009,-1,18,9996.135000,8.539000,461.595273,460.664931,460.000000,769,-1.595273,PI,FIFO,true,PI_FIFO,461.595273
3.550013,-1,18,10004.524000,13.063000,463.191700,461.043947,460.000000,766,-3.191700,PI,FIFO,true,PI_FIFO,463.191700
3.560007,-1,18,9993.635000,6.698000,461.463731,461.106914,460.000000,767,-1.463731,PI,FIFO,true,PI_FIFO,461.463731
3.570013,-1,18,10006.469000,13.167000,457.094100,460.504992,460.000000,773,2.905900,PI,FIFO,true,PI_FIFO,457.094100
3.580006,-1,18,9993.228000,6.395000,456.496668,459.903744,460.000000,775,3.503332,PI,FIFO,true,PI_FIFO,456.496668
3.590013,-1,19,10006.635000,13.030000,453.555878,458.951564,460.000000,780,6.444122,PI,FIFO,true,PI_FIFO,453.555878
3.600007,-1,19,9993.673000,6.703000,456.262807,458.548250,460.000000,779,3.737193,PI,FIFO,true,PI_FIFO,456.262807
3.610028,-1,18,10021.505000,28.208000,460.914454,458.903181,460.000000,774,-0.914454,PI,FIFO,true,PI_FIFO,460.914454
3.620017,-1,18,9988.839000,17.047000,461.822660,459.341103,460.000000,773,-1.822660,PI,FIFO,true,PI_FIFO,461.822660
3.630015,-1,18,9998.376000,15.423000,464.568880,460.125269,460.000000,768,-4.568880,PI,FIFO,true,PI_FIFO,464.568880
3.640007,-1,18,9991.598000,7.021000,460.235641,460.141825,460.000000,772,-0.235641,PI,FIFO,true,PI_FIFO,460.235641
3.650013,-1,18,10005.877000,12.898000,460.509307,460.196947,460.000000,772,-0.509307,PI,FIFO,true,PI_FIFO,460.509307
3.660007,-1,18,9994.190000,7.088000,461.595273,460.406696,460.000000,770,-1.595273,PI,FIFO,true,PI_FIFO,461.595273
3.670013,-1,18,10005.988000,13.076000,462.506167,460.721617,460.000000,768,-2.506167,PI,FIFO,true,PI_FIFO,462.506167
3.680013,-1,18,9999.857000,12.933000,464.338782,461.264192,460.000000,764,-4.338782,PI,FIFO,true,PI_FIFO,464.338782
3.690013,-1,18,10000.172000,13.105000,460.986025,461.222467,460.000000,767,-0.986025,PI,FIFO,true,PI_FIFO,460.986025
3.700007,-1,18,9993.506000,6.611000,455.760817,460.403219,460.000000,774,4.239183,PI,FIFO,true,PI_FIFO,455.760817
3.710013,-1,18,10006.543000,13.154000,456.648807,459.840057,460.000000,775,3.351193,PI,FIFO,true,PI_FIFO,456.648807
3.720007,-1,19,9993.468000,6.622000,453.937309,458.954645,460.000000,780,6.062691,PI,FIFO,true,PI_FIFO,453.937309
3.730026,-1,19,10019.006000,25.628000,456.661891,458.610732,460.000000,779,3.338109,PI,FIFO,true,PI_FIFO,456.661891
3.740007,-1,18,9981.320000,6.948000,459.558824,458.752946,460.000000,776,0.441176,PI,FIFO,true,PI_FIFO,459.558824
3.750013,-1,18,10006.284000,13.232000,462.506167,459.315929,460.000000,772,-2.506167,PI,FIFO,true,PI_FIFO,462.506167
3.760006,-1,18,9992.765000,5.997000,464.338782,460.069357,460.000000,768,-4.338782,PI,FIFO,true,PI_FIFO,464.338782
3.770015,-1,18,10008.820000,14.817000,461.368110,460.264170,460.000000,771,-1.368110,PI,FIFO,true,PI_FIFO,461.368110
3.780006,-1,18,9991.117000,5.934000,460.747543,460.336676,460.000000,771,-0.747543,PI,FIFO,true,PI_FIFO,460.747543
3.790012,-1,18,10005.617000,11.551000,462.506167,460.662099,460.000000,768,-2.506167,PI,FIFO,true,PI_FIFO,462.506167
3.800006,-1,18,9994.654000,6.205000,461.141171,460.733960,460.000000,769,-1.141171,PI,FIFO,true,PI_FIFO,461.141171
3.810061,-1,18,10055.228000,61.433000,464.350886,461.276499,460.000000,764,-4.350886,PI,FIFO,true,PI_FIFO,464.350886
3.820015,-1,18,9953.376000,14.809000,460.009814,461.086496,460.000000,768,-0.009814,PI,FIFO,true,PI_FIFO,460.009814
3.830020,-1,18,10005.116000,19.925000,457.987298,460.621617,460.000000,771,2.012702,PI,FIFO,true,PI_FIFO,457.987298
3.840008,-1,18,9987.932000,7.857000,456.262807,459.967795,460.000000,775,3.737193,PI,FIFO,true,PI_FIFO,456.262807
3.850008,-1,19,10000.431000,8.288000,453.555878,459.006008,460.000000,780,6.444122,PI,FIFO,true,PI_FIFO,453.555878
3.860006,-1,18,9997.876000,6.164000,457.669579,458.805543,460.000000,777,2.330421,PI,FIFO,true,PI_FIFO,457.669579
3.870009,-1,18,10002.358000,8.522000,459.108717,458.851019,460.000000,776,0.891283,PI,FIFO,true,PI_FIFO,459.108717
3.880007,-1,18,9998.783000,7.305000,462.734452,459.433534,460.000000,771,-2.734452,PI,FIFO,true,PI_FIFO,462.734452
3.890008,-1,18,10000.839000,8.144000,463.649852,460.065982,460.000000,769,-3.649852,PI,FIFO,true,PI_FIFO,463.649852
3.900008,-1,18,10000.247000,8.391000,460.747543,460.168216,460.000000,771,-0.747543,PI,FIFO,true,PI_FIFO,460.747543
3.910012,-1,18,10003.339000,11.730000,460.687961,460.246178,460.000000,771,-0.687961,PI,FIFO,true,PI_FIFO,460.687961
3.920008,-1,18,9996.098000,7.828000,462.962963,460.653695,460.000000,767,-2.962963,PI,FIFO,true,PI_FIFO,462.962963
3.930008,-1,18,10000.561000,8.389000,461.224754,460.739354,460.000000,769,-1.224754,PI,FIFO,true,PI_FIFO,461.224754
3.940008,-1,18,9999.154000,7.543000,464.108911,461.244788,460.000000,764,-4.108911,PI,FIFO,true,PI_FIFO,464.108911
3.950008,-1,18,10000.357000,7.900000,460.914454,461.195238,460.000000,767,-0.914454,PI,FIFO,true,PI_FIFO,460.914454
3.960007,-1,18,9999.247000,7.147000,457.763672,460.680503,460.000000,771,2.236328,PI,FIFO,true,PI_FIFO,457.763672
3.970034,-1,18,10026.802000,33.949000,455.562660,459.912826,460.000000,775,4.437340,PI,FIFO,true,PI_FIFO,455.562660
3.980036,-1,19,10001.561000,35.510000,453.706062,458.981812,460.000000,779,6.293938,PI,FIFO,true,PI_FIFO,453.706062
3.990056,-1,18,10020.284000,55.794000,457.094100,458.698655,460.000000,777,2.905900,PI,FIFO,true,PI_FIFO,457.094100
4.000031,-1,18,9974.728000,30.522000,459.333660,458.793906,460.000000,775,0.666340,PI,FIFO,true,PI_FIFO,459.333660
4.010021,-1,18,9990.338000,20.860000,461.822660,459.248219,460.000000,772,-1.822660,PI,FIFO,true,PI_FIFO,461.822660
4.020019,-1,18,9998.210000,19.070000,462.902807,459.796407,460.000000,770,-2.902807,PI,FIFO,true,PI_FIFO,462.902807
4.030029,-1,18,10009.635000,28.705000,462.050271,460.134487,460.000000,770,-2.050271,PI,FIFO,true,PI_FIFO,462.050271
4.040009,-1,18,9979.839000,8.544000,460.271318,460.155011,460.000000,771,-0.271318,PI,FIFO,true,PI_FIFO,460.271318
4.050009,-1,18,10000.172000,8.716000,461.595273,460.371051,460.000000,769,-1.595273,PI,FIFO,true,PI_FIFO,461.595273
4.060017,-1,18,10008.432000,17.148000,460.914454,460.452561,460.000000,770,-0.914454,PI,FIFO,true,PI_FIFO,460.914454
4.070022,-1,18,10004.765000,21.913000,464.338782,461.035494,460.000000,765,-4.338782,PI,FIFO,true,PI_FIFO,464.338782
4.080007,-1,18,9985.487000,7.400000,460.461690,460.949424,460.000000,768,-0.461690,PI,FIFO,true,PI_FIFO,460.461690
4.090013,-1,18,10006.006000,13.406000,458.140432,460.528075,460.000000,771,1.859568,PI,FIFO,true,PI_FIFO,458.140432
4.100007,-1,18,9993.283000,6.689000,455.760817,459.812986,460.000000,775,4.239183,PI,FIFO,true,PI_FIFO,455.760817
4.110013,-1,19,10005.821000,12.510000,453.013733,458.793098,460.000000,781,6.986267,PI,FIFO,true,PI_FIFO,453.013733
4.120007,-1,18,9994.079000,6.589000,458.211144,458.705805,460.000000,777,1.788856,PI,FIFO,true,PI_FIFO,458.211144
4.130013,-1,18,10005.913000,12.502000,459.085052,458.762692,460.000000,776,0.914948,PI,FIFO,true,PI_FIFO,459.085052
4.140007,-1,18,9994.210000,6.712000,462.278107,459.290004,460.000000,772,-2.278107,PI,FIFO,true,PI_FIFO,462.278107
4.150036,-1,18,10029.339000,36.051000,462.835985,459.821901,460.000000,770,-2.835985,PI,FIFO,true,PI_FIFO,462.835985
4.160015,-1,18,9978.857000,14.908000,460.235641,459.883962,460.000000,773,-0.235641,PI,FIFO,true,PI_FIFO,460.235641
4.170015,-1,18,9999.913000,14.821000,461.595273,460.140659,460.000000,771,-1.595273,PI,FIFO,true,PI_FIFO,461.595273
4.180007,-1,18,9991.895000,6.716000,461.595273,460.358851,460.000000,770,-1.595273,PI,FIFO,true,PI_FIFO,461.595273
4.190017,-1,18,10010.228000,16.944000,461.463731,460.524583,460.000000,770,-1.463731,PI,FIFO,true,PI_FIFO,461.463731
4.200007,-1,18,9989.857000,6.801000,463.879268,461.027786,460.000000,766,-3.879268,PI,FIFO,true,PI_FIFO,463.879268
4.210018,-1,18,10011.469000,18.270000,461.141171,461.044793,460.000000,768,-1.141171,PI,FIFO,true,PI_FIFO,461.141171
4.220007,-1,18,9988.542000,6.812000,457.904884,460.573807,460.000000,772,2.095116,PI,FIFO,true,PI_FIFO,457.904884
4.230013,-1,18,10006.006000,12.818000,457.317073,460.085297,460.000000,774,2.682927,PI,FIFO,true,PI_FIFO,457.317073
4.240007,-1,19,9993.765000,6.583000,453.244275,459.059144,460.000000,781,6.755725,PI,FIFO,true,PI_FIFO,453.244275
4.250013,-1,18,10006.821000,13.404000,458.211144,458.931944,460.000000,776,1.788856,PI,FIFO,true,PI_FIFO,458.211144
4.260007,-1,18,9993.135000,6.539000,458.376222,458.848585,460.000000,777,1.623778,PI,FIFO,true,PI_FIFO,458.376222
4.270012,-1,18,10005.765000,12.304000,464.108911,459.637634,460.000000,769,-4.108911,PI,FIFO,true,PI_FIFO,464.108911
4.280007,-1,18,9994.283000,6.587000,462.050271,459.999530,460.000000,771,-2.050271,PI,FIFO,true,PI_FIFO,462.050271
4.290013,-1,18,10006.395000,12.982000,461.141171,460.170776,460.000000,771,-1.141171,PI,FIFO,true,PI_FIFO,461.141171
4.300009,-1,18,9996.191000,9.173000,460.914454,460.282328,460.000000,771,-0.914454,PI,FIFO,true,PI_FIFO,460.914454
4.310013,-1,18,10003.820000,12.993000,461.224754,460.423692,460.000000,770,-1.224754,PI,FIFO,true,PI_FIFO,461.224754
4.320007,-1,18,9993.728000,6.721000,461.595273,460.599429,460.000000,769,-1.595273,PI,FIFO,true,PI_FIFO,461.595273
4.330018,-1,18,10011.135000,17.856000,463.420662,461.022614,460.000000,766,-3.420662,PI,FIFO,true,PI_FIFO,463.420662
4.340008,-1,18,9990.339000,8.195000,461.595273,461.108513,460.000000,767,-1.595273,PI,FIFO,true,PI_FIFO,461.595273
4.350013,-1,18,10004.561000,12.756000,458.376222,460.698669,460.000000,771,1.623778,PI,FIFO,true,PI_FIFO,458.376222
4.360007,-1,18,9993.765000,6.521000,455.982490,459.991242,460.000000,775,4.017510,PI,FIFO,true,PI_FIFO,455.982490
4.370027,-1,19,10020.821000,27.342000,452.783427,458.910070,460.000000,781,7.216573,PI,FIFO,true,PI_FIFO,452.783427
4.380017,-1,18,9989.876000,17.218000,458.310701,458.820165,460.000000,776,1.689299,PI,FIFO,true,PI_FIFO,458.310701
4.390012,-1,18,9994.357000,11.575000,458.659491,458.796064,460.000000,776,1.340509,PI,FIFO,true,PI_FIFO,458.659491
4.400006,-1,18,9994.895000,6.470000,463.191700,459.455409,460.000000,771,-3.191700,PI,FIFO,true,PI_FIFO,463.191700
4.410012,-1,18,10005.413000,11.883000,462.734452,459.947265,460.000000,770,-2.734452,PI,FIFO,true,PI_FIFO,462.734452
4.420007,-1,18,9995.061000,6.944000,460.033574,459.960212,460.000000,773,-0.033574,PI,FIFO,true,PI_FIFO,460.033574
4.430010,-1,18,10003.191000,10.135000,462.734452,460.376348,460.000000,769,-2.734452,PI,FIFO,true,PI_FIFO,462.734452
4.440007,-1,18,9996.765000,6.900000,460.687961,460.423090,460.000000,771,-0.687961,PI,FIFO,true,PI_FIFO,460.687961
4.450012,-1,18,10005.080000,11.980000,461.702955,460.615070,460.000000,769,-1.702955,PI,FIFO,true,PI_FIFO,461.702955
4.460007,-1,18,9994.653000,6.633000,463.420662,461.035908,460.000000,766,-3.420662,PI,FIFO,true,PI_FIFO,463.420662
4.470010,-1,18,10003.099000,9.732000,462.050271,461.188063,460.000000,766,-2.050271,PI,FIFO,true,PI_FIFO,462.050271
4.480006,-1,18,9996.431000,6.163000,459.085052,460.872611,460.000000,770,0.914948,PI,FIFO,true,PI_FIFO,459.085052
4.490015,-1,18,10008.561000,14.724000,456.648807,460.239040,460.000000,773,3.351193,PI,FIFO,true,PI_FIFO,456.648807
4.500006,-1,19,9991.099000,5.823000,452.783427,459.120698,460.000000,780,7.216573,PI,FIFO,true,PI_FIFO,452.783427
4.510010,-1,18,10004.598000,10.421000,456.965110,458.797360,460.000000,777,3.034890,PI,FIFO,true,PI_FIFO,456.965110
4.520009,-1,18,9998.080000,8.501000,457.763672,458.642307,460.000000,777,2.236328,PI,FIFO,true,PI_FIFO,457.763672
4.530014,-1,18,10005.691000,14.192000,462.506167,459.221886,460.000000,772,-2.506167,PI,FIFO,true,PI_FIFO,462.506167
4.540006,-1,18,9991.820000,6.012000,462.662338,459.737954,460.000000,770,-2.662338,PI,FIFO,true,PI_FIFO,462.662338
4.550009,-1,18,10003.265000,9.277000,460.009814,459.778733,460.000000,773,-0.009814,PI,FIFO,true,PI_FIFO,460.009814
4.560009,-1,18,10000.006000,9.283000,462.962963,460.256367,460.000000,769,-2.962963,PI,FIFO,true,PI_FIFO,462.962963
4.570035,-1,18,10025.839000,35.122000,460.009814,460.219384,460.000000,772,-0.009814,PI,FIFO,true,PI_FIFO,460.009814
4.580016,-1,18,9981.339000,16.461000,462.050271,460.494017,460.000000,769,-2.050271,PI,FIFO,true,PI_FIFO,462.050271
4.590010,-1,18,9993.172000,9.633000,462.902807,460.855336,460.000000,767,-2.902807,PI,FIFO,true,PI_FIFO,462.902807
4.600007,-1,18,9997.857000,7.490000,461.595273,460.966326,460.000000,768,-1.595273,PI,FIFO,true,PI_FIFO,461.595273
4.610008,-1,18,10000.969000,8.459000,459.784208,460.789009,460.000000,769,0.215792,PI,FIFO,true,PI_FIFO,459.784208
4.620018,-1,18,10009.802000,18.261000,456.496668,460.145157,460.000000,774,3.503332,PI,FIFO,true,PI_FIFO,456.496668
4.630020,-1,19,10001.932000,20.193000,453.555878,459.156766,460.000000,780,6.444122,PI,FIFO,true,PI_FIFO,453.555878
4.640009,-1,18,9988.375000,8.568000,457.317073,458.880812,460.000000,777,2.682927,PI,FIFO,true,PI_FIFO,457.317073
4.650011,-1,18,10002.784000,11.352000,458.140432,458.769755,460.000000,777,1.859568,PI,FIFO,true,PI_FIFO,458.140432
4.660026,-1,18,10014.876000,26.228000,463.384495,459.461966,460.000000,770,-3.384495,PI,FIFO,true,PI_FIFO,463.384495
4.670022,-1,18,9995.376000,21.604000,462.962963,459.987115,460.000000,770,-2.962963,PI,FIFO,true,PI_FIFO,462.962963
4.680016,-1,18,9994.172000,15.776000,459.784208,459.956679,460.000000,773,0.215792,PI,FIFO,true,PI_FIFO,459.784208
4.690008,-1,18,9992.654000,8.430000,462.962963,460.407622,460.000000,768,-2.962963,PI,FIFO,true,PI_FIFO,462.962963
4.700007,-1,18,9998.524000,6.954000,459.784208,460.314110,460.000000,772,0.215792,PI,FIFO,true,PI_FIFO,459.784208
4.710009,-1,18,10002.099000,9.053000,461.595273,460.506284,460.000000,769,-1.595273,PI,FIFO,true,PI_FIFO,461.595273
4.720006,-1,18,9997.209000,6.262000,462.422118,460.793659,460.000000,767,-2.422118,PI,FIFO,true,PI_FIFO,462.422118
4.730020,-1,18,10013.265000,19.527000,461.595273,460.913901,460.000000,768,-1.595273,PI,FIFO,true,PI_FIFO,461.595273
4.740007,-1,18,9987.394000,6.921000,459.558824,460.710640,460.000000,770,0.441176,PI,FIFO,true,PI_FIFO,459.558824
4.750014,-1,18,10006.617000,13.538000,456.262807,460.043465,460.000000,775,3.737193,PI,FIFO,true,PI_FIFO,456.262807
4.760007,-1,19,9993.154000,6.692000,453.937309,459.127542,460.000000,779,6.062691,PI,FIFO,true,PI_FIFO,453.937309
4.770012,-1,18,10004.876000,11.568000,456.871345,458.789112,460.000000,778,3.128655,PI,FIFO,true,PI_FIFO,456.871345
4.780006,-1,18,9994.931000,6.499000,458.140432,458.691810,460.000000,777,1.859568,PI,FIFO,true,PI_FIFO,458.140432
4.790012,-1,18,10005.673000,12.172000,463.420662,459.401138,460.000000,771,-3.420662,PI,FIFO,true,PI_FIFO,463.420662
4.800006,-1,18,9994.302000,6.474000,463.420662,460.004067,460.000000,769,-3.420662,PI,FIFO,true,PI_FIFO,463.420662
4.810023,-1,18,10016.561000,23.035000,459.784208,459.971088,460.000000,773,0.215792,PI,FIFO,true,PI_FIFO,459.784208
4.820015,-1,18,9991.950000,14.985000,462.506167,460.351350,460.000000,769,-2.506167,PI,FIFO,true,PI_FIFO,462.506167
4.830014,-1,18,9998.691000,13.676000,460.687961,460.401841,460.000000,771,-0.687961,PI,FIFO,true,PI_FIFO,460.687961
4.840007,-1,18,9993.117000,6.793000,461.942427,460.632929,460.000000,769,-1.942427,PI,FIFO,true,PI_FIFO,461.942427
4.850024,-1,18,10017.061000,23.854000,463.420662,461.051089,460.000000,766,-3.420662,PI,FIFO,true,PI_FIFO,463.420662
4.860009,-1,18,9985.135000,8.989000,461.368110,461.098642,460.000000,767,-1.368110,PI,FIFO,true,PI_FIFO,461.368110
4.870016,-1,18,10007.062000,16.051000,460.310966,460.980491,460.000000,768,-0.310966,PI,FIFO,true,PI_FIFO,460.310966
4.880008,-1,18,9991.524000,7.575000,455.329755,460.132880,460.000000,775,4.670245,PI,FIFO,true,PI_FIFO,455.329755
4.890012,-1,18,10004.876000,12.451000,455.097087,459.377511,460.000000,777,4.902913,PI,FIFO,true,PI_FIFO,455.097087
4.900007,-1,18,9994.746000,7.197000,456.204380,458.901542,460.000000,778,3.795620,PI,FIFO,true,PI_FIFO,456.204380
4.910013,-1,18,10005.728000,12.925000,457.434515,458.681488,460.000000,778,2.565485,PI,FIFO,true,PI_FIFO,457.434515
4.920007,-1,18,9994.043000,6.968000,462.962963,459.323709,460.000000,771,-2.962963,PI,FIFO,true,PI_FIFO,462.962963
4.930015,-1,18,10008.079000,15.047000,463.420662,459.938252,460.000000,769,-3.420662,PI,FIFO,true,PI_FIFO,463.420662
4.940007,-1,18,9991.617000,6.664000,461.141171,460.118690,460.000000,771,-1.141171,PI,FIFO,true,PI_FIFO,461.141171
4.950013,-1,18,10006.061000,12.725000,461.224754,460.284599,460.000000,770,-1.224754,PI,FIFO,true,PI_FIFO,461.224754
4.960008,-1,18,9995.691000,8.416000,460.687961,460.345104,460.000000,771,-0.687961,PI,FIFO,true,PI_FIFO,460.687961
4.970026,-1,18,10017.747000,26.163000,462.278107,460.635054,460.000000,768,-2.278107,PI,FIFO,true,PI_FIFO,462.278107
4.980016,-1,18,9989.431000,15.594000,463.879268,461.121686,460.000000,765,-3.879268,PI,FIFO,true,PI_FIFO,463.879268
4.990016,-1,18,10000.635000,16.229000,461.141171,461.124609,460.000000,767,-1.141171,PI,FIFO,true,PI_FIFO,461.141171
5.000007,-1,18,9991.265000,7.494000,460.914454,461.093086,460.000000,767,-0.914454,PI,FIFO,true,PI_FIFO,460.914454
5.010016,-1,18,10008.580000,16.074000,455.982490,460.326496,460.000000,774,4.017510,PI,FIFO,true,PI_FIFO,455.982490
5.020010,-1,18,9993.858000,9.932000,454.400510,459.437598,460.000000,777,5.599490,PI,FIFO,true,PI_FIFO,454.400510
5.030013,-1,18,10003.320000,13.252000,456.029186,458.926337,460.000000,777,3.970814,PI,FIFO,true,PI_FIFO,456.029186
5.040007,-1,18,9993.543000,6.795000,458.211144,458.819058,460.000000,776,1.788856,PI,FIFO,true,PI_FIFO,458.211144
5.050012,-1,18,10004.857000,11.652000,463.191700,459.474954,460.000000,770,-3.191700,PI,FIFO,true,PI_FIFO,463.191700
5.060007,-1,18,9995.191000,6.843000,462.182148,459.881033,460.000000,770,-2.182148,PI,FIFO,true,PI_FIFO,462.182148
5.070021,-1,18,10014.154000,20.997000,459.773470,459.864899,460.000000,772,0.226530,PI,FIFO,true,PI_FIFO,459.773470
5.080015,-1,18,9994.117000,15.114000,462.662338,460.284515,460.000000,768,-2.662338,PI,FIFO,true,PI_FIFO,462.662338
5.090031,-1,18,10016.376000,31.490000,460.059978,460.250834,460.000000,771,-0.059978,PI,FIFO,true,PI_FIFO,460.059978
5.100007,-1,18,9975.857000,7.347000,462.050271,460.520750,460.000000,768,-2.050271,PI,FIFO,true,PI_FIFO,462.050271
5.110014,-1,18,10006.469000,13.816000,463.879268,461.024527,460.000000,765,-3.879268,PI,FIFO,true,PI_FIFO,463.879268
5.120007,-1,18,9993.172000,6.988000,460.461690,460.940102,460.000000,768,-0.461690,PI,FIFO,true,PI_FIFO,460.461690
5.130015,-1,18,10008.061000,15.049000,461.595273,461.038377,460.000000,766,-1.595273,PI,FIFO,true,PI_FIFO,461.595273
5.140007,-1,18,9992.265000,7.314000,455.795803,460.251991,460.000000,774,4.204197,PI,FIFO,true,PI_FIFO,455.795803
5.150013,-1,18,10005.506000,12.820000,454.876274,459.445634,460.000000,777,5.123726,PI,FIFO,true,PI_FIFO,454.876274
5.160007,-1,18,9994.024000,6.844000,455.795803,458.898159,460.000000,777,4.204197,PI,FIFO,true,PI_FIFO,455.795803
5.170016,-1,18,10008.950000,15.794000,457.317073,458.660996,460.000000,777,2.682927,PI,FIFO,true,PI_FIFO,457.317073
5.180012,-1,18,9995.802000,11.596000,463.420662,459.374946,460.000000,769,-3.420662,PI,FIFO,true,PI_FIFO,463.420662
5.190021,-1,18,10009.561000,21.157000,462.050271,459.776245,460.000000,770,-2.050271,PI,FIFO,true,PI_FIFO,462.050271
5.200012,-1,18,9991.117000,12.274000,461.065574,459.969644,460.000000,771,-1.065574,PI,FIFO,true,PI_FIFO,461.065574
5.210025,-1,18,10012.728000,25.002000,460.687961,460.077392,460.000000,771,-0.687961,PI,FIFO,true,PI_FIFO,460.687961
5.220013,-1,18,9988.487000,13.489000,460.418616,460.128575,460.000000,771,-0.418616,PI,FIFO,true,PI_FIFO,460.418616
5.230024,-1,18,10010.395000,23.884000,461.822660,460.382688,460.000000,769,-1.822660,PI,FIFO,true,PI_FIFO,461.822660
5.240011,-1,18,9987.376000,11.260000,462.835985,460.750682,460.000000,766,-2.835985,PI,FIFO,true,PI_FIFO,462.835985
5.250024,-1,18,10012.320000,23.580000,461.368110,460.843297,460.000000,767,-1.368110,PI,FIFO,true,PI_FIFO,461.368110
5.260013,-1,18,9989.765000,13.345000,460.687961,460.819996,460.000000,768,-0.687961,PI,FIFO,true,PI_FIFO,460.687961
5.270024,-1,18,10010.691000,24.036000,456.204380,460.127654,460.000000,774,3.795620,PI,FIFO,true,PI_FIFO,456.204380
5.280019,-1,18,9995.302000,19.338000,454.361874,459.262787,460.000000,778,5.638126,PI,FIFO,true,PI_FIFO,454.361874
5.290035,-1,19,10015.895000,35.233000,455.097087,458.637932,460.000000,779,4.902913,PI,FIFO,true,PI_FIFO,455.097087
5.300015,-1,18,9979.857000,15.090000,457.069339,458.402643,460.000000,778,2.930661,PI,FIFO,true,PI_FIFO,457.069339
5.310032,-1,18,10017.321000,32.411000,463.890198,459.225776,460.000000,770,-3.890198,PI,FIFO,true,PI_FIFO,463.890198
5.320016,-1,18,9983.209000,15.620000,461.942427,459.633274,460.000000,771,-1.942427,PI,FIFO,true,PI_FIFO,461.942427
5.330032,-1,18,10016.839000,32.459000,461.714353,459.945436,460.000000,771,-1.714353,PI,FIFO,true,PI_FIFO,461.714353
5.340036,-1,18,10003.858000,36.317000,460.509307,460.030016,460.000000,772,-0.509307,PI,FIFO,true,PI_FIFO,460.509307
5.350030,-1,18,9993.950000,30.267000,460.059978,460.034511,460.000000,772,-0.059978,PI,FIFO,true,PI_FIFO,460.059978
5.360020,-1,18,9989.857000,20.124000,464.108911,460.645671,460.000000,766,-4.108911,PI,FIFO,true,PI_FIFO,464.108911
5.370039,-1,18,10019.043000,39.167000,462.902807,460.984241,460.000000,766,-2.902807,PI,FIFO,true,PI_FIFO,462.902807
5.380021,-1,18,9981.616000,20.783000,462.278107,461.178321,460.000000,766,-2.278107,PI,FIFO,true,PI_FIFO,462.278107
5.390029,-1,18,10008.395000,29.178000,460.986025,461.149477,460.000000,767,-0.986025,PI,FIFO,true,PI_FIFO,460.986025
5.400019,-1,18,9989.857000,19.035000,456.648807,460.474376,460.000000,773,3.351193,PI,FIFO,true,PI_FIFO,456.648807
5.410035,-1,18,10015.784000,34.819000,454.257037,459.541775,460.000000,777,5.742963,PI,FIFO,true,PI_FIFO,454.257037
5.420020,-1,18,9984.969000,19.788000,455.834684,458.985712,460.000000,778,4.165316,PI,FIFO,true,PI_FIFO,455.834684
5.430034,-1,19,10014.228000,34.016000,455.318116,458.435572,460.000000,780,4.681884,PI,FIFO,true,PI_FIFO,455.318116
5.440017,-1,18,9982.875000,16.891000,463.143526,459.141765,460.000000,771,-3.143526,PI,FIFO,true,PI_FIFO,463.143526
5.450022,-1,18,10004.765000,21.656000,462.147887,459.592684,460.000000,771,-2.147887,PI,FIFO,true,PI_FIFO,462.147887
5.460015,-1,18,9993.710000,15.366000,461.463731,459.873341,460.000000,771,-1.463731,PI,FIFO,true,PI_FIFO,461.463731
5.470021,-1,18,10006.061000,21.427000,461.368110,460.097556,460.000000,771,-1.368110,PI,FIFO,true,PI_FIFO,461.368110
5.480017,-1,18,9995.431000,16.858000,460.509307,460.159319,460.000000,771,-0.509307,PI,FIFO,true,PI_FIFO,460.509307
5.490040,-1,18,10023.229000,40.087000,462.364960,460.490165,460.000000,768,-2.364960,PI,FIFO,true,PI_FIFO,462.364960
5.500016,-1,18,9975.820000,15.907000,463.384495,460.924314,460.000000,766,-3.384495,PI,FIFO,true,PI_FIFO,463.384495
5.510022,-1,18,10006.394000,22.301000,462.050271,461.093208,460.000000,767,-2.050271,PI,FIFO,true,PI_FIFO,462.050271
5.520027,-1,18,10004.858000,27.159000,460.509307,461.005623,460.000000,768,-0.509307,PI,FIFO,true,PI_FIFO,460.509307
5.530024,-1,18,9996.932000,24.091000,456.204380,460.285436,460.000000,774,3.795620,PI,FIFO,true,PI_FIFO,456.204380
5.540016,-1,18,9991.487000,15.578000,454.864658,459.472320,460.000000,777,5.135342,PI,FIFO,true,PI_FIFO,454.864658
5.550021,-1,19,10005.542000,21.120000,454.876274,458.782913,460.000000,779,5.123726,PI,FIFO,true,PI_FIFO,454.876274
5.560022,-1,19,10001.284000,22.404000,455.834684,458.340678,460.000000,780,4.165316,PI,FIFO,true,PI_FIFO,455.834684
5.570034,-1,18,10011.802000,34.206000,462.582237,458.976912,460.000000,772,-2.582237,PI,FIFO,true,PI_FIFO,462.582237
5.580019,-1,18,9984.820000,19.026000,462.182148,459.457698,460.000000,772,-2.182148,PI,FIFO,true,PI_FIFO,462.182148
5.590021,-1,18,10002.191000,21.217000,460.235641,459.574389,460.000000,774,-0.235641,PI,FIFO,true,PI_FIFO,460.235641
5.600019,-1,18,9997.283000,18.500000,462.662338,460.037581,460.000000,770,-2.662338,PI,FIFO,true,PI_FIFO,462.662338
5.610021,-1,18,10002.895000,21.395000,460.203366,460.062449,460.000000,772,-0.203366,PI,FIFO,true,PI_FIFO,460.203366
5.620018,-1,18,9996.895000,18.290000,463.853766,460.631147,460.000000,767,-3.853766,PI,FIFO,true,PI_FIFO,463.853766
5.630021,-1,18,10002.653000,20.943000,462.582237,460.923810,460.000000,767,-2.582237,PI,FIFO,true,PI_FIFO,462.582237
5.640018,-1,18,9997.321000,18.264000,462.662338,461.184589,460.000000,766,-2.662338,PI,FIFO,true,PI_FIFO,462.662338
5.650029,-1,18,10010.617000,28.881000,459.108717,460.873208,460.000000,770,0.891283,PI,FIFO,true,PI_FIFO,459.108717
5.660028,-1,18,9998.709000,27.590000,457.434515,460.357404,460.000000,773,2.565485,PI,FIFO,true,PI_FIFO,457.434515
5.670022,-1,18,9994.376000,21.966000,455.318116,459.601511,460.000000,777,4.681884,PI,FIFO,true,PI_FIFO,455.318116
5.680029,-1,19,10006.858000,28.824000,455.329755,458.960748,460.000000,779,4.670245,PI,FIFO,true,PI_FIFO,455.329755
5.690023,-1,19,9994.616000,23.440000,456.648807,458.613956,460.000000,779,3.351193,PI,FIFO,true,PI_FIFO,456.648807
5.700019,-1,18,9995.376000,18.816000,461.942427,459.113227,460.000000,773,-1.942427,PI,FIFO,true,PI_FIFO,461.942427
5.710021,-1,18,10002.413000,21.229000,462.799718,459.666201,460.000000,771,-2.799718,PI,FIFO,true,PI_FIFO,462.799718
5.720025,-1,18,10003.580000,24.809000,461.822660,459.989670,460.000000,771,-1.822660,PI,FIFO,true,PI_FIFO,461.822660
5.730060,-1,18,10035.117000,59.926000,461.714353,460.248372,460.000000,770,-1.714353,PI,FIFO,true,PI_FIFO,461.714353
5.740036,-1,18,9975.765000,35.691000,459.796076,460.180528,460.000000,772,0.203924,PI,FIFO,true,PI_FIFO,459.796076
5.750047,-1,18,10010.895000,46.586000,463.453390,460.671457,460.000000,767,-3.453390,PI,FIFO,true,PI_FIFO,463.453390
5.760018,-1,18,9971.597000,18.183000,460.986025,460.718642,460.000000,769,-0.986025,PI,FIFO,true,PI_FIFO,460.986025
5.770038,-1,18,10020.062000,38.245000,463.649852,461.158324,460.000000,765,-3.649852,PI,FIFO,true,PI_FIFO,463.649852
5.780017,-1,18,9978.913000,17.158000,460.033574,460.989611,460.000000,769,-0.033574,PI,FIFO,true,PI_FIFO,460.033574
5.790030,-1,18,10012.506000,29.664000,456.151529,460.263899,460.000000,774,3.848471,PI,FIFO,true,PI_FIFO,456.151529
5.800017,-1,18,9987.561000,17.225000,456.081081,459.636476,460.000000,776,3.918919,PI,FIFO,true,PI_FIFO,456.081081
5.810045,-1,19,10028.043000,45.268000,454.215116,458.823272,460.000000,780,5.784884,PI,FIFO,true,PI_FIFO,454.215116
5.820041,-1,19,9995.246000,40.514000,456.730769,458.509397,460.000000,779,3.269231,PI,FIFO,true,PI_FIFO,456.730769
5.830048,-1,18,10007.450000,47.964000,462.050271,459.040528,460.000000,773,-2.050271,PI,FIFO,true,PI_FIFO,462.050271
5.840033,-1,18,9984.543000,32.507000,462.662338,459.583799,460.000000,771,-2.662338,PI,FIFO,true,PI_FIFO,462.662338
5.850070,-1,18,10037.543000,70.050000,461.702955,459.901673,460.000000,771,-1.702955,PI,FIFO,true,PI_FIFO,461.702955
5.860027,-1,18,9956.949000,26.999000,462.236665,460.251922,460.000000,770,-2.236665,PI,FIFO,true,PI_FIFO,462.236665
5.870051,-1,18,10024.117000,51.116000,459.558824,460.147957,460.000000,773,0.441176,PI,FIFO,true,PI_FIFO,459.558824
5.880016,-1,18,9965.191000,16.307000,463.890198,460.709293,460.000000,767,-3.890198,PI,FIFO,true,PI_FIFO,463.890198
5.890015,-1,18,9999.098000,15.405000,461.368110,460.808116,460.000000,769,-1.368110,PI,FIFO,true,PI_FIFO,461.368110
5.900016,-1,18,10001.080000,16.485000,463.598901,461.226733,460.000000,765,-3.598901,PI,FIFO,true,PI_FIFO,463.598901
5.910043,-1,18,10026.580000,43.065000,460.849719,461.170181,460.000000,768,-0.849719,PI,FIFO,true,PI_FIFO,460.849719
5.920016,-1,18,9972.968000,16.033000,455.982490,460.392028,460.000000,774,4.017510,PI,FIFO,true,PI_FIFO,455.982490
5.930026,-1,18,10009.562000,25.595000,455.834684,459.708426,460.000000,776,4.165316,PI,FIFO,true,PI_FIFO,455.834684
5.940017,-1,19,9991.487000,17.082000,453.775411,458.818474,460.000000,781,6.224589,PI,FIFO,true,PI_FIFO,453.775411
5.950037,-1,19,10020.024000,37.106000,456.648807,458.493024,460.000000,779,3.351193,PI,FIFO,true,PI_FIFO,456.648807
5.960016,-1,18,9979.376000,16.482000,462.278107,459.060786,460.000000,773,-2.278107,PI,FIFO,true,PI_FIFO,462.278107
5.970020,-1,18,10003.857000,20.339000,462.075575,459.513005,460.000000,772,-2.075575,PI,FIFO,true,PI_FIFO,462.075575
5.980026,-1,18,10005.450000,25.789000,461.931018,459.875707,460.000000,771,-1.931018,PI,FIFO,true,PI_FIFO,461.931018
5.990022,-1,18,9996.210000,21.999000,461.317660,460.092000,460.000000,771,-1.317660,PI,FIFO,true,PI_FIFO,461.317660
6.000024,-1,18,10001.635000,23.634000,460.203366,460.108705,460.000000,772,-0.203366,PI,FIFO,true,PI_FIFO,460.203366
6.010022,-1,18,9998.321000,21.955000,463.867188,460.672477,460.000000,767,-3.867188,PI,FIFO,true,PI_FIFO,463.867188
6.020026,-1,18,10003.968000,25.923000,462.147887,460.893789,460.000000,768,-2.147887,PI,FIFO,true,PI_FIFO,462.147887
6.030023,-1,18,9997.321000,23.244000,462.835985,461.185118,460.000000,766,-2.835985,PI,FIFO,true,PI_FIFO,462.835985
6.040023,-1,18,10000.116000,23.360000,460.634066,461.102460,460.000000,768,-0.634066,PI,FIFO,true,PI_FIFO,460.634066
6.050022,-1,18,9998.895000,22.255000,456.821873,460.460372,460.000000,773,3.178127,PI,FIFO,true,PI_FIFO,456.821873
6.060024,-1,18,10001.561000,23.816000,456.574675,459.877518,460.000000,775,3.425325,PI,FIFO,true,PI_FIFO,456.574675
6.070079,-1,19,10055.173000,78.989000,453.937309,458.986486,460.000000,780,6.062691,PI,FIFO,true,PI_FIFO,453.937309
6.080035,-1,18,9955.765000,34.754000,456.730769,458.648129,460.000000,778,3.269231,PI,FIFO,true,PI_FIFO,456.730769
6.090033,-1,18,9998.264000,33.018000,460.914454,458.988078,460.000000,774,-0.914454,PI,FIFO,true,PI_FIFO,460.914454
6.100024,-1,18,9990.673000,23.691000,463.017404,459.592476,460.000000,771,-3.017404,PI,FIFO,true,PI_FIFO,463.017404
6.110037,-1,18,10013.505000,37.196000,462.422118,460.016923,460.000000,770,-2.422118,PI,FIFO,true,PI_FIFO,462.422118
6.120019,-1,18,9981.802000,18.998000,460.235641,460.049730,460.000000,772,-0.235641,PI,FIFO,true,PI_FIFO,460.235641
6.130024,-1,18,10004.654000,23.652000,460.033574,460.047307,460.000000,772,-0.033574,PI,FIFO,true,PI_FIFO,460.033574
6.140023,-1,18,9999.006000,22.658000,463.235294,460.525505,460.000000,768,-3.235294,PI,FIFO,true,PI_FIFO,463.235294
6.150031,-1,18,10008.394000,31.052000,461.822660,460.720078,460.000000,769,-1.822660,PI,FIFO,true,PI_FIFO,461.822660
6.160025,-1,18,9994.080000,25.132000,462.799718,461.032024,460.000000,766,-2.799718,PI,FIFO,true,PI_FIFO,462.799718
6.170035,-1,18,10009.932000,35.064000,461.463731,461.096780,460.000000,767,-1.463731,PI,FIFO,true,PI_FIFO,461.463731
6.180024,-1,18,9989.098000,24.162000,455.318116,460.229981,460.000000,775,4.681884,PI,FIFO,true,PI_FIFO,455.318116
6.190023,-1,18,9998.524000,22.686000,456.327745,459.644645,460.000000,776,3.672255,PI,FIFO,true,PI_FIFO,456.327745
6.200022,-1,19,9999.302000,21.988000,453.838174,458.773675,460.000000,781,6.161826,PI,FIFO,true,PI_FIFO,453.838174
6.210022,-1,19,9999.876000,21.864000,456.574675,458.443825,460.000000,779,3.425325,PI,FIFO,true,PI_FIFO,456.574675
6.220022,-1,18,10000.265000,22.129000,461.281631,458.869496,460.000000,774,-1.281631,PI,FIFO,true,PI_FIFO,461.281631
6.230021,-1,18,9999.209000,21.338000,462.835985,459.464469,460.000000,771,-2.835985,PI,FIFO,true,PI_FIFO,462.835985
6.240022,-1,18,10000.598000,21.936000,463.235294,460.030093,460.000000,770,-3.235294,PI,FIFO,true,PI_FIFO,463.235294
6.250021,-1,18,9999.339000,21.275000,460.986025,460.173483,460.000000,772,-0.986025,PI,FIFO,true,PI_FIFO,460.986025
6.260022,-1,18,10000.599000,21.874000,460.203366,460.177965,460.000000,772,-0.203366,PI,FIFO,true,PI_FIFO,460.203366
6.270022,-1,18,9999.672000,21.546000,462.835985,460.576668,460.000000,768,-2.835985,PI,FIFO,true,PI_FIFO,462.835985
6.280023,-1,18,10000.987000,22.533000,463.453390,461.008176,460.000000,766,-3.453390,PI,FIFO,true,PI_FIFO,463.453390
6.290022,-1,18,9998.987000,21.520000,461.702955,461.112393,460.000000,767,-1.702955,PI,FIFO,true,PI_FIFO,461.702955
6.300022,-1,18,10000.099000,21.619000,460.914454,461.082702,460.000000,768,-0.914454,PI,FIFO,true,PI_FIFO,460.914454
6.310021,-1,18,9999.413000,21.032000,455.562660,460.254696,460.000000,775,4.437340,PI,FIFO,true,PI_FIFO,455.562660
6.320022,-1,18,10001.209000,22.241000,457.094100,459.780607,460.000000,775,2.905900,PI,FIFO,true,PI_FIFO,457.094100
6.330064,-1,19,10041.877000,64.118000,453.244275,458.800157,460.000000,781,6.755725,PI,FIFO,true,PI_FIFO,453.244275
6.340025,-1,19,9961.079000,25.197000,456.648807,458.477454,460.000000,779,3.351193,PI,FIFO,true,PI_FIFO,456.648807
6.350022,-1,18,9997.005000,22.202000,460.271318,458.746534,460.000000,776,-0.271318,PI,FIFO,true,PI_FIFO,460.271318
6.360023,-1,18,10000.302000,22.504000,461.714353,459.191707,460.000000,773,-1.714353,PI,FIFO,true,PI_FIFO,461.714353
6.370036,-1,18,10013.043000,35.547000,464.108911,459.929287,460.000000,769,-4.108911,PI,FIFO,true,PI_FIFO,464.108911
6.380019,-1,18,9983.802000,19.349000,460.914454,460.077062,460.000000,772,-0.914454,PI,FIFO,true,PI_FIFO,460.914454
6.390025,-1,18,10005.802000,25.151000,461.463731,460.285063,460.000000,771,-1.463731,PI,FIFO,true,PI_FIFO,461.463731
6.400036,-1,18,10010.784000,35.935000,461.281631,460.434548,460.000000,771,-1.281631,PI,FIFO,true,PI_FIFO,461.281631
6.410031,-1,18,9995.376000,31.311000,462.582237,460.756701,460.000000,768,-2.582237,PI,FIFO,true,PI_FIFO,462.582237
6.420024,-1,18,9992.505000,23.816000,463.671691,461.193950,460.000000,766,-3.671691,PI,FIFO,true,PI_FIFO,463.671691
6.430023,-1,18,9999.487000,23.303000,460.986025,461.162761,460.000000,768,-0.986025,PI,FIFO,true,PI_FIFO,460.986025
6.440036,-1,18,10012.487000,35.790000,457.317073,460.585908,460.000000,773,2.682927,PI,FIFO,true,PI_FIFO,457.317073
6.450078,-1,18,10042.025000,77.815000,456.730769,460.007637,460.000000,775,3.269231,PI,FIFO,true,PI_FIFO,456.730769
6.460026,-1,19,9948.561000,26.376000,453.475051,459.027749,460.000000,781,6.524949,PI,FIFO,true,PI_FIFO,453.475051
6.470032,-1,19,10005.839000,32.215000,456.648807,458.670908,460.000000,779,3.351193,PI,FIFO,true,PI_FIFO,456.648807
6.480026,-1,18,9993.950000,26.165000,460.986025,459.018175,460.000000,774,-0.986025,PI,FIFO,true,PI_FIFO,460.986025
6.490023,-1,18,9996.431000,22.596000,462.147887,459.487632,460.000000,772,-2.147887,PI,FIFO,true,PI_FIFO,462.147887
6.500023,-1,18,10000.562000,23.158000,464.108911,460.180824,460.000000,768,-4.108911,PI,FIFO,true,PI_FIFO,464.108911
6.510023,-1,18,9999.987000,23.145000,460.009814,460.155172,460.000000,773,-0.009814,PI,FIFO,true,PI_FIFO,460.009814
6.520022,-1,18,9998.894000,22.039000,461.224754,460.315610,460.000000,771,-1.224754,PI,FIFO,true,PI_FIFO,461.224754
6.530034,-1,18,10012.432000,34.471000,461.714353,460.525421,460.000000,770,-1.714353,PI,FIFO,true,PI_FIFO,461.714353
6.540018,-1,18,9983.246000,17.717000,461.822660,460.720007,460.000000,769,-1.822660,PI,FIFO,true,PI_FIFO,461.822660
6.550036,-1,18,10018.636000,36.353000,464.327830,461.261180,460.000000,764,-4.327830,PI,FIFO,true,PI_FIFO,464.327830
6.560024,-1,18,9987.857000,24.210000,460.747543,461.184135,460.000000,768,-0.747543,PI,FIFO,true,PI_FIFO,460.747543
6.570022,-1,18,9997.302000,21.512000,457.094100,460.570630,460.000000,773,2.905900,PI,FIFO,true,PI_FIFO,457.094100
6.580023,-1,18,10001.820000,23.332000,456.029186,459.889413,460.000000,775,3.970814,PI,FIFO,true,PI_FIFO,456.029186
6.590022,-1,19,9998.876000,22.208000,453.117448,458.873618,460.000000,781,6.882552,PI,FIFO,true,PI_FIFO,453.117448
6.600022,-1,18,9999.488000,21.696000,457.317073,458.640137,460.000000,778,2.682927,PI,FIFO,true,PI_FIFO,457.317073
6.610022,-1,18,10000.172000,21.868000,459.773470,458.810137,460.000000,776,0.226530,PI,FIFO,true,PI_FIFO,459.773470
6.620023,-1,18,10001.061000,22.929000,461.463731,459.208176,460.000000,773,-1.463731,PI,FIFO,true,PI_FIFO,461.463731
6.630022,-1,18,9998.672000,21.601000,463.420662,459.840049,460.000000,770,-3.420662,PI,FIFO,true,PI_FIFO,463.420662
6.640023,-1,18,10001.191000,22.792000,460.747543,459.976173,460.000000,772,-0.747543,PI,FIFO,true,PI_FIFO,460.747543
6.650026,-1,18,10003.247000,26.039000,460.461690,460.049000,460.000000,772,-0.461690,PI,FIFO,true,PI_FIFO,460.461690
6.660025,-1,18,9998.913000,24.952000,461.931018,460.331303,460.000000,770,-1.931018,PI,FIFO,true,PI_FIFO,461.931018
6.670030,-1,18,10004.987000,29.939000,461.702955,460.537051,460.000000,770,-1.702955,PI,FIFO,true,PI_FIFO,461.702955
6.680026,-1,18,9996.413000,26.352000,463.867188,461.036571,460.000000,766,-3.867188,PI,FIFO,true,PI_FIFO,463.867188
6.690033,-1,18,10006.765000,33.117000,461.281631,461.073330,460.000000,768,-1.281631,PI,FIFO,true,PI_FIFO,461.281631
6.700037,-1,18,10003.413000,36.530000,457.434515,460.527508,460.000000,773,2.565485,PI,FIFO,true,PI_FIFO,457.434515
6.710024,-1,18,9986.987000,23.517000,456.204380,459.879039,460.000000,776,3.795620,PI,FIFO,true,PI_FIFO,456.204380
6.720019,-1,19,9995.913000,19.430000,454.361874,459.051464,460.000000,780,5.638126,PI,FIFO,true,PI_FIFO,454.361874
6.730047,-1,19,10027.506000,46.936000,456.574675,458.679946,460.000000,779,3.425325,PI,FIFO,true,PI_FIFO,456.574675
6.740016,-1,18,9968.746000,15.682000,460.509307,458.954350,460.000000,775,-0.509307,PI,FIFO,true,PI_FIFO,460.509307
6.750022,-1,18,10006.654000,22.336000,461.822660,459.384596,460.000000,773,-1.822660,PI,FIFO,true,PI_FIFO,461.822660
6.760015,-1,18,9992.950000,15.286000,463.384495,459.984581,460.000000,770,-3.384495,PI,FIFO,true,PI_FIFO,463.384495
6.770021,-1,18,10005.821000,21.107000,460.849719,460.114352,460.000000,772,-0.849719,PI,FIFO,true,PI_FIFO,460.849719
6.780016,-1,18,9994.801000,15.908000,460.813763,460.219264,460.000000,772,-0.813763,PI,FIFO,true,PI_FIFO,460.813763
6.790021,-1,18,10005.395000,21.303000,461.931018,460.476027,460.000000,770,-1.931018,PI,FIFO,true,PI_FIFO,461.931018
6.800015,-1,18,9993.709000,15.012000,461.224754,460.588336,460.000000,770,-1.224754,PI,FIFO,true,PI_FIFO,461.224754
6.810047,-1,18,10031.914000,46.926000,464.327830,461.149260,460.000000,765,-4.327830,PI,FIFO,true,PI_FIFO,464.327830
6.820037,-1,18,9990.339000,37.265000,460.509307,461.053267,460.000000,769,-0.509307,PI,FIFO,true,PI_FIFO,460.509307
6.830029,-1,18,9992.227000,29.492000,457.763672,460.559828,460.000000,772,2.236328,PI,FIFO,true,PI_FIFO,457.763672
6.840020,-1,18,9990.599000,20.091000,456.496668,459.950354,460.000000,775,3.503332,PI,FIFO,true,PI_FIFO,456.496668
6.850021,-1,19,10001.320000,21.411000,453.555878,458.991183,460.000000,781,6.444122,PI,FIFO,true,PI_FIFO,453.555878
6.860019,-1,18,9998.043000,19.454000,457.565076,458.777267,460.000000,778,2.434924,PI,FIFO,true,PI_FIFO,457.565076
6.870021,-1,18,10001.635000,21.089000,459.988318,458.958924,460.000000,775,0.011682,PI,FIFO,true,PI_FIFO,459.988318
6.880019,-1,18,9997.987000,19.076000,462.182148,459.442408,460.000000,772,-2.182148,PI,FIFO,true,PI_FIFO,462.182148
6.890021,-1,18,10001.432000,20.508000,463.649852,460.073524,460.000000,769,-3.649852,PI,FIFO,true,PI_FIFO,463.649852
6.900022,-1,18,10001.505000,22.013000,460.747543,460.174627,460.000000,772,-0.747543,PI,FIFO,true,PI_FIFO,460.747543
6.910030,-1,18,10007.765000,29.778000,460.634066,460.243543,460.000000,772,-0.634066,PI,FIFO,true,PI_FIFO,460.634066
6.920019,-1,18,9989.321000,19.099000,462.835985,460.632409,460.000000,768,-2.835985,PI,FIFO,true,PI_FIFO,462.835985
6.930021,-1,18,10002.339000,21.438000,461.281631,460.729793,460.000000,769,-1.281631,PI,FIFO,true,PI_FIFO,461.281631
6.940016,-1,18,9994.542000,15.980000,465.808054,461.491532,460.000000,762,-5.808054,PI,FIFO,true,PI_FIFO,465.808054
6.950021,-1,18,10004.988000,20.968000,459.333660,461.167851,460.000000,769,0.666340,PI,FIFO,true,PI_FIFO,459.333660
6.960015,-1,18,9994.116000,15.084000,458.612255,460.784512,460.000000,770,1.387745,PI,FIFO,true,PI_FIFO,458.612255
6.970049,-1,18,10034.025000,49.109000,456.204380,460.097492,460.000000,774,3.795620,PI,FIFO,true,PI_FIFO,456.204380
6.980023,-1,19,9974.339000,23.448000,452.783427,459.000382,460.000000,781,7.216573,PI,FIFO,true,PI_FIFO,452.783427
6.990034,-1,18,10010.450000,33.898000,456.998607,458.700116,460.000000,778,3.001393,PI,FIFO,true,PI_FIFO,456.998607
7.000017,-1,18,9983.598000,17.496000,458.559783,458.679066,460.000000,777,1.440217,PI,FIFO,true,PI_FIFO,458.559783
7.010025,-1,18,10007.950000,25.446000,462.364960,459.231950,460.000000,772,-2.364960,PI,FIFO,true,PI_FIFO,462.364960
7.020017,-1,18,9991.228000,16.674000,464.108911,459.963494,460.000000,769,-4.108911,PI,FIFO,true,PI_FIFO,464.108911
7.030033,-1,18,10016.543000,33.217000,461.281631,460.161215,460.000000,771,-1.281631,PI,FIFO,true,PI_FIFO,461.281631
7.040018,-1,18,9984.468000,17.685000,460.271318,460.177730,460.000000,772,-0.271318,PI,FIFO,true,PI_FIFO,460.271318
7.050029,-1,18,10011.710000,29.395000,462.050271,460.458611,460.000000,769,-2.050271,PI,FIFO,true,PI_FIFO,462.050271
7.060018,-1,18,9988.635000,18.030000,460.986025,460.537723,460.000000,770,-0.986025,PI,FIFO,true,PI_FIFO,460.986025
7.070045,-1,18,10027.302000,45.332000,464.108911,461.073401,460.000000,765,-4.108911,PI,FIFO,true,PI_FIFO,464.108911
7.080019,-1,18,9973.431000,18.763000,461.931018,461.202044,460.000000,766,-1.931018,PI,FIFO,true,PI_FIFO,461.931018
7.090038,-1,18,10019.636000,38.399000,459.108717,460.888045,460.000000,770,0.891283,PI,FIFO,true,PI_FIFO,459.108717
7.100040,-1,18,10001.487000,39.886000,455.329755,460.054301,460.000000,775,4.670245,PI,FIFO,true,PI_FIFO,455.329755
7.110060,-1,19,10019.987000,59.873000,453.141783,459.017424,460.000000,780,6.858217,PI,FIFO,true,PI_FIFO,453.141783
7.120027,-1,18,9967.580000,27.453000,458.061889,458.874093,460.000000,776,1.938111,PI,FIFO,true,PI_FIFO,458.061889
7.130025,-1,18,9997.061000,24.514000,458.140432,458.764044,460.000000,777,1.859568,PI,FIFO,true,PI_FIFO,458.140432
7.140020,-1,18,9995.709000,20.223000,463.420662,459.462537,460.000000,770,-3.420662,PI,FIFO,true,PI_FIFO,463.420662
7.150022,-1,18,10001.673000,21.896000,461.702955,459.798600,460.000000,771,-1.702955,PI,FIFO,true,PI_FIFO,461.702955
7.160024,-1,18,10002.487000,24.383000,461.497890,460.053493,460.000000,771,-1.497890,PI,FIFO,true,PI_FIFO,461.497890
7.170022,-1,18,9997.894000,22.277000,461.822660,460.318868,460.000000,770,-1.822660,PI,FIFO,true,PI_FIFO,461.822660
7.180019,-1,18,9997.061000,19.338000,460.634066,460.366148,460.000000,771,-0.634066,PI,FIFO,true,PI_FIFO,460.634066
7.190057,-1,18,10037.229000,56.567000,461.942427,460.602590,460.000000,769,-1.942427,PI,FIFO,true,PI_FIFO,461.942427
7.200042,-1,18,9985.783000,42.350000,464.108911,461.128538,460.000000,765,-4.108911,PI,FIFO,true,PI_FIFO,464.108911
7.210039,-1,18,9996.820000,39.170000,460.509307,461.035653,460.000000,768,-0.509307,PI,FIFO,true,PI_FIFO,460.509307
7.220021,-1,18,9981.987000,21.157000,459.108717,460.746613,460.000000,770,0.891283,PI,FIFO,true,PI_FIFO,459.108717
7.230022,-1,18,10000.913000,22.070000,456.029186,460.038999,460.000000,775,3.970814,PI,FIFO,true,PI_FIFO,456.029186
7.240015,-1,19,9993.339000,15.409000,453.775411,459.099461,460.000000,779,6.224589,PI,FIFO,true,PI_FIFO,453.775411
7.250022,-1,18,10006.358000,21.767000,457.317073,458.832103,460.000000,777,2.682927,PI,FIFO,true,PI_FIFO,457.317073
7.260019,-1,18,9996.820000,18.587000,458.061889,458.716571,460.000000,777,1.938111,PI,FIFO,true,PI_FIFO,458.061889
7.270021,-1,18,10002.247000,20.834000,462.422118,459.272403,460.000000,772,-2.422118,PI,FIFO,true,PI_FIFO,462.422118
7.280018,-1,18,9997.617000,18.451000,463.420662,459.894642,460.000000,769,-3.420662,PI,FIFO,true,PI_FIFO,463.420662
7.290021,-1,18,10002.913000,21.364000,460.271318,459.951143,460.000000,772,-0.271318,PI,FIFO,true,PI_FIFO,460.271318
7.300018,-1,18,9996.635000,17.999000,461.497890,460.183155,460.000000,770,-1.497890,PI,FIFO,true,PI_FIFO,461.497890
7.310020,-1,18,10002.246000,20.245000,461.317660,460.353331,460.000000,770,-1.317660,PI,FIFO,true,PI_FIFO,461.317660
7.320019,-1,18,9998.617000,18.862000,461.714353,460.557484,460.000000,769,-1.714353,PI,FIFO,true,PI_FIFO,461.714353
7.330052,-1,18,10032.876000,51.738000,464.108911,461.090198,460.000000,765,-4.108911,PI,FIFO,true,PI_FIFO,464.108911
7.340020,-1,18,9968.450000,20.188000,461.141171,461.097844,460.000000,767,-1.141171,PI,FIFO,true,PI_FIFO,461.141171
7.350061,-1,18,10041.229000,61.417000,458.376222,460.689601,460.000000,771,1.623778,PI,FIFO,true,PI_FIFO,458.376222
7.360031,-1,18,9969.431000,30.848000,456.204380,460.016818,460.000000,775,3.795620,PI,FIFO,true,PI_FIFO,456.204380
7.370024,-1,19,9993.005000,23.853000,453.706062,459.070204,460.000000,780,6.293938,PI,FIFO,true,PI_FIFO,453.706062
7.380020,-1,18,9995.876000,19.729000,458.211144,458.941345,460.000000,776,1.788856,PI,FIFO,true,PI_FIFO,458.211144
7.390021,-1,18,10001.302000,21.031000,458.376222,458.856577,460.000000,776,1.623778,PI,FIFO,true,PI_FIFO,458.376222
7.400019,-1,18,9998.117000,19.148000,463.017404,459.480701,460.000000,770,-3.017404,PI,FIFO,true,PI_FIFO,463.017404
7.410022,-1,18,10002.876000,22.024000,463.344316,460.060243,460.000000,769,-3.344316,PI,FIFO,true,PI_FIFO,463.344316
7.420018,-1,18,9995.765000,17.789000,460.634066,460.146317,460.000000,771,-0.634066,PI,FIFO,true,PI_FIFO,460.634066
7.430021,-1,18,10003.265000,21.054000,461.702955,460.379812,460.000000,769,-1.702955,PI,FIFO,true,PI_FIFO,461.702955
7.440019,-1,18,9997.487000,18.541000,460.461690,460.392094,460.000000,771,-0.461690,PI,FIFO,true,PI_FIFO,460.461690
7.450056,-1,18,10037.451000,55.992000,461.463731,460.552839,460.000000,769,-1.463731,PI,FIFO,true,PI_FIFO,461.463731
7.460019,-1,18,9962.523000,18.515000,462.799718,460.889871,460.000000,766,-2.799718,PI,FIFO,true,PI_FIFO,462.799718
7.470033,-1,18,10014.006000,32.521000,461.463731,460.975950,460.000000,767,-1.463731,PI,FIFO,true,PI_FIFO,461.463731
7.480020,-1,18,9987.950000,20.471000,459.130131,460.699077,460.000000,770,0.869869,PI,FIFO,true,PI_FIFO,459.130131
7.490023,-1,18,10002.635000,23.106000,456.081081,460.006378,460.000000,775,3.918919,PI,FIFO,true,PI_FIFO,456.081081
7.500017,-1,19,9994.265000,17.371000,453.336557,459.005905,460.000000,780,6.663443,PI,FIFO,true,PI_FIFO,453.336557
7.510031,-1,18,10013.876000,31.247000,457.669579,458.805456,460.000000,777,2.330421,PI,FIFO,true,PI_FIFO,457.669579
7.520017,-1,18,9985.710000,16.957000,458.211144,458.716309,460.000000,777,1.788856,PI,FIFO,true,PI_FIFO,458.211144
7.530035,-1,18,10017.580000,34.537000,463.143526,459.380391,460.000000,771,-3.143526,PI,FIFO,true,PI_FIFO,463.143526
7.540019,-1,18,9984.412000,18.949000,462.582237,459.860668,460.000000,770,-2.582237,PI,FIFO,true,PI_FIFO,462.582237
7.550037,-1,18,10018.136000,37.085000,460.562227,459.965902,460.000000,772,-0.562227,PI,FIFO,true,PI_FIFO,460.562227
7.560024,-1,18,9987.394000,24.479000,462.147887,460.293200,460.000000,769,-2.147887,PI,FIFO,true,PI_FIFO,462.147887
7.570022,-1,18,9997.247000,21.726000,460.562227,460.333554,460.000000,771,-0.562227,PI,FIFO,true,PI_FIFO,460.562227
7.580020,-1,18,9997.987000,19.713000,463.017404,460.736131,460.000000,767,-3.017404,PI,FIFO,true,PI_FIFO,463.017404
7.590021,-1,18,10001.098000,20.811000,463.143526,461.097241,460.000000,766,-3.143526,PI,FIFO,true,PI_FIFO,463.143526
7.600019,-1,18,9997.746000,18.557000,462.147887,461.254838,460.000000,766,-2.147887,PI,FIFO,true,PI_FIFO,462.147887
7.610032,-1,18,10012.988000,31.545000,459.809264,461.038002,460.000000,768,0.190736,PI,FIFO,true,PI_FIFO,459.809264
7.620020,-1,18,9988.227000,19.772000,455.940250,460.273339,460.000000,774,4.059750,PI,FIFO,true,PI_FIFO,455.940250
7.630021,-1,18,10001.617000,21.389000,453.873050,459.313296,460.000000,778,6.126950,PI,FIFO,true,PI_FIFO,453.873050
7.640019,-1,18,9997.765000,19.154000,456.204380,458.846958,460.000000,778,3.795620,PI,FIFO,true,PI_FIFO,456.204380
7.650040,-1,18,10020.710000,39.864000,457.669579,458.670351,460.000000,777,2.330421,PI,FIFO,true,PI_FIFO,457.669579
7.660020,-1,18,9980.024000,19.888000,461.714353,459.126951,460.000000,772,-1.714353,PI,FIFO,true,PI_FIFO,461.714353
7.670021,-1,18,10001.376000,21.264000,463.191700,459.736664,460.000000,769,-3.191700,PI,FIFO,true,PI_FIFO,463.191700
7.680034,-1,18,10012.450000,33.714000,460.033574,459.781200,460.000000,773,-0.033574,PI,FIFO,true,PI_FIFO,460.033574
7.690025,-1,18,9991.302000,25.016000,462.662338,460.213371,460.000000,769,-2.662338,PI,FIFO,true,PI_FIFO,462.662338
7.700024,-1,18,9998.987000,24.003000,459.773470,460.147386,460.000000,772,0.226530,PI,FIFO,true,PI_FIFO,459.773470
7.710022,-1,18,9998.283000,22.286000,462.582237,460.512613,460.000000,768,-2.582237,PI,FIFO,true,PI_FIFO,462.582237
7.720022,-1,18,9999.247000,21.533000,463.235294,460.921016,460.000000,766,-3.235294,PI,FIFO,true,PI_FIFO,463.235294
7.730024,-1,18,10002.042000,23.575000,461.463731,461.002423,460.000000,767,-1.463731,PI,FIFO,true,PI_FIFO,461.463731
7.740020,-1,18,9996.839000,20.414000,460.235641,460.887405,460.000000,768,-0.235641,PI,FIFO,true,PI_FIFO,460.235641
7.750022,-1,18,10001.117000,21.531000,456.574675,460.240496,460.000000,773,3.425325,PI,FIFO,true,PI_FIFO,456.574675
7.760032,-1,19,10010.617000,32.148000,453.629032,459.248776,460.000000,779,6.370968,PI,FIFO,true,PI_FIFO,453.629032
7.770047,-1,18,10014.876000,47.024000,456.262807,458.800881,460.000000,778,3.737193,PI,FIFO,true,PI_FIFO,456.262807
7.780025,-1,18,9978.006000,25.030000,457.763672,458.645300,460.000000,777,2.236328,PI,FIFO,true,PI_FIFO,457.763672
7.790023,-1,18,9998.357000,23.387000,463.143526,459.320034,460.000000,771,-3.143526,PI,FIFO,true,PI_FIFO,463.143526
7.800022,-1,18,9998.117000,21.504000,462.582237,459.809364,460.000000,770,-2.582237,PI,FIFO,true,PI_FIFO,462.582237
7.810029,-1,18,10007.432000,28.936000,459.809264,459.809349,460.000000,773,0.190736,PI,FIFO,true,PI_FIFO,459.809264
7.820025,-1,18,9995.968000,24.904000,461.714353,460.095100,460.000000,770,-1.714353,PI,FIFO,true,PI_FIFO,461.714353
7.830030,-1,18,10004.987000,29.891000,461.224754,460.264548,460.000000,770,-1.224754,PI,FIFO,true,PI_FIFO,461.224754
7.840025,-1,18,9995.043000,24.934000,462.278107,460.566582,460.000000,768,-2.278107,PI,FIFO,true,PI_FIFO,462.278107
7.850023,-1,18,9997.894000,22.828000,463.143526,460.953123,460.000000,766,-3.143526,PI,FIFO,true,PI_FIFO,463.143526
7.860018,-1,18,9995.339000,18.167000,461.281631,461.002399,460.000000,768,-1.281631,PI,FIFO,true,PI_FIFO,461.281631
7.870023,-1,18,10004.988000,23.155000,460.235641,460.887386,460.000000,768,-0.235641,PI,FIFO,true,PI_FIFO,460.235641
7.880019,-1,18,9995.616000,18.771000,456.496668,460.228778,460.000000,774,3.503332,PI,FIFO,true,PI_FIFO,456.496668
7.890020,-1,18,10001.617000,20.388000,454.215116,459.326729,460.000000,778,5.784884,PI,FIFO,true,PI_FIFO,454.215116
7.900034,-1,18,10013.191000,33.579000,455.834684,458.802922,460.000000,778,4.165316,PI,FIFO,true,PI_FIFO,455.834684
7.910059,-1,18,10025.673000,59.252000,457.199692,458.562438,460.000000,778,2.800308,PI,FIFO,true,PI_FIFO,457.199692
7.920025,-1,18,9965.486000,24.738000,462.799718,459.198030,460.000000,771,-2.799718,PI,FIFO,true,PI_FIFO,462.799718
7.930038,-1,18,10012.766000,37.504000,462.902807,459.753746,460.000000,770,-2.902807,PI,FIFO,true,PI_FIFO,462.902807
7.940021,-1,18,9983.820000,21.324000,460.634066,459.885794,460.000000,772,-0.634066,PI,FIFO,true,PI_FIFO,460.634066
7.950022,-1,18,10000.931000,22.255000,462.662338,460.302276,460.000000,769,-2.662338,PI,FIFO,true,PI_FIFO,462.662338
7.960015,-1,18,9993.136000,15.391000,460.235641,460.292280,460.000000,771,-0.235641,PI,FIFO,true,PI_FIFO,460.235641
7.970021,-1,18,10005.709000,21.100000,461.942427,460.539802,460.000000,769,-1.942427,PI,FIFO,true,PI_FIFO,461.942427
7.980026,-1,18,10004.932000,26.032000,463.879268,461.040722,460.000000,765,-3.879268,PI,FIFO,true,PI_FIFO,463.879268
7.990026,-1,18,10000.172000,26.204000,460.986025,461.032518,460.000000,768,-0.986025,PI,FIFO,true,PI_FIFO,460.986025
8.000020,-1,18,9993.691000,19.895000,461.497890,461.102324,460.000000,767,-1.497890,PI,FIFO,true,PI_FIFO,461.497890
8.010025,-1,18,10004.839000,24.734000,455.834684,460.312178,460.000000,774,4.165316,PI,FIFO,true,PI_FIFO,455.834684
8.020019,-1,18,9994.709000,19.443000,454.047509,459.372477,460.000000,778,5.952491,PI,FIFO,true,PI_FIFO,454.047509
8.030026,-1,18,10006.858000,26.301000,456.081081,458.878768,460.000000,778,3.918919,PI,FIFO,true,PI_FIFO,456.081081
8.040018,-1,19,9992.135000,18.436000,456.648807,458.544274,460.000000,779,3.351193,PI,FIFO,true,PI_FIFO,456.648807
8.050025,-1,18,10006.432000,24.868000,463.384495,459.270307,460.000000,771,-3.384495,PI,FIFO,true,PI_FIFO,463.384495
8.060022,-1,18,9997.172000,22.040000,462.799718,459.799719,460.000000,770,-2.799718,PI,FIFO,true,PI_FIFO,462.799718
8.070025,-1,18,10003.394000,25.434000,460.009814,459.831233,460.000000,773,-0.009814,PI,FIFO,true,PI_FIFO,460.009814
8.080019,-1,18,9993.562000,18.996000,461.463731,460.076108,460.000000,771,-1.463731,PI,FIFO,true,PI_FIFO,461.463731
8.090024,-1,18,10005.153000,24.149000,461.281631,460.256936,460.000000,770,-1.281631,PI,FIFO,true,PI_FIFO,461.281631
8.100016,-1,18,9991.728000,15.877000,462.835985,460.643793,460.000000,768,-2.835985,PI,FIFO,true,PI_FIFO,462.835985
8.110024,-1,18,10008.006000,23.883000,462.582237,460.934560,460.000000,767,-2.582237,PI,FIFO,true,PI_FIFO,462.582237
8.120016,-1,18,9991.728000,15.611000,460.986025,460.942280,460.000000,768,-0.986025,PI,FIFO,true,PI_FIFO,460.986025
8.130032,-1,18,10016.654000,32.265000,461.822660,461.074337,460.000000,766,-1.822660,PI,FIFO,true,PI_FIFO,461.822660
8.140015,-1,18,9983.209000,15.474000,456.496668,460.387686,460.000000,773,3.503332,PI,FIFO,true,PI_FIFO,456.496668
8.150024,-1,18,10008.913000,24.387000,454.215116,459.461801,460.000000,778,5.784884,PI,FIFO,true,PI_FIFO,454.215116
8.160040,-1,18,10016.099000,40.486000,456.029186,458.946909,460.000000,778,3.970814,PI,FIFO,true,PI_FIFO,456.029186
8.170037,-1,19,9996.524000,37.010000,456.029186,458.509250,460.000000,779,3.970814,PI,FIFO,true,PI_FIFO,456.029186
8.180019,-1,18,9981.635000,18.645000,463.453390,459.250871,460.000000,771,-3.453390,PI,FIFO,true,PI_FIFO,463.453390
8.190025,-1,18,10006.394000,25.039000,462.902807,459.798661,460.000000,770,-2.902807,PI,FIFO,true,PI_FIFO,462.902807
8.200017,-1,18,9992.228000,17.267000,460.461690,459.898116,460.000000,772,-0.461690,PI,FIFO,true,PI_FIFO,460.461690
8.210034,-1,18,10016.284000,33.551000,460.986025,460.061302,460.000000,771,-0.986025,PI,FIFO,true,PI_FIFO,460.986025
8.220020,-1,18,9986.320000,19.871000,461.714353,460.309260,460.000000,770,-1.714353,PI,FIFO,true,PI_FIFO,461.714353
8.230027,-1,18,10007.450000,27.321000,461.822660,460.536270,460.000000,769,-1.822660,PI,FIFO,true,PI_FIFO,461.822660
8.240018,-1,18,9990.487000,17.808000,464.108911,461.072166,460.000000,765,-4.108911,PI,FIFO,true,PI_FIFO,464.108911
8.250025,-1,18,10007.432000,25.240000,461.224754,461.095054,460.000000,767,-1.224754,PI,FIFO,true,PI_FIFO,461.224754
8.260017,-1,18,9992.135000,17.375000,461.595273,461.170087,460.000000,766,-1.595273,PI,FIFO,true,PI_FIFO,461.595273
8.270032,-1,18,10014.950000,32.325000,456.327745,460.443736,460.000000,773,3.672255,PI,FIFO,true,PI_FIFO,456.327745
8.280019,-1,18,9986.858000,19.183000,454.886784,459.610193,460.000000,777,5.113216,PI,FIFO,true,PI_FIFO,454.886784
8.290026,-1,18,10006.320000,25.503000,455.097087,458.933227,460.000000,778,4.902913,PI,FIFO,true,PI_FIFO,455.097087
8.300018,-1,18,9992.802000,18.305000,456.786543,458.611224,460.000000,778,3.213457,PI,FIFO,true,PI_FIFO,456.786543
8.310024,-1,18,10006.006000,24.311000,463.867188,459.399619,460.000000,769,-3.867188,PI,FIFO,true,PI_FIFO,463.867188
8.320019,-1,18,9994.394000,18.705000,461.822660,459.763075,460.000000,771,-1.822660,PI,FIFO,true,PI_FIFO,461.822660
8.330028,-1,18,10009.617000,28.322000,462.182148,460.125936,460.000000,769,-2.182148,PI,FIFO,true,PI_FIFO,462.182148
8.340019,-1,18,9990.635000,18.957000,461.065574,460.266882,460.000000,770,-1.065574,PI,FIFO,true,PI_FIFO,461.065574
8.350025,-1,18,10005.858000,24.815000,460.562227,460.311184,460.000000,770,-0.562227,PI,FIFO,true,PI_FIFO,460.562227
8.360019,-1,18,9994.302000,19.117000,462.799718,460.684464,460.000000,767,-2.799718,PI,FIFO,true,PI_FIFO,462.799718
8.370024,-1,18,10005.265000,24.382000,462.364960,460.936538,460.000000,766,-2.364960,PI,FIFO,true,PI_FIFO,462.364960
8.380020,-1,18,9995.135000,19.517000,461.570022,461.031561,460.000000,767,-1.570022,PI,FIFO,true,PI_FIFO,461.570022
8.390025,-1,18,10005.969000,25.486000,460.849719,461.004284,460.000000,767,-0.849719,PI,FIFO,true,PI_FIFO,460.849719
8.400019,-1,18,9993.413000,18.899000,456.327745,460.302804,460.000000,773,3.672255,PI,FIFO,true,PI_FIFO,456.327745
8.410025,-1,18,10005.894000,24.793000,453.838174,459.333109,460.000000,778,6.161826,PI,FIFO,true,PI_FIFO,453.838174
8.420015,-1,18,9990.543000,15.336000,456.574675,458.919344,460.000000,777,3.425325,PI,FIFO,true,PI_FIFO,456.574675
8.430025,-1,18,10009.598000,24.934000,456.363004,458.535893,460.000000,778,3.636996,PI,FIFO,true,PI_FIFO,456.363004
8.440030,-1,18,10005.488000,30.422000,462.835985,459.180907,460.000000,771,-2.835985,PI,FIFO,true,PI_FIFO,462.835985
8.450031,-1,18,10000.783000,31.205000,462.582237,459.691106,460.000000,770,-2.582237,PI,FIFO,true,PI_FIFO,462.582237
8.460016,-1,18,9985.265000,16.470000,461.463731,459.957000,460.000000,770,-1.463731,PI,FIFO,true,PI_FIFO,461.463731
8.470039,-1,18,10022.246000,38.716000,461.141171,460.134626,460.000000,770,-1.141171,PI,FIFO,true,PI_FIFO,461.141171
8.480016,-1,18,9977.043000,15.759000,459.558824,460.048255,460.000000,772,0.441176,PI,FIFO,true,PI_FIFO,459.558824
8.490040,-1,18,10023.876000,39.635000,463.453390,460.559025,460.000000,767,-3.453390,PI,FIFO,true,PI_FIFO,463.453390
8.500018,-1,18,9978.061000,17.696000,462.662338,460.874522,460.000000,766,-2.662338,PI,FIFO,true,PI_FIFO,462.662338
8.510026,-1,18,10008.080000,25.776000,462.050271,461.050885,460.000000,766,-2.050271,PI,FIFO,true,PI_FIFO,462.050271
8.520017,-1,18,9991.228000,17.004000,460.509307,460.969648,460.000000,768,-0.509307,PI,FIFO,true,PI_FIFO,460.509307
8.530037,-1,18,10020.228000,37.232000,456.648807,460.321522,460.000000,773,3.351193,PI,FIFO,true,PI_FIFO,456.648807
8.540017,-1,18,9980.172000,17.404000,455.562660,459.607692,460.000000,776,4.437340,PI,FIFO,true,PI_FIFO,455.562660
8.550025,-1,18,10007.598000,25.002000,455.539359,458.997442,460.000000,778,4.460641,PI,FIFO,true,PI_FIFO,455.539359
8.560034,-1,19,10009.006000,34.008000,456.029186,458.552204,460.000000,779,3.970814,PI,FIFO,true,PI_FIFO,456.029186
8.570060,-1,18,10026.006000,60.014000,462.902807,459.204794,460.000000,771,-2.902807,PI,FIFO,true,PI_FIFO,462.902807
8.580028,-1,18,9968.079000,28.093000,462.364960,459.678819,460.000000,770,-2.364960,PI,FIFO,true,PI_FIFO,462.364960
8.590025,-1,18,9997.098000,25.191000,462.328767,460.076311,460.000000,769,-2.328767,PI,FIFO,true,PI_FIFO,462.328767
8.600017,-1,18,9991.728000,16.919000,460.418616,460.127657,460.000000,771,-0.418616,PI,FIFO,true,PI_FIFO,460.418616
8.610076,-1,18,10059.118000,76.037000,460.235641,460.143855,460.000000,771,-0.235641,PI,FIFO,true,PI_FIFO,460.235641
8.620017,-1,18,9941.060000,17.097000,463.384495,460.629951,460.000000,767,-3.384495,PI,FIFO,true,PI_FIFO,463.384495
8.630023,-1,18,10006.154000,23.251000,461.368110,460.740675,460.000000,768,-1.368110,PI,FIFO,true,PI_FIFO,461.368110
8.640017,-1,18,9994.154000,17.405000,463.143526,461.101102,460.000000,765,-3.143526,PI,FIFO,true,PI_FIFO,463.143526
8.650024,-1,18,10006.932000,24.337000,459.784208,460.903568,460.000000,768,0.215792,PI,FIFO,true,PI_FIFO,459.784208
8.660019,-1,18,9994.820000,19.157000,457.423327,460.381532,460.000000,772,2.576673,PI,FIFO,true,PI_FIFO,457.423327
8.670024,-1,18,10004.654000,23.811000,454.361874,459.478583,460.000000,777,5.638126,PI,FIFO,true,PI_FIFO,454.361874
8.680021,-1,18,9997.635000,21.446000,455.097087,458.821359,460.000000,778,4.902913,PI,FIFO,true,PI_FIFO,455.097087
8.690032,-1,18,10010.561000,32.007000,456.730769,458.507770,460.000000,778,3.269231,PI,FIFO,true,PI_FIFO,456.730769
8.700017,-1,18,9985.043000,17.050000,462.506167,459.107530,460.000000,771,-2.506167,PI,FIFO,true,PI_FIFO,462.506167
8.710031,-1,18,10014.024000,31.074000,462.182148,459.568723,460.000000,771,-2.182148,PI,FIFO,true,PI_FIFO,462.182148
8.720017,-1,18,9986.117000,17.191000,461.931018,459.923067,460.000000,770,-1.931018,PI,FIFO,true,PI_FIFO,461.931018
8.730036,-1,18,10018.487000,35.678000,461.702955,460.190050,460.000000,770,-1.702955,PI,FIFO,true,PI_FIFO,461.702955
8.740020,-1,18,9984.376000,20.054000,460.009814,460.163015,460.000000,771,-0.009814,PI,FIFO,true,PI_FIFO,460.009814
8.750027,-1,18,10007.043000,27.097000,464.108911,460.754899,460.000000,766,-4.108911,PI,FIFO,true,PI_FIFO,464.108911
8.760017,-1,18,9989.746000,16.843000,461.714353,460.898817,460.000000,767,-1.714353,PI,FIFO,true,PI_FIFO,461.714353
8.770025,-1,18,10008.228000,25.071000,463.344316,461.265642,460.000000,764,-3.344316,PI,FIFO,true,PI_FIFO,463.344316
8.780020,-1,18,9994.672000,19.743000,459.344377,460.977452,460.000000,769,0.655623,PI,FIFO,true,PI_FIFO,459.344377
8.790040,-1,18,10020.173000,39.916000,456.081081,460.242997,460.000000,774,3.918919,PI,FIFO,true,PI_FIFO,456.081081
8.800018,-1,18,9977.894000,17.810000,456.151529,459.629276,460.000000,775,3.848471,PI,FIFO,true,PI_FIFO,456.151529
8.810054,-1,19,10036.488000,54.298000,454.361874,458.839166,460.000000,779,5.638126,PI,FIFO,true,PI_FIFO,454.361874
8.820028,-1,18,9973.264000,27.562000,456.786543,458.531273,460.000000,778,3.213457,PI,FIFO,true,PI_FIFO,456.786543
8.830027,-1,18,9999.395000,26.957000,461.224754,458.935295,460.000000,773,-1.224754,PI,FIFO,true,PI_FIFO,461.224754
8.840018,-1,18,9991.005000,17.962000,463.671691,459.645754,460.000000,769,-3.671691,PI,FIFO,true,PI_FIFO,463.671691
8.850032,-1,18,10013.821000,31.783000,461.065574,459.858727,460.000000,771,-1.065574,PI,FIFO,true,PI_FIFO,461.065574
8.860017,-1,18,9985.394000,17.177000,461.497890,460.104602,460.000000,770,-1.497890,PI,FIFO,true,PI_FIFO,461.497890
8.870024,-1,18,10007.025000,24.202000,459.058760,459.947725,460.000000,773,0.941240,PI,FIFO,true,PI_FIFO,459.058760
8.880017,-1,18,9992.950000,17.152000,464.108911,460.571903,460.000000,766,-4.108911,PI,FIFO,true,PI_FIFO,464.108911
8.890027,-1,18,10009.635000,26.787000,461.570022,460.721621,460.000000,768,-1.570022,PI,FIFO,true,PI_FIFO,461.570022
8.900022,-1,18,9995.228000,22.015000,463.235294,461.098672,460.000000,765,-3.235294,PI,FIFO,true,PI_FIFO,463.235294
8.910031,-1,18,10009.228000,31.243000,461.570022,461.169374,460.000000,766,-1.570022,PI,FIFO,true,PI_FIFO,461.570022
8.920026,-1,18,9994.950000,26.193000,456.574675,460.480170,460.000000,773,3.425325,PI,FIFO,true,PI_FIFO,456.574675
8.930026,-1,18,10000.265000,26.458000,455.342688,459.709547,460.000000,776,4.657312,PI,FIFO,true,PI_FIFO,455.342688
8.940019,-1,19,9992.413000,18.871000,454.215116,458.885383,460.000000,779,5.784884,PI,FIFO,true,PI_FIFO,454.215116
8.950038,-1,18,10018.672000,37.543000,456.730769,458.562191,460.000000,778,3.269231,PI,FIFO,true,PI_FIFO,456.730769
8.960019,-1,18,9981.284000,18.827000,461.281631,458.970107,460.000000,773,-1.281631,PI,FIFO,true,PI_FIFO,461.281631
8.970042,-1,18,10023.450000,42.277000,462.422118,459.487908,460.000000,771,-2.422118,PI,FIFO,true,PI_FIFO,462.422118
8.980020,-1,18,9977.376000,19.653000,461.595273,459.804013,460.000000,771,-1.595273,PI,FIFO,true,PI_FIFO,461.595273
8.990035,-1,18,10015.635000,35.288000,461.942427,460.124775,460.000000,770,-1.942427,PI,FIFO,true,PI_FIFO,461.942427
9.000017,-1,18,9981.820000,17.108000,460.418616,460.168851,460.000000,771,-0.418616,PI,FIFO,true,PI_FIFO,460.418616
9.010025,-1,18,10007.710000,24.818000,464.620044,460.836530,460.000000,765,-4.620044,PI,FIFO,true,PI_FIFO,464.620044
9.020047,-1,18,10021.969000,46.787000,461.714353,460.968204,460.000000,767,-1.714353,PI,FIFO,true,PI_FIFO,461.714353
9.030037,-1,18,9989.839000,36.626000,462.662338,461.222324,460.000000,765,-2.662338,PI,FIFO,true,PI_FIFO,462.662338
9.040022,-1,18,9985.468000,22.094000,461.463731,461.258535,460.000000,766,-1.463731,PI,FIFO,true,PI_FIFO,461.463731
9.050023,-1,18,10000.413000,22.507000,456.574675,460.555956,460.000000,772,3.425325,PI,FIFO,true,PI_FIFO,456.574675
9.060020,-1,18,9997.339000,19.846000,456.081081,459.884725,460.000000,774,3.918919,PI,FIFO,true,PI_FIFO,456.081081
9.070046,-1,19,10026.488000,46.334000,452.553354,458.785019,460.000000,781,7.446646,PI,FIFO,true,PI_FIFO,452.553354
9.080040,-1,19,9993.227000,39.561000,456.363004,458.421717,460.000000,779,3.636996,PI,FIFO,true,PI_FIFO,456.363004
9.090025,-1,18,9984.987000,24.548000,460.813763,458.780524,460.000000,774,-0.813763,PI,FIFO,true,PI_FIFO,460.813763
9.100017,-1,18,9992.691000,17.239000,463.017404,459.416056,460.000000,770,-3.017404,PI,FIFO,true,PI_FIFO,463.017404
9.110022,-1,18,10004.784000,22.023000,462.962963,459.948092,460.000000,769,-2.962963,PI,FIFO,true,PI_FIFO,462.962963
9.120017,-1,18,9995.190000,17.213000,461.224754,460.139591,460.000000,771,-1.224754,PI,FIFO,true,PI_FIFO,461.224754
9.130022,-1,18,10005.191000,22.404000,460.009814,460.120124,460.000000,772,-0.009814,PI,FIFO,true,PI_FIFO,460.009814
9.140017,-1,18,9994.561000,16.965000,463.453390,460.620114,460.000000,767,-3.453390,PI,FIFO,true,PI_FIFO,463.453390
9.150042,-1,18,10024.729000,41.694000,462.582237,460.914433,460.000000,767,-2.582237,PI,FIFO,true,PI_FIFO,462.582237
9.160034,-1,18,9992.320000,34.014000,462.582237,461.164603,460.000000,766,-2.582237,PI,FIFO,true,PI_FIFO,462.582237
9.170037,-1,18,10002.524000,36.538000,461.702955,461.245356,460.000000,766,-1.702955,PI,FIFO,true,PI_FIFO,461.702955
9.180018,-1,18,9981.876000,18.414000,455.760817,460.422675,460.000000,773,4.239183,PI,FIFO,true,PI_FIFO,455.760817
9.190028,-1,18,10009.895000,28.309000,456.496668,459.833774,460.000000,774,3.503332,PI,FIFO,true,PI_FIFO,456.496668
9.200017,-1,19,9988.209000,16.518000,453.117448,458.826325,460.000000,780,6.882552,PI,FIFO,true,PI_FIFO,453.117448
9.210026,-1,18,10009.857000,26.375000,457.317073,458.599937,460.000000,777,2.682927,PI,FIFO,true,PI_FIFO,457.317073
9.220020,-1,18,9993.173000,19.548000,461.065574,458.969783,460.000000,773,-1.065574,PI,FIFO,true,PI_FIFO,461.065574
9.230026,-1,18,10006.524000,26.072000,462.662338,459.523666,460.000000,770,-2.662338,PI,FIFO,true,PI_FIFO,462.662338
9.240026,-1,18,9999.617000,25.689000,462.962963,460.039561,460.000000,769,-2.962963,PI,FIFO,true,PI_FIFO,462.962963
9.250028,-1,18,10002.228000,27.917000,460.509307,460.110023,460.000000,771,-0.509307,PI,FIFO,true,PI_FIFO,460.509307
9.260019,-1,18,9991.487000,19.404000,460.849719,460.220977,460.000000,770,-0.849719,PI,FIFO,true,PI_FIFO,460.849719
9.270025,-1,18,10005.857000,25.261000,462.582237,460.575166,460.000000,768,-2.582237,PI,FIFO,true,PI_FIFO,462.582237
9.280019,-1,18,9993.839000,19.100000,462.582237,460.876227,460.000000,767,-2.582237,PI,FIFO,true,PI_FIFO,462.582237
9.290025,-1,18,10005.673000,24.773000,462.902807,461.180214,460.000000,765,-2.902807,PI,FIFO,true,PI_FIFO,462.902807
9.300020,-1,18,9995.116000,19.889000,461.931018,461.292834,460.000000,765,-1.931018,PI,FIFO,true,PI_FIFO,461.931018
9.310073,-1,18,10053.044000,72.933000,455.834684,460.474112,460.000000,773,4.165316,PI,FIFO,true,PI_FIFO,455.834684
9.320039,-1,18,9965.597000,38.530000,456.730769,459.912610,460.000000,773,3.269231,PI,FIFO,true,PI_FIFO,456.730769
9.330026,-1,19,9987.098000,25.628000,453.420083,458.938731,460.000000,780,6.579917,PI,FIFO,true,PI_FIFO,453.420083
9.340019,-1,18,9992.951000,18.579000,456.327745,458.547083,460.000000,778,3.672255,PI,FIFO,true,PI_FIFO,456.327745
9.350021,-1,18,10002.913000,21.492000,461.065574,458.924857,460.000000,773,-1.065574,PI,FIFO,true,PI_FIFO,461.065574
9.360015,-1,18,9993.616000,15.108000,462.734452,459.496296,460.000000,770,-2.734452,PI,FIFO,true,PI_FIFO,462.734452
9.370021,-1,18,10005.728000,20.836000,463.867188,460.151930,460.000000,767,-3.867188,PI,FIFO,true,PI_FIFO,463.867188
9.380019,-1,18,9997.673000,18.509000,460.634066,460.224250,460.000000,770,-0.634066,PI,FIFO,true,PI_FIFO,460.634066
9.390042,-1,18,10023.857000,42.366000,460.059978,460.199610,460.000000,771,-0.059978,PI,FIFO,true,PI_FIFO,460.059978
9.400017,-1,18,9974.746000,17.112000,462.364960,460.524412,460.000000,768,-2.364960,PI,FIFO,true,PI_FIFO,462.364960
9.410030,-1,18,10012.580000,29.692000,462.422118,460.809068,460.000000,767,-2.422118,PI,FIFO,true,PI_FIFO,462.422118
9.420020,-1,18,9990.302000,19.994000,463.420662,461.200807,460.000000,764,-3.420662,PI,FIFO,true,PI_FIFO,463.420662
9.430035,-1,18,10015.487000,35.481000,461.224754,461.204399,460.000000,766,-1.224754,PI,FIFO,true,PI_FIFO,461.224754
9.440020,-1,18,9984.117000,19.598000,456.204380,460.454396,460.000000,772,3.795620,PI,FIFO,true,PI_FIFO,456.204380
9.450026,-1,18,10006.450000,26.048000,456.496668,459.860737,460.000000,774,3.503332,PI,FIFO,true,PI_FIFO,456.496668
9.460019,-1,19,9992.839000,18.887000,453.995157,458.980900,460.000000,779,6.004843,PI,FIFO,true,PI_FIFO,453.995157
9.470035,-1,18,10016.321000,35.208000,456.496668,458.608265,460.000000,778,3.503332,PI,FIFO,true,PI_FIFO,456.496668
9.480019,-1,18,9984.265000,19.473000,460.009814,458.818498,460.000000,774,-0.009814,PI,FIFO,true,PI_FIFO,460.009814
9.490029,-1,18,10009.209000,28.682000,461.463731,459.215283,460.000000,772,-1.463731,PI,FIFO,true,PI_FIFO,461.463731
9.500018,-1,18,9988.894000,17.576000,463.671691,459.883744,460.000000,768,-3.671691,PI,FIFO,true,PI_FIFO,463.671691
9.510034,-1,18,10016.173000,33.749000,459.809264,459.872572,460.000000,772,0.190736,PI,FIFO,true,PI_FIFO,459.809264
9.520017,-1,18,9983.191000,16.940000,461.497890,460.116370,460.000000,770,-1.497890,PI,FIFO,true,PI_FIFO,461.497890
9.530030,-1,18,10013.339000,30.279000,461.702955,460.354357,460.000000,769,-1.702955,PI,FIFO,true,PI_FIFO,461.702955
9.540017,-1,18,9987.079000,17.358000,461.595273,460.540495,460.000000,768,-1.595273,PI,FIFO,true,PI_FIFO,461.595273
9.550034,-1,18,10016.284000,33.642000,464.350886,461.112054,460.000000,764,-4.350886,PI,FIFO,true,PI_FIFO,464.350886
9.560018,-1,18,9983.987000,17.629000,461.281631,461.137490,460.000000,766,-1.281631,PI,FIFO,true,PI_FIFO,461.281631
9.570042,-1,18,10024.543000,42.172000,456.730769,460.476482,460.000000,772,3.269231,PI,FIFO,true,PI_FIFO,456.730769
9.580017,-1,18,9975.209000,17.381000,456.262807,459.844431,460.000000,774,3.737193,PI,FIFO,true,PI_FIFO,456.262807
9.590054,-1,19,10036.858000,54.239000,453.995157,458.967040,460.000000,779,6.004843,PI,FIFO,true,PI_FIFO,453.995157
9.600020,-1,18,9965.801000,20.040000,456.496668,458.596484,460.000000,778,3.503332,PI,FIFO,true,PI_FIFO,456.496668
9.610026,-1,18,10006.210000,26.250000,460.461690,458.876265,460.000000,774,-0.461690,PI,FIFO,true,PI_FIFO,460.461690
9.620019,-1,18,9993.005000,19.255000,461.702955,459.300268,460.000000,772,-1.702955,PI,FIFO,true,PI_FIFO,461.702955
9.630036,-1,18,10016.321000,35.576000,464.108911,460.021565,460.000000,768,-4.108911,PI,FIFO,true,PI_FIFO,464.108911
9.640019,-1,18,9983.728000,19.304000,460.310966,460.064975,460.000000,771,-0.310966,PI,FIFO,true,PI_FIFO,460.310966
9.650029,-1,18,10009.283000,28.587000,460.418616,460.118021,460.000000,771,-0.418616,PI,FIFO,true,PI_FIFO,460.418616
9.660019,-1,18,9990.710000,19.297000,462.422118,460.463636,460.000000,768,-2.422118,PI,FIFO,true,PI_FIFO,462.422118
9.670036,-1,18,10016.783000,36.080000,461.368110,460.599307,460.000000,769,-1.368110,PI,FIFO,true,PI_FIFO,461.368110
9.680029,-1,18,9992.617000,28.697000,465.078329,461.271160,460.000000,763,-5.078329,PI,FIFO,true,PI_FIFO,465.078329
9.690041,-1,18,10012.617000,41.314000,459.988318,461.078734,460.000000,768,0.011682,PI,FIFO,true,PI_FIFO,459.988318
9.700020,-1,18,9978.653000,19.967000,458.061889,460.626207,460.000000,771,1.938111,PI,FIFO,true,PI_FIFO,458.061889
9.710026,-1,18,10005.728000,25.695000,455.307586,459.828414,460.000000,775,4.692414,PI,FIFO,true,PI_FIFO,455.307586
9.720017,-1,19,9991.432000,17.127000,452.412869,458.716082,460.000000,781,7.587131,PI,FIFO,true,PI_FIFO,452.412869
9.730044,-1,18,10026.635000,43.762000,456.786543,458.426651,460.000000,778,3.213457,PI,FIFO,true,PI_FIFO,456.786543
9.740018,-1,18,9974.339000,18.101000,460.310966,458.709298,460.000000,775,-0.310966,PI,FIFO,true,PI_FIFO,460.310966
9.750023,-1,18,10005.117000,23.218000,461.497890,459.127587,460.000000,773,-1.497890,PI,FIFO,true,PI_FIFO,461.497890
9.760020,-1,18,9996.617000,19.835000,463.853766,459.836514,460.000000,769,-3.853766,PI,FIFO,true,PI_FIFO,463.853766
9.770031,-1,18,10011.468000,31.303000,461.065574,460.020873,460.000000,771,-1.065574,PI,FIFO,true,PI_FIFO,461.065574
9.780023,-1,18,9991.728000,23.031000,460.986025,460.165646,460.000000,771,-0.986025,PI,FIFO,true,PI_FIFO,460.986025
9.790034,-1,18,10011.080000,34.111000,462.506167,460.516724,460.000000,768,-2.506167,PI,FIFO,true,PI_FIFO,462.506167
9.800020,-1,18,9986.246000,20.357000,461.281631,460.631460,460.000000,769,-1.281631,PI,FIFO,true,PI_FIFO,461.281631
9.810058,-1,18,10038.025000,58.382000,464.108911,461.153078,460.000000,765,-4.108911,PI,FIFO,true,PI_FIFO,464.108911
9.820033,-1,18,9974.227000,32.609000,460.033574,460.985152,460.000000,769,-0.033574,PI,FIFO,true,PI_FIFO,460.033574
9.830029,-1,18,9996.154000,28.763000,458.211144,460.569051,460.000000,771,1.788856,PI,FIFO,true,PI_FIFO,458.211144
9.840020,-1,18,9991.191000,19.954000,455.795803,459.853064,460.000000,775,4.204197,PI,FIFO,true,PI_FIFO,455.795803
9.850056,-1,19,10036.006000,55.960000,453.995157,458.974378,460.000000,780,6.004843,PI,FIFO,true,PI_FIFO,453.995157
9.860021,-1,18,9964.894000,20.854000,457.669579,458.778658,460.000000,777,2.330421,PI,FIFO,true,PI_FIFO,457.669579
9.870022,-1,18,10001.191000,22.045000,460.009814,458.963331,460.000000,775,-0.009814,PI,FIFO,true,PI_FIFO,460.009814
9.880021,-1,18,9999.080000,21.125000,461.942427,459.410196,460.000000,772,-1.942427,PI,FIFO,true,PI_FIFO,461.942427
9.890033,-1,18,10012.302000,33.427000,462.799718,459.918624,460.000000,770,-2.799718,PI,FIFO,true,PI_FIFO,462.799718
9.900020,-1,18,9986.450000,19.877000,461.463731,460.150390,460.000000,771,-1.463731,PI,FIFO,true,PI_FIFO,461.463731
9.910036,-1,18,10015.894000,35.771000,461.368110,460.333048,460.000000,770,-1.368110,PI,FIFO,true,PI_FIFO,461.368110
9.920017,-1,18,9981.654000,17.425000,461.702955,460.538534,460.000000,769,-1.702955,PI,FIFO,true,PI_FIFO,461.702955
9.930035,-1,18,10017.932000,35.357000,461.497890,460.682437,460.000000,769,-1.497890,PI,FIFO,true,PI_FIFO,461.497890
9.940017,-1,18,9981.209000,16.566000,464.364337,461.234722,460.000000,764,-4.364337,PI,FIFO,true,PI_FIFO,464.364337
9.950036,-1,18,10019.321000,35.887000,460.849719,461.176972,460.000000,767,-0.849719,PI,FIFO,true,PI_FIFO,460.849719
9.960017,-1,18,9981.375000,17.262000,458.612255,460.792264,460.000000,770,1.387745,PI,FIFO,true,PI_FIFO,458.612255
9.970026,-1,18,10008.284000,25.546000,455.097087,459.937988,460.000000,776,4.902913,PI,FIFO,true,PI_FIFO,455.097087
9.980019,-1,19,9993.320000,18.866000,452.898551,458.882072,460.000000,781,7.101449,PI,FIFO,true,PI_FIFO,452.898551
9.990022,-1,18,10003.506000,22.372000,457.635983,458.695159,460.000000,777,2.364017,PI,FIFO,true,PI_FIFO,457.635983
10.000019,-1,18,9996.543000,18.915000,458.310701,458.637490,460.000000,777,1.689299,PI,FIFO,true,PI_FIFO,458.310701
10.010022,-1,18,10003.265000,22.180000,462.799718,459.261824,460.000000,771,-2.799718,PI,FIFO,true,PI_FIFO,462.799718
10.020035,-1,18,10012.635000,34.815000,463.867188,459.952629,460.000000,769,-3.867188,PI,FIFO,true,PI_FIFO,463.867188
10.030036,-1,18,10001.172000,35.987000,460.849719,460.087192,460.000000,771,-0.849719,PI,FIFO,true,PI_FIFO,460.849719
10.040027,-1,18,9990.876000,26.863000,460.509307,460.150510,460.000000,771,-0.509307,PI,FIFO,true,PI_FIFO,460.509307
10.050023,-1,18,9996.506000,23.369000,462.050271,460.435474,460.000000,769,-2.050271,PI,FIFO,true,PI_FIFO,462.050271
10.060025,-1,18,10001.339000,24.708000,460.747543,460.482284,460.000000,770,-0.747543,PI,FIFO,true,PI_FIFO,460.747543
10.070023,-1,18,9998.209000,22.917000,464.766289,461.124885,460.000000,764,-4.766289,PI,FIFO,true,PI_FIFO,464.766289
10.080020,-1,18,9997.339000,20.256000,461.065574,461.115988,460.000000,767,-1.065574,PI,FIFO,true,PI_FIFO,461.065574
10.090022,-1,18,10001.765000,22.021000,458.275140,460.689861,460.000000,771,1.724860,PI,FIFO,true,PI_FIFO,458.275140
10.100018,-1,18,9996.043000,18.064000,457.069339,460.146783,460.000000,773,2.930661,PI,FIFO,true,PI_FIFO,457.069339
10.110021,-1,19,10003.172000,21.236000,453.211326,459.106464,460.000000,780,6.788674,PI,FIFO,true,PI_FIFO,453.211326
10.120018,-1,18,9996.932000,18.168000,457.813348,458.912497,460.000000,776,2.186652,PI,FIFO,true,PI_FIFO,457.813348
10.130025,-1,18,10006.580000,24.748000,459.130131,458.945142,460.000000,775,0.869869,PI,FIFO,true,PI_FIFO,459.130131
10.140018,-1,18,9993.468000,18.216000,462.835985,459.528768,460.000000,770,-2.835985,PI,FIFO,true,PI_FIFO,462.835985
10.150021,-1,18,10002.839000,21.055000,461.931018,459.889106,460.000000,770,-1.931018,PI,FIFO,true,PI_FIFO,461.931018
10.160024,-1,18,10002.617000,23.672000,460.986025,460.053644,460.000000,771,-0.986025,PI,FIFO,true,PI_FIFO,460.986025
10.170043,-1,18,10019.598000,43.270000,461.595273,460.284888,460.000000,770,-1.595273,PI,FIFO,true,PI_FIFO,461.595273
10.180020,-1,18,9977.135000,20.405000,460.747543,460.354286,460.000000,770,-0.747543,PI,FIFO,true,PI_FIFO,460.747543
10.190023,-1,18,10002.302000,22.707000,460.634066,460.396253,460.000000,770,-0.634066,PI,FIFO,true,PI_FIFO,460.634066
10.200018,-1,18,9995.358000,18.065000,464.835595,461.062155,460.000000,764,-4.835595,PI,FIFO,true,PI_FIFO,464.835595
10.210022,-1,18,10003.524000,21.589000,460.914454,461.039999,460.000000,767,-0.914454,PI,FIFO,true,PI_FIFO,460.914454
10.220018,-1,18,9996.821000,18.410000,458.140432,460.605064,460.000000,771,1.859568,PI,FIFO,true,PI_FIFO,458.140432
10.230021,-1,18,10003.024000,21.434000,456.871345,460.045006,460.000000,774,3.128655,PI,FIFO,true,PI_FIFO,456.871345
10.240018,-1,19,9996.968000,18.402000,452.412869,458.900186,460.000000,781,7.587131,PI,FIFO,true,PI_FIFO,452.412869
10.250029,-1,18,10010.414000,28.816000,457.848837,458.742484,460.000000,777,2.151163,PI,FIFO,true,PI_FIFO,457.848837
10.260019,-1,18,9990.412000,19.228000,458.211144,458.662783,460.000000,777,1.788856,PI,FIFO,true,PI_FIFO,458.211144
10.270030,-1,18,10010.543000,29.771000,463.867188,459.443443,460.000000,770,-3.867188,PI,FIFO,true,PI_FIFO,463.867188
10.280034,-1,18,10004.487000,34.258000,462.734452,459.937095,460.000000,770,-2.734452,PI,FIFO,true,PI_FIFO,462.734452
10.290024,-1,18,9989.284000,23.542000,461.368110,460.151747,460.000000,771,-1.368110,PI,FIFO,true,PI_FIFO,461.368110
10.300015,-1,18,9991.820000,15.362000,461.702955,460.384428,460.000000,769,-1.702955,PI,FIFO,true,PI_FIFO,461.702955
10.310021,-1,18,10006.043000,21.405000,461.065574,460.486600,460.000000,770,-1.065574,PI,FIFO,true,PI_FIFO,461.065574
10.320015,-1,18,9993.913000,15.318000,461.463731,460.633170,460.000000,769,-1.463731,PI,FIFO,true,PI_FIFO,461.463731
10.330048,-1,18,10032.302000,47.620000,464.338782,461.189011,460.000000,764,-4.338782,PI,FIFO,true,PI_FIFO,464.338782
10.340016,-1,18,9968.580000,16.200000,461.463731,461.230219,460.000000,766,-1.463731,PI,FIFO,true,PI_FIFO,461.463731
10.350022,-1,18,10005.672000,21.872000,458.702237,460.851022,460.000000,770,1.297763,PI,FIFO,true,PI_FIFO,458.702237
10.360015,-1,18,9993.265000,15.137000,456.574675,460.209570,460.000000,773,3.425325,PI,FIFO,true,PI_FIFO,456.574675
10.370021,-1,19,10005.765000,20.902000,452.898551,459.112917,460.000000,780,7.101449,PI,FIFO,true,PI_FIFO,452.898551
10.380018,-1,18,9997.357000,18.259000,456.821873,458.769260,460.000000,777,3.178127,PI,FIFO,true,PI_FIFO,456.821873
10.390038,-1,18,10019.654000,37.913000,457.848837,458.631197,460.000000,777,2.151163,PI,FIFO,true,PI_FIFO,457.848837
10.400021,-1,18,9983.561000,21.474000,462.902807,459.271938,460.000000,771,-2.902807,PI,FIFO,true,PI_FIFO,462.902807
10.410025,-1,18,10004.006000,25.480000,463.235294,459.866442,460.000000,769,-3.235294,PI,FIFO,true,PI_FIFO,463.235294
10.420020,-1,18,9994.635000,20.115000,460.509307,459.962872,460.000000,772,-0.509307,PI,FIFO,true,PI_FIFO,460.509307
10.430026,-1,18,10006.339000,26.454000,462.050271,460.275982,460.000000,769,-2.050271,PI,FIFO,true,PI_FIFO,462.050271
10.440020,-1,18,9993.913000,20.367000,460.509307,460.310980,460.000000,771,-0.509307,PI,FIFO,true,PI_FIFO,460.509307
10.450030,-1,18,10010.080000,30.447000,461.931018,460.553986,460.000000,768,-1.931018,PI,FIFO,true,PI_FIFO,461.931018
10.460020,-1,18,9989.395000,19.842000,463.090011,460.934390,460.000000,766,-3.090011,PI,FIFO,true,PI_FIFO,463.090011
10.470025,-1,18,10005.468000,25.310000,462.364960,461.148975,460.000000,766,-2.364960,PI,FIFO,true,PI_FIFO,462.364960
10.480021,-1,18,9995.580000,20.890000,458.848532,460.803909,460.000000,770,1.151468,PI,FIFO,true,PI_FIFO,458.848532
10.490029,-1,18,10007.895000,28.785000,456.648807,460.180643,460.000000,773,3.351193,PI,FIFO,true,PI_FIFO,456.648807
10.500021,-1,19,9992.283000,21.068000,453.013733,459.105607,460.000000,780,6.986267,PI,FIFO,true,PI_FIFO,453.013733
10.510033,-1,18,10012.006000,33.074000,457.317073,458.837327,460.000000,776,2.682927,PI,FIFO,true,PI_FIFO,457.317073
10.520020,-1,18,9987.413000,20.487000,457.904884,458.697461,460.000000,777,2.095116,PI,FIFO,true,PI_FIFO,457.904884
10.530030,-1,18,10009.191000,29.678000,463.598901,459.432677,460.000000,770,-3.598901,PI,FIFO,true,PI_FIFO,463.598901
10.540020,-1,18,9990.672000,20.350000,462.147887,459.839958,460.000000,770,-2.147887,PI,FIFO,true,PI_FIFO,462.147887
10.550033,-1,18,10013.024000,33.374000,460.203366,459.894469,460.000000,772,-0.203366,PI,FIFO,true,PI_FIFO,460.203366
10.560020,-1,18,9986.894000,20.268000,462.835985,460.335697,460.000000,768,-2.835985,PI,FIFO,true,PI_FIFO,462.835985
10.570025,-1,18,10004.506000,24.774000,460.634066,460.380452,460.000000,770,-0.634066,PI,FIFO,true,PI_FIFO,460.634066
10.580021,-1,18,9995.747000,20.521000,462.182148,460.650707,460.000000,768,-2.182148,PI,FIFO,true,PI_FIFO,462.182148
10.590033,-1,18,10012.376000,32.897000,463.017404,461.005711,460.000000,766,-3.017404,PI,FIFO,true,PI_FIFO,463.017404
10.600025,-1,18,9992.468000,25.365000,461.224754,461.038568,460.000000,767,-1.224754,PI,FIFO,true,PI_FIFO,461.224754
10.610026,-1,18,10000.524000,25.889000,459.333660,460.782831,460.000000,769,0.666340,PI,FIFO,true,PI_FIFO,459.333660
10.620022,-1,18,9995.636000,21.525000,456.730769,460.175022,460.000000,773,3.269231,PI,FIFO,true,PI_FIFO,456.730769
10.630033,-1,19,10011.394000,32.919000,453.117448,459.116386,460.000000,779,6.882552,PI,FIFO,true,PI_FIFO,453.117448
10.640021,-1,18,9987.802000,20.721000,457.565076,458.883689,460.000000,776,2.434924,PI,FIFO,true,PI_FIFO,457.565076
10.650030,-1,18,10008.784000,29.505000,457.848837,458.728462,460.000000,777,2.151163,PI,FIFO,true,PI_FIFO,457.848837
10.660023,-1,18,9993.616000,23.121000,461.942427,459.210556,460.000000,772,-1.942427,PI,FIFO,true,PI_FIFO,461.942427
10.670078,-1,18,10054.896000,78.017000,463.384495,459.836647,460.000000,769,-3.384495,PI,FIFO,true,PI_FIFO,463.384495
10.680030,-1,18,9951.653000,29.670000,460.509307,459.937546,460.000000,772,-0.509307,PI,FIFO,true,PI_FIFO,460.509307
10.690038,-1,18,10008.561000,38.231000,461.714353,460.204067,460.000000,770,-1.714353,PI,FIFO,true,PI_FIFO,461.714353
10.700018,-1,18,9980.154000,18.385000,460.461690,460.242711,460.000000,771,-0.461690,PI,FIFO,true,PI_FIFO,460.461690
10.710026,-1,18,10007.431000,25.816000,462.422118,460.569622,460.000000,768,-2.422118,PI,FIFO,true,PI_FIFO,462.422118
10.720017,-1,18,9990.913000,16.729000,463.649852,461.031656,460.000000,765,-3.649852,PI,FIFO,true,PI_FIFO,463.649852
10.730039,-1,18,10022.580000,39.309000,461.702955,461.132351,460.000000,766,-1.702955,PI,FIFO,true,PI_FIFO,461.702955
10.740016,-1,18,9977.172000,16.481000,459.558824,460.896322,460.000000,769,0.441176,PI,FIFO,true,PI_FIFO,459.558824
10.750026,-1,18,10009.414000,25.895000,456.648807,460.259195,460.000000,773,3.351193,PI,FIFO,true,PI_FIFO,456.648807
10.760015,-1,19,9989.283000,15.178000,453.629032,459.264670,460.000000,779,6.370968,PI,FIFO,true,PI_FIFO,453.629032
10.770025,-1,18,10009.895000,25.073000,456.871345,458.905671,460.000000,777,3.128655,PI,FIFO,true,PI_FIFO,456.871345
10.780015,-1,18,9989.727000,14.800000,457.317073,458.667382,460.000000,777,2.682927,PI,FIFO,true,PI_FIFO,457.317073
10.790028,-1,18,10013.599000,28.399000,462.799718,459.287232,460.000000,771,-2.799718,PI,FIFO,true,PI_FIFO,462.799718
10.800017,-1,18,9988.172000,16.571000,463.625716,459.938005,460.000000,768,-3.625716,PI,FIFO,true,PI_FIFO,463.625716
10.810056,-1,18,10039.784000,56.355000,460.849719,460.074762,460.000000,771,-0.849719,PI,FIFO,true,PI_FIFO,460.849719
10.820036,-1,18,9979.746000,36.101000,461.942427,460.354912,460.000000,769,-1.942427,PI,FIFO,true,PI_FIFO,461.942427
10.830028,-1,18,9992.394000,28.495000,460.914454,460.438843,460.000000,769,-0.914454,PI,FIFO,true,PI_FIFO,460.914454
10.840017,-1,18,9988.061000,16.556000,461.702955,460.628460,460.000000,768,-1.702955,PI,FIFO,true,PI_FIFO,461.702955
10.850021,-1,18,10004.877000,21.433000,462.799718,460.954149,460.000000,766,-2.799718,PI,FIFO,true,PI_FIFO,462.799718
10.860017,-1,18,9995.783000,17.216000,461.702955,461.066470,460.000000,766,-1.702955,PI,FIFO,true,PI_FIFO,461.702955
10.870022,-1,18,10004.357000,21.573000,460.235641,460.941845,460.000000,767,-0.235641,PI,FIFO,true,PI_FIFO,460.235641
10.880015,-1,18,9993.802000,15.375000,455.329755,460.100032,460.000000,774,4.670245,PI,FIFO,true,PI_FIFO,455.329755
10.890021,-1,18,10005.173000,20.548000,454.876274,459.316468,460.000000,777,5.123726,PI,FIFO,true,PI_FIFO,454.876274
10.900022,-1,19,10001.654000,22.202000,455.097087,458.683561,460.000000,779,4.902913,PI,FIFO,true,PI_FIFO,455.097087
10.910022,-1,18,9999.709000,21.911000,457.423327,458.494526,460.000000,777,2.576673,PI,FIFO,true,PI_FIFO,457.423327
10.920015,-1,18,9993.117000,15.028000,462.902807,459.155768,460.000000,771,-2.902807,PI,FIFO,true,PI_FIFO,462.902807
10.930021,-1,18,10005.839000,20.867000,463.235294,459.767697,460.000000,769,-3.235294,PI,FIFO,true,PI_FIFO,463.235294
10.940016,-1,18,9995.524000,16.391000,460.059978,459.811539,460.000000,772,-0.059978,PI,FIFO,true,PI_FIFO,460.059978
10.950021,-1,18,10004.302000,20.693000,461.714353,460.096961,460.000000,770,-1.714353,PI,FIFO,true,PI_FIFO,461.714353
10.960015,-1,18,9994.265000,14.958000,460.562227,460.166751,460.000000,771,-0.562227,PI,FIFO,true,PI_FIFO,460.562227
10.970050,-1,18,10034.839000,49.797000,461.931018,460.431391,460.000000,769,-1.931018,PI,FIFO,true,PI_FIFO,461.931018
10.980022,-1,18,9971.802000,21.599000,463.867188,460.946761,460.000000,765,-3.867188,PI,FIFO,true,PI_FIFO,463.867188
10.990024,-1,18,10002.246000,23.845000,461.141171,460.975922,460.000000,767,-1.141171,PI,FIFO,true,PI_FIFO,461.141171
11.000016,-1,18,9992.302000,16.147000,461.463731,461.049093,460.000000,766,-1.463731,PI,FIFO,true,PI_FIFO,461.463731
11.010021,-1,18,10005.117000,21.264000,455.318116,460.189447,460.000000,775,4.681884,PI,FIFO,true,PI_FIFO,455.318116
11.020019,-1,18,9997.394000,18.658000,454.400510,459.321106,460.000000,778,5.599490,PI,FIFO,true,PI_FIFO,454.400510
11.030029,-1,18,10010.784000,29.442000,455.982490,458.820314,460.000000,778,4.017510,PI,FIFO,true,PI_FIFO,455.982490
11.040020,-1,18,9990.191000,19.633000,457.904884,458.682999,460.000000,777,2.095116,PI,FIFO,true,PI_FIFO,457.904884
11.050022,-1,18,10001.950000,21.583000,463.191700,459.359304,460.000000,770,-3.191700,PI,FIFO,true,PI_FIFO,463.191700
11.060018,-1,18,9996.857000,18.440000,463.384495,459.963083,460.000000,769,-3.384495,PI,FIFO,true,PI_FIFO,463.384495
11.070045,-1,18,10026.210000,44.650000,460.203366,459.999126,460.000000,772,-0.203366,PI,FIFO,true,PI_FIFO,460.203366
11.080019,-1,18,9974.209000,18.859000,461.942427,460.290621,460.000000,769,-1.942427,PI,FIFO,true,PI_FIFO,461.942427
11.090032,-1,18,10013.413000,32.272000,460.418616,460.309820,460.000000,770,-0.418616,PI,FIFO,true,PI_FIFO,460.418616
11.100017,-1,18,9985.154000,17.426000,462.835985,460.688745,460.000000,767,-2.835985,PI,FIFO,true,PI_FIFO,462.835985
11.110025,-1,18,10007.209000,24.635000,462.799718,461.005391,460.000000,766,-2.799718,PI,FIFO,true,PI_FIFO,462.799718
11.120016,-1,18,9991.839000,16.474000,460.033574,460.859618,460.000000,769,-0.033574,PI,FIFO,true,PI_FIFO,460.033574
11.130032,-1,18,10015.561000,32.035000,462.364960,461.085420,460.000000,765,-2.364960,PI,FIFO,true,PI_FIFO,462.364960
11.140018,-1,18,9986.080000,18.115000,455.342688,460.224010,460.000000,774,4.657312,PI,FIFO,true,PI_FIFO,455.342688
11.150024,-1,18,10005.728000,23.843000,454.655674,459.388759,460.000000,777,5.344326,PI,FIFO,true,PI_FIFO,454.655674
11.160017,-1,18,9993.302000,17.145000,455.795803,458.849816,460.000000,778,4.204197,PI,FIFO,true,PI_FIFO,455.795803
11.170035,-1,18,10018.154000,35.299000,456.426485,458.486316,460.000000,778,3.573515,PI,FIFO,true,PI_FIFO,456.426485
11.180018,-1,18,9982.839000,18.138000,464.108911,459.329706,460.000000,769,-4.108911,PI,FIFO,true,PI_FIFO,464.108911
11.190025,-1,18,10006.561000,24.699000,461.931018,459.719902,460.000000,770,-1.931018,PI,FIFO,true,PI_FIFO,461.931018
11.200017,-1,18,9992.394000,17.093000,461.065574,459.921753,460.000000,771,-1.065574,PI,FIFO,true,PI_FIFO,461.065574
11.210028,-1,18,10011.006000,28.099000,461.065574,460.093326,460.000000,770,-1.065574,PI,FIFO,true,PI_FIFO,461.065574
11.220017,-1,18,9988.432000,16.531000,460.747543,460.191459,460.000000,770,-0.747543,PI,FIFO,true,PI_FIFO,460.747543
11.230024,-1,18,10007.579000,24.110000,461.822660,460.436139,460.000000,769,-1.822660,PI,FIFO,true,PI_FIFO,461.822660
11.240017,-1,18,9993.228000,17.338000,463.867188,460.950796,460.000000,765,-3.867188,PI,FIFO,true,PI_FIFO,463.867188
11.250025,-1,18,10007.506000,24.844000,460.849719,460.935635,460.000000,768,-0.849719,PI,FIFO,true,PI_FIFO,460.849719
11.260017,-1,18,9991.728000,16.572000,461.065574,460.955126,460.000000,767,-1.065574,PI,FIFO,true,PI_FIFO,461.065574
11.270032,-1,18,10015.357000,31.929000,456.786543,460.329838,460.000000,773,3.213457,PI,FIFO,true,PI_FIFO,456.786543
11.280017,-1,18,9984.728000,16.657000,455.342688,459.581766,460.000000,776,4.657312,PI,FIFO,true,PI_FIFO,455.342688
11.290022,-1,18,10005.154000,21.811000,455.518279,458.972242,460.000000,778,4.481721,PI,FIFO,true,PI_FIFO,455.518279
11.300021,-1,19,9999.024000,20.835000,455.588553,458.464689,460.000000,779,4.411447,PI,FIFO,true,PI_FIFO,455.588553
11.310022,-1,18,10001.506000,22.341000,464.108911,459.311322,460.000000,769,-4.108911,PI,FIFO,true,PI_FIFO,464.108911
11.320018,-1,18,9995.820000,18.161000,462.582237,459.801960,460.000000,770,-2.582237,PI,FIFO,true,PI_FIFO,462.582237
11.330021,-1,18,10002.599000,20.760000,461.497890,460.056349,460.000000,770,-1.497890,PI,FIFO,true,PI_FIFO,461.497890
11.340019,-1,18,9998.376000,19.136000,461.224754,460.231610,460.000000,770,-1.224754,PI,FIFO,true,PI_FIFO,461.224754
11.350021,-1,18,10002.302000,21.438000,460.461690,460.266122,460.000000,770,-0.461690,PI,FIFO,true,PI_FIFO,460.461690
11.360019,-1,18,9997.301000,18.739000,462.662338,460.625554,460.000000,767,-2.662338,PI,FIFO,true,PI_FIFO,462.662338
11.370055,-1,18,10036.507000,55.246000,462.582237,460.919057,460.000000,766,-2.582237,PI,FIFO,true,PI_FIFO,462.582237
11.380037,-1,18,9981.616000,36.862000,461.463731,461.000758,460.000000,767,-1.463731,PI,FIFO,true,PI_FIFO,461.463731
11.390042,-1,18,10004.858000,41.720000,459.988318,460.848892,460.000000,768,0.011682,PI,FIFO,true,PI_FIFO,459.988318
11.400020,-1,18,9978.449000,20.169000,456.574675,460.207759,460.000000,773,3.425325,PI,FIFO,true,PI_FIFO,456.574675
11.410022,-1,19,10002.247000,22.416000,453.629032,459.220950,460.000000,779,6.370968,PI,FIFO,true,PI_FIFO,453.629032
11.420019,-1,18,9996.339000,18.755000,455.834684,458.713010,460.000000,778,4.165316,PI,FIFO,true,PI_FIFO,455.834684
11.430033,-1,19,10013.895000,32.650000,456.151529,458.328788,460.000000,779,3.848471,PI,FIFO,true,PI_FIFO,456.151529
11.440017,-1,18,9984.301000,16.951000,463.598901,459.119305,460.000000,770,-3.598901,PI,FIFO,true,PI_FIFO,463.598901
11.450039,-1,18,10022.321000,39.272000,462.147887,459.573592,460.000000,771,-2.147887,PI,FIFO,true,PI_FIFO,462.147887
11.460019,-1,18,9980.061000,19.333000,461.463731,459.857113,460.000000,771,-1.463731,PI,FIFO,true,PI_FIFO,461.463731
11.470031,-1,18,10011.635000,30.968000,461.595273,460.117837,460.000000,770,-1.595273,PI,FIFO,true,PI_FIFO,461.595273
11.480018,-1,18,9986.876000,17.844000,460.271318,460.140859,460.000000,772,-0.271318,PI,FIFO,true,PI_FIFO,460.271318
11.490025,-1,18,10006.951000,24.795000,463.453390,460.637739,460.000000,767,-3.453390,PI,FIFO,true,PI_FIFO,463.453390
11.500017,-1,18,9991.987000,16.782000,463.344316,461.043725,460.000000,766,-3.344316,PI,FIFO,true,PI_FIFO,463.344316
11.510024,-1,18,10007.579000,24.361000,462.147887,461.209350,460.000000,766,-2.147887,PI,FIFO,true,PI_FIFO,462.147887
11.520016,-1,18,9992.043000,16.404000,461.224754,461.211660,460.000000,766,-1.224754,PI,FIFO,true,PI_FIFO,461.224754
11.530025,-1,18,10008.172000,24.576000,456.648807,460.527232,460.000000,772,3.351193,PI,FIFO,true,PI_FIFO,456.648807
11.540018,-1,18,9993.617000,18.193000,455.588553,459.786430,460.000000,775,4.411447,PI,FIFO,true,PI_FIFO,455.588553
11.550031,-1,18,10013.006000,31.199000,455.097087,459.083029,460.000000,778,4.902913,PI,FIFO,true,PI_FIFO,455.097087
11.560019,-1,19,9988.154000,19.353000,455.097087,458.485138,460.000000,780,4.902913,PI,FIFO,true,PI_FIFO,455.097087
11.570021,-1,18,10001.802000,21.155000,462.582237,459.099703,460.000000,771,-2.582237,PI,FIFO,true,PI_FIFO,462.582237
11.580018,-1,18,9997.320000,18.475000,462.662338,459.634098,460.000000,770,-2.662338,PI,FIFO,true,PI_FIFO,462.662338
11.590021,-1,18,10002.765000,21.240000,461.368110,459.894200,460.000000,771,-1.368110,PI,FIFO,true,PI_FIFO,461.368110
11.600018,-1,18,9997.154000,18.394000,462.422118,460.273388,460.000000,769,-2.422118,PI,FIFO,true,PI_FIFO,462.422118
11.610021,-1,18,10002.357000,20.751000,459.988318,460.230627,460.000000,771,0.011682,PI,FIFO,true,PI_FIFO,459.988318
11.620018,-1,18,9997.747000,18.498000,463.625716,460.739890,460.000000,766,-3.625716,PI,FIFO,true,PI_FIFO,463.625716
11.630061,-1,18,10042.191000,60.689000,462.582237,461.016242,460.000000,766,-2.582237,PI,FIFO,true,PI_FIFO,462.582237
11.640017,-1,18,9956.338000,17.027000,463.090011,461.327308,460.000000,764,-3.090011,PI,FIFO,true,PI_FIFO,463.090011
11.650027,-1,18,10009.525000,26.552000,459.344377,461.029868,460.000000,768,0.655623,PI,FIFO,true,PI_FIFO,459.344377
11.660016,-1,18,9989.524000,16.076000,456.262807,460.314809,460.000000,773,3.737193,PI,FIFO,true,PI_FIFO,456.262807
11.670021,-1,18,10005.376000,21.452000,454.215116,459.399855,460.000000,777,5.784884,PI,FIFO,true,PI_FIFO,454.215116
11.680027,-1,18,10005.339000,26.791000,455.588553,458.828160,460.000000,778,4.411447,PI,FIFO,true,PI_FIFO,455.588553
11.690035,-1,18,10008.561000,35.352000,456.363004,458.458386,460.000000,778,3.636996,PI,FIFO,true,PI_FIFO,456.363004
11.700017,-1,18,9981.469000,16.821000,463.384495,459.197303,460.000000,770,-3.384495,PI,FIFO,true,PI_FIFO,463.384495
11.710025,-1,18,10007.931000,24.752000,462.734452,459.727875,460.000000,770,-2.734452,PI,FIFO,true,PI_FIFO,462.734452
11.720017,-1,18,9992.247000,16.999000,461.702955,460.024137,460.000000,770,-1.702955,PI,FIFO,true,PI_FIFO,461.702955
11.730038,-1,18,10021.246000,38.245000,462.364960,460.375261,460.000000,768,-2.364960,PI,FIFO,true,PI_FIFO,462.364960
11.740018,-1,18,9979.987000,18.232000,459.308655,460.215270,460.000000,772,0.691345,PI,FIFO,true,PI_FIFO,459.308655
11.750032,-1,18,10013.561000,31.793000,464.327830,460.832154,460.000000,765,-4.327830,PI,FIFO,true,PI_FIFO,464.327830
11.760017,-1,18,9985.432000,17.225000,462.182148,461.034653,460.000000,766,-2.182148,PI,FIFO,true,PI_FIFO,462.182148
11.770028,-1,18,10010.413000,27.638000,462.734452,461.289623,460.000000,764,-2.734452,PI,FIFO,true,PI_FIFO,462.734452
11.780017,-1,18,9989.320000,16.958000,460.033574,461.101216,460.000000,767,-0.033574,PI,FIFO,true,PI_FIFO,460.033574
11.790025,-1,18,10007.840000,24.798000,456.363004,460.390484,460.000000,772,3.636996,PI,FIFO,true,PI_FIFO,456.363004
11.800017,-1,18,9992.005000,16.803000,455.342688,459.633314,460.000000,775,4.657312,PI,FIFO,true,PI_FIFO,455.342688
11.810043,-1,19,10026.117000,42.920000,454.215116,458.820585,460.000000,779,5.784884,PI,FIFO,true,PI_FIFO,454.215116
11.820033,-1,18,9990.487000,33.407000,456.029186,458.401875,460.000000,778,3.970814,PI,FIFO,true,PI_FIFO,456.029186
11.830028,-1,18,9994.469000,27.876000,461.281631,458.833838,460.000000,773,-1.281631,PI,FIFO,true,PI_FIFO,461.281631
11.840020,-1,18,9992.116000,19.992000,462.835985,459.434160,460.000000,770,-2.835985,PI,FIFO,true,PI_FIFO,462.835985
11.850021,-1,18,10000.525000,20.517000,461.931018,459.808689,460.000000,770,-1.931018,PI,FIFO,true,PI_FIFO,461.931018
11.860020,-1,18,9999.542000,20.059000,462.422118,460.200703,460.000000,769,-2.422118,PI,FIFO,true,PI_FIFO,462.422118
11.870021,-1,18,10001.321000,21.380000,459.108717,460.036905,460.000000,772,0.891283,PI,FIFO,true,PI_FIFO,459.108717
11.880015,-1,18,9993.931000,15.311000,464.835595,460.756709,460.000000,765,-4.835595,PI,FIFO,true,PI_FIFO,464.835595
11.890021,-1,18,10005.876000,21.187000,461.931018,460.932855,460.000000,767,-1.931018,PI,FIFO,true,PI_FIFO,461.931018
11.900021,-1,18,10000.191000,21.378000,462.902807,461.228348,460.000000,764,-2.902807,PI,FIFO,true,PI_FIFO,462.902807
11.910022,-1,18,10000.247000,21.625000,460.687961,461.147290,460.000000,766,-0.687961,PI,FIFO,true,PI_FIFO,460.687961
11.920015,-1,18,9993.616000,15.241000,456.262807,460.414617,460.000000,772,3.737193,PI,FIFO,true,PI_FIFO,456.262807
11.930030,-1,18,10014.525000,29.766000,455.318116,459.650142,460.000000,775,4.681884,PI,FIFO,true,PI_FIFO,455.318116
11.940020,-1,19,9989.987000,19.753000,453.141783,458.673888,460.000000,780,6.858217,PI,FIFO,true,PI_FIFO,453.141783
11.950021,-1,18,10001.505000,21.258000,457.423327,458.486304,460.000000,777,2.576673,PI,FIFO,true,PI_FIFO,457.423327
11.960018,-1,18,9997.228000,18.486000,461.570022,458.948862,460.000000,772,-1.570022,PI,FIFO,true,PI_FIFO,461.570022
11.970021,-1,18,10002.710000,21.196000,462.364960,459.461277,460.000000,770,-2.364960,PI,FIFO,true,PI_FIFO,462.364960
11.980024,-1,18,10002.987000,24.183000,462.182148,459.869407,460.000000,770,-2.182148,PI,FIFO,true,PI_FIFO,462.182148
11.990022,-1,18,9997.968000,22.151000,462.364960,460.243740,460.000000,769,-2.364960,PI,FIFO,true,PI_FIFO,462.364960
12.000026,-1,18,10003.858000,26.009000,460.059978,460.216176,460.000000,771,-0.059978,PI,FIFO,true,PI_FIFO,460.059978
12.010022,-1,18,9996.154000,22.163000,462.582237,460.571085,460.000000,767,-2.582237,PI,FIFO,true,PI_FIFO,462.582237
12.020016,-1,18,9993.598000,15.761000,463.143526,460.956951,460.000000,765,-3.143526,PI,FIFO,true,PI_FIFO,463.143526
12.030031,-1,18,10015.283000,31.044000,462.050271,461.120949,460.000000,766,-2.050271,PI,FIFO,true,PI_FIFO,462.050271
12.040018,-1,18,9987.450000,18.494000,461.463731,461.172366,460.000000,766,-1.463731,PI,FIFO,true,PI_FIFO,461.463731
12.050027,-1,18,10008.654000,27.148000,455.982490,460.393885,460.000000,773,4.017510,PI,FIFO,true,PI_FIFO,455.982490
12.060020,-1,18,9993.024000,20.172000,456.496668,459.809302,460.000000,774,3.503332,PI,FIFO,true,PI_FIFO,456.496668
12.070045,-1,19,10024.432000,44.604000,453.838174,458.913633,460.000000,779,6.161826,PI,FIFO,true,PI_FIFO,453.838174
12.080018,-1,19,9973.802000,18.406000,455.588553,458.414871,460.000000,779,4.411447,PI,FIFO,true,PI_FIFO,455.588553
12.090022,-1,18,10003.543000,21.949000,461.281631,458.844885,460.000000,773,-1.281631,PI,FIFO,true,PI_FIFO,461.281631
12.100018,-1,18,9996.227000,18.176000,462.835985,459.443550,460.000000,770,-2.835985,PI,FIFO,true,PI_FIFO,462.835985
12.110021,-1,18,10002.839000,21.015000,463.017404,459.979628,460.000000,769,-3.017404,PI,FIFO,true,PI_FIFO,463.017404
12.120024,-1,18,10003.173000,24.188000,461.702955,460.238127,460.000000,769,-1.702955,PI,FIFO,true,PI_FIFO,461.702955
12.130067,-1,18,10042.802000,66.990000,460.509307,460.278804,460.000000,770,-0.509307,PI,FIFO,true,PI_FIFO,460.509307
12.140022,-1,18,9954.931000,21.921000,462.147887,460.559167,460.000000,768,-2.147887,PI,FIFO,true,PI_FIFO,462.147887
12.150021,-1,18,9998.784000,20.705000,462.422118,460.838609,460.000000,766,-2.422118,PI,FIFO,true,PI_FIFO,462.422118
12.160025,-1,18,10004.209000,24.914000,463.191700,461.191573,460.000000,764,-3.191700,PI,FIFO,true,PI_FIFO,463.191700
12.170060,-1,18,10035.062000,59.976000,460.747543,461.124968,460.000000,766,-0.747543,PI,FIFO,true,PI_FIFO,460.747543
12.180020,-1,18,9959.690000,19.666000,455.982490,460.353597,460.000000,773,4.017510,PI,FIFO,true,PI_FIFO,455.982490
12.190022,-1,18,10002.413000,22.079000,456.029186,459.704935,460.000000,774,3.970814,PI,FIFO,true,PI_FIFO,456.029186
12.200019,-1,19,9996.802000,18.881000,453.336557,458.749678,460.000000,780,6.663443,PI,FIFO,true,PI_FIFO,453.336557
12.210021,-1,18,10002.006000,20.887000,456.496668,458.411727,460.000000,778,3.503332,PI,FIFO,true,PI_FIFO,456.496668
12.220018,-1,18,9996.672000,17.559000,461.368110,458.855184,460.000000,773,-1.368110,PI,FIFO,true,PI_FIFO,461.368110
12.230020,-1,18,10002.895000,20.454000,461.463731,459.246466,460.000000,772,-1.463731,PI,FIFO,true,PI_FIFO,461.463731
12.240018,-1,18,9997.413000,17.867000,463.890198,459.943026,460.000000,768,-3.890198,PI,FIFO,true,PI_FIFO,463.890198
12.250020,-1,18,10002.357000,20.224000,461.368110,460.156789,460.000000,770,-1.368110,PI,FIFO,true,PI_FIFO,461.368110
12.260018,-1,18,9998.210000,18.434000,460.271318,460.173968,460.000000,771,-0.271318,PI,FIFO,true,PI_FIFO,460.271318
12.270021,-1,18,10002.098000,20.532000,463.017404,460.600483,460.000000,767,-3.017404,PI,FIFO,true,PI_FIFO,463.017404
12.280016,-1,18,9995.468000,16.000000,462.075575,460.821747,460.000000,767,-2.075575,PI,FIFO,true,PI_FIFO,462.075575
12.290020,-1,18,10004.432000,20.432000,463.017404,461.151096,460.000000,765,-3.017404,PI,FIFO,true,PI_FIFO,463.017404
12.300015,-1,18,9994.617000,15.049000,461.224754,461.162144,460.000000,766,-1.224754,PI,FIFO,true,PI_FIFO,461.224754
12.310026,-1,18,10010.820000,25.869000,455.539359,460.318726,460.000000,774,4.460641,PI,FIFO,true,PI_FIFO,455.539359
12.320015,-1,18,9989.173000,15.042000,456.496668,459.745418,460.000000,774,3.503332,PI,FIFO,true,PI_FIFO,456.496668
12.330020,-1,19,10005.116000,20.158000,454.215116,458.915873,460.000000,779,5.784884,PI,FIFO,true,PI_FIFO,454.215116
12.340016,-1,18,9995.580000,15.738000,456.574675,458.564693,460.000000,778,3.425325,PI,FIFO,true,PI_FIFO,456.574675
12.350020,-1,18,10004.747000,20.485000,461.497890,459.004673,460.000000,772,-1.497890,PI,FIFO,true,PI_FIFO,461.497890
12.360024,-1,18,10003.376000,23.861000,462.662338,459.553322,460.000000,770,-2.662338,PI,FIFO,true,PI_FIFO,462.662338
12.370022,-1,18,9998.302000,22.163000,463.453390,460.138332,460.000000,768,-3.453390,PI,FIFO,true,PI_FIFO,463.453390
12.380037,-1,18,10014.524000,36.687000,460.986025,460.265486,460.000000,770,-0.986025,PI,FIFO,true,PI_FIFO,460.986025
12.390036,-1,18,9999.802000,36.489000,461.702955,460.481107,460.000000,769,-1.702955,PI,FIFO,true,PI_FIFO,461.702955
12.400020,-1,18,9983.079000,19.568000,463.017404,460.861551,460.000000,766,-3.017404,PI,FIFO,true,PI_FIFO,463.017404
12.410022,-1,18,10002.469000,22.037000,461.822660,461.005717,460.000000,766,-1.822660,PI,FIFO,true,PI_FIFO,461.822660
12.420019,-1,18,9996.987000,19.024000,463.671691,461.405614,460.000000,763,-3.671691,PI,FIFO,true,PI_FIFO,463.671691
12.430021,-1,18,10002.191000,21.215000,461.224754,461.378485,460.000000,765,-1.224754,PI,FIFO,true,PI_FIFO,461.224754
12.440018,-1,18,9997.135000,18.350000,455.318116,460.469429,460.000000,773,4.681884,PI,FIFO,true,PI_FIFO,455.318116
12.450020,-1,18,10001.839000,20.189000,456.496668,459.873515,460.000000,773,3.503332,PI,FIFO,true,PI_FIFO,456.496668
12.460018,-1,19,9997.654000,17.843000,453.555878,458.925870,460.000000,779,6.444122,PI,FIFO,true,PI_FIFO,453.555878
12.470021,-1,18,10003.080000,20.923000,456.081081,458.499151,460.000000,778,3.918919,PI,FIFO,true,PI_FIFO,456.081081
12.480017,-1,18,9995.950000,16.873000,460.634066,458.819389,460.000000,773,-0.634066,PI,FIFO,true,PI_FIFO,460.634066
12.490029,-1,18,10012.135000,29.008000,461.317660,459.194129,460.000000,772,-1.317660,PI,FIFO,true,PI_FIFO,461.317660
12.500015,-1,18,9986.339000,15.347000,463.900135,459.900030,460.000000,768,-3.900135,PI,FIFO,true,PI_FIFO,463.900135
12.510022,-1,18,10006.913000,22.260000,461.065574,460.074862,460.000000,770,-1.065574,PI,FIFO,true,PI_FIFO,461.065574
12.520019,-1,18,9996.580000,18.840000,461.497890,460.288316,460.000000,769,-1.497890,PI,FIFO,true,PI_FIFO,461.497890
12.530021,-1,18,10001.709000,20.549000,461.822660,460.518468,460.000000,768,-1.822660,PI,FIFO,true,PI_FIFO,461.822660
12.540020,-1,18,9998.987000,19.536000,462.364960,460.795441,460.000000,766,-2.364960,PI,FIFO,true,PI_FIFO,462.364960
12.550021,-1,18,10001.636000,21.172000,464.108911,461.292462,460.000000,763,-4.108911,PI,FIFO,true,PI_FIFO,464.108911
12.560018,-1,18,9996.653000,17.825000,460.235641,461.133939,460.000000,767,-0.235641,PI,FIFO,true,PI_FIFO,460.235641
12.570021,-1,18,10003.080000,20.905000,455.729167,460.323223,460.000000,773,4.270833,PI,FIFO,true,PI_FIFO,455.729167
12.580018,-1,18,9997.450000,18.355000,455.834684,459.649942,460.000000,775,4.165316,PI,FIFO,true,PI_FIFO,455.834684
12.590020,-1,19,10002.099000,20.454000,453.775411,458.768762,460.000000,779,6.224589,PI,FIFO,true,PI_FIFO,453.775411
12.600015,-1,18,9994.450000,14.904000,457.199692,458.533402,460.000000,777,2.800308,PI,FIFO,true,PI_FIFO,457.199692
12.610031,-1,18,10016.191000,31.095000,461.065574,458.913228,460.000000,773,-1.065574,PI,FIFO,true,PI_FIFO,461.065574
12.620017,-1,18,9985.950000,17.045000,461.822660,459.349643,460.000000,771,-1.822660,PI,FIFO,true,PI_FIFO,461.822660
12.630032,-1,18,10015.061000,32.106000,464.546956,460.129240,460.000000,766,-4.546956,PI,FIFO,true,PI_FIFO,464.546956
12.640017,-1,18,9984.950000,17.056000,460.986025,460.257757,460.000000,770,-0.986025,PI,FIFO,true,PI_FIFO,460.986025
12.650029,-1,18,10011.543000,28.599000,461.141171,460.390269,460.000000,769,-1.141171,PI,FIFO,true,PI_FIFO,461.141171
12.660019,-1,18,9990.376000,18.975000,462.662338,460.731080,460.000000,766,-2.662338,PI,FIFO,true,PI_FIFO,462.662338
12.670032,-1,18,10013.376000,32.351000,461.281631,460.813662,460.000000,767,-1.281631,PI,FIFO,true,PI_FIFO,461.281631
12.680034,-1,18,10001.950000,34.301000,463.344316,461.193260,460.000000,764,-3.344316,PI,FIFO,true,PI_FIFO,463.344316
12.690033,-1,18,9998.913000,33.214000,460.418616,461.077064,460.000000,767,-0.418616,PI,FIFO,true,PI_FIFO,460.418616
12.700022,-1,18,9989.228000,22.442000,456.496668,460.390004,460.000000,772,3.503332,PI,FIFO,true,PI_FIFO,456.496668
12.710028,-1,18,10005.450000,27.892000,454.876274,459.562945,460.000000,776,5.123726,PI,FIFO,true,PI_FIFO,454.876274
12.720016,-1,19,9988.357000,16.249000,453.244275,458.615144,460.000000,780,6.755725,PI,FIFO,true,PI_FIFO,453.244275
12.730021,-1,18,10004.691000,20.940000,456.871345,458.353574,460.000000,778,3.128655,PI,FIFO,true,PI_FIFO,456.871345
12.740016,-1,18,9994.969000,15.909000,460.562227,458.684872,460.000000,774,-0.562227,PI,FIFO,true,PI_FIFO,460.562227
12.750028,-1,18,10011.635000,27.544000,461.281631,459.074386,460.000000,773,-1.281631,PI,FIFO,true,PI_FIFO,461.281631
12.760035,-1,18,10007.098000,34.642000,464.835595,459.938567,460.000000,767,-4.835595,PI,FIFO,true,PI_FIFO,464.835595
12.770072,-1,18,10036.951000,71.593000,461.141171,460.118958,460.000000,770,-1.141171,PI,FIFO,true,PI_FIFO,461.141171
12.780036,-1,18,9964.876000,36.469000,460.747543,460.213246,460.000000,770,-0.747543,PI,FIFO,true,PI_FIFO,460.747543
12.790026,-1,18,9989.172000,25.641000,462.147887,460.503442,460.000000,768,-2.147887,PI,FIFO,true,PI_FIFO,462.147887
12.800021,-1,18,9995.339000,20.980000,461.822660,460.701325,460.000000,768,-1.822660,PI,FIFO,true,PI_FIFO,461.822660
12.810047,-1,18,10026.061000,47.041000,464.593114,461.285093,460.000000,763,-4.593114,PI,FIFO,true,PI_FIFO,464.593114
12.820027,-1,18,9979.469000,26.510000,460.203366,461.122834,460.000000,767,-0.203366,PI,FIFO,true,PI_FIFO,460.203366
12.830031,-1,18,10004.524000,31.034000,457.565076,460.589170,460.000000,771,2.434924,PI,FIFO,true,PI_FIFO,457.565076
12.840020,-1,18,9989.042000,20.076000,454.435288,459.666088,460.000000,776,5.564712,PI,FIFO,true,PI_FIFO,454.435288
12.850031,-1,19,10010.728000,30.804000,453.706062,458.772084,460.000000,780,6.293938,PI,FIFO,true,PI_FIFO,453.706062
12.860019,-1,18,9988.654000,19.458000,457.317073,458.553832,460.000000,777,2.682927,PI,FIFO,true,PI_FIFO,457.317073
12.870034,-1,18,10014.136000,33.594000,460.271318,458.811455,460.000000,774,-0.271318,PI,FIFO,true,PI_FIFO,460.271318
12.880017,-1,18,9983.431000,17.025000,462.364960,459.344481,460.000000,771,-2.364960,PI,FIFO,true,PI_FIFO,462.364960
12.890025,-1,18,10008.006000,25.031000,464.364337,460.097459,460.000000,767,-4.364337,PI,FIFO,true,PI_FIFO,464.364337
12.900018,-1,18,9992.931000,17.962000,460.634066,460.177950,460.000000,771,-0.634066,PI,FIFO,true,PI_FIFO,460.634066
12.910033,-1,18,10015.117000,33.079000,461.702955,460.406701,460.000000,769,-1.702955,PI,FIFO,true,PI_FIFO,461.702955
12.920017,-1,18,9984.154000,17.233000,462.506167,460.721621,460.000000,767,-2.506167,PI,FIFO,true,PI_FIFO,462.506167
12.930022,-1,18,10004.654000,21.887000,460.509307,460.689774,460.000000,769,-0.509307,PI,FIFO,true,PI_FIFO,460.509307
12.940018,-1,18,9996.542000,18.429000,465.205577,461.367144,460.000000,762,-5.205577,PI,FIFO,true,PI_FIFO,465.205577
12.950031,-1,18,10012.488000,30.917000,459.058760,461.020887,460.000000,769,0.941240,PI,FIFO,true,PI_FIFO,459.058760
12.960017,-1,18,9985.838000,16.755000,458.488589,460.641042,460.000000,770,1.511411,PI,FIFO,true,PI_FIFO,458.488589
12.970030,-1,18,10013.247000,30.002000,456.081081,459.957048,460.000000,774,3.918919,PI,FIFO,true,PI_FIFO,456.081081
12.980018,-1,19,9987.598000,17.600000,453.002761,458.913905,460.000000,780,6.997239,PI,FIFO,true,PI_FIFO,453.002761
12.990036,-1,18,10018.247000,35.847000,457.069339,458.637220,460.000000,777,2.930661,PI,FIFO,true,PI_FIFO,457.069339
13.000020,-1,18,9983.727000,19.574000,459.130131,458.711157,460.000000,775,0.869869,PI,FIFO,true,PI_FIFO,459.130131
13.010028,-1,18,10008.525000,28.099000,463.090011,459.367985,460.000000,770,-3.090011,PI,FIFO,true,PI_FIFO,463.090011
13.020031,-1,18,10003.228000,31.327000,462.859066,459.891647,460.000000,769,-2.859066,PI,FIFO,true,PI_FIFO,462.859066
13.030033,-1,18,10001.987000,33.314000,460.310966,459.954545,460.000000,771,-0.310966,PI,FIFO,true,PI_FIFO,460.310966
13.040017,-1,18,9984.024000,17.338000,460.849719,460.088821,460.000000,771,-0.849719,PI,FIFO,true,PI_FIFO,460.849719
13.050037,-1,18,10019.894000,37.232000,462.662338,460.474848,460.000000,768,-2.662338,PI,FIFO,true,PI_FIFO,462.662338
13.060018,-1,18,9980.802000,18.034000,461.368110,460.608838,460.000000,768,-1.368110,PI,FIFO,true,PI_FIFO,461.368110
13.070034,-1,18,10015.469000,33.503000,464.835595,461.242851,460.000000,763,-4.835595,PI,FIFO,true,PI_FIFO,464.835595
13.080018,-1,18,9984.783000,18.286000,460.418616,461.119216,460.000000,767,-0.418616,PI,FIFO,true,PI_FIFO,460.418616
13.090025,-1,18,10006.636000,24.922000,457.565076,460.586095,460.000000,771,2.434924,PI,FIFO,true,PI_FIFO,457.565076
13.100019,-1,18,9993.653000,18.575000,456.363004,459.952631,460.000000,774,3.636996,PI,FIFO,true,PI_FIFO,456.363004
13.110034,-1,19,10015.506000,34.081000,452.947176,458.901813,460.000000,780,7.052824,PI,FIFO,true,PI_FIFO,452.947176
13.120019,-1,18,9985.080000,19.161000,458.166357,458.791495,460.000000,776,1.833643,PI,FIFO,true,PI_FIFO,458.166357
13.130028,-1,18,10009.043000,28.204000,458.659491,458.771694,460.000000,776,1.340509,PI,FIFO,true,PI_FIFO,458.659491
13.140021,-1,18,9992.524000,20.728000,462.538765,459.336755,460.000000,771,-2.538765,PI,FIFO,true,PI_FIFO,462.538765
13.150027,-1,18,10005.839000,26.567000,463.395211,459.945523,460.000000,768,-3.395211,PI,FIFO,true,PI_FIFO,463.395211
13.160024,-1,18,9997.653000,24.220000,461.497890,460.178378,460.000000,770,-1.497890,PI,FIFO,true,PI_FIFO,461.497890
13.170027,-1,18,10002.451000,26.671000,460.938309,460.292368,460.000000,770,-0.938309,PI,FIFO,true,PI_FIFO,460.938309
13.180019,-1,18,9992.394000,19.065000,461.640733,460.494623,460.000000,768,-1.640733,PI,FIFO,true,PI_FIFO,461.640733
13.190025,-1,18,10006.080000,25.145000,460.986025,460.568333,460.000000,769,-0.986025,PI,FIFO,true,PI_FIFO,460.986025
13.200019,-1,18,9994.154000,19.299000,464.284030,461.125687,460.000000,764,-4.284030,PI,FIFO,true,PI_FIFO,464.284030
13.210025,-1,18,10005.857000,25.156000,460.612512,461.048711,460.000000,767,-0.612512,PI,FIFO,true,PI_FIFO,460.612512
13.220019,-1,18,9993.413000,18.569000,457.806251,460.562342,460.000000,771,2.193749,PI,FIFO,true,PI_FIFO,457.806251
13.230024,-1,18,10005.654000,24.223000,455.883942,459.860582,460.000000,774,4.116058,PI,FIFO,true,PI_FIFO,455.883942
13.240019,-1,19,9994.672000,18.895000,452.461390,458.750703,460.000000,781,7.538610,PI,FIFO,true,PI_FIFO,452.461390
13.250024,-1,18,10005.284000,24.179000,457.904884,458.623830,460.000000,776,2.095116,PI,FIFO,true,PI_FIFO,457.904884
13.260019,-1,18,9994.616000,18.795000,459.130131,458.699775,460.000000,775,0.869869,PI,FIFO,true,PI_FIFO,459.130131
13.270025,-1,18,10005.988000,24.783000,463.344316,459.396457,460.000000,770,-3.344316,PI,FIFO,true,PI_FIFO,463.344316
13.280019,-1,18,9994.024000,18.807000,463.017404,459.939599,460.000000,769,-3.017404,PI,FIFO,true,PI_FIFO,463.017404
13.290025,-1,18,10005.857000,24.664000,460.418616,460.011451,460.000000,771,-0.418616,PI,FIFO,true,PI_FIFO,460.418616
13.300019,-1,18,9993.895000,18.559000,462.075575,460.321070,460.000000,769,-2.075575,PI,FIFO,true,PI_FIFO,462.075575
13.310024,-1,18,10005.487000,24.046000,461.281631,460.465154,460.000000,769,-1.281631,PI,FIFO,true,PI_FIFO,461.281631
13.320019,-1,18,9995.098000,19.144000,461.463731,460.614940,460.000000,768,-1.463731,PI,FIFO,true,PI_FIFO,461.463731
13.330025,-1,18,10005.395000,24.539000,463.833366,461.097704,460.000000,764,-3.833366,PI,FIFO,true,PI_FIFO,463.833366
13.340021,-1,18,9996.709000,21.248000,461.224754,461.116762,460.000000,767,-1.224754,PI,FIFO,true,PI_FIFO,461.224754
13.350025,-1,18,10003.358000,24.606000,457.808380,460.620504,460.000000,771,2.191620,PI,FIFO,true,PI_FIFO,457.808380
13.360016,-1,18,9990.950000,15.556000,456.730769,460.037044,460.000000,773,3.269231,PI,FIFO,true,PI_FIFO,456.730769
13.370026,-1,19,10010.246000,25.802000,453.073652,458.992535,460.000000,780,6.926348,PI,FIFO,true,PI_FIFO,453.073652
13.380025,-1,18,9999.561000,25.363000,457.366652,458.748653,460.000000,777,2.633348,PI,FIFO,true,PI_FIFO,457.366652
13.390028,-1,18,10003.117000,28.480000,457.848837,458.613680,460.000000,777,2.151163,PI,FIFO,true,PI_FIFO,457.848837
13.400023,-1,18,9994.469000,22.949000,463.625716,459.365486,460.000000,770,-3.625716,PI,FIFO,true,PI_FIFO,463.625716
13.410026,-1,18,10002.654000,25.603000,463.453390,459.978671,460.000000,768,-3.453390,PI,FIFO,true,PI_FIFO,463.453390
13.420017,-1,18,9991.172000,16.775000,461.065574,460.141707,460.000000,770,-1.065574,PI,FIFO,true,PI_FIFO,461.065574
13.430026,-1,18,10009.672000,26.447000,462.147887,460.442634,460.000000,768,-2.147887,PI,FIFO,true,PI_FIFO,462.147887
13.440022,-1,18,9995.598000,22.045000,460.747543,460.488370,460.000000,770,-0.747543,PI,FIFO,true,PI_FIFO,460.747543
13.450036,-1,18,10014.154000,36.199000,461.368110,460.620331,460.000000,768,-1.368110,PI,FIFO,true,PI_FIFO,461.368110
13.460020,-1,18,9983.987000,20.186000,462.662338,460.926632,460.000000,766,-2.662338,PI,FIFO,true,PI_FIFO,462.662338
13.470054,-1,18,10033.432000,53.618000,461.497890,461.012321,460.000000,767,-1.497890,PI,FIFO,true,PI_FIFO,461.497890
13.480020,-1,18,9966.357000,19.975000,458.809135,460.681843,460.000000,770,1.190865,PI,FIFO,true,PI_FIFO,458.809135
13.490026,-1,18,10006.117000,26.092000,455.940250,459.970604,460.000000,774,4.059750,PI,FIFO,true,PI_FIFO,455.940250
13.500038,-1,19,10011.858000,37.950000,453.013733,458.927074,460.000000,780,6.986267,PI,FIFO,true,PI_FIFO,453.013733
13.510024,-1,18,9986.376000,24.326000,457.069339,458.648413,460.000000,777,2.930661,PI,FIFO,true,PI_FIFO,457.069339
13.520019,-1,18,9994.320000,18.646000,458.275140,458.592422,460.000000,777,1.724860,PI,FIFO,true,PI_FIFO,458.275140
13.530033,-1,18,10014.673000,33.319000,463.867188,459.383637,460.000000,770,-3.867188,PI,FIFO,true,PI_FIFO,463.867188
13.540020,-1,18,9986.487000,19.806000,464.108911,460.092428,460.000000,768,-4.108911,PI,FIFO,true,PI_FIFO,464.108911
13.550036,-1,18,10016.413000,36.219000,460.509307,460.154960,460.000000,771,-0.509307,PI,FIFO,true,PI_FIFO,460.509307
13.560017,-1,18,9980.913000,17.132000,462.973850,460.577794,460.000000,767,-2.973850,PI,FIFO,true,PI_FIFO,462.973850
13.570032,-1,18,10014.617000,31.749000,460.361196,460.545304,460.000000,770,-0.361196,PI,FIFO,true,PI_FIFO,460.361196
13.580020,-1,18,9988.264000,20.013000,461.931018,460.753161,460.000000,767,-1.931018,PI,FIFO,true,PI_FIFO,461.931018
13.590022,-1,18,10001.988000,22.001000,461.942427,460.931551,460.000000,767,-1.942427,PI,FIFO,true,PI_FIFO,461.942427
13.600018,-1,18,9996.413000,18.414000,461.141171,460.962994,460.000000,767,-1.141171,PI,FIFO,true,PI_FIFO,461.141171
13.610021,-1,18,10002.320000,20.734000,459.558824,460.752368,460.000000,769,0.441176,PI,FIFO,true,PI_FIFO,459.558824
13.620018,-1,18,9997.543000,18.277000,456.327745,460.088675,460.000000,773,3.672255,PI,FIFO,true,PI_FIFO,456.327745
13.630021,-1,19,10002.561000,20.838000,453.002761,459.025788,460.000000,780,6.997239,PI,FIFO,true,PI_FIFO,453.002761
13.640015,-1,18,9994.635000,15.473000,457.267505,458.762045,460.000000,776,2.732495,PI,FIFO,true,PI_FIFO,457.267505
13.650038,-1,18,10022.932000,38.405000,457.808380,458.618996,460.000000,777,2.191620,PI,FIFO,true,PI_FIFO,457.808380
13.660017,-1,18,9978.154000,16.559000,462.422118,459.189464,460.000000,771,-2.422118,PI,FIFO,true,PI_FIFO,462.422118
13.670022,-1,18,10005.172000,21.731000,463.671691,459.861798,460.000000,768,-3.671691,PI,FIFO,true,PI_FIFO,463.671691
13.680038,-1,18,10016.191000,37.922000,459.308655,459.778827,460.000000,773,0.691345,PI,FIFO,true,PI_FIFO,459.308655
13.690038,-1,18,9999.598000,37.520000,462.582237,460.199338,460.000000,769,-2.582237,PI,FIFO,true,PI_FIFO,462.582237
13.700021,-1,18,9983.839000,21.359000,460.271318,460.210135,460.000000,771,-0.271318,PI,FIFO,true,PI_FIFO,460.271318
13.710022,-1,18,10000.487000,21.846000,462.582237,460.565950,460.000000,768,-2.582237,PI,FIFO,true,PI_FIFO,462.582237
13.720018,-1,18,9996.210000,18.056000,463.598901,461.020893,460.000000,765,-3.598901,PI,FIFO,true,PI_FIFO,463.598901
13.730021,-1,18,10003.042000,21.098000,461.714353,461.124912,460.000000,766,-1.714353,PI,FIFO,true,PI_FIFO,461.714353
13.740020,-1,18,9998.895000,19.993000,459.321815,460.854447,460.000000,769,0.678185,PI,FIFO,true,PI_FIFO,459.321815
13.750057,-1,18,10037.006000,56.999000,456.262807,460.165701,460.000000,774,3.737193,PI,FIFO,true,PI_FIFO,456.262807
13.760022,-1,18,9965.320000,22.319000,454.435288,459.306139,460.000000,778,5.564712,PI,FIFO,true,PI_FIFO,454.435288
13.770023,-1,18,10000.358000,22.677000,456.496668,458.884719,460.000000,777,3.503332,PI,FIFO,true,PI_FIFO,456.496668
13.780019,-1,18,9996.264000,18.941000,457.540264,458.683051,460.000000,777,2.459736,PI,FIFO,true,PI_FIFO,457.540264
13.790021,-1,18,10002.321000,21.262000,462.422118,459.243911,460.000000,771,-2.422118,PI,FIFO,true,PI_FIFO,462.422118
13.800025,-1,18,10004.209000,25.471000,463.235294,459.842618,460.000000,769,-3.235294,PI,FIFO,true,PI_FIFO,463.235294
13.810060,-1,18,10034.840000,60.311000,461.015190,460.018504,460.000000,771,-1.015190,PI,FIFO,true,PI_FIFO,461.015190
13.820036,-1,18,9975.987000,36.298000,462.191286,460.344421,460.000000,769,-2.191286,PI,FIFO,true,PI_FIFO,462.191286
13.830030,-1,18,9994.061000,30.359000,459.796076,460.262169,460.000000,771,0.203924,PI,FIFO,true,PI_FIFO,459.796076
13.840020,-1,18,9989.209000,19.568000,462.799718,460.642802,460.000000,767,-2.799718,PI,FIFO,true,PI_FIFO,462.799718
13.850021,-1,18,10001.283000,20.851000,462.582237,460.933717,460.000000,766,-2.582237,PI,FIFO,true,PI_FIFO,462.582237
13.860021,-1,18,10000.395000,21.246000,461.022387,460.947017,460.000000,767,-1.022387,PI,FIFO,true,PI_FIFO,461.022387
13.870021,-1,18,9999.283000,20.529000,461.368110,461.010181,460.000000,766,-1.368110,PI,FIFO,true,PI_FIFO,461.368110
13.880018,-1,18,9997.765000,18.294000,456.151529,460.281384,460.000000,773,3.848471,PI,FIFO,true,PI_FIFO,456.151529
13.890021,-1,18,10002.265000,20.559000,454.117330,459.356776,460.000000,778,5.882670,PI,FIFO,true,PI_FIFO,454.117330
13.900022,-1,18,10001.302000,21.861000,455.307586,458.749397,460.000000,778,4.692414,PI,FIFO,true,PI_FIFO,455.307586
13.910022,-1,18,10000.617000,22.478000,457.069339,458.497388,460.000000,778,2.930661,PI,FIFO,true,PI_FIFO,457.069339
13.920018,-1,18,9995.913000,18.391000,463.890198,459.306310,460.000000,769,-3.890198,PI,FIFO,true,PI_FIFO,463.890198
13.930043,-1,18,10024.228000,42.619000,463.017404,459.862974,460.000000,769,-3.017404,PI,FIFO,true,PI_FIFO,463.017404
13.940018,-1,18,9975.283000,17.902000,460.562227,459.967862,460.000000,771,-0.562227,PI,FIFO,true,PI_FIFO,460.562227
13.950022,-1,18,10003.747000,21.649000,462.147887,460.294866,460.000000,769,-2.147887,PI,FIFO,true,PI_FIFO,462.147887
13.960019,-1,18,9996.987000,18.636000,460.747543,460.362767,460.000000,770,-0.747543,PI,FIFO,true,PI_FIFO,460.747543
13.970021,-1,18,10001.876000,20.512000,462.688777,460.711669,460.000000,767,-2.688777,PI,FIFO,true,PI_FIFO,462.688777
13.980021,-1,18,10000.543000,21.055000,463.384495,461.112593,460.000000,765,-3.384495,PI,FIFO,true,PI_FIFO,463.384495
13.990022,-1,18,10001.005000,22.060000,460.959780,461.089671,460.000000,767,-0.959780,PI,FIFO,true,PI_FIFO,460.959780
14.000016,-1,18,9993.524000,15.584000,461.463731,461.145780,460.000000,766,-1.463731,PI,FIFO,true,PI_FIFO,461.463731
14.010021,-1,18,10005.562000,21.146000,455.940250,460.364950,460.000000,773,4.059750,PI,FIFO,true,PI_FIFO,455.940250
14.020015,-1,18,9993.931000,15.077000,453.824225,459.383842,460.000000,778,6.175775,PI,FIFO,true,PI_FIFO,453.824225
14.030070,-1,18,10055.192000,70.269000,456.543469,458.957786,460.000000,776,3.456531,PI,FIFO,true,PI_FIFO,456.543469
14.040033,-1,19,9962.949000,33.218000,455.562660,458.448517,460.000000,779,4.437340,PI,FIFO,true,PI_FIFO,455.562660
14.050041,-1,18,10007.969000,41.187000,462.104497,458.996914,460.000000,772,-2.104497,PI,FIFO,true,PI_FIFO,462.104497
14.060022,-1,18,9980.487000,21.674000,463.384495,459.655051,460.000000,769,-3.384495,PI,FIFO,true,PI_FIFO,463.384495
14.070068,-1,18,10046.562000,68.236000,461.640733,459.952903,460.000000,770,-1.640733,PI,FIFO,true,PI_FIFO,461.640733
14.080023,-1,18,9954.616000,22.852000,460.914454,460.097136,460.000000,770,-0.914454,PI,FIFO,true,PI_FIFO,460.914454
14.090031,-1,18,10007.783000,30.635000,460.509307,460.158962,460.000000,771,-0.509307,PI,FIFO,true,PI_FIFO,460.509307
14.100020,-1,18,9989.265000,19.900000,462.147887,460.457301,460.000000,768,-2.147887,PI,FIFO,true,PI_FIFO,462.147887
14.110021,-1,18,10001.598000,21.498000,464.350886,461.041338,460.000000,764,-4.350886,PI,FIFO,true,PI_FIFO,464.350886
14.120018,-1,18,9996.728000,18.226000,460.914454,461.022306,460.000000,767,-0.914454,PI,FIFO,true,PI_FIFO,460.914454
14.130041,-1,18,10022.765000,40.991000,460.747543,460.981091,460.000000,767,-0.747543,PI,FIFO,true,PI_FIFO,460.747543
14.140022,-1,18,9980.635000,21.626000,456.426485,460.297900,460.000000,773,3.573515,PI,FIFO,true,PI_FIFO,456.426485
14.150021,-1,18,9999.395000,21.021000,454.400510,459.413292,460.000000,777,5.599490,PI,FIFO,true,PI_FIFO,454.400510
14.160034,-1,18,10013.191000,34.212000,455.097087,458.765861,460.000000,778,4.902913,PI,FIFO,true,PI_FIFO,455.097087
14.170068,-1,18,10033.488000,67.700000,456.683930,458.453571,460.000000,778,3.316070,PI,FIFO,true,PI_FIFO,456.683930
14.180037,-1,18,9969.023000,36.723000,463.497034,459.210091,460.000000,770,-3.497034,PI,FIFO,true,PI_FIFO,463.497034
14.190033,-1,18,9996.173000,32.896000,462.662338,459.727928,460.000000,770,-2.662338,PI,FIFO,true,PI_FIFO,462.662338
14.200019,-1,18,9985.672000,18.568000,460.986025,459.916642,460.000000,771,-0.986025,PI,FIFO,true,PI_FIFO,460.986025
14.210067,-1,18,10048.580000,67.148000,461.141171,460.100322,460.000000,770,-1.141171,PI,FIFO,true,PI_FIFO,461.141171
14.220016,-1,18,9949.172000,16.320000,461.714353,460.342426,460.000000,769,-1.714353,PI,FIFO,true,PI_FIFO,461.714353
14.230019,-1,18,10003.117000,19.437000,461.822660,460.564461,460.000000,768,-1.822660,PI,FIFO,true,PI_FIFO,461.822660
14.240020,-1,18,10000.598000,20.035000,463.235294,460.965086,460.000000,765,-3.235294,PI,FIFO,true,PI_FIFO,463.235294
14.250030,-1,18,10009.469000,29.504000,461.317660,461.017972,460.000000,767,-1.317660,PI,FIFO,true,PI_FIFO,461.317660
14.260019,-1,18,9989.227000,18.731000,460.418616,460.928069,460.000000,768,-0.418616,PI,FIFO,true,PI_FIFO,460.418616
14.270033,-1,18,10014.451000,33.182000,456.574675,460.275060,460.000000,773,3.425325,PI,FIFO,true,PI_FIFO,456.574675
14.280018,-1,18,9984.875000,18.057000,453.838174,459.309527,460.000000,778,6.161826,PI,FIFO,true,PI_FIFO,453.838174
14.290030,-1,19,10012.432000,30.489000,455.293546,458.707130,460.000000,779,4.706454,PI,FIFO,true,PI_FIFO,455.293546
14.300022,-1,19,9991.302000,21.791000,455.982490,458.298434,460.000000,780,4.017510,PI,FIFO,true,PI_FIFO,455.982490
14.310037,-1,18,10015.006000,36.797000,463.867188,459.133747,460.000000,770,-3.867188,PI,FIFO,true,PI_FIFO,463.867188
14.320021,-1,18,9984.154000,20.951000,462.582237,459.651020,460.000000,770,-2.582237,PI,FIFO,true,PI_FIFO,462.582237
14.330028,-1,18,10007.079000,28.030000,461.570022,459.938871,460.000000,771,-1.570022,PI,FIFO,true,PI_FIFO,461.570022
14.340023,-1,18,9994.858000,22.888000,460.634066,460.043150,460.000000,771,-0.634066,PI,FIFO,true,PI_FIFO,460.634066
14.350034,-1,18,10011.228000,34.116000,460.223749,460.070240,460.000000,772,-0.223749,PI,FIFO,true,PI_FIFO,460.223749
14.360021,-1,18,9986.616000,20.732000,462.780136,460.476724,460.000000,768,-2.780136,PI,FIFO,true,PI_FIFO,462.780136
14.370023,-1,18,10001.784000,22.516000,463.384495,460.912890,460.000000,766,-3.384495,PI,FIFO,true,PI_FIFO,463.384495
14.380019,-1,18,9996.450000,18.966000,461.887669,461.059107,460.000000,767,-1.887669,PI,FIFO,true,PI_FIFO,461.887669
14.390022,-1,18,10002.913000,21.879000,461.463731,461.119800,460.000000,767,-1.463731,PI,FIFO,true,PI_FIFO,461.463731
14.400019,-1,18,9996.691000,18.570000,456.693297,460.455825,460.000000,773,3.306703,PI,FIFO,true,PI_FIFO,456.693297
14.410021,-1,18,10002.672000,21.242000,454.361874,459.541732,460.000000,777,5.638126,PI,FIFO,true,PI_FIFO,454.361874
14.420059,-1,18,10037.506000,58.748000,455.562660,458.944871,460.000000,778,4.437340,PI,FIFO,true,PI_FIFO,455.562660
14.430039,-1,19,9980.098000,38.846000,456.363004,458.557591,460.000000,779,3.636996,PI,FIFO,true,PI_FIFO,456.363004
14.440020,-1,18,9981.635000,20.481000,462.662338,459.173303,460.000000,771,-2.662338,PI,FIFO,true,PI_FIFO,462.662338
14.450022,-1,18,10001.450000,21.931000,462.799718,459.717265,460.000000,770,-2.799718,PI,FIFO,true,PI_FIFO,462.799718
14.460019,-1,18,9996.839000,18.770000,460.813763,459.881740,460.000000,772,-0.813763,PI,FIFO,true,PI_FIFO,460.813763
14.470022,-1,18,10003.099000,21.869000,461.931018,460.189132,460.000000,770,-1.931018,PI,FIFO,true,PI_FIFO,461.931018
14.480019,-1,18,9997.135000,19.004000,460.747543,460.272893,460.000000,771,-0.747543,PI,FIFO,true,PI_FIFO,460.747543
14.490021,-1,18,10002.172000,21.176000,463.420662,460.745059,460.000000,766,-3.420662,PI,FIFO,true,PI_FIFO,463.420662
14.500025,-1,18,10003.765000,24.941000,461.702955,460.888743,460.000000,767,-1.702955,PI,FIFO,true,PI_FIFO,461.702955
14.510023,-1,18,9997.728000,22.669000,462.582237,461.142767,460.000000,766,-2.582237,PI,FIFO,true,PI_FIFO,462.582237
14.520018,-1,18,9995.635000,18.304000,460.986025,461.119256,460.000000,767,-0.986025,PI,FIFO,true,PI_FIFO,460.986025
14.530022,-1,18,10003.747000,22.051000,456.648807,460.448689,460.000000,772,3.351193,PI,FIFO,true,PI_FIFO,456.648807
14.540020,-1,18,9997.765000,19.816000,454.851752,459.609148,460.000000,776,5.148248,PI,FIFO,true,PI_FIFO,454.851752
14.550039,-1,18,10019.265000,39.081000,454.886784,458.900793,460.000000,778,5.113216,PI,FIFO,true,PI_FIFO,454.886784
14.560020,-1,19,9980.579000,19.660000,455.097087,458.330237,460.000000,780,4.902913,PI,FIFO,true,PI_FIFO,455.097087
14.570021,-1,18,10001.728000,21.388000,462.538765,458.961517,460.000000,772,-2.538765,PI,FIFO,true,PI_FIFO,462.538765
14.580019,-1,18,9997.228000,18.616000,463.140850,459.588417,460.000000,770,-3.140850,PI,FIFO,true,PI_FIFO,463.140850
14.590022,-1,18,10003.172000,21.788000,461.714353,459.907307,460.000000,771,-1.714353,PI,FIFO,true,PI_FIFO,461.714353
14.600019,-1,18,9997.025000,18.813000,461.942427,460.212575,460.000000,770,-1.942427,PI,FIFO,true,PI_FIFO,461.942427
14.610029,-1,18,10009.783000,28.596000,460.634066,460.275799,460.000000,771,-0.634066,PI,FIFO,true,PI_FIFO,460.634066
14.620019,-1,18,9989.950000,18.546000,463.853766,460.812494,460.000000,766,-3.853766,PI,FIFO,true,PI_FIFO,463.853766
14.630028,-1,18,10009.117000,27.663000,461.714353,460.947773,460.000000,767,-1.714353,PI,FIFO,true,PI_FIFO,461.714353
14.640019,-1,18,9991.061000,18.724000,463.191700,461.284362,460.000000,764,-3.191700,PI,FIFO,true,PI_FIFO,463.191700
14.650026,-1,18,10007.487000,26.211000,459.321815,460.989980,460.000000,769,0.678185,PI,FIFO,true,PI_FIFO,459.321815
14.660021,-1,18,9994.950000,21.161000,457.210869,460.423113,460.000000,772,2.789131,PI,FIFO,true,PI_FIFO,457.210869
14.670021,-1,18,10000.284000,21.445000,454.361874,459.513927,460.000000,777,5.638126,PI,FIFO,true,PI_FIFO,454.361874
14.680030,-1,19,10008.394000,29.839000,454.435288,458.752131,460.000000,779,5.564712,PI,FIFO,true,PI_FIFO,454.435288
14.690051,-1,19,10021.210000,51.049000,456.449877,458.406793,460.000000,779,3.550123,PI,FIFO,true,PI_FIFO,456.449877
14.700020,-1,18,9969.376000,20.425000,461.224754,458.829487,460.000000,773,-1.224754,PI,FIFO,true,PI_FIFO,461.224754
14.710033,-1,18,10012.228000,32.653000,463.060965,459.464209,460.000000,770,-3.060965,PI,FIFO,true,PI_FIFO,463.060965
14.720019,-1,18,9986.431000,19.084000,461.822660,459.817977,460.000000,771,-1.822660,PI,FIFO,true,PI_FIFO,461.822660
14.730031,-1,18,10012.302000,31.386000,462.364960,460.200024,460.000000,769,-2.364960,PI,FIFO,true,PI_FIFO,462.364960
14.740019,-1,18,9987.617000,19.003000,459.784208,460.137652,460.000000,772,0.215792,PI,FIFO,true,PI_FIFO,459.784208
14.750022,-1,18,10002.506000,21.509000,463.867188,460.697082,460.000000,766,-3.867188,PI,FIFO,true,PI_FIFO,463.867188
14.760035,-1,18,10013.209000,34.718000,461.463731,460.812079,460.000000,768,-1.463731,PI,FIFO,true,PI_FIFO,461.463731
14.770057,-1,18,10022.321000,57.039000,463.235294,461.175562,460.000000,765,-3.235294,PI,FIFO,true,PI_FIFO,463.235294
14.780026,-1,18,9968.598000,25.637000,460.986025,461.147131,460.000000,767,-0.986025,PI,FIFO,true,PI_FIFO,460.986025
14.790024,-1,18,9998.635000,24.272000,456.648807,460.472382,460.000000,773,3.351193,PI,FIFO,true,PI_FIFO,456.648807
14.800019,-1,18,9995.024000,19.296000,456.029186,459.805903,460.000000,775,3.970814,PI,FIFO,true,PI_FIFO,456.029186
14.810055,-1,19,10036.136000,55.432000,454.435288,459.000311,460.000000,779,5.564712,PI,FIFO,true,PI_FIFO,454.435288
14.820025,-1,18,9969.894000,25.326000,456.730769,458.659880,460.000000,778,3.269231,PI,FIFO,true,PI_FIFO,456.730769
14.830032,-1,18,10006.765000,32.091000,461.595273,459.100189,460.000000,772,-1.595273,PI,FIFO,true,PI_FIFO,461.595273
14.840028,-1,18,9996.357000,28.448000,462.422118,459.598478,460.000000,770,-2.422118,PI,FIFO,true,PI_FIFO,462.422118
14.850022,-1,18,9993.599000,22.047000,461.714353,459.915859,460.000000,770,-1.714353,PI,FIFO,true,PI_FIFO,461.714353
14.860032,-1,18,10009.505000,31.552000,461.822660,460.201879,460.000000,770,-1.822660,PI,FIFO,true,PI_FIFO,461.822660
14.870023,-1,18,9991.598000,23.150000,459.558824,460.105421,460.000000,772,0.441176,PI,FIFO,true,PI_FIFO,459.558824
14.880019,-1,18,9995.858000,19.008000,464.350886,460.742241,460.000000,765,-4.350886,PI,FIFO,true,PI_FIFO,464.350886
14.890029,-1,18,10009.913000,28.921000,462.364960,460.985649,460.000000,766,-2.364960,PI,FIFO,true,PI_FIFO,462.364960
14.900022,-1,18,9993.302000,22.223000,463.598901,461.377637,460.000000,764,-3.598901,PI,FIFO,true,PI_FIFO,463.598901
14.910057,-1,18,10034.876000,57.099000,460.634066,461.266101,460.000000,766,-0.634066,PI,FIFO,true,PI_FIFO,460.634066
14.920048,-1,18,9990.784000,47.883000,456.496668,460.550686,460.000000,772,3.503332,PI,FIFO,true,PI_FIFO,456.496668
14.930033,-1,18,9984.968000,32.851000,455.539359,459.798987,460.000000,775,4.460641,PI,FIFO,true,PI_FIFO,455.539359
14.940021,-1,19,9987.913000,20.764000,453.013733,458.781199,460.000000,780,6.986267,PI,FIFO,true,PI_FIFO,453.013733
14.950022,-1,18,10001.487000,22.251000,457.317073,458.561580,460.000000,777,2.682927,PI,FIFO,true,PI_FIFO,457.317073
14.960019,-1,18,9996.450000,18.701000,461.224754,458.961056,460.000000,773,-1.224754,PI,FIFO,true,PI_FIFO,461.224754
14.970063,-1,18,10044.432000,63.133000,462.582237,459.504233,460.000000,770,-2.582237,PI,FIFO,true,PI_FIFO,462.582237
14.980026,-1,18,9962.876000,26.009000,462.075575,459.889935,460.000000,770,-2.075575,PI,FIFO,true,PI_FIFO,462.075575
14.990024,-1,18,9997.987000,23.996000,461.281631,460.098689,460.000000,770,-1.281631,PI,FIFO,true,PI_FIFO,461.281631
15.000016,-1,18,9992.024000,16.020000,459.085052,459.946643,460.000000,773,0.914948,PI,FIFO,true,PI_FIFO,459.085052
15.010031,-1,18,10014.858000,30.878000,463.649852,460.502125,460.000000,767,-3.649852,PI,FIFO,true,PI_FIFO,463.649852
15.020019,-1,18,9988.579000,19.457000,462.182148,460.754128,460.000000,767,-2.182148,PI,FIFO,true,PI_FIFO,462.182148
15.030022,-1,18,10002.173000,21.630000,463.235294,461.126303,460.000000,765,-3.235294,PI,FIFO,true,PI_FIFO,463.235294
15.040015,-1,18,9993.265000,14.895000,461.317660,461.155007,460.000000,766,-1.317660,PI,FIFO,true,PI_FIFO,461.317660
15.050021,-1,18,10006.487000,21.382000,456.151529,460.404485,460.000000,773,3.848471,PI,FIFO,true,PI_FIFO,456.151529
15.060015,-1,18,9993.413000,14.795000,456.574675,459.830014,460.000000,774,3.425325,PI,FIFO,true,PI_FIFO,456.574675
15.070022,-1,19,10006.820000,21.615000,453.629032,458.899866,460.000000,779,6.370968,PI,FIFO,true,PI_FIFO,453.629032
15.080015,-1,18,9993.728000,15.343000,456.821873,458.588167,460.000000,778,3.178127,PI,FIFO,true,PI_FIFO,456.821873
15.090022,-1,18,10006.265000,21.608000,461.065574,458.959778,460.000000,773,-1.065574,PI,FIFO,true,PI_FIFO,461.065574
15.100019,-1,18,9997.598000,19.206000,462.075575,459.427148,460.000000,771,-2.075575,PI,FIFO,true,PI_FIFO,462.075575
15.110021,-1,18,10002.191000,21.397000,463.017404,459.965686,460.000000,769,-3.017404,PI,FIFO,true,PI_FIFO,463.017404
15.120019,-1,18,9997.265000,18.662000,461.702955,460.226277,460.000000,769,-1.702955,PI,FIFO,true,PI_FIFO,461.702955
15.130021,-1,18,10002.784000,21.446000,460.235641,460.227681,460.000000,771,-0.235641,PI,FIFO,true,PI_FIFO,460.235641
15.140020,-1,18,9998.079000,19.525000,463.143526,460.665058,460.000000,767,-3.143526,PI,FIFO,true,PI_FIFO,463.143526
15.150021,-1,18,10001.599000,21.124000,462.147887,460.887482,460.000000,767,-2.147887,PI,FIFO,true,PI_FIFO,462.147887
15.160023,-1,18,10002.024000,23.148000,463.143526,461.225889,460.000000,764,-3.143526,PI,FIFO,true,PI_FIFO,463.143526
15.170063,-1,18,10040.136000,63.284000,460.634066,461.137115,460.000000,767,-0.634066,PI,FIFO,true,PI_FIFO,460.634066
15.180016,-1,18,9953.134000,16.418000,455.047999,460.223748,460.000000,774,4.952001,PI,FIFO,true,PI_FIFO,455.047999
15.190023,-1,18,10006.302000,22.720000,456.617033,459.682741,460.000000,774,3.382967,PI,FIFO,true,PI_FIFO,456.617033
15.200015,-1,19,9992.691000,15.411000,452.898551,458.665112,460.000000,781,7.101449,PI,FIFO,true,PI_FIFO,452.898551
15.210022,-1,19,10006.339000,21.750000,456.159984,458.289343,460.000000,779,3.840016,PI,FIFO,true,PI_FIFO,456.159984
15.220015,-1,18,9993.469000,15.219000,461.224754,458.729655,460.000000,773,-1.224754,PI,FIFO,true,PI_FIFO,461.224754
15.230021,-1,18,10005.728000,20.947000,463.060965,459.379351,460.000000,770,-3.060965,PI,FIFO,true,PI_FIFO,463.060965
15.240015,-1,18,9994.431000,15.378000,463.344316,459.974096,460.000000,769,-3.344316,PI,FIFO,true,PI_FIFO,463.344316
15.250021,-1,18,10005.839000,21.217000,461.497890,460.202665,460.000000,770,-1.497890,PI,FIFO,true,PI_FIFO,461.497890
15.260015,-1,18,9993.765000,14.982000,460.509307,460.248661,460.000000,771,-0.509307,PI,FIFO,true,PI_FIFO,460.509307
15.270021,-1,18,10005.932000,20.914000,462.962963,460.655807,460.000000,767,-2.962963,PI,FIFO,true,PI_FIFO,462.962963
15.280015,-1,18,9994.153000,15.067000,462.422118,460.920753,460.000000,767,-2.422118,PI,FIFO,true,PI_FIFO,462.422118
15.290021,-1,18,10005.451000,20.518000,463.235294,461.267935,460.000000,764,-3.235294,PI,FIFO,true,PI_FIFO,463.235294
15.300015,-1,18,9994.357000,14.875000,461.942427,461.369108,460.000000,765,-1.942427,PI,FIFO,true,PI_FIFO,461.942427
15.310021,-1,18,10006.265000,21.140000,455.318116,460.461460,460.000000,773,4.681884,PI,FIFO,true,PI_FIFO,455.318116
15.320018,-1,18,9997.339000,18.479000,456.327745,459.841402,460.000000,774,3.672255,PI,FIFO,true,PI_FIFO,456.327745
15.330021,-1,19,10002.246000,20.725000,454.047509,458.972318,460.000000,779,5.952491,PI,FIFO,true,PI_FIFO,454.047509
15.340019,-1,18,9998.673000,19.398000,457.267505,458.716596,460.000000,777,2.732495,PI,FIFO,true,PI_FIFO,457.267505
15.350020,-1,18,10001.098000,20.496000,460.461690,458.978360,460.000000,773,-0.461690,PI,FIFO,true,PI_FIFO,460.461690
15.360018,-1,18,9997.839000,18.335000,461.702955,459.387050,460.000000,771,-1.702955,PI,FIFO,true,PI_FIFO,461.702955
15.370021,-1,18,10002.746000,21.081000,464.108911,460.095329,460.000000,767,-4.108911,PI,FIFO,true,PI_FIFO,464.108911
15.380018,-1,18,9997.025000,18.106000,460.271318,460.121727,460.000000,771,-0.271318,PI,FIFO,true,PI_FIFO,460.271318
15.390020,-1,18,10002.079000,20.185000,461.595273,460.342759,460.000000,769,-1.595273,PI,FIFO,true,PI_FIFO,461.595273
15.400030,-1,18,10009.450000,29.635000,462.182148,460.618667,460.000000,767,-2.182148,PI,FIFO,true,PI_FIFO,462.182148
15.410022,-1,18,9992.191000,21.826000,462.364960,460.880611,460.000000,766,-2.364960,PI,FIFO,true,PI_FIFO,462.364960
15.420018,-1,18,9996.450000,18.276000,462.662338,461.147870,460.000000,765,-2.662338,PI,FIFO,true,PI_FIFO,462.662338
15.430021,-1,18,10002.376000,20.652000,460.914454,461.112858,460.000000,766,-0.914454,PI,FIFO,true,PI_FIFO,460.914454
15.440021,-1,18,10000.432000,21.084000,456.496668,460.420429,460.000000,772,3.503332,PI,FIFO,true,PI_FIFO,456.496668
15.450034,-1,18,10013.209000,34.293000,456.363004,459.811816,460.000000,774,3.636996,PI,FIFO,true,PI_FIFO,456.363004
15.460021,-1,19,9986.876000,21.169000,453.141783,458.811311,460.000000,780,6.858217,PI,FIFO,true,PI_FIFO,453.141783
15.470023,-1,18,10001.543000,22.712000,456.786543,458.507596,460.000000,778,3.213457,PI,FIFO,true,PI_FIFO,456.786543
15.480015,-1,18,9992.617000,15.329000,460.310966,458.778101,460.000000,774,-0.310966,PI,FIFO,true,PI_FIFO,460.310966
15.490031,-1,18,10015.580000,30.909000,462.364960,459.316130,460.000000,771,-2.364960,PI,FIFO,true,PI_FIFO,462.364960
15.500021,-1,18,9989.801000,20.710000,464.108911,460.035047,460.000000,767,-4.108911,PI,FIFO,true,PI_FIFO,464.108911
15.510022,-1,18,10001.376000,22.086000,460.687961,460.132984,460.000000,771,-0.687961,PI,FIFO,true,PI_FIFO,460.687961
15.520019,-1,18,9996.728000,18.814000,460.986025,460.260940,460.000000,770,-0.986025,PI,FIFO,true,PI_FIFO,460.986025
15.530021,-1,18,10002.117000,20.931000,462.582237,460.609135,460.000000,767,-2.582237,PI,FIFO,true,PI_FIFO,462.582237
15.540016,-1,18,9994.746000,15.677000,462.075575,460.829101,460.000000,767,-2.075575,PI,FIFO,true,PI_FIFO,462.075575
15.550022,-1,18,10006.636000,22.313000,464.065152,461.314508,460.000000,763,-4.065152,PI,FIFO,true,PI_FIFO,464.065152
15.560035,-1,18,10012.709000,35.022000,460.747543,461.229464,460.000000,766,-0.747543,PI,FIFO,true,PI_FIFO,460.747543
15.570048,-1,18,10013.006000,48.028000,456.405323,460.505842,460.000000,772,3.594677,PI,FIFO,true,PI_FIFO,456.405323
15.580026,-1,18,9978.431000,26.459000,455.588553,459.768249,460.000000,775,4.411447,PI,FIFO,true,PI_FIFO,455.588553
15.590047,-1,18,10020.377000,46.836000,454.864658,459.032710,460.000000,777,5.135342,PI,FIFO,true,PI_FIFO,454.864658
15.600017,-1,18,9970.320000,17.156000,456.871345,458.708506,460.000000,777,3.128655,PI,FIFO,true,PI_FIFO,456.871345
15.610033,-1,18,10015.876000,33.032000,461.022387,459.055588,460.000000,772,-1.022387,PI,FIFO,true,PI_FIFO,461.022387
15.620018,-1,18,9985.080000,18.112000,461.115969,459.364645,460.000000,772,-1.115969,PI,FIFO,true,PI_FIFO,461.115969
15.630024,-1,18,10005.931000,24.043000,464.327830,460.109123,460.000000,767,-4.327830,PI,FIFO,true,PI_FIFO,464.327830
15.640017,-1,18,9993.024000,17.067000,460.509307,460.169150,460.000000,770,-0.509307,PI,FIFO,true,PI_FIFO,460.509307
15.650035,-1,18,10017.599000,34.666000,461.454622,460.361971,460.000000,769,-1.454622,PI,FIFO,true,PI_FIFO,461.454622
15.660017,-1,18,9982.320000,16.986000,461.115969,460.475071,460.000000,769,-1.115969,PI,FIFO,true,PI_FIFO,461.115969
15.670025,-1,18,10007.913000,24.899000,461.931018,460.693463,460.000000,767,-1.931018,PI,FIFO,true,PI_FIFO,461.931018
15.680028,-1,18,10002.950000,27.849000,464.593114,461.278411,460.000000,762,-4.593114,PI,FIFO,true,PI_FIFO,464.593114
15.690037,-1,18,10009.543000,37.392000,460.687961,461.189843,460.000000,766,-0.687961,PI,FIFO,true,PI_FIFO,460.687961
15.700018,-1,18,9980.543000,17.935000,456.496668,460.485867,460.000000,772,3.503332,PI,FIFO,true,PI_FIFO,456.496668
15.710025,-1,18,10006.802000,24.737000,455.760817,459.777109,460.000000,774,4.239183,PI,FIFO,true,PI_FIFO,455.760817
15.720017,-1,19,9992.209000,16.946000,452.655579,458.708880,460.000000,780,7.344421,PI,FIFO,true,PI_FIFO,452.655579
15.730035,-1,18,10018.321000,35.267000,456.532325,458.382397,460.000000,778,3.467675,PI,FIFO,true,PI_FIFO,456.532325
15.740031,-1,18,9995.598000,30.865000,461.224754,458.808750,460.000000,773,-1.224754,PI,FIFO,true,PI_FIFO,461.224754
15.750023,-1,18,9992.265000,23.130000,461.974376,459.283594,460.000000,771,-1.974376,PI,FIFO,true,PI_FIFO,461.974376
15.760019,-1,18,9995.616000,18.746000,464.108911,460.007392,460.000000,767,-4.108911,PI,FIFO,true,PI_FIFO,464.108911
15.770029,-1,18,10010.395000,29.141000,461.065574,460.166119,460.000000,770,-1.065574,PI,FIFO,true,PI_FIFO,461.065574
15.780022,-1,18,9992.820000,21.961000,460.986025,460.289105,460.000000,770,-0.986025,PI,FIFO,true,PI_FIFO,460.986025
15.790034,-1,18,10012.377000,34.338000,462.278107,460.587455,460.000000,767,-2.278107,PI,FIFO,true,PI_FIFO,462.278107
15.800021,-1,18,9986.690000,21.028000,460.747543,460.611468,460.000000,768,-0.747543,PI,FIFO,true,PI_FIFO,460.747543
15.810091,-1,18,10070.099000,91.127000,464.593114,461.208715,460.000000,763,-4.593114,PI,FIFO,true,PI_FIFO,464.593114
15.820032,-1,18,9940.728000,31.855000,460.996871,461.176938,460.000000,766,-0.996871,PI,FIFO,true,PI_FIFO,460.996871
15.830040,-1,18,10007.950000,39.805000,457.069339,460.560799,460.000000,771,2.930661,PI,FIFO,true,PI_FIFO,457.069339
15.840021,-1,18,9980.801000,20.606000,455.760817,459.840801,460.000000,774,4.239183,PI,FIFO,true,PI_FIFO,455.760817
15.850025,-1,19,10004.784000,25.390000,452.783427,458.782195,460.000000,780,7.216573,PI,FIFO,true,PI_FIFO,452.783427
15.860021,-1,18,9995.413000,20.803000,456.871345,458.495568,460.000000,777,3.128655,PI,FIFO,true,PI_FIFO,456.871345
15.870027,-1,18,10005.728000,26.531000,459.558824,458.655056,460.000000,775,0.441176,PI,FIFO,true,PI_FIFO,459.558824
15.880020,-1,18,9993.950000,20.481000,463.235294,459.342092,460.000000,770,-3.235294,PI,FIFO,true,PI_FIFO,463.235294
15.890025,-1,18,10004.765000,25.246000,463.853766,460.018843,460.000000,768,-3.853766,PI,FIFO,true,PI_FIFO,463.853766
15.900024,-1,18,9998.487000,23.733000,461.497890,460.240700,460.000000,769,-1.497890,PI,FIFO,true,PI_FIFO,461.497890
15.910031,-1,18,10007.228000,30.961000,460.986025,460.352499,460.000000,769,-0.986025,PI,FIFO,true,PI_FIFO,460.986025
15.920018,-1,18,9986.968000,17.929000,461.822660,460.573023,460.000000,768,-1.822660,PI,FIFO,true,PI_FIFO,461.822660
15.930031,-1,18,10012.951000,30.880000,460.699876,460.592051,460.000000,769,-0.699876,PI,FIFO,true,PI_FIFO,460.699876
15.940018,-1,18,9986.913000,17.793000,464.590806,461.191864,460.000000,763,-4.590806,PI,FIFO,true,PI_FIFO,464.590806
15.950027,-1,18,10009.172000,26.965000,460.059978,461.022081,460.000000,767,-0.059978,PI,FIFO,true,PI_FIFO,460.059978
15.960014,-1,18,9986.894000,13.859000,458.883994,460.701368,460.000000,769,1.116006,PI,FIFO,true,PI_FIFO,458.883994
15.970019,-1,18,10004.765000,18.624000,455.982490,459.993536,460.000000,774,4.017510,PI,FIFO,true,PI_FIFO,455.982490
15.980018,-1,18,9999.136000,17.760000,453.706062,459.050415,460.000000,778,6.293938,PI,FIFO,true,PI_FIFO,453.706062
15.990020,-1,18,10002.153000,19.913000,457.987298,458.890948,460.000000,775,2.012702,PI,FIFO,true,PI_FIFO,457.987298
16.000020,-1,18,9999.877000,19.790000,460.009814,459.058778,460.000000,773,-0.009814,PI,FIFO,true,PI_FIFO,460.009814
16.010022,-1,18,10002.339000,22.129000,462.182148,459.527283,460.000000,770,-2.182148,PI,FIFO,true,PI_FIFO,462.182148
16.020019,-1,18,9996.690000,18.819000,462.799718,460.018148,460.000000,768,-2.799718,PI,FIFO,true,PI_FIFO,462.799718
16.030028,-1,18,10008.765000,27.584000,461.570022,460.250929,460.000000,769,-1.570022,PI,FIFO,true,PI_FIFO,461.570022
16.040020,-1,18,9992.876000,20.460000,461.497890,460.437974,460.000000,768,-1.497890,PI,FIFO,true,PI_FIFO,461.497890
16.050031,-1,18,10010.488000,30.948000,462.422118,460.735595,460.000000,766,-2.422118,PI,FIFO,true,PI_FIFO,462.422118
16.060019,-1,18,9988.042000,18.990000,460.687961,460.728450,460.000000,768,-0.687961,PI,FIFO,true,PI_FIFO,460.687961
16.070059,-1,18,10039.617000,58.607000,464.292789,461.263101,460.000000,762,-4.292789,PI,FIFO,true,PI_FIFO,464.292789
16.080020,-1,18,9961.617000,20.224000,459.608890,461.014969,460.000000,767,0.391110,PI,FIFO,true,PI_FIFO,459.608890
16.090029,-1,18,10008.894000,29.118000,458.061889,460.572007,460.000000,769,1.938111,PI,FIFO,true,PI_FIFO,458.061889
16.100019,-1,18,9989.987000,19.105000,456.821873,460.009487,460.000000,772,3.178127,PI,FIFO,true,PI_FIFO,456.821873
16.110025,-1,19,10006.099000,25.204000,452.794388,458.927222,460.000000,779,7.205612,PI,FIFO,true,PI_FIFO,452.794388
16.120018,-1,18,9992.542000,17.746000,457.069339,458.648540,460.000000,776,2.930661,PI,FIFO,true,PI_FIFO,457.069339
16.130033,-1,18,10015.469000,33.215000,458.488589,458.624547,460.000000,775,1.511411,PI,FIFO,true,PI_FIFO,458.488589
16.140018,-1,18,9984.654000,17.869000,463.143526,459.302394,460.000000,769,-3.143526,PI,FIFO,true,PI_FIFO,463.143526
16.150022,-1,18,10003.950000,21.819000,463.649852,459.954513,460.000000,767,-3.649852,PI,FIFO,true,PI_FIFO,463.649852
16.160023,-1,18,10001.598000,23.417000,460.938309,460.102082,460.000000,770,-0.938309,PI,FIFO,true,PI_FIFO,460.938309
16.170023,-1,18,9999.135000,22.552000,460.506926,460.162809,460.000000,770,-0.506926,PI,FIFO,true,PI_FIFO,460.506926
16.180018,-1,18,9995.562000,18.114000,461.702955,460.393831,460.000000,768,-1.702955,PI,FIFO,true,PI_FIFO,461.702955
16.190023,-1,18,10004.672000,22.786000,460.849719,460.462214,460.000000,768,-0.849719,PI,FIFO,true,PI_FIFO,460.849719
16.200018,-1,18,9995.672000,18.458000,464.108911,461.009218,460.000000,763,-4.108911,PI,FIFO,true,PI_FIFO,464.108911
16.210022,-1,18,10003.265000,21.723000,461.141171,461.029011,460.000000,766,-1.141171,PI,FIFO,true,PI_FIFO,461.141171
16.220019,-1,18,9997.654000,19.377000,458.612255,460.666498,460.000000,769,1.387745,PI,FIFO,true,PI_FIFO,458.612255
16.230021,-1,18,10001.302000,20.679000,456.159984,459.990521,460.000000,773,3.840016,PI,FIFO,true,PI_FIFO,456.159984
16.240027,-1,18,10006.617000,27.296000,453.461857,459.011221,460.000000,778,6.538143,PI,FIFO,true,PI_FIFO,453.461857
16.250033,-1,18,10006.061000,33.357000,457.813348,458.831540,460.000000,775,2.186652,PI,FIFO,true,PI_FIFO,457.813348
16.260025,-1,18,9991.357000,24.714000,458.166357,458.731763,460.000000,775,1.833643,PI,FIFO,true,PI_FIFO,458.166357
16.270035,-1,18,10010.265000,34.979000,463.143526,459.393527,460.000000,769,-3.143526,PI,FIFO,true,PI_FIFO,463.143526
16.280019,-1,18,9984.265000,19.244000,462.625717,459.878356,460.000000,769,-2.625717,PI,FIFO,true,PI_FIFO,462.625717
16.290030,-1,18,10011.006000,30.250000,460.747543,460.008734,460.000000,770,-0.747543,PI,FIFO,true,PI_FIFO,460.747543
16.300018,-1,18,9987.931000,18.181000,461.141171,460.178599,460.000000,769,-1.141171,PI,FIFO,true,PI_FIFO,461.141171
16.310066,-1,18,10047.581000,65.762000,461.942427,460.443173,460.000000,768,-1.942427,PI,FIFO,true,PI_FIFO,461.942427
16.320036,-1,18,9970.690000,36.452000,460.986025,460.524601,460.000000,768,-0.986025,PI,FIFO,true,PI_FIFO,460.986025
16.330035,-1,18,9999.024000,35.476000,462.799718,460.865869,460.000000,765,-2.799718,PI,FIFO,true,PI_FIFO,462.799718
16.340019,-1,18,9983.654000,19.130000,460.747543,460.848120,460.000000,767,-0.747543,PI,FIFO,true,PI_FIFO,460.747543
16.350021,-1,18,10001.839000,20.969000,459.784208,460.688533,460.000000,768,0.215792,PI,FIFO,true,PI_FIFO,459.784208
16.360019,-1,18,9998.135000,19.104000,456.730769,460.094868,460.000000,772,3.269231,PI,FIFO,true,PI_FIFO,456.730769
16.370021,-1,19,10002.339000,21.443000,451.589595,458.819077,460.000000,781,8.410405,PI,FIFO,true,PI_FIFO,451.589595
16.380018,-1,18,9996.858000,18.301000,458.310701,458.742821,460.000000,775,1.689299,PI,FIFO,true,PI_FIFO,458.310701
16.390020,-1,18,10001.894000,20.195000,458.488589,458.704686,460.000000,775,1.511411,PI,FIFO,true,PI_FIFO,458.488589
16.400031,-1,18,10010.636000,30.831000,463.143526,459.370512,460.000000,770,-3.143526,PI,FIFO,true,PI_FIFO,463.143526
16.410022,-1,18,9991.302000,22.133000,463.017404,459.917546,460.000000,768,-3.017404,PI,FIFO,true,PI_FIFO,463.017404
16.420016,-1,18,9993.561000,15.694000,459.308655,459.826212,460.000000,772,0.691345,PI,FIFO,true,PI_FIFO,459.308655
16.430021,-1,18,10004.950000,20.644000,462.582237,460.239616,460.000000,768,-2.582237,PI,FIFO,true,PI_FIFO,462.582237
16.440016,-1,18,9995.117000,15.761000,460.509307,460.280070,460.000000,770,-0.509307,PI,FIFO,true,PI_FIFO,460.509307
16.450021,-1,18,10004.802000,20.563000,462.004731,460.538769,460.000000,768,-2.004731,PI,FIFO,true,PI_FIFO,462.004731
16.460026,-1,18,10005.616000,26.179000,463.143526,460.929482,460.000000,765,-3.143526,PI,FIFO,true,PI_FIFO,463.143526
16.470022,-1,18,9995.358000,21.537000,461.757670,461.053710,460.000000,766,-1.757670,PI,FIFO,true,PI_FIFO,461.757670
16.480018,-1,18,9996.857000,18.394000,458.061889,460.604937,460.000000,770,1.938111,PI,FIFO,true,PI_FIFO,458.061889
16.490021,-1,18,10002.765000,21.159000,456.574675,460.000398,460.000000,773,3.425325,PI,FIFO,true,PI_FIFO,456.574675
16.500019,-1,19,9997.561000,18.720000,453.385277,459.008130,460.000000,779,6.614723,PI,FIFO,true,PI_FIFO,453.385277
16.510021,-1,18,10001.951000,20.671000,457.094100,458.721025,460.000000,777,2.905900,PI,FIFO,true,PI_FIFO,457.094100
16.520018,-1,18,9997.505000,18.176000,457.669579,458.563308,460.000000,777,2.330421,PI,FIFO,true,PI_FIFO,457.669579
16.530026,-1,18,10008.265000,26.441000,462.799718,459.198770,460.000000,771,-2.799718,PI,FIFO,true,PI_FIFO,462.799718
16.540021,-1,18,9994.858000,21.299000,464.108911,459.935291,460.000000,768,-4.108911,PI,FIFO,true,PI_FIFO,464.108911
16.550033,-1,18,10012.079000,33.378000,460.418616,460.007790,460.000000,771,-0.418616,PI,FIFO,true,PI_FIFO,460.418616
16.560020,-1,18,9986.710000,20.088000,461.777165,460.273196,460.000000,769,-1.777165,PI,FIFO,true,PI_FIFO,461.777165
16.570060,-1,18,10039.802000,59.890000,460.959780,460.376183,460.000000,770,-0.959780,PI,FIFO,true,PI_FIFO,460.959780
16.580027,-1,18,9966.746000,26.636000,461.942427,460.611120,460.000000,768,-1.942427,PI,FIFO,true,PI_FIFO,461.942427
16.590026,-1,18,9999.172000,25.808000,462.506167,460.895377,460.000000,766,-2.506167,PI,FIFO,true,PI_FIFO,462.506167
16.600019,-1,18,9993.562000,19.370000,462.182148,461.088393,460.000000,766,-2.182148,PI,FIFO,true,PI_FIFO,462.182148
16.610022,-1,18,10002.246000,21.616000,459.333660,460.825183,460.000000,769,0.666340,PI,FIFO,true,PI_FIFO,459.333660
16.620021,-1,18,9999.543000,21.159000,456.496668,460.175906,460.000000,773,3.503332,PI,FIFO,true,PI_FIFO,456.496668
16.630021,-1,19,9999.894000,21.053000,453.336557,459.150003,460.000000,779,6.663443,PI,FIFO,true,PI_FIFO,453.336557
16.640022,-1,18,10001.339000,22.392000,456.574675,458.763704,460.000000,777,3.425325,PI,FIFO,true,PI_FIFO,456.574675
16.650040,-1,18,10017.506000,39.898000,458.061889,458.658432,460.000000,776,1.938111,PI,FIFO,true,PI_FIFO,458.061889
16.660025,-1,18,9985.265000,25.163000,462.902807,459.295088,460.000000,770,-2.902807,PI,FIFO,true,PI_FIFO,462.902807
16.670024,-1,18,9998.598000,23.761000,462.538765,459.781640,460.000000,770,-2.538765,PI,FIFO,true,PI_FIFO,462.538765
16.680023,-1,18,9998.950000,22.711000,459.608890,459.755727,460.000000,773,0.391110,PI,FIFO,true,PI_FIFO,459.608890
16.690033,-1,18,10009.876000,32.587000,462.582237,460.179704,460.000000,769,-2.582237,PI,FIFO,true,PI_FIFO,462.582237
16.700023,-1,18,9990.691000,23.278000,460.509307,460.229144,460.000000,771,-0.509307,PI,FIFO,true,PI_FIFO,460.509307
16.710021,-1,18,9998.080000,21.358000,463.671691,460.745526,460.000000,766,-3.671691,PI,FIFO,true,PI_FIFO,463.671691
16.720022,-1,18,10000.246000,21.604000,462.835985,461.059095,460.000000,766,-2.835985,PI,FIFO,true,PI_FIFO,462.835985
16.730022,-1,18,10000.024000,21.628000,461.497890,461.124914,460.000000,766,-1.497890,PI,FIFO,true,PI_FIFO,461.497890
16.740030,-1,18,10007.876000,29.504000,460.986025,461.104081,460.000000,766,-0.986025,PI,FIFO,true,PI_FIFO,460.986025
16.750022,-1,18,9992.487000,21.991000,456.604325,460.429117,460.000000,772,3.395675,PI,FIFO,true,PI_FIFO,456.604325
16.760020,-1,18,9997.858000,19.849000,454.166218,459.489683,460.000000,777,5.833782,PI,FIFO,true,PI_FIFO,454.166218
16.770021,-1,18,10001.357000,21.206000,454.886784,458.799248,460.000000,778,5.113216,PI,FIFO,true,PI_FIFO,454.886784
16.780022,-1,18,10000.451000,21.657000,456.574675,458.465562,460.000000,778,3.425325,PI,FIFO,true,PI_FIFO,456.574675
16.790031,-1,18,10008.950000,30.607000,462.364960,459.050472,460.000000,771,-2.364960,PI,FIFO,true,PI_FIFO,462.364960
16.800023,-1,18,9992.876000,23.483000,462.854693,459.621105,460.000000,770,-2.854693,PI,FIFO,true,PI_FIFO,462.854693
16.810052,-1,18,10028.339000,51.822000,460.506926,459.753978,460.000000,772,-0.506926,PI,FIFO,true,PI_FIFO,460.506926
16.820032,-1,18,9980.117000,31.939000,462.506167,460.166806,460.000000,769,-2.506167,PI,FIFO,true,PI_FIFO,462.506167
16.830028,-1,18,9995.894000,27.833000,460.235641,460.177131,460.000000,771,-0.235641,PI,FIFO,true,PI_FIFO,460.235641
16.840024,-1,18,9996.339000,24.172000,462.902807,460.585983,460.000000,767,-2.902807,PI,FIFO,true,PI_FIFO,462.902807
16.850021,-1,18,9996.932000,21.104000,463.420662,461.011185,460.000000,765,-3.420662,PI,FIFO,true,PI_FIFO,463.420662
16.860023,-1,18,10001.913000,23.017000,461.463731,461.079067,460.000000,767,-1.463731,PI,FIFO,true,PI_FIFO,461.463731
16.870022,-1,18,9999.431000,22.448000,460.634066,461.012317,460.000000,767,-0.634066,PI,FIFO,true,PI_FIFO,460.634066
16.880022,-1,18,9999.506000,21.954000,455.342688,460.161872,460.000000,774,4.657312,PI,FIFO,true,PI_FIFO,455.342688
16.890024,-1,18,10002.191000,24.145000,454.257037,459.276147,460.000000,778,5.742963,PI,FIFO,true,PI_FIFO,454.257037
16.900023,-1,18,9998.413000,22.558000,457.069339,458.945126,460.000000,776,2.930661,PI,FIFO,true,PI_FIFO,457.069339
16.910022,-1,18,9999.191000,21.749000,457.317073,458.700918,460.000000,777,2.682927,PI,FIFO,true,PI_FIFO,457.317073
16.920024,-1,18,10002.672000,24.421000,463.384495,459.403455,460.000000,770,-3.384495,PI,FIFO,true,PI_FIFO,463.384495
16.930022,-1,18,9997.876000,22.297000,462.147887,459.815119,460.000000,770,-2.147887,PI,FIFO,true,PI_FIFO,462.147887
16.940029,-1,18,10006.987000,29.284000,461.065574,460.002688,460.000000,771,-1.065574,PI,FIFO,true,PI_FIFO,461.065574
16.950022,-1,18,9993.006000,22.290000,461.714353,460.259437,460.000000,769,-1.714353,PI,FIFO,true,PI_FIFO,461.714353
16.960023,-1,18,10001.080000,23.370000,460.509307,460.296918,460.000000,770,-0.509307,PI,FIFO,true,PI_FIFO,460.509307
16.970022,-1,18,9998.487000,21.857000,461.931018,460.542033,460.000000,768,-1.931018,PI,FIFO,true,PI_FIFO,461.931018
16.980025,-1,18,10002.672000,24.529000,463.853766,461.038793,460.000000,765,-3.853766,PI,FIFO,true,PI_FIFO,463.853766
16.990022,-1,18,9997.172000,21.701000,460.634066,460.978084,460.000000,767,-0.634066,PI,FIFO,true,PI_FIFO,460.634066
17.000023,-1,18,10001.413000,23.114000,461.368110,461.036588,460.000000,766,-1.368110,PI,FIFO,true,PI_FIFO,461.368110
17.010056,-1,18,10032.914000,56.028000,456.262807,460.320521,460.000000,773,3.737193,PI,FIFO,true,PI_FIFO,456.262807
17.020039,-1,18,9982.487000,38.515000,454.632466,459.467312,460.000000,777,5.367534,PI,FIFO,true,PI_FIFO,454.632466
17.030028,-1,18,9989.931000,28.446000,455.318116,458.844933,460.000000,778,4.681884,PI,FIFO,true,PI_FIFO,455.318116
17.040023,-1,18,9994.932000,23.378000,456.496668,458.492693,460.000000,778,3.503332,PI,FIFO,true,PI_FIFO,456.496668
17.050022,-1,18,9998.487000,21.865000,463.879268,459.300679,460.000000,769,-3.879268,PI,FIFO,true,PI_FIFO,463.879268
17.060022,-1,18,10000.024000,21.889000,463.143526,459.877106,460.000000,769,-3.143526,PI,FIFO,true,PI_FIFO,463.143526
17.070021,-1,18,9999.580000,21.469000,461.065574,460.055376,460.000000,770,-1.065574,PI,FIFO,true,PI_FIFO,461.065574
17.080022,-1,18,10000.802000,22.271000,460.813763,460.169134,460.000000,770,-0.813763,PI,FIFO,true,PI_FIFO,460.813763
17.090021,-1,18,9998.598000,20.869000,461.931018,460.433417,460.000000,768,-1.931018,PI,FIFO,true,PI_FIFO,461.931018
17.100022,-1,18,10000.969000,21.838000,461.942427,460.659769,460.000000,767,-1.942427,PI,FIFO,true,PI_FIFO,461.942427
17.110022,-1,18,10000.172000,22.010000,462.050271,460.868344,460.000000,766,-2.050271,PI,FIFO,true,PI_FIFO,462.050271
17.120021,-1,18,9999.024000,21.034000,461.463731,460.957652,460.000000,766,-1.463731,PI,FIFO,true,PI_FIFO,461.463731
17.130021,-1,18,10000.191000,21.225000,461.281631,461.006249,460.000000,766,-1.281631,PI,FIFO,true,PI_FIFO,461.281631
17.140020,-1,18,9998.709000,19.934000,456.081081,460.267474,460.000000,773,3.918919,PI,FIFO,true,PI_FIFO,456.081081
17.150021,-1,18,10001.395000,21.329000,454.435288,459.392646,460.000000,777,5.564712,PI,FIFO,true,PI_FIFO,454.435288
17.160024,-1,18,10002.598000,23.927000,455.518279,458.811491,460.000000,778,4.481721,PI,FIFO,true,PI_FIFO,455.518279
17.170032,-1,18,10007.839000,31.766000,456.574675,458.475968,460.000000,778,3.425325,PI,FIFO,true,PI_FIFO,456.574675
17.180024,-1,18,9992.080000,23.846000,463.017404,459.157184,460.000000,770,-3.017404,PI,FIFO,true,PI_FIFO,463.017404
17.190034,-1,18,10009.969000,33.815000,462.902807,459.719027,460.000000,769,-2.902807,PI,FIFO,true,PI_FIFO,462.902807
17.200023,-1,18,9989.098000,22.913000,461.065574,459.921009,460.000000,771,-1.065574,PI,FIFO,true,PI_FIFO,461.065574
17.210031,-1,18,10008.320000,31.233000,461.570022,460.168361,460.000000,769,-1.570022,PI,FIFO,true,PI_FIFO,461.570022
17.220023,-1,18,9991.432000,22.665000,461.281631,460.335352,460.000000,769,-1.281631,PI,FIFO,true,PI_FIFO,461.281631
17.230025,-1,18,10002.542000,25.207000,462.182148,460.612371,460.000000,767,-2.182148,PI,FIFO,true,PI_FIFO,462.182148
17.240022,-1,18,9996.858000,22.065000,463.191700,460.999270,460.000000,765,-3.191700,PI,FIFO,true,PI_FIFO,463.191700
17.250030,-1,18,10007.932000,29.997000,461.463731,461.068939,460.000000,766,-1.463731,PI,FIFO,true,PI_FIFO,461.463731
17.260023,-1,18,9992.820000,22.817000,461.368110,461.113815,460.000000,766,-1.368110,PI,FIFO,true,PI_FIFO,461.368110
17.270061,-1,18,10038.247000,61.064000,455.495093,460.271007,460.000000,774,4.504907,PI,FIFO,true,PI_FIFO,455.495093
17.280025,-1,18,9963.968000,25.032000,455.391839,459.539132,460.000000,776,4.608161,PI,FIFO,true,PI_FIFO,455.391839
17.290023,-1,18,9998.061000,23.093000,454.886784,458.841279,460.000000,778,5.113216,PI,FIFO,true,PI_FIFO,454.886784
17.300021,-1,18,9998.247000,21.340000,456.327745,458.464249,460.000000,778,3.672255,PI,FIFO,true,PI_FIFO,456.327745
17.310022,-1,18,10000.394000,21.734000,463.409754,459.206075,460.000000,770,-3.409754,PI,FIFO,true,PI_FIFO,463.409754
17.320020,-1,18,9998.709000,20.443000,461.750830,459.587788,460.000000,771,-1.750830,PI,FIFO,true,PI_FIFO,461.750830
17.330022,-1,18,10001.376000,21.819000,461.368110,459.854836,460.000000,770,-1.368110,PI,FIFO,true,PI_FIFO,461.368110
17.340022,-1,18,9999.765000,21.584000,461.224754,460.060324,460.000000,770,-1.224754,PI,FIFO,true,PI_FIFO,461.224754
17.350021,-1,18,9999.580000,21.164000,461.065574,460.211112,460.000000,770,-1.065574,PI,FIFO,true,PI_FIFO,461.065574
17.360031,-1,18,10009.636000,30.800000,462.662338,460.578795,460.000000,767,-2.662338,PI,FIFO,true,PI_FIFO,462.662338
17.370023,-1,18,9992.042000,22.842000,463.420662,461.005075,460.000000,765,-3.420662,PI,FIFO,true,PI_FIFO,463.420662
17.380022,-1,18,9998.839000,21.681000,462.182148,461.181636,460.000000,765,-2.182148,PI,FIFO,true,PI_FIFO,462.182148
17.390022,-1,18,10000.561000,22.242000,460.203366,461.034896,460.000000,767,-0.203366,PI,FIFO,true,PI_FIFO,460.203366
17.400020,-1,18,9997.358000,19.600000,457.019825,460.432635,460.000000,772,2.980175,PI,FIFO,true,PI_FIFO,457.019825
17.410022,-1,18,10002.172000,21.772000,454.920419,459.605803,460.000000,776,5.079581,PI,FIFO,true,PI_FIFO,454.920419
17.420020,-1,18,9997.802000,19.574000,455.329755,458.964396,460.000000,777,4.670245,PI,FIFO,true,PI_FIFO,455.329755
17.430021,-1,19,10001.691000,21.265000,455.760817,458.483859,460.000000,779,4.239183,PI,FIFO,true,PI_FIFO,455.760817
17.440020,-1,18,9998.376000,19.641000,463.625716,459.255137,460.000000,769,-3.625716,PI,FIFO,true,PI_FIFO,463.625716
17.450021,-1,18,10001.283000,20.924000,462.582237,459.754202,460.000000,769,-2.582237,PI,FIFO,true,PI_FIFO,462.582237
17.460019,-1,18,9998.432000,19.356000,461.570022,460.026575,460.000000,770,-1.570022,PI,FIFO,true,PI_FIFO,461.570022
17.470022,-1,18,10002.376000,21.732000,461.065574,460.182425,460.000000,770,-1.065574,PI,FIFO,true,PI_FIFO,461.065574
17.480020,-1,18,9998.376000,20.108000,459.796076,460.124473,460.000000,771,0.203924,PI,FIFO,true,PI_FIFO,459.796076
17.490021,-1,18,10001.320000,21.428000,464.108911,460.722138,460.000000,765,-4.108911,PI,FIFO,true,PI_FIFO,464.108911
17.500020,-1,18,9998.488000,19.916000,461.224754,460.797531,460.000000,767,-1.224754,PI,FIFO,true,PI_FIFO,461.224754
17.510022,-1,18,10001.931000,21.847000,461.931018,460.967554,460.000000,766,-1.931018,PI,FIFO,true,PI_FIFO,461.931018
17.520020,-1,18,9997.858000,19.705000,460.813763,460.944485,460.000000,767,-0.813763,PI,FIFO,true,PI_FIFO,460.813763
17.530026,-1,18,10006.431000,26.136000,456.574675,460.289014,460.000000,772,3.425325,PI,FIFO,true,PI_FIFO,456.574675
17.540023,-1,18,9996.876000,23.012000,454.361874,459.399943,460.000000,777,5.638126,PI,FIFO,true,PI_FIFO,454.361874
17.550022,-1,19,9998.784000,21.796000,454.676674,458.691453,460.000000,779,5.323326,PI,FIFO,true,PI_FIFO,454.676674
17.560019,-1,19,9997.561000,19.357000,456.327745,458.336896,460.000000,779,3.672255,PI,FIFO,true,PI_FIFO,456.327745
17.570021,-1,18,10001.209000,20.566000,463.017404,459.038972,460.000000,771,-3.017404,PI,FIFO,true,PI_FIFO,463.017404
17.580020,-1,18,9999.413000,19.979000,462.835985,459.608524,460.000000,770,-2.835985,PI,FIFO,true,PI_FIFO,462.835985
17.590032,-1,18,10012.432000,32.411000,461.714353,459.924399,460.000000,770,-1.714353,PI,FIFO,true,PI_FIFO,461.714353
17.600022,-1,18,9990.061000,22.472000,461.671044,460.186395,460.000000,769,-1.671044,PI,FIFO,true,PI_FIFO,461.671044
17.610031,-1,18,10008.339000,30.811000,460.864103,460.288052,460.000000,770,-0.864103,PI,FIFO,true,PI_FIFO,460.864103
17.620021,-1,18,9990.247000,21.058000,464.350886,460.897477,460.000000,765,-4.350886,PI,FIFO,true,PI_FIFO,464.350886
17.630023,-1,18,10001.820000,22.878000,461.714353,461.020008,460.000000,767,-1.714353,PI,FIFO,true,PI_FIFO,461.714353
17.640020,-1,18,9997.172000,20.050000,461.714353,461.124160,460.000000,766,-1.714353,PI,FIFO,true,PI_FIFO,461.714353
17.650041,-1,18,10020.914000,40.964000,461.317660,461.153185,460.000000,766,-1.317660,PI,FIFO,true,PI_FIFO,461.317660
17.660033,-1,18,9992.061000,33.025000,457.199692,460.560161,460.000000,771,2.800308,PI,FIFO,true,PI_FIFO,457.199692
17.670046,-1,18,10012.635000,45.660000,454.466759,459.646151,460.000000,776,5.533241,PI,FIFO,true,PI_FIFO,454.466759
17.680029,-1,18,9983.672000,29.332000,454.606681,458.890230,460.000000,778,5.393319,PI,FIFO,true,PI_FIFO,454.606681
17.690042,-1,19,10012.765000,42.097000,455.097087,458.321259,460.000000,780,4.902913,PI,FIFO,true,PI_FIFO,455.097087
17.700023,-1,18,9980.913000,23.010000,462.328767,458.922385,460.000000,771,-2.328767,PI,FIFO,true,PI_FIFO,462.328767
17.710031,-1,18,10007.802000,30.812000,462.799718,459.503985,460.000000,770,-2.799718,PI,FIFO,true,PI_FIFO,462.799718
17.720021,-1,18,9990.543000,21.355000,461.463731,459.797947,460.000000,771,-1.463731,PI,FIFO,true,PI_FIFO,461.463731
17.730032,-1,18,10010.876000,32.231000,461.497890,460.052938,460.000000,770,-1.497890,PI,FIFO,true,PI_FIFO,461.497890
17.740030,-1,18,9997.876000,30.107000,459.809264,460.016387,460.000000,772,0.190736,PI,FIFO,true,PI_FIFO,459.809264
17.750034,-1,18,10004.191000,34.298000,464.327830,460.663104,460.000000,765,-4.327830,PI,FIFO,true,PI_FIFO,464.327830
17.760021,-1,18,9986.320000,20.618000,462.422118,460.926956,460.000000,766,-2.422118,PI,FIFO,true,PI_FIFO,462.422118
17.770025,-1,18,10004.210000,24.828000,462.962963,461.232357,460.000000,764,-2.962963,PI,FIFO,true,PI_FIFO,462.962963
17.780020,-1,18,9994.987000,19.815000,460.271318,461.088201,460.000000,767,-0.271318,PI,FIFO,true,PI_FIFO,460.271318
17.790026,-1,18,10005.728000,25.543000,456.363004,460.379422,460.000000,772,3.636996,PI,FIFO,true,PI_FIFO,456.363004
17.800019,-1,18,9993.802000,19.345000,455.097087,459.587071,460.000000,776,4.902913,PI,FIFO,true,PI_FIFO,455.097087
17.810045,-1,18,10025.394000,44.739000,454.876274,458.880452,460.000000,778,5.123726,PI,FIFO,true,PI_FIFO,454.876274
17.820034,-1,19,9989.598000,34.337000,455.795803,458.417755,460.000000,779,4.204197,PI,FIFO,true,PI_FIFO,455.795803
17.830032,-1,18,9997.988000,32.325000,461.224754,458.838804,460.000000,773,-1.224754,PI,FIFO,true,PI_FIFO,461.224754
17.840017,-1,18,9984.875000,17.200000,462.756205,459.426415,460.000000,770,-2.756205,PI,FIFO,true,PI_FIFO,462.756205
17.850057,-1,18,10039.321000,56.521000,461.115969,459.679848,460.000000,771,-1.115969,PI,FIFO,true,PI_FIFO,461.115969
17.860017,-1,18,9960.932000,17.453000,462.364960,460.082615,460.000000,769,-2.364960,PI,FIFO,true,PI_FIFO,462.364960
17.870032,-1,18,10014.728000,32.181000,460.849719,460.197680,460.000000,770,-0.849719,PI,FIFO,true,PI_FIFO,460.849719
17.880017,-1,18,9984.801000,16.982000,464.876033,460.899433,460.000000,764,-4.876033,PI,FIFO,true,PI_FIFO,464.876033
17.890024,-1,18,10007.506000,24.488000,461.497890,460.989202,460.000000,767,-1.497890,PI,FIFO,true,PI_FIFO,461.497890
17.900022,-1,18,9997.709000,22.197000,463.143526,461.312350,460.000000,764,-3.143526,PI,FIFO,true,PI_FIFO,463.143526
17.910032,-1,18,10009.728000,31.925000,459.964675,461.110199,460.000000,767,0.035325,PI,FIFO,true,PI_FIFO,459.964675
17.920017,-1,18,9985.191000,17.116000,456.543469,460.425190,460.000000,772,3.456531,PI,FIFO,true,PI_FIFO,456.543469
17.930025,-1,18,10007.469000,24.585000,455.982490,459.758785,460.000000,774,4.017510,PI,FIFO,true,PI_FIFO,455.982490
17.940019,-1,19,9994.005000,18.590000,453.475051,458.816225,460.000000,780,6.524949,PI,FIFO,true,PI_FIFO,453.475051
17.950032,-1,19,10013.636000,32.226000,455.982490,458.391164,460.000000,779,4.017510,PI,FIFO,true,PI_FIFO,455.982490
17.960017,-1,18,9984.376000,16.602000,461.570022,458.867993,460.000000,773,-1.570022,PI,FIFO,true,PI_FIFO,461.570022
17.970025,-1,18,10008.061000,24.663000,462.799718,459.457752,460.000000,770,-2.799718,PI,FIFO,true,PI_FIFO,462.799718
17.980018,-1,18,9992.950000,17.613000,463.143526,460.010618,460.000000,769,-3.143526,PI,FIFO,true,PI_FIFO,463.143526
17.990022,-1,18,10004.024000,21.637000,461.714353,460.266178,460.000000,769,-1.714353,PI,FIFO,true,PI_FIFO,461.714353
18.000019,-1,18,9997.358000,18.995000,460.310966,460.272896,460.000000,771,-0.310966,PI,FIFO,true,PI_FIFO,460.310966
18.010033,-1,18,10014.209000,33.204000,463.671691,460.782715,460.000000,766,-3.671691,PI,FIFO,true,PI_FIFO,463.671691
18.020017,-1,18,9983.543000,16.747000,462.422118,461.028626,460.000000,766,-2.422118,PI,FIFO,true,PI_FIFO,462.422118
18.030033,-1,18,10016.691000,33.438000,462.232521,461.209210,460.000000,765,-2.232521,PI,FIFO,true,PI_FIFO,462.232521
18.040017,-1,18,9983.394000,16.832000,461.702955,461.283272,460.000000,765,-1.702955,PI,FIFO,true,PI_FIFO,461.702955
18.050022,-1,18,10004.876000,21.708000,455.141276,460.361973,460.000000,774,4.858724,PI,FIFO,true,PI_FIFO,455.141276
18.060019,-1,18,9996.802000,18.510000,456.730769,459.817292,460.000000,773,3.269231,PI,FIFO,true,PI_FIFO,456.730769
18.070057,-1,19,10038.469000,56.979000,453.244275,458.831339,460.000000,780,6.755725,PI,FIFO,true,PI_FIFO,453.244275
18.080022,-1,18,9964.728000,21.707000,457.848837,458.683964,460.000000,776,2.151163,PI,FIFO,true,PI_FIFO,457.848837
18.090037,-1,18,10015.302000,37.009000,461.224754,459.065083,460.000000,772,-1.224754,PI,FIFO,true,PI_FIFO,461.224754
18.100021,-1,18,9984.339000,21.348000,462.582237,459.592656,460.000000,770,-2.582237,PI,FIFO,true,PI_FIFO,462.582237
18.110030,-1,18,10008.431000,29.779000,462.835985,460.079155,460.000000,768,-2.835985,PI,FIFO,true,PI_FIFO,462.835985
18.120020,-1,18,9990.080000,19.859000,461.281631,460.259526,460.000000,769,-1.281631,PI,FIFO,true,PI_FIFO,461.281631
18.130033,-1,18,10013.561000,33.420000,460.271318,460.261295,460.000000,770,-0.271318,PI,FIFO,true,PI_FIFO,460.271318
18.140018,-1,18,9985.061000,18.481000,462.688777,460.625417,460.000000,767,-2.688777,PI,FIFO,true,PI_FIFO,462.688777
18.150025,-1,18,10006.228000,24.709000,462.422118,460.894923,460.000000,766,-2.422118,PI,FIFO,true,PI_FIFO,462.422118
18.160017,-1,18,9992.765000,17.474000,462.625717,461.154542,460.000000,765,-2.625717,PI,FIFO,true,PI_FIFO,462.625717
18.170033,-1,18,10015.487000,32.961000,460.986025,461.129264,460.000000,766,-0.986025,PI,FIFO,true,PI_FIFO,460.986025
18.180017,-1,18,9983.654000,16.615000,456.426485,460.423847,460.000000,772,3.573515,PI,FIFO,true,PI_FIFO,456.426485
18.190030,-1,18,10013.395000,30.010000,456.574675,459.846471,460.000000,773,3.425325,PI,FIFO,true,PI_FIFO,456.574675
18.200017,-1,19,9986.524000,16.534000,452.378217,458.726233,460.000000,780,7.621783,PI,FIFO,true,PI_FIFO,452.378217
18.210025,-1,18,10008.709000,25.243000,457.069339,458.477699,460.000000,777,2.930661,PI,FIFO,true,PI_FIFO,457.069339
18.220017,-1,18,9991.358000,16.601000,460.634066,458.801154,460.000000,773,-0.634066,PI,FIFO,true,PI_FIFO,460.634066
18.230029,-1,18,10012.561000,29.162000,461.822660,459.254380,460.000000,771,-1.822660,PI,FIFO,true,PI_FIFO,461.822660
18.240019,-1,18,9989.894000,19.056000,463.671691,459.916977,460.000000,768,-3.671691,PI,FIFO,true,PI_FIFO,463.671691
18.250021,-1,18,10002.191000,21.247000,460.986025,460.077334,460.000000,770,-0.986025,PI,FIFO,true,PI_FIFO,460.986025
18.260018,-1,18,9997.117000,18.364000,460.869138,460.196105,460.000000,770,-0.869138,PI,FIFO,true,PI_FIFO,460.869138
18.270021,-1,18,10002.413000,20.777000,462.422118,460.530007,460.000000,767,-2.422118,PI,FIFO,true,PI_FIFO,462.422118
18.280019,-1,18,9997.839000,18.616000,463.060965,460.909650,460.000000,765,-3.060965,PI,FIFO,true,PI_FIFO,463.060965
18.290043,-1,18,10024.247000,42.863000,462.902807,461.208624,460.000000,764,-2.902807,PI,FIFO,true,PI_FIFO,462.902807
18.300021,-1,18,9977.987000,20.850000,461.065574,461.187166,460.000000,766,-1.065574,PI,FIFO,true,PI_FIFO,461.065574
18.310035,-1,18,10013.950000,34.800000,455.588553,460.347374,460.000000,773,4.411447,PI,FIFO,true,PI_FIFO,455.588553
18.320021,-1,18,9985.894000,20.694000,456.998607,459.845059,460.000000,773,3.001393,PI,FIFO,true,PI_FIFO,456.998607
18.330025,-1,19,10004.006000,24.700000,453.385277,458.876092,460.000000,779,6.614723,PI,FIFO,true,PI_FIFO,453.385277
18.340019,-1,18,9993.839000,18.539000,455.982490,458.442052,460.000000,778,4.017510,PI,FIFO,true,PI_FIFO,455.982490
18.350022,-1,18,10003.191000,21.730000,461.463731,458.895303,460.000000,772,-1.463731,PI,FIFO,true,PI_FIFO,461.463731
18.360031,-1,18,10009.376000,31.106000,461.931018,459.350661,460.000000,771,-1.931018,PI,FIFO,true,PI_FIFO,461.931018
18.370052,-1,18,10020.783000,51.889000,463.577452,459.984679,460.000000,768,-3.577452,PI,FIFO,true,PI_FIFO,463.577452
18.380031,-1,18,9978.802000,30.691000,460.747543,460.099109,460.000000,770,-0.747543,PI,FIFO,true,PI_FIFO,460.747543
18.390023,-1,18,9992.654000,23.345000,461.108769,460.250558,460.000000,770,-1.108769,PI,FIFO,true,PI_FIFO,461.108769
18.400018,-1,18,9995.080000,18.425000,462.328767,460.562289,460.000000,767,-2.328767,PI,FIFO,true,PI_FIFO,462.328767
18.410023,-1,18,10004.394000,22.819000,462.147887,460.800129,460.000000,767,-2.147887,PI,FIFO,true,PI_FIFO,462.147887
18.420017,-1,18,9993.746000,16.565000,462.662338,461.079460,460.000000,765,-2.662338,PI,FIFO,true,PI_FIFO,462.662338
18.430019,-1,18,10002.469000,19.034000,461.141171,461.088717,460.000000,766,-1.141171,PI,FIFO,true,PI_FIFO,461.141171
18.440018,-1,18,9998.469000,17.503000,456.159984,460.349407,460.000000,773,3.840016,PI,FIFO,true,PI_FIFO,456.159984
18.450031,-1,18,10013.209000,30.712000,456.075891,459.708380,460.000000,774,3.924109,PI,FIFO,true,PI_FIFO,456.075891
18.460019,-1,19,9987.950000,18.662000,453.775411,458.818434,460.000000,779,6.224589,PI,FIFO,true,PI_FIFO,453.775411
18.470032,-1,18,10013.191000,31.853000,456.574675,458.481870,460.000000,778,3.425325,PI,FIFO,true,PI_FIFO,456.574675
18.480018,-1,18,9986.024000,17.877000,460.634066,458.804700,460.000000,774,-0.634066,PI,FIFO,true,PI_FIFO,460.634066
18.490034,-1,18,10016.562000,34.439000,461.317660,459.181644,460.000000,772,-1.317660,PI,FIFO,true,PI_FIFO,461.317660
18.500017,-1,18,9982.264000,16.703000,464.766289,460.019341,460.000000,767,-4.766289,PI,FIFO,true,PI_FIFO,464.766289
18.510019,-1,18,10002.302000,19.005000,460.418616,460.079232,460.000000,771,-0.418616,PI,FIFO,true,PI_FIFO,460.418616
18.520018,-1,18,9998.913000,17.918000,462.075575,460.378683,460.000000,769,-2.075575,PI,FIFO,true,PI_FIFO,462.075575
18.530026,-1,18,10008.043000,25.961000,462.147887,460.644064,460.000000,768,-2.147887,PI,FIFO,true,PI_FIFO,462.147887
18.540016,-1,18,9989.746000,15.707000,461.942427,460.838818,460.000000,767,-1.942427,PI,FIFO,true,PI_FIFO,461.942427
18.550022,-1,18,10005.802000,21.509000,463.879268,461.294886,460.000000,763,-3.879268,PI,FIFO,true,PI_FIFO,463.879268
18.560016,-1,18,9994.265000,15.774000,460.747543,461.212784,460.000000,766,-0.747543,PI,FIFO,true,PI_FIFO,460.747543
18.570020,-1,18,10004.673000,20.447000,457.094100,460.594982,460.000000,771,2.905900,PI,FIFO,true,PI_FIFO,457.094100
18.580015,-1,18,9994.783000,15.230000,455.562660,459.840133,460.000000,774,4.437340,PI,FIFO,true,PI_FIFO,455.562660
18.590020,-1,19,10005.098000,20.328000,453.292718,458.858021,460.000000,780,6.707282,PI,FIFO,true,PI_FIFO,453.292718
18.600015,-1,18,9994.765000,15.093000,456.377109,458.485884,460.000000,778,3.622891,PI,FIFO,true,PI_FIFO,456.377109
18.610021,-1,18,10005.765000,20.858000,459.773470,458.679022,460.000000,775,0.226530,PI,FIFO,true,PI_FIFO,459.773470
18.620033,-1,18,10012.469000,33.327000,462.278107,459.218885,460.000000,771,-2.278107,PI,FIFO,true,PI_FIFO,462.278107
18.630042,-1,18,10008.672000,41.999000,464.364337,459.990703,460.000000,767,-4.364337,PI,FIFO,true,PI_FIFO,464.364337
18.640021,-1,18,9978.802000,20.801000,461.281631,460.184342,460.000000,770,-1.281631,PI,FIFO,true,PI_FIFO,461.281631
18.650036,-1,18,10015.506000,36.307000,461.224754,460.340404,460.000000,769,-1.224754,PI,FIFO,true,PI_FIFO,461.224754
18.660019,-1,18,9983.024000,19.331000,461.595273,460.528634,460.000000,768,-1.595273,PI,FIFO,true,PI_FIFO,461.595273
18.670024,-1,18,10004.191000,23.522000,461.942427,460.740703,460.000000,767,-1.942427,PI,FIFO,true,PI_FIFO,461.942427
18.680019,-1,18,9995.116000,18.638000,464.108911,461.245934,460.000000,763,-4.108911,PI,FIFO,true,PI_FIFO,464.108911
18.690038,-1,18,10018.988000,37.626000,460.271318,461.099742,460.000000,767,-0.271318,PI,FIFO,true,PI_FIFO,460.271318
18.700018,-1,18,9979.950000,17.576000,457.094100,460.498896,460.000000,771,2.905900,PI,FIFO,true,PI_FIFO,457.094100
18.710046,-1,18,10028.395000,45.971000,455.329755,459.723524,460.000000,775,4.670245,PI,FIFO,true,PI_FIFO,455.329755
18.720019,-1,19,9973.505000,19.476000,453.995157,458.864269,460.000000,779,6.004843,PI,FIFO,true,PI_FIFO,453.995157
18.730022,-1,18,10002.913000,22.389000,457.565076,458.669390,460.000000,776,2.434924,PI,FIFO,true,PI_FIFO,457.565076
18.740019,-1,18,9996.691000,19.080000,459.344377,458.770638,460.000000,775,0.655623,PI,FIFO,true,PI_FIFO,459.344377
18.750022,-1,18,10003.413000,22.493000,462.328767,459.304358,460.000000,771,-2.328767,PI,FIFO,true,PI_FIFO,462.328767
18.760018,-1,18,9995.894000,18.387000,463.453390,459.926713,460.000000,768,-3.453390,PI,FIFO,true,PI_FIFO,463.453390
18.770021,-1,18,10002.414000,20.801000,461.702955,460.193149,460.000000,769,-1.702955,PI,FIFO,true,PI_FIFO,461.702955
18.780015,-1,18,9994.079000,14.880000,461.714353,460.421329,460.000000,769,-1.714353,PI,FIFO,true,PI_FIFO,461.714353
18.790021,-1,18,10005.858000,20.738000,462.734452,460.768298,460.000000,767,-2.734452,PI,FIFO,true,PI_FIFO,462.734452
18.800015,-1,18,9994.265000,15.003000,461.463731,460.872613,460.000000,767,-1.463731,PI,FIFO,true,PI_FIFO,461.463731
18.810053,-1,18,10037.672000,52.675000,463.890198,461.325251,460.000000,763,-3.890198,PI,FIFO,true,PI_FIFO,463.890198
18.820032,-1,18,9979.747000,32.422000,460.271318,461.167161,460.000000,767,-0.271318,PI,FIFO,true,PI_FIFO,460.271318
18.830036,-1,18,10003.950000,36.372000,457.565076,460.626848,460.000000,770,2.434924,PI,FIFO,true,PI_FIFO,457.565076
18.840021,-1,18,9984.616000,20.988000,455.518279,459.860563,460.000000,774,4.481721,PI,FIFO,true,PI_FIFO,455.518279
18.850022,-1,19,10000.876000,21.864000,452.655579,458.779815,460.000000,780,7.344421,PI,FIFO,true,PI_FIFO,452.655579
18.860019,-1,18,9997.136000,19.000000,456.151529,458.385572,460.000000,778,3.848471,PI,FIFO,true,PI_FIFO,456.151529
18.870021,-1,18,10002.005000,21.005000,459.258654,458.516535,460.000000,775,0.741346,PI,FIFO,true,PI_FIFO,459.258654
18.880019,-1,18,9997.839000,18.844000,462.408399,459.100314,460.000000,771,-2.408399,PI,FIFO,true,PI_FIFO,462.408399
18.890021,-1,18,10002.321000,21.165000,463.867188,459.815345,460.000000,768,-3.867188,PI,FIFO,true,PI_FIFO,463.867188
18.900022,-1,18,10000.709000,21.874000,461.368110,460.048260,460.000000,770,-1.368110,PI,FIFO,true,PI_FIFO,461.368110
18.910022,-1,18,9999.654000,21.528000,461.224754,460.224734,460.000000,770,-1.224754,PI,FIFO,true,PI_FIFO,461.224754
18.920019,-1,18,9997.543000,19.071000,462.364960,460.545768,460.000000,768,-2.364960,PI,FIFO,true,PI_FIFO,462.364960
18.930021,-1,18,10001.857000,20.928000,460.562227,460.548237,460.000000,769,-0.562227,PI,FIFO,true,PI_FIFO,460.562227
18.940023,-1,18,10002.135000,23.063000,464.985829,461.213876,460.000000,763,-4.985829,PI,FIFO,true,PI_FIFO,464.985829
18.950024,-1,18,10000.450000,23.513000,460.418616,461.094587,460.000000,767,-0.418616,PI,FIFO,true,PI_FIFO,460.418616
18.960019,-1,18,9995.191000,18.704000,457.317073,460.527960,460.000000,771,2.682927,PI,FIFO,true,PI_FIFO,457.317073
18.970050,-1,18,10031.691000,50.395000,456.426485,459.912738,460.000000,774,3.573515,PI,FIFO,true,PI_FIFO,456.426485
18.980016,-1,19,9965.839000,16.234000,453.475051,458.947085,460.000000,779,6.524949,PI,FIFO,true,PI_FIFO,453.475051
18.990030,-1,18,10013.728000,29.962000,457.094100,458.669138,460.000000,777,2.905900,PI,FIFO,true,PI_FIFO,457.094100
19.000016,-1,18,9986.209000,16.171000,459.085052,458.731525,460.000000,775,0.914948,PI,FIFO,true,PI_FIFO,459.085052
19.010026,-1,18,10010.080000,26.251000,462.799718,459.341754,460.000000,771,-2.799718,PI,FIFO,true,PI_FIFO,462.799718
19.020016,-1,18,9989.839000,16.090000,463.344316,459.942138,460.000000,769,-3.344316,PI,FIFO,true,PI_FIFO,463.344316
19.030027,-1,18,10011.284000,27.374000,462.364960,460.305561,460.000000,769,-2.364960,PI,FIFO,true,PI_FIFO,462.364960
19.040034,-1,18,10006.542000,33.916000,460.986025,460.407631,460.000000,770,-0.986025,PI,FIFO,true,PI_FIFO,460.986025
19.050051,-1,18,10017.247000,51.163000,461.702955,460.601929,460.000000,768,-1.702955,PI,FIFO,true,PI_FIFO,461.702955
19.060024,-1,18,9972.505000,23.668000,461.065574,460.671476,460.000000,768,-1.065574,PI,FIFO,true,PI_FIFO,461.065574
19.070054,-1,18,10030.154000,53.822000,465.029762,461.325219,460.000000,762,-5.029762,PI,FIFO,true,PI_FIFO,465.029762
19.080020,-1,18,9966.487000,20.309000,459.308655,461.022734,460.000000,768,0.691345,PI,FIFO,true,PI_FIFO,459.308655
19.090042,-1,18,10021.839000,42.148000,458.488589,460.642613,460.000000,770,1.511411,PI,FIFO,true,PI_FIFO,458.488589
19.100020,-1,18,9977.654000,19.802000,455.834684,459.921423,460.000000,774,4.165316,PI,FIFO,true,PI_FIFO,455.834684
19.110041,-1,19,10021.006000,40.808000,452.128881,458.752542,460.000000,781,7.871119,PI,FIFO,true,PI_FIFO,452.128881
19.120034,-1,18,9993.172000,33.980000,457.716620,458.597154,460.000000,776,2.283380,PI,FIFO,true,PI_FIFO,457.716620
19.130039,-1,18,10004.654000,38.634000,458.061889,458.516864,460.000000,777,1.938111,PI,FIFO,true,PI_FIFO,458.061889
19.140018,-1,18,9979.265000,17.899000,463.671691,459.290088,460.000000,770,-3.671691,PI,FIFO,true,PI_FIFO,463.671691
19.150036,-1,18,10017.968000,35.867000,462.662338,459.795926,460.000000,770,-2.662338,PI,FIFO,true,PI_FIFO,462.662338
19.160018,-1,18,9982.376000,18.243000,461.931018,460.116189,460.000000,770,-1.931018,PI,FIFO,true,PI_FIFO,461.931018
19.170034,-1,18,10015.321000,33.564000,461.317660,460.296410,460.000000,770,-1.317660,PI,FIFO,true,PI_FIFO,461.317660
19.180019,-1,18,9985.913000,19.477000,462.364960,460.606693,460.000000,768,-2.364960,PI,FIFO,true,PI_FIFO,462.364960
19.190038,-1,18,10018.117000,37.594000,461.463731,460.735248,460.000000,768,-1.463731,PI,FIFO,true,PI_FIFO,461.463731
19.200021,-1,18,9983.450000,21.044000,464.985829,461.372835,460.000000,762,-4.985829,PI,FIFO,true,PI_FIFO,464.985829
19.210028,-1,18,10006.950000,27.994000,461.065574,461.326746,460.000000,766,-1.065574,PI,FIFO,true,PI_FIFO,461.065574
19.220018,-1,18,9989.820000,17.814000,458.275140,460.869005,460.000000,769,1.724860,PI,FIFO,true,PI_FIFO,458.275140
19.230024,-1,18,10006.265000,24.079000,455.318116,460.036372,460.000000,774,4.681884,PI,FIFO,true,PI_FIFO,455.318116
19.240014,-1,19,9989.654000,13.733000,452.364358,458.885570,460.000000,780,7.635642,PI,FIFO,true,PI_FIFO,452.364358
19.250021,-1,18,10007.691000,21.424000,456.915879,458.590116,460.000000,777,3.084121,PI,FIFO,true,PI_FIFO,456.915879
19.260017,-1,18,9995.598000,17.022000,458.061889,458.510882,460.000000,777,1.938111,PI,FIFO,true,PI_FIFO,458.061889
19.270022,-1,18,10004.672000,21.694000,462.582237,459.121585,460.000000,771,-2.582237,PI,FIFO,true,PI_FIFO,462.582237
19.280017,-1,18,9995.265000,16.959000,462.582237,459.640683,460.000000,770,-2.582237,PI,FIFO,true,PI_FIFO,462.582237
19.290021,-1,18,10004.376000,21.335000,461.822660,459.967980,460.000000,770,-1.822660,PI,FIFO,true,PI_FIFO,461.822660
19.300017,-1,18,9995.469000,16.804000,461.887669,460.255933,460.000000,769,-1.887669,PI,FIFO,true,PI_FIFO,461.887669
19.310021,-1,18,10004.246000,21.050000,462.095820,460.531916,460.000000,768,-2.095820,PI,FIFO,true,PI_FIFO,462.095820
19.320019,-1,18,9997.654000,18.704000,461.702955,460.707572,460.000000,768,-1.702955,PI,FIFO,true,PI_FIFO,461.702955
19.330034,-1,18,10015.543000,34.247000,464.108911,461.217773,460.000000,764,-4.108911,PI,FIFO,true,PI_FIFO,464.108911
19.340029,-1,18,9994.283000,28.530000,460.986025,461.183011,460.000000,767,-0.986025,PI,FIFO,true,PI_FIFO,460.986025
19.350042,-1,18,10013.099000,41.629000,457.987298,460.703654,460.000000,770,2.012702,PI,FIFO,true,PI_FIFO,457.987298
19.360016,-1,18,9974.616000,16.245000,456.496668,460.072606,460.000000,773,3.503332,PI,FIFO,true,PI_FIFO,456.496668
19.370076,-1,19,10059.470000,75.715000,451.864536,458.841395,460.000000,781,8.135464,PI,FIFO,true,PI_FIFO,451.864536
19.380030,-1,18,9953.838000,29.553000,457.317073,458.612747,460.000000,777,2.682927,PI,FIFO,true,PI_FIFO,457.317073
19.390023,-1,18,9993.191000,22.744000,457.904884,458.506568,460.000000,777,2.095116,PI,FIFO,true,PI_FIFO,457.904884
19.400019,-1,18,9996.468000,19.212000,462.506167,459.106508,460.000000,772,-2.506167,PI,FIFO,true,PI_FIFO,462.506167
19.410022,-1,18,10002.376000,21.588000,463.143526,459.712060,460.000000,770,-3.143526,PI,FIFO,true,PI_FIFO,463.143526
19.420019,-1,18,9996.987000,18.575000,460.849719,459.882709,460.000000,772,-0.849719,PI,FIFO,true,PI_FIFO,460.849719
19.430021,-1,18,10002.247000,20.822000,463.143526,460.371832,460.000000,768,-3.143526,PI,FIFO,true,PI_FIFO,463.143526
19.440018,-1,18,9997.450000,18.272000,461.368110,460.521273,460.000000,769,-1.368110,PI,FIFO,true,PI_FIFO,461.368110
19.450021,-1,18,10002.913000,21.185000,462.182148,460.770405,460.000000,767,-2.182148,PI,FIFO,true,PI_FIFO,462.182148
19.460027,-1,18,10005.672000,26.857000,463.671691,461.205598,460.000000,764,-3.671691,PI,FIFO,true,PI_FIFO,463.671691
19.470022,-1,18,9995.191000,22.048000,460.562227,461.109092,460.000000,767,-0.562227,PI,FIFO,true,PI_FIFO,460.562227
19.480020,-1,18,9997.469000,19.517000,458.916084,460.780141,460.000000,769,1.083916,PI,FIFO,true,PI_FIFO,458.916084
19.490021,-1,18,10001.931000,21.448000,457.317073,460.260681,460.000000,772,2.682927,PI,FIFO,true,PI_FIFO,457.317073
19.500019,-1,19,9997.210000,18.658000,452.323514,459.070106,460.000000,780,7.676486,PI,FIFO,true,PI_FIFO,452.323514
19.510022,-1,18,10003.765000,22.423000,456.648807,458.706911,460.000000,777,3.351193,PI,FIFO,true,PI_FIFO,456.648807
19.520018,-1,18,9995.913000,18.336000,458.612255,458.692713,460.000000,776,1.387745,PI,FIFO,true,PI_FIFO,458.612255
19.530028,-1,18,10009.709000,28.045000,461.822660,459.162205,460.000000,772,-1.822660,PI,FIFO,true,PI_FIFO,461.822660
19.540020,-1,18,9991.913000,19.958000,463.384495,459.795548,460.000000,769,-3.384495,PI,FIFO,true,PI_FIFO,463.384495
19.550023,-1,18,10003.080000,23.038000,461.281631,460.018461,460.000000,771,-1.281631,PI,FIFO,true,PI_FIFO,461.281631
19.560019,-1,18,9995.580000,18.618000,462.582237,460.403027,460.000000,768,-2.582237,PI,FIFO,true,PI_FIFO,462.582237
19.570020,-1,18,10001.839000,20.457000,461.281631,460.534818,460.000000,769,-1.281631,PI,FIFO,true,PI_FIFO,461.281631
19.580015,-1,18,9994.690000,15.147000,461.942427,460.745959,460.000000,768,-1.942427,PI,FIFO,true,PI_FIFO,461.942427
19.590021,-1,18,10005.728000,20.875000,462.962963,461.078510,460.000000,765,-2.962963,PI,FIFO,true,PI_FIFO,462.962963
19.600015,-1,18,9994.117000,14.992000,461.702955,461.172176,460.000000,766,-1.702955,PI,FIFO,true,PI_FIFO,461.702955
19.610021,-1,18,10005.691000,20.683000,459.558824,460.930174,460.000000,768,0.441176,PI,FIFO,true,PI_FIFO,459.558824
19.620015,-1,18,9994.117000,14.800000,456.821873,460.313928,460.000000,772,3.178127,PI,FIFO,true,PI_FIFO,456.821873
19.630021,-1,19,10006.561000,21.361000,453.002761,459.217253,460.000000,779,6.997239,PI,FIFO,true,PI_FIFO,453.002761
19.640015,-1,18,9993.617000,14.978000,456.821873,458.857946,460.000000,776,3.178127,PI,FIFO,true,PI_FIFO,456.821873
19.650038,-1,18,10022.728000,37.706000,458.435208,458.794536,460.000000,775,1.564792,PI,FIFO,true,PI_FIFO,458.435208
19.660016,-1,18,9978.135000,15.841000,462.422118,459.338673,460.000000,771,-2.422118,PI,FIFO,true,PI_FIFO,462.422118
19.670036,-1,18,10019.950000,35.791000,462.364960,459.792616,460.000000,770,-2.364960,PI,FIFO,true,PI_FIFO,462.364960
19.680020,-1,18,9983.765000,19.556000,459.809264,459.795113,460.000000,772,0.190736,PI,FIFO,true,PI_FIFO,459.809264
19.690039,-1,18,10019.469000,39.025000,463.649852,460.373324,460.000000,767,-3.649852,PI,FIFO,true,PI_FIFO,463.649852
19.700021,-1,18,9982.394000,21.419000,460.235641,460.352672,460.000000,770,-0.235641,PI,FIFO,true,PI_FIFO,460.235641
19.710025,-1,18,10003.691000,25.110000,462.973850,460.745848,460.000000,766,-2.973850,PI,FIFO,true,PI_FIFO,462.973850
19.720019,-1,18,9993.783000,18.893000,462.902807,461.069392,460.000000,765,-2.902807,PI,FIFO,true,PI_FIFO,462.902807
19.730021,-1,18,10001.784000,20.677000,461.541167,461.140158,460.000000,766,-1.541167,PI,FIFO,true,PI_FIFO,461.541167
19.740026,-1,18,10004.950000,25.627000,459.809264,460.940524,460.000000,768,0.190736,PI,FIFO,true,PI_FIFO,459.809264
19.750026,-1,18,10000.672000,26.299000,456.363004,460.253896,460.000000,773,3.636996,PI,FIFO,true,PI_FIFO,456.363004
19.760031,-1,18,10004.876000,31.175000,453.336557,459.216295,460.000000,778,6.663443,PI,FIFO,true,PI_FIFO,453.336557
19.770065,-1,18,10033.710000,64.885000,455.376317,458.640298,460.000000,778,4.623683,PI,FIFO,true,PI_FIFO,455.376317
19.780031,-1,18,9965.728000,30.613000,457.423327,458.457753,460.000000,777,2.576673,PI,FIFO,true,PI_FIFO,457.423327
19.790022,-1,18,9991.690000,22.303000,462.328767,459.038405,460.000000,771,-2.328767,PI,FIFO,true,PI_FIFO,462.328767
19.800019,-1,18,9996.710000,19.013000,463.235294,459.667938,460.000000,769,-3.235294,PI,FIFO,true,PI_FIFO,463.235294
19.810021,-1,18,10001.857000,20.870000,459.558824,459.651571,460.000000,773,0.441176,PI,FIFO,true,PI_FIFO,459.558824
19.820019,-1,18,9998.339000,19.209000,463.191700,460.182590,460.000000,768,-3.191700,PI,FIFO,true,PI_FIFO,463.191700
19.830045,-1,18,10025.673000,44.882000,460.747543,460.267333,460.000000,770,-0.747543,PI,FIFO,true,PI_FIFO,460.747543
19.840019,-1,18,9974.320000,19.202000,462.147887,460.549416,460.000000,768,-2.147887,PI,FIFO,true,PI_FIFO,462.147887
19.850049,-1,18,10029.691000,48.893000,463.547962,460.999198,460.000000,765,-3.547962,PI,FIFO,true,PI_FIFO,463.547962
19.860023,-1,18,9973.654000,22.547000,461.757670,461.112969,460.000000,766,-1.757670,PI,FIFO,true,PI_FIFO,461.757670
19.870041,-1,18,10018.598000,41.145000,460.747543,461.058155,460.000000,767,-0.747543,PI,FIFO,true,PI_FIFO,460.747543
19.880019,-1,18,9977.561000,18.706000,455.318116,460.197149,460.000000,774,4.681884,PI,FIFO,true,PI_FIFO,455.318116
19.890031,-1,18,10011.913000,30.619000,454.864658,459.397275,460.000000,777,5.135342,PI,FIFO,true,PI_FIFO,454.864658
19.900022,-1,18,9991.506000,22.125000,455.318116,458.785401,460.000000,778,4.681884,PI,FIFO,true,PI_FIFO,455.318116
19.910032,-1,18,10010.191000,32.316000,457.152756,458.540505,460.000000,778,2.847244,PI,FIFO,true,PI_FIFO,457.152756
19.920018,-1,18,9985.283000,17.599000,462.408399,459.120689,460.000000,771,-2.408399,PI,FIFO,true,PI_FIFO,462.408399
19.930026,-1,18,10008.543000,26.142000,462.835985,459.677983,460.000000,770,-2.835985,PI,FIFO,true,PI_FIFO,462.835985
19.940017,-1,18,9990.765000,16.907000,460.806572,459.847272,460.000000,771,-0.806572,PI,FIFO,true,PI_FIFO,460.806572
19.950032,-1,18,10015.080000,31.987000,461.873221,460.151164,460.000000,770,-1.873221,PI,FIFO,true,PI_FIFO,461.873221
19.960016,-1,18,9984.468000,16.455000,461.497890,460.353173,460.000000,769,-1.497890,PI,FIFO,true,PI_FIFO,461.497890
19.970037,-1,18,10020.932000,37.387000,462.422118,460.663515,460.000000,767,-2.422118,PI,FIFO,true,PI_FIFO,462.422118
19.980017,-1,18,9979.801000,17.188000,463.017404,461.016598,460.000000,766,-3.017404,PI,FIFO,true,PI_FIFO,463.017404
19.990032,-1,18,10014.395000,31.583000,460.813763,460.986173,460.000000,767,-0.813763,PI,FIFO,true,PI_FIFO,460.813763
