elapsed_s,step_index,pwm_percent,loop_period_us,late_us,raw_rpm,filtered_rpm,target_rpm,pwm,error_rpm,intended_mode,intended_fifo,fifo_active,condition,fb_rpm
0.010021,-1,15,10020.691000,20.691000,0.000000,0.000000,460.000000,650,460.000000,PI,FIFO,true,PI_FIFO,0.000000
0.020023,-1,20,10002.376000,23.067000,0.000066,0.000010,460.000000,839,459.999934,PI,FIFO,true,PI_FIFO,0.000033
0.030020,-1,23,9997.173000,20.240000,118.013595,17.702048,460.000000,945,341.986405,PI,FIFO,true,PI_FIFO,59.006814
0.040020,-1,24,10000.246000,20.486000,238.065008,50.756492,460.000000,984,221.934992,PI,FIFO,true,PI_FIFO,148.535911
0.050020,-1,23,9999.617000,20.103000,346.901018,95.178171,460.000000,973,113.098982,PI,FIFO,true,PI_FIFO,247.718464
0.060022,-1,22,10002.005000,22.108000,425.411231,144.713130,460.000000,935,34.588769,PI,FIFO,true,PI_FIFO,336.564848
0.070017,-1,21,9995.173000,17.281000,472.575612,193.892502,460.000000,890,-12.575612,PI,FIFO,true,PI_FIFO,404.570230
0.080016,-1,20,9998.894000,16.175000,499.429224,239.723010,460.000000,845,-39.429224,PI,FIFO,true,PI_FIFO,451.999727
0.090016,-1,19,9999.561000,15.736000,506.507859,279.740737,460.000000,810,-46.507859,PI,FIFO,true,PI_FIFO,479.253793
0.100017,-1,19,10000.802000,16.538000,507.504921,313.905365,460.000000,782,-47.504921,PI,FIFO,true,PI_FIFO,493.379357
0.110022,-1,18,10005.802000,22.340000,500.121242,341.837747,460.000000,764,-40.121242,PI,FIFO,true,PI_FIFO,496.750299
0.120022,-1,18,10000.062000,22.402000,494.242508,364.698461,460.000000,750,-34.242508,PI,FIFO,true,PI_FIFO,495.496404
0.130018,-1,18,9995.264000,17.666000,483.960177,382.587718,460.000000,744,-23.960177,PI,FIFO,true,PI_FIFO,489.728290
0.140023,-1,18,10005.043000,22.709000,472.802594,396.119950,460.000000,744,-12.802594,PI,FIFO,true,PI_FIFO,481.265442
0.150024,-1,18,10000.839000,23.548000,466.417910,406.664644,460.000000,745,-6.417910,PI,FIFO,true,PI_FIFO,473.841676
0.160020,-1,18,9996.247000,19.795000,459.558824,414.598771,460.000000,750,0.441176,PI,FIFO,true,PI_FIFO,466.700250
0.170028,-1,18,10008.190000,27.985000,456.574675,420.895156,460.000000,754,3.425325,PI,FIFO,true,PI_FIFO,461.637463
0.180017,-1,18,9988.784000,16.769000,455.539359,426.091787,460.000000,758,4.460641,PI,FIFO,true,PI_FIFO,458.588411
0.190018,-1,18,10001.320000,18.089000,453.555878,430.211400,460.000000,762,6.444122,PI,FIFO,true,PI_FIFO,456.072144
0.200023,-1,18,10004.450000,22.539000,451.406488,433.390663,460.000000,767,8.593512,PI,FIFO,true,PI_FIFO,453.739316
0.210022,-1,18,9999.284000,21.823000,450.265420,435.921877,460.000000,772,9.734580,PI,FIFO,true,PI_FIFO,452.002368
0.220012,-1,18,9989.765000,11.588000,449.209391,437.915004,460.000000,777,10.790609,PI,FIFO,true,PI_FIFO,450.605880
0.230021,-1,19,10009.302000,20.890000,453.937309,440.318350,460.000000,779,6.062691,PI,FIFO,true,PI_FIFO,452.271594
0.240021,-1,19,10000.320000,21.210000,456.426485,442.734570,460.000000,779,3.573515,PI,FIFO,true,PI_FIFO,454.349040
0.250022,-1,18,10001.284000,22.494000,461.570022,445.559888,460.000000,776,-1.570022,PI,FIFO,true,PI_FIFO,457.959531
0.260020,-1,18,9997.468000,19.962000,462.734452,448.136072,460.000000,774,-2.734452,PI,FIFO,true,PI_FIFO,460.346991
0.270021,-1,18,10001.450000,21.412000,460.461690,449.984915,460.000000,773,-0.461690,PI,FIFO,true,PI_FIFO,460.404341
0.280013,-1,18,9992.024000,13.436000,462.506167,451.863103,460.000000,772,-2.506167,PI,FIFO,true,PI_FIFO,461.455254
0.290018,-1,18,10004.673000,18.109000,460.687961,453.186831,460.000000,772,-0.687961,PI,FIFO,true,PI_FIFO,461.071607
0.300021,-1,18,10002.617000,20.726000,463.879268,454.790697,460.000000,769,-3.879268,PI,FIFO,true,PI_FIFO,462.475437
0.310021,-1,18,10000.153000,20.879000,462.734452,455.982260,460.000000,768,-2.734452,PI,FIFO,true,PI_FIFO,462.604945
0.320021,-1,18,9999.765000,20.644000,462.422118,456.948239,460.000000,767,-2.422118,PI,FIFO,true,PI_FIFO,462.513532
0.330019,-1,18,9998.247000,18.891000,459.558824,457.339827,460.000000,768,0.441176,PI,FIFO,true,PI_FIFO,461.036178
0.340031,-1,18,10012.413000,31.304000,456.574675,457.225054,460.000000,771,3.425325,PI,FIFO,true,PI_FIFO,458.805426
0.350017,-1,18,9985.487000,16.791000,455.760817,457.005418,460.000000,773,4.239183,PI,FIFO,true,PI_FIFO,457.283122
0.360026,-1,18,10008.765000,25.556000,456.648807,456.951927,460.000000,775,3.351193,PI,FIFO,true,PI_FIFO,456.965964
0.370023,-1,18,9997.598000,23.154000,458.211144,457.140809,460.000000,775,1.788856,PI,FIFO,true,PI_FIFO,457.588554
0.380026,-1,18,10003.061000,26.215000,462.662338,457.969038,460.000000,773,-2.662338,PI,FIFO,true,PI_FIFO,460.125446
0.390040,-1,18,10013.765000,39.980000,462.734452,458.683850,460.000000,771,-2.734452,PI,FIFO,true,PI_FIFO,461.429949
0.400041,-1,18,10000.691000,40.671000,459.558824,458.815096,460.000000,772,0.441176,PI,FIFO,true,PI_FIFO,460.494386
0.410020,-1,18,9978.895000,19.566000,462.962963,459.437276,460.000000,770,-2.962963,PI,FIFO,true,PI_FIFO,461.728675
0.420015,-1,18,9995.616000,15.182000,460.009814,459.523157,460.000000,770,-0.009814,PI,FIFO,true,PI_FIFO,460.869244
0.430016,-1,18,10000.321000,15.503000,462.050271,459.902224,460.000000,769,-2.050271,PI,FIFO,true,PI_FIFO,461.459758
0.440024,-1,18,10008.635000,24.138000,462.962963,460.361335,460.000000,767,-2.962963,PI,FIFO,true,PI_FIFO,462.211360
0.450018,-1,18,9994.135000,18.273000,461.595273,460.546426,460.000000,767,-1.595273,PI,FIFO,true,PI_FIFO,461.903317
0.460023,-1,18,10004.858000,23.131000,459.558824,460.398285,460.000000,768,0.441176,PI,FIFO,true,PI_FIFO,460.731070
0.470020,-1,18,9997.098000,20.229000,455.834684,459.713745,460.000000,771,4.165316,PI,FIFO,true,PI_FIFO,458.282877
0.480016,-1,18,9995.395000,15.624000,455.795803,459.126054,460.000000,773,4.204197,PI,FIFO,true,PI_FIFO,457.039340
0.490015,-1,18,9999.413000,15.037000,456.426485,458.721119,460.000000,775,3.573515,PI,FIFO,true,PI_FIFO,456.732913
0.500016,-1,18,10000.987000,16.024000,457.669579,458.563388,460.000000,776,2.330421,PI,FIFO,true,PI_FIFO,457.201246
0.510025,-1,18,10008.857000,24.881000,463.235294,459.264174,460.000000,773,-3.235294,PI,FIFO,true,PI_FIFO,460.218270
0.520022,-1,18,9996.654000,21.535000,462.962963,459.818992,460.000000,771,-2.962963,PI,FIFO,true,PI_FIFO,461.590616
0.530026,-1,18,10004.284000,25.819000,460.310966,459.892788,460.000000,771,-0.310966,PI,FIFO,true,PI_FIFO,460.950791
0.540014,-1,18,9988.505000,14.324000,462.050271,460.216410,460.000000,770,-2.050271,PI,FIFO,true,PI_FIFO,461.500531
0.550023,-1,18,10008.469000,22.793000,461.368110,460.389165,460.000000,769,-1.368110,PI,FIFO,true,PI_FIFO,461.434321
0.560015,-1,18,9991.783000,14.576000,461.822660,460.604190,460.000000,768,-1.822660,PI,FIFO,true,PI_FIFO,461.628490
0.570016,-1,18,10001.265000,15.841000,462.734452,460.923729,460.000000,767,-2.734452,PI,FIFO,true,PI_FIFO,462.181471
0.580015,-1,18,9999.043000,14.884000,461.822660,461.058569,460.000000,766,-1.822660,PI,FIFO,true,PI_FIFO,462.002066
0.590030,-1,18,10014.709000,29.593000,460.009814,460.901255,460.000000,767,-0.009814,PI,FIFO,true,PI_FIFO,461.005940
0.600021,-1,18,9991.432000,21.025000,455.562660,460.100466,460.000000,770,4.437340,PI,FIFO,true,PI_FIFO,458.284300
0.610021,-1,18,9999.783000,20.808000,455.539359,459.416300,460.000000,773,4.460641,PI,FIFO,true,PI_FIFO,456.911829
0.620024,-1,18,10003.080000,23.888000,456.081081,458.916017,460.000000,775,3.918919,PI,FIFO,true,PI_FIFO,456.496455
0.630016,-1,18,9991.783000,15.671000,457.434515,458.693792,460.000000,775,2.565485,PI,FIFO,true,PI_FIFO,456.965485
0.640015,-1,18,9999.543000,15.214000,463.420662,459.402822,460.000000,772,-3.420662,PI,FIFO,true,PI_FIFO,460.193074
0.650014,-1,18,9998.432000,13.646000,461.368110,459.697616,460.000000,771,-1.368110,PI,FIFO,true,PI_FIFO,460.780592
0.660016,-1,18,10001.987000,15.633000,460.461690,459.812227,460.000000,771,-0.461690,PI,FIFO,true,PI_FIFO,460.621141
0.670015,-1,18,9998.876000,14.509000,462.050271,460.147933,460.000000,770,-2.050271,PI,FIFO,true,PI_FIFO,461.335706
0.680015,-1,18,10000.820000,15.329000,460.235641,460.161089,460.000000,770,-0.235641,PI,FIFO,true,PI_FIFO,460.785673
0.690014,-1,18,9998.710000,14.039000,461.368110,460.342143,460.000000,769,-1.368110,PI,FIFO,true,PI_FIFO,461.076892
0.700014,-1,18,9999.857000,13.896000,462.962963,460.735266,460.000000,768,-2.962963,PI,FIFO,true,PI_FIFO,462.019927
0.710018,-1,18,10004.284000,18.180000,460.621387,460.718184,460.000000,768,-0.621387,PI,FIFO,true,PI_FIFO,461.320657
0.720020,-1,18,10002.116000,20.296000,461.368110,460.815673,460.000000,767,-1.368110,PI,FIFO,true,PI_FIFO,461.344384
0.730018,-1,18,9997.710000,18.006000,456.426485,460.157295,460.000000,770,3.573515,PI,FIFO,true,PI_FIFO,458.885434
0.740016,-1,18,9998.357000,16.363000,455.318116,459.431418,460.000000,773,4.681884,PI,FIFO,true,PI_FIFO,457.101775
0.750031,-1,18,10014.321000,30.684000,457.199692,459.096659,460.000000,774,2.800308,PI,FIFO,true,PI_FIFO,457.150733
0.760036,-1,18,10004.839000,35.523000,456.262807,458.671581,460.000000,776,3.737193,PI,FIFO,true,PI_FIFO,456.706770
0.770026,-1,18,9990.117000,25.640000,463.483146,459.393316,460.000000,773,-3.483146,PI,FIFO,true,PI_FIFO,460.094958
0.780038,-1,18,10012.802000,38.442000,462.107209,459.800400,460.000000,771,-2.107209,PI,FIFO,true,PI_FIFO,461.101084
0.790040,-1,18,10001.246000,39.688000,460.996871,459.979870,460.000000,771,-0.996871,PI,FIFO,true,PI_FIFO,461.048977
0.800028,-1,18,9987.839000,27.527000,460.986025,460.130794,460.000000,770,-0.986025,PI,FIFO,true,PI_FIFO,461.017501
0.810027,-1,18,9999.061000,26.588000,460.033574,460.116211,460.000000,771,-0.033574,PI,FIFO,true,PI_FIFO,460.525538
0.820022,-1,18,9995.302000,21.890000,462.147887,460.420962,460.000000,769,-2.147887,PI,FIFO,true,PI_FIFO,461.336713
0.830021,-1,18,9998.654000,20.544000,463.649852,460.905296,460.000000,767,-3.649852,PI,FIFO,true,PI_FIFO,462.493282
0.840017,-1,18,9996.246000,16.790000,460.461690,460.838755,460.000000,768,-0.461690,PI,FIFO,true,PI_FIFO,461.477486
0.850015,-1,18,9998.191000,14.981000,461.822660,460.986341,460.000000,767,-1.822660,PI,FIFO,true,PI_FIFO,461.650073
0.860014,-1,18,9999.395000,14.376000,456.965110,460.383156,460.000000,769,3.034890,PI,FIFO,true,PI_FIFO,459.307592
0.870014,-1,18,9999.227000,13.603000,455.539359,459.656586,460.000000,772,4.460641,PI,FIFO,true,PI_FIFO,457.423475
0.880020,-1,18,10006.895000,20.498000,456.029186,459.112476,460.000000,774,3.970814,PI,FIFO,true,PI_FIFO,456.726330
0.890017,-1,18,9996.598000,17.096000,457.540264,458.876644,460.000000,775,2.459736,PI,FIFO,true,PI_FIFO,457.133297
0.900011,-1,18,9993.617000,10.713000,462.734452,459.455316,460.000000,772,-2.734452,PI,FIFO,true,PI_FIFO,459.933875
0.910024,-1,18,10013.450000,24.163000,462.075575,459.848354,460.000000,771,-2.075575,PI,FIFO,true,PI_FIFO,461.004725
0.920022,-1,18,9998.191000,22.354000,461.141171,460.042277,460.000000,770,-1.141171,PI,FIFO,true,PI_FIFO,461.072948
0.930019,-1,18,9996.413000,18.767000,460.009814,460.037407,460.000000,771,-0.009814,PI,FIFO,true,PI_FIFO,460.541381
0.940018,-1,18,9998.765000,17.532000,460.461690,460.101050,460.000000,770,-0.461690,PI,FIFO,true,PI_FIFO,460.501535
0.950038,-1,18,10020.265000,37.797000,462.506167,460.461817,460.000000,769,-2.506167,PI,FIFO,true,PI_FIFO,461.503851
0.960011,-1,18,9973.431000,11.228000,463.420662,460.905644,460.000000,767,-3.420662,PI,FIFO,true,PI_FIFO,462.462257
0.970042,-1,18,10030.729000,41.957000,461.463731,460.989357,460.000000,767,-1.463731,PI,FIFO,true,PI_FIFO,461.962994
0.980062,-1,18,10020.061000,62.018000,460.986025,460.988857,460.000000,766,-0.986025,PI,FIFO,true,PI_FIFO,461.474509
0.990046,-1,18,9984.394000,46.412000,456.965110,460.385295,460.000000,769,3.034890,PI,FIFO,true,PI_FIFO,459.219810
1.000032,-1,18,9985.747000,32.159000,455.329755,459.626964,460.000000,772,4.670245,PI,FIFO,true,PI_FIFO,457.274782
1.010023,-1,18,9990.839000,22.998000,456.574675,459.169121,460.000000,774,3.425325,PI,FIFO,true,PI_FIFO,456.924729
1.020024,-1,18,10001.190000,24.188000,456.648807,458.791074,460.000000,775,3.351193,PI,FIFO,true,PI_FIFO,456.786768
1.030024,-1,18,10000.062000,24.250000,463.853766,459.550477,460.000000,771,-3.853766,PI,FIFO,true,PI_FIFO,460.320267
1.040026,-1,18,10002.153000,26.403000,461.931018,459.907559,460.000000,770,-1.931018,PI,FIFO,true,PI_FIFO,461.125643
1.050027,-1,18,10000.802000,27.205000,461.224754,460.105138,460.000000,770,-1.224754,PI,FIFO,true,PI_FIFO,461.175198
1.060020,-1,18,9992.710000,19.915000,461.595273,460.328658,460.000000,769,-1.595273,PI,FIFO,true,PI_FIFO,461.385236
1.070018,-1,18,9998.561000,18.476000,460.687961,460.382554,460.000000,769,-0.687961,PI,FIFO,true,PI_FIFO,461.036598
1.080018,-1,18,9999.394000,17.870000,462.278107,460.666887,460.000000,767,-2.278107,PI,FIFO,true,PI_FIFO,461.657352
1.090018,-1,18,10000.395000,18.265000,462.734452,460.977021,460.000000,766,-2.734452,PI,FIFO,true,PI_FIFO,462.195902
1.100022,-1,18,10003.765000,22.030000,461.822660,461.103867,460.000000,765,-1.822660,PI,FIFO,true,PI_FIFO,462.009281
1.110020,-1,18,9997.598000,19.628000,460.461690,461.007541,460.000000,766,-0.461690,PI,FIFO,true,PI_FIFO,461.235485
1.120021,-1,18,10000.913000,20.541000,457.317073,460.453970,460.000000,768,2.682927,PI,FIFO,true,PI_FIFO,459.276279
1.130018,-1,18,9997.006000,17.547000,455.097087,459.650438,460.000000,771,4.902913,PI,FIFO,true,PI_FIFO,457.186683
1.140042,-1,18,10024.469000,42.016000,455.562660,459.037271,460.000000,773,4.437340,PI,FIFO,true,PI_FIFO,456.374672
1.150024,-1,18,9981.820000,23.836000,455.982490,458.579054,460.000000,775,4.017510,PI,FIFO,true,PI_FIFO,456.178581
1.160011,-1,18,9987.080000,10.916000,463.191700,459.270951,460.000000,772,-3.191700,PI,FIFO,true,PI_FIFO,459.685140
1.170012,-1,18,10001.320000,12.236000,461.570022,459.615812,460.000000,771,-1.570022,PI,FIFO,true,PI_FIFO,460.627581
1.180010,-1,18,9998.135000,10.371000,460.687961,459.776634,460.000000,770,-0.687961,PI,FIFO,true,PI_FIFO,460.657771
1.190013,-1,18,10002.617000,12.988000,461.141171,459.981314,460.000000,770,-1.141171,PI,FIFO,true,PI_FIFO,460.899471
1.200014,-1,18,10000.839000,13.827000,459.796076,459.953529,460.000000,770,0.203924,PI,FIFO,true,PI_FIFO,460.347774
1.210027,-1,18,10013.098000,26.925000,463.879268,460.542390,460.000000,768,-3.879268,PI,FIFO,true,PI_FIFO,462.113521
1.220014,-1,18,9986.895000,13.820000,462.582237,460.848367,460.000000,766,-2.582237,PI,FIFO,true,PI_FIFO,462.347879
1.230018,-1,18,10003.950000,17.770000,461.822660,460.994511,460.000000,766,-1.822660,PI,FIFO,true,PI_FIFO,462.085269
1.240013,-1,18,9995.635000,13.405000,461.317660,461.042983,460.000000,765,-1.317660,PI,FIFO,true,PI_FIFO,461.701465
1.250015,-1,18,10002.080000,15.485000,457.987298,460.584630,460.000000,767,2.012702,PI,FIFO,true,PI_FIFO,459.844382
1.260016,-1,18,10000.821000,16.306000,455.097087,459.761499,460.000000,771,4.902913,PI,FIFO,true,PI_FIFO,457.470734
1.270017,-1,18,10000.209000,16.515000,456.648807,459.294595,460.000000,772,3.351193,PI,FIFO,true,PI_FIFO,457.059771
1.280020,-1,18,10003.265000,19.780000,455.562660,458.734805,460.000000,775,4.437340,PI,FIFO,true,PI_FIFO,456.311215
1.290039,-1,18,10018.987000,38.767000,463.143526,459.396113,460.000000,771,-3.143526,PI,FIFO,true,PI_FIFO,459.727370
1.300022,-1,18,9982.857000,21.624000,461.368110,459.691913,460.000000,770,-1.368110,PI,FIFO,true,PI_FIFO,460.547740
1.310021,-1,18,9999.302000,20.926000,461.224754,459.921839,460.000000,770,-1.224754,PI,FIFO,true,PI_FIFO,460.886247
1.320020,-1,18,9999.543000,20.469000,461.368110,460.138779,460.000000,769,-1.368110,PI,FIFO,true,PI_FIFO,461.127179
1.330026,-1,18,10005.284000,25.753000,459.773470,460.083983,460.000000,769,0.226530,PI,FIFO,true,PI_FIFO,460.450325
1.340028,-1,18,10002.116000,27.869000,463.867188,460.651464,460.000000,767,-3.867188,PI,FIFO,true,PI_FIFO,462.158756
1.350023,-1,18,9995.580000,23.449000,460.986025,460.701648,460.000000,767,-0.986025,PI,FIFO,true,PI_FIFO,461.572390
1.360035,-1,18,10011.228000,34.677000,462.582237,460.983736,460.000000,765,-2.582237,PI,FIFO,true,PI_FIFO,462.077314
1.370033,-1,18,9998.617000,33.294000,460.747543,460.948307,460.000000,765,-0.747543,PI,FIFO,true,PI_FIFO,461.412428
1.380017,-1,18,9983.802000,17.096000,457.094100,460.370176,460.000000,768,2.905900,PI,FIFO,true,PI_FIFO,459.253264
1.390019,-1,18,10002.153000,19.249000,455.562660,459.649049,460.000000,771,4.437340,PI,FIFO,true,PI_FIFO,457.407962
1.400029,-1,18,10009.914000,29.163000,454.876274,458.933132,460.000000,774,5.123726,PI,FIFO,true,PI_FIFO,456.142118
1.410026,-1,18,9997.246000,26.409000,456.327745,458.542324,460.000000,775,3.672255,PI,FIFO,true,PI_FIFO,456.234931
1.420015,-1,18,9988.950000,15.359000,461.714353,459.018129,460.000000,773,-1.714353,PI,FIFO,true,PI_FIFO,458.974642
1.430015,-1,18,9999.339000,14.698000,462.182148,459.492732,460.000000,771,-2.182148,PI,FIFO,true,PI_FIFO,460.578395
1.440015,-1,18,10000.450000,15.148000,461.368110,459.774038,460.000000,770,-1.368110,PI,FIFO,true,PI_FIFO,460.973253
1.450013,-1,18,9998.339000,13.487000,462.050271,460.115473,460.000000,769,-2.050271,PI,FIFO,true,PI_FIFO,461.511762
1.460018,-1,18,10004.209000,17.696000,459.784208,460.065783,460.000000,770,0.215792,PI,FIFO,true,PI_FIFO,460.647985
1.470016,-1,18,9997.932000,15.628000,462.835985,460.481314,460.000000,768,-2.835985,PI,FIFO,true,PI_FIFO,461.741985
1.480017,-1,18,10001.654000,17.282000,461.595273,460.648408,460.000000,767,-1.595273,PI,FIFO,true,PI_FIFO,461.668629
1.490014,-1,18,9996.820000,14.102000,463.890198,461.134676,460.000000,765,-3.890198,PI,FIFO,true,PI_FIFO,462.779413
1.500015,-1,18,10000.950000,15.052000,460.271318,461.005172,460.000000,766,-0.271318,PI,FIFO,true,PI_FIFO,461.525366
1.510014,-1,18,9999.006000,14.058000,457.094100,460.418512,460.000000,768,2.905900,PI,FIFO,true,PI_FIFO,459.309733
1.520018,-1,18,10004.209000,18.267000,456.965110,459.900501,460.000000,770,3.034890,PI,FIFO,true,PI_FIFO,458.137422
1.530028,-1,18,10009.895000,28.162000,454.876274,459.146867,460.000000,773,5.123726,PI,FIFO,true,PI_FIFO,456.506848
1.540028,-1,18,10000.024000,28.186000,456.730769,458.784453,460.000000,774,3.269231,PI,FIFO,true,PI_FIFO,456.618808
1.550032,-1,18,10004.247000,32.433000,460.461690,459.036038,460.000000,773,-0.461690,PI,FIFO,true,PI_FIFO,458.540249
1.560013,-1,18,9980.672000,13.105000,461.317660,459.378281,460.000000,772,-1.317660,PI,FIFO,true,PI_FIFO,459.928954
1.570014,-1,18,10001.135000,14.240000,461.714353,459.728692,460.000000,770,-1.714353,PI,FIFO,true,PI_FIFO,460.821654
1.580016,-1,18,10002.246000,16.486000,462.050271,460.076929,460.000000,769,-2.050271,PI,FIFO,true,PI_FIFO,461.435962
1.590021,-1,18,10004.432000,20.918000,460.562227,460.149724,460.000000,769,-0.562227,PI,FIFO,true,PI_FIFO,460.999095
1.600020,-1,18,9998.728000,19.646000,463.017404,460.579876,460.000000,767,-3.017404,PI,FIFO,true,PI_FIFO,462.008249
1.610015,-1,18,9994.894000,14.540000,461.822660,460.766293,460.000000,767,-1.822660,PI,FIFO,true,PI_FIFO,461.915455
1.620012,-1,18,9997.062000,11.602000,463.453390,461.169358,460.000000,765,-3.453390,PI,FIFO,true,PI_FIFO,462.684422
1.630032,-1,18,10020.283000,31.885000,460.562227,461.078288,460.000000,765,-0.562227,PI,FIFO,true,PI_FIFO,461.623325
1.640018,-1,18,9985.839000,17.724000,456.871345,460.447247,460.000000,768,3.128655,PI,FIFO,true,PI_FIFO,459.247335
1.650022,-1,18,10004.061000,21.785000,456.262807,459.819581,460.000000,770,3.737193,PI,FIFO,true,PI_FIFO,457.755071
1.660014,-1,18,9991.802000,13.587000,454.876274,459.078085,460.000000,773,5.123726,PI,FIFO,true,PI_FIFO,456.315672
1.670018,-1,18,10004.191000,17.778000,456.081081,458.628534,460.000000,775,3.918919,PI,FIFO,true,PI_FIFO,456.198377
1.680016,-1,18,9998.432000,16.210000,460.849719,458.961712,460.000000,773,-0.849719,PI,FIFO,true,PI_FIFO,458.524048
1.690014,-1,18,9997.931000,14.141000,462.050271,459.424996,460.000000,771,-2.050271,PI,FIFO,true,PI_FIFO,460.287159
1.700014,-1,18,9999.747000,13.888000,462.182148,459.838569,460.000000,770,-2.182148,PI,FIFO,true,PI_FIFO,461.234654
1.710015,-1,18,10000.950000,14.838000,461.141171,460.033959,460.000000,769,-1.141171,PI,FIFO,true,PI_FIFO,461.187912
1.720014,-1,18,9998.987000,13.825000,460.509307,460.105261,460.000000,769,-0.509307,PI,FIFO,true,PI_FIFO,460.848610
1.730020,-1,18,10005.709000,19.534000,462.506167,460.465397,460.000000,768,-2.506167,PI,FIFO,true,PI_FIFO,461.677388
1.740033,-1,18,10013.951000,33.485000,462.662338,460.794938,460.000000,767,-2.662338,PI,FIFO,true,PI_FIFO,462.169863
1.750007,-1,18,9973.690000,7.175000,462.734452,461.085865,460.000000,765,-2.734452,PI,FIFO,true,PI_FIFO,462.452158
1.760007,-1,18,9999.635000,6.810000,461.368110,461.128202,460.000000,765,-1.368110,PI,FIFO,true,PI_FIFO,461.910134
1.770007,-1,18,9999.784000,6.594000,456.262807,460.398393,460.000000,768,3.737193,PI,FIFO,true,PI_FIFO,459.086471
1.780006,-1,18,9999.876000,6.470000,457.540264,459.969673,460.000000,770,2.459736,PI,FIFO,true,PI_FIFO,458.313367
1.790016,-1,18,10009.376000,15.846000,453.555878,459.007604,460.000000,774,6.444122,PI,FIFO,true,PI_FIFO,455.934623
1.800007,-1,18,9991.543000,7.389000,457.540264,458.787503,460.000000,774,2.459736,PI,FIFO,true,PI_FIFO,456.737443
1.810007,-1,18,9999.320000,6.709000,460.509307,459.045774,460.000000,773,-0.509307,PI,FIFO,true,PI_FIFO,458.623375
1.820032,-1,18,10024.969000,31.678000,461.463731,459.408467,460.000000,772,-1.463731,PI,FIFO,true,PI_FIFO,460.043553
1.830037,-1,18,10005.524000,37.202000,464.108911,460.113534,460.000000,769,-4.108911,PI,FIFO,true,PI_FIFO,462.076232
1.840024,-1,18,9986.376000,23.578000,460.634066,460.191614,460.000000,769,-0.634066,PI,FIFO,true,PI_FIFO,461.355149
1.850017,-1,18,9993.246000,16.824000,460.271318,460.203569,460.000000,769,-0.271318,PI,FIFO,true,PI_FIFO,460.813233
1.860009,-1,18,9992.154000,8.978000,463.879268,460.754924,460.000000,767,-3.879268,PI,FIFO,true,PI_FIFO,462.346251
1.870025,-1,18,10016.210000,25.188000,462.506167,461.017610,460.000000,765,-2.506167,PI,FIFO,true,PI_FIFO,462.426209
1.880012,-1,18,9986.950000,12.138000,462.050271,461.172510,460.000000,765,-2.050271,PI,FIFO,true,PI_FIFO,462.238240
1.890007,-1,18,9994.746000,6.884000,461.224754,461.180346,460.000000,764,-1.224754,PI,FIFO,true,PI_FIFO,461.731497
1.900008,-1,18,10000.876000,7.760000,455.982490,460.400668,460.000000,768,4.017510,PI,FIFO,true,PI_FIFO,458.856994
1.910007,-1,18,9998.932000,6.692000,456.730769,459.850183,460.000000,770,3.269231,PI,FIFO,true,PI_FIFO,457.793881
1.920008,-1,18,10001.172000,7.864000,453.937309,458.963252,460.000000,773,6.062691,PI,FIFO,true,PI_FIFO,455.865595
1.930008,-1,18,9999.654000,7.518000,457.094100,458.682879,460.000000,774,2.905900,PI,FIFO,true,PI_FIFO,456.479848
1.940010,-1,18,10002.691000,10.209000,461.141171,459.051623,460.000000,772,-1.141171,PI,FIFO,true,PI_FIFO,458.810509
1.950007,-1,18,9997.153000,7.362000,461.368110,459.399096,460.000000,771,-1.368110,PI,FIFO,true,PI_FIFO,460.089310
1.960009,-1,18,10001.673000,9.035000,461.942427,459.780596,460.000000,770,-1.942427,PI,FIFO,true,PI_FIFO,461.015869
1.970007,-1,18,9998.339000,7.374000,460.914454,459.950674,460.000000,769,-0.914454,PI,FIFO,true,PI_FIFO,460.965161
1.980009,-1,18,10001.672000,9.046000,460.687961,460.061267,460.000000,769,-0.687961,PI,FIFO,true,PI_FIFO,460.826561
1.990018,-1,18,10008.469000,17.515000,462.328767,460.401392,460.000000,768,-2.328767,PI,FIFO,true,PI_FIFO,461.577664
2.000010,-1,18,9992.653000,10.168000,461.942427,460.632548,460.000000,767,-1.942427,PI,FIFO,true,PI_FIFO,461.760046
2.010007,-1,18,9996.728000,6.896000,463.420662,461.050765,460.000000,765,-3.420662,PI,FIFO,true,PI_FIFO,462.590354
2.020015,-1,18,10007.654000,14.550000,461.822660,461.166549,460.000000,764,-1.822660,PI,FIFO,true,PI_FIFO,462.206507
2.030008,-1,18,9993.339000,7.889000,456.204380,460.422224,460.000000,768,3.795620,PI,FIFO,true,PI_FIFO,459.205443
2.040009,-1,18,10001.246000,9.135000,456.965110,459.903657,460.000000,770,3.034890,PI,FIFO,true,PI_FIFO,458.085277
2.050007,-1,18,9998.154000,7.289000,453.937309,459.008705,460.000000,773,6.062691,PI,FIFO,true,PI_FIFO,456.011293
2.060009,-1,18,10001.691000,8.980000,457.094100,458.721514,460.000000,774,2.905900,PI,FIFO,true,PI_FIFO,456.552697
2.070011,-1,18,10002.154000,11.134000,460.461690,458.982540,460.000000,773,-0.461690,PI,FIFO,true,PI_FIFO,458.507193
2.080010,-1,18,9999.265000,10.399000,460.986025,459.283063,460.000000,772,-0.986025,PI,FIFO,true,PI_FIFO,459.746609
2.090007,-1,18,9997.042000,7.441000,462.734452,459.800771,460.000000,770,-2.734452,PI,FIFO,true,PI_FIFO,461.240531
2.100009,-1,18,10001.414000,8.855000,460.687961,459.933850,460.000000,770,-0.687961,PI,FIFO,true,PI_FIFO,460.964246
2.110008,-1,18,9998.950000,7.805000,460.687961,460.046966,460.000000,770,-0.687961,PI,FIFO,true,PI_FIFO,460.826103
2.120037,-1,18,10029.524000,37.329000,462.422118,460.403239,460.000000,768,-2.422118,PI,FIFO,true,PI_FIFO,461.624111
2.130026,-1,18,9988.783000,26.112000,461.368110,460.547970,460.000000,768,-1.368110,PI,FIFO,true,PI_FIFO,461.496111
2.140021,-1,18,9995.062000,21.174000,463.453390,460.983783,460.000000,766,-3.453390,PI,FIFO,true,PI_FIFO,462.474750
2.150029,-1,18,10007.950000,29.124000,461.317660,461.033864,460.000000,765,-1.317660,PI,FIFO,true,PI_FIFO,461.896205
2.160019,-1,18,9989.431000,18.555000,457.094100,460.442900,460.000000,768,2.905900,PI,FIFO,true,PI_FIFO,459.495153
2.170017,-1,18,9998.247000,16.802000,457.635983,460.021862,460.000000,770,2.364017,PI,FIFO,true,PI_FIFO,458.565568
2.180014,-1,18,9996.931000,13.733000,454.361874,459.172864,460.000000,773,5.638126,PI,FIFO,true,PI_FIFO,456.463721
2.190012,-1,18,9998.672000,12.405000,457.094100,458.861050,460.000000,774,2.905900,PI,FIFO,true,PI_FIFO,456.778911
2.200012,-1,18,9999.914000,12.319000,460.914454,459.169060,460.000000,772,-0.914454,PI,FIFO,true,PI_FIFO,458.846682
2.210013,-1,18,10000.209000,12.528000,461.141171,459.464877,460.000000,771,-1.141171,PI,FIFO,true,PI_FIFO,459.993927
2.220012,-1,18,9999.617000,12.145000,464.108911,460.161482,460.000000,768,-4.108911,PI,FIFO,true,PI_FIFO,462.051419
2.230019,-1,18,10007.265000,19.410000,460.849719,460.264717,460.000000,768,-0.849719,PI,FIFO,true,PI_FIFO,461.450569
2.240029,-1,18,10009.376000,28.786000,461.570022,460.460513,460.000000,768,-1.570022,PI,FIFO,true,PI_FIFO,461.510295
2.250028,-1,18,9999.542000,28.328000,462.147887,460.713619,460.000000,767,-2.147887,PI,FIFO,true,PI_FIFO,461.829091
2.260025,-1,18,9996.673000,25.001000,460.747543,460.718708,460.000000,767,-0.747543,PI,FIFO,true,PI_FIFO,461.288317
2.270018,-1,18,9993.005000,18.006000,463.671691,461.161655,460.000000,764,-3.671691,PI,FIFO,true,PI_FIFO,462.480004
2.280018,-1,18,9999.562000,17.568000,460.747543,461.099538,460.000000,765,-0.747543,PI,FIFO,true,PI_FIFO,461.613773
2.290018,-1,18,10000.061000,17.629000,457.317073,460.532169,460.000000,767,2.682927,PI,FIFO,true,PI_FIFO,459.465423
2.300020,-1,18,10001.913000,19.542000,456.730769,459.961959,460.000000,769,3.269231,PI,FIFO,true,PI_FIFO,458.098096
2.310019,-1,18,9999.487000,19.029000,454.435288,459.132958,460.000000,773,5.564712,PI,FIFO,true,PI_FIFO,456.266692
2.320023,-1,18,10003.598000,22.627000,456.730769,458.772630,460.000000,774,3.269231,PI,FIFO,true,PI_FIFO,456.498731
2.330020,-1,18,9997.117000,19.744000,461.368110,459.161952,460.000000,772,-1.368110,PI,FIFO,true,PI_FIFO,458.933421
2.340033,-1,18,10013.024000,32.768000,461.463731,459.507219,460.000000,770,-1.463731,PI,FIFO,true,PI_FIFO,460.198576
2.350023,-1,18,9990.098000,22.866000,463.143526,460.052665,460.000000,768,-3.143526,PI,FIFO,true,PI_FIFO,461.671051
2.360025,-1,18,10002.321000,25.187000,460.418616,460.107557,460.000000,768,-0.418616,PI,FIFO,true,PI_FIFO,461.044833
2.370027,-1,18,10001.617000,26.804000,460.235641,460.126770,460.000000,769,-0.235641,PI,FIFO,true,PI_FIFO,460.640237
2.380023,-1,18,9996.505000,23.309000,462.662338,460.507105,460.000000,767,-2.662338,PI,FIFO,true,PI_FIFO,461.651287
2.390019,-1,18,9995.321000,18.630000,461.497890,460.655723,460.000000,766,-1.497890,PI,FIFO,true,PI_FIFO,461.574589
2.400021,-1,18,10002.839000,21.469000,463.598901,461.097200,460.000000,764,-3.598901,PI,FIFO,true,PI_FIFO,462.586745
2.410020,-1,18,9998.487000,19.956000,460.418616,460.995412,460.000000,765,-0.418616,PI,FIFO,true,PI_FIFO,461.502680
2.420021,-1,18,10001.506000,21.462000,457.434515,460.461277,460.000000,767,2.565485,PI,FIFO,true,PI_FIFO,459.468597
2.430019,-1,18,9997.172000,18.634000,456.204380,459.822743,460.000000,770,3.795620,PI,FIFO,true,PI_FIFO,457.836488
2.440021,-1,18,10002.487000,21.121000,454.606681,459.040333,460.000000,773,5.393319,PI,FIFO,true,PI_FIFO,456.221585
2.450019,-1,18,9998.172000,19.293000,457.423327,458.797782,460.000000,773,2.576673,PI,FIFO,true,PI_FIFO,456.822456
2.460021,-1,18,10001.876000,21.169000,459.558824,458.911939,460.000000,773,0.441176,PI,FIFO,true,PI_FIFO,458.190640
2.470019,-1,18,9998.006000,19.175000,462.364960,459.429892,460.000000,771,-2.364960,PI,FIFO,true,PI_FIFO,460.277800
2.480021,-1,18,10001.654000,20.829000,463.625716,460.059265,460.000000,768,-3.625716,PI,FIFO,true,PI_FIFO,461.951758
2.490019,-1,18,9998.598000,19.427000,461.141171,460.221551,460.000000,768,-1.141171,PI,FIFO,true,PI_FIFO,461.546464
2.500038,-1,18,10018.413000,37.840000,460.914454,460.325487,460.000000,768,-0.914454,PI,FIFO,true,PI_FIFO,461.230459
2.510020,-1,18,9981.784000,19.624000,462.835985,460.702061,460.000000,766,-2.835985,PI,FIFO,true,PI_FIFO,462.033222
2.520024,-1,18,10003.913000,23.537000,460.418616,460.659545,460.000000,766,-0.418616,PI,FIFO,true,PI_FIFO,461.225919
2.530020,-1,18,9996.468000,20.005000,464.108911,461.176949,460.000000,764,-4.108911,PI,FIFO,true,PI_FIFO,462.667415
2.540025,-1,18,10004.506000,24.511000,460.009814,461.001879,460.000000,765,-0.009814,PI,FIFO,true,PI_FIFO,461.338614
2.550019,-1,18,9994.580000,19.091000,458.140432,460.572662,460.000000,766,1.859568,PI,FIFO,true,PI_FIFO,459.739523
2.560022,-1,18,10002.431000,21.522000,456.426485,459.950735,460.000000,769,3.573515,PI,FIFO,true,PI_FIFO,458.083004
2.570020,-1,18,9998.024000,19.546000,454.168791,459.083444,460.000000,772,5.831209,PI,FIFO,true,PI_FIFO,456.125898
2.580023,-1,18,10003.191000,22.737000,457.094100,458.785042,460.000000,773,2.905900,PI,FIFO,true,PI_FIFO,456.609999
2.590019,-1,18,9996.580000,19.317000,459.773470,458.933307,460.000000,772,0.226530,PI,FIFO,true,PI_FIFO,458.191735
2.600023,-1,18,10003.246000,22.563000,463.090011,459.556812,460.000000,770,-3.090011,PI,FIFO,true,PI_FIFO,460.640873
2.610027,-1,18,10004.247000,26.810000,462.364960,459.978034,460.000000,768,-2.364960,PI,FIFO,true,PI_FIFO,461.502916
2.620024,-1,18,9997.117000,23.927000,461.224754,460.165042,460.000000,768,-1.224754,PI,FIFO,true,PI_FIFO,461.363835
2.630020,-1,18,9995.801000,19.728000,461.065574,460.300122,460.000000,767,-1.065574,PI,FIFO,true,PI_FIFO,461.214705
2.640021,-1,18,10001.191000,20.919000,462.328767,460.604419,460.000000,766,-2.328767,PI,FIFO,true,PI_FIFO,461.771736
2.650019,-1,18,9998.024000,18.943000,461.281631,460.706001,460.000000,766,-1.281631,PI,FIFO,true,PI_FIFO,461.526683
2.660021,-1,18,10002.395000,21.338000,464.350886,461.252733,460.000000,763,-4.350886,PI,FIFO,true,PI_FIFO,462.938785
2.670020,-1,18,9998.839000,20.177000,459.784208,461.032455,460.000000,764,0.215792,PI,FIFO,true,PI_FIFO,461.361496
2.680021,-1,18,10000.839000,21.016000,457.904884,460.563319,460.000000,766,2.095116,PI,FIFO,true,PI_FIFO,459.633190
2.690019,-1,18,9997.635000,18.651000,456.648807,459.976142,460.000000,768,3.351193,PI,FIFO,true,PI_FIFO,458.140998
2.700020,-1,18,10001.821000,20.472000,454.400510,459.139797,460.000000,772,5.599490,PI,FIFO,true,PI_FIFO,456.270754
2.710019,-1,18,9998.765000,19.237000,457.094100,458.832943,460.000000,773,2.905900,PI,FIFO,true,PI_FIFO,456.682427
2.720021,-1,18,10001.654000,20.891000,458.848532,458.835281,460.000000,772,1.151468,PI,FIFO,true,PI_FIFO,457.765480
2.730019,-1,18,9998.301000,19.192000,462.278107,459.351705,460.000000,770,-2.278107,PI,FIFO,true,PI_FIFO,460.021793
2.740022,-1,18,10002.414000,21.606000,463.143526,459.920478,460.000000,768,-3.143526,PI,FIFO,true,PI_FIFO,461.582659
2.750026,-1,18,10004.061000,25.667000,460.914454,460.069575,460.000000,768,-0.914454,PI,FIFO,true,PI_FIFO,461.248557
2.760025,-1,18,9999.098000,24.765000,461.224754,460.242851,460.000000,767,-1.224754,PI,FIFO,true,PI_FIFO,461.236655
2.770020,-1,18,9995.228000,19.993000,461.931018,460.496076,460.000000,766,-1.931018,PI,FIFO,true,PI_FIFO,461.583837
2.780022,-1,18,10002.506000,22.499000,460.271318,460.462363,460.000000,767,-0.271318,PI,FIFO,true,PI_FIFO,460.927577
2.790020,-1,18,9997.042000,19.541000,463.649852,460.940486,460.000000,764,-3.649852,PI,FIFO,true,PI_FIFO,462.288714
2.800022,-1,18,10002.580000,22.121000,460.509307,460.875809,460.000000,765,-0.509307,PI,FIFO,true,PI_FIFO,461.399011
2.810015,-1,18,9993.061000,15.182000,457.540264,460.375477,460.000000,767,2.459736,PI,FIFO,true,PI_FIFO,459.469637
2.820022,-1,18,10006.710000,21.892000,456.029186,459.723534,460.000000,769,3.970814,PI,FIFO,true,PI_FIFO,457.749412
2.830028,-1,18,10005.968000,27.860000,453.555878,458.798385,460.000000,773,6.444122,PI,FIFO,true,PI_FIFO,455.652645
2.840031,-1,18,10003.098000,30.958000,458.612255,458.770466,460.000000,773,1.387745,PI,FIFO,true,PI_FIFO,457.132450
2.850020,-1,18,9989.006000,19.964000,457.987298,458.652991,460.000000,774,2.012702,PI,FIFO,true,PI_FIFO,457.559874
2.860025,-1,18,10004.543000,24.507000,463.384495,459.362716,460.000000,770,-3.384495,PI,FIFO,true,PI_FIFO,460.472185
2.870018,-1,18,9993.968000,18.475000,462.582237,459.845644,460.000000,769,-2.582237,PI,FIFO,true,PI_FIFO,461.527211
2.880027,-1,18,10008.895000,27.370000,462.182148,460.196120,460.000000,768,-2.182148,PI,FIFO,true,PI_FIFO,461.854680
2.890021,-1,18,9993.635000,21.005000,461.368110,460.371919,460.000000,767,-1.368110,PI,FIFO,true,PI_FIFO,461.611395
2.900031,-1,18,10010.487000,31.492000,461.463731,460.535690,460.000000,767,-1.463731,PI,FIFO,true,PI_FIFO,461.537563
2.910034,-1,18,10002.951000,34.443000,460.634066,460.550447,460.000000,767,-0.634066,PI,FIFO,true,PI_FIFO,461.085815
2.920037,-1,18,10002.061000,36.504000,463.384495,460.975554,460.000000,765,-3.384495,PI,FIFO,true,PI_FIFO,462.235155
2.930021,-1,18,9984.061000,20.565000,460.986025,460.977125,460.000000,765,-0.986025,PI,FIFO,true,PI_FIFO,461.610590
2.940022,-1,18,10001.561000,22.126000,458.659491,460.629480,460.000000,766,1.340509,PI,FIFO,true,PI_FIFO,460.135041
2.950020,-1,18,9998.339000,20.465000,456.998607,460.084849,460.000000,768,3.001393,PI,FIFO,true,PI_FIFO,458.566824
2.960024,-1,18,10003.302000,23.767000,452.898551,459.006904,460.000000,773,7.101449,PI,FIFO,true,PI_FIFO,455.732687
2.970020,-1,18,9996.006000,19.773000,458.659491,458.954792,460.000000,772,1.340509,PI,FIFO,true,PI_FIFO,457.196089
2.980022,-1,18,10002.376000,22.149000,458.140432,458.832638,460.000000,773,1.859568,PI,FIFO,true,PI_FIFO,457.668261
2.990025,-1,18,10002.376000,24.525000,463.017404,459.460353,460.000000,770,-3.017404,PI,FIFO,true,PI_FIFO,460.342832
3.000022,-1,18,9997.635000,22.160000,462.662338,459.940651,460.000000,768,-2.662338,PI,FIFO,true,PI_FIFO,461.502585
3.010019,-1,18,9996.820000,18.980000,460.461690,460.018807,460.000000,768,-0.461690,PI,FIFO,true,PI_FIFO,460.982137
3.020029,-1,18,10009.877000,28.857000,462.182148,460.343308,460.000000,767,-2.182148,PI,FIFO,true,PI_FIFO,461.582143
3.030021,-1,18,9992.301000,21.158000,460.033574,460.296848,460.000000,768,-0.033574,PI,FIFO,true,PI_FIFO,460.807859
3.040023,-1,18,10001.914000,23.072000,461.714353,460.509474,460.000000,767,-1.714353,PI,FIFO,true,PI_FIFO,461.261106
3.050019,-1,18,9995.820000,18.892000,463.090011,460.896554,460.000000,765,-3.090011,PI,FIFO,true,PI_FIFO,462.175558
3.060021,-1,18,10002.320000,21.212000,461.281631,460.954316,460.000000,765,-1.281631,PI,FIFO,true,PI_FIFO,461.728595
3.070026,-1,18,10005.247000,26.459000,459.058760,460.669982,460.000000,766,0.941240,PI,FIFO,true,PI_FIFO,460.393677
3.080024,-1,18,9997.709000,24.168000,457.210869,460.151115,460.000000,768,2.789131,PI,FIFO,true,PI_FIFO,458.802273
3.090016,-1,18,9992.006000,16.174000,453.995157,459.227721,460.000000,772,6.004843,PI,FIFO,true,PI_FIFO,456.398715
3.100022,-1,18,10005.857000,22.031000,458.376222,459.099997,460.000000,772,1.623778,PI,FIFO,true,PI_FIFO,457.387469
3.110019,-1,18,9996.784000,18.815000,458.211144,458.966669,460.000000,772,1.788856,PI,FIFO,true,PI_FIFO,457.799306
3.120022,-1,18,10003.228000,22.043000,462.422118,459.484986,460.000000,770,-2.422118,PI,FIFO,true,PI_FIFO,460.110712
3.130019,-1,18,9996.802000,18.845000,462.506167,459.938163,460.000000,768,-2.506167,PI,FIFO,true,PI_FIFO,461.308440
3.140021,-1,18,10002.487000,21.332000,460.271318,459.988136,460.000000,768,-0.271318,PI,FIFO,true,PI_FIFO,460.789879
3.150031,-1,18,10010.006000,31.338000,462.147887,460.312099,460.000000,767,-2.147887,PI,FIFO,true,PI_FIFO,461.468883
3.160031,-1,18,9999.394000,30.732000,460.033574,460.270320,460.000000,768,-0.033574,PI,FIFO,true,PI_FIFO,460.751229
3.170020,-1,18,9989.598000,20.330000,461.141171,460.400948,460.000000,767,-1.141171,PI,FIFO,true,PI_FIFO,460.946200
3.180022,-1,18,10001.339000,21.669000,462.902807,460.776227,460.000000,765,-2.902807,PI,FIFO,true,PI_FIFO,461.924503
3.190021,-1,18,9999.024000,20.693000,461.497890,460.884476,460.000000,765,-1.497890,PI,FIFO,true,PI_FIFO,461.711197
3.200020,-1,18,9999.636000,20.329000,459.558824,460.685628,460.000000,765,0.441176,PI,FIFO,true,PI_FIFO,460.635010
3.210020,-1,18,9999.209000,19.538000,456.998607,460.132575,460.000000,768,3.001393,PI,FIFO,true,PI_FIFO,458.816809
3.220019,-1,18,9999.654000,19.192000,453.873050,459.193646,460.000000,772,6.126950,PI,FIFO,true,PI_FIFO,456.344929
3.230019,-1,18,9999.987000,19.179000,456.786543,458.832581,460.000000,773,3.213457,PI,FIFO,true,PI_FIFO,456.565736
3.240020,-1,18,10000.413000,19.592000,458.310701,458.754299,460.000000,773,1.689299,PI,FIFO,true,PI_FIFO,457.438218
3.250020,-1,18,9999.969000,19.561000,462.799718,459.361112,460.000000,770,-2.799718,PI,FIFO,true,PI_FIFO,460.118968
3.260019,-1,18,9999.431000,18.992000,462.835985,459.882343,460.000000,768,-2.835985,PI,FIFO,true,PI_FIFO,461.477476
3.270019,-1,18,10000.173000,19.165000,459.988318,459.898239,460.000000,769,0.011682,PI,FIFO,true,PI_FIFO,460.732897
3.280019,-1,18,9999.764000,18.929000,461.702955,460.168946,460.000000,768,-1.702955,PI,FIFO,true,PI_FIFO,461.217926
3.290015,-1,18,9996.543000,15.472000,460.235641,460.178950,460.000000,768,-0.235641,PI,FIFO,true,PI_FIFO,460.726783
3.300020,-1,18,10004.043000,19.515000,462.422118,460.515426,460.000000,767,-2.422118,PI,FIFO,true,PI_FIFO,461.574451
3.310019,-1,18,9999.228000,18.743000,462.364960,460.792856,460.000000,765,-2.364960,PI,FIFO,true,PI_FIFO,461.969705
3.320020,-1,18,10001.024000,19.767000,461.317660,460.871576,460.000000,765,-1.317660,PI,FIFO,true,PI_FIFO,461.643683
3.330031,-1,18,10010.783000,30.550000,460.634066,460.835950,460.000000,765,-0.634066,PI,FIFO,true,PI_FIFO,461.138875
3.340026,-1,18,9994.969000,25.519000,457.565076,460.345319,460.000000,767,2.434924,PI,FIFO,true,PI_FIFO,459.351975
3.350019,-1,18,9993.506000,19.025000,454.676674,459.495022,460.000000,771,5.323326,PI,FIFO,true,PI_FIFO,457.014325
3.360022,-1,18,10002.598000,21.623000,456.574675,459.056970,460.000000,772,3.425325,PI,FIFO,true,PI_FIFO,456.794500
3.370020,-1,18,9997.987000,19.610000,458.275140,458.939696,460.000000,773,1.724860,PI,FIFO,true,PI_FIFO,457.534820
3.380020,-1,18,10000.765000,20.375000,461.822660,459.372140,460.000000,771,-1.822660,PI,FIFO,true,PI_FIFO,459.678740
3.390019,-1,18,9998.728000,19.103000,461.931018,459.755972,460.000000,769,-1.931018,PI,FIFO,true,PI_FIFO,460.804879
3.400019,-1,18,10000.191000,19.294000,460.203366,459.823081,460.000000,769,-0.203366,PI,FIFO,true,PI_FIFO,460.504123
3.410039,-1,18,10020.061000,39.355000,462.182148,460.176941,460.000000,768,-2.182148,PI,FIFO,true,PI_FIFO,461.343136
3.420022,-1,18,9982.876000,22.231000,459.809264,460.121790,460.000000,768,0.190736,PI,FIFO,true,PI_FIFO,460.576200
3.430020,-1,18,9997.913000,20.144000,462.147887,460.425704,460.000000,767,-2.147887,PI,FIFO,true,PI_FIFO,461.362044
3.440025,-1,18,10004.728000,24.872000,462.662338,460.761199,460.000000,765,-2.662338,PI,FIFO,true,PI_FIFO,462.012191
3.450020,-1,18,9994.783000,19.655000,461.931018,460.936672,460.000000,765,-1.931018,PI,FIFO,true,PI_FIFO,461.971604
3.460022,-1,18,10002.098000,21.753000,459.809264,460.767561,460.000000,765,0.190736,PI,FIFO,true,PI_FIFO,460.890434
3.470020,-1,18,9998.191000,19.944000,456.151529,460.075156,460.000000,768,3.848471,PI,FIFO,true,PI_FIFO,458.520982
3.480020,-1,18,9999.691000,19.635000,455.342688,459.365286,460.000000,771,4.657312,PI,FIFO,true,PI_FIFO,456.931835
3.490022,-1,18,10001.913000,21.548000,456.574675,458.946694,460.000000,773,3.425325,PI,FIFO,true,PI_FIFO,456.753255
3.500021,-1,18,9999.913000,21.461000,457.069339,458.665091,460.000000,774,2.930661,PI,FIFO,true,PI_FIFO,456.911297
3.510020,-1,18,9998.173000,19.634000,463.235294,459.350621,460.000000,771,-3.235294,PI,FIFO,true,PI_FIFO,460.073296
3.520021,-1,18,10001.450000,21.084000,462.662338,459.847379,460.000000,769,-2.662338,PI,FIFO,true,PI_FIFO,461.367817
3.530027,-1,18,10005.746000,26.830000,460.235641,459.905618,460.000000,769,-0.235641,PI,FIFO,true,PI_FIFO,460.801729
3.540021,-1,18,9994.284000,21.114000,462.182148,460.247098,460.000000,768,-2.182148,PI,FIFO,true,PI_FIFO,461.491939
3.550021,-1,18,10000.376000,21.490000,460.849719,460.337491,460.000000,768,-0.849719,PI,FIFO,true,PI_FIFO,461.170829
3.560021,-1,18,9999.450000,20.940000,462.075575,460.598204,460.000000,766,-2.075575,PI,FIFO,true,PI_FIFO,461.623202
3.570020,-1,18,9999.172000,20.112000,463.017404,460.961084,460.000000,765,-3.017404,PI,FIFO,true,PI_FIFO,462.320303
3.580021,-1,18,10000.672000,20.784000,460.747543,460.929052,460.000000,765,-0.747543,PI,FIFO,true,PI_FIFO,461.533923
3.590017,-1,18,9996.710000,17.494000,461.368110,460.994911,460.000000,764,-1.368110,PI,FIFO,true,PI_FIFO,461.451016
3.600019,-1,18,10001.987000,19.481000,456.496668,460.320175,460.000000,767,3.503332,PI,FIFO,true,PI_FIFO,458.973842
3.610020,-1,18,10000.968000,20.449000,454.876274,459.503590,460.000000,771,5.123726,PI,FIFO,true,PI_FIFO,456.925058
3.620021,-1,18,10000.413000,20.862000,455.329755,458.877514,460.000000,773,4.670245,PI,FIFO,true,PI_FIFO,456.127406
3.630020,-1,18,9999.080000,19.942000,457.540264,458.676927,460.000000,774,2.459736,PI,FIFO,true,PI_FIFO,456.833835
3.640020,-1,18,10000.302000,20.244000,462.422118,459.238705,460.000000,771,-2.422118,PI,FIFO,true,PI_FIFO,459.627977
3.650032,-1,18,10012.228000,32.472000,461.931018,459.642552,460.000000,770,-1.931018,PI,FIFO,true,PI_FIFO,460.779497
3.660033,-1,18,10000.543000,33.015000,460.986025,459.844073,460.000000,769,-0.986025,PI,FIFO,true,PI_FIFO,460.882761
3.670033,-1,18,9999.913000,32.928000,461.942427,460.158826,460.000000,768,-1.942427,PI,FIFO,true,PI_FIFO,461.412594
3.680023,-1,18,9990.172000,23.100000,460.235641,460.170349,460.000000,768,-0.235641,PI,FIFO,true,PI_FIFO,460.824117
3.690020,-1,18,9996.506000,19.606000,462.182148,460.472118,460.000000,767,-2.182148,PI,FIFO,true,PI_FIFO,461.503133
3.700020,-1,18,10000.154000,19.760000,463.890198,460.984830,460.000000,765,-3.890198,PI,FIFO,true,PI_FIFO,462.696665
3.710020,-1,18,10000.357000,20.117000,460.235641,460.872452,460.000000,765,-0.235641,PI,FIFO,true,PI_FIFO,461.466153
3.720020,-1,18,10000.117000,20.234000,461.702955,460.997027,460.000000,764,-1.702955,PI,FIFO,true,PI_FIFO,461.584554
3.730019,-1,18,9998.820000,19.054000,455.940250,460.238511,460.000000,768,4.059750,PI,FIFO,true,PI_FIFO,458.762402
3.740021,-1,18,10001.747000,20.801000,455.834684,459.577937,460.000000,770,4.165316,PI,FIFO,true,PI_FIFO,457.298543
3.750019,-1,18,9998.487000,19.288000,455.539359,458.972150,460.000000,773,4.460641,PI,FIFO,true,PI_FIFO,456.418951
3.760021,-1,18,10001.617000,20.905000,457.669579,458.776764,460.000000,773,2.330421,PI,FIFO,true,PI_FIFO,457.044265
3.770017,-1,18,9995.653000,16.558000,462.582237,459.347585,460.000000,771,-2.582237,PI,FIFO,true,PI_FIFO,459.813251
3.780020,-1,18,10003.265000,19.823000,462.582237,459.832783,460.000000,769,-2.582237,PI,FIFO,true,PI_FIFO,461.197744
3.790020,-1,18,9999.747000,19.570000,460.203366,459.888370,460.000000,769,-0.203366,PI,FIFO,true,PI_FIFO,460.700555
3.800019,-1,18,9999.635000,19.205000,462.422118,460.268433,460.000000,767,-2.422118,PI,FIFO,true,PI_FIFO,461.561337
3.810018,-1,18,9999.209000,18.414000,460.461690,460.297421,460.000000,768,-0.461690,PI,FIFO,true,PI_FIFO,461.011513
3.820019,-1,18,10000.376000,18.790000,461.463731,460.472368,460.000000,767,-1.463731,PI,FIFO,true,PI_FIFO,461.237622
3.830031,-1,18,10011.932000,30.722000,462.734452,460.811680,460.000000,765,-2.734452,PI,FIFO,true,PI_FIFO,461.986037
3.840025,-1,18,9994.283000,25.005000,461.224754,460.873641,460.000000,765,-1.224754,PI,FIFO,true,PI_FIFO,461.605395
3.850020,-1,18,9994.895000,19.900000,461.497890,460.967279,460.000000,764,-1.497890,PI,FIFO,true,PI_FIFO,461.551643
3.860021,-1,18,10000.783000,20.683000,456.327745,460.271349,460.000000,767,3.672255,PI,FIFO,true,PI_FIFO,458.939694
3.870018,-1,18,9997.728000,18.411000,455.097087,459.495209,460.000000,771,4.902913,PI,FIFO,true,PI_FIFO,457.018391
3.880022,-1,18,10003.580000,21.991000,456.574675,459.057129,460.000000,772,3.425325,PI,FIFO,true,PI_FIFO,456.796533
3.890020,-1,18,9997.654000,19.645000,455.760817,458.562682,460.000000,774,4.239183,PI,FIFO,true,PI_FIFO,456.278675
3.900022,-1,18,10002.672000,22.317000,463.867188,459.358358,460.000000,770,-3.867188,PI,FIFO,true,PI_FIFO,460.072931
3.910038,-1,18,10015.617000,37.934000,462.859066,459.883464,460.000000,768,-2.859066,PI,FIFO,true,PI_FIFO,461.465999
3.920024,-1,18,9985.691000,23.625000,460.562227,459.985279,460.000000,768,-0.562227,PI,FIFO,true,PI_FIFO,461.014113
3.930016,-1,18,9992.339000,15.964000,460.634066,460.082597,460.000000,768,-0.634066,PI,FIFO,true,PI_FIFO,460.824090
3.940023,-1,18,10006.987000,22.951000,460.509307,460.146603,460.000000,768,-0.509307,PI,FIFO,true,PI_FIFO,460.666698
3.950020,-1,18,9997.080000,20.031000,462.506167,460.500538,460.000000,767,-2.506167,PI,FIFO,true,PI_FIFO,461.586433
3.960019,-1,18,9999.339000,19.370000,462.422118,460.788775,460.000000,765,-2.422118,PI,FIFO,true,PI_FIFO,462.004275
3.970019,-1,18,9999.561000,18.931000,461.822660,460.943858,460.000000,765,-1.822660,PI,FIFO,true,PI_FIFO,461.913468
3.980019,-1,18,10000.246000,19.177000,461.224754,460.985992,460.000000,764,-1.224754,PI,FIFO,true,PI_FIFO,461.569111
3.990040,-1,18,10020.932000,40.109000,457.669579,460.488530,460.000000,766,2.330421,PI,FIFO,true,PI_FIFO,459.619345
4.000041,-1,18,10000.709000,40.818000,455.518279,459.742992,460.000000,769,4.481721,PI,FIFO,true,PI_FIFO,457.568812
4.010027,-1,18,9985.691000,26.509000,455.539359,459.112447,460.000000,772,4.460641,PI,FIFO,true,PI_FIFO,456.554085
4.020033,-1,18,10006.580000,33.089000,456.965110,458.790347,460.000000,773,3.034890,PI,FIFO,true,PI_FIFO,456.759598
4.030033,-1,18,9999.950000,33.039000,463.143526,459.443324,460.000000,770,-3.143526,PI,FIFO,true,PI_FIFO,459.951562
4.040026,-1,18,9992.894000,25.933000,461.822660,459.800224,460.000000,769,-1.822660,PI,FIFO,true,PI_FIFO,460.887111
4.050017,-1,18,9990.821000,16.754000,461.224754,460.013904,460.000000,768,-1.224754,PI,FIFO,true,PI_FIFO,461.055932
4.060013,-1,18,9995.987000,12.741000,460.914454,460.148986,460.000000,768,-0.914454,PI,FIFO,true,PI_FIFO,460.985193
4.070017,-1,18,10004.580000,17.321000,460.687961,460.229832,460.000000,767,-0.687961,PI,FIFO,true,PI_FIFO,460.836577
4.080013,-1,18,9995.746000,13.067000,462.050271,460.502898,460.000000,766,-2.050271,PI,FIFO,true,PI_FIFO,461.443424
4.090012,-1,18,9999.246000,12.313000,463.420662,460.940563,460.000000,764,-3.420662,PI,FIFO,true,PI_FIFO,462.432043
4.100012,-1,18,9999.969000,12.282000,462.075575,461.110815,460.000000,764,-2.075575,PI,FIFO,true,PI_FIFO,462.253809
4.110013,-1,18,10000.246000,12.528000,460.009814,460.945664,460.000000,764,-0.009814,PI,FIFO,true,PI_FIFO,461.131811
4.120012,-1,18,9999.265000,11.793000,457.763672,460.468366,460.000000,766,2.236328,PI,FIFO,true,PI_FIFO,459.447742
4.130013,-1,18,10001.617000,13.410000,454.215116,459.530378,460.000000,770,5.784884,PI,FIFO,true,PI_FIFO,456.831429
4.140028,-1,18,10014.858000,28.268000,455.588553,458.939104,460.000000,772,4.411447,PI,FIFO,true,PI_FIFO,456.209991
4.150041,-1,18,10012.413000,40.681000,455.940250,458.489276,460.000000,774,4.059750,PI,FIFO,true,PI_FIFO,456.075121
4.160029,-1,18,9988.709000,29.390000,463.143526,459.187414,460.000000,771,-3.143526,PI,FIFO,true,PI_FIFO,459.609323
4.170021,-1,18,9991.654000,21.044000,460.849719,459.436759,460.000000,770,-0.849719,PI,FIFO,true,PI_FIFO,460.229521
4.180019,-1,18,9998.320000,19.364000,461.317660,459.718895,460.000000,769,-1.317660,PI,FIFO,true,PI_FIFO,460.773591
4.190015,-1,18,9996.006000,15.370000,461.065574,459.920896,460.000000,768,-1.065574,PI,FIFO,true,PI_FIFO,460.919582
4.200020,-1,18,10004.895000,20.265000,459.308655,459.829060,460.000000,769,0.691345,PI,FIFO,true,PI_FIFO,460.114119
4.210019,-1,18,9998.987000,19.252000,463.235294,460.339995,460.000000,767,-3.235294,PI,FIFO,true,PI_FIFO,461.674706
4.220018,-1,18,9999.116000,18.368000,462.422118,460.652314,460.000000,766,-2.422118,PI,FIFO,true,PI_FIFO,462.048412
4.230019,-1,18,10000.580000,18.948000,462.506167,460.930392,460.000000,765,-2.506167,PI,FIFO,true,PI_FIFO,462.277290
4.240026,-1,18,10006.895000,25.843000,460.986025,460.938737,460.000000,765,-0.986025,PI,FIFO,true,PI_FIFO,461.631657
4.250019,-1,18,9993.228000,19.071000,457.763672,460.462477,460.000000,767,2.236328,PI,FIFO,true,PI_FIFO,459.697665
4.260019,-1,18,10000.042000,19.113000,456.262807,459.832527,460.000000,769,3.737193,PI,FIFO,true,PI_FIFO,457.980236
4.270019,-1,18,9999.802000,18.915000,455.760817,459.221770,460.000000,772,4.239183,PI,FIFO,true,PI_FIFO,456.870526
4.280019,-1,18,9999.876000,18.791000,456.029186,458.742882,460.000000,773,3.970814,PI,FIFO,true,PI_FIFO,456.449856
4.290027,-1,18,10007.821000,26.612000,462.799718,459.351408,460.000000,770,-2.799718,PI,FIFO,true,PI_FIFO,459.624787
4.300020,-1,18,9993.283000,19.895000,461.570022,459.684200,460.000000,769,-1.570022,PI,FIFO,true,PI_FIFO,460.597404
4.310015,-1,18,9995.580000,15.475000,460.634066,459.826680,460.000000,769,-0.634066,PI,FIFO,true,PI_FIFO,460.615735
4.320019,-1,18,10003.598000,19.073000,461.822660,460.126077,460.000000,768,-1.822660,PI,FIFO,true,PI_FIFO,461.219198
4.330019,-1,18,9999.617000,18.690000,458.848532,459.934445,460.000000,769,1.151468,PI,FIFO,true,PI_FIFO,460.033865
4.340024,-1,18,10005.469000,24.159000,463.017404,460.396889,460.000000,767,-3.017404,PI,FIFO,true,PI_FIFO,461.525634
4.350019,-1,18,9995.227000,19.386000,462.075575,460.648692,460.000000,766,-2.075575,PI,FIFO,true,PI_FIFO,461.800605
4.360031,-1,18,10011.802000,31.188000,463.384495,461.059062,460.000000,764,-3.384495,PI,FIFO,true,PI_FIFO,462.592550
4.370035,-1,18,10004.062000,35.250000,460.790885,461.018836,460.000000,764,-0.790885,PI,FIFO,true,PI_FIFO,461.691717
4.380031,-1,18,9995.709000,30.959000,456.574675,460.352212,460.000000,767,3.425325,PI,FIFO,true,PI_FIFO,459.133196
4.390021,-1,18,9989.617000,20.576000,455.539359,459.630284,460.000000,770,4.460641,PI,FIFO,true,PI_FIFO,457.336277
4.400022,-1,18,10000.987000,21.563000,455.562660,459.020140,460.000000,772,4.437340,PI,FIFO,true,PI_FIFO,456.449469
4.410016,-1,18,9994.468000,16.031000,456.204380,458.597776,460.000000,774,3.795620,PI,FIFO,true,PI_FIFO,456.326924
4.420020,-1,18,10004.062000,20.093000,462.422118,459.171427,460.000000,771,-2.422118,PI,FIFO,true,PI_FIFO,459.374521
4.430019,-1,18,9999.116000,19.209000,462.582237,459.683049,460.000000,769,-2.582237,PI,FIFO,true,PI_FIFO,460.978379
4.440019,-1,18,10000.006000,19.215000,461.570022,459.966095,460.000000,768,-1.570022,PI,FIFO,true,PI_FIFO,461.274200
4.450019,-1,18,9999.821000,19.036000,461.281631,460.163425,460.000000,768,-1.281631,PI,FIFO,true,PI_FIFO,461.277916
4.460018,-1,18,9999.024000,18.060000,459.085052,460.001669,460.000000,769,0.914948,PI,FIFO,true,PI_FIFO,460.181484
4.470023,-1,18,10004.672000,22.732000,463.890198,460.584948,460.000000,766,-3.890198,PI,FIFO,true,PI_FIFO,462.035841
4.480018,-1,18,9995.209000,17.941000,461.822660,460.770605,460.000000,765,-1.822660,PI,FIFO,true,PI_FIFO,461.929250
4.490019,-1,18,10000.617000,18.558000,462.799718,461.074972,460.000000,764,-2.799718,PI,FIFO,true,PI_FIFO,462.364484
4.500017,-1,18,9998.247000,16.805000,460.813763,461.035791,460.000000,764,-0.813763,PI,FIFO,true,PI_FIFO,461.589124
4.510018,-1,18,10001.024000,17.829000,457.635983,460.525820,460.000000,766,2.364017,PI,FIFO,true,PI_FIFO,459.612553
4.520017,-1,18,9998.728000,16.557000,456.081081,459.859109,460.000000,769,3.918919,PI,FIFO,true,PI_FIFO,457.846817
4.530017,-1,18,10000.579000,17.136000,454.676674,459.081744,460.000000,772,5.323326,PI,FIFO,true,PI_FIFO,456.261746
4.540018,-1,18,10000.673000,17.809000,456.081081,458.631644,460.000000,774,3.918919,PI,FIFO,true,PI_FIFO,456.171413
4.550020,-1,18,10001.876000,19.685000,461.065574,458.996734,460.000000,772,-1.065574,PI,FIFO,true,PI_FIFO,458.618494
4.560019,-1,18,9998.820000,18.505000,462.182148,459.474546,460.000000,770,-2.182148,PI,FIFO,true,PI_FIFO,460.400321
4.570019,-1,18,10000.450000,18.955000,461.141171,459.724540,460.000000,769,-1.141171,PI,FIFO,true,PI_FIFO,460.770746
4.580019,-1,18,9999.913000,18.868000,461.224754,459.949572,460.000000,769,-1.224754,PI,FIFO,true,PI_FIFO,460.997750
4.590019,-1,18,10000.395000,19.263000,459.773470,459.923157,460.000000,769,0.226530,PI,FIFO,true,PI_FIFO,460.385610
4.600019,-1,18,9999.913000,19.176000,463.344316,460.436331,460.000000,767,-3.344316,PI,FIFO,true,PI_FIFO,461.864963
4.610019,-1,18,10000.191000,19.367000,462.582237,460.758216,460.000000,766,-2.582237,PI,FIFO,true,PI_FIFO,462.223600
4.620038,-1,18,10018.839000,38.206000,463.625716,461.188341,460.000000,764,-3.625716,PI,FIFO,true,PI_FIFO,462.924658
4.630021,-1,18,9982.431000,20.637000,460.418616,461.072882,460.000000,764,-0.418616,PI,FIFO,true,PI_FIFO,461.671637
4.640019,-1,18,9997.876000,18.513000,457.813348,460.583952,460.000000,766,2.186652,PI,FIFO,true,PI_FIFO,459.742492
4.650020,-1,18,10001.025000,19.538000,456.574675,459.982561,460.000000,769,3.425325,PI,FIFO,true,PI_FIFO,458.158584
4.660018,-1,18,9998.672000,18.210000,455.097087,459.249740,460.000000,772,4.902913,PI,FIFO,true,PI_FIFO,456.627836
4.670019,-1,18,10000.561000,18.771000,457.210869,458.943909,460.000000,772,2.789131,PI,FIFO,true,PI_FIFO,456.919352
4.680018,-1,18,9999.358000,18.129000,461.317660,459.299972,460.000000,771,-1.317660,PI,FIFO,true,PI_FIFO,459.118506
4.690019,-1,18,10000.913000,19.042000,462.364960,459.759720,460.000000,769,-2.364960,PI,FIFO,true,PI_FIFO,460.741733
4.700019,-1,18,9999.709000,18.751000,462.182148,460.123084,460.000000,767,-2.182148,PI,FIFO,true,PI_FIFO,461.461941
4.710019,-1,18,10000.154000,18.905000,460.914454,460.241790,460.000000,767,-0.914454,PI,FIFO,true,PI_FIFO,461.188198
4.720018,-1,18,9999.246000,18.151000,460.271318,460.246219,460.000000,767,-0.271318,PI,FIFO,true,PI_FIFO,460.729758
4.730017,-1,18,9998.487000,16.638000,462.364960,460.564030,460.000000,766,-2.364960,PI,FIFO,true,PI_FIFO,461.547359
4.740020,-1,18,10003.543000,20.181000,462.075575,460.790762,460.000000,765,-2.075575,PI,FIFO,true,PI_FIFO,461.811467
4.750020,-1,18,9999.321000,19.502000,462.364960,461.026892,460.000000,764,-2.364960,PI,FIFO,true,PI_FIFO,462.088214
4.760019,-1,18,9999.801000,19.303000,461.224754,461.056571,460.000000,763,-1.224754,PI,FIFO,true,PI_FIFO,461.656484
4.770019,-1,18,10000.117000,19.420000,456.648807,460.395406,460.000000,766,3.351193,PI,FIFO,true,PI_FIFO,459.152645
4.780019,-1,18,9999.747000,19.167000,457.199692,459.916049,460.000000,768,2.800308,PI,FIFO,true,PI_FIFO,458.176169
4.790017,-1,18,9998.135000,17.302000,453.995157,459.027915,460.000000,772,6.004843,PI,FIFO,true,PI_FIFO,456.085663
4.800017,-1,18,9999.987000,17.289000,457.069339,458.734129,460.000000,773,2.930661,PI,FIFO,true,PI_FIFO,456.577501
4.810017,-1,18,10000.135000,17.424000,460.849719,459.051467,460.000000,771,-0.849719,PI,FIFO,true,PI_FIFO,458.713610
4.820017,-1,18,9999.339000,16.763000,461.463731,459.413307,460.000000,770,-1.463731,PI,FIFO,true,PI_FIFO,460.088670
4.830019,-1,18,10002.728000,19.491000,462.799718,459.921269,460.000000,768,-2.799718,PI,FIFO,true,PI_FIFO,461.444194
4.840024,-1,18,10004.913000,24.404000,460.813763,460.055143,460.000000,768,-0.813763,PI,FIFO,true,PI_FIFO,461.128979
4.850021,-1,18,9996.413000,20.817000,460.418616,460.109664,460.000000,768,-0.418616,PI,FIFO,true,PI_FIFO,460.773797
4.860020,-1,18,9999.062000,19.879000,462.835985,460.518612,460.000000,766,-2.835985,PI,FIFO,true,PI_FIFO,461.804891
4.870018,-1,18,9997.913000,17.792000,462.364960,460.795564,460.000000,765,-2.364960,PI,FIFO,true,PI_FIFO,462.084925
4.880027,-1,18,10009.191000,26.983000,462.662338,461.075580,460.000000,763,-2.662338,PI,FIFO,true,PI_FIFO,462.373632
4.890019,-1,18,9991.709000,18.692000,460.914454,461.051411,460.000000,763,-0.914454,PI,FIFO,true,PI_FIFO,461.644043
4.900019,-1,18,10000.246000,18.938000,456.574675,460.379901,460.000000,766,3.425325,PI,FIFO,true,PI_FIFO,459.109359
4.910028,-1,18,10008.839000,27.777000,457.669579,459.973353,460.000000,768,2.330421,PI,FIFO,true,PI_FIFO,458.389469
4.920032,-1,18,10003.802000,31.579000,453.385277,458.985141,460.000000,772,6.614723,PI,FIFO,true,PI_FIFO,455.887373
4.930021,-1,18,9988.969000,20.548000,457.423327,458.750869,460.000000,773,2.576673,PI,FIFO,true,PI_FIFO,456.655350
4.940027,-1,18,10006.135000,26.683000,461.317660,459.135888,460.000000,771,-1.317660,PI,FIFO,true,PI_FIFO,458.986505
4.950021,-1,18,9993.821000,20.504000,461.497890,459.490188,460.000000,769,-1.497890,PI,FIFO,true,PI_FIFO,460.242198
4.960016,-1,18,9995.968000,16.472000,463.344316,460.068307,460.000000,767,-3.344316,PI,FIFO,true,PI_FIFO,461.793257
4.970019,-1,18,10002.543000,19.015000,460.418616,460.120854,460.000000,767,-0.418616,PI,FIFO,true,PI_FIFO,461.105936
4.980018,-1,18,9999.450000,18.465000,460.986025,460.250629,460.000000,767,-0.986025,PI,FIFO,true,PI_FIFO,461.045981
4.990037,-1,18,10018.858000,37.323000,461.931018,460.502688,460.000000,766,-1.931018,PI,FIFO,true,PI_FIFO,461.488499
5.000027,-1,18,9989.246000,26.569000,461.942427,460.718649,460.000000,765,-1.942427,PI,FIFO,true,PI_FIFO,461.715463
5.010033,-1,18,10006.265000,32.834000,463.017404,461.063462,460.000000,763,-3.017404,PI,FIFO,true,PI_FIFO,462.366433
5.020036,-1,18,10003.154000,35.988000,460.747543,461.016074,460.000000,763,-0.747543,PI,FIFO,true,PI_FIFO,461.556988
5.030028,-1,18,9991.987000,27.975000,456.496668,460.338163,460.000000,766,3.503332,PI,FIFO,true,PI_FIFO,459.026828
5.040018,-1,18,9989.894000,17.869000,457.317073,459.885000,460.000000,768,2.682927,PI,FIFO,true,PI_FIFO,458.171951
5.050016,-1,18,9997.654000,15.523000,453.873050,458.983207,460.000000,772,6.126950,PI,FIFO,true,PI_FIFO,456.022500
5.060017,-1,18,10001.154000,16.677000,457.210869,458.717356,460.000000,773,2.789131,PI,FIFO,true,PI_FIFO,456.616684
5.070023,-1,18,10006.524000,23.201000,460.687961,459.012947,460.000000,771,-0.687961,PI,FIFO,true,PI_FIFO,458.652323
5.080017,-1,18,9993.802000,17.003000,461.463731,459.380565,460.000000,770,-1.463731,PI,FIFO,true,PI_FIFO,460.058027
5.090017,-1,18,9999.543000,16.546000,463.420662,459.986579,460.000000,767,-3.420662,PI,FIFO,true,PI_FIFO,461.739344
5.100016,-1,18,9999.820000,16.366000,460.509307,460.064988,460.000000,767,-0.509307,PI,FIFO,true,PI_FIFO,461.124326
5.110017,-1,18,10000.432000,16.798000,461.141171,460.226416,460.000000,767,-1.141171,PI,FIFO,true,PI_FIFO,461.132748
5.120016,-1,18,9999.172000,15.970000,461.141171,460.363629,460.000000,766,-1.141171,PI,FIFO,true,PI_FIFO,461.136959
5.130017,-1,18,10001.358000,17.328000,462.182148,460.636407,460.000000,765,-2.182148,PI,FIFO,true,PI_FIFO,461.659554
5.140022,-1,18,10004.653000,21.981000,463.453390,461.058954,460.000000,763,-3.453390,PI,FIFO,true,PI_FIFO,462.556472
5.150024,-1,18,10001.988000,23.969000,461.463731,461.119671,460.000000,763,-1.463731,PI,FIFO,true,PI_FIFO,462.010101
5.160026,-1,18,10002.116000,26.085000,456.821873,460.475001,460.000000,766,3.178127,PI,FIFO,true,PI_FIFO,459.415987
5.170019,-1,18,9993.098000,19.183000,456.151529,459.826480,460.000000,768,3.848471,PI,FIFO,true,PI_FIFO,457.783758
5.180019,-1,18,9999.654000,18.837000,454.117330,458.970108,460.000000,772,5.882670,PI,FIFO,true,PI_FIFO,455.950544
5.190018,-1,18,9999.302000,18.139000,456.998607,458.674383,460.000000,773,3.001393,PI,FIFO,true,PI_FIFO,456.474576
5.200015,-1,18,9997.321000,15.460000,460.461690,458.942479,460.000000,771,-0.461690,PI,FIFO,true,PI_FIFO,458.468133
5.210018,-1,18,10002.876000,18.336000,461.702955,459.356550,460.000000,770,-1.702955,PI,FIFO,true,PI_FIFO,460.085544
5.220019,-1,18,10000.209000,18.545000,463.453390,459.971076,460.000000,767,-3.453390,PI,FIFO,true,PI_FIFO,461.769467
5.230019,-1,18,10000.228000,18.773000,460.562227,460.059749,460.000000,768,-0.562227,PI,FIFO,true,PI_FIFO,461.165847
5.240019,-1,18,10000.617000,19.390000,460.849719,460.178244,460.000000,767,-0.849719,PI,FIFO,true,PI_FIFO,461.007783
5.250020,-1,18,10000.802000,20.192000,461.224754,460.335221,460.000000,767,-1.224754,PI,FIFO,true,PI_FIFO,461.116269
5.260018,-1,18,9998.079000,18.271000,462.506167,460.660863,460.000000,765,-2.506167,PI,FIFO,true,PI_FIFO,461.811218
5.270019,-1,18,10000.913000,19.184000,463.625716,461.105591,460.000000,763,-3.625716,PI,FIFO,true,PI_FIFO,462.718467
5.280019,-1,18,9999.802000,18.986000,461.281631,461.131997,460.000000,763,-1.281631,PI,FIFO,true,PI_FIFO,462.000049
5.290019,-1,18,10000.173000,19.159000,456.821873,460.485478,460.000000,766,3.178127,PI,FIFO,true,PI_FIFO,459.410961
5.300018,-1,18,9998.894000,18.053000,455.729167,459.772031,460.000000,769,4.270833,PI,FIFO,true,PI_FIFO,457.570064
5.310017,-1,18,9999.376000,17.429000,454.117330,458.923826,460.000000,772,5.882670,PI,FIFO,true,PI_FIFO,455.843697
5.320017,-1,18,9999.432000,16.861000,457.094100,458.649367,460.000000,773,2.905900,PI,FIFO,true,PI_FIFO,456.468899
5.330017,-1,18,10000.506000,17.367000,460.509307,458.928358,460.000000,772,-0.509307,PI,FIFO,true,PI_FIFO,458.489103
5.340020,-1,18,10002.246000,19.613000,462.147887,459.411288,460.000000,770,-2.147887,PI,FIFO,true,PI_FIFO,460.318495
5.350018,-1,18,9998.098000,17.711000,464.876033,460.231000,460.000000,766,-4.876033,PI,FIFO,true,PI_FIFO,462.597264
5.360021,-1,18,10003.154000,20.865000,460.418616,460.259142,460.000000,767,-0.418616,PI,FIFO,true,PI_FIFO,461.507940
5.370018,-1,18,9997.469000,18.334000,461.702955,460.475714,460.000000,766,-1.702955,PI,FIFO,true,PI_FIFO,461.605447
5.380019,-1,18,10000.802000,19.136000,461.822660,460.677756,460.000000,765,-1.822660,PI,FIFO,true,PI_FIFO,461.714054
5.390019,-1,18,10000.153000,19.289000,460.986025,460.723996,460.000000,765,-0.986025,PI,FIFO,true,PI_FIFO,461.350039
5.400015,-1,18,9995.821000,15.110000,463.671691,461.166150,460.000000,763,-3.671691,PI,FIFO,true,PI_FIFO,462.510865
5.410038,-1,18,10023.024000,38.134000,460.033574,460.996264,460.000000,764,-0.033574,PI,FIFO,true,PI_FIFO,461.272220
5.420021,-1,18,9982.858000,20.992000,458.061889,460.556108,460.000000,765,1.938111,PI,FIFO,true,PI_FIFO,459.667055
5.430019,-1,18,9997.709000,18.701000,456.327745,459.921853,460.000000,768,3.672255,PI,FIFO,true,PI_FIFO,457.997400
5.440019,-1,18,10000.302000,19.003000,454.655674,459.131926,460.000000,771,5.344326,PI,FIFO,true,PI_FIFO,456.326537
5.450019,-1,18,9999.950000,18.953000,456.262807,458.701559,460.000000,773,3.737193,PI,FIFO,true,PI_FIFO,456.294672
5.460018,-1,18,9999.098000,18.051000,459.558824,458.830148,460.000000,772,0.441176,PI,FIFO,true,PI_FIFO,457.926748
5.470019,-1,18,10000.802000,18.853000,462.182148,459.332948,460.000000,770,-2.182148,PI,FIFO,true,PI_FIFO,460.054448
5.480019,-1,18,10000.024000,18.877000,463.235294,459.918300,460.000000,767,-3.235294,PI,FIFO,true,PI_FIFO,461.644871
5.490021,-1,18,10002.339000,21.216000,460.813763,460.052620,460.000000,767,-0.813763,PI,FIFO,true,PI_FIFO,461.229317
5.500020,-1,18,9998.450000,19.666000,460.418616,460.107519,460.000000,767,-0.418616,PI,FIFO,true,PI_FIFO,460.823966
5.510018,-1,18,9998.599000,18.265000,462.182148,460.418713,460.000000,766,-2.182148,PI,FIFO,true,PI_FIFO,461.503057
5.520019,-1,18,10000.542000,18.807000,461.368110,460.561123,460.000000,766,-1.368110,PI,FIFO,true,PI_FIFO,461.435584
5.530019,-1,18,10000.413000,19.220000,464.108911,461.093291,460.000000,763,-4.108911,PI,FIFO,true,PI_FIFO,462.772247
5.540020,-1,18,10000.376000,19.596000,460.418616,460.992090,460.000000,764,-0.418616,PI,FIFO,true,PI_FIFO,461.595431
5.550019,-1,18,9999.395000,18.991000,458.061889,460.552560,460.000000,765,1.938111,PI,FIFO,true,PI_FIFO,459.828660
5.560020,-1,18,10000.561000,19.552000,455.982490,459.867049,460.000000,768,4.017510,PI,FIFO,true,PI_FIFO,457.905575
5.570017,-1,18,9997.450000,17.002000,453.706062,458.942901,460.000000,772,6.293938,PI,FIFO,true,PI_FIFO,455.805819
5.580017,-1,18,9999.710000,16.712000,457.540264,458.732506,460.000000,773,2.459736,PI,FIFO,true,PI_FIFO,456.673041
5.590017,-1,18,9999.950000,16.662000,459.085052,458.785387,460.000000,772,0.914948,PI,FIFO,true,PI_FIFO,457.879046
5.600016,-1,18,9998.839000,15.501000,461.714353,459.224732,460.000000,770,-1.714353,PI,FIFO,true,PI_FIFO,459.796700
5.610027,-1,18,10011.839000,27.340000,462.582237,459.728358,460.000000,768,-2.582237,PI,FIFO,true,PI_FIFO,461.189468
5.620017,-1,18,9989.579000,16.919000,461.065574,459.928940,460.000000,768,-1.065574,PI,FIFO,true,PI_FIFO,461.127521
5.630020,-1,18,10002.728000,19.647000,460.509307,460.015995,460.000000,768,-0.509307,PI,FIFO,true,PI_FIFO,460.818414
5.640015,-1,18,9995.043000,14.690000,462.734452,460.423764,460.000000,766,-2.734452,PI,FIFO,true,PI_FIFO,461.776433
5.650028,-1,18,10013.098000,27.788000,460.747543,460.472331,460.000000,766,-0.747543,PI,FIFO,true,PI_FIFO,461.261988
5.660017,-1,18,9988.747000,16.535000,464.985829,461.149355,460.000000,763,-4.985829,PI,FIFO,true,PI_FIFO,463.123908
5.670020,-1,18,10003.320000,19.855000,460.813763,461.099017,460.000000,764,-0.813763,PI,FIFO,true,PI_FIFO,461.968836
5.680019,-1,18,9998.747000,18.602000,459.130131,460.803684,460.000000,765,0.869869,PI,FIFO,true,PI_FIFO,460.549483
5.690019,-1,18,10000.579000,19.181000,457.094100,460.247246,460.000000,767,2.905900,PI,FIFO,true,PI_FIFO,458.821792
5.700019,-1,18,10000.117000,19.298000,453.706062,459.266069,460.000000,771,6.293938,PI,FIFO,true,PI_FIFO,456.263927
5.710019,-1,18,9999.783000,19.081000,457.763672,459.040709,460.000000,772,2.236328,PI,FIFO,true,PI_FIFO,457.013799
5.720027,-1,18,10007.617000,26.698000,458.612255,458.976441,460.000000,772,1.387745,PI,FIFO,true,PI_FIFO,457.813027
5.730030,-1,18,10002.895000,29.593000,462.902807,459.565396,460.000000,769,-2.902807,PI,FIFO,true,PI_FIFO,460.357917
5.740021,-1,18,9991.117000,20.710000,462.364960,459.985330,460.000000,767,-2.364960,PI,FIFO,true,PI_FIFO,461.361439
5.750018,-1,18,9996.968000,17.678000,461.463731,460.207091,460.000000,767,-1.463731,PI,FIFO,true,PI_FIFO,461.412585
5.760017,-1,18,9999.265000,16.943000,459.784208,460.143658,460.000000,767,0.215792,PI,FIFO,true,PI_FIFO,460.598396
5.770018,-1,18,10000.617000,17.560000,461.224754,460.305823,460.000000,767,-1.224754,PI,FIFO,true,PI_FIFO,460.911575
5.780017,-1,18,9999.098000,16.658000,461.281631,460.452194,460.000000,766,-1.281631,PI,FIFO,true,PI_FIFO,461.096603
5.790019,-1,18,10002.376000,19.034000,464.835595,461.109704,460.000000,763,-4.835595,PI,FIFO,true,PI_FIFO,462.966099
5.800017,-1,18,9997.987000,17.021000,460.461690,461.012502,460.000000,763,-0.461690,PI,FIFO,true,PI_FIFO,461.713894
5.810017,-1,18,10000.228000,17.249000,458.376222,460.617060,460.000000,765,1.623778,PI,FIFO,true,PI_FIFO,460.045058
5.820017,-1,18,10000.043000,17.292000,456.204380,459.955158,460.000000,768,3.795620,PI,FIFO,true,PI_FIFO,458.124719
5.830024,-1,18,10006.487000,23.779000,454.168791,459.087203,460.000000,771,5.831209,PI,FIFO,true,PI_FIFO,456.146755
5.840056,-1,18,10032.339000,56.118000,458.140432,458.945187,460.000000,772,1.859568,PI,FIFO,true,PI_FIFO,457.143594
5.850043,-1,18,9986.598000,42.716000,457.669579,458.753846,460.000000,772,2.330421,PI,FIFO,true,PI_FIFO,457.406586
5.860054,-1,18,10011.525000,54.241000,462.651413,459.338481,460.000000,770,-2.651413,PI,FIFO,true,PI_FIFO,460.029000
5.870040,-1,18,9985.413000,39.654000,462.422118,459.801027,460.000000,768,-2.422118,PI,FIFO,true,PI_FIFO,461.225559
5.880031,-1,18,9991.524000,31.178000,460.509307,459.907269,460.000000,768,-0.509307,PI,FIFO,true,PI_FIFO,460.867433
5.890022,-1,18,9990.524000,21.702000,461.497890,460.145862,460.000000,767,-1.497890,PI,FIFO,true,PI_FIFO,461.182662
5.900019,-1,18,9997.246000,18.948000,461.570022,460.359486,460.000000,766,-1.570022,PI,FIFO,true,PI_FIFO,461.376342
5.910019,-1,18,9999.710000,18.658000,460.849719,460.433021,460.000000,766,-0.849719,PI,FIFO,true,PI_FIFO,461.113030
5.920031,-1,18,10012.209000,30.867000,464.350886,461.020701,460.000000,763,-4.350886,PI,FIFO,true,PI_FIFO,462.731958
5.930028,-1,18,9996.839000,27.706000,461.463731,461.087155,460.000000,763,-1.463731,PI,FIFO,true,PI_FIFO,462.097844
5.940015,-1,18,9987.672000,15.378000,458.488589,460.697370,460.000000,765,1.511411,PI,FIFO,true,PI_FIFO,460.293217
5.950015,-1,18,9999.691000,15.069000,456.204380,460.023422,460.000000,768,3.795620,PI,FIFO,true,PI_FIFO,458.248798
5.960023,-1,18,10007.672000,22.741000,453.873050,459.100866,460.000000,772,6.126950,PI,FIFO,true,PI_FIFO,456.060924
5.970023,-1,18,10000.006000,22.747000,457.987298,458.933831,460.000000,772,2.012702,PI,FIFO,true,PI_FIFO,457.024111
5.980026,-1,18,10002.950000,25.697000,458.659491,458.892680,460.000000,772,1.340509,PI,FIFO,true,PI_FIFO,457.841801
5.990018,-1,18,9991.821000,17.518000,463.625716,459.602635,460.000000,769,-3.625716,PI,FIFO,true,PI_FIFO,460.733759
6.000014,-1,18,9996.413000,13.931000,462.278107,460.003956,460.000000,767,-2.278107,PI,FIFO,true,PI_FIFO,461.505933
6.010015,-1,18,10000.690000,14.621000,460.009814,460.004835,460.000000,768,-0.009814,PI,FIFO,true,PI_FIFO,460.757873
6.020021,-1,18,10006.765000,21.386000,462.328767,460.353424,460.000000,766,-2.328767,PI,FIFO,true,PI_FIFO,461.543320
6.030015,-1,18,9993.580000,14.966000,460.849719,460.427869,460.000000,766,-0.849719,PI,FIFO,true,PI_FIFO,461.196520
6.040015,-1,18,10000.506000,15.472000,461.368110,460.568905,460.000000,766,-1.368110,PI,FIFO,true,PI_FIFO,461.282315
6.050031,-1,18,10015.098000,30.570000,462.662338,460.882920,460.000000,764,-2.662338,PI,FIFO,true,PI_FIFO,461.972326
6.060029,-1,18,9998.450000,29.020000,460.986025,460.898386,460.000000,764,-0.986025,PI,FIFO,true,PI_FIFO,461.479176
6.070028,-1,18,9998.784000,27.804000,459.344377,460.665284,460.000000,765,0.655623,PI,FIFO,true,PI_FIFO,460.411776
6.080021,-1,18,9993.302000,21.106000,457.069339,460.125893,460.000000,767,2.930661,PI,FIFO,true,PI_FIFO,458.740558
6.090016,-1,18,9995.061000,16.167000,454.676674,459.308510,460.000000,770,5.323326,PI,FIFO,true,PI_FIFO,456.708616
6.100020,-1,18,10003.894000,20.061000,457.317073,459.009794,460.000000,771,2.682927,PI,FIFO,true,PI_FIFO,457.012845
6.110020,-1,18,9999.784000,19.845000,457.848837,458.835651,460.000000,772,2.151163,PI,FIFO,true,PI_FIFO,457.430841
6.120017,-1,18,9996.765000,16.610000,463.344316,459.511951,460.000000,769,-3.344316,PI,FIFO,true,PI_FIFO,460.387579
6.130019,-1,18,10002.413000,19.023000,462.364960,459.939902,460.000000,767,-2.364960,PI,FIFO,true,PI_FIFO,461.376269
6.140021,-1,18,10001.876000,20.899000,459.809264,459.920306,460.000000,768,0.190736,PI,FIFO,true,PI_FIFO,460.592767
6.150032,-1,18,10011.209000,32.108000,462.236665,460.267760,460.000000,766,-2.236665,PI,FIFO,true,PI_FIFO,461.414716
6.160030,-1,18,9997.395000,29.503000,460.509307,460.303992,460.000000,766,-0.509307,PI,FIFO,true,PI_FIFO,460.962012
6.170030,-1,18,10000.598000,30.101000,461.942427,460.549757,460.000000,765,-1.942427,PI,FIFO,true,PI_FIFO,461.452219
6.180018,-1,18,9987.524000,17.625000,462.506167,460.843219,460.000000,764,-2.506167,PI,FIFO,true,PI_FIFO,461.979193
6.190017,-1,18,9999.783000,17.408000,461.931018,461.006389,460.000000,763,-1.931018,PI,FIFO,true,PI_FIFO,461.955106
6.200017,-1,18,9999.821000,17.229000,459.058760,460.714244,460.000000,764,0.941240,PI,FIFO,true,PI_FIFO,460.506933
6.210017,-1,18,10000.117000,17.346000,456.363004,460.061558,460.000000,767,3.636996,PI,FIFO,true,PI_FIFO,458.434968
6.220017,-1,18,9999.413000,16.759000,454.361874,459.206606,460.000000,771,5.638126,PI,FIFO,true,PI_FIFO,456.398421
6.230017,-1,18,10000.357000,17.116000,456.786543,458.843596,460.000000,772,3.213457,PI,FIFO,true,PI_FIFO,456.592482
6.240017,-1,18,9999.932000,17.048000,458.559783,458.801024,460.000000,772,1.440217,PI,FIFO,true,PI_FIFO,457.576132
6.250017,-1,18,9999.857000,16.905000,462.364960,459.335615,460.000000,770,-2.364960,PI,FIFO,true,PI_FIFO,459.970546
6.260017,-1,18,9999.747000,16.652000,463.143526,459.906801,460.000000,767,-3.143526,PI,FIFO,true,PI_FIFO,461.557036
6.270017,-1,18,10000.431000,17.083000,460.235641,459.956127,460.000000,768,-0.235641,PI,FIFO,true,PI_FIFO,460.896338
6.280017,-1,18,9999.728000,16.811000,462.902807,460.398129,460.000000,766,-2.902807,PI,FIFO,true,PI_FIFO,461.899572
6.290017,-1,18,10000.450000,17.261000,460.634066,460.433520,460.000000,766,-0.634066,PI,FIFO,true,PI_FIFO,461.266819
6.300017,-1,18,9999.339000,16.600000,462.328767,460.717807,460.000000,765,-2.328767,PI,FIFO,true,PI_FIFO,461.797793
6.310017,-1,18,10000.432000,17.032000,462.582237,460.997471,460.000000,763,-2.582237,PI,FIFO,true,PI_FIFO,462.190015
6.320017,-1,18,9999.820000,16.852000,461.702955,461.103294,460.000000,763,-1.702955,PI,FIFO,true,PI_FIFO,461.946485
6.330017,-1,18,9999.913000,16.765000,460.235641,460.973146,460.000000,763,-0.235641,PI,FIFO,true,PI_FIFO,461.091063
6.340033,-1,18,10015.988000,32.753000,457.434515,460.442351,460.000000,765,2.565485,PI,FIFO,true,PI_FIFO,459.262789
6.350024,-1,18,9991.616000,24.369000,453.475051,459.397256,460.000000,770,6.524949,PI,FIFO,true,PI_FIFO,456.368920
6.360020,-1,18,9995.358000,19.727000,456.648807,458.984989,460.000000,771,3.351193,PI,FIFO,true,PI_FIFO,456.508863
6.370018,-1,18,9997.931000,17.658000,456.998607,458.687032,460.000000,772,3.001393,PI,FIFO,true,PI_FIFO,456.753735
6.380017,-1,18,9999.488000,17.146000,462.328767,459.233292,460.000000,770,-2.328767,PI,FIFO,true,PI_FIFO,459.541251
6.390017,-1,18,10000.264000,17.410000,463.017404,459.800909,460.000000,767,-3.017404,PI,FIFO,true,PI_FIFO,461.279327
6.400017,-1,18,9999.802000,17.212000,460.033574,459.835808,460.000000,768,-0.033574,PI,FIFO,true,PI_FIFO,460.656451
6.410038,-1,18,10020.673000,37.885000,461.702955,460.115880,460.000000,767,-1.702955,PI,FIFO,true,PI_FIFO,461.179703
6.420017,-1,18,9978.691000,16.576000,460.461690,460.167752,460.000000,767,-0.461690,PI,FIFO,true,PI_FIFO,460.820696
6.430019,-1,18,10002.339000,18.915000,461.942427,460.433953,460.000000,766,-1.942427,PI,FIFO,true,PI_FIFO,461.381562
6.440026,-1,18,10007.191000,26.106000,463.453390,460.886869,460.000000,763,-3.453390,PI,FIFO,true,PI_FIFO,462.417476
6.450019,-1,18,9992.801000,18.907000,461.942427,461.045202,460.000000,763,-1.942427,PI,FIFO,true,PI_FIFO,462.179952
6.460015,-1,18,9996.173000,15.080000,460.461690,460.957676,460.000000,763,-0.461690,PI,FIFO,true,PI_FIFO,461.320821
6.470020,-1,18,10004.542000,19.622000,456.262807,460.253445,460.000000,766,3.737193,PI,FIFO,true,PI_FIFO,458.791814
6.480035,-1,18,10015.525000,35.147000,454.435288,459.380722,460.000000,770,5.564712,PI,FIFO,true,PI_FIFO,456.613551
6.490029,-1,18,9993.561000,28.708000,456.965110,459.018380,460.000000,771,3.034890,PI,FIFO,true,PI_FIFO,456.789331
6.500036,-1,18,10007.117000,35.825000,458.140432,458.886688,460.000000,771,1.859568,PI,FIFO,true,PI_FIFO,457.464881
6.510021,-1,18,9984.931000,20.756000,461.931018,459.343337,460.000000,769,-1.931018,PI,FIFO,true,PI_FIFO,459.697950
6.520019,-1,18,9998.395000,19.151000,463.344316,459.943484,460.000000,767,-3.344316,PI,FIFO,true,PI_FIFO,461.521133
6.530018,-1,18,9999.190000,18.341000,460.418616,460.014754,460.000000,767,-0.418616,PI,FIFO,true,PI_FIFO,460.969874
6.540021,-1,18,10002.377000,20.718000,462.182148,460.339863,460.000000,766,-2.182148,PI,FIFO,true,PI_FIFO,461.576011
6.550020,-1,18,9999.098000,19.816000,461.141171,460.460059,460.000000,765,-1.141171,PI,FIFO,true,PI_FIFO,461.358591
6.560019,-1,18,9999.487000,19.303000,461.931018,460.680703,460.000000,764,-1.931018,PI,FIFO,true,PI_FIFO,461.644805
6.570020,-1,18,10000.209000,19.512000,462.902807,461.014019,460.000000,763,-2.902807,PI,FIFO,true,PI_FIFO,462.273806
6.580019,-1,18,9999.210000,18.722000,460.914454,460.999084,460.000000,763,-0.914454,PI,FIFO,true,PI_FIFO,461.594130
6.590019,-1,18,9999.894000,18.616000,461.224754,461.032934,460.000000,762,-1.224754,PI,FIFO,true,PI_FIFO,461.409442
6.600018,-1,18,9999.580000,18.196000,456.363004,460.332445,460.000000,765,3.636996,PI,FIFO,true,PI_FIFO,458.886223
6.610019,-1,18,10000.543000,18.739000,453.873050,459.363536,460.000000,769,6.126950,PI,FIFO,true,PI_FIFO,456.379637
6.620018,-1,18,9999.468000,18.207000,455.760817,458.823128,460.000000,771,4.239183,PI,FIFO,true,PI_FIFO,456.070227
6.630018,-1,18,10000.061000,18.268000,458.140432,458.720723,460.000000,771,1.859568,PI,FIFO,true,PI_FIFO,457.105329
6.640026,-1,18,10008.154000,26.422000,462.147887,459.234798,460.000000,769,-2.147887,PI,FIFO,true,PI_FIFO,459.626608
6.650020,-1,18,9993.636000,20.058000,462.075575,459.660915,460.000000,767,-2.075575,PI,FIFO,true,PI_FIFO,460.851092
6.660019,-1,18,9999.376000,19.434000,460.203366,459.742282,460.000000,768,-0.203366,PI,FIFO,true,PI_FIFO,460.527229
6.670019,-1,18,9999.653000,19.087000,462.422118,460.144258,460.000000,766,-2.422118,PI,FIFO,true,PI_FIFO,461.474674
6.680019,-1,18,9999.710000,18.797000,460.461690,460.191873,460.000000,766,-0.461690,PI,FIFO,true,PI_FIFO,460.968182
6.690019,-1,18,9999.728000,18.525000,462.182148,460.490414,460.000000,765,-2.182148,PI,FIFO,true,PI_FIFO,461.575165
6.700018,-1,18,9999.524000,18.049000,463.420662,460.929951,460.000000,763,-3.420662,PI,FIFO,true,PI_FIFO,462.497914
6.710018,-1,18,9999.617000,17.666000,460.509307,460.866855,460.000000,763,-0.509307,PI,FIFO,true,PI_FIFO,461.503610
6.720017,-1,18,9999.283000,16.949000,461.281631,460.929071,460.000000,763,-1.281631,PI,FIFO,true,PI_FIFO,461.392621
6.730017,-1,18,10000.080000,17.029000,455.588553,460.127993,460.000000,766,4.411447,PI,FIFO,true,PI_FIFO,458.490587
6.740036,-1,18,10018.672000,35.701000,455.307586,459.404932,460.000000,769,4.692414,PI,FIFO,true,PI_FIFO,456.899086
6.750021,-1,18,9985.006000,20.707000,455.562660,458.828591,460.000000,771,4.437340,PI,FIFO,true,PI_FIFO,456.230873
6.760019,-1,18,9997.820000,18.527000,457.317073,458.601864,460.000000,772,2.682927,PI,FIFO,true,PI_FIFO,456.773973
6.770018,-1,18,9999.913000,18.440000,463.625716,459.355441,460.000000,769,-3.625716,PI,FIFO,true,PI_FIFO,460.199844
6.780019,-1,18,10000.635000,19.075000,461.595273,459.691416,460.000000,768,-1.595273,PI,FIFO,true,PI_FIFO,460.897559
6.790019,-1,18,9999.858000,18.933000,461.463731,459.957263,460.000000,767,-1.463731,PI,FIFO,true,PI_FIFO,461.180645
6.800019,-1,18,9999.820000,18.753000,461.497890,460.188357,460.000000,766,-1.497890,PI,FIFO,true,PI_FIFO,461.339268
6.810018,-1,18,9999.506000,18.259000,460.310966,460.206749,460.000000,766,-0.310966,PI,FIFO,true,PI_FIFO,460.825117
6.820018,-1,18,9999.524000,17.783000,461.497890,460.400420,460.000000,766,-1.497890,PI,FIFO,true,PI_FIFO,461.161503
6.830019,-1,18,10000.802000,18.585000,463.625716,460.884214,460.000000,763,-3.625716,PI,FIFO,true,PI_FIFO,462.393610
6.840016,-1,18,9997.487000,16.072000,460.235641,460.786928,460.000000,764,-0.235641,PI,FIFO,true,PI_FIFO,461.314625
6.850028,-1,18,10011.765000,27.837000,462.422118,461.032207,460.000000,763,-2.422118,PI,FIFO,true,PI_FIFO,461.868372
6.860020,-1,18,9992.247000,20.084000,455.940250,460.268413,460.000000,766,4.059750,PI,FIFO,true,PI_FIFO,458.904311
6.870018,-1,18,9997.579000,17.663000,455.588553,459.566434,460.000000,769,4.411447,PI,FIFO,true,PI_FIFO,457.246432
6.880025,-1,18,10007.525000,25.188000,456.426485,459.095442,460.000000,770,3.573515,PI,FIFO,true,PI_FIFO,456.836458
6.890019,-1,18,9993.413000,18.601000,456.496668,458.705626,460.000000,772,3.503332,PI,FIFO,true,PI_FIFO,456.666563
6.900019,-1,18,10000.283000,18.884000,462.734452,459.309950,460.000000,769,-2.734452,PI,FIFO,true,PI_FIFO,459.700508
6.910019,-1,18,9999.672000,18.556000,461.702955,459.668901,460.000000,768,-1.702955,PI,FIFO,true,PI_FIFO,460.701731
6.920018,-1,18,9999.913000,18.469000,461.497890,459.943249,460.000000,767,-1.497890,PI,FIFO,true,PI_FIFO,461.099811
6.930019,-1,18,10000.284000,18.753000,460.813763,460.073826,460.000000,767,-0.813763,PI,FIFO,true,PI_FIFO,460.956787
6.940030,-1,18,10011.395000,30.148000,460.418616,460.125544,460.000000,767,-0.418616,PI,FIFO,true,PI_FIFO,460.687701
6.950020,-1,18,9989.413000,19.561000,462.422118,460.470031,460.000000,765,-2.422118,PI,FIFO,true,PI_FIFO,461.554910
6.960015,-1,18,9995.172000,14.733000,463.191700,460.878281,460.000000,763,-3.191700,PI,FIFO,true,PI_FIFO,462.373305
6.970020,-1,18,10004.876000,19.609000,460.986025,460.894443,460.000000,763,-0.986025,PI,FIFO,true,PI_FIFO,461.679665
6.980015,-1,18,9995.617000,15.226000,461.065574,460.920112,460.000000,763,-1.065574,PI,FIFO,true,PI_FIFO,461.372619
6.990033,-1,18,10018.246000,33.472000,456.965110,460.326862,460.000000,766,3.034890,PI,FIFO,true,PI_FIFO,459.168865
7.000017,-1,18,9983.376000,16.848000,455.539359,459.608736,460.000000,769,4.460641,PI,FIFO,true,PI_FIFO,457.354112
7.010020,-1,18,10003.191000,20.039000,455.588553,459.005709,460.000000,771,4.411447,PI,FIFO,true,PI_FIFO,456.471332
7.020029,-1,18,10009.135000,29.174000,455.940250,458.545890,460.000000,773,4.059750,PI,FIFO,true,PI_FIFO,456.205791
7.030019,-1,18,9990.321000,19.495000,463.344316,459.265654,460.000000,769,-3.344316,PI,FIFO,true,PI_FIFO,459.775054
7.040019,-1,18,9999.579000,19.074000,461.497890,459.600489,460.000000,768,-1.497890,PI,FIFO,true,PI_FIFO,460.636472
7.050019,-1,18,9999.969000,19.043000,461.942427,459.951780,460.000000,767,-1.942427,PI,FIFO,true,PI_FIFO,461.289450
7.060016,-1,18,9997.376000,16.419000,460.914454,460.096181,460.000000,767,-0.914454,PI,FIFO,true,PI_FIFO,461.101952
7.070036,-1,18,10019.728000,36.147000,459.558824,460.015578,460.000000,767,0.441176,PI,FIFO,true,PI_FIFO,460.330388
7.080031,-1,18,9994.691000,30.838000,463.235294,460.498535,460.000000,765,-3.235294,PI,FIFO,true,PI_FIFO,461.782841
7.090021,-1,18,9990.005000,20.843000,463.384495,460.931429,460.000000,763,-3.384495,PI,FIFO,true,PI_FIFO,462.583668
7.100019,-1,18,9998.228000,19.071000,461.497890,461.016398,460.000000,763,-1.497890,PI,FIFO,true,PI_FIFO,462.040779
7.110020,-1,18,10001.247000,20.318000,461.317660,461.061588,460.000000,763,-1.317660,PI,FIFO,true,PI_FIFO,461.679220
7.120019,-1,18,9998.765000,19.083000,456.786543,460.420331,460.000000,765,3.213457,PI,FIFO,true,PI_FIFO,459.232881
7.130018,-1,18,9998.857000,17.940000,455.097087,459.621844,460.000000,769,4.902913,PI,FIFO,true,PI_FIFO,457.164984
7.140018,-1,18,10000.117000,18.057000,456.151529,459.101297,460.000000,771,3.848471,PI,FIFO,true,PI_FIFO,456.658257
7.150020,-1,18,10001.802000,19.859000,455.588553,458.574385,460.000000,773,4.411447,PI,FIFO,true,PI_FIFO,456.123405
7.160019,-1,18,9999.061000,18.920000,463.890198,459.371757,460.000000,769,-3.890198,PI,FIFO,true,PI_FIFO,460.006801
7.170018,-1,18,9999.135000,18.055000,461.317660,459.663643,460.000000,768,-1.317660,PI,FIFO,true,PI_FIFO,460.662231
7.180034,-1,18,10016.099000,34.154000,461.497890,459.938780,460.000000,767,-1.497890,PI,FIFO,true,PI_FIFO,461.080060
7.190035,-1,18,10000.579000,34.733000,461.368110,460.153179,460.000000,766,-1.368110,PI,FIFO,true,PI_FIFO,461.224085
7.200037,-1,18,10002.525000,37.258000,460.059978,460.139199,460.000000,767,-0.059978,PI,FIFO,true,PI_FIFO,460.642032
7.210020,-1,18,9982.801000,20.059000,463.017404,460.570930,460.000000,765,-3.017404,PI,FIFO,true,PI_FIFO,461.829718
7.220020,-1,18,9999.525000,19.584000,462.662338,460.884641,460.000000,763,-2.662338,PI,FIFO,true,PI_FIFO,462.246028
7.230020,-1,18,9999.950000,19.534000,462.050271,461.059486,460.000000,763,-2.050271,PI,FIFO,true,PI_FIFO,462.148149
7.240021,-1,18,10001.431000,20.965000,460.509307,460.976959,460.000000,763,-0.509307,PI,FIFO,true,PI_FIFO,461.328728
7.250020,-1,18,9998.839000,19.804000,458.061889,460.539698,460.000000,765,1.938111,PI,FIFO,true,PI_FIFO,459.695309
7.260019,-1,18,9998.858000,18.662000,455.097087,459.723307,460.000000,768,4.902913,PI,FIFO,true,PI_FIFO,457.396198
7.270019,-1,18,10000.450000,19.112000,455.318116,459.062528,460.000000,771,4.681884,PI,FIFO,true,PI_FIFO,456.357157
7.280019,-1,18,9999.783000,18.895000,456.029186,458.607527,460.000000,772,3.970814,PI,FIFO,true,PI_FIFO,456.193171
7.290019,-1,18,9999.821000,18.716000,462.050271,459.123938,460.000000,770,-2.050271,PI,FIFO,true,PI_FIFO,459.121721
7.300018,-1,18,9999.709000,18.425000,461.942427,459.546712,460.000000,768,-1.942427,PI,FIFO,true,PI_FIFO,460.532074
7.310019,-1,18,10000.432000,18.857000,461.065574,459.774541,460.000000,767,-1.065574,PI,FIFO,true,PI_FIFO,460.798824
7.320018,-1,18,9999.302000,18.159000,461.368110,460.013576,460.000000,767,-1.368110,PI,FIFO,true,PI_FIFO,461.083467
7.330019,-1,18,10000.357000,18.516000,460.033574,460.016576,460.000000,767,-0.033574,PI,FIFO,true,PI_FIFO,460.558521
7.340033,-1,18,10014.765000,33.281000,462.799718,460.434047,460.000000,765,-2.799718,PI,FIFO,true,PI_FIFO,461.679119
7.350033,-1,18,9999.858000,33.139000,461.463731,460.588500,460.000000,765,-1.463731,PI,FIFO,true,PI_FIFO,461.571425
7.360021,-1,18,9987.857000,20.996000,462.835985,460.925623,460.000000,763,-2.835985,PI,FIFO,true,PI_FIFO,462.203705
7.370019,-1,18,9997.765000,18.761000,459.988318,460.785027,460.000000,764,0.011682,PI,FIFO,true,PI_FIFO,461.096011
7.380018,-1,18,9999.320000,18.081000,457.094100,460.231388,460.000000,766,2.905900,PI,FIFO,true,PI_FIFO,459.095056
7.390019,-1,18,10001.025000,19.106000,455.329755,459.496143,460.000000,769,4.670245,PI,FIFO,true,PI_FIFO,457.212405
7.400018,-1,18,9999.116000,18.222000,455.539359,458.902625,460.000000,772,4.460641,PI,FIFO,true,PI_FIFO,456.375882
7.410018,-1,18,10000.265000,18.487000,456.730769,458.576847,460.000000,773,3.269231,PI,FIFO,true,PI_FIFO,456.553326
7.420014,-1,18,9996.006000,14.493000,462.278107,459.132036,460.000000,770,-2.278107,PI,FIFO,true,PI_FIFO,459.415716
7.430019,-1,18,10004.765000,19.258000,462.422118,459.625548,460.000000,768,-2.422118,PI,FIFO,true,PI_FIFO,460.918917
7.440053,-1,18,10033.858000,53.116000,461.224754,459.865429,460.000000,768,-1.224754,PI,FIFO,true,PI_FIFO,461.071836
7.450039,-1,18,9985.839000,38.955000,461.714353,460.142768,460.000000,767,-1.714353,PI,FIFO,true,PI_FIFO,461.393094
7.460021,-1,18,9982.283000,21.238000,459.796076,460.090764,460.000000,767,0.203924,PI,FIFO,true,PI_FIFO,460.594585
7.470018,-1,18,9996.931000,18.169000,463.890198,460.660679,460.000000,765,-3.890198,PI,FIFO,true,PI_FIFO,462.242392
7.480018,-1,18,10000.210000,18.379000,461.317660,460.759226,460.000000,764,-1.317660,PI,FIFO,true,PI_FIFO,461.780026
7.490023,-1,18,10004.691000,23.070000,463.235294,461.130636,460.000000,763,-3.235294,PI,FIFO,true,PI_FIFO,462.507660
7.500034,-1,18,10011.191000,34.261000,460.509307,461.037437,460.000000,763,-0.509307,PI,FIFO,true,PI_FIFO,461.508484
7.510021,-1,18,9986.987000,21.248000,457.317073,460.479382,460.000000,765,2.682927,PI,FIFO,true,PI_FIFO,459.412778
7.520019,-1,18,9998.098000,19.346000,456.327745,459.856637,460.000000,768,3.672255,PI,FIFO,true,PI_FIFO,457.870262
7.530019,-1,18,9999.709000,19.055000,454.047509,458.985268,460.000000,771,5.952491,PI,FIFO,true,PI_FIFO,455.958885
7.540019,-1,18,9999.987000,19.042000,456.081081,458.549640,460.000000,773,3.918919,PI,FIFO,true,PI_FIFO,456.019983
7.550021,-1,18,10002.173000,21.215000,461.281631,458.959438,460.000000,771,-1.281631,PI,FIFO,true,PI_FIFO,458.650807
7.560018,-1,18,9997.283000,18.498000,461.702955,459.370966,460.000000,769,-1.702955,PI,FIFO,true,PI_FIFO,460.176881
7.570019,-1,18,10000.617000,19.115000,461.931018,459.754974,460.000000,768,-1.931018,PI,FIFO,true,PI_FIFO,461.053950
7.580024,-1,18,10005.135000,24.250000,461.570022,460.027231,460.000000,767,-1.570022,PI,FIFO,true,PI_FIFO,461.311986
7.590020,-1,18,9995.358000,19.608000,459.773470,459.989167,460.000000,768,0.226530,PI,FIFO,true,PI_FIFO,460.542728
7.600022,-1,18,10002.209000,21.817000,464.108911,460.607128,460.000000,765,-4.108911,PI,FIFO,true,PI_FIFO,462.325819
7.610019,-1,18,9997.191000,19.008000,462.147887,460.838242,460.000000,764,-2.147887,PI,FIFO,true,PI_FIFO,462.236853
7.620022,-1,18,10002.857000,21.865000,463.143526,461.184035,460.000000,763,-3.143526,PI,FIFO,true,PI_FIFO,462.690190
7.630019,-1,18,9997.339000,19.204000,460.203366,461.036934,460.000000,763,-0.203366,PI,FIFO,true,PI_FIFO,461.446778
7.640022,-1,18,10002.876000,22.080000,457.317073,460.478955,460.000000,766,2.682927,PI,FIFO,true,PI_FIFO,459.381925
7.650020,-1,18,9997.784000,19.864000,457.094100,459.971227,460.000000,767,2.905900,PI,FIFO,true,PI_FIFO,458.238013
7.660022,-1,18,10002.524000,22.388000,453.475051,458.996801,460.000000,772,6.524949,PI,FIFO,true,PI_FIFO,455.856532
7.670020,-1,18,9997.154000,19.542000,457.540264,458.778320,460.000000,772,2.459736,PI,FIFO,true,PI_FIFO,456.698398
7.680021,-1,18,10001.468000,21.010000,460.747543,459.073703,460.000000,771,-0.747543,PI,FIFO,true,PI_FIFO,458.722970
7.690019,-1,18,9997.617000,18.627000,462.364960,459.567392,460.000000,769,-2.364960,PI,FIFO,true,PI_FIFO,460.543965
7.700023,-1,18,10003.876000,22.503000,462.075575,459.943619,460.000000,767,-2.075575,PI,FIFO,true,PI_FIFO,461.309770
7.710019,-1,18,9996.469000,18.972000,461.497890,460.176760,460.000000,767,-1.497890,PI,FIFO,true,PI_FIFO,461.403830
7.720021,-1,18,10002.413000,21.385000,460.747543,460.262377,460.000000,766,-0.747543,PI,FIFO,true,PI_FIFO,461.075686
7.730018,-1,18,9996.506000,17.891000,462.962963,460.667465,460.000000,765,-2.962963,PI,FIFO,true,PI_FIFO,462.019325
7.740021,-1,18,10003.116000,21.007000,461.224754,460.751059,460.000000,764,-1.224754,PI,FIFO,true,PI_FIFO,461.622039
7.750019,-1,18,9997.932000,18.939000,463.017404,461.091010,460.000000,763,-3.017404,PI,FIFO,true,PI_FIFO,462.319721
7.760027,-1,18,10007.913000,26.852000,461.317660,461.125008,460.000000,762,-1.317660,PI,FIFO,true,PI_FIFO,461.818691
7.770020,-1,18,9993.302000,20.154000,456.151529,460.378986,460.000000,766,3.848471,PI,FIFO,true,PI_FIFO,458.985110
7.780023,-1,18,10003.061000,23.215000,456.821873,459.845419,460.000000,768,3.178127,PI,FIFO,true,PI_FIFO,457.903492
7.790017,-1,18,9994.043000,17.258000,454.047509,458.975733,460.000000,771,5.952491,PI,FIFO,true,PI_FIFO,455.975500
7.800026,-1,18,10008.617000,25.875000,457.069339,458.689774,460.000000,772,2.930661,PI,FIFO,true,PI_FIFO,456.522420
7.810017,-1,18,9991.301000,17.176000,460.849719,459.013765,460.000000,771,-0.849719,PI,FIFO,true,PI_FIFO,458.686069
7.820017,-1,18,9999.839000,17.015000,463.017404,459.614311,460.000000,768,-3.017404,PI,FIFO,true,PI_FIFO,460.851737
7.830018,-1,18,10000.877000,17.892000,462.835985,460.097562,460.000000,766,-2.835985,PI,FIFO,true,PI_FIFO,461.843861
7.840037,-1,18,10019.116000,37.008000,460.986025,460.230832,460.000000,766,-0.986025,PI,FIFO,true,PI_FIFO,461.414943
7.850028,-1,18,9991.247000,28.255000,460.634066,460.291317,460.000000,766,-0.634066,PI,FIFO,true,PI_FIFO,461.024505
7.860026,-1,18,9997.876000,26.131000,462.902807,460.683040,460.000000,764,-2.902807,PI,FIFO,true,PI_FIFO,461.963656
7.870020,-1,18,9993.561000,19.692000,462.147887,460.902767,460.000000,763,-2.147887,PI,FIFO,true,PI_FIFO,462.055771
7.880018,-1,18,9998.209000,17.901000,462.422118,461.130670,460.000000,762,-2.422118,PI,FIFO,true,PI_FIFO,462.238945
7.890017,-1,18,9999.432000,17.333000,460.914454,461.098238,460.000000,762,-0.914454,PI,FIFO,true,PI_FIFO,461.576700
7.900018,-1,18,10000.413000,17.746000,456.496668,460.408002,460.000000,765,3.503332,PI,FIFO,true,PI_FIFO,459.036684
7.910017,-1,18,9999.357000,17.103000,456.871345,459.877504,460.000000,767,3.128655,PI,FIFO,true,PI_FIFO,457.954015
7.920018,-1,18,10000.765000,17.868000,453.141783,458.867146,460.000000,771,6.858217,PI,FIFO,true,PI_FIFO,455.547899
7.930017,-1,18,9999.450000,17.318000,456.363004,458.491524,460.000000,773,3.636996,PI,FIFO,true,PI_FIFO,455.955451
7.940016,-1,18,9999.062000,16.380000,460.033574,458.722832,460.000000,771,-0.033574,PI,FIFO,true,PI_FIFO,457.994513
7.950019,-1,18,10002.876000,19.256000,462.050271,459.221948,460.000000,769,-2.050271,PI,FIFO,true,PI_FIFO,460.022392
7.960017,-1,18,9997.783000,17.039000,463.384495,459.846330,460.000000,767,-3.384495,PI,FIFO,true,PI_FIFO,461.703444
7.970018,-1,18,10000.969000,18.008000,460.849719,459.996838,460.000000,767,-0.849719,PI,FIFO,true,PI_FIFO,461.276581
7.980017,-1,18,9998.820000,16.828000,460.059978,460.006309,460.000000,767,-0.059978,PI,FIFO,true,PI_FIFO,460.668280
7.990019,-1,18,10001.784000,18.612000,461.931018,460.295016,460.000000,766,-1.931018,PI,FIFO,true,PI_FIFO,461.299649
8.000016,-1,18,9997.857000,16.469000,462.662338,460.650114,460.000000,765,-2.662338,PI,FIFO,true,PI_FIFO,461.980993
8.010020,-1,18,10003.710000,20.179000,463.235294,461.037891,460.000000,763,-3.235294,PI,FIFO,true,PI_FIFO,462.608144
8.020024,-1,18,10004.098000,24.277000,461.570022,461.117711,460.000000,763,-1.570022,PI,FIFO,true,PI_FIFO,462.089083
8.030017,-1,18,9992.450000,16.727000,456.363004,460.404505,460.000000,766,3.636996,PI,FIFO,true,PI_FIFO,459.226043
8.040020,-1,18,10003.006000,19.733000,457.565076,459.978590,460.000000,767,2.434924,PI,FIFO,true,PI_FIFO,458.395560
8.050019,-1,18,9999.690000,19.423000,454.676674,459.183303,460.000000,771,5.323326,PI,FIFO,true,PI_FIFO,456.536117
8.060020,-1,18,10000.302000,19.725000,456.327745,458.754969,460.000000,772,3.672255,PI,FIFO,true,PI_FIFO,456.431931
8.070020,-1,18,10000.747000,20.472000,461.281631,459.133968,460.000000,770,-1.281631,PI,FIFO,true,PI_FIFO,458.856781
8.080019,-1,18,9998.265000,18.737000,460.310966,459.310518,460.000000,770,-0.310966,PI,FIFO,true,PI_FIFO,459.583873
8.090015,-1,18,9996.339000,15.076000,463.235294,459.899234,460.000000,767,-3.235294,PI,FIFO,true,PI_FIFO,461.409584
8.100039,-1,18,10023.672000,38.748000,460.509307,459.990745,460.000000,767,-0.509307,PI,FIFO,true,PI_FIFO,460.959445
8.110021,-1,18,9982.320000,21.068000,461.281631,460.184378,460.000000,767,-1.281631,PI,FIFO,true,PI_FIFO,461.120538
8.120020,-1,18,9998.451000,19.519000,462.422118,460.520039,460.000000,765,-2.422118,PI,FIFO,true,PI_FIFO,461.771328
8.130020,-1,18,10000.153000,19.672000,462.278107,460.783749,460.000000,764,-2.278107,PI,FIFO,true,PI_FIFO,462.024717
8.140019,-1,18,9998.876000,18.548000,462.902807,461.101608,460.000000,763,-2.902807,PI,FIFO,true,PI_FIFO,462.463762
8.150026,-1,18,10007.006000,25.554000,460.747543,461.048498,460.000000,763,-0.747543,PI,FIFO,true,PI_FIFO,461.605652
8.160038,-1,18,10012.524000,38.078000,456.786543,460.409205,460.000000,766,3.213457,PI,FIFO,true,PI_FIFO,459.196098
8.170019,-1,18,9980.524000,18.602000,457.199692,459.927778,460.000000,767,2.800308,PI,FIFO,true,PI_FIFO,458.197895
8.180018,-1,18,9999.006000,17.608000,454.435288,459.103904,460.000000,771,5.564712,PI,FIFO,true,PI_FIFO,456.316592
8.190017,-1,18,9999.487000,17.095000,456.081081,458.650481,460.000000,772,3.918919,PI,FIFO,true,PI_FIFO,456.198836
8.200017,-1,18,10000.024000,17.119000,460.849719,458.980367,460.000000,771,-0.849719,PI,FIFO,true,PI_FIFO,458.524278
8.210017,-1,18,9999.895000,17.014000,461.463731,459.352871,460.000000,769,-1.463731,PI,FIFO,true,PI_FIFO,459.994004
8.220017,-1,18,10000.228000,17.242000,463.879268,460.031831,460.000000,767,-3.879268,PI,FIFO,true,PI_FIFO,461.936636
8.230017,-1,18,9999.857000,17.099000,460.747543,460.139188,460.000000,767,-0.747543,PI,FIFO,true,PI_FIFO,461.342089
8.240017,-1,18,9999.876000,16.975000,461.497890,460.342993,460.000000,766,-1.497890,PI,FIFO,true,PI_FIFO,461.419990
8.250017,-1,18,10000.006000,16.981000,461.570022,460.527047,460.000000,765,-1.570022,PI,FIFO,true,PI_FIFO,461.495006
8.260017,-1,18,10000.357000,17.338000,462.147887,460.770173,460.000000,764,-2.147887,PI,FIFO,true,PI_FIFO,461.821447
8.270017,-1,18,10000.117000,17.455000,464.593114,461.343614,460.000000,761,-4.593114,PI,FIFO,true,PI_FIFO,463.207280
8.280020,-1,18,10002.561000,20.016000,459.784208,461.109703,460.000000,763,0.215792,PI,FIFO,true,PI_FIFO,461.495744
8.290019,-1,18,9999.173000,19.189000,456.496668,460.417748,460.000000,765,3.503332,PI,FIFO,true,PI_FIFO,458.996206
8.300017,-1,18,9997.765000,16.954000,455.760817,459.719208,460.000000,768,4.239183,PI,FIFO,true,PI_FIFO,457.378512
8.310017,-1,18,10000.005000,16.959000,454.168791,458.886646,460.000000,771,5.831209,PI,FIFO,true,PI_FIFO,455.773651
8.320017,-1,18,9999.617000,16.576000,456.204380,458.484306,460.000000,773,3.795620,PI,FIFO,true,PI_FIFO,455.989016
8.330024,-1,18,10007.728000,24.304000,460.747543,458.823791,460.000000,771,-0.747543,PI,FIFO,true,PI_FIFO,458.368279
8.340024,-1,18,9999.339000,23.643000,462.278107,459.341939,460.000000,769,-2.278107,PI,FIFO,true,PI_FIFO,460.323193
8.350021,-1,18,9997.246000,20.889000,463.384495,459.948322,460.000000,767,-3.384495,PI,FIFO,true,PI_FIFO,461.853844
8.360019,-1,18,9998.136000,19.025000,460.849719,460.083532,460.000000,767,-0.849719,PI,FIFO,true,PI_FIFO,461.351782
8.370019,-1,18,9999.542000,18.567000,461.224754,460.254715,460.000000,766,-1.224754,PI,FIFO,true,PI_FIFO,461.288268
8.380019,-1,18,10000.321000,18.888000,462.278107,460.558224,460.000000,765,-2.278107,PI,FIFO,true,PI_FIFO,461.783187
8.390019,-1,18,10000.376000,19.264000,460.747543,460.586622,460.000000,765,-0.747543,PI,FIFO,true,PI_FIFO,461.265365
8.400015,-1,18,9995.746000,15.010000,464.327830,461.147803,460.000000,762,-4.327830,PI,FIFO,true,PI_FIFO,462.796598
8.410033,-1,18,10017.562000,32.572000,460.271318,461.016330,460.000000,763,-0.271318,PI,FIFO,true,PI_FIFO,461.533958
8.420021,-1,18,9988.801000,21.373000,458.435208,460.629162,460.000000,765,1.564792,PI,FIFO,true,PI_FIFO,459.984583
8.430018,-1,18,9996.617000,17.990000,455.329755,459.834251,460.000000,768,4.670245,PI,FIFO,true,PI_FIFO,457.657169
8.440015,-1,18,9997.284000,15.274000,453.995157,458.958387,460.000000,771,6.004843,PI,FIFO,true,PI_FIFO,455.826163
8.450020,-1,18,10004.672000,19.946000,456.821873,458.637910,460.000000,772,3.178127,PI,FIFO,true,PI_FIFO,456.324018
8.460019,-1,18,9999.302000,19.248000,459.130131,458.711743,460.000000,772,0.869869,PI,FIFO,true,PI_FIFO,457.727074
8.470021,-1,18,10001.894000,21.142000,461.463731,459.124541,460.000000,770,-1.463731,PI,FIFO,true,PI_FIFO,459.595402
8.480019,-1,18,9998.210000,19.352000,463.235294,459.741154,460.000000,768,-3.235294,PI,FIFO,true,PI_FIFO,461.415348
8.490022,-1,18,10002.339000,21.691000,461.065574,459.939817,460.000000,768,-1.065574,PI,FIFO,true,PI_FIFO,461.240461
8.500020,-1,18,9998.709000,20.400000,460.634066,460.043954,460.000000,767,-0.634066,PI,FIFO,true,PI_FIFO,460.937264
8.510019,-1,18,9998.635000,19.035000,462.835985,460.462759,460.000000,766,-2.835985,PI,FIFO,true,PI_FIFO,461.886624
8.520020,-1,18,10000.636000,19.671000,461.497890,460.618029,460.000000,765,-1.497890,PI,FIFO,true,PI_FIFO,461.692257
8.530019,-1,18,9999.413000,19.084000,465.321317,461.323522,460.000000,762,-5.321317,PI,FIFO,true,PI_FIFO,463.506787
8.540019,-1,18,10000.191000,19.275000,460.418616,461.187786,460.000000,763,-0.418616,PI,FIFO,true,PI_FIFO,461.962701
8.550021,-1,18,10001.561000,20.836000,458.559783,460.793585,460.000000,764,1.440217,PI,FIFO,true,PI_FIFO,460.261242
8.560015,-1,18,9994.431000,15.267000,456.151529,460.097277,460.000000,767,3.848471,PI,FIFO,true,PI_FIFO,458.206386
8.570020,-1,18,10004.284000,19.551000,453.385277,459.090477,460.000000,771,6.614723,PI,FIFO,true,PI_FIFO,455.795831
8.580019,-1,18,9999.320000,18.871000,457.540264,458.857945,460.000000,772,2.459736,PI,FIFO,true,PI_FIFO,456.668047
8.590032,-1,18,10013.099000,31.970000,458.848532,458.856533,460.000000,772,1.151468,PI,FIFO,true,PI_FIFO,457.758290
8.600031,-1,18,9999.450000,31.420000,462.364960,459.382797,460.000000,769,-2.364960,PI,FIFO,true,PI_FIFO,460.061625
8.610027,-1,18,9995.913000,27.333000,462.662338,459.874728,460.000000,767,-2.662338,PI,FIFO,true,PI_FIFO,461.361981
8.620018,-1,18,9990.505000,17.838000,460.418616,459.956311,460.000000,767,-0.418616,PI,FIFO,true,PI_FIFO,460.890298
8.630017,-1,18,9999.173000,17.011000,460.562227,460.047199,460.000000,767,-0.562227,PI,FIFO,true,PI_FIFO,460.726263
8.640017,-1,18,9999.876000,16.887000,462.364960,460.394863,460.000000,766,-2.364960,PI,FIFO,true,PI_FIFO,461.545611
8.650018,-1,18,10000.876000,17.763000,460.310966,460.382278,460.000000,766,-0.310966,PI,FIFO,true,PI_FIFO,460.928289
8.660017,-1,18,9999.413000,17.176000,464.327830,460.974111,460.000000,763,-4.327830,PI,FIFO,true,PI_FIFO,462.628059
8.670018,-1,18,10000.431000,17.607000,460.271318,460.868692,460.000000,764,-0.271318,PI,FIFO,true,PI_FIFO,461.449689
8.680017,-1,18,9998.895000,16.502000,459.108717,460.604696,460.000000,765,0.891283,PI,FIFO,true,PI_FIFO,460.279203
8.690017,-1,18,10000.913000,17.415000,456.730769,460.023607,460.000000,767,3.269231,PI,FIFO,true,PI_FIFO,458.504986
8.700017,-1,18,9999.524000,16.939000,453.775411,459.086377,460.000000,771,6.224589,PI,FIFO,true,PI_FIFO,456.140199
8.710017,-1,18,10000.135000,17.074000,458.376222,458.979854,460.000000,771,1.623778,PI,FIFO,true,PI_FIFO,457.258211
8.720017,-1,18,9999.432000,16.506000,458.659491,458.931800,460.000000,771,1.340509,PI,FIFO,true,PI_FIFO,457.958851
8.730018,-1,18,10001.191000,17.697000,462.902807,459.527451,460.000000,769,-2.902807,PI,FIFO,true,PI_FIFO,460.430829
8.740019,-1,18,10001.691000,19.388000,462.799718,460.018291,460.000000,767,-2.799718,PI,FIFO,true,PI_FIFO,461.615273
8.750020,-1,18,10000.505000,19.893000,460.562227,460.099881,460.000000,767,-0.562227,PI,FIFO,true,PI_FIFO,461.088750
8.760017,-1,18,9997.006000,16.899000,460.849719,460.212357,460.000000,767,-0.849719,PI,FIFO,true,PI_FIFO,460.969235
8.770017,-1,18,9999.950000,16.849000,461.224754,460.364217,460.000000,766,-1.224754,PI,FIFO,true,PI_FIFO,461.096994
8.780017,-1,18,10000.135000,16.984000,461.595273,460.548875,460.000000,765,-1.595273,PI,FIFO,true,PI_FIFO,461.346134
8.790017,-1,18,10000.154000,17.138000,463.384495,460.974218,460.000000,763,-3.384495,PI,FIFO,true,PI_FIFO,462.365315
8.800017,-1,18,9999.432000,16.570000,461.281631,461.020330,460.000000,763,-1.281631,PI,FIFO,true,PI_FIFO,461.823473
8.810017,-1,18,10000.339000,16.909000,458.061889,460.576564,460.000000,765,1.938111,PI,FIFO,true,PI_FIFO,459.942681
8.820015,-1,18,9998.468000,15.377000,457.423327,460.103578,460.000000,767,2.576673,PI,FIFO,true,PI_FIFO,458.683004
8.830020,-1,18,10004.802000,20.179000,453.141783,459.059309,460.000000,771,6.858217,PI,FIFO,true,PI_FIFO,455.912394
8.840026,-1,18,10005.413000,25.592000,458.061889,458.909696,460.000000,772,1.938111,PI,FIFO,true,PI_FIFO,456.987141
8.850037,-1,18,10011.747000,37.339000,458.061889,458.782525,460.000000,772,1.938111,PI,FIFO,true,PI_FIFO,457.524515
8.860021,-1,18,9983.857000,21.196000,462.147887,459.287329,460.000000,770,-2.147887,PI,FIFO,true,PI_FIFO,459.836201
8.870018,-1,18,9996.839000,18.035000,463.143526,459.865759,460.000000,767,-3.143526,PI,FIFO,true,PI_FIFO,461.489864
8.880023,-1,18,10005.284000,23.319000,460.687961,459.989089,460.000000,767,-0.687961,PI,FIFO,true,PI_FIFO,461.088912
8.890018,-1,18,9994.913000,18.232000,461.942427,460.282090,460.000000,766,-1.942427,PI,FIFO,true,PI_FIFO,461.515670
8.900022,-1,18,10003.524000,21.756000,461.281631,460.432021,460.000000,766,-1.281631,PI,FIFO,true,PI_FIFO,461.398650
8.910019,-1,18,9997.080000,18.836000,461.065574,460.527054,460.000000,766,-1.065574,PI,FIFO,true,PI_FIFO,461.232112
8.920015,-1,18,9996.524000,15.360000,463.453390,460.966004,460.000000,764,-3.453390,PI,FIFO,true,PI_FIFO,462.342751
8.930020,-1,18,10004.265000,19.625000,461.224754,461.004817,460.000000,763,-1.224754,PI,FIFO,true,PI_FIFO,461.783752
8.940018,-1,18,9998.783000,18.408000,458.883994,460.686693,460.000000,765,1.116006,PI,FIFO,true,PI_FIFO,460.333873
8.950020,-1,18,10001.561000,19.969000,456.998607,460.133480,460.000000,767,3.001393,PI,FIFO,true,PI_FIFO,458.666240
8.960019,-1,18,9999.006000,18.975000,453.141783,459.084726,460.000000,771,6.858217,PI,FIFO,true,PI_FIFO,455.904012
8.970019,-1,18,9999.858000,18.833000,458.435208,458.987298,460.000000,771,1.564792,PI,FIFO,true,PI_FIFO,457.169610
8.980018,-1,18,9999.264000,18.097000,458.140432,458.860268,460.000000,772,1.859568,PI,FIFO,true,PI_FIFO,457.655021
8.990022,-1,18,10003.932000,22.029000,463.017404,459.483839,460.000000,769,-3.017404,PI,FIFO,true,PI_FIFO,460.336212
9.000019,-1,18,9997.006000,19.035000,462.328767,459.910578,460.000000,767,-2.328767,PI,FIFO,true,PI_FIFO,461.332490
9.010018,-1,18,9999.431000,18.466000,460.418616,459.986783,460.000000,767,-0.418616,PI,FIFO,true,PI_FIFO,460.875553
9.020031,-1,18,10012.784000,31.250000,462.422118,460.352084,460.000000,766,-2.422118,PI,FIFO,true,PI_FIFO,461.648835
9.030021,-1,18,9989.320000,20.570000,461.281631,460.491516,460.000000,766,-1.281631,PI,FIFO,true,PI_FIFO,461.465233
9.040019,-1,18,9998.135000,18.705000,461.317660,460.615437,460.000000,765,-1.317660,PI,FIFO,true,PI_FIFO,461.391447
9.050016,-1,18,9996.895000,15.600000,462.799718,460.943079,460.000000,763,-2.799718,PI,FIFO,true,PI_FIFO,462.095582
9.060019,-1,18,10003.024000,18.624000,461.224754,460.985331,460.000000,763,-1.224754,PI,FIFO,true,PI_FIFO,461.660168
9.070019,-1,18,10000.858000,19.482000,458.883994,460.670130,460.000000,765,1.116006,PI,FIFO,true,PI_FIFO,460.272081
9.080019,-1,18,9999.561000,19.043000,456.965110,460.114377,460.000000,767,3.034890,PI,FIFO,true,PI_FIFO,458.618596
9.090019,-1,18,9999.691000,18.734000,452.461390,458.966429,460.000000,772,7.538610,PI,FIFO,true,PI_FIFO,455.539993
9.100032,-1,18,10013.265000,31.999000,457.904884,458.807197,460.000000,772,2.095116,PI,FIFO,true,PI_FIFO,456.722439
9.110028,-1,18,9995.950000,27.949000,458.376222,458.742551,460.000000,772,1.623778,PI,FIFO,true,PI_FIFO,457.549330
9.120020,-1,18,9991.968000,19.917000,463.453390,459.449177,460.000000,769,-3.453390,PI,FIFO,true,PI_FIFO,460.501360
9.130018,-1,18,9998.376000,18.293000,462.835985,459.957198,460.000000,767,-2.835985,PI,FIFO,true,PI_FIFO,461.668672
9.140017,-1,18,9998.339000,16.632000,461.065574,460.123454,460.000000,767,-1.065574,PI,FIFO,true,PI_FIFO,461.367123
9.150020,-1,18,10003.154000,19.786000,461.702955,460.360380,460.000000,766,-1.702955,PI,FIFO,true,PI_FIFO,461.535039
9.160018,-1,18,9998.376000,18.162000,460.235641,460.341669,460.000000,766,-0.235641,PI,FIFO,true,PI_FIFO,460.885340
9.170017,-1,18,9998.839000,17.001000,462.902807,460.725839,460.000000,764,-2.902807,PI,FIFO,true,PI_FIFO,461.894073
9.180026,-1,18,10009.247000,26.248000,462.147887,460.939147,460.000000,763,-2.147887,PI,FIFO,true,PI_FIFO,462.020980
9.190019,-1,18,9992.783000,19.031000,461.463731,461.017834,460.000000,763,-1.463731,PI,FIFO,true,PI_FIFO,461.742355
9.200020,-1,18,10000.598000,19.629000,458.211144,460.596831,460.000000,765,1.788856,PI,FIFO,true,PI_FIFO,459.976750
9.210019,-1,18,9998.987000,18.616000,456.965110,460.052073,460.000000,767,3.034890,PI,FIFO,true,PI_FIFO,458.470930
9.220019,-1,18,9999.969000,18.585000,453.336557,459.044745,460.000000,771,6.663443,PI,FIFO,true,PI_FIFO,455.903743
9.230026,-1,18,10007.765000,26.350000,457.317073,458.785594,460.000000,772,2.682927,PI,FIFO,true,PI_FIFO,456.610408
9.240021,-1,18,9994.265000,20.615000,458.702237,458.773091,460.000000,772,1.297763,PI,FIFO,true,PI_FIFO,457.656323
9.250020,-1,18,9999.061000,19.676000,463.384495,459.464801,460.000000,769,-3.384495,PI,FIFO,true,PI_FIFO,460.520409
9.260018,-1,18,9998.784000,18.460000,462.582237,459.932417,460.000000,767,-2.582237,PI,FIFO,true,PI_FIFO,461.551323
9.270019,-1,18,10000.135000,18.595000,460.059978,459.951551,460.000000,767,-0.059978,PI,FIFO,true,PI_FIFO,460.805651
9.280019,-1,18,10000.246000,18.841000,463.235294,460.444112,460.000000,765,-3.235294,PI,FIFO,true,PI_FIFO,462.020472
9.290019,-1,18,10000.302000,19.143000,459.558824,460.311319,460.000000,766,0.441176,PI,FIFO,true,PI_FIFO,460.789648
9.300028,-1,18,10009.136000,28.279000,461.714353,460.521774,460.000000,765,-1.714353,PI,FIFO,true,PI_FIFO,461.252000
9.310028,-1,18,9999.839000,28.118000,462.182148,460.770830,460.000000,764,-2.182148,PI,FIFO,true,PI_FIFO,461.717074
9.320028,-1,18,9999.672000,27.790000,460.986025,460.803109,460.000000,764,-0.986025,PI,FIFO,true,PI_FIFO,461.351550
9.330018,-1,18,9990.283000,18.073000,460.418616,460.745435,460.000000,764,-0.418616,PI,FIFO,true,PI_FIFO,460.885083
9.340024,-1,18,10005.561000,23.634000,456.204380,460.064277,460.000000,767,3.795620,PI,FIFO,true,PI_FIFO,458.544731
9.350019,-1,18,9995.839000,19.473000,453.937309,459.145232,460.000000,771,6.062691,PI,FIFO,true,PI_FIFO,456.241020
9.360028,-1,18,10008.951000,28.424000,456.821873,458.796728,460.000000,772,3.178127,PI,FIFO,true,PI_FIFO,456.531447
9.370017,-1,18,9988.875000,17.299000,458.488589,458.750507,460.000000,772,1.511411,PI,FIFO,true,PI_FIFO,457.510018
9.380020,-1,18,10002.895000,20.194000,463.344316,459.439579,460.000000,769,-3.344316,PI,FIFO,true,PI_FIFO,460.427167
9.390017,-1,18,9996.598000,16.792000,462.582237,459.910977,460.000000,767,-2.582237,PI,FIFO,true,PI_FIFO,461.504702
9.400029,-1,18,10011.728000,28.520000,460.418616,459.987123,460.000000,767,-0.418616,PI,FIFO,true,PI_FIFO,460.961659
9.410018,-1,18,9989.006000,17.526000,461.822660,460.262454,460.000000,766,-1.822660,PI,FIFO,true,PI_FIFO,461.392159
9.420017,-1,18,9999.302000,16.828000,460.203366,460.253590,460.000000,767,-0.203366,PI,FIFO,true,PI_FIFO,460.797763
9.430016,-1,18,9999.468000,16.296000,462.182148,460.542874,460.000000,765,-2.182148,PI,FIFO,true,PI_FIFO,461.489956
9.440018,-1,18,10001.988000,18.284000,462.962963,460.905887,460.000000,764,-2.962963,PI,FIFO,true,PI_FIFO,462.226459
9.450018,-1,18,9999.320000,17.604000,461.224754,460.953717,460.000000,764,-1.224754,PI,FIFO,true,PI_FIFO,461.725607
9.460017,-1,18,9999.098000,16.702000,460.687961,460.913854,460.000000,764,-0.687961,PI,FIFO,true,PI_FIFO,461.206784
9.470021,-1,18,10004.228000,20.930000,457.199692,460.356730,460.000000,766,2.800308,PI,FIFO,true,PI_FIFO,459.203238
9.480017,-1,18,9996.191000,17.121000,454.655674,459.501571,460.000000,769,5.344326,PI,FIFO,true,PI_FIFO,456.929456
9.490023,-1,18,10005.506000,22.627000,456.496668,459.050836,460.000000,771,3.503332,PI,FIFO,true,PI_FIFO,456.713062
9.500019,-1,18,9995.876000,18.503000,458.255939,458.931601,460.000000,771,1.744061,PI,FIFO,true,PI_FIFO,457.484501
9.510017,-1,18,9998.802000,17.305000,461.655090,459.340125,460.000000,769,-1.655090,PI,FIFO,true,PI_FIFO,459.569795
9.520017,-1,18,9999.450000,16.755000,462.147887,459.761289,460.000000,768,-2.147887,PI,FIFO,true,PI_FIFO,460.858841
9.530017,-1,18,10000.209000,16.964000,460.562227,459.881430,460.000000,768,-0.562227,PI,FIFO,true,PI_FIFO,460.710534
9.540017,-1,18,9999.543000,16.507000,461.541167,460.130390,460.000000,767,-1.541167,PI,FIFO,true,PI_FIFO,461.125850
9.550019,-1,18,10002.968000,19.475000,460.509307,460.187228,460.000000,767,-0.509307,PI,FIFO,true,PI_FIFO,460.817579
9.560030,-1,18,10010.932000,30.407000,461.415915,460.371531,460.000000,766,-1.415915,PI,FIFO,true,PI_FIFO,461.116747
9.570020,-1,18,9989.561000,19.968000,463.235294,460.801095,460.000000,764,-3.235294,PI,FIFO,true,PI_FIFO,462.176021
9.580019,-1,18,9999.191000,19.159000,462.710411,461.087493,460.000000,763,-2.710411,PI,FIFO,true,PI_FIFO,462.443216
9.590019,-1,18,10000.302000,19.461000,461.368110,461.129585,460.000000,762,-1.368110,PI,FIFO,true,PI_FIFO,461.905663
9.600019,-1,18,9999.432000,18.893000,455.795803,460.329518,460.000000,766,4.204197,PI,FIFO,true,PI_FIFO,458.850733
9.610019,-1,18,9999.913000,18.806000,456.204380,459.710747,460.000000,768,3.795620,PI,FIFO,true,PI_FIFO,457.527556
9.620019,-1,18,10000.468000,19.274000,455.795803,459.123506,460.000000,771,4.204197,PI,FIFO,true,PI_FIFO,456.661680
9.630018,-1,18,9999.210000,18.484000,456.871345,458.785682,460.000000,772,3.128655,PI,FIFO,true,PI_FIFO,456.766512
9.640018,-1,18,9999.950000,18.434000,463.336281,459.468272,460.000000,768,-3.336281,PI,FIFO,true,PI_FIFO,460.051397
9.650023,-1,18,10004.339000,22.773000,462.147887,459.870214,460.000000,767,-2.147887,PI,FIFO,true,PI_FIFO,461.099642
9.660019,-1,18,9996.653000,19.426000,459.378675,459.796483,460.000000,768,0.621325,PI,FIFO,true,PI_FIFO,460.239159
9.670019,-1,18,9999.525000,18.951000,461.702955,460.082454,460.000000,767,-1.702955,PI,FIFO,true,PI_FIFO,460.971057
9.680028,-1,18,10009.505000,28.456000,460.310966,460.116731,460.000000,767,-0.310966,PI,FIFO,true,PI_FIFO,460.641011
9.690017,-1,18,9988.987000,17.443000,462.147887,460.421404,460.000000,765,-2.147887,PI,FIFO,true,PI_FIFO,461.394449
9.700026,-1,18,10008.802000,26.245000,463.143526,460.829722,460.000000,763,-3.143526,PI,FIFO,true,PI_FIFO,462.268987
9.710018,-1,18,9991.395000,17.640000,461.497890,460.929948,460.000000,763,-1.497890,PI,FIFO,true,PI_FIFO,461.883439
9.720017,-1,18,9998.876000,16.516000,460.869138,460.920826,460.000000,763,-0.869138,PI,FIFO,true,PI_FIFO,461.376288
9.730017,-1,18,10000.746000,17.262000,456.496668,460.257202,460.000000,766,3.503332,PI,FIFO,true,PI_FIFO,458.936478
9.740017,-1,18,9999.376000,16.638000,454.479348,459.390524,460.000000,770,5.520652,PI,FIFO,true,PI_FIFO,456.707913
9.750019,-1,18,10002.358000,18.996000,456.327745,458.931107,460.000000,771,3.672255,PI,FIFO,true,PI_FIFO,456.517829
9.760017,-1,18,9997.617000,16.613000,456.786543,458.609423,460.000000,772,3.213457,PI,FIFO,true,PI_FIFO,456.652186
9.770017,-1,18,10000.542000,17.155000,462.075575,459.129346,460.000000,770,-2.075575,PI,FIFO,true,PI_FIFO,459.363881
9.780017,-1,18,9999.599000,16.754000,462.582237,459.647279,460.000000,768,-2.582237,PI,FIFO,true,PI_FIFO,460.973059
9.790018,-1,18,10000.820000,17.574000,460.033574,459.705224,460.000000,768,-0.033574,PI,FIFO,true,PI_FIFO,460.503317
9.800016,-1,18,9998.802000,16.376000,460.914454,459.886608,460.000000,768,-0.914454,PI,FIFO,true,PI_FIFO,460.708885
9.810017,-1,18,10001.006000,17.382000,460.271318,459.944315,460.000000,768,-0.271318,PI,FIFO,true,PI_FIFO,460.490102
9.820017,-1,18,9999.172000,16.554000,462.364960,460.307411,460.000000,766,-2.364960,PI,FIFO,true,PI_FIFO,461.427531
9.830017,-1,18,10000.820000,17.374000,463.344316,460.762947,460.000000,764,-3.344316,PI,FIFO,true,PI_FIFO,462.385924
9.840019,-1,18,10001.932000,19.306000,461.714353,460.905658,460.000000,764,-1.714353,PI,FIFO,true,PI_FIFO,462.050138
9.850026,-1,18,10006.506000,25.812000,460.986025,460.917713,460.000000,764,-0.986025,PI,FIFO,true,PI_FIFO,461.518081
9.860018,-1,18,9991.765000,17.577000,456.648807,460.277377,460.000000,766,3.351193,PI,FIFO,true,PI_FIFO,459.083444
9.870019,-1,18,10001.246000,18.823000,455.097087,459.500334,460.000000,770,4.902913,PI,FIFO,true,PI_FIFO,457.090266
9.880018,-1,18,9999.339000,18.162000,455.982490,458.972657,460.000000,772,4.017510,PI,FIFO,true,PI_FIFO,456.536378
9.890022,-1,18,10003.506000,21.668000,456.821873,458.650040,460.000000,773,3.178127,PI,FIFO,true,PI_FIFO,456.679126
9.900016,-1,18,9994.116000,15.784000,463.671691,459.403287,460.000000,769,-3.671691,PI,FIFO,true,PI_FIFO,460.175408
9.910025,-1,18,10009.321000,25.105000,462.182148,459.820116,460.000000,768,-2.182148,PI,FIFO,true,PI_FIFO,461.178778
9.920017,-1,18,9991.524000,16.629000,461.368110,460.052316,460.000000,767,-1.368110,PI,FIFO,true,PI_FIFO,461.273444
9.930024,-1,18,10007.635000,24.264000,461.463731,460.264028,460.000000,766,-1.463731,PI,FIFO,true,PI_FIFO,461.368587
9.940019,-1,18,9994.747000,19.011000,460.849719,460.351881,460.000000,766,-0.849719,PI,FIFO,true,PI_FIFO,461.109153
9.950025,-1,18,10006.117000,25.128000,462.050271,460.606640,460.000000,765,-2.050271,PI,FIFO,true,PI_FIFO,461.579712
9.960028,-1,18,10003.135000,28.263000,462.902807,460.951065,460.000000,764,-2.902807,PI,FIFO,true,PI_FIFO,462.241259
9.970033,-1,18,10004.913000,33.176000,461.463731,461.027965,460.000000,763,-1.463731,PI,FIFO,true,PI_FIFO,461.852495
9.980024,-1,18,9990.987000,24.163000,461.497890,461.098454,460.000000,763,-1.497890,PI,FIFO,true,PI_FIFO,461.675193
9.990024,-1,18,9999.487000,23.650000,457.199692,460.513639,460.000000,765,2.800308,PI,FIFO,true,PI_FIFO,459.437442
10.000017,-1,18,9993.284000,16.934000,455.097087,459.701157,460.000000,768,4.902913,PI,FIFO,true,PI_FIFO,457.267265
10.010017,-1,18,10000.116000,17.050000,455.097087,459.010546,460.000000,771,4.902913,PI,FIFO,true,PI_FIFO,456.182176
10.020027,-1,18,10009.469000,26.519000,455.940250,458.550002,460.000000,773,4.059750,PI,FIFO,true,PI_FIFO,456.061213
10.030018,-1,18,9991.802000,18.321000,463.384495,459.275176,460.000000,769,-3.384495,PI,FIFO,true,PI_FIFO,459.722854
10.040017,-1,18,9998.506000,16.827000,460.849719,459.511357,460.000000,769,-0.849719,PI,FIFO,true,PI_FIFO,460.286287
10.050017,-1,18,10000.116000,16.943000,460.813763,459.706718,460.000000,768,-0.813763,PI,FIFO,true,PI_FIFO,460.550025
10.060016,-1,18,9999.469000,16.412000,461.065574,459.910546,460.000000,768,-1.065574,PI,FIFO,true,PI_FIFO,460.807799
10.070022,-1,18,10005.580000,21.992000,459.558824,459.857788,460.000000,768,0.441176,PI,FIFO,true,PI_FIFO,460.183311
10.080024,-1,18,10001.728000,23.720000,462.799718,460.299078,460.000000,766,-2.799718,PI,FIFO,true,PI_FIFO,461.491515
10.090018,-1,18,9994.524000,18.244000,462.902807,460.689637,460.000000,765,-2.902807,PI,FIFO,true,PI_FIFO,462.197161
10.100017,-1,18,9998.302000,16.546000,462.506167,460.962116,460.000000,763,-2.506167,PI,FIFO,true,PI_FIFO,462.351664
10.110017,-1,18,10000.246000,16.792000,460.986025,460.965703,460.000000,763,-0.986025,PI,FIFO,true,PI_FIFO,461.668844
10.120017,-1,18,9999.709000,16.501000,456.574675,460.307049,460.000000,766,3.425325,PI,FIFO,true,PI_FIFO,459.121760
10.130017,-1,18,10000.321000,16.822000,455.097087,459.525554,460.000000,770,4.902913,PI,FIFO,true,PI_FIFO,457.109424
10.140019,-1,18,10002.246000,19.068000,455.318116,458.894439,460.000000,772,4.681884,PI,FIFO,true,PI_FIFO,456.213770
10.150037,-1,18,10017.784000,36.852000,455.982490,458.457646,460.000000,774,4.017510,PI,FIFO,true,PI_FIFO,456.098130
10.160046,-1,18,10009.395000,46.247000,463.143526,459.160528,460.000000,770,-3.143526,PI,FIFO,true,PI_FIFO,459.620828
10.170019,-1,18,9972.598000,18.845000,462.191286,459.615142,460.000000,769,-2.191286,PI,FIFO,true,PI_FIFO,460.906057
10.180027,-1,18,10008.616000,27.461000,461.942427,459.964235,460.000000,768,-1.942427,PI,FIFO,true,PI_FIFO,461.424242
10.190017,-1,18,9989.821000,17.282000,461.368110,460.174816,460.000000,767,-1.368110,PI,FIFO,true,PI_FIFO,461.396176
10.200027,-1,18,10009.302000,26.584000,460.271318,460.189291,460.000000,767,-0.271318,PI,FIFO,true,PI_FIFO,460.833747
10.210017,-1,18,9990.765000,17.349000,463.890198,460.744427,460.000000,765,-3.890198,PI,FIFO,true,PI_FIFO,462.361972
10.220017,-1,18,9999.450000,16.799000,461.822660,460.906162,460.000000,764,-1.822660,PI,FIFO,true,PI_FIFO,462.092316
10.230017,-1,18,9999.894000,16.693000,462.182148,461.097560,460.000000,763,-2.182148,PI,FIFO,true,PI_FIFO,462.137232
10.240017,-1,18,9999.969000,16.662000,460.806572,461.053912,460.000000,763,-0.806572,PI,FIFO,true,PI_FIFO,461.471902
10.250024,-1,18,10007.765000,24.427000,456.871345,460.426527,460.000000,766,3.128655,PI,FIFO,true,PI_FIFO,459.171624
10.260022,-1,18,9997.413000,21.840000,455.318116,459.660265,460.000000,769,4.681884,PI,FIFO,true,PI_FIFO,457.244870
10.270020,-1,18,9997.950000,19.790000,455.562660,459.045624,460.000000,771,4.437340,PI,FIFO,true,PI_FIFO,456.403765
10.280019,-1,18,9999.395000,19.185000,455.760817,458.552903,460.000000,773,4.239183,PI,FIFO,true,PI_FIFO,456.082291
10.290020,-1,18,10000.376000,19.561000,463.143526,459.241497,460.000000,770,-3.143526,PI,FIFO,true,PI_FIFO,459.612908
10.300020,-1,18,10000.005000,19.566000,462.147887,459.677455,460.000000,768,-2.147887,PI,FIFO,true,PI_FIFO,460.880398
10.310019,-1,18,9998.987000,18.553000,461.570022,459.961340,460.000000,767,-1.570022,PI,FIFO,true,PI_FIFO,461.225210
10.320019,-1,18,10000.895000,19.448000,461.497890,460.191823,460.000000,767,-1.497890,PI,FIFO,true,PI_FIFO,461.361550
10.330020,-1,18,10000.080000,19.528000,459.558824,460.096873,460.000000,767,0.441176,PI,FIFO,true,PI_FIFO,460.460187
10.340022,-1,18,10002.524000,22.052000,464.108911,460.698679,460.000000,765,-4.108911,PI,FIFO,true,PI_FIFO,462.284549
10.350020,-1,18,9998.117000,20.169000,461.224754,460.777590,460.000000,764,-1.224754,PI,FIFO,true,PI_FIFO,461.754651
10.360019,-1,18,9999.283000,19.452000,462.538765,461.041766,460.000000,763,-2.538765,PI,FIFO,true,PI_FIFO,462.146708
10.370019,-1,18,9999.302000,18.754000,460.612512,460.977378,460.000000,763,-0.612512,PI,FIFO,true,PI_FIFO,461.379610
10.380019,-1,18,10000.043000,18.797000,456.998607,460.380562,460.000000,766,3.001393,PI,FIFO,true,PI_FIFO,459.189109
10.390023,-1,18,10004.024000,22.821000,456.327745,459.772640,460.000000,768,3.672255,PI,FIFO,true,PI_FIFO,457.758427
10.400020,-1,18,9997.357000,20.178000,454.886784,459.039761,460.000000,771,5.113216,PI,FIFO,true,PI_FIFO,456.322605
10.410037,-1,18,10016.580000,36.758000,456.496668,458.658297,460.000000,773,3.503332,PI,FIFO,true,PI_FIFO,456.409637
10.420021,-1,18,9983.913000,20.671000,462.147887,459.181736,460.000000,770,-2.147887,PI,FIFO,true,PI_FIFO,459.278762
10.430023,-1,18,10002.191000,22.862000,461.317660,459.502125,460.000000,769,-1.317660,PI,FIFO,true,PI_FIFO,460.298211
10.440019,-1,18,9996.487000,19.349000,461.931018,459.866459,460.000000,768,-1.931018,PI,FIFO,true,PI_FIFO,461.114615
10.450022,-1,18,10002.672000,22.021000,462.075575,460.197826,460.000000,767,-2.075575,PI,FIFO,true,PI_FIFO,461.595095
10.460016,-1,18,9993.821000,15.842000,459.988318,460.166400,460.000000,767,0.011682,PI,FIFO,true,PI_FIFO,460.791706
10.470021,-1,18,10005.506000,21.348000,464.350886,460.794073,460.000000,764,-4.350886,PI,FIFO,true,PI_FIFO,462.571296
10.480019,-1,18,9997.839000,19.187000,462.232521,461.009840,460.000000,763,-2.232521,PI,FIFO,true,PI_FIFO,462.401909
10.490023,-1,18,10004.061000,23.248000,462.902807,461.293785,460.000000,762,-2.902807,PI,FIFO,true,PI_FIFO,462.652358
10.500020,-1,18,9996.672000,19.920000,460.246400,461.136677,460.000000,763,-0.246400,PI,FIFO,true,PI_FIFO,461.449379
10.510023,-1,18,10002.709000,22.629000,457.317073,460.563737,460.000000,765,2.682927,PI,FIFO,true,PI_FIFO,459.383226
10.520020,-1,18,9997.043000,19.672000,455.940250,459.870214,460.000000,768,4.059750,PI,FIFO,true,PI_FIFO,457.661738
10.530021,-1,18,10001.487000,21.159000,453.873050,458.970639,460.000000,771,6.126950,PI,FIFO,true,PI_FIFO,455.767394
10.540019,-1,18,9998.321000,19.480000,457.210869,458.706674,460.000000,772,2.789131,PI,FIFO,true,PI_FIFO,456.489131
10.550032,-1,18,10012.154000,31.634000,461.822660,459.174072,460.000000,770,-1.822660,PI,FIFO,true,PI_FIFO,459.155896
10.560019,-1,18,9987.727000,19.361000,461.931018,459.587614,460.000000,768,-1.931018,PI,FIFO,true,PI_FIFO,460.543457
10.570022,-1,18,10002.784000,22.145000,461.463731,459.869031,460.000000,767,-1.463731,PI,FIFO,true,PI_FIFO,461.003594
10.580019,-1,18,9997.024000,19.169000,460.914454,460.025845,460.000000,767,-0.914454,PI,FIFO,true,PI_FIFO,460.959024
10.590027,-1,18,10008.061000,27.230000,460.033574,460.027004,460.000000,767,-0.033574,PI,FIFO,true,PI_FIFO,460.496299
10.600020,-1,18,9992.302000,19.532000,464.108911,460.639290,460.000000,764,-4.108911,PI,FIFO,true,PI_FIFO,462.302605
10.610022,-1,18,10002.876000,22.408000,461.317660,460.741046,460.000000,764,-1.317660,PI,FIFO,true,PI_FIFO,461.810132
10.620020,-1,18,9997.210000,19.618000,463.890198,461.213418,460.000000,762,-3.890198,PI,FIFO,true,PI_FIFO,462.850165
10.630023,-1,18,10003.246000,22.864000,460.271318,461.072103,460.000000,762,-0.271318,PI,FIFO,true,PI_FIFO,461.560742
10.640020,-1,18,9996.857000,19.721000,456.648807,460.408609,460.000000,765,3.351193,PI,FIFO,true,PI_FIFO,459.104774
10.650022,-1,18,10001.914000,21.635000,456.730769,459.856933,460.000000,767,3.269231,PI,FIFO,true,PI_FIFO,457.917772
10.660035,-1,18,10013.042000,34.677000,453.995157,458.977667,460.000000,771,6.004843,PI,FIFO,true,PI_FIFO,455.956465
10.670038,-1,18,10002.969000,37.646000,456.683930,458.633606,460.000000,772,3.316070,PI,FIFO,true,PI_FIFO,456.320197
10.680024,-1,18,9986.209000,23.855000,460.677181,458.940142,460.000000,771,-0.677181,PI,FIFO,true,PI_FIFO,458.498689
10.690019,-1,18,9994.747000,18.602000,461.822660,459.372520,460.000000,769,-1.822660,PI,FIFO,true,PI_FIFO,460.160675
10.700018,-1,18,9998.913000,17.515000,461.931018,459.756295,460.000000,768,-1.931018,PI,FIFO,true,PI_FIFO,461.045846
10.710017,-1,18,9999.616000,17.131000,460.986025,459.940754,460.000000,767,-0.986025,PI,FIFO,true,PI_FIFO,461.015936
10.720017,-1,18,10000.136000,17.267000,459.784208,459.917272,460.000000,768,0.215792,PI,FIFO,true,PI_FIFO,460.400072
10.730017,-1,18,10000.116000,17.383000,463.143526,460.401210,460.000000,765,-3.143526,PI,FIFO,true,PI_FIFO,461.771799
10.740016,-1,18,9999.006000,16.389000,462.147887,460.663212,460.000000,765,-2.147887,PI,FIFO,true,PI_FIFO,461.959843
10.750021,-1,18,10004.913000,21.302000,463.384495,461.071404,460.000000,763,-3.384495,PI,FIFO,true,PI_FIFO,462.672169
10.760017,-1,18,9995.654000,16.956000,460.914454,461.047862,460.000000,763,-0.914454,PI,FIFO,true,PI_FIFO,461.793312
10.770018,-1,18,10000.654000,17.610000,455.795803,460.260053,460.000000,766,4.204197,PI,FIFO,true,PI_FIFO,458.794558
10.780018,-1,18,10000.098000,17.708000,456.204380,459.651702,460.000000,769,3.795620,PI,FIFO,true,PI_FIFO,457.499469
10.790018,-1,18,10000.098000,17.806000,453.629032,458.748302,460.000000,772,6.370968,PI,FIFO,true,PI_FIFO,455.564250
10.800017,-1,18,9998.784000,16.590000,457.210869,458.517687,460.000000,773,2.789131,PI,FIFO,true,PI_FIFO,456.387559
10.810017,-1,18,10000.765000,17.355000,461.570022,458.975537,460.000000,771,-1.570022,PI,FIFO,true,PI_FIFO,458.978791
10.820017,-1,18,9999.802000,17.157000,462.147887,459.451389,460.000000,769,-2.147887,PI,FIFO,true,PI_FIFO,460.563339
10.830023,-1,18,10006.135000,23.292000,463.143526,460.005210,460.000000,767,-3.143526,PI,FIFO,true,PI_FIFO,461.853432
10.840018,-1,18,9994.820000,18.112000,460.849719,460.131886,460.000000,767,-0.849719,PI,FIFO,true,PI_FIFO,461.351576
10.850020,-1,18,10001.562000,19.674000,460.813763,460.234168,460.000000,767,-0.813763,PI,FIFO,true,PI_FIFO,461.082669
10.860017,-1,18,9997.616000,17.290000,463.453390,460.717051,460.000000,765,-3.453390,PI,FIFO,true,PI_FIFO,462.268030
10.870020,-1,18,10002.932000,20.222000,461.463731,460.829053,460.000000,764,-1.463731,PI,FIFO,true,PI_FIFO,461.865880
10.880018,-1,18,9998.228000,18.450000,462.962963,461.149140,460.000000,763,-2.962963,PI,FIFO,true,PI_FIFO,462.414422
10.890021,-1,18,10002.061000,20.511000,461.463731,461.196328,460.000000,762,-1.463731,PI,FIFO,true,PI_FIFO,461.939076
10.900017,-1,18,9996.932000,17.443000,456.998607,460.566670,460.000000,765,3.001393,PI,FIFO,true,PI_FIFO,459.468842
10.910029,-1,18,10011.339000,28.782000,456.821873,460.004951,460.000000,767,3.178127,PI,FIFO,true,PI_FIFO,458.145357
10.920045,-1,18,10016.506000,45.288000,453.244275,458.990849,460.000000,771,6.755725,PI,FIFO,true,PI_FIFO,455.694816
10.930027,-1,18,9982.098000,27.386000,456.262807,458.581643,460.000000,773,3.737193,PI,FIFO,true,PI_FIFO,455.978812
10.940026,-1,18,9999.042000,26.428000,459.773470,458.760417,460.000000,772,0.226530,PI,FIFO,true,PI_FIFO,457.876141
10.950028,-1,18,10002.043000,28.471000,460.271318,458.987052,460.000000,771,-0.271318,PI,FIFO,true,PI_FIFO,459.073729
10.960018,-1,18,9989.617000,18.088000,463.191700,459.617749,460.000000,768,-3.191700,PI,FIFO,true,PI_FIFO,461.132715
10.970021,-1,18,10002.450000,20.538000,460.361196,459.729266,460.000000,769,-0.361196,PI,FIFO,true,PI_FIFO,460.746955
10.980023,-1,18,10002.357000,22.895000,460.849719,459.897334,460.000000,768,-0.849719,PI,FIFO,true,PI_FIFO,460.798337
10.990020,-1,18,9997.191000,20.086000,462.962963,460.357179,460.000000,766,-2.962963,PI,FIFO,true,PI_FIFO,461.880650
11.000014,-1,18,9994.320000,14.406000,462.902807,460.739023,460.000000,765,-2.902807,PI,FIFO,true,PI_FIFO,462.391728
11.010020,-1,18,10005.488000,19.894000,462.917243,461.065756,460.000000,763,-2.917243,PI,FIFO,true,PI_FIFO,462.654486
11.020027,-1,18,10007.487000,27.381000,461.570022,461.141396,460.000000,763,-1.570022,PI,FIFO,true,PI_FIFO,462.112254
11.030021,-1,18,9993.894000,21.275000,456.828940,460.494527,460.000000,766,3.171060,PI,FIFO,true,PI_FIFO,459.470597
11.040017,-1,18,9995.802000,17.077000,456.826820,459.944371,460.000000,768,3.173180,PI,FIFO,true,PI_FIFO,458.148708
11.050031,-1,18,10014.376000,31.453000,453.521234,458.980901,460.000000,772,6.478766,PI,FIFO,true,PI_FIFO,455.834971
11.060029,-1,18,9997.599000,29.052000,456.871345,458.664467,460.000000,773,3.128655,PI,FIFO,true,PI_FIFO,456.353158
11.070028,-1,18,9999.191000,28.243000,461.224754,459.048510,460.000000,771,-1.224754,PI,FIFO,true,PI_FIFO,458.788956
11.080021,-1,18,9992.431000,20.674000,460.986025,459.339138,460.000000,770,-0.986025,PI,FIFO,true,PI_FIFO,459.887490
11.090020,-1,18,9999.080000,19.754000,464.108911,460.054604,460.000000,767,-4.108911,PI,FIFO,true,PI_FIFO,461.998201
11.100022,-1,18,10001.746000,21.500000,460.461690,460.115666,460.000000,767,-0.461690,PI,FIFO,true,PI_FIFO,461.229945
11.110019,-1,18,9997.135000,18.635000,461.224754,460.282030,460.000000,767,-1.224754,PI,FIFO,true,PI_FIFO,461.227350
11.120017,-1,18,9998.506000,17.141000,462.799718,460.659683,460.000000,765,-2.799718,PI,FIFO,true,PI_FIFO,462.013534
11.130018,-1,18,10000.376000,17.517000,460.813763,460.682795,460.000000,765,-0.813763,PI,FIFO,true,PI_FIFO,461.413648
11.140017,-1,18,9999.080000,16.597000,463.235294,461.065670,460.000000,763,-3.235294,PI,FIFO,true,PI_FIFO,462.324471
11.150028,-1,18,10011.006000,27.603000,461.224754,461.089532,460.000000,763,-1.224754,PI,FIFO,true,PI_FIFO,461.774613
11.160032,-1,18,10004.653000,32.256000,457.199692,460.506056,460.000000,766,2.800308,PI,FIFO,true,PI_FIFO,459.487152
11.170023,-1,18,9991.210000,23.466000,456.786543,459.948129,460.000000,768,3.213457,PI,FIFO,true,PI_FIFO,458.136848
11.180021,-1,18,9997.783000,21.249000,453.385277,458.963701,460.000000,772,6.614723,PI,FIFO,true,PI_FIFO,455.761062
11.190022,-1,18,10000.561000,21.810000,456.604325,458.609795,460.000000,773,3.395675,PI,FIFO,true,PI_FIFO,456.182694
11.200022,-1,18,10000.173000,21.983000,461.224754,459.002039,460.000000,771,-1.224754,PI,FIFO,true,PI_FIFO,458.703724
11.210028,-1,18,10005.579000,27.562000,461.942427,459.443097,460.000000,769,-1.942427,PI,FIFO,true,PI_FIFO,460.323076
11.220021,-1,18,9993.284000,20.846000,463.933924,460.116721,460.000000,767,-3.933924,PI,FIFO,true,PI_FIFO,462.128500
11.230022,-1,18,10001.098000,21.944000,460.418616,460.162005,460.000000,767,-0.418616,PI,FIFO,true,PI_FIFO,461.273558
11.240021,-1,18,9998.728000,20.672000,461.570022,460.373208,460.000000,766,-1.570022,PI,FIFO,true,PI_FIFO,461.421790
11.250023,-1,18,10001.913000,22.585000,463.384495,460.824901,460.000000,764,-3.384495,PI,FIFO,true,PI_FIFO,462.403143
11.260019,-1,18,9996.894000,19.479000,461.497890,460.925849,460.000000,764,-1.497890,PI,FIFO,true,PI_FIFO,461.950516
11.270019,-1,18,9999.506000,18.985000,463.090011,461.250474,460.000000,762,-3.090011,PI,FIFO,true,PI_FIFO,462.520264
11.280018,-1,18,9999.154000,18.139000,461.281631,461.255147,460.000000,762,-1.281631,PI,FIFO,true,PI_FIFO,461.900947
11.290021,-1,18,10003.246000,21.385000,457.094100,460.630990,460.000000,765,2.905900,PI,FIFO,true,PI_FIFO,459.497524
11.300018,-1,18,9996.117000,17.502000,455.562660,459.870741,460.000000,768,4.437340,PI,FIFO,true,PI_FIFO,457.530092
11.310020,-1,18,10002.006000,19.508000,454.215116,459.022397,460.000000,771,5.784884,PI,FIFO,true,PI_FIFO,455.872604
11.320017,-1,18,9997.672000,17.180000,456.031780,458.573804,460.000000,773,3.968220,PI,FIFO,true,PI_FIFO,455.952192
11.330018,-1,18,10000.339000,17.519000,459.378675,458.694535,460.000000,772,0.621325,PI,FIFO,true,PI_FIFO,457.665434
11.340022,-1,18,10004.080000,21.599000,461.281631,459.082599,460.000000,770,-1.281631,PI,FIFO,true,PI_FIFO,459.473532
11.350035,-1,18,10013.524000,35.123000,463.598901,459.760045,460.000000,768,-3.598901,PI,FIFO,true,PI_FIFO,461.536217
11.360020,-1,18,9985.320000,20.443000,461.065574,459.955874,460.000000,767,-1.065574,PI,FIFO,true,PI_FIFO,461.300895
11.370021,-1,18,10000.914000,21.357000,461.463731,460.182053,460.000000,767,-1.463731,PI,FIFO,true,PI_FIFO,461.382313
11.380020,-1,18,9998.153000,19.510000,462.962963,460.599189,460.000000,765,-2.962963,PI,FIFO,true,PI_FIFO,462.172638
11.390019,-1,18,9999.950000,19.460000,461.463731,460.728870,460.000000,765,-1.463731,PI,FIFO,true,PI_FIFO,461.818184
11.400019,-1,18,9999.580000,19.040000,463.453390,461.137548,460.000000,763,-3.453390,PI,FIFO,true,PI_FIFO,462.635787
11.410029,-1,18,10010.191000,29.231000,460.271318,461.007614,460.000000,763,-0.271318,PI,FIFO,true,PI_FIFO,461.453552
11.420028,-1,18,9999.172000,28.403000,458.376222,460.612905,460.000000,765,1.623778,PI,FIFO,true,PI_FIFO,459.914887
11.430028,-1,18,9999.099000,27.502000,455.518279,459.848711,460.000000,768,4.481721,PI,FIFO,true,PI_FIFO,457.716583
11.440017,-1,18,9989.653000,17.155000,453.629032,458.915759,460.000000,772,6.370968,PI,FIFO,true,PI_FIFO,455.672808
11.450018,-1,18,10000.802000,17.957000,457.210869,458.660026,460.000000,773,2.789131,PI,FIFO,true,PI_FIFO,456.441838
11.460017,-1,18,9999.099000,17.056000,459.809264,458.832411,460.000000,772,0.190736,PI,FIFO,true,PI_FIFO,458.125551
11.470018,-1,18,10001.431000,18.487000,462.147887,459.329733,460.000000,770,-2.147887,PI,FIFO,true,PI_FIFO,460.136719
11.480017,-1,18,9998.321000,16.808000,463.853766,460.008338,460.000000,767,-3.853766,PI,FIFO,true,PI_FIFO,461.995243
11.490024,-1,18,10006.709000,23.517000,461.065574,460.166923,460.000000,767,-1.065574,PI,FIFO,true,PI_FIFO,461.530408
11.500020,-1,18,9996.617000,20.134000,460.747543,460.254016,460.000000,767,-0.747543,PI,FIFO,true,PI_FIFO,461.138975
11.510022,-1,18,10002.061000,22.195000,462.506167,460.591839,460.000000,765,-2.506167,PI,FIFO,true,PI_FIFO,461.822571
11.520016,-1,18,9994.080000,16.275000,460.509307,460.579459,460.000000,765,-0.509307,PI,FIFO,true,PI_FIFO,461.165939
11.530020,-1,18,10004.172000,20.447000,464.546956,461.174584,460.000000,763,-4.546956,PI,FIFO,true,PI_FIFO,462.856448
11.540019,-1,18,9998.783000,19.230000,459.796076,460.967807,460.000000,764,0.203924,PI,FIFO,true,PI_FIFO,461.326262
11.550021,-1,18,10002.265000,21.495000,459.108717,460.688944,460.000000,765,0.891283,PI,FIFO,true,PI_FIFO,460.217489
11.560020,-1,18,9998.173000,19.668000,455.795803,459.954973,460.000000,768,4.204197,PI,FIFO,true,PI_FIFO,458.006646
11.570019,-1,18,9999.653000,19.321000,453.555878,458.995109,460.000000,772,6.444122,PI,FIFO,true,PI_FIFO,455.781262
11.580020,-1,18,10000.191000,19.512000,457.565076,458.780604,460.000000,772,2.434924,PI,FIFO,true,PI_FIFO,456.673169
11.590020,-1,18,10000.321000,19.833000,459.344377,458.865170,460.000000,772,0.655623,PI,FIFO,true,PI_FIFO,458.008773
11.600019,-1,18,9999.302000,19.135000,461.702955,459.290837,460.000000,770,-1.702955,PI,FIFO,true,PI_FIFO,459.855864
11.610019,-1,18,9999.728000,18.863000,462.506167,459.773137,460.000000,768,-2.506167,PI,FIFO,true,PI_FIFO,461.181015
11.620017,-1,18,9997.746000,16.609000,461.176988,459.983715,460.000000,767,-1.176988,PI,FIFO,true,PI_FIFO,461.179002
11.630023,-1,18,10006.746000,23.355000,460.461690,460.055411,460.000000,767,-0.461690,PI,FIFO,true,PI_FIFO,460.820346
11.640023,-1,18,9999.895000,23.250000,461.822660,460.320498,460.000000,766,-1.822660,PI,FIFO,true,PI_FIFO,461.321503
11.650019,-1,18,9995.635000,18.885000,460.747543,460.384555,460.000000,766,-0.747543,PI,FIFO,true,PI_FIFO,461.034523
11.660019,-1,18,9999.710000,18.595000,464.546956,461.008915,460.000000,763,-4.546956,PI,FIFO,true,PI_FIFO,462.790739
11.670036,-1,18,10017.431000,36.026000,459.321815,460.755850,460.000000,765,0.678185,PI,FIFO,true,PI_FIFO,461.056277
11.680020,-1,18,9984.043000,20.069000,458.809135,460.463843,460.000000,766,1.190865,PI,FIFO,true,PI_FIFO,459.932706
11.690019,-1,18,9999.302000,19.371000,455.729167,459.753641,460.000000,769,4.270833,PI,FIFO,true,PI_FIFO,457.830937
11.700019,-1,18,9999.468000,18.839000,453.141783,458.761863,460.000000,773,6.858217,PI,FIFO,true,PI_FIFO,455.486360
11.710019,-1,18,10000.302000,19.141000,458.659491,458.746507,460.000000,773,1.340509,PI,FIFO,true,PI_FIFO,457.072925
11.720018,-1,18,9998.950000,18.091000,458.859039,458.763387,460.000000,773,1.140961,PI,FIFO,true,PI_FIFO,457.965982
11.730018,-1,18,10000.099000,18.190000,463.671691,459.499632,460.000000,769,-3.671691,PI,FIFO,true,PI_FIFO,460.818836
11.740016,-1,18,9997.357000,15.547000,462.785213,459.992469,460.000000,768,-2.785213,PI,FIFO,true,PI_FIFO,461.802025
11.750021,-1,18,10005.524000,21.071000,461.974376,460.289755,460.000000,767,-1.974376,PI,FIFO,true,PI_FIFO,461.888200
11.760019,-1,18,9997.728000,18.799000,462.182148,460.573614,460.000000,766,-2.182148,PI,FIFO,true,PI_FIFO,462.035174
11.770018,-1,18,9999.673000,18.472000,462.147887,460.809755,460.000000,765,-2.147887,PI,FIFO,true,PI_FIFO,462.091531
11.780017,-1,18,9998.672000,17.144000,460.059978,460.697289,460.000000,766,-0.059978,PI,FIFO,true,PI_FIFO,461.075755
11.790017,-1,18,10000.080000,17.224000,463.671691,461.143449,460.000000,763,-3.671691,PI,FIFO,true,PI_FIFO,462.373723
11.800017,-1,18,9999.728000,16.952000,460.509307,461.048328,460.000000,764,-0.509307,PI,FIFO,true,PI_FIFO,461.441515
11.810017,-1,18,10000.246000,17.198000,458.211144,460.622750,460.000000,765,1.788856,PI,FIFO,true,PI_FIFO,459.826329
11.820017,-1,18,9999.617000,16.815000,456.496668,460.003838,460.000000,768,3.503332,PI,FIFO,true,PI_FIFO,458.161499
11.830019,-1,18,10001.746000,18.561000,453.117448,458.970879,460.000000,772,6.882552,PI,FIFO,true,PI_FIFO,455.639473
11.840019,-1,18,10000.246000,18.807000,458.093303,458.839243,460.000000,772,1.906697,PI,FIFO,true,PI_FIFO,456.866388
11.850027,-1,18,10007.969000,26.776000,457.584928,458.651096,460.000000,773,2.415072,PI,FIFO,true,PI_FIFO,457.225658
11.860022,-1,18,9995.672000,22.448000,463.143526,459.324960,460.000000,770,-3.143526,PI,FIFO,true,PI_FIFO,460.184592
11.870017,-1,18,9994.839000,17.287000,462.799718,459.846174,460.000000,768,-2.799718,PI,FIFO,true,PI_FIFO,461.492155
11.880017,-1,18,9999.895000,17.182000,461.368110,460.074464,460.000000,767,-1.368110,PI,FIFO,true,PI_FIFO,461.430133
11.890018,-1,18,10000.913000,18.095000,460.986025,460.211198,460.000000,767,-0.986025,PI,FIFO,true,PI_FIFO,461.208079
11.900017,-1,18,9998.672000,16.767000,461.368110,460.384735,460.000000,766,-1.368110,PI,FIFO,true,PI_FIFO,461.288094
11.910017,-1,18,10000.228000,16.995000,461.224754,460.510738,460.000000,766,-1.224754,PI,FIFO,true,PI_FIFO,461.256424
11.920016,-1,18,9999.339000,16.334000,464.327830,461.083302,460.000000,763,-4.327830,PI,FIFO,true,PI_FIFO,462.792127
11.930016,-1,18,10000.154000,16.488000,461.065574,461.080643,460.000000,763,-1.065574,PI,FIFO,true,PI_FIFO,461.928850
11.940016,-1,18,10000.006000,16.494000,458.488589,460.691835,460.000000,765,1.511411,PI,FIFO,true,PI_FIFO,460.208720
11.950018,-1,18,10001.468000,17.962000,457.069339,460.148460,460.000000,767,2.930661,PI,FIFO,true,PI_FIFO,458.639029
11.960017,-1,18,9998.673000,16.635000,453.629032,459.170546,460.000000,771,6.370968,PI,FIFO,true,PI_FIFO,456.134031
11.970017,-1,18,10000.802000,17.437000,458.310701,459.041569,460.000000,771,1.689299,PI,FIFO,true,PI_FIFO,457.222366
11.980017,-1,18,9999.468000,16.905000,458.488589,458.958622,460.000000,772,1.511411,PI,FIFO,true,PI_FIFO,457.855477
11.990029,-1,18,10012.413000,29.318000,462.662338,459.514179,460.000000,769,-2.662338,PI,FIFO,true,PI_FIFO,460.258907
12.000017,-1,18,9987.561000,16.879000,462.278107,459.928769,460.000000,767,-2.278107,PI,FIFO,true,PI_FIFO,461.268507
12.010017,-1,18,10000.099000,16.978000,460.986025,460.087357,460.000000,767,-0.986025,PI,FIFO,true,PI_FIFO,461.127266
12.020031,-1,18,10013.894000,30.872000,461.714353,460.331406,460.000000,766,-1.714353,PI,FIFO,true,PI_FIFO,461.420809
12.030020,-1,18,9989.487000,20.359000,461.065574,460.441531,460.000000,766,-1.065574,PI,FIFO,true,PI_FIFO,461.243192
12.040019,-1,18,9998.691000,19.050000,461.714353,460.632455,460.000000,765,-1.714353,PI,FIFO,true,PI_FIFO,461.478772
12.050019,-1,18,10000.024000,19.074000,463.143526,461.009115,460.000000,763,-3.143526,PI,FIFO,true,PI_FIFO,462.311149
12.060035,-1,18,10015.451000,34.525000,461.714353,461.114901,460.000000,763,-1.714353,PI,FIFO,true,PI_FIFO,462.012751
12.070034,-1,18,9999.209000,33.734000,458.376222,460.704099,460.000000,765,1.623778,PI,FIFO,true,PI_FIFO,460.194487
12.080020,-1,18,9986.135000,19.869000,457.069339,460.158885,460.000000,767,2.930661,PI,FIFO,true,PI_FIFO,458.631913
12.090017,-1,18,9997.228000,17.097000,453.420083,459.148065,460.000000,771,6.579917,PI,FIFO,true,PI_FIFO,456.025998
12.100016,-1,18,9999.358000,16.455000,457.565076,458.910616,460.000000,771,2.434924,PI,FIFO,true,PI_FIFO,456.795537
12.110017,-1,18,10000.635000,17.090000,458.211144,458.805696,460.000000,772,1.788856,PI,FIFO,true,PI_FIFO,457.503340
12.120017,-1,18,9999.580000,16.670000,463.625716,459.528699,460.000000,768,-3.625716,PI,FIFO,true,PI_FIFO,460.564528
12.130019,-1,18,10002.746000,19.416000,461.454622,459.817587,460.000000,768,-1.454622,PI,FIFO,true,PI_FIFO,461.009575
12.140019,-1,18,9999.376000,18.792000,460.271318,459.885647,460.000000,768,-0.271318,PI,FIFO,true,PI_FIFO,460.640446
12.150034,-1,18,10015.543000,34.335000,462.408399,460.264060,460.000000,766,-2.408399,PI,FIFO,true,PI_FIFO,461.524423
12.160034,-1,18,9999.394000,33.729000,460.562227,460.308785,460.000000,766,-0.562227,PI,FIFO,true,PI_FIFO,461.043325
12.170020,-1,18,9986.024000,19.753000,462.147887,460.584650,460.000000,765,-2.147887,PI,FIFO,true,PI_FIFO,461.595606
12.180024,-1,18,10004.358000,24.111000,462.902807,460.932374,460.000000,763,-2.902807,PI,FIFO,true,PI_FIFO,462.249206
12.190017,-1,18,9992.394000,16.505000,461.931018,461.082170,460.000000,763,-1.931018,PI,FIFO,true,PI_FIFO,462.090112
12.200020,-1,18,10003.284000,19.789000,458.809135,460.741215,460.000000,764,1.190865,PI,FIFO,true,PI_FIFO,460.449624
12.210020,-1,18,9999.802000,19.591000,457.272461,460.220902,460.000000,766,2.727539,PI,FIFO,true,PI_FIFO,458.861043
12.220019,-1,18,9999.543000,19.134000,453.752293,459.250611,460.000000,770,6.247707,PI,FIFO,true,PI_FIFO,456.306668
12.230019,-1,18,10000.357000,19.491000,457.763672,459.027570,460.000000,771,2.236328,PI,FIFO,true,PI_FIFO,457.035170
12.240019,-1,18,9999.450000,18.941000,458.140432,458.894499,460.000000,771,1.859568,PI,FIFO,true,PI_FIFO,457.587801
12.250019,-1,18,10000.024000,18.965000,462.364960,459.415068,460.000000,769,-2.364960,PI,FIFO,true,PI_FIFO,459.976380
12.260019,-1,18,9999.932000,18.897000,462.785213,459.920590,460.000000,767,-2.785213,PI,FIFO,true,PI_FIFO,461.380797
12.270019,-1,18,10000.524000,19.421000,460.677181,460.034079,460.000000,767,-0.677181,PI,FIFO,true,PI_FIFO,461.028989
12.280019,-1,18,9999.691000,19.112000,462.662338,460.428317,460.000000,765,-2.662338,PI,FIFO,true,PI_FIFO,461.845663
12.290019,-1,18,9999.987000,19.099000,459.784208,460.331701,460.000000,766,0.215792,PI,FIFO,true,PI_FIFO,460.814936
12.300019,-1,18,9999.691000,18.790000,462.182148,460.609268,460.000000,765,-2.182148,PI,FIFO,true,PI_FIFO,461.498542
12.310019,-1,18,9999.968000,18.758000,463.235294,461.003172,460.000000,763,-3.235294,PI,FIFO,true,PI_FIFO,462.366918
12.320025,-1,18,10005.988000,24.746000,460.813763,460.974761,460.000000,763,-0.813763,PI,FIFO,true,PI_FIFO,461.590341
12.330019,-1,18,9994.524000,19.270000,459.988318,460.826794,460.000000,763,0.011682,PI,FIFO,true,PI_FIFO,460.789329
12.340031,-1,18,10011.376000,30.646000,457.019825,460.255749,460.000000,766,2.980175,PI,FIFO,true,PI_FIFO,458.904577
12.350020,-1,18,9989.357000,20.003000,453.670845,459.268013,460.000000,770,6.329155,PI,FIFO,true,PI_FIFO,456.287711
12.360025,-1,18,10005.247000,25.250000,456.327745,458.826973,460.000000,771,3.672255,PI,FIFO,true,PI_FIFO,456.307728
12.370019,-1,18,9993.931000,19.181000,458.061889,458.712210,460.000000,772,1.938111,PI,FIFO,true,PI_FIFO,457.184809
12.380026,-1,18,10006.710000,25.891000,462.422118,459.268697,460.000000,769,-2.422118,PI,FIFO,true,PI_FIFO,459.803463
12.390019,-1,18,9993.450000,19.341000,463.420662,459.891491,460.000000,767,-3.420662,PI,FIFO,true,PI_FIFO,461.612063
12.400024,-1,18,10004.820000,24.161000,459.558824,459.841591,460.000000,767,0.441176,PI,FIFO,true,PI_FIFO,460.585443
12.410038,-1,18,10013.932000,38.093000,463.017404,460.317963,460.000000,766,-3.017404,PI,FIFO,true,PI_FIFO,461.801423
12.420027,-1,18,9989.209000,27.302000,459.558824,460.204092,460.000000,766,0.441176,PI,FIFO,true,PI_FIFO,460.680123
12.430019,-1,18,9992.117000,19.419000,462.460537,460.542559,460.000000,765,-2.460537,PI,FIFO,true,PI_FIFO,461.570330
12.440028,-1,18,10008.580000,27.999000,462.470142,460.831696,460.000000,764,-2.470142,PI,FIFO,true,PI_FIFO,462.020236
12.450021,-1,18,9992.746000,20.745000,461.281631,460.899187,460.000000,763,-1.281631,PI,FIFO,true,PI_FIFO,461.650933
12.460024,-1,18,10003.561000,24.306000,461.570022,460.999812,460.000000,763,-1.570022,PI,FIFO,true,PI_FIFO,461.610478
12.470021,-1,18,9996.247000,20.553000,456.574675,460.336041,460.000000,766,3.425325,PI,FIFO,true,PI_FIFO,459.092576
12.480023,-1,18,10001.968000,22.521000,454.606681,459.476637,460.000000,769,5.393319,PI,FIFO,true,PI_FIFO,456.849629
12.490019,-1,18,9996.469000,18.990000,455.307586,458.851280,460.000000,771,4.692414,PI,FIFO,true,PI_FIFO,456.078607
12.500030,-1,18,10010.561000,29.551000,457.565076,458.658349,460.000000,772,2.434924,PI,FIFO,true,PI_FIFO,456.821842
12.510028,-1,18,9998.191000,27.742000,462.364960,459.214341,460.000000,769,-2.364960,PI,FIFO,true,PI_FIFO,459.593401
12.520025,-1,18,9996.950000,24.692000,462.422118,459.695507,460.000000,768,-2.422118,PI,FIFO,true,PI_FIFO,461.007760
12.530020,-1,18,9994.839000,19.531000,459.784208,459.708812,460.000000,768,0.215792,PI,FIFO,true,PI_FIFO,460.395984
12.540021,-1,18,10001.746000,21.277000,461.942427,460.043855,460.000000,767,-1.942427,PI,FIFO,true,PI_FIFO,461.169206
12.550022,-1,18,10000.284000,21.561000,460.418616,460.100069,460.000000,767,-0.418616,PI,FIFO,true,PI_FIFO,460.793911
12.560022,-1,18,10000.691000,22.252000,462.024970,460.388804,460.000000,766,-2.024970,PI,FIFO,true,PI_FIFO,461.409440
12.570019,-1,18,9997.135000,19.387000,463.278897,460.822318,460.000000,764,-3.278897,PI,FIFO,true,PI_FIFO,462.344169
12.580022,-1,18,10002.321000,21.708000,461.702955,460.954413,460.000000,763,-1.702955,PI,FIFO,true,PI_FIFO,462.023562
12.590019,-1,18,9997.709000,19.417000,461.368110,461.016468,460.000000,763,-1.368110,PI,FIFO,true,PI_FIFO,461.695836
12.600022,-1,18,10002.598000,22.015000,456.496668,460.338498,460.000000,766,3.503332,PI,FIFO,true,PI_FIFO,459.096252
12.610019,-1,18,9996.821000,18.836000,455.318116,459.585441,460.000000,769,4.681884,PI,FIFO,true,PI_FIFO,457.207184
12.620022,-1,18,10003.320000,22.156000,456.965110,459.192391,460.000000,770,3.034890,PI,FIFO,true,PI_FIFO,457.086147
12.630019,-1,18,9996.728000,18.884000,457.540264,458.944572,460.000000,771,2.459736,PI,FIFO,true,PI_FIFO,457.313205
12.640022,-1,18,10003.320000,22.204000,463.143526,459.574415,460.000000,768,-3.143526,PI,FIFO,true,PI_FIFO,460.228366
12.650019,-1,18,9996.988000,19.192000,462.506167,460.014178,460.000000,766,-2.506167,PI,FIFO,true,PI_FIFO,461.367266
12.660022,-1,18,10003.079000,22.271000,459.558824,459.945875,460.000000,767,0.441176,PI,FIFO,true,PI_FIFO,460.463045
12.670019,-1,18,9996.728000,18.999000,462.662338,460.353344,460.000000,765,-2.662338,PI,FIFO,true,PI_FIFO,461.562691
12.680021,-1,18,10002.154000,21.153000,460.009814,460.301815,460.000000,766,-0.009814,PI,FIFO,true,PI_FIFO,460.786252
12.690028,-1,18,10007.302000,28.455000,461.702955,460.511986,460.000000,765,-1.702955,PI,FIFO,true,PI_FIFO,461.244604
12.700020,-1,18,9991.431000,19.886000,462.582237,460.822523,460.000000,763,-2.582237,PI,FIFO,true,PI_FIFO,461.913420
12.710019,-1,18,9998.617000,18.503000,460.310966,460.745790,460.000000,764,-0.310966,PI,FIFO,true,PI_FIFO,461.112193
12.720022,-1,18,10003.284000,21.787000,461.281631,460.826166,460.000000,763,-1.281631,PI,FIFO,true,PI_FIFO,461.196912
12.730020,-1,18,9997.913000,19.700000,456.574675,460.188442,460.000000,766,3.425325,PI,FIFO,true,PI_FIFO,458.885794
12.740021,-1,18,10001.709000,21.409000,454.886784,459.393193,460.000000,769,5.113216,PI,FIFO,true,PI_FIFO,456.886289
12.750020,-1,18,9998.950000,20.359000,455.834684,458.859417,460.000000,771,4.165316,PI,FIFO,true,PI_FIFO,456.360486
12.760035,-1,18,10014.302000,34.661000,456.956179,458.573931,460.000000,772,3.043821,PI,FIFO,true,PI_FIFO,456.658332
12.770039,-1,18,10004.339000,39.000000,463.384495,459.295516,460.000000,769,-3.384495,PI,FIFO,true,PI_FIFO,460.021414
12.780036,-1,18,9997.117000,36.117000,461.942427,459.692553,460.000000,768,-1.942427,PI,FIFO,true,PI_FIFO,460.981921
12.790020,-1,18,9983.506000,19.623000,461.413525,459.950698,460.000000,767,-1.413525,PI,FIFO,true,PI_FIFO,461.197723
12.800023,-1,18,10003.339000,22.962000,460.509307,460.034490,460.000000,767,-0.509307,PI,FIFO,true,PI_FIFO,460.853515
12.810026,-1,18,10003.265000,26.227000,460.687961,460.132510,460.000000,767,-0.687961,PI,FIFO,true,PI_FIFO,460.770738
12.820023,-1,18,9997.135000,23.362000,463.235294,460.597928,460.000000,765,-3.235294,PI,FIFO,true,PI_FIFO,462.003016
12.830019,-1,18,9995.931000,19.293000,462.662338,460.907589,460.000000,763,-2.662338,PI,FIFO,true,PI_FIFO,462.332677
12.840026,-1,18,10006.247000,25.540000,461.281631,460.963696,460.000000,763,-1.281631,PI,FIFO,true,PI_FIFO,461.807154
12.850026,-1,18,10000.672000,26.212000,461.317660,461.016790,460.000000,763,-1.317660,PI,FIFO,true,PI_FIFO,461.562407
12.860024,-1,18,9997.506000,23.718000,456.151529,460.287001,460.000000,766,3.848471,PI,FIFO,true,PI_FIFO,458.856968
12.870020,-1,18,9995.987000,19.705000,454.606681,459.434953,460.000000,769,5.393319,PI,FIFO,true,PI_FIFO,456.731825
12.880025,-1,18,10005.191000,24.896000,455.729167,458.879085,460.000000,771,4.270833,PI,FIFO,true,PI_FIFO,456.230496
12.890021,-1,18,9996.061000,20.957000,457.515454,458.674540,460.000000,772,2.484546,PI,FIFO,true,PI_FIFO,456.872975
12.900024,-1,18,10002.969000,23.926000,462.408399,459.234619,460.000000,769,-2.408399,PI,FIFO,true,PI_FIFO,459.640687
12.910020,-1,18,9995.894000,19.820000,461.570022,459.584930,460.000000,768,-1.570022,PI,FIFO,true,PI_FIFO,460.605354
12.920022,-1,18,10001.913000,21.733000,461.281631,459.839435,460.000000,767,-1.281631,PI,FIFO,true,PI_FIFO,460.943493
12.930027,-1,18,10005.450000,27.183000,460.986025,460.011423,460.000000,767,-0.986025,PI,FIFO,true,PI_FIFO,460.964759
12.940024,-1,18,9996.913000,24.096000,461.595273,460.249001,460.000000,766,-1.595273,PI,FIFO,true,PI_FIFO,461.280016
12.950020,-1,18,9995.487000,19.583000,461.942427,460.503015,460.000000,765,-1.942427,PI,FIFO,true,PI_FIFO,461.611222
12.960019,-1,18,9999.395000,18.978000,462.582237,460.814898,460.000000,764,-2.582237,PI,FIFO,true,PI_FIFO,462.096729
12.970021,-1,18,10001.598000,20.576000,461.519527,460.920592,460.000000,763,-1.519527,PI,FIFO,true,PI_FIFO,461.808128
12.980021,-1,18,10000.580000,21.156000,461.757670,461.046154,460.000000,763,-1.757670,PI,FIFO,true,PI_FIFO,461.782899
12.990019,-1,18,9997.561000,18.717000,456.262807,460.328652,460.000000,766,3.737193,PI,FIFO,true,PI_FIFO,459.022853
13.000023,-1,18,10004.043000,22.760000,455.318116,459.577072,460.000000,769,4.681884,PI,FIFO,true,PI_FIFO,457.170484
13.010020,-1,18,9997.191000,19.951000,455.834684,459.015713,460.000000,771,4.165316,PI,FIFO,true,PI_FIFO,456.502584
13.020037,-1,18,10016.802000,36.753000,455.982490,458.560730,460.000000,773,4.017510,PI,FIFO,true,PI_FIFO,456.242537
13.030021,-1,18,9983.876000,20.629000,463.497034,459.301176,460.000000,769,-3.497034,PI,FIFO,true,PI_FIFO,459.869785
13.040024,-1,18,10003.802000,24.431000,461.463731,459.625559,460.000000,768,-1.463731,PI,FIFO,true,PI_FIFO,460.666758
13.050019,-1,18,9995.005000,19.436000,461.931018,459.971378,460.000000,767,-1.931018,PI,FIFO,true,PI_FIFO,461.298888
13.060022,-1,18,10002.654000,22.090000,460.813763,460.097735,460.000000,767,-0.813763,PI,FIFO,true,PI_FIFO,461.056326
13.070024,-1,18,10001.561000,23.651000,460.590960,460.171719,460.000000,767,-0.590960,PI,FIFO,true,PI_FIFO,460.823643
13.080025,-1,18,10001.395000,25.046000,463.432719,460.660869,460.000000,764,-3.432719,PI,FIFO,true,PI_FIFO,462.128181
13.090021,-1,18,9995.561000,20.607000,462.734452,460.971907,460.000000,763,-2.734452,PI,FIFO,true,PI_FIFO,462.431317
13.100023,-1,18,10002.672000,23.279000,461.497890,461.050804,460.000000,763,-1.497890,PI,FIFO,true,PI_FIFO,461.964603
13.110019,-1,18,9995.932000,19.211000,461.942427,461.184548,460.000000,762,-1.942427,PI,FIFO,true,PI_FIFO,461.953515
13.120021,-1,18,10002.135000,21.346000,456.648807,460.504187,460.000000,765,3.351193,PI,FIFO,true,PI_FIFO,459.301161
13.130019,-1,18,9997.839000,19.185000,454.864658,459.658257,460.000000,768,5.135342,PI,FIFO,true,PI_FIFO,457.082909
13.140021,-1,18,10001.913000,21.098000,456.204380,459.140176,460.000000,770,3.795620,PI,FIFO,true,PI_FIFO,456.643644
13.150037,-1,18,10015.488000,36.586000,456.496668,458.743649,460.000000,772,3.503332,PI,FIFO,true,PI_FIFO,456.570156
13.160035,-1,18,9998.709000,35.295000,462.662338,459.331453,460.000000,769,-2.662338,PI,FIFO,true,PI_FIFO,459.616247
13.170019,-1,18,9984.024000,19.319000,461.595273,459.671026,460.000000,768,-1.595273,PI,FIFO,true,PI_FIFO,460.605760
13.180022,-1,18,10002.320000,21.639000,461.463731,459.939932,460.000000,767,-1.463731,PI,FIFO,true,PI_FIFO,461.034745
13.190020,-1,18,9998.265000,19.904000,461.281631,460.141186,460.000000,766,-1.281631,PI,FIFO,true,PI_FIFO,461.158188
13.200020,-1,18,10000.302000,20.206000,459.759154,460.083882,460.000000,767,0.240846,PI,FIFO,true,PI_FIFO,460.458671
13.210019,-1,18,9999.247000,19.453000,463.278897,460.563134,460.000000,764,-3.278897,PI,FIFO,true,PI_FIFO,461.868784
13.220021,-1,18,10001.357000,20.810000,462.075575,460.790000,460.000000,763,-2.075575,PI,FIFO,true,PI_FIFO,461.972180
13.230019,-1,18,9998.247000,19.057000,462.364960,461.026244,460.000000,762,-2.364960,PI,FIFO,true,PI_FIFO,462.168570
13.240019,-1,18,10000.302000,19.359000,460.203366,460.902812,460.000000,763,-0.203366,PI,FIFO,true,PI_FIFO,461.185968
13.250020,-1,18,10000.246000,19.605000,457.434515,460.382568,460.000000,765,2.565485,PI,FIFO,true,PI_FIFO,459.310241
13.260019,-1,18,9999.765000,19.370000,454.876274,459.556624,460.000000,768,5.123726,PI,FIFO,true,PI_FIFO,457.093257
13.270019,-1,18,9999.672000,19.042000,455.588553,458.961413,460.000000,771,4.411447,PI,FIFO,true,PI_FIFO,456.340905
13.280019,-1,18,10000.413000,19.455000,456.532325,458.597050,460.000000,772,3.467675,PI,FIFO,true,PI_FIFO,456.436615
13.290019,-1,18,9999.913000,19.368000,463.649852,459.354970,460.000000,768,-3.649852,PI,FIFO,true,PI_FIFO,460.043233
13.300019,-1,18,10000.006000,19.374000,462.147887,459.773908,460.000000,767,-2.147887,PI,FIFO,true,PI_FIFO,461.095560
13.310019,-1,18,9999.802000,19.176000,461.224754,459.991535,460.000000,766,-1.224754,PI,FIFO,true,PI_FIFO,461.160157
13.320019,-1,18,9999.691000,18.867000,461.368110,460.198021,460.000000,766,-1.368110,PI,FIFO,true,PI_FIFO,461.264134
13.330034,-1,18,10015.061000,33.928000,460.271318,460.209016,460.000000,766,-0.271318,PI,FIFO,true,PI_FIFO,460.767726
13.340024,-1,18,9990.413000,24.341000,463.453390,460.695672,460.000000,764,-3.453390,PI,FIFO,true,PI_FIFO,462.110558
13.350020,-1,18,9995.913000,20.254000,461.570022,460.826824,460.000000,763,-1.570022,PI,FIFO,true,PI_FIFO,461.840290
13.360022,-1,18,10001.858000,22.112000,463.235294,461.188095,460.000000,762,-3.235294,PI,FIFO,true,PI_FIFO,462.537792
13.370019,-1,18,9996.839000,18.951000,460.033574,461.014917,460.000000,762,-0.033574,PI,FIFO,true,PI_FIFO,461.285683
13.380020,-1,18,10001.116000,20.067000,457.317073,460.460240,460.000000,765,2.682927,PI,FIFO,true,PI_FIFO,459.301378
13.390050,-1,18,10029.599000,49.666000,455.760817,459.755327,460.000000,767,4.239183,PI,FIFO,true,PI_FIFO,457.531097
13.400038,-1,18,9988.042000,37.708000,454.318700,458.939833,460.000000,771,5.681300,PI,FIFO,true,PI_FIFO,455.924899
13.410032,-1,18,9994.025000,31.733000,456.320693,458.546962,460.000000,772,3.679307,PI,FIFO,true,PI_FIFO,456.122796
13.420023,-1,18,9991.413000,23.146000,461.272530,458.955797,460.000000,770,-1.272530,PI,FIFO,true,PI_FIFO,458.697663
13.430026,-1,18,10003.079000,26.225000,462.147887,459.434610,460.000000,768,-2.147887,PI,FIFO,true,PI_FIFO,460.422775
13.440035,-1,18,10008.913000,35.138000,460.986025,459.667323,460.000000,767,-0.986025,PI,FIFO,true,PI_FIFO,460.704400
13.450041,-1,18,10005.617000,40.755000,462.050271,460.024765,460.000000,766,-2.050271,PI,FIFO,true,PI_FIFO,461.377336
13.460040,-1,18,9999.487000,40.242000,459.558824,459.954874,460.000000,767,0.441176,PI,FIFO,true,PI_FIFO,460.468080
13.470032,-1,18,9991.487000,31.729000,463.420662,460.474742,460.000000,765,-3.420662,PI,FIFO,true,PI_FIFO,461.944371
13.480027,-1,18,9994.988000,26.717000,462.364960,460.758275,460.000000,764,-2.364960,PI,FIFO,true,PI_FIFO,462.154666
13.490017,-1,18,9989.857000,16.574000,462.582237,461.031869,460.000000,762,-2.582237,PI,FIFO,true,PI_FIFO,462.368451
13.500030,-1,18,10013.135000,29.709000,460.849719,461.004547,460.000000,762,-0.849719,PI,FIFO,true,PI_FIFO,461.609085
13.510039,-1,18,10009.210000,38.919000,456.730769,460.363480,460.000000,765,3.269231,PI,FIFO,true,PI_FIFO,459.169927
13.520025,-1,18,9986.302000,25.221000,455.318116,459.606675,460.000000,768,4.681884,PI,FIFO,true,PI_FIFO,457.244021
13.530013,-1,18,9987.524000,12.745000,454.802717,458.886082,460.000000,771,5.197283,PI,FIFO,true,PI_FIFO,456.023369
13.540015,-1,18,10002.616000,15.361000,457.138678,458.623971,460.000000,772,2.861322,PI,FIFO,true,PI_FIFO,456.581023
13.550017,-1,18,10001.358000,16.719000,461.368110,459.035592,460.000000,770,-1.368110,PI,FIFO,true,PI_FIFO,458.974567
13.560014,-1,18,9997.154000,13.873000,461.463731,459.399813,460.000000,769,-1.463731,PI,FIFO,true,PI_FIFO,460.219149
13.570017,-1,18,10003.005000,16.878000,461.368110,459.695057,460.000000,768,-1.368110,PI,FIFO,true,PI_FIFO,460.793629
13.580016,-1,18,9999.173000,16.051000,461.931018,460.030451,460.000000,767,-1.931018,PI,FIFO,true,PI_FIFO,461.362324
13.590017,-1,18,10000.728000,16.779000,459.308655,459.922182,460.000000,768,0.691345,PI,FIFO,true,PI_FIFO,460.335490
13.600016,-1,18,9999.468000,16.247000,464.327830,460.583029,460.000000,765,-4.327830,PI,FIFO,true,PI_FIFO,462.331660
13.610031,-1,18,10014.784000,31.031000,461.570022,460.731078,460.000000,764,-1.570022,PI,FIFO,true,PI_FIFO,461.950841
13.620029,-1,18,9997.580000,28.611000,463.235294,461.106711,460.000000,763,-3.235294,PI,FIFO,true,PI_FIFO,462.593068
13.630019,-1,18,9990.338000,18.949000,461.702955,461.196147,460.000000,762,-1.702955,PI,FIFO,true,PI_FIFO,462.148011
13.640018,-1,18,9999.506000,18.455000,456.871345,460.547427,460.000000,765,3.128655,PI,FIFO,true,PI_FIFO,459.509678
13.650018,-1,18,9999.154000,17.609000,457.434515,460.080490,460.000000,767,2.565485,PI,FIFO,true,PI_FIFO,458.472096
13.660031,-1,18,10013.561000,31.170000,453.995157,459.167690,460.000000,770,6.004843,PI,FIFO,true,PI_FIFO,456.233627
13.670031,-1,18,9999.450000,30.620000,456.965110,458.837303,460.000000,771,3.034890,PI,FIFO,true,PI_FIFO,456.599369
13.680020,-1,18,9989.358000,19.978000,461.281631,459.203952,460.000000,769,-1.281631,PI,FIFO,true,PI_FIFO,458.940500
13.690020,-1,18,9999.709000,19.687000,461.822660,459.596758,460.000000,768,-1.822660,PI,FIFO,true,PI_FIFO,460.381580
13.700019,-1,18,9998.950000,18.637000,461.238403,459.843005,460.000000,767,-1.238403,PI,FIFO,true,PI_FIFO,460.809992
13.710018,-1,18,9999.413000,18.050000,460.986025,460.014458,460.000000,767,-0.986025,PI,FIFO,true,PI_FIFO,460.898008
13.720018,-1,18,10000.284000,18.334000,460.280833,460.054414,460.000000,767,-0.280833,PI,FIFO,true,PI_FIFO,460.589420
13.730020,-1,18,10001.450000,19.784000,463.625716,460.590110,460.000000,764,-3.625716,PI,FIFO,true,PI_FIFO,462.107568
13.740019,-1,18,9999.320000,19.104000,462.147887,460.823776,460.000000,763,-2.147887,PI,FIFO,true,PI_FIFO,462.127728
13.750020,-1,18,10001.302000,20.406000,463.090011,461.163711,460.000000,762,-3.090011,PI,FIFO,true,PI_FIFO,462.608869
13.760037,-1,18,10016.191000,36.597000,461.141171,461.160330,460.000000,762,-1.141171,PI,FIFO,true,PI_FIFO,461.875020
13.770021,-1,18,9984.228000,20.825000,456.204380,460.416938,460.000000,765,3.795620,PI,FIFO,true,PI_FIFO,459.039700
13.780020,-1,18,9999.302000,20.127000,456.730769,459.864012,460.000000,767,3.269231,PI,FIFO,true,PI_FIFO,457.885235
13.790019,-1,18,9998.580000,18.707000,453.775411,458.950722,460.000000,771,6.224589,PI,FIFO,true,PI_FIFO,455.830323
13.800019,-1,18,10000.116000,18.823000,457.317073,458.705675,460.000000,772,2.682927,PI,FIFO,true,PI_FIFO,456.573698
13.810019,-1,18,10000.006000,18.829000,460.634066,458.994934,460.000000,770,-0.634066,PI,FIFO,true,PI_FIFO,458.603882
13.820019,-1,18,9999.672000,18.501000,462.582237,459.533029,460.000000,768,-2.582237,PI,FIFO,true,PI_FIFO,460.593060
13.830018,-1,18,9999.821000,18.322000,462.024970,459.906820,460.000000,767,-2.024970,PI,FIFO,true,PI_FIFO,461.309015
13.840023,-1,18,10004.209000,22.531000,461.324866,460.119527,460.000000,766,-1.324866,PI,FIFO,true,PI_FIFO,461.316941
13.850024,-1,18,10001.284000,23.815000,460.747543,460.213729,460.000000,766,-0.747543,PI,FIFO,true,PI_FIFO,461.032242
13.860032,-1,18,10007.931000,31.746000,461.822660,460.455069,460.000000,765,-1.822660,PI,FIFO,true,PI_FIFO,461.427451
13.870021,-1,18,9988.821000,20.567000,462.651413,460.784521,460.000000,763,-2.651413,PI,FIFO,true,PI_FIFO,462.039432
13.880022,-1,18,10001.209000,21.776000,463.344316,461.168490,460.000000,762,-3.344316,PI,FIFO,true,PI_FIFO,462.691874
13.890021,-1,18,9999.246000,21.022000,461.497890,461.217900,460.000000,761,-1.497890,PI,FIFO,true,PI_FIFO,462.094882
13.900020,-1,18,9999.451000,20.473000,456.029186,460.439593,460.000000,765,3.970814,PI,FIFO,true,PI_FIFO,459.062034
13.910019,-1,18,9998.672000,19.145000,457.094100,459.937769,460.000000,767,2.905900,PI,FIFO,true,PI_FIFO,458.078067
13.920020,-1,18,10000.672000,19.817000,452.898551,458.881886,460.000000,771,7.101449,PI,FIFO,true,PI_FIFO,455.488309
13.930031,-1,18,10011.154000,30.971000,456.744154,458.561226,460.000000,772,3.255846,PI,FIFO,true,PI_FIFO,456.116231
13.940022,-1,18,9990.987000,21.958000,461.224754,458.960756,460.000000,770,-1.224754,PI,FIFO,true,PI_FIFO,458.670493
13.950025,-1,18,10002.654000,24.612000,462.625717,459.510500,460.000000,768,-2.625717,PI,FIFO,true,PI_FIFO,460.648105
13.960023,-1,18,9998.191000,22.803000,462.182148,459.911247,460.000000,766,-2.182148,PI,FIFO,true,PI_FIFO,461.415127
13.970041,-1,18,10018.413000,41.216000,460.310966,459.971205,460.000000,767,-0.310966,PI,FIFO,true,PI_FIFO,460.863046
13.980021,-1,18,9979.468000,20.684000,460.203366,460.006029,460.000000,767,-0.203366,PI,FIFO,true,PI_FIFO,460.533206
13.990022,-1,18,10000.858000,21.542000,462.662338,460.404475,460.000000,765,-2.662338,PI,FIFO,true,PI_FIFO,461.597772
14.000021,-1,18,9999.265000,20.807000,463.017404,460.796415,460.000000,763,-3.017404,PI,FIFO,true,PI_FIFO,462.307588
14.010016,-1,18,9995.265000,16.072000,462.582237,461.064288,460.000000,762,-2.582237,PI,FIFO,true,PI_FIFO,462.444912
14.020032,-1,18,10015.969000,32.041000,461.281631,461.096889,460.000000,762,-1.281631,PI,FIFO,true,PI_FIFO,461.863272
14.030025,-1,18,9992.950000,24.991000,456.262807,460.371777,460.000000,765,3.737193,PI,FIFO,true,PI_FIFO,459.063039
14.040021,-1,18,9996.301000,21.292000,456.426485,459.779983,460.000000,768,3.573515,PI,FIFO,true,PI_FIFO,457.744762
14.050021,-1,18,9999.414000,20.706000,453.198148,458.792708,460.000000,772,6.801852,PI,FIFO,true,PI_FIFO,455.471455
14.060029,-1,18,10008.228000,28.934000,456.470932,458.444441,460.000000,773,3.529068,PI,FIFO,true,PI_FIFO,455.971193
14.070019,-1,18,9990.079000,19.013000,460.747543,458.789907,460.000000,771,-0.747543,PI,FIFO,true,PI_FIFO,458.359368
14.080025,-1,18,10006.098000,25.111000,461.065574,459.131257,460.000000,770,-1.065574,PI,FIFO,true,PI_FIFO,459.712471
14.090020,-1,18,9995.191000,20.302000,463.090011,459.725070,460.000000,768,-3.090011,PI,FIFO,true,PI_FIFO,461.401241
14.100035,-1,18,10015.099000,35.401000,460.418616,459.829102,460.000000,768,-0.418616,PI,FIFO,true,PI_FIFO,460.909928
14.110037,-1,18,10001.802000,37.203000,461.224754,460.038450,460.000000,767,-1.224754,PI,FIFO,true,PI_FIFO,461.067341
14.120021,-1,18,9984.209000,21.412000,461.702955,460.288125,460.000000,766,-1.702955,PI,FIFO,true,PI_FIFO,461.385148
14.130028,-1,18,10006.394000,27.806000,462.364960,460.599651,460.000000,765,-2.364960,PI,FIFO,true,PI_FIFO,461.875054
14.140025,-1,18,9997.469000,25.275000,464.057859,461.118382,460.000000,763,-4.057859,PI,FIFO,true,PI_FIFO,462.966457
14.150022,-1,18,9996.394000,21.669000,460.892874,461.084556,460.000000,763,-0.892874,PI,FIFO,true,PI_FIFO,461.929665
14.160022,-1,18,10000.469000,22.138000,457.813348,460.593875,460.000000,765,2.186652,PI,FIFO,true,PI_FIFO,459.871507
14.170015,-1,18,9992.654000,14.792000,455.729167,459.864168,460.000000,768,4.270833,PI,FIFO,true,PI_FIFO,457.800337
14.180017,-1,18,10001.857000,16.649000,453.995157,458.983817,460.000000,772,6.004843,PI,FIFO,true,PI_FIFO,455.897747
14.190018,-1,18,10000.932000,17.581000,457.069339,458.696645,460.000000,772,2.930661,PI,FIFO,true,PI_FIFO,456.483543
14.200027,-1,18,10009.284000,26.865000,461.281631,459.084393,460.000000,770,-1.281631,PI,FIFO,true,PI_FIFO,458.882587
14.210029,-1,18,10001.931000,28.796000,461.463731,459.441294,460.000000,769,-1.463731,PI,FIFO,true,PI_FIFO,460.173159
14.220025,-1,18,9996.543000,25.339000,464.338782,460.175917,460.000000,766,-4.338782,PI,FIFO,true,PI_FIFO,462.255970
14.230016,-1,18,9990.561000,15.900000,460.271318,460.190227,460.000000,767,-0.271318,PI,FIFO,true,PI_FIFO,461.263644
14.240015,-1,18,9999.061000,14.961000,460.849719,460.289151,460.000000,766,-0.849719,PI,FIFO,true,PI_FIFO,461.056682
14.250015,-1,18,10000.283000,15.244000,463.039183,460.701656,460.000000,765,-3.039183,PI,FIFO,true,PI_FIFO,462.047932
14.260021,-1,18,10006.025000,21.269000,461.324866,460.795137,460.000000,764,-1.324866,PI,FIFO,true,PI_FIFO,461.686399
14.270020,-1,18,9998.561000,19.830000,464.364337,461.330517,460.000000,762,-4.364337,PI,FIFO,true,PI_FIFO,463.025368
14.280019,-1,18,9998.857000,18.687000,459.988318,461.129187,460.000000,763,0.011682,PI,FIFO,true,PI_FIFO,461.506843
14.290020,-1,18,10000.821000,19.508000,457.813348,460.631811,460.000000,764,2.186652,PI,FIFO,true,PI_FIFO,459.660095
14.300019,-1,18,9999.006000,18.514000,456.151529,459.959769,460.000000,767,3.848471,PI,FIFO,true,PI_FIFO,457.905812
14.310019,-1,18,10000.302000,18.816000,453.555878,458.999185,460.000000,771,6.444122,PI,FIFO,true,PI_FIFO,455.730845
14.320018,-1,18,9999.524000,18.340000,456.496668,458.623808,460.000000,772,3.503332,PI,FIFO,true,PI_FIFO,456.113757
14.330019,-1,18,10000.246000,18.586000,460.009814,458.831709,460.000000,771,-0.009814,PI,FIFO,true,PI_FIFO,458.061785
14.340023,-1,18,10004.135000,22.721000,460.986025,459.154856,460.000000,770,-0.986025,PI,FIFO,true,PI_FIFO,459.523905
14.350020,-1,18,9997.247000,19.968000,463.890198,459.865157,460.000000,767,-3.890198,PI,FIFO,true,PI_FIFO,461.707051
14.360019,-1,18,9998.913000,18.881000,460.763434,459.999899,460.000000,767,-0.763434,PI,FIFO,true,PI_FIFO,461.235243
14.370018,-1,18,9999.265000,18.146000,461.324866,460.198644,460.000000,766,-1.324866,PI,FIFO,true,PI_FIFO,461.280055
14.380018,-1,18,10000.172000,18.318000,462.182148,460.496170,460.000000,765,-2.182148,PI,FIFO,true,PI_FIFO,461.731101
14.390019,-1,18,10000.932000,19.250000,461.931018,460.711397,460.000000,764,-1.931018,PI,FIFO,true,PI_FIFO,461.831060
14.400021,-1,18,10001.672000,20.922000,465.132304,461.374533,460.000000,761,-5.132304,PI,FIFO,true,PI_FIFO,463.481682
14.410019,-1,18,9998.117000,19.039000,460.634066,461.263463,460.000000,762,-0.634066,PI,FIFO,true,PI_FIFO,462.057874
14.420018,-1,18,9999.376000,18.415000,456.918223,460.611677,460.000000,765,3.081777,PI,FIFO,true,PI_FIFO,459.488049
14.430018,-1,18,10000.024000,18.439000,456.693297,460.023920,460.000000,767,3.306703,PI,FIFO,true,PI_FIFO,458.090673
14.440018,-1,18,9999.376000,17.815000,452.655579,458.918669,460.000000,771,7.344421,PI,FIFO,true,PI_FIFO,455.373126
14.450020,-1,18,10001.746000,19.561000,457.380820,458.687992,460.000000,772,2.619180,PI,FIFO,true,PI_FIFO,456.376973
14.460055,-1,18,10035.766000,55.327000,459.606255,458.825731,460.000000,771,0.393745,PI,FIFO,true,PI_FIFO,457.991614
14.470039,-1,18,9983.209000,38.536000,462.374104,459.357987,460.000000,769,-2.374104,PI,FIFO,true,PI_FIFO,460.182859
14.480021,-1,18,9982.450000,20.986000,462.662338,459.853640,460.000000,767,-2.662338,PI,FIFO,true,PI_FIFO,461.422598
14.490019,-1,18,9997.820000,18.806000,461.541167,460.106769,460.000000,766,-1.541167,PI,FIFO,true,PI_FIFO,461.481882
14.500019,-1,18,10000.598000,19.404000,461.224754,460.274466,460.000000,766,-1.224754,PI,FIFO,true,PI_FIFO,461.353318
14.510025,-1,18,10005.599000,25.003000,462.734452,460.643464,460.000000,764,-2.734452,PI,FIFO,true,PI_FIFO,462.043885
14.520039,-1,18,10013.894000,38.897000,460.461690,460.616198,460.000000,765,-0.461690,PI,FIFO,true,PI_FIFO,461.252787
14.530039,-1,18,9999.636000,38.533000,464.593114,461.212736,460.000000,762,-4.593114,PI,FIFO,true,PI_FIFO,462.922951
14.540021,-1,18,9982.320000,20.853000,459.988318,461.029073,460.000000,763,0.011682,PI,FIFO,true,PI_FIFO,461.455634
14.550017,-1,18,9996.376000,17.229000,458.759243,460.688598,460.000000,764,1.240757,PI,FIFO,true,PI_FIFO,460.107439
14.560017,-1,18,10000.006000,17.235000,455.560441,459.919375,460.000000,767,4.439559,PI,FIFO,true,PI_FIFO,457.833940
14.570022,-1,18,10005.098000,22.333000,453.629032,458.975823,460.000000,771,6.370968,PI,FIFO,true,PI_FIFO,455.731486
14.580014,-1,18,9991.839000,14.172000,456.871345,458.660152,460.000000,772,3.128655,PI,FIFO,true,PI_FIFO,456.301415
14.590019,-1,18,10005.135000,19.307000,459.344377,458.762785,460.000000,771,0.655623,PI,FIFO,true,PI_FIFO,457.822896
14.600017,-1,18,9997.395000,16.702000,462.328767,459.297683,460.000000,769,-2.328767,PI,FIFO,true,PI_FIFO,460.075832
14.610020,-1,18,10003.450000,20.152000,462.799718,459.822988,460.000000,767,-2.799718,PI,FIFO,true,PI_FIFO,461.437775
14.620025,-1,18,10004.746000,24.898000,460.310966,459.896185,460.000000,767,-0.310966,PI,FIFO,true,PI_FIFO,460.874370
14.630021,-1,18,9995.636000,20.534000,460.687961,460.014951,460.000000,767,-0.687961,PI,FIFO,true,PI_FIFO,460.781165
14.640017,-1,18,9996.542000,17.076000,461.887669,460.295859,460.000000,766,-1.887669,PI,FIFO,true,PI_FIFO,461.334417
14.650019,-1,18,10002.376000,19.452000,460.361196,460.305659,460.000000,766,-0.361196,PI,FIFO,true,PI_FIFO,460.847807
14.660019,-1,18,9999.913000,19.365000,464.985829,461.007685,460.000000,763,-4.985829,PI,FIFO,true,PI_FIFO,462.916818
14.670023,-1,18,10003.228000,22.593000,460.033574,460.861568,460.000000,764,-0.033574,PI,FIFO,true,PI_FIFO,461.475196
14.680015,-1,18,9992.895000,15.488000,459.333660,460.632382,460.000000,765,0.666340,PI,FIFO,true,PI_FIFO,460.404428
14.690023,-1,18,10007.950000,23.438000,455.834684,459.912727,460.000000,768,4.165316,PI,FIFO,true,PI_FIFO,458.119556
14.700019,-1,18,9995.413000,18.851000,453.838174,459.001544,460.000000,771,6.161826,PI,FIFO,true,PI_FIFO,455.978865
14.710022,-1,18,10003.506000,22.357000,458.211144,458.882984,460.000000,772,1.788856,PI,FIFO,true,PI_FIFO,457.095004
14.720016,-1,18,9993.727000,16.084000,459.796076,459.019948,460.000000,771,0.203924,PI,FIFO,true,PI_FIFO,458.445540
14.730022,-1,18,10006.321000,22.405000,462.278107,459.508672,460.000000,769,-2.278107,PI,FIFO,true,PI_FIFO,460.361823
14.740016,-1,18,9993.487000,15.892000,462.422118,459.945689,460.000000,767,-2.422118,PI,FIFO,true,PI_FIFO,461.391971
14.750024,-1,18,10008.172000,24.064000,461.671044,460.204492,460.000000,766,-1.671044,PI,FIFO,true,PI_FIFO,461.531507
14.760019,-1,18,9995.413000,19.477000,460.864103,460.303434,460.000000,766,-0.864103,PI,FIFO,true,PI_FIFO,461.197805
14.770023,-1,18,10003.080000,22.557000,461.714353,460.515072,460.000000,765,-1.714353,PI,FIFO,true,PI_FIFO,461.456079
14.780026,-1,18,10003.691000,26.248000,460.509307,460.514207,460.000000,765,-0.509307,PI,FIFO,true,PI_FIFO,460.982693
14.790023,-1,18,9997.098000,23.346000,464.327830,461.086250,460.000000,763,-4.327830,PI,FIFO,true,PI_FIFO,462.655262
14.800020,-1,18,9996.247000,19.593000,460.562227,461.007647,460.000000,763,-0.562227,PI,FIFO,true,PI_FIFO,461.608744
14.810035,-1,18,10015.839000,35.432000,458.612255,460.648338,460.000000,764,1.387745,PI,FIFO,true,PI_FIFO,460.110500
14.820041,-1,18,10005.320000,40.752000,456.786543,460.069069,460.000000,767,3.213457,PI,FIFO,true,PI_FIFO,458.448521
14.830039,-1,18,9998.432000,39.184000,452.783427,458.976223,460.000000,771,7.216573,PI,FIFO,true,PI_FIFO,455.615974
14.840026,-1,18,9986.746000,25.930000,457.565076,458.764551,460.000000,772,2.434924,PI,FIFO,true,PI_FIFO,456.590525
14.850033,-1,18,10007.469000,33.399000,458.702237,458.755203,460.000000,772,1.297763,PI,FIFO,true,PI_FIFO,457.646381
14.860023,-1,18,9989.709000,23.108000,463.384495,459.449597,460.000000,769,-3.384495,PI,FIFO,true,PI_FIFO,460.515438
14.870026,-1,18,10002.784000,25.892000,462.321529,459.880387,460.000000,767,-2.321529,PI,FIFO,true,PI_FIFO,461.418484
14.880033,-1,18,10006.839000,32.731000,461.224754,460.082042,460.000000,767,-1.224754,PI,FIFO,true,PI_FIFO,461.321619
14.890023,-1,18,9989.968000,22.699000,461.324866,460.268466,460.000000,766,-1.324866,PI,FIFO,true,PI_FIFO,461.323243
14.900029,-1,18,10006.673000,29.372000,461.822660,460.501595,460.000000,765,-1.822660,PI,FIFO,true,PI_FIFO,461.572951
14.910021,-1,18,9991.135000,20.507000,461.497890,460.651039,460.000000,765,-1.497890,PI,FIFO,true,PI_FIFO,461.535421
14.920018,-1,18,9997.765000,18.272000,464.364337,461.208034,460.000000,762,-4.364337,PI,FIFO,true,PI_FIFO,462.949879
14.930020,-1,18,10001.524000,19.796000,460.849719,461.154287,460.000000,762,-0.849719,PI,FIFO,true,PI_FIFO,461.899799
14.940024,-1,18,10004.228000,24.024000,459.308655,460.877442,460.000000,763,0.691345,PI,FIFO,true,PI_FIFO,460.604227
14.950018,-1,18,9994.116000,18.140000,456.363004,460.200276,460.000000,766,3.636996,PI,FIFO,true,PI_FIFO,458.483616
14.960017,-1,18,9998.525000,16.665000,453.336557,459.170718,460.000000,770,6.663443,PI,FIFO,true,PI_FIFO,455.910086
14.970018,-1,18,10001.616000,18.281000,456.965110,458.839877,460.000000,771,3.034890,PI,FIFO,true,PI_FIFO,456.437598
14.980017,-1,18,9998.525000,16.806000,457.987298,458.711990,460.000000,772,2.012702,PI,FIFO,true,PI_FIFO,457.212448
14.990018,-1,18,10001.005000,17.811000,462.902807,459.340613,460.000000,769,-2.902807,PI,FIFO,true,PI_FIFO,460.057628
15.000017,-1,18,9999.247000,17.058000,462.050271,459.747062,460.000000,767,-2.050271,PI,FIFO,true,PI_FIFO,461.053949
15.010018,-1,18,10000.524000,17.582000,460.509307,459.861398,460.000000,767,-0.509307,PI,FIFO,true,PI_FIFO,460.781628
15.020030,-1,18,10012.561000,30.143000,461.065574,460.042025,460.000000,767,-1.065574,PI,FIFO,true,PI_FIFO,460.923601
15.030026,-1,18,9995.821000,25.964000,461.224754,460.219434,460.000000,766,-1.224754,PI,FIFO,true,PI_FIFO,461.074178
15.040023,-1,18,9996.727000,22.691000,462.278107,460.528235,460.000000,765,-2.278107,PI,FIFO,true,PI_FIFO,461.676142
15.050023,-1,18,10000.025000,22.716000,463.143526,460.920529,460.000000,763,-3.143526,PI,FIFO,true,PI_FIFO,462.409834
15.060022,-1,18,9999.024000,21.740000,461.497890,461.007133,460.000000,763,-1.497890,PI,FIFO,true,PI_FIFO,461.953862
15.070022,-1,18,9999.987000,21.727000,459.321815,460.754335,460.000000,764,0.678185,PI,FIFO,true,PI_FIFO,460.637839
15.080024,-1,18,10002.487000,24.214000,456.327745,460.090347,460.000000,767,3.672255,PI,FIFO,true,PI_FIFO,458.482792
15.090028,-1,18,10003.302000,27.516000,454.005627,459.177639,460.000000,770,5.994373,PI,FIFO,true,PI_FIFO,456.244209
15.100022,-1,18,9994.265000,21.781000,458.111630,459.017737,460.000000,771,1.888370,PI,FIFO,true,PI_FIFO,457.177920
15.110019,-1,18,9997.302000,19.083000,458.061889,458.874360,460.000000,771,1.938111,PI,FIFO,true,PI_FIFO,457.619904
15.120017,-1,18,9998.209000,17.292000,462.902807,459.478627,460.000000,769,-2.902807,PI,FIFO,true,PI_FIFO,460.261356
15.130022,-1,18,10004.617000,21.909000,462.734452,459.967001,460.000000,767,-2.734452,PI,FIFO,true,PI_FIFO,461.497904
15.140034,-1,18,10012.487000,34.396000,459.784208,459.939582,460.000000,767,0.215792,PI,FIFO,true,PI_FIFO,460.641056
15.150034,-1,18,9999.691000,34.087000,463.384495,460.456319,460.000000,765,-3.384495,PI,FIFO,true,PI_FIFO,462.012776
15.160029,-1,18,9995.357000,29.444000,461.065574,460.547707,460.000000,765,-1.065574,PI,FIFO,true,PI_FIFO,461.539175
15.170019,-1,18,9989.691000,19.135000,461.317660,460.663200,460.000000,764,-1.317660,PI,FIFO,true,PI_FIFO,461.428417
15.180018,-1,18,9998.654000,17.789000,462.799718,460.983678,460.000000,763,-2.799718,PI,FIFO,true,PI_FIFO,462.114068
15.190017,-1,18,9999.265000,17.054000,460.986025,460.984030,460.000000,763,-0.986025,PI,FIFO,true,PI_FIFO,461.550046
15.200018,-1,18,10000.913000,17.967000,458.435208,460.601707,460.000000,764,1.564792,PI,FIFO,true,PI_FIFO,459.992627
15.210018,-1,18,10000.098000,18.065000,457.199692,460.091404,460.000000,766,2.800308,PI,FIFO,true,PI_FIFO,458.596160
15.220017,-1,18,9998.728000,16.793000,453.555878,459.111075,460.000000,770,6.444122,PI,FIFO,true,PI_FIFO,456.076019
15.230017,-1,18,10000.191000,16.984000,457.199692,458.824368,460.000000,771,2.800308,PI,FIFO,true,PI_FIFO,456.637855
15.240017,-1,18,9999.543000,16.527000,457.763672,458.665263,460.000000,772,2.236328,PI,FIFO,true,PI_FIFO,457.200764
15.250017,-1,18,10000.524000,17.051000,463.143526,459.337003,460.000000,769,-3.143526,PI,FIFO,true,PI_FIFO,460.172145
15.260028,-1,18,10010.783000,27.834000,462.799718,459.856410,460.000000,767,-2.799718,PI,FIFO,true,PI_FIFO,461.485931
15.270017,-1,18,9989.376000,17.210000,460.310966,459.924593,460.000000,767,-0.310966,PI,FIFO,true,PI_FIFO,460.898448
15.280017,-1,18,9999.765000,16.975000,462.364960,460.290648,460.000000,766,-2.364960,PI,FIFO,true,PI_FIFO,461.631704
15.290017,-1,18,9999.932000,16.907000,459.809264,460.218441,460.000000,766,0.190736,PI,FIFO,true,PI_FIFO,460.720484
15.300019,-1,18,10001.839000,18.746000,462.364960,460.540419,460.000000,765,-2.364960,PI,FIFO,true,PI_FIFO,461.542722
15.310017,-1,18,9998.209000,16.955000,462.902807,460.894777,460.000000,763,-2.902807,PI,FIFO,true,PI_FIFO,462.222764
15.320016,-1,18,9999.506000,16.461000,462.147887,461.082743,460.000000,762,-2.147887,PI,FIFO,true,PI_FIFO,462.185326
15.330017,-1,18,10000.968000,17.429000,459.809264,460.891722,460.000000,763,0.190736,PI,FIFO,true,PI_FIFO,460.997295
15.340022,-1,18,10004.802000,22.231000,455.940250,460.149001,460.000000,766,4.059750,PI,FIFO,true,PI_FIFO,458.468773
15.350026,-1,18,10003.636000,25.867000,453.873050,459.207608,460.000000,770,6.126950,PI,FIFO,true,PI_FIFO,456.170911
15.360018,-1,18,9991.968000,17.835000,456.648807,458.823788,460.000000,771,3.351193,PI,FIFO,true,PI_FIFO,456.409859
15.370017,-1,18,9999.413000,17.248000,458.376222,458.756653,460.000000,772,1.623778,PI,FIFO,true,PI_FIFO,457.393041
15.380017,-1,18,9999.858000,17.106000,462.278107,459.284871,460.000000,769,-2.278107,PI,FIFO,true,PI_FIFO,459.835574
15.390018,-1,18,10000.524000,17.630000,463.143526,459.863669,460.000000,767,-3.143526,PI,FIFO,true,PI_FIFO,461.489550
15.400016,-1,18,9998.395000,16.025000,460.634066,459.979229,460.000000,767,-0.634066,PI,FIFO,true,PI_FIFO,461.061808
15.410040,-1,18,10023.746000,39.771000,463.143526,460.453873,460.000000,765,-3.143526,PI,FIFO,true,PI_FIFO,462.102667
15.420021,-1,18,9980.765000,20.536000,459.988318,460.384040,460.000000,766,0.011682,PI,FIFO,true,PI_FIFO,461.045492
15.430023,-1,18,10002.691000,23.227000,463.384495,460.834108,460.000000,764,-3.384495,PI,FIFO,true,PI_FIFO,462.214994
15.440025,-1,18,10002.265000,25.492000,461.822660,460.982391,460.000000,763,-1.822660,PI,FIFO,true,PI_FIFO,462.018827
15.450024,-1,18,9998.320000,23.812000,461.224754,461.018746,460.000000,763,-1.224754,PI,FIFO,true,PI_FIFO,461.621790
15.460020,-1,18,9996.321000,20.133000,460.418616,460.928726,460.000000,763,-0.418616,PI,FIFO,true,PI_FIFO,461.020203
15.470027,-1,18,10007.079000,27.212000,457.317073,460.386978,460.000000,765,2.682927,PI,FIFO,true,PI_FIFO,459.168638
15.480035,-1,18,10008.210000,35.422000,454.400510,459.489008,460.000000,769,5.599490,PI,FIFO,true,PI_FIFO,456.784574
15.490035,-1,18,9999.820000,35.242000,455.097087,458.830220,460.000000,771,4.902913,PI,FIFO,true,PI_FIFO,455.940831
15.500029,-1,18,9993.913000,29.155000,456.574675,458.491888,460.000000,772,3.425325,PI,FIFO,true,PI_FIFO,456.257753
15.510037,-1,18,10007.913000,37.068000,462.147887,459.040288,460.000000,770,-2.147887,PI,FIFO,true,PI_FIFO,459.202820
15.520019,-1,18,9982.210000,19.278000,462.182148,459.511567,460.000000,768,-2.182148,PI,FIFO,true,PI_FIFO,460.692484
15.530034,-1,18,10015.135000,34.413000,460.271318,459.625530,460.000000,768,-0.271318,PI,FIFO,true,PI_FIFO,460.481901
15.540021,-1,18,9986.172000,20.585000,462.147887,460.003883,460.000000,767,-2.147887,PI,FIFO,true,PI_FIFO,461.314894
15.550036,-1,18,10015.025000,35.610000,459.558824,459.937124,460.000000,767,0.441176,PI,FIFO,true,PI_FIFO,460.436859
15.560020,-1,18,9984.172000,19.782000,463.017404,460.399166,460.000000,765,-3.017404,PI,FIFO,true,PI_FIFO,461.727131
15.570021,-1,18,10001.376000,21.158000,463.090011,460.802793,460.000000,764,-3.090011,PI,FIFO,true,PI_FIFO,462.408571
15.580014,-1,18,9992.542000,13.700000,460.914454,460.819542,460.000000,764,-0.914454,PI,FIFO,true,PI_FIFO,461.661513
15.590018,-1,18,10004.339000,18.039000,460.642689,460.793014,460.000000,764,-0.642689,PI,FIFO,true,PI_FIFO,461.152101
15.600016,-1,18,9997.969000,16.008000,456.248783,460.111380,460.000000,767,3.751217,PI,FIFO,true,PI_FIFO,458.700442
15.610023,-1,18,10007.098000,23.106000,455.097087,459.359236,460.000000,770,4.902913,PI,FIFO,true,PI_FIFO,456.898765
15.620011,-1,18,9987.728000,10.834000,455.795803,458.824721,460.000000,772,4.204197,PI,FIFO,true,PI_FIFO,456.347284
15.630015,-1,18,10003.746000,14.580000,457.848837,458.678338,460.000000,772,2.151163,PI,FIFO,true,PI_FIFO,457.098061
15.640014,-1,18,9999.710000,14.290000,462.422118,459.239905,460.000000,770,-2.422118,PI,FIFO,true,PI_FIFO,459.760090
15.650009,-1,18,9994.450000,8.740000,462.278107,459.695636,460.000000,768,-2.278107,PI,FIFO,true,PI_FIFO,461.019098
15.660011,-1,18,10002.394000,11.134000,460.813763,459.863355,460.000000,768,-0.813763,PI,FIFO,true,PI_FIFO,460.916430
15.670008,-1,18,9996.673000,7.807000,461.141171,460.055027,460.000000,767,-1.141171,PI,FIFO,true,PI_FIFO,461.028801
15.680006,-1,18,9998.191000,5.998000,460.699876,460.151754,460.000000,767,-0.699876,PI,FIFO,true,PI_FIFO,460.864338
15.690011,-1,18,10005.376000,11.374000,461.868164,460.409216,460.000000,766,-1.868164,PI,FIFO,true,PI_FIFO,461.366251
15.700006,-1,18,9995.005000,6.379000,463.191700,460.826588,460.000000,764,-3.191700,PI,FIFO,true,PI_FIFO,462.278975
15.710009,-1,18,10002.969000,9.348000,460.914454,460.839768,460.000000,764,-0.914454,PI,FIFO,true,PI_FIFO,461.596715
15.720014,-1,18,10004.765000,14.113000,462.278107,461.055519,460.000000,763,-2.278107,PI,FIFO,true,PI_FIFO,461.937411
15.730011,-1,18,9996.746000,10.859000,456.029186,460.301569,460.000000,766,3.970814,PI,FIFO,true,PI_FIFO,458.983298
15.740008,-1,18,9996.895000,7.754000,454.864658,459.486032,460.000000,770,5.135342,PI,FIFO,true,PI_FIFO,456.923978
15.750009,-1,18,10000.876000,8.630000,455.760817,458.927250,460.000000,772,4.239183,PI,FIFO,true,PI_FIFO,456.342397
15.760009,-1,18,10000.172000,8.802000,456.871345,458.618864,460.000000,773,3.128655,PI,FIFO,true,PI_FIFO,456.606871
15.770009,-1,18,10000.061000,8.863000,463.625716,459.369892,460.000000,769,-3.625716,PI,FIFO,true,PI_FIFO,460.116293
15.780008,-1,18,9998.895000,7.758000,462.050271,459.771949,460.000000,768,-2.050271,PI,FIFO,true,PI_FIFO,461.083282
15.790008,-1,18,10000.580000,8.338000,460.235641,459.841503,460.000000,768,-0.235641,PI,FIFO,true,PI_FIFO,460.659461
15.800006,-1,18,9998.098000,6.436000,461.224754,460.048990,460.000000,768,-1.224754,PI,FIFO,true,PI_FIFO,460.942108
15.810009,-1,18,10002.246000,8.682000,461.368110,460.246858,460.000000,767,-1.368110,PI,FIFO,true,PI_FIFO,461.155109
15.820010,-1,18,10000.950000,9.632000,462.278107,460.551546,460.000000,766,-2.278107,PI,FIFO,true,PI_FIFO,461.716608
15.830012,-1,18,10002.432000,12.064000,463.420662,460.981913,460.000000,764,-3.420662,PI,FIFO,true,PI_FIFO,462.568635
15.840008,-1,18,9996.154000,8.218000,461.224754,461.018339,460.000000,764,-1.224754,PI,FIFO,true,PI_FIFO,461.896695
15.850008,-1,18,9999.950000,8.168000,462.050271,461.173129,460.000000,763,-2.050271,PI,FIFO,true,PI_FIFO,461.973483
15.860010,-1,18,10001.931000,10.099000,457.094100,460.561275,460.000000,765,2.905900,PI,FIFO,true,PI_FIFO,459.533792
15.870009,-1,18,9999.025000,9.124000,454.400510,459.637160,460.000000,769,5.599490,PI,FIFO,true,PI_FIFO,456.967151
15.880020,-1,18,10010.802000,19.926000,456.204380,459.122243,460.000000,771,3.795620,PI,FIFO,true,PI_FIFO,456.585765
15.890010,-1,18,9990.005000,9.931000,455.760817,458.618029,460.000000,773,4.239183,PI,FIFO,true,PI_FIFO,456.173291
15.900008,-1,18,9997.969000,7.900000,462.662338,459.224675,460.000000,770,-2.662338,PI,FIFO,true,PI_FIFO,459.417814
15.910009,-1,18,10000.746000,8.646000,461.822660,459.614373,460.000000,768,-1.822660,PI,FIFO,true,PI_FIFO,460.620237
15.920008,-1,18,9998.950000,7.596000,460.687961,459.775411,460.000000,768,-0.687961,PI,FIFO,true,PI_FIFO,460.654099
15.930021,-1,18,10013.191000,20.787000,460.059978,459.818096,460.000000,768,-0.059978,PI,FIFO,true,PI_FIFO,460.357039
15.940016,-1,18,9995.580000,16.367000,460.235641,459.880728,460.000000,768,-0.235641,PI,FIFO,true,PI_FIFO,460.296340
15.950014,-1,18,9997.246000,13.613000,462.962963,460.343063,460.000000,766,-2.962963,PI,FIFO,true,PI_FIFO,461.629651
15.960008,-1,18,9993.913000,7.526000,463.143526,460.763133,460.000000,764,-3.143526,PI,FIFO,true,PI_FIFO,462.386589
15.970010,-1,18,10002.562000,10.088000,462.278107,460.990379,460.000000,764,-2.278107,PI,FIFO,true,PI_FIFO,462.332348
15.980009,-1,18,9999.227000,9.315000,460.914454,460.978990,460.000000,764,-0.914454,PI,FIFO,true,PI_FIFO,461.623401
15.990008,-1,18,9998.747000,8.062000,457.540264,460.463181,460.000000,766,2.459736,PI,FIFO,true,PI_FIFO,459.581832
16.000007,-1,18,9998.598000,6.660000,454.400510,459.553780,460.000000,770,5.599490,PI,FIFO,true,PI_FIFO,456.991171
16.010007,-1,18,10000.209000,6.869000,456.029186,459.025091,460.000000,772,3.970814,PI,FIFO,true,PI_FIFO,456.510179
16.020016,-1,18,10009.395000,16.264000,456.871345,458.702029,460.000000,773,3.128655,PI,FIFO,true,PI_FIFO,456.690762
16.030012,-1,18,9995.617000,11.881000,463.649852,459.444203,460.000000,769,-3.649852,PI,FIFO,true,PI_FIFO,460.170307
16.040007,-1,18,9995.598000,7.479000,461.224754,459.711285,460.000000,768,-1.224754,PI,FIFO,true,PI_FIFO,460.697530
16.050007,-1,18,9999.191000,6.670000,461.368110,459.959809,460.000000,768,-1.368110,PI,FIFO,true,PI_FIFO,461.032820
16.060017,-1,18,10010.746000,17.416000,461.368110,460.171054,460.000000,767,-1.368110,PI,FIFO,true,PI_FIFO,461.200465
16.070016,-1,18,9998.710000,16.126000,460.235641,460.180742,460.000000,767,-0.235641,PI,FIFO,true,PI_FIFO,460.718053
16.080011,-1,18,9995.209000,11.335000,462.734452,460.563799,460.000000,765,-2.734452,PI,FIFO,true,PI_FIFO,461.726253
16.090008,-1,18,9996.394000,7.729000,463.420662,460.992328,460.000000,764,-3.420662,PI,FIFO,true,PI_FIFO,462.573457
16.100007,-1,18,9998.839000,6.568000,460.642689,460.939882,460.000000,764,-0.642689,PI,FIFO,true,PI_FIFO,461.608073
16.110008,-1,18,10001.784000,8.352000,461.942427,461.090264,460.000000,763,-1.942427,PI,FIFO,true,PI_FIFO,461.775250
16.120007,-1,18,9998.709000,7.061000,457.138678,460.497526,460.000000,765,2.861322,PI,FIFO,true,PI_FIFO,459.456964
16.130007,-1,18,10000.024000,7.085000,455.097087,459.687460,460.000000,769,4.902913,PI,FIFO,true,PI_FIFO,457.277026
16.140007,-1,18,9999.728000,6.813000,455.318116,459.032059,460.000000,771,4.681884,PI,FIFO,true,PI_FIFO,456.297571
16.150015,-1,18,10008.506000,15.319000,456.029186,458.581628,460.000000,773,3.970814,PI,FIFO,true,PI_FIFO,456.163378
16.160015,-1,18,9999.469000,14.788000,462.835985,459.219781,460.000000,770,-2.835985,PI,FIFO,true,PI_FIFO,459.499681
16.170011,-1,18,9996.579000,11.367000,462.050271,459.644355,460.000000,768,-2.050271,PI,FIFO,true,PI_FIFO,460.774976
16.180007,-1,18,9995.636000,7.003000,461.368110,459.902918,460.000000,768,-1.368110,PI,FIFO,true,PI_FIFO,461.071543
16.190011,-1,18,10003.802000,10.805000,461.368110,460.122697,460.000000,767,-1.368110,PI,FIFO,true,PI_FIFO,461.219827
16.200006,-1,18,9995.635000,6.440000,460.033574,460.109328,460.000000,767,-0.033574,PI,FIFO,true,PI_FIFO,460.626701
16.210008,-1,18,10001.524000,7.964000,463.879268,460.674819,460.000000,765,-3.879268,PI,FIFO,true,PI_FIFO,462.252984
16.220007,-1,18,9998.672000,6.636000,461.595273,460.812887,460.000000,764,-1.595273,PI,FIFO,true,PI_FIFO,461.924129
16.230007,-1,18,10000.636000,7.272000,462.688777,461.094271,460.000000,763,-2.688777,PI,FIFO,true,PI_FIFO,462.306453
16.240009,-1,18,10002.116000,9.388000,460.556935,461.013670,460.000000,763,-0.556935,PI,FIFO,true,PI_FIFO,461.431694
16.250008,-1,18,9998.617000,8.005000,457.763672,460.526171,460.000000,765,2.236328,PI,FIFO,true,PI_FIFO,459.597683
16.260006,-1,18,9997.858000,5.863000,454.632466,459.642115,460.000000,769,5.367534,PI,FIFO,true,PI_FIFO,457.115074
16.270007,-1,18,10000.913000,6.776000,455.318116,458.993515,460.000000,771,4.681884,PI,FIFO,true,PI_FIFO,456.216595
16.280007,-1,18,9999.913000,6.689000,456.262807,458.583909,460.000000,773,3.737193,PI,FIFO,true,PI_FIFO,456.239701
16.290007,-1,18,9999.839000,6.528000,462.506167,459.172248,460.000000,770,-2.506167,PI,FIFO,true,PI_FIFO,459.372934
16.300007,-1,18,10000.005000,6.533000,462.278107,459.638126,460.000000,768,-2.278107,PI,FIFO,true,PI_FIFO,460.825520
16.310023,-1,18,10016.025000,22.558000,461.702955,459.947851,460.000000,767,-1.702955,PI,FIFO,true,PI_FIFO,461.264238
16.320022,-1,18,9999.265000,21.823000,461.368110,460.160890,460.000000,767,-1.368110,PI,FIFO,true,PI_FIFO,461.316174
16.330010,-1,18,9988.246000,10.069000,460.009814,460.138228,460.000000,767,-0.009814,PI,FIFO,true,PI_FIFO,460.662994
16.340008,-1,18,9997.746000,7.815000,463.879268,460.699384,460.000000,764,-3.879268,PI,FIFO,true,PI_FIFO,462.271131
16.350009,-1,18,10001.358000,9.173000,461.822660,460.867876,460.000000,764,-1.822660,PI,FIFO,true,PI_FIFO,462.046895
16.360012,-1,18,10002.950000,12.123000,462.662338,461.137045,460.000000,763,-2.662338,PI,FIFO,true,PI_FIFO,462.354617
16.370008,-1,18,9996.024000,8.147000,460.461690,461.035742,460.000000,763,-0.461690,PI,FIFO,true,PI_FIFO,461.408153
16.380008,-1,18,9999.395000,7.542000,457.987298,460.578475,460.000000,765,2.012702,PI,FIFO,true,PI_FIFO,459.697726
16.390008,-1,18,10000.098000,7.640000,455.562660,459.826103,460.000000,768,4.437340,PI,FIFO,true,PI_FIFO,457.630193
16.400008,-1,18,9999.894000,7.534000,455.318116,459.149905,460.000000,770,4.681884,PI,FIFO,true,PI_FIFO,456.474154
16.410015,-1,18,10007.339000,14.873000,455.516060,458.604828,460.000000,773,4.483940,PI,FIFO,true,PI_FIFO,455.995107
16.420009,-1,18,9994.117000,8.990000,461.868164,459.094328,460.000000,770,-1.868164,PI,FIFO,true,PI_FIFO,458.931636
16.430008,-1,18,9998.543000,7.533000,462.506167,459.606104,460.000000,768,-2.506167,PI,FIFO,true,PI_FIFO,460.718901
16.440007,-1,18,9999.654000,7.187000,460.461690,459.734442,460.000000,768,-0.461690,PI,FIFO,true,PI_FIFO,460.590295
16.450007,-1,18,10000.302000,7.489000,461.702955,460.029719,460.000000,767,-1.702955,PI,FIFO,true,PI_FIFO,461.146625
16.460007,-1,18,9999.598000,7.087000,459.558824,459.959085,460.000000,767,0.441176,PI,FIFO,true,PI_FIFO,460.352724
16.470007,-1,18,10000.172000,7.259000,463.879268,460.547112,460.000000,765,-3.879268,PI,FIFO,true,PI_FIFO,462.115996
16.480007,-1,18,10000.210000,7.469000,462.506167,460.840970,460.000000,764,-2.506167,PI,FIFO,true,PI_FIFO,462.311081
16.490007,-1,18,9999.820000,7.289000,462.734452,461.124993,460.000000,762,-2.734452,PI,FIFO,true,PI_FIFO,462.522767
16.500010,-1,18,10002.617000,9.906000,461.154514,461.129421,460.000000,762,-1.154514,PI,FIFO,true,PI_FIFO,461.838640
16.510008,-1,18,9998.098000,8.004000,457.317073,460.557569,460.000000,765,2.682927,PI,FIFO,true,PI_FIFO,459.577857
16.520007,-1,18,9999.228000,7.232000,456.496668,459.948434,460.000000,767,3.503332,PI,FIFO,true,PI_FIFO,458.037263
16.530007,-1,18,9999.894000,7.126000,453.995157,459.055442,460.000000,771,6.004843,PI,FIFO,true,PI_FIFO,456.016210
16.540007,-1,18,10000.247000,7.373000,456.449877,458.664607,460.000000,772,3.550123,PI,FIFO,true,PI_FIFO,456.233043
16.550007,-1,18,9999.931000,7.304000,460.506926,458.940955,460.000000,771,-0.506926,PI,FIFO,true,PI_FIFO,458.369985
16.560012,-1,18,10004.914000,12.218000,461.224754,459.283525,460.000000,769,-1.224754,PI,FIFO,true,PI_FIFO,459.797369
16.570020,-1,18,10007.320000,19.538000,462.147887,459.713179,460.000000,768,-2.147887,PI,FIFO,true,PI_FIFO,460.972628
16.580008,-1,18,9988.802000,8.340000,461.463731,459.975762,460.000000,767,-1.463731,PI,FIFO,true,PI_FIFO,461.218179
16.590007,-1,18,9999.154000,7.494000,460.461690,460.048651,460.000000,767,-0.461690,PI,FIFO,true,PI_FIFO,460.839935
16.600006,-1,18,9998.579000,6.073000,463.420662,460.554453,460.000000,765,-3.420662,PI,FIFO,true,PI_FIFO,462.130298
16.610009,-1,18,10002.765000,8.838000,461.822660,460.744684,460.000000,764,-1.822660,PI,FIFO,true,PI_FIFO,461.976479
16.620008,-1,18,9999.413000,8.251000,462.902807,461.068402,460.000000,763,-2.902807,PI,FIFO,true,PI_FIFO,462.439643
16.630008,-1,18,9999.469000,7.720000,461.595273,461.147433,460.000000,762,-1.595273,PI,FIFO,true,PI_FIFO,462.017458
16.640008,-1,18,9999.932000,7.652000,456.648807,460.472639,460.000000,765,3.351193,PI,FIFO,true,PI_FIFO,459.333132
16.650011,-1,18,10003.172000,10.824000,456.262807,459.841164,460.000000,768,3.737193,PI,FIFO,true,PI_FIFO,457.797970
16.660009,-1,18,9997.839000,8.663000,453.475051,458.886247,460.000000,772,6.524949,PI,FIFO,true,PI_FIFO,455.636510
16.670014,-1,18,10005.524000,14.187000,457.317073,458.650871,460.000000,772,2.682927,PI,FIFO,true,PI_FIFO,456.476792
16.680008,-1,18,9993.635000,7.822000,460.687961,458.956435,460.000000,771,-0.687961,PI,FIFO,true,PI_FIFO,458.582376
16.690008,-1,18,9999.895000,7.717000,462.278107,459.454685,460.000000,769,-2.278107,PI,FIFO,true,PI_FIFO,460.430241
16.700006,-1,18,9998.209000,5.926000,462.050271,459.844023,460.000000,767,-2.050271,PI,FIFO,true,PI_FIFO,461.240256
16.710007,-1,18,10001.358000,7.284000,461.463731,460.086979,460.000000,767,-1.463731,PI,FIFO,true,PI_FIFO,461.351993
16.720007,-1,18,9999.894000,7.178000,459.558824,460.007756,460.000000,767,0.441176,PI,FIFO,true,PI_FIFO,460.455408
16.730006,-1,18,9999.062000,6.240000,463.420662,460.519692,460.000000,765,-3.420662,PI,FIFO,true,PI_FIFO,461.938035
16.740008,-1,18,10001.505000,7.745000,462.004731,460.742448,460.000000,764,-2.004731,PI,FIFO,true,PI_FIFO,461.971383
16.750012,-1,18,10004.561000,12.306000,462.902807,461.066502,460.000000,763,-2.902807,PI,FIFO,true,PI_FIFO,462.437095
16.760012,-1,18,9999.506000,11.812000,461.186541,461.084507,460.000000,763,-1.186541,PI,FIFO,true,PI_FIFO,461.811818
16.770008,-1,18,9996.006000,7.818000,456.496668,460.396332,460.000000,766,3.503332,PI,FIFO,true,PI_FIFO,459.154243
16.780007,-1,18,9999.672000,7.490000,456.604325,459.827531,460.000000,768,3.395675,PI,FIFO,true,PI_FIFO,457.879284
16.790009,-1,18,10001.061000,8.551000,453.521234,458.881586,460.000000,772,6.478766,PI,FIFO,true,PI_FIFO,455.700259
16.800007,-1,18,9998.691000,7.242000,456.871345,458.580050,460.000000,773,3.128655,PI,FIFO,true,PI_FIFO,456.285802
16.810008,-1,18,10000.413000,7.655000,460.509307,458.869439,460.000000,771,-0.509307,PI,FIFO,true,PI_FIFO,458.397555
16.820007,-1,18,9999.691000,7.346000,462.232521,459.373901,460.000000,769,-2.232521,PI,FIFO,true,PI_FIFO,460.315038
16.830008,-1,18,10000.376000,7.722000,462.323701,459.816371,460.000000,768,-2.323701,PI,FIFO,true,PI_FIFO,461.319369
16.840010,-1,18,10002.191000,9.913000,461.595273,460.083206,460.000000,767,-1.595273,PI,FIFO,true,PI_FIFO,461.457321
16.850015,-1,18,10005.172000,15.085000,460.271318,460.111423,460.000000,767,-0.271318,PI,FIFO,true,PI_FIFO,460.864320
16.860008,-1,18,9993.413000,8.498000,462.506167,460.470635,460.000000,766,-2.506167,PI,FIFO,true,PI_FIFO,461.685243
16.870012,-1,18,10003.673000,12.171000,462.582237,460.787375,460.000000,764,-2.582237,PI,FIFO,true,PI_FIFO,462.133740
16.880008,-1,18,9996.209000,8.380000,463.191700,461.148024,460.000000,763,-3.191700,PI,FIFO,true,PI_FIFO,462.662720
16.890015,-1,18,10006.969000,15.349000,461.595273,461.215111,460.000000,762,-1.595273,PI,FIFO,true,PI_FIFO,462.128997
16.900008,-1,18,9992.487000,7.836000,455.760817,460.396967,460.000000,766,4.239183,PI,FIFO,true,PI_FIFO,458.944907
16.910018,-1,18,10010.005000,17.841000,456.918223,459.875155,460.000000,768,3.081777,PI,FIFO,true,PI_FIFO,457.931565
16.920008,-1,18,9990.487000,8.328000,453.983587,458.991420,460.000000,772,6.016413,PI,FIFO,true,PI_FIFO,455.957576
16.930008,-1,18,9999.932000,8.260000,456.426485,458.606680,460.000000,773,3.573515,PI,FIFO,true,PI_FIFO,456.192030
16.940006,-1,18,9998.024000,6.284000,461.095810,458.980049,460.000000,771,-1.095810,PI,FIFO,true,PI_FIFO,458.643920
16.950011,-1,18,10005.191000,11.475000,460.509307,459.209438,460.000000,770,-0.509307,PI,FIFO,true,PI_FIFO,459.576614
16.960018,-1,18,10006.506000,17.981000,463.466482,459.847995,460.000000,768,-3.466482,PI,FIFO,true,PI_FIFO,461.521548
16.970014,-1,18,9995.691000,13.672000,461.497890,460.095479,460.000000,767,-1.497890,PI,FIFO,true,PI_FIFO,461.509719
16.980008,-1,18,9994.302000,7.974000,461.224754,460.264870,460.000000,767,-1.224754,PI,FIFO,true,PI_FIFO,461.367237
16.990008,-1,18,9999.820000,7.794000,462.962963,460.669584,460.000000,765,-2.962963,PI,FIFO,true,PI_FIFO,462.165100
17.000007,-1,18,9999.635000,7.429000,462.050271,460.876687,460.000000,764,-2.050271,PI,FIFO,true,PI_FIFO,462.107685
17.010007,-1,18,10000.043000,7.472000,462.962963,461.189629,460.000000,763,-2.962963,PI,FIFO,true,PI_FIFO,462.535324
17.020015,-1,18,10007.265000,14.737000,461.463731,461.230744,460.000000,762,-1.463731,PI,FIFO,true,PI_FIFO,461.999527
17.030007,-1,18,9992.487000,7.224000,456.426485,460.510105,460.000000,765,3.573515,PI,FIFO,true,PI_FIFO,459.213006
17.040007,-1,18,9999.302000,6.526000,457.094100,459.997704,460.000000,767,2.905900,PI,FIFO,true,PI_FIFO,458.153553
17.050007,-1,18,10000.524000,7.050000,453.013733,458.950109,460.000000,772,6.986267,PI,FIFO,true,PI_FIFO,455.583643
17.060006,-1,18,9999.339000,6.389000,456.029186,458.511970,460.000000,773,3.970814,PI,FIFO,true,PI_FIFO,455.806415
17.070007,-1,18,10000.376000,6.765000,460.235641,458.770521,460.000000,772,-0.235641,PI,FIFO,true,PI_FIFO,458.021028
17.080013,-1,18,10006.358000,13.123000,461.570022,459.190446,460.000000,770,-1.570022,PI,FIFO,true,PI_FIFO,459.795525
17.090007,-1,18,9994.172000,7.295000,463.879268,459.893769,460.000000,767,-3.879268,PI,FIFO,true,PI_FIFO,461.837396
17.100008,-1,18,10000.895000,8.190000,460.747543,460.021835,460.000000,767,-0.747543,PI,FIFO,true,PI_FIFO,461.292469
17.110008,-1,18,10000.079000,8.269000,461.141171,460.189736,460.000000,767,-1.141171,PI,FIFO,true,PI_FIFO,461.216820
17.120008,-1,18,9999.339000,7.608000,461.595273,460.400566,460.000000,766,-1.595273,PI,FIFO,true,PI_FIFO,461.406047
17.130007,-1,18,9999.728000,7.336000,462.962963,460.784926,460.000000,764,-2.962963,PI,FIFO,true,PI_FIFO,462.184505
17.140007,-1,18,9999.895000,7.231000,463.867188,461.247265,460.000000,762,-3.867188,PI,FIFO,true,PI_FIFO,463.025846
17.150020,-1,18,10013.246000,20.477000,460.914454,461.197343,460.000000,763,-0.914454,PI,FIFO,true,PI_FIFO,461.970150
17.160013,-1,18,9992.710000,13.187000,456.871345,460.548444,460.000000,765,3.128655,PI,FIFO,true,PI_FIFO,459.420748
17.170007,-1,18,9994.246000,7.433000,456.871345,459.996879,460.000000,767,3.128655,PI,FIFO,true,PI_FIFO,458.146046
17.180007,-1,18,9999.931000,7.364000,453.706062,459.053256,460.000000,771,6.293938,PI,FIFO,true,PI_FIFO,455.926054
17.190010,-1,18,10002.876000,10.240000,456.426485,458.659241,460.000000,773,3.573515,PI,FIFO,true,PI_FIFO,456.176270
17.200008,-1,18,9997.562000,7.802000,460.747543,458.972486,460.000000,771,-0.747543,PI,FIFO,true,PI_FIFO,458.461906
17.210007,-1,18,9998.950000,6.752000,460.461690,459.195866,460.000000,770,-0.461690,PI,FIFO,true,PI_FIFO,459.461798
17.220007,-1,18,10000.042000,6.794000,464.568880,460.001819,460.000000,767,-4.568880,PI,FIFO,true,PI_FIFO,462.015339
17.230007,-1,18,9999.914000,6.708000,460.009814,460.003018,460.000000,767,-0.009814,PI,FIFO,true,PI_FIFO,461.012576
17.240007,-1,18,9999.838000,6.546000,461.415915,460.214952,460.000000,767,-1.415915,PI,FIFO,true,PI_FIFO,461.214246
17.250007,-1,18,10000.062000,6.608000,462.323701,460.531265,460.000000,765,-2.323701,PI,FIFO,true,PI_FIFO,461.768973
17.260007,-1,18,10000.116000,6.724000,461.822660,460.724974,460.000000,765,-1.822660,PI,FIFO,true,PI_FIFO,461.795817
17.270007,-1,18,9999.784000,6.508000,464.108911,461.232565,460.000000,762,-4.108911,PI,FIFO,true,PI_FIFO,462.952364
17.280007,-1,18,10000.357000,6.865000,460.461690,461.116933,460.000000,763,-0.461690,PI,FIFO,true,PI_FIFO,461.707027
17.290007,-1,18,9999.654000,6.519000,457.987298,460.647488,460.000000,765,2.012702,PI,FIFO,true,PI_FIFO,459.847163
17.300006,-1,18,9999.932000,6.451000,456.029186,459.954743,460.000000,768,3.970814,PI,FIFO,true,PI_FIFO,457.938174
17.310007,-1,18,10000.394000,6.845000,453.475051,458.982789,460.000000,772,6.524949,PI,FIFO,true,PI_FIFO,455.706613
17.320006,-1,18,9999.599000,6.444000,456.204380,458.566028,460.000000,773,3.795620,PI,FIFO,true,PI_FIFO,455.955496
17.330007,-1,18,10000.135000,6.579000,460.687961,458.884318,460.000000,771,-0.687961,PI,FIFO,true,PI_FIFO,458.321728
17.340016,-1,18,10009.339000,15.918000,461.224754,459.235383,460.000000,770,-1.224754,PI,FIFO,true,PI_FIFO,459.773241
17.350008,-1,18,9992.487000,8.405000,463.649852,459.897553,460.000000,767,-3.649852,PI,FIFO,true,PI_FIFO,461.711546
17.360009,-1,18,10000.358000,8.763000,460.461690,459.982174,460.000000,767,-0.461690,PI,FIFO,true,PI_FIFO,461.086618
17.370008,-1,18,9998.894000,7.657000,460.687961,460.088042,460.000000,767,-0.687961,PI,FIFO,true,PI_FIFO,460.887289
17.380013,-1,18,10005.691000,13.348000,461.942427,460.366200,460.000000,766,-1.942427,PI,FIFO,true,PI_FIFO,461.414858
17.390008,-1,18,9994.339000,7.687000,461.368110,460.516486,460.000000,766,-1.368110,PI,FIFO,true,PI_FIFO,461.391484
17.400007,-1,18,9999.635000,7.322000,463.879268,461.020903,460.000000,763,-3.879268,PI,FIFO,true,PI_FIFO,462.635376
17.410017,-1,18,10009.247000,16.569000,460.059978,460.876765,460.000000,764,-0.059978,PI,FIFO,true,PI_FIFO,461.347677
17.420009,-1,18,9991.968000,8.537000,458.435208,460.510531,460.000000,766,1.564792,PI,FIFO,true,PI_FIFO,459.891442
17.430008,-1,18,9999.395000,7.932000,456.730769,459.943567,460.000000,768,3.269231,PI,FIFO,true,PI_FIFO,458.311106
17.440007,-1,18,9999.339000,7.271000,454.215116,459.084299,460.000000,771,5.784884,PI,FIFO,true,PI_FIFO,456.263111
17.450007,-1,18,10000.191000,7.462000,457.669579,458.872091,460.000000,772,2.330421,PI,FIFO,true,PI_FIFO,456.966345
17.460007,-1,18,9999.950000,7.412000,459.558824,458.975101,460.000000,771,0.441176,PI,FIFO,true,PI_FIFO,458.262584
17.470007,-1,18,9999.913000,7.325000,461.368110,459.334052,460.000000,770,-1.368110,PI,FIFO,true,PI_FIFO,459.815347
17.480007,-1,18,9999.820000,7.145000,463.577452,459.970562,460.000000,767,-3.577452,PI,FIFO,true,PI_FIFO,461.696399
17.490007,-1,18,9999.932000,7.077000,460.506926,460.051017,460.000000,767,-0.506926,PI,FIFO,true,PI_FIFO,461.101663
17.500017,-1,18,10010.154000,17.231000,461.595273,460.282655,460.000000,767,-1.595273,PI,FIFO,true,PI_FIFO,461.348468
17.510009,-1,18,9991.413000,8.644000,462.422118,460.603575,460.000000,765,-2.422118,PI,FIFO,true,PI_FIFO,461.885293
17.520007,-1,18,9998.765000,7.409000,460.235641,460.548385,460.000000,766,-0.235641,PI,FIFO,true,PI_FIFO,461.060467
17.530007,-1,18,10000.024000,7.433000,464.799207,461.186008,460.000000,763,-4.799207,PI,FIFO,true,PI_FIFO,462.929837
17.540006,-1,18,9998.413000,5.846000,460.461690,461.077360,460.000000,763,-0.461690,PI,FIFO,true,PI_FIFO,461.695763
17.550009,-1,18,10002.857000,8.703000,458.801257,460.735945,460.000000,764,1.198743,PI,FIFO,true,PI_FIFO,460.248510
17.560007,-1,18,9998.524000,7.227000,456.248783,460.062871,460.000000,767,3.751217,PI,FIFO,true,PI_FIFO,458.248647
17.570007,-1,18,9999.876000,7.103000,452.783427,458.970954,460.000000,772,7.216573,PI,FIFO,true,PI_FIFO,455.516037
17.580006,-1,18,9998.654000,5.757000,458.140432,458.846376,460.000000,772,1.859568,PI,FIFO,true,PI_FIFO,456.828234
17.590007,-1,18,10001.506000,7.263000,458.883994,458.852018,460.000000,772,1.116006,PI,FIFO,true,PI_FIFO,457.856114
17.600011,-1,18,10004.135000,11.398000,462.278107,459.365932,460.000000,769,-2.278107,PI,FIFO,true,PI_FIFO,460.067110
17.610009,-1,18,9997.432000,8.830000,462.734452,459.871210,460.000000,767,-2.734452,PI,FIFO,true,PI_FIFO,461.400781
17.620012,-1,18,10003.524000,12.354000,461.463731,460.110088,460.000000,767,-1.463731,PI,FIFO,true,PI_FIFO,461.432256
17.630006,-1,18,9994.043000,6.397000,460.235641,460.128921,460.000000,767,-0.235641,PI,FIFO,true,PI_FIFO,460.833948
17.640011,-1,18,10004.617000,11.014000,462.506167,460.485508,460.000000,766,-2.506167,PI,FIFO,true,PI_FIFO,461.670058
17.650007,-1,18,9996.320000,7.334000,460.509307,460.489078,460.000000,766,-0.509307,PI,FIFO,true,PI_FIFO,461.089682
17.660006,-1,18,9998.857000,6.191000,464.568880,461.101048,460.000000,763,-4.568880,PI,FIFO,true,PI_FIFO,462.829281
17.670020,-1,18,10013.432000,19.623000,460.235641,460.971237,460.000000,763,-0.235641,PI,FIFO,true,PI_FIFO,461.532461
17.680021,-1,18,10001.858000,21.481000,458.883994,460.658150,460.000000,765,1.116006,PI,FIFO,true,PI_FIFO,460.208228
17.690009,-1,18,9987.450000,8.931000,456.496668,460.033928,460.000000,767,3.503332,PI,FIFO,true,PI_FIFO,458.352448
17.700008,-1,18,9999.394000,8.325000,453.336557,459.029322,460.000000,771,6.663443,PI,FIFO,true,PI_FIFO,455.844503
17.710008,-1,18,9999.302000,7.627000,457.904884,458.860657,460.000000,772,2.095116,PI,FIFO,true,PI_FIFO,456.874693
17.720007,-1,18,9999.821000,7.448000,459.108717,458.897866,460.000000,771,0.891283,PI,FIFO,true,PI_FIFO,457.991705
17.730007,-1,18,10000.024000,7.472000,461.595273,459.302477,460.000000,770,-1.595273,PI,FIFO,true,PI_FIFO,459.793489
17.740007,-1,18,9999.839000,7.311000,462.962963,459.851550,460.000000,768,-2.962963,PI,FIFO,true,PI_FIFO,461.378226
17.750007,-1,18,10000.005000,7.316000,460.986025,460.021721,460.000000,767,-0.986025,PI,FIFO,true,PI_FIFO,461.182125
17.760008,-1,18,10000.617000,7.933000,460.687961,460.121657,460.000000,767,-0.687961,PI,FIFO,true,PI_FIFO,460.935043
17.770007,-1,18,9999.432000,7.365000,461.822660,460.376807,460.000000,766,-1.822660,PI,FIFO,true,PI_FIFO,461.378852
17.780007,-1,18,9999.579000,6.944000,460.747543,460.432418,460.000000,766,-0.747543,PI,FIFO,true,PI_FIFO,461.063197
17.790007,-1,18,10000.228000,7.172000,464.338782,461.018372,460.000000,763,-4.338782,PI,FIFO,true,PI_FIFO,462.700989
17.800007,-1,18,10000.062000,7.234000,461.141171,461.036792,460.000000,763,-1.141171,PI,FIFO,true,PI_FIFO,461.921080
17.810007,-1,18,9999.802000,7.036000,458.612255,460.673112,460.000000,765,1.387745,PI,FIFO,true,PI_FIFO,460.266668
17.820007,-1,18,10000.005000,7.041000,456.648807,460.069466,460.000000,767,3.351193,PI,FIFO,true,PI_FIFO,458.457737
17.830007,-1,18,10000.191000,7.232000,454.435288,459.224339,460.000000,771,5.564712,PI,FIFO,true,PI_FIFO,456.446513
17.840008,-1,18,10000.320000,7.552000,457.669579,458.991125,460.000000,771,2.330421,PI,FIFO,true,PI_FIFO,457.058046
17.850011,-1,18,10003.451000,11.003000,459.108717,459.008764,460.000000,771,0.891283,PI,FIFO,true,PI_FIFO,458.083381
17.860008,-1,18,9996.802000,7.805000,462.422118,459.520767,460.000000,769,-2.422118,PI,FIFO,true,PI_FIFO,460.252750
17.870007,-1,18,9999.505000,7.310000,462.506167,459.968577,460.000000,767,-2.506167,PI,FIFO,true,PI_FIFO,461.379458
17.880009,-1,18,10002.173000,9.483000,461.141171,460.144466,460.000000,767,-1.141171,PI,FIFO,true,PI_FIFO,461.260314
17.890008,-1,18,9998.079000,7.562000,460.986025,460.270700,460.000000,766,-0.986025,PI,FIFO,true,PI_FIFO,461.123170
17.900007,-1,18,9999.765000,7.327000,462.278107,460.571811,460.000000,765,-2.278107,PI,FIFO,true,PI_FIFO,461.700638
17.910007,-1,18,9999.765000,7.092000,460.461690,460.555293,460.000000,765,-0.461690,PI,FIFO,true,PI_FIFO,461.081164
17.920007,-1,18,10000.098000,7.190000,464.799207,461.191880,460.000000,762,-4.799207,PI,FIFO,true,PI_FIFO,462.940185
17.930022,-1,18,10014.377000,21.567000,460.310966,461.059743,460.000000,763,-0.310966,PI,FIFO,true,PI_FIFO,461.625575
17.940009,-1,18,9987.042000,8.609000,458.848532,460.728061,460.000000,764,1.151468,PI,FIFO,true,PI_FIFO,460.237054
17.950009,-1,18,10000.876000,9.485000,457.540264,460.249891,460.000000,766,2.459736,PI,FIFO,true,PI_FIFO,458.888659
17.960019,-1,18,10009.061000,18.546000,452.553354,459.095411,460.000000,771,7.446646,PI,FIFO,true,PI_FIFO,455.721006
17.970011,-1,18,9992.302000,10.848000,457.763672,458.895650,460.000000,771,2.236328,PI,FIFO,true,PI_FIFO,456.742339
17.980007,-1,18,9995.876000,6.724000,457.199692,458.641256,460.000000,772,2.800308,PI,FIFO,true,PI_FIFO,456.971015
17.990008,-1,18,10001.024000,7.748000,462.278107,459.186784,460.000000,770,-2.278107,PI,FIFO,true,PI_FIFO,459.624561
18.000009,-1,18,10000.821000,8.569000,462.506167,459.684691,460.000000,768,-2.506167,PI,FIFO,true,PI_FIFO,461.065364
18.010007,-1,18,9998.857000,7.426000,460.914454,459.869156,460.000000,768,-0.914454,PI,FIFO,true,PI_FIFO,460.989909
18.020020,-1,18,10012.488000,19.914000,461.463731,460.108342,460.000000,767,-1.463731,PI,FIFO,true,PI_FIFO,461.226820
18.030010,-1,18,9990.376000,10.290000,460.461690,460.161344,460.000000,767,-0.461690,PI,FIFO,true,PI_FIFO,460.844255
18.040007,-1,18,9996.950000,7.240000,462.050271,460.444683,460.000000,766,-2.050271,PI,FIFO,true,PI_FIFO,461.447263
18.050007,-1,18,9999.339000,6.579000,463.879268,460.959871,460.000000,763,-3.879268,PI,FIFO,true,PI_FIFO,462.663265
18.060007,-1,18,10000.098000,6.677000,461.463731,461.035450,460.000000,763,-1.463731,PI,FIFO,true,PI_FIFO,462.063498
18.070006,-1,18,9999.820000,6.497000,458.883994,460.712731,460.000000,764,1.116006,PI,FIFO,true,PI_FIFO,460.473746
18.080009,-1,18,10002.747000,9.244000,456.871345,460.136523,460.000000,767,3.128655,PI,FIFO,true,PI_FIFO,458.672546
18.090007,-1,18,9998.191000,7.435000,452.553354,458.999048,460.000000,772,7.446646,PI,FIFO,true,PI_FIFO,455.612950
18.100007,-1,18,9999.413000,6.848000,458.614617,458.941383,460.000000,771,1.385383,PI,FIFO,true,PI_FIFO,457.113783
18.110009,-1,18,10002.598000,9.446000,457.716620,458.757669,460.000000,772,2.283380,PI,FIFO,true,PI_FIFO,457.415202
18.120007,-1,18,9997.450000,6.896000,463.191700,459.422774,460.000000,769,-3.191700,PI,FIFO,true,PI_FIFO,460.303451
18.130007,-1,18,10000.080000,6.976000,462.506167,459.885282,460.000000,767,-2.506167,PI,FIFO,true,PI_FIFO,461.404809
18.140007,-1,18,9999.839000,6.815000,460.033574,459.907526,460.000000,768,-0.033574,PI,FIFO,true,PI_FIFO,460.719192
18.150016,-1,18,10009.005000,15.820000,463.191700,460.400152,460.000000,766,-3.191700,PI,FIFO,true,PI_FIFO,461.955446
18.160020,-1,18,10004.154000,19.974000,460.235641,460.375476,460.000000,766,-0.235641,PI,FIFO,true,PI_FIFO,461.095543
18.170009,-1,18,9988.858000,8.832000,461.822660,460.592553,460.000000,765,-1.822660,PI,FIFO,true,PI_FIFO,461.459102
18.180008,-1,18,9999.116000,7.948000,463.191700,460.982425,460.000000,763,-3.191700,PI,FIFO,true,PI_FIFO,462.325401
18.190008,-1,18,9999.617000,7.565000,461.141171,461.006237,460.000000,763,-1.141171,PI,FIFO,true,PI_FIFO,461.733286
18.200008,-1,18,10000.247000,7.812000,458.612255,460.647140,460.000000,765,1.387745,PI,FIFO,true,PI_FIFO,460.172771
18.210007,-1,18,9999.598000,7.410000,457.317073,460.147630,460.000000,767,2.682927,PI,FIFO,true,PI_FIFO,458.744922
18.220007,-1,18,9999.802000,7.212000,453.475051,459.146743,460.000000,771,6.524949,PI,FIFO,true,PI_FIFO,456.109986
18.230007,-1,18,10000.135000,7.347000,458.211144,459.006403,460.000000,771,1.788856,PI,FIFO,true,PI_FIFO,457.160565
18.240007,-1,18,9999.672000,7.019000,458.376222,458.911876,460.000000,771,1.623778,PI,FIFO,true,PI_FIFO,457.768394
18.250007,-1,18,10000.099000,7.118000,462.734452,459.485262,460.000000,769,-2.734452,PI,FIFO,true,PI_FIFO,460.251423
18.260007,-1,18,9999.931000,7.049000,463.191700,460.041228,460.000000,767,-3.191700,PI,FIFO,true,PI_FIFO,461.721561
18.270007,-1,18,10000.173000,7.222000,459.558824,459.968867,460.000000,767,0.441176,PI,FIFO,true,PI_FIFO,460.640192
18.280008,-1,18,10000.357000,7.579000,462.506167,460.349462,460.000000,766,-2.506167,PI,FIFO,true,PI_FIFO,461.573180
18.290007,-1,18,9999.598000,7.177000,460.235641,460.332389,460.000000,766,-0.235641,PI,FIFO,true,PI_FIFO,460.904410
18.300010,-1,18,10003.210000,10.387000,462.278107,460.624247,460.000000,765,-2.278107,PI,FIFO,true,PI_FIFO,461.591258
18.310008,-1,18,9997.357000,7.744000,461.942427,460.821974,460.000000,764,-1.942427,PI,FIFO,true,PI_FIFO,461.766843
18.320007,-1,18,9999.524000,7.268000,462.506167,461.074603,460.000000,763,-2.506167,PI,FIFO,true,PI_FIFO,462.136505
18.330018,-1,18,10010.673000,17.941000,459.558824,460.847236,460.000000,764,0.441176,PI,FIFO,true,PI_FIFO,460.847664
18.340010,-1,18,9992.283000,10.224000,456.496668,460.194651,460.000000,766,3.503332,PI,FIFO,true,PI_FIFO,458.672166
18.350015,-1,18,10004.469000,14.693000,454.876274,459.396894,460.000000,770,5.123726,PI,FIFO,true,PI_FIFO,456.774220
18.360009,-1,18,9993.839000,8.532000,456.496668,458.961860,460.000000,771,3.503332,PI,FIFO,true,PI_FIFO,456.635444
18.370007,-1,18,9998.968000,7.500000,457.094100,458.681696,460.000000,772,2.905900,PI,FIFO,true,PI_FIFO,456.864772
18.380008,-1,18,10000.247000,7.747000,462.050271,459.186983,460.000000,770,-2.050271,PI,FIFO,true,PI_FIFO,459.457522
18.390008,-1,18,10000.042000,7.789000,462.182148,459.636257,460.000000,768,-2.182148,PI,FIFO,true,PI_FIFO,460.819835
18.400007,-1,18,9999.432000,7.221000,460.009814,459.692291,460.000000,768,-0.009814,PI,FIFO,true,PI_FIFO,460.414824
18.410016,-1,18,10008.395000,15.616000,462.050271,460.045988,460.000000,767,-2.050271,PI,FIFO,true,PI_FIFO,461.232548
18.420019,-1,18,10003.598000,19.214000,460.461690,460.108343,460.000000,767,-0.461690,PI,FIFO,true,PI_FIFO,460.847119
18.430022,-1,18,10002.395000,21.609000,462.962963,460.536536,460.000000,765,-2.962963,PI,FIFO,true,PI_FIFO,461.905041
18.440010,-1,18,9988.246000,9.855000,462.278107,460.797772,460.000000,764,-2.278107,PI,FIFO,true,PI_FIFO,462.091574
18.450008,-1,18,9998.172000,8.027000,462.050271,460.985647,460.000000,763,-2.050271,PI,FIFO,true,PI_FIFO,462.070922
18.460007,-1,18,9999.432000,7.459000,460.271318,460.878497,460.000000,764,-0.271318,PI,FIFO,true,PI_FIFO,461.171120
18.470007,-1,18,9999.802000,7.261000,457.317073,460.344284,460.000000,766,2.682927,PI,FIFO,true,PI_FIFO,459.244097
18.480008,-1,18,10000.339000,7.600000,454.864658,459.522340,460.000000,769,5.135342,PI,FIFO,true,PI_FIFO,457.054377
18.490007,-1,18,9999.616000,7.216000,456.204380,459.024646,460.000000,771,3.795620,PI,FIFO,true,PI_FIFO,456.629378
18.500010,-1,18,10002.839000,10.055000,457.987298,458.869044,460.000000,772,2.012702,PI,FIFO,true,PI_FIFO,457.308338
18.510013,-1,18,10002.488000,12.543000,461.702955,459.294130,460.000000,770,-1.702955,PI,FIFO,true,PI_FIFO,459.505647
18.520008,-1,18,9995.283000,7.826000,462.734452,459.810179,460.000000,768,-2.734452,PI,FIFO,true,PI_FIFO,461.120049
18.530008,-1,18,9999.691000,7.517000,459.784208,459.806283,460.000000,768,0.215792,PI,FIFO,true,PI_FIFO,460.452129
18.540007,-1,18,9999.728000,7.245000,461.702955,460.090784,460.000000,767,-1.702955,PI,FIFO,true,PI_FIFO,461.077542
18.550014,-1,18,10006.302000,13.547000,461.141171,460.248342,460.000000,766,-1.141171,PI,FIFO,true,PI_FIFO,461.109356
18.560012,-1,18,9998.839000,12.386000,462.506167,460.587016,460.000000,765,-2.506167,PI,FIFO,true,PI_FIFO,461.807761
18.570008,-1,18,9995.394000,7.780000,462.835985,460.924361,460.000000,764,-2.835985,PI,FIFO,true,PI_FIFO,462.321873
18.580007,-1,18,9999.487000,7.267000,461.368110,460.990923,460.000000,763,-1.368110,PI,FIFO,true,PI_FIFO,461.844992
18.590007,-1,18,10000.099000,7.366000,461.224754,461.025998,460.000000,763,-1.224754,PI,FIFO,true,PI_FIFO,461.534873
18.600007,-1,18,9999.931000,7.297000,456.426485,460.336071,460.000000,766,3.573515,PI,FIFO,true,PI_FIFO,458.980679
18.610008,-1,18,10001.043000,8.340000,455.562660,459.620059,460.000000,769,4.437340,PI,FIFO,true,PI_FIFO,457.271669
18.620008,-1,18,9999.357000,7.697000,455.318116,458.974768,460.000000,771,4.681884,PI,FIFO,true,PI_FIFO,456.294892
18.630007,-1,18,9999.728000,7.425000,457.669579,458.778989,460.000000,772,2.330421,PI,FIFO,true,PI_FIFO,456.982236
18.640007,-1,18,9999.950000,7.375000,462.278107,459.303857,460.000000,769,-2.278107,PI,FIFO,true,PI_FIFO,459.630171
18.650006,-1,18,9998.821000,6.196000,462.422118,459.771596,460.000000,767,-2.422118,PI,FIFO,true,PI_FIFO,461.026145
18.660007,-1,18,10001.265000,7.461000,460.687961,459.909051,460.000000,767,-0.687961,PI,FIFO,true,PI_FIFO,460.857053
18.670010,-1,18,10002.228000,9.689000,460.914454,460.059861,460.000000,767,-0.914454,PI,FIFO,true,PI_FIFO,460.885753
18.680020,-1,18,10010.339000,20.028000,460.461690,460.120136,460.000000,767,-0.461690,PI,FIFO,true,PI_FIFO,460.673722
18.690008,-1,18,9988.431000,8.459000,461.368110,460.307332,460.000000,766,-1.368110,PI,FIFO,true,PI_FIFO,461.020916
18.700008,-1,18,9999.302000,7.761000,463.420662,460.774331,460.000000,764,-3.420662,PI,FIFO,true,PI_FIFO,462.220789
18.710007,-1,18,9999.487000,7.248000,461.224754,460.841895,460.000000,764,-1.224754,PI,FIFO,true,PI_FIFO,461.722772
18.720007,-1,18,9999.950000,7.198000,461.141171,460.886786,460.000000,763,-1.141171,PI,FIFO,true,PI_FIFO,461.431971
18.730007,-1,18,10000.080000,7.278000,456.730769,460.263384,460.000000,766,3.269231,PI,FIFO,true,PI_FIFO,459.081370
18.740007,-1,18,10000.006000,7.284000,455.539359,459.554780,460.000000,769,4.460641,PI,FIFO,true,PI_FIFO,457.310364
18.750014,-1,18,10006.431000,13.715000,456.496668,459.096063,460.000000,771,3.503332,PI,FIFO,true,PI_FIFO,456.903516
18.760012,-1,18,9997.821000,11.536000,457.317073,458.829215,460.000000,772,2.682927,PI,FIFO,true,PI_FIFO,457.110295
18.770008,-1,18,9996.505000,8.041000,463.191700,459.483587,460.000000,769,-3.191700,PI,FIFO,true,PI_FIFO,460.150997
18.780007,-1,18,9999.302000,7.343000,462.182148,459.888372,460.000000,767,-2.182148,PI,FIFO,true,PI_FIFO,461.166573
18.790007,-1,18,10000.025000,7.368000,460.687961,460.008310,460.000000,767,-0.687961,PI,FIFO,true,PI_FIFO,460.927267
18.800007,-1,18,9999.950000,7.318000,460.914454,460.144232,460.000000,767,-0.914454,PI,FIFO,true,PI_FIFO,460.920861
18.810007,-1,18,10000.098000,7.416000,461.141171,460.293772,460.000000,766,-1.141171,PI,FIFO,true,PI_FIFO,461.031016
18.820007,-1,18,9999.746000,7.162000,461.942427,460.541071,460.000000,765,-1.942427,PI,FIFO,true,PI_FIFO,461.486721
18.830007,-1,18,10000.080000,7.242000,462.734452,460.870078,460.000000,763,-2.734452,PI,FIFO,true,PI_FIFO,462.110587
18.840010,-1,18,10002.580000,9.822000,461.368110,460.944783,460.000000,763,-1.368110,PI,FIFO,true,PI_FIFO,461.739349
18.850011,-1,18,10000.876000,10.698000,461.224754,460.986778,460.000000,763,-1.224754,PI,FIFO,true,PI_FIFO,461.482051
18.860008,-1,18,9996.913000,7.611000,456.648807,460.336083,460.000000,766,3.351193,PI,FIFO,true,PI_FIFO,459.065429
18.870007,-1,18,9999.876000,7.487000,455.539359,459.616574,460.000000,768,4.460641,PI,FIFO,true,PI_FIFO,457.302394
18.880010,-1,18,10002.154000,9.641000,455.795803,459.043458,460.000000,771,4.204197,PI,FIFO,true,PI_FIFO,456.549099
18.890008,-1,18,9998.079000,7.720000,456.648807,458.684261,460.000000,772,3.351193,PI,FIFO,true,PI_FIFO,456.598953
18.900012,-1,18,10004.284000,12.004000,463.143526,459.353150,460.000000,769,-3.143526,PI,FIFO,true,PI_FIFO,459.871239
18.910008,-1,18,9996.320000,8.324000,462.506167,459.826103,460.000000,767,-2.506167,PI,FIFO,true,PI_FIFO,461.188703
18.920008,-1,18,9999.302000,7.626000,460.687961,459.955382,460.000000,767,-0.687961,PI,FIFO,true,PI_FIFO,460.938332
18.930007,-1,18,9999.710000,7.336000,460.271318,460.002772,460.000000,767,-0.271318,PI,FIFO,true,PI_FIFO,460.604825
18.940007,-1,18,9999.968000,7.304000,460.235641,460.037702,460.000000,767,-0.235641,PI,FIFO,true,PI_FIFO,460.420233
18.950007,-1,18,9999.839000,7.143000,462.050271,460.339588,460.000000,766,-2.050271,PI,FIFO,true,PI_FIFO,461.235252
18.960012,-1,18,10004.636000,11.779000,463.879268,460.870540,460.000000,763,-3.879268,PI,FIFO,true,PI_FIFO,462.557260
18.970008,-1,18,9996.024000,7.803000,461.224754,460.923672,460.000000,763,-1.224754,PI,FIFO,true,PI_FIFO,461.891007
18.980007,-1,18,9999.653000,7.456000,461.368110,460.990338,460.000000,763,-1.368110,PI,FIFO,true,PI_FIFO,461.629559
18.990011,-1,18,10003.710000,11.166000,456.426485,460.305760,460.000000,766,3.573515,PI,FIFO,true,PI_FIFO,459.028022
19.000010,-1,18,9998.561000,9.727000,455.097087,459.524459,460.000000,769,4.902913,PI,FIFO,true,PI_FIFO,457.062555
19.010013,-1,18,10003.543000,13.270000,455.795803,458.965161,460.000000,771,4.204197,PI,FIFO,true,PI_FIFO,456.429179
19.020011,-1,18,9997.728000,10.998000,457.317073,458.717947,460.000000,772,2.682927,PI,FIFO,true,PI_FIFO,456.873126
19.030015,-1,18,10003.931000,14.929000,463.649852,459.457733,460.000000,768,-3.649852,PI,FIFO,true,PI_FIFO,460.261489
19.040008,-1,18,9992.821000,7.750000,461.368110,459.744290,460.000000,767,-1.368110,PI,FIFO,true,PI_FIFO,460.814800
19.050008,-1,18,9999.765000,7.515000,460.509307,459.859042,460.000000,767,-0.509307,PI,FIFO,true,PI_FIFO,460.662053
19.060007,-1,18,9999.857000,7.372000,461.595273,460.119477,460.000000,766,-1.595273,PI,FIFO,true,PI_FIFO,461.128663
19.070007,-1,18,9999.969000,7.341000,459.308655,459.997854,460.000000,767,0.691345,PI,FIFO,true,PI_FIFO,460.218659
19.080018,-1,18,10010.876000,18.217000,462.962963,460.442620,460.000000,765,-2.962963,PI,FIFO,true,PI_FIFO,461.590811
19.090025,-1,18,10006.654000,24.871000,462.278107,460.717943,460.000000,764,-2.278107,PI,FIFO,true,PI_FIFO,461.934459
19.100011,-1,18,9986.172000,11.043000,461.595273,460.849543,460.000000,763,-1.595273,PI,FIFO,true,PI_FIFO,461.764866
19.110009,-1,18,9998.246000,9.289000,461.224754,460.905824,460.000000,763,-1.224754,PI,FIFO,true,PI_FIFO,461.494810
19.120008,-1,18,9998.691000,7.980000,457.317073,460.367512,460.000000,765,2.682927,PI,FIFO,true,PI_FIFO,459.405942
19.130006,-1,18,9998.376000,6.356000,454.632466,459.507255,460.000000,769,5.367534,PI,FIFO,true,PI_FIFO,457.019204
19.140008,-1,18,10002.024000,8.380000,456.204380,459.011823,460.000000,771,3.795620,PI,FIFO,true,PI_FIFO,456.611792
19.150011,-1,18,10002.358000,10.738000,455.562660,458.494449,460.000000,773,4.437340,PI,FIFO,true,PI_FIFO,456.087226
19.160013,-1,18,10002.635000,13.373000,462.962963,459.164726,460.000000,770,-2.962963,PI,FIFO,true,PI_FIFO,459.525094
19.170012,-1,18,9998.247000,11.620000,461.822660,459.563416,460.000000,768,-1.822660,PI,FIFO,true,PI_FIFO,460.673877
19.180008,-1,18,9996.598000,8.218000,460.509307,459.705300,460.000000,768,-0.509307,PI,FIFO,true,PI_FIFO,460.591592
19.190008,-1,18,9999.320000,7.538000,461.141171,459.920680,460.000000,768,-1.141171,PI,FIFO,true,PI_FIFO,460.866381
19.200006,-1,18,9998.672000,6.210000,460.009814,459.934050,460.000000,768,-0.009814,PI,FIFO,true,PI_FIFO,460.438097
19.210008,-1,18,10001.321000,7.531000,464.108911,460.560279,460.000000,765,-4.108911,PI,FIFO,true,PI_FIFO,462.273504
19.220008,-1,18,10000.154000,7.685000,462.050271,460.783778,460.000000,764,-2.050271,PI,FIFO,true,PI_FIFO,462.161888
19.230007,-1,18,9999.635000,7.320000,462.734452,461.076379,460.000000,763,-2.734452,PI,FIFO,true,PI_FIFO,462.448170
19.240008,-1,18,10000.284000,7.604000,460.461690,460.984176,460.000000,763,-0.461690,PI,FIFO,true,PI_FIFO,461.454930
19.250008,-1,18,9999.968000,7.572000,457.434515,460.451727,460.000000,766,2.565485,PI,FIFO,true,PI_FIFO,459.444722
19.260007,-1,18,9999.821000,7.393000,455.760817,459.748090,460.000000,768,4.239183,PI,FIFO,true,PI_FIFO,457.602769
19.270007,-1,18,10000.005000,7.398000,455.329755,459.085340,460.000000,771,4.670245,PI,FIFO,true,PI_FIFO,456.466262
19.280007,-1,18,9999.710000,7.108000,455.982490,458.619912,460.000000,773,4.017510,PI,FIFO,true,PI_FIFO,456.224376
19.290006,-1,18,9999.227000,6.335000,462.902807,459.262347,460.000000,770,-2.902807,PI,FIFO,true,PI_FIFO,459.563591
19.300006,-1,18,9999.839000,6.174000,461.595273,459.612286,460.000000,768,-1.595273,PI,FIFO,true,PI_FIFO,460.579432
19.310007,-1,18,10001.228000,7.402000,461.595273,459.909734,460.000000,767,-1.595273,PI,FIFO,true,PI_FIFO,461.087353
19.320007,-1,18,9999.636000,7.038000,461.368110,460.128490,460.000000,767,-1.368110,PI,FIFO,true,PI_FIFO,461.227732
19.330007,-1,18,10000.265000,7.303000,459.558824,460.043040,460.000000,767,0.441176,PI,FIFO,true,PI_FIFO,460.393278
19.340017,-1,18,10009.876000,17.179000,463.453390,460.554593,460.000000,765,-3.453390,PI,FIFO,true,PI_FIFO,461.923334
19.350008,-1,18,9990.950000,8.129000,462.422118,460.834721,460.000000,764,-2.422118,PI,FIFO,true,PI_FIFO,462.172726
19.360012,-1,18,10004.024000,12.153000,462.050271,461.017054,460.000000,763,-2.050271,PI,FIFO,true,PI_FIFO,462.111499
19.370008,-1,18,9995.468000,7.621000,461.595273,461.103787,460.000000,763,-1.595273,PI,FIFO,true,PI_FIFO,461.853386
19.380007,-1,18,9999.506000,7.127000,456.965110,460.482985,460.000000,765,3.034890,PI,FIFO,true,PI_FIFO,459.409248
19.390007,-1,18,9999.561000,6.688000,455.539359,459.741441,460.000000,768,4.460641,PI,FIFO,true,PI_FIFO,457.474303
19.400017,-1,18,10010.395000,17.083000,455.097087,459.044788,460.000000,771,4.902913,PI,FIFO,true,PI_FIFO,456.285695
19.410010,-1,18,9992.654000,9.737000,456.871345,458.718772,460.000000,772,3.128655,PI,FIFO,true,PI_FIFO,456.578520
19.420007,-1,18,9996.931000,6.668000,461.141171,459.082132,460.000000,770,-1.141171,PI,FIFO,true,PI_FIFO,458.859845
19.430008,-1,18,10001.136000,7.804000,461.702955,459.475255,460.000000,769,-1.702955,PI,FIFO,true,PI_FIFO,460.281400
19.440007,-1,18,9999.394000,7.198000,461.822660,459.827366,460.000000,768,-1.822660,PI,FIFO,true,PI_FIFO,461.052030
19.450007,-1,18,10000.154000,7.352000,461.368110,460.058478,460.000000,767,-1.368110,PI,FIFO,true,PI_FIFO,461.210070
19.460007,-1,18,9999.820000,7.172000,459.085052,459.912464,460.000000,768,0.914948,PI,FIFO,true,PI_FIFO,460.147561
19.470014,-1,18,10006.691000,13.863000,464.338782,460.576411,460.000000,765,-4.338782,PI,FIFO,true,PI_FIFO,462.243171
19.480008,-1,18,9994.043000,7.906000,462.050271,460.797490,460.000000,764,-2.050271,PI,FIFO,true,PI_FIFO,462.146721
19.490008,-1,18,9999.635000,7.541000,463.191700,461.156622,460.000000,763,-3.191700,PI,FIFO,true,PI_FIFO,462.669210
19.500010,-1,18,10002.506000,10.047000,460.747543,461.095260,460.000000,763,-0.747543,PI,FIFO,true,PI_FIFO,461.708377
19.510008,-1,18,9997.765000,7.812000,457.763672,460.595522,460.000000,765,2.236328,PI,FIFO,true,PI_FIFO,459.736024
19.520007,-1,18,9999.635000,7.447000,456.730769,460.015809,460.000000,767,3.269231,PI,FIFO,true,PI_FIFO,458.233397
19.530008,-1,18,10000.135000,7.582000,454.655674,459.211789,460.000000,770,5.344326,PI,FIFO,true,PI_FIFO,456.444535
19.540006,-1,18,9998.321000,5.903000,455.795803,458.699391,460.000000,772,4.204197,PI,FIFO,true,PI_FIFO,456.120169
19.550007,-1,18,10001.228000,7.131000,461.141171,459.065658,460.000000,770,-1.141171,PI,FIFO,true,PI_FIFO,458.630670
19.560011,-1,18,10004.265000,11.396000,461.595273,459.445100,460.000000,769,-1.595273,PI,FIFO,true,PI_FIFO,460.112972
19.570008,-1,18,9996.357000,7.753000,461.463731,459.747895,460.000000,768,-1.463731,PI,FIFO,true,PI_FIFO,460.788351
19.580006,-1,18,9998.469000,6.222000,461.595273,460.025001,460.000000,767,-1.595273,PI,FIFO,true,PI_FIFO,461.191812
19.590007,-1,18,10001.079000,7.301000,459.333660,459.921300,460.000000,768,0.666340,PI,FIFO,true,PI_FIFO,460.262736
19.600006,-1,18,9998.469000,5.770000,463.384495,460.440780,460.000000,765,-3.384495,PI,FIFO,true,PI_FIFO,461.823616
19.610008,-1,18,10002.506000,8.276000,462.506167,460.750588,460.000000,764,-2.506167,PI,FIFO,true,PI_FIFO,462.164891
19.620006,-1,18,9998.005000,6.281000,462.278107,460.979715,460.000000,763,-2.278107,PI,FIFO,true,PI_FIFO,462.221499
19.630007,-1,18,10000.765000,7.046000,462.278107,461.174474,460.000000,762,-2.278107,PI,FIFO,true,PI_FIFO,462.249803
19.640006,-1,18,9998.765000,5.811000,456.029186,460.402681,460.000000,766,3.970814,PI,FIFO,true,PI_FIFO,459.139494
19.650007,-1,18,10000.969000,6.780000,456.871345,459.872980,460.000000,768,3.128655,PI,FIFO,true,PI_FIFO,458.005420
19.660006,-1,18,9999.024000,5.804000,453.244275,458.878675,460.000000,772,6.755725,PI,FIFO,true,PI_FIFO,455.624847
19.670006,-1,18,10000.209000,6.013000,457.434515,458.662051,460.000000,772,2.565485,PI,FIFO,true,PI_FIFO,456.529681
19.680007,-1,18,10000.636000,6.649000,461.368110,459.067960,460.000000,770,-1.368110,PI,FIFO,true,PI_FIFO,458.948896
19.690007,-1,18,10000.339000,6.988000,462.050271,459.515306,460.000000,769,-2.050271,PI,FIFO,true,PI_FIFO,460.499583
19.700006,-1,18,9998.709000,5.697000,462.278107,459.929726,460.000000,767,-2.278107,PI,FIFO,true,PI_FIFO,461.388845
19.710011,-1,18,10004.913000,10.610000,461.224754,460.123980,460.000000,767,-1.224754,PI,FIFO,true,PI_FIFO,461.306799
19.720007,-1,18,9996.228000,6.838000,460.009814,460.106855,460.000000,767,-0.009814,PI,FIFO,true,PI_FIFO,460.658307
19.730007,-1,18,9999.857000,6.695000,463.420662,460.603926,460.000000,765,-3.420662,PI,FIFO,true,PI_FIFO,462.039484
19.740007,-1,18,10000.284000,6.979000,462.182148,460.840660,460.000000,764,-2.182148,PI,FIFO,true,PI_FIFO,462.110816
19.750007,-1,18,9999.543000,6.522000,463.420662,461.227660,460.000000,762,-3.420662,PI,FIFO,true,PI_FIFO,462.765739
19.760013,-1,18,10006.098000,12.620000,460.687961,461.146705,460.000000,762,-0.687961,PI,FIFO,true,PI_FIFO,461.726850
19.770008,-1,18,9994.950000,7.570000,456.496668,460.449200,460.000000,765,3.503332,PI,FIFO,true,PI_FIFO,459.111759
19.780018,-1,18,10010.265000,17.835000,457.317073,459.979381,460.000000,767,2.682927,PI,FIFO,true,PI_FIFO,458.214416
19.790015,-1,18,9997.450000,15.285000,453.775411,459.048785,460.000000,771,6.224589,PI,FIFO,true,PI_FIFO,455.994914
19.800008,-1,18,9992.672000,7.957000,455.795803,458.560838,460.000000,773,4.204197,PI,FIFO,true,PI_FIFO,455.895359
19.810007,-1,18,9999.024000,6.981000,460.461690,458.845966,460.000000,771,-0.461690,PI,FIFO,true,PI_FIFO,458.178524
19.820007,-1,18,9999.673000,6.654000,462.050271,459.326612,460.000000,769,-2.050271,PI,FIFO,true,PI_FIFO,460.114398
19.830007,-1,18,10000.820000,7.474000,461.822660,459.701019,460.000000,768,-1.822660,PI,FIFO,true,PI_FIFO,460.968529
19.840008,-1,18,10000.450000,7.924000,460.986025,459.893770,460.000000,768,-0.986025,PI,FIFO,true,PI_FIFO,460.977277
19.850009,-1,18,10000.654000,8.578000,460.235641,459.945050,460.000000,768,-0.235641,PI,FIFO,true,PI_FIFO,460.606459
19.860007,-1,18,9998.709000,7.287000,463.649852,460.500771,460.000000,765,-3.649852,PI,FIFO,true,PI_FIFO,462.128155
19.870007,-1,18,9999.525000,6.812000,462.422118,460.788973,460.000000,764,-2.422118,PI,FIFO,true,PI_FIFO,462.275137
19.880011,-1,18,10003.950000,10.762000,462.734452,461.080795,460.000000,763,-2.734452,PI,FIFO,true,PI_FIFO,462.504794
19.890008,-1,18,9997.394000,8.156000,461.822660,461.192074,460.000000,762,-1.822660,PI,FIFO,true,PI_FIFO,462.163727
19.900008,-1,18,9999.543000,7.699000,456.496668,460.487764,460.000000,766,3.503332,PI,FIFO,true,PI_FIFO,459.330198
19.910008,-1,18,9999.839000,7.538000,457.317073,460.012160,460.000000,767,2.682927,PI,FIFO,true,PI_FIFO,458.323635
19.920007,-1,18,9999.857000,7.395000,453.706062,459.066245,460.000000,771,6.293938,PI,FIFO,true,PI_FIFO,456.014849
19.930007,-1,18,9999.821000,7.216000,456.648807,458.703630,460.000000,772,3.351193,PI,FIFO,true,PI_FIFO,456.331828
19.940007,-1,18,10000.246000,7.462000,461.141171,459.069261,460.000000,770,-1.141171,PI,FIFO,true,PI_FIFO,458.736499
19.950008,-1,18,10000.080000,7.542000,461.224754,459.392585,460.000000,769,-1.224754,PI,FIFO,true,PI_FIFO,459.980627
19.960012,-1,18,10004.895000,12.437000,463.191700,459.962452,460.000000,767,-3.191700,PI,FIFO,true,PI_FIFO,461.586163
19.970008,-1,18,9996.024000,8.461000,460.914454,460.105252,460.000000,767,-0.914454,PI,FIFO,true,PI_FIFO,461.250309
19.980008,-1,18,9999.265000,7.726000,460.747543,460.201596,460.000000,767,-0.747543,PI,FIFO,true,PI_FIFO,460.998926
19.990007,-1,18,9999.746000,7.472000,462.278107,460.513072,460.000000,765,-2.278107,PI,FIFO,true,PI_FIFO,461.638516
