elapsed_s,step_index,pwm_percent,loop_period_us,late_us,raw_rpm,filtered_rpm,target_rpm,pwm,error_rpm,intended_mode,intended_fifo,fifo_active,condition,fb_rpm
0.010022,-1,10,10021.911000,21.911000,0.000000,0.000000,460.000000,437,460.000000,PI,FIFO,true,PI_FIFO,0.000000
0.020018,-1,12,9996.151000,18.062000,0.000000,0.000000,460.000000,506,460.000000,PI,FIFO,true,PI_FIFO,0.000000
0.030017,-1,14,9998.577000,16.639000,0.000390,0.000058,460.000000,575,459.999610,PI,FIFO,true,PI_FIFO,0.000390
0.040020,-1,12,10003.448000,20.087000,131.548176,19.732276,460.000000,519,328.451824,PI,FIFO,true,PI_FIFO,131.548176
0.050019,-1,12,9999.114000,19.201000,196.953782,46.315502,460.000000,506,263.046218,PI,FIFO,true,PI_FIFO,196.953782
0.060019,-1,12,9999.615000,18.816000,228.658537,73.666957,460.000000,515,231.341463,PI,FIFO,true,PI_FIFO,228.658537
0.070019,-1,13,10000.596000,19.412000,245.418848,99.429741,460.000000,534,214.581152,PI,FIFO,true,PI_FIFO,245.418848
0.080019,-1,13,9999.596000,19.008000,262.727697,123.924434,460.000000,550,197.272303,PI,FIFO,true,PI_FIFO,262.727697
0.090018,-1,13,9999.429000,18.437000,272.817460,146.258388,460.000000,570,187.182540,PI,FIFO,true,PI_FIFO,272.817460
0.100019,-1,14,10000.299000,18.736000,286.360432,167.273695,460.000000,585,173.639568,PI,FIFO,true,PI_FIFO,286.360432
0.110019,-1,14,10000.115000,18.851000,302.269345,187.523042,460.000000,596,157.730655,PI,FIFO,true,PI_FIFO,302.269345
0.120018,-1,14,9999.596000,18.447000,310.588685,205.982889,460.000000,612,149.411315,PI,FIFO,true,PI_FIFO,310.588685
0.130019,-1,15,10000.632000,19.079000,327.644455,224.232124,460.000000,618,132.355545,PI,FIFO,true,PI_FIFO,327.644455
0.140030,-1,15,10010.448000,29.527000,336.193648,241.026352,460.000000,630,123.806352,PI,FIFO,true,PI_FIFO,336.193648
0.150037,-1,15,10007.837000,37.364000,348.698193,257.177128,460.000000,636,111.301807,PI,FIFO,true,PI_FIFO,348.698193
0.160031,-1,15,9993.707000,31.071000,354.755298,271.813854,460.000000,647,105.244702,PI,FIFO,true,PI_FIFO,354.755298
0.170019,-1,16,9987.522000,18.593000,360.923965,285.180371,460.000000,657,99.076035,PI,FIFO,true,PI_FIFO,360.923965
0.180018,-1,16,9999.503000,18.096000,364.691390,297.107023,460.000000,668,95.308610,PI,FIFO,true,PI_FIFO,364.691390
0.190017,-1,16,9999.077000,17.173000,372.393247,308.399957,460.000000,675,87.606753,PI,FIFO,true,PI_FIFO,372.393247
0.200018,-1,16,10000.541000,17.714000,378.024194,318.843593,460.000000,683,81.975806,PI,FIFO,true,PI_FIFO,378.024194
0.210017,-1,16,9999.429000,17.143000,386.832524,329.041932,460.000000,687,73.167476,PI,FIFO,true,PI_FIFO,386.832524
0.220018,-1,16,10001.188000,18.331000,390.625000,338.279392,460.000000,694,69.375000,PI,FIFO,true,PI_FIFO,390.625000
0.230017,-1,17,9998.985000,17.316000,397.620170,347.180509,460.000000,698,62.379830,PI,FIFO,true,PI_FIFO,397.620170
0.240017,-1,17,9999.929000,17.245000,401.713980,355.360530,460.000000,704,58.286020,PI,FIFO,true,PI_FIFO,401.713980
0.250020,-1,17,10002.355000,19.600000,405.844156,362.933074,460.000000,708,54.155844,PI,FIFO,true,PI_FIFO,405.844156
0.260016,-1,17,9996.411000,16.011000,406.154434,369.416278,460.000000,716,53.845566,PI,FIFO,true,PI_FIFO,406.154434
0.270019,-1,17,10003.022000,19.033000,410.983926,375.651425,460.000000,720,49.016074,PI,FIFO,true,PI_FIFO,410.983926
0.280019,-1,17,10000.133000,19.166000,413.531396,381.333421,460.000000,725,46.468604,PI,FIFO,true,PI_FIFO,413.531396
0.290019,-1,17,9999.873000,19.039000,418.734491,386.943581,460.000000,727,41.265509,PI,FIFO,true,PI_FIFO,418.734491
0.300019,-1,17,10000.392000,19.431000,424.095263,392.516334,460.000000,728,35.904737,PI,FIFO,true,PI_FIFO,424.095263
0.310019,-1,17,9999.207000,18.638000,429.061785,397.998151,460.000000,729,30.938215,PI,FIFO,true,PI_FIFO,429.061785
0.320018,-1,17,9999.707000,18.345000,430.461576,402.867665,460.000000,732,29.538424,PI,FIFO,true,PI_FIFO,430.461576
0.330018,-1,18,10000.078000,18.423000,427.737520,406.598143,460.000000,739,32.262480,PI,FIFO,true,PI_FIFO,427.737520
0.340015,-1,18,9996.892000,15.315000,432.825485,410.532244,460.000000,739,27.174515,PI,FIFO,true,PI_FIFO,432.825485
0.350019,-1,18,10003.281000,18.596000,433.084239,413.915044,460.000000,743,26.915761,PI,FIFO,true,PI_FIFO,433.084239
0.360015,-1,18,9996.466000,15.062000,436.655799,417.326157,460.000000,743,23.344201,PI,FIFO,true,PI_FIFO,436.655799
0.370018,-1,18,10003.263000,18.325000,440.262431,420.766598,460.000000,743,19.737569,PI,FIFO,true,PI_FIFO,440.262431
0.380018,-1,18,10000.077000,18.402000,441.384181,423.859235,460.000000,745,18.615819,PI,FIFO,true,PI_FIFO,441.384181
0.390019,-1,18,10000.114000,18.516000,441.985333,426.578150,460.000000,748,18.014667,PI,FIFO,true,PI_FIFO,441.985333
0.400018,-1,18,9999.504000,18.020000,440.968956,428.736771,460.000000,751,19.031044,PI,FIFO,true,PI_FIFO,440.968956
0.410019,-1,18,10000.559000,18.579000,442.216981,430.758802,460.000000,753,17.783019,PI,FIFO,true,PI_FIFO,442.216981
0.420018,-1,18,9999.225000,17.804000,443.317571,432.642618,460.000000,754,16.682429,PI,FIFO,true,PI_FIFO,443.317571
0.430018,-1,18,10000.170000,17.974000,446.652457,434.744094,460.000000,754,13.347543,PI,FIFO,true,PI_FIFO,446.652457
0.440017,-1,18,9998.540000,16.514000,450.504565,437.108164,460.000000,752,9.495435,PI,FIFO,true,PI_FIFO,450.504565
0.450017,-1,18,10000.207000,16.721000,450.240128,439.077959,460.000000,754,9.759872,PI,FIFO,true,PI_FIFO,450.240128
0.460017,-1,18,10000.004000,16.725000,450.937951,440.856958,460.000000,755,9.062049,PI,FIFO,true,PI_FIFO,450.937951
0.470022,-1,18,10004.910000,21.635000,448.803191,442.048893,460.000000,758,11.196809,PI,FIFO,true,PI_FIFO,448.803191
0.480020,-1,18,9998.726000,20.361000,449.640288,443.187602,460.000000,759,10.359712,PI,FIFO,true,PI_FIFO,449.640288
0.490019,-1,18,9998.947000,19.308000,451.686296,444.462406,460.000000,758,8.313704,PI,FIFO,true,PI_FIFO,451.686296
0.500018,-1,18,9998.967000,18.275000,452.170418,445.618608,460.000000,759,7.829582,PI,FIFO,true,PI_FIFO,452.170418
0.510019,-1,18,10000.244000,18.519000,455.097087,447.040380,460.000000,758,4.902913,PI,FIFO,true,PI_FIFO,455.097087
0.520015,-1,18,9996.336000,14.855000,452.898551,447.919105,460.000000,761,7.101449,PI,FIFO,true,PI_FIFO,452.898551
0.530019,-1,18,10003.911000,18.766000,451.755392,448.494548,460.000000,763,8.244608,PI,FIFO,true,PI_FIFO,451.755392
0.540018,-1,18,9999.466000,18.232000,452.655579,449.118703,460.000000,763,7.344421,PI,FIFO,true,PI_FIFO,452.655579
0.550030,-1,18,10012.003000,30.235000,452.243126,449.587367,460.000000,765,7.756874,PI,FIFO,true,PI_FIFO,452.243126
0.560020,-1,18,9989.967000,20.202000,455.562660,450.483661,460.000000,763,4.437340,PI,FIFO,true,PI_FIFO,455.562660
0.570019,-1,18,9998.410000,18.612000,457.763672,451.575662,460.000000,761,2.236328,PI,FIFO,true,PI_FIFO,457.763672
0.580018,-1,18,9999.411000,18.023000,458.376222,452.595746,460.000000,761,1.623778,PI,FIFO,true,PI_FIFO,458.376222
0.590018,-1,18,10000.355000,18.378000,458.211144,453.438056,460.000000,761,1.788856,PI,FIFO,true,PI_FIFO,458.211144
0.600018,-1,18,9999.818000,18.196000,455.562660,453.756746,460.000000,764,4.437340,PI,FIFO,true,PI_FIFO,455.562660
0.610018,-1,18,10000.170000,18.366000,455.982490,454.090608,460.000000,764,4.017510,PI,FIFO,true,PI_FIFO,455.982490
0.620018,-1,18,9999.985000,18.351000,456.327745,454.426179,460.000000,765,3.672255,PI,FIFO,true,PI_FIFO,456.327745
0.630025,-1,18,10006.707000,25.058000,457.423327,454.875751,460.000000,764,2.576673,PI,FIFO,true,PI_FIFO,457.423327
0.640018,-1,18,9992.688000,17.746000,459.796076,455.613800,460.000000,762,0.203924,PI,FIFO,true,PI_FIFO,459.796076
0.650017,-1,18,9998.837000,16.583000,457.317073,455.869291,460.000000,765,2.682927,PI,FIFO,true,PI_FIFO,457.317073
0.660017,-1,18,10000.318000,16.901000,456.029186,455.893275,460.000000,766,3.970814,PI,FIFO,true,PI_FIFO,456.029186
0.670017,-1,18,9999.874000,16.775000,456.204380,455.939941,460.000000,767,3.795620,PI,FIFO,true,PI_FIFO,456.204380
0.680017,-1,18,10000.373000,17.148000,453.873050,455.629907,460.000000,769,6.126950,PI,FIFO,true,PI_FIFO,453.873050
0.690017,-1,18,10000.152000,17.300000,459.344377,456.187078,460.000000,765,0.655623,PI,FIFO,true,PI_FIFO,459.344377
0.700017,-1,18,9999.373000,16.673000,459.058760,456.617830,460.000000,766,0.941240,PI,FIFO,true,PI_FIFO,459.058760
0.710026,-1,18,10009.633000,26.306000,461.497890,457.349839,460.000000,763,-1.497890,PI,FIFO,true,PI_FIFO,461.497890
0.720020,-1,18,9993.615000,19.921000,461.570022,457.982866,460.000000,763,-1.570022,PI,FIFO,true,PI_FIFO,461.570022
0.730019,-1,18,9999.021000,18.942000,457.848837,457.962762,460.000000,766,2.151163,PI,FIFO,true,PI_FIFO,457.848837
0.740031,-1,18,10012.078000,31.020000,458.848532,458.095627,460.000000,766,1.151468,PI,FIFO,true,PI_FIFO,458.848532
0.750058,-1,18,10027.280000,58.300000,457.434515,457.996461,460.000000,767,2.565485,PI,FIFO,true,PI_FIFO,457.434515
0.760040,-1,18,9981.541000,39.841000,458.659491,458.095915,460.000000,766,1.340509,PI,FIFO,true,PI_FIFO,458.659491
0.770022,-1,18,9982.652000,22.493000,460.509307,458.457924,460.000000,765,-0.509307,PI,FIFO,true,PI_FIFO,460.509307
0.780020,-1,18,9997.225000,19.718000,460.634066,458.784345,460.000000,765,-0.634066,PI,FIFO,true,PI_FIFO,460.634066
0.790038,-1,18,10018.466000,38.184000,457.199692,458.546647,460.000000,768,2.800308,PI,FIFO,true,PI_FIFO,457.199692
0.800037,-1,18,9998.670000,36.854000,457.317073,458.362211,460.000000,768,2.682927,PI,FIFO,true,PI_FIFO,457.317073
0.810048,-1,18,10011.411000,48.265000,455.795803,457.977250,460.000000,770,4.204197,PI,FIFO,true,PI_FIFO,455.795803
0.820054,-1,18,10005.799000,54.064000,460.271318,458.321360,460.000000,766,-0.271318,PI,FIFO,true,PI_FIFO,460.271318
0.830059,-1,18,10004.763000,58.827000,460.509307,458.649552,460.000000,766,-0.509307,PI,FIFO,true,PI_FIFO,460.509307
0.840054,-1,18,9995.373000,54.200000,462.799718,459.272077,460.000000,764,-2.799718,PI,FIFO,true,PI_FIFO,462.799718
0.850032,-1,18,9978.226000,32.426000,461.595273,459.620557,460.000000,765,-1.595273,PI,FIFO,true,PI_FIFO,461.595273
0.860026,-1,18,9993.559000,25.985000,458.140432,459.398538,460.000000,768,1.859568,PI,FIFO,true,PI_FIFO,458.140432
0.870021,-1,18,9995.040000,21.025000,460.203366,459.519262,460.000000,766,-0.203366,PI,FIFO,true,PI_FIFO,460.203366
0.880011,-1,18,9990.318000,11.343000,458.435208,459.356654,460.000000,768,1.564792,PI,FIFO,true,PI_FIFO,458.435208
0.890010,-1,18,9998.745000,10.088000,460.059978,459.462153,460.000000,766,-0.059978,PI,FIFO,true,PI_FIFO,460.059978
0.900014,-1,18,10003.688000,13.776000,460.914454,459.679998,460.000000,766,-0.914454,PI,FIFO,true,PI_FIFO,460.914454
0.910012,-1,18,9998.633000,12.409000,460.687961,459.831192,460.000000,766,-0.687961,PI,FIFO,true,PI_FIFO,460.687961
0.920013,-1,18,10000.151000,12.560000,458.659491,459.655437,460.000000,767,1.340509,PI,FIFO,true,PI_FIFO,458.659491
0.930012,-1,18,9999.522000,12.082000,458.211144,459.438793,460.000000,768,1.788856,PI,FIFO,true,PI_FIFO,458.211144
0.940014,-1,18,10002.133000,14.215000,456.661891,459.022258,460.000000,770,3.338109,PI,FIFO,true,PI_FIFO,456.661891
0.950010,-1,18,9996.096000,10.311000,459.130131,459.038439,460.000000,768,0.869869,PI,FIFO,true,PI_FIFO,459.130131
0.960016,-1,18,10005.855000,16.166000,460.461690,459.251926,460.000000,767,-0.461690,PI,FIFO,true,PI_FIFO,460.461690
0.970023,-1,18,10007.244000,23.410000,463.598901,459.903973,460.000000,764,-3.598901,PI,FIFO,true,PI_FIFO,463.598901
0.980017,-1,18,9993.651000,17.061000,461.931018,460.208029,460.000000,765,-1.931018,PI,FIFO,true,PI_FIFO,461.931018
0.990023,-1,18,10005.948000,23.009000,458.376222,459.933258,460.000000,768,1.623778,PI,FIFO,true,PI_FIFO,458.376222
1.000017,-1,18,9994.392000,17.401000,460.009814,459.944742,460.000000,767,-0.009814,PI,FIFO,true,PI_FIFO,460.009814
1.010018,-1,18,10000.300000,17.701000,458.702237,459.758366,460.000000,768,1.297763,PI,FIFO,true,PI_FIFO,458.702237
1.020019,-1,18,10001.281000,18.982000,460.310966,459.841256,460.000000,767,-0.310966,PI,FIFO,true,PI_FIFO,460.310966
1.030017,-1,18,9998.022000,17.004000,461.497890,460.089751,460.000000,765,-1.497890,PI,FIFO,true,PI_FIFO,461.497890
1.040017,-1,18,9999.595000,16.599000,460.562227,460.160622,460.000000,766,-0.562227,PI,FIFO,true,PI_FIFO,460.562227
1.050016,-1,18,9999.893000,16.492000,459.344377,460.038186,460.000000,767,0.655623,PI,FIFO,true,PI_FIFO,459.344377
1.060017,-1,18,10000.151000,16.643000,456.730769,459.542073,460.000000,770,3.269231,PI,FIFO,true,PI_FIFO,456.730769
1.070017,-1,18,10000.226000,16.869000,457.317073,459.208323,460.000000,770,2.682927,PI,FIFO,true,PI_FIFO,457.317073
1.080017,-1,18,9999.929000,16.798000,459.809264,459.298464,460.000000,768,0.190736,PI,FIFO,true,PI_FIFO,459.809264
1.090017,-1,18,9999.984000,16.782000,460.849719,459.531153,460.000000,767,-0.849719,PI,FIFO,true,PI_FIFO,460.849719
1.100017,-1,18,10000.170000,16.952000,463.143526,460.073009,460.000000,764,-3.143526,PI,FIFO,true,PI_FIFO,463.143526
1.110020,-1,18,10002.652000,19.604000,462.582237,460.449393,460.000000,764,-2.582237,PI,FIFO,true,PI_FIFO,462.582237
1.120019,-1,18,9999.133000,18.737000,458.310701,460.128589,460.000000,768,1.689299,PI,FIFO,true,PI_FIFO,458.310701
1.130017,-1,18,9998.003000,16.740000,460.203366,460.139806,460.000000,767,-0.203366,PI,FIFO,true,PI_FIFO,460.203366
1.140016,-1,18,9999.707000,16.447000,458.559783,459.902802,460.000000,768,1.440217,PI,FIFO,true,PI_FIFO,458.559783
1.150019,-1,18,10002.818000,19.265000,460.634066,460.012492,460.000000,766,-0.634066,PI,FIFO,true,PI_FIFO,460.634066
1.160019,-1,18,9999.874000,19.139000,461.317660,460.208267,460.000000,766,-1.317660,PI,FIFO,true,PI_FIFO,461.317660
1.170019,-1,18,9999.725000,18.864000,460.203366,460.207532,460.000000,766,-0.203366,PI,FIFO,true,PI_FIFO,460.203366
1.180019,-1,18,9999.911000,18.775000,461.224754,460.360115,460.000000,765,-1.224754,PI,FIFO,true,PI_FIFO,461.224754
1.190019,-1,18,9999.744000,18.519000,456.426485,459.770071,460.000000,770,3.573515,PI,FIFO,true,PI_FIFO,456.426485
1.200019,-1,18,10000.503000,19.022000,457.069339,459.364961,460.000000,770,2.930661,PI,FIFO,true,PI_FIFO,457.069339
1.210025,-1,18,10006.170000,25.192000,459.130131,459.329736,460.000000,768,0.869869,PI,FIFO,true,PI_FIFO,459.130131
1.220020,-1,18,9995.207000,20.399000,460.203366,459.460781,460.000000,767,-0.203366,PI,FIFO,true,PI_FIFO,460.203366
1.230019,-1,18,9998.800000,19.199000,463.853766,460.119729,460.000000,764,-3.853766,PI,FIFO,true,PI_FIFO,463.853766
1.240015,-1,18,9995.633000,14.832000,462.364960,460.456513,460.000000,765,-2.364960,PI,FIFO,true,PI_FIFO,462.364960
1.250019,-1,18,10004.132000,18.964000,458.376222,460.144470,460.000000,768,1.623778,PI,FIFO,true,PI_FIFO,458.376222
1.260015,-1,18,9996.356000,15.320000,459.558824,460.056623,460.000000,767,0.441176,PI,FIFO,true,PI_FIFO,459.558824
1.270019,-1,18,10003.281000,18.601000,459.085052,459.910887,460.000000,768,0.914948,PI,FIFO,true,PI_FIFO,459.085052
1.280015,-1,18,9996.336000,14.937000,460.203366,459.954759,460.000000,767,-0.203366,PI,FIFO,true,PI_FIFO,460.203366
1.290019,-1,18,10004.244000,19.181000,462.835985,460.386943,460.000000,764,-2.835985,PI,FIFO,true,PI_FIFO,462.835985
1.300016,-1,18,9996.892000,16.073000,460.203366,460.359406,460.000000,766,-0.203366,PI,FIFO,true,PI_FIFO,460.203366
1.310019,-1,18,10002.911000,18.984000,460.813763,460.427560,460.000000,766,-0.813763,PI,FIFO,true,PI_FIFO,460.813763
1.320019,-1,18,9999.929000,18.913000,456.786543,459.881407,460.000000,769,3.213457,PI,FIFO,true,PI_FIFO,456.786543
1.330019,-1,18,9999.615000,18.528000,458.559783,459.683164,460.000000,768,1.440217,PI,FIFO,true,PI_FIFO,458.559783
1.340019,-1,18,10000.225000,18.753000,459.344377,459.632346,460.000000,768,0.655623,PI,FIFO,true,PI_FIFO,459.344377
1.350018,-1,18,9999.578000,18.331000,459.558824,459.621317,460.000000,768,0.441176,PI,FIFO,true,PI_FIFO,459.558824
1.360018,-1,18,9999.595000,17.926000,464.327830,460.327294,460.000000,763,-4.327830,PI,FIFO,true,PI_FIFO,464.327830
1.370019,-1,18,10000.689000,18.615000,462.662338,460.677551,460.000000,764,-2.662338,PI,FIFO,true,PI_FIFO,462.662338
1.380018,-1,18,9999.744000,18.359000,459.108717,460.442226,460.000000,767,0.891283,PI,FIFO,true,PI_FIFO,459.108717
1.390019,-1,18,10000.503000,18.862000,460.033574,460.380928,460.000000,766,-0.033574,PI,FIFO,true,PI_FIFO,460.033574
1.400018,-1,18,9999.614000,18.476000,458.659491,460.122712,460.000000,768,1.340509,PI,FIFO,true,PI_FIFO,458.659491
1.410023,-1,18,10004.522000,22.998000,460.271318,460.145003,460.000000,766,-0.271318,PI,FIFO,true,PI_FIFO,460.271318
1.420017,-1,18,9994.318000,17.316000,461.497890,460.347936,460.000000,765,-1.497890,PI,FIFO,true,PI_FIFO,461.497890
1.430020,-1,18,10002.318000,19.634000,459.809264,460.267136,460.000000,766,0.190736,PI,FIFO,true,PI_FIFO,459.809264
1.440020,-1,18,9999.985000,19.619000,461.281631,460.419310,460.000000,765,-1.281631,PI,FIFO,true,PI_FIFO,461.281631
1.450019,-1,18,9999.726000,19.345000,456.204380,459.787070,460.000000,770,3.795620,PI,FIFO,true,PI_FIFO,456.204380
1.460032,-1,18,10012.521000,31.866000,457.904884,459.504742,460.000000,769,2.095116,PI,FIFO,true,PI_FIFO,457.904884
1.470020,-1,18,9987.819000,19.685000,459.108717,459.445339,460.000000,768,0.891283,PI,FIFO,true,PI_FIFO,459.108717
1.480030,-1,18,10009.855000,29.540000,460.033574,459.533574,460.000000,767,-0.033574,PI,FIFO,true,PI_FIFO,460.033574
1.490029,-1,18,9999.058000,28.598000,464.835595,460.328877,460.000000,763,-4.835595,PI,FIFO,true,PI_FIFO,464.835595
1.500021,-1,18,9992.578000,21.176000,461.497890,460.504229,460.000000,765,-1.497890,PI,FIFO,true,PI_FIFO,461.497890
1.510025,-1,18,10003.577000,24.753000,459.558824,460.362418,460.000000,767,0.441176,PI,FIFO,true,PI_FIFO,459.558824
1.520020,-1,18,9995.670000,20.423000,459.130131,460.177575,460.000000,767,0.869869,PI,FIFO,true,PI_FIFO,459.130131
1.530020,-1,18,9999.152000,19.575000,459.321815,460.049211,460.000000,767,0.678185,PI,FIFO,true,PI_FIFO,459.321815
1.540018,-1,18,9998.818000,18.393000,460.914454,460.178998,460.000000,766,-0.914454,PI,FIFO,true,PI_FIFO,460.914454
1.550025,-1,18,10006.244000,24.637000,461.463731,460.371708,460.000000,765,-1.463731,PI,FIFO,true,PI_FIFO,461.463731
1.560034,-1,18,10009.336000,33.973000,459.988318,460.314199,460.000000,766,0.011682,PI,FIFO,true,PI_FIFO,459.988318
1.570017,-1,18,9983.281000,17.254000,461.822660,460.540468,460.000000,764,-1.822660,PI,FIFO,true,PI_FIFO,461.822660
1.580019,-1,18,10001.763000,19.017000,457.210869,460.041028,460.000000,768,2.789131,PI,FIFO,true,PI_FIFO,457.210869
1.590019,-1,18,10000.207000,19.224000,457.565076,459.669635,460.000000,769,2.434924,PI,FIFO,true,PI_FIFO,457.565076
1.600020,-1,18,10000.744000,19.968000,459.558824,459.653014,460.000000,767,0.441176,PI,FIFO,true,PI_FIFO,459.558824
1.610020,-1,18,10000.429000,20.397000,458.559783,459.489029,460.000000,768,1.440217,PI,FIFO,true,PI_FIFO,458.559783
1.620020,-1,18,9999.818000,20.215000,464.327830,460.214849,460.000000,763,-4.327830,PI,FIFO,true,PI_FIFO,464.327830
1.630019,-1,18,9999.077000,19.292000,461.497890,460.407305,460.000000,765,-1.497890,PI,FIFO,true,PI_FIFO,461.497890
1.640019,-1,18,9999.485000,18.777000,460.059978,460.355206,460.000000,766,-0.059978,PI,FIFO,true,PI_FIFO,460.059978
1.650018,-1,18,9999.355000,18.132000,458.702237,460.107261,460.000000,767,1.297763,PI,FIFO,true,PI_FIFO,458.702237
1.660030,-1,18,10012.337000,30.469000,458.848532,459.918451,460.000000,767,1.151468,PI,FIFO,true,PI_FIFO,458.848532
1.670019,-1,18,9988.151000,18.620000,460.461690,459.999937,460.000000,766,-0.461690,PI,FIFO,true,PI_FIFO,460.461690
1.680038,-1,18,10019.503000,38.123000,461.463731,460.219506,460.000000,765,-1.463731,PI,FIFO,true,PI_FIFO,461.463731
1.690022,-1,18,9983.634000,21.757000,460.509307,460.262976,460.000000,766,-0.509307,PI,FIFO,true,PI_FIFO,460.509307
1.700019,-1,18,9997.577000,19.334000,460.418616,460.286322,460.000000,766,-0.418616,PI,FIFO,true,PI_FIFO,460.418616
1.710019,-1,18,9999.892000,19.226000,457.317073,459.840935,460.000000,769,2.682927,PI,FIFO,true,PI_FIFO,457.317073
1.720018,-1,18,9999.170000,18.396000,457.094100,459.428910,460.000000,769,2.905900,PI,FIFO,true,PI_FIFO,457.094100
1.730019,-1,18,10000.651000,19.047000,458.848532,459.341853,460.000000,768,1.151468,PI,FIFO,true,PI_FIFO,458.848532
1.740019,-1,18,9999.504000,18.551000,459.988318,459.438823,460.000000,767,0.011682,PI,FIFO,true,PI_FIFO,459.988318
1.750019,-1,18,10000.207000,18.758000,464.364337,460.177650,460.000000,763,-4.364337,PI,FIFO,true,PI_FIFO,464.364337
1.760023,-1,18,10004.447000,23.205000,461.931018,460.440655,460.000000,764,-1.931018,PI,FIFO,true,PI_FIFO,461.931018
1.770020,-1,18,9996.467000,19.672000,460.271318,460.415255,460.000000,766,-0.271318,PI,FIFO,true,PI_FIFO,460.271318
1.780022,-1,18,10002.614000,22.286000,459.333660,460.253015,460.000000,767,0.666340,PI,FIFO,true,PI_FIFO,459.333660
1.790019,-1,18,9996.226000,18.512000,458.488589,459.988351,460.000000,768,1.511411,PI,FIFO,true,PI_FIFO,458.488589
1.800015,-1,18,9996.392000,14.904000,461.822660,460.263498,460.000000,765,-1.822660,PI,FIFO,true,PI_FIFO,461.822660
1.810018,-1,18,10003.540000,18.444000,460.634066,460.319083,460.000000,765,-0.634066,PI,FIFO,true,PI_FIFO,460.634066
1.820020,-1,18,10001.688000,20.132000,460.986025,460.419124,460.000000,765,-0.986025,PI,FIFO,true,PI_FIFO,460.986025
1.830019,-1,18,9998.707000,18.839000,460.461690,460.425509,460.000000,765,-0.461690,PI,FIFO,true,PI_FIFO,460.461690
1.840018,-1,18,9999.096000,17.935000,458.376222,460.118116,460.000000,767,1.623778,PI,FIFO,true,PI_FIFO,458.376222
1.850035,-1,18,10016.948000,34.883000,456.871345,459.631100,460.000000,769,3.128655,PI,FIFO,true,PI_FIFO,456.871345
1.860050,-1,18,10014.984000,49.867000,458.848532,459.513715,460.000000,768,1.151468,PI,FIFO,true,PI_FIFO,458.848532
1.870048,-1,18,9997.855000,47.722000,458.883994,459.419257,460.000000,768,1.116006,PI,FIFO,true,PI_FIFO,458.883994
1.880052,-1,18,10003.819000,51.541000,464.108911,460.122705,460.000000,763,-4.108911,PI,FIFO,true,PI_FIFO,464.108911
1.890047,-1,18,9995.836000,47.377000,461.822660,460.377698,460.000000,764,-1.822660,PI,FIFO,true,PI_FIFO,461.822660
1.900055,-1,18,10007.337000,54.714000,459.796076,460.290455,460.000000,766,0.203924,PI,FIFO,true,PI_FIFO,459.796076
1.910043,-1,18,9988.448000,43.162000,460.235641,460.282233,460.000000,766,-0.235641,PI,FIFO,true,PI_FIFO,460.235641
1.920024,-1,18,9981.336000,24.498000,456.871345,459.770600,460.000000,769,3.128655,PI,FIFO,true,PI_FIFO,456.871345
1.930017,-1,18,9992.948000,17.446000,461.368110,460.010226,460.000000,765,-1.368110,PI,FIFO,true,PI_FIFO,461.368110
1.940015,-1,18,9997.818000,15.264000,460.509307,460.085088,460.000000,766,-0.509307,PI,FIFO,true,PI_FIFO,460.509307
1.950016,-1,18,10000.615000,15.879000,461.497890,460.297009,460.000000,765,-1.497890,PI,FIFO,true,PI_FIFO,461.497890
1.960016,-1,18,9999.633000,15.512000,459.809264,460.223847,460.000000,766,0.190736,PI,FIFO,true,PI_FIFO,459.809264
1.970012,-1,18,9996.762000,12.274000,457.763672,459.854821,460.000000,768,2.236328,PI,FIFO,true,PI_FIFO,457.763672
1.980011,-1,18,9998.355000,10.629000,458.211144,459.608269,460.000000,768,1.788856,PI,FIFO,true,PI_FIFO,458.211144
1.990014,-1,18,10002.929000,13.558000,459.333660,459.567078,460.000000,767,0.666340,PI,FIFO,true,PI_FIFO,459.333660
2.000013,-1,18,9999.430000,12.988000,459.558824,459.565840,460.000000,767,0.441176,PI,FIFO,true,PI_FIFO,459.558824
2.010013,-1,18,10000.244000,13.232000,463.890198,460.214493,460.000000,763,-3.890198,PI,FIFO,true,PI_FIFO,463.890198
2.020020,-1,18,10007.058000,20.290000,462.734452,460.592487,460.000000,763,-2.734452,PI,FIFO,true,PI_FIFO,462.734452
2.030014,-1,18,9994.041000,14.331000,459.558824,460.437438,460.000000,766,0.441176,PI,FIFO,true,PI_FIFO,459.558824
2.040013,-1,18,9998.688000,13.019000,460.059978,460.380819,460.000000,766,-0.059978,PI,FIFO,true,PI_FIFO,460.059978
2.050017,-1,18,10004.004000,17.023000,457.540264,459.954735,460.000000,768,2.459736,PI,FIFO,true,PI_FIFO,457.540264
2.060014,-1,18,9997.281000,14.304000,462.582237,460.348861,460.000000,764,-2.582237,PI,FIFO,true,PI_FIFO,462.582237
2.070019,-1,18,10004.595000,18.899000,459.308655,460.192830,460.000000,766,0.691345,PI,FIFO,true,PI_FIFO,459.308655
2.080018,-1,18,9999.189000,18.088000,462.582237,460.551241,460.000000,763,-2.582237,PI,FIFO,true,PI_FIFO,462.582237
2.090018,-1,18,10000.281000,18.369000,460.059978,460.477552,460.000000,765,-0.059978,PI,FIFO,true,PI_FIFO,460.059978
2.100019,-1,18,10000.133000,18.502000,457.848837,460.083244,460.000000,767,2.151163,PI,FIFO,true,PI_FIFO,457.848837
2.110019,-1,18,10000.485000,18.987000,457.565076,459.705519,460.000000,768,2.434924,PI,FIFO,true,PI_FIFO,457.565076
2.120022,-1,18,10002.984000,21.971000,458.702237,459.555027,460.000000,767,1.297763,PI,FIFO,true,PI_FIFO,458.702237
2.130020,-1,18,9997.837000,19.808000,458.809135,459.443143,460.000000,767,1.190865,PI,FIFO,true,PI_FIFO,458.809135
2.140028,-1,18,10008.059000,27.867000,463.235294,460.011966,460.000000,763,-3.235294,PI,FIFO,true,PI_FIFO,463.235294
2.150021,-1,18,9993.059000,20.926000,462.422118,460.373489,460.000000,764,-2.422118,PI,FIFO,true,PI_FIFO,462.422118
2.160019,-1,18,9998.521000,19.447000,459.784208,460.285097,460.000000,766,0.215792,PI,FIFO,true,PI_FIFO,459.784208
2.170019,-1,18,9999.707000,19.154000,459.773470,460.208353,460.000000,766,0.226530,PI,FIFO,true,PI_FIFO,459.773470
2.180019,-1,18,9999.559000,18.713000,456.574675,459.663301,460.000000,769,3.425325,PI,FIFO,true,PI_FIFO,456.574675
2.190022,-1,18,10003.559000,22.272000,462.662338,460.113156,460.000000,764,-2.662338,PI,FIFO,true,PI_FIFO,462.662338
2.200019,-1,18,9996.855000,19.127000,460.203366,460.126688,460.000000,766,-0.203366,PI,FIFO,true,PI_FIFO,460.203366
2.210019,-1,18,9999.911000,19.038000,462.662338,460.507035,460.000000,763,-2.662338,PI,FIFO,true,PI_FIFO,462.662338
2.220028,-1,18,10008.929000,27.967000,460.461690,460.500234,460.000000,765,-0.461690,PI,FIFO,true,PI_FIFO,460.461690
2.230021,-1,18,9992.948000,20.915000,457.434515,460.040376,460.000000,768,2.565485,PI,FIFO,true,PI_FIFO,457.434515
2.240019,-1,18,9998.373000,19.288000,458.435208,459.799601,460.000000,767,1.564792,PI,FIFO,true,PI_FIFO,458.435208
2.250019,-1,18,9999.707000,18.995000,458.702237,459.634996,460.000000,767,1.297763,PI,FIFO,true,PI_FIFO,458.702237
2.260019,-1,18,9999.578000,18.573000,459.558824,459.623570,460.000000,767,0.441176,PI,FIFO,true,PI_FIFO,459.558824
2.270020,-1,18,10000.929000,19.502000,463.235294,460.165329,460.000000,763,-3.235294,PI,FIFO,true,PI_FIFO,463.235294
2.280018,-1,18,9998.688000,18.190000,462.182148,460.467852,460.000000,764,-2.182148,PI,FIFO,true,PI_FIFO,462.182148
2.290019,-1,18,10000.355000,18.545000,460.235641,460.433020,460.000000,765,-0.235641,PI,FIFO,true,PI_FIFO,460.235641
2.300018,-1,18,9999.300000,17.845000,459.796076,460.337478,460.000000,766,0.203924,PI,FIFO,true,PI_FIFO,459.796076
2.310018,-1,18,10000.003000,17.848000,457.987298,459.984951,460.000000,767,2.012702,PI,FIFO,true,PI_FIFO,457.987298
2.320016,-1,18,9997.763000,15.611000,461.463731,460.206768,460.000000,764,-1.463731,PI,FIFO,true,PI_FIFO,461.463731
2.330018,-1,18,10002.392000,18.003000,461.141171,460.346929,460.000000,764,-1.141171,PI,FIFO,true,PI_FIFO,461.141171
2.340018,-1,18,9999.966000,17.969000,460.986025,460.442793,460.000000,764,-0.986025,PI,FIFO,true,PI_FIFO,460.986025
2.350018,-1,18,10000.244000,18.213000,461.065574,460.536210,460.000000,764,-1.065574,PI,FIFO,true,PI_FIFO,461.065574
2.360018,-1,18,9999.911000,18.124000,455.588553,459.794062,460.000000,769,4.411447,PI,FIFO,true,PI_FIFO,455.588553
2.370018,-1,18,10000.262000,18.386000,458.883994,459.657551,460.000000,767,1.116006,PI,FIFO,true,PI_FIFO,458.883994
2.380023,-1,18,10004.781000,23.167000,457.199692,459.288873,460.000000,768,2.800308,PI,FIFO,true,PI_FIFO,457.199692
2.390020,-1,18,9996.374000,19.541000,459.988318,459.393789,460.000000,766,0.011682,PI,FIFO,true,PI_FIFO,459.988318
2.400016,-1,18,9996.429000,15.970000,462.582237,459.872056,460.000000,764,-2.582237,PI,FIFO,true,PI_FIFO,462.582237
2.410019,-1,18,10002.930000,18.900000,462.799718,460.311206,460.000000,763,-2.799718,PI,FIFO,true,PI_FIFO,462.799718
2.420028,-1,18,10009.392000,28.292000,460.986025,460.412429,460.000000,764,-0.986025,PI,FIFO,true,PI_FIFO,460.986025
2.430021,-1,18,9992.318000,20.610000,458.659491,460.149488,460.000000,767,1.340509,PI,FIFO,true,PI_FIFO,458.659491
2.440015,-1,18,9994.707000,15.317000,457.848837,459.804390,460.000000,768,2.151163,PI,FIFO,true,PI_FIFO,457.848837
2.450019,-1,18,10003.522000,18.839000,461.822660,460.107131,460.000000,764,-1.822660,PI,FIFO,true,PI_FIFO,461.822660
2.460014,-1,18,9995.281000,14.120000,460.849719,460.218519,460.000000,765,-0.849719,PI,FIFO,true,PI_FIFO,460.849719
2.470019,-1,18,10004.781000,18.901000,462.582237,460.573077,460.000000,763,-2.582237,PI,FIFO,true,PI_FIFO,462.582237
2.480015,-1,18,9996.114000,15.015000,459.773470,460.453136,460.000000,765,0.226530,PI,FIFO,true,PI_FIFO,459.773470
2.490018,-1,18,10003.114000,18.129000,456.730769,459.894781,460.000000,768,3.269231,PI,FIFO,true,PI_FIFO,456.730769
2.500018,-1,18,10000.207000,18.336000,459.108717,459.776871,460.000000,766,0.891283,PI,FIFO,true,PI_FIFO,459.108717
2.510018,-1,18,9999.763000,18.099000,456.496668,459.284841,460.000000,769,3.503332,PI,FIFO,true,PI_FIFO,456.496668
2.520018,-1,18,9999.762000,17.861000,460.914454,459.529283,460.000000,765,-0.914454,PI,FIFO,true,PI_FIFO,460.914454
2.530018,-1,18,10000.300000,18.161000,462.182148,459.927213,460.000000,764,-2.182148,PI,FIFO,true,PI_FIFO,462.182148
2.540018,-1,18,9999.948000,18.109000,462.506167,460.314056,460.000000,763,-2.506167,PI,FIFO,true,PI_FIFO,462.506167
2.550023,-1,18,10005.077000,23.186000,462.182148,460.594270,460.000000,763,-2.182148,PI,FIFO,true,PI_FIFO,462.182148
2.560020,-1,18,9996.429000,19.615000,458.702237,460.310465,460.000000,766,1.297763,PI,FIFO,true,PI_FIFO,458.702237
2.570020,-1,18,9999.892000,19.507000,457.813348,459.935897,460.000000,767,2.186652,PI,FIFO,true,PI_FIFO,457.813348
2.580019,-1,18,9999.022000,18.529000,460.203366,459.976018,460.000000,765,-0.203366,PI,FIFO,true,PI_FIFO,460.203366
2.590019,-1,18,10000.615000,19.144000,460.986025,460.127519,460.000000,765,-0.986025,PI,FIFO,true,PI_FIFO,460.986025
2.600019,-1,18,9999.688000,18.832000,461.595273,460.347682,460.000000,764,-1.595273,PI,FIFO,true,PI_FIFO,461.595273
2.610017,-1,18,9998.559000,17.391000,460.271318,460.336227,460.000000,765,-0.271318,PI,FIFO,true,PI_FIFO,460.271318
2.620017,-1,18,9999.744000,17.135000,456.426485,459.749766,460.000000,768,3.573515,PI,FIFO,true,PI_FIFO,456.426485
2.630018,-1,18,10000.651000,17.786000,458.612255,459.579139,460.000000,767,1.387745,PI,FIFO,true,PI_FIFO,458.612255
2.640017,-1,18,9999.596000,17.382000,457.094100,459.206383,460.000000,769,2.905900,PI,FIFO,true,PI_FIFO,457.094100
2.650017,-1,18,10000.059000,17.441000,460.271318,459.366124,460.000000,766,-0.271318,PI,FIFO,true,PI_FIFO,460.271318
2.660019,-1,18,10001.522000,18.963000,462.799718,459.881163,460.000000,764,-2.799718,PI,FIFO,true,PI_FIFO,462.799718
2.670019,-1,18,9999.651000,18.614000,462.328767,460.248303,460.000000,764,-2.328767,PI,FIFO,true,PI_FIFO,462.328767
2.680028,-1,18,10009.763000,28.377000,462.147887,460.533241,460.000000,763,-2.147887,PI,FIFO,true,PI_FIFO,462.147887
2.690022,-1,18,9993.429000,21.806000,458.848532,460.280535,460.000000,766,1.151468,PI,FIFO,true,PI_FIFO,458.848532
2.700021,-1,18,9999.281000,21.087000,459.784208,460.206086,460.000000,765,0.215792,PI,FIFO,true,PI_FIFO,459.784208
2.710021,-1,18,9999.466000,20.553000,459.796076,460.144584,460.000000,766,0.203924,PI,FIFO,true,PI_FIFO,459.796076
2.720020,-1,18,9999.374000,19.927000,461.497890,460.347580,460.000000,764,-1.497890,PI,FIFO,true,PI_FIFO,461.497890
2.730021,-1,18,10001.133000,21.060000,461.702955,460.550886,460.000000,764,-1.702955,PI,FIFO,true,PI_FIFO,461.702955
2.740021,-1,18,9999.559000,20.619000,460.461690,460.537507,460.000000,764,-0.461690,PI,FIFO,true,PI_FIFO,460.461690
2.750023,-1,18,10002.410000,23.029000,457.434515,460.072058,460.000000,767,2.565485,PI,FIFO,true,PI_FIFO,457.434515
2.760016,-1,18,9993.411000,16.440000,458.916084,459.898662,460.000000,766,1.083916,PI,FIFO,true,PI_FIFO,458.916084
2.770020,-1,18,10003.244000,19.684000,457.069339,459.474263,460.000000,768,2.930661,PI,FIFO,true,PI_FIFO,457.069339
2.780018,-1,18,9998.688000,18.372000,459.558824,459.486947,460.000000,766,0.441176,PI,FIFO,true,PI_FIFO,459.558824
2.790019,-1,18,10000.152000,18.524000,462.582237,459.951241,460.000000,763,-2.582237,PI,FIFO,true,PI_FIFO,462.582237
2.800018,-1,18,9999.799000,18.323000,461.714353,460.215708,460.000000,764,-1.714353,PI,FIFO,true,PI_FIFO,461.714353
2.810018,-1,18,9999.874000,18.197000,461.942427,460.474716,460.000000,763,-1.942427,PI,FIFO,true,PI_FIFO,461.942427
2.820017,-1,18,9998.892000,17.089000,459.108717,460.269816,460.000000,766,0.891283,PI,FIFO,true,PI_FIFO,459.108717
2.830020,-1,18,10003.337000,20.426000,458.140432,459.950408,460.000000,767,1.859568,PI,FIFO,true,PI_FIFO,458.140432
2.840019,-1,18,9998.207000,18.633000,460.235641,459.993193,460.000000,765,-0.235641,PI,FIFO,true,PI_FIFO,460.235641
2.850019,-1,18,10000.262000,18.895000,460.747543,460.106346,460.000000,765,-0.747543,PI,FIFO,true,PI_FIFO,460.747543
2.860019,-1,18,9999.726000,18.621000,461.714353,460.347547,460.000000,764,-1.714353,PI,FIFO,true,PI_FIFO,461.714353
2.870019,-1,18,10000.411000,19.032000,461.065574,460.455251,460.000000,764,-1.065574,PI,FIFO,true,PI_FIFO,461.065574
2.880019,-1,18,10000.225000,19.257000,456.998607,459.936754,460.000000,768,3.001393,PI,FIFO,true,PI_FIFO,456.998607
2.890019,-1,18,10000.096000,19.353000,458.809135,459.767611,460.000000,766,1.190865,PI,FIFO,true,PI_FIFO,458.809135
2.900019,-1,18,9999.355000,18.708000,458.488589,459.575758,460.000000,767,1.511411,PI,FIFO,true,PI_FIFO,458.488589
2.910018,-1,18,9999.781000,18.489000,460.562227,459.723728,460.000000,765,-0.562227,PI,FIFO,true,PI_FIFO,460.562227
2.920018,-1,18,9999.800000,18.289000,462.364960,460.119913,460.000000,763,-2.364960,PI,FIFO,true,PI_FIFO,462.364960
2.930019,-1,18,10000.410000,18.699000,461.702955,460.357369,460.000000,764,-1.702955,PI,FIFO,true,PI_FIFO,461.702955
2.940018,-1,18,9999.467000,18.166000,462.582237,460.691099,460.000000,762,-2.582237,PI,FIFO,true,PI_FIFO,462.582237
2.950022,-1,18,10004.244000,22.410000,458.559783,460.371402,460.000000,766,1.440217,PI,FIFO,true,PI_FIFO,458.559783
2.960026,-1,18,10003.355000,25.765000,459.558824,460.249515,460.000000,765,0.441176,PI,FIFO,true,PI_FIFO,459.558824
2.970025,-1,18,9999.281000,25.046000,460.310966,460.258733,460.000000,765,-0.310966,PI,FIFO,true,PI_FIFO,460.310966
2.980016,-1,18,9990.892000,15.938000,459.344377,460.121579,460.000000,765,0.655623,PI,FIFO,true,PI_FIFO,459.344377
2.990016,-1,18,10000.077000,16.015000,463.625716,460.647200,460.000000,761,-3.625716,PI,FIFO,true,PI_FIFO,463.625716
3.000020,-1,18,10003.522000,19.537000,459.108717,460.416427,460.000000,765,0.891283,PI,FIFO,true,PI_FIFO,459.108717
3.010019,-1,18,9999.744000,19.281000,458.140432,460.075028,460.000000,766,1.859568,PI,FIFO,true,PI_FIFO,458.140432
3.020020,-1,18,10000.929000,20.210000,457.540264,459.694813,460.000000,767,2.459736,PI,FIFO,true,PI_FIFO,457.540264
3.030018,-1,18,9998.078000,18.288000,457.434515,459.355769,460.000000,768,2.565485,PI,FIFO,true,PI_FIFO,457.434515
3.040015,-1,18,9997.188000,15.476000,459.784208,459.420035,460.000000,766,0.215792,PI,FIFO,true,PI_FIFO,459.784208
3.050019,-1,18,10003.226000,18.702000,462.799718,459.926987,460.000000,763,-2.799718,PI,FIFO,true,PI_FIFO,462.799718
3.060018,-1,18,9999.447000,18.149000,461.463731,460.157499,460.000000,764,-1.463731,PI,FIFO,true,PI_FIFO,461.463731
3.070018,-1,18,10000.078000,18.227000,462.962963,460.578318,460.000000,762,-2.962963,PI,FIFO,true,PI_FIFO,462.962963
3.080019,-1,18,10000.929000,19.156000,459.085052,460.354328,460.000000,765,0.914948,PI,FIFO,true,PI_FIFO,459.085052
3.090018,-1,18,9999.207000,18.363000,458.702237,460.106514,460.000000,766,1.297763,PI,FIFO,true,PI_FIFO,458.702237
3.100018,-1,18,9999.762000,18.125000,460.813763,460.212602,460.000000,764,-0.813763,PI,FIFO,true,PI_FIFO,460.813763
3.110018,-1,18,10000.022000,18.147000,459.773470,460.146732,460.000000,765,0.226530,PI,FIFO,true,PI_FIFO,459.773470
3.120018,-1,18,10000.077000,18.224000,463.344316,460.626370,460.000000,762,-3.344316,PI,FIFO,true,PI_FIFO,463.344316
3.130018,-1,18,9999.559000,17.783000,458.916084,460.369827,460.000000,765,1.083916,PI,FIFO,true,PI_FIFO,458.916084
3.140015,-1,18,9997.207000,14.990000,458.061889,460.023636,460.000000,766,1.938111,PI,FIFO,true,PI_FIFO,458.061889
3.150019,-1,18,10003.818000,18.808000,457.423327,459.633590,460.000000,767,2.576673,PI,FIFO,true,PI_FIFO,457.423327
3.160019,-1,18,9999.781000,18.589000,457.069339,459.248952,460.000000,768,2.930661,PI,FIFO,true,PI_FIFO,457.069339
3.170019,-1,18,10000.207000,18.796000,460.203366,459.392114,460.000000,765,-0.203366,PI,FIFO,true,PI_FIFO,460.203366
3.180019,-1,18,9999.800000,18.596000,461.822660,459.756696,460.000000,764,-1.822660,PI,FIFO,true,PI_FIFO,461.822660
3.190018,-1,18,9999.725000,18.321000,462.364960,460.147936,460.000000,763,-2.364960,PI,FIFO,true,PI_FIFO,462.364960
3.200019,-1,18,10001.152000,19.473000,462.182148,460.453068,460.000000,763,-2.182148,PI,FIFO,true,PI_FIFO,462.182148
3.210018,-1,18,9998.799000,18.272000,459.784208,460.352739,460.000000,765,0.215792,PI,FIFO,true,PI_FIFO,459.784208
3.220019,-1,18,10000.893000,19.165000,458.275140,460.041099,460.000000,766,1.724860,PI,FIFO,true,PI_FIFO,458.275140
3.230018,-1,18,9999.058000,18.223000,461.065574,460.194770,460.000000,764,-1.065574,PI,FIFO,true,PI_FIFO,461.065574
3.240016,-1,18,9997.819000,16.042000,459.130131,460.035074,460.000000,765,0.869869,PI,FIFO,true,PI_FIFO,459.130131
3.250019,-1,18,10002.966000,19.008000,463.143526,460.501342,460.000000,762,-3.143526,PI,FIFO,true,PI_FIFO,463.143526
3.260015,-1,18,9995.892000,14.900000,459.333660,460.326190,460.000000,765,0.666340,PI,FIFO,true,PI_FIFO,459.333660
3.270018,-1,18,10003.151000,18.051000,458.140432,459.998326,460.000000,766,1.859568,PI,FIFO,true,PI_FIFO,458.140432
3.280015,-1,18,9996.726000,14.777000,457.317073,459.596138,460.000000,767,2.682927,PI,FIFO,true,PI_FIFO,457.317073
3.290019,-1,18,10003.799000,18.576000,456.730769,459.166333,460.000000,768,3.269231,PI,FIFO,true,PI_FIFO,456.730769
3.300015,-1,18,9996.393000,14.969000,461.141171,459.462558,460.000000,764,-1.141171,PI,FIFO,true,PI_FIFO,461.141171
3.310018,-1,18,10003.447000,18.416000,460.747543,459.655306,460.000000,765,-0.747543,PI,FIFO,true,PI_FIFO,460.747543
3.320018,-1,18,9999.800000,18.216000,463.017404,460.159621,460.000000,762,-3.017404,PI,FIFO,true,PI_FIFO,463.017404
3.330019,-1,18,10000.373000,18.589000,462.328767,460.484993,460.000000,763,-2.328767,PI,FIFO,true,PI_FIFO,462.328767
3.340018,-1,18,9999.541000,18.130000,458.702237,460.217579,460.000000,766,1.297763,PI,FIFO,true,PI_FIFO,458.702237
3.350022,-1,18,10003.522000,21.652000,458.848532,460.012222,460.000000,766,1.151468,PI,FIFO,true,PI_FIFO,458.848532
3.360018,-1,18,9996.725000,18.377000,460.461690,460.079642,460.000000,764,-0.461690,PI,FIFO,true,PI_FIFO,460.461690
3.370018,-1,18,10000.040000,18.417000,458.612255,459.859534,460.000000,766,1.387745,PI,FIFO,true,PI_FIFO,458.612255
3.380018,-1,18,9999.633000,18.050000,463.420662,460.393703,460.000000,762,-3.420662,PI,FIFO,true,PI_FIFO,463.420662
3.390018,-1,18,10000.004000,18.054000,459.558824,460.268471,460.000000,765,0.441176,PI,FIFO,true,PI_FIFO,459.558824
3.400018,-1,18,9999.855000,17.909000,458.488589,460.001489,460.000000,766,1.511411,PI,FIFO,true,PI_FIFO,458.488589
3.410018,-1,18,10000.540000,18.449000,458.061889,459.710549,460.000000,767,1.938111,PI,FIFO,true,PI_FIFO,458.061889
3.420019,-1,18,10000.318000,18.767000,457.210869,459.335597,460.000000,768,2.789131,PI,FIFO,true,PI_FIFO,457.210869
3.430019,-1,18,10000.022000,18.789000,461.317660,459.632906,460.000000,764,-1.317660,PI,FIFO,true,PI_FIFO,461.317660
3.440018,-1,18,9999.596000,18.385000,460.203366,459.718475,460.000000,765,-0.203366,PI,FIFO,true,PI_FIFO,460.203366
3.450018,-1,18,10000.059000,18.444000,463.853766,460.338769,460.000000,762,-3.853766,PI,FIFO,true,PI_FIFO,463.853766
3.460018,-1,18,9999.744000,18.188000,461.714353,460.545107,460.000000,763,-1.714353,PI,FIFO,true,PI_FIFO,461.714353
3.470018,-1,18,9999.947000,18.135000,458.612255,460.255179,460.000000,766,1.387745,PI,FIFO,true,PI_FIFO,458.612255
3.480018,-1,18,9999.670000,17.805000,459.108717,460.083210,460.000000,765,0.891283,PI,FIFO,true,PI_FIFO,459.108717
3.490019,-1,18,10001.300000,19.105000,458.848532,459.898008,460.000000,766,1.151468,PI,FIFO,true,PI_FIFO,458.848532
3.500019,-1,18,9999.596000,18.701000,459.108717,459.779614,460.000000,766,0.891283,PI,FIFO,true,PI_FIFO,459.108717
3.510018,-1,18,9999.633000,18.334000,463.017404,460.265283,460.000000,762,-3.017404,PI,FIFO,true,PI_FIFO,463.017404
3.520018,-1,18,9999.651000,17.985000,459.085052,460.088248,460.000000,765,0.914948,PI,FIFO,true,PI_FIFO,459.085052
3.530020,-1,18,10001.707000,19.692000,458.211144,459.806682,460.000000,766,1.788856,PI,FIFO,true,PI_FIFO,458.211144
3.540017,-1,18,9997.503000,17.195000,457.434515,459.450857,460.000000,767,2.565485,PI,FIFO,true,PI_FIFO,457.434515
3.550027,-1,18,10009.652000,26.847000,456.204380,458.963886,460.000000,769,3.795620,PI,FIFO,true,PI_FIFO,456.204380
3.560018,-1,18,9991.540000,18.387000,461.224754,459.303016,460.000000,765,-1.224754,PI,FIFO,true,PI_FIFO,461.224754
3.570019,-1,18,10000.374000,18.761000,460.634066,459.502673,460.000000,765,-0.634066,PI,FIFO,true,PI_FIFO,460.634066
3.580017,-1,18,9998.336000,17.097000,463.598901,460.117108,460.000000,762,-3.598901,PI,FIFO,true,PI_FIFO,463.598901
3.590017,-1,18,10000.096000,17.193000,461.497890,460.324225,460.000000,764,-1.497890,PI,FIFO,true,PI_FIFO,461.497890
3.600024,-1,18,10006.763000,23.956000,459.796076,460.245003,460.000000,765,0.203924,PI,FIFO,true,PI_FIFO,459.796076
3.610018,-1,18,9994.244000,18.200000,459.558824,460.142076,460.000000,765,0.441176,PI,FIFO,true,PI_FIFO,459.558824
3.620018,-1,18,10000.225000,18.425000,459.344377,460.022421,460.000000,766,0.655623,PI,FIFO,true,PI_FIFO,459.344377
3.630023,-1,18,10004.096000,22.521000,460.271318,460.059756,460.000000,765,-0.271318,PI,FIFO,true,PI_FIFO,460.271318
3.640017,-1,18,9994.225000,16.746000,461.141171,460.221968,460.000000,764,-1.141171,PI,FIFO,true,PI_FIFO,461.141171
3.650034,-1,18,10017.078000,33.824000,460.986025,460.336576,460.000000,764,-0.986025,PI,FIFO,true,PI_FIFO,460.986025
3.660017,-1,18,9983.022000,16.846000,458.435208,460.051371,460.000000,766,1.564792,PI,FIFO,true,PI_FIFO,458.435208
3.670017,-1,18,10000.058000,16.904000,458.488589,459.816954,460.000000,766,1.511411,PI,FIFO,true,PI_FIFO,458.488589
3.680028,-1,18,10011.207000,28.111000,455.097087,459.108974,460.000000,770,4.902913,PI,FIFO,true,PI_FIFO,455.097087
3.690022,-1,18,9993.652000,21.763000,461.942427,459.533992,460.000000,764,-1.942427,PI,FIFO,true,PI_FIFO,461.942427
3.700021,-1,18,9999.466000,21.229000,460.203366,459.634398,460.000000,765,-0.203366,PI,FIFO,true,PI_FIFO,460.203366
3.710021,-1,18,9999.800000,21.029000,463.384495,460.196913,460.000000,762,-3.384495,PI,FIFO,true,PI_FIFO,463.384495
3.720021,-1,18,9999.762000,20.791000,461.497890,460.392059,460.000000,764,-1.497890,PI,FIFO,true,PI_FIFO,461.497890
3.730021,-1,18,10000.281000,21.072000,458.559783,460.117218,460.000000,766,1.440217,PI,FIFO,true,PI_FIFO,458.559783
3.740020,-1,18,9999.337000,20.409000,459.558824,460.033459,460.000000,766,0.441176,PI,FIFO,true,PI_FIFO,459.558824
3.750019,-1,18,9998.910000,19.319000,459.321815,459.926712,460.000000,766,0.678185,PI,FIFO,true,PI_FIFO,459.321815
3.760019,-1,18,9999.189000,18.508000,459.108717,459.804013,460.000000,766,0.891283,PI,FIFO,true,PI_FIFO,459.108717
3.770019,-1,18,10000.170000,18.678000,461.942427,460.124775,460.000000,764,-1.942427,PI,FIFO,true,PI_FIFO,461.942427
3.780025,-1,18,10006.040000,24.718000,460.849719,460.233517,460.000000,764,-0.849719,PI,FIFO,true,PI_FIFO,460.849719
3.790021,-1,18,9995.874000,20.592000,458.559783,459.982457,460.000000,766,1.440217,PI,FIFO,true,PI_FIFO,458.559783
3.800016,-1,18,9995.651000,16.243000,457.423327,459.598587,460.000000,768,2.576673,PI,FIFO,true,PI_FIFO,457.423327
3.810019,-1,18,10002.689000,18.932000,456.081081,459.070961,460.000000,769,3.918919,PI,FIFO,true,PI_FIFO,456.081081
3.820023,-1,18,10003.651000,22.583000,460.849719,459.337775,460.000000,765,-0.849719,PI,FIFO,true,PI_FIFO,460.849719
3.830020,-1,18,9997.781000,20.364000,461.065574,459.596945,460.000000,765,-1.065574,PI,FIFO,true,PI_FIFO,461.065574
3.840021,-1,18,10000.411000,20.775000,462.799718,460.077361,460.000000,763,-2.799718,PI,FIFO,true,PI_FIFO,462.799718
3.850021,-1,18,9999.929000,20.704000,462.182148,460.393079,460.000000,763,-2.182148,PI,FIFO,true,PI_FIFO,462.182148
3.860020,-1,18,9998.911000,19.615000,458.435208,460.099398,460.000000,767,1.564792,PI,FIFO,true,PI_FIFO,458.435208
3.870018,-1,18,9998.873000,18.488000,460.747543,460.196620,460.000000,765,-0.747543,PI,FIFO,true,PI_FIFO,460.747543
3.880020,-1,18,10001.930000,20.418000,458.488589,459.940415,460.000000,767,1.511411,PI,FIFO,true,PI_FIFO,458.488589
3.890021,-1,18,10000.558000,20.976000,460.310966,459.995998,460.000000,765,-0.310966,PI,FIFO,true,PI_FIFO,460.310966
3.900020,-1,18,9998.670000,19.646000,461.281631,460.188843,460.000000,764,-1.281631,PI,FIFO,true,PI_FIFO,461.281631
3.910019,-1,18,9999.392000,19.038000,460.813763,460.282581,460.000000,764,-0.813763,PI,FIFO,true,PI_FIFO,460.813763
3.920021,-1,18,10001.930000,20.968000,459.558824,460.174017,460.000000,766,0.441176,PI,FIFO,true,PI_FIFO,459.558824
3.930021,-1,18,9999.744000,20.712000,458.140432,459.868979,460.000000,767,1.859568,PI,FIFO,true,PI_FIFO,458.140432
3.940020,-1,18,9999.447000,20.159000,456.648807,459.385953,460.000000,769,3.351193,PI,FIFO,true,PI_FIFO,456.648807
3.950021,-1,18,10000.522000,20.681000,460.271318,459.518758,460.000000,766,-0.271318,PI,FIFO,true,PI_FIFO,460.271318
3.960019,-1,18,9997.966000,18.647000,460.634066,459.686054,460.000000,765,-0.634066,PI,FIFO,true,PI_FIFO,460.634066
3.970018,-1,18,9999.541000,18.188000,463.598901,460.272981,460.000000,762,-3.598901,PI,FIFO,true,PI_FIFO,463.598901
3.980021,-1,18,10002.522000,20.710000,462.147887,460.554217,460.000000,763,-2.147887,PI,FIFO,true,PI_FIFO,462.147887
3.990020,-1,18,9999.244000,19.954000,457.669579,460.121521,460.000000,767,2.330421,PI,FIFO,true,PI_FIFO,457.669579
4.000020,-1,18,10000.095000,20.049000,460.687961,460.206487,460.000000,765,-0.687961,PI,FIFO,true,PI_FIFO,460.687961
4.010020,-1,18,10000.318000,20.367000,457.434515,459.790691,460.000000,768,2.565485,PI,FIFO,true,PI_FIFO,457.434515
4.020021,-1,18,10001.004000,21.371000,460.687961,459.925282,460.000000,765,-0.687961,PI,FIFO,true,PI_FIFO,460.687961
4.030020,-1,18,9999.003000,20.374000,461.942427,460.227854,460.000000,764,-1.942427,PI,FIFO,true,PI_FIFO,461.942427
4.040020,-1,18,9999.263000,19.637000,460.634066,460.288786,460.000000,765,-0.634066,PI,FIFO,true,PI_FIFO,460.634066
4.050022,-1,18,10002.355000,21.992000,459.809264,460.216857,460.000000,765,0.190736,PI,FIFO,true,PI_FIFO,459.809264
4.060021,-1,18,9999.355000,21.347000,457.423327,459.797828,460.000000,768,2.576673,PI,FIFO,true,PI_FIFO,457.423327
4.070020,-1,18,9999.003000,20.350000,457.069339,459.388555,460.000000,768,2.930661,PI,FIFO,true,PI_FIFO,457.069339
4.080020,-1,18,9999.152000,19.502000,459.988318,459.478519,460.000000,766,0.011682,PI,FIFO,true,PI_FIFO,459.988318
4.090019,-1,18,9999.873000,19.375000,459.809264,459.528131,460.000000,766,0.190736,PI,FIFO,true,PI_FIFO,459.809264
4.100021,-1,18,10001.485000,20.860000,463.453390,460.116920,460.000000,763,-3.453390,PI,FIFO,true,PI_FIFO,463.453390
4.110021,-1,18,9999.818000,20.678000,461.702955,460.354825,460.000000,764,-1.702955,PI,FIFO,true,PI_FIFO,461.702955
4.120020,-1,18,9999.670000,20.348000,458.488589,460.074890,460.000000,767,1.511411,PI,FIFO,true,PI_FIFO,458.488589
4.130020,-1,18,9999.948000,20.296000,459.809264,460.035046,460.000000,766,0.190736,PI,FIFO,true,PI_FIFO,459.809264
4.140019,-1,18,9998.614000,18.910000,458.702237,459.835124,460.000000,767,1.297763,PI,FIFO,true,PI_FIFO,458.702237
4.150019,-1,18,10000.114000,19.024000,459.809264,459.831245,460.000000,766,0.190736,PI,FIFO,true,PI_FIFO,459.809264
4.160021,-1,18,10002.244000,21.268000,462.147887,460.178742,460.000000,764,-2.147887,PI,FIFO,true,PI_FIFO,462.147887
4.170020,-1,18,9999.207000,20.475000,460.033574,460.156967,460.000000,765,-0.033574,PI,FIFO,true,PI_FIFO,460.033574
4.180020,-1,18,9999.115000,19.590000,460.461690,460.202675,460.000000,765,-0.461690,PI,FIFO,true,PI_FIFO,460.461690
4.190019,-1,18,9999.744000,19.334000,457.199692,459.752228,460.000000,768,2.800308,PI,FIFO,true,PI_FIFO,457.199692
4.200018,-1,18,9998.910000,18.244000,457.317073,459.386954,460.000000,768,2.682927,PI,FIFO,true,PI_FIFO,457.317073
4.210018,-1,18,10000.041000,18.285000,460.509307,459.555307,460.000000,766,-0.509307,PI,FIFO,true,PI_FIFO,460.509307
4.220020,-1,18,10001.985000,20.270000,460.634066,459.717121,460.000000,765,-0.634066,PI,FIFO,true,PI_FIFO,460.634066
4.230019,-1,18,9998.558000,18.828000,464.364337,460.414204,460.000000,762,-4.364337,PI,FIFO,true,PI_FIFO,464.364337
4.240023,-1,18,10003.707000,22.535000,461.931018,460.641726,460.000000,763,-1.931018,PI,FIFO,true,PI_FIFO,461.931018
4.250020,-1,18,9997.004000,19.539000,457.669579,460.195904,460.000000,767,2.330421,PI,FIFO,true,PI_FIFO,457.669579
4.260018,-1,18,9998.725000,18.264000,459.333660,460.066567,460.000000,766,0.666340,PI,FIFO,true,PI_FIFO,459.333660
4.270019,-1,18,10000.374000,18.638000,458.376222,459.813015,460.000000,767,1.623778,PI,FIFO,true,PI_FIFO,458.376222
4.280018,-1,18,9999.410000,18.048000,459.558824,459.774887,460.000000,766,0.441176,PI,FIFO,true,PI_FIFO,459.558824
4.290019,-1,18,10001.022000,19.070000,462.662338,460.208004,460.000000,763,-2.662338,PI,FIFO,true,PI_FIFO,462.662338
4.300018,-1,18,9999.411000,18.481000,458.659491,459.975727,460.000000,767,1.340509,PI,FIFO,true,PI_FIFO,458.659491
4.310031,-1,18,10012.818000,31.299000,461.702955,460.234811,460.000000,764,-1.702955,PI,FIFO,true,PI_FIFO,461.702955
4.320021,-1,18,9989.225000,20.524000,457.423327,459.813089,460.000000,768,2.576673,PI,FIFO,true,PI_FIFO,457.423327
4.330019,-1,18,9998.411000,18.935000,458.061889,459.550409,460.000000,768,1.938111,PI,FIFO,true,PI_FIFO,458.061889
4.340018,-1,18,9999.263000,18.198000,458.916084,459.455260,460.000000,767,1.083916,PI,FIFO,true,PI_FIFO,458.916084
4.350018,-1,18,10000.096000,18.294000,460.033574,459.542007,460.000000,766,-0.033574,PI,FIFO,true,PI_FIFO,460.033574
4.360018,-1,18,10000.021000,18.315000,463.890198,460.194236,460.000000,762,-3.890198,PI,FIFO,true,PI_FIFO,463.890198
4.370018,-1,18,9999.744000,18.059000,461.570022,460.400604,460.000000,764,-1.570022,PI,FIFO,true,PI_FIFO,461.570022
4.380027,-1,18,10008.911000,26.970000,459.344377,460.242170,460.000000,766,0.655623,PI,FIFO,true,PI_FIFO,459.344377
4.390021,-1,18,9994.244000,21.214000,460.033574,460.210880,460.000000,765,-0.033574,PI,FIFO,true,PI_FIFO,460.033574
4.400020,-1,18,9998.726000,19.940000,457.987298,459.877343,460.000000,767,2.012702,PI,FIFO,true,PI_FIFO,457.987298
4.410019,-1,18,9999.299000,19.239000,459.558824,459.829565,460.000000,766,0.441176,PI,FIFO,true,PI_FIFO,459.558824
4.420020,-1,18,10000.411000,19.650000,462.734452,460.265298,460.000000,763,-2.734452,PI,FIFO,true,PI_FIFO,462.734452
4.430018,-1,18,9998.688000,18.338000,459.085052,460.088261,460.000000,766,0.914948,PI,FIFO,true,PI_FIFO,459.085052
4.440019,-1,18,10000.855000,19.193000,461.065574,460.234858,460.000000,765,-1.065574,PI,FIFO,true,PI_FIFO,461.065574
4.450018,-1,18,9998.911000,18.104000,456.821873,459.722910,460.000000,768,3.178127,PI,FIFO,true,PI_FIFO,456.821873
4.460018,-1,18,9999.855000,17.959000,457.848837,459.441799,460.000000,768,2.151163,PI,FIFO,true,PI_FIFO,457.848837
4.470018,-1,18,10000.170000,18.129000,460.059978,459.534526,460.000000,766,-0.059978,PI,FIFO,true,PI_FIFO,460.059978
4.480019,-1,18,10000.633000,18.762000,459.773470,459.570368,460.000000,766,0.226530,PI,FIFO,true,PI_FIFO,459.773470
4.490019,-1,18,9999.781000,18.543000,464.876033,460.366218,460.000000,762,-4.876033,PI,FIFO,true,PI_FIFO,464.876033
4.500018,-1,18,9999.189000,17.732000,461.281631,460.503530,460.000000,764,-1.281631,PI,FIFO,true,PI_FIFO,461.281631
4.510018,-1,18,10000.614000,18.346000,459.308655,460.324298,460.000000,766,0.691345,PI,FIFO,true,PI_FIFO,459.308655
4.520017,-1,18,9999.022000,17.368000,458.916084,460.113066,460.000000,766,1.083916,PI,FIFO,true,PI_FIFO,458.916084
4.530018,-1,18,10000.947000,18.315000,459.321815,459.994379,460.000000,766,0.678185,PI,FIFO,true,PI_FIFO,459.321815
4.540019,-1,18,10000.319000,18.634000,460.235641,460.030568,460.000000,765,-0.235641,PI,FIFO,true,PI_FIFO,460.235641
4.550030,-1,18,10011.632000,30.266000,461.224754,460.209696,460.000000,764,-1.224754,PI,FIFO,true,PI_FIFO,461.224754
4.560021,-1,18,9990.948000,21.214000,459.988318,460.176489,460.000000,765,0.011682,PI,FIFO,true,PI_FIFO,459.988318
4.570019,-1,18,9997.318000,18.532000,461.065574,460.309852,460.000000,764,-1.065574,PI,FIFO,true,PI_FIFO,461.065574
4.580018,-1,18,9999.948000,18.480000,457.848837,459.940700,460.000000,767,2.151163,PI,FIFO,true,PI_FIFO,457.848837
4.590019,-1,18,10000.392000,18.872000,457.069339,459.509996,460.000000,768,2.930661,PI,FIFO,true,PI_FIFO,457.069339
4.600020,-1,18,10001.281000,20.153000,458.916084,459.420909,460.000000,767,1.083916,PI,FIFO,true,PI_FIFO,458.916084
4.610019,-1,18,9998.818000,18.971000,458.612255,459.299611,460.000000,768,1.387745,PI,FIFO,true,PI_FIFO,458.612255
4.620020,-1,18,10001.152000,20.123000,464.568880,460.090001,460.000000,762,-4.568880,PI,FIFO,true,PI_FIFO,464.568880
4.630019,-1,18,9998.596000,18.719000,460.986025,460.224405,460.000000,765,-0.986025,PI,FIFO,true,PI_FIFO,460.986025
4.640018,-1,18,9999.614000,18.333000,459.988318,460.188992,460.000000,766,0.011682,PI,FIFO,true,PI_FIFO,459.988318
4.650018,-1,18,10000.022000,18.355000,458.559783,459.944610,460.000000,767,1.440217,PI,FIFO,true,PI_FIFO,458.559783
4.660019,-1,18,10000.188000,18.543000,458.061889,459.662202,460.000000,768,1.938111,PI,FIFO,true,PI_FIFO,458.061889
4.670018,-1,18,9999.707000,18.250000,460.986025,459.860776,460.000000,765,-0.986025,PI,FIFO,true,PI_FIFO,460.986025
4.680025,-1,18,10006.892000,25.142000,461.368110,460.086876,460.000000,765,-1.368110,PI,FIFO,true,PI_FIFO,461.368110
4.690018,-1,18,9993.170000,18.312000,460.747543,460.185976,460.000000,765,-0.747543,PI,FIFO,true,PI_FIFO,460.747543
4.700019,-1,18,10000.855000,19.167000,460.235641,460.193426,460.000000,765,-0.235641,PI,FIFO,true,PI_FIFO,460.235641
4.710019,-1,18,9999.615000,18.782000,457.434515,459.779589,460.000000,768,2.565485,PI,FIFO,true,PI_FIFO,457.434515
4.720018,-1,18,9999.410000,18.192000,457.423327,459.426150,460.000000,768,2.576673,PI,FIFO,true,PI_FIFO,457.423327
4.730018,-1,18,10000.244000,18.436000,459.308655,459.408526,460.000000,767,0.691345,PI,FIFO,true,PI_FIFO,459.308655
4.740019,-1,18,10000.244000,18.680000,459.988318,459.495494,460.000000,766,0.011682,PI,FIFO,true,PI_FIFO,459.988318
4.750018,-1,18,9999.689000,18.369000,463.890198,460.154700,460.000000,763,-3.890198,PI,FIFO,true,PI_FIFO,463.890198
4.760018,-1,18,9999.799000,18.168000,461.570022,460.366998,460.000000,764,-1.570022,PI,FIFO,true,PI_FIFO,461.570022
4.770019,-1,18,10000.763000,18.931000,459.988318,460.310196,460.000000,766,0.011682,PI,FIFO,true,PI_FIFO,459.988318
4.780018,-1,18,9999.392000,18.323000,458.809135,460.085037,460.000000,767,1.190865,PI,FIFO,true,PI_FIFO,458.809135
4.790018,-1,18,10000.078000,18.401000,458.916084,459.909694,460.000000,767,1.083916,PI,FIFO,true,PI_FIFO,458.916084
4.800015,-1,18,9996.577000,14.978000,461.570022,460.158743,460.000000,764,-1.570022,PI,FIFO,true,PI_FIFO,461.570022
4.810024,-1,18,10009.410000,24.388000,460.634066,460.230042,460.000000,765,-0.634066,PI,FIFO,true,PI_FIFO,460.634066
4.820022,-1,18,9997.282000,21.670000,460.747543,460.307667,460.000000,765,-0.747543,PI,FIFO,true,PI_FIFO,460.747543
4.830019,-1,18,9997.021000,18.691000,459.784208,460.229148,460.000000,766,0.215792,PI,FIFO,true,PI_FIFO,459.784208
4.840018,-1,18,9999.707000,18.398000,458.612255,459.986614,460.000000,767,1.387745,PI,FIFO,true,PI_FIFO,458.612255
4.850018,-1,18,9999.855000,18.253000,457.540264,459.619662,460.000000,768,2.459736,PI,FIFO,true,PI_FIFO,457.540264
4.860019,-1,18,10000.319000,18.572000,459.321815,459.574985,460.000000,767,0.678185,PI,FIFO,true,PI_FIFO,459.321815
4.870018,-1,18,9999.207000,17.779000,458.659491,459.437661,460.000000,768,1.340509,PI,FIFO,true,PI_FIFO,458.659491
4.880019,-1,18,10000.892000,18.671000,464.350886,460.174644,460.000000,762,-4.350886,PI,FIFO,true,PI_FIFO,464.350886
4.890018,-1,18,9999.688000,18.359000,462.364960,460.503192,460.000000,764,-2.364960,PI,FIFO,true,PI_FIFO,462.364960
4.900018,-1,18,9999.652000,18.011000,459.558824,460.361537,460.000000,766,0.441176,PI,FIFO,true,PI_FIFO,459.558824
4.910025,-1,18,10007.336000,25.347000,459.773470,460.273327,460.000000,766,0.226530,PI,FIFO,true,PI_FIFO,459.773470
4.920021,-1,18,9995.966000,21.313000,457.317073,459.829889,460.000000,768,2.682927,PI,FIFO,true,PI_FIFO,457.317073
4.930019,-1,18,9997.837000,19.150000,462.364960,460.210149,460.000000,764,-2.364960,PI,FIFO,true,PI_FIFO,462.364960
4.940018,-1,18,9999.226000,18.376000,460.747543,460.290758,460.000000,765,-0.747543,PI,FIFO,true,PI_FIFO,460.747543
4.950020,-1,18,10001.929000,20.305000,461.822660,460.520544,460.000000,764,-1.822660,PI,FIFO,true,PI_FIFO,461.822660
4.960019,-1,18,9998.336000,18.641000,459.321815,460.340734,460.000000,766,0.678185,PI,FIFO,true,PI_FIFO,459.321815
4.970018,-1,18,9999.467000,18.108000,458.488589,460.062913,460.000000,767,1.511411,PI,FIFO,true,PI_FIFO,458.488589
4.980018,-1,18,10000.040000,18.148000,458.310701,459.800081,460.000000,767,1.689299,PI,FIFO,true,PI_FIFO,458.310701
4.990018,-1,18,10000.262000,18.410000,458.488589,459.603357,460.000000,767,1.511411,PI,FIFO,true,PI_FIFO,458.488589
5.000020,-1,18,10001.430000,19.840000,459.558824,459.596677,460.000000,766,0.441176,PI,FIFO,true,PI_FIFO,459.558824
5.010019,-1,18,9999.132000,18.972000,463.235294,460.142470,460.000000,763,-3.235294,PI,FIFO,true,PI_FIFO,463.235294
5.020019,-1,18,10000.411000,19.383000,461.463731,460.340659,460.000000,764,-1.463731,PI,FIFO,true,PI_FIFO,461.463731
5.030017,-1,18,9997.985000,17.368000,460.461690,460.358813,460.000000,765,-0.461690,PI,FIFO,true,PI_FIFO,460.461690
5.040017,-1,18,9999.559000,16.927000,460.033574,460.310027,460.000000,765,-0.033574,PI,FIFO,true,PI_FIFO,460.033574
5.050019,-1,18,10001.966000,18.893000,457.635983,459.908921,460.000000,768,2.364017,PI,FIFO,true,PI_FIFO,457.635983
5.060019,-1,18,9999.633000,18.526000,461.317660,460.120232,460.000000,764,-1.317660,PI,FIFO,true,PI_FIFO,461.317660
5.070026,-1,18,10007.540000,26.066000,460.203366,460.132702,460.000000,765,-0.203366,PI,FIFO,true,PI_FIFO,460.203366
5.080019,-1,18,9992.763000,18.829000,462.182148,460.440119,460.000000,763,-2.182148,PI,FIFO,true,PI_FIFO,462.182148
5.090019,-1,18,9999.892000,18.721000,460.009814,460.375573,460.000000,765,-0.009814,PI,FIFO,true,PI_FIFO,460.009814
5.100018,-1,18,9999.762000,18.483000,456.730769,459.828852,460.000000,768,3.269231,PI,FIFO,true,PI_FIFO,456.730769
5.110018,-1,18,9999.911000,18.394000,457.987298,459.552619,460.000000,767,2.012702,PI,FIFO,true,PI_FIFO,457.987298
5.120019,-1,18,10000.874000,19.268000,458.612255,459.411565,460.000000,767,1.387745,PI,FIFO,true,PI_FIFO,458.612255
5.130018,-1,18,9999.188000,18.456000,459.333660,459.399879,460.000000,767,0.666340,PI,FIFO,true,PI_FIFO,459.333660
5.140019,-1,18,10000.929000,19.385000,462.902807,459.925318,460.000000,763,-2.902807,PI,FIFO,true,PI_FIFO,462.902807
5.150018,-1,18,9999.041000,18.426000,463.017404,460.389131,460.000000,763,-3.017404,PI,FIFO,true,PI_FIFO,463.017404
5.160019,-1,18,10000.836000,19.262000,459.308655,460.227060,460.000000,766,0.691345,PI,FIFO,true,PI_FIFO,459.308655
5.170019,-1,18,9999.318000,18.580000,459.558824,460.126824,460.000000,766,0.441176,PI,FIFO,true,PI_FIFO,459.558824
5.180018,-1,18,9999.670000,18.250000,457.434515,459.722978,460.000000,768,2.565485,PI,FIFO,true,PI_FIFO,457.434515
5.190018,-1,18,10000.096000,18.346000,462.278107,460.106247,460.000000,764,-2.278107,PI,FIFO,true,PI_FIFO,462.278107
5.200019,-1,18,10000.670000,19.016000,460.271318,460.131008,460.000000,765,-0.271318,PI,FIFO,true,PI_FIFO,460.271318
5.210018,-1,18,9999.411000,18.427000,461.497890,460.336040,460.000000,764,-1.497890,PI,FIFO,true,PI_FIFO,461.497890
5.220019,-1,18,10001.003000,19.430000,460.461690,460.354888,460.000000,765,-0.461690,PI,FIFO,true,PI_FIFO,460.461690
5.230018,-1,18,9998.781000,18.211000,456.821873,459.824935,460.000000,768,3.178127,PI,FIFO,true,PI_FIFO,456.821873
5.240018,-1,18,10000.059000,18.270000,458.702237,459.656531,460.000000,767,1.297763,PI,FIFO,true,PI_FIFO,458.702237
5.250018,-1,18,9999.762000,18.032000,458.376222,459.464484,460.000000,767,1.623778,PI,FIFO,true,PI_FIFO,458.376222
5.260015,-1,18,9997.467000,15.499000,459.558824,459.478635,460.000000,767,0.441176,PI,FIFO,true,PI_FIFO,459.558824
5.270019,-1,18,10003.040000,18.539000,463.143526,460.028369,460.000000,763,-3.143526,PI,FIFO,true,PI_FIFO,463.143526
5.280018,-1,18,9999.929000,18.468000,462.364960,460.378857,460.000000,763,-2.364960,PI,FIFO,true,PI_FIFO,462.364960
5.290018,-1,18,9999.818000,18.286000,460.813763,460.444093,460.000000,765,-0.813763,PI,FIFO,true,PI_FIFO,460.813763
5.300015,-1,18,9996.522000,14.808000,459.130131,460.246999,460.000000,766,0.869869,PI,FIFO,true,PI_FIFO,459.130131
5.310024,-1,18,10009.411000,24.219000,457.565076,459.844710,460.000000,768,2.434924,PI,FIFO,true,PI_FIFO,457.565076
5.320015,-1,18,9991.262000,15.481000,461.065574,460.027840,460.000000,765,-1.065574,PI,FIFO,true,PI_FIFO,461.065574
5.330018,-1,18,10002.911000,18.392000,461.224754,460.207377,460.000000,764,-1.224754,PI,FIFO,true,PI_FIFO,461.224754
5.340018,-1,18,9999.763000,18.155000,462.278107,460.517986,460.000000,763,-2.278107,PI,FIFO,true,PI_FIFO,462.278107
5.350018,-1,18,9999.855000,18.010000,460.271318,460.480986,460.000000,765,-0.271318,PI,FIFO,true,PI_FIFO,460.271318
5.360018,-1,18,10000.207000,18.217000,457.540264,460.039878,460.000000,767,2.459736,PI,FIFO,true,PI_FIFO,457.540264
5.370018,-1,18,9999.781000,17.998000,457.904884,459.719629,460.000000,767,2.095116,PI,FIFO,true,PI_FIFO,457.904884
5.380018,-1,18,10000.392000,18.390000,457.763672,459.426235,460.000000,768,2.236328,PI,FIFO,true,PI_FIFO,457.763672
5.390018,-1,18,9999.892000,18.282000,460.271318,459.552998,460.000000,766,-0.271318,PI,FIFO,true,PI_FIFO,460.271318
5.400018,-1,18,9999.911000,18.193000,462.364960,459.974792,460.000000,764,-2.364960,PI,FIFO,true,PI_FIFO,462.364960
5.410018,-1,18,9999.910000,18.103000,462.582237,460.365909,460.000000,763,-2.582237,PI,FIFO,true,PI_FIFO,462.582237
5.420020,-1,18,10001.430000,19.533000,460.634066,460.406132,460.000000,765,-0.634066,PI,FIFO,true,PI_FIFO,460.634066
5.430018,-1,18,9998.836000,18.369000,459.796076,460.314624,460.000000,765,0.203924,PI,FIFO,true,PI_FIFO,459.796076
5.440027,-1,18,10008.633000,27.002000,458.211144,459.999102,460.000000,767,1.788856,PI,FIFO,true,PI_FIFO,458.211144
5.450025,-1,18,9998.392000,25.394000,461.463731,460.218796,460.000000,764,-1.463731,PI,FIFO,true,PI_FIFO,461.463731
5.460019,-1,18,9993.392000,18.786000,460.461690,460.255230,460.000000,765,-0.461690,PI,FIFO,true,PI_FIFO,460.461690
5.470019,-1,18,10000.689000,19.475000,461.702955,460.472389,460.000000,764,-1.702955,PI,FIFO,true,PI_FIFO,461.702955
5.480018,-1,18,9998.799000,18.274000,460.418616,460.464323,460.000000,764,-0.418616,PI,FIFO,true,PI_FIFO,460.418616
5.490018,-1,18,10000.152000,18.426000,456.821873,459.917955,460.000000,768,3.178127,PI,FIFO,true,PI_FIFO,456.821873
5.500018,-1,18,9999.559000,17.985000,459.130131,459.799782,460.000000,766,0.869869,PI,FIFO,true,PI_FIFO,459.130131
5.510018,-1,18,10000.429000,18.414000,457.565076,459.464576,460.000000,768,2.434924,PI,FIFO,true,PI_FIFO,457.565076
5.520018,-1,18,10000.040000,18.454000,459.558824,459.478713,460.000000,766,0.441176,PI,FIFO,true,PI_FIFO,459.558824
5.530019,-1,18,10000.763000,19.217000,462.662338,459.956257,460.000000,763,-2.662338,PI,FIFO,true,PI_FIFO,462.662338
5.540019,-1,18,9999.577000,18.794000,462.506167,460.338743,460.000000,763,-2.506167,PI,FIFO,true,PI_FIFO,462.506167
5.550034,-1,18,10015.188000,33.982000,461.750830,460.550556,460.000000,763,-1.750830,PI,FIFO,true,PI_FIFO,461.750830
5.560022,-1,18,9987.633000,21.615000,458.445883,460.234855,460.000000,766,1.554117,PI,FIFO,true,PI_FIFO,458.445883
5.570020,-1,18,9997.985000,19.600000,458.061889,459.908910,460.000000,767,1.938111,PI,FIFO,true,PI_FIFO,458.061889
5.580018,-1,18,9998.615000,18.215000,459.773470,459.888594,460.000000,766,0.226530,PI,FIFO,true,PI_FIFO,459.773470
5.590019,-1,18,10000.669000,18.884000,460.813763,460.027370,460.000000,765,-0.813763,PI,FIFO,true,PI_FIFO,460.813763
5.600018,-1,18,9999.226000,18.110000,461.281631,460.215509,460.000000,764,-1.281631,PI,FIFO,true,PI_FIFO,461.281631
5.610019,-1,18,10000.892000,19.002000,460.849719,460.310640,460.000000,764,-0.849719,PI,FIFO,true,PI_FIFO,460.849719
5.620018,-1,18,9999.263000,18.265000,456.081081,459.676206,460.000000,769,3.918919,PI,FIFO,true,PI_FIFO,456.081081
5.630026,-1,18,10008.151000,26.416000,458.612255,459.516614,460.000000,767,1.387745,PI,FIFO,true,PI_FIFO,458.612255
5.640020,-1,18,9993.411000,19.827000,458.211144,459.320793,460.000000,767,1.788856,PI,FIFO,true,PI_FIFO,458.211144
5.650019,-1,18,9999.299000,19.126000,459.558824,459.356498,460.000000,766,0.441176,PI,FIFO,true,PI_FIFO,459.558824
5.660021,-1,18,10002.337000,21.463000,463.453390,459.971032,460.000000,763,-3.453390,PI,FIFO,true,PI_FIFO,463.453390
5.670020,-1,18,9998.059000,19.522000,461.065574,460.135213,460.000000,765,-1.065574,PI,FIFO,true,PI_FIFO,461.065574
5.680019,-1,18,9999.429000,18.951000,462.147887,460.437114,460.000000,763,-2.147887,PI,FIFO,true,PI_FIFO,462.147887
5.690019,-1,18,10000.318000,19.269000,458.612255,460.163385,460.000000,766,1.387745,PI,FIFO,true,PI_FIFO,458.612255
5.700015,-1,18,9995.633000,14.902000,458.883994,459.971477,460.000000,766,1.116006,PI,FIFO,true,PI_FIFO,458.883994
5.710028,-1,18,10012.985000,27.887000,460.418616,460.038547,460.000000,765,-0.418616,PI,FIFO,true,PI_FIFO,460.418616
5.720017,-1,18,9989.429000,17.316000,460.562227,460.117099,460.000000,765,-0.562227,PI,FIFO,true,PI_FIFO,460.562227
5.730020,-1,18,10002.392000,19.708000,461.497890,460.324218,460.000000,764,-1.497890,PI,FIFO,true,PI_FIFO,461.497890
5.740019,-1,18,9999.633000,19.341000,460.986025,460.423489,460.000000,764,-0.986025,PI,FIFO,true,PI_FIFO,460.986025
5.750019,-1,18,9999.281000,18.622000,456.204380,459.790623,460.000000,769,3.795620,PI,FIFO,true,PI_FIFO,456.204380
5.760015,-1,18,9996.300000,14.922000,459.058760,459.680843,460.000000,766,0.941240,PI,FIFO,true,PI_FIFO,459.058760
5.770025,-1,18,10010.169000,25.091000,458.275140,459.469988,460.000000,767,1.724860,PI,FIFO,true,PI_FIFO,458.275140
5.780035,-1,18,10009.781000,34.872000,460.271318,459.590187,460.000000,766,-0.271318,PI,FIFO,true,PI_FIFO,460.271318
5.790017,-1,18,9982.282000,17.154000,463.017404,460.104270,460.000000,763,-3.017404,PI,FIFO,true,PI_FIFO,463.017404
5.800019,-1,18,10001.521000,18.675000,461.317660,460.286278,460.000000,764,-1.317660,PI,FIFO,true,PI_FIFO,461.317660
5.810018,-1,18,9999.800000,18.475000,462.582237,460.630672,460.000000,763,-2.582237,PI,FIFO,true,PI_FIFO,462.582237
5.820020,-1,18,10001.281000,19.756000,458.559783,460.320039,460.000000,766,1.440217,PI,FIFO,true,PI_FIFO,458.559783
5.830018,-1,18,9998.596000,18.352000,458.488589,460.045321,460.000000,766,1.511411,PI,FIFO,true,PI_FIFO,458.488589
5.840018,-1,18,9999.670000,18.022000,460.747543,460.150654,460.000000,765,-0.747543,PI,FIFO,true,PI_FIFO,460.747543
5.850018,-1,18,10000.318000,18.340000,460.235641,460.163402,460.000000,765,-0.235641,PI,FIFO,true,PI_FIFO,460.235641
5.860018,-1,18,9999.781000,18.121000,462.662338,460.538243,460.000000,763,-2.662338,PI,FIFO,true,PI_FIFO,462.662338
5.870019,-1,18,10000.522000,18.643000,459.784208,460.425137,460.000000,765,0.215792,PI,FIFO,true,PI_FIFO,459.784208
5.880019,-1,18,10000.373000,19.016000,458.187571,460.089502,460.000000,766,1.812429,PI,FIFO,true,PI_FIFO,458.187571
5.890018,-1,18,9999.244000,18.260000,457.495608,459.700418,460.000000,767,2.504392,PI,FIFO,true,PI_FIFO,457.495608
5.900018,-1,18,9999.744000,18.004000,458.612255,459.537194,460.000000,767,1.387745,PI,FIFO,true,PI_FIFO,458.612255
5.910018,-1,18,10000.226000,18.230000,459.988318,459.604862,460.000000,766,0.011682,PI,FIFO,true,PI_FIFO,459.988318
5.920019,-1,18,10000.670000,18.900000,462.379439,460.021049,460.000000,763,-2.379439,PI,FIFO,true,PI_FIFO,462.379439
5.930018,-1,18,9999.003000,17.903000,462.321529,460.366121,460.000000,763,-2.321529,PI,FIFO,true,PI_FIFO,462.321529
5.940018,-1,18,10000.152000,18.055000,463.143526,460.782732,460.000000,762,-3.143526,PI,FIFO,true,PI_FIFO,463.143526
5.950016,-1,18,9997.744000,15.799000,458.255939,460.403713,460.000000,766,1.744061,PI,FIFO,true,PI_FIFO,458.255939
5.960019,-1,18,10003.651000,19.450000,459.274443,460.234322,460.000000,765,0.725557,PI,FIFO,true,PI_FIFO,459.274443
5.970019,-1,18,9999.522000,18.972000,460.009814,460.200646,460.000000,765,-0.009814,PI,FIFO,true,PI_FIFO,460.009814
5.980018,-1,18,9999.207000,18.179000,460.033574,460.175585,460.000000,765,-0.033574,PI,FIFO,true,PI_FIFO,460.033574
5.990019,-1,18,10000.355000,18.534000,462.843239,460.575733,460.000000,762,-2.843239,PI,FIFO,true,PI_FIFO,462.843239
6.000018,-1,18,9999.614000,18.148000,460.914454,460.626541,460.000000,763,-0.914454,PI,FIFO,true,PI_FIFO,460.914454
6.010018,-1,18,9999.967000,18.115000,457.434515,460.147737,460.000000,767,2.565485,PI,FIFO,true,PI_FIFO,457.434515
6.020015,-1,18,9997.373000,15.488000,457.495608,459.749918,460.000000,767,2.504392,PI,FIFO,true,PI_FIFO,457.495608
6.030018,-1,18,10002.707000,18.195000,457.246637,459.374426,460.000000,768,2.753363,PI,FIFO,true,PI_FIFO,457.246637
6.040015,-1,18,9996.837000,15.032000,459.784208,459.435893,460.000000,766,0.215792,PI,FIFO,true,PI_FIFO,459.784208
6.050018,-1,18,10002.873000,17.905000,462.422118,459.883827,460.000000,763,-2.422118,PI,FIFO,true,PI_FIFO,462.422118
6.060015,-1,18,9996.874000,14.779000,462.364960,460.255997,460.000000,763,-2.364960,PI,FIFO,true,PI_FIFO,462.364960
6.070018,-1,18,10003.485000,18.264000,462.024970,460.521343,460.000000,763,-2.024970,PI,FIFO,true,PI_FIFO,462.024970
6.080015,-1,18,9996.318000,14.582000,458.744990,460.254890,460.000000,766,1.255010,PI,FIFO,true,PI_FIFO,458.744990
6.090018,-1,18,10003.336000,17.918000,459.558824,460.150480,460.000000,765,0.441176,PI,FIFO,true,PI_FIFO,459.558824
6.100015,-1,18,9996.745000,14.663000,459.773470,460.093929,460.000000,765,0.226530,PI,FIFO,true,PI_FIFO,459.773470
6.110016,-1,18,10000.910000,15.573000,460.033574,460.084875,460.000000,765,-0.033574,PI,FIFO,true,PI_FIFO,460.033574
6.120019,-1,18,10003.466000,19.039000,463.191700,460.550899,460.000000,762,-3.191700,PI,FIFO,true,PI_FIFO,463.191700
6.130019,-1,18,9999.874000,18.913000,458.612255,460.260103,460.000000,766,1.387745,PI,FIFO,true,PI_FIFO,458.612255
6.140018,-1,18,9999.355000,18.268000,458.232474,459.955958,460.000000,766,1.767526,PI,FIFO,true,PI_FIFO,458.232474
6.150019,-1,18,10000.522000,18.790000,457.614709,459.604771,460.000000,767,2.385291,PI,FIFO,true,PI_FIFO,457.614709
6.160018,-1,18,9999.207000,17.997000,457.635983,459.309453,460.000000,767,2.364017,PI,FIFO,true,PI_FIFO,457.635983
6.170028,-1,18,10009.762000,27.759000,460.059978,459.422031,460.000000,765,-0.059978,PI,FIFO,true,PI_FIFO,460.059978
6.180019,-1,18,9991.078000,18.837000,461.022387,459.662085,460.000000,764,-1.022387,PI,FIFO,true,PI_FIFO,461.022387
6.190019,-1,18,10000.651000,19.488000,462.379439,460.069688,460.000000,763,-2.379439,PI,FIFO,true,PI_FIFO,462.379439
6.200018,-1,18,9998.337000,17.825000,461.714353,460.316388,460.000000,763,-1.714353,PI,FIFO,true,PI_FIFO,461.714353
6.210018,-1,18,10000.392000,18.217000,458.612255,460.060768,460.000000,766,1.387745,PI,FIFO,true,PI_FIFO,458.612255
6.220016,-1,18,9997.892000,16.109000,457.987298,459.749747,460.000000,767,2.012702,PI,FIFO,true,PI_FIFO,457.987298
6.230018,-1,18,10002.263000,18.372000,460.986025,459.935189,460.000000,764,-0.986025,PI,FIFO,true,PI_FIFO,460.986025
6.240018,-1,18,9999.947000,18.319000,458.435208,459.710192,460.000000,766,1.564792,PI,FIFO,true,PI_FIFO,458.435208
6.250019,-1,18,10000.522000,18.841000,463.625716,460.297520,460.000000,762,-3.625716,PI,FIFO,true,PI_FIFO,463.625716
6.260019,-1,18,10000.040000,18.881000,459.558824,460.186716,460.000000,765,0.441176,PI,FIFO,true,PI_FIFO,459.558824
6.270030,-1,18,10011.522000,30.403000,457.540264,459.789748,460.000000,767,2.459736,PI,FIFO,true,PI_FIFO,457.540264
6.280019,-1,18,9988.652000,19.055000,457.199692,459.401240,460.000000,768,2.800308,PI,FIFO,true,PI_FIFO,457.199692
6.290019,-1,18,9999.966000,19.021000,457.049532,459.048483,460.000000,768,2.950468,PI,FIFO,true,PI_FIFO,457.049532
6.300019,-1,18,9999.985000,19.006000,460.864103,459.320826,460.000000,765,-0.864103,PI,FIFO,true,PI_FIFO,460.864103
6.310019,-1,18,9999.725000,18.731000,462.147887,459.744886,460.000000,764,-2.147887,PI,FIFO,true,PI_FIFO,462.147887
6.320018,-1,18,9999.540000,18.271000,461.942427,460.074517,460.000000,764,-1.942427,PI,FIFO,true,PI_FIFO,461.942427
6.330018,-1,18,9999.652000,17.923000,462.147887,460.385522,460.000000,763,-2.147887,PI,FIFO,true,PI_FIFO,462.147887
6.340018,-1,18,10000.244000,18.167000,459.809264,460.299084,460.000000,765,0.190736,PI,FIFO,true,PI_FIFO,459.809264
6.350018,-1,18,9999.985000,18.152000,458.275140,459.995492,460.000000,767,1.724860,PI,FIFO,true,PI_FIFO,458.275140
6.360030,-1,18,10011.521000,29.673000,461.570022,460.231672,460.000000,764,-1.570022,PI,FIFO,true,PI_FIFO,461.570022
6.370032,-1,18,10001.855000,31.528000,459.130131,460.066440,460.000000,766,0.869869,PI,FIFO,true,PI_FIFO,459.130131
6.380019,-1,18,9987.671000,19.199000,463.384495,460.564149,460.000000,762,-3.384495,PI,FIFO,true,PI_FIFO,463.384495
6.390018,-1,18,9999.003000,18.202000,459.333660,460.379575,460.000000,765,0.666340,PI,FIFO,true,PI_FIFO,459.333660
6.400019,-1,18,10000.373000,18.575000,459.085052,460.185397,460.000000,766,0.914948,PI,FIFO,true,PI_FIFO,459.085052
6.410024,-1,18,10005.596000,24.171000,457.495608,459.781928,460.000000,767,2.504392,PI,FIFO,true,PI_FIFO,457.495608
6.420020,-1,18,9995.374000,19.545000,457.199692,459.394593,460.000000,768,2.800308,PI,FIFO,true,PI_FIFO,457.199692
6.430028,-1,18,10008.799000,28.344000,460.506926,459.561443,460.000000,765,-0.506926,PI,FIFO,true,PI_FIFO,460.506926
6.440019,-1,18,9990.300000,18.644000,460.986025,459.775130,460.000000,765,-0.986025,PI,FIFO,true,PI_FIFO,460.986025
6.450017,-1,18,9998.170000,16.814000,463.235294,460.294155,460.000000,762,-3.235294,PI,FIFO,true,PI_FIFO,463.235294
6.460017,-1,18,9999.966000,16.780000,461.317660,460.447681,460.000000,764,-1.317660,PI,FIFO,true,PI_FIFO,461.317660
6.470031,-1,18,10013.744000,30.524000,459.344377,460.282185,460.000000,765,0.655623,PI,FIFO,true,PI_FIFO,459.344377
6.480019,-1,18,9988.096000,18.620000,459.308655,460.136156,460.000000,765,0.691345,PI,FIFO,true,PI_FIFO,459.308655
6.490018,-1,18,9999.855000,18.475000,459.344377,460.017389,460.000000,766,0.655623,PI,FIFO,true,PI_FIFO,459.344377
6.500019,-1,18,10000.152000,18.627000,459.558824,459.948604,460.000000,765,0.441176,PI,FIFO,true,PI_FIFO,459.558824
6.510019,-1,18,10000.521000,19.148000,462.582237,460.343649,460.000000,763,-2.582237,PI,FIFO,true,PI_FIFO,462.582237
6.520019,-1,18,9999.930000,19.078000,460.033574,460.297138,460.000000,765,-0.033574,PI,FIFO,true,PI_FIFO,460.033574
6.530019,-1,18,9999.947000,19.025000,457.495608,459.876908,460.000000,767,2.504392,PI,FIFO,true,PI_FIFO,457.495608
6.540018,-1,18,9999.393000,18.418000,458.744990,459.707121,460.000000,766,1.255010,PI,FIFO,true,PI_FIFO,458.744990
6.550030,-1,18,10011.317000,29.735000,456.574675,459.237254,460.000000,768,3.425325,PI,FIFO,true,PI_FIFO,456.574675
6.560021,-1,18,9991.467000,21.202000,461.463731,459.571225,460.000000,764,-1.463731,PI,FIFO,true,PI_FIFO,461.463731
6.570032,-1,18,10010.484000,31.686000,460.634066,459.730651,460.000000,765,-0.634066,PI,FIFO,true,PI_FIFO,460.634066
6.580019,-1,18,9987.022000,18.708000,463.879268,460.352944,460.000000,762,-3.879268,PI,FIFO,true,PI_FIFO,463.879268
6.590018,-1,18,9999.596000,18.304000,461.224754,460.483715,460.000000,764,-1.224754,PI,FIFO,true,PI_FIFO,461.224754
6.600027,-1,18,10008.503000,26.807000,459.558824,460.344982,460.000000,765,0.441176,PI,FIFO,true,PI_FIFO,459.558824
6.610020,-1,18,9992.763000,19.570000,459.558824,460.227058,460.000000,765,0.441176,PI,FIFO,true,PI_FIFO,459.558824
6.620016,-1,18,9996.892000,16.462000,459.301512,460.088226,460.000000,765,0.698488,PI,FIFO,true,PI_FIFO,459.301512
6.630018,-1,18,10002.022000,18.484000,459.859385,460.053900,460.000000,765,0.140615,PI,FIFO,true,PI_FIFO,459.859385
6.640015,-1,18,9996.614000,15.098000,461.714353,460.302968,460.000000,763,-1.714353,PI,FIFO,true,PI_FIFO,461.714353
6.650019,-1,18,10003.652000,18.750000,460.747543,460.369654,460.000000,764,-0.747543,PI,FIFO,true,PI_FIFO,460.747543
6.660018,-1,18,9999.207000,17.957000,457.763672,459.978757,460.000000,767,2.236328,PI,FIFO,true,PI_FIFO,457.763672
6.670031,-1,18,10012.836000,30.793000,458.848532,459.809223,460.000000,766,1.151468,PI,FIFO,true,PI_FIFO,458.848532
6.680034,-1,18,10003.337000,34.130000,456.204380,459.268496,460.000000,769,3.795620,PI,FIFO,true,PI_FIFO,456.204380
6.690020,-1,18,9985.707000,19.837000,461.224754,459.561935,460.000000,764,-1.224754,PI,FIFO,true,PI_FIFO,461.224754
6.700018,-1,18,9998.522000,18.359000,460.009814,459.629117,460.000000,765,-0.009814,PI,FIFO,true,PI_FIFO,460.009814
6.710018,-1,18,10000.077000,18.436000,463.625716,460.228607,460.000000,762,-3.625716,PI,FIFO,true,PI_FIFO,463.625716
6.720016,-1,18,9997.096000,15.532000,461.931018,460.483968,460.000000,763,-1.931018,PI,FIFO,true,PI_FIFO,461.931018
6.730019,-1,18,10003.170000,18.702000,458.310701,460.157978,460.000000,766,1.689299,PI,FIFO,true,PI_FIFO,458.310701
6.740018,-1,18,9999.651000,18.353000,459.773470,460.100302,460.000000,765,0.226530,PI,FIFO,true,PI_FIFO,459.773470
6.750016,-1,18,9997.207000,15.560000,458.310701,459.831862,460.000000,767,1.689299,PI,FIFO,true,PI_FIFO,458.310701
6.760018,-1,18,10002.504000,18.064000,459.773470,459.823103,460.000000,765,0.226530,PI,FIFO,true,PI_FIFO,459.773470
6.770029,-1,18,10010.892000,28.956000,462.902807,460.285059,460.000000,762,-2.902807,PI,FIFO,true,PI_FIFO,462.902807
6.780018,-1,18,9989.373000,18.329000,460.203366,460.272805,460.000000,765,-0.203366,PI,FIFO,true,PI_FIFO,460.203366
6.790019,-1,18,10000.800000,19.129000,458.310701,459.978489,460.000000,766,1.689299,PI,FIFO,true,PI_FIFO,458.310701
6.800018,-1,18,9998.948000,18.077000,458.916084,459.819128,460.000000,766,1.083916,PI,FIFO,true,PI_FIFO,458.916084
6.810019,-1,18,10000.484000,18.561000,456.081081,459.258421,460.000000,769,3.918919,PI,FIFO,true,PI_FIFO,456.081081
6.820019,-1,18,10000.430000,18.991000,461.281631,459.561903,460.000000,765,-1.281631,PI,FIFO,true,PI_FIFO,461.281631
6.830019,-1,18,9999.521000,18.512000,460.813763,459.749682,460.000000,765,-0.813763,PI,FIFO,true,PI_FIFO,460.813763
6.840018,-1,18,9999.226000,17.738000,463.453390,460.305238,460.000000,762,-3.453390,PI,FIFO,true,PI_FIFO,463.453390
6.850019,-1,18,10001.151000,18.889000,461.942427,460.550816,460.000000,763,-1.942427,PI,FIFO,true,PI_FIFO,461.942427
6.860018,-1,18,9999.244000,18.133000,458.435208,460.233475,460.000000,766,1.564792,PI,FIFO,true,PI_FIFO,458.435208
6.870027,-1,18,10009.115000,27.248000,459.558824,460.132277,460.000000,765,0.441176,PI,FIFO,true,PI_FIFO,459.558824
6.880019,-1,18,9991.373000,18.621000,458.061889,459.821719,460.000000,767,1.938111,PI,FIFO,true,PI_FIFO,458.061889
6.890020,-1,18,10001.078000,19.699000,460.747543,459.960593,460.000000,764,-0.747543,PI,FIFO,true,PI_FIFO,460.747543
6.900019,-1,18,9998.984000,18.683000,460.849719,460.093962,460.000000,764,-0.849719,PI,FIFO,true,PI_FIFO,460.849719
6.910018,-1,18,9999.559000,18.242000,461.141171,460.251043,460.000000,764,-1.141171,PI,FIFO,true,PI_FIFO,461.141171
6.920015,-1,18,9997.041000,15.283000,457.904884,459.899119,460.000000,767,2.095116,PI,FIFO,true,PI_FIFO,457.904884
6.930018,-1,18,10003.058000,18.341000,458.839076,459.740113,460.000000,766,1.160924,PI,FIFO,true,PI_FIFO,458.839076
6.940018,-1,18,9999.800000,18.141000,456.309560,459.225530,460.000000,769,3.690440,PI,FIFO,true,PI_FIFO,456.309560
6.950018,-1,18,9999.929000,18.070000,460.235641,459.377046,460.000000,766,-0.235641,PI,FIFO,true,PI_FIFO,460.235641
6.960018,-1,18,9999.800000,17.870000,461.224754,459.654203,460.000000,765,-1.224754,PI,FIFO,true,PI_FIFO,461.224754
6.970033,-1,18,10014.966000,32.836000,463.671691,460.256826,460.000000,762,-3.671691,PI,FIFO,true,PI_FIFO,463.671691
6.980015,-1,18,9982.411000,15.247000,462.582237,460.605638,460.000000,763,-2.582237,PI,FIFO,true,PI_FIFO,462.582237
6.990018,-1,18,10002.947000,18.194000,458.916084,460.352204,460.000000,766,1.083916,PI,FIFO,true,PI_FIFO,458.916084
7.000018,-1,18,9999.893000,18.087000,459.809264,460.270763,460.000000,765,0.190736,PI,FIFO,true,PI_FIFO,459.809264
7.010018,-1,18,10000.021000,18.108000,459.344377,460.131805,460.000000,765,0.655623,PI,FIFO,true,PI_FIFO,459.344377
7.020018,-1,18,10000.281000,18.389000,460.310966,460.158680,460.000000,765,-0.310966,PI,FIFO,true,PI_FIFO,460.310966
7.030019,-1,18,10000.707000,19.096000,461.714353,460.392030,460.000000,763,-1.714353,PI,FIFO,true,PI_FIFO,461.714353
7.040018,-1,18,9999.096000,18.192000,459.796076,460.302637,460.000000,765,0.203924,PI,FIFO,true,PI_FIFO,459.796076
7.050019,-1,18,10000.781000,18.973000,460.009814,460.258714,460.000000,765,-0.009814,PI,FIFO,true,PI_FIFO,460.009814
7.060018,-1,18,9999.189000,18.162000,457.387531,459.828036,460.000000,767,2.612469,PI,FIFO,true,PI_FIFO,457.387531
7.070031,-1,18,10012.633000,30.795000,457.138678,459.424633,460.000000,768,2.861322,PI,FIFO,true,PI_FIFO,457.138678
7.080019,-1,18,9988.151000,18.946000,459.796076,459.480349,460.000000,766,0.203924,PI,FIFO,true,PI_FIFO,459.796076
7.090019,-1,18,9999.763000,18.709000,460.418616,459.621089,460.000000,765,-0.418616,PI,FIFO,true,PI_FIFO,460.418616
7.100018,-1,18,9999.318000,18.027000,464.108911,460.294262,460.000000,762,-4.108911,PI,FIFO,true,PI_FIFO,464.108911
7.110018,-1,18,9999.818000,17.845000,462.147887,460.572306,460.000000,763,-2.147887,PI,FIFO,true,PI_FIFO,462.147887
7.120028,-1,18,10010.003000,27.848000,457.813348,460.158462,460.000000,767,2.186652,PI,FIFO,true,PI_FIFO,457.813348
7.130021,-1,18,9992.763000,20.611000,460.375550,460.191025,460.000000,765,-0.375550,PI,FIFO,true,PI_FIFO,460.375550
7.140015,-1,18,9994.688000,15.299000,458.423410,459.925883,460.000000,766,1.576590,PI,FIFO,true,PI_FIFO,458.423410
7.150019,-1,18,10003.263000,18.562000,459.784208,459.904632,460.000000,765,0.215792,PI,FIFO,true,PI_FIFO,459.784208
7.160018,-1,18,9999.484000,18.046000,461.931018,460.208590,460.000000,763,-1.931018,PI,FIFO,true,PI_FIFO,461.931018
7.170027,-1,18,10008.929000,26.975000,460.059978,460.186298,460.000000,765,-0.059978,PI,FIFO,true,PI_FIFO,460.059978
7.180015,-1,18,9987.967000,14.942000,459.558824,460.092177,460.000000,765,0.441176,PI,FIFO,true,PI_FIFO,459.558824
7.190036,-1,18,10020.762000,35.704000,458.376222,459.834784,460.000000,766,1.623778,PI,FIFO,true,PI_FIFO,458.376222
7.200021,-1,18,9985.078000,20.782000,456.821873,459.382847,460.000000,768,3.178127,PI,FIFO,true,PI_FIFO,456.821873
7.210019,-1,18,9998.670000,19.452000,459.344377,459.377077,460.000000,766,0.655623,PI,FIFO,true,PI_FIFO,459.344377
7.220021,-1,18,10001.392000,20.844000,460.271318,459.511213,460.000000,765,-0.271318,PI,FIFO,true,PI_FIFO,460.271318
7.230019,-1,18,9997.725000,18.569000,463.846480,460.161503,460.000000,762,-3.846480,PI,FIFO,true,PI_FIFO,463.846480
7.240015,-1,18,9996.874000,15.443000,462.632964,460.532222,460.000000,763,-2.632964,PI,FIFO,true,PI_FIFO,462.632964
7.250019,-1,18,10003.596000,19.039000,458.916084,460.289801,460.000000,766,1.083916,PI,FIFO,true,PI_FIFO,458.916084
7.260018,-1,18,9999.392000,18.431000,460.986025,460.394235,460.000000,764,-0.986025,PI,FIFO,true,PI_FIFO,460.986025
7.270028,-1,18,10009.336000,27.767000,458.211144,460.066771,460.000000,766,1.788856,PI,FIFO,true,PI_FIFO,458.211144
7.280019,-1,18,9991.300000,19.067000,460.223749,460.090318,460.000000,765,-0.223749,PI,FIFO,true,PI_FIFO,460.223749
7.290019,-1,18,9999.818000,18.885000,462.323701,460.425325,460.000000,763,-2.323701,PI,FIFO,true,PI_FIFO,462.323701
7.300018,-1,18,9999.318000,18.203000,459.321815,460.259799,460.000000,765,0.678185,PI,FIFO,true,PI_FIFO,459.321815
7.310018,-1,18,10000.078000,18.281000,461.065574,460.380665,460.000000,764,-1.065574,PI,FIFO,true,PI_FIFO,461.065574
7.320018,-1,18,10000.207000,18.488000,456.821873,459.846846,460.000000,768,3.178127,PI,FIFO,true,PI_FIFO,456.821873
7.330018,-1,18,9999.188000,17.676000,458.061889,459.579103,460.000000,767,1.938111,PI,FIFO,true,PI_FIFO,458.061889
7.340018,-1,18,10000.651000,18.327000,459.558824,459.576061,460.000000,766,0.441176,PI,FIFO,true,PI_FIFO,459.558824
7.350018,-1,18,9999.670000,17.997000,460.634066,459.734762,460.000000,765,-0.634066,PI,FIFO,true,PI_FIFO,460.634066
7.360018,-1,18,10000.393000,18.390000,464.060546,460.383629,460.000000,761,-4.060546,PI,FIFO,true,PI_FIFO,464.060546
7.370028,-1,18,10009.206000,27.596000,462.095820,460.640458,460.000000,763,-2.095820,PI,FIFO,true,PI_FIFO,462.095820
7.380018,-1,18,9990.856000,18.452000,457.848837,460.221715,460.000000,766,2.151163,PI,FIFO,true,PI_FIFO,457.848837
7.390025,-1,18,10006.188000,24.640000,460.562227,460.272792,460.000000,764,-0.562227,PI,FIFO,true,PI_FIFO,460.562227
7.400016,-1,18,9991.022000,15.662000,458.275140,459.973144,460.000000,766,1.724860,PI,FIFO,true,PI_FIFO,458.275140
7.410019,-1,18,10003.003000,18.665000,460.310966,460.023817,460.000000,765,-0.310966,PI,FIFO,true,PI_FIFO,460.310966
7.420015,-1,18,9996.559000,15.224000,461.671044,460.270901,460.000000,763,-1.671044,PI,FIFO,true,PI_FIFO,461.671044
7.430019,-1,18,10003.633000,18.857000,460.556935,460.313806,460.000000,764,-0.556935,PI,FIFO,true,PI_FIFO,460.556935
7.440015,-1,18,9996.355000,15.212000,460.634066,460.361845,460.000000,764,-0.634066,PI,FIFO,true,PI_FIFO,460.634066
7.450018,-1,18,10002.614000,17.826000,456.821873,459.830849,460.000000,767,3.178127,PI,FIFO,true,PI_FIFO,456.821873
7.460015,-1,18,9997.078000,14.904000,457.272461,459.447091,460.000000,767,2.727539,PI,FIFO,true,PI_FIFO,457.272461
7.470030,-1,18,10014.910000,29.814000,460.271318,459.570725,460.000000,765,-0.271318,PI,FIFO,true,PI_FIFO,460.271318
7.480015,-1,18,9985.448000,15.262000,459.601737,459.575377,460.000000,766,0.398263,PI,FIFO,true,PI_FIFO,459.601737
7.490019,-1,18,10003.263000,18.525000,464.364337,460.293721,460.000000,761,-4.364337,PI,FIFO,true,PI_FIFO,464.364337
7.500018,-1,18,9999.484000,18.009000,461.714353,460.506816,460.000000,763,-1.714353,PI,FIFO,true,PI_FIFO,461.714353
7.510018,-1,18,9999.744000,17.753000,459.058760,460.289607,460.000000,765,0.941240,PI,FIFO,true,PI_FIFO,459.058760
7.520017,-1,18,9999.170000,16.923000,459.130131,460.115686,460.000000,765,0.869869,PI,FIFO,true,PI_FIFO,459.130131
7.530018,-1,18,10000.652000,17.575000,457.813348,459.770335,460.000000,767,2.186652,PI,FIFO,true,PI_FIFO,457.813348
7.540019,-1,18,10001.262000,18.837000,460.203366,459.835290,460.000000,765,-0.203366,PI,FIFO,true,PI_FIFO,460.203366
7.550029,-1,18,10010.429000,29.266000,461.463731,460.079556,460.000000,764,-1.463731,PI,FIFO,true,PI_FIFO,461.463731
7.560020,-1,18,9990.374000,19.640000,460.418616,460.130415,460.000000,764,-0.418616,PI,FIFO,true,PI_FIFO,460.418616
7.570031,-1,18,10010.929000,30.569000,460.310966,460.157497,460.000000,764,-0.310966,PI,FIFO,true,PI_FIFO,460.310966
7.580018,-1,18,9987.818000,18.387000,457.423327,459.747372,460.000000,767,2.576673,PI,FIFO,true,PI_FIFO,457.423327
7.590019,-1,18,10000.615000,19.002000,457.763672,459.449817,460.000000,767,2.236328,PI,FIFO,true,PI_FIFO,457.763672
7.600029,-1,18,10009.836000,28.838000,458.958877,459.376176,460.000000,766,1.041123,PI,FIFO,true,PI_FIFO,458.958877
7.610020,-1,18,9991.300000,20.138000,459.058760,459.328563,460.000000,766,0.941240,PI,FIFO,true,PI_FIFO,459.058760
7.620019,-1,18,9998.596000,18.734000,464.327830,460.078453,460.000000,761,-4.327830,PI,FIFO,true,PI_FIFO,464.327830
7.630019,-1,18,10000.114000,18.848000,461.463731,460.286245,460.000000,764,-1.463731,PI,FIFO,true,PI_FIFO,461.463731
7.640018,-1,18,9999.578000,18.426000,459.301512,460.138535,460.000000,765,0.698488,PI,FIFO,true,PI_FIFO,459.301512
7.650019,-1,18,10000.447000,18.873000,458.859039,459.946611,460.000000,766,1.140961,PI,FIFO,true,PI_FIFO,458.859039
7.660018,-1,18,9999.448000,18.321000,458.435208,459.719900,460.000000,766,1.564792,PI,FIFO,true,PI_FIFO,458.435208
7.670030,-1,18,10011.781000,30.102000,460.986025,459.909819,460.000000,764,-0.986025,PI,FIFO,true,PI_FIFO,460.986025
7.680027,-1,18,9996.633000,26.735000,461.497890,460.148030,460.000000,764,-1.497890,PI,FIFO,true,PI_FIFO,461.497890
7.690019,-1,18,9992.263000,18.998000,460.059978,460.134822,460.000000,765,-0.059978,PI,FIFO,true,PI_FIFO,460.059978
7.700017,-1,18,9998.281000,17.279000,460.203366,460.145103,460.000000,765,-0.203366,PI,FIFO,true,PI_FIFO,460.203366
7.710017,-1,18,9999.929000,17.208000,458.012159,459.825162,460.000000,767,1.987841,PI,FIFO,true,PI_FIFO,458.012159
7.720019,-1,18,10001.410000,18.618000,458.104523,459.567066,460.000000,767,1.895477,PI,FIFO,true,PI_FIFO,458.104523
7.730019,-1,18,9999.967000,18.585000,459.308655,459.528305,460.000000,766,0.691345,PI,FIFO,true,PI_FIFO,459.308655
7.740015,-1,18,9996.762000,15.347000,459.130131,459.468578,460.000000,766,0.869869,PI,FIFO,true,PI_FIFO,459.130131
7.750024,-1,18,10008.300000,23.647000,464.350886,460.200925,460.000000,762,-4.350886,PI,FIFO,true,PI_FIFO,464.350886
7.760025,-1,18,10001.096000,24.743000,462.104497,460.486461,460.000000,763,-2.104497,PI,FIFO,true,PI_FIFO,462.104497
7.770031,-1,18,10006.521000,31.264000,458.928921,460.252830,460.000000,766,1.071079,PI,FIFO,true,PI_FIFO,458.928921
7.780028,-1,18,9997.041000,28.305000,458.848532,460.042185,460.000000,766,1.151468,PI,FIFO,true,PI_FIFO,458.848532
7.790021,-1,18,9993.022000,21.327000,457.987298,459.733952,460.000000,767,2.012702,PI,FIFO,true,PI_FIFO,457.987298
7.800019,-1,18,9997.836000,19.163000,460.461690,459.843113,460.000000,765,-0.461690,PI,FIFO,true,PI_FIFO,460.461690
7.810015,-1,18,9996.059000,15.222000,461.541167,460.097821,460.000000,764,-1.541167,PI,FIFO,true,PI_FIFO,461.541167
7.820019,-1,18,10003.874000,19.096000,460.310966,460.129792,460.000000,765,-0.310966,PI,FIFO,true,PI_FIFO,460.310966
7.830032,-1,18,10013.355000,32.451000,461.065574,460.270160,460.000000,764,-1.065574,PI,FIFO,true,PI_FIFO,461.065574
7.840020,-1,18,9987.077000,19.528000,456.821873,459.752917,460.000000,768,3.178127,PI,FIFO,true,PI_FIFO,456.821873
7.850019,-1,18,9999.318000,18.846000,457.423327,459.403478,460.000000,768,2.576673,PI,FIFO,true,PI_FIFO,457.423327
7.860019,-1,18,10000.318000,19.164000,459.809264,459.464346,460.000000,766,0.190736,PI,FIFO,true,PI_FIFO,459.809264
7.870029,-1,18,10009.948000,29.112000,459.344377,459.446351,460.000000,766,0.655623,PI,FIFO,true,PI_FIFO,459.344377
7.880019,-1,18,9989.651000,18.763000,465.132304,460.299244,460.000000,761,-5.132304,PI,FIFO,true,PI_FIFO,465.132304
7.890019,-1,18,10000.078000,18.841000,461.714353,460.511510,460.000000,763,-1.714353,PI,FIFO,true,PI_FIFO,461.714353
7.900033,-1,18,10014.318000,33.159000,459.321815,460.333056,460.000000,765,0.678185,PI,FIFO,true,PI_FIFO,459.321815
7.910021,-1,18,9987.410000,20.569000,458.488589,460.056386,460.000000,766,1.511411,PI,FIFO,true,PI_FIFO,458.488589
7.920018,-1,18,9997.837000,18.406000,458.012159,459.749752,460.000000,767,1.987841,PI,FIFO,true,PI_FIFO,458.012159
7.930018,-1,18,9999.577000,17.983000,460.677181,459.888866,460.000000,765,-0.677181,PI,FIFO,true,PI_FIFO,460.677181
7.940018,-1,18,9999.967000,17.950000,460.562227,459.989870,460.000000,765,-0.562227,PI,FIFO,true,PI_FIFO,460.562227
7.950018,-1,18,10000.170000,18.120000,460.849719,460.118848,460.000000,764,-0.849719,PI,FIFO,true,PI_FIFO,460.849719
7.960026,-1,18,10008.262000,26.382000,460.509307,460.177417,460.000000,765,-0.509307,PI,FIFO,true,PI_FIFO,460.509307
7.970032,-1,18,10005.281000,31.663000,457.763672,459.815355,460.000000,767,2.236328,PI,FIFO,true,PI_FIFO,457.763672
7.980019,-1,18,9987.152000,18.815000,458.376222,459.599485,460.000000,767,1.623778,PI,FIFO,true,PI_FIFO,458.376222
7.990019,-1,18,9999.799000,18.614000,458.659491,459.458486,460.000000,767,1.340509,PI,FIFO,true,PI_FIFO,458.659491
8.000019,-1,18,10000.115000,18.729000,459.558824,459.473537,460.000000,766,0.441176,PI,FIFO,true,PI_FIFO,459.558824
8.010018,-1,18,9999.207000,17.936000,463.649852,460.099984,460.000000,762,-3.649852,PI,FIFO,true,PI_FIFO,463.649852
8.020018,-1,18,9999.744000,17.680000,461.702955,460.340429,460.000000,764,-1.702955,PI,FIFO,true,PI_FIFO,461.702955
8.030026,-1,18,10008.725000,26.405000,459.773470,460.255386,460.000000,765,0.226530,PI,FIFO,true,PI_FIFO,459.773470
8.040020,-1,18,9993.429000,19.834000,460.059978,460.226075,460.000000,765,-0.059978,PI,FIFO,true,PI_FIFO,460.059978
8.050019,-1,18,9999.281000,19.115000,457.210869,459.773794,460.000000,768,2.789131,PI,FIFO,true,PI_FIFO,457.210869
8.060018,-1,18,9999.059000,18.174000,461.822660,460.081124,460.000000,764,-1.822660,PI,FIFO,true,PI_FIFO,461.822660
8.070030,-1,18,10011.670000,29.844000,460.634066,460.164065,460.000000,765,-0.634066,PI,FIFO,true,PI_FIFO,460.634066
8.080019,-1,18,9989.633000,19.477000,461.942427,460.430819,460.000000,763,-1.942427,PI,FIFO,true,PI_FIFO,461.942427
8.090019,-1,18,9999.837000,19.314000,459.333660,460.266245,460.000000,765,0.666340,PI,FIFO,true,PI_FIFO,459.333660
8.100019,-1,18,9999.336000,18.650000,457.669579,459.876745,460.000000,767,2.330421,PI,FIFO,true,PI_FIFO,457.669579
8.110018,-1,18,9999.374000,18.024000,458.435208,459.660515,460.000000,767,1.564792,PI,FIFO,true,PI_FIFO,458.435208
8.120018,-1,18,10000.262000,18.286000,458.488589,459.484726,460.000000,767,1.511411,PI,FIFO,true,PI_FIFO,458.488589
8.130018,-1,18,10000.133000,18.419000,459.308655,459.458315,460.000000,766,0.691345,PI,FIFO,true,PI_FIFO,459.308655
8.140015,-1,18,9996.133000,14.552000,464.327830,460.188743,460.000000,762,-4.327830,PI,FIFO,true,PI_FIFO,464.327830
8.150018,-1,18,10003.578000,18.130000,461.702955,460.415874,460.000000,764,-1.702955,PI,FIFO,true,PI_FIFO,461.702955
8.160015,-1,18,9997.188000,15.318000,460.235641,460.388839,460.000000,765,-0.235641,PI,FIFO,true,PI_FIFO,460.235641
8.170026,-1,18,10010.966000,26.284000,460.033574,460.335550,460.000000,765,-0.033574,PI,FIFO,true,PI_FIFO,460.033574
8.180015,-1,18,9988.855000,15.139000,457.987298,459.983312,460.000000,767,2.012702,PI,FIFO,true,PI_FIFO,457.987298
8.190018,-1,18,10003.263000,18.402000,461.942427,460.277179,460.000000,763,-1.942427,PI,FIFO,true,PI_FIFO,461.942427
8.200018,-1,18,9999.466000,17.868000,460.634066,460.330712,460.000000,764,-0.634066,PI,FIFO,true,PI_FIFO,460.634066
8.210018,-1,18,10000.355000,18.223000,461.317660,460.478754,460.000000,764,-1.317660,PI,FIFO,true,PI_FIFO,461.317660
8.220018,-1,18,9999.966000,18.189000,460.418616,460.469734,460.000000,764,-0.418616,PI,FIFO,true,PI_FIFO,460.418616
8.230027,-1,18,10008.948000,27.137000,457.317073,459.996835,460.000000,767,2.682927,PI,FIFO,true,PI_FIFO,457.317073
8.240019,-1,18,9992.096000,19.233000,458.061889,459.706593,460.000000,767,1.938111,PI,FIFO,true,PI_FIFO,458.061889
8.250019,-1,18,10000.003000,19.236000,459.796076,459.720015,460.000000,765,0.203924,PI,FIFO,true,PI_FIFO,459.796076
8.260019,-1,18,9999.541000,18.777000,458.435208,459.527294,460.000000,767,1.564792,PI,FIFO,true,PI_FIFO,458.435208
8.270031,-1,18,10011.873000,30.650000,463.384495,460.105874,460.000000,762,-3.384495,PI,FIFO,true,PI_FIFO,463.384495
8.280019,-1,18,9987.948000,18.598000,462.104497,460.405668,460.000000,763,-2.104497,PI,FIFO,true,PI_FIFO,462.104497
8.290018,-1,18,9999.818000,18.416000,460.110154,460.361341,460.000000,765,-0.110154,PI,FIFO,true,PI_FIFO,460.110154
8.300018,-1,18,9999.207000,17.623000,459.130131,460.176659,460.000000,765,0.869869,PI,FIFO,true,PI_FIFO,459.130131
8.310019,-1,18,10001.374000,18.997000,457.813348,459.822162,460.000000,767,2.186652,PI,FIFO,true,PI_FIFO,457.813348
8.320018,-1,18,9999.484000,18.481000,460.634066,459.943948,460.000000,765,-0.634066,PI,FIFO,true,PI_FIFO,460.634066
8.330026,-1,18,10007.244000,25.725000,460.813763,460.074420,460.000000,764,-0.813763,PI,FIFO,true,PI_FIFO,460.813763
8.340020,-1,18,9994.652000,20.377000,462.147887,460.385440,460.000000,763,-2.147887,PI,FIFO,true,PI_FIFO,462.147887
8.350030,-1,18,10009.873000,30.250000,460.986025,460.475528,460.000000,764,-0.986025,PI,FIFO,true,PI_FIFO,460.986025
8.360019,-1,18,9988.837000,19.087000,456.786543,459.922180,460.000000,767,3.213457,PI,FIFO,true,PI_FIFO,456.786543
8.370033,-1,18,10013.540000,32.627000,458.559783,459.717821,460.000000,766,1.440217,PI,FIFO,true,PI_FIFO,458.559783
8.380019,-1,18,9985.874000,18.501000,458.275140,459.501418,460.000000,767,1.724860,PI,FIFO,true,PI_FIFO,458.275140
8.390019,-1,18,10000.448000,18.949000,460.059978,459.585202,460.000000,765,-0.059978,PI,FIFO,true,PI_FIFO,460.059978
8.400018,-1,18,9998.873000,17.822000,462.799718,460.067380,460.000000,763,-2.799718,PI,FIFO,true,PI_FIFO,462.799718
8.410018,-1,18,10000.485000,18.307000,462.182148,460.384595,460.000000,763,-2.182148,PI,FIFO,true,PI_FIFO,462.182148
8.420018,-1,18,9999.615000,17.922000,460.461690,460.396159,460.000000,764,-0.461690,PI,FIFO,true,PI_FIFO,460.461690
8.430027,-1,18,10009.021000,26.943000,459.558824,460.270559,460.000000,765,0.441176,PI,FIFO,true,PI_FIFO,459.558824
8.440020,-1,18,9992.930000,19.873000,457.540264,459.861015,460.000000,767,2.459736,PI,FIFO,true,PI_FIFO,457.540264
8.450019,-1,18,9998.762000,18.635000,460.986025,460.029766,460.000000,764,-0.986025,PI,FIFO,true,PI_FIFO,460.986025
8.460018,-1,18,9999.689000,18.324000,461.368110,460.230518,460.000000,764,-1.368110,PI,FIFO,true,PI_FIFO,461.368110
8.470031,-1,18,10012.336000,30.660000,460.634066,460.291050,460.000000,764,-0.634066,PI,FIFO,true,PI_FIFO,460.634066
8.480030,-1,18,9999.448000,30.108000,460.509307,460.323789,460.000000,764,-0.509307,PI,FIFO,true,PI_FIFO,460.509307
8.490020,-1,18,9990.114000,20.222000,455.588553,459.613503,460.000000,769,4.411447,PI,FIFO,true,PI_FIFO,455.588553
8.500019,-1,18,9998.670000,18.892000,459.558824,459.605301,460.000000,766,0.441176,PI,FIFO,true,PI_FIFO,459.558824
8.510018,-1,18,9999.503000,18.395000,457.094100,459.228621,460.000000,768,2.905900,PI,FIFO,true,PI_FIFO,457.094100
8.520019,-1,18,10000.819000,19.214000,460.271318,459.385026,460.000000,765,-0.271318,PI,FIFO,true,PI_FIFO,460.271318
8.530018,-1,18,9998.966000,18.180000,463.235294,459.962566,460.000000,763,-3.235294,PI,FIFO,true,PI_FIFO,463.235294
8.540018,-1,18,9999.596000,17.776000,462.075575,460.279517,460.000000,763,-2.075575,PI,FIFO,true,PI_FIFO,462.075575
8.550034,-1,18,10016.577000,34.353000,461.463731,460.457149,460.000000,763,-1.463731,PI,FIFO,true,PI_FIFO,461.463731
8.560021,-1,18,9986.355000,20.708000,458.488589,460.161865,460.000000,766,1.511411,PI,FIFO,true,PI_FIFO,458.488589
8.570033,-1,18,10011.874000,32.582000,458.012159,459.839409,460.000000,767,1.987841,PI,FIFO,true,PI_FIFO,458.012159
8.580019,-1,18,9985.966000,18.548000,460.461690,459.932751,460.000000,765,-0.461690,PI,FIFO,true,PI_FIFO,460.461690
8.590020,-1,18,10000.966000,19.514000,460.986025,460.090742,460.000000,764,-0.986025,PI,FIFO,true,PI_FIFO,460.986025
8.600028,-1,18,10008.059000,27.573000,462.278107,460.418847,460.000000,763,-2.278107,PI,FIFO,true,PI_FIFO,462.278107
8.610021,-1,18,9993.003000,20.576000,460.747543,460.468151,460.000000,764,-0.747543,PI,FIFO,true,PI_FIFO,460.747543
8.620019,-1,18,9998.263000,18.839000,455.982490,459.795302,460.000000,768,4.017510,PI,FIFO,true,PI_FIFO,455.982490
8.630029,-1,18,10010.114000,28.953000,459.321815,459.724279,460.000000,766,0.678185,PI,FIFO,true,PI_FIFO,459.321815
8.640020,-1,18,9990.892000,19.845000,457.763672,459.430188,460.000000,767,2.236328,PI,FIFO,true,PI_FIFO,457.763672
8.650019,-1,18,9999.485000,19.330000,459.796076,459.485071,460.000000,766,0.203924,PI,FIFO,true,PI_FIFO,459.796076
8.660019,-1,18,9999.485000,18.815000,462.364960,459.917055,460.000000,763,-2.364960,PI,FIFO,true,PI_FIFO,462.364960
8.670031,-1,18,10012.188000,31.003000,463.017404,460.382107,460.000000,762,-3.017404,PI,FIFO,true,PI_FIFO,463.017404
8.680027,-1,18,9996.226000,27.229000,461.065574,460.484627,460.000000,764,-1.065574,PI,FIFO,true,PI_FIFO,461.065574
8.690018,-1,18,9991.114000,18.343000,458.848532,460.239213,460.000000,766,1.151468,PI,FIFO,true,PI_FIFO,458.848532
8.700020,-1,18,10001.541000,19.884000,458.275140,459.944602,460.000000,766,1.724860,PI,FIFO,true,PI_FIFO,458.275140
8.710019,-1,18,9999.595000,19.479000,460.310966,459.999556,460.000000,765,-0.310966,PI,FIFO,true,PI_FIFO,460.310966
8.720018,-1,18,9998.967000,18.446000,461.065574,460.159459,460.000000,764,-1.065574,PI,FIFO,true,PI_FIFO,461.065574
8.730018,-1,18,9999.966000,18.412000,461.822660,460.408939,460.000000,763,-1.822660,PI,FIFO,true,PI_FIFO,461.822660
8.740019,-1,18,10000.336000,18.748000,460.271318,460.388296,460.000000,764,-0.271318,PI,FIFO,true,PI_FIFO,460.271318
8.750019,-1,18,9999.985000,18.733000,456.786543,459.848033,460.000000,768,3.213457,PI,FIFO,true,PI_FIFO,456.786543
8.760019,-1,18,10000.541000,19.274000,459.058760,459.729642,460.000000,766,0.941240,PI,FIFO,true,PI_FIFO,459.058760
8.770027,-1,18,10007.688000,26.962000,457.423327,459.383695,460.000000,768,2.576673,PI,FIFO,true,PI_FIFO,457.423327
8.780018,-1,18,9991.207000,18.169000,460.310966,459.522785,460.000000,765,-0.310966,PI,FIFO,true,PI_FIFO,460.310966
8.790018,-1,18,10000.207000,18.376000,462.582237,459.981703,460.000000,763,-2.582237,PI,FIFO,true,PI_FIFO,462.582237
8.800018,-1,18,9999.744000,18.120000,462.328767,460.333763,460.000000,763,-2.328767,PI,FIFO,true,PI_FIFO,462.328767
8.810018,-1,18,9999.855000,17.975000,462.364960,460.638442,460.000000,762,-2.364960,PI,FIFO,true,PI_FIFO,462.364960
8.820018,-1,18,9999.818000,17.793000,458.612255,460.334514,460.000000,766,1.387745,PI,FIFO,true,PI_FIFO,458.612255
8.830027,-1,18,10009.152000,26.945000,458.883994,460.116936,460.000000,766,1.116006,PI,FIFO,true,PI_FIFO,458.883994
8.840019,-1,18,9992.410000,19.355000,460.033574,460.104432,460.000000,765,-0.033574,PI,FIFO,true,PI_FIFO,460.033574
8.850019,-1,18,9999.411000,18.766000,461.065574,460.248603,460.000000,764,-1.065574,PI,FIFO,true,PI_FIFO,461.065574
8.860018,-1,18,9999.114000,17.880000,461.570022,460.446816,460.000000,763,-1.570022,PI,FIFO,true,PI_FIFO,461.570022
8.870028,-1,18,10010.411000,28.291000,460.634066,460.474904,460.000000,764,-0.634066,PI,FIFO,true,PI_FIFO,460.634066
8.880019,-1,18,9990.374000,18.665000,457.317073,460.001229,460.000000,767,2.682927,PI,FIFO,true,PI_FIFO,457.317073
8.890019,-1,18,10000.151000,18.816000,457.848837,459.678370,460.000000,767,2.151163,PI,FIFO,true,PI_FIFO,457.848837
8.900018,-1,18,9999.540000,18.356000,457.813348,459.398617,460.000000,767,2.186652,PI,FIFO,true,PI_FIFO,457.813348
8.910018,-1,18,9999.985000,18.341000,459.130131,459.358344,460.000000,766,0.869869,PI,FIFO,true,PI_FIFO,459.130131
8.920018,-1,18,9999.689000,18.030000,462.835985,459.879990,460.000000,763,-2.835985,PI,FIFO,true,PI_FIFO,462.835985
8.930018,-1,18,9999.966000,17.996000,462.364960,460.252736,460.000000,763,-2.364960,PI,FIFO,true,PI_FIFO,462.364960
8.940018,-1,18,10000.318000,18.314000,462.422118,460.578143,460.000000,762,-2.422118,PI,FIFO,true,PI_FIFO,462.422118
8.950019,-1,18,10000.300000,18.614000,457.987298,460.189516,460.000000,766,2.012702,PI,FIFO,true,PI_FIFO,457.987298
8.960015,-1,18,9996.836000,15.450000,458.612255,459.952927,460.000000,766,1.387745,PI,FIFO,true,PI_FIFO,458.612255
8.970027,-1,18,10011.763000,27.213000,460.190457,459.988557,460.000000,765,-0.190457,PI,FIFO,true,PI_FIFO,460.190457
8.980019,-1,18,9991.373000,18.586000,460.461690,460.059527,460.000000,764,-0.461690,PI,FIFO,true,PI_FIFO,460.461690
8.990019,-1,18,9999.967000,18.553000,462.328767,460.399913,460.000000,762,-2.328767,PI,FIFO,true,PI_FIFO,462.328767
9.000015,-1,18,9996.410000,14.963000,459.773470,460.305946,460.000000,765,0.226530,PI,FIFO,true,PI_FIFO,459.773470
9.010018,-1,18,10003.244000,18.207000,456.029186,459.664432,460.000000,768,3.970814,PI,FIFO,true,PI_FIFO,456.029186
9.020015,-1,18,9996.911000,15.118000,457.987298,459.412862,460.000000,767,2.012702,PI,FIFO,true,PI_FIFO,457.987298
9.030027,-1,18,10011.725000,26.843000,457.434515,459.116110,460.000000,768,2.565485,PI,FIFO,true,PI_FIFO,457.434515
9.040019,-1,18,9992.244000,19.087000,459.558824,459.182517,460.000000,766,0.441176,PI,FIFO,true,PI_FIFO,459.558824
9.050018,-1,18,9999.300000,18.387000,462.182148,459.632462,460.000000,764,-2.182148,PI,FIFO,true,PI_FIFO,462.182148
9.060015,-1,18,9996.355000,14.742000,462.050271,459.995133,460.000000,763,-2.050271,PI,FIFO,true,PI_FIFO,462.050271
9.070028,-1,18,10013.188000,27.930000,462.662338,460.395214,460.000000,763,-2.662338,PI,FIFO,true,PI_FIFO,462.662338
9.080019,-1,18,9990.578000,18.508000,459.130131,460.205451,460.000000,765,0.869869,PI,FIFO,true,PI_FIFO,459.130131
9.090019,-1,18,10000.355000,18.863000,458.759243,459.988520,460.000000,766,1.240757,PI,FIFO,true,PI_FIFO,458.759243
9.100018,-1,18,9998.948000,17.811000,460.246400,460.027202,460.000000,765,-0.246400,PI,FIFO,true,PI_FIFO,460.246400
9.110018,-1,18,10000.281000,18.092000,459.308655,459.919420,460.000000,766,0.691345,PI,FIFO,true,PI_FIFO,459.308655
9.120020,-1,18,10001.910000,20.002000,463.235294,460.416801,460.000000,762,-3.235294,PI,FIFO,true,PI_FIFO,463.235294
9.130018,-1,18,9998.226000,18.228000,459.308655,460.250579,460.000000,765,0.691345,PI,FIFO,true,PI_FIFO,459.308655
9.140018,-1,18,10000.077000,18.305000,458.702237,460.018328,460.000000,766,1.297763,PI,FIFO,true,PI_FIFO,458.702237
9.150019,-1,18,10000.652000,18.957000,457.942556,459.706962,460.000000,767,2.057444,PI,FIFO,true,PI_FIFO,457.942556
9.160019,-1,18,9999.966000,18.923000,456.777618,459.267561,460.000000,768,3.222382,PI,FIFO,true,PI_FIFO,456.777618
9.170026,-1,18,10006.892000,25.815000,459.988318,459.375674,460.000000,766,0.011682,PI,FIFO,true,PI_FIFO,459.988318
9.180015,-1,18,9989.559000,15.374000,462.582237,459.856659,460.000000,763,-2.582237,PI,FIFO,true,PI_FIFO,462.582237
9.190020,-1,18,10004.707000,20.081000,461.497890,460.102843,460.000000,764,-1.497890,PI,FIFO,true,PI_FIFO,461.497890
9.200017,-1,18,9997.077000,17.158000,462.662338,460.486767,460.000000,763,-2.662338,PI,FIFO,true,PI_FIFO,462.662338
9.210016,-1,18,9999.318000,16.476000,458.435208,460.179033,460.000000,766,1.564792,PI,FIFO,true,PI_FIFO,458.435208
9.220017,-1,18,10000.133000,16.609000,457.669579,459.802615,460.000000,767,2.330421,PI,FIFO,true,PI_FIFO,457.669579
9.230029,-1,18,10012.133000,28.742000,459.558824,459.766047,460.000000,766,0.441176,PI,FIFO,true,PI_FIFO,459.558824
9.240020,-1,18,9991.374000,20.116000,459.558824,459.734963,460.000000,766,0.441176,PI,FIFO,true,PI_FIFO,459.558824
9.250018,-1,18,9998.373000,18.489000,463.628014,460.318921,460.000000,762,-3.628014,PI,FIFO,true,PI_FIFO,463.628014
9.260031,-1,18,10012.448000,30.937000,459.108717,460.137390,460.000000,766,0.891283,PI,FIFO,true,PI_FIFO,459.108717
9.270034,-1,18,10002.781000,33.718000,458.702237,459.922117,460.000000,766,1.297763,PI,FIFO,true,PI_FIFO,458.702237
9.280019,-1,18,9985.633000,19.351000,457.669579,459.584236,460.000000,767,2.330421,PI,FIFO,true,PI_FIFO,457.669579
9.290018,-1,18,9998.985000,18.336000,457.540264,459.277640,460.000000,768,2.459736,PI,FIFO,true,PI_FIFO,457.540264
9.300018,-1,18,10000.040000,18.376000,459.986055,459.383903,460.000000,766,0.013945,PI,FIFO,true,PI_FIFO,459.986055
9.310029,-1,18,10011.114000,29.490000,462.780136,459.893338,460.000000,763,-2.780136,PI,FIFO,true,PI_FIFO,462.780136
9.320021,-1,18,9991.208000,20.698000,462.662338,460.308688,460.000000,763,-2.662338,PI,FIFO,true,PI_FIFO,462.662338
9.330019,-1,18,9998.688000,19.386000,461.931018,460.552037,460.000000,763,-1.931018,PI,FIFO,true,PI_FIFO,461.931018
9.340018,-1,18,9998.300000,17.686000,459.058760,460.328046,460.000000,766,0.941240,PI,FIFO,true,PI_FIFO,459.058760
9.350018,-1,18,10000.077000,17.763000,458.488589,460.052127,460.000000,766,1.511411,PI,FIFO,true,PI_FIFO,458.488589
9.360019,-1,18,10000.874000,18.637000,459.809264,460.015698,460.000000,765,0.190736,PI,FIFO,true,PI_FIFO,459.809264
9.370030,-1,18,10011.003000,29.640000,458.873299,459.844338,460.000000,766,1.126701,PI,FIFO,true,PI_FIFO,458.873299
9.380022,-1,18,9991.892000,21.532000,463.143526,460.339216,460.000000,762,-3.143526,PI,FIFO,true,PI_FIFO,463.143526
9.390017,-1,18,9995.892000,17.424000,460.506926,460.364372,460.000000,764,-0.506926,PI,FIFO,true,PI_FIFO,460.506926
9.400017,-1,18,9999.207000,16.631000,458.140432,460.030781,460.000000,767,1.859568,PI,FIFO,true,PI_FIFO,458.140432
9.410017,-1,18,10000.522000,17.153000,458.275140,459.767435,460.000000,767,1.724860,PI,FIFO,true,PI_FIFO,458.275140
9.420017,-1,18,9999.411000,16.564000,456.821873,459.325601,460.000000,768,3.178127,PI,FIFO,true,PI_FIFO,456.821873
9.430020,-1,18,10003.410000,19.974000,461.497890,459.651444,460.000000,764,-1.497890,PI,FIFO,true,PI_FIFO,461.497890
9.440018,-1,18,9998.059000,18.033000,461.065574,459.863564,460.000000,765,-1.065574,PI,FIFO,true,PI_FIFO,461.065574
9.450017,-1,18,9998.948000,16.981000,463.671691,460.434783,460.000000,762,-3.671691,PI,FIFO,true,PI_FIFO,463.671691
9.460017,-1,18,9999.651000,16.632000,462.182148,460.696888,460.000000,763,-2.182148,PI,FIFO,true,PI_FIFO,462.182148
9.470030,-1,18,10012.874000,29.506000,459.333660,460.492404,460.000000,765,0.666340,PI,FIFO,true,PI_FIFO,459.333660
9.480017,-1,18,9987.596000,17.102000,458.376222,460.174976,460.000000,766,1.623778,PI,FIFO,true,PI_FIFO,458.376222
9.490017,-1,18,9999.614000,16.716000,459.988318,460.146978,460.000000,765,0.011682,PI,FIFO,true,PI_FIFO,459.988318
9.500017,-1,18,10000.226000,16.942000,459.759154,460.088804,460.000000,765,0.240846,PI,FIFO,true,PI_FIFO,459.759154
9.510017,-1,18,9999.947000,16.889000,463.060965,460.534628,460.000000,762,-3.060965,PI,FIFO,true,PI_FIFO,463.060965
9.520017,-1,18,10000.004000,16.893000,459.058760,460.313248,460.000000,765,0.941240,PI,FIFO,true,PI_FIFO,459.058760
9.530019,-1,18,10002.558000,19.451000,459.344377,460.167917,460.000000,765,0.655623,PI,FIFO,true,PI_FIFO,459.344377
9.540015,-1,18,9995.448000,14.899000,457.565076,459.777491,460.000000,767,2.434924,PI,FIFO,true,PI_FIFO,457.565076
9.550026,-1,18,10011.392000,26.291000,456.786543,459.328849,460.000000,768,3.213457,PI,FIFO,true,PI_FIFO,456.786543
9.560019,-1,18,9992.818000,19.109000,461.942427,459.720886,460.000000,764,-1.942427,PI,FIFO,true,PI_FIFO,461.942427
9.570027,-1,18,10008.337000,27.446000,460.235641,459.798099,460.000000,765,-0.235641,PI,FIFO,true,PI_FIFO,460.235641
9.580017,-1,18,9989.892000,17.338000,463.384495,460.336058,460.000000,762,-3.384495,PI,FIFO,true,PI_FIFO,463.384495
9.590019,-1,18,10001.911000,19.249000,462.147887,460.607833,460.000000,763,-2.147887,PI,FIFO,true,PI_FIFO,462.147887
9.600021,-1,18,10002.170000,21.419000,458.559783,460.300625,460.000000,766,1.440217,PI,FIFO,true,PI_FIFO,458.559783
9.610018,-1,18,9996.985000,18.404000,459.558824,460.189355,460.000000,765,0.441176,PI,FIFO,true,PI_FIFO,459.558824
9.620018,-1,18,9999.855000,18.259000,459.008813,460.012274,460.000000,766,0.991187,PI,FIFO,true,PI_FIFO,459.008813
9.630028,-1,18,10009.984000,28.243000,460.031311,460.015129,460.000000,765,-0.031311,PI,FIFO,true,PI_FIFO,460.031311
9.640019,-1,18,9991.152000,19.395000,462.662338,460.412211,460.000000,762,-2.662338,PI,FIFO,true,PI_FIFO,462.662338
9.650019,-1,18,9999.207000,18.602000,460.687961,460.453573,460.000000,764,-0.687961,PI,FIFO,true,PI_FIFO,460.687961
9.660019,-1,18,10000.466000,19.068000,458.376222,460.141970,460.000000,766,1.623778,PI,FIFO,true,PI_FIFO,458.376222
9.670031,-1,18,10011.614000,30.682000,458.435208,459.885956,460.000000,766,1.564792,PI,FIFO,true,PI_FIFO,458.435208
9.680023,-1,18,9992.133000,22.815000,455.795803,459.272433,460.000000,769,4.204197,PI,FIFO,true,PI_FIFO,455.795803
9.690019,-1,18,9996.541000,19.356000,461.141171,459.552744,460.000000,764,-1.141171,PI,FIFO,true,PI_FIFO,461.141171
9.700019,-1,18,9999.299000,18.655000,461.224754,459.803545,460.000000,764,-1.224754,PI,FIFO,true,PI_FIFO,461.224754
9.710026,-1,18,10007.281000,25.936000,463.453390,460.351022,460.000000,762,-3.453390,PI,FIFO,true,PI_FIFO,463.453390
9.720018,-1,18,9992.059000,17.995000,461.942427,460.589733,460.000000,763,-1.942427,PI,FIFO,true,PI_FIFO,461.942427
9.730020,-1,18,10001.707000,19.702000,458.659491,460.300197,460.000000,766,1.340509,PI,FIFO,true,PI_FIFO,458.659491
9.740023,-1,18,10003.411000,23.113000,460.033574,460.260203,460.000000,764,-0.033574,PI,FIFO,true,PI_FIFO,460.033574
9.750019,-1,18,9996.355000,19.468000,459.558824,460.154996,460.000000,765,0.441176,PI,FIFO,true,PI_FIFO,459.558824
9.760019,-1,18,9999.781000,19.249000,459.558824,460.065570,460.000000,765,0.441176,PI,FIFO,true,PI_FIFO,459.558824
9.770030,-1,18,10010.855000,30.104000,461.281631,460.247979,460.000000,763,-1.281631,PI,FIFO,true,PI_FIFO,461.281631
9.780027,-1,18,9996.559000,26.663000,460.461690,460.280036,460.000000,764,-0.461690,PI,FIFO,true,PI_FIFO,460.461690
9.790017,-1,18,9990.133000,16.796000,458.565029,460.022785,460.000000,766,1.434971,PI,FIFO,true,PI_FIFO,458.565029
9.800019,-1,18,10002.133000,18.929000,458.255939,459.757758,460.000000,766,1.744061,PI,FIFO,true,PI_FIFO,458.255939
9.810019,-1,18,10000.558000,19.487000,456.262807,459.233515,460.000000,768,3.737193,PI,FIFO,true,PI_FIFO,456.262807
9.820015,-1,18,9995.652000,15.139000,460.849719,459.475946,460.000000,765,-0.849719,PI,FIFO,true,PI_FIFO,460.849719
9.830027,-1,18,10012.170000,27.309000,460.009814,459.556026,460.000000,765,-0.009814,PI,FIFO,true,PI_FIFO,460.009814
9.840017,-1,18,9989.374000,16.683000,463.060965,460.081767,460.000000,762,-3.060965,PI,FIFO,true,PI_FIFO,463.060965
9.850019,-1,18,10002.540000,19.223000,461.822660,460.342901,460.000000,763,-1.822660,PI,FIFO,true,PI_FIFO,461.822660
9.860017,-1,18,9997.336000,16.559000,458.702237,460.096801,460.000000,766,1.297763,PI,FIFO,true,PI_FIFO,458.702237
9.870026,-1,18,10009.559000,26.118000,459.796076,460.051693,460.000000,765,0.203924,PI,FIFO,true,PI_FIFO,459.796076
9.880017,-1,18,9990.596000,16.714000,458.659491,459.842862,460.000000,766,1.340509,PI,FIFO,true,PI_FIFO,458.659491
9.890017,-1,18,10000.244000,16.958000,459.558824,459.800257,460.000000,765,0.441176,PI,FIFO,true,PI_FIFO,459.558824
9.900021,-1,18,10004.429000,21.387000,461.322704,460.028624,460.000000,764,-1.322704,PI,FIFO,true,PI_FIFO,461.322704
9.910019,-1,18,9997.263000,18.650000,460.033574,460.029366,460.000000,765,-0.033574,PI,FIFO,true,PI_FIFO,460.033574
9.920024,-1,18,10005.022000,23.672000,459.378675,459.931763,460.000000,765,0.621325,PI,FIFO,true,PI_FIFO,459.378675
9.930021,-1,18,9997.595000,21.267000,457.904884,459.627731,460.000000,767,2.095116,PI,FIFO,true,PI_FIFO,457.904884
9.940019,-1,18,9997.559000,18.826000,455.716508,459.041047,460.000000,769,4.283492,PI,FIFO,true,PI_FIFO,455.716508
9.950021,-1,18,10001.967000,20.793000,460.509307,459.261286,460.000000,765,-0.509307,PI,FIFO,true,PI_FIFO,460.509307
9.960015,-1,18,9994.225000,15.018000,460.677181,459.473671,460.000000,765,-0.677181,PI,FIFO,true,PI_FIFO,460.677181
9.970032,-1,18,10016.670000,31.688000,463.598901,460.092455,460.000000,762,-3.598901,PI,FIFO,true,PI_FIFO,463.598901
9.980018,-1,18,9986.800000,18.488000,462.147887,460.400770,460.000000,763,-2.147887,PI,FIFO,true,PI_FIFO,462.147887
9.990018,-1,18,9999.910000,18.398000,457.317073,459.938215,460.000000,767,2.682927,PI,FIFO,true,PI_FIFO,457.317073
10.000018,-1,18,9999.652000,18.050000,461.497890,460.172167,460.000000,764,-1.497890,PI,FIFO,true,PI_FIFO,461.497890
10.010019,-1,18,10000.558000,18.608000,457.317073,459.743903,460.000000,768,2.682927,PI,FIFO,true,PI_FIFO,457.317073
10.020035,-1,18,10015.967000,34.575000,461.022387,459.935675,460.000000,764,-1.022387,PI,FIFO,true,PI_FIFO,461.022387
10.030029,-1,18,9994.318000,28.893000,461.942427,460.236688,460.000000,763,-1.942427,PI,FIFO,true,PI_FIFO,461.942427
10.040020,-1,18,9991.170000,20.063000,460.506926,460.277224,460.000000,764,-0.506926,PI,FIFO,true,PI_FIFO,460.506926
10.050020,-1,18,9999.984000,20.047000,460.509307,460.312036,460.000000,764,-0.509307,PI,FIFO,true,PI_FIFO,460.509307
10.060019,-1,18,9998.652000,18.699000,457.423327,459.878730,460.000000,767,2.576673,PI,FIFO,true,PI_FIFO,457.423327
10.070033,-1,18,10013.929000,32.628000,456.648807,459.394241,460.000000,768,3.351193,PI,FIFO,true,PI_FIFO,456.648807
10.080020,-1,18,9987.337000,19.965000,460.033574,459.490141,460.000000,766,-0.033574,PI,FIFO,true,PI_FIFO,460.033574
10.090019,-1,18,9998.873000,18.838000,460.914454,459.703788,460.000000,765,-0.914454,PI,FIFO,true,PI_FIFO,460.914454
10.100019,-1,18,9999.781000,18.619000,463.867188,460.328298,460.000000,762,-3.867188,PI,FIFO,true,PI_FIFO,463.867188
10.110019,-1,18,10000.041000,18.660000,462.799718,460.699011,460.000000,762,-2.799718,PI,FIFO,true,PI_FIFO,462.799718
10.120018,-1,18,9999.596000,18.256000,457.069339,460.154560,460.000000,767,2.930661,PI,FIFO,true,PI_FIFO,457.069339
10.130018,-1,18,9999.929000,18.185000,460.203366,460.161881,460.000000,765,-0.203366,PI,FIFO,true,PI_FIFO,460.203366
10.140019,-1,18,10000.799000,18.984000,458.310701,459.884204,460.000000,767,1.689299,PI,FIFO,true,PI_FIFO,458.310701
10.150018,-1,18,9999.318000,18.302000,461.497890,460.126257,460.000000,764,-1.497890,PI,FIFO,true,PI_FIFO,461.497890
10.160018,-1,18,9999.782000,18.084000,461.065574,460.267155,460.000000,764,-1.065574,PI,FIFO,true,PI_FIFO,461.065574
10.170029,-1,18,10011.243000,29.327000,461.065574,460.386917,460.000000,764,-1.065574,PI,FIFO,true,PI_FIFO,461.065574
10.180019,-1,18,9989.374000,18.701000,460.033574,460.333916,460.000000,765,-0.033574,PI,FIFO,true,PI_FIFO,460.033574
10.190018,-1,18,9999.448000,18.149000,457.317073,459.881390,460.000000,767,2.682927,PI,FIFO,true,PI_FIFO,457.317073
10.200018,-1,18,10000.170000,18.319000,457.434515,459.514358,460.000000,767,2.565485,PI,FIFO,true,PI_FIFO,457.434515
10.210019,-1,18,10000.392000,18.711000,459.558824,459.521028,460.000000,766,0.441176,PI,FIFO,true,PI_FIFO,459.558824
10.220019,-1,18,10000.448000,19.159000,460.509307,459.669270,460.000000,765,-0.509307,PI,FIFO,true,PI_FIFO,460.509307
10.230027,-1,18,10007.651000,26.810000,463.235294,460.204174,460.000000,762,-3.235294,PI,FIFO,true,PI_FIFO,463.235294
10.240020,-1,18,9993.559000,20.369000,462.835985,460.598945,460.000000,762,-2.835985,PI,FIFO,true,PI_FIFO,462.835985
10.250019,-1,18,9998.170000,18.539000,458.061889,460.218387,460.000000,766,1.938111,PI,FIFO,true,PI_FIFO,458.061889
10.260027,-1,18,10008.077000,26.616000,460.009814,460.187101,460.000000,765,-0.009814,PI,FIFO,true,PI_FIFO,460.009814
10.270032,-1,18,10005.689000,32.305000,457.669579,459.809473,460.000000,767,2.330421,PI,FIFO,true,PI_FIFO,457.669579
10.280025,-1,18,9992.262000,24.567000,460.687961,459.941246,460.000000,764,-0.687961,PI,FIFO,true,PI_FIFO,460.687961
10.290025,-1,18,10000.207000,24.774000,461.463731,460.169618,460.000000,764,-1.463731,PI,FIFO,true,PI_FIFO,461.463731
10.300024,-1,18,9998.985000,23.759000,460.634066,460.239286,460.000000,764,-0.634066,PI,FIFO,true,PI_FIFO,460.634066
10.310019,-1,18,9995.170000,18.929000,461.570022,460.438896,460.000000,763,-1.570022,PI,FIFO,true,PI_FIFO,461.570022
10.320023,-1,18,10004.022000,22.951000,456.786543,459.891043,460.000000,768,3.213457,PI,FIFO,true,PI_FIFO,456.786543
10.330019,-1,18,9996.318000,19.269000,456.821873,459.430668,460.000000,768,3.178127,PI,FIFO,true,PI_FIFO,456.821873
10.340021,-1,18,10001.688000,20.957000,460.203366,459.546572,460.000000,765,-0.203366,PI,FIFO,true,PI_FIFO,460.203366
10.350019,-1,18,9998.022000,18.979000,459.308655,459.510885,460.000000,766,0.691345,PI,FIFO,true,PI_FIFO,459.308655
10.360023,-1,18,10003.762000,22.741000,463.671691,460.135006,460.000000,762,-3.671691,PI,FIFO,true,PI_FIFO,463.671691
10.370037,-1,18,10013.948000,36.689000,462.902807,460.550176,460.000000,762,-2.902807,PI,FIFO,true,PI_FIFO,462.902807
10.380019,-1,18,9982.041000,18.730000,457.987298,460.165744,460.000000,766,2.012702,PI,FIFO,true,PI_FIFO,457.987298
10.390017,-1,18,9998.632000,17.362000,459.796076,460.110294,460.000000,765,0.203924,PI,FIFO,true,PI_FIFO,459.796076
10.400023,-1,18,10005.781000,23.143000,458.435208,459.859031,460.000000,766,1.564792,PI,FIFO,true,PI_FIFO,458.435208
10.410020,-1,18,9996.430000,19.573000,459.796076,459.849588,460.000000,765,0.203924,PI,FIFO,true,PI_FIFO,459.796076
10.420022,-1,18,10002.392000,21.965000,462.278107,460.213866,460.000000,763,-2.278107,PI,FIFO,true,PI_FIFO,462.278107
10.430026,-1,18,10004.244000,26.209000,459.558824,460.115609,460.000000,765,0.441176,PI,FIFO,true,PI_FIFO,459.558824
10.440026,-1,18,9999.670000,25.879000,460.418616,460.161060,460.000000,764,-0.418616,PI,FIFO,true,PI_FIFO,460.418616
10.450020,-1,18,9994.170000,20.049000,457.813348,459.808903,460.000000,767,2.186652,PI,FIFO,true,PI_FIFO,457.813348
10.460023,-1,18,10003.151000,23.200000,458.275140,459.578839,460.000000,767,1.724860,PI,FIFO,true,PI_FIFO,458.275140
10.470031,-1,18,10007.429000,30.629000,459.108717,459.508321,460.000000,766,0.891283,PI,FIFO,true,PI_FIFO,459.108717
10.480023,-1,18,9991.911000,22.540000,460.509307,459.658469,460.000000,765,-0.509307,PI,FIFO,true,PI_FIFO,460.509307
10.490020,-1,18,9997.022000,19.562000,463.890198,460.293228,460.000000,762,-3.890198,PI,FIFO,true,PI_FIFO,463.890198
10.500022,-1,18,10002.651000,22.213000,461.822660,460.522643,460.000000,763,-1.822660,PI,FIFO,true,PI_FIFO,461.822660
10.510020,-1,18,9997.318000,19.531000,459.130131,460.313766,460.000000,765,0.869869,PI,FIFO,true,PI_FIFO,459.130131
10.520022,-1,18,10002.467000,21.998000,459.558824,460.200525,460.000000,765,0.441176,PI,FIFO,true,PI_FIFO,459.558824
10.530019,-1,18,9997.040000,19.038000,458.659491,459.969370,460.000000,766,1.340509,PI,FIFO,true,PI_FIFO,458.659491
10.540022,-1,18,10003.003000,22.041000,459.358667,459.877764,460.000000,766,0.641333,PI,FIFO,true,PI_FIFO,459.358667
10.550034,-1,18,10011.651000,33.692000,462.364960,460.250844,460.000000,763,-2.364960,PI,FIFO,true,PI_FIFO,462.364960
10.560025,-1,18,9991.689000,25.381000,460.033574,460.218253,460.000000,765,-0.033574,PI,FIFO,true,PI_FIFO,460.033574
10.570033,-1,18,10007.540000,32.921000,461.368110,460.390732,460.000000,763,-1.368110,PI,FIFO,true,PI_FIFO,461.368110
10.580022,-1,18,9989.281000,22.202000,456.965110,459.876889,460.000000,767,3.034890,PI,FIFO,true,PI_FIFO,456.965110
10.590019,-1,18,9996.596000,18.798000,457.848837,459.572681,460.000000,767,2.151163,PI,FIFO,true,PI_FIFO,457.848837
10.600024,-1,18,10004.948000,23.746000,460.059978,459.645775,460.000000,765,-0.059978,PI,FIFO,true,PI_FIFO,460.059978
10.610019,-1,18,9995.207000,18.953000,459.988318,459.697157,460.000000,765,0.011682,PI,FIFO,true,PI_FIFO,459.988318
10.620023,-1,18,10003.651000,22.604000,464.364337,460.397234,460.000000,761,-4.364337,PI,FIFO,true,PI_FIFO,464.364337
10.630035,-1,18,10012.652000,35.256000,462.364960,460.692393,460.000000,762,-2.364960,PI,FIFO,true,PI_FIFO,462.364960
10.640027,-1,18,9991.373000,26.629000,458.848532,460.415814,460.000000,765,1.151468,PI,FIFO,true,PI_FIFO,458.848532
10.650021,-1,18,9994.485000,21.114000,459.063755,460.213005,460.000000,765,0.936245,PI,FIFO,true,PI_FIFO,459.063755
10.660022,-1,18,10000.818000,21.932000,458.612255,459.972892,460.000000,766,1.387745,PI,FIFO,true,PI_FIFO,458.612255
10.670033,-1,18,10011.077000,33.009000,460.677181,460.078536,460.000000,764,-0.677181,PI,FIFO,true,PI_FIFO,460.677181
10.680022,-1,18,9989.189000,22.198000,462.075575,460.378092,460.000000,763,-2.075575,PI,FIFO,true,PI_FIFO,462.075575
10.690019,-1,18,9996.429000,18.627000,459.988318,460.319625,460.000000,764,0.011682,PI,FIFO,true,PI_FIFO,459.988318
10.700022,-1,18,10002.985000,21.612000,461.317660,460.469331,460.000000,763,-1.317660,PI,FIFO,true,PI_FIFO,461.317660
10.710019,-1,18,9997.503000,19.115000,458.061889,460.108214,460.000000,766,1.938111,PI,FIFO,true,PI_FIFO,458.061889
10.720035,-1,18,10015.689000,34.804000,457.434515,459.707159,460.000000,767,2.565485,PI,FIFO,true,PI_FIFO,457.434515
10.730021,-1,18,9985.707000,20.511000,460.009814,459.752558,460.000000,765,-0.009814,PI,FIFO,true,PI_FIFO,460.009814
10.740019,-1,18,9998.410000,18.921000,458.559783,459.573641,460.000000,766,1.440217,PI,FIFO,true,PI_FIFO,458.559783
10.750015,-1,18,9996.541000,15.462000,464.108911,460.253932,460.000000,761,-4.108911,PI,FIFO,true,PI_FIFO,464.108911
10.760016,-1,18,10000.133000,15.595000,461.822660,460.489241,460.000000,763,-1.822660,PI,FIFO,true,PI_FIFO,461.822660
10.770028,-1,18,10012.484000,28.079000,459.773470,460.381875,460.000000,764,0.226530,PI,FIFO,true,PI_FIFO,459.773470
10.780019,-1,18,9990.670000,18.749000,459.008813,460.175916,460.000000,765,0.991187,PI,FIFO,true,PI_FIFO,459.008813
10.790019,-1,18,9999.818000,18.567000,458.104523,459.865207,460.000000,766,1.895477,PI,FIFO,true,PI_FIFO,458.104523
10.800023,-1,18,10004.004000,22.571000,461.570022,460.120929,460.000000,763,-1.570022,PI,FIFO,true,PI_FIFO,461.570022
10.810018,-1,18,9995.225000,17.796000,460.849719,460.230248,460.000000,764,-0.849719,PI,FIFO,true,PI_FIFO,460.849719
10.820017,-1,18,9999.337000,17.133000,460.461690,460.264964,460.000000,764,-0.461690,PI,FIFO,true,PI_FIFO,460.461690
10.830027,-1,18,10009.966000,27.099000,460.271318,460.265917,460.000000,764,-0.271318,PI,FIFO,true,PI_FIFO,460.271318
10.840016,-1,18,9989.226000,16.325000,457.210869,459.807660,460.000000,767,2.789131,PI,FIFO,true,PI_FIFO,457.210869
10.850019,-1,18,10002.355000,18.680000,458.310701,459.583116,460.000000,766,1.689299,PI,FIFO,true,PI_FIFO,458.310701
10.860015,-1,18,9996.466000,15.146000,459.773470,459.611669,460.000000,765,0.226530,PI,FIFO,true,PI_FIFO,459.773470
10.870028,-1,18,10012.744000,27.890000,458.559783,459.453886,460.000000,766,1.440217,PI,FIFO,true,PI_FIFO,458.559783
10.880015,-1,18,9987.318000,15.208000,465.205577,460.316640,460.000000,760,-5.205577,PI,FIFO,true,PI_FIFO,465.205577
10.890018,-1,18,10003.059000,18.267000,461.463731,460.488703,460.000000,763,-1.463731,PI,FIFO,true,PI_FIFO,461.463731
10.900018,-1,18,9999.892000,18.159000,460.235641,460.450744,460.000000,764,-0.235641,PI,FIFO,true,PI_FIFO,460.235641
10.910018,-1,18,9999.818000,17.977000,459.085052,460.245890,460.000000,765,0.914948,PI,FIFO,true,PI_FIFO,459.085052
10.920018,-1,18,9999.818000,17.795000,458.435208,459.974288,460.000000,766,1.564792,PI,FIFO,true,PI_FIFO,458.435208
10.930019,-1,18,10001.281000,19.076000,461.702955,460.233588,460.000000,763,-1.702955,PI,FIFO,true,PI_FIFO,461.702955
10.940019,-1,18,9999.429000,18.505000,460.634066,460.293660,460.000000,764,-0.634066,PI,FIFO,true,PI_FIFO,460.634066
10.950018,-1,18,9999.374000,17.879000,461.570022,460.485114,460.000000,763,-1.570022,PI,FIFO,true,PI_FIFO,461.570022
10.960018,-1,18,10000.114000,17.993000,460.203366,460.442852,460.000000,764,-0.203366,PI,FIFO,true,PI_FIFO,460.203366
10.970027,-1,18,10008.578000,26.571000,457.069339,459.936825,460.000000,767,2.930661,PI,FIFO,true,PI_FIFO,457.069339
10.980019,-1,18,9992.096000,18.667000,457.848837,459.623627,460.000000,766,2.151163,PI,FIFO,true,PI_FIFO,457.848837
10.990019,-1,18,10000.077000,18.744000,459.308655,459.576381,460.000000,765,0.691345,PI,FIFO,true,PI_FIFO,459.308655
11.000018,-1,18,9999.688000,18.432000,458.488589,459.413212,460.000000,766,1.511411,PI,FIFO,true,PI_FIFO,458.488589
11.010019,-1,18,10000.133000,18.565000,464.108911,460.117567,460.000000,761,-4.108911,PI,FIFO,true,PI_FIFO,464.108911
11.020019,-1,18,10000.004000,18.569000,462.147887,460.422115,460.000000,762,-2.147887,PI,FIFO,true,PI_FIFO,462.147887
11.030026,-1,18,10007.744000,26.313000,459.558824,460.292621,460.000000,764,0.441176,PI,FIFO,true,PI_FIFO,459.558824
11.040020,-1,18,9994.003000,20.316000,458.559783,460.032696,460.000000,765,1.440217,PI,FIFO,true,PI_FIFO,458.559783
11.050018,-1,18,9997.911000,18.227000,457.423327,459.641290,460.000000,767,2.576673,PI,FIFO,true,PI_FIFO,457.423327
11.060018,-1,18,9999.744000,17.971000,461.570022,459.930600,460.000000,763,-1.570022,PI,FIFO,true,PI_FIFO,461.570022
11.070029,-1,18,10011.058000,29.029000,460.418616,460.003802,460.000000,764,-0.418616,PI,FIFO,true,PI_FIFO,460.418616
11.080019,-1,18,9989.504000,18.533000,461.224754,460.186945,460.000000,763,-1.224754,PI,FIFO,true,PI_FIFO,461.224754
11.090018,-1,18,9999.725000,18.258000,458.883994,459.991502,460.000000,765,1.116006,PI,FIFO,true,PI_FIFO,458.883994
11.100018,-1,18,9999.966000,18.224000,458.612255,459.784615,460.000000,766,1.387745,PI,FIFO,true,PI_FIFO,458.612255
11.110018,-1,18,9999.893000,18.117000,457.094100,459.381038,460.000000,767,2.905900,PI,FIFO,true,PI_FIFO,457.094100
11.120018,-1,18,9999.855000,17.972000,458.848532,459.301162,460.000000,766,1.151468,PI,FIFO,true,PI_FIFO,458.848532
11.130018,-1,18,10000.021000,17.993000,459.558824,459.339811,460.000000,766,0.441176,PI,FIFO,true,PI_FIFO,459.558824
11.140018,-1,18,9999.874000,17.867000,463.384495,459.946514,460.000000,762,-3.384495,PI,FIFO,true,PI_FIFO,463.384495
11.150018,-1,18,10000.040000,17.907000,463.017404,460.407147,460.000000,762,-3.017404,PI,FIFO,true,PI_FIFO,463.017404
11.160018,-1,18,10000.356000,18.263000,459.058760,460.204889,460.000000,765,0.941240,PI,FIFO,true,PI_FIFO,459.058760
11.170027,-1,18,10008.614000,26.877000,459.988318,460.172404,460.000000,764,0.011682,PI,FIFO,true,PI_FIFO,459.988318
11.180019,-1,18,9991.670000,18.547000,456.821873,459.669824,460.000000,767,3.178127,PI,FIFO,true,PI_FIFO,456.821873
11.190018,-1,18,9999.336000,17.883000,461.931018,460.009003,460.000000,763,-1.931018,PI,FIFO,true,PI_FIFO,461.931018
11.200018,-1,18,10000.133000,18.016000,460.260746,460.046765,460.000000,764,-0.260746,PI,FIFO,true,PI_FIFO,460.260746
11.210018,-1,18,10000.096000,18.112000,461.757670,460.303400,460.000000,763,-1.757670,PI,FIFO,true,PI_FIFO,461.757670
11.220018,-1,18,10000.096000,18.208000,459.796076,460.227302,460.000000,764,0.203924,PI,FIFO,true,PI_FIFO,459.796076
11.230022,-1,18,10003.614000,21.822000,457.317073,459.790767,460.000000,767,2.682927,PI,FIFO,true,PI_FIFO,457.317073
11.240021,-1,18,9999.244000,21.066000,459.085052,459.684910,460.000000,766,0.914948,PI,FIFO,true,PI_FIFO,459.085052
11.250018,-1,18,9997.263000,18.329000,457.540264,459.363213,460.000000,767,2.459736,PI,FIFO,true,PI_FIFO,457.540264
11.260025,-1,18,10006.374000,24.703000,458.916084,459.296144,460.000000,766,1.083916,PI,FIFO,true,PI_FIFO,458.916084
11.270030,-1,18,10004.818000,29.521000,464.108911,460.018059,460.000000,761,-4.108911,PI,FIFO,true,PI_FIFO,464.108911
11.280018,-1,18,9988.003000,17.524000,462.734452,460.425518,460.000000,762,-2.734452,PI,FIFO,true,PI_FIFO,462.734452
11.290017,-1,18,9999.911000,17.435000,459.321815,460.259962,460.000000,765,0.678185,PI,FIFO,true,PI_FIFO,459.321815
11.300020,-1,18,10002.707000,20.142000,458.883994,460.053567,460.000000,765,1.116006,PI,FIFO,true,PI_FIFO,458.883994
11.310017,-1,18,9996.484000,16.626000,457.199692,459.625486,460.000000,767,2.800308,PI,FIFO,true,PI_FIFO,457.199692
11.320017,-1,18,10000.393000,17.019000,461.931018,459.971316,460.000000,763,-1.931018,PI,FIFO,true,PI_FIFO,461.931018
11.330017,-1,18,9999.744000,16.763000,460.059978,459.984615,460.000000,765,-0.059978,PI,FIFO,true,PI_FIFO,460.059978
11.340017,-1,18,10000.003000,16.766000,461.931018,460.276576,460.000000,763,-1.931018,PI,FIFO,true,PI_FIFO,461.931018
11.350016,-1,18,9999.614000,16.380000,460.562227,460.319423,460.000000,764,-0.562227,PI,FIFO,true,PI_FIFO,460.562227
11.360017,-1,18,10000.170000,16.550000,456.786543,459.789491,460.000000,767,3.213457,PI,FIFO,true,PI_FIFO,456.786543
11.370045,-1,18,10028.577000,45.127000,458.848532,459.648347,460.000000,766,1.151468,PI,FIFO,true,PI_FIFO,458.848532
11.380023,-1,18,9978.115000,23.242000,458.435208,459.466376,460.000000,766,1.564792,PI,FIFO,true,PI_FIFO,458.435208
11.390020,-1,18,9996.596000,19.838000,459.085052,459.409178,460.000000,766,0.914948,PI,FIFO,true,PI_FIFO,459.085052
11.400020,-1,18,10000.392000,20.230000,462.799718,459.917759,460.000000,763,-2.799718,PI,FIFO,true,PI_FIFO,462.799718
11.410019,-1,18,9998.633000,18.863000,462.582237,460.317430,460.000000,763,-2.582237,PI,FIFO,true,PI_FIFO,462.582237
11.420020,-1,18,10000.836000,19.699000,460.418616,460.332608,460.000000,764,-0.418616,PI,FIFO,true,PI_FIFO,460.418616
11.430027,-1,18,10007.670000,27.369000,458.809135,460.104087,460.000000,766,1.190865,PI,FIFO,true,PI_FIFO,458.809135
11.440028,-1,18,10000.226000,27.595000,457.210869,459.670104,460.000000,767,2.789131,PI,FIFO,true,PI_FIFO,457.210869
11.450020,-1,18,9992.540000,20.135000,461.702955,459.975032,460.000000,763,-1.702955,PI,FIFO,true,PI_FIFO,461.702955
11.460021,-1,18,10001.263000,21.398000,461.368110,460.183994,460.000000,764,-1.368110,PI,FIFO,true,PI_FIFO,461.368110
11.470019,-1,18,9997.966000,19.364000,461.224754,460.340108,460.000000,763,-1.224754,PI,FIFO,true,PI_FIFO,461.224754
11.480020,-1,18,10000.596000,19.960000,459.739113,460.249959,460.000000,765,0.260887,PI,FIFO,true,PI_FIFO,459.739113
11.490019,-1,18,9998.633000,18.593000,456.543469,459.693985,460.000000,768,3.456531,PI,FIFO,true,PI_FIFO,456.543469
11.500019,-1,18,10000.244000,18.837000,458.702237,459.545223,460.000000,766,1.297763,PI,FIFO,true,PI_FIFO,458.702237
11.510019,-1,18,9999.818000,18.655000,456.821873,459.136721,460.000000,768,3.178127,PI,FIFO,true,PI_FIFO,456.821873
11.520019,-1,18,10000.559000,19.214000,460.461690,459.335466,460.000000,765,-0.461690,PI,FIFO,true,PI_FIFO,460.461690
11.530019,-1,18,9999.540000,18.754000,462.662338,459.834497,460.000000,763,-2.662338,PI,FIFO,true,PI_FIFO,462.662338
11.540019,-1,18,10000.188000,18.942000,462.799718,460.279280,460.000000,763,-2.799718,PI,FIFO,true,PI_FIFO,462.799718
11.550033,-1,18,10014.318000,33.260000,460.747543,460.349519,460.000000,764,-0.747543,PI,FIFO,true,PI_FIFO,460.747543
11.560023,-1,18,9989.967000,23.227000,459.108717,460.163399,460.000000,766,0.891283,PI,FIFO,true,PI_FIFO,459.108717
11.570020,-1,18,9996.670000,19.897000,458.376222,459.895322,460.000000,766,1.623778,PI,FIFO,true,PI_FIFO,458.376222
11.580021,-1,18,10001.003000,20.900000,461.141171,460.082200,460.000000,764,-1.141171,PI,FIFO,true,PI_FIFO,461.141171
11.590020,-1,18,9998.929000,19.829000,460.747543,460.182001,460.000000,764,-0.747543,PI,FIFO,true,PI_FIFO,460.747543
11.600021,-1,18,10001.429000,21.258000,461.497890,460.379384,460.000000,763,-1.497890,PI,FIFO,true,PI_FIFO,461.497890
11.610020,-1,18,9998.300000,19.558000,460.562227,460.406811,460.000000,764,-0.562227,PI,FIFO,true,PI_FIFO,460.562227
11.620019,-1,18,9999.707000,19.265000,456.786543,459.863771,460.000000,768,3.213457,PI,FIFO,true,PI_FIFO,456.786543
11.630029,-1,18,10009.262000,28.527000,459.321815,459.782477,460.000000,766,0.678185,PI,FIFO,true,PI_FIFO,459.321815
11.640022,-1,18,9993.244000,21.771000,457.317073,459.412667,460.000000,768,2.682927,PI,FIFO,true,PI_FIFO,457.317073
11.650019,-1,18,9997.244000,19.015000,459.796076,459.470178,460.000000,766,0.203924,PI,FIFO,true,PI_FIFO,459.796076
11.660024,-1,18,10005.430000,24.445000,463.191700,460.028406,460.000000,762,-3.191700,PI,FIFO,true,PI_FIFO,463.191700
11.670019,-1,18,9994.244000,18.689000,462.422118,460.387463,460.000000,763,-2.422118,PI,FIFO,true,PI_FIFO,462.422118
11.680036,-1,18,10016.836000,35.525000,460.849719,460.456802,460.000000,764,-0.849719,PI,FIFO,true,PI_FIFO,460.849719
11.690020,-1,18,9984.263000,19.788000,459.558824,460.322105,460.000000,765,0.441176,PI,FIFO,true,PI_FIFO,459.558824
11.700019,-1,18,9998.781000,18.569000,458.061889,459.983073,460.000000,766,1.938111,PI,FIFO,true,PI_FIFO,458.061889
11.710026,-1,18,10007.170000,25.739000,460.271318,460.026309,460.000000,765,-0.271318,PI,FIFO,true,PI_FIFO,460.271318
11.720035,-1,18,10008.762000,34.501000,461.141171,460.193539,460.000000,764,-1.141171,PI,FIFO,true,PI_FIFO,461.141171
11.730020,-1,18,9985.763000,20.264000,461.702955,460.419951,460.000000,763,-1.702955,PI,FIFO,true,PI_FIFO,461.702955
11.740018,-1,18,9998.133000,18.397000,460.418616,460.419751,460.000000,764,-0.418616,PI,FIFO,true,PI_FIFO,460.418616
11.750019,-1,18,10000.188000,18.585000,456.574675,459.842989,460.000000,768,3.425325,PI,FIFO,true,PI_FIFO,456.574675
11.760018,-1,18,9999.041000,17.626000,458.702237,459.671876,460.000000,766,1.297763,PI,FIFO,true,PI_FIFO,458.702237
11.770019,-1,18,10000.892000,18.518000,457.565076,459.355856,460.000000,767,2.434924,PI,FIFO,true,PI_FIFO,457.565076
11.780018,-1,18,9999.947000,18.465000,460.203366,459.482983,460.000000,765,-0.203366,PI,FIFO,true,PI_FIFO,460.203366
11.790026,-1,18,10007.078000,25.543000,463.625716,460.104393,460.000000,762,-3.625716,PI,FIFO,true,PI_FIFO,463.625716
11.800016,-1,18,9990.762000,16.305000,461.368110,460.293950,460.000000,764,-1.368110,PI,FIFO,true,PI_FIFO,461.368110
11.810019,-1,18,10002.726000,19.031000,462.662338,460.649208,460.000000,762,-2.662338,PI,FIFO,true,PI_FIFO,462.662338
11.820018,-1,18,9999.429000,18.460000,458.390377,460.310384,460.000000,766,1.609623,PI,FIFO,true,PI_FIFO,458.390377
11.830028,-1,18,10009.762000,28.222000,458.895816,460.098199,460.000000,766,1.104184,PI,FIFO,true,PI_FIFO,458.895816
11.840020,-1,18,9992.207000,20.429000,459.988318,460.081717,460.000000,765,0.011682,PI,FIFO,true,PI_FIFO,459.988318
11.850024,-1,18,10004.059000,24.488000,460.310966,460.116104,460.000000,764,-0.310966,PI,FIFO,true,PI_FIFO,460.310966
11.860019,-1,18,9994.670000,19.158000,462.147887,460.420871,460.000000,763,-2.147887,PI,FIFO,true,PI_FIFO,462.147887
11.870022,-1,18,10002.874000,22.032000,459.558824,460.291564,460.000000,765,0.441176,PI,FIFO,true,PI_FIFO,459.558824
11.880019,-1,18,9997.188000,19.220000,457.848837,459.925155,460.000000,766,2.151163,PI,FIFO,true,PI_FIFO,457.848837
11.890022,-1,18,10002.578000,21.798000,459.108717,459.802689,460.000000,766,0.891283,PI,FIFO,true,PI_FIFO,459.108717
11.900016,-1,18,9994.170000,15.968000,457.434515,459.447463,460.000000,767,2.565485,PI,FIFO,true,PI_FIFO,457.434515
11.910022,-1,18,10006.058000,22.026000,459.558824,459.464167,460.000000,766,0.441176,PI,FIFO,true,PI_FIFO,459.558824
11.920016,-1,18,9993.856000,15.882000,462.662338,459.943893,460.000000,763,-2.662338,PI,FIFO,true,PI_FIFO,462.662338
11.930021,-1,18,10005.614000,21.496000,461.497890,460.176992,460.000000,763,-1.497890,PI,FIFO,true,PI_FIFO,461.497890
11.940019,-1,18,9997.522000,19.018000,461.772110,460.416260,460.000000,763,-1.772110,PI,FIFO,true,PI_FIFO,461.772110
11.950021,-1,18,10002.003000,21.021000,459.172964,460.229766,460.000000,765,0.827036,PI,FIFO,true,PI_FIFO,459.172964
11.960019,-1,18,9998.114000,19.135000,458.140432,459.916366,460.000000,766,1.859568,PI,FIFO,true,PI_FIFO,458.140432
11.970022,-1,18,10002.522000,21.657000,459.333660,459.828960,460.000000,765,0.666340,PI,FIFO,true,PI_FIFO,459.333660
11.980019,-1,18,9997.633000,19.290000,460.271318,459.895314,460.000000,765,-0.271318,PI,FIFO,true,PI_FIFO,460.271318
11.990021,-1,18,10001.855000,21.145000,462.278107,460.252732,460.000000,763,-2.278107,PI,FIFO,true,PI_FIFO,462.278107
12.000021,-1,18,10000.207000,21.352000,459.321815,460.113095,460.000000,765,0.678185,PI,FIFO,true,PI_FIFO,459.321815
12.010023,-1,18,10001.596000,22.948000,457.317073,459.693692,460.000000,767,2.682927,PI,FIFO,true,PI_FIFO,457.317073
12.020019,-1,18,9995.929000,18.877000,458.376222,459.496071,460.000000,767,1.623778,PI,FIFO,true,PI_FIFO,458.376222
12.030028,-1,18,10009.540000,28.417000,457.094100,459.135776,460.000000,768,2.905900,PI,FIFO,true,PI_FIFO,457.094100
12.040021,-1,18,9992.448000,20.865000,460.509307,459.341805,460.000000,765,-0.509307,PI,FIFO,true,PI_FIFO,460.509307
12.050026,-1,18,10005.133000,25.998000,462.582237,459.827870,460.000000,763,-2.582237,PI,FIFO,true,PI_FIFO,462.582237
12.060020,-1,18,9993.689000,19.687000,461.772110,460.119506,460.000000,764,-1.772110,PI,FIFO,true,PI_FIFO,461.772110
12.070023,-1,18,10002.818000,22.505000,462.191286,460.430273,460.000000,763,-2.191286,PI,FIFO,true,PI_FIFO,462.191286
12.080020,-1,18,9997.188000,19.693000,459.558824,460.299556,460.000000,765,0.441176,PI,FIFO,true,PI_FIFO,459.558824
12.090022,-1,18,10002.429000,22.122000,458.659491,460.053546,460.000000,766,1.340509,PI,FIFO,true,PI_FIFO,458.659491
12.100020,-1,18,9998.189000,20.311000,460.509307,460.121910,460.000000,764,-0.509307,PI,FIFO,true,PI_FIFO,460.509307
12.110023,-1,18,10002.429000,22.740000,459.108717,459.969931,460.000000,766,0.891283,PI,FIFO,true,PI_FIFO,459.108717
12.120034,-1,18,10011.522000,34.262000,463.867188,460.554520,460.000000,761,-3.867188,PI,FIFO,true,PI_FIFO,463.867188
12.130025,-1,18,9990.244000,24.506000,459.773470,460.437362,460.000000,765,0.226530,PI,FIFO,true,PI_FIFO,459.773470
12.140020,-1,18,9995.003000,19.509000,458.809135,460.193128,460.000000,766,1.190865,PI,FIFO,true,PI_FIFO,458.809135
12.150022,-1,18,10002.207000,21.716000,456.998607,459.713950,460.000000,767,3.001393,PI,FIFO,true,PI_FIFO,456.998607
12.160020,-1,18,9998.040000,19.756000,457.069339,459.317258,460.000000,768,2.930661,PI,FIFO,true,PI_FIFO,457.069339
12.170023,-1,18,10002.763000,22.519000,460.634066,459.514780,460.000000,765,-0.634066,PI,FIFO,true,PI_FIFO,460.634066
12.180020,-1,18,9997.133000,19.652000,463.143526,460.059092,460.000000,762,-3.143526,PI,FIFO,true,PI_FIFO,463.143526
12.190021,-1,18,10001.614000,21.266000,461.595273,460.289519,460.000000,763,-1.595273,PI,FIFO,true,PI_FIFO,461.595273
12.200019,-1,18,9997.726000,18.992000,461.931018,460.535744,460.000000,763,-1.931018,PI,FIFO,true,PI_FIFO,461.931018
12.210021,-1,18,10002.355000,21.347000,458.559783,460.239350,460.000000,766,1.440217,PI,FIFO,true,PI_FIFO,458.559783
12.220015,-1,18,9994.151000,15.498000,458.445883,459.970330,460.000000,766,1.554117,PI,FIFO,true,PI_FIFO,458.445883
12.230028,-1,18,10012.559000,28.057000,460.864103,460.104396,460.000000,764,-0.864103,PI,FIFO,true,PI_FIFO,460.864103
12.240016,-1,18,9987.744000,15.801000,459.344377,459.990393,460.000000,765,0.655623,PI,FIFO,true,PI_FIFO,459.344377
12.250023,-1,18,10007.448000,23.249000,463.625716,460.535691,460.000000,761,-3.625716,PI,FIFO,true,PI_FIFO,463.625716
12.260026,-1,18,10002.262000,25.511000,458.883994,460.287937,460.000000,765,1.116006,PI,FIFO,true,PI_FIFO,458.883994
12.270023,-1,18,9997.763000,23.274000,458.612255,460.036584,460.000000,766,1.387745,PI,FIFO,true,PI_FIFO,458.612255
12.280020,-1,18,9996.577000,19.851000,457.540264,459.662136,460.000000,767,2.459736,PI,FIFO,true,PI_FIFO,457.540264
12.290021,-1,18,10001.633000,21.484000,457.434515,459.327993,460.000000,767,2.565485,PI,FIFO,true,PI_FIFO,457.434515
12.300019,-1,18,9997.355000,18.839000,460.687961,459.531988,460.000000,765,-0.687961,PI,FIFO,true,PI_FIFO,460.687961
12.310021,-1,18,10002.170000,21.009000,461.702955,459.857633,460.000000,764,-1.702955,PI,FIFO,true,PI_FIFO,461.702955
12.320019,-1,18,9997.726000,18.735000,462.582237,460.266324,460.000000,763,-2.582237,PI,FIFO,true,PI_FIFO,462.582237
12.330019,-1,18,10000.688000,19.423000,462.182148,460.553697,460.000000,763,-2.182148,PI,FIFO,true,PI_FIFO,462.182148
12.340019,-1,18,10000.040000,19.463000,459.288654,460.363941,460.000000,765,0.711346,PI,FIFO,true,PI_FIFO,459.288654
12.350022,-1,18,10002.781000,22.244000,458.859039,460.138206,460.000000,765,1.140961,PI,FIFO,true,PI_FIFO,458.859039
12.360019,-1,18,9996.522000,18.766000,459.773470,460.083495,460.000000,765,0.226530,PI,FIFO,true,PI_FIFO,459.773470
12.370022,-1,18,10002.967000,21.733000,458.612255,459.862809,460.000000,766,1.387745,PI,FIFO,true,PI_FIFO,458.612255
12.380019,-1,18,9997.095000,18.828000,462.962963,460.327832,460.000000,762,-2.962963,PI,FIFO,true,PI_FIFO,462.962963
12.390022,-1,18,10002.893000,21.721000,459.085052,460.141415,460.000000,765,0.914948,PI,FIFO,true,PI_FIFO,459.085052
12.400025,-1,18,10003.540000,25.261000,457.540264,459.751242,460.000000,767,2.459736,PI,FIFO,true,PI_FIFO,457.540264
12.410024,-1,18,9998.540000,23.801000,456.998607,459.338347,460.000000,768,3.001393,PI,FIFO,true,PI_FIFO,456.998607
12.420019,-1,18,9995.466000,19.267000,457.069339,458.997996,460.000000,768,2.930661,PI,FIFO,true,PI_FIFO,457.069339
12.430027,-1,18,10007.263000,26.530000,460.634066,459.243407,460.000000,765,-0.634066,PI,FIFO,true,PI_FIFO,460.634066
12.440025,-1,18,9998.559000,25.089000,461.702955,459.612339,460.000000,764,-1.702955,PI,FIFO,true,PI_FIFO,461.702955
12.450024,-1,18,9999.262000,24.351000,462.917243,460.108074,460.000000,763,-2.917243,PI,FIFO,true,PI_FIFO,462.917243
12.460020,-1,18,9995.226000,19.577000,461.702955,460.347306,460.000000,763,-1.702955,PI,FIFO,true,PI_FIFO,461.702955
12.470022,-1,18,10002.836000,22.413000,459.829311,460.269607,460.000000,765,0.170689,PI,FIFO,true,PI_FIFO,459.829311
12.480016,-1,18,9993.207000,15.620000,458.848532,460.056446,460.000000,766,1.151468,PI,FIFO,true,PI_FIFO,458.848532
12.490021,-1,18,10005.170000,20.790000,459.988318,460.046227,460.000000,765,0.011682,PI,FIFO,true,PI_FIFO,459.988318
12.500020,-1,18,9999.263000,20.053000,458.809135,459.860663,460.000000,766,1.190865,PI,FIFO,true,PI_FIFO,458.809135
12.510022,-1,18,10001.744000,21.797000,462.799718,460.301521,460.000000,762,-2.799718,PI,FIFO,true,PI_FIFO,462.799718
12.520019,-1,18,9996.874000,18.671000,459.809264,460.227683,460.000000,765,0.190736,PI,FIFO,true,PI_FIFO,459.809264
12.530021,-1,18,10002.281000,20.952000,458.275140,459.934801,460.000000,766,1.724860,PI,FIFO,true,PI_FIFO,458.275140
12.540019,-1,18,9997.781000,18.733000,458.559783,459.728548,460.000000,766,1.440217,PI,FIFO,true,PI_FIFO,458.559783
12.550034,-1,18,10015.169000,33.902000,456.151529,459.191996,460.000000,769,3.848471,PI,FIFO,true,PI_FIFO,456.151529
12.560020,-1,18,9986.356000,20.258000,461.224754,459.496909,460.000000,765,-1.224754,PI,FIFO,true,PI_FIFO,461.224754
12.570024,-1,18,10003.707000,23.965000,460.009814,459.573845,460.000000,766,-0.009814,PI,FIFO,true,PI_FIFO,460.009814
12.580019,-1,18,9995.003000,18.968000,463.336281,460.138210,460.000000,762,-3.336281,PI,FIFO,true,PI_FIFO,463.336281
12.590022,-1,18,10003.151000,22.119000,462.191286,460.446172,460.000000,763,-2.191286,PI,FIFO,true,PI_FIFO,462.191286
12.600019,-1,18,9996.930000,19.049000,458.809135,460.200616,460.000000,766,1.190865,PI,FIFO,true,PI_FIFO,458.809135
12.610023,-1,18,10003.577000,22.626000,458.702237,459.975859,460.000000,766,1.297763,PI,FIFO,true,PI_FIFO,458.702237
12.620019,-1,18,9996.411000,19.037000,459.308655,459.875779,460.000000,766,0.691345,PI,FIFO,true,PI_FIFO,459.308655
12.630035,-1,18,10015.669000,34.706000,460.418616,459.957204,460.000000,765,-0.418616,PI,FIFO,true,PI_FIFO,460.418616
12.640022,-1,18,9986.911000,21.617000,462.662338,460.362974,460.000000,763,-2.662338,PI,FIFO,true,PI_FIFO,462.662338
12.650024,-1,18,10002.189000,23.806000,460.634066,460.403638,460.000000,764,-0.634066,PI,FIFO,true,PI_FIFO,460.634066
12.660020,-1,18,9995.799000,19.605000,458.061889,460.052376,460.000000,767,1.938111,PI,FIFO,true,PI_FIFO,458.061889
12.670022,-1,18,10001.948000,21.553000,457.763672,459.709070,460.000000,767,2.236328,PI,FIFO,true,PI_FIFO,457.763672
12.680019,-1,18,9997.929000,19.482000,456.496668,459.227210,460.000000,769,3.503332,PI,FIFO,true,PI_FIFO,456.496668
12.690022,-1,18,10002.318000,21.800000,461.714353,459.600281,460.000000,764,-1.714353,PI,FIFO,true,PI_FIFO,461.714353
12.700019,-1,18,9997.652000,19.452000,461.317660,459.857888,460.000000,764,-1.317660,PI,FIFO,true,PI_FIFO,461.317660
12.710022,-1,18,10002.725000,22.177000,463.235294,460.364499,460.000000,762,-3.235294,PI,FIFO,true,PI_FIFO,463.235294
12.720020,-1,18,9997.652000,19.829000,462.328767,460.659139,460.000000,763,-2.328767,PI,FIFO,true,PI_FIFO,462.328767
12.730022,-1,18,10002.392000,22.221000,458.916084,460.397681,460.000000,766,1.083916,PI,FIFO,true,PI_FIFO,458.916084
12.740019,-1,18,9996.762000,18.983000,459.301512,460.233256,460.000000,765,0.698488,PI,FIFO,true,PI_FIFO,459.301512
12.750022,-1,18,10002.578000,21.561000,460.509307,460.274663,460.000000,764,-0.509307,PI,FIFO,true,PI_FIFO,460.509307
12.760018,-1,18,9996.003000,17.564000,459.153688,460.106517,460.000000,766,0.846312,PI,FIFO,true,PI_FIFO,459.153688
12.770017,-1,18,9999.799000,17.363000,463.143526,460.562068,460.000000,762,-3.143526,PI,FIFO,true,PI_FIFO,463.143526
12.780017,-1,18,9999.207000,16.570000,460.235641,460.513104,460.000000,764,-0.235641,PI,FIFO,true,PI_FIFO,460.235641
12.790017,-1,18,10000.652000,17.222000,459.085052,460.298896,460.000000,765,0.914948,PI,FIFO,true,PI_FIFO,459.085052
12.800017,-1,18,9999.744000,16.966000,457.987298,459.952157,460.000000,766,2.012702,PI,FIFO,true,PI_FIFO,457.987298
12.810017,-1,18,9999.707000,16.673000,456.496668,459.433833,460.000000,768,3.503332,PI,FIFO,true,PI_FIFO,456.496668
12.820036,-1,18,10018.873000,35.546000,461.281631,459.711003,460.000000,764,-1.281631,PI,FIFO,true,PI_FIFO,461.281631
12.830027,-1,18,9991.318000,26.864000,460.813763,459.876417,460.000000,764,-0.813763,PI,FIFO,true,PI_FIFO,460.813763
12.840020,-1,18,9992.800000,19.664000,463.890198,460.478484,460.000000,761,-3.890198,PI,FIFO,true,PI_FIFO,463.890198
12.850019,-1,18,9999.633000,19.297000,462.182148,460.734034,460.000000,762,-2.182148,PI,FIFO,true,PI_FIFO,462.182148
12.860015,-1,18,9995.985000,15.282000,457.495608,460.248270,460.000000,766,2.504392,PI,FIFO,true,PI_FIFO,457.495608
12.870021,-1,18,10006.022000,21.304000,460.271318,460.251727,460.000000,764,-0.271318,PI,FIFO,true,PI_FIFO,460.271318
12.880017,-1,18,9995.651000,16.955000,458.704374,460.019624,460.000000,766,1.295626,PI,FIFO,true,PI_FIFO,458.704374
12.890019,-1,18,10001.707000,18.662000,460.033574,460.021717,460.000000,765,-0.033574,PI,FIFO,true,PI_FIFO,460.033574
12.900015,-1,18,9996.318000,14.980000,462.799718,460.438417,460.000000,762,-2.799718,PI,FIFO,true,PI_FIFO,462.799718
12.910018,-1,18,10003.244000,18.224000,459.558824,460.306478,460.000000,765,0.441176,PI,FIFO,true,PI_FIFO,459.558824
12.920015,-1,18,9997.003000,15.227000,458.916084,460.097919,460.000000,765,1.083916,PI,FIFO,true,PI_FIFO,458.916084
12.930018,-1,18,10002.689000,17.916000,459.321815,459.981503,460.000000,765,0.678185,PI,FIFO,true,PI_FIFO,459.321815
12.940015,-1,18,9996.670000,14.586000,455.982490,459.381651,460.000000,768,4.017510,PI,FIFO,true,PI_FIFO,455.982490
12.950018,-1,18,10003.614000,18.200000,460.986025,459.622307,460.000000,764,-0.986025,PI,FIFO,true,PI_FIFO,460.986025
12.960018,-1,18,9999.781000,17.981000,460.914454,459.816129,460.000000,764,-0.914454,PI,FIFO,true,PI_FIFO,460.914454
12.970024,-1,18,10006.503000,24.484000,463.384495,460.351384,460.000000,762,-3.384495,PI,FIFO,true,PI_FIFO,463.384495
12.980016,-1,18,9991.207000,15.691000,461.931018,460.588329,460.000000,762,-1.931018,PI,FIFO,true,PI_FIFO,461.931018
12.990023,-1,18,10007.781000,23.472000,458.559783,460.284047,460.000000,765,1.440217,PI,FIFO,true,PI_FIFO,458.559783
13.000020,-1,18,9996.356000,19.828000,459.988318,460.239688,460.000000,764,0.011682,PI,FIFO,true,PI_FIFO,459.988318
13.010021,-1,18,10001.447000,21.275000,458.140432,459.924800,460.000000,766,1.859568,PI,FIFO,true,PI_FIFO,458.140432
13.020015,-1,18,9994.207000,15.482000,460.009814,459.937552,460.000000,765,-0.009814,PI,FIFO,true,PI_FIFO,460.009814
13.030023,-1,18,10007.355000,22.837000,461.942427,460.238283,460.000000,763,-1.942427,PI,FIFO,true,PI_FIFO,461.942427
13.040016,-1,18,9993.393000,16.230000,460.590960,460.291185,460.000000,764,-0.590960,PI,FIFO,true,PI_FIFO,460.590960
13.050022,-1,18,10006.021000,22.251000,459.859385,460.226415,460.000000,764,0.140615,PI,FIFO,true,PI_FIFO,459.859385
13.060016,-1,18,9993.337000,15.588000,457.635983,459.837850,460.000000,766,2.364017,PI,FIFO,true,PI_FIFO,457.635983
13.070021,-1,18,10005.022000,20.610000,457.069339,459.422573,460.000000,767,2.930661,PI,FIFO,true,PI_FIFO,457.069339
13.080015,-1,18,9994.855000,15.465000,459.945332,459.500987,460.000000,765,0.054668,PI,FIFO,true,PI_FIFO,459.945332
13.090022,-1,18,10006.373000,21.838000,460.864103,459.705455,460.000000,764,-0.864103,PI,FIFO,true,PI_FIFO,460.864103
13.100020,-1,18,9997.763000,19.601000,463.017404,460.202247,460.000000,762,-3.017404,PI,FIFO,true,PI_FIFO,463.017404
13.110021,-1,18,10001.448000,21.049000,462.182148,460.499232,460.000000,762,-2.182148,PI,FIFO,true,PI_FIFO,462.182148
13.120019,-1,18,9997.725000,18.774000,457.987298,460.122442,460.000000,766,2.012702,PI,FIFO,true,PI_FIFO,457.987298
13.130021,-1,18,10002.726000,21.500000,459.796076,460.073487,460.000000,765,0.203924,PI,FIFO,true,PI_FIFO,459.796076
13.140019,-1,18,9997.910000,19.410000,457.763672,459.727015,460.000000,767,2.236328,PI,FIFO,true,PI_FIFO,457.763672
13.150021,-1,18,10002.041000,21.451000,460.509307,459.844359,460.000000,764,-0.509307,PI,FIFO,true,PI_FIFO,460.509307
13.160019,-1,18,9997.522000,18.973000,461.238403,460.053465,460.000000,763,-1.238403,PI,FIFO,true,PI_FIFO,461.238403
13.170021,-1,18,10002.373000,21.346000,460.361196,460.099625,460.000000,764,-0.361196,PI,FIFO,true,PI_FIFO,460.361196
13.180018,-1,18,9997.096000,18.442000,459.773470,460.050702,460.000000,765,0.226530,PI,FIFO,true,PI_FIFO,459.773470
13.190021,-1,18,10002.540000,20.982000,458.559783,459.827064,460.000000,766,1.440217,PI,FIFO,true,PI_FIFO,458.559783
13.200018,-1,18,9997.281000,18.263000,456.320693,459.301108,460.000000,768,3.679307,PI,FIFO,true,PI_FIFO,456.320693
13.210022,-1,18,10003.596000,21.859000,459.859385,459.384850,460.000000,765,0.140615,PI,FIFO,true,PI_FIFO,459.859385
13.220019,-1,18,9996.818000,18.677000,460.634066,459.572232,460.000000,765,-0.634066,PI,FIFO,true,PI_FIFO,460.634066
13.230022,-1,18,10003.559000,22.236000,462.962963,460.080842,460.000000,762,-2.962963,PI,FIFO,true,PI_FIFO,462.962963
13.240020,-1,18,9997.892000,20.128000,462.182148,460.396038,460.000000,763,-2.182148,PI,FIFO,true,PI_FIFO,462.182148
13.250028,-1,18,10008.244000,28.372000,457.669579,459.987069,460.000000,767,2.330421,PI,FIFO,true,PI_FIFO,457.669579
13.260026,-1,18,9997.633000,26.005000,460.009814,459.990481,460.000000,765,-0.009814,PI,FIFO,true,PI_FIFO,460.009814
13.270025,-1,18,9998.726000,24.731000,458.061889,459.701192,460.000000,767,1.938111,PI,FIFO,true,PI_FIFO,458.061889
13.280016,-1,18,9991.355000,16.086000,458.809135,459.567384,460.000000,766,1.190865,PI,FIFO,true,PI_FIFO,458.809135
13.290025,-1,18,10009.244000,25.330000,462.364960,459.987020,460.000000,763,-2.364960,PI,FIFO,true,PI_FIFO,462.364960
13.300019,-1,18,9993.966000,19.296000,460.033574,459.994003,460.000000,765,-0.033574,PI,FIFO,true,PI_FIFO,460.033574
13.310025,-1,18,10005.318000,24.614000,460.461690,460.064156,460.000000,764,-0.461690,PI,FIFO,true,PI_FIFO,460.461690
13.320020,-1,18,9995.652000,20.266000,455.982490,459.451906,460.000000,769,4.017510,PI,FIFO,true,PI_FIFO,455.982490
13.330021,-1,18,10001.058000,21.324000,457.808380,459.205377,460.000000,767,2.191620,PI,FIFO,true,PI_FIFO,457.808380
13.340019,-1,18,9997.522000,18.846000,459.321815,459.222843,460.000000,766,0.678185,PI,FIFO,true,PI_FIFO,459.321815
13.350032,-1,18,10013.133000,31.979000,460.461690,459.408670,460.000000,765,-0.461690,PI,FIFO,true,PI_FIFO,460.461690
13.360020,-1,18,9987.726000,19.705000,464.835595,460.222709,460.000000,761,-4.835595,PI,FIFO,true,PI_FIFO,464.835595
13.370024,-1,18,10004.781000,24.486000,461.065574,460.349138,460.000000,764,-1.065574,PI,FIFO,true,PI_FIFO,461.065574
13.380016,-1,18,9991.947000,16.433000,458.809135,460.118138,460.000000,766,1.190865,PI,FIFO,true,PI_FIFO,458.809135
13.390022,-1,18,10005.800000,22.233000,459.773470,460.066438,460.000000,765,0.226530,PI,FIFO,true,PI_FIFO,459.773470
13.400022,-1,18,9999.855000,22.088000,459.558824,459.990296,460.000000,765,0.441176,PI,FIFO,true,PI_FIFO,459.558824
13.410021,-1,18,9999.392000,21.480000,460.009814,459.993223,460.000000,765,-0.009814,PI,FIFO,true,PI_FIFO,460.009814
13.420019,-1,18,9997.263000,18.743000,461.942427,460.285604,460.000000,763,-1.942427,PI,FIFO,true,PI_FIFO,461.942427
13.430022,-1,18,10003.003000,21.746000,459.558824,460.176587,460.000000,765,0.441176,PI,FIFO,true,PI_FIFO,459.558824
13.440027,-1,18,10005.725000,27.471000,460.747543,460.262230,460.000000,764,-0.747543,PI,FIFO,true,PI_FIFO,460.747543
13.450023,-1,18,9995.245000,22.716000,456.426485,459.686868,460.000000,768,3.573515,PI,FIFO,true,PI_FIFO,456.426485
13.460019,-1,18,9996.040000,18.756000,458.376222,459.490272,460.000000,767,1.623778,PI,FIFO,true,PI_FIFO,458.376222
13.470033,-1,18,10014.688000,33.444000,459.130131,459.436250,460.000000,766,0.869869,PI,FIFO,true,PI_FIFO,459.130131
13.480020,-1,18,9986.781000,20.225000,459.558824,459.454636,460.000000,766,0.441176,PI,FIFO,true,PI_FIFO,459.558824
13.490024,-1,18,10003.744000,23.969000,464.546956,460.218484,460.000000,761,-4.546956,PI,FIFO,true,PI_FIFO,464.546956
13.500019,-1,18,9995.374000,19.343000,462.182148,460.513034,460.000000,763,-2.182148,PI,FIFO,true,PI_FIFO,462.182148
13.510021,-1,18,10001.948000,21.291000,457.987298,460.134174,460.000000,767,2.012702,PI,FIFO,true,PI_FIFO,457.987298
13.520019,-1,18,9997.633000,18.924000,460.033574,460.119084,460.000000,765,-0.033574,PI,FIFO,true,PI_FIFO,460.033574
13.530022,-1,18,10002.947000,21.871000,458.916084,459.938634,460.000000,766,1.083916,PI,FIFO,true,PI_FIFO,458.916084
13.540019,-1,18,9997.300000,19.171000,460.310966,459.994484,460.000000,765,-0.310966,PI,FIFO,true,PI_FIFO,460.310966
13.550030,-1,18,10010.985000,30.156000,462.364960,460.350055,460.000000,763,-2.364960,PI,FIFO,true,PI_FIFO,462.364960
13.560020,-1,18,9989.614000,19.770000,460.059978,460.306544,460.000000,765,-0.059978,PI,FIFO,true,PI_FIFO,460.059978
13.570024,-1,18,10004.059000,23.829000,460.634066,460.355672,460.000000,764,-0.634066,PI,FIFO,true,PI_FIFO,460.634066
13.580020,-1,18,9996.262000,20.091000,457.434515,459.917498,460.000000,767,2.565485,PI,FIFO,true,PI_FIFO,457.434515
13.590021,-1,18,10000.744000,20.835000,457.763672,459.594424,460.000000,767,2.236328,PI,FIFO,true,PI_FIFO,457.763672
13.600020,-1,18,9999.430000,20.265000,459.796076,459.624672,460.000000,766,0.203924,PI,FIFO,true,PI_FIFO,459.796076
13.610022,-1,18,10001.707000,21.972000,460.235641,459.716317,460.000000,765,-0.235641,PI,FIFO,true,PI_FIFO,460.235641
13.620019,-1,18,9997.244000,19.216000,465.321317,460.557067,460.000000,760,-5.321317,PI,FIFO,true,PI_FIFO,465.321317
13.630018,-1,18,9999.244000,18.460000,461.497890,460.698191,460.000000,763,-1.497890,PI,FIFO,true,PI_FIFO,461.497890
13.640021,-1,18,10002.188000,20.648000,459.308655,460.489760,460.000000,765,0.691345,PI,FIFO,true,PI_FIFO,459.308655
13.650018,-1,18,9997.670000,18.318000,459.344377,460.317953,460.000000,765,0.655623,PI,FIFO,true,PI_FIFO,459.344377
13.660017,-1,18,9998.781000,17.099000,458.848532,460.097540,460.000000,766,1.151468,PI,FIFO,true,PI_FIFO,458.848532
13.670023,-1,18,10006.114000,23.213000,460.009814,460.084381,460.000000,765,-0.009814,PI,FIFO,true,PI_FIFO,460.009814
13.680036,-1,18,10012.374000,35.587000,462.422118,460.435041,460.000000,762,-2.422118,PI,FIFO,true,PI_FIFO,462.422118
13.690025,-1,18,9989.614000,25.201000,459.988318,460.368033,460.000000,764,0.011682,PI,FIFO,true,PI_FIFO,459.988318
13.700020,-1,18,9994.411000,19.612000,461.570022,460.548331,460.000000,763,-1.570022,PI,FIFO,true,PI_FIFO,461.570022
13.710021,-1,18,10001.837000,21.449000,457.635983,460.111479,460.000000,766,2.364017,PI,FIFO,true,PI_FIFO,457.635983
13.720035,-1,18,10013.632000,35.081000,457.904884,459.780490,460.000000,767,2.095116,PI,FIFO,true,PI_FIFO,457.904884
13.730025,-1,18,9989.634000,24.715000,459.108717,459.679724,460.000000,766,0.891283,PI,FIFO,true,PI_FIFO,459.108717
13.740019,-1,18,9994.095000,18.810000,459.085052,459.590523,460.000000,766,0.914948,PI,FIFO,true,PI_FIFO,459.085052
13.750021,-1,18,10002.263000,21.073000,464.766289,460.366888,460.000000,761,-4.766289,PI,FIFO,true,PI_FIFO,464.766289
13.760016,-1,18,9995.188000,16.261000,461.570022,460.547358,460.000000,763,-1.570022,PI,FIFO,true,PI_FIFO,461.570022
13.770022,-1,18,10005.893000,22.154000,459.344377,460.366911,460.000000,765,0.655623,PI,FIFO,true,PI_FIFO,459.344377
13.780020,-1,18,9997.429000,19.583000,459.558824,460.245698,460.000000,765,0.441176,PI,FIFO,true,PI_FIFO,459.558824
13.790022,-1,18,10002.429000,22.012000,458.916084,460.046256,460.000000,765,1.083916,PI,FIFO,true,PI_FIFO,458.916084
13.800020,-1,18,9998.077000,20.089000,461.317660,460.236966,460.000000,763,-1.317660,PI,FIFO,true,PI_FIFO,461.317660
13.810020,-1,18,9999.781000,19.870000,460.849719,460.328879,460.000000,763,-0.849719,PI,FIFO,true,PI_FIFO,460.849719
13.820019,-1,18,9999.133000,19.003000,460.986025,460.427451,460.000000,763,-0.986025,PI,FIFO,true,PI_FIFO,460.986025
13.830019,-1,18,10000.244000,19.247000,459.558824,460.297157,460.000000,764,0.441176,PI,FIFO,true,PI_FIFO,459.558824
13.840016,-1,18,9997.207000,16.454000,457.210869,459.834214,460.000000,767,2.789131,PI,FIFO,true,PI_FIFO,457.210869
13.850019,-1,18,10002.967000,19.421000,458.061889,459.568365,460.000000,766,1.938111,PI,FIFO,true,PI_FIFO,458.061889
13.860015,-1,18,9995.873000,15.294000,459.344377,459.534767,460.000000,765,0.655623,PI,FIFO,true,PI_FIFO,459.344377
13.870019,-1,18,10003.633000,18.927000,459.058760,459.463366,460.000000,766,0.941240,PI,FIFO,true,PI_FIFO,459.058760
13.880015,-1,18,9996.411000,15.338000,464.546956,460.225904,460.000000,761,-4.546956,PI,FIFO,true,PI_FIFO,464.546956
13.890019,-1,18,10003.799000,19.137000,461.463731,460.411578,460.000000,763,-1.463731,PI,FIFO,true,PI_FIFO,461.463731
13.900015,-1,18,9996.244000,15.381000,460.235641,460.385188,460.000000,764,-0.235641,PI,FIFO,true,PI_FIFO,460.235641
13.910019,-1,18,10003.411000,18.792000,459.085052,460.190167,460.000000,765,0.914948,PI,FIFO,true,PI_FIFO,459.085052
13.920020,-1,18,10000.966000,19.758000,457.987298,459.859737,460.000000,766,2.012702,PI,FIFO,true,PI_FIFO,457.987298
13.930019,-1,18,9999.189000,18.947000,461.702955,460.136220,460.000000,763,-1.702955,PI,FIFO,true,PI_FIFO,461.702955
13.940019,-1,18,9999.799000,18.746000,460.849719,460.243245,460.000000,763,-0.849719,PI,FIFO,true,PI_FIFO,460.849719
13.950019,-1,18,10000.411000,19.157000,461.317660,460.404407,460.000000,763,-1.317660,PI,FIFO,true,PI_FIFO,461.317660
13.960019,-1,18,9999.374000,18.531000,459.773470,460.309766,460.000000,764,0.226530,PI,FIFO,true,PI_FIFO,459.773470
13.970019,-1,18,10000.651000,19.182000,457.069339,459.823702,460.000000,767,2.930661,PI,FIFO,true,PI_FIFO,457.069339
13.980019,-1,18,9999.337000,18.519000,457.635983,459.495544,460.000000,767,2.364017,PI,FIFO,true,PI_FIFO,457.635983
13.990019,-1,18,10000.299000,18.818000,459.308655,459.467511,460.000000,765,0.691345,PI,FIFO,true,PI_FIFO,459.308655
14.000019,-1,18,10000.078000,18.896000,458.488589,459.320673,460.000000,766,1.511411,PI,FIFO,true,PI_FIFO,458.488589
14.010019,-1,18,10000.058000,18.954000,464.593114,460.111539,460.000000,761,-4.593114,PI,FIFO,true,PI_FIFO,464.593114
14.020018,-1,18,9999.041000,17.995000,461.931018,460.384461,460.000000,763,-1.931018,PI,FIFO,true,PI_FIFO,461.931018
14.030019,-1,18,10001.133000,19.128000,459.558824,460.260615,460.000000,765,0.441176,PI,FIFO,true,PI_FIFO,459.558824
14.040019,-1,18,9999.744000,18.872000,459.344377,460.123180,460.000000,765,0.655623,PI,FIFO,true,PI_FIFO,459.344377
14.050022,-1,18,10003.392000,22.264000,458.061889,459.813986,460.000000,766,1.938111,PI,FIFO,true,PI_FIFO,458.061889
14.060019,-1,18,9997.022000,19.286000,461.497890,460.066572,460.000000,763,-1.497890,PI,FIFO,true,PI_FIFO,461.497890
14.070021,-1,18,10001.984000,21.270000,460.813763,460.178650,460.000000,764,-0.813763,PI,FIFO,true,PI_FIFO,460.813763
14.080019,-1,18,9997.837000,19.107000,461.714353,460.409006,460.000000,763,-1.714353,PI,FIFO,true,PI_FIFO,461.714353
14.090020,-1,18,10000.651000,19.758000,460.271318,460.388353,460.000000,764,-0.271318,PI,FIFO,true,PI_FIFO,460.271318
14.100021,-1,18,10001.559000,21.317000,458.435208,460.095381,460.000000,765,1.564792,PI,FIFO,true,PI_FIFO,458.435208
14.110020,-1,18,9999.059000,20.376000,458.376222,459.837507,460.000000,766,1.623778,PI,FIFO,true,PI_FIFO,458.376222
14.120019,-1,18,9999.003000,19.379000,458.659491,459.660805,460.000000,766,1.340509,PI,FIFO,true,PI_FIFO,458.659491
14.130019,-1,18,9999.707000,19.086000,458.488589,459.484972,460.000000,766,1.511411,PI,FIFO,true,PI_FIFO,458.488589
14.140020,-1,18,10000.541000,19.627000,465.321317,460.360424,460.000000,760,-5.321317,PI,FIFO,true,PI_FIFO,465.321317
14.150021,-1,18,10001.484000,21.111000,461.368110,460.511577,460.000000,763,-1.368110,PI,FIFO,true,PI_FIFO,461.368110
14.160020,-1,18,9998.578000,19.689000,459.558824,460.368664,460.000000,764,0.441176,PI,FIFO,true,PI_FIFO,459.558824
14.170019,-1,18,9999.484000,19.173000,460.009814,460.314836,460.000000,764,-0.009814,PI,FIFO,true,PI_FIFO,460.009814
14.180019,-1,18,9999.967000,19.140000,456.496668,459.742111,460.000000,767,3.503332,PI,FIFO,true,PI_FIFO,456.496668
14.190021,-1,18,10001.577000,20.717000,461.822660,460.054193,460.000000,763,-1.822660,PI,FIFO,true,PI_FIFO,461.822660
14.200019,-1,18,9998.059000,18.776000,460.509307,460.122461,460.000000,764,-0.509307,PI,FIFO,true,PI_FIFO,460.509307
14.210024,-1,18,10005.096000,23.872000,461.931018,460.393744,460.000000,762,-1.931018,PI,FIFO,true,PI_FIFO,461.931018
14.220034,-1,18,10009.984000,33.856000,460.310966,460.381327,460.000000,763,-0.310966,PI,FIFO,true,PI_FIFO,460.310966
14.230021,-1,18,9987.355000,21.211000,457.635983,459.969526,460.000000,766,2.364017,PI,FIFO,true,PI_FIFO,457.635983
14.240027,-1,18,10005.374000,26.585000,458.559783,459.758064,460.000000,765,1.440217,PI,FIFO,true,PI_FIFO,458.559783
14.250019,-1,18,9992.818000,19.403000,458.488589,459.567643,460.000000,766,1.511411,PI,FIFO,true,PI_FIFO,458.488589
14.260024,-1,18,10004.281000,23.684000,458.612255,459.424335,460.000000,766,1.387745,PI,FIFO,true,PI_FIFO,458.612255
14.270019,-1,18,9995.467000,19.151000,464.108911,460.127021,460.000000,761,-4.108911,PI,FIFO,true,PI_FIFO,464.108911
14.280019,-1,18,9999.632000,18.783000,462.422118,460.471286,460.000000,762,-2.422118,PI,FIFO,true,PI_FIFO,462.422118
14.290018,-1,18,9999.670000,18.453000,459.773470,460.366613,460.000000,764,0.226530,PI,FIFO,true,PI_FIFO,459.773470
14.300015,-1,18,9996.689000,15.142000,459.809264,460.283011,460.000000,764,0.190736,PI,FIFO,true,PI_FIFO,459.809264
14.310034,-1,18,10018.429000,33.571000,458.061889,459.949843,460.000000,766,1.938111,PI,FIFO,true,PI_FIFO,458.061889
14.320021,-1,18,9986.948000,20.519000,461.942427,460.248731,460.000000,762,-1.942427,PI,FIFO,true,PI_FIFO,461.942427
14.330019,-1,18,9998.447000,18.966000,460.416462,460.273890,460.000000,763,-0.416462,PI,FIFO,true,PI_FIFO,460.416462
14.340019,-1,18,9999.541000,18.507000,460.795219,460.352090,460.000000,763,-0.795219,PI,FIFO,true,PI_FIFO,460.795219
14.350020,-1,18,10001.318000,19.825000,461.281631,460.491521,460.000000,762,-1.281631,PI,FIFO,true,PI_FIFO,461.281631
14.360019,-1,18,9999.040000,18.865000,456.081081,459.829955,460.000000,767,3.918919,PI,FIFO,true,PI_FIFO,456.081081
14.370019,-1,18,10000.281000,19.146000,459.558824,459.789285,460.000000,764,0.441176,PI,FIFO,true,PI_FIFO,459.558824
14.380032,-1,18,10012.633000,31.779000,457.267505,459.411018,460.000000,767,2.732495,PI,FIFO,true,PI_FIFO,457.267505
14.390020,-1,18,9988.337000,20.116000,459.601737,459.439626,460.000000,765,0.398263,PI,FIFO,true,PI_FIFO,459.601737
14.400019,-1,18,9999.040000,19.156000,463.867188,460.103760,460.000000,761,-3.867188,PI,FIFO,true,PI_FIFO,463.867188
14.410019,-1,18,9999.670000,18.826000,462.962963,460.532641,460.000000,761,-2.962963,PI,FIFO,true,PI_FIFO,462.962963
14.420018,-1,18,9999.188000,18.014000,458.848532,460.280024,460.000000,765,1.151468,PI,FIFO,true,PI_FIFO,458.848532
14.430018,-1,18,10000.356000,18.370000,459.773470,460.204041,460.000000,764,0.226530,PI,FIFO,true,PI_FIFO,459.773470
14.440020,-1,18,10001.910000,20.280000,457.069339,459.733836,460.000000,767,2.930661,PI,FIFO,true,PI_FIFO,457.069339
14.450019,-1,18,9998.559000,18.839000,461.497890,459.998444,460.000000,763,-1.497890,PI,FIFO,true,PI_FIFO,461.497890
14.460018,-1,18,9999.244000,18.083000,461.317660,460.196326,460.000000,763,-1.317660,PI,FIFO,true,PI_FIFO,461.317660
14.470018,-1,18,10000.226000,18.309000,461.281631,460.359122,460.000000,763,-1.281631,PI,FIFO,true,PI_FIFO,461.281631
14.480019,-1,18,10000.299000,18.608000,460.509307,460.381650,460.000000,763,-0.509307,PI,FIFO,true,PI_FIFO,460.509307
14.490019,-1,18,10000.059000,18.667000,456.204380,459.755059,460.000000,767,3.795620,PI,FIFO,true,PI_FIFO,456.204380
14.500018,-1,18,9999.596000,18.263000,458.612255,459.583639,460.000000,765,1.387745,PI,FIFO,true,PI_FIFO,458.612255
14.510018,-1,18,9999.911000,18.174000,457.540264,459.277132,460.000000,767,2.459736,PI,FIFO,true,PI_FIFO,457.540264
14.520019,-1,18,10000.429000,18.603000,459.558824,459.319386,460.000000,765,0.441176,PI,FIFO,true,PI_FIFO,459.558824
14.530019,-1,18,9999.910000,18.513000,463.017404,459.874089,460.000000,762,-3.017404,PI,FIFO,true,PI_FIFO,463.017404
14.540015,-1,18,9996.004000,14.517000,461.702955,460.148419,460.000000,763,-1.702955,PI,FIFO,true,PI_FIFO,461.702955
14.550026,-1,18,10011.299000,25.816000,461.497890,460.350839,460.000000,763,-1.497890,PI,FIFO,true,PI_FIFO,461.497890
14.560019,-1,18,9992.818000,18.634000,459.809264,460.269603,460.000000,764,0.190736,PI,FIFO,true,PI_FIFO,459.809264
14.570017,-1,18,9998.300000,16.934000,458.061889,459.938446,460.000000,766,1.938111,PI,FIFO,true,PI_FIFO,458.061889
14.580017,-1,18,9999.892000,16.826000,461.224754,460.131392,460.000000,763,-1.224754,PI,FIFO,true,PI_FIFO,461.224754
14.590019,-1,18,10002.114000,18.940000,461.595273,460.350974,460.000000,762,-1.595273,PI,FIFO,true,PI_FIFO,461.595273
14.600020,-1,18,10001.041000,19.981000,461.224754,460.482041,460.000000,763,-1.224754,PI,FIFO,true,PI_FIFO,461.224754
14.610019,-1,18,9998.836000,18.817000,460.634066,460.504845,460.000000,763,-0.634066,PI,FIFO,true,PI_FIFO,460.634066
14.620019,-1,18,10000.078000,18.895000,455.588553,459.767401,460.000000,768,4.411447,PI,FIFO,true,PI_FIFO,455.588553
14.630018,-1,18,9999.521000,18.416000,460.203366,459.832796,460.000000,764,-0.203366,PI,FIFO,true,PI_FIFO,460.203366
14.640020,-1,18,10001.244000,19.660000,457.069339,459.418277,460.000000,767,2.930661,PI,FIFO,true,PI_FIFO,457.069339
14.650018,-1,18,9998.485000,18.145000,460.849719,459.632994,460.000000,764,-0.849719,PI,FIFO,true,PI_FIFO,460.849719
14.660018,-1,18,10000.078000,18.223000,462.582237,460.075380,460.000000,762,-2.582237,PI,FIFO,true,PI_FIFO,462.582237
14.670018,-1,18,9999.984000,18.207000,462.538765,460.444888,460.000000,762,-2.538765,PI,FIFO,true,PI_FIFO,462.538765
14.680033,-1,18,10015.078000,33.285000,461.511556,460.604888,460.000000,762,-1.511556,PI,FIFO,true,PI_FIFO,461.511556
14.690021,-1,18,9987.873000,21.158000,458.916084,460.351567,460.000000,764,1.083916,PI,FIFO,true,PI_FIFO,458.916084
14.700020,-1,18,9998.596000,19.754000,458.061889,460.008116,460.000000,765,1.938111,PI,FIFO,true,PI_FIFO,458.061889
14.710019,-1,18,9999.244000,18.998000,459.988318,460.005146,460.000000,764,0.011682,PI,FIFO,true,PI_FIFO,459.988318
14.720018,-1,18,9999.078000,18.076000,460.562227,460.088708,460.000000,763,-0.562227,PI,FIFO,true,PI_FIFO,460.562227
14.730018,-1,18,10000.132000,18.208000,461.497890,460.300086,460.000000,762,-1.497890,PI,FIFO,true,PI_FIFO,461.497890
14.740019,-1,18,10000.411000,18.619000,460.747543,460.367204,460.000000,763,-0.747543,PI,FIFO,true,PI_FIFO,460.747543
14.750016,-1,18,9997.226000,15.845000,456.204380,459.742780,460.000000,767,3.795620,PI,FIFO,true,PI_FIFO,456.204380
14.760020,-1,18,10003.818000,19.663000,459.085052,459.644121,460.000000,765,0.914948,PI,FIFO,true,PI_FIFO,459.085052
14.770019,-1,18,9999.151000,18.814000,457.317073,459.295064,460.000000,767,2.682927,PI,FIFO,true,PI_FIFO,457.317073
14.780019,-1,18,9999.818000,18.632000,459.988318,459.399052,460.000000,765,0.011682,PI,FIFO,true,PI_FIFO,459.988318
14.790018,-1,18,9999.392000,18.024000,462.835985,459.914592,460.000000,762,-2.835985,PI,FIFO,true,PI_FIFO,462.835985
14.800020,-1,18,10002.170000,20.194000,461.714353,460.184556,460.000000,762,-1.714353,PI,FIFO,true,PI_FIFO,461.714353
14.810018,-1,18,9998.133000,18.327000,461.463731,460.376432,460.000000,762,-1.463731,PI,FIFO,true,PI_FIFO,461.463731
14.820025,-1,18,10006.929000,25.256000,459.773470,460.285988,460.000000,764,0.226530,PI,FIFO,true,PI_FIFO,459.773470
14.830020,-1,18,9994.633000,19.889000,457.565076,459.877851,460.000000,766,2.434924,PI,FIFO,true,PI_FIFO,457.565076
14.840016,-1,18,9995.948000,15.837000,459.558824,459.829997,460.000000,764,0.441176,PI,FIFO,true,PI_FIFO,459.558824
14.850027,-1,18,10010.874000,26.711000,460.747543,459.967629,460.000000,763,-0.747543,PI,FIFO,true,PI_FIFO,460.747543
14.860016,-1,18,9989.318000,16.029000,461.714353,460.229637,460.000000,762,-1.714353,PI,FIFO,true,PI_FIFO,461.714353
14.870019,-1,18,10002.596000,18.625000,459.809264,460.166581,460.000000,764,0.190736,PI,FIFO,true,PI_FIFO,459.809264
14.880015,-1,18,9996.336000,14.961000,456.151529,459.564324,460.000000,767,3.848471,PI,FIFO,true,PI_FIFO,456.151529
14.890019,-1,18,10003.652000,18.613000,459.058760,459.488489,460.000000,765,0.941240,PI,FIFO,true,PI_FIFO,459.058760
14.900015,-1,18,9996.596000,15.209000,456.998607,459.115007,460.000000,767,3.001393,PI,FIFO,true,PI_FIFO,456.998607
14.910018,-1,18,10002.762000,17.971000,460.271318,459.288453,460.000000,765,-0.271318,PI,FIFO,true,PI_FIFO,460.271318
14.920050,-1,18,10032.484000,50.455000,462.182148,459.722508,460.000000,763,-2.182148,PI,FIFO,true,PI_FIFO,462.182148
14.930027,-1,18,9976.782000,27.237000,461.714353,460.021284,460.000000,763,-1.714353,PI,FIFO,true,PI_FIFO,461.714353
14.940020,-1,18,9993.244000,20.481000,461.065574,460.177928,460.000000,763,-1.065574,PI,FIFO,true,PI_FIFO,461.065574
14.950019,-1,18,9998.244000,18.725000,458.488589,459.924527,460.000000,766,1.511411,PI,FIFO,true,PI_FIFO,458.488589
14.960019,-1,18,10000.466000,19.191000,458.809135,459.757218,460.000000,765,1.190865,PI,FIFO,true,PI_FIFO,458.809135
14.970024,-1,18,10004.577000,23.768000,459.558824,459.727459,460.000000,765,0.441176,PI,FIFO,true,PI_FIFO,459.558824
14.980016,-1,18,9992.411000,16.179000,460.271318,459.809038,460.000000,764,-0.271318,PI,FIFO,true,PI_FIFO,460.271318
14.990020,-1,18,10003.466000,19.645000,461.822660,460.111081,460.000000,763,-1.822660,PI,FIFO,true,PI_FIFO,461.822660
15.000019,-1,18,9999.578000,19.223000,459.796076,460.063830,460.000000,764,0.203924,PI,FIFO,true,PI_FIFO,459.796076
15.010019,-1,18,10000.077000,19.300000,456.871345,459.584958,460.000000,767,3.128655,PI,FIFO,true,PI_FIFO,456.871345
15.020019,-1,18,9999.411000,18.711000,457.904884,459.332947,460.000000,767,2.095116,PI,FIFO,true,PI_FIFO,457.904884
15.030018,-1,18,9999.762000,18.473000,457.763672,459.097555,460.000000,767,2.236328,PI,FIFO,true,PI_FIFO,457.763672
15.040027,-1,18,10008.855000,27.328000,459.321815,459.131194,460.000000,766,0.678185,PI,FIFO,true,PI_FIFO,459.321815
15.050020,-1,18,9992.318000,19.646000,462.582237,459.648851,460.000000,763,-2.582237,PI,FIFO,true,PI_FIFO,462.582237
15.060019,-1,18,9999.393000,19.039000,461.570022,459.937026,460.000000,764,-1.570022,PI,FIFO,true,PI_FIFO,461.570022
15.070025,-1,18,10005.540000,24.579000,462.147887,460.268656,460.000000,763,-2.147887,PI,FIFO,true,PI_FIFO,462.147887
15.080021,-1,18,9996.540000,21.119000,459.085052,460.091115,460.000000,765,0.914948,PI,FIFO,true,PI_FIFO,459.085052
15.090019,-1,18,9998.133000,19.252000,458.211144,459.809119,460.000000,766,1.788856,PI,FIFO,true,PI_FIFO,458.211144
15.100018,-1,18,9999.226000,18.478000,460.986025,459.985655,460.000000,764,-0.986025,PI,FIFO,true,PI_FIFO,460.986025
15.110019,-1,18,10000.318000,18.796000,459.333660,459.887856,460.000000,765,0.666340,PI,FIFO,true,PI_FIFO,459.333660
15.120019,-1,18,10000.373000,19.169000,463.143526,460.376206,460.000000,762,-3.143526,PI,FIFO,true,PI_FIFO,463.143526
15.130017,-1,18,9997.411000,16.580000,459.344377,460.221432,460.000000,765,0.655623,PI,FIFO,true,PI_FIFO,459.344377
15.140015,-1,18,9998.633000,15.213000,458.061889,459.897501,460.000000,766,1.938111,PI,FIFO,true,PI_FIFO,458.061889
15.150019,-1,18,10003.540000,18.753000,457.210869,459.494506,460.000000,767,2.789131,PI,FIFO,true,PI_FIFO,457.210869
15.160019,-1,18,10000.559000,19.312000,457.763672,459.234881,460.000000,767,2.236328,PI,FIFO,true,PI_FIFO,457.763672
15.170018,-1,18,9999.152000,18.464000,459.796076,459.319060,460.000000,766,0.203924,PI,FIFO,true,PI_FIFO,459.796076
15.180019,-1,18,10000.151000,18.615000,462.364960,459.775945,460.000000,763,-2.364960,PI,FIFO,true,PI_FIFO,462.364960
15.190019,-1,18,10000.040000,18.655000,461.822660,460.082952,460.000000,764,-1.822660,PI,FIFO,true,PI_FIFO,461.822660
15.200015,-1,18,9996.207000,14.862000,461.931018,460.360162,460.000000,763,-1.931018,PI,FIFO,true,PI_FIFO,461.931018
15.210019,-1,18,10003.726000,18.588000,459.809264,460.277528,460.000000,765,0.190736,PI,FIFO,true,PI_FIFO,459.809264
15.220014,-1,18,9995.818000,14.406000,458.275140,459.977169,460.000000,766,1.724860,PI,FIFO,true,PI_FIFO,458.275140
15.230018,-1,18,10003.522000,17.928000,460.509307,460.056990,460.000000,765,-0.509307,PI,FIFO,true,PI_FIFO,460.509307
15.240023,-1,18,10005.188000,23.116000,459.333660,459.948490,460.000000,766,0.666340,PI,FIFO,true,PI_FIFO,459.333660
15.250019,-1,18,9996.263000,19.379000,463.867188,460.536295,460.000000,761,-3.867188,PI,FIFO,true,PI_FIFO,463.867188
15.260028,-1,18,10008.299000,27.678000,459.558824,460.389674,460.000000,765,0.441176,PI,FIFO,true,PI_FIFO,459.558824
15.270020,-1,18,9992.355000,20.033000,457.813348,460.003225,460.000000,767,2.186652,PI,FIFO,true,PI_FIFO,457.813348
15.280015,-1,18,9995.004000,15.037000,457.423327,459.616241,460.000000,767,2.576673,PI,FIFO,true,PI_FIFO,457.423327
15.290015,-1,18,10000.410000,15.447000,458.310701,459.420410,460.000000,767,1.689299,PI,FIFO,true,PI_FIFO,458.310701
15.300015,-1,18,9999.522000,14.969000,459.988318,459.505596,460.000000,765,0.011682,PI,FIFO,true,PI_FIFO,459.988318
15.310019,-1,18,10003.707000,18.676000,462.662338,459.979107,460.000000,763,-2.662338,PI,FIFO,true,PI_FIFO,462.662338
15.320015,-1,18,9996.411000,15.087000,462.050271,460.289782,460.000000,763,-2.050271,PI,FIFO,true,PI_FIFO,462.050271
15.330020,-1,18,10004.855000,19.942000,462.182148,460.573637,460.000000,763,-2.182148,PI,FIFO,true,PI_FIFO,462.182148
15.340015,-1,18,9995.114000,15.056000,459.130131,460.357111,460.000000,765,0.869869,PI,FIFO,true,PI_FIFO,459.130131
15.350019,-1,18,10003.652000,18.708000,458.809135,460.124914,460.000000,766,1.190865,PI,FIFO,true,PI_FIFO,458.809135
15.360018,-1,18,9999.170000,17.878000,460.203366,460.136682,460.000000,765,-0.203366,PI,FIFO,true,PI_FIFO,460.203366
15.370018,-1,18,10000.318000,18.196000,459.058760,459.974994,460.000000,766,0.941240,PI,FIFO,true,PI_FIFO,459.058760
15.380024,-1,18,10006.262000,24.458000,464.108911,460.595081,460.000000,761,-4.108911,PI,FIFO,true,PI_FIFO,464.108911
15.390020,-1,18,9995.392000,19.850000,459.085052,460.368577,460.000000,765,0.914948,PI,FIFO,true,PI_FIFO,459.085052
15.400022,-1,18,10002.115000,21.965000,458.883994,460.145889,460.000000,765,1.116006,PI,FIFO,true,PI_FIFO,458.883994
15.410019,-1,18,9997.225000,19.190000,457.565076,459.758767,460.000000,767,2.434924,PI,FIFO,true,PI_FIFO,457.565076
15.420022,-1,18,10003.115000,22.305000,457.210869,459.376583,460.000000,768,2.789131,PI,FIFO,true,PI_FIFO,457.210869
15.430018,-1,18,9996.114000,18.419000,461.463731,459.689655,460.000000,764,-1.463731,PI,FIFO,true,PI_FIFO,461.463731
15.440026,-1,18,10008.077000,26.496000,461.141171,459.907382,460.000000,764,-1.141171,PI,FIFO,true,PI_FIFO,461.141171
15.450020,-1,18,9993.078000,19.574000,463.625716,460.465132,460.000000,762,-3.625716,PI,FIFO,true,PI_FIFO,463.625716
15.460022,-1,18,10002.707000,22.281000,461.931018,460.685015,460.000000,763,-1.931018,PI,FIFO,true,PI_FIFO,461.931018
15.470019,-1,18,9997.188000,19.469000,459.058760,460.441077,460.000000,765,0.941240,PI,FIFO,true,PI_FIFO,459.058760
15.480034,-1,18,10014.911000,34.380000,459.344377,460.276572,460.000000,765,0.655623,PI,FIFO,true,PI_FIFO,459.344377
15.490016,-1,18,9981.873000,16.253000,460.310966,460.281731,460.000000,764,-0.310966,PI,FIFO,true,PI_FIFO,460.310966
15.500031,-1,18,10014.652000,30.905000,459.344377,460.141128,460.000000,765,0.655623,PI,FIFO,true,PI_FIFO,459.344377
15.510020,-1,18,9989.577000,20.482000,463.143526,460.591488,460.000000,761,-3.143526,PI,FIFO,true,PI_FIFO,463.143526
15.520023,-1,18,10002.559000,23.041000,459.773470,460.468785,460.000000,764,0.226530,PI,FIFO,true,PI_FIFO,459.773470
15.530020,-1,18,9996.929000,19.970000,458.809135,460.219838,460.000000,765,1.190865,PI,FIFO,true,PI_FIFO,458.809135
15.540022,-1,18,10001.744000,21.714000,458.211144,459.918533,460.000000,766,1.788856,PI,FIFO,true,PI_FIFO,458.211144
15.550023,-1,18,10001.411000,23.125000,455.795803,459.300124,460.000000,768,4.204197,PI,FIFO,true,PI_FIFO,455.795803
15.560023,-1,18,10000.244000,23.369000,461.065574,459.564941,460.000000,764,-1.065574,PI,FIFO,true,PI_FIFO,461.065574
15.570033,-1,18,10010.096000,33.465000,461.224754,459.813913,460.000000,764,-1.224754,PI,FIFO,true,PI_FIFO,461.224754
15.580038,-1,18,10004.373000,37.838000,462.734452,460.251994,460.000000,762,-2.734452,PI,FIFO,true,PI_FIFO,462.734452
15.590020,-1,18,9982.022000,19.860000,462.182148,460.541517,460.000000,762,-2.182148,PI,FIFO,true,PI_FIFO,462.182148
15.600034,-1,18,10014.577000,34.437000,459.130131,460.329809,460.000000,765,0.869869,PI,FIFO,true,PI_FIFO,459.130131
15.610026,-1,18,9991.874000,26.311000,458.809135,460.101708,460.000000,765,1.190865,PI,FIFO,true,PI_FIFO,458.809135
15.620024,-1,18,9997.207000,23.518000,459.344377,459.988109,460.000000,765,0.655623,PI,FIFO,true,PI_FIFO,459.344377
15.630019,-1,18,9995.689000,19.207000,459.809264,459.961282,460.000000,765,0.190736,PI,FIFO,true,PI_FIFO,459.809264
15.640027,-1,18,10008.003000,27.210000,462.582237,460.354425,460.000000,762,-2.582237,PI,FIFO,true,PI_FIFO,462.582237
15.650020,-1,18,9992.670000,19.880000,460.509307,460.377657,460.000000,764,-0.509307,PI,FIFO,true,PI_FIFO,460.509307
15.660023,-1,18,10002.707000,22.587000,457.763672,459.985560,460.000000,766,2.236328,PI,FIFO,true,PI_FIFO,457.763672
15.670020,-1,18,9997.633000,20.220000,459.558824,459.921549,460.000000,765,0.441176,PI,FIFO,true,PI_FIFO,459.558824
15.680052,-1,18,10031.354000,51.574000,455.982490,459.330690,460.000000,768,4.017510,PI,FIFO,true,PI_FIFO,455.982490
15.690021,-1,18,9969.356000,20.930000,462.662338,459.830437,460.000000,762,-2.662338,PI,FIFO,true,PI_FIFO,462.662338
15.700019,-1,18,9998.337000,19.267000,460.235641,459.891218,460.000000,764,-0.235641,PI,FIFO,true,PI_FIFO,460.235641
15.710019,-1,18,10000.188000,19.455000,463.867188,460.487613,460.000000,761,-3.867188,PI,FIFO,true,PI_FIFO,463.867188
15.720019,-1,18,9999.263000,18.718000,461.281631,460.606716,460.000000,763,-1.281631,PI,FIFO,true,PI_FIFO,461.281631
15.730029,-1,18,10009.873000,28.591000,459.085052,460.378466,460.000000,765,0.914948,PI,FIFO,true,PI_FIFO,459.085052
15.740018,-1,18,9989.781000,18.372000,459.558824,460.255520,460.000000,764,0.441176,PI,FIFO,true,PI_FIFO,459.558824
15.750017,-1,18,9998.800000,17.172000,459.085052,460.079950,460.000000,765,0.914948,PI,FIFO,true,PI_FIFO,459.085052
15.760017,-1,18,9999.762000,16.934000,459.773470,460.033978,460.000000,764,0.226530,PI,FIFO,true,PI_FIFO,459.773470
15.770017,-1,18,9999.874000,16.808000,461.822660,460.302280,460.000000,762,-1.822660,PI,FIFO,true,PI_FIFO,461.822660
15.780025,-1,18,10008.503000,25.311000,461.065574,460.416774,460.000000,763,-1.065574,PI,FIFO,true,PI_FIFO,461.065574
15.790019,-1,18,9993.281000,18.592000,458.559783,460.138225,460.000000,765,1.440217,PI,FIFO,true,PI_FIFO,458.559783
15.800020,-1,18,10001.448000,20.040000,458.061889,459.826775,460.000000,766,1.938111,PI,FIFO,true,PI_FIFO,458.061889
15.810016,-1,18,9995.614000,15.654000,456.327745,459.301920,460.000000,768,3.672255,PI,FIFO,true,PI_FIFO,456.327745
15.820024,-1,18,10008.837000,24.491000,460.849719,459.534090,460.000000,764,-0.849719,PI,FIFO,true,PI_FIFO,460.849719
15.830020,-1,18,9995.559000,20.050000,461.224754,459.787690,460.000000,763,-1.224754,PI,FIFO,true,PI_FIFO,461.224754
15.840028,-1,18,10007.559000,27.609000,462.734452,460.229704,460.000000,762,-2.734452,PI,FIFO,true,PI_FIFO,462.734452
15.850020,-1,18,9992.540000,20.149000,461.714353,460.452401,460.000000,762,-1.714353,PI,FIFO,true,PI_FIFO,461.714353
15.860024,-1,18,10003.800000,23.949000,458.559783,460.168509,460.000000,765,1.440217,PI,FIFO,true,PI_FIFO,458.559783
15.870020,-1,18,9995.558000,19.507000,459.988318,460.141480,460.000000,764,0.011682,PI,FIFO,true,PI_FIFO,459.988318
15.880032,-1,18,10012.466000,31.973000,458.612255,459.912096,460.000000,765,1.387745,PI,FIFO,true,PI_FIFO,458.612255
15.890021,-1,18,9988.800000,20.773000,459.784208,459.892913,460.000000,764,0.215792,PI,FIFO,true,PI_FIFO,459.784208
15.900020,-1,18,9998.911000,19.684000,461.463731,460.128536,460.000000,763,-1.463731,PI,FIFO,true,PI_FIFO,461.463731
15.910019,-1,18,9999.411000,19.095000,460.687961,460.212449,460.000000,763,-0.687961,PI,FIFO,true,PI_FIFO,460.687961
15.920020,-1,18,10000.410000,19.505000,458.140432,459.901647,460.000000,766,1.859568,PI,FIFO,true,PI_FIFO,458.140432
15.930018,-1,18,9998.689000,18.194000,458.211144,459.648071,460.000000,766,1.788856,PI,FIFO,true,PI_FIFO,458.211144
15.940019,-1,18,10000.373000,18.567000,456.730769,459.210476,460.000000,768,3.269231,PI,FIFO,true,PI_FIFO,456.730769
15.950019,-1,18,10000.596000,19.163000,460.235641,459.364251,460.000000,765,-0.235641,PI,FIFO,true,PI_FIFO,460.235641
15.960019,-1,18,9999.633000,18.796000,460.986025,459.607517,460.000000,764,-0.986025,PI,FIFO,true,PI_FIFO,460.986025
15.970018,-1,18,9999.670000,18.466000,463.671691,460.217143,460.000000,761,-3.671691,PI,FIFO,true,PI_FIFO,463.671691
15.980029,-1,18,10010.540000,29.006000,461.570022,460.420075,460.000000,763,-1.570022,PI,FIFO,true,PI_FIFO,461.570022
15.990019,-1,18,9990.133000,19.139000,458.916084,460.194476,460.000000,765,1.083916,PI,FIFO,true,PI_FIFO,458.916084
16.000019,-1,18,10000.059000,19.198000,459.308655,460.061603,460.000000,765,0.691345,PI,FIFO,true,PI_FIFO,459.308655
16.010019,-1,18,9999.818000,19.016000,458.702237,459.857698,460.000000,765,1.297763,PI,FIFO,true,PI_FIFO,458.702237
16.020020,-1,18,10000.503000,19.519000,460.418616,459.941836,460.000000,764,-0.418616,PI,FIFO,true,PI_FIFO,460.418616
16.030018,-1,18,9998.782000,18.301000,461.065574,460.110396,460.000000,763,-1.065574,PI,FIFO,true,PI_FIFO,461.065574
16.040025,-1,18,10006.651000,24.952000,460.849719,460.221295,460.000000,763,-0.849719,PI,FIFO,true,PI_FIFO,460.849719
16.050019,-1,18,9994.170000,19.122000,459.058760,460.046915,460.000000,765,0.941240,PI,FIFO,true,PI_FIFO,459.058760
16.060022,-1,18,10002.929000,22.051000,456.998607,459.589668,460.000000,767,3.001393,PI,FIFO,true,PI_FIFO,456.998607
16.070020,-1,18,9997.800000,19.851000,456.821873,459.174499,460.000000,768,3.178127,PI,FIFO,true,PI_FIFO,456.821873
16.080029,-1,18,10008.984000,28.835000,461.065574,459.458160,460.000000,764,-1.065574,PI,FIFO,true,PI_FIFO,461.065574
16.090019,-1,18,9989.948000,18.783000,460.509307,459.615832,460.000000,764,-0.509307,PI,FIFO,true,PI_FIFO,460.509307
16.100020,-1,18,10000.911000,19.694000,463.420662,460.186557,460.000000,762,-3.420662,PI,FIFO,true,PI_FIFO,463.420662
16.110019,-1,18,9998.892000,18.586000,462.182148,460.485896,460.000000,762,-2.182148,PI,FIFO,true,PI_FIFO,462.182148
16.120019,-1,18,10000.355000,18.941000,458.435208,460.178292,460.000000,766,1.564792,PI,FIFO,true,PI_FIFO,458.435208
16.130019,-1,18,10000.522000,19.463000,460.033574,460.156585,460.000000,764,-0.033574,PI,FIFO,true,PI_FIFO,460.033574
16.140019,-1,18,9999.466000,18.929000,458.702237,459.938433,460.000000,766,1.297763,PI,FIFO,true,PI_FIFO,458.702237
16.150019,-1,18,9999.818000,18.747000,460.562227,460.032002,460.000000,764,-0.562227,PI,FIFO,true,PI_FIFO,460.562227
16.160019,-1,18,10000.726000,19.473000,461.497890,460.251885,460.000000,763,-1.497890,PI,FIFO,true,PI_FIFO,461.497890
16.170019,-1,18,9999.688000,19.161000,460.310966,460.260747,460.000000,764,-0.310966,PI,FIFO,true,PI_FIFO,460.310966
16.180027,-1,18,10007.707000,26.868000,459.558824,460.155459,460.000000,765,0.441176,PI,FIFO,true,PI_FIFO,459.558824
16.190019,-1,18,9992.022000,18.890000,458.809135,459.953510,460.000000,765,1.190865,PI,FIFO,true,PI_FIFO,458.809135
16.200019,-1,18,10000.522000,19.412000,456.786543,459.478465,460.000000,767,3.213457,PI,FIFO,true,PI_FIFO,456.786543
16.210020,-1,18,10000.910000,20.322000,460.059978,459.565692,460.000000,765,-0.059978,PI,FIFO,true,PI_FIFO,460.059978
16.220020,-1,18,9999.911000,20.233000,460.849719,459.758296,460.000000,764,-0.849719,PI,FIFO,true,PI_FIFO,460.849719
16.230019,-1,18,9999.040000,19.273000,463.143526,460.266081,460.000000,762,-3.143526,PI,FIFO,true,PI_FIFO,463.143526
16.240023,-1,18,10003.892000,23.165000,462.506167,460.602093,460.000000,762,-2.506167,PI,FIFO,true,PI_FIFO,462.506167
16.250020,-1,18,9996.578000,19.743000,457.434515,460.126957,460.000000,766,2.565485,PI,FIFO,true,PI_FIFO,457.434515
16.260024,-1,18,10003.836000,23.579000,459.988318,460.106161,460.000000,764,0.011682,PI,FIFO,true,PI_FIFO,459.988318
16.270020,-1,18,9995.985000,19.564000,458.310701,459.836842,460.000000,766,1.689299,PI,FIFO,true,PI_FIFO,458.310701
16.280041,-1,18,10020.966000,40.530000,460.203366,459.891820,460.000000,764,-0.203366,PI,FIFO,true,PI_FIFO,460.203366
16.290019,-1,18,9978.411000,18.941000,461.942427,460.199411,460.000000,763,-1.942427,PI,FIFO,true,PI_FIFO,461.942427
16.300021,-1,18,10001.818000,20.759000,460.235641,460.204846,460.000000,764,-0.235641,PI,FIFO,true,PI_FIFO,460.235641
16.310020,-1,18,9998.985000,19.744000,460.509307,460.250515,460.000000,764,-0.509307,PI,FIFO,true,PI_FIFO,460.509307
16.320019,-1,18,9999.707000,19.451000,456.871345,459.743640,460.000000,767,3.128655,PI,FIFO,true,PI_FIFO,456.871345
16.330016,-1,18,9996.800000,16.251000,457.199692,459.362047,460.000000,767,2.800308,PI,FIFO,true,PI_FIFO,457.199692
16.340019,-1,18,10003.040000,19.291000,459.558824,459.391564,460.000000,765,0.441176,PI,FIFO,true,PI_FIFO,459.558824
16.350016,-1,18,9996.762000,16.053000,460.271318,459.523527,460.000000,765,-0.271318,PI,FIFO,true,PI_FIFO,460.271318
16.360019,-1,18,10003.189000,19.242000,463.890198,460.178528,460.000000,761,-3.890198,PI,FIFO,true,PI_FIFO,463.890198
16.370019,-1,18,10000.040000,19.282000,461.931018,460.441401,460.000000,763,-1.931018,PI,FIFO,true,PI_FIFO,461.931018
16.380029,-1,18,10009.651000,28.933000,458.310701,460.121796,460.000000,766,1.689299,PI,FIFO,true,PI_FIFO,458.310701
16.390019,-1,18,9990.263000,19.196000,461.065574,460.263363,460.000000,763,-1.065574,PI,FIFO,true,PI_FIFO,461.065574
16.400019,-1,18,9999.670000,18.866000,458.061889,459.933142,460.000000,766,1.938111,PI,FIFO,true,PI_FIFO,458.061889
16.410019,-1,18,10000.207000,19.073000,459.773470,459.909191,460.000000,765,0.226530,PI,FIFO,true,PI_FIFO,459.773470
16.420019,-1,18,9999.929000,19.002000,462.328767,460.272127,460.000000,762,-2.328767,PI,FIFO,true,PI_FIFO,462.328767
16.430019,-1,18,9999.874000,18.876000,460.203366,460.261813,460.000000,764,-0.203366,PI,FIFO,true,PI_FIFO,460.203366
16.440026,-1,18,10007.596000,26.472000,460.562227,460.306875,460.000000,764,-0.562227,PI,FIFO,true,PI_FIFO,460.562227
16.450020,-1,18,9993.299000,19.771000,456.574675,459.747045,460.000000,767,3.425325,PI,FIFO,true,PI_FIFO,456.574675
16.460021,-1,18,10001.689000,21.460000,458.376222,459.541422,460.000000,766,1.623778,PI,FIFO,true,PI_FIFO,458.376222
16.470019,-1,18,9997.170000,18.630000,458.883994,459.442808,460.000000,766,1.116006,PI,FIFO,true,PI_FIFO,458.883994
16.480031,-1,18,10012.614000,31.244000,460.509307,459.602783,460.000000,765,-0.509307,PI,FIFO,true,PI_FIFO,460.509307
16.490019,-1,18,9988.059000,19.303000,463.890198,460.245895,460.000000,761,-3.890198,PI,FIFO,true,PI_FIFO,463.890198
16.500019,-1,18,10000.096000,19.399000,462.075575,460.520347,460.000000,762,-2.075575,PI,FIFO,true,PI_FIFO,462.075575
16.510016,-1,18,9996.559000,15.958000,458.916084,460.279707,460.000000,765,1.083916,PI,FIFO,true,PI_FIFO,458.916084
16.520020,-1,18,10003.836000,19.794000,459.308655,460.134050,460.000000,765,0.691345,PI,FIFO,true,PI_FIFO,459.308655
16.530019,-1,18,9999.411000,19.205000,459.344377,460.015599,460.000000,765,0.655623,PI,FIFO,true,PI_FIFO,459.344377
16.540019,-1,18,10000.003000,19.208000,459.058760,459.872073,460.000000,765,0.941240,PI,FIFO,true,PI_FIFO,459.058760
16.550023,-1,18,10003.429000,22.637000,462.582237,460.278597,460.000000,762,-2.582237,PI,FIFO,true,PI_FIFO,462.582237
16.560018,-1,18,9995.244000,17.881000,459.796076,460.206219,460.000000,764,0.203924,PI,FIFO,true,PI_FIFO,459.796076
16.570020,-1,18,10002.078000,19.959000,461.141171,460.346462,460.000000,763,-1.141171,PI,FIFO,true,PI_FIFO,461.141171
16.580031,-1,18,10011.410000,31.369000,456.965110,459.839259,460.000000,767,3.034890,PI,FIFO,true,PI_FIFO,456.965110
16.590019,-1,18,9987.152000,18.521000,457.987298,459.561465,460.000000,766,2.012702,PI,FIFO,true,PI_FIFO,457.987298
16.600021,-1,18,10002.633000,21.154000,460.033574,459.632282,460.000000,765,-0.033574,PI,FIFO,true,PI_FIFO,460.033574
16.610018,-1,18,9997.336000,18.490000,459.344377,459.589096,460.000000,765,0.655623,PI,FIFO,true,PI_FIFO,459.344377
16.620018,-1,18,9999.522000,18.012000,464.876033,460.382136,460.000000,760,-4.876033,PI,FIFO,true,PI_FIFO,464.876033
16.630018,-1,18,9999.948000,17.960000,461.931018,460.614469,460.000000,762,-1.931018,PI,FIFO,true,PI_FIFO,461.931018
16.640027,-1,18,10009.336000,27.296000,459.558824,460.456122,460.000000,764,0.441176,PI,FIFO,true,PI_FIFO,459.558824
16.650020,-1,18,9992.559000,19.855000,458.435208,460.152985,460.000000,765,1.564792,PI,FIFO,true,PI_FIFO,458.435208
16.660018,-1,18,9998.226000,18.081000,458.376222,459.886470,460.000000,766,1.623778,PI,FIFO,true,PI_FIFO,458.376222
16.670019,-1,18,10000.466000,18.547000,460.203366,459.934005,460.000000,764,-0.203366,PI,FIFO,true,PI_FIFO,460.203366
16.680036,-1,18,10017.484000,36.031000,462.328767,460.293219,460.000000,762,-2.328767,PI,FIFO,true,PI_FIFO,462.328767
16.690018,-1,18,9981.911000,17.942000,459.773470,460.215257,460.000000,764,0.226530,PI,FIFO,true,PI_FIFO,459.773470
16.700017,-1,18,9999.319000,17.261000,461.224754,460.366681,460.000000,763,-1.224754,PI,FIFO,true,PI_FIFO,461.224754
16.710017,-1,18,9999.873000,17.134000,457.987298,460.009774,460.000000,766,2.012702,PI,FIFO,true,PI_FIFO,457.987298
16.720016,-1,18,9999.263000,16.397000,456.730769,459.517923,460.000000,767,3.269231,PI,FIFO,true,PI_FIFO,456.730769
16.730017,-1,18,10000.410000,16.807000,460.009814,459.591707,460.000000,765,-0.009814,PI,FIFO,true,PI_FIFO,460.009814
16.740017,-1,18,10000.207000,17.014000,458.848532,459.480231,460.000000,766,1.151468,PI,FIFO,true,PI_FIFO,458.848532
16.750018,-1,18,10001.355000,18.369000,464.108911,460.174533,460.000000,761,-4.108911,PI,FIFO,true,PI_FIFO,464.108911
16.760023,-1,18,10004.263000,22.632000,461.224754,460.332066,460.000000,763,-1.224754,PI,FIFO,true,PI_FIFO,461.224754
16.770019,-1,18,9996.448000,19.080000,459.773470,460.248276,460.000000,764,0.226530,PI,FIFO,true,PI_FIFO,459.773470
16.780031,-1,18,10012.132000,31.212000,459.333660,460.111084,460.000000,765,0.666340,PI,FIFO,true,PI_FIFO,459.333660
16.790020,-1,18,9988.708000,19.920000,458.612255,459.886260,460.000000,765,1.387745,PI,FIFO,true,PI_FIFO,458.612255
16.800016,-1,18,9996.410000,16.330000,460.235641,459.938667,460.000000,764,-0.235641,PI,FIFO,true,PI_FIFO,460.235641
16.810019,-1,18,10002.300000,18.630000,461.942427,460.239231,460.000000,762,-1.942427,PI,FIFO,true,PI_FIFO,461.942427
16.820015,-1,18,9996.707000,15.337000,460.634066,460.298456,460.000000,763,-0.634066,PI,FIFO,true,PI_FIFO,460.634066
16.830016,-1,18,10001.059000,16.396000,460.310966,460.300333,460.000000,764,-0.310966,PI,FIFO,true,PI_FIFO,460.310966
16.840023,-1,18,10006.225000,22.621000,458.061889,459.964566,460.000000,766,1.938111,PI,FIFO,true,PI_FIFO,458.061889
16.850019,-1,18,9996.485000,19.106000,457.813348,459.641883,460.000000,766,2.186652,PI,FIFO,true,PI_FIFO,457.813348
16.860015,-1,18,9996.022000,15.128000,459.558824,459.629424,460.000000,765,0.441176,PI,FIFO,true,PI_FIFO,459.558824
16.870018,-1,18,10003.188000,18.316000,458.061889,459.394294,460.000000,766,1.938111,PI,FIFO,true,PI_FIFO,458.061889
16.880015,-1,18,9996.652000,14.968000,465.425532,460.298980,460.000000,760,-5.425532,PI,FIFO,true,PI_FIFO,465.425532
16.890018,-1,18,10003.466000,18.434000,460.747543,460.366264,460.000000,763,-0.747543,PI,FIFO,true,PI_FIFO,460.747543
16.900015,-1,18,9996.485000,14.919000,459.988318,460.309572,460.000000,764,0.011682,PI,FIFO,true,PI_FIFO,459.988318
16.910020,-1,18,10005.429000,20.348000,458.310701,460.009742,460.000000,766,1.689299,PI,FIFO,true,PI_FIFO,458.310701
16.920015,-1,18,9994.947000,15.295000,458.488589,459.781569,460.000000,766,1.511411,PI,FIFO,true,PI_FIFO,458.488589
16.930018,-1,18,10002.856000,18.151000,461.570022,460.049837,460.000000,763,-1.570022,PI,FIFO,true,PI_FIFO,461.570022
16.940015,-1,18,9996.484000,14.635000,460.634066,460.137471,460.000000,764,-0.634066,PI,FIFO,true,PI_FIFO,460.634066
16.950018,-1,18,10003.633000,18.268000,460.986025,460.264754,460.000000,763,-0.986025,PI,FIFO,true,PI_FIFO,460.986025
16.960016,-1,18,9997.837000,16.105000,459.784208,460.192672,460.000000,764,0.215792,PI,FIFO,true,PI_FIFO,459.784208
16.970019,-1,18,10003.059000,19.164000,457.904884,459.849504,460.000000,766,2.095116,PI,FIFO,true,PI_FIFO,457.904884
16.980015,-1,18,9995.633000,14.797000,457.317073,459.469639,460.000000,767,2.682927,PI,FIFO,true,PI_FIFO,457.317073
16.990019,-1,18,10003.984000,18.781000,459.796076,459.518605,460.000000,765,0.203924,PI,FIFO,true,PI_FIFO,459.796076
17.000018,-1,18,9999.448000,18.229000,458.659491,459.389738,460.000000,766,1.340509,PI,FIFO,true,PI_FIFO,458.659491
17.010018,-1,18,10000.133000,18.362000,464.593114,460.170244,460.000000,761,-4.593114,PI,FIFO,true,PI_FIFO,464.593114
17.020015,-1,18,9996.651000,15.013000,462.364960,460.499452,460.000000,762,-2.364960,PI,FIFO,true,PI_FIFO,462.364960
17.030027,-1,18,10012.466000,27.479000,459.809264,460.395924,460.000000,764,0.190736,PI,FIFO,true,PI_FIFO,459.809264
17.040030,-1,18,10002.522000,30.001000,459.558824,460.270359,460.000000,764,0.441176,PI,FIFO,true,PI_FIFO,459.558824
17.050020,-1,18,9990.448000,20.449000,457.434515,459.844982,460.000000,766,2.565485,PI,FIFO,true,PI_FIFO,457.434515
17.060018,-1,18,9997.874000,18.323000,462.050271,460.175775,460.000000,762,-2.050271,PI,FIFO,true,PI_FIFO,462.050271
17.070018,-1,18,9999.966000,18.289000,460.271318,460.190107,460.000000,764,-0.271318,PI,FIFO,true,PI_FIFO,460.271318
17.080018,-1,18,9999.892000,18.181000,461.497890,460.386274,460.000000,763,-1.497890,PI,FIFO,true,PI_FIFO,461.497890
17.090017,-1,18,9998.374000,16.555000,459.809264,460.299723,460.000000,764,0.190736,PI,FIFO,true,PI_FIFO,459.809264
17.100015,-1,18,9998.818000,15.373000,458.916084,460.092177,460.000000,765,1.083916,PI,FIFO,true,PI_FIFO,458.916084
17.110019,-1,18,10003.485000,18.858000,457.317073,459.675911,460.000000,767,2.682927,PI,FIFO,true,PI_FIFO,457.317073
17.120018,-1,18,9999.540000,18.398000,458.702237,459.529860,460.000000,766,1.297763,PI,FIFO,true,PI_FIFO,458.702237
17.130019,-1,18,10000.374000,18.772000,459.058760,459.459195,460.000000,765,0.941240,PI,FIFO,true,PI_FIFO,459.058760
17.140018,-1,18,9999.225000,17.997000,464.108911,460.156652,460.000000,761,-4.108911,PI,FIFO,true,PI_FIFO,464.108911
17.150018,-1,18,10000.003000,18.000000,462.182148,460.460477,460.000000,762,-2.182148,PI,FIFO,true,PI_FIFO,462.182148
17.160018,-1,18,10000.337000,18.337000,460.009814,460.392877,460.000000,764,-0.009814,PI,FIFO,true,PI_FIFO,460.009814
17.170025,-1,18,10006.299000,24.636000,459.796076,460.303357,460.000000,764,0.203924,PI,FIFO,true,PI_FIFO,459.796076
17.180020,-1,18,9994.874000,19.510000,457.094100,459.821969,460.000000,767,2.905900,PI,FIFO,true,PI_FIFO,457.094100
17.190022,-1,18,10002.966000,22.476000,461.497890,460.073357,460.000000,763,-1.497890,PI,FIFO,true,PI_FIFO,461.497890
17.200019,-1,18,9996.393000,18.869000,460.747543,460.174485,460.000000,763,-0.747543,PI,FIFO,true,PI_FIFO,460.747543
17.210021,-1,18,10002.466000,21.335000,462.050271,460.455853,460.000000,762,-2.050271,PI,FIFO,true,PI_FIFO,462.050271
17.220019,-1,18,9997.559000,18.894000,459.796076,460.356886,460.000000,764,0.203924,PI,FIFO,true,PI_FIFO,459.796076
17.230022,-1,18,10003.040000,21.934000,456.871345,459.834055,460.000000,767,3.128655,PI,FIFO,true,PI_FIFO,456.871345
17.240027,-1,18,10005.059000,26.993000,457.904884,459.544679,460.000000,766,2.095116,PI,FIFO,true,PI_FIFO,457.904884
17.250024,-1,18,9997.170000,24.163000,459.558824,459.546801,460.000000,765,0.441176,PI,FIFO,true,PI_FIFO,459.558824
17.260019,-1,18,9995.114000,19.277000,458.376222,459.371214,460.000000,766,1.623778,PI,FIFO,true,PI_FIFO,458.376222
17.270022,-1,18,10002.855000,22.132000,463.453390,459.983541,460.000000,761,-3.453390,PI,FIFO,true,PI_FIFO,463.453390
17.280019,-1,18,9996.763000,18.895000,462.075575,460.297346,460.000000,762,-2.075575,PI,FIFO,true,PI_FIFO,462.075575
17.290022,-1,18,10002.744000,21.639000,459.773470,460.218764,460.000000,764,0.226530,PI,FIFO,true,PI_FIFO,459.773470
17.300020,-1,18,9997.892000,19.531000,459.558824,460.119773,460.000000,764,0.441176,PI,FIFO,true,PI_FIFO,459.558824
17.310021,-1,18,10001.392000,20.923000,457.210869,459.683438,460.000000,767,2.789131,PI,FIFO,true,PI_FIFO,457.210869
17.320019,-1,18,9998.170000,19.093000,462.182148,460.058244,460.000000,762,-2.182148,PI,FIFO,true,PI_FIFO,462.182148
17.330021,-1,18,10001.892000,20.985000,460.009814,460.050980,460.000000,764,-0.009814,PI,FIFO,true,PI_FIFO,460.009814
17.340016,-1,18,9994.670000,15.655000,461.702955,460.298776,460.000000,762,-1.702955,PI,FIFO,true,PI_FIFO,461.702955
17.350022,-1,18,10006.207000,21.862000,460.009814,460.255432,460.000000,764,-0.009814,PI,FIFO,true,PI_FIFO,460.009814
17.360019,-1,18,9997.059000,18.921000,456.965110,459.761883,460.000000,767,3.034890,PI,FIFO,true,PI_FIFO,456.965110
17.370022,-1,18,10002.985000,21.906000,458.883994,459.630200,460.000000,765,1.116006,PI,FIFO,true,PI_FIFO,458.883994
17.380020,-1,18,9998.095000,20.001000,457.904884,459.371403,460.000000,766,2.095116,PI,FIFO,true,PI_FIFO,457.904884
17.390019,-1,18,9998.967000,18.968000,459.558824,459.399516,460.000000,765,0.441176,PI,FIFO,true,PI_FIFO,459.558824
17.400022,-1,18,10003.077000,22.045000,463.598901,460.029424,460.000000,761,-3.598901,PI,FIFO,true,PI_FIFO,463.598901
17.410023,-1,18,10001.429000,23.474000,462.799718,460.444968,460.000000,762,-2.799718,PI,FIFO,true,PI_FIFO,462.799718
17.420020,-1,18,9996.318000,19.792000,460.509307,460.454619,460.000000,763,-0.509307,PI,FIFO,true,PI_FIFO,460.509307
17.430023,-1,18,10003.652000,23.444000,459.333660,460.286475,460.000000,764,0.666340,PI,FIFO,true,PI_FIFO,459.333660
17.440026,-1,18,10002.836000,26.280000,457.669579,459.893940,460.000000,766,2.330421,PI,FIFO,true,PI_FIFO,457.669579
17.450025,-1,18,9998.448000,24.728000,460.461690,459.979103,460.000000,764,-0.461690,PI,FIFO,true,PI_FIFO,460.461690
17.460020,-1,18,9995.022000,19.750000,460.747543,460.094369,460.000000,763,-0.747543,PI,FIFO,true,PI_FIFO,460.747543
17.470022,-1,18,10002.262000,22.012000,461.497890,460.304897,460.000000,763,-1.497890,PI,FIFO,true,PI_FIFO,461.497890
17.480019,-1,18,9997.207000,19.219000,460.235641,460.294509,460.000000,764,-0.235641,PI,FIFO,true,PI_FIFO,460.235641
17.490021,-1,18,10001.837000,21.056000,456.081081,459.662494,460.000000,768,3.918919,PI,FIFO,true,PI_FIFO,456.081081
17.500016,-1,18,9994.466000,15.522000,459.130131,459.582640,460.000000,765,0.869869,PI,FIFO,true,PI_FIFO,459.130131
17.510021,-1,18,10005.522000,21.044000,458.140432,459.366309,460.000000,766,1.859568,PI,FIFO,true,PI_FIFO,458.140432
17.520016,-1,18,9994.596000,15.640000,459.558824,459.395186,460.000000,765,0.441176,PI,FIFO,true,PI_FIFO,459.558824
17.530019,-1,18,10003.188000,18.828000,462.182148,459.813230,460.000000,763,-2.182148,PI,FIFO,true,PI_FIFO,462.182148
17.540016,-1,18,9996.874000,15.702000,462.278107,460.182962,460.000000,762,-2.278107,PI,FIFO,true,PI_FIFO,462.278107
17.550034,-1,18,10018.577000,34.279000,460.509307,460.231914,460.000000,764,-0.509307,PI,FIFO,true,PI_FIFO,460.509307
17.560016,-1,18,9981.856000,16.135000,458.916084,460.034539,460.000000,765,1.083916,PI,FIFO,true,PI_FIFO,458.916084
17.570024,-1,18,10007.762000,23.897000,458.310701,459.775963,460.000000,766,1.689299,PI,FIFO,true,PI_FIFO,458.310701
17.580019,-1,18,9995.392000,19.289000,460.634066,459.904679,460.000000,764,-0.634066,PI,FIFO,true,PI_FIFO,460.634066
17.590023,-1,18,10003.744000,23.033000,461.065574,460.078813,460.000000,763,-1.065574,PI,FIFO,true,PI_FIFO,461.065574
17.600019,-1,18,9996.133000,19.166000,460.849719,460.194449,460.000000,763,-0.849719,PI,FIFO,true,PI_FIFO,460.849719
17.610024,-1,18,10004.688000,23.854000,460.747543,460.277413,460.000000,763,-0.747543,PI,FIFO,true,PI_FIFO,460.747543
17.620019,-1,18,9995.337000,19.191000,456.648807,459.733122,460.000000,767,3.351193,PI,FIFO,true,PI_FIFO,456.648807
17.630035,-1,18,10016.207000,35.398000,458.140432,459.494219,460.000000,766,1.859568,PI,FIFO,true,PI_FIFO,458.140432
17.640028,-1,18,9992.818000,28.216000,457.540264,459.201125,460.000000,767,2.459736,PI,FIFO,true,PI_FIFO,457.540264
17.650023,-1,18,9995.207000,23.423000,459.796076,459.290368,460.000000,765,0.203924,PI,FIFO,true,PI_FIFO,459.796076
17.660026,-1,18,10002.781000,26.204000,462.582237,459.784148,460.000000,763,-2.582237,PI,FIFO,true,PI_FIFO,462.582237
17.670025,-1,18,9998.744000,24.948000,461.822660,460.089925,460.000000,763,-1.822660,PI,FIFO,true,PI_FIFO,461.822660
17.680019,-1,18,9993.800000,18.748000,461.497890,460.301120,460.000000,763,-1.497890,PI,FIFO,true,PI_FIFO,461.497890
17.690022,-1,18,10003.040000,21.788000,459.058760,460.114766,460.000000,765,0.941240,PI,FIFO,true,PI_FIFO,459.058760
17.700019,-1,18,9997.337000,19.125000,459.130131,459.967071,460.000000,765,0.869869,PI,FIFO,true,PI_FIFO,459.130131
17.710022,-1,18,10002.892000,22.017000,460.509307,460.048406,460.000000,764,-0.509307,PI,FIFO,true,PI_FIFO,460.509307
17.720019,-1,18,9996.818000,18.835000,460.914454,460.178313,460.000000,764,-0.914454,PI,FIFO,true,PI_FIFO,460.914454
17.730032,-1,18,10013.188000,32.023000,461.702955,460.407010,460.000000,763,-1.702955,PI,FIFO,true,PI_FIFO,461.702955
17.740032,-1,18,9999.929000,31.952000,460.418616,460.408750,460.000000,764,-0.418616,PI,FIFO,true,PI_FIFO,460.418616
17.750028,-1,18,9995.911000,27.863000,457.069339,459.907839,460.000000,767,2.930661,PI,FIFO,true,PI_FIFO,457.069339
17.760016,-1,18,9988.263000,16.126000,459.344377,459.823319,460.000000,765,0.655623,PI,FIFO,true,PI_FIFO,459.344377
17.770024,-1,18,10007.855000,23.981000,457.669579,459.500258,460.000000,767,2.330421,PI,FIFO,true,PI_FIFO,457.669579
17.780020,-1,18,9995.522000,19.503000,459.784208,459.542851,460.000000,765,0.215792,PI,FIFO,true,PI_FIFO,459.784208
17.790024,-1,18,10004.744000,24.247000,462.662338,460.010774,460.000000,762,-2.662338,PI,FIFO,true,PI_FIFO,462.662338
17.800020,-1,18,9995.651000,19.898000,462.050271,460.316698,460.000000,763,-2.050271,PI,FIFO,true,PI_FIFO,462.050271
17.810022,-1,18,10001.707000,21.605000,462.182148,460.596516,460.000000,762,-2.182148,PI,FIFO,true,PI_FIFO,462.182148
17.820018,-1,18,9996.892000,18.497000,458.488589,460.280327,460.000000,765,1.511411,PI,FIFO,true,PI_FIFO,458.488589
17.830022,-1,18,10003.411000,21.908000,458.809135,460.059648,460.000000,765,1.190865,PI,FIFO,true,PI_FIFO,458.809135
17.840026,-1,18,10004.503000,26.411000,459.344377,459.952357,460.000000,765,0.655623,PI,FIFO,true,PI_FIFO,459.344377
17.850021,-1,18,9995.059000,21.470000,460.813763,460.081568,460.000000,764,-0.813763,PI,FIFO,true,PI_FIFO,460.813763
17.860016,-1,18,9994.726000,16.196000,461.714353,460.326486,460.000000,763,-1.714353,PI,FIFO,true,PI_FIFO,461.714353
17.870022,-1,18,10005.336000,21.532000,460.033574,460.282549,460.000000,764,-0.033574,PI,FIFO,true,PI_FIFO,460.033574
17.880018,-1,18,9996.966000,18.498000,456.648807,459.737488,460.000000,767,3.351193,PI,FIFO,true,PI_FIFO,456.648807
17.890021,-1,18,10002.930000,21.428000,457.904884,459.462597,460.000000,767,2.095116,PI,FIFO,true,PI_FIFO,457.904884
17.900019,-1,18,9997.484000,18.912000,457.763672,459.207758,460.000000,767,2.236328,PI,FIFO,true,PI_FIFO,457.763672
17.910021,-1,18,10002.318000,21.230000,459.773470,459.292615,460.000000,765,0.226530,PI,FIFO,true,PI_FIFO,459.773470
17.920019,-1,18,9997.504000,18.734000,462.902807,459.834144,460.000000,763,-2.902807,PI,FIFO,true,PI_FIFO,462.902807
17.930022,-1,18,10003.503000,22.237000,462.050271,460.166563,460.000000,763,-2.050271,PI,FIFO,true,PI_FIFO,462.050271
17.940016,-1,18,9993.522000,15.759000,462.182148,460.468901,460.000000,762,-2.182148,PI,FIFO,true,PI_FIFO,462.182148
17.950021,-1,18,10005.485000,21.244000,458.659491,460.197489,460.000000,765,1.340509,PI,FIFO,true,PI_FIFO,458.659491
17.960018,-1,18,9996.984000,18.228000,459.321815,460.066138,460.000000,765,0.678185,PI,FIFO,true,PI_FIFO,459.321815
17.970027,-1,18,10009.096000,27.324000,459.108717,459.922525,460.000000,765,0.891283,PI,FIFO,true,PI_FIFO,459.108717
17.980017,-1,18,9989.448000,16.772000,460.986025,460.082050,460.000000,764,-0.986025,PI,FIFO,true,PI_FIFO,460.986025
17.990017,-1,18,10000.040000,16.812000,461.931018,460.359395,460.000000,763,-1.931018,PI,FIFO,true,PI_FIFO,461.931018
18.000015,-1,18,9998.374000,15.186000,459.558824,460.239310,460.000000,765,0.441176,PI,FIFO,true,PI_FIFO,459.558824
18.010019,-1,18,10003.540000,18.726000,457.848837,459.880739,460.000000,766,2.151163,PI,FIFO,true,PI_FIFO,457.848837
18.020018,-1,18,9999.300000,18.026000,457.813348,459.570630,460.000000,767,2.186652,PI,FIFO,true,PI_FIFO,457.813348
18.030018,-1,18,9999.559000,17.585000,458.488589,459.408324,460.000000,766,1.511411,PI,FIFO,true,PI_FIFO,458.488589
18.040026,-1,18,10008.447000,26.032000,459.058760,459.355889,460.000000,766,0.941240,PI,FIFO,true,PI_FIFO,459.058760
18.050020,-1,18,9993.485000,19.517000,462.582237,459.839841,460.000000,763,-2.582237,PI,FIFO,true,PI_FIFO,462.582237
18.060019,-1,18,9999.540000,19.057000,460.986025,460.011769,460.000000,764,-0.986025,PI,FIFO,true,PI_FIFO,460.986025
18.070019,-1,18,9999.967000,19.024000,463.420662,460.523103,460.000000,761,-3.420662,PI,FIFO,true,PI_FIFO,463.420662
18.080018,-1,18,9999.318000,18.342000,458.848532,460.271917,460.000000,765,1.151468,PI,FIFO,true,PI_FIFO,458.848532
18.090018,-1,18,10000.040000,18.382000,458.435208,459.996411,460.000000,766,1.564792,PI,FIFO,true,PI_FIFO,458.435208
18.100019,-1,18,10000.188000,18.570000,460.033574,460.001985,460.000000,765,-0.033574,PI,FIFO,true,PI_FIFO,460.033574
18.110017,-1,18,9997.967000,16.537000,459.558824,459.935511,460.000000,765,0.441176,PI,FIFO,true,PI_FIFO,459.558824
18.120015,-1,18,9998.670000,15.207000,464.620044,460.638191,460.000000,760,-4.620044,PI,FIFO,true,PI_FIFO,464.620044
18.130019,-1,18,10003.614000,18.821000,459.344377,460.444119,460.000000,765,0.655623,PI,FIFO,true,PI_FIFO,459.344377
18.140018,-1,18,9999.651000,18.472000,458.310701,460.124106,460.000000,766,1.689299,PI,FIFO,true,PI_FIFO,458.310701
18.150018,-1,18,9999.467000,17.939000,458.061889,459.814774,460.000000,766,1.938111,PI,FIFO,true,PI_FIFO,458.061889
18.160018,-1,18,10000.133000,18.072000,458.488589,459.615846,460.000000,766,1.511411,PI,FIFO,true,PI_FIFO,458.488589
18.170018,-1,18,9999.947000,18.019000,459.809264,459.644859,460.000000,765,0.190736,PI,FIFO,true,PI_FIFO,459.809264
18.180015,-1,18,9996.781000,14.800000,462.799718,460.118088,460.000000,762,-2.799718,PI,FIFO,true,PI_FIFO,462.799718
18.190018,-1,18,10003.541000,18.341000,462.582237,460.487710,460.000000,762,-2.582237,PI,FIFO,true,PI_FIFO,462.582237
18.200015,-1,18,9996.596000,14.937000,461.931018,460.704206,460.000000,762,-1.931018,PI,FIFO,true,PI_FIFO,461.931018
18.210018,-1,18,10003.336000,18.273000,459.085052,460.461333,460.000000,765,0.914948,PI,FIFO,true,PI_FIFO,459.085052
18.220015,-1,18,9996.318000,14.591000,459.333660,460.292182,460.000000,765,0.666340,PI,FIFO,true,PI_FIFO,459.333660
18.230016,-1,18,10001.078000,15.669000,459.796076,460.217766,460.000000,764,0.203924,PI,FIFO,true,PI_FIFO,459.796076
18.240024,-1,18,10007.929000,23.598000,459.558824,460.118925,460.000000,764,0.441176,PI,FIFO,true,PI_FIFO,459.558824
18.250022,-1,18,9998.633000,22.231000,463.867188,460.681164,460.000000,760,-3.867188,PI,FIFO,true,PI_FIFO,463.867188
18.260019,-1,18,9996.984000,19.215000,459.558824,460.512813,460.000000,764,0.441176,PI,FIFO,true,PI_FIFO,459.558824
18.270018,-1,18,9999.022000,18.237000,458.061889,460.145175,460.000000,765,1.938111,PI,FIFO,true,PI_FIFO,458.061889
18.280018,-1,18,10000.115000,18.352000,456.998607,459.673189,460.000000,767,3.001393,PI,FIFO,true,PI_FIFO,456.998607
18.290019,-1,18,10000.558000,18.910000,457.317073,459.319772,460.000000,767,2.682927,PI,FIFO,true,PI_FIFO,457.317073
18.300018,-1,18,9999.059000,17.969000,460.418616,459.484599,460.000000,764,-0.418616,PI,FIFO,true,PI_FIFO,460.418616
18.310029,-1,18,10010.929000,28.898000,462.582237,459.949244,460.000000,762,-2.582237,PI,FIFO,true,PI_FIFO,462.582237
18.320020,-1,18,9990.911000,19.809000,462.582237,460.344193,460.000000,762,-2.582237,PI,FIFO,true,PI_FIFO,462.582237
18.330020,-1,18,9999.818000,19.627000,462.422118,460.655882,460.000000,762,-2.422118,PI,FIFO,true,PI_FIFO,462.422118
18.340018,-1,18,9998.392000,18.019000,458.211144,460.289171,460.000000,765,1.788856,PI,FIFO,true,PI_FIFO,458.211144
18.350033,-1,18,10014.689000,32.708000,458.848532,460.073075,460.000000,765,1.151468,PI,FIFO,true,PI_FIFO,458.848532
18.360020,-1,18,9987.447000,20.155000,460.461690,460.131367,460.000000,764,-0.461690,PI,FIFO,true,PI_FIFO,460.461690
18.370016,-1,18,9995.430000,15.585000,459.321815,460.009935,460.000000,765,0.678185,PI,FIFO,true,PI_FIFO,459.321815
18.380033,-1,18,10017.799000,33.384000,463.017404,460.461055,460.000000,761,-3.017404,PI,FIFO,true,PI_FIFO,463.017404
18.390022,-1,18,9988.985000,22.369000,460.033574,460.396933,460.000000,764,-0.033574,PI,FIFO,true,PI_FIFO,460.033574
18.400015,-1,18,9993.003000,15.372000,457.987298,460.035488,460.000000,765,2.012702,PI,FIFO,true,PI_FIFO,457.987298
18.410019,-1,18,10003.652000,19.024000,458.310701,459.776770,460.000000,765,1.689299,PI,FIFO,true,PI_FIFO,458.310701
18.420018,-1,18,9998.984000,18.008000,457.635983,459.455652,460.000000,766,2.364017,PI,FIFO,true,PI_FIFO,457.635983
18.430017,-1,18,9998.578000,16.586000,460.509307,459.613700,460.000000,764,-0.509307,PI,FIFO,true,PI_FIFO,460.509307
18.440027,-1,18,10010.559000,27.145000,461.595273,459.910936,460.000000,763,-1.595273,PI,FIFO,true,PI_FIFO,461.595273
18.450020,-1,18,9992.410000,19.555000,463.143526,460.395824,460.000000,761,-3.143526,PI,FIFO,true,PI_FIFO,463.143526
18.460019,-1,18,9999.133000,18.688000,461.714353,460.593604,460.000000,762,-1.714353,PI,FIFO,true,PI_FIFO,461.714353
18.470019,-1,18,10000.041000,18.729000,458.310701,460.251168,460.000000,765,1.689299,PI,FIFO,true,PI_FIFO,458.310701
18.480018,-1,18,9999.447000,18.176000,459.130131,460.083013,460.000000,765,0.869869,PI,FIFO,true,PI_FIFO,459.130131
18.490019,-1,18,10001.226000,19.402000,460.033574,460.075597,460.000000,764,-0.033574,PI,FIFO,true,PI_FIFO,460.033574
18.500019,-1,18,9999.244000,18.646000,458.883994,459.896856,460.000000,765,1.116006,PI,FIFO,true,PI_FIFO,458.883994
18.510018,-1,18,9999.744000,18.390000,463.867188,460.492406,460.000000,760,-3.867188,PI,FIFO,true,PI_FIFO,463.867188
18.520018,-1,18,10000.040000,18.430000,460.009814,460.420017,460.000000,763,-0.009814,PI,FIFO,true,PI_FIFO,460.009814
18.530018,-1,18,9999.966000,18.396000,458.702237,460.162350,460.000000,765,1.297763,PI,FIFO,true,PI_FIFO,458.702237
18.540019,-1,18,10000.411000,18.807000,456.965110,459.682764,460.000000,766,3.034890,PI,FIFO,true,PI_FIFO,456.965110
18.550029,-1,18,10010.448000,29.255000,456.821873,459.253631,460.000000,767,3.178127,PI,FIFO,true,PI_FIFO,456.821873
18.560017,-1,18,9987.596000,16.851000,460.634066,459.460696,460.000000,764,-0.634066,PI,FIFO,true,PI_FIFO,460.634066
18.570019,-1,18,10002.207000,19.058000,461.065574,459.701428,460.000000,763,-1.065574,PI,FIFO,true,PI_FIFO,461.065574
18.580018,-1,18,9998.799000,17.857000,462.799718,460.166171,460.000000,762,-2.799718,PI,FIFO,true,PI_FIFO,462.799718
18.590019,-1,18,10001.022000,18.879000,461.281631,460.333490,460.000000,763,-1.281631,PI,FIFO,true,PI_FIFO,461.281631
18.600027,-1,18,10008.410000,27.289000,459.809264,460.254856,460.000000,764,0.190736,PI,FIFO,true,PI_FIFO,459.809264
18.610020,-1,18,9992.874000,20.163000,459.085052,460.079386,460.000000,765,0.914948,PI,FIFO,true,PI_FIFO,459.085052
18.620018,-1,18,9998.115000,18.278000,459.988318,460.065725,460.000000,764,0.011682,PI,FIFO,true,PI_FIFO,459.988318
18.630019,-1,18,10000.855000,19.133000,459.333660,459.955916,460.000000,764,0.666340,PI,FIFO,true,PI_FIFO,459.333660
18.640027,-1,18,10008.318000,27.451000,462.902807,460.397949,460.000000,761,-2.902807,PI,FIFO,true,PI_FIFO,462.902807
18.650020,-1,18,9992.688000,20.139000,459.558824,460.272080,460.000000,764,0.441176,PI,FIFO,true,PI_FIFO,459.558824
18.660019,-1,18,9998.800000,18.939000,457.813348,459.903270,460.000000,766,2.186652,PI,FIFO,true,PI_FIFO,457.813348
18.670018,-1,18,9999.318000,18.257000,458.659491,459.716704,460.000000,765,1.340509,PI,FIFO,true,PI_FIFO,458.659491
18.680027,-1,18,10008.392000,26.649000,456.496668,459.233698,460.000000,767,3.503332,PI,FIFO,true,PI_FIFO,456.496668
18.690019,-1,18,9992.003000,18.652000,461.065574,459.508480,460.000000,764,-1.065574,PI,FIFO,true,PI_FIFO,461.065574
18.700017,-1,18,9998.726000,17.378000,460.562227,459.666542,460.000000,764,-0.562227,PI,FIFO,true,PI_FIFO,460.562227
18.710017,-1,18,9999.892000,17.270000,463.453390,460.234569,460.000000,761,-3.453390,PI,FIFO,true,PI_FIFO,463.453390
18.720017,-1,18,9999.355000,16.625000,461.463731,460.418943,460.000000,762,-1.463731,PI,FIFO,true,PI_FIFO,461.463731
18.730017,-1,18,10000.133000,16.758000,459.784208,460.323733,460.000000,764,0.215792,PI,FIFO,true,PI_FIFO,459.784208
18.740017,-1,18,10000.040000,16.798000,458.612255,460.067011,460.000000,765,1.387745,PI,FIFO,true,PI_FIFO,458.612255
18.750023,-1,18,10005.892000,22.690000,459.333660,459.957009,460.000000,765,0.666340,PI,FIFO,true,PI_FIFO,459.333660
18.760020,-1,18,9997.467000,20.157000,459.085052,459.826215,460.000000,765,0.914948,PI,FIFO,true,PI_FIFO,459.085052
18.770022,-1,18,10002.188000,22.345000,462.147887,460.174466,460.000000,762,-2.147887,PI,FIFO,true,PI_FIFO,462.147887
18.780019,-1,18,9996.411000,18.756000,460.562227,460.232630,460.000000,763,-0.562227,PI,FIFO,true,PI_FIFO,460.562227
18.790023,-1,18,10003.781000,22.537000,458.061889,459.907019,460.000000,766,1.938111,PI,FIFO,true,PI_FIFO,458.061889
18.800019,-1,18,9996.948000,19.485000,457.813348,459.592968,460.000000,766,2.186652,PI,FIFO,true,PI_FIFO,457.813348
18.810021,-1,18,10001.558000,21.043000,455.760817,459.018146,460.000000,768,4.239183,PI,FIFO,true,PI_FIFO,455.760817
18.820015,-1,18,9993.893000,14.936000,461.224754,459.349137,460.000000,764,-1.224754,PI,FIFO,true,PI_FIFO,461.224754
18.830022,-1,18,10006.892000,21.828000,460.634066,459.541876,460.000000,764,-0.634066,PI,FIFO,true,PI_FIFO,460.634066
18.840028,-1,18,10005.836000,27.664000,463.344316,460.112242,460.000000,762,-3.344316,PI,FIFO,true,PI_FIFO,463.344316
18.850024,-1,18,9996.522000,24.186000,462.147887,460.417589,460.000000,762,-2.147887,PI,FIFO,true,PI_FIFO,462.147887
18.860020,-1,18,9995.318000,19.504000,459.344377,460.256607,460.000000,764,0.655623,PI,FIFO,true,PI_FIFO,459.344377
18.870022,-1,18,10002.559000,22.063000,460.059978,460.227113,460.000000,764,-0.059978,PI,FIFO,true,PI_FIFO,460.059978
18.880019,-1,18,9997.411000,19.474000,459.344377,460.094702,460.000000,765,0.655623,PI,FIFO,true,PI_FIFO,459.344377
18.890022,-1,18,10002.947000,22.421000,458.809135,459.901867,460.000000,765,1.190865,PI,FIFO,true,PI_FIFO,458.809135
18.900016,-1,18,9993.559000,15.980000,462.364960,460.271331,460.000000,762,-2.364960,PI,FIFO,true,PI_FIFO,462.364960
18.910022,-1,18,10006.467000,22.447000,459.796076,460.200043,460.000000,764,0.203924,PI,FIFO,true,PI_FIFO,459.796076
18.920015,-1,18,9992.558000,15.005000,458.211144,459.901708,460.000000,766,1.788856,PI,FIFO,true,PI_FIFO,458.211144
18.930022,-1,18,10007.300000,22.305000,458.376222,459.672885,460.000000,766,1.623778,PI,FIFO,true,PI_FIFO,458.376222
18.940016,-1,18,9993.577000,15.882000,455.760817,459.086075,460.000000,768,4.239183,PI,FIFO,true,PI_FIFO,455.760817
18.950021,-1,18,10004.985000,20.867000,460.747543,459.335295,460.000000,764,-0.747543,PI,FIFO,true,PI_FIFO,460.747543
18.960019,-1,18,9998.133000,19.000000,460.914454,459.572169,460.000000,764,-0.914454,PI,FIFO,true,PI_FIFO,460.914454
18.970019,-1,18,9999.800000,18.800000,463.143526,460.107873,460.000000,762,-3.143526,PI,FIFO,true,PI_FIFO,463.143526
18.980021,-1,18,10001.929000,20.729000,461.714353,460.348845,460.000000,763,-1.714353,PI,FIFO,true,PI_FIFO,461.714353
18.990022,-1,18,10001.429000,22.158000,458.061889,460.005801,460.000000,766,1.938111,PI,FIFO,true,PI_FIFO,458.061889
19.000019,-1,18,9996.874000,19.032000,460.203366,460.035436,460.000000,764,-0.203366,PI,FIFO,true,PI_FIFO,460.203366
19.010021,-1,18,10002.299000,21.331000,458.061889,459.739404,460.000000,766,1.938111,PI,FIFO,true,PI_FIFO,458.061889
19.020020,-1,18,9998.207000,19.538000,460.634066,459.873603,460.000000,764,-0.634066,PI,FIFO,true,PI_FIFO,460.634066
19.030019,-1,18,9999.781000,19.319000,461.317660,460.090212,460.000000,763,-1.317660,PI,FIFO,true,PI_FIFO,461.317660
19.040026,-1,18,10006.670000,25.989000,460.418616,460.139472,460.000000,764,-0.418616,PI,FIFO,true,PI_FIFO,460.418616
19.050021,-1,18,9995.374000,21.363000,459.558824,460.052375,460.000000,765,0.441176,PI,FIFO,true,PI_FIFO,459.558824
19.060027,-1,18,10005.984000,27.347000,457.317073,459.642080,460.000000,767,2.682927,PI,FIFO,true,PI_FIFO,457.317073
19.070023,-1,18,9995.930000,23.277000,457.669579,459.346205,460.000000,767,2.330421,PI,FIFO,true,PI_FIFO,457.669579
19.080020,-1,18,9996.410000,19.687000,460.235641,459.479620,460.000000,765,-0.235641,PI,FIFO,true,PI_FIFO,460.235641
19.090020,-1,18,10000.096000,19.783000,460.986025,459.705581,460.000000,764,-0.986025,PI,FIFO,true,PI_FIFO,460.986025
19.100019,-1,18,9999.041000,18.824000,463.671691,460.300497,460.000000,761,-3.671691,PI,FIFO,true,PI_FIFO,463.671691
19.110019,-1,18,10000.447000,19.271000,461.822660,460.528822,460.000000,763,-1.822660,PI,FIFO,true,PI_FIFO,461.822660
19.120020,-1,18,10000.948000,20.219000,457.904884,460.135231,460.000000,766,2.095116,PI,FIFO,true,PI_FIFO,457.904884
19.130027,-1,18,10007.040000,27.259000,460.849719,460.242404,460.000000,764,-0.849719,PI,FIFO,true,PI_FIFO,460.849719
19.140018,-1,18,9991.170000,18.429000,458.310701,459.952649,460.000000,766,1.689299,PI,FIFO,true,PI_FIFO,458.310701
19.150022,-1,18,10003.503000,21.932000,460.634066,460.054861,460.000000,764,-0.634066,PI,FIFO,true,PI_FIFO,460.634066
19.160018,-1,18,9995.578000,17.510000,461.317660,460.244281,460.000000,763,-1.317660,PI,FIFO,true,PI_FIFO,461.317660
19.170018,-1,18,10000.003000,17.513000,461.065574,460.367475,460.000000,763,-1.065574,PI,FIFO,true,PI_FIFO,461.065574
19.180017,-1,18,9999.763000,17.276000,459.809264,460.283743,460.000000,764,0.190736,PI,FIFO,true,PI_FIFO,459.809264
19.190018,-1,18,10000.873000,18.149000,457.423327,459.854681,460.000000,767,2.576673,PI,FIFO,true,PI_FIFO,457.423327
19.200017,-1,18,9998.930000,17.079000,457.813348,459.548481,460.000000,767,2.186652,PI,FIFO,true,PI_FIFO,457.813348
19.210018,-1,18,10000.762000,17.841000,459.344377,459.517865,460.000000,765,0.655623,PI,FIFO,true,PI_FIFO,459.344377
19.220017,-1,18,9999.559000,17.400000,460.509307,459.666582,460.000000,764,-0.509307,PI,FIFO,true,PI_FIFO,460.509307
19.230018,-1,18,10000.318000,17.718000,463.420662,460.229694,460.000000,762,-3.420662,PI,FIFO,true,PI_FIFO,463.420662
19.240027,-1,18,10009.336000,27.054000,462.422118,460.558557,460.000000,762,-2.422118,PI,FIFO,true,PI_FIFO,462.422118
19.250022,-1,18,9995.356000,22.410000,458.061889,460.184057,460.000000,766,1.938111,PI,FIFO,true,PI_FIFO,458.061889
19.260020,-1,18,9997.707000,20.117000,459.809264,460.127838,460.000000,764,0.190736,PI,FIFO,true,PI_FIFO,459.809264
19.270020,-1,18,9999.466000,19.583000,458.883994,459.941262,460.000000,765,1.116006,PI,FIFO,true,PI_FIFO,458.883994
19.280019,-1,18,9999.374000,18.957000,459.558824,459.883896,460.000000,765,0.441176,PI,FIFO,true,PI_FIFO,459.558824
19.290020,-1,18,10000.595000,19.552000,462.582237,460.288647,460.000000,762,-2.582237,PI,FIFO,true,PI_FIFO,462.582237
19.300018,-1,18,9998.467000,18.019000,459.558824,460.179174,460.000000,765,0.441176,PI,FIFO,true,PI_FIFO,459.558824
19.310029,-1,18,10010.595000,28.614000,461.065574,460.312134,460.000000,763,-1.065574,PI,FIFO,true,PI_FIFO,461.065574
19.320021,-1,18,9992.485000,21.099000,456.965110,459.810080,460.000000,767,3.034890,PI,FIFO,true,PI_FIFO,456.965110
19.330022,-1,18,10001.003000,22.102000,457.987298,459.536663,460.000000,766,2.012702,PI,FIFO,true,PI_FIFO,457.987298
19.340016,-1,18,9994.171000,16.273000,460.033574,459.611200,460.000000,765,-0.033574,PI,FIFO,true,PI_FIFO,460.033574
19.350026,-1,18,10009.799000,26.072000,460.914454,459.806688,460.000000,764,-0.914454,PI,FIFO,true,PI_FIFO,460.914454
19.360020,-1,18,9994.040000,20.112000,464.350886,460.488318,460.000000,761,-4.350886,PI,FIFO,true,PI_FIFO,464.350886
19.370019,-1,18,9998.985000,19.097000,461.497890,460.639753,460.000000,763,-1.497890,PI,FIFO,true,PI_FIFO,461.497890
19.380031,-1,18,10012.374000,31.471000,457.763672,460.208341,460.000000,766,2.236328,PI,FIFO,true,PI_FIFO,457.763672
19.390020,-1,18,9988.947000,20.418000,460.509307,460.253486,460.000000,764,-0.509307,PI,FIFO,true,PI_FIFO,460.509307
19.400016,-1,18,9995.263000,15.681000,458.211144,459.947135,460.000000,766,1.788856,PI,FIFO,true,PI_FIFO,458.211144
19.410018,-1,18,10002.688000,18.369000,460.271318,459.995762,460.000000,764,-0.271318,PI,FIFO,true,PI_FIFO,460.271318
19.420015,-1,18,9996.819000,15.188000,461.281631,460.188642,460.000000,763,-1.281631,PI,FIFO,true,PI_FIFO,461.281631
19.430021,-1,18,10005.706000,20.894000,460.059978,460.169343,460.000000,764,-0.059978,PI,FIFO,true,PI_FIFO,460.059978
19.440027,-1,18,10006.356000,27.250000,460.418616,460.206734,460.000000,764,-0.418616,PI,FIFO,true,PI_FIFO,460.418616
19.450020,-1,18,9992.892000,20.142000,457.317073,459.773285,460.000000,767,2.682927,PI,FIFO,true,PI_FIFO,457.317073
19.460015,-1,18,9995.299000,15.441000,457.635983,459.452689,460.000000,767,2.364017,PI,FIFO,true,PI_FIFO,457.635983
19.470018,-1,18,10002.985000,18.426000,460.059978,459.543783,460.000000,765,-0.059978,PI,FIFO,true,PI_FIFO,460.059978
19.480018,-1,18,9999.540000,17.966000,459.773470,459.578236,460.000000,765,0.226530,PI,FIFO,true,PI_FIFO,459.773470
19.490019,-1,18,10000.948000,18.914000,464.835595,460.366840,460.000000,760,-4.835595,PI,FIFO,true,PI_FIFO,464.835595
19.500018,-1,18,9999.485000,18.399000,462.506167,460.687739,460.000000,762,-2.506167,PI,FIFO,true,PI_FIFO,462.506167
19.510019,-1,18,10000.892000,19.291000,457.434515,460.199755,460.000000,766,2.565485,PI,FIFO,true,PI_FIFO,457.434515
19.520015,-1,18,9995.614000,14.905000,459.988318,460.168040,460.000000,764,0.011682,PI,FIFO,true,PI_FIFO,459.988318
19.530018,-1,18,10003.559000,18.464000,457.565076,459.777595,460.000000,766,2.434924,PI,FIFO,true,PI_FIFO,457.565076
19.540030,-1,18,10011.892000,30.356000,460.418616,459.873748,460.000000,764,-0.418616,PI,FIFO,true,PI_FIFO,460.418616
19.550027,-1,18,9996.541000,26.897000,462.075575,460.204022,460.000000,762,-2.075575,PI,FIFO,true,PI_FIFO,462.075575
19.560019,-1,18,9992.040000,18.937000,459.344377,460.075075,460.000000,765,0.655623,PI,FIFO,true,PI_FIFO,459.344377
19.570019,-1,18,9999.633000,18.570000,460.986025,460.211718,460.000000,763,-0.986025,PI,FIFO,true,PI_FIFO,460.986025
19.580018,-1,18,9999.448000,18.018000,457.094100,459.744075,460.000000,767,2.905900,PI,FIFO,true,PI_FIFO,457.094100
19.590019,-1,18,10000.855000,18.873000,458.140432,459.503529,460.000000,766,1.859568,PI,FIFO,true,PI_FIFO,458.140432
19.600028,-1,18,10009.429000,28.302000,460.235641,459.613346,460.000000,764,-0.235641,PI,FIFO,true,PI_FIFO,460.235641
19.610021,-1,18,9992.855000,21.157000,459.558824,459.605167,460.000000,765,0.441176,PI,FIFO,true,PI_FIFO,459.558824
19.620018,-1,18,9997.207000,18.364000,464.108911,460.280729,460.000000,761,-4.108911,PI,FIFO,true,PI_FIFO,464.108911
19.630019,-1,18,10000.189000,18.553000,461.570022,460.474123,460.000000,763,-1.570022,PI,FIFO,true,PI_FIFO,461.570022
19.640026,-1,18,10007.540000,26.093000,459.344377,460.304661,460.000000,765,0.655623,PI,FIFO,true,PI_FIFO,459.344377
19.650020,-1,18,9993.633000,19.726000,458.559783,460.042929,460.000000,765,1.440217,PI,FIFO,true,PI_FIFO,458.559783
19.660018,-1,18,9998.577000,18.303000,458.916084,459.873902,460.000000,765,1.083916,PI,FIFO,true,PI_FIFO,458.916084
19.670019,-1,18,10000.540000,18.843000,460.310966,459.939462,460.000000,764,-0.310966,PI,FIFO,true,PI_FIFO,460.310966
19.680034,-1,18,10014.726000,33.569000,461.497890,460.173226,460.000000,763,-1.497890,PI,FIFO,true,PI_FIFO,461.497890
19.690021,-1,18,9987.429000,20.998000,460.033574,460.152278,460.000000,764,-0.033574,PI,FIFO,true,PI_FIFO,460.033574
19.700019,-1,18,9998.114000,19.112000,461.065574,460.289273,460.000000,763,-1.065574,PI,FIFO,true,PI_FIFO,461.065574
19.710021,-1,18,10002.374000,21.486000,457.069339,459.806283,460.000000,767,2.930661,PI,FIFO,true,PI_FIFO,457.069339
19.720019,-1,18,9997.855000,19.341000,456.871345,459.366042,460.000000,767,3.128655,PI,FIFO,true,PI_FIFO,456.871345
19.730019,-1,18,9999.466000,18.807000,460.033574,459.466172,460.000000,765,-0.033574,PI,FIFO,true,PI_FIFO,460.033574
19.740019,-1,18,9999.985000,18.792000,459.558824,459.480070,460.000000,765,0.441176,PI,FIFO,true,PI_FIFO,459.558824
19.750019,-1,18,10000.244000,19.036000,464.338782,460.208876,460.000000,761,-4.338782,PI,FIFO,true,PI_FIFO,464.338782
19.760029,-1,18,10009.596000,28.632000,461.463731,460.397105,460.000000,763,-1.463731,PI,FIFO,true,PI_FIFO,461.463731
19.770020,-1,18,9991.633000,20.265000,459.558824,460.271362,460.000000,764,0.441176,PI,FIFO,true,PI_FIFO,459.558824
19.780019,-1,18,9998.466000,18.731000,459.558824,460.164482,460.000000,765,0.441176,PI,FIFO,true,PI_FIFO,459.558824
19.790029,-1,18,10010.411000,29.142000,459.344377,460.041466,460.000000,765,0.655623,PI,FIFO,true,PI_FIFO,459.344377
19.800021,-1,18,9991.392000,20.534000,460.310966,460.081891,460.000000,764,-0.310966,PI,FIFO,true,PI_FIFO,460.310966
19.810018,-1,18,9997.892000,18.426000,461.497890,460.294291,460.000000,763,-1.497890,PI,FIFO,true,PI_FIFO,461.497890
19.820019,-1,18,10000.392000,18.818000,460.033574,460.255183,460.000000,764,-0.033574,PI,FIFO,true,PI_FIFO,460.033574
19.830033,-1,18,10013.837000,32.655000,460.235641,460.252252,460.000000,764,-0.235641,PI,FIFO,true,PI_FIFO,460.235641
19.840028,-1,18,9994.855000,27.510000,458.140432,459.935479,460.000000,766,1.859568,PI,FIFO,true,PI_FIFO,458.140432
19.850020,-1,18,9992.263000,19.773000,457.317073,459.542718,460.000000,767,2.682927,PI,FIFO,true,PI_FIFO,457.317073
19.860024,-1,18,10003.910000,23.683000,459.085052,459.474068,460.000000,766,0.914948,PI,FIFO,true,PI_FIFO,459.085052
19.870018,-1,18,9994.726000,18.409000,458.659491,459.351882,460.000000,766,1.340509,PI,FIFO,true,PI_FIFO,458.659491
19.880022,-1,18,10003.929000,22.338000,464.593114,460.138066,460.000000,761,-4.593114,PI,FIFO,true,PI_FIFO,464.593114
19.890018,-1,18,9995.818000,18.156000,462.147887,460.439540,460.000000,762,-2.147887,PI,FIFO,true,PI_FIFO,462.147887
19.900022,-1,18,10004.281000,22.437000,459.058760,460.232423,460.000000,765,0.941240,PI,FIFO,true,PI_FIFO,459.058760
19.910019,-1,18,9996.263000,18.700000,459.130131,460.067079,460.000000,765,0.869869,PI,FIFO,true,PI_FIFO,459.130131
19.920023,-1,18,10003.947000,22.647000,456.821873,459.580298,460.000000,767,3.178127,PI,FIFO,true,PI_FIFO,456.821873
19.930019,-1,18,9995.930000,18.577000,460.634066,459.738363,460.000000,764,-0.634066,PI,FIFO,true,PI_FIFO,460.634066
19.940028,-1,18,10009.114000,27.691000,460.986025,459.925512,460.000000,764,-0.986025,PI,FIFO,true,PI_FIFO,460.986025
19.950019,-1,18,9991.411000,19.102000,461.368110,460.141902,460.000000,763,-1.368110,PI,FIFO,true,PI_FIFO,461.368110
19.960022,-1,18,10003.355000,22.457000,460.033574,460.125653,460.000000,764,-0.033574,PI,FIFO,true,PI_FIFO,460.033574
19.970019,-1,18,9996.929000,19.386000,457.540264,459.737845,460.000000,767,2.459736,PI,FIFO,true,PI_FIFO,457.540264
19.980022,-1,18,10002.651000,22.037000,457.904884,459.462901,460.000000,767,2.095116,PI,FIFO,true,PI_FIFO,457.904884
19.990020,-1,18,9997.541000,19.578000,458.883994,459.376065,460.000000,766,1.116006,PI,FIFO,true,PI_FIFO,458.883994
